==============================================================================
ROC run: aat_fixed_nu_big_skew
==============================================================================
  started : 2026-08-18 17:44:11
  outputs : results/simulations/roc/aat_fixed_nu_big_skew/   (per-replicate figures, JSON, this log)
  commit  : 00a945e (dirty working tree)

[design]
  replicates       : 50
  p, n             : 100, 50
  rho grid         : 20 points, min_ratio 0.01, rebuilt per method and replicate off that method's own converged S_tau
  theoretical rho  : sqrt(log p / n) = 0.30349  (pilot only; not a point on the curve)
  FP_end, max_extra: 0.3, 50

[true parameters]  simulate_aat_data
  mu_true : all 0   (length 100)
  eta_true: min -5.2   median 0.28   max 5.2   (length 100)
            [-5.2000,  1.5000,  0.8400, -0.2800, -5.2000,  1.5000, -0.8400,
             -0.2800,  5.2000,  1.5000,  0.8400, -0.2800,  5.2000, -1.5000,
              0.8400,  0.2800,  5.2000, -1.5000, -0.8400,  0.2800,  5.2000,
             -1.5000, -0.8400,  0.2800, -5.2000, -1.5000, -0.8400,  0.2800,
             -5.2000,  1.5000,  0.8400,  0.2800,  5.2000, -1.5000,  0.8400,
             -0.2800,  5.2000, -1.5000,  0.8400, -0.2800, -5.2000,  1.5000,
             -0.8400,  0.2800,  5.2000, -1.5000, -0.8400,  0.2800,  5.2000,
             -1.5000,  0.8400,  0.2800, -5.2000, -1.5000,  0.8400, -0.2800,
             -5.2000,  1.5000,  0.8400,  0.2800, -5.2000,  1.5000,  0.8400,
              0.2800,  5.2000, -1.5000, -0.8400,  0.2800, -5.2000, -1.5000,
             -0.8400,  0.2800,  5.2000,  1.5000, -0.8400,  0.2800,  5.2000,
             -1.5000, -0.8400,  0.2800,  5.2000,  1.5000,  0.8400,  0.2800,
             -5.2000, -1.5000,  0.8400,  0.2800, -5.2000, -1.5000,  0.8400,
             -0.2800,  5.2000,  1.5000, -0.8400,  0.2800, -5.2000,  1.5000,
              0.8400, -0.2800]
  nu_true : min 0.15   median 0.775   max 1.85   (length 100)
            [0.1500, 0.5500, 1.0000, 1.8500, 0.1500, 0.5500, 1.0000, 1.8500,
             0.1500, 0.5500, 1.0000, 1.8500, 0.1500, 0.5500, 1.0000, 1.8500,
             0.1500, 0.5500, 1.0000, 1.8500, 0.1500, 0.5500, 1.0000, 1.8500,
             0.1500, 0.5500, 1.0000, 1.8500, 0.1500, 0.5500, 1.0000, 1.8500,
             0.1500, 0.5500, 1.0000, 1.8500, 0.1500, 0.5500, 1.0000, 1.8500,
             0.1500, 0.5500, 1.0000, 1.8500, 0.1500, 0.5500, 1.0000, 1.8500,
             0.1500, 0.5500, 1.0000, 1.8500, 0.1500, 0.5500, 1.0000, 1.8500,
             0.1500, 0.5500, 1.0000, 1.8500, 0.1500, 0.5500, 1.0000, 1.8500,
             0.1500, 0.5500, 1.0000, 1.8500, 0.1500, 0.5500, 1.0000, 1.8500,
             0.1500, 0.5500, 1.0000, 1.8500, 0.1500, 0.5500, 1.0000, 1.8500,
             0.1500, 0.5500, 1.0000, 1.8500, 0.1500, 0.5500, 1.0000, 1.8500,
             0.1500, 0.5500, 1.0000, 1.8500, 0.1500, 0.5500, 1.0000, 1.8500,
             0.1500, 0.5500, 1.0000, 1.8500]
  Theta   : REDRAWN EVERY REPLICATE -- make_true_theta(p=100), prob=0.01, min_eig=0.6
            (~1% of the 4950 pairs are edges; the exact count is logged per replicate)
            NOTE: this is the SUPPORT of Theta, which is the target of the ROC curves;
            it is not the conditional independence graph of Y in this model.
  rng     : entropy 20260814
            (np.random.default_rng(20260814) replays the same draws)

[methods]  nu treatment for this run
  tlasso    (run_tlasso)
      nu   : FIXED at nu = 3, not estimated
      args : n_iter=200, verbose=False, tol=1e-05
  t*lasso   (run_tstar_varlasso)
      nu   : FIXED at nu = 3, not estimated
      args : n_iter=200, verbose=False, tol=1e-05
  t+lasso   (run_em_diagonal)
      nu   : ESTIMATED per coordinate (nu_j), bracket [0.0001, 100], nu_j = 0 meaning that coordinate went Gaussian
      args : n_iter=200, verbose=False, tol=1e-05
  glasso    (graphical_lasso)
      nu   : not a parameter of this model
      args : max_iter=2000, verbose=False
  ~t+lasso  (run_em_exact)
      nu   : ESTIMATED per coordinate (nu_j), bracket [0.0001, 100], nu_j = 0 meaning that coordinate went Gaussian
      args : n_iter=200, verbose=False, tol=1e-05
  Reading the per-rho nu lines below: tlasso and t*lasso print a scalar `nu`,
  run_em_diagonal a `median nu`/`median eta` over coordinates. The two nu's are NOT
  comparable -- tau ~ Gamma(nu/2, nu/2) for the t models, so small nu is the heavy
  tail, while EM_algorithm's tau_j ~ Inv-Gamma(2/nu_j, 2/nu_j) puts the heavy tail at
  large nu_j.
==============================================================================

[parallel] 5 worker processes, 1 BLAS thread each; data pre-drawn serially, so the numbers match a serial run

Replicate 1/50
  Theta: 84/4950 edges
  pilot fit of run_tlasso at rho=30.34854
  -> rho_max = max|S_ij| (off-diag) = 43529.57063
  [note] pilot fit hit a glasso ConvergenceWarning (suppressed)
  rho grid: [43529.57062507 38561.40101756 34160.26455314 30261.44391925
 26807.60819792 23747.96983286 21037.53781459 18636.45610194
 16509.41755165 14625.14473802 12955.93002835 11477.22815099
 10167.29526492  9006.86922349  7978.88633066  7068.23042479
  6261.51060028  5546.86429859  4913.78287303  4352.95706251]
Running run_tlasso over 20 rho values, extending until FPR >= 0.3...
  rho=43529.57063 (1/20)
    fp=0.0002 tp=0.0000  [0.1s]
   nu  = 3.0000
  rho=38561.40102 (2/20)
    fp=0.0002 tp=0.0000  [0.0s]
   nu  = 3.0000
  rho=34160.26455 (3/20)
    fp=0.0002 tp=0.0000  [0.1s]
   nu  = 3.0000
  rho=30261.44392 (4/20)
    fp=0.0002 tp=0.0000  [0.0s]
   nu  = 3.0000
  rho=26807.60820 (5/20)
    fp=0.0002 tp=0.0000  [0.0s]
   nu  = 3.0000
  rho=23747.96983 (6/20)
    fp=0.0002 tp=0.0000  [0.0s]
   nu  = 3.0000
  rho=21037.53781 (7/20)
    fp=0.0002 tp=0.0000  [0.0s]
   nu  = 3.0000
  rho=18636.45610 (8/20)
    fp=0.0002 tp=0.0000  [0.0s]
   nu  = 3.0000
  rho=16509.41755 (9/20)
    fp=0.0002 tp=0.0000  [0.0s]
   nu  = 3.0000
  rho=14625.14474 (10/20)
    fp=0.0002 tp=0.0000  [0.0s]
   nu  = 3.0000
  rho=12955.93003 (11/20)
    fp=0.0002 tp=0.0000  [0.0s]
   nu  = 3.0000
  rho=11477.22815 (12/20)
    fp=0.0002 tp=0.0000  [0.0s]
   nu  = 3.0000
  rho=10167.29526 (13/20)
    fp=0.0002 tp=0.0000  [0.1s]
   nu  = 3.0000
  rho=9006.86922 (14/20)
    fp=0.0002 tp=0.0000  [0.0s]
   nu  = 3.0000
  rho=7978.88633 (15/20)
    fp=0.0002 tp=0.0000  [0.1s]
   nu  = 3.0000
  rho=7068.23042 (16/20)
    fp=0.0002 tp=0.0000  [0.0s]
   nu  = 3.0000
  rho=6261.51060 (17/20)
    fp=0.0002 tp=0.0000  [0.1s]
   nu  = 3.0000
  rho=5546.86430 (18/20)
    fp=0.0002 tp=0.0000  [0.1s]
   nu  = 3.0000
  rho=4913.78287 (19/20)
    fp=0.0002 tp=0.0000  [0.1s]
   nu  = 3.0000
  rho=4352.95706 (20/20)
    fp=0.0002 tp=0.0000  [0.1s]
   nu  = 3.0000
  rho=3856.14010 (21/21)  [extra 1/50]
    fp=0.0002 tp=0.0000  [0.1s]
   nu  = 3.0000
  rho=3416.02646 (22/22)  [extra 2/50]
    fp=0.0002 tp=0.0000  [0.1s]
   nu  = 3.0000
  rho=3026.14439 (23/23)  [extra 3/50]
    fp=0.0002 tp=0.0000  [0.1s]
   nu  = 3.0000
  rho=2680.76082 (24/24)  [extra 4/50]
    fp=0.0002 tp=0.0000  [0.1s]
   nu  = 3.0000
  rho=2374.79698 (25/25)  [extra 5/50]
    fp=0.0002 tp=0.0000  [0.1s]
   nu  = 3.0000
  rho=2103.75378 (26/26)  [extra 6/50]
    fp=0.0002 tp=0.0000  [0.1s]
   nu  = 3.0000
  rho=1863.64561 (27/27)  [extra 7/50]
    fp=0.0004 tp=0.0000  [0.1s]
   nu  = 3.0000
  rho=1650.94176 (28/28)  [extra 8/50]
    fp=0.0004 tp=0.0000  [0.1s]
   nu  = 3.0000
  rho=1462.51447 (29/29)  [extra 9/50]
    fp=0.0006 tp=0.0000  [0.1s]
   nu  = 3.0000
  rho=1295.59300 (30/30)  [extra 10/50]
    fp=0.0006 tp=0.0000  [0.1s]
   nu  = 3.0000
  rho=1147.72282 (31/31)  [extra 11/50]
    fp=0.0006 tp=0.0000  [0.1s]
   nu  = 3.0000
  rho=1016.72953 (32/32)  [extra 12/50]
    fp=0.0012 tp=0.0000  [0.1s]
   nu  = 3.0000
  rho=900.68692 (33/33)  [extra 13/50]
    fp=0.0018 tp=0.0000  [0.1s]
   nu  = 3.0000
  rho=797.88863 (34/34)  [extra 14/50]
    fp=0.0027 tp=0.0000  [0.1s]
   nu  = 3.0000
  rho=706.82304 (35/35)  [extra 15/50]
    fp=0.0029 tp=0.0000  [0.1s]
   nu  = 3.0000
  rho=626.15106 (36/36)  [extra 16/50]
    fp=0.0039 tp=0.0000  [0.1s]
   nu  = 3.0000
  rho=554.68643 (37/37)  [extra 17/50]
    fp=0.0049 tp=0.0000  [0.1s]
   nu  = 3.0000
  rho=491.37829 (38/38)  [extra 18/50]
    fp=0.0058 tp=0.0000  [0.1s]
   nu  = 3.0000
  rho=435.29571 (39/39)  [extra 19/50]
    fp=0.0070 tp=0.0000  [0.2s]
   nu  = 3.0000
  rho=385.61401 (40/40)  [extra 20/50]
  [warn] glasso failed at iter 0: Non SPD result: the system is too ill-conditioned for this solver. The system is too ill-conditioned for this solver; keeping previous Theta
    fp=0.0070 tp=0.0000  [0.0s]  [STALE: glasso failed on 1 EM iters]
   nu  = 3.0000
  rho=341.60265 (41/41)  [extra 21/50]
    fp=0.0097 tp=0.0000  [0.1s]
   nu  = 3.0000
  rho=302.61444 (42/42)  [extra 22/50]
    fp=0.0107 tp=0.0000  [0.1s]
   nu  = 3.0000
  rho=268.07608 (43/43)  [extra 23/50]
    fp=0.0129 tp=0.0119  [0.1s]
   nu  = 3.0000
  rho=237.47970 (44/44)  [extra 24/50]
    fp=0.0162 tp=0.0119  [0.1s]
   nu  = 3.0000
  rho=210.37538 (45/45)  [extra 25/50]
    fp=0.0187 tp=0.0238  [0.1s]
   nu  = 3.0000
  rho=186.36456 (46/46)  [extra 26/50]
    fp=0.0216 tp=0.0238  [0.1s]
   nu  = 3.0000
  rho=165.09418 (47/47)  [extra 27/50]
  [warn] glasso failed at iter 0: Non SPD result: the system is too ill-conditioned for this solver. The system is too ill-conditioned for this solver; keeping previous Theta
    fp=0.0216 tp=0.0238  [0.0s]  [STALE: glasso failed on 1 EM iters]
   nu  = 3.0000
  rho=146.25145 (48/48)  [extra 28/50]
  [warn] glasso failed at iter 0: Non SPD result: the system is too ill-conditioned for this solver. The system is too ill-conditioned for this solver; keeping previous Theta
    fp=0.0216 tp=0.0238  [0.0s]  [STALE: glasso failed on 1 EM iters]
   nu  = 3.0000
  rho=129.55930 (49/49)  [extra 29/50]
  [warn] glasso failed at iter 0: Non SPD result: the system is too ill-conditioned for this solver. The system is too ill-conditioned for this solver; keeping previous Theta
    fp=0.0216 tp=0.0238  [0.0s]  [STALE: glasso failed on 1 EM iters]
   nu  = 3.0000
  rho=114.77228 (50/50)  [extra 30/50]
    fp=0.0368 tp=0.0476  [0.2s]
   nu  = 3.0000
  rho=101.67295 (51/51)  [extra 31/50]
    fp=0.0421 tp=0.0476  [0.2s]
   nu  = 3.0000
  rho=90.06869 (52/52)  [extra 32/50]
    fp=0.0471 tp=0.0595  [0.2s]
   nu  = 3.0000
  rho=79.78886 (53/53)  [extra 33/50]
    fp=0.0526 tp=0.0595  [10.8s]
   nu  = 3.0000
  rho=70.68230 (54/54)  [extra 34/50]
    fp=0.0594 tp=0.0595  [0.1s]
   nu  = 3.0000
  rho=62.61511 (55/55)  [extra 35/50]
    fp=0.0662 tp=0.0714  [0.1s]
   nu  = 3.0000
  rho=55.46864 (56/56)  [extra 36/50]
    fp=0.0711 tp=0.0595  [0.1s]
   nu  = 3.0000
  rho=49.13783 (57/57)  [extra 37/50]
    fp=0.0767 tp=0.0714  [0.1s]
   nu  = 3.0000
  rho=43.52957 (58/58)  [extra 38/50]
    fp=0.0843 tp=0.0833  [2.1s]
   nu  = 3.0000
  rho=38.56140 (59/59)  [extra 39/50]
    fp=0.0919 tp=0.0833  [0.8s]
   nu  = 3.0000
  rho=34.16026 (60/60)  [extra 40/50]
    fp=0.0984 tp=0.0952  [8.0s]
   nu  = 3.0000
  rho=30.26144 (61/61)  [extra 41/50]
    fp=0.1083 tp=0.0952  [34.9s]
   nu  = 3.0000
  rho=26.80761 (62/62)  [extra 42/50]
    fp=0.1155 tp=0.1071  [37.8s]
   nu  = 3.0000
  rho=23.74797 (63/63)  [extra 43/50]
    fp=0.1249 tp=0.1190  [45.2s]
   nu  = 3.0000
  rho=21.03754 (64/64)  [extra 44/50]
    fp=0.1352 tp=0.1310  [1.3s]
   nu  = 3.0000
  rho=18.63646 (65/65)  [extra 45/50]
    fp=0.1463 tp=0.1310  [1.3s]
   nu  = 3.0000
  rho=16.50942 (66/66)  [extra 46/50]
    fp=0.1572 tp=0.1310  [1.1s]
   nu  = 3.0000
  rho=14.62514 (67/67)  [extra 47/50]
    fp=0.1685 tp=0.1310  [26.7s]
   nu  = 3.0000
  rho=12.95593 (68/68)  [extra 48/50]
    fp=0.1776 tp=0.1548  [33.5s]
   nu  = 3.0000
  rho=11.47723 (69/69)  [extra 49/50]
    fp=0.1946 tp=0.1548  [0.6s]
   nu  = 3.0000
  rho=10.16730 (70/70)  [extra 50/50]
    fp=0.2078 tp=0.1786  [7.3s]
   nu  = 3.0000
  [note] 16/70 fits hit a glasso ConvergenceWarning (suppressed)
  [WARN] 4/70 points came from a fit whose glasso failed; those Thetas are stale, not estimates
  [warn] FPR stalled at 0.2078 < fp_end=0.3 after 50 extra fits (cap max_extra=50); the curve stops short of fp_end
  grid extended by 50 points down to rho=10.16730, ending at FPR 0.2078
  [warn] AUC integrates to fp_end=0.3 but the curve stops at FPR 0.2078; TPR held flat above that
  pilot fit of run_tstar_varlasso at rho=0.30349
  -> rho_max = max|S_ij| (off-diag) = 1.06098
  rho grid: [1.06098187 0.93988861 0.8326161  0.73758695 0.65340379 0.57882872
 0.51276514 0.45424161 0.40239755 0.35647063 0.31578549 0.27974388
 0.24781581 0.2195318  0.19447593 0.17227977 0.15261693 0.13519827
 0.11976765 0.10609819]
Running run_tstar_varlasso over 20 rho values, extending until FPR >= 0.3...
  rho=1.06098 (1/20)
    fp=0.0006 tp=0.0000  [0.1s]
   nu  = 3.0000
  rho=0.93989 (2/20)
    fp=0.0016 tp=0.0000  [0.1s]
   nu  = 3.0000
  rho=0.83262 (3/20)
    fp=0.0025 tp=0.0000  [0.1s]
   nu  = 3.0000
  rho=0.73759 (4/20)
    fp=0.0043 tp=0.0000  [0.1s]
   nu  = 3.0000
  rho=0.65340 (5/20)
    fp=0.0070 tp=0.0000  [0.1s]
   nu  = 3.0000
  rho=0.57883 (6/20)
    fp=0.0095 tp=0.0119  [0.1s]
   nu  = 3.0000
  rho=0.51277 (7/20)
    fp=0.0140 tp=0.0357  [0.1s]
   nu  = 3.0000
  rho=0.45424 (8/20)
    fp=0.0203 tp=0.0595  [0.1s]
   nu  = 3.0000
  rho=0.40240 (9/20)
    fp=0.0300 tp=0.0833  [0.1s]
   nu  = 3.0000
  rho=0.35647 (10/20)
    fp=0.0366 tp=0.1190  [0.1s]
   nu  = 3.0000
  rho=0.31579 (11/20)
    fp=0.0485 tp=0.1667  [0.1s]
   nu  = 3.0000
  rho=0.27974 (12/20)
    fp=0.0629 tp=0.2143  [0.1s]
   nu  = 3.0000
  rho=0.24782 (13/20)
    fp=0.0795 tp=0.2619  [0.1s]
   nu  = 3.0000
  rho=0.21953 (14/20)
    fp=0.0999 tp=0.3333  [0.1s]
   nu  = 3.0000
  rho=0.19448 (15/20)
    fp=0.1212 tp=0.3810  [0.1s]
   nu  = 3.0000
  rho=0.17228 (16/20)
    fp=0.1478 tp=0.4048  [0.1s]
   nu  = 3.0000
  rho=0.15262 (17/20)
    fp=0.1732 tp=0.4524  [0.2s]
   nu  = 3.0000
  rho=0.13520 (18/20)
    fp=0.1991 tp=0.5238  [0.2s]
   nu  = 3.0000
  rho=0.11977 (19/20)
    fp=0.2273 tp=0.5238  [0.2s]
   nu  = 3.0000
  rho=0.10610 (20/20)
    fp=0.2524 tp=0.5952  [0.2s]
   nu  = 3.0000
  rho=0.09399 (21/21)  [extra 1/50]
    fp=0.2735 tp=0.6071  [0.1s]
   nu  = 3.0000
  rho=0.08326 (22/22)  [extra 2/50]
    fp=0.2990 tp=0.6310  [0.2s]
   nu  = 3.0000
  rho=0.07376 (23/23)  [extra 3/50]
    fp=0.3216 tp=0.6310  [0.2s]
   nu  = 3.0000
  FPR 0.3216 >= fp_end=0.3; stopping after 23 fits
  grid extended by 3 points down to rho=0.07376, ending at FPR 0.3216
  pilot fit of run_em_diagonal at rho=0.30349
  -> rho_max = max|S_ij| (off-diag) = 0.57559
  rho grid: [0.57558591 0.50989245 0.45169678 0.40014318 0.35447355 0.31401635
 0.27817666 0.24642746 0.2183019  0.19338641 0.1713146  0.15176191
 0.13444084 0.11909667 0.10550379 0.0934623  0.08279515 0.07334547
 0.06497432 0.05755859]
Running run_em_diagonal over 20 rho values, extending until FPR >= 0.3...
  rho=0.57559 (1/20)
    fp=0.0002 tp=0.0119  [8.3s]
   median nu  = 0.456
   median |eta| = 1.457
  rho=0.50989 (2/20)
    fp=0.0008 tp=0.0119  [8.3s]
   median nu  = 0.479
   median |eta| = 1.397
  rho=0.45170 (3/20)
    fp=0.0021 tp=0.0238  [8.3s]
   median nu  = 0.5
   median |eta| = 1.339
  rho=0.40014 (4/20)
    fp=0.0055 tp=0.0476  [8.3s]
   median nu  = 0.521
   median |eta| = 1.28
  rho=0.35447 (5/20)
    fp=0.0097 tp=0.0476  [8.5s]
   median nu  = 0.54
   median |eta| = 1.223
  rho=0.31402 (6/20)
    fp=0.0127 tp=0.0476  [8.8s]
   median nu  = 0.557
   median |eta| = 1.194
  rho=0.27818 (7/20)
    fp=0.0187 tp=0.1071  [9.0s]
   median nu  = 0.579
   median |eta| = 1.136
  rho=0.24643 (8/20)
    fp=0.0279 tp=0.1310  [9.1s]
   median nu  = 0.596
   median |eta| = 1.114
  rho=0.21830 (9/20)
    fp=0.0401 tp=0.1548  [9.4s]
   median nu  = 0.613
   median |eta| = 1.047
  rho=0.19339 (10/20)
    fp=0.0555 tp=0.2262  [9.8s]
   median nu  = 0.64
   median |eta| = 1.043
  rho=0.17131 (11/20)
    fp=0.0725 tp=0.2976  [9.8s]
   median nu  = 0.65
   median |eta| = 1.034
  rho=0.15176 (12/20)
    fp=0.0873 tp=0.3690  [9.8s]
   median nu  = 0.661
   median |eta| = 1.042
  rho=0.13444 (13/20)
    fp=0.1040 tp=0.4643  [9.8s]
   median nu  = 0.676
   median |eta| = 1.067
  rho=0.11910 (14/20)
    fp=0.1202 tp=0.5000  [9.9s]
   median nu  = 0.684
   median |eta| = 1.064
  rho=0.10550 (15/20)
    fp=0.1395 tp=0.5476  [9.8s]
   median nu  = 0.711
   median |eta| = 1.072
  rho=0.09346 (16/20)
    fp=0.1584 tp=0.5714  [9.9s]
   median nu  = 0.726
   median |eta| = 1.087
  rho=0.08280 (17/20)
    fp=0.1784 tp=0.5833  [10.4s]
   median nu  = 0.74
   median |eta| = 1.073
  rho=0.07335 (18/20)
    fp=0.1958 tp=0.5952  [10.6s]
   median nu  = 0.77
   median |eta| = 0.992
  rho=0.06497 (19/20)
    fp=0.2115 tp=0.5952  [10.6s]
   median nu  = 0.796
   median |eta| = 0.918
  rho=0.05756 (20/20)
    fp=0.2318 tp=0.5952  [10.6s]
   median nu  = 0.787
   median |eta| = 0.884
  rho=0.05099 (21/21)  [extra 1/50]
    fp=0.2505 tp=0.6548  [10.8s]
   median nu  = 0.832
   median |eta| = 0.871
  rho=0.04517 (22/22)  [extra 2/50]
    fp=0.2616 tp=0.6667  [10.9s]
   median nu  = 0.835
   median |eta| = 0.895
  rho=0.04001 (23/23)  [extra 3/50]
    fp=0.2772 tp=0.6786  [10.9s]
   median nu  = 0.814
   median |eta| = 0.948
  rho=0.03545 (24/24)  [extra 4/50]
    fp=0.2891 tp=0.6667  [10.8s]
   median nu  = 0.866
   median |eta| = 0.962
  rho=0.03140 (25/25)  [extra 5/50]
    fp=0.3072 tp=0.7024  [10.9s]
   median nu  = 0.905
   median |eta| = 0.95
  FPR 0.3072 >= fp_end=0.3; stopping after 25 fits
  grid extended by 5 points down to rho=0.03140, ending at FPR 0.3072
  pilot fit of run_em_exact at rho=0.30349
  -> rho_max = max|S_ij| (off-diag) = 0.59078
  rho grid: [0.59078072 0.52335302 0.46362106 0.4107065  0.36383125 0.32230602
 0.2855202  0.25293286 0.22406482 0.19849159 0.1758371  0.15576825
 0.13798992 0.12224069 0.10828897 0.0959296  0.08498085 0.07528171
 0.06668957 0.05907807]
Running run_em_exact over 20 rho values, extending until FPR >= 0.3...
  rho=0.59078 (1/20)
    fp=0.0002 tp=0.0119  [10.2s]
   median nu  = 0.45
   median |eta| = 1.442
  rho=0.52335 (2/20)
    fp=0.0008 tp=0.0119  [10.3s]
   median nu  = 0.474
   median |eta| = 1.346
  rho=0.46362 (3/20)
    fp=0.0016 tp=0.0238  [10.1s]
   median nu  = 0.497
   median |eta| = 1.296
  rho=0.41071 (4/20)
    fp=0.0047 tp=0.0476  [10.0s]
   median nu  = 0.518
   median |eta| = 1.262
  rho=0.36383 (5/20)
    fp=0.0084 tp=0.0476  [10.0s]
   median nu  = 0.546
   median |eta| = 1.223
  rho=0.32231 (6/20)
    fp=0.0123 tp=0.0476  [9.9s]
   median nu  = 0.586
   median |eta| = 1.078
  rho=0.28552 (7/20)
    fp=0.0193 tp=0.1071  [9.7s]
   median nu  = 0.6
   median |eta| = 1.011
  rho=0.25293 (8/20)
    fp=0.0286 tp=0.1310  [9.6s]
   median nu  = 0.631
   median |eta| = 0.942
  rho=0.22406 (9/20)
    fp=0.0452 tp=0.1667  [9.3s]
   median nu  = 0.691
   median |eta| = 0.869
  rho=0.19849 (10/20)
    fp=0.0631 tp=0.2381  [9.1s]
   median nu  = 0.754
   median |eta| = 0.783
  rho=0.17584 (11/20)
    fp=0.0851 tp=0.3095  [8.8s]
   median nu  = 0.818
   median |eta| = 0.641
  rho=0.15577 (12/20)
    fp=0.1065 tp=0.4286  [8.4s]
   median nu  = 0.884
   median |eta| = 0.485
  rho=0.13799 (13/20)
    fp=0.1266 tp=0.4643  [8.1s]
   median nu  = 0.959
   median |eta| = 0.366
  rho=0.12224 (14/20)
    fp=0.1490 tp=0.5119  [7.8s]
   median nu  = 1.055
   median |eta| = 0.275
  rho=0.10829 (15/20)
    fp=0.1739 tp=0.5357  [7.7s]
   median nu  = 1.159
   median |eta| = 0.205
  rho=0.09593 (16/20)
    fp=0.1981 tp=0.5833  [8.3s]
   median nu  = 1.252
   median |eta| = 0.151
  rho=0.08498 (17/20)
    fp=0.2160 tp=0.5952  [8.3s]
   median nu  = 1.344
   median |eta| = 0.116
  rho=0.07528 (18/20)
    fp=0.2374 tp=0.5952  [7.3s]
   median nu  = 1.448
   median |eta| = 0.09
  rho=0.06669 (19/20)
    fp=0.2614 tp=0.6190  [7.2s]
   median nu  = 1.548
   median |eta| = 0.067
  rho=0.05908 (20/20)
    fp=0.2795 tp=0.6429  [7.0s]
   median nu  = 1.675
   median |eta| = 0.052
  rho=0.05234 (21/21)  [extra 1/50]
    fp=0.2941 tp=0.6429  [7.9s]
   median nu  = 1.805
   median |eta| = 0.037
  rho=0.04636 (22/22)  [extra 2/50]
    fp=0.3107 tp=0.6667  [7.9s]
   median nu  = 1.918
   median |eta| = 0.028
  FPR 0.3107 >= fp_end=0.3; stopping after 22 fits
  grid extended by 2 points down to rho=0.04636, ending at FPR 0.3107
  graphical_lasso rho_max = max|S_ij| (off-diag) = 2495.16122
  rho grid: [2495.1612219  2210.3804632  1958.10264652 1734.61810676 1536.64057483
 1361.25885404 1205.89401194 1068.26145793  946.33734906  838.32883006
  742.64766999  657.88690782  582.80016348  516.28331027  457.35823902
  405.15847526  358.91643809  317.95215304  281.66325331  249.51612219]
Running graphical_lasso over 20 rho values, extending until FPR >= 0.3...
  rho=2495.16122 (1/20)
    fp=0.0000 tp=0.0000  [0.0s]
  rho=2210.38046 (2/20)
    fp=0.0002 tp=0.0000  [0.0s]
  rho=1958.10265 (3/20)
    fp=0.0002 tp=0.0000  [7.9s]
  rho=1734.61811 (4/20)
    fp=0.0002 tp=0.0000  [0.0s]
  rho=1536.64057 (5/20)
    fp=0.0002 tp=0.0000  [0.0s]
  rho=1361.25885 (6/20)
    fp=0.0002 tp=0.0000  [0.0s]
  rho=1205.89401 (7/20)
    fp=0.0002 tp=0.0000  [0.0s]
  rho=1068.26146 (8/20)
    fp=0.0002 tp=0.0000  [0.0s]
  rho=946.33735 (9/20)
    fp=0.0002 tp=0.0000  [0.0s]
  rho=838.32883 (10/20)
    fp=0.0002 tp=0.0000  [0.0s]
  rho=742.64767 (11/20)
    fp=0.0002 tp=0.0000  [0.0s]
  rho=657.88691 (12/20)
    fp=0.0002 tp=0.0000  [0.0s]
  rho=582.80016 (13/20)
    fp=0.0002 tp=0.0000  [0.0s]
  rho=516.28331 (14/20)
    fp=0.0002 tp=0.0000  [0.0s]
  rho=457.35824 (15/20)
    fp=0.0002 tp=0.0000  [0.0s]
  rho=405.15848 (16/20)
    fp=0.0002 tp=0.0000  [0.0s]
  rho=358.91644 (17/20)
    fp=0.0002 tp=0.0000  [0.0s]
  rho=317.95215 (18/20)
    fp=0.0002 tp=0.0000  [0.0s]
  rho=281.66325 (19/20)
    fp=0.0002 tp=0.0000  [0.0s]
  rho=249.51612 (20/20)
    fp=0.0002 tp=0.0000  [0.0s]
  rho=221.03805 (21/21)  [extra 1/50]
    fp=0.0002 tp=0.0000  [0.0s]
  rho=195.81026 (22/22)  [extra 2/50]
    fp=0.0002 tp=0.0000  [0.0s]
  rho=173.46181 (23/23)  [extra 3/50]
    fp=0.0002 tp=0.0000  [0.0s]
  rho=153.66406 (24/24)  [extra 4/50]
    fp=0.0002 tp=0.0000  [0.0s]
  rho=136.12589 (25/25)  [extra 5/50]
    fp=0.0002 tp=0.0000  [0.0s]
  rho=120.58940 (26/26)  [extra 6/50]
    fp=0.0002 tp=0.0000  [0.0s]
  rho=106.82615 (27/27)  [extra 7/50]
    fp=0.0004 tp=0.0000  [0.0s]
  rho=94.63373 (28/28)  [extra 8/50]
    fp=0.0004 tp=0.0000  [0.0s]
  rho=83.83288 (29/29)  [extra 9/50]
    fp=0.0006 tp=0.0000  [0.0s]
  rho=74.26477 (30/30)  [extra 10/50]
    fp=0.0012 tp=0.0000  [0.0s]
  rho=65.78869 (31/31)  [extra 11/50]
    fp=0.0016 tp=0.0000  [0.1s]
  rho=58.28002 (32/32)  [extra 12/50]
    fp=0.0021 tp=0.0000  [0.0s]
  rho=51.62833 (33/33)  [extra 13/50]
    [WARN] glasso failed: Non SPD result: the system is too ill-conditioned for this solver. The system is too ill-conditioned for this solver; reusing previous Theta
    fp=0.0021 tp=0.0000  [0.0s]
  rho=45.73582 (34/34)  [extra 14/50]
    fp=0.0033 tp=0.0000  [0.0s]
  rho=40.51585 (35/35)  [extra 15/50]
    fp=0.0035 tp=0.0000  [0.0s]
  rho=35.89164 (36/36)  [extra 16/50]
    fp=0.0047 tp=0.0000  [0.0s]
  rho=31.79522 (37/37)  [extra 17/50]
    [WARN] glasso failed: Non SPD result: the system is too ill-conditioned for this solver. The system is too ill-conditioned for this solver; reusing previous Theta
    fp=0.0047 tp=0.0000  [0.0s]
  rho=28.16633 (38/38)  [extra 18/50]
    [WARN] glasso failed: Non SPD result: the system is too ill-conditioned for this solver. The system is too ill-conditioned for this solver; reusing previous Theta
    fp=0.0047 tp=0.0000  [0.0s]
  rho=24.95161 (39/39)  [extra 19/50]
    [WARN] glasso failed: Non SPD result: the system is too ill-conditioned for this solver. The system is too ill-conditioned for this solver; reusing previous Theta
    fp=0.0047 tp=0.0000  [0.0s]
  rho=22.10380 (40/40)  [extra 20/50]
    fp=0.0086 tp=0.0000  [0.0s]
  rho=19.58103 (41/41)  [extra 21/50]
    [WARN] glasso failed: Non SPD result: the system is too ill-conditioned for this solver. The system is too ill-conditioned for this solver; reusing previous Theta
    fp=0.0086 tp=0.0000  [0.1s]
  rho=17.34618 (42/42)  [extra 22/50]
    [WARN] glasso failed: Non SPD result: the system is too ill-conditioned for this solver. The system is too ill-conditioned for this solver; reusing previous Theta
    fp=0.0086 tp=0.0000  [0.0s]
  rho=15.36641 (43/43)  [extra 23/50]
    [WARN] glasso failed: Non SPD result: the system is too ill-conditioned for this solver. The system is too ill-conditioned for this solver; reusing previous Theta
    fp=0.0086 tp=0.0000  [0.1s]
  rho=13.61259 (44/44)  [extra 24/50]
    [WARN] glasso failed: Non SPD result: the system is too ill-conditioned for this solver. The system is too ill-conditioned for this solver; reusing previous Theta
    fp=0.0086 tp=0.0000  [0.0s]
  rho=12.05894 (45/45)  [extra 25/50]
    [WARN] glasso failed: Non SPD result: the system is too ill-conditioned for this solver. The system is too ill-conditioned for this solver; reusing previous Theta
    fp=0.0086 tp=0.0000  [0.0s]
  rho=10.68261 (46/46)  [extra 26/50]
    [WARN] glasso failed: Non SPD result: the system is too ill-conditioned for this solver. The system is too ill-conditioned for this solver; reusing previous Theta
    fp=0.0086 tp=0.0000  [0.0s]
  rho=9.46337 (47/47)  [extra 27/50]
    [WARN] glasso failed: Non SPD result: the system is too ill-conditioned for this solver. The system is too ill-conditioned for this solver; reusing previous Theta
    fp=0.0086 tp=0.0000  [0.0s]
  rho=8.38329 (48/48)  [extra 28/50]
    [WARN] glasso failed: Non SPD result: the system is too ill-conditioned for this solver. The system is too ill-conditioned for this solver; reusing previous Theta
    fp=0.0086 tp=0.0000  [0.0s]
  rho=7.42648 (49/49)  [extra 29/50]
    [WARN] glasso failed: Non SPD result: the system is too ill-conditioned for this solver. The system is too ill-conditioned for this solver; reusing previous Theta
    fp=0.0086 tp=0.0000  [0.0s]
  rho=6.57887 (50/50)  [extra 30/50]
    [WARN] glasso failed: Non SPD result: the system is too ill-conditioned for this solver. The system is too ill-conditioned for this solver; reusing previous Theta
    fp=0.0086 tp=0.0000  [0.0s]
  rho=5.82800 (51/51)  [extra 31/50]
    [WARN] glasso failed: Non SPD result: the system is too ill-conditioned for this solver. The system is too ill-conditioned for this solver; reusing previous Theta
    fp=0.0086 tp=0.0000  [0.1s]
  rho=5.16283 (52/52)  [extra 32/50]
    [WARN] glasso failed: Non SPD result: the system is too ill-conditioned for this solver. The system is too ill-conditioned for this solver; reusing previous Theta
    fp=0.0086 tp=0.0000  [0.1s]
  rho=4.57358 (53/53)  [extra 33/50]
    [WARN] glasso failed: Non SPD result: the system is too ill-conditioned for this solver. The system is too ill-conditioned for this solver; reusing previous Theta
    fp=0.0086 tp=0.0000  [0.1s]
  rho=4.05158 (54/54)  [extra 34/50]
    [WARN] glasso failed: Non SPD result: the system is too ill-conditioned for this solver. The system is too ill-conditioned for this solver; reusing previous Theta
    fp=0.0086 tp=0.0000  [0.0s]
  rho=3.58916 (55/55)  [extra 35/50]
    [WARN] glasso failed: Non SPD result: the system is too ill-conditioned for this solver. The system is too ill-conditioned for this solver; reusing previous Theta
    fp=0.0086 tp=0.0000  [0.1s]
  rho=3.17952 (56/56)  [extra 36/50]
    [WARN] glasso failed: Non SPD result: the system is too ill-conditioned for this solver. The system is too ill-conditioned for this solver; reusing previous Theta
    fp=0.0086 tp=0.0000  [0.2s]
  rho=2.81663 (57/57)  [extra 37/50]
    fp=0.0855 tp=0.0833  [0.1s]
  rho=2.49516 (58/58)  [extra 38/50]
    [WARN] glasso failed: Non SPD result: the system is too ill-conditioned for this solver. The system is too ill-conditioned for this solver; reusing previous Theta
    fp=0.0855 tp=0.0833  [0.0s]
  rho=2.21038 (59/59)  [extra 39/50]
    fp=0.1005 tp=0.1071  [3.0s]
  rho=1.95810 (60/60)  [extra 40/50]
    [WARN] glasso failed: Non SPD result: the system is too ill-conditioned for this solver. The system is too ill-conditioned for this solver; reusing previous Theta
    fp=0.1005 tp=0.1071  [0.8s]
  rho=1.73462 (61/61)  [extra 41/50]
    fp=0.1184 tp=0.1310  [1.5s]
  rho=1.53664 (62/62)  [extra 42/50]
    fp=0.1289 tp=0.1310  [9.8s]
  rho=1.36126 (63/63)  [extra 43/50]
    fp=0.1424 tp=0.1310  [1.3s]
  rho=1.20589 (64/64)  [extra 44/50]
    fp=0.1558 tp=0.1310  [1.9s]
  rho=1.06826 (65/65)  [extra 45/50]
    fp=0.1685 tp=0.1548  [1.7s]
  rho=0.94634 (66/66)  [extra 46/50]
    fp=0.1829 tp=0.1548  [0.6s]
  rho=0.83833 (67/67)  [extra 47/50]
    fp=0.2016 tp=0.1905  [2.1s]
  rho=0.74265 (68/68)  [extra 48/50]
    fp=0.2164 tp=0.2024  [1.8s]
  rho=0.65789 (69/69)  [extra 49/50]
    fp=0.2355 tp=0.2143  [11.0s]
  rho=0.58280 (70/70)  [extra 50/50]
    fp=0.2534 tp=0.2024  [0.0s]
  [note] 2/70 fits hit a glasso ConvergenceWarning (suppressed)
  [WARN] 22/70 points reused the previous Theta after a glasso failure; those are not estimates
  [warn] FPR stalled at 0.2534 < fp_end=0.3 after 50 extra fits (cap max_extra=50); the curve stops short of fp_end
  grid extended by 50 points down to rho=0.58280, ending at FPR 0.2534
  [warn] AUC integrates to fp_end=0.3 but the curve stops at FPR 0.2534; TPR held flat above that
  [warn] mean_roc averages out to FPR 0.300 but the shortest replicate only reached 0.253; its TPR is held flat above that
  [warn] mean_roc averages out to FPR 0.300 but the shortest replicate only reached 0.208; its TPR is held flat above that

(p=100, n=50) over 1 replicates
  t+lasso  (run_em_diagonal):    AUC = 0.140 (SE 0.000)
  ~t+lasso (run_em_exact):       AUC = 0.131 (SE 0.000)
  tlasso   (run_tlasso):         AUC = 0.036 (SE 0.000)
  t*lasso  (run_tstar_varlasso): AUC = 0.116 (SE 0.000)
  glasso   (graphical_lasso):    AUC = 0.039 (SE 0.000)
Replicate 2/50
  Theta: 108/4950 edges
  pilot fit of run_tlasso at rho=30.34854
  -> rho_max = max|S_ij| (off-diag) = 8777.16267
  rho grid: [8777.16267149 7775.3969247  6887.96591785 6101.8202601  5405.39992947
 4788.4642864  4241.94148839 3757.79509143 3328.90587666 2948.96716453
 2612.39207707 2314.23138461 2050.10072895 1816.11615277 1608.83698727
 1425.2152582  1262.55086643 1118.45188377  990.79938051  877.71626715]
Running run_tlasso over 20 rho values, extending until FPR >= 0.3...
  rho=8777.16267 (1/20)
    fp=0.0002 tp=0.0000  [0.1s]
   nu  = 3.0000
  rho=7775.39692 (2/20)
    fp=0.0002 tp=0.0000  [0.1s]
   nu  = 3.0000
  rho=6887.96592 (3/20)
    fp=0.0002 tp=0.0000  [0.1s]
   nu  = 3.0000
  rho=6101.82026 (4/20)
    fp=0.0002 tp=0.0000  [0.0s]
   nu  = 3.0000
  rho=5405.39993 (5/20)
    fp=0.0002 tp=0.0000  [0.0s]
   nu  = 3.0000
  rho=4788.46429 (6/20)
    fp=0.0002 tp=0.0000  [0.0s]
   nu  = 3.0000
  rho=4241.94149 (7/20)
    fp=0.0002 tp=0.0000  [0.1s]
   nu  = 3.0000
  rho=3757.79509 (8/20)
    fp=0.0002 tp=0.0000  [0.1s]
   nu  = 3.0000
  rho=3328.90588 (9/20)
    fp=0.0002 tp=0.0000  [0.0s]
   nu  = 3.0000
  rho=2948.96716 (10/20)
    fp=0.0002 tp=0.0000  [0.0s]
   nu  = 3.0000
  rho=2612.39208 (11/20)
    fp=0.0004 tp=0.0000  [0.1s]
   nu  = 3.0000
  rho=2314.23138 (12/20)
    fp=0.0004 tp=0.0000  [0.1s]
   nu  = 3.0000
  rho=2050.10073 (13/20)
    fp=0.0006 tp=0.0000  [0.1s]
   nu  = 3.0000
  rho=1816.11615 (14/20)
    fp=0.0006 tp=0.0000  [0.1s]
   nu  = 3.0000
  rho=1608.83699 (15/20)
    fp=0.0006 tp=0.0000  [0.1s]
   nu  = 3.0000
  rho=1425.21526 (16/20)
    fp=0.0008 tp=0.0000  [0.1s]
   nu  = 3.0000
  rho=1262.55087 (17/20)
    fp=0.0008 tp=0.0000  [0.1s]
   nu  = 3.0000
  rho=1118.45188 (18/20)
    fp=0.0010 tp=0.0000  [0.1s]
   nu  = 3.0000
  rho=990.79938 (19/20)
    fp=0.0012 tp=0.0000  [0.1s]
   nu  = 3.0000
  rho=877.71627 (20/20)
    fp=0.0012 tp=0.0093  [0.1s]
   nu  = 3.0000
  rho=777.53969 (21/21)  [extra 1/50]
    fp=0.0014 tp=0.0093  [0.1s]
   nu  = 3.0000
  rho=688.79659 (22/22)  [extra 2/50]
    fp=0.0017 tp=0.0093  [0.1s]
   nu  = 3.0000
  rho=610.18203 (23/23)  [extra 3/50]
    fp=0.0017 tp=0.0093  [0.1s]
   nu  = 3.0000
  rho=540.53999 (24/24)  [extra 4/50]
    fp=0.0027 tp=0.0093  [0.1s]
   nu  = 3.0000
  rho=478.84643 (25/25)  [extra 5/50]
    fp=0.0029 tp=0.0093  [0.1s]
   nu  = 3.0000
  rho=424.19415 (26/26)  [extra 6/50]
    fp=0.0033 tp=0.0093  [0.1s]
   nu  = 3.0000
  rho=375.77951 (27/27)  [extra 7/50]
    fp=0.0041 tp=0.0093  [0.1s]
   nu  = 3.0000
  rho=332.89059 (28/28)  [extra 8/50]
    fp=0.0054 tp=0.0093  [0.1s]
   nu  = 3.0000
  rho=294.89672 (29/29)  [extra 9/50]
    fp=0.0064 tp=0.0093  [0.1s]
   nu  = 3.0000
  rho=261.23921 (30/30)  [extra 10/50]
    fp=0.0081 tp=0.0093  [0.1s]
   nu  = 3.0000
  rho=231.42314 (31/31)  [extra 11/50]
    fp=0.0091 tp=0.0093  [0.1s]
   nu  = 3.0000
  rho=205.01007 (32/32)  [extra 12/50]
    fp=0.0118 tp=0.0093  [0.1s]
   nu  = 3.0000
  rho=181.61162 (33/33)  [extra 13/50]
    fp=0.0149 tp=0.0093  [0.1s]
   nu  = 3.0000
  rho=160.88370 (34/34)  [extra 14/50]
    fp=0.0178 tp=0.0093  [0.1s]
   nu  = 3.0000
  rho=142.52153 (35/35)  [extra 15/50]
    fp=0.0207 tp=0.0093  [0.1s]
   nu  = 3.0000
  rho=126.25509 (36/36)  [extra 16/50]
    fp=0.0246 tp=0.0093  [0.1s]
   nu  = 3.0000
  rho=111.84519 (37/37)  [extra 17/50]
    fp=0.0302 tp=0.0093  [0.1s]
   nu  = 3.0000
  rho=99.07994 (38/38)  [extra 18/50]
    fp=0.0349 tp=0.0185  [0.1s]
   nu  = 3.0000
  rho=87.77163 (39/39)  [extra 19/50]
    fp=0.0407 tp=0.0185  [0.1s]
   nu  = 3.0000
  rho=77.75397 (40/40)  [extra 20/50]
    fp=0.0454 tp=0.0185  [0.1s]
   nu  = 3.0000
  rho=68.87966 (41/41)  [extra 21/50]
    fp=0.0504 tp=0.0185  [0.1s]
   nu  = 3.0000
  rho=61.01820 (42/42)  [extra 22/50]
    fp=0.0570 tp=0.0185  [0.1s]
   nu  = 3.0000
  rho=54.05400 (43/43)  [extra 23/50]
    fp=0.0626 tp=0.0370  [0.1s]
   nu  = 3.0000
  rho=47.88464 (44/44)  [extra 24/50]
    fp=0.0698 tp=0.0556  [0.1s]
   nu  = 3.0000
  rho=42.41941 (45/45)  [extra 25/50]
    fp=0.0741 tp=0.0741  [0.1s]
   nu  = 3.0000
  rho=37.57795 (46/46)  [extra 26/50]
    fp=0.0801 tp=0.0741  [0.1s]
   nu  = 3.0000
  rho=33.28906 (47/47)  [extra 27/50]
    fp=0.0855 tp=0.0833  [0.1s]
   nu  = 3.0000
  rho=29.48967 (48/48)  [extra 28/50]
    fp=0.0931 tp=0.1019  [0.2s]
   nu  = 3.0000
  rho=26.12392 (49/49)  [extra 29/50]
    fp=0.1006 tp=0.1296  [0.1s]
   nu  = 3.0000
  rho=23.14231 (50/50)  [extra 30/50]
    fp=0.1093 tp=0.1296  [0.1s]
   nu  = 3.0000
  rho=20.50101 (51/51)  [extra 31/50]
    fp=0.1167 tp=0.1389  [0.1s]
   nu  = 3.0000
  rho=18.16116 (52/52)  [extra 32/50]
    fp=0.1256 tp=0.1574  [0.3s]
   nu  = 3.0000
  rho=16.08837 (53/53)  [extra 33/50]
    fp=0.1338 tp=0.1667  [0.3s]
   nu  = 3.0000
  rho=14.25215 (54/54)  [extra 34/50]
    fp=0.1456 tp=0.1667  [0.1s]
   nu  = 3.0000
  rho=12.62551 (55/55)  [extra 35/50]
    fp=0.1582 tp=0.1667  [0.2s]
   nu  = 3.0000
  rho=11.18452 (56/56)  [extra 36/50]
    fp=0.1663 tp=0.1852  [0.4s]
   nu  = 3.0000
  rho=9.90799 (57/57)  [extra 37/50]
    fp=0.1782 tp=0.2037  [0.5s]
   nu  = 3.0000
  rho=8.77716 (58/58)  [extra 38/50]
    fp=0.1945 tp=0.2315  [0.4s]
   nu  = 3.0000
  rho=7.77540 (59/59)  [extra 39/50]
    fp=0.2074 tp=0.2500  [0.5s]
   nu  = 3.0000
  rho=6.88797 (60/60)  [extra 40/50]
    fp=0.2245 tp=0.2963  [0.5s]
   nu  = 3.0000
  rho=6.10182 (61/61)  [extra 41/50]
    fp=0.2439 tp=0.3056  [0.6s]
   nu  = 3.0000
  rho=5.40540 (62/62)  [extra 42/50]
    fp=0.2600 tp=0.3148  [0.4s]
   nu  = 3.0000
  rho=4.78846 (63/63)  [extra 43/50]
    fp=0.2805 tp=0.3519  [0.6s]
   nu  = 3.0000
  rho=4.24194 (64/64)  [extra 44/50]
    fp=0.3011 tp=0.3611  [0.6s]
   nu  = 3.0000
  FPR 0.3011 >= fp_end=0.3; stopping after 64 fits
  [note] 8/64 fits hit a glasso ConvergenceWarning (suppressed)
  grid extended by 44 points down to rho=4.24194, ending at FPR 0.3011
  pilot fit of run_tstar_varlasso at rho=0.30349
  -> rho_max = max|S_ij| (off-diag) = 0.75362
  rho grid: [0.75361573 0.66760315 0.59140746 0.52390823 0.4641129  0.41114221
 0.36421723 0.32264795 0.2858231  0.25320119 0.22430253 0.19870216
 0.17602365 0.1559335  0.13813631 0.12237037 0.10840385 0.09603137
 0.085071   0.07536157]
Running run_tstar_varlasso over 20 rho values, extending until FPR >= 0.3...
  rho=0.75362 (1/20)
    fp=0.0019 tp=0.0000  [0.1s]
   nu  = 3.0000
  rho=0.66760 (2/20)
    fp=0.0031 tp=0.0000  [0.1s]
   nu  = 3.0000
  rho=0.59141 (3/20)
    fp=0.0050 tp=0.0093  [0.1s]
   nu  = 3.0000
  rho=0.52391 (4/20)
    fp=0.0074 tp=0.0093  [0.1s]
   nu  = 3.0000
  rho=0.46411 (5/20)
    fp=0.0112 tp=0.0093  [0.1s]
   nu  = 3.0000
  rho=0.41114 (6/20)
    fp=0.0200 tp=0.0093  [0.1s]
   nu  = 3.0000
  rho=0.36422 (7/20)
    fp=0.0248 tp=0.0370  [0.1s]
   nu  = 3.0000
  rho=0.32265 (8/20)
    fp=0.0343 tp=0.0741  [0.1s]
   nu  = 3.0000
  rho=0.28582 (9/20)
    fp=0.0458 tp=0.0833  [0.1s]
   nu  = 3.0000
  rho=0.25320 (10/20)
    fp=0.0624 tp=0.1296  [0.1s]
   nu  = 3.0000
  rho=0.22430 (11/20)
    fp=0.0801 tp=0.1759  [0.1s]
   nu  = 3.0000
  rho=0.19870 (12/20)
    fp=0.1016 tp=0.2407  [0.1s]
   nu  = 3.0000
  rho=0.17602 (13/20)
    fp=0.1270 tp=0.3056  [0.1s]
   nu  = 3.0000
  rho=0.15593 (14/20)
    fp=0.1508 tp=0.3519  [0.2s]
   nu  = 3.0000
  rho=0.13814 (15/20)
    fp=0.1747 tp=0.3889  [0.2s]
   nu  = 3.0000
  rho=0.12237 (16/20)
    fp=0.1968 tp=0.4167  [0.1s]
   nu  = 3.0000
  rho=0.10840 (17/20)
    fp=0.2222 tp=0.4444  [0.2s]
   nu  = 3.0000
  rho=0.09603 (18/20)
    fp=0.2458 tp=0.4722  [0.2s]
   nu  = 3.0000
  rho=0.08507 (19/20)
    fp=0.2689 tp=0.5093  [0.2s]
   nu  = 3.0000
  rho=0.07536 (20/20)
    fp=0.2982 tp=0.5278  [0.2s]
   nu  = 3.0000
  rho=0.06676 (21/21)  [extra 1/50]
    fp=0.3230 tp=0.5463  [0.1s]
   nu  = 3.0000
  FPR 0.3230 >= fp_end=0.3; stopping after 21 fits
  grid extended by 1 points down to rho=0.06676, ending at FPR 0.3230
  pilot fit of run_em_diagonal at rho=0.30349
  -> rho_max = max|S_ij| (off-diag) = 0.71205
  rho grid: [0.71204523 0.63077723 0.5587846  0.49500872 0.43851178 0.38846303
 0.34412649 0.30485023 0.2700567  0.23923426 0.21192969 0.18774147
 0.16631393 0.14733199 0.13051652 0.11562025 0.10242414 0.09073414
 0.08037836 0.07120452]
Running run_em_diagonal over 20 rho values, extending until FPR >= 0.3...
  rho=0.71205 (1/20)
    fp=0.0000 tp=0.0093  [8.0s]
   median nu  = 0.36
   median |eta| = 2.035
  rho=0.63078 (2/20)
    fp=0.0006 tp=0.0093  [7.8s]
   median nu  = 0.384
   median |eta| = 1.953
  rho=0.55878 (3/20)
    fp=0.0010 tp=0.0093  [7.9s]
   median nu  = 0.405
   median |eta| = 1.881
  rho=0.49501 (4/20)
    fp=0.0019 tp=0.0093  [8.2s]
   median nu  = 0.421
   median |eta| = 1.879
  rho=0.43851 (5/20)
    fp=0.0023 tp=0.0093  [8.3s]
   median nu  = 0.437
   median |eta| = 1.804
  rho=0.38846 (6/20)
    fp=0.0027 tp=0.0093  [8.3s]
   median nu  = 0.455
   median |eta| = 1.744
  rho=0.34413 (7/20)
    fp=0.0041 tp=0.0185  [8.3s]
   median nu  = 0.472
   median |eta| = 1.646
  rho=0.30485 (8/20)
    fp=0.0062 tp=0.0278  [8.3s]
   median nu  = 0.488
   median |eta| = 1.537
  rho=0.27006 (9/20)
    fp=0.0099 tp=0.0741  [8.6s]
   median nu  = 0.503
   median |eta| = 1.531
  rho=0.23923 (10/20)
    fp=0.0171 tp=0.1111  [8.6s]
   median nu  = 0.517
   median |eta| = 1.516
  rho=0.21193 (11/20)
    fp=0.0244 tp=0.2037  [8.6s]
   median nu  = 0.53
   median |eta| = 1.47
  rho=0.18774 (12/20)
    fp=0.0355 tp=0.2593  [8.6s]
   median nu  = 0.544
   median |eta| = 1.43
  rho=0.16631 (13/20)
    fp=0.0500 tp=0.2963  [8.9s]
   median nu  = 0.558
   median |eta| = 1.413
  rho=0.14733 (14/20)
    fp=0.0663 tp=0.3148  [8.8s]
   median nu  = 0.57
   median |eta| = 1.354
  rho=0.13052 (15/20)
    fp=0.0863 tp=0.3426  [8.8s]
   median nu  = 0.58
   median |eta| = 1.324
  rho=0.11562 (16/20)
    fp=0.1037 tp=0.3704  [8.8s]
   median nu  = 0.591
   median |eta| = 1.257
  rho=0.10242 (17/20)
    fp=0.1204 tp=0.3889  [8.9s]
   median nu  = 0.616
   median |eta| = 1.233
  rho=0.09073 (18/20)
    fp=0.1404 tp=0.4074  [8.8s]
   median nu  = 0.635
   median |eta| = 1.265
  rho=0.08038 (19/20)
    fp=0.1584 tp=0.4722  [9.0s]
   median nu  = 0.634
   median |eta| = 1.268
  rho=0.07120 (20/20)
    fp=0.1768 tp=0.5000  [9.0s]
   median nu  = 0.653
   median |eta| = 1.219
  rho=0.06308 (21/21)  [extra 1/50]
    fp=0.1964 tp=0.5463  [8.8s]
   median nu  = 0.649
   median |eta| = 1.11
  rho=0.05588 (22/22)  [extra 2/50]
    fp=0.2150 tp=0.5648  [8.7s]
   median nu  = 0.641
   median |eta| = 1.121
  rho=0.04950 (23/23)  [extra 3/50]
    fp=0.2307 tp=0.5833  [9.0s]
   median nu  = 0.634
   median |eta| = 1.156
  rho=0.04385 (24/24)  [extra 4/50]
    fp=0.2499 tp=0.6019  [8.9s]
   median nu  = 0.672
   median |eta| = 1.246
  rho=0.03885 (25/25)  [extra 5/50]
    fp=0.2623 tp=0.6111  [8.5s]
   median nu  = 0.703
   median |eta| = 1.273
  rho=0.03441 (26/26)  [extra 6/50]
    fp=0.2755 tp=0.6389  [8.9s]
   median nu  = 0.694
   median |eta| = 1.431
  rho=0.03049 (27/27)  [extra 7/50]
    fp=0.2852 tp=0.6389  [8.4s]
   median nu  = 0.722
   median |eta| = 1.36
  rho=0.02701 (28/28)  [extra 8/50]
    fp=0.2976 tp=0.6481  [8.1s]
   median nu  = 0.697
   median |eta| = 1.507
  rho=0.02392 (29/29)  [extra 9/50]
    fp=0.3059 tp=0.6389  [8.1s]
   median nu  = 0.734
   median |eta| = 1.513
  FPR 0.3059 >= fp_end=0.3; stopping after 29 fits
  grid extended by 9 points down to rho=0.02392, ending at FPR 0.3059
  pilot fit of run_em_exact at rho=0.30349
  -> rho_max = max|S_ij| (off-diag) = 0.73237
  rho grid: [0.73236726 0.64877983 0.57473251 0.50913644 0.45102706 0.3995499
 0.35394799 0.31355077 0.27776421 0.24606209 0.21797823 0.19309968
 0.17106059 0.1515369  0.13424151 0.11892009 0.10534736 0.09332373
 0.08267239 0.07323673]
Running run_em_exact over 20 rho values, extending until FPR >= 0.3...
  rho=0.73237 (1/20)
    fp=0.0000 tp=0.0093  [8.5s]
   median nu  = 0.354
   median |eta| = 2.06
  rho=0.64878 (2/20)
    fp=0.0006 tp=0.0093  [8.8s]
   median nu  = 0.378
   median |eta| = 1.93
  rho=0.57473 (3/20)
    fp=0.0010 tp=0.0093  [9.0s]
   median nu  = 0.4
   median |eta| = 1.856
  rho=0.50914 (4/20)
    fp=0.0017 tp=0.0093  [9.3s]
   median nu  = 0.421
   median |eta| = 1.774
  rho=0.45103 (5/20)
    fp=0.0023 tp=0.0093  [9.6s]
   median nu  = 0.447
   median |eta| = 1.648
  rho=0.39955 (6/20)
    fp=0.0027 tp=0.0093  [9.8s]
   median nu  = 0.474
   median |eta| = 1.62
  rho=0.35395 (7/20)
    fp=0.0033 tp=0.0185  [10.1s]
   median nu  = 0.492
   median |eta| = 1.55
  rho=0.31355 (8/20)
    fp=0.0060 tp=0.0278  [10.0s]
   median nu  = 0.508
   median |eta| = 1.487
  rho=0.27776 (9/20)
    fp=0.0107 tp=0.0648  [10.0s]
   median nu  = 0.523
   median |eta| = 1.37
  rho=0.24606 (10/20)
    fp=0.0169 tp=0.1111  [10.1s]
   median nu  = 0.55
   median |eta| = 1.255
  rho=0.21798 (11/20)
    fp=0.0268 tp=0.2130  [9.8s]
   median nu  = 0.587
   median |eta| = 1.114
  rho=0.19310 (12/20)
    fp=0.0417 tp=0.2685  [9.5s]
   median nu  = 0.64
   median |eta| = 0.93
  rho=0.17106 (13/20)
    fp=0.0624 tp=0.3056  [9.3s]
   median nu  = 0.674
   median |eta| = 0.742
  rho=0.15154 (14/20)
    fp=0.0874 tp=0.3148  [8.9s]
   median nu  = 0.736
   median |eta| = 0.587
  rho=0.13424 (15/20)
    fp=0.1053 tp=0.3519  [8.5s]
   median nu  = 0.829
   median |eta| = 0.47
  rho=0.11892 (16/20)
    fp=0.1274 tp=0.3981  [8.2s]
   median nu  = 0.939
   median |eta| = 0.364
  rho=0.10535 (17/20)
    fp=0.1532 tp=0.4259  [8.1s]
   median nu  = 1.045
   median |eta| = 0.281
  rho=0.09332 (18/20)
    fp=0.1801 tp=0.4722  [7.9s]
   median nu  = 1.152
   median |eta| = 0.217
  rho=0.08267 (19/20)
    fp=0.2034 tp=0.5093  [8.6s]
   median nu  = 1.273
   median |eta| = 0.169
  rho=0.07324 (20/20)
    fp=0.2264 tp=0.5370  [8.5s]
   median nu  = 1.394
   median |eta| = 0.129
  rho=0.06488 (21/21)  [extra 1/50]
    fp=0.2507 tp=0.5556  [8.5s]
   median nu  = 1.52
   median |eta| = 0.098
  rho=0.05747 (22/22)  [extra 2/50]
    fp=0.2724 tp=0.5833  [8.4s]
   median nu  = 1.651
   median |eta| = 0.073
  rho=0.05091 (23/23)  [extra 3/50]
    fp=0.2895 tp=0.5926  [8.5s]
   median nu  = 1.781
   median |eta| = 0.055
  rho=0.04510 (24/24)  [extra 4/50]
    fp=0.3065 tp=0.5926  [8.4s]
   median nu  = 1.912
   median |eta| = 0.04
  FPR 0.3065 >= fp_end=0.3; stopping after 24 fits
  grid extended by 4 points down to rho=0.04510, ending at FPR 0.3065
  graphical_lasso rho_max = max|S_ij| (off-diag) = 521.23875
  rho grid: [521.23874934 461.74809791 409.04730548 362.36142363 321.00395132
 284.36674006 251.91105132 223.1596345  197.68970916 175.12674815
 155.1389703  137.43246169 121.74685373 107.85149456  95.54205733
  84.63753567  74.97758208  66.42014999  58.83940509  52.12387493]
Running graphical_lasso over 20 rho values, extending until FPR >= 0.3...
  rho=521.23875 (1/20)
    fp=0.0000 tp=0.0000  [0.0s]
  rho=461.74810 (2/20)
    fp=0.0002 tp=0.0000  [0.0s]
  rho=409.04731 (3/20)
    fp=0.0002 tp=0.0000  [8.2s]
  rho=362.36142 (4/20)
    fp=0.0002 tp=0.0000  [0.0s]
  rho=321.00395 (5/20)
    fp=0.0002 tp=0.0000  [0.0s]
  rho=284.36674 (6/20)
    fp=0.0002 tp=0.0000  [0.0s]
  rho=251.91105 (7/20)
    fp=0.0002 tp=0.0000  [0.0s]
  rho=223.15963 (8/20)
    fp=0.0002 tp=0.0000  [0.0s]
  rho=197.68971 (9/20)
    fp=0.0002 tp=0.0000  [0.0s]
  rho=175.12675 (10/20)
    fp=0.0002 tp=0.0000  [0.0s]
  rho=155.13897 (11/20)
    fp=0.0002 tp=0.0000  [0.0s]
  rho=137.43246 (12/20)
    fp=0.0002 tp=0.0000  [0.0s]
  rho=121.74685 (13/20)
    fp=0.0006 tp=0.0000  [0.0s]
  rho=107.85149 (14/20)
    fp=0.0006 tp=0.0000  [0.0s]
  rho=95.54206 (15/20)
    fp=0.0006 tp=0.0000  [0.0s]
  rho=84.63754 (16/20)
    fp=0.0006 tp=0.0000  [0.0s]
  rho=74.97758 (17/20)
    fp=0.0006 tp=0.0000  [8.2s]
  rho=66.42015 (18/20)
    fp=0.0010 tp=0.0000  [0.0s]
  rho=58.83941 (19/20)
    fp=0.0010 tp=0.0093  [8.2s]
  rho=52.12387 (20/20)
    fp=0.0014 tp=0.0093  [8.2s]
  rho=46.17481 (21/21)  [extra 1/50]
    fp=0.0017 tp=0.0093  [0.0s]
  rho=40.90473 (22/22)  [extra 2/50]
    fp=0.0021 tp=0.0093  [0.0s]
  rho=36.23614 (23/23)  [extra 3/50]
    fp=0.0023 tp=0.0093  [0.1s]
  rho=32.10040 (24/24)  [extra 4/50]
    fp=0.0027 tp=0.0093  [0.1s]
  rho=28.43667 (25/25)  [extra 5/50]
    fp=0.0033 tp=0.0093  [0.0s]
  rho=25.19111 (26/26)  [extra 6/50]
    fp=0.0033 tp=0.0093  [0.0s]
  rho=22.31596 (27/27)  [extra 7/50]
    fp=0.0045 tp=0.0093  [0.1s]
  rho=19.76897 (28/28)  [extra 8/50]
    fp=0.0050 tp=0.0093  [8.2s]
  rho=17.51267 (29/29)  [extra 9/50]
    fp=0.0068 tp=0.0093  [8.2s]
  rho=15.51390 (30/30)  [extra 10/50]
    fp=0.0085 tp=0.0093  [7.8s]
  rho=13.74325 (31/31)  [extra 11/50]
    fp=0.0109 tp=0.0093  [2.4s]
  rho=12.17469 (32/32)  [extra 12/50]
    fp=0.0132 tp=0.0093  [8.0s]
  rho=10.78515 (33/33)  [extra 13/50]
    fp=0.0163 tp=0.0093  [0.0s]
  rho=9.55421 (34/34)  [extra 14/50]
    fp=0.0182 tp=0.0093  [0.0s]
  rho=8.46375 (35/35)  [extra 15/50]
    fp=0.0207 tp=0.0093  [1.8s]
  rho=7.49776 (36/36)  [extra 16/50]
    fp=0.0256 tp=0.0093  [8.1s]
  rho=6.64201 (37/37)  [extra 17/50]
    fp=0.0304 tp=0.0093  [0.0s]
  rho=5.88394 (38/38)  [extra 18/50]
    fp=0.0355 tp=0.0093  [2.6s]
  rho=5.21239 (39/39)  [extra 19/50]
    fp=0.0407 tp=0.0185  [2.6s]
  rho=4.61748 (40/40)  [extra 20/50]
    fp=0.0456 tp=0.0185  [2.0s]
  rho=4.09047 (41/41)  [extra 21/50]
    fp=0.0516 tp=0.0185  [2.1s]
  rho=3.62361 (42/42)  [extra 22/50]
    [WARN] glasso failed: Non SPD result: the system is too ill-conditioned for this solver. The system is too ill-conditioned for this solver; reusing previous Theta
    fp=0.0516 tp=0.0185  [1.8s]
  rho=3.21004 (43/43)  [extra 23/50]
    fp=0.0646 tp=0.0370  [0.3s]
  rho=2.84367 (44/44)  [extra 24/50]
    [WARN] glasso failed: Non SPD result: the system is too ill-conditioned for this solver. The system is too ill-conditioned for this solver; reusing previous Theta
    fp=0.0646 tp=0.0370  [0.2s]
  rho=2.51911 (45/45)  [extra 25/50]
    fp=0.0766 tp=0.0741  [0.0s]
  rho=2.23160 (46/46)  [extra 26/50]
    [WARN] glasso failed: Non SPD result: the system is too ill-conditioned for this solver. The system is too ill-conditioned for this solver; reusing previous Theta
    fp=0.0766 tp=0.0741  [0.4s]
  rho=1.97690 (47/47)  [extra 27/50]
    fp=0.0925 tp=0.0926  [0.5s]
  rho=1.75127 (48/48)  [extra 28/50]
    fp=0.1014 tp=0.1019  [0.4s]
  rho=1.55139 (49/49)  [extra 29/50]
    fp=0.1101 tp=0.1296  [3.2s]
  rho=1.37432 (50/50)  [extra 30/50]
    fp=0.1219 tp=0.1574  [0.1s]
  rho=1.21747 (51/51)  [extra 31/50]
    fp=0.1309 tp=0.1852  [0.7s]
  rho=1.07851 (52/52)  [extra 32/50]
    fp=0.1435 tp=0.1852  [0.4s]
  rho=0.95542 (53/53)  [extra 33/50]
    fp=0.1565 tp=0.1852  [0.4s]
  rho=0.84638 (54/54)  [extra 34/50]
    fp=0.1720 tp=0.1944  [0.5s]
  rho=0.74978 (55/55)  [extra 35/50]
    fp=0.1863 tp=0.2315  [0.3s]
  rho=0.66420 (56/56)  [extra 36/50]
    fp=0.2034 tp=0.2593  [2.3s]
  rho=0.58839 (57/57)  [extra 37/50]
    fp=0.2204 tp=0.3056  [0.2s]
  rho=0.52124 (58/58)  [extra 38/50]
    fp=0.2418 tp=0.3241  [1.9s]
  rho=0.46175 (59/59)  [extra 39/50]
    fp=0.2604 tp=0.3333  [1.5s]
  rho=0.40905 (60/60)  [extra 40/50]
    fp=0.2805 tp=0.3611  [0.8s]
  rho=0.36236 (61/61)  [extra 41/50]
    fp=0.3034 tp=0.3704  [0.1s]
  FPR 0.3034 >= fp_end=0.3; stopping after 61 fits
  [note] 8/61 fits hit a glasso ConvergenceWarning (suppressed)
  [WARN] 3/61 points reused the previous Theta after a glasso failure; those are not estimates
  grid extended by 41 points down to rho=0.36236, ending at FPR 0.3034
  [warn] mean_roc averages out to FPR 0.300 but the shortest replicate only reached 0.253; its TPR is held flat above that
  [warn] mean_roc averages out to FPR 0.300 but the shortest replicate only reached 0.208; its TPR is held flat above that

(p=100, n=50) over 2 replicates
  t+lasso  (run_em_diagonal):    AUC = 0.135 (SE 0.005)
  ~t+lasso (run_em_exact):       AUC = 0.127 (SE 0.005)
  tlasso   (run_tlasso):         AUC = 0.044 (SE 0.008)
  t*lasso  (run_tstar_varlasso): AUC = 0.104 (SE 0.012)
  glasso   (graphical_lasso):    AUC = 0.047 (SE 0.008)
Replicate 3/50
  Theta: 91/4950 edges
  pilot fit of run_tlasso at rho=30.34854
  -> rho_max = max|S_ij| (off-diag) = 9431.02989
  rho grid: [9431.02989025 8354.63617914 7401.09473706 6556.38404024 5808.08288642
 5145.18774503 4557.95095375 4037.73738224 3576.89745533 3168.65466838
 2807.00594099 2486.63334361 2202.82589903 1951.41030901 1728.68958721
 1531.38869624 1356.60638921 1201.77254786 1064.61038977  943.10298903]
Running run_tlasso over 20 rho values, extending until FPR >= 0.3...
  rho=9431.02989 (1/20)
    fp=0.0000 tp=0.0000  [0.1s]
   nu  = 3.0000
  rho=8354.63618 (2/20)
    fp=0.0002 tp=0.0000  [0.0s]
   nu  = 3.0000
  rho=7401.09474 (3/20)
    fp=0.0004 tp=0.0000  [0.0s]
   nu  = 3.0000
  rho=6556.38404 (4/20)
    fp=0.0004 tp=0.0000  [0.0s]
   nu  = 3.0000
  rho=5808.08289 (5/20)
    fp=0.0004 tp=0.0000  [0.0s]
   nu  = 3.0000
  rho=5145.18775 (6/20)
    fp=0.0006 tp=0.0000  [0.1s]
   nu  = 3.0000
  rho=4557.95095 (7/20)
    fp=0.0010 tp=0.0000  [0.0s]
   nu  = 3.0000
  rho=4037.73738 (8/20)
    fp=0.0012 tp=0.0000  [0.0s]
   nu  = 3.0000
  rho=3576.89746 (9/20)
    fp=0.0016 tp=0.0000  [0.0s]
   nu  = 3.0000
  rho=3168.65467 (10/20)
    fp=0.0029 tp=0.0000  [0.0s]
   nu  = 3.0000
  rho=2807.00594 (11/20)
    fp=0.0037 tp=0.0110  [0.0s]
   nu  = 3.0000
  rho=2486.63334 (12/20)
    fp=0.0045 tp=0.0110  [0.0s]
   nu  = 3.0000
  rho=2202.82590 (13/20)
    fp=0.0060 tp=0.0110  [0.0s]
   nu  = 3.0000
  rho=1951.41031 (14/20)
    fp=0.0066 tp=0.0110  [0.1s]
   nu  = 3.0000
  rho=1728.68959 (15/20)
    fp=0.0072 tp=0.0110  [0.0s]
   nu  = 3.0000
  rho=1531.38870 (16/20)
    fp=0.0086 tp=0.0110  [0.0s]
   nu  = 3.0000
  rho=1356.60639 (17/20)
    fp=0.0095 tp=0.0110  [0.1s]
   nu  = 3.0000
  rho=1201.77255 (18/20)
    fp=0.0111 tp=0.0110  [0.1s]
   nu  = 3.0000
  rho=1064.61039 (19/20)
    fp=0.0119 tp=0.0110  [0.1s]
   nu  = 3.0000
  rho=943.10299 (20/20)
    fp=0.0128 tp=0.0110  [0.1s]
   nu  = 3.0000
  rho=835.46362 (21/21)  [extra 1/50]
    fp=0.0134 tp=0.0110  [0.1s]
   nu  = 3.0000
  rho=740.10947 (22/22)  [extra 2/50]
    fp=0.0140 tp=0.0110  [0.1s]
   nu  = 3.0000
  rho=655.63840 (23/23)  [extra 3/50]
    fp=0.0146 tp=0.0110  [0.1s]
   nu  = 3.0000
  rho=580.80829 (24/24)  [extra 4/50]
    fp=0.0150 tp=0.0110  [0.1s]
   nu  = 3.0000
  rho=514.51877 (25/25)  [extra 5/50]
    fp=0.0152 tp=0.0110  [0.1s]
   nu  = 3.0000
  rho=455.79510 (26/26)  [extra 6/50]
    fp=0.0156 tp=0.0110  [0.1s]
   nu  = 3.0000
  rho=403.77374 (27/27)  [extra 7/50]
    fp=0.0158 tp=0.0110  [0.1s]
   nu  = 3.0000
  rho=357.68975 (28/28)  [extra 8/50]
    fp=0.0171 tp=0.0110  [0.1s]
   nu  = 3.0000
  rho=316.86547 (29/29)  [extra 9/50]
    fp=0.0181 tp=0.0110  [0.1s]
   nu  = 3.0000
  rho=280.70059 (30/30)  [extra 10/50]
    fp=0.0191 tp=0.0110  [0.1s]
   nu  = 3.0000
  rho=248.66333 (31/31)  [extra 11/50]
    fp=0.0198 tp=0.0110  [0.1s]
   nu  = 3.0000
  rho=220.28259 (32/32)  [extra 12/50]
    fp=0.0206 tp=0.0110  [0.1s]
   nu  = 3.0000
  rho=195.14103 (33/33)  [extra 13/50]
    fp=0.0220 tp=0.0110  [0.1s]
   nu  = 3.0000
  rho=172.86896 (34/34)  [extra 14/50]
    fp=0.0228 tp=0.0330  [0.1s]
   nu  = 3.0000
  rho=153.13887 (35/35)  [extra 15/50]
    fp=0.0237 tp=0.0330  [0.1s]
   nu  = 3.0000
  rho=135.66064 (36/36)  [extra 16/50]
    fp=0.0249 tp=0.0330  [0.1s]
   nu  = 3.0000
  rho=120.17725 (37/37)  [extra 17/50]
    fp=0.0261 tp=0.0330  [0.1s]
   nu  = 3.0000
  rho=106.46104 (38/38)  [extra 18/50]
    fp=0.0284 tp=0.0330  [0.1s]
   nu  = 3.0000
  rho=94.31030 (39/39)  [extra 19/50]
    fp=0.0309 tp=0.0330  [0.1s]
   nu  = 3.0000
  rho=83.54636 (40/40)  [extra 20/50]
    fp=0.0346 tp=0.0330  [0.1s]
   nu  = 3.0000
  rho=74.01095 (41/41)  [extra 21/50]
    fp=0.0385 tp=0.0549  [0.1s]
   nu  = 3.0000
  rho=65.56384 (42/42)  [extra 22/50]
    fp=0.0405 tp=0.0549  [0.1s]
   nu  = 3.0000
  rho=58.08083 (43/43)  [extra 23/50]
    fp=0.0445 tp=0.0769  [0.1s]
   nu  = 3.0000
  rho=51.45188 (44/44)  [extra 24/50]
    fp=0.0486 tp=0.0769  [0.1s]
   nu  = 3.0000
  rho=45.57951 (45/45)  [extra 25/50]
    fp=0.0556 tp=0.0769  [0.1s]
   nu  = 3.0000
  rho=40.37737 (46/46)  [extra 26/50]
    fp=0.0659 tp=0.0769  [0.1s]
   nu  = 3.0000
  rho=35.76897 (47/47)  [extra 27/50]
    fp=0.0722 tp=0.0769  [0.1s]
   nu  = 3.0000
  rho=31.68655 (48/48)  [extra 28/50]
    fp=0.0838 tp=0.0769  [0.1s]
   nu  = 3.0000
  rho=28.07006 (49/49)  [extra 29/50]
    fp=0.0949 tp=0.0769  [0.1s]
   nu  = 3.0000
  rho=24.86633 (50/50)  [extra 30/50]
    fp=0.1076 tp=0.0989  [0.1s]
   nu  = 3.0000
  rho=22.02826 (51/51)  [extra 31/50]
    fp=0.1200 tp=0.1099  [0.1s]
   nu  = 3.0000
  rho=19.51410 (52/52)  [extra 32/50]
    fp=0.1309 tp=0.1319  [0.1s]
   nu  = 3.0000
  rho=17.28690 (53/53)  [extra 33/50]
    fp=0.1422 tp=0.1429  [0.1s]
   nu  = 3.0000
  rho=15.31389 (54/54)  [extra 34/50]
    fp=0.1556 tp=0.1538  [0.1s]
   nu  = 3.0000
  rho=13.56606 (55/55)  [extra 35/50]
    fp=0.1688 tp=0.1978  [0.2s]
   nu  = 3.0000
  rho=12.01773 (56/56)  [extra 36/50]
    fp=0.1852 tp=0.2308  [0.2s]
   nu  = 3.0000
  rho=10.64610 (57/57)  [extra 37/50]
    fp=0.1992 tp=0.2308  [0.2s]
   nu  = 3.0000
  rho=9.43103 (58/58)  [extra 38/50]
    fp=0.2173 tp=0.2308  [0.1s]
   nu  = 3.0000
  rho=8.35464 (59/59)  [extra 39/50]
    fp=0.2336 tp=0.2637  [0.1s]
   nu  = 3.0000
  rho=7.40109 (60/60)  [extra 40/50]
    fp=0.2453 tp=0.2857  [0.2s]
   nu  = 3.0000
  rho=6.55638 (61/61)  [extra 41/50]
    fp=0.2624 tp=0.2857  [0.2s]
   nu  = 3.0000
  rho=5.80808 (62/62)  [extra 42/50]
    fp=0.2822 tp=0.2967  [0.2s]
   nu  = 3.0000
  rho=5.14519 (63/63)  [extra 43/50]
    fp=0.3017 tp=0.3077  [0.2s]
   nu  = 3.0000
  FPR 0.3017 >= fp_end=0.3; stopping after 63 fits
  grid extended by 43 points down to rho=5.14519, ending at FPR 0.3017
  pilot fit of run_tstar_varlasso at rho=0.30349
  -> rho_max = max|S_ij| (off-diag) = 0.84220
  rho grid: [0.84219654 0.74607394 0.66092213 0.58548896 0.51866523 0.4594683
 0.40702771 0.36057233 0.31941905 0.28296273 0.25066729 0.22205783
 0.19671365 0.17426209 0.154373   0.13675391 0.12114575 0.107319
 0.09507034 0.08421965]
Running run_tstar_varlasso over 20 rho values, extending until FPR >= 0.3...
  rho=0.84220 (1/20)
    fp=0.0014 tp=0.0000  [0.1s]
   nu  = 3.0000
  rho=0.74607 (2/20)
    fp=0.0021 tp=0.0000  [0.1s]
   nu  = 3.0000
  rho=0.66092 (3/20)
    fp=0.0045 tp=0.0110  [0.1s]
   nu  = 3.0000
  rho=0.58549 (4/20)
    fp=0.0068 tp=0.0110  [0.1s]
   nu  = 3.0000
  rho=0.51867 (5/20)
    fp=0.0088 tp=0.0440  [0.1s]
   nu  = 3.0000
  rho=0.45947 (6/20)
    fp=0.0130 tp=0.0659  [0.1s]
   nu  = 3.0000
  rho=0.40703 (7/20)
    fp=0.0206 tp=0.0769  [0.1s]
   nu  = 3.0000
  rho=0.36057 (8/20)
    fp=0.0278 tp=0.0989  [0.1s]
   nu  = 3.0000
  rho=0.31942 (9/20)
    fp=0.0397 tp=0.1429  [0.1s]
   nu  = 3.0000
  rho=0.28296 (10/20)
    fp=0.0519 tp=0.1648  [0.1s]
   nu  = 3.0000
  rho=0.25067 (11/20)
    fp=0.0681 tp=0.1868  [0.1s]
   nu  = 3.0000
  rho=0.22206 (12/20)
    fp=0.0858 tp=0.2308  [0.1s]
   nu  = 3.0000
  rho=0.19671 (13/20)
    fp=0.1052 tp=0.2637  [0.1s]
   nu  = 3.0000
  rho=0.17426 (14/20)
    fp=0.1253 tp=0.3077  [0.1s]
   nu  = 3.0000
  rho=0.15437 (15/20)
    fp=0.1498 tp=0.3297  [0.1s]
   nu  = 3.0000
  rho=0.13675 (16/20)
    fp=0.1704 tp=0.4066  [0.2s]
   nu  = 3.0000
  rho=0.12115 (17/20)
    fp=0.1953 tp=0.4505  [0.1s]
   nu  = 3.0000
  rho=0.10732 (18/20)
    fp=0.2184 tp=0.4725  [0.2s]
   nu  = 3.0000
  rho=0.09507 (19/20)
    fp=0.2416 tp=0.4835  [0.2s]
   nu  = 3.0000
  rho=0.08422 (20/20)
    fp=0.2747 tp=0.5604  [0.2s]
   nu  = 3.0000
  rho=0.07461 (21/21)  [extra 1/50]
    fp=0.3036 tp=0.5934  [0.2s]
   nu  = 3.0000
  FPR 0.3036 >= fp_end=0.3; stopping after 21 fits
  grid extended by 1 points down to rho=0.07461, ending at FPR 0.3036
  pilot fit of run_em_diagonal at rho=0.30349
  -> rho_max = max|S_ij| (off-diag) = 0.48875
  rho grid: [0.4887525  0.4329696  0.38355339 0.33977721 0.30099735 0.26664356
 0.23621067 0.20925119 0.18536868 0.16421196 0.14546992 0.12886697
 0.11415897 0.10112964 0.08958739 0.07936249 0.0703046  0.06228051
 0.05517223 0.04887525]
Running run_em_diagonal over 20 rho values, extending until FPR >= 0.3...
  rho=0.48875 (1/20)
    fp=0.0002 tp=0.0220  [7.7s]
   median nu  = 0.412
   median |eta| = 1.522
  rho=0.43297 (2/20)
    fp=0.0006 tp=0.0330  [7.8s]
   median nu  = 0.442
   median |eta| = 1.441
  rho=0.38355 (3/20)
    fp=0.0014 tp=0.0440  [7.8s]
   median nu  = 0.46
   median |eta| = 1.417
  rho=0.33978 (4/20)
    fp=0.0033 tp=0.0549  [7.9s]
   median nu  = 0.479
   median |eta| = 1.364
  rho=0.30100 (5/20)
    fp=0.0084 tp=0.0659  [8.1s]
   median nu  = 0.502
   median |eta| = 1.291
  rho=0.26664 (6/20)
    fp=0.0148 tp=0.1099  [8.0s]
   median nu  = 0.529
   median |eta| = 1.234
  rho=0.23621 (7/20)
    fp=0.0206 tp=0.1538  [8.1s]
   median nu  = 0.551
   median |eta| = 1.181
  rho=0.20925 (8/20)
    fp=0.0274 tp=0.2308  [8.1s]
   median nu  = 0.569
   median |eta| = 1.12
  rho=0.18537 (9/20)
    fp=0.0368 tp=0.2527  [8.1s]
   median nu  = 0.585
   median |eta| = 1.021
  rho=0.16421 (10/20)
    fp=0.0531 tp=0.2747  [8.4s]
   median nu  = 0.598
   median |eta| = 1.005
  rho=0.14547 (11/20)
    fp=0.0652 tp=0.3187  [8.3s]
   median nu  = 0.609
   median |eta| = 1.065
  rho=0.12887 (12/20)
    fp=0.0805 tp=0.3407  [8.3s]
   median nu  = 0.617
   median |eta| = 1.01
  rho=0.11416 (13/20)
    fp=0.0992 tp=0.3736  [8.5s]
   median nu  = 0.626
   median |eta| = 0.961
  rho=0.10113 (14/20)
    fp=0.1220 tp=0.4176  [8.6s]
   median nu  = 0.635
   median |eta| = 0.968
  rho=0.08959 (15/20)
    fp=0.1377 tp=0.4615  [8.5s]
   median nu  = 0.648
   median |eta| = 0.987
  rho=0.07936 (16/20)
    fp=0.1550 tp=0.5165  [8.4s]
   median nu  = 0.66
   median |eta| = 0.974
  rho=0.07030 (17/20)
    fp=0.1745 tp=0.5275  [8.4s]
   median nu  = 0.703
   median |eta| = 1.0
  rho=0.06228 (18/20)
    fp=0.1951 tp=0.5604  [8.4s]
   median nu  = 0.707
   median |eta| = 1.032
  rho=0.05517 (19/20)
    fp=0.2151 tp=0.5934  [8.4s]
   median nu  = 0.721
   median |eta| = 1.036
  rho=0.04888 (20/20)
    fp=0.2315 tp=0.6044  [8.4s]
   median nu  = 0.716
   median |eta| = 1.054
  rho=0.04330 (21/21)  [extra 1/50]
    fp=0.2447 tp=0.6484  [8.4s]
   median nu  = 0.741
   median |eta| = 1.134
  rho=0.03836 (22/22)  [extra 2/50]
    fp=0.2595 tp=0.6593  [8.2s]
   median nu  = 0.788
   median |eta| = 1.175
  rho=0.03398 (23/23)  [extra 3/50]
    fp=0.2739 tp=0.7033  [8.3s]
   median nu  = 0.817
   median |eta| = 1.235
  rho=0.03010 (24/24)  [extra 4/50]
    fp=0.2912 tp=0.7253  [8.2s]
   median nu  = 0.794
   median |eta| = 1.3
  rho=0.02666 (25/25)  [extra 5/50]
    fp=0.3040 tp=0.7473  [8.2s]
   median nu  = 0.804
   median |eta| = 1.365
  FPR 0.3040 >= fp_end=0.3; stopping after 25 fits
  grid extended by 5 points down to rho=0.02666, ending at FPR 0.3040
  pilot fit of run_em_exact at rho=0.30349
  -> rho_max = max|S_ij| (off-diag) = 0.50348
  rho grid: [0.50348222 0.44601818 0.39511269 0.35001721 0.31006862 0.2746795
 0.24332944 0.21555747 0.19095521 0.16916088 0.149854   0.13275068
 0.11759942 0.10417742 0.09228732 0.08175427 0.07242339 0.06415748
 0.05683498 0.05034822]
Running run_em_exact over 20 rho values, extending until FPR >= 0.3...
  rho=0.50348 (1/20)
    fp=0.0002 tp=0.0220  [8.7s]
   median nu  = 0.416
   median |eta| = 1.493
  rho=0.44602 (2/20)
    fp=0.0006 tp=0.0220  [8.4s]
   median nu  = 0.437
   median |eta| = 1.453
  rho=0.39511 (3/20)
    fp=0.0012 tp=0.0440  [8.4s]
   median nu  = 0.455
   median |eta| = 1.339
  rho=0.35002 (4/20)
    fp=0.0027 tp=0.0440  [8.5s]
   median nu  = 0.479
   median |eta| = 1.247
  rho=0.31007 (5/20)
    fp=0.0076 tp=0.0659  [8.5s]
   median nu  = 0.503
   median |eta| = 1.21
  rho=0.27468 (6/20)
    fp=0.0140 tp=0.0989  [8.5s]
   median nu  = 0.534
   median |eta| = 1.145
  rho=0.24333 (7/20)
    fp=0.0212 tp=0.1429  [8.6s]
   median nu  = 0.562
   median |eta| = 1.0
  rho=0.21556 (8/20)
    fp=0.0300 tp=0.2418  [8.7s]
   median nu  = 0.598
   median |eta| = 0.959
  rho=0.19096 (9/20)
    fp=0.0405 tp=0.2747  [8.7s]
   median nu  = 0.638
   median |eta| = 0.85
  rho=0.16916 (10/20)
    fp=0.0593 tp=0.2967  [8.7s]
   median nu  = 0.717
   median |eta| = 0.76
  rho=0.14985 (11/20)
    fp=0.0788 tp=0.3187  [8.6s]
   median nu  = 0.809
   median |eta| = 0.589
  rho=0.13275 (12/20)
    fp=0.1025 tp=0.3516  [8.5s]
   median nu  = 0.886
   median |eta| = 0.486
  rho=0.11760 (13/20)
    fp=0.1235 tp=0.4066  [8.2s]
   median nu  = 0.983
   median |eta| = 0.384
  rho=0.10418 (14/20)
    fp=0.1463 tp=0.4286  [8.5s]
   median nu  = 1.077
   median |eta| = 0.303
  rho=0.09229 (15/20)
    fp=0.1721 tp=0.5055  [8.4s]
   median nu  = 1.173
   median |eta| = 0.225
  rho=0.08175 (16/20)
    fp=0.1990 tp=0.5275  [8.3s]
   median nu  = 1.274
   median |eta| = 0.166
  rho=0.07242 (17/20)
    fp=0.2227 tp=0.5714  [7.9s]
   median nu  = 1.36
   median |eta| = 0.124
  rho=0.06416 (18/20)
    fp=0.2435 tp=0.5824  [7.4s]
   median nu  = 1.444
   median |eta| = 0.095
  rho=0.05683 (19/20)
    fp=0.2624 tp=0.6044  [7.2s]
   median nu  = 1.524
   median |eta| = 0.071
  rho=0.05035 (20/20)
    fp=0.2832 tp=0.6374  [7.8s]
   median nu  = 1.675
   median |eta| = 0.054
  rho=0.04460 (21/21)  [extra 1/50]
    fp=0.2986 tp=0.6593  [7.9s]
   median nu  = 1.815
   median |eta| = 0.041
  rho=0.03951 (22/22)  [extra 2/50]
    fp=0.3173 tp=0.6593  [7.8s]
   median nu  = 1.945
   median |eta| = 0.03
  FPR 0.3173 >= fp_end=0.3; stopping after 22 fits
  grid extended by 2 points down to rho=0.03951, ending at FPR 0.3173
  graphical_lasso rho_max = max|S_ij| (off-diag) = 527.55062
  rho grid: [527.55061754 467.33957234 414.00060698 366.74938893 324.89110406
 287.81023959 254.96153319 225.86195508 200.08360523 177.24742118
 157.01760411 139.09668099 123.22113034 109.15750725  96.69901059
  85.66244215  75.88551269  67.22445556  59.55191269  52.75506175]
Running graphical_lasso over 20 rho values, extending until FPR >= 0.3...
  rho=527.55062 (1/20)
    fp=0.0002 tp=0.0000  [7.7s]
  rho=467.33957 (2/20)
    fp=0.0006 tp=0.0000  [7.8s]
  rho=414.00061 (3/20)
    fp=0.0006 tp=0.0000  [7.9s]
  rho=366.74939 (4/20)
    fp=0.0006 tp=0.0000  [8.0s]
  rho=324.89110 (5/20)
    fp=0.0008 tp=0.0000  [8.1s]
  rho=287.81024 (6/20)
    fp=0.0014 tp=0.0000  [8.1s]
  rho=254.96153 (7/20)
    fp=0.0016 tp=0.0000  [8.2s]
  rho=225.86196 (8/20)
    fp=0.0021 tp=0.0000  [8.2s]
  rho=200.08361 (9/20)
    fp=0.0025 tp=0.0000  [8.4s]
  rho=177.24742 (10/20)
    fp=0.0041 tp=0.0110  [8.3s]
  rho=157.01760 (11/20)
    fp=0.0045 tp=0.0110  [0.0s]
  rho=139.09668 (12/20)
    fp=0.0056 tp=0.0110  [0.0s]
  rho=123.22113 (13/20)
    fp=0.0066 tp=0.0110  [0.0s]
  rho=109.15751 (14/20)
    fp=0.0072 tp=0.0110  [0.0s]
  rho=96.69901 (15/20)
    fp=0.0082 tp=0.0110  [0.0s]
  rho=85.66244 (16/20)
    fp=0.0095 tp=0.0110  [0.0s]
  rho=75.88551 (17/20)
    fp=0.0105 tp=0.0110  [0.0s]
  rho=67.22446 (18/20)
    fp=0.0117 tp=0.0110  [0.0s]
  rho=59.55191 (19/20)
    fp=0.0126 tp=0.0110  [0.0s]
  rho=52.75506 (20/20)
    fp=0.0128 tp=0.0110  [0.0s]
  rho=46.73396 (21/21)  [extra 1/50]
    fp=0.0140 tp=0.0110  [0.0s]
  rho=41.40006 (22/22)  [extra 2/50]
    fp=0.0144 tp=0.0110  [0.0s]
  rho=36.67494 (23/23)  [extra 3/50]
    fp=0.0150 tp=0.0110  [0.0s]
  rho=32.48911 (24/24)  [extra 4/50]
    fp=0.0152 tp=0.0110  [0.0s]
  rho=28.78102 (25/25)  [extra 5/50]
    fp=0.0154 tp=0.0110  [0.0s]
  rho=25.49615 (26/26)  [extra 6/50]
    fp=0.0163 tp=0.0110  [0.0s]
  rho=22.58620 (27/27)  [extra 7/50]
    fp=0.0167 tp=0.0110  [0.0s]
  rho=20.00836 (28/28)  [extra 8/50]
    fp=0.0179 tp=0.0110  [0.0s]
  rho=17.72474 (29/29)  [extra 9/50]
    fp=0.0189 tp=0.0110  [8.3s]
  rho=15.70176 (30/30)  [extra 10/50]
    fp=0.0193 tp=0.0110  [8.1s]
  rho=13.90967 (31/31)  [extra 11/50]
    fp=0.0202 tp=0.0110  [0.0s]
  rho=12.32211 (32/32)  [extra 12/50]
    fp=0.0212 tp=0.0110  [0.0s]
  rho=10.91575 (33/33)  [extra 13/50]
    fp=0.0222 tp=0.0110  [0.0s]
  rho=9.66990 (34/34)  [extra 14/50]
    fp=0.0224 tp=0.0220  [0.0s]
  rho=8.56624 (35/35)  [extra 15/50]
    fp=0.0233 tp=0.0330  [8.1s]
  rho=7.58855 (36/36)  [extra 16/50]
    fp=0.0243 tp=0.0330  [0.0s]
  rho=6.72245 (37/37)  [extra 17/50]
    fp=0.0265 tp=0.0330  [0.0s]
  rho=5.95519 (38/38)  [extra 18/50]
    fp=0.0296 tp=0.0330  [0.0s]
  rho=5.27551 (39/39)  [extra 19/50]
    fp=0.0319 tp=0.0440  [0.0s]
  rho=4.67340 (40/40)  [extra 20/50]
    fp=0.0360 tp=0.0549  [0.0s]
  rho=4.14001 (41/41)  [extra 21/50]
    fp=0.0412 tp=0.0659  [0.0s]
  rho=3.66749 (42/42)  [extra 22/50]
    fp=0.0455 tp=0.0769  [0.0s]
  rho=3.24891 (43/43)  [extra 23/50]
    fp=0.0508 tp=0.0769  [0.0s]
  rho=2.87810 (44/44)  [extra 24/50]
    fp=0.0597 tp=0.0769  [0.0s]
  rho=2.54962 (45/45)  [extra 25/50]
    fp=0.0694 tp=0.0769  [0.0s]
  rho=2.25862 (46/46)  [extra 26/50]
    fp=0.0794 tp=0.0769  [0.0s]
  rho=2.00084 (47/47)  [extra 27/50]
    fp=0.0938 tp=0.0769  [0.0s]
  rho=1.77247 (48/48)  [extra 28/50]
    fp=0.1058 tp=0.0989  [0.0s]
  rho=1.57018 (49/49)  [extra 29/50]
    fp=0.1181 tp=0.1099  [0.0s]
  rho=1.39097 (50/50)  [extra 30/50]
    fp=0.1309 tp=0.1209  [0.0s]
  rho=1.23221 (51/51)  [extra 31/50]
    fp=0.1445 tp=0.1429  [0.0s]
  rho=1.09158 (52/52)  [extra 32/50]
    fp=0.1572 tp=0.1758  [0.0s]
  rho=0.96699 (53/53)  [extra 33/50]
    fp=0.1758 tp=0.2088  [0.0s]
  rho=0.85662 (54/54)  [extra 34/50]
    fp=0.1967 tp=0.2308  [0.0s]
  rho=0.75886 (55/55)  [extra 35/50]
    fp=0.2130 tp=0.2418  [0.0s]
  rho=0.67224 (56/56)  [extra 36/50]
    fp=0.2272 tp=0.2527  [0.0s]
  rho=0.59552 (57/57)  [extra 37/50]
    fp=0.2457 tp=0.2747  [0.0s]
  rho=0.52755 (58/58)  [extra 38/50]
    fp=0.2675 tp=0.2857  [0.1s]
  rho=0.46734 (59/59)  [extra 39/50]
    fp=0.2883 tp=0.2967  [0.1s]
  rho=0.41400 (60/60)  [extra 40/50]
    fp=0.3093 tp=0.3297  [0.0s]
  FPR 0.3093 >= fp_end=0.3; stopping after 60 fits
  [note] 13/60 fits hit a glasso ConvergenceWarning (suppressed)
  grid extended by 40 points down to rho=0.41400, ending at FPR 0.3093
  [warn] mean_roc averages out to FPR 0.300 but the shortest replicate only reached 0.253; its TPR is held flat above that
  [warn] mean_roc averages out to FPR 0.300 but the shortest replicate only reached 0.208; its TPR is held flat above that

(p=100, n=50) over 3 replicates
  t+lasso  (run_em_diagonal):    AUC = 0.136 (SE 0.003)
  ~t+lasso (run_em_exact):       AUC = 0.127 (SE 0.003)
  tlasso   (run_tlasso):         AUC = 0.046 (SE 0.005)
  t*lasso  (run_tstar_varlasso): AUC = 0.103 (SE 0.007)
  glasso   (graphical_lasso):    AUC = 0.048 (SE 0.005)
Replicate 4/50
  Theta: 102/4950 edges
  pilot fit of run_tlasso at rho=30.34854
  -> rho_max = max|S_ij| (off-diag) = 11145.10930
  rho grid: [11145.1093046   9873.08220844  8746.23564744  7747.99970117
  6863.69562738  6080.32001577  5386.35357704  4771.59175531
  4226.99467342  3744.55420442  3317.17621459  2938.57624644
  2603.18710781  2306.07700803  2042.87703755  1809.71692445
  1603.16812342  1420.19339998  1258.102169    1114.51093046]
Running run_tlasso over 20 rho values, extending until FPR >= 0.3...
  rho=11145.10930 (1/20)
    fp=0.0000 tp=0.0000  [0.1s]
   nu  = 3.0000
  rho=9873.08221 (2/20)
    fp=0.0000 tp=0.0000  [0.0s]
   nu  = 3.0000
  rho=8746.23565 (3/20)
    fp=0.0000 tp=0.0000  [0.0s]
   nu  = 3.0000
  rho=7747.99970 (4/20)
    fp=0.0002 tp=0.0000  [0.0s]
   nu  = 3.0000
  rho=6863.69563 (5/20)
    fp=0.0002 tp=0.0000  [0.0s]
   nu  = 3.0000
  rho=6080.32002 (6/20)
    fp=0.0004 tp=0.0000  [0.1s]
   nu  = 3.0000
  rho=5386.35358 (7/20)
    fp=0.0006 tp=0.0000  [0.1s]
   nu  = 3.0000
  rho=4771.59176 (8/20)
    fp=0.0006 tp=0.0000  [0.1s]
   nu  = 3.0000
  rho=4226.99467 (9/20)
    fp=0.0008 tp=0.0000  [0.0s]
   nu  = 3.0000
  rho=3744.55420 (10/20)
    fp=0.0008 tp=0.0000  [0.0s]
   nu  = 3.0000
  rho=3317.17621 (11/20)
    fp=0.0008 tp=0.0000  [0.1s]
   nu  = 3.0000
  rho=2938.57625 (12/20)
    fp=0.0008 tp=0.0000  [0.1s]
   nu  = 3.0000
  rho=2603.18711 (13/20)
    fp=0.0008 tp=0.0000  [0.1s]
   nu  = 3.0000
  rho=2306.07701 (14/20)
    fp=0.0012 tp=0.0000  [0.1s]
   nu  = 3.0000
  rho=2042.87704 (15/20)
    fp=0.0017 tp=0.0000  [0.1s]
   nu  = 3.0000
  rho=1809.71692 (16/20)
    fp=0.0019 tp=0.0000  [0.1s]
   nu  = 3.0000
  rho=1603.16812 (17/20)
    fp=0.0021 tp=0.0000  [0.1s]
   nu  = 3.0000
  rho=1420.19340 (18/20)
    fp=0.0027 tp=0.0000  [0.1s]
   nu  = 3.0000
  rho=1258.10217 (19/20)
    fp=0.0031 tp=0.0000  [0.1s]
   nu  = 3.0000
  rho=1114.51093 (20/20)
    fp=0.0041 tp=0.0000  [0.1s]
   nu  = 3.0000
  rho=987.30822 (21/21)  [extra 1/50]
    fp=0.0054 tp=0.0000  [0.1s]
   nu  = 3.0000
  rho=874.62356 (22/22)  [extra 2/50]
    fp=0.0062 tp=0.0000  [0.1s]
   nu  = 3.0000
  rho=774.79997 (23/23)  [extra 3/50]
    fp=0.0083 tp=0.0000  [0.1s]
   nu  = 3.0000
  rho=686.36956 (24/24)  [extra 4/50]
    fp=0.0105 tp=0.0000  [0.1s]
   nu  = 3.0000
  rho=608.03200 (25/25)  [extra 5/50]
    fp=0.0122 tp=0.0000  [0.1s]
   nu  = 3.0000
  rho=538.63536 (26/26)  [extra 6/50]
    fp=0.0134 tp=0.0000  [0.1s]
   nu  = 3.0000
  rho=477.15918 (27/27)  [extra 7/50]
    fp=0.0155 tp=0.0000  [0.1s]
   nu  = 3.0000
  rho=422.69947 (28/28)  [extra 8/50]
    fp=0.0179 tp=0.0000  [0.1s]
   nu  = 3.0000
  rho=374.45542 (29/29)  [extra 9/50]
    fp=0.0198 tp=0.0098  [0.1s]
   nu  = 3.0000
  rho=331.71762 (30/30)  [extra 10/50]
    fp=0.0227 tp=0.0098  [0.1s]
   nu  = 3.0000
  rho=293.85762 (31/31)  [extra 11/50]
    fp=0.0254 tp=0.0098  [0.1s]
   nu  = 3.0000
  rho=260.31871 (32/32)  [extra 12/50]
    fp=0.0283 tp=0.0098  [0.1s]
   nu  = 3.0000
  rho=230.60770 (33/33)  [extra 13/50]
    fp=0.0309 tp=0.0294  [0.1s]
   nu  = 3.0000
  rho=204.28770 (34/34)  [extra 14/50]
    fp=0.0340 tp=0.0392  [0.1s]
   nu  = 3.0000
  rho=180.97169 (35/35)  [extra 15/50]
    fp=0.0365 tp=0.0392  [0.1s]
   nu  = 3.0000
  rho=160.31681 (36/36)  [extra 16/50]
    fp=0.0392 tp=0.0392  [0.1s]
   nu  = 3.0000
  rho=142.01934 (37/37)  [extra 17/50]
    fp=0.0421 tp=0.0392  [0.1s]
   nu  = 3.0000
  rho=125.81022 (38/38)  [extra 18/50]
    fp=0.0472 tp=0.0392  [0.1s]
   nu  = 3.0000
  rho=111.45109 (39/39)  [extra 19/50]
    fp=0.0505 tp=0.0392  [0.1s]
   nu  = 3.0000
  rho=98.73082 (40/40)  [extra 20/50]
    fp=0.0569 tp=0.0392  [0.1s]
   nu  = 3.0000
  rho=87.46236 (41/41)  [extra 21/50]
    fp=0.0608 tp=0.0392  [0.1s]
   nu  = 3.0000
  rho=77.48000 (42/42)  [extra 22/50]
    fp=0.0664 tp=0.0686  [0.1s]
   nu  = 3.0000
  rho=68.63696 (43/43)  [extra 23/50]
    fp=0.0730 tp=0.0784  [0.1s]
   nu  = 3.0000
  rho=60.80320 (44/44)  [extra 24/50]
    fp=0.0790 tp=0.0784  [0.1s]
   nu  = 3.0000
  rho=53.86354 (45/45)  [extra 25/50]
    fp=0.0879 tp=0.0784  [0.1s]
   nu  = 3.0000
  rho=47.71592 (46/46)  [extra 26/50]
    fp=0.0957 tp=0.0882  [0.1s]
   nu  = 3.0000
  rho=42.26995 (47/47)  [extra 27/50]
    fp=0.1031 tp=0.0980  [0.1s]
   nu  = 3.0000
  rho=37.44554 (48/48)  [extra 28/50]
    fp=0.1120 tp=0.0980  [0.1s]
   nu  = 3.0000
  rho=33.17176 (49/49)  [extra 29/50]
    fp=0.1211 tp=0.0980  [0.1s]
   nu  = 3.0000
  rho=29.38576 (50/50)  [extra 30/50]
    fp=0.1287 tp=0.1176  [0.1s]
   nu  = 3.0000
  rho=26.03187 (51/51)  [extra 31/50]
    fp=0.1382 tp=0.1176  [0.1s]
   nu  = 3.0000
  rho=23.06077 (52/52)  [extra 32/50]
    fp=0.1483 tp=0.1275  [0.1s]
   nu  = 3.0000
  rho=20.42877 (53/53)  [extra 33/50]
    fp=0.1613 tp=0.1471  [0.1s]
   nu  = 3.0000
  rho=18.09717 (54/54)  [extra 34/50]
    fp=0.1733 tp=0.1667  [0.1s]
   nu  = 3.0000
  rho=16.03168 (55/55)  [extra 35/50]
    fp=0.1838 tp=0.1667  [0.2s]
   nu  = 3.0000
  rho=14.20193 (56/56)  [extra 36/50]
    fp=0.1947 tp=0.1667  [0.2s]
   nu  = 3.0000
  rho=12.58102 (57/57)  [extra 37/50]
    fp=0.2063 tp=0.1569  [0.1s]
   nu  = 3.0000
  rho=11.14511 (58/58)  [extra 38/50]
    fp=0.2176 tp=0.1667  [0.1s]
   nu  = 3.0000
  rho=9.87308 (59/59)  [extra 39/50]
    fp=0.2325 tp=0.2059  [0.2s]
   nu  = 3.0000
  rho=8.74624 (60/60)  [extra 40/50]
    fp=0.2475 tp=0.2157  [0.2s]
   nu  = 3.0000
  rho=7.74800 (61/61)  [extra 41/50]
    fp=0.2628 tp=0.2647  [0.2s]
   nu  = 3.0000
  rho=6.86370 (62/62)  [extra 42/50]
    fp=0.2791 tp=0.2745  [0.2s]
   nu  = 3.0000
  rho=6.08032 (63/63)  [extra 43/50]
    fp=0.2937 tp=0.3039  [0.3s]
   nu  = 3.0000
  rho=5.38635 (64/64)  [extra 44/50]
    fp=0.3115 tp=0.3529  [0.3s]
   nu  = 3.0000
  FPR 0.3115 >= fp_end=0.3; stopping after 64 fits
  grid extended by 44 points down to rho=5.38635, ending at FPR 0.3115
  pilot fit of run_tstar_varlasso at rho=0.30349
  -> rho_max = max|S_ij| (off-diag) = 1.09175
  rho grid: [1.09174786 0.96714317 0.85676002 0.75897525 0.67235097 0.59561339
 0.52763413 0.46741355 0.41406614 0.36680744 0.32494253 0.2878558
 0.25500189 0.22589771 0.20011528 0.17727548 0.15704246 0.1391187
 0.12324064 0.10917479]
Running run_tstar_varlasso over 20 rho values, extending until FPR >= 0.3...
  rho=1.09175 (1/20)
    fp=0.0010 tp=0.0000  [0.1s]
   nu  = 3.0000
  rho=0.96714 (2/20)
    fp=0.0019 tp=0.0196  [0.1s]
   nu  = 3.0000
  rho=0.85676 (3/20)
    fp=0.0019 tp=0.0294  [0.1s]
   nu  = 3.0000
  rho=0.75898 (4/20)
    fp=0.0025 tp=0.0294  [0.1s]
   nu  = 3.0000
  rho=0.67235 (5/20)
    fp=0.0043 tp=0.0294  [0.1s]
   nu  = 3.0000
  rho=0.59561 (6/20)
    fp=0.0070 tp=0.0294  [0.1s]
   nu  = 3.0000
  rho=0.52763 (7/20)
    fp=0.0109 tp=0.0294  [0.1s]
   nu  = 3.0000
  rho=0.46741 (8/20)
    fp=0.0159 tp=0.0588  [0.1s]
   nu  = 3.0000
  rho=0.41407 (9/20)
    fp=0.0208 tp=0.0980  [0.1s]
   nu  = 3.0000
  rho=0.36681 (10/20)
    fp=0.0270 tp=0.1373  [0.1s]
   nu  = 3.0000
  rho=0.32494 (11/20)
    fp=0.0396 tp=0.1667  [0.1s]
   nu  = 3.0000
  rho=0.28786 (12/20)
    fp=0.0509 tp=0.1961  [0.1s]
   nu  = 3.0000
  rho=0.25500 (13/20)
    fp=0.0695 tp=0.2451  [0.1s]
   nu  = 3.0000
  rho=0.22590 (14/20)
    fp=0.0860 tp=0.2745  [0.1s]
   nu  = 3.0000
  rho=0.20012 (15/20)
    fp=0.1050 tp=0.3333  [0.1s]
   nu  = 3.0000
  rho=0.17728 (16/20)
    fp=0.1246 tp=0.3922  [0.1s]
   nu  = 3.0000
  rho=0.15704 (17/20)
    fp=0.1477 tp=0.4216  [0.1s]
   nu  = 3.0000
  rho=0.13912 (18/20)
    fp=0.1735 tp=0.4608  [0.1s]
   nu  = 3.0000
  rho=0.12324 (19/20)
    fp=0.1997 tp=0.5000  [0.1s]
   nu  = 3.0000
  rho=0.10917 (20/20)
    fp=0.2283 tp=0.5294  [0.1s]
   nu  = 3.0000
  rho=0.09671 (21/21)  [extra 1/50]
    fp=0.2496 tp=0.5686  [0.1s]
   nu  = 3.0000
  rho=0.08568 (22/22)  [extra 2/50]
    fp=0.2704 tp=0.6176  [0.1s]
   nu  = 3.0000
  rho=0.07590 (23/23)  [extra 3/50]
    fp=0.2968 tp=0.6275  [0.2s]
   nu  = 3.0000
  rho=0.06724 (24/24)  [extra 4/50]
    fp=0.3216 tp=0.6569  [0.1s]
   nu  = 3.0000
  FPR 0.3216 >= fp_end=0.3; stopping after 24 fits
  grid extended by 4 points down to rho=0.06724, ending at FPR 0.3216
  pilot fit of run_em_diagonal at rho=0.30349
  -> rho_max = max|S_ij| (off-diag) = 0.50672
  rho grid: [0.50671639 0.44888322 0.39765074 0.35226558 0.31206038 0.27644393
 0.2448925  0.21694213 0.19218183 0.1702475  0.15081661 0.13360342
 0.11835483 0.10484662 0.09288014 0.08227943 0.07288861 0.0645696
 0.05720007 0.05067164]
Running run_em_diagonal over 20 rho values, extending until FPR >= 0.3...
  rho=0.50672 (1/20)
    fp=0.0008 tp=0.0490  [7.9s]
   median nu  = 0.416
   median |eta| = 2.109
  rho=0.44888 (2/20)
    fp=0.0008 tp=0.0588  [7.9s]
   median nu  = 0.453
   median |eta| = 1.781
  rho=0.39765 (3/20)
    fp=0.0021 tp=0.0784  [7.8s]
   median nu  = 0.483
   median |eta| = 1.667
  rho=0.35227 (4/20)
    fp=0.0041 tp=0.1176  [8.0s]
   median nu  = 0.505
   median |eta| = 1.56
  rho=0.31206 (5/20)
    fp=0.0076 tp=0.1373  [8.2s]
   median nu  = 0.526
   median |eta| = 1.427
  rho=0.27644 (6/20)
    fp=0.0134 tp=0.1765  [8.0s]
   median nu  = 0.546
   median |eta| = 1.359
  rho=0.24489 (7/20)
    fp=0.0202 tp=0.1765  [8.1s]
   median nu  = 0.571
   median |eta| = 1.302
  rho=0.21694 (8/20)
    fp=0.0285 tp=0.2157  [8.0s]
   median nu  = 0.591
   median |eta| = 1.277
  rho=0.19218 (9/20)
    fp=0.0390 tp=0.2549  [8.2s]
   median nu  = 0.607
   median |eta| = 1.229
  rho=0.17025 (10/20)
    fp=0.0532 tp=0.3039  [8.2s]
   median nu  = 0.622
   median |eta| = 1.213
  rho=0.15082 (11/20)
    fp=0.0693 tp=0.3725  [8.2s]
   median nu  = 0.635
   median |eta| = 1.184
  rho=0.13360 (12/20)
    fp=0.0842 tp=0.4216  [8.2s]
   median nu  = 0.653
   median |eta| = 1.136
  rho=0.11835 (13/20)
    fp=0.1033 tp=0.4706  [8.3s]
   median nu  = 0.667
   median |eta| = 1.115
  rho=0.10485 (14/20)
    fp=0.1242 tp=0.5098  [8.4s]
   median nu  = 0.679
   median |eta| = 0.956
  rho=0.09288 (15/20)
    fp=0.1390 tp=0.5490  [8.3s]
   median nu  = 0.697
   median |eta| = 0.867
  rho=0.08228 (16/20)
    fp=0.1557 tp=0.5686  [8.2s]
   median nu  = 0.739
   median |eta| = 0.832
  rho=0.07289 (17/20)
    fp=0.1733 tp=0.5980  [8.4s]
   median nu  = 0.795
   median |eta| = 0.822
  rho=0.06457 (18/20)
    fp=0.1883 tp=0.6373  [8.3s]
   median nu  = 0.823
   median |eta| = 0.762
  rho=0.05720 (19/20)
    fp=0.2057 tp=0.6863  [8.3s]
   median nu  = 0.886
   median |eta| = 0.798
  rho=0.05067 (20/20)
    fp=0.2236 tp=0.6863  [8.3s]
   median nu  = 0.924
   median |eta| = 0.729
  rho=0.04489 (21/21)  [extra 1/50]
    fp=0.2432 tp=0.7157  [8.3s]
   median nu  = 0.948
   median |eta| = 0.673
  rho=0.03977 (22/22)  [extra 2/50]
    fp=0.2574 tp=0.7549  [8.3s]
   median nu  = 0.961
   median |eta| = 0.703
  rho=0.03523 (23/23)  [extra 3/50]
    fp=0.2741 tp=0.7745  [8.2s]
   median nu  = 0.987
   median |eta| = 0.724
  rho=0.03121 (24/24)  [extra 4/50]
    fp=0.2913 tp=0.7745  [8.1s]
   median nu  = 1.04
   median |eta| = 0.718
  rho=0.02764 (25/25)  [extra 5/50]
    fp=0.3032 tp=0.7745  [8.6s]
   median nu  = 1.026
   median |eta| = 0.746
  FPR 0.3032 >= fp_end=0.3; stopping after 25 fits
  grid extended by 5 points down to rho=0.02764, ending at FPR 0.3032
  pilot fit of run_em_exact at rho=0.30349
  -> rho_max = max|S_ij| (off-diag) = 0.51231
  rho grid: [0.51231136 0.45383962 0.40204145 0.35615517 0.31550603 0.27949632
 0.24759651 0.21933752 0.19430383 0.17212731 0.15248187 0.13507862
 0.11966166 0.10600429 0.09390568 0.08318793 0.07369342 0.06528256
 0.05783165 0.05123114]
Running run_em_exact over 20 rho values, extending until FPR >= 0.3...
  rho=0.51231 (1/20)
    fp=0.0008 tp=0.0490  [8.8s]
   median nu  = 0.419
   median |eta| = 1.84
  rho=0.45384 (2/20)
    fp=0.0008 tp=0.0588  [8.6s]
   median nu  = 0.457
   median |eta| = 1.585
  rho=0.40204 (3/20)
    fp=0.0021 tp=0.0686  [8.5s]
   median nu  = 0.486
   median |eta| = 1.498
  rho=0.35616 (4/20)
    fp=0.0037 tp=0.1176  [8.6s]
   median nu  = 0.521
   median |eta| = 1.439
  rho=0.31551 (5/20)
    fp=0.0085 tp=0.1275  [8.5s]
   median nu  = 0.571
   median |eta| = 1.308
  rho=0.27950 (6/20)
    fp=0.0144 tp=0.1765  [8.4s]
   median nu  = 0.601
   median |eta| = 1.15
  rho=0.24760 (7/20)
    fp=0.0221 tp=0.1863  [8.4s]
   median nu  = 0.628
   median |eta| = 1.01
  rho=0.21934 (8/20)
    fp=0.0322 tp=0.2353  [8.4s]
   median nu  = 0.659
   median |eta| = 0.909
  rho=0.19430 (9/20)
    fp=0.0466 tp=0.2843  [8.4s]
   median nu  = 0.722
   median |eta| = 0.722
  rho=0.17213 (10/20)
    fp=0.0650 tp=0.3431  [8.3s]
   median nu  = 0.777
   median |eta| = 0.592
  rho=0.15248 (11/20)
    fp=0.0831 tp=0.3725  [8.1s]
   median nu  = 0.835
   median |eta| = 0.457
  rho=0.13508 (12/20)
    fp=0.1085 tp=0.4314  [8.0s]
   median nu  = 0.929
   median |eta| = 0.339
  rho=0.11966 (13/20)
    fp=0.1275 tp=0.4902  [7.8s]
   median nu  = 1.028
   median |eta| = 0.268
  rho=0.10600 (14/20)
    fp=0.1508 tp=0.5000  [7.5s]
   median nu  = 1.124
   median |eta| = 0.209
  rho=0.09391 (15/20)
    fp=0.1749 tp=0.5588  [7.5s]
   median nu  = 1.233
   median |eta| = 0.169
  rho=0.08319 (16/20)
    fp=0.1931 tp=0.5882  [7.3s]
   median nu  = 1.35
   median |eta| = 0.126
  rho=0.07369 (17/20)
    fp=0.2153 tp=0.6176  [7.1s]
   median nu  = 1.471
   median |eta| = 0.099
  rho=0.06528 (18/20)
    fp=0.2380 tp=0.6569  [7.2s]
   median nu  = 1.589
   median |eta| = 0.076
  rho=0.05783 (19/20)
    fp=0.2572 tp=0.7255  [7.6s]
   median nu  = 1.707
   median |eta| = 0.057
  rho=0.05123 (20/20)
    fp=0.2762 tp=0.7353  [7.5s]
   median nu  = 1.813
   median |eta| = 0.042
  rho=0.04538 (21/21)  [extra 1/50]
    fp=0.2921 tp=0.7451  [7.5s]
   median nu  = 1.909
   median |eta| = 0.032
  rho=0.04020 (22/22)  [extra 2/50]
    fp=0.3090 tp=0.7549  [7.2s]
   median nu  = 2.015
   median |eta| = 0.021
  FPR 0.3090 >= fp_end=0.3; stopping after 22 fits
  grid extended by 2 points down to rho=0.04020, ending at FPR 0.3090
  graphical_lasso rho_max = max|S_ij| (off-diag) = 569.45489
  rho grid: [569.45488808 504.46117399 446.88540109 395.88093594 350.69777411
 310.67151155 275.21357481 243.8025662  215.97659681 191.32649462
 169.48978771 150.14537424 133.00880078 117.82807944 104.37998255
  92.46676013  81.91323201  72.56421194  64.28222553  56.94548881]
Running graphical_lasso over 20 rho values, extending until FPR >= 0.3...
  rho=569.45489 (1/20)
    fp=0.0000 tp=0.0000  [0.0s]
  rho=504.46117 (2/20)
    fp=0.0002 tp=0.0000  [0.0s]
  rho=446.88540 (3/20)
    fp=0.0004 tp=0.0000  [0.0s]
  rho=395.88094 (4/20)
    fp=0.0004 tp=0.0000  [0.0s]
  rho=350.69777 (5/20)
    fp=0.0004 tp=0.0000  [0.0s]
  rho=310.67151 (6/20)
    fp=0.0004 tp=0.0000  [0.0s]
  rho=275.21357 (7/20)
    fp=0.0006 tp=0.0000  [0.0s]
  rho=243.80257 (8/20)
    fp=0.0008 tp=0.0000  [7.8s]
  rho=215.97660 (9/20)
    fp=0.0008 tp=0.0000  [7.8s]
  rho=191.32649 (10/20)
    fp=0.0008 tp=0.0000  [0.0s]
  rho=169.48979 (11/20)
    fp=0.0010 tp=0.0000  [7.9s]
  rho=150.14537 (12/20)
    fp=0.0010 tp=0.0000  [7.9s]
  rho=133.00880 (13/20)
    fp=0.0014 tp=0.0000  [7.9s]
  rho=117.82808 (14/20)
    fp=0.0017 tp=0.0000  [8.1s]
  rho=104.37998 (15/20)
    fp=0.0023 tp=0.0000  [8.1s]
  rho=92.46676 (16/20)
    fp=0.0029 tp=0.0000  [8.3s]
  rho=81.91323 (17/20)
    fp=0.0029 tp=0.0000  [8.2s]
  rho=72.56421 (18/20)
    fp=0.0033 tp=0.0000  [8.3s]
  rho=64.28223 (19/20)
    fp=0.0037 tp=0.0000  [8.3s]
  rho=56.94549 (20/20)
    fp=0.0047 tp=0.0000  [8.3s]
  rho=50.44612 (21/21)  [extra 1/50]
    fp=0.0058 tp=0.0000  [8.2s]
  rho=44.68854 (22/22)  [extra 2/50]
    fp=0.0080 tp=0.0000  [0.0s]
  rho=39.58809 (23/23)  [extra 3/50]
    fp=0.0097 tp=0.0000  [0.0s]
  rho=35.06978 (24/24)  [extra 4/50]
    fp=0.0113 tp=0.0000  [0.0s]
  rho=31.06715 (25/25)  [extra 5/50]
    fp=0.0124 tp=0.0000  [0.0s]
  rho=27.52136 (26/26)  [extra 6/50]
    fp=0.0151 tp=0.0098  [0.0s]
  rho=24.38026 (27/27)  [extra 7/50]
    fp=0.0173 tp=0.0098  [0.0s]
  rho=21.59766 (28/28)  [extra 8/50]
    fp=0.0198 tp=0.0098  [0.0s]
  rho=19.13265 (29/29)  [extra 9/50]
    fp=0.0231 tp=0.0098  [0.0s]
  rho=16.94898 (30/30)  [extra 10/50]
    fp=0.0264 tp=0.0196  [0.0s]
  rho=15.01454 (31/31)  [extra 11/50]
    fp=0.0293 tp=0.0294  [0.0s]
  rho=13.30088 (32/32)  [extra 12/50]
    fp=0.0328 tp=0.0294  [0.0s]
  rho=11.78281 (33/33)  [extra 13/50]
    fp=0.0344 tp=0.0392  [0.0s]
  rho=10.43800 (34/34)  [extra 14/50]
    fp=0.0377 tp=0.0392  [0.0s]
  rho=9.24668 (35/35)  [extra 15/50]
    fp=0.0415 tp=0.0392  [0.0s]
  rho=8.19132 (36/36)  [extra 16/50]
    fp=0.0446 tp=0.0392  [0.0s]
  rho=7.25642 (37/37)  [extra 17/50]
    fp=0.0491 tp=0.0392  [0.1s]
  rho=6.42822 (38/38)  [extra 18/50]
    fp=0.0532 tp=0.0392  [0.1s]
  rho=5.69455 (39/39)  [extra 19/50]
    fp=0.0584 tp=0.0392  [0.0s]
  rho=5.04461 (40/40)  [extra 20/50]
    fp=0.0627 tp=0.0588  [0.2s]
  rho=4.46885 (41/41)  [extra 21/50]
    fp=0.0703 tp=0.0686  [0.2s]
  rho=3.95881 (42/42)  [extra 22/50]
    fp=0.0786 tp=0.0784  [0.1s]
  rho=3.50698 (43/43)  [extra 23/50]
    fp=0.0868 tp=0.0882  [0.2s]
  rho=3.10672 (44/44)  [extra 24/50]
    fp=0.0967 tp=0.0980  [0.0s]
  rho=2.75214 (45/45)  [extra 25/50]
    fp=0.1033 tp=0.0980  [0.0s]
  rho=2.43803 (46/46)  [extra 26/50]
    fp=0.1122 tp=0.0980  [0.0s]
  rho=2.15977 (47/47)  [extra 27/50]
    fp=0.1215 tp=0.0980  [0.0s]
  rho=1.91326 (48/48)  [extra 28/50]
    fp=0.1289 tp=0.1176  [0.2s]
  rho=1.69490 (49/49)  [extra 29/50]
    fp=0.1396 tp=0.1176  [0.0s]
  rho=1.50145 (50/50)  [extra 30/50]
    fp=0.1543 tp=0.1373  [0.1s]
  rho=1.33009 (51/51)  [extra 31/50]
    fp=0.1681 tp=0.1373  [0.1s]
  rho=1.17828 (52/52)  [extra 32/50]
    fp=0.1821 tp=0.1667  [0.1s]
  rho=1.04380 (53/53)  [extra 33/50]
    fp=0.1943 tp=0.1765  [0.1s]
  rho=0.92467 (54/54)  [extra 34/50]
    fp=0.2104 tp=0.1961  [0.1s]
  rho=0.81913 (55/55)  [extra 35/50]
    fp=0.2250 tp=0.2157  [0.0s]
  rho=0.72564 (56/56)  [extra 36/50]
    fp=0.2417 tp=0.2353  [0.0s]
  rho=0.64282 (57/57)  [extra 37/50]
    fp=0.2605 tp=0.2745  [0.0s]
  rho=0.56945 (58/58)  [extra 38/50]
    fp=0.2783 tp=0.2745  [0.0s]
  rho=0.50446 (59/59)  [extra 39/50]
    fp=0.2950 tp=0.3137  [0.0s]
  rho=0.44689 (60/60)  [extra 40/50]
    fp=0.3144 tp=0.3725  [0.2s]
  FPR 0.3144 >= fp_end=0.3; stopping after 60 fits
  [note] 13/60 fits hit a glasso ConvergenceWarning (suppressed)
  grid extended by 40 points down to rho=0.44689, ending at FPR 0.3144
  [warn] mean_roc averages out to FPR 0.300 but the shortest replicate only reached 0.253; its TPR is held flat above that
  [warn] mean_roc averages out to FPR 0.300 but the shortest replicate only reached 0.208; its TPR is held flat above that

(p=100, n=50) over 4 replicates
  t+lasso  (run_em_diagonal):    AUC = 0.142 (SE 0.006)
  ~t+lasso (run_em_exact):       AUC = 0.132 (SE 0.005)
  tlasso   (run_tlasso):         AUC = 0.044 (SE 0.004)
  t*lasso  (run_tstar_varlasso): AUC = 0.107 (SE 0.006)
  glasso   (graphical_lasso):    AUC = 0.046 (SE 0.003)
Replicate 5/50
  Theta: 111/4950 edges
  pilot fit of run_tlasso at rho=30.34854
  -> rho_max = max|S_ij| (off-diag) = 7494.75351
  rho grid: [7494.75350895 6639.35323589 5881.58254148 5210.29864855 4615.63054087
 4088.83381296 3622.16208641 3208.75310183 2842.52781154 2518.10098906
 2230.7020411  1976.10485751 1750.56566764 1550.76798939 1373.77386144
 1216.98064138 1078.08273477  955.03769205  846.03617497  749.4753509 ]
Running run_tlasso over 20 rho values, extending until FPR >= 0.3...
  rho=7494.75351 (1/20)
    fp=0.0000 tp=0.0000  [0.0s]
   nu  = 3.0000
  rho=6639.35324 (2/20)
    fp=0.0002 tp=0.0000  [0.0s]
   nu  = 3.0000
  rho=5881.58254 (3/20)
    fp=0.0002 tp=0.0000  [0.1s]
   nu  = 3.0000
  rho=5210.29865 (4/20)
    fp=0.0004 tp=0.0000  [0.0s]
   nu  = 3.0000
  rho=4615.63054 (5/20)
    fp=0.0004 tp=0.0000  [0.1s]
   nu  = 3.0000
  rho=4088.83381 (6/20)
    fp=0.0004 tp=0.0000  [0.1s]
   nu  = 3.0000
  rho=3622.16209 (7/20)
    fp=0.0004 tp=0.0000  [0.1s]
   nu  = 3.0000
  rho=3208.75310 (8/20)
    fp=0.0004 tp=0.0000  [0.1s]
   nu  = 3.0000
  rho=2842.52781 (9/20)
    fp=0.0006 tp=0.0000  [0.0s]
   nu  = 3.0000
  rho=2518.10099 (10/20)
    fp=0.0008 tp=0.0000  [0.1s]
   nu  = 3.0000
  rho=2230.70204 (11/20)
    fp=0.0010 tp=0.0000  [0.1s]
   nu  = 3.0000
  rho=1976.10486 (12/20)
    fp=0.0012 tp=0.0000  [0.0s]
   nu  = 3.0000
  rho=1750.56567 (13/20)
    fp=0.0012 tp=0.0000  [0.1s]
   nu  = 3.0000
  rho=1550.76799 (14/20)
    fp=0.0012 tp=0.0000  [0.1s]
   nu  = 3.0000
  rho=1373.77386 (15/20)
    fp=0.0014 tp=0.0000  [0.1s]
   nu  = 3.0000
  rho=1216.98064 (16/20)
    fp=0.0017 tp=0.0000  [0.1s]
   nu  = 3.0000
  rho=1078.08273 (17/20)
    fp=0.0023 tp=0.0000  [0.0s]
   nu  = 3.0000
  rho=955.03769 (18/20)
    fp=0.0027 tp=0.0000  [0.1s]
   nu  = 3.0000
  rho=846.03617 (19/20)
    fp=0.0027 tp=0.0000  [0.1s]
   nu  = 3.0000
  rho=749.47535 (20/20)
    fp=0.0031 tp=0.0000  [0.1s]
   nu  = 3.0000
  rho=663.93532 (21/21)  [extra 1/50]
    fp=0.0035 tp=0.0000  [0.1s]
   nu  = 3.0000
  rho=588.15825 (22/22)  [extra 2/50]
    fp=0.0035 tp=0.0000  [0.1s]
   nu  = 3.0000
  rho=521.02986 (23/23)  [extra 3/50]
    fp=0.0043 tp=0.0000  [0.1s]
   nu  = 3.0000
  rho=461.56305 (24/24)  [extra 4/50]
    fp=0.0050 tp=0.0000  [0.1s]
   nu  = 3.0000
  rho=408.88338 (25/25)  [extra 5/50]
    fp=0.0056 tp=0.0000  [0.1s]
   nu  = 3.0000
  rho=362.21621 (26/26)  [extra 6/50]
    fp=0.0064 tp=0.0090  [0.1s]
   nu  = 3.0000
  rho=320.87531 (27/27)  [extra 7/50]
    fp=0.0079 tp=0.0090  [0.1s]
   nu  = 3.0000
  rho=284.25278 (28/28)  [extra 8/50]
    fp=0.0089 tp=0.0090  [0.1s]
   nu  = 3.0000
  rho=251.81010 (29/29)  [extra 9/50]
    fp=0.0101 tp=0.0090  [0.1s]
   nu  = 3.0000
  rho=223.07020 (30/30)  [extra 10/50]
    fp=0.0116 tp=0.0090  [0.1s]
   nu  = 3.0000
  rho=197.61049 (31/31)  [extra 11/50]
    fp=0.0128 tp=0.0090  [0.1s]
   nu  = 3.0000
  rho=175.05657 (32/32)  [extra 12/50]
    fp=0.0155 tp=0.0090  [0.1s]
   nu  = 3.0000
  rho=155.07680 (33/33)  [extra 13/50]
    fp=0.0182 tp=0.0270  [0.1s]
   nu  = 3.0000
  rho=137.37739 (34/34)  [extra 14/50]
    fp=0.0211 tp=0.0270  [0.1s]
   nu  = 3.0000
  rho=121.69806 (35/35)  [extra 15/50]
    fp=0.0250 tp=0.0270  [0.1s]
   nu  = 3.0000
  rho=107.80827 (36/36)  [extra 16/50]
    fp=0.0298 tp=0.0270  [0.1s]
   nu  = 3.0000
  rho=95.50377 (37/37)  [extra 17/50]
    fp=0.0353 tp=0.0360  [0.1s]
   nu  = 3.0000
  rho=84.60362 (38/38)  [extra 18/50]
    fp=0.0430 tp=0.0360  [0.1s]
   nu  = 3.0000
  rho=74.94754 (39/39)  [extra 19/50]
    fp=0.0502 tp=0.0360  [0.1s]
   nu  = 3.0000
  rho=66.39353 (40/40)  [extra 20/50]
    fp=0.0574 tp=0.0360  [0.1s]
   nu  = 3.0000
  rho=58.81583 (41/41)  [extra 21/50]
    fp=0.0636 tp=0.0450  [0.1s]
   nu  = 3.0000
  rho=52.10299 (42/42)  [extra 22/50]
    fp=0.0721 tp=0.0450  [0.1s]
   nu  = 3.0000
  rho=46.15631 (43/43)  [extra 23/50]
    fp=0.0787 tp=0.0450  [0.1s]
   nu  = 3.0000
  rho=40.88834 (44/44)  [extra 24/50]
    fp=0.0878 tp=0.0631  [0.1s]
   nu  = 3.0000
  rho=36.22162 (45/45)  [extra 25/50]
    fp=0.0967 tp=0.0721  [0.1s]
   nu  = 3.0000
  rho=32.08753 (46/46)  [extra 26/50]
    fp=0.1066 tp=0.0811  [0.1s]
   nu  = 3.0000
  rho=28.42528 (47/47)  [extra 27/50]
    fp=0.1170 tp=0.1081  [0.2s]
   nu  = 3.0000
  rho=25.18101 (48/48)  [extra 28/50]
    fp=0.1292 tp=0.1081  [0.2s]
   nu  = 3.0000
  rho=22.30702 (49/49)  [extra 29/50]
    fp=0.1432 tp=0.1171  [0.2s]
   nu  = 3.0000
  rho=19.76105 (50/50)  [extra 30/50]
    fp=0.1573 tp=0.1261  [0.2s]
   nu  = 3.0000
  rho=17.50566 (51/51)  [extra 31/50]
    fp=0.1701 tp=0.1351  [0.2s]
   nu  = 3.0000
  rho=15.50768 (52/52)  [extra 32/50]
    fp=0.1821 tp=0.1441  [0.3s]
   nu  = 3.0000
  rho=13.73774 (53/53)  [extra 33/50]
    fp=0.1938 tp=0.1622  [0.3s]
   nu  = 3.0000
  rho=12.16981 (54/54)  [extra 34/50]
    fp=0.2073 tp=0.1802  [0.3s]
   nu  = 3.0000
  rho=10.78083 (55/55)  [extra 35/50]
    fp=0.2209 tp=0.1982  [0.3s]
   nu  = 3.0000
  rho=9.55038 (56/56)  [extra 36/50]
    fp=0.2354 tp=0.2342  [0.5s]
   nu  = 3.0000
  rho=8.46036 (57/57)  [extra 37/50]
    fp=0.2482 tp=0.2793  [0.5s]
   nu  = 3.0000
  rho=7.49475 (58/58)  [extra 38/50]
    fp=0.2658 tp=0.2973  [0.5s]
   nu  = 3.0000
  rho=6.63935 (59/59)  [extra 39/50]
    fp=0.2802 tp=0.3153  [0.7s]
   nu  = 3.0000
  rho=5.88158 (60/60)  [extra 40/50]
    fp=0.2980 tp=0.3514  [0.7s]
   nu  = 3.0000
  rho=5.21030 (61/61)  [extra 41/50]
    fp=0.3172 tp=0.3694  [0.7s]
   nu  = 3.0000
  FPR 0.3172 >= fp_end=0.3; stopping after 61 fits
  [note] 7/61 fits hit a glasso ConvergenceWarning (suppressed)
  grid extended by 41 points down to rho=5.21030, ending at FPR 0.3172
  pilot fit of run_tstar_varlasso at rho=0.30349
  -> rho_max = max|S_ij| (off-diag) = 0.97536
  rho grid: [0.97535949 0.86403858 0.76542308 0.67806289 0.6006734  0.53211661
 0.47138444 0.41758382 0.36992364 0.32770306 0.29030126 0.25716825
 0.22781681 0.20181535 0.17878151 0.1583766  0.14030057 0.12428762
 0.11010227 0.09753595]
Running run_tstar_varlasso over 20 rho values, extending until FPR >= 0.3...
  rho=0.97536 (1/20)
    fp=0.0012 tp=0.0000  [0.1s]
   nu  = 3.0000
  rho=0.86404 (2/20)
    fp=0.0023 tp=0.0000  [0.1s]
   nu  = 3.0000
  rho=0.76542 (3/20)
    fp=0.0033 tp=0.0000  [0.1s]
   nu  = 3.0000
  rho=0.67806 (4/20)
    fp=0.0043 tp=0.0000  [0.1s]
   nu  = 3.0000
  rho=0.60067 (5/20)
    fp=0.0068 tp=0.0000  [0.1s]
   nu  = 3.0000
  rho=0.53212 (6/20)
    fp=0.0095 tp=0.0090  [0.1s]
   nu  = 3.0000
  rho=0.47138 (7/20)
    fp=0.0147 tp=0.0450  [0.1s]
   nu  = 3.0000
  rho=0.41758 (8/20)
    fp=0.0200 tp=0.0721  [0.1s]
   nu  = 3.0000
  rho=0.36992 (9/20)
    fp=0.0273 tp=0.0991  [0.1s]
   nu  = 3.0000
  rho=0.32770 (10/20)
    fp=0.0372 tp=0.1171  [0.1s]
   nu  = 3.0000
  rho=0.29030 (11/20)
    fp=0.0492 tp=0.1622  [0.1s]
   nu  = 3.0000
  rho=0.25717 (12/20)
    fp=0.0630 tp=0.2072  [0.1s]
   nu  = 3.0000
  rho=0.22782 (13/20)
    fp=0.0787 tp=0.2432  [0.1s]
   nu  = 3.0000
  rho=0.20182 (14/20)
    fp=0.0969 tp=0.2793  [0.1s]
   nu  = 3.0000
  rho=0.17878 (15/20)
    fp=0.1203 tp=0.3423  [0.1s]
   nu  = 3.0000
  rho=0.15838 (16/20)
    fp=0.1420 tp=0.3694  [0.1s]
   nu  = 3.0000
  rho=0.14030 (17/20)
    fp=0.1664 tp=0.4054  [0.2s]
   nu  = 3.0000
  rho=0.12429 (18/20)
    fp=0.1895 tp=0.4505  [0.1s]
   nu  = 3.0000
  rho=0.11010 (19/20)
    fp=0.2145 tp=0.4775  [0.2s]
   nu  = 3.0000
  rho=0.09754 (20/20)
    fp=0.2381 tp=0.5315  [0.1s]
   nu  = 3.0000
  rho=0.08640 (21/21)  [extra 1/50]
    fp=0.2608 tp=0.5766  [0.1s]
   nu  = 3.0000
  rho=0.07654 (22/22)  [extra 2/50]
    fp=0.2866 tp=0.5856  [0.1s]
   nu  = 3.0000
  rho=0.06781 (23/23)  [extra 3/50]
    fp=0.3118 tp=0.6036  [0.3s]
   nu  = 3.0000
  FPR 0.3118 >= fp_end=0.3; stopping after 23 fits
  grid extended by 3 points down to rho=0.06781, ending at FPR 0.3118
  pilot fit of run_em_diagonal at rho=0.30349
  -> rho_max = max|S_ij| (off-diag) = 0.42814
  rho grid: [0.42813553 0.37927105 0.33598363 0.29763674 0.2636665  0.2335734
 0.20691492 0.18329905 0.16237854 0.14384576 0.12742818 0.11288439
 0.10000054 0.08858715 0.07847642 0.06951965 0.06158515 0.05455624
 0.04832956 0.04281355]
Running run_em_diagonal over 20 rho values, extending until FPR >= 0.3...
  rho=0.42814 (1/20)
    fp=0.0006 tp=0.0090  [8.1s]
   median nu  = 0.425
   median |eta| = 1.4
  rho=0.37927 (2/20)
    fp=0.0017 tp=0.0360  [7.9s]
   median nu  = 0.438
   median |eta| = 1.361
  rho=0.33598 (3/20)
    fp=0.0029 tp=0.0901  [7.9s]
   median nu  = 0.449
   median |eta| = 1.33
  rho=0.29764 (4/20)
    fp=0.0048 tp=0.1171  [8.1s]
   median nu  = 0.459
   median |eta| = 1.306
  rho=0.26367 (5/20)
    fp=0.0093 tp=0.1532  [8.1s]
   median nu  = 0.468
   median |eta| = 1.287
  rho=0.23357 (6/20)
    fp=0.0163 tp=0.1982  [8.3s]
   median nu  = 0.484
   median |eta| = 1.274
  rho=0.20691 (7/20)
    fp=0.0242 tp=0.2613  [8.1s]
   median nu  = 0.5
   median |eta| = 1.308
  rho=0.18330 (8/20)
    fp=0.0349 tp=0.2613  [8.1s]
   median nu  = 0.514
   median |eta| = 1.289
  rho=0.16238 (9/20)
    fp=0.0477 tp=0.2973  [8.2s]
   median nu  = 0.527
   median |eta| = 1.278
  rho=0.14385 (10/20)
    fp=0.0610 tp=0.3153  [8.3s]
   median nu  = 0.538
   median |eta| = 1.203
  rho=0.12743 (11/20)
    fp=0.0777 tp=0.3514  [8.2s]
   median nu  = 0.547
   median |eta| = 1.187
  rho=0.11288 (12/20)
    fp=0.0955 tp=0.3604  [8.2s]
   median nu  = 0.564
   median |eta| = 1.2
  rho=0.10000 (13/20)
    fp=0.1145 tp=0.3964  [8.3s]
   median nu  = 0.607
   median |eta| = 1.187
  rho=0.08859 (14/20)
    fp=0.1279 tp=0.4324  [8.5s]
   median nu  = 0.634
   median |eta| = 1.209
  rho=0.07848 (15/20)
    fp=0.1436 tp=0.4685  [8.2s]
   median nu  = 0.662
   median |eta| = 1.237
  rho=0.06952 (16/20)
    fp=0.1624 tp=0.4775  [8.4s]
   median nu  = 0.688
   median |eta| = 1.259
  rho=0.06159 (17/20)
    fp=0.1814 tp=0.4775  [8.3s]
   median nu  = 0.717
   median |eta| = 1.288
  rho=0.05456 (18/20)
    fp=0.1994 tp=0.5045  [8.4s]
   median nu  = 0.706
   median |eta| = 1.269
  rho=0.04833 (19/20)
    fp=0.2172 tp=0.5225  [8.4s]
   median nu  = 0.729
   median |eta| = 1.259
  rho=0.04281 (20/20)
    fp=0.2348 tp=0.5495  [8.6s]
   median nu  = 0.744
   median |eta| = 1.344
  rho=0.03793 (21/21)  [extra 1/50]
    fp=0.2511 tp=0.5856  [8.5s]
   median nu  = 0.811
   median |eta| = 1.291
  rho=0.03360 (22/22)  [extra 2/50]
    fp=0.2645 tp=0.6036  [8.2s]
   median nu  = 0.812
   median |eta| = 1.32
  rho=0.02976 (23/23)  [extra 3/50]
    fp=0.2782 tp=0.6126  [8.2s]
   median nu  = 0.896
   median |eta| = 1.14
  rho=0.02637 (24/24)  [extra 4/50]
    fp=0.2924 tp=0.6396  [8.1s]
   median nu  = 0.951
   median |eta| = 1.12
  rho=0.02336 (25/25)  [extra 5/50]
    fp=0.3025 tp=0.6486  [8.2s]
   median nu  = 0.898
   median |eta| = 1.288
  FPR 0.3025 >= fp_end=0.3; stopping after 25 fits
  grid extended by 5 points down to rho=0.02336, ending at FPR 0.3025
  pilot fit of run_em_exact at rho=0.30349
  -> rho_max = max|S_ij| (off-diag) = 0.44626
  rho grid: [0.4462605  0.39532736 0.35020738 0.31023708 0.27482873 0.24346164
 0.21567459 0.19105895 0.16925278 0.14993542 0.13282281 0.11766331
 0.10423402 0.09233746 0.08179869 0.07246274 0.06419234 0.05686586
 0.05037558 0.04462605]
Running run_em_exact over 20 rho values, extending until FPR >= 0.3...
  rho=0.44626 (1/20)
    fp=0.0002 tp=0.0090  [8.7s]
   median nu  = 0.421
   median |eta| = 1.415
  rho=0.39533 (2/20)
    fp=0.0017 tp=0.0270  [8.8s]
   median nu  = 0.439
   median |eta| = 1.374
  rho=0.35021 (3/20)
    fp=0.0027 tp=0.0901  [8.7s]
   median nu  = 0.472
   median |eta| = 1.34
  rho=0.31024 (4/20)
    fp=0.0041 tp=0.1081  [8.7s]
   median nu  = 0.499
   median |eta| = 1.313
  rho=0.27483 (5/20)
    fp=0.0085 tp=0.1441  [8.7s]
   median nu  = 0.524
   median |eta| = 1.265
  rho=0.24346 (6/20)
    fp=0.0153 tp=0.1892  [8.6s]
   median nu  = 0.552
   median |eta| = 1.203
  rho=0.21567 (7/20)
    fp=0.0254 tp=0.2703  [8.8s]
   median nu  = 0.604
   median |eta| = 1.099
  rho=0.19106 (8/20)
    fp=0.0372 tp=0.2703  [8.8s]
   median nu  = 0.666
   median |eta| = 1.016
  rho=0.16925 (9/20)
    fp=0.0531 tp=0.3063  [8.8s]
   median nu  = 0.708
   median |eta| = 0.868
  rho=0.14994 (10/20)
    fp=0.0715 tp=0.3423  [8.4s]
   median nu  = 0.753
   median |eta| = 0.668
  rho=0.13282 (11/20)
    fp=0.0944 tp=0.3604  [8.3s]
   median nu  = 0.808
   median |eta| = 0.489
  rho=0.11766 (12/20)
    fp=0.1192 tp=0.3784  [8.1s]
   median nu  = 0.874
   median |eta| = 0.379
  rho=0.10423 (13/20)
    fp=0.1434 tp=0.4324  [7.7s]
   median nu  = 0.941
   median |eta| = 0.297
  rho=0.09234 (14/20)
    fp=0.1705 tp=0.4595  [7.3s]
   median nu  = 1.014
   median |eta| = 0.228
  rho=0.08180 (15/20)
    fp=0.1909 tp=0.5045  [7.4s]
   median nu  = 1.102
   median |eta| = 0.168
  rho=0.07246 (16/20)
    fp=0.2075 tp=0.5225  [7.2s]
   median nu  = 1.205
   median |eta| = 0.129
  rho=0.06419 (17/20)
    fp=0.2296 tp=0.5766  [7.3s]
   median nu  = 1.315
   median |eta| = 0.094
  rho=0.05687 (18/20)
    fp=0.2492 tp=0.5856  [7.8s]
   median nu  = 1.452
   median |eta| = 0.07
  rho=0.05038 (19/20)
    fp=0.2658 tp=0.5946  [7.0s]
   median nu  = 1.594
   median |eta| = 0.055
  rho=0.04463 (20/20)
    fp=0.2821 tp=0.6126  [7.8s]
   median nu  = 1.749
   median |eta| = 0.041
  rho=0.03953 (21/21)  [extra 1/50]
    fp=0.2945 tp=0.6216  [7.8s]
   median nu  = 1.872
   median |eta| = 0.03
  rho=0.03502 (22/22)  [extra 2/50]
    fp=0.3092 tp=0.6216  [7.7s]
   median nu  = 1.992
   median |eta| = 0.022
  FPR 0.3092 >= fp_end=0.3; stopping after 22 fits
  grid extended by 2 points down to rho=0.03502, ending at FPR 0.3092
  graphical_lasso rho_max = max|S_ij| (off-diag) = 448.17869
  rho grid: [448.17868764 397.02661555 351.71269363 311.57059505 276.01004302
 244.50813093 216.60163318 191.88019358 169.98029123 150.57989503
 133.39372831 118.16907396 104.68205827  92.73435897  82.15028895
  72.7742128   64.46825832  57.11028908  50.59210849  44.81786876]
Running graphical_lasso over 20 rho values, extending until FPR >= 0.3...
  rho=448.17869 (1/20)
    fp=0.0000 tp=0.0000  [0.0s]
  rho=397.02662 (2/20)
    fp=0.0002 tp=0.0000  [0.0s]
  rho=351.71269 (3/20)
    fp=0.0004 tp=0.0000  [7.8s]
  rho=311.57060 (4/20)
    fp=0.0004 tp=0.0000  [0.0s]
  rho=276.01004 (5/20)
    fp=0.0004 tp=0.0000  [0.0s]
  rho=244.50813 (6/20)
    fp=0.0004 tp=0.0000  [0.0s]
  rho=216.60163 (7/20)
    fp=0.0004 tp=0.0000  [0.0s]
  rho=191.88019 (8/20)
    fp=0.0004 tp=0.0000  [0.0s]
  rho=169.98029 (9/20)
    fp=0.0006 tp=0.0000  [7.8s]
  rho=150.57990 (10/20)
    fp=0.0006 tp=0.0000  [0.0s]
  rho=133.39373 (11/20)
    fp=0.0006 tp=0.0000  [0.0s]
  rho=118.16907 (12/20)
    fp=0.0008 tp=0.0000  [0.0s]
  rho=104.68206 (13/20)
    fp=0.0008 tp=0.0000  [0.0s]
  rho=92.73436 (14/20)
    fp=0.0012 tp=0.0000  [0.0s]
  rho=82.15029 (15/20)
    fp=0.0012 tp=0.0000  [0.0s]
  rho=72.77421 (16/20)
    fp=0.0012 tp=0.0000  [0.0s]
  rho=64.46826 (17/20)
    fp=0.0014 tp=0.0000  [0.0s]
  rho=57.11029 (18/20)
    fp=0.0019 tp=0.0000  [7.8s]
  rho=50.59211 (19/20)
    fp=0.0025 tp=0.0000  [0.3s]
  rho=44.81787 (20/20)
    fp=0.0027 tp=0.0000  [0.1s]
  rho=39.70266 (21/21)  [extra 1/50]
    fp=0.0031 tp=0.0000  [0.0s]
  rho=35.17127 (22/22)  [extra 2/50]
    fp=0.0035 tp=0.0000  [0.1s]
  rho=31.15706 (23/23)  [extra 3/50]
    fp=0.0039 tp=0.0000  [0.4s]
  rho=27.60100 (24/24)  [extra 4/50]
    [WARN] glasso failed: Non SPD result: the system is too ill-conditioned for this solver. The system is too ill-conditioned for this solver; reusing previous Theta
    fp=0.0039 tp=0.0000  [1.0s]
  rho=24.45081 (25/25)  [extra 5/50]
    fp=0.0054 tp=0.0000  [0.0s]
  rho=21.66016 (26/26)  [extra 6/50]
    [WARN] glasso failed: Non SPD result: the system is too ill-conditioned for this solver. The system is too ill-conditioned for this solver; reusing previous Theta
    fp=0.0054 tp=0.0000  [0.0s]
  rho=19.18802 (27/27)  [extra 7/50]
    [WARN] glasso failed: Non SPD result: the system is too ill-conditioned for this solver. The system is too ill-conditioned for this solver; reusing previous Theta
    fp=0.0054 tp=0.0000  [0.1s]
  rho=16.99803 (28/28)  [extra 8/50]
    [WARN] glasso failed: Non SPD result: the system is too ill-conditioned for this solver. The system is too ill-conditioned for this solver; reusing previous Theta
    fp=0.0054 tp=0.0000  [0.0s]
  rho=15.05799 (29/29)  [extra 9/50]
    [WARN] glasso failed: Non SPD result: the system is too ill-conditioned for this solver. The system is too ill-conditioned for this solver; reusing previous Theta
    fp=0.0054 tp=0.0000  [0.1s]
  rho=13.33937 (30/30)  [extra 10/50]
    [WARN] glasso failed: Non SPD result: the system is too ill-conditioned for this solver. The system is too ill-conditioned for this solver; reusing previous Theta
    fp=0.0054 tp=0.0000  [0.1s]
  rho=11.81691 (31/31)  [extra 11/50]
    fp=0.0116 tp=0.0090  [0.4s]
  rho=10.46821 (32/32)  [extra 12/50]
    [WARN] glasso failed: Non SPD result: the system is too ill-conditioned for this solver. The system is too ill-conditioned for this solver; reusing previous Theta
    fp=0.0116 tp=0.0090  [0.1s]
  rho=9.27344 (33/33)  [extra 13/50]
    fp=0.0180 tp=0.0090  [3.8s]
  rho=8.21503 (34/34)  [extra 14/50]
    fp=0.0213 tp=0.0270  [0.1s]
  rho=7.27742 (35/35)  [extra 15/50]
    fp=0.0252 tp=0.0270  [0.0s]
  rho=6.44683 (36/36)  [extra 16/50]
    fp=0.0304 tp=0.0270  [0.1s]
  rho=5.71103 (37/37)  [extra 17/50]
    fp=0.0376 tp=0.0270  [0.8s]
  rho=5.05921 (38/38)  [extra 18/50]
    fp=0.0461 tp=0.0360  [0.6s]
  rho=4.48179 (39/39)  [extra 19/50]
    fp=0.0544 tp=0.0360  [0.1s]
  rho=3.97027 (40/40)  [extra 20/50]
    fp=0.0612 tp=0.0450  [2.3s]
  rho=3.51713 (41/41)  [extra 21/50]
    fp=0.0688 tp=0.0450  [0.8s]
  rho=3.11571 (42/42)  [extra 22/50]
    fp=0.0773 tp=0.0450  [0.2s]
  rho=2.76010 (43/43)  [extra 23/50]
    fp=0.0876 tp=0.0721  [0.6s]
  rho=2.44508 (44/44)  [extra 24/50]
    fp=0.0980 tp=0.0721  [0.5s]
  rho=2.16602 (45/45)  [extra 25/50]
    fp=0.1062 tp=0.0721  [1.0s]
  rho=1.91880 (46/46)  [extra 26/50]
    fp=0.1170 tp=0.1081  [0.2s]
  rho=1.69980 (47/47)  [extra 27/50]
    fp=0.1304 tp=0.1081  [0.9s]
  rho=1.50580 (48/48)  [extra 28/50]
    fp=0.1440 tp=0.1261  [0.1s]
  rho=1.33394 (49/49)  [extra 29/50]
    fp=0.1626 tp=0.1261  [0.1s]
  rho=1.18169 (50/50)  [extra 30/50]
    fp=0.1763 tp=0.1532  [1.1s]
  rho=1.04682 (51/51)  [extra 31/50]
    fp=0.1858 tp=0.1532  [0.9s]
  rho=0.92734 (52/52)  [extra 32/50]
    fp=0.2021 tp=0.1712  [0.4s]
  rho=0.82150 (53/53)  [extra 33/50]
    fp=0.2178 tp=0.1982  [1.1s]
  rho=0.72774 (54/54)  [extra 34/50]
    fp=0.2366 tp=0.2072  [1.2s]
  rho=0.64468 (55/55)  [extra 35/50]
    fp=0.2521 tp=0.2613  [1.8s]
  rho=0.57110 (56/56)  [extra 36/50]
    fp=0.2697 tp=0.2703  [0.2s]
  rho=0.50592 (57/57)  [extra 37/50]
    fp=0.2887 tp=0.3243  [0.1s]
  rho=0.44818 (58/58)  [extra 38/50]
    fp=0.3065 tp=0.3243  [0.5s]
  FPR 0.3065 >= fp_end=0.3; stopping after 58 fits
  [note] 3/58 fits hit a glasso ConvergenceWarning (suppressed)
  [WARN] 7/58 points reused the previous Theta after a glasso failure; those are not estimates
  grid extended by 38 points down to rho=0.44818, ending at FPR 0.3065
  [warn] mean_roc averages out to FPR 0.300 but the shortest replicate only reached 0.253; its TPR is held flat above that
  [warn] mean_roc averages out to FPR 0.300 but the shortest replicate only reached 0.208; its TPR is held flat above that

(p=100, n=50) over 5 replicates
  t+lasso  (run_em_diagonal):    AUC = 0.140 (SE 0.005)
  ~t+lasso (run_em_exact):       AUC = 0.132 (SE 0.004)
  tlasso   (run_tlasso):         AUC = 0.044 (SE 0.003)
  t*lasso  (run_tstar_varlasso): AUC = 0.107 (SE 0.005)
  glasso   (graphical_lasso):    AUC = 0.045 (SE 0.003)
Replicate 6/50
  Theta: 83/4950 edges
  pilot fit of run_tlasso at rho=30.34854
  -> rho_max = max|S_ij| (off-diag) = 2646.83852
  rho grid: [2646.83851815 2344.74634281 2077.13291703 1840.06307046 1630.05076638
 1444.00784062 1279.1985911  1133.19955019 1003.86384842  889.28964541
  787.79216393  697.87891577  618.22775521  547.66743725  485.16039485
  429.78748182  380.73445707  337.28001149  298.78516125  264.68385181]
Running run_tlasso over 20 rho values, extending until FPR >= 0.3...
  rho=2646.83852 (1/20)
    fp=0.0000 tp=0.0000  [0.1s]
   nu  = 3.0000
  rho=2344.74634 (2/20)
    fp=0.0004 tp=0.0000  [0.1s]
   nu  = 3.0000
  rho=2077.13292 (3/20)
    fp=0.0004 tp=0.0000  [0.1s]
   nu  = 3.0000
  rho=1840.06307 (4/20)
    fp=0.0004 tp=0.0000  [0.1s]
   nu  = 3.0000
  rho=1630.05077 (5/20)
    fp=0.0004 tp=0.0000  [0.1s]
   nu  = 3.0000
  rho=1444.00784 (6/20)
    fp=0.0004 tp=0.0000  [0.1s]
   nu  = 3.0000
  rho=1279.19859 (7/20)
    fp=0.0004 tp=0.0000  [0.1s]
   nu  = 3.0000
  rho=1133.19955 (8/20)
    fp=0.0004 tp=0.0000  [0.1s]
   nu  = 3.0000
  rho=1003.86385 (9/20)
    fp=0.0004 tp=0.0000  [0.1s]
   nu  = 3.0000
  rho=889.28965 (10/20)
    fp=0.0006 tp=0.0000  [0.1s]
   nu  = 3.0000
  rho=787.79216 (11/20)
    fp=0.0008 tp=0.0000  [0.1s]
   nu  = 3.0000
  rho=697.87892 (12/20)
    fp=0.0010 tp=0.0000  [0.1s]
   nu  = 3.0000
  rho=618.22776 (13/20)
    fp=0.0010 tp=0.0000  [0.1s]
   nu  = 3.0000
  rho=547.66744 (14/20)
    fp=0.0012 tp=0.0000  [0.1s]
   nu  = 3.0000
  rho=485.16039 (15/20)
    fp=0.0014 tp=0.0000  [0.1s]
   nu  = 3.0000
  rho=429.78748 (16/20)
    fp=0.0014 tp=0.0000  [0.1s]
   nu  = 3.0000
  rho=380.73446 (17/20)
    fp=0.0018 tp=0.0000  [0.1s]
   nu  = 3.0000
  rho=337.28001 (18/20)
    fp=0.0025 tp=0.0000  [0.1s]
   nu  = 3.0000
  rho=298.78516 (19/20)
    fp=0.0031 tp=0.0000  [0.1s]
   nu  = 3.0000
  rho=264.68385 (20/20)
    fp=0.0039 tp=0.0000  [0.1s]
   nu  = 3.0000
  rho=234.47463 (21/21)  [extra 1/50]
    fp=0.0047 tp=0.0000  [0.1s]
   nu  = 3.0000
  rho=207.71329 (22/22)  [extra 2/50]
    fp=0.0058 tp=0.0000  [0.1s]
   nu  = 3.0000
  rho=184.00631 (23/23)  [extra 3/50]
    fp=0.0076 tp=0.0120  [0.1s]
   nu  = 3.0000
  rho=163.00508 (24/24)  [extra 4/50]
    fp=0.0090 tp=0.0120  [0.1s]
   nu  = 3.0000
  rho=144.40078 (25/25)  [extra 5/50]
    fp=0.0105 tp=0.0120  [0.1s]
   nu  = 3.0000
  rho=127.91986 (26/26)  [extra 6/50]
    fp=0.0113 tp=0.0120  [0.1s]
   nu  = 3.0000
  rho=113.31996 (27/27)  [extra 7/50]
    fp=0.0131 tp=0.0120  [0.1s]
   nu  = 3.0000
  rho=100.38638 (28/28)  [extra 8/50]
    fp=0.0160 tp=0.0361  [0.1s]
   nu  = 3.0000
  rho=88.92896 (29/29)  [extra 9/50]
    fp=0.0183 tp=0.0361  [0.1s]
   nu  = 3.0000
  rho=78.77922 (30/30)  [extra 10/50]
    fp=0.0208 tp=0.0361  [0.1s]
   nu  = 3.0000
  rho=69.78789 (31/31)  [extra 11/50]
    fp=0.0224 tp=0.0361  [0.2s]
   nu  = 3.0000
  rho=61.82278 (32/32)  [extra 12/50]
    fp=0.0259 tp=0.0361  [0.1s]
   nu  = 3.0000
  rho=54.76674 (33/33)  [extra 13/50]
    fp=0.0304 tp=0.0602  [0.1s]
   nu  = 3.0000
  rho=48.51604 (34/34)  [extra 14/50]
    fp=0.0325 tp=0.0602  [0.2s]
   nu  = 3.0000
  rho=42.97875 (35/35)  [extra 15/50]
    fp=0.0351 tp=0.0723  [0.1s]
   nu  = 3.0000
  rho=38.07345 (36/36)  [extra 16/50]
    fp=0.0380 tp=0.0723  [0.1s]
   nu  = 3.0000
  rho=33.72800 (37/37)  [extra 17/50]
    fp=0.0434 tp=0.0723  [0.2s]
   nu  = 3.0000
  rho=29.87852 (38/38)  [extra 18/50]
    fp=0.0487 tp=0.0723  [0.1s]
   nu  = 3.0000
  rho=26.46839 (39/39)  [extra 19/50]
    fp=0.0544 tp=0.0723  [0.1s]
   nu  = 3.0000
  rho=23.44746 (40/40)  [extra 20/50]
    fp=0.0610 tp=0.0843  [0.1s]
   nu  = 3.0000
  rho=20.77133 (41/41)  [extra 21/50]
    fp=0.0688 tp=0.1205  [0.1s]
   nu  = 3.0000
  rho=18.40063 (42/42)  [extra 22/50]
    fp=0.0783 tp=0.1205  [0.2s]
   nu  = 3.0000
  rho=16.30051 (43/43)  [extra 23/50]
    fp=0.0871 tp=0.1566  [0.2s]
   nu  = 3.0000
  rho=14.44008 (44/44)  [extra 24/50]
    fp=0.0970 tp=0.1566  [0.2s]
   nu  = 3.0000
  rho=12.79199 (45/45)  [extra 25/50]
    fp=0.1091 tp=0.1928  [0.2s]
   nu  = 3.0000
  rho=11.33200 (46/46)  [extra 26/50]
    fp=0.1282 tp=0.2048  [0.3s]
   nu  = 3.0000
  rho=10.03864 (47/47)  [extra 27/50]
    fp=0.1469 tp=0.2169  [0.2s]
   nu  = 3.0000
  rho=8.89290 (48/48)  [extra 28/50]
    fp=0.1666 tp=0.2530  [0.2s]
   nu  = 3.0000
  rho=7.87792 (49/49)  [extra 29/50]
    fp=0.1884 tp=0.2771  [0.3s]
   nu  = 3.0000
  rho=6.97879 (50/50)  [extra 30/50]
    fp=0.2127 tp=0.3012  [0.3s]
   nu  = 3.0000
  rho=6.18228 (51/51)  [extra 31/50]
    fp=0.2375 tp=0.3253  [0.4s]
   nu  = 3.0000
  rho=5.47667 (52/52)  [extra 32/50]
    fp=0.2581 tp=0.3614  [0.4s]
   nu  = 3.0000
  rho=4.85160 (53/53)  [extra 33/50]
    fp=0.2819 tp=0.3976  [0.4s]
   nu  = 3.0000
  rho=4.29787 (54/54)  [extra 34/50]
    fp=0.3086 tp=0.4337  [0.4s]
   nu  = 3.0000
  FPR 0.3086 >= fp_end=0.3; stopping after 54 fits
  grid extended by 34 points down to rho=4.29787, ending at FPR 0.3086
  pilot fit of run_tstar_varlasso at rho=0.30349
  -> rho_max = max|S_ij| (off-diag) = 0.80368
  rho grid: [0.80367854 0.71195213 0.63069475 0.55871153 0.49494399 0.43845444
 0.38841223 0.3440815  0.30481037 0.27002139 0.23920298 0.21190197
 0.18771692 0.16629219 0.14731273 0.13049945 0.11560513 0.10241075
 0.09072228 0.08036785]
Running run_tstar_varlasso over 20 rho values, extending until FPR >= 0.3...
  rho=0.80368 (1/20)
    fp=0.0014 tp=0.0120  [0.1s]
   nu  = 3.0000
  rho=0.71195 (2/20)
    fp=0.0018 tp=0.0120  [0.1s]
   nu  = 3.0000
  rho=0.63069 (3/20)
    fp=0.0043 tp=0.0241  [0.1s]
   nu  = 3.0000
  rho=0.55871 (4/20)
    fp=0.0070 tp=0.0482  [0.1s]
   nu  = 3.0000
  rho=0.49494 (5/20)
    fp=0.0101 tp=0.0602  [0.1s]
   nu  = 3.0000
  rho=0.43845 (6/20)
    fp=0.0144 tp=0.0723  [0.1s]
   nu  = 3.0000
  rho=0.38841 (7/20)
    fp=0.0251 tp=0.1446  [0.1s]
   nu  = 3.0000
  rho=0.34408 (8/20)
    fp=0.0360 tp=0.1446  [0.1s]
   nu  = 3.0000
  rho=0.30481 (9/20)
    fp=0.0505 tp=0.1928  [0.1s]
   nu  = 3.0000
  rho=0.27002 (10/20)
    fp=0.0670 tp=0.2410  [0.1s]
   nu  = 3.0000
  rho=0.23920 (11/20)
    fp=0.0849 tp=0.3133  [0.1s]
   nu  = 3.0000
  rho=0.21190 (12/20)
    fp=0.1068 tp=0.3494  [0.1s]
   nu  = 3.0000
  rho=0.18772 (13/20)
    fp=0.1311 tp=0.4337  [0.2s]
   nu  = 3.0000
  rho=0.16629 (14/20)
    fp=0.1559 tp=0.4699  [0.2s]
   nu  = 3.0000
  rho=0.14731 (15/20)
    fp=0.1820 tp=0.5301  [0.1s]
   nu  = 3.0000
  rho=0.13050 (16/20)
    fp=0.2102 tp=0.5783  [0.1s]
   nu  = 3.0000
  rho=0.11561 (17/20)
    fp=0.2359 tp=0.6145  [0.1s]
   nu  = 3.0000
  rho=0.10241 (18/20)
    fp=0.2620 tp=0.6506  [0.2s]
   nu  = 3.0000
  rho=0.09072 (19/20)
    fp=0.2864 tp=0.6627  [3.5s]
   nu  = 3.0000
  rho=0.08037 (20/20)
    fp=0.3113 tp=0.6867  [0.2s]
   nu  = 3.0000
  FPR 0.3113 >= fp_end=0.3; stopping after 20 fits
  pilot fit of run_em_diagonal at rho=0.30349
  -> rho_max = max|S_ij| (off-diag) = 0.54848
  rho grid: [0.54848104 0.48588114 0.43042597 0.38130007 0.33778107 0.29922903
 0.26507706 0.23482297 0.20802187 0.18427966 0.16324723 0.1446153
 0.12810989 0.1134883  0.10053552 0.08906108 0.07889625 0.06989157
 0.06191462 0.0548481 ]
Running run_em_diagonal over 20 rho values, extending until FPR >= 0.3...
  rho=0.54848 (1/20)
    fp=0.0002 tp=0.0120  [10.7s]
   median nu  = 0.369
   median |eta| = 1.86
  rho=0.48588 (2/20)
    fp=0.0004 tp=0.0482  [10.6s]
   median nu  = 0.392
   median |eta| = 1.686
  rho=0.43043 (3/20)
    fp=0.0006 tp=0.0723  [10.5s]
   median nu  = 0.416
   median |eta| = 1.486
  rho=0.38130 (4/20)
    fp=0.0027 tp=0.1205  [10.6s]
   median nu  = 0.441
   median |eta| = 1.441
  rho=0.33778 (5/20)
    fp=0.0068 tp=0.1446  [10.4s]
   median nu  = 0.464
   median |eta| = 1.399
  rho=0.29923 (6/20)
    fp=0.0121 tp=0.1807  [10.3s]
   median nu  = 0.486
   median |eta| = 1.357
  rho=0.26508 (7/20)
    fp=0.0222 tp=0.2169  [10.3s]
   median nu  = 0.508
   median |eta| = 1.324
  rho=0.23482 (8/20)
    fp=0.0312 tp=0.2410  [10.2s]
   median nu  = 0.529
   median |eta| = 1.299
  rho=0.20802 (9/20)
    fp=0.0462 tp=0.3253  [10.1s]
   median nu  = 0.549
   median |eta| = 1.282
  rho=0.18428 (10/20)
    fp=0.0639 tp=0.3614  [10.2s]
   median nu  = 0.567
   median |eta| = 1.248
  rho=0.16325 (11/20)
    fp=0.0795 tp=0.3855  [10.2s]
   median nu  = 0.59
   median |eta| = 1.22
  rho=0.14462 (12/20)
    fp=0.0951 tp=0.4217  [10.3s]
   median nu  = 0.604
   median |eta| = 1.159
  rho=0.12811 (13/20)
    fp=0.1128 tp=0.4578  [10.1s]
   median nu  = 0.605
   median |eta| = 1.194
  rho=0.11349 (14/20)
    fp=0.1323 tp=0.4940  [10.1s]
   median nu  = 0.6
   median |eta| = 1.159
  rho=0.10054 (15/20)
    fp=0.1520 tp=0.5181  [10.1s]
   median nu  = 0.616
   median |eta| = 1.158
  rho=0.08906 (16/20)
    fp=0.1699 tp=0.5422  [10.4s]
   median nu  = 0.639
   median |eta| = 1.137
  rho=0.07890 (17/20)
    fp=0.1851 tp=0.5783  [10.8s]
   median nu  = 0.715
   median |eta| = 1.152
  rho=0.06989 (18/20)
    fp=0.2026 tp=0.5904  [10.8s]
   median nu  = 0.705
   median |eta| = 1.178
  rho=0.06191 (19/20)
    fp=0.2166 tp=0.6265  [10.5s]
   median nu  = 0.725
   median |eta| = 1.134
  rho=0.05485 (20/20)
    fp=0.2338 tp=0.6265  [10.4s]
   median nu  = 0.76
   median |eta| = 1.171
  rho=0.04859 (21/21)  [extra 1/50]
    fp=0.2486 tp=0.6506  [10.3s]
   median nu  = 0.76
   median |eta| = 1.093
  rho=0.04304 (22/22)  [extra 2/50]
    fp=0.2638 tp=0.6747  [10.3s]
   median nu  = 0.764
   median |eta| = 1.063
  rho=0.03813 (23/23)  [extra 3/50]
    fp=0.2778 tp=0.6747  [10.4s]
   median nu  = 0.784
   median |eta| = 1.109
  rho=0.03378 (24/24)  [extra 4/50]
    fp=0.2940 tp=0.6867  [10.4s]
   median nu  = 0.807
   median |eta| = 1.213
  rho=0.02992 (25/25)  [extra 5/50]
    fp=0.3020 tp=0.7108  [10.7s]
   median nu  = 0.845
   median |eta| = 1.262
  FPR 0.3020 >= fp_end=0.3; stopping after 25 fits
  grid extended by 5 points down to rho=0.02992, ending at FPR 0.3020
  pilot fit of run_em_exact at rho=0.30349
  -> rho_max = max|S_ij| (off-diag) = 0.56856
  rho grid: [0.56855702 0.50366578 0.44618079 0.39525675 0.35014482 0.31018167
 0.27477964 0.24341816 0.21563606 0.19102483 0.16922255 0.14990864
 0.13279908 0.1176423  0.10421541 0.09232097 0.08178408 0.0724498
 0.06418087 0.0568557 ]
Running run_em_exact over 20 rho values, extending until FPR >= 0.3...
  rho=0.56856 (1/20)
    fp=0.0002 tp=0.0120  [10.5s]
   median nu  = 0.362
   median |eta| = 1.874
  rho=0.50367 (2/20)
    fp=0.0004 tp=0.0361  [10.4s]
   median nu  = 0.386
   median |eta| = 1.761
  rho=0.44618 (3/20)
    fp=0.0006 tp=0.0723  [10.5s]
   median nu  = 0.415
   median |eta| = 1.518
  rho=0.39526 (4/20)
    fp=0.0021 tp=0.0964  [10.5s]
   median nu  = 0.443
   median |eta| = 1.402
  rho=0.35014 (5/20)
    fp=0.0051 tp=0.1325  [10.3s]
   median nu  = 0.48
   median |eta| = 1.364
  rho=0.31018 (6/20)
    fp=0.0121 tp=0.1807  [10.3s]
   median nu  = 0.517
   median |eta| = 1.24
  rho=0.27478 (7/20)
    fp=0.0226 tp=0.2169  [10.2s]
   median nu  = 0.556
   median |eta| = 1.097
  rho=0.24342 (8/20)
    fp=0.0345 tp=0.2289  [9.9s]
   median nu  = 0.584
   median |eta| = 0.977
  rho=0.21564 (9/20)
    fp=0.0518 tp=0.3253  [9.5s]
   median nu  = 0.631
   median |eta| = 0.832
  rho=0.19102 (10/20)
    fp=0.0725 tp=0.3614  [9.4s]
   median nu  = 0.705
   median |eta| = 0.795
  rho=0.16922 (11/20)
    fp=0.0906 tp=0.3855  [9.0s]
   median nu  = 0.781
   median |eta| = 0.621
  rho=0.14991 (12/20)
    fp=0.1165 tp=0.4096  [8.8s]
   median nu  = 0.837
   median |eta| = 0.446
  rho=0.13280 (13/20)
    fp=0.1420 tp=0.4458  [8.4s]
   median nu  = 0.917
   median |eta| = 0.346
  rho=0.11764 (14/20)
    fp=0.1648 tp=0.5181  [9.1s]
   median nu  = 1.011
   median |eta| = 0.271
  rho=0.10422 (15/20)
    fp=0.1853 tp=0.5422  [8.9s]
   median nu  = 1.093
   median |eta| = 0.219
  rho=0.09232 (16/20)
    fp=0.2079 tp=0.5904  [8.9s]
   median nu  = 1.176
   median |eta| = 0.17
  rho=0.08178 (17/20)
    fp=0.2303 tp=0.5904  [8.6s]
   median nu  = 1.267
   median |eta| = 0.127
  rho=0.07245 (18/20)
    fp=0.2552 tp=0.6386  [8.7s]
   median nu  = 1.344
   median |eta| = 0.101
  rho=0.06418 (19/20)
    fp=0.2731 tp=0.6867  [8.5s]
   median nu  = 1.463
   median |eta| = 0.076
  rho=0.05686 (20/20)
    fp=0.2907 tp=0.6867  [8.4s]
   median nu  = 1.6
   median |eta| = 0.059
  rho=0.05037 (21/21)  [extra 1/50]
    fp=0.3043 tp=0.6988  [7.5s]
   median nu  = 1.728
   median |eta| = 0.043
  FPR 0.3043 >= fp_end=0.3; stopping after 21 fits
  grid extended by 1 points down to rho=0.05037, ending at FPR 0.3043
  graphical_lasso rho_max = max|S_ij| (off-diag) = 151.63689
  rho grid: [151.63689118 134.3300861  118.99856223 105.41687439  93.38530817
  82.72694322  73.28505167  64.92079351  57.51117497  50.94723999
  45.13246797  39.98135454  35.41815422  31.3757666   27.79474966
  24.62244567  21.81220692  19.32270973  17.11734685  15.16368912]
Running graphical_lasso over 20 rho values, extending until FPR >= 0.3...
  rho=151.63689 (1/20)
    fp=0.0000 tp=0.0000  [0.0s]
  rho=134.33009 (2/20)
    fp=0.0004 tp=0.0000  [0.0s]
  rho=118.99856 (3/20)
    fp=0.0004 tp=0.0000  [8.4s]
  rho=105.41687 (4/20)
    fp=0.0006 tp=0.0000  [8.4s]
  rho=93.38531 (5/20)
    fp=0.0006 tp=0.0000  [8.5s]
  rho=82.72694 (6/20)
    fp=0.0006 tp=0.0000  [0.0s]
  rho=73.28505 (7/20)
    fp=0.0006 tp=0.0000  [0.0s]
  rho=64.92079 (8/20)
    fp=0.0006 tp=0.0000  [8.5s]
  rho=57.51117 (9/20)
    fp=0.0006 tp=0.0000  [0.0s]
  rho=50.94724 (10/20)
    fp=0.0008 tp=0.0000  [0.0s]
  rho=45.13247 (11/20)
    fp=0.0010 tp=0.0000  [8.7s]
  rho=39.98135 (12/20)
    fp=0.0012 tp=0.0000  [8.6s]
  rho=35.41815 (13/20)
    fp=0.0012 tp=0.0000  [8.6s]
  rho=31.37577 (14/20)
    fp=0.0010 tp=0.0000  [0.0s]
  rho=27.79475 (15/20)
    fp=0.0014 tp=0.0000  [0.0s]
  rho=24.62245 (16/20)
    fp=0.0016 tp=0.0000  [0.0s]
  rho=21.81221 (17/20)
    fp=0.0021 tp=0.0000  [0.0s]
  rho=19.32271 (18/20)
    fp=0.0027 tp=0.0000  [0.0s]
  rho=17.11735 (19/20)
    fp=0.0037 tp=0.0000  [0.1s]
  rho=15.16369 (20/20)
    fp=0.0045 tp=0.0000  [0.0s]
  rho=13.43301 (21/21)  [extra 1/50]
    fp=0.0058 tp=0.0120  [0.0s]
  rho=11.89986 (22/22)  [extra 2/50]
    fp=0.0070 tp=0.0120  [0.0s]
  rho=10.54169 (23/23)  [extra 3/50]
    fp=0.0084 tp=0.0120  [0.0s]
  rho=9.33853 (24/24)  [extra 4/50]
    fp=0.0101 tp=0.0120  [0.0s]
  rho=8.27269 (25/25)  [extra 5/50]
    fp=0.0105 tp=0.0120  [0.0s]
  rho=7.32851 (26/26)  [extra 6/50]
    fp=0.0125 tp=0.0120  [0.1s]
  rho=6.49208 (27/27)  [extra 7/50]
    fp=0.0146 tp=0.0120  [0.1s]
  rho=5.75112 (28/28)  [extra 8/50]
    fp=0.0173 tp=0.0361  [0.1s]
  rho=5.09472 (29/29)  [extra 9/50]
    fp=0.0205 tp=0.0361  [0.0s]
  rho=4.51325 (30/30)  [extra 10/50]
    fp=0.0218 tp=0.0361  [0.4s]
  rho=3.99814 (31/31)  [extra 11/50]
    fp=0.0242 tp=0.0361  [0.1s]
  rho=3.54182 (32/32)  [extra 12/50]
    fp=0.0292 tp=0.0482  [0.0s]
  rho=3.13758 (33/33)  [extra 13/50]
    fp=0.0316 tp=0.0602  [0.3s]
  rho=2.77947 (34/34)  [extra 14/50]
    fp=0.0351 tp=0.0602  [0.1s]
  rho=2.46224 (35/35)  [extra 15/50]
    fp=0.0390 tp=0.0602  [0.2s]
  rho=2.18122 (36/36)  [extra 16/50]
    fp=0.0468 tp=0.0723  [0.4s]
  rho=1.93227 (37/37)  [extra 17/50]
    fp=0.0526 tp=0.0843  [0.1s]
  rho=1.71173 (38/38)  [extra 18/50]
    fp=0.0596 tp=0.1084  [0.1s]
  rho=1.51637 (39/39)  [extra 19/50]
    fp=0.0690 tp=0.1205  [0.1s]
  rho=1.34330 (40/40)  [extra 20/50]
    fp=0.0787 tp=0.1325  [0.0s]
  rho=1.18999 (41/41)  [extra 21/50]
    fp=0.0925 tp=0.1325  [0.3s]
  rho=1.05417 (42/42)  [extra 22/50]
    fp=0.1077 tp=0.1807  [0.0s]
  rho=0.93385 (43/43)  [extra 23/50]
    fp=0.1249 tp=0.2048  [0.0s]
  rho=0.82727 (44/44)  [extra 24/50]
    fp=0.1453 tp=0.2169  [0.1s]
  rho=0.73285 (45/45)  [extra 25/50]
    fp=0.1705 tp=0.2289  [0.1s]
  rho=0.64921 (46/46)  [extra 26/50]
    fp=0.1892 tp=0.2410  [0.1s]
  rho=0.57511 (47/47)  [extra 27/50]
    fp=0.2151 tp=0.2530  [0.2s]
  rho=0.50947 (48/48)  [extra 28/50]
    fp=0.2392 tp=0.3012  [0.2s]
  rho=0.45132 (49/49)  [extra 29/50]
    fp=0.2605 tp=0.3494  [0.6s]
  rho=0.39981 (50/50)  [extra 30/50]
    fp=0.2825 tp=0.4096  [0.1s]
  rho=0.35418 (51/51)  [extra 31/50]
    fp=0.3084 tp=0.4458  [0.1s]
  FPR 0.3084 >= fp_end=0.3; stopping after 51 fits
  [note] 7/51 fits hit a glasso ConvergenceWarning (suppressed)
  grid extended by 31 points down to rho=0.35418, ending at FPR 0.3084
  [warn] mean_roc averages out to FPR 0.300 but the shortest replicate only reached 0.253; its TPR is held flat above that
  [warn] mean_roc averages out to FPR 0.300 but the shortest replicate only reached 0.208; its TPR is held flat above that

(p=100, n=50) over 6 replicates
  t+lasso  (run_em_diagonal):    AUC = 0.141 (SE 0.004)
  ~t+lasso (run_em_exact):       AUC = 0.133 (SE 0.004)
  tlasso   (run_tlasso):         AUC = 0.048 (SE 0.004)
  t*lasso  (run_tstar_varlasso): AUC = 0.111 (SE 0.005)
  glasso   (graphical_lasso):    AUC = 0.048 (SE 0.004)
Replicate 7/50
  Theta: 79/4950 edges
  pilot fit of run_tlasso at rho=30.34854
  -> rho_max = max|S_ij| (off-diag) = 434.19878
  rho grid: [434.19877691 384.6422769  340.74181929 301.85186182 267.40054001
 236.88125813 209.84523985 185.89492911 164.6781442  145.88289905
 129.23281556 114.48305954 101.41674051  89.84172241  79.58779827
  70.50418741  62.45731821  55.32886402  49.01400319  43.41987769]
Running run_tlasso over 20 rho values, extending until FPR >= 0.3...
  rho=434.19878 (1/20)
    fp=0.0004 tp=0.0000  [0.1s]
   nu  = 3.0000
  rho=384.64228 (2/20)
    fp=0.0004 tp=0.0000  [0.1s]
   nu  = 3.0000
  rho=340.74182 (3/20)
    fp=0.0006 tp=0.0000  [0.1s]
   nu  = 3.0000
  rho=301.85186 (4/20)
    fp=0.0014 tp=0.0000  [0.1s]
   nu  = 3.0000
  rho=267.40054 (5/20)
    fp=0.0016 tp=0.0000  [0.1s]
   nu  = 3.0000
  rho=236.88126 (6/20)
    fp=0.0016 tp=0.0000  [0.1s]
   nu  = 3.0000
  rho=209.84524 (7/20)
    fp=0.0018 tp=0.0000  [0.1s]
   nu  = 3.0000
  rho=185.89493 (8/20)
    fp=0.0018 tp=0.0000  [0.1s]
   nu  = 3.0000
  rho=164.67814 (9/20)
    fp=0.0021 tp=0.0000  [0.1s]
   nu  = 3.0000
  rho=145.88290 (10/20)
    fp=0.0027 tp=0.0000  [0.1s]
   nu  = 3.0000
  rho=129.23282 (11/20)
    fp=0.0039 tp=0.0000  [0.1s]
   nu  = 3.0000
  rho=114.48306 (12/20)
    fp=0.0043 tp=0.0000  [0.1s]
   nu  = 3.0000
  rho=101.41674 (13/20)
    fp=0.0047 tp=0.0000  [0.1s]
   nu  = 3.0000
  rho=89.84172 (14/20)
    fp=0.0057 tp=0.0000  [0.1s]
   nu  = 3.0000
  rho=79.58780 (15/20)
    fp=0.0070 tp=0.0127  [0.1s]
   nu  = 3.0000
  rho=70.50419 (16/20)
    fp=0.0086 tp=0.0253  [0.1s]
   nu  = 3.0000
  rho=62.45732 (17/20)
    fp=0.0109 tp=0.0253  [0.1s]
   nu  = 3.0000
  rho=55.32886 (18/20)
    fp=0.0140 tp=0.0253  [0.1s]
   nu  = 3.0000
  rho=49.01400 (19/20)
    fp=0.0181 tp=0.0253  [0.1s]
   nu  = 3.0000
  rho=43.41988 (20/20)
    fp=0.0222 tp=0.0253  [0.1s]
   nu  = 3.0000
  rho=38.46423 (21/21)  [extra 1/50]
    fp=0.0269 tp=0.0253  [0.1s]
   nu  = 3.0000
  rho=34.07418 (22/22)  [extra 2/50]
    fp=0.0335 tp=0.0253  [0.1s]
   nu  = 3.0000
  rho=30.18519 (23/23)  [extra 3/50]
    fp=0.0402 tp=0.0506  [0.1s]
   nu  = 3.0000
  rho=26.74005 (24/24)  [extra 4/50]
    fp=0.0482 tp=0.0506  [0.1s]
   nu  = 3.0000
  rho=23.68813 (25/25)  [extra 5/50]
    fp=0.0579 tp=0.0633  [0.2s]
   nu  = 3.0000
  rho=20.98452 (26/26)  [extra 6/50]
    fp=0.0690 tp=0.0886  [0.2s]
   nu  = 3.0000
  rho=18.58949 (27/27)  [extra 7/50]
    fp=0.0827 tp=0.1013  [0.1s]
   nu  = 3.0000
  rho=16.46781 (28/28)  [extra 8/50]
    fp=0.0953 tp=0.1139  [0.1s]
   nu  = 3.0000
  rho=14.58829 (29/29)  [extra 9/50]
    fp=0.1133 tp=0.1392  [0.2s]
   nu  = 3.0000
  rho=12.92328 (30/30)  [extra 10/50]
    fp=0.1295 tp=0.1519  [0.2s]
   nu  = 3.0000
  rho=11.44831 (31/31)  [extra 11/50]
    fp=0.1466 tp=0.2152  [0.2s]
   nu  = 3.0000
  rho=10.14167 (32/32)  [extra 12/50]
    fp=0.1624 tp=0.2532  [0.2s]
   nu  = 3.0000
  rho=8.98417 (33/33)  [extra 13/50]
    fp=0.1805 tp=0.2658  [0.3s]
   nu  = 3.0000
  rho=7.95878 (34/34)  [extra 14/50]
    fp=0.2018 tp=0.2911  [0.2s]
   nu  = 3.0000
  rho=7.05042 (35/35)  [extra 15/50]
    fp=0.2264 tp=0.3165  [0.2s]
   nu  = 3.0000
  rho=6.24573 (36/36)  [extra 16/50]
    fp=0.2519 tp=0.3165  [0.3s]
   nu  = 3.0000
  rho=5.53289 (37/37)  [extra 17/50]
    fp=0.2802 tp=0.3797  [0.3s]
   nu  = 3.0000
  rho=4.90140 (38/38)  [extra 18/50]
    fp=0.3069 tp=0.4177  [0.3s]
   nu  = 3.0000
  FPR 0.3069 >= fp_end=0.3; stopping after 38 fits
  grid extended by 18 points down to rho=4.90140, ending at FPR 0.3069
  pilot fit of run_tstar_varlasso at rho=0.30349
  -> rho_max = max|S_ij| (off-diag) = 0.96646
  rho grid: [0.96645513 0.8561505  0.7584353  0.67187264 0.59518966 0.52725875
 0.46708102 0.41377156 0.36654649 0.32471136 0.28765101 0.25482048
 0.225737   0.19997291 0.17714936 0.15693074 0.13901973 0.12315296
 0.10909712 0.09664551]
Running run_tstar_varlasso over 20 rho values, extending until FPR >= 0.3...
  rho=0.96646 (1/20)
    fp=0.0010 tp=0.0127  [0.2s]
   nu  = 3.0000
  rho=0.85615 (2/20)
    fp=0.0018 tp=0.0127  [0.1s]
   nu  = 3.0000
  rho=0.75844 (3/20)
    fp=0.0031 tp=0.0127  [0.1s]
   nu  = 3.0000
  rho=0.67187 (4/20)
    fp=0.0039 tp=0.0253  [0.1s]
   nu  = 3.0000
  rho=0.59519 (5/20)
    fp=0.0062 tp=0.0380  [0.1s]
   nu  = 3.0000
  rho=0.52726 (6/20)
    fp=0.0090 tp=0.0633  [0.1s]
   nu  = 3.0000
  rho=0.46708 (7/20)
    fp=0.0138 tp=0.0759  [0.1s]
   nu  = 3.0000
  rho=0.41377 (8/20)
    fp=0.0226 tp=0.0886  [0.1s]
   nu  = 3.0000
  rho=0.36655 (9/20)
    fp=0.0339 tp=0.1392  [0.1s]
   nu  = 3.0000
  rho=0.32471 (10/20)
    fp=0.0472 tp=0.2278  [0.1s]
   nu  = 3.0000
  rho=0.28765 (11/20)
    fp=0.0657 tp=0.2911  [0.1s]
   nu  = 3.0000
  rho=0.25482 (12/20)
    fp=0.0856 tp=0.3038  [0.1s]
   nu  = 3.0000
  rho=0.22574 (13/20)
    fp=0.1107 tp=0.3418  [0.1s]
   nu  = 3.0000
  rho=0.19997 (14/20)
    fp=0.1316 tp=0.3924  [0.2s]
   nu  = 3.0000
  rho=0.17715 (15/20)
    fp=0.1554 tp=0.3924  [0.2s]
   nu  = 3.0000
  rho=0.15693 (16/20)
    fp=0.1766 tp=0.4810  [0.2s]
   nu  = 3.0000
  rho=0.13902 (17/20)
    fp=0.2028 tp=0.5063  [0.2s]
   nu  = 3.0000
  rho=0.12315 (18/20)
    fp=0.2242 tp=0.5190  [0.2s]
   nu  = 3.0000
  rho=0.10910 (19/20)
    fp=0.2480 tp=0.5570  [0.2s]
   nu  = 3.0000
  rho=0.09665 (20/20)
    fp=0.2743 tp=0.5949  [0.2s]
   nu  = 3.0000
  rho=0.08562 (21/21)  [extra 1/50]
    fp=0.2981 tp=0.6203  [0.2s]
   nu  = 3.0000
  rho=0.07584 (22/22)  [extra 2/50]
    fp=0.3233 tp=0.6456  [0.3s]
   nu  = 3.0000
  FPR 0.3233 >= fp_end=0.3; stopping after 22 fits
  grid extended by 2 points down to rho=0.07584, ending at FPR 0.3233
  pilot fit of run_em_diagonal at rho=0.30349
  -> rho_max = max|S_ij| (off-diag) = 0.56598
  rho grid: [0.5659795  0.50138244 0.44415806 0.39346487 0.34855746 0.30877548
 0.27353394 0.24231464 0.21465849 0.19015883 0.16845539 0.14922904
 0.13219705 0.11710897 0.10374295 0.09190243 0.08141331 0.07212135
 0.06388991 0.05659795]
Running run_em_diagonal over 20 rho values, extending until FPR >= 0.3...
  rho=0.56598 (1/20)
    fp=0.0010 tp=0.0000  [10.1s]
   median nu  = 0.34
   median |eta| = 1.29
  rho=0.50138 (2/20)
    fp=0.0014 tp=0.0000  [9.9s]
   median nu  = 0.372
   median |eta| = 1.294
  rho=0.44416 (3/20)
    fp=0.0031 tp=0.0127  [9.8s]
   median nu  = 0.392
   median |eta| = 1.275
  rho=0.39346 (4/20)
    fp=0.0078 tp=0.0380  [9.9s]
   median nu  = 0.424
   median |eta| = 1.277
  rho=0.34856 (5/20)
    fp=0.0111 tp=0.0506  [9.8s]
   median nu  = 0.456
   median |eta| = 1.307
  rho=0.30878 (6/20)
    fp=0.0170 tp=0.0886  [9.8s]
   median nu  = 0.486
   median |eta| = 1.299
  rho=0.27353 (7/20)
    fp=0.0248 tp=0.1266  [9.9s]
   median nu  = 0.524
   median |eta| = 1.257
  rho=0.24231 (8/20)
    fp=0.0349 tp=0.2025  [9.9s]
   median nu  = 0.564
   median |eta| = 1.227
  rho=0.21466 (9/20)
    fp=0.0460 tp=0.2658  [9.8s]
   median nu  = 0.586
   median |eta| = 1.156
  rho=0.19016 (10/20)
    fp=0.0612 tp=0.3038  [9.8s]
   median nu  = 0.609
   median |eta| = 1.145
  rho=0.16846 (11/20)
    fp=0.0823 tp=0.3418  [9.9s]
   median nu  = 0.643
   median |eta| = 1.161
  rho=0.14923 (12/20)
    fp=0.0975 tp=0.4177  [9.9s]
   median nu  = 0.68
   median |eta| = 1.094
  rho=0.13220 (13/20)
    fp=0.1174 tp=0.4557  [10.0s]
   median nu  = 0.721
   median |eta| = 1.048
  rho=0.11711 (14/20)
    fp=0.1345 tp=0.4937  [10.0s]
   median nu  = 0.759
   median |eta| = 1.023
  rho=0.10374 (15/20)
    fp=0.1536 tp=0.5316  [9.9s]
   median nu  = 0.762
   median |eta| = 0.987
  rho=0.09190 (16/20)
    fp=0.1749 tp=0.5570  [9.9s]
   median nu  = 0.754
   median |eta| = 0.943
  rho=0.08141 (17/20)
    fp=0.1887 tp=0.5696  [9.9s]
   median nu  = 0.755
   median |eta| = 0.919
  rho=0.07212 (18/20)
    fp=0.2043 tp=0.5949  [9.7s]
   median nu  = 0.742
   median |eta| = 0.924
  rho=0.06389 (19/20)
    fp=0.2197 tp=0.6076  [10.0s]
   median nu  = 0.757
   median |eta| = 0.926
  rho=0.05660 (20/20)
    fp=0.2367 tp=0.6203  [10.2s]
   median nu  = 0.784
   median |eta| = 0.92
  rho=0.05014 (21/21)  [extra 1/50]
    fp=0.2486 tp=0.6203  [9.9s]
   median nu  = 0.869
   median |eta| = 0.888
  rho=0.04442 (22/22)  [extra 2/50]
    fp=0.2611 tp=0.6203  [10.1s]
   median nu  = 0.886
   median |eta| = 0.854
  rho=0.03935 (23/23)  [extra 3/50]
    fp=0.2759 tp=0.6456  [9.6s]
   median nu  = 0.93
   median |eta| = 0.793
  rho=0.03486 (24/24)  [extra 4/50]
    fp=0.2903 tp=0.6835  [9.4s]
   median nu  = 0.936
   median |eta| = 0.756
  rho=0.03088 (25/25)  [extra 5/50]
    fp=0.2954 tp=0.6709  [9.7s]
   median nu  = 0.944
   median |eta| = 0.831
  rho=0.02735 (26/26)  [extra 6/50]
    fp=0.3102 tp=0.6709  [9.2s]
   median nu  = 1.05
   median |eta| = 0.8
  FPR 0.3102 >= fp_end=0.3; stopping after 26 fits
  grid extended by 6 points down to rho=0.02735, ending at FPR 0.3102
  pilot fit of run_em_exact at rho=0.30349
  -> rho_max = max|S_ij| (off-diag) = 0.57772
  rho grid: [0.57771601 0.51177943 0.4533684  0.40162401 0.35578537 0.31517844
 0.27920612 0.24733943 0.21910978 0.19410208 0.17194859 0.15232354
 0.13493837 0.11953742 0.10589423 0.09380818 0.08310155 0.07361691
 0.06521477 0.0577716 ]
Running run_em_exact over 20 rho values, extending until FPR >= 0.3...
  rho=0.57772 (1/20)
    fp=0.0008 tp=0.0000  [10.1s]
   median nu  = 0.334
   median |eta| = 1.286
  rho=0.51178 (2/20)
    fp=0.0014 tp=0.0000  [9.9s]
   median nu  = 0.368
   median |eta| = 1.286
  rho=0.45337 (3/20)
    fp=0.0029 tp=0.0127  [9.9s]
   median nu  = 0.389
   median |eta| = 1.295
  rho=0.40162 (4/20)
    fp=0.0076 tp=0.0253  [9.9s]
   median nu  = 0.418
   median |eta| = 1.258
  rho=0.35579 (5/20)
    fp=0.0109 tp=0.0380  [10.0s]
   median nu  = 0.45
   median |eta| = 1.207
  rho=0.31518 (6/20)
    fp=0.0179 tp=0.1013  [10.0s]
   median nu  = 0.487
   median |eta| = 1.169
  rho=0.27921 (7/20)
    fp=0.0271 tp=0.1266  [9.7s]
   median nu  = 0.535
   median |eta| = 1.059
  rho=0.24734 (8/20)
    fp=0.0378 tp=0.2025  [9.5s]
   median nu  = 0.584
   median |eta| = 0.909
  rho=0.21911 (9/20)
    fp=0.0515 tp=0.2911  [9.4s]
   median nu  = 0.642
   median |eta| = 0.793
  rho=0.19410 (10/20)
    fp=0.0719 tp=0.3418  [9.1s]
   median nu  = 0.704
   median |eta| = 0.625
  rho=0.17195 (11/20)
    fp=0.0940 tp=0.3924  [8.8s]
   median nu  = 0.774
   median |eta| = 0.502
  rho=0.15232 (12/20)
    fp=0.1156 tp=0.4304  [9.0s]
   median nu  = 0.838
   median |eta| = 0.435
  rho=0.13494 (13/20)
    fp=0.1400 tp=0.4810  [9.2s]
   median nu  = 0.921
   median |eta| = 0.345
  rho=0.11954 (14/20)
    fp=0.1628 tp=0.5316  [9.1s]
   median nu  = 1.03
   median |eta| = 0.255
  rho=0.10589 (15/20)
    fp=0.1833 tp=0.5696  [8.9s]
   median nu  = 1.119
   median |eta| = 0.192
  rho=0.09381 (16/20)
    fp=0.2069 tp=0.5949  [8.8s]
   median nu  = 1.224
   median |eta| = 0.141
  rho=0.08310 (17/20)
    fp=0.2289 tp=0.6076  [8.7s]
   median nu  = 1.339
   median |eta| = 0.107
  rho=0.07362 (18/20)
    fp=0.2453 tp=0.6203  [8.7s]
   median nu  = 1.48
   median |eta| = 0.079
  rho=0.06521 (19/20)
    fp=0.2628 tp=0.6329  [8.6s]
   median nu  = 1.601
   median |eta| = 0.057
  rho=0.05777 (20/20)
    fp=0.2804 tp=0.6456  [8.5s]
   median nu  = 1.721
   median |eta| = 0.041
  rho=0.05118 (21/21)  [extra 1/50]
    fp=0.2940 tp=0.6709  [8.1s]
   median nu  = 1.815
   median |eta| = 0.03
  rho=0.04534 (22/22)  [extra 2/50]
    fp=0.3102 tp=0.6962  [8.3s]
   median nu  = 1.94
   median |eta| = 0.024
  FPR 0.3102 >= fp_end=0.3; stopping after 22 fits
  grid extended by 2 points down to rho=0.04534, ending at FPR 0.3102
  graphical_lasso rho_max = max|S_ij| (off-diag) = 34.24477
  rho grid: [34.24477143 30.33630575 26.87392581 23.8067184  21.08958122 18.68255963
 16.55025913 14.66132494 12.98798087 11.50562092 10.19244748  9.02915074
  7.99862478  7.08571606  6.27700055  5.56058633  4.92593876  4.36372556
  3.86567956  3.42447714]
Running graphical_lasso over 20 rho values, extending until FPR >= 0.3...
  rho=34.24477 (1/20)
    fp=0.0000 tp=0.0000  [0.0s]
  rho=30.33631 (2/20)
    fp=0.0002 tp=0.0000  [0.0s]
  rho=26.87393 (3/20)
    fp=0.0002 tp=0.0000  [8.7s]
  rho=23.80672 (4/20)
    fp=0.0006 tp=0.0000  [0.0s]
  rho=21.08958 (5/20)
    fp=0.0006 tp=0.0000  [0.0s]
  rho=18.68256 (6/20)
    fp=0.0008 tp=0.0000  [0.0s]
  rho=16.55026 (7/20)
    fp=0.0010 tp=0.0000  [9.0s]
  rho=14.66132 (8/20)
    fp=0.0016 tp=0.0000  [8.9s]
  rho=12.98798 (9/20)
    fp=0.0016 tp=0.0000  [0.0s]
  rho=11.50562 (10/20)
    fp=0.0018 tp=0.0000  [8.7s]
  rho=10.19245 (11/20)
    fp=0.0018 tp=0.0000  [8.7s]
  rho=9.02915 (12/20)
    fp=0.0025 tp=0.0000  [0.0s]
  rho=7.99862 (13/20)
    fp=0.0031 tp=0.0000  [0.0s]
  rho=7.08572 (14/20)
    fp=0.0037 tp=0.0000  [8.8s]
  rho=6.27700 (15/20)
    fp=0.0041 tp=0.0000  [8.6s]
  rho=5.56059 (16/20)
    fp=0.0060 tp=0.0000  [0.1s]
  rho=4.92594 (17/20)
    fp=0.0082 tp=0.0000  [0.4s]
  rho=4.36373 (18/20)
    fp=0.0090 tp=0.0127  [0.1s]
  rho=3.86568 (19/20)
    fp=0.0123 tp=0.0253  [0.3s]
  rho=3.42448 (20/20)
    fp=0.0160 tp=0.0253  [0.0s]
  rho=3.03363 (21/21)  [extra 1/50]
    fp=0.0203 tp=0.0253  [0.3s]
  rho=2.68739 (22/22)  [extra 2/50]
    fp=0.0265 tp=0.0253  [0.0s]
  rho=2.38067 (23/23)  [extra 3/50]
    fp=0.0351 tp=0.0380  [0.1s]
  rho=2.10896 (24/24)  [extra 4/50]
    fp=0.0427 tp=0.0380  [0.1s]
  rho=1.86826 (25/25)  [extra 5/50]
    fp=0.0519 tp=0.0506  [0.0s]
  rho=1.65503 (26/26)  [extra 6/50]
    fp=0.0624 tp=0.0633  [0.6s]
  rho=1.46613 (27/27)  [extra 7/50]
    fp=0.0758 tp=0.0759  [0.1s]
  rho=1.29880 (28/28)  [extra 8/50]
    fp=0.0881 tp=0.1013  [0.1s]
  rho=1.15056 (29/29)  [extra 9/50]
    fp=0.1047 tp=0.1266  [0.1s]
  rho=1.01924 (30/30)  [extra 10/50]
    fp=0.1246 tp=0.1519  [0.0s]
  rho=0.90292 (31/31)  [extra 11/50]
    fp=0.1431 tp=0.2152  [0.0s]
  rho=0.79986 (32/32)  [extra 12/50]
    fp=0.1618 tp=0.2152  [0.2s]
  rho=0.70857 (33/33)  [extra 13/50]
    fp=0.1817 tp=0.2532  [0.3s]
  rho=0.62770 (34/34)  [extra 14/50]
    fp=0.2039 tp=0.2911  [0.1s]
  rho=0.55606 (35/35)  [extra 15/50]
    fp=0.2260 tp=0.3165  [0.0s]
  rho=0.49259 (36/36)  [extra 16/50]
    fp=0.2537 tp=0.3291  [1.0s]
  rho=0.43637 (37/37)  [extra 17/50]
    fp=0.2845 tp=0.3671  [0.2s]
  rho=0.38657 (38/38)  [extra 18/50]
    fp=0.3088 tp=0.4304  [0.1s]
  FPR 0.3088 >= fp_end=0.3; stopping after 38 fits
  [note] 7/38 fits hit a glasso ConvergenceWarning (suppressed)
  grid extended by 18 points down to rho=0.38657, ending at FPR 0.3088
  [warn] mean_roc averages out to FPR 0.300 but the shortest replicate only reached 0.253; its TPR is held flat above that
  [warn] mean_roc averages out to FPR 0.300 but the shortest replicate only reached 0.208; its TPR is held flat above that

(p=100, n=50) over 7 replicates
  t+lasso  (run_em_diagonal):    AUC = 0.140 (SE 0.004)
  ~t+lasso (run_em_exact):       AUC = 0.134 (SE 0.003)
  tlasso   (run_tlasso):         AUC = 0.050 (SE 0.004)
  t*lasso  (run_tstar_varlasso): AUC = 0.112 (SE 0.004)
  glasso   (graphical_lasso):    AUC = 0.050 (SE 0.004)
Replicate 8/50
  Theta: 100/4950 edges
  pilot fit of run_tlasso at rho=30.34854
  -> rho_max = max|S_ij| (off-diag) = 28490.49230
  [note] pilot fit hit a glasso ConvergenceWarning (suppressed)
  rho grid: [28490.49229986 25238.78097088 22358.19789254 19806.38500642
 17545.81871526 15543.25811041 13769.25617478 12197.72677389
 10805.56106748  9572.28770143  8479.77178295  7511.94821277
  6654.58545297  5895.07625674  5222.25228278  4626.21986846
  4098.2145466   3630.47216681  3216.11472608  2849.04922999]
Running run_tlasso over 20 rho values, extending until FPR >= 0.3...
  rho=28490.49230 (1/20)
    fp=0.0002 tp=0.0000  [0.1s]
   nu  = 3.0000
  rho=25238.78097 (2/20)
    fp=0.0002 tp=0.0000  [0.0s]
   nu  = 3.0000
  rho=22358.19789 (3/20)
    fp=0.0002 tp=0.0000  [0.1s]
   nu  = 3.0000
  rho=19806.38501 (4/20)
    fp=0.0002 tp=0.0000  [0.0s]
   nu  = 3.0000
  rho=17545.81872 (5/20)
    fp=0.0002 tp=0.0000  [0.1s]
   nu  = 3.0000
  rho=15543.25811 (6/20)
    fp=0.0002 tp=0.0000  [0.0s]
   nu  = 3.0000
  rho=13769.25617 (7/20)
    fp=0.0002 tp=0.0000  [0.1s]
   nu  = 3.0000
  rho=12197.72677 (8/20)
    fp=0.0002 tp=0.0000  [0.0s]
   nu  = 3.0000
  rho=10805.56107 (9/20)
    fp=0.0002 tp=0.0000  [0.1s]
   nu  = 3.0000
  rho=9572.28770 (10/20)
    fp=0.0002 tp=0.0000  [0.1s]
   nu  = 3.0000
  rho=8479.77178 (11/20)
    fp=0.0002 tp=0.0000  [0.1s]
   nu  = 3.0000
  rho=7511.94821 (12/20)
    fp=0.0002 tp=0.0000  [0.1s]
   nu  = 3.0000
  rho=6654.58545 (13/20)
    fp=0.0002 tp=0.0000  [0.1s]
   nu  = 3.0000
  rho=5895.07626 (14/20)
    fp=0.0002 tp=0.0000  [0.1s]
   nu  = 3.0000
  rho=5222.25228 (15/20)
    fp=0.0002 tp=0.0000  [0.1s]
   nu  = 3.0000
  rho=4626.21987 (16/20)
    fp=0.0002 tp=0.0000  [0.1s]
   nu  = 3.0000
  rho=4098.21455 (17/20)
    fp=0.0002 tp=0.0000  [0.1s]
   nu  = 3.0000
  rho=3630.47217 (18/20)
    fp=0.0002 tp=0.0000  [0.1s]
   nu  = 3.0000
  rho=3216.11473 (19/20)
    fp=0.0004 tp=0.0000  [0.1s]
   nu  = 3.0000
  rho=2849.04923 (20/20)
    fp=0.0004 tp=0.0000  [0.1s]
   nu  = 3.0000
  rho=2523.87810 (21/21)  [extra 1/50]
    fp=0.0004 tp=0.0000  [0.1s]
   nu  = 3.0000
  rho=2235.81979 (22/22)  [extra 2/50]
    fp=0.0004 tp=0.0000  [0.1s]
   nu  = 3.0000
  rho=1980.63850 (23/23)  [extra 3/50]
    fp=0.0006 tp=0.0000  [0.1s]
   nu  = 3.0000
  rho=1754.58187 (24/24)  [extra 4/50]
    fp=0.0006 tp=0.0000  [0.1s]
   nu  = 3.0000
  rho=1554.32581 (25/25)  [extra 5/50]
    fp=0.0006 tp=0.0000  [0.1s]
   nu  = 3.0000
  rho=1376.92562 (26/26)  [extra 6/50]
    fp=0.0006 tp=0.0000  [0.1s]
   nu  = 3.0000
  rho=1219.77268 (27/27)  [extra 7/50]
    fp=0.0008 tp=0.0000  [0.1s]
   nu  = 3.0000
  rho=1080.55611 (28/28)  [extra 8/50]
    fp=0.0008 tp=0.0000  [0.1s]
   nu  = 3.0000
  rho=957.22877 (29/29)  [extra 9/50]
    fp=0.0008 tp=0.0000  [0.1s]
   nu  = 3.0000
  rho=847.97718 (30/30)  [extra 10/50]
    fp=0.0010 tp=0.0000  [0.1s]
   nu  = 3.0000
  rho=751.19482 (31/31)  [extra 11/50]
    fp=0.0010 tp=0.0000  [0.1s]
   nu  = 3.0000
  rho=665.45855 (32/32)  [extra 12/50]
    fp=0.0012 tp=0.0000  [0.1s]
   nu  = 3.0000
  rho=589.50763 (33/33)  [extra 13/50]
    fp=0.0012 tp=0.0000  [0.1s]
   nu  = 3.0000
  rho=522.22523 (34/34)  [extra 14/50]
    fp=0.0016 tp=0.0000  [0.1s]
   nu  = 3.0000
  rho=462.62199 (35/35)  [extra 15/50]
    fp=0.0025 tp=0.0000  [0.1s]
   nu  = 3.0000
  rho=409.82145 (36/36)  [extra 16/50]
    fp=0.0041 tp=0.0000  [0.1s]
   nu  = 3.0000
  rho=363.04722 (37/37)  [extra 17/50]
    fp=0.0047 tp=0.0000  [0.1s]
   nu  = 3.0000
  rho=321.61147 (38/38)  [extra 18/50]
    fp=0.0066 tp=0.0000  [0.1s]
   nu  = 3.0000
  rho=284.90492 (39/39)  [extra 19/50]
    fp=0.0070 tp=0.0000  [0.1s]
   nu  = 3.0000
  rho=252.38781 (40/40)  [extra 20/50]
    fp=0.0085 tp=0.0000  [0.1s]
   nu  = 3.0000
  rho=223.58198 (41/41)  [extra 21/50]
    fp=0.0105 tp=0.0000  [0.1s]
   nu  = 3.0000
  rho=198.06385 (42/42)  [extra 22/50]
    fp=0.0124 tp=0.0000  [0.1s]
   nu  = 3.0000
  rho=175.45819 (43/43)  [extra 23/50]
    fp=0.0146 tp=0.0000  [0.1s]
   nu  = 3.0000
  rho=155.43258 (44/44)  [extra 24/50]
    fp=0.0177 tp=0.0000  [0.1s]
   nu  = 3.0000
  rho=137.69256 (45/45)  [extra 25/50]
    fp=0.0210 tp=0.0000  [0.1s]
   nu  = 3.0000
  rho=121.97727 (46/46)  [extra 26/50]
    fp=0.0233 tp=0.0100  [0.1s]
   nu  = 3.0000
  rho=108.05561 (47/47)  [extra 27/50]
    fp=0.0274 tp=0.0200  [0.1s]
   nu  = 3.0000
  rho=95.72288 (48/48)  [extra 28/50]
    fp=0.0311 tp=0.0200  [0.1s]
   nu  = 3.0000
  rho=84.79772 (49/49)  [extra 29/50]
    fp=0.0353 tp=0.0200  [0.1s]
   nu  = 3.0000
  rho=75.11948 (50/50)  [extra 30/50]
    fp=0.0406 tp=0.0200  [0.3s]
   nu  = 3.0000
  rho=66.54585 (51/51)  [extra 31/50]
    fp=0.0462 tp=0.0300  [0.3s]
   nu  = 3.0000
  rho=58.95076 (52/52)  [extra 32/50]
    fp=0.0518 tp=0.0300  [0.5s]
   nu  = 3.0000
  rho=52.22252 (53/53)  [extra 33/50]
    fp=0.0561 tp=0.0300  [0.6s]
   nu  = 3.0000
  rho=46.26220 (54/54)  [extra 34/50]
    fp=0.0639 tp=0.0700  [0.1s]
   nu  = 3.0000
  rho=40.98215 (55/55)  [extra 35/50]
    fp=0.0740 tp=0.0600  [18.7s]
   nu  = 3.0000
  rho=36.30472 (56/56)  [extra 36/50]
    fp=0.0796 tp=0.0600  [0.8s]
   nu  = 3.0000
  rho=32.16115 (57/57)  [extra 37/50]
    fp=0.0885 tp=0.0700  [7.9s]
   nu  = 3.0000
  rho=28.49049 (58/58)  [extra 38/50]
    fp=0.0979 tp=0.0900  [0.2s]
   nu  = 3.0000
  rho=25.23878 (59/59)  [extra 39/50]
    fp=0.1080 tp=0.1000  [0.3s]
   nu  = 3.0000
  rho=22.35820 (60/60)  [extra 40/50]
    fp=0.1181 tp=0.1200  [34.5s]
   nu  = 3.0000
  rho=19.80639 (61/61)  [extra 41/50]
    fp=0.1266 tp=0.1500  [0.2s]
   nu  = 3.0000
  rho=17.54582 (62/62)  [extra 42/50]
    fp=0.1373 tp=0.1600  [131.7s]
   nu  = 3.0000
  rho=15.54326 (63/63)  [extra 43/50]
    fp=0.1480 tp=0.1900  [149.6s]
   nu  = 3.0000
  rho=13.76926 (64/64)  [extra 44/50]
    fp=0.1604 tp=0.1900  [5.3s]
   nu  = 3.0000
  rho=12.19773 (65/65)  [extra 45/50]
    fp=0.1738 tp=0.2000  [21.5s]
   nu  = 3.0000
  rho=10.80556 (66/66)  [extra 46/50]
    fp=0.1901 tp=0.2500  [0.4s]
   nu  = 3.0000
  rho=9.57229 (67/67)  [extra 47/50]
    fp=0.2047 tp=0.2600  [32.2s]
   nu  = 3.0000
  rho=8.47977 (68/68)  [extra 48/50]
    fp=0.2186 tp=0.2800  [87.4s]
   nu  = 3.0000
  rho=7.51195 (69/69)  [extra 49/50]
    fp=0.2332 tp=0.3100  [32.7s]
   nu  = 3.0000
  rho=6.65459 (70/70)  [extra 50/50]
    fp=0.2495 tp=0.3400  [29.4s]
   nu  = 3.0000
  [note] 15/70 fits hit a glasso ConvergenceWarning (suppressed)
  [warn] FPR stalled at 0.2495 < fp_end=0.3 after 50 extra fits (cap max_extra=50); the curve stops short of fp_end
  grid extended by 50 points down to rho=6.65459, ending at FPR 0.2495
  [warn] AUC integrates to fp_end=0.3 but the curve stops at FPR 0.2495; TPR held flat above that
  pilot fit of run_tstar_varlasso at rho=0.30349
  -> rho_max = max|S_ij| (off-diag) = 0.73661
  rho grid: [0.73660724 0.6525359  0.57805988 0.51208405 0.45363825 0.40186306
 0.35599714 0.31536605 0.27937231 0.24748665 0.2192402  0.19421762
 0.17205094 0.15241421 0.13501869 0.11960857 0.10595726 0.09386402
 0.08315102 0.07366072]
Running run_tstar_varlasso over 20 rho values, extending until FPR >= 0.3...
  rho=0.73661 (1/20)
    fp=0.0010 tp=0.0000  [0.2s]
   nu  = 3.0000
  rho=0.65254 (2/20)
    fp=0.0019 tp=0.0000  [0.1s]
   nu  = 3.0000
  rho=0.57806 (3/20)
    fp=0.0037 tp=0.0100  [0.1s]
   nu  = 3.0000
  rho=0.51208 (4/20)
    fp=0.0060 tp=0.0200  [0.1s]
   nu  = 3.0000
  rho=0.45364 (5/20)
    fp=0.0107 tp=0.0400  [0.1s]
   nu  = 3.0000
  rho=0.40186 (6/20)
    fp=0.0142 tp=0.0700  [0.1s]
   nu  = 3.0000
  rho=0.35600 (7/20)
    fp=0.0221 tp=0.0800  [0.1s]
   nu  = 3.0000
  rho=0.31537 (8/20)
    fp=0.0328 tp=0.1600  [0.1s]
   nu  = 3.0000
  rho=0.27937 (9/20)
    fp=0.0454 tp=0.1800  [0.1s]
   nu  = 3.0000
  rho=0.24749 (10/20)
    fp=0.0608 tp=0.2100  [0.1s]
   nu  = 3.0000
  rho=0.21924 (11/20)
    fp=0.0798 tp=0.2200  [0.1s]
   nu  = 3.0000
  rho=0.19422 (12/20)
    fp=0.1016 tp=0.2500  [0.1s]
   nu  = 3.0000
  rho=0.17205 (13/20)
    fp=0.1233 tp=0.2900  [0.1s]
   nu  = 3.0000
  rho=0.15241 (14/20)
    fp=0.1503 tp=0.3200  [0.1s]
   nu  = 3.0000
  rho=0.13502 (15/20)
    fp=0.1753 tp=0.3500  [0.1s]
   nu  = 3.0000
  rho=0.11961 (16/20)
    fp=0.2014 tp=0.3800  [0.2s]
   nu  = 3.0000
  rho=0.10596 (17/20)
    fp=0.2221 tp=0.4000  [0.2s]
   nu  = 3.0000
  rho=0.09386 (18/20)
    fp=0.2482 tp=0.4400  [0.2s]
   nu  = 3.0000
  rho=0.08315 (19/20)
    fp=0.2751 tp=0.4700  [0.2s]
   nu  = 3.0000
  rho=0.07366 (20/20)
    fp=0.3029 tp=0.5000  [0.2s]
   nu  = 3.0000
  FPR 0.3029 >= fp_end=0.3; stopping after 20 fits
  pilot fit of run_em_diagonal at rho=0.30349
  -> rho_max = max|S_ij| (off-diag) = 0.56517
  rho grid: [0.56517259 0.50066763 0.44352483 0.39290392 0.34806053 0.30833527
 0.27314397 0.24196917 0.21435246 0.18988772 0.16821523 0.14901628
 0.13200858 0.11694201 0.10359505 0.09177141 0.08129725 0.07201853
 0.06379882 0.05651726]
Running run_em_diagonal over 20 rho values, extending until FPR >= 0.3...
  rho=0.56517 (1/20)
    fp=0.0004 tp=0.0100  [10.1s]
   median nu  = 0.441
   median |eta| = 1.493
  rho=0.50067 (2/20)
    fp=0.0008 tp=0.0200  [9.9s]
   median nu  = 0.469
   median |eta| = 1.478
  rho=0.44352 (3/20)
    fp=0.0016 tp=0.0300  [9.9s]
   median nu  = 0.494
   median |eta| = 1.396
  rho=0.39290 (4/20)
    fp=0.0027 tp=0.0400  [9.9s]
   median nu  = 0.516
   median |eta| = 1.328
  rho=0.34806 (5/20)
    fp=0.0045 tp=0.0600  [9.9s]
   median nu  = 0.533
   median |eta| = 1.285
  rho=0.30834 (6/20)
    fp=0.0066 tp=0.0900  [10.0s]
   median nu  = 0.546
   median |eta| = 1.21
  rho=0.27314 (7/20)
    fp=0.0113 tp=0.1100  [10.0s]
   median nu  = 0.558
   median |eta| = 1.22
  rho=0.24197 (8/20)
    fp=0.0188 tp=0.1200  [9.9s]
   median nu  = 0.577
   median |eta| = 1.157
  rho=0.21435 (9/20)
    fp=0.0260 tp=0.1600  [10.0s]
   median nu  = 0.587
   median |eta| = 1.125
  rho=0.18989 (10/20)
    fp=0.0353 tp=0.2000  [10.0s]
   median nu  = 0.607
   median |eta| = 1.062
  rho=0.16822 (11/20)
    fp=0.0443 tp=0.2300  [10.0s]
   median nu  = 0.614
   median |eta| = 1.025
  rho=0.14902 (12/20)
    fp=0.0586 tp=0.3100  [10.0s]
   median nu  = 0.614
   median |eta| = 1.008
  rho=0.13201 (13/20)
    fp=0.0771 tp=0.3300  [10.0s]
   median nu  = 0.612
   median |eta| = 0.962
  rho=0.11694 (14/20)
    fp=0.0953 tp=0.3500  [10.0s]
   median nu  = 0.611
   median |eta| = 0.967
  rho=0.10360 (15/20)
    fp=0.1148 tp=0.4000  [9.9s]
   median nu  = 0.62
   median |eta| = 0.975
  rho=0.09177 (16/20)
    fp=0.1340 tp=0.4600  [9.9s]
   median nu  = 0.624
   median |eta| = 0.939
  rho=0.08130 (17/20)
    fp=0.1495 tp=0.5100  [9.8s]
   median nu  = 0.666
   median |eta| = 0.945
  rho=0.07202 (18/20)
    fp=0.1742 tp=0.5300  [9.9s]
   median nu  = 0.693
   median |eta| = 0.92
  rho=0.06380 (19/20)
    fp=0.1963 tp=0.5800  [9.8s]
   median nu  = 0.724
   median |eta| = 0.884
  rho=0.05652 (20/20)
    fp=0.2138 tp=0.6100  [9.8s]
   median nu  = 0.757
   median |eta| = 0.896
  rho=0.05007 (21/21)  [extra 1/50]
    fp=0.2303 tp=0.6400  [9.7s]
   median nu  = 0.783
   median |eta| = 0.787
  rho=0.04435 (22/22)  [extra 2/50]
    fp=0.2491 tp=0.6400  [9.7s]
   median nu  = 0.79
   median |eta| = 0.662
  rho=0.03929 (23/23)  [extra 3/50]
    fp=0.2619 tp=0.6500  [9.9s]
   median nu  = 0.81
   median |eta| = 0.759
  rho=0.03481 (24/24)  [extra 4/50]
    fp=0.2802 tp=0.6600  [9.7s]
   median nu  = 0.975
   median |eta| = 0.668
  rho=0.03083 (25/25)  [extra 5/50]
    fp=0.2895 tp=0.6800  [9.7s]
   median nu  = 0.945
   median |eta| = 0.677
  rho=0.02731 (26/26)  [extra 6/50]
    fp=0.3029 tp=0.6800  [9.8s]
   median nu  = 1.02
   median |eta| = 0.657
  FPR 0.3029 >= fp_end=0.3; stopping after 26 fits
  grid extended by 6 points down to rho=0.02731, ending at FPR 0.3029
  pilot fit of run_em_exact at rho=0.30349
  -> rho_max = max|S_ij| (off-diag) = 0.56794
  rho grid: [0.56793903 0.50311833 0.44569582 0.39482712 0.34976424 0.30984452
 0.27448097 0.24315358 0.21540168 0.19081719 0.16903862 0.1497457
 0.13265474 0.11751443 0.10410213 0.09222062 0.08169518 0.07237105
 0.06411111 0.0567939 ]
Running run_em_exact over 20 rho values, extending until FPR >= 0.3...
  rho=0.56794 (1/20)
    fp=0.0004 tp=0.0100  [10.4s]
   median nu  = 0.44
   median |eta| = 1.491
  rho=0.50312 (2/20)
    fp=0.0008 tp=0.0200  [10.3s]
   median nu  = 0.468
   median |eta| = 1.48
  rho=0.44570 (3/20)
    fp=0.0014 tp=0.0300  [10.3s]
   median nu  = 0.493
   median |eta| = 1.399
  rho=0.39483 (4/20)
    fp=0.0027 tp=0.0400  [10.6s]
   median nu  = 0.515
   median |eta| = 1.331
  rho=0.34976 (5/20)
    fp=0.0045 tp=0.0600  [10.1s]
   median nu  = 0.535
   median |eta| = 1.222
  rho=0.30984 (6/20)
    fp=0.0068 tp=0.0900  [10.0s]
   median nu  = 0.555
   median |eta| = 1.194
  rho=0.27448 (7/20)
    fp=0.0113 tp=0.1100  [10.0s]
   median nu  = 0.581
   median |eta| = 1.133
  rho=0.24315 (8/20)
    fp=0.0196 tp=0.1300  [9.9s]
   median nu  = 0.607
   median |eta| = 1.026
  rho=0.21540 (9/20)
    fp=0.0297 tp=0.1600  [9.7s]
   median nu  = 0.652
   median |eta| = 0.878
  rho=0.19082 (10/20)
    fp=0.0419 tp=0.2100  [9.4s]
   median nu  = 0.708
   median |eta| = 0.746
  rho=0.16904 (11/20)
    fp=0.0577 tp=0.2500  [9.3s]
   median nu  = 0.779
   median |eta| = 0.65
  rho=0.14975 (12/20)
    fp=0.0790 tp=0.3200  [8.9s]
   median nu  = 0.862
   median |eta| = 0.519
  rho=0.13265 (13/20)
    fp=0.1012 tp=0.3300  [8.7s]
   median nu  = 0.942
   median |eta| = 0.459
  rho=0.11751 (14/20)
    fp=0.1245 tp=0.3500  [8.5s]
   median nu  = 1.02
   median |eta| = 0.369
  rho=0.10410 (15/20)
    fp=0.1452 tp=0.4200  [8.4s]
   median nu  = 1.099
   median |eta| = 0.289
  rho=0.09222 (16/20)
    fp=0.1726 tp=0.4900  [8.2s]
   median nu  = 1.169
   median |eta| = 0.235
  rho=0.08170 (17/20)
    fp=0.1963 tp=0.5300  [7.9s]
   median nu  = 1.26
   median |eta| = 0.169
  rho=0.07237 (18/20)
    fp=0.2212 tp=0.5600  [7.8s]
   median nu  = 1.355
   median |eta| = 0.134
  rho=0.06411 (19/20)
    fp=0.2441 tp=0.5700  [8.6s]
   median nu  = 1.501
   median |eta| = 0.096
  rho=0.05679 (20/20)
    fp=0.2643 tp=0.5800  [8.7s]
   median nu  = 1.604
   median |eta| = 0.073
  rho=0.05031 (21/21)  [extra 1/50]
    fp=0.2849 tp=0.5900  [8.7s]
   median nu  = 1.707
   median |eta| = 0.055
  rho=0.04457 (22/22)  [extra 2/50]
    fp=0.3037 tp=0.6100  [8.8s]
   median nu  = 1.823
   median |eta| = 0.04
  FPR 0.3037 >= fp_end=0.3; stopping after 22 fits
  grid extended by 2 points down to rho=0.04457, ending at FPR 0.3037
  graphical_lasso rho_max = max|S_ij| (off-diag) = 1640.45181
  rho grid: [1640.45180833 1453.22177827 1287.36091247 1140.43027963 1010.2693115
  894.96403243  792.81891494  702.33194756  622.17254818  551.16199834
  488.25611047  432.52987348  383.16385077  339.43213069  300.69165217
  266.37274881  235.97077204  209.03867046  185.18041607  164.04518083]
Running graphical_lasso over 20 rho values, extending until FPR >= 0.3...
  rho=1640.45181 (1/20)
    fp=0.0000 tp=0.0000  [0.0s]
  rho=1453.22178 (2/20)
    fp=0.0002 tp=0.0000  [0.0s]
  rho=1287.36091 (3/20)
    fp=0.0002 tp=0.0000  [8.8s]
  rho=1140.43028 (4/20)
    fp=0.0002 tp=0.0000  [0.0s]
  rho=1010.26931 (5/20)
    fp=0.0002 tp=0.0000  [0.0s]
  rho=894.96403 (6/20)
    fp=0.0002 tp=0.0000  [0.0s]
  rho=792.81891 (7/20)
    fp=0.0002 tp=0.0000  [0.0s]
  rho=702.33195 (8/20)
    fp=0.0002 tp=0.0000  [0.0s]
  rho=622.17255 (9/20)
    fp=0.0002 tp=0.0000  [0.0s]
  rho=551.16200 (10/20)
    fp=0.0002 tp=0.0000  [0.0s]
  rho=488.25611 (11/20)
    fp=0.0002 tp=0.0000  [0.0s]
  rho=432.52987 (12/20)
    fp=0.0002 tp=0.0000  [0.0s]
  rho=383.16385 (13/20)
    fp=0.0002 tp=0.0000  [0.0s]
  rho=339.43213 (14/20)
    fp=0.0002 tp=0.0000  [0.0s]
  rho=300.69165 (15/20)
    fp=0.0002 tp=0.0000  [0.0s]
  rho=266.37275 (16/20)
    fp=0.0002 tp=0.0000  [0.0s]
  rho=235.97077 (17/20)
    fp=0.0002 tp=0.0000  [0.0s]
  rho=209.03867 (18/20)
    fp=0.0002 tp=0.0000  [0.0s]
  rho=185.18042 (19/20)
    fp=0.0004 tp=0.0000  [0.0s]
  rho=164.04518 (20/20)
    fp=0.0004 tp=0.0000  [0.0s]
  rho=145.32218 (21/21)  [extra 1/50]
    fp=0.0004 tp=0.0000  [0.0s]
  rho=128.73609 (22/22)  [extra 2/50]
    fp=0.0004 tp=0.0000  [0.0s]
  rho=114.04303 (23/23)  [extra 3/50]
    fp=0.0006 tp=0.0000  [0.0s]
  rho=101.02693 (24/24)  [extra 4/50]
    [WARN] glasso failed: Non SPD result: the system is too ill-conditioned for this solver. The system is too ill-conditioned for this solver; reusing previous Theta
    fp=0.0006 tp=0.0000  [0.1s]
  rho=89.49640 (25/25)  [extra 5/50]
    [WARN] glasso failed: Non SPD result: the system is too ill-conditioned for this solver. The system is too ill-conditioned for this solver; reusing previous Theta
    fp=0.0006 tp=0.0000  [0.0s]
  rho=79.28189 (26/26)  [extra 6/50]
    fp=0.0006 tp=0.0000  [0.0s]
  rho=70.23319 (27/27)  [extra 7/50]
    [WARN] glasso failed: Non SPD result: the system is too ill-conditioned for this solver. The system is too ill-conditioned for this solver; reusing previous Theta
    fp=0.0006 tp=0.0000  [0.1s]
  rho=62.21725 (28/28)  [extra 8/50]
    [WARN] glasso failed: Non SPD result: the system is too ill-conditioned for this solver. The system is too ill-conditioned for this solver; reusing previous Theta
    fp=0.0006 tp=0.0000  [0.1s]
  rho=55.11620 (29/29)  [extra 9/50]
    fp=0.0010 tp=0.0000  [0.0s]
  rho=48.82561 (30/30)  [extra 10/50]
    [WARN] glasso failed: Non SPD result: the system is too ill-conditioned for this solver. The system is too ill-conditioned for this solver; reusing previous Theta
    fp=0.0010 tp=0.0000  [0.1s]
  rho=43.25299 (31/31)  [extra 11/50]
    [WARN] glasso failed: Non SPD result: the system is too ill-conditioned for this solver. The system is too ill-conditioned for this solver; reusing previous Theta
    fp=0.0010 tp=0.0000  [0.0s]
  rho=38.31639 (32/32)  [extra 12/50]
    [WARN] glasso failed: Non SPD result: the system is too ill-conditioned for this solver. The system is too ill-conditioned for this solver; reusing previous Theta
    fp=0.0010 tp=0.0000  [0.3s]
  rho=33.94321 (33/33)  [extra 13/50]
    [WARN] glasso failed: Non SPD result: the system is too ill-conditioned for this solver. The system is too ill-conditioned for this solver; reusing previous Theta
    fp=0.0010 tp=0.0000  [0.1s]
  rho=30.06917 (34/34)  [extra 14/50]
    [WARN] glasso failed: Non SPD result: the system is too ill-conditioned for this solver. The system is too ill-conditioned for this solver; reusing previous Theta
    fp=0.0010 tp=0.0000  [0.0s]
  rho=26.63727 (35/35)  [extra 15/50]
    [WARN] glasso failed: Non SPD result: the system is too ill-conditioned for this solver. The system is too ill-conditioned for this solver; reusing previous Theta
    fp=0.0010 tp=0.0000  [0.0s]
  rho=23.59708 (36/36)  [extra 16/50]
    [WARN] glasso failed: Non SPD result: the system is too ill-conditioned for this solver. The system is too ill-conditioned for this solver; reusing previous Theta
    fp=0.0010 tp=0.0000  [0.0s]
  rho=20.90387 (37/37)  [extra 17/50]
    [WARN] glasso failed: Non SPD result: the system is too ill-conditioned for this solver. The system is too ill-conditioned for this solver; reusing previous Theta
    fp=0.0010 tp=0.0000  [0.0s]
  rho=18.51804 (38/38)  [extra 18/50]
    fp=0.0060 tp=0.0000  [0.0s]
  rho=16.40452 (39/39)  [extra 19/50]
    [WARN] glasso failed: Non SPD result: the system is too ill-conditioned for this solver. The system is too ill-conditioned for this solver; reusing previous Theta
    fp=0.0060 tp=0.0000  [0.2s]
  rho=14.53222 (40/40)  [extra 20/50]
    fp=0.0091 tp=0.0000  [8.8s]
  rho=12.87361 (41/41)  [extra 21/50]
    [WARN] glasso failed: Non SPD result: the system is too ill-conditioned for this solver. The system is too ill-conditioned for this solver; reusing previous Theta
    fp=0.0091 tp=0.0000  [0.0s]
  rho=11.40430 (42/42)  [extra 22/50]
    [WARN] glasso failed: Non SPD result: the system is too ill-conditioned for this solver. The system is too ill-conditioned for this solver; reusing previous Theta
    fp=0.0091 tp=0.0000  [0.4s]
  rho=10.10269 (43/43)  [extra 23/50]
    [WARN] glasso failed: Non SPD result: the system is too ill-conditioned for this solver. The system is too ill-conditioned for this solver; reusing previous Theta
    fp=0.0091 tp=0.0000  [0.0s]
  rho=8.94964 (44/44)  [extra 24/50]
    fp=0.0192 tp=0.0000  [0.3s]
  rho=7.92819 (45/45)  [extra 25/50]
    fp=0.0225 tp=0.0000  [8.9s]
  rho=7.02332 (46/46)  [extra 26/50]
    fp=0.0264 tp=0.0100  [0.5s]
  rho=6.22173 (47/47)  [extra 27/50]
    fp=0.0303 tp=0.0100  [8.9s]
  rho=5.51162 (48/48)  [extra 28/50]
    fp=0.0338 tp=0.0200  [8.8s]
  rho=4.88256 (49/49)  [extra 29/50]
    [WARN] glasso failed: Non SPD result: the system is too ill-conditioned for this solver. The system is too ill-conditioned for this solver; reusing previous Theta
    fp=0.0338 tp=0.0200  [0.1s]
  rho=4.32530 (50/50)  [extra 30/50]
    [WARN] glasso failed: Non SPD result: the system is too ill-conditioned for this solver. The system is too ill-conditioned for this solver; reusing previous Theta
    fp=0.0338 tp=0.0200  [0.3s]
  rho=3.83164 (51/51)  [extra 31/50]
    [WARN] glasso failed: Non SPD result: the system is too ill-conditioned for this solver. The system is too ill-conditioned for this solver; reusing previous Theta
    fp=0.0338 tp=0.0200  [0.0s]
  rho=3.39432 (52/52)  [extra 32/50]
    [WARN] glasso failed: Non SPD result: the system is too ill-conditioned for this solver. The system is too ill-conditioned for this solver; reusing previous Theta
    fp=0.0338 tp=0.0200  [0.0s]
  rho=3.00692 (53/53)  [extra 33/50]
    [WARN] glasso failed: Non SPD result: the system is too ill-conditioned for this solver. The system is too ill-conditioned for this solver; reusing previous Theta
    fp=0.0338 tp=0.0200  [0.0s]
  rho=2.66373 (54/54)  [extra 34/50]
    [WARN] glasso failed: Non SPD result: the system is too ill-conditioned for this solver. The system is too ill-conditioned for this solver; reusing previous Theta
    fp=0.0338 tp=0.0200  [0.3s]
  rho=2.35971 (55/55)  [extra 35/50]
    [WARN] glasso failed: Non SPD result: the system is too ill-conditioned for this solver. The system is too ill-conditioned for this solver; reusing previous Theta
    fp=0.0338 tp=0.0200  [1.8s]
  rho=2.09039 (56/56)  [extra 36/50]
    fp=0.0928 tp=0.0900  [9.5s]
  rho=1.85180 (57/57)  [extra 37/50]
    [WARN] glasso failed: Non SPD result: the system is too ill-conditioned for this solver. The system is too ill-conditioned for this solver; reusing previous Theta
    fp=0.0928 tp=0.0900  [0.6s]
  rho=1.64045 (58/58)  [extra 38/50]
    [WARN] glasso failed: Non SPD result: the system is too ill-conditioned for this solver. The system is too ill-conditioned for this solver; reusing previous Theta
    fp=0.0928 tp=0.0900  [2.5s]
  rho=1.45322 (59/59)  [extra 39/50]
    [WARN] glasso failed: Non SPD result: the system is too ill-conditioned for this solver. The system is too ill-conditioned for this solver; reusing previous Theta
    fp=0.0928 tp=0.0900  [1.1s]
  rho=1.28736 (60/60)  [extra 40/50]
    [WARN] glasso failed: Non SPD result: the system is too ill-conditioned for this solver. The system is too ill-conditioned for this solver; reusing previous Theta
    fp=0.0928 tp=0.0900  [3.1s]
  rho=1.14043 (61/61)  [extra 41/50]
    [WARN] glasso failed: Non SPD result: the system is too ill-conditioned for this solver. The system is too ill-conditioned for this solver; reusing previous Theta
    fp=0.0928 tp=0.0900  [2.4s]
  rho=1.01027 (62/62)  [extra 42/50]
    fp=0.1654 tp=0.1900  [9.8s]
  rho=0.89496 (63/63)  [extra 43/50]
    fp=0.1806 tp=0.2100  [10.0s]
  rho=0.79282 (64/64)  [extra 44/50]
    fp=0.1946 tp=0.2300  [9.9s]
  rho=0.70233 (65/65)  [extra 45/50]
    [WARN] glasso failed: Non SPD result: the system is too ill-conditioned for this solver. The system is too ill-conditioned for this solver; reusing previous Theta
    fp=0.1946 tp=0.2300  [1.1s]
  rho=0.62217 (66/66)  [extra 46/50]
    fp=0.2334 tp=0.2900  [10.6s]
  rho=0.55116 (67/67)  [extra 47/50]
    fp=0.2526 tp=0.3200  [4.5s]
  rho=0.48826 (68/68)  [extra 48/50]
    fp=0.2726 tp=0.3300  [11.4s]
  rho=0.43253 (69/69)  [extra 49/50]
    fp=0.2928 tp=0.3600  [12.5s]
  rho=0.38316 (70/70)  [extra 50/50]
    fp=0.3144 tp=0.3900  [12.9s]
  FPR 0.3144 >= fp_end=0.3; stopping after 70 fits
  [note] 13/70 fits hit a glasso ConvergenceWarning (suppressed)
  [WARN] 29/70 points reused the previous Theta after a glasso failure; those are not estimates
  grid extended by 50 points down to rho=0.38316, ending at FPR 0.3144
  [warn] mean_roc averages out to FPR 0.300 but the shortest replicate only reached 0.253; its TPR is held flat above that
  [warn] mean_roc averages out to FPR 0.300 but the shortest replicate only reached 0.208; its TPR is held flat above that

(p=100, n=50) over 8 replicates
  t+lasso  (run_em_diagonal):    AUC = 0.140 (SE 0.003)
  ~t+lasso (run_em_exact):       AUC = 0.132 (SE 0.003)
  tlasso   (run_tlasso):         AUC = 0.050 (SE 0.004)
  t*lasso  (run_tstar_varlasso): AUC = 0.109 (SE 0.005)
  glasso   (graphical_lasso):    AUC = 0.050 (SE 0.003)
Replicate 9/50
  Theta: 95/4950 edges
  pilot fit of run_tlasso at rho=30.34854
  -> rho_max = max|S_ij| (off-diag) = 2010.66347
  rho grid: [2010.66346706 1781.17999216 1577.8882028  1397.79875784 1238.26349925
 1096.93651176  971.73962695  860.83186444  762.58236084  675.54638842
  598.44411088  530.14176375  469.63498271  416.0340348   368.55073511
  326.48685681  289.22386396  256.21381607  226.9713109   201.06634671]
Running run_tlasso over 20 rho values, extending until FPR >= 0.3...
  rho=2010.66347 (1/20)
    fp=0.0000 tp=0.0000  [0.1s]
   nu  = 3.0000
  rho=1781.17999 (2/20)
    fp=0.0004 tp=0.0000  [0.1s]
   nu  = 3.0000
  rho=1577.88820 (3/20)
    fp=0.0004 tp=0.0000  [0.1s]
   nu  = 3.0000
  rho=1397.79876 (4/20)
    fp=0.0006 tp=0.0000  [0.1s]
   nu  = 3.0000
  rho=1238.26350 (5/20)
    fp=0.0010 tp=0.0000  [0.1s]
   nu  = 3.0000
  rho=1096.93651 (6/20)
    fp=0.0012 tp=0.0000  [0.1s]
   nu  = 3.0000
  rho=971.73963 (7/20)
    fp=0.0016 tp=0.0000  [0.1s]
   nu  = 3.0000
  rho=860.83186 (8/20)
    fp=0.0023 tp=0.0000  [0.1s]
   nu  = 3.0000
  rho=762.58236 (9/20)
    fp=0.0023 tp=0.0105  [0.1s]
   nu  = 3.0000
  rho=675.54639 (10/20)
    fp=0.0029 tp=0.0105  [0.1s]
   nu  = 3.0000
  rho=598.44411 (11/20)
    fp=0.0031 tp=0.0105  [0.1s]
   nu  = 3.0000
  rho=530.14176 (12/20)
    fp=0.0045 tp=0.0105  [0.1s]
   nu  = 3.0000
  rho=469.63498 (13/20)
    fp=0.0056 tp=0.0105  [0.1s]
   nu  = 3.0000
  rho=416.03403 (14/20)
    fp=0.0062 tp=0.0105  [0.1s]
   nu  = 3.0000
  rho=368.55074 (15/20)
    fp=0.0082 tp=0.0105  [0.1s]
   nu  = 3.0000
  rho=326.48686 (16/20)
    fp=0.0101 tp=0.0211  [0.1s]
   nu  = 3.0000
  rho=289.22386 (17/20)
    fp=0.0113 tp=0.0211  [0.1s]
   nu  = 3.0000
  rho=256.21382 (18/20)
    fp=0.0130 tp=0.0211  [0.1s]
   nu  = 3.0000
  rho=226.97131 (19/20)
    fp=0.0157 tp=0.0316  [0.1s]
   nu  = 3.0000
  rho=201.06635 (20/20)
    fp=0.0189 tp=0.0316  [0.1s]
   nu  = 3.0000
  rho=178.11800 (21/21)  [extra 1/50]
    fp=0.0212 tp=0.0421  [0.1s]
   nu  = 3.0000
  rho=157.78882 (22/22)  [extra 2/50]
    fp=0.0239 tp=0.0632  [0.1s]
   nu  = 3.0000
  rho=139.77988 (23/23)  [extra 3/50]
    fp=0.0268 tp=0.0632  [0.1s]
   nu  = 3.0000
  rho=123.82635 (24/24)  [extra 4/50]
    fp=0.0305 tp=0.0632  [0.1s]
   nu  = 3.0000
  rho=109.69365 (25/25)  [extra 5/50]
    fp=0.0356 tp=0.0737  [0.1s]
   nu  = 3.0000
  rho=97.17396 (26/26)  [extra 6/50]
    fp=0.0406 tp=0.0737  [0.1s]
   nu  = 3.0000
  rho=86.08319 (27/27)  [extra 7/50]
    fp=0.0441 tp=0.0737  [0.1s]
   nu  = 3.0000
  rho=76.25824 (28/28)  [extra 8/50]
    fp=0.0478 tp=0.0842  [0.1s]
   nu  = 3.0000
  rho=67.55464 (29/29)  [extra 9/50]
    fp=0.0538 tp=0.0842  [0.1s]
   nu  = 3.0000
  rho=59.84441 (30/30)  [extra 10/50]
    fp=0.0589 tp=0.1053  [0.1s]
   nu  = 3.0000
  rho=53.01418 (31/31)  [extra 11/50]
    fp=0.0649 tp=0.1158  [0.1s]
   nu  = 3.0000
  rho=46.96350 (32/32)  [extra 12/50]
    fp=0.0717 tp=0.1158  [0.1s]
   nu  = 3.0000
  rho=41.60340 (33/33)  [extra 13/50]
    fp=0.0781 tp=0.1158  [0.1s]
   nu  = 3.0000
  rho=36.85507 (34/34)  [extra 14/50]
    fp=0.0836 tp=0.1158  [0.1s]
   nu  = 3.0000
  rho=32.64869 (35/35)  [extra 15/50]
    fp=0.0912 tp=0.1158  [0.1s]
   nu  = 3.0000
  rho=28.92239 (36/36)  [extra 16/50]
    fp=0.0989 tp=0.1368  [0.2s]
   nu  = 3.0000
  rho=25.62138 (37/37)  [extra 17/50]
    fp=0.1098 tp=0.1474  [0.2s]
   nu  = 3.0000
  rho=22.69713 (38/38)  [extra 18/50]
    fp=0.1188 tp=0.1579  [0.2s]
   nu  = 3.0000
  rho=20.10663 (39/39)  [extra 19/50]
    fp=0.1265 tp=0.1579  [0.2s]
   nu  = 3.0000
  rho=17.81180 (40/40)  [extra 20/50]
    fp=0.1351 tp=0.1684  [0.2s]
   nu  = 3.0000
  rho=15.77888 (41/41)  [extra 21/50]
    fp=0.1467 tp=0.1684  [0.2s]
   nu  = 3.0000
  rho=13.97799 (42/42)  [extra 22/50]
    fp=0.1602 tp=0.1895  [0.2s]
   nu  = 3.0000
  rho=12.38263 (43/43)  [extra 23/50]
    fp=0.1708 tp=0.2105  [0.2s]
   nu  = 3.0000
  rho=10.96937 (44/44)  [extra 24/50]
    fp=0.1846 tp=0.2211  [0.2s]
   nu  = 3.0000
  rho=9.71740 (45/45)  [extra 25/50]
    fp=0.1967 tp=0.2316  [0.3s]
   nu  = 3.0000
  rho=8.60832 (46/46)  [extra 26/50]
    fp=0.2070 tp=0.2526  [0.3s]
   nu  = 3.0000
  rho=7.62582 (47/47)  [extra 27/50]
    fp=0.2233 tp=0.2737  [0.3s]
   nu  = 3.0000
  rho=6.75546 (48/48)  [extra 28/50]
    fp=0.2373 tp=0.3263  [0.4s]
   nu  = 3.0000
  rho=5.98444 (49/49)  [extra 29/50]
    fp=0.2552 tp=0.3579  [0.4s]
   nu  = 3.0000
  rho=5.30142 (50/50)  [extra 30/50]
    fp=0.2791 tp=0.3789  [0.5s]
   nu  = 3.0000
  rho=4.69635 (51/51)  [extra 31/50]
    fp=0.2962 tp=0.4105  [0.4s]
   nu  = 3.0000
  rho=4.16034 (52/52)  [extra 32/50]
    fp=0.3180 tp=0.4526  [0.5s]
   nu  = 3.0000
  FPR 0.3180 >= fp_end=0.3; stopping after 52 fits
  grid extended by 32 points down to rho=4.16034, ending at FPR 0.3180
  pilot fit of run_tstar_varlasso at rho=0.30349
  -> rho_max = max|S_ij| (off-diag) = 1.06039
  rho grid: [1.0603923  0.93936633 0.83215343 0.73717709 0.6530407  0.57850707
 0.5124802  0.45398919 0.40217395 0.35627255 0.31561002 0.27958843
 0.24767811 0.21940981 0.19436786 0.17218404 0.15253212 0.13512314
 0.1197011  0.10603923]
Running run_tstar_varlasso over 20 rho values, extending until FPR >= 0.3...
  rho=1.06039 (1/20)
    fp=0.0010 tp=0.0000  [0.2s]
   nu  = 3.0000
  rho=0.93937 (2/20)
    fp=0.0021 tp=0.0000  [0.1s]
   nu  = 3.0000
  rho=0.83215 (3/20)
    fp=0.0027 tp=0.0105  [0.1s]
   nu  = 3.0000
  rho=0.73718 (4/20)
    fp=0.0037 tp=0.0105  [0.1s]
   nu  = 3.0000
  rho=0.65304 (5/20)
    fp=0.0066 tp=0.0211  [0.1s]
   nu  = 3.0000
  rho=0.57851 (6/20)
    fp=0.0089 tp=0.0211  [0.1s]
   nu  = 3.0000
  rho=0.51248 (7/20)
    fp=0.0122 tp=0.0421  [0.1s]
   nu  = 3.0000
  rho=0.45399 (8/20)
    fp=0.0173 tp=0.0737  [0.1s]
   nu  = 3.0000
  rho=0.40217 (9/20)
    fp=0.0245 tp=0.1158  [0.1s]
   nu  = 3.0000
  rho=0.35627 (10/20)
    fp=0.0311 tp=0.1263  [0.1s]
   nu  = 3.0000
  rho=0.31561 (11/20)
    fp=0.0447 tp=0.1789  [0.1s]
   nu  = 3.0000
  rho=0.27959 (12/20)
    fp=0.0575 tp=0.2105  [0.1s]
   nu  = 3.0000
  rho=0.24768 (13/20)
    fp=0.0723 tp=0.2421  [0.1s]
   nu  = 3.0000
  rho=0.21941 (14/20)
    fp=0.0898 tp=0.2947  [0.1s]
   nu  = 3.0000
  rho=0.19437 (15/20)
    fp=0.1110 tp=0.3579  [0.2s]
   nu  = 3.0000
  rho=0.17218 (16/20)
    fp=0.1331 tp=0.3684  [0.2s]
   nu  = 3.0000
  rho=0.15253 (17/20)
    fp=0.1567 tp=0.4105  [0.2s]
   nu  = 3.0000
  rho=0.13512 (18/20)
    fp=0.1821 tp=0.4737  [0.2s]
   nu  = 3.0000
  rho=0.11970 (19/20)
    fp=0.2064 tp=0.5053  [0.2s]
   nu  = 3.0000
  rho=0.10604 (20/20)
    fp=0.2311 tp=0.5263  [0.2s]
   nu  = 3.0000
  rho=0.09394 (21/21)  [extra 1/50]
    fp=0.2564 tp=0.5684  [0.2s]
   nu  = 3.0000
  rho=0.08322 (22/22)  [extra 2/50]
    fp=0.2805 tp=0.6000  [0.2s]
   nu  = 3.0000
  rho=0.07372 (23/23)  [extra 3/50]
    fp=0.2999 tp=0.6105  [0.3s]
   nu  = 3.0000
  rho=0.06530 (24/24)  [extra 4/50]
    fp=0.3244 tp=0.6316  [0.2s]
   nu  = 3.0000
  FPR 0.3244 >= fp_end=0.3; stopping after 24 fits
  grid extended by 4 points down to rho=0.06530, ending at FPR 0.3244
  pilot fit of run_em_diagonal at rho=0.30349
  -> rho_max = max|S_ij| (off-diag) = 0.56220
  rho grid: [0.56220454 0.49803833 0.44119561 0.39084054 0.34623266 0.30671601
 0.27170953 0.24069845 0.21322676 0.18889051 0.16733183 0.14823371
 0.13131532 0.11632788 0.10305101 0.09128946 0.08087031 0.07164032
 0.06346378 0.05622045]
Running run_em_diagonal over 20 rho values, extending until FPR >= 0.3...
  rho=0.56220 (1/20)
    fp=0.0004 tp=0.0105  [9.9s]
   median nu  = 0.418
   median |eta| = 1.448
  rho=0.49804 (2/20)
    fp=0.0008 tp=0.0105  [9.8s]
   median nu  = 0.442
   median |eta| = 1.436
  rho=0.44120 (3/20)
    fp=0.0014 tp=0.0421  [9.9s]
   median nu  = 0.466
   median |eta| = 1.381
  rho=0.39084 (4/20)
    fp=0.0031 tp=0.0632  [9.9s]
   median nu  = 0.489
   median |eta| = 1.354
  rho=0.34623 (5/20)
    fp=0.0045 tp=0.0737  [10.0s]
   median nu  = 0.511
   median |eta| = 1.34
  rho=0.30672 (6/20)
    fp=0.0082 tp=0.1579  [9.9s]
   median nu  = 0.532
   median |eta| = 1.294
  rho=0.27171 (7/20)
    fp=0.0132 tp=0.1895  [9.9s]
   median nu  = 0.553
   median |eta| = 1.308
  rho=0.24070 (8/20)
    fp=0.0208 tp=0.2316  [10.0s]
   median nu  = 0.574
   median |eta| = 1.269
  rho=0.21323 (9/20)
    fp=0.0290 tp=0.2737  [10.1s]
   median nu  = 0.595
   median |eta| = 1.274
  rho=0.18889 (10/20)
    fp=0.0404 tp=0.3053  [10.2s]
   median nu  = 0.611
   median |eta| = 1.259
  rho=0.16733 (11/20)
    fp=0.0529 tp=0.3368  [10.3s]
   median nu  = 0.625
   median |eta| = 1.219
  rho=0.14823 (12/20)
    fp=0.0667 tp=0.3684  [10.5s]
   median nu  = 0.641
   median |eta| = 1.221
  rho=0.13132 (13/20)
    fp=0.0830 tp=0.3789  [10.8s]
   median nu  = 0.654
   median |eta| = 1.249
  rho=0.11633 (14/20)
    fp=0.1009 tp=0.3789  [10.4s]
   median nu  = 0.661
   median |eta| = 1.172
  rho=0.10305 (15/20)
    fp=0.1244 tp=0.3895  [10.3s]
   median nu  = 0.676
   median |eta| = 1.114
  rho=0.09129 (16/20)
    fp=0.1411 tp=0.4526  [10.2s]
   median nu  = 0.695
   median |eta| = 1.005
  rho=0.08087 (17/20)
    fp=0.1576 tp=0.4947  [10.2s]
   median nu  = 0.714
   median |eta| = 1.004
  rho=0.07164 (18/20)
    fp=0.1759 tp=0.5368  [9.9s]
   median nu  = 0.729
   median |eta| = 0.929
  rho=0.06346 (19/20)
    fp=0.1918 tp=0.5579  [9.9s]
   median nu  = 0.775
   median |eta| = 0.889
  rho=0.05622 (20/20)
    fp=0.2107 tp=0.5895  [9.9s]
   median nu  = 0.816
   median |eta| = 0.74
  rho=0.04980 (21/21)  [extra 1/50]
    fp=0.2288 tp=0.6000  [10.1s]
   median nu  = 0.887
   median |eta| = 0.711
  rho=0.04412 (22/22)  [extra 2/50]
    fp=0.2443 tp=0.6105  [9.9s]
   median nu  = 0.897
   median |eta| = 0.733
  rho=0.03908 (23/23)  [extra 3/50]
    fp=0.2634 tp=0.6211  [10.1s]
   median nu  = 0.998
   median |eta| = 0.604
  rho=0.03462 (24/24)  [extra 4/50]
    fp=0.2756 tp=0.6316  [9.8s]
   median nu  = 1.034
   median |eta| = 0.724
  rho=0.03067 (25/25)  [extra 5/50]
    fp=0.2939 tp=0.6211  [9.9s]
   median nu  = 1.104
   median |eta| = 0.62
  rho=0.02717 (26/26)  [extra 6/50]
    fp=0.3088 tp=0.6211  [10.1s]
   median nu  = 1.099
   median |eta| = 0.601
  FPR 0.3088 >= fp_end=0.3; stopping after 26 fits
  grid extended by 6 points down to rho=0.02717, ending at FPR 0.3088
  pilot fit of run_em_exact at rho=0.30349
  -> rho_max = max|S_ij| (off-diag) = 0.58316
  rho grid: [0.58315751 0.51659987 0.45763867 0.4054069  0.35913651 0.31814711
 0.28183596 0.24966911 0.22117358 0.19593033 0.17356817 0.15375828
 0.13620935 0.12066334 0.10689165 0.09469176 0.08388429 0.0743103
 0.06582903 0.05831575]
Running run_em_exact over 20 rho values, extending until FPR >= 0.3...
  rho=0.58316 (1/20)
    fp=0.0004 tp=0.0105  [10.3s]
   median nu  = 0.411
   median |eta| = 1.446
  rho=0.51660 (2/20)
    fp=0.0008 tp=0.0105  [10.4s]
   median nu  = 0.435
   median |eta| = 1.455
  rho=0.45764 (3/20)
    fp=0.0012 tp=0.0316  [10.3s]
   median nu  = 0.459
   median |eta| = 1.397
  rho=0.40541 (4/20)
    fp=0.0027 tp=0.0526  [10.3s]
   median nu  = 0.482
   median |eta| = 1.343
  rho=0.35914 (5/20)
    fp=0.0043 tp=0.0632  [10.3s]
   median nu  = 0.507
   median |eta| = 1.322
  rho=0.31815 (6/20)
    fp=0.0068 tp=0.1474  [10.4s]
   median nu  = 0.546
   median |eta| = 1.199
  rho=0.28184 (7/20)
    fp=0.0130 tp=0.1895  [10.5s]
   median nu  = 0.579
   median |eta| = 1.074
  rho=0.24967 (8/20)
    fp=0.0208 tp=0.2105  [10.4s]
   median nu  = 0.613
   median |eta| = 1.027
  rho=0.22117 (9/20)
    fp=0.0307 tp=0.2526  [10.1s]
   median nu  = 0.655
   median |eta| = 0.91
  rho=0.19593 (10/20)
    fp=0.0443 tp=0.3053  [10.1s]
   median nu  = 0.706
   median |eta| = 0.74
  rho=0.17357 (11/20)
    fp=0.0597 tp=0.3263  [9.6s]
   median nu  = 0.753
   median |eta| = 0.618
  rho=0.15376 (12/20)
    fp=0.0781 tp=0.3579  [9.3s]
   median nu  = 0.815
   median |eta| = 0.494
  rho=0.13621 (13/20)
    fp=0.0982 tp=0.3789  [9.3s]
   median nu  = 0.893
   median |eta| = 0.382
  rho=0.12066 (14/20)
    fp=0.1232 tp=0.4211  [8.9s]
   median nu  = 0.987
   median |eta| = 0.307
  rho=0.10689 (15/20)
    fp=0.1464 tp=0.4632  [8.5s]
   median nu  = 1.076
   median |eta| = 0.234
  rho=0.09469 (16/20)
    fp=0.1662 tp=0.5053  [8.4s]
   median nu  = 1.167
   median |eta| = 0.174
  rho=0.08388 (17/20)
    fp=0.1897 tp=0.5474  [8.2s]
   median nu  = 1.257
   median |eta| = 0.128
  rho=0.07431 (18/20)
    fp=0.2128 tp=0.5684  [8.7s]
   median nu  = 1.357
   median |eta| = 0.097
  rho=0.06583 (19/20)
    fp=0.2352 tp=0.5789  [8.6s]
   median nu  = 1.453
   median |eta| = 0.073
  rho=0.05832 (20/20)
    fp=0.2501 tp=0.5789  [7.7s]
   median nu  = 1.563
   median |eta| = 0.053
  rho=0.05166 (21/21)  [extra 1/50]
    fp=0.2690 tp=0.6105  [7.3s]
   median nu  = 1.675
   median |eta| = 0.039
  rho=0.04576 (22/22)  [extra 2/50]
    fp=0.2863 tp=0.6105  [7.2s]
   median nu  = 1.829
   median |eta| = 0.029
  rho=0.04054 (23/23)  [extra 3/50]
    fp=0.3015 tp=0.6316  [7.2s]
   median nu  = 1.954
   median |eta| = 0.023
  FPR 0.3015 >= fp_end=0.3; stopping after 23 fits
  grid extended by 3 points down to rho=0.04054, ending at FPR 0.3015
  graphical_lasso rho_max = max|S_ij| (off-diag) = 116.34621
  rho grid: [116.34620705 103.06724102  91.303846    80.88304501  71.65160348
  63.473776    56.22931022  49.81167857  44.12651182  39.0902114
  34.62872011  30.67643314  27.17523337  24.07363676  21.32603533
  18.89202647  16.73581885  14.82570613  13.13360071  11.63462071]
Running graphical_lasso over 20 rho values, extending until FPR >= 0.3...
  rho=116.34621 (1/20)
    fp=0.0000 tp=0.0000  [0.0s]
  rho=103.06724 (2/20)
    fp=0.0004 tp=0.0000  [0.0s]
  rho=91.30385 (3/20)
    fp=0.0004 tp=0.0000  [0.0s]
  rho=80.88305 (4/20)
    fp=0.0006 tp=0.0000  [8.2s]
  rho=71.65160 (5/20)
    fp=0.0006 tp=0.0000  [8.1s]
  rho=63.47378 (6/20)
    fp=0.0010 tp=0.0000  [8.0s]
  rho=56.22931 (7/20)
    fp=0.0019 tp=0.0105  [0.0s]
  rho=49.81168 (8/20)
    fp=0.0025 tp=0.0105  [8.1s]
  rho=44.12651 (9/20)
    fp=0.0027 tp=0.0105  [8.0s]
  rho=39.09021 (10/20)
    fp=0.0031 tp=0.0105  [0.0s]
  rho=34.62872 (11/20)
    fp=0.0033 tp=0.0105  [0.0s]
  rho=30.67643 (12/20)
    fp=0.0041 tp=0.0105  [0.0s]
  rho=27.17523 (13/20)
    fp=0.0045 tp=0.0105  [0.0s]
  rho=24.07364 (14/20)
    fp=0.0058 tp=0.0105  [0.0s]
  rho=21.32604 (15/20)
    fp=0.0072 tp=0.0105  [0.0s]
  rho=18.89203 (16/20)
    fp=0.0101 tp=0.0105  [0.0s]
  rho=16.73582 (17/20)
    fp=0.0117 tp=0.0211  [0.3s]
  rho=14.82571 (18/20)
    fp=0.0134 tp=0.0316  [0.1s]
  rho=13.13360 (19/20)
    fp=0.0150 tp=0.0316  [0.0s]
  rho=11.63462 (20/20)
    fp=0.0189 tp=0.0316  [0.0s]
  rho=10.30672 (21/21)  [extra 1/50]
    fp=0.0214 tp=0.0421  [0.0s]
  rho=9.13038 (22/22)  [extra 2/50]
    fp=0.0245 tp=0.0632  [0.0s]
  rho=8.08830 (23/23)  [extra 3/50]
    fp=0.0276 tp=0.0737  [0.0s]
  rho=7.16516 (24/24)  [extra 4/50]
    fp=0.0334 tp=0.0737  [0.0s]
  rho=6.34738 (25/25)  [extra 5/50]
    fp=0.0367 tp=0.0737  [0.1s]
  rho=5.62293 (26/26)  [extra 6/50]
    fp=0.0418 tp=0.0737  [0.0s]
  rho=4.98117 (27/27)  [extra 7/50]
    fp=0.0459 tp=0.0737  [0.1s]
  rho=4.41265 (28/28)  [extra 8/50]
    fp=0.0521 tp=0.1053  [0.3s]
  rho=3.90902 (29/29)  [extra 9/50]
    fp=0.0581 tp=0.1053  [0.2s]
  rho=3.46287 (30/30)  [extra 10/50]
    fp=0.0632 tp=0.1053  [0.1s]
  rho=3.06764 (31/31)  [extra 11/50]
    fp=0.0696 tp=0.1158  [0.0s]
  rho=2.71752 (32/32)  [extra 12/50]
    fp=0.0754 tp=0.1158  [0.2s]
  rho=2.40736 (33/33)  [extra 13/50]
    fp=0.0830 tp=0.1158  [0.0s]
  rho=2.13260 (34/34)  [extra 14/50]
    fp=0.0898 tp=0.1263  [0.1s]
  rho=1.88920 (35/35)  [extra 15/50]
    fp=0.1005 tp=0.1368  [0.1s]
  rho=1.67358 (36/36)  [extra 16/50]
    fp=0.1129 tp=0.1368  [0.4s]
  rho=1.48257 (37/37)  [extra 17/50]
    fp=0.1230 tp=0.1579  [0.1s]
  rho=1.31336 (38/38)  [extra 18/50]
    fp=0.1349 tp=0.1579  [0.1s]
  rho=1.16346 (39/39)  [extra 19/50]
    fp=0.1448 tp=0.1789  [0.4s]
  rho=1.03067 (40/40)  [extra 20/50]
    fp=0.1578 tp=0.1895  [0.1s]
  rho=0.91304 (41/41)  [extra 21/50]
    fp=0.1763 tp=0.1895  [0.3s]
  rho=0.80883 (42/42)  [extra 22/50]
    fp=0.1928 tp=0.2421  [0.7s]
  rho=0.71652 (43/43)  [extra 23/50]
    fp=0.2082 tp=0.2526  [0.0s]
  rho=0.63474 (44/44)  [extra 24/50]
    fp=0.2270 tp=0.3053  [0.0s]
  rho=0.56229 (45/45)  [extra 25/50]
    fp=0.2451 tp=0.3368  [0.4s]
  rho=0.49812 (46/46)  [extra 26/50]
    fp=0.2669 tp=0.3895  [0.4s]
  rho=0.44127 (47/47)  [extra 27/50]
    fp=0.2832 tp=0.4000  [0.2s]
  rho=0.39090 (48/48)  [extra 28/50]
    fp=0.3034 tp=0.4316  [0.4s]
  FPR 0.3034 >= fp_end=0.3; stopping after 48 fits
  [note] 5/48 fits hit a glasso ConvergenceWarning (suppressed)
  grid extended by 28 points down to rho=0.39090, ending at FPR 0.3034
  [warn] mean_roc averages out to FPR 0.300 but the shortest replicate only reached 0.253; its TPR is held flat above that
  [warn] mean_roc averages out to FPR 0.300 but the shortest replicate only reached 0.208; its TPR is held flat above that

(p=100, n=50) over 9 replicates
  t+lasso  (run_em_diagonal):    AUC = 0.140 (SE 0.003)
  ~t+lasso (run_em_exact):       AUC = 0.132 (SE 0.003)
  tlasso   (run_tlasso):         AUC = 0.051 (SE 0.003)
  t*lasso  (run_tstar_varlasso): AUC = 0.110 (SE 0.004)
  glasso   (graphical_lasso):    AUC = 0.051 (SE 0.003)
Replicate 10/50
  Theta: 86/4950 edges
  pilot fit of run_tlasso at rho=30.34854
  -> rho_max = max|S_ij| (off-diag) = 19778.78251
  rho grid: [19778.78251196 17521.36658209 15521.59677767 13750.06711948
 12180.72782705 10790.50226501  9558.94760842  8467.95423757
  7501.47944177  6645.31151641  5886.86078432  5214.97446859
  4619.77269456  4092.50320936  3625.41268282  3211.63269724
  2845.07874948  2520.36078027  2232.70391509  1977.8782512 ]
Running run_tlasso over 20 rho values, extending until FPR >= 0.3...
  rho=19778.78251 (1/20)
    fp=0.0000 tp=0.0000  [0.1s]
   nu  = 3.0000
  rho=17521.36658 (2/20)
    fp=0.0002 tp=0.0000  [0.0s]
   nu  = 3.0000
  rho=15521.59678 (3/20)
    fp=0.0002 tp=0.0000  [0.1s]
   nu  = 3.0000
  rho=13750.06712 (4/20)
    fp=0.0002 tp=0.0000  [0.0s]
   nu  = 3.0000
  rho=12180.72783 (5/20)
    fp=0.0002 tp=0.0000  [0.1s]
   nu  = 3.0000
  rho=10790.50227 (6/20)
    fp=0.0002 tp=0.0000  [0.0s]
   nu  = 3.0000
  rho=9558.94761 (7/20)
    fp=0.0002 tp=0.0000  [0.1s]
   nu  = 3.0000
  rho=8467.95424 (8/20)
    fp=0.0002 tp=0.0000  [0.1s]
   nu  = 3.0000
  rho=7501.47944 (9/20)
    fp=0.0002 tp=0.0000  [0.1s]
   nu  = 3.0000
  rho=6645.31152 (10/20)
    fp=0.0002 tp=0.0000  [0.1s]
   nu  = 3.0000
  rho=5886.86078 (11/20)
    fp=0.0002 tp=0.0000  [0.1s]
   nu  = 3.0000
  rho=5214.97447 (12/20)
    fp=0.0002 tp=0.0000  [0.1s]
   nu  = 3.0000
  rho=4619.77269 (13/20)
    fp=0.0006 tp=0.0000  [0.1s]
   nu  = 3.0000
  rho=4092.50321 (14/20)
    fp=0.0008 tp=0.0000  [0.1s]
   nu  = 3.0000
  rho=3625.41268 (15/20)
    fp=0.0010 tp=0.0000  [0.1s]
   nu  = 3.0000
  rho=3211.63270 (16/20)
    fp=0.0010 tp=0.0000  [0.1s]
   nu  = 3.0000
  rho=2845.07875 (17/20)
    fp=0.0010 tp=0.0000  [0.1s]
   nu  = 3.0000
  rho=2520.36078 (18/20)
    fp=0.0012 tp=0.0000  [0.1s]
   nu  = 3.0000
  rho=2232.70392 (19/20)
    fp=0.0019 tp=0.0000  [0.1s]
   nu  = 3.0000
  rho=1977.87825 (20/20)
    fp=0.0021 tp=0.0116  [0.1s]
   nu  = 3.0000
  rho=1752.13666 (21/21)  [extra 1/50]
    fp=0.0025 tp=0.0116  [0.1s]
   nu  = 3.0000
  rho=1552.15968 (22/22)  [extra 2/50]
    fp=0.0029 tp=0.0116  [0.1s]
   nu  = 3.0000
  rho=1375.00671 (23/23)  [extra 3/50]
    fp=0.0035 tp=0.0116  [0.1s]
   nu  = 3.0000
  rho=1218.07278 (24/24)  [extra 4/50]
    fp=0.0047 tp=0.0116  [0.1s]
   nu  = 3.0000
  rho=1079.05023 (25/25)  [extra 5/50]
    fp=0.0058 tp=0.0116  [0.1s]
   nu  = 3.0000
  rho=955.89476 (26/26)  [extra 6/50]
    fp=0.0072 tp=0.0116  [0.1s]
   nu  = 3.0000
  rho=846.79542 (27/27)  [extra 7/50]
    fp=0.0082 tp=0.0116  [0.1s]
   nu  = 3.0000
  rho=750.14794 (28/28)  [extra 8/50]
    fp=0.0088 tp=0.0116  [0.1s]
   nu  = 3.0000
  rho=664.53115 (29/29)  [extra 9/50]
    fp=0.0107 tp=0.0116  [0.1s]
   nu  = 3.0000
  rho=588.68608 (30/30)  [extra 10/50]
    fp=0.0121 tp=0.0116  [0.1s]
   nu  = 3.0000
  rho=521.49745 (31/31)  [extra 11/50]
    fp=0.0144 tp=0.0233  [0.1s]
   nu  = 3.0000
  rho=461.97727 (32/32)  [extra 12/50]
    fp=0.0152 tp=0.0233  [0.2s]
   nu  = 3.0000
  rho=409.25032 (33/33)  [extra 13/50]
    fp=0.0164 tp=0.0233  [0.1s]
   nu  = 3.0000
  rho=362.54127 (34/34)  [extra 14/50]
    fp=0.0177 tp=0.0233  [0.1s]
   nu  = 3.0000
  rho=321.16327 (35/35)  [extra 15/50]
    fp=0.0199 tp=0.0233  [0.1s]
   nu  = 3.0000
  rho=284.50787 (36/36)  [extra 16/50]
    fp=0.0214 tp=0.0233  [0.1s]
   nu  = 3.0000
  rho=252.03608 (37/37)  [extra 17/50]
    fp=0.0226 tp=0.0233  [0.1s]
   nu  = 3.0000
  rho=223.27039 (38/38)  [extra 18/50]
    fp=0.0255 tp=0.0233  [0.1s]
   nu  = 3.0000
  rho=197.78783 (39/39)  [extra 19/50]
    fp=0.0294 tp=0.0233  [0.1s]
   nu  = 3.0000
  rho=175.21367 (40/40)  [extra 20/50]
    fp=0.0350 tp=0.0233  [0.1s]
   nu  = 3.0000
  rho=155.21597 (41/41)  [extra 21/50]
    fp=0.0387 tp=0.0233  [0.1s]
   nu  = 3.0000
  rho=137.50067 (42/42)  [extra 22/50]
    fp=0.0430 tp=0.0233  [0.1s]
   nu  = 3.0000
  rho=121.80728 (43/43)  [extra 23/50]
    fp=0.0467 tp=0.0698  [0.1s]
   nu  = 3.0000
  rho=107.90502 (44/44)  [extra 24/50]
    fp=0.0514 tp=0.0930  [0.2s]
   nu  = 3.0000
  rho=95.58948 (45/45)  [extra 25/50]
    fp=0.0557 tp=0.0930  [0.2s]
   nu  = 3.0000
  rho=84.67954 (46/46)  [extra 26/50]
    fp=0.0609 tp=0.0930  [0.1s]
   nu  = 3.0000
  rho=75.01479 (47/47)  [extra 27/50]
    fp=0.0656 tp=0.0930  [0.1s]
   nu  = 3.0000
  rho=66.45312 (48/48)  [extra 28/50]
    fp=0.0715 tp=0.1047  [0.1s]
   nu  = 3.0000
  rho=58.86861 (49/49)  [extra 29/50]
    fp=0.0771 tp=0.1163  [0.1s]
   nu  = 3.0000
  rho=52.14974 (50/50)  [extra 30/50]
    fp=0.0818 tp=0.1163  [0.1s]
   nu  = 3.0000
  rho=46.19773 (51/51)  [extra 31/50]
    fp=0.0892 tp=0.1279  [0.1s]
   nu  = 3.0000
  rho=40.92503 (52/52)  [extra 32/50]
    fp=0.0964 tp=0.1279  [0.1s]
   nu  = 3.0000
  rho=36.25413 (53/53)  [extra 33/50]
    fp=0.1040 tp=0.1279  [0.2s]
   nu  = 3.0000
  rho=32.11633 (54/54)  [extra 34/50]
    fp=0.1106 tp=0.1279  [0.2s]
   nu  = 3.0000
  rho=28.45079 (55/55)  [extra 35/50]
    fp=0.1176 tp=0.1512  [0.2s]
   nu  = 3.0000
  rho=25.20361 (56/56)  [extra 36/50]
    fp=0.1260 tp=0.1628  [0.2s]
   nu  = 3.0000
  rho=22.32704 (57/57)  [extra 37/50]
    fp=0.1338 tp=0.1628  [0.2s]
   nu  = 3.0000
  rho=19.77878 (58/58)  [extra 38/50]
    fp=0.1449 tp=0.1628  [0.2s]
   nu  = 3.0000
  rho=17.52137 (59/59)  [extra 39/50]
    fp=0.1540 tp=0.1744  [0.3s]
   nu  = 3.0000
  rho=15.52160 (60/60)  [extra 40/50]
    fp=0.1678 tp=0.1977  [0.3s]
   nu  = 3.0000
  rho=13.75007 (61/61)  [extra 41/50]
    fp=0.1776 tp=0.2093  [0.3s]
   nu  = 3.0000
  rho=12.18073 (62/62)  [extra 42/50]
    fp=0.1900 tp=0.2209  [0.3s]
   nu  = 3.0000
  rho=10.79050 (63/63)  [extra 43/50]
    fp=0.2019 tp=0.2326  [0.2s]
   nu  = 3.0000
  rho=9.55895 (64/64)  [extra 44/50]
    fp=0.2150 tp=0.2791  [0.4s]
   nu  = 3.0000
  rho=8.46795 (65/65)  [extra 45/50]
    fp=0.2303 tp=0.3023  [0.4s]
   nu  = 3.0000
  rho=7.50148 (66/66)  [extra 46/50]
    fp=0.2481 tp=0.3140  [0.4s]
   nu  = 3.0000
  rho=6.64531 (67/67)  [extra 47/50]
    fp=0.2658 tp=0.3488  [0.4s]
   nu  = 3.0000
  rho=5.88686 (68/68)  [extra 48/50]
    fp=0.2804 tp=0.4070  [0.5s]
   nu  = 3.0000
  rho=5.21497 (69/69)  [extra 49/50]
    fp=0.2975 tp=0.4070  [0.7s]
   nu  = 3.0000
  rho=4.61977 (70/70)  [extra 50/50]
    fp=0.3127 tp=0.4186  [1.0s]
   nu  = 3.0000
  FPR 0.3127 >= fp_end=0.3; stopping after 70 fits
  [note] 2/70 fits hit a glasso ConvergenceWarning (suppressed)
  grid extended by 50 points down to rho=4.61977, ending at FPR 0.3127
  pilot fit of run_tstar_varlasso at rho=0.30349
  -> rho_max = max|S_ij| (off-diag) = 0.85120
  rho grid: [0.85120151 0.75405115 0.66798887 0.59174916 0.52421093 0.46438105
 0.41137975 0.36442766 0.32283436 0.28598824 0.25334748 0.22443212
 0.19881696 0.17612535 0.15602359 0.13821612 0.12244107 0.10846648
 0.09608685 0.08512015]
Running run_tstar_varlasso over 20 rho values, extending until FPR >= 0.3...
  rho=0.85120 (1/20)
    fp=0.0004 tp=0.0000  [0.2s]
   nu  = 3.0000
  rho=0.75405 (2/20)
    fp=0.0014 tp=0.0233  [0.1s]
   nu  = 3.0000
  rho=0.66799 (3/20)
    fp=0.0025 tp=0.0233  [0.1s]
   nu  = 3.0000
  rho=0.59175 (4/20)
    fp=0.0047 tp=0.0349  [0.1s]
   nu  = 3.0000
  rho=0.52421 (5/20)
    fp=0.0076 tp=0.0581  [0.1s]
   nu  = 3.0000
  rho=0.46438 (6/20)
    fp=0.0132 tp=0.0814  [0.1s]
   nu  = 3.0000
  rho=0.41138 (7/20)
    fp=0.0197 tp=0.0930  [0.1s]
   nu  = 3.0000
  rho=0.36443 (8/20)
    fp=0.0278 tp=0.1279  [0.1s]
   nu  = 3.0000
  rho=0.32283 (9/20)
    fp=0.0409 tp=0.1395  [0.1s]
   nu  = 3.0000
  rho=0.28599 (10/20)
    fp=0.0580 tp=0.2093  [0.1s]
   nu  = 3.0000
  rho=0.25335 (11/20)
    fp=0.0746 tp=0.2209  [0.1s]
   nu  = 3.0000
  rho=0.22443 (12/20)
    fp=0.0935 tp=0.2674  [0.1s]
   nu  = 3.0000
  rho=0.19882 (13/20)
    fp=0.1188 tp=0.3140  [0.1s]
   nu  = 3.0000
  rho=0.17613 (14/20)
    fp=0.1417 tp=0.3953  [0.2s]
   nu  = 3.0000
  rho=0.15602 (15/20)
    fp=0.1659 tp=0.4186  [0.2s]
   nu  = 3.0000
  rho=0.13822 (16/20)
    fp=0.1914 tp=0.4767  [0.2s]
   nu  = 3.0000
  rho=0.12244 (17/20)
    fp=0.2163 tp=0.5116  [0.2s]
   nu  = 3.0000
  rho=0.10847 (18/20)
    fp=0.2432 tp=0.5349  [0.2s]
   nu  = 3.0000
  rho=0.09609 (19/20)
    fp=0.2708 tp=0.5814  [0.2s]
   nu  = 3.0000
  rho=0.08512 (20/20)
    fp=0.2954 tp=0.6163  [0.2s]
   nu  = 3.0000
  rho=0.07541 (21/21)  [extra 1/50]
    fp=0.3178 tp=0.6395  [0.2s]
   nu  = 3.0000
  FPR 0.3178 >= fp_end=0.3; stopping after 21 fits
  grid extended by 1 points down to rho=0.07541, ending at FPR 0.3178
  pilot fit of run_em_diagonal at rho=0.30349
  -> rho_max = max|S_ij| (off-diag) = 0.62977
  rho grid: [0.62977001 0.55789233 0.49421829 0.43781157 0.38784273 0.343577
 0.30436345 0.26962547 0.23885225 0.21159128 0.18744169 0.16604837
 0.14709673 0.13030811 0.11543563 0.10226059 0.09058926 0.08025002
 0.07109082 0.062977  ]
Running run_em_diagonal over 20 rho values, extending until FPR >= 0.3...
  rho=0.62977 (1/20)
    fp=0.0002 tp=0.0116  [10.2s]
   median nu  = 0.347
   median |eta| = 1.613
  rho=0.55789 (2/20)
    fp=0.0002 tp=0.0116  [10.2s]
   median nu  = 0.376
   median |eta| = 1.523
  rho=0.49422 (3/20)
    fp=0.0010 tp=0.0116  [10.1s]
   median nu  = 0.403
   median |eta| = 1.461
  rho=0.43781 (4/20)
    fp=0.0033 tp=0.0233  [10.0s]
   median nu  = 0.427
   median |eta| = 1.425
  rho=0.38784 (5/20)
    fp=0.0047 tp=0.0233  [9.9s]
   median nu  = 0.448
   median |eta| = 1.443
  rho=0.34358 (6/20)
    fp=0.0093 tp=0.0698  [9.9s]
   median nu  = 0.467
   median |eta| = 1.397
  rho=0.30436 (7/20)
    fp=0.0140 tp=0.0930  [9.9s]
   median nu  = 0.484
   median |eta| = 1.359
  rho=0.26963 (8/20)
    fp=0.0212 tp=0.1163  [10.0s]
   median nu  = 0.499
   median |eta| = 1.319
  rho=0.23885 (9/20)
    fp=0.0298 tp=0.2326  [10.0s]
   median nu  = 0.512
   median |eta| = 1.261
  rho=0.21159 (10/20)
    fp=0.0417 tp=0.2558  [10.0s]
   median nu  = 0.527
   median |eta| = 1.246
  rho=0.18744 (11/20)
    fp=0.0553 tp=0.2907  [10.1s]
   median nu  = 0.541
   median |eta| = 1.26
  rho=0.16605 (12/20)
    fp=0.0672 tp=0.3140  [10.1s]
   median nu  = 0.554
   median |eta| = 1.243
  rho=0.14710 (13/20)
    fp=0.0841 tp=0.3721  [10.1s]
   median nu  = 0.579
   median |eta| = 1.147
  rho=0.13031 (14/20)
    fp=0.1003 tp=0.4070  [10.2s]
   median nu  = 0.586
   median |eta| = 1.179
  rho=0.11544 (15/20)
    fp=0.1211 tp=0.4651  [10.3s]
   median nu  = 0.598
   median |eta| = 1.128
  rho=0.10226 (16/20)
    fp=0.1375 tp=0.5233  [10.3s]
   median nu  = 0.6
   median |eta| = 1.001
  rho=0.09059 (17/20)
    fp=0.1565 tp=0.5349  [10.3s]
   median nu  = 0.655
   median |eta| = 1.003
  rho=0.08025 (18/20)
    fp=0.1764 tp=0.5814  [10.2s]
   median nu  = 0.671
   median |eta| = 1.016
  rho=0.07109 (19/20)
    fp=0.1943 tp=0.6047  [10.2s]
   median nu  = 0.684
   median |eta| = 1.068
  rho=0.06298 (20/20)
    fp=0.2107 tp=0.6163  [10.2s]
   median nu  = 0.717
   median |eta| = 1.028
  rho=0.05579 (21/21)  [extra 1/50]
    fp=0.2301 tp=0.6163  [10.2s]
   median nu  = 0.707
   median |eta| = 1.003
  rho=0.04942 (22/22)  [extra 2/50]
    fp=0.2461 tp=0.6279  [10.2s]
   median nu  = 0.732
   median |eta| = 1.039
  rho=0.04378 (23/23)  [extra 3/50]
    fp=0.2619 tp=0.6744  [10.2s]
   median nu  = 0.76
   median |eta| = 1.045
  rho=0.03878 (24/24)  [extra 4/50]
    fp=0.2712 tp=0.6744  [10.2s]
   median nu  = 0.811
   median |eta| = 0.788
  rho=0.03436 (25/25)  [extra 5/50]
    fp=0.2872 tp=0.6860  [10.6s]
   median nu  = 0.83
   median |eta| = 0.822
  rho=0.03044 (26/26)  [extra 6/50]
    fp=0.2993 tp=0.7093  [10.6s]
   median nu  = 0.921
   median |eta| = 0.797
  rho=0.02696 (27/27)  [extra 7/50]
    fp=0.3090 tp=0.6860  [10.7s]
   median nu  = 0.9
   median |eta| = 0.742
  FPR 0.3090 >= fp_end=0.3; stopping after 27 fits
  grid extended by 7 points down to rho=0.02696, ending at FPR 0.3090
  pilot fit of run_em_exact at rho=0.30349
  -> rho_max = max|S_ij| (off-diag) = 0.66737
  rho grid: [0.66737305 0.59120363 0.52372766 0.46395294 0.4110005  0.3640917
 0.32253674 0.28572459 0.25311392 0.22422522 0.19863368 0.17596298
 0.15587976 0.1380887  0.12232819 0.10836648 0.09599827 0.08504168
 0.0753356  0.06673731]
Running run_em_exact over 20 rho values, extending until FPR >= 0.3...
  rho=0.66737 (1/20)
    fp=0.0000 tp=0.0116  [10.9s]
   median nu  = 0.332
   median |eta| = 1.643
  rho=0.59120 (2/20)
    fp=0.0002 tp=0.0116  [11.0s]
   median nu  = 0.362
   median |eta| = 1.537
  rho=0.52373 (3/20)
    fp=0.0004 tp=0.0116  [10.9s]
   median nu  = 0.39
   median |eta| = 1.5
  rho=0.46395 (4/20)
    fp=0.0021 tp=0.0116  [10.4s]
   median nu  = 0.416
   median |eta| = 1.422
  rho=0.41100 (5/20)
    fp=0.0035 tp=0.0233  [10.3s]
   median nu  = 0.438
   median |eta| = 1.455
  rho=0.36409 (6/20)
    fp=0.0064 tp=0.0465  [10.2s]
   median nu  = 0.458
   median |eta| = 1.418
  rho=0.32254 (7/20)
    fp=0.0121 tp=0.0930  [10.0s]
   median nu  = 0.476
   median |eta| = 1.368
  rho=0.28572 (8/20)
    fp=0.0201 tp=0.1163  [9.9s]
   median nu  = 0.501
   median |eta| = 1.247
  rho=0.25311 (9/20)
    fp=0.0310 tp=0.1628  [9.8s]
   median nu  = 0.53
   median |eta| = 1.133
  rho=0.22423 (10/20)
    fp=0.0415 tp=0.2558  [9.7s]
   median nu  = 0.575
   median |eta| = 0.931
  rho=0.19863 (11/20)
    fp=0.0592 tp=0.2907  [9.5s]
   median nu  = 0.623
   median |eta| = 0.741
  rho=0.17596 (12/20)
    fp=0.0773 tp=0.3256  [9.1s]
   median nu  = 0.668
   median |eta| = 0.563
  rho=0.15588 (13/20)
    fp=0.0972 tp=0.3837  [8.7s]
   median nu  = 0.729
   median |eta| = 0.456
  rho=0.13809 (14/20)
    fp=0.1221 tp=0.4419  [8.5s]
   median nu  = 0.814
   median |eta| = 0.382
  rho=0.12233 (15/20)
    fp=0.1447 tp=0.5000  [8.2s]
   median nu  = 0.897
   median |eta| = 0.313
  rho=0.10837 (16/20)
    fp=0.1678 tp=0.5465  [8.0s]
   median nu  = 0.993
   median |eta| = 0.258
  rho=0.09600 (17/20)
    fp=0.1916 tp=0.5698  [7.7s]
   median nu  = 1.111
   median |eta| = 0.192
  rho=0.08504 (18/20)
    fp=0.2150 tp=0.5814  [7.6s]
   median nu  = 1.216
   median |eta| = 0.14
  rho=0.07534 (19/20)
    fp=0.2348 tp=0.6047  [8.4s]
   median nu  = 1.308
   median |eta| = 0.106
  rho=0.06674 (20/20)
    fp=0.2574 tp=0.6163  [8.1s]
   median nu  = 1.418
   median |eta| = 0.084
  rho=0.05912 (21/21)  [extra 1/50]
    fp=0.2761 tp=0.6279  [8.1s]
   median nu  = 1.53
   median |eta| = 0.062
  rho=0.05237 (22/22)  [extra 2/50]
    fp=0.2895 tp=0.6395  [8.1s]
   median nu  = 1.674
   median |eta| = 0.043
  rho=0.04640 (23/23)  [extra 3/50]
    fp=0.3055 tp=0.6395  [8.1s]
   median nu  = 1.809
   median |eta| = 0.032
  FPR 0.3055 >= fp_end=0.3; stopping after 23 fits
  grid extended by 3 points down to rho=0.04640, ending at FPR 0.3055
  graphical_lasso rho_max = max|S_ij| (off-diag) = 1121.69984
  rho grid: [1121.69983893  993.67663612  880.26513234  779.7976475   690.79683916
  611.95397873  542.10970702  480.23698621  425.42599761  376.87076306
  333.85729327  295.75308884  261.99783957  232.09518523  205.60541681
  182.13901068  161.3509008   142.93540462  126.62172813  112.16998389]
Running graphical_lasso over 20 rho values, extending until FPR >= 0.3...
  rho=1121.69984 (1/20)
    fp=0.0002 tp=0.0000  [8.1s]
  rho=993.67664 (2/20)
    fp=0.0004 tp=0.0000  [8.1s]
  rho=880.26513 (3/20)
    fp=0.0004 tp=0.0000  [8.2s]
  rho=779.79765 (4/20)
    fp=0.0004 tp=0.0000  [8.1s]
  rho=690.79684 (5/20)
    fp=0.0004 tp=0.0000  [8.2s]
  rho=611.95398 (6/20)
    fp=0.0002 tp=0.0000  [0.0s]
  rho=542.10971 (7/20)
    fp=0.0002 tp=0.0000  [8.1s]
  rho=480.23699 (8/20)
    fp=0.0002 tp=0.0000  [8.4s]
  rho=425.42600 (9/20)
    fp=0.0002 tp=0.0000  [0.0s]
  rho=376.87076 (10/20)
    fp=0.0004 tp=0.0000  [0.0s]
  rho=333.85729 (11/20)
    fp=0.0006 tp=0.0000  [0.0s]
  rho=295.75309 (12/20)
    fp=0.0006 tp=0.0000  [0.0s]
  rho=261.99784 (13/20)
    fp=0.0012 tp=0.0000  [0.0s]
  rho=232.09519 (14/20)
    fp=0.0012 tp=0.0000  [8.2s]
  rho=205.60542 (15/20)
    fp=0.0012 tp=0.0000  [0.0s]
  rho=182.13901 (16/20)
    fp=0.0012 tp=0.0000  [0.0s]
  rho=161.35090 (17/20)
    fp=0.0012 tp=0.0000  [0.0s]
  rho=142.93540 (18/20)
    fp=0.0014 tp=0.0000  [0.0s]
  rho=126.62173 (19/20)
    fp=0.0023 tp=0.0116  [0.0s]
  rho=112.16998 (20/20)
    fp=0.0025 tp=0.0116  [8.4s]
  rho=99.36766 (21/21)  [extra 1/50]
    fp=0.0029 tp=0.0116  [0.0s]
  rho=88.02651 (22/22)  [extra 2/50]
    fp=0.0033 tp=0.0116  [0.0s]
  rho=77.97976 (23/23)  [extra 3/50]
    fp=0.0041 tp=0.0116  [0.0s]
  rho=69.07968 (24/24)  [extra 4/50]
    fp=0.0051 tp=0.0116  [8.3s]
  rho=61.19540 (25/25)  [extra 5/50]
    fp=0.0064 tp=0.0116  [8.7s]
  rho=54.21097 (26/26)  [extra 6/50]
    fp=0.0076 tp=0.0116  [0.0s]
  rho=48.02370 (27/27)  [extra 7/50]
    fp=0.0090 tp=0.0116  [0.0s]
  rho=42.54260 (28/28)  [extra 8/50]
    fp=0.0099 tp=0.0116  [0.0s]
  rho=37.68708 (29/29)  [extra 9/50]
    fp=0.0107 tp=0.0116  [0.0s]
  rho=33.38573 (30/30)  [extra 10/50]
    fp=0.0125 tp=0.0116  [0.0s]
  rho=29.57531 (31/31)  [extra 11/50]
    fp=0.0146 tp=0.0116  [0.0s]
  rho=26.19978 (32/32)  [extra 12/50]
    fp=0.0154 tp=0.0116  [0.0s]
  rho=23.20952 (33/33)  [extra 13/50]
    fp=0.0175 tp=0.0116  [0.1s]
  rho=20.56054 (34/34)  [extra 14/50]
    fp=0.0187 tp=0.0116  [0.0s]
  rho=18.21390 (35/35)  [extra 15/50]
    fp=0.0208 tp=0.0233  [0.0s]
  rho=16.13509 (36/36)  [extra 16/50]
    fp=0.0220 tp=0.0233  [0.0s]
  rho=14.29354 (37/37)  [extra 17/50]
    fp=0.0243 tp=0.0233  [0.1s]
  rho=12.66217 (38/38)  [extra 18/50]
    fp=0.0288 tp=0.0233  [0.0s]
  rho=11.21700 (39/39)  [extra 19/50]
    fp=0.0335 tp=0.0233  [0.2s]
  rho=9.93677 (40/40)  [extra 20/50]
    fp=0.0384 tp=0.0349  [0.5s]
  rho=8.80265 (41/41)  [extra 21/50]
    fp=0.0411 tp=0.0465  [0.1s]
  rho=7.79798 (42/42)  [extra 22/50]
    fp=0.0463 tp=0.0465  [0.5s]
  rho=6.90797 (43/43)  [extra 23/50]
    fp=0.0498 tp=0.0814  [1.3s]
  rho=6.11954 (44/44)  [extra 24/50]
    fp=0.0559 tp=0.0930  [0.1s]
  rho=5.42110 (45/45)  [extra 25/50]
    fp=0.0606 tp=0.0930  [0.1s]
  rho=4.80237 (46/46)  [extra 26/50]
    fp=0.0668 tp=0.0930  [0.0s]
  rho=4.25426 (47/47)  [extra 27/50]
    fp=0.0711 tp=0.1047  [0.1s]
  rho=3.76871 (48/48)  [extra 28/50]
    fp=0.0775 tp=0.1163  [0.0s]
  rho=3.33857 (49/49)  [extra 29/50]
    fp=0.0833 tp=0.1279  [0.2s]
  rho=2.95753 (50/50)  [extra 30/50]
    fp=0.0900 tp=0.1279  [0.2s]
  rho=2.61998 (51/51)  [extra 31/50]
    fp=0.0995 tp=0.1279  [0.0s]
  rho=2.32095 (52/52)  [extra 32/50]
    fp=0.1067 tp=0.1395  [0.1s]
  rho=2.05605 (53/53)  [extra 33/50]
    fp=0.1139 tp=0.1628  [0.2s]
  rho=1.82139 (54/54)  [extra 34/50]
    fp=0.1231 tp=0.1744  [0.0s]
  rho=1.61351 (55/55)  [extra 35/50]
    fp=0.1336 tp=0.1744  [0.2s]
  rho=1.42935 (56/56)  [extra 36/50]
    fp=0.1466 tp=0.1860  [0.1s]
  rho=1.26622 (57/57)  [extra 37/50]
    fp=0.1585 tp=0.2209  [0.1s]
  rho=1.12170 (58/58)  [extra 38/50]
    fp=0.1700 tp=0.2326  [0.1s]
  rho=0.99368 (59/59)  [extra 39/50]
    fp=0.1838 tp=0.2442  [0.0s]
  rho=0.88027 (60/60)  [extra 40/50]
    fp=0.1984 tp=0.2558  [0.1s]
  rho=0.77980 (61/61)  [extra 41/50]
    fp=0.2161 tp=0.2791  [0.0s]
  rho=0.69080 (62/62)  [extra 42/50]
    fp=0.2331 tp=0.3023  [0.4s]
  rho=0.61195 (63/63)  [extra 43/50]
    fp=0.2512 tp=0.3372  [0.2s]
  rho=0.54211 (64/64)  [extra 44/50]
    fp=0.2660 tp=0.3605  [0.6s]
  rho=0.48024 (65/65)  [extra 45/50]
    fp=0.2854 tp=0.3953  [0.3s]
  rho=0.42543 (66/66)  [extra 46/50]
    fp=0.3037 tp=0.4070  [0.2s]
  FPR 0.3037 >= fp_end=0.3; stopping after 66 fits
  [note] 11/66 fits hit a glasso ConvergenceWarning (suppressed)
  grid extended by 46 points down to rho=0.42543, ending at FPR 0.3037
  [warn] mean_roc averages out to FPR 0.300 but the shortest replicate only reached 0.253; its TPR is held flat above that
  [warn] mean_roc averages out to FPR 0.300 but the shortest replicate only reached 0.208; its TPR is held flat above that

(p=100, n=50) over 10 replicates
  t+lasso  (run_em_diagonal):    AUC = 0.140 (SE 0.003)
  ~t+lasso (run_em_exact):       AUC = 0.133 (SE 0.002)
  tlasso   (run_tlasso):         AUC = 0.052 (SE 0.003)
  t*lasso  (run_tstar_varlasso): AUC = 0.110 (SE 0.004)
  glasso   (graphical_lasso):    AUC = 0.052 (SE 0.003)
Replicate 11/50
  Theta: 113/4950 edges
  pilot fit of run_tlasso at rho=30.34854
  -> rho_max = max|S_ij| (off-diag) = 7186.68378
  rho grid: [7186.68377581 6366.44449017 5639.82174683 4996.13078935 4425.90634683
 3920.76345012 3473.27413352 3076.85820887 2725.68650604 2414.59515677
 2139.00966167 1894.87762364 1678.60915867 1487.02410775 1317.30527359
 1166.95699471 1033.76844745  915.78113657  811.26009617  718.66837758]
Running run_tlasso over 20 rho values, extending until FPR >= 0.3...
  rho=7186.68378 (1/20)
    fp=0.0002 tp=0.0000  [0.1s]
   nu  = 3.0000
  rho=6366.44449 (2/20)
    fp=0.0002 tp=0.0000  [0.1s]
   nu  = 3.0000
  rho=5639.82175 (3/20)
    fp=0.0002 tp=0.0000  [0.1s]
   nu  = 3.0000
  rho=4996.13079 (4/20)
    fp=0.0002 tp=0.0000  [0.1s]
   nu  = 3.0000
  rho=4425.90635 (5/20)
    fp=0.0002 tp=0.0000  [0.1s]
   nu  = 3.0000
  rho=3920.76345 (6/20)
    fp=0.0002 tp=0.0000  [0.1s]
   nu  = 3.0000
  rho=3473.27413 (7/20)
    fp=0.0002 tp=0.0000  [0.1s]
   nu  = 3.0000
  rho=3076.85821 (8/20)
    fp=0.0004 tp=0.0000  [0.1s]
   nu  = 3.0000
  rho=2725.68651 (9/20)
    fp=0.0008 tp=0.0000  [0.1s]
   nu  = 3.0000
  rho=2414.59516 (10/20)
    fp=0.0010 tp=0.0000  [0.1s]
   nu  = 3.0000
  rho=2139.00966 (11/20)
    fp=0.0012 tp=0.0000  [0.1s]
   nu  = 3.0000
  rho=1894.87762 (12/20)
    fp=0.0012 tp=0.0000  [0.1s]
   nu  = 3.0000
  rho=1678.60916 (13/20)
    fp=0.0014 tp=0.0000  [0.1s]
   nu  = 3.0000
  rho=1487.02411 (14/20)
    fp=0.0017 tp=0.0000  [0.1s]
   nu  = 3.0000
  rho=1317.30527 (15/20)
    fp=0.0023 tp=0.0000  [0.1s]
   nu  = 3.0000
  rho=1166.95699 (16/20)
    fp=0.0023 tp=0.0000  [0.1s]
   nu  = 3.0000
  rho=1033.76845 (17/20)
    fp=0.0029 tp=0.0000  [0.1s]
   nu  = 3.0000
  rho=915.78114 (18/20)
    fp=0.0033 tp=0.0000  [0.1s]
   nu  = 3.0000
  rho=811.26010 (19/20)
    fp=0.0045 tp=0.0177  [0.1s]
   nu  = 3.0000
  rho=718.66838 (20/20)
    fp=0.0062 tp=0.0177  [0.1s]
   nu  = 3.0000
  rho=636.64445 (21/21)  [extra 1/50]
    fp=0.0074 tp=0.0177  [0.1s]
   nu  = 3.0000
  rho=563.98217 (22/22)  [extra 2/50]
    fp=0.0087 tp=0.0177  [0.1s]
   nu  = 3.0000
  rho=499.61308 (23/23)  [extra 3/50]
    fp=0.0114 tp=0.0177  [0.1s]
   nu  = 3.0000
  rho=442.59063 (24/24)  [extra 4/50]
    fp=0.0128 tp=0.0177  [0.1s]
   nu  = 3.0000
  rho=392.07635 (25/25)  [extra 5/50]
    fp=0.0147 tp=0.0177  [0.1s]
   nu  = 3.0000
  rho=347.32741 (26/26)  [extra 6/50]
    fp=0.0176 tp=0.0177  [0.1s]
   nu  = 3.0000
  rho=307.68582 (27/27)  [extra 7/50]
    fp=0.0205 tp=0.0177  [0.1s]
   nu  = 3.0000
  rho=272.56865 (28/28)  [extra 8/50]
    fp=0.0246 tp=0.0177  [0.1s]
   nu  = 3.0000
  rho=241.45952 (29/29)  [extra 9/50]
    fp=0.0285 tp=0.0177  [0.1s]
   nu  = 3.0000
  rho=213.90097 (30/30)  [extra 10/50]
    fp=0.0331 tp=0.0177  [0.1s]
   nu  = 3.0000
  rho=189.48776 (31/31)  [extra 11/50]
    fp=0.0378 tp=0.0177  [0.1s]
   nu  = 3.0000
  rho=167.86092 (32/32)  [extra 12/50]
    fp=0.0407 tp=0.0177  [0.2s]
   nu  = 3.0000
  rho=148.70241 (33/33)  [extra 13/50]
    fp=0.0442 tp=0.0177  [0.2s]
   nu  = 3.0000
  rho=131.73053 (34/34)  [extra 14/50]
    fp=0.0478 tp=0.0354  [0.1s]
   nu  = 3.0000
  rho=116.69570 (35/35)  [extra 15/50]
    fp=0.0523 tp=0.0354  [0.1s]
   nu  = 3.0000
  rho=103.37684 (36/36)  [extra 16/50]
    fp=0.0564 tp=0.0442  [0.1s]
   nu  = 3.0000
  rho=91.57811 (37/37)  [extra 17/50]
    fp=0.0606 tp=0.0442  [0.1s]
   nu  = 3.0000
  rho=81.12601 (38/38)  [extra 18/50]
    fp=0.0670 tp=0.0531  [0.1s]
   nu  = 3.0000
  rho=71.86684 (39/39)  [extra 19/50]
    fp=0.0717 tp=0.0531  [0.1s]
   nu  = 3.0000
  rho=63.66444 (40/40)  [extra 20/50]
    fp=0.0777 tp=0.0531  [0.1s]
   nu  = 3.0000
  rho=56.39822 (41/41)  [extra 21/50]
    fp=0.0854 tp=0.0619  [0.1s]
   nu  = 3.0000
  rho=49.96131 (42/42)  [extra 22/50]
    fp=0.0906 tp=0.0619  [0.2s]
   nu  = 3.0000
  rho=44.25906 (43/43)  [extra 23/50]
    fp=0.0972 tp=0.0619  [0.2s]
   nu  = 3.0000
  rho=39.20763 (44/44)  [extra 24/50]
    fp=0.1061 tp=0.0619  [0.2s]
   nu  = 3.0000
  rho=34.73274 (45/45)  [extra 25/50]
    fp=0.1135 tp=0.0796  [0.2s]
   nu  = 3.0000
  rho=30.76858 (46/46)  [extra 26/50]
    fp=0.1257 tp=0.0885  [0.1s]
   nu  = 3.0000
  rho=27.25687 (47/47)  [extra 27/50]
    fp=0.1391 tp=0.0885  [0.2s]
   nu  = 3.0000
  rho=24.14595 (48/48)  [extra 28/50]
    fp=0.1491 tp=0.0973  [0.2s]
   nu  = 3.0000
  rho=21.39010 (49/49)  [extra 29/50]
    fp=0.1594 tp=0.1150  [0.2s]
   nu  = 3.0000
  rho=18.94878 (50/50)  [extra 30/50]
    fp=0.1691 tp=0.1239  [0.3s]
   nu  = 3.0000
  rho=16.78609 (51/51)  [extra 31/50]
    fp=0.1795 tp=0.1327  [0.2s]
   nu  = 3.0000
  rho=14.87024 (52/52)  [extra 32/50]
    fp=0.1935 tp=0.1770  [0.2s]
   nu  = 3.0000
  rho=13.17305 (53/53)  [extra 33/50]
    fp=0.2049 tp=0.2035  [0.3s]
   nu  = 3.0000
  rho=11.66957 (54/54)  [extra 34/50]
    fp=0.2171 tp=0.2212  [0.3s]
   nu  = 3.0000
  rho=10.33768 (55/55)  [extra 35/50]
    fp=0.2309 tp=0.2389  [0.3s]
   nu  = 3.0000
  rho=9.15781 (56/56)  [extra 36/50]
    fp=0.2433 tp=0.2478  [0.3s]
   nu  = 3.0000
  rho=8.11260 (57/57)  [extra 37/50]
    fp=0.2578 tp=0.2655  [0.3s]
   nu  = 3.0000
  rho=7.18668 (58/58)  [extra 38/50]
    fp=0.2733 tp=0.2743  [0.4s]
   nu  = 3.0000
  rho=6.36644 (59/59)  [extra 39/50]
    fp=0.2861 tp=0.2832  [0.5s]
   nu  = 3.0000
  rho=5.63982 (60/60)  [extra 40/50]
    fp=0.3018 tp=0.3186  [0.5s]
   nu  = 3.0000
  FPR 0.3018 >= fp_end=0.3; stopping after 60 fits
  grid extended by 40 points down to rho=5.63982, ending at FPR 0.3018
  pilot fit of run_tstar_varlasso at rho=0.30349
  -> rho_max = max|S_ij| (off-diag) = 0.87893
  rho grid: [0.87892539 0.77861082 0.68974547 0.6110226  0.54128463 0.47950608
 0.42477851 0.37629718 0.33334917 0.29530296 0.26159909 0.23174194
 0.20529249 0.1818618  0.16110533 0.14271786 0.12642901 0.11199926
 0.09921643 0.08789254]
Running run_tstar_varlasso over 20 rho values, extending until FPR >= 0.3...
  rho=0.87893 (1/20)
    fp=0.0014 tp=0.0088  [0.2s]
   nu  = 3.0000
  rho=0.77861 (2/20)
    fp=0.0023 tp=0.0177  [0.1s]
   nu  = 3.0000
  rho=0.68975 (3/20)
    fp=0.0039 tp=0.0177  [0.1s]
   nu  = 3.0000
  rho=0.61102 (4/20)
    fp=0.0072 tp=0.0177  [0.1s]
   nu  = 3.0000
  rho=0.54128 (5/20)
    fp=0.0110 tp=0.0354  [0.1s]
   nu  = 3.0000
  rho=0.47951 (6/20)
    fp=0.0155 tp=0.0354  [0.1s]
   nu  = 3.0000
  rho=0.42478 (7/20)
    fp=0.0236 tp=0.0354  [0.1s]
   nu  = 3.0000
  rho=0.37630 (8/20)
    fp=0.0325 tp=0.0796  [0.1s]
   nu  = 3.0000
  rho=0.33335 (9/20)
    fp=0.0434 tp=0.1239  [0.1s]
   nu  = 3.0000
  rho=0.29530 (10/20)
    fp=0.0575 tp=0.1858  [0.1s]
   nu  = 3.0000
  rho=0.26160 (11/20)
    fp=0.0709 tp=0.2035  [0.1s]
   nu  = 3.0000
  rho=0.23174 (12/20)
    fp=0.0887 tp=0.2478  [0.1s]
   nu  = 3.0000
  rho=0.20529 (13/20)
    fp=0.1092 tp=0.2832  [0.2s]
   nu  = 3.0000
  rho=0.18186 (14/20)
    fp=0.1323 tp=0.2920  [0.1s]
   nu  = 3.0000
  rho=0.16111 (15/20)
    fp=0.1565 tp=0.3186  [0.2s]
   nu  = 3.0000
  rho=0.14272 (16/20)
    fp=0.1836 tp=0.3717  [0.2s]
   nu  = 3.0000
  rho=0.12643 (17/20)
    fp=0.2127 tp=0.4336  [0.2s]
   nu  = 3.0000
  rho=0.11200 (18/20)
    fp=0.2380 tp=0.4602  [0.2s]
   nu  = 3.0000
  rho=0.09922 (19/20)
    fp=0.2611 tp=0.4956  [0.2s]
   nu  = 3.0000
  rho=0.08789 (20/20)
    fp=0.2851 tp=0.5310  [0.2s]
   nu  = 3.0000
  rho=0.07786 (21/21)  [extra 1/50]
    fp=0.3085 tp=0.5575  [0.3s]
   nu  = 3.0000
  FPR 0.3085 >= fp_end=0.3; stopping after 21 fits
  grid extended by 1 points down to rho=0.07786, ending at FPR 0.3085
  pilot fit of run_em_diagonal at rho=0.30349
  -> rho_max = max|S_ij| (off-diag) = 0.55100
  rho grid: [0.5510039  0.48811606 0.43240581 0.38305394 0.33933477 0.3006054
 0.26629634 0.23590309 0.20897871 0.1851273  0.16399813 0.14528049
 0.12869916 0.11401032 0.10099795 0.08947073 0.07925915 0.07021305
 0.06219941 0.05510039]
Running run_em_diagonal over 20 rho values, extending until FPR >= 0.3...
  rho=0.55100 (1/20)
    fp=0.0004 tp=0.0088  [10.7s]
   median nu  = 0.385
   median |eta| = 1.762
  rho=0.48812 (2/20)
    fp=0.0017 tp=0.0177  [10.5s]
   median nu  = 0.41
   median |eta| = 1.739
  rho=0.43241 (3/20)
    fp=0.0021 tp=0.0354  [10.6s]
   median nu  = 0.434
   median |eta| = 1.617
  rho=0.38305 (4/20)
    fp=0.0041 tp=0.0354  [10.5s]
   median nu  = 0.457
   median |eta| = 1.576
  rho=0.33933 (5/20)
    fp=0.0085 tp=0.0531  [10.2s]
   median nu  = 0.476
   median |eta| = 1.532
  rho=0.30061 (6/20)
    fp=0.0132 tp=0.0619  [10.1s]
   median nu  = 0.487
   median |eta| = 1.518
  rho=0.26630 (7/20)
    fp=0.0207 tp=0.0708  [10.2s]
   median nu  = 0.496
   median |eta| = 1.512
  rho=0.23590 (8/20)
    fp=0.0267 tp=0.1150  [10.2s]
   median nu  = 0.505
   median |eta| = 1.515
  rho=0.20898 (9/20)
    fp=0.0403 tp=0.1416  [10.3s]
   median nu  = 0.512
   median |eta| = 1.486
  rho=0.18513 (10/20)
    fp=0.0533 tp=0.2124  [10.3s]
   median nu  = 0.517
   median |eta| = 1.454
  rho=0.16400 (11/20)
    fp=0.0676 tp=0.2478  [10.4s]
   median nu  = 0.527
   median |eta| = 1.336
  rho=0.14528 (12/20)
    fp=0.0798 tp=0.2743  [10.5s]
   median nu  = 0.533
   median |eta| = 1.346
  rho=0.12870 (13/20)
    fp=0.0968 tp=0.3186  [10.3s]
   median nu  = 0.534
   median |eta| = 1.3
  rho=0.11401 (14/20)
    fp=0.1139 tp=0.3540  [10.2s]
   median nu  = 0.564
   median |eta| = 1.247
  rho=0.10100 (15/20)
    fp=0.1323 tp=0.4159  [10.1s]
   median nu  = 0.564
   median |eta| = 1.182
  rho=0.08947 (16/20)
    fp=0.1509 tp=0.4425  [10.1s]
   median nu  = 0.56
   median |eta| = 1.086
  rho=0.07926 (17/20)
    fp=0.1710 tp=0.4690  [10.0s]
   median nu  = 0.561
   median |eta| = 1.075
  rho=0.07021 (18/20)
    fp=0.1898 tp=0.4779  [10.1s]
   median nu  = 0.614
   median |eta| = 1.141
  rho=0.06220 (19/20)
    fp=0.2084 tp=0.4779  [10.0s]
   median nu  = 0.65
   median |eta| = 1.079
  rho=0.05510 (20/20)
    fp=0.2222 tp=0.4867  [9.9s]
   median nu  = 0.693
   median |eta| = 1.1
  rho=0.04881 (21/21)  [extra 1/50]
    fp=0.2400 tp=0.4867  [9.7s]
   median nu  = 0.777
   median |eta| = 1.117
  rho=0.04324 (22/22)  [extra 2/50]
    fp=0.2537 tp=0.5133  [9.7s]
   median nu  = 0.784
   median |eta| = 1.193
  rho=0.03831 (23/23)  [extra 3/50]
    fp=0.2644 tp=0.5221  [9.7s]
   median nu  = 0.785
   median |eta| = 1.281
  rho=0.03393 (24/24)  [extra 4/50]
    fp=0.2847 tp=0.5398  [9.5s]
   median nu  = 0.784
   median |eta| = 1.018
  rho=0.03006 (25/25)  [extra 5/50]
    fp=0.2958 tp=0.5575  [9.7s]
   median nu  = 0.792
   median |eta| = 1.111
  rho=0.02663 (26/26)  [extra 6/50]
    fp=0.3128 tp=0.5841  [9.8s]
   median nu  = 0.806
   median |eta| = 1.17
  FPR 0.3128 >= fp_end=0.3; stopping after 26 fits
  grid extended by 6 points down to rho=0.02663, ending at FPR 0.3128
  pilot fit of run_em_exact at rho=0.30349
  -> rho_max = max|S_ij| (off-diag) = 0.57347
  rho grid: [0.57346549 0.50801403 0.45003276 0.39866908 0.3531677  0.31285953
 0.27715187 0.24551964 0.21749769 0.19267398 0.17068348 0.15120283
 0.13394557 0.11865793 0.10511512 0.09311799 0.08249014 0.07307527
 0.06473496 0.05734655]
Running run_em_exact over 20 rho values, extending until FPR >= 0.3...
  rho=0.57347 (1/20)
    fp=0.0002 tp=0.0000  [10.2s]
   median nu  = 0.376
   median |eta| = 1.73
  rho=0.50801 (2/20)
    fp=0.0014 tp=0.0177  [10.1s]
   median nu  = 0.402
   median |eta| = 1.74
  rho=0.45003 (3/20)
    fp=0.0021 tp=0.0265  [10.2s]
   median nu  = 0.427
   median |eta| = 1.655
  rho=0.39867 (4/20)
    fp=0.0031 tp=0.0354  [10.5s]
   median nu  = 0.449
   median |eta| = 1.583
  rho=0.35317 (5/20)
    fp=0.0070 tp=0.0531  [10.3s]
   median nu  = 0.471
   median |eta| = 1.526
  rho=0.31286 (6/20)
    fp=0.0114 tp=0.0619  [10.3s]
   median nu  = 0.49
   median |eta| = 1.419
  rho=0.27715 (7/20)
    fp=0.0196 tp=0.0708  [10.4s]
   median nu  = 0.511
   median |eta| = 1.273
  rho=0.24552 (8/20)
    fp=0.0289 tp=0.1062  [10.2s]
   median nu  = 0.535
   median |eta| = 1.162
  rho=0.21750 (9/20)
    fp=0.0422 tp=0.1416  [10.2s]
   median nu  = 0.562
   median |eta| = 1.027
  rho=0.19267 (10/20)
    fp=0.0566 tp=0.2212  [9.6s]
   median nu  = 0.6
   median |eta| = 0.88
  rho=0.17068 (11/20)
    fp=0.0722 tp=0.2478  [9.4s]
   median nu  = 0.645
   median |eta| = 0.75
  rho=0.15120 (12/20)
    fp=0.0916 tp=0.2655  [9.0s]
   median nu  = 0.703
   median |eta| = 0.592
  rho=0.13395 (13/20)
    fp=0.1147 tp=0.3274  [8.7s]
   median nu  = 0.762
   median |eta| = 0.457
  rho=0.11866 (14/20)
    fp=0.1404 tp=0.3628  [9.4s]
   median nu  = 0.843
   median |eta| = 0.381
  rho=0.10512 (15/20)
    fp=0.1650 tp=0.4159  [9.2s]
   median nu  = 0.947
   median |eta| = 0.278
  rho=0.09312 (16/20)
    fp=0.1910 tp=0.4602  [9.0s]
   median nu  = 1.059
   median |eta| = 0.216
  rho=0.08249 (17/20)
    fp=0.2179 tp=0.5044  [8.8s]
   median nu  = 1.173
   median |eta| = 0.154
  rho=0.07308 (18/20)
    fp=0.2425 tp=0.5044  [8.8s]
   median nu  = 1.296
   median |eta| = 0.12
  rho=0.06473 (19/20)
    fp=0.2632 tp=0.5487  [8.6s]
   median nu  = 1.413
   median |eta| = 0.092
  rho=0.05735 (20/20)
    fp=0.2828 tp=0.5575  [8.6s]
   median nu  = 1.549
   median |eta| = 0.067
  rho=0.05080 (21/21)  [extra 1/50]
    fp=0.3002 tp=0.5664  [8.6s]
   median nu  = 1.691
   median |eta| = 0.05
  FPR 0.3002 >= fp_end=0.3; stopping after 21 fits
  grid extended by 1 points down to rho=0.05080, ending at FPR 0.3002
  graphical_lasso rho_max = max|S_ij| (off-diag) = 412.42121
  rho grid: [412.42121423 365.35025735 323.65165985 286.71225712 253.98886699
 225.0003024  199.32029573 176.57123064 156.41858937 138.56603372
 122.75104755 108.74107652  96.33010844  85.33564398  75.59601304
  66.96799744  59.32472495  52.55380369  46.5556694   41.24212142]
Running graphical_lasso over 20 rho values, extending until FPR >= 0.3...
  rho=412.42121 (1/20)
    fp=0.0002 tp=0.0000  [0.0s]
  rho=365.35026 (2/20)
    fp=0.0004 tp=0.0000  [0.0s]
  rho=323.65166 (3/20)
    fp=0.0004 tp=0.0000  [0.0s]
  rho=286.71226 (4/20)
    fp=0.0004 tp=0.0000  [0.0s]
  rho=253.98887 (5/20)
    fp=0.0006 tp=0.0000  [0.0s]
  rho=225.00030 (6/20)
    fp=0.0004 tp=0.0000  [0.0s]
  rho=199.32030 (7/20)
    fp=0.0004 tp=0.0000  [0.0s]
  rho=176.57123 (8/20)
    fp=0.0006 tp=0.0000  [0.0s]
  rho=156.41859 (9/20)
    fp=0.0008 tp=0.0000  [0.0s]
  rho=138.56603 (10/20)
    fp=0.0012 tp=0.0000  [0.0s]
  rho=122.75105 (11/20)
    fp=0.0014 tp=0.0000  [0.0s]
  rho=108.74108 (12/20)
    fp=0.0014 tp=0.0000  [0.0s]
  rho=96.33011 (13/20)
    fp=0.0017 tp=0.0000  [0.0s]
  rho=85.33564 (14/20)
    fp=0.0019 tp=0.0000  [0.0s]
  rho=75.59601 (15/20)
    fp=0.0023 tp=0.0000  [0.0s]
  rho=66.96800 (16/20)
    fp=0.0025 tp=0.0000  [8.3s]
  rho=59.32472 (17/20)
    fp=0.0031 tp=0.0088  [8.2s]
  rho=52.55380 (18/20)
    fp=0.0039 tp=0.0177  [8.3s]
  rho=46.55567 (19/20)
    fp=0.0052 tp=0.0177  [0.0s]
  rho=41.24212 (20/20)
    fp=0.0064 tp=0.0177  [8.3s]
  rho=36.53503 (21/21)  [extra 1/50]
    fp=0.0072 tp=0.0177  [8.4s]
  rho=32.36517 (22/22)  [extra 2/50]
    fp=0.0087 tp=0.0177  [8.6s]
  rho=28.67123 (23/23)  [extra 3/50]
    fp=0.0110 tp=0.0177  [0.0s]
  rho=25.39889 (24/24)  [extra 4/50]
    fp=0.0141 tp=0.0177  [0.1s]
  rho=22.50003 (25/25)  [extra 5/50]
    fp=0.0165 tp=0.0177  [0.0s]
  rho=19.93203 (26/26)  [extra 6/50]
    fp=0.0192 tp=0.0177  [0.0s]
  rho=17.65712 (27/27)  [extra 7/50]
    fp=0.0213 tp=0.0177  [0.0s]
  rho=15.64186 (28/28)  [extra 8/50]
    fp=0.0252 tp=0.0177  [0.0s]
  rho=13.85660 (29/29)  [extra 9/50]
    fp=0.0302 tp=0.0177  [0.0s]
  rho=12.27510 (30/30)  [extra 10/50]
    fp=0.0343 tp=0.0177  [0.1s]
  rho=10.87411 (31/31)  [extra 11/50]
    fp=0.0374 tp=0.0177  [0.0s]
  rho=9.63301 (32/32)  [extra 12/50]
    fp=0.0420 tp=0.0265  [0.0s]
  rho=8.53356 (33/33)  [extra 13/50]
    fp=0.0469 tp=0.0265  [0.1s]
  rho=7.55960 (34/34)  [extra 14/50]
    fp=0.0513 tp=0.0265  [0.0s]
  rho=6.69680 (35/35)  [extra 15/50]
    fp=0.0552 tp=0.0442  [0.1s]
  rho=5.93247 (36/36)  [extra 16/50]
    fp=0.0593 tp=0.0531  [0.1s]
  rho=5.25538 (37/37)  [extra 17/50]
    fp=0.0645 tp=0.0531  [0.0s]
  rho=4.65557 (38/38)  [extra 18/50]
    fp=0.0691 tp=0.0442  [0.0s]
  rho=4.12421 (39/39)  [extra 19/50]
    fp=0.0755 tp=0.0531  [0.0s]
  rho=3.65350 (40/40)  [extra 20/50]
    fp=0.0808 tp=0.0619  [0.2s]
  rho=3.23652 (41/41)  [extra 21/50]
    fp=0.0906 tp=0.0619  [0.1s]
  rho=2.86712 (42/42)  [extra 22/50]
    fp=0.0984 tp=0.0619  [0.1s]
  rho=2.53989 (43/43)  [extra 23/50]
    fp=0.1108 tp=0.0708  [0.2s]
  rho=2.25000 (44/44)  [extra 24/50]
    fp=0.1209 tp=0.0796  [0.3s]
  rho=1.99320 (45/45)  [extra 25/50]
    fp=0.1346 tp=0.0973  [0.4s]
  rho=1.76571 (46/46)  [extra 26/50]
    fp=0.1474 tp=0.0973  [0.2s]
  rho=1.56419 (47/47)  [extra 27/50]
    fp=0.1569 tp=0.0973  [0.1s]
  rho=1.38566 (48/48)  [extra 28/50]
    fp=0.1681 tp=0.1239  [0.1s]
  rho=1.22751 (49/49)  [extra 29/50]
    fp=0.1823 tp=0.1327  [0.1s]
  rho=1.08741 (50/50)  [extra 30/50]
    fp=0.1960 tp=0.1593  [0.1s]
  rho=0.96330 (51/51)  [extra 31/50]
    fp=0.2094 tp=0.1858  [0.0s]
  rho=0.85336 (52/52)  [extra 32/50]
    fp=0.2229 tp=0.2212  [0.0s]
  rho=0.75596 (53/53)  [extra 33/50]
    fp=0.2384 tp=0.2301  [0.1s]
  rho=0.66968 (54/54)  [extra 34/50]
    fp=0.2504 tp=0.2566  [0.2s]
  rho=0.59325 (55/55)  [extra 35/50]
    fp=0.2671 tp=0.2832  [0.1s]
  rho=0.52554 (56/56)  [extra 36/50]
    fp=0.2839 tp=0.2832  [0.1s]
  rho=0.46556 (57/57)  [extra 37/50]
    fp=0.3014 tp=0.3186  [0.1s]
  FPR 0.3014 >= fp_end=0.3; stopping after 57 fits
  [note] 6/57 fits hit a glasso ConvergenceWarning (suppressed)
  grid extended by 37 points down to rho=0.46556, ending at FPR 0.3014
  [warn] mean_roc averages out to FPR 0.300 but the shortest replicate only reached 0.253; its TPR is held flat above that
  [warn] mean_roc averages out to FPR 0.300 but the shortest replicate only reached 0.208; its TPR is held flat above that

(p=100, n=50) over 11 replicates
  t+lasso  (run_em_diagonal):    AUC = 0.137 (SE 0.003)
  ~t+lasso (run_em_exact):       AUC = 0.130 (SE 0.003)
  tlasso   (run_tlasso):         AUC = 0.051 (SE 0.003)
  t*lasso  (run_tstar_varlasso): AUC = 0.108 (SE 0.004)
  glasso   (graphical_lasso):    AUC = 0.051 (SE 0.003)
Replicate 12/50
  Theta: 85/4950 edges
  pilot fit of run_tlasso at rho=30.34854
  -> rho_max = max|S_ij| (off-diag) = 24857.57532
  rho grid: [24857.57532351 22020.50046921 19507.23007388 17280.80729534
 15308.49329442 13561.28582074 12013.49274386 10642.35425861
  9427.70820949  8351.69361246  7398.48801496  6554.0748317
  5806.03723526  5143.3755706   4556.34560861  4036.31526029
  3575.63764472  3167.538644    2806.01729206  2485.75753235]
Running run_tlasso over 20 rho values, extending until FPR >= 0.3...
  rho=24857.57532 (1/20)
    fp=0.0000 tp=0.0000  [0.1s]
   nu  = 3.0000
  rho=22020.50047 (2/20)
    fp=0.0002 tp=0.0000  [0.0s]
   nu  = 3.0000
  rho=19507.23007 (3/20)
    fp=0.0002 tp=0.0000  [0.1s]
   nu  = 3.0000
  rho=17280.80730 (4/20)
    fp=0.0002 tp=0.0000  [0.0s]
   nu  = 3.0000
  rho=15308.49329 (5/20)
    fp=0.0002 tp=0.0000  [0.1s]
   nu  = 3.0000
  rho=13561.28582 (6/20)
    fp=0.0002 tp=0.0000  [0.0s]
   nu  = 3.0000
  rho=12013.49274 (7/20)
    fp=0.0002 tp=0.0000  [0.1s]
   nu  = 3.0000
  rho=10642.35426 (8/20)
    fp=0.0002 tp=0.0000  [0.0s]
   nu  = 3.0000
  rho=9427.70821 (9/20)
    fp=0.0002 tp=0.0000  [0.1s]
   nu  = 3.0000
  rho=8351.69361 (10/20)
    fp=0.0002 tp=0.0000  [0.1s]
   nu  = 3.0000
  rho=7398.48801 (11/20)
    fp=0.0002 tp=0.0000  [0.1s]
   nu  = 3.0000
  rho=6554.07483 (12/20)
    fp=0.0002 tp=0.0000  [0.1s]
   nu  = 3.0000
  rho=5806.03724 (13/20)
    fp=0.0004 tp=0.0000  [0.1s]
   nu  = 3.0000
  rho=5143.37557 (14/20)
    fp=0.0004 tp=0.0000  [0.1s]
   nu  = 3.0000
  rho=4556.34561 (15/20)
    fp=0.0006 tp=0.0000  [0.1s]
   nu  = 3.0000
  rho=4036.31526 (16/20)
    fp=0.0006 tp=0.0000  [0.1s]
   nu  = 3.0000
  rho=3575.63764 (17/20)
    fp=0.0006 tp=0.0000  [0.1s]
   nu  = 3.0000
  rho=3167.53864 (18/20)
    fp=0.0006 tp=0.0000  [0.1s]
   nu  = 3.0000
  rho=2806.01729 (19/20)
    fp=0.0010 tp=0.0000  [0.1s]
   nu  = 3.0000
  rho=2485.75753 (20/20)
    fp=0.0010 tp=0.0000  [0.1s]
   nu  = 3.0000
  rho=2202.05005 (21/21)  [extra 1/50]
    fp=0.0016 tp=0.0000  [0.1s]
   nu  = 3.0000
  rho=1950.72301 (22/22)  [extra 2/50]
    fp=0.0021 tp=0.0000  [0.1s]
   nu  = 3.0000
  rho=1728.08073 (23/23)  [extra 3/50]
    fp=0.0023 tp=0.0000  [0.1s]
   nu  = 3.0000
  rho=1530.84933 (24/24)  [extra 4/50]
    fp=0.0023 tp=0.0000  [0.1s]
   nu  = 3.0000
  rho=1356.12858 (25/25)  [extra 5/50]
    fp=0.0027 tp=0.0000  [0.1s]
   nu  = 3.0000
  rho=1201.34927 (26/26)  [extra 6/50]
    fp=0.0029 tp=0.0000  [0.1s]
   nu  = 3.0000
  rho=1064.23543 (27/27)  [extra 7/50]
    fp=0.0037 tp=0.0000  [0.1s]
   nu  = 3.0000
  rho=942.77082 (28/28)  [extra 8/50]
    fp=0.0041 tp=0.0000  [0.1s]
   nu  = 3.0000
  rho=835.16936 (29/29)  [extra 9/50]
    fp=0.0045 tp=0.0000  [0.1s]
   nu  = 3.0000
  rho=739.84880 (30/30)  [extra 10/50]
    fp=0.0058 tp=0.0000  [0.1s]
   nu  = 3.0000
  rho=655.40748 (31/31)  [extra 11/50]
    fp=0.0066 tp=0.0000  [0.1s]
   nu  = 3.0000
  rho=580.60372 (32/32)  [extra 12/50]
    fp=0.0078 tp=0.0000  [0.1s]
   nu  = 3.0000
  rho=514.33756 (33/33)  [extra 13/50]
    fp=0.0099 tp=0.0000  [0.1s]
   nu  = 3.0000
  rho=455.63456 (34/34)  [extra 14/50]
    fp=0.0117 tp=0.0000  [0.1s]
   nu  = 3.0000
  rho=403.63153 (35/35)  [extra 15/50]
    fp=0.0150 tp=0.0000  [0.1s]
   nu  = 3.0000
  rho=357.56376 (36/36)  [extra 16/50]
    fp=0.0166 tp=0.0000  [0.1s]
   nu  = 3.0000
  rho=316.75386 (37/37)  [extra 17/50]
    fp=0.0206 tp=0.0000  [0.1s]
   nu  = 3.0000
  rho=280.60173 (38/38)  [extra 18/50]
    fp=0.0236 tp=0.0000  [0.1s]
   nu  = 3.0000
  rho=248.57575 (39/39)  [extra 19/50]
    fp=0.0265 tp=0.0000  [0.1s]
   nu  = 3.0000
  rho=220.20500 (40/40)  [extra 20/50]
    fp=0.0294 tp=0.0000  [0.1s]
   nu  = 3.0000
  rho=195.07230 (41/41)  [extra 21/50]
    fp=0.0323 tp=0.0000  [0.1s]
   nu  = 3.0000
  rho=172.80807 (42/42)  [extra 22/50]
    fp=0.0366 tp=0.0235  [0.1s]
   nu  = 3.0000
  rho=153.08493 (43/43)  [extra 23/50]
    fp=0.0403 tp=0.0235  [0.1s]
   nu  = 3.0000
  rho=135.61286 (44/44)  [extra 24/50]
    fp=0.0432 tp=0.0353  [0.1s]
   nu  = 3.0000
  rho=120.13493 (45/45)  [extra 25/50]
    fp=0.0491 tp=0.0353  [0.1s]
   nu  = 3.0000
  rho=106.42354 (46/46)  [extra 26/50]
    fp=0.0536 tp=0.0588  [0.1s]
   nu  = 3.0000
  rho=94.27708 (47/47)  [extra 27/50]
    fp=0.0576 tp=0.0706  [0.1s]
   nu  = 3.0000
  rho=83.51694 (48/48)  [extra 28/50]
    fp=0.0617 tp=0.0706  [0.1s]
   nu  = 3.0000
  rho=73.98488 (49/49)  [extra 29/50]
    fp=0.0660 tp=0.0706  [0.1s]
   nu  = 3.0000
  rho=65.54075 (50/50)  [extra 30/50]
    fp=0.0699 tp=0.0706  [0.2s]
   nu  = 3.0000
  rho=58.06037 (51/51)  [extra 31/50]
    fp=0.0756 tp=0.0824  [0.1s]
   nu  = 3.0000
  rho=51.43376 (52/52)  [extra 32/50]
    fp=0.0791 tp=0.0824  [0.1s]
   nu  = 3.0000
  rho=45.56346 (53/53)  [extra 33/50]
    fp=0.0857 tp=0.0941  [0.1s]
   nu  = 3.0000
  rho=40.36315 (54/54)  [extra 34/50]
    fp=0.0929 tp=0.0941  [0.1s]
   nu  = 3.0000
  rho=35.75638 (55/55)  [extra 35/50]
    fp=0.0976 tp=0.1059  [0.2s]
   nu  = 3.0000
  rho=31.67539 (56/56)  [extra 36/50]
    fp=0.1050 tp=0.1176  [0.2s]
   nu  = 3.0000
  rho=28.06017 (57/57)  [extra 37/50]
    fp=0.1118 tp=0.1176  [0.1s]
   nu  = 3.0000
  rho=24.85758 (58/58)  [extra 38/50]
    fp=0.1192 tp=0.1176  [0.1s]
   nu  = 3.0000
  rho=22.02050 (59/59)  [extra 39/50]
    fp=0.1258 tp=0.1294  [0.2s]
   nu  = 3.0000
  rho=19.50723 (60/60)  [extra 40/50]
    fp=0.1369 tp=0.1294  [0.2s]
   nu  = 3.0000
  rho=17.28081 (61/61)  [extra 41/50]
    fp=0.1486 tp=0.1294  [0.2s]
   nu  = 3.0000
  rho=15.30849 (62/62)  [extra 42/50]
    fp=0.1601 tp=0.1647  [0.2s]
   nu  = 3.0000
  rho=13.56129 (63/63)  [extra 43/50]
    fp=0.1698 tp=0.1882  [0.2s]
   nu  = 3.0000
  rho=12.01349 (64/64)  [extra 44/50]
    fp=0.1846 tp=0.1882  [0.3s]
   nu  = 3.0000
  rho=10.64235 (65/65)  [extra 45/50]
    fp=0.2002 tp=0.2000  [0.3s]
   nu  = 3.0000
  rho=9.42771 (66/66)  [extra 46/50]
    fp=0.2160 tp=0.2118  [0.3s]
   nu  = 3.0000
  rho=8.35169 (67/67)  [extra 47/50]
    fp=0.2325 tp=0.2941  [0.3s]
   nu  = 3.0000
  rho=7.39849 (68/68)  [extra 48/50]
    fp=0.2520 tp=0.2941  [0.3s]
   nu  = 3.0000
  rho=6.55407 (69/69)  [extra 49/50]
    fp=0.2719 tp=0.3294  [0.5s]
   nu  = 3.0000
  rho=5.80604 (70/70)  [extra 50/50]
    fp=0.2902 tp=0.3765  [0.5s]
   nu  = 3.0000
  [warn] FPR stalled at 0.2902 < fp_end=0.3 after 50 extra fits (cap max_extra=50); the curve stops short of fp_end
  grid extended by 50 points down to rho=5.80604, ending at FPR 0.2902
  [warn] AUC integrates to fp_end=0.3 but the curve stops at FPR 0.2902; TPR held flat above that
  pilot fit of run_tstar_varlasso at rho=0.30349
  -> rho_max = max|S_ij| (off-diag) = 1.21562
  rho grid: [1.21562027 1.07687763 0.95397013 0.84509045 0.74863757 0.66319316
 0.5875008  0.52044744 0.46104711 0.40842632 0.36181131 0.32051663
 0.28393504 0.25152862 0.22282085 0.19738959 0.17486088 0.15490345
 0.13722382 0.12156203]
Running run_tstar_varlasso over 20 rho values, extending until FPR >= 0.3...
  rho=1.21562 (1/20)
    fp=0.0004 tp=0.0118  [0.2s]
   nu  = 3.0000
  rho=1.07688 (2/20)
    fp=0.0010 tp=0.0118  [0.1s]
   nu  = 3.0000
  rho=0.95397 (3/20)
    fp=0.0012 tp=0.0118  [0.1s]
   nu  = 3.0000
  rho=0.84509 (4/20)
    fp=0.0021 tp=0.0118  [0.1s]
   nu  = 3.0000
  rho=0.74864 (5/20)
    fp=0.0035 tp=0.0118  [0.1s]
   nu  = 3.0000
  rho=0.66319 (6/20)
    fp=0.0070 tp=0.0353  [0.1s]
   nu  = 3.0000
  rho=0.58750 (7/20)
    fp=0.0092 tp=0.0353  [0.1s]
   nu  = 3.0000
  rho=0.52045 (8/20)
    fp=0.0125 tp=0.0706  [0.1s]
   nu  = 3.0000
  rho=0.46105 (9/20)
    fp=0.0173 tp=0.0824  [0.1s]
   nu  = 3.0000
  rho=0.40843 (10/20)
    fp=0.0238 tp=0.1412  [0.1s]
   nu  = 3.0000
  rho=0.36181 (11/20)
    fp=0.0323 tp=0.1529  [0.1s]
   nu  = 3.0000
  rho=0.32052 (12/20)
    fp=0.0417 tp=0.1882  [0.1s]
   nu  = 3.0000
  rho=0.28394 (13/20)
    fp=0.0580 tp=0.2353  [0.2s]
   nu  = 3.0000
  rho=0.25153 (14/20)
    fp=0.0744 tp=0.2588  [0.2s]
   nu  = 3.0000
  rho=0.22282 (15/20)
    fp=0.0970 tp=0.3647  [0.2s]
   nu  = 3.0000
  rho=0.19739 (16/20)
    fp=0.1182 tp=0.4000  [0.2s]
   nu  = 3.0000
  rho=0.17486 (17/20)
    fp=0.1422 tp=0.4471  [0.2s]
   nu  = 3.0000
  rho=0.15490 (18/20)
    fp=0.1646 tp=0.4824  [0.2s]
   nu  = 3.0000
  rho=0.13722 (19/20)
    fp=0.1897 tp=0.5882  [0.2s]
   nu  = 3.0000
  rho=0.12156 (20/20)
    fp=0.2127 tp=0.5882  [0.2s]
   nu  = 3.0000
  rho=0.10769 (21/21)  [extra 1/50]
    fp=0.2411 tp=0.6118  [0.2s]
   nu  = 3.0000
  rho=0.09540 (22/22)  [extra 2/50]
    fp=0.2707 tp=0.6353  [0.2s]
   nu  = 3.0000
  rho=0.08451 (23/23)  [extra 3/50]
    fp=0.2929 tp=0.6588  [0.2s]
   nu  = 3.0000
  rho=0.07486 (24/24)  [extra 4/50]
    fp=0.3155 tp=0.6824  [0.2s]
   nu  = 3.0000
  FPR 0.3155 >= fp_end=0.3; stopping after 24 fits
  grid extended by 4 points down to rho=0.07486, ending at FPR 0.3155
  pilot fit of run_em_diagonal at rho=0.30349
  -> rho_max = max|S_ij| (off-diag) = 0.60073
  rho grid: [0.60073095 0.5321676  0.4714296  0.41762383 0.36995908 0.32773446
 0.29032908 0.25719289 0.22783864 0.20183468 0.17879864 0.15839178
 0.14031402 0.12429953 0.11011282 0.09754529 0.08641214 0.07654964
 0.06781279 0.0600731 ]
Running run_em_diagonal over 20 rho values, extending until FPR >= 0.3...
  rho=0.60073 (1/20)
    fp=0.0002 tp=0.0235  [10.1s]
   median nu  = 0.375
   median |eta| = 1.562
  rho=0.53217 (2/20)
    fp=0.0004 tp=0.0353  [9.9s]
   median nu  = 0.404
   median |eta| = 1.405
  rho=0.47143 (3/20)
    fp=0.0012 tp=0.0471  [9.9s]
   median nu  = 0.432
   median |eta| = 1.431
  rho=0.41762 (4/20)
    fp=0.0029 tp=0.0824  [9.9s]
   median nu  = 0.453
   median |eta| = 1.403
  rho=0.36996 (5/20)
    fp=0.0045 tp=0.1059  [9.9s]
   median nu  = 0.465
   median |eta| = 1.364
  rho=0.32773 (6/20)
    fp=0.0088 tp=0.1176  [10.2s]
   median nu  = 0.474
   median |eta| = 1.373
  rho=0.29033 (7/20)
    fp=0.0158 tp=0.1647  [10.0s]
   median nu  = 0.49
   median |eta| = 1.313
  rho=0.25719 (8/20)
    fp=0.0247 tp=0.1765  [9.8s]
   median nu  = 0.512
   median |eta| = 1.295
  rho=0.22784 (9/20)
    fp=0.0339 tp=0.2588  [9.9s]
   median nu  = 0.534
   median |eta| = 1.185
  rho=0.20183 (10/20)
    fp=0.0475 tp=0.3412  [10.0s]
   median nu  = 0.555
   median |eta| = 1.063
  rho=0.17880 (11/20)
    fp=0.0610 tp=0.3882  [10.0s]
   median nu  = 0.586
   median |eta| = 1.01
  rho=0.15839 (12/20)
    fp=0.0785 tp=0.4588  [10.0s]
   median nu  = 0.64
   median |eta| = 1.034
  rho=0.14031 (13/20)
    fp=0.0970 tp=0.5059  [10.0s]
   median nu  = 0.652
   median |eta| = 1.064
  rho=0.12430 (14/20)
    fp=0.1198 tp=0.5412  [10.0s]
   median nu  = 0.658
   median |eta| = 1.089
  rho=0.11011 (15/20)
    fp=0.1404 tp=0.5529  [9.9s]
   median nu  = 0.684
   median |eta| = 1.057
  rho=0.09755 (16/20)
    fp=0.1620 tp=0.5882  [9.9s]
   median nu  = 0.695
   median |eta| = 1.043
  rho=0.08641 (17/20)
    fp=0.1805 tp=0.6235  [9.9s]
   median nu  = 0.734
   median |eta| = 1.043
  rho=0.07655 (18/20)
    fp=0.1977 tp=0.6353  [9.9s]
   median nu  = 0.788
   median |eta| = 1.047
  rho=0.06781 (19/20)
    fp=0.2121 tp=0.6706  [9.9s]
   median nu  = 0.813
   median |eta| = 1.065
  rho=0.06007 (20/20)
    fp=0.2280 tp=0.6824  [9.8s]
   median nu  = 0.826
   median |eta| = 1.009
  rho=0.05322 (21/21)  [extra 1/50]
    fp=0.2419 tp=0.6941  [9.7s]
   median nu  = 0.817
   median |eta| = 0.971
  rho=0.04714 (22/22)  [extra 2/50]
    fp=0.2592 tp=0.7176  [9.6s]
   median nu  = 0.822
   median |eta| = 1.123
  rho=0.04176 (23/23)  [extra 3/50]
    fp=0.2732 tp=0.7294  [9.7s]
   median nu  = 0.865
   median |eta| = 1.022
  rho=0.03700 (24/24)  [extra 4/50]
    fp=0.2869 tp=0.7412  [9.7s]
   median nu  = 0.876
   median |eta| = 1.134
  rho=0.03277 (25/25)  [extra 5/50]
    fp=0.3022 tp=0.7412  [9.8s]
   median nu  = 0.914
   median |eta| = 1.193
  FPR 0.3022 >= fp_end=0.3; stopping after 25 fits
  grid extended by 5 points down to rho=0.03277, ending at FPR 0.3022
  pilot fit of run_em_exact at rho=0.30349
  -> rho_max = max|S_ij| (off-diag) = 0.65446
  rho grid: [0.65446021 0.57976457 0.51359418 0.45497602 0.40304815 0.35704697
 0.31629605 0.28019617 0.24821648 0.21988674 0.19479036 0.17255831
 0.15286368 0.13541685 0.11996129 0.10626973 0.09414082 0.08339623
 0.07387795 0.06544602]
Running run_em_exact over 20 rho values, extending until FPR >= 0.3...
  rho=0.65446 (1/20)
    fp=0.0002 tp=0.0235  [10.2s]
   median nu  = 0.392
   median |eta| = 1.484
  rho=0.57976 (2/20)
    fp=0.0004 tp=0.0353  [10.3s]
   median nu  = 0.431
   median |eta| = 1.409
  rho=0.51359 (3/20)
    fp=0.0010 tp=0.0353  [10.2s]
   median nu  = 0.471
   median |eta| = 1.361
  rho=0.45498 (4/20)
    fp=0.0016 tp=0.0588  [10.3s]
   median nu  = 0.491
   median |eta| = 1.352
  rho=0.40305 (5/20)
    fp=0.0037 tp=0.0941  [10.6s]
   median nu  = 0.519
   median |eta| = 1.33
  rho=0.35705 (6/20)
    fp=0.0062 tp=0.1059  [10.1s]
   median nu  = 0.551
   median |eta| = 1.193
  rho=0.31630 (7/20)
    fp=0.0111 tp=0.1176  [10.1s]
   median nu  = 0.572
   median |eta| = 1.03
  rho=0.28020 (8/20)
    fp=0.0197 tp=0.1647  [9.8s]
   median nu  = 0.592
   median |eta| = 0.961
  rho=0.24822 (9/20)
    fp=0.0308 tp=0.2000  [9.6s]
   median nu  = 0.622
   median |eta| = 0.88
  rho=0.21989 (10/20)
    fp=0.0458 tp=0.2941  [9.5s]
   median nu  = 0.671
   median |eta| = 0.756
  rho=0.19479 (11/20)
    fp=0.0637 tp=0.3765  [9.2s]
   median nu  = 0.726
   median |eta| = 0.588
  rho=0.17256 (12/20)
    fp=0.0841 tp=0.4353  [9.0s]
   median nu  = 0.816
   median |eta| = 0.483
  rho=0.15286 (13/20)
    fp=0.1087 tp=0.4824  [8.9s]
   median nu  = 0.903
   median |eta| = 0.371
  rho=0.13542 (14/20)
    fp=0.1338 tp=0.5412  [9.1s]
   median nu  = 0.982
   median |eta| = 0.302
  rho=0.11996 (15/20)
    fp=0.1566 tp=0.5529  [9.0s]
   median nu  = 1.067
   median |eta| = 0.231
  rho=0.10627 (16/20)
    fp=0.1807 tp=0.5647  [8.8s]
   median nu  = 1.166
   median |eta| = 0.17
  rho=0.09414 (17/20)
    fp=0.2033 tp=0.6471  [8.7s]
   median nu  = 1.267
   median |eta| = 0.141
  rho=0.08340 (18/20)
    fp=0.2267 tp=0.6706  [8.5s]
   median nu  = 1.37
   median |eta| = 0.105
  rho=0.07388 (19/20)
    fp=0.2479 tp=0.7059  [8.6s]
   median nu  = 1.469
   median |eta| = 0.079
  rho=0.06545 (20/20)
    fp=0.2699 tp=0.7529  [8.5s]
   median nu  = 1.57
   median |eta| = 0.062
  rho=0.05798 (21/21)  [extra 1/50]
    fp=0.2841 tp=0.7529  [8.5s]
   median nu  = 1.689
   median |eta| = 0.049
  rho=0.05136 (22/22)  [extra 2/50]
    fp=0.3017 tp=0.7647  [8.6s]
   median nu  = 1.812
   median |eta| = 0.037
  FPR 0.3017 >= fp_end=0.3; stopping after 22 fits
  grid extended by 2 points down to rho=0.05136, ending at FPR 0.3017
  graphical_lasso rho_max = max|S_ij| (off-diag) = 1408.10700
  rho grid: [1408.10700408 1247.39523226 1105.02601078  978.90584549  867.18017946
  768.20612228  680.52829192  602.85741375  534.05136219  473.09836614
  419.10213116  371.26865978  328.89457602  291.35678244  258.10329773
  228.64513995  202.54913627  179.43155325  158.95245418  140.81070041]
Running graphical_lasso over 20 rho values, extending until FPR >= 0.3...
  rho=1408.10700 (1/20)
    fp=0.0000 tp=0.0000  [0.0s]
  rho=1247.39523 (2/20)
    fp=0.0002 tp=0.0000  [8.7s]
  rho=1105.02601 (3/20)
    fp=0.0002 tp=0.0000  [0.0s]
  rho=978.90585 (4/20)
    fp=0.0002 tp=0.0000  [8.8s]
  rho=867.18018 (5/20)
    fp=0.0002 tp=0.0000  [8.7s]
  rho=768.20612 (6/20)
    fp=0.0002 tp=0.0000  [0.0s]
  rho=680.52829 (7/20)
    fp=0.0002 tp=0.0000  [0.0s]
  rho=602.85741 (8/20)
    fp=0.0002 tp=0.0000  [0.0s]
  rho=534.05136 (9/20)
    fp=0.0002 tp=0.0000  [0.0s]
  rho=473.09837 (10/20)
    fp=0.0002 tp=0.0000  [0.0s]
  rho=419.10213 (11/20)
    fp=0.0002 tp=0.0000  [0.0s]
  rho=371.26866 (12/20)
    fp=0.0002 tp=0.0000  [0.0s]
  rho=328.89458 (13/20)
    fp=0.0006 tp=0.0000  [0.0s]
  rho=291.35678 (14/20)
    fp=0.0006 tp=0.0000  [0.0s]
  rho=258.10330 (15/20)
    fp=0.0006 tp=0.0000  [0.0s]
  rho=228.64514 (16/20)
    fp=0.0006 tp=0.0000  [0.0s]
  rho=202.54914 (17/20)
    fp=0.0006 tp=0.0000  [0.0s]
  rho=179.43155 (18/20)
    fp=0.0008 tp=0.0000  [0.0s]
  rho=158.95245 (19/20)
    fp=0.0008 tp=0.0000  [0.0s]
  rho=140.81070 (20/20)
    fp=0.0012 tp=0.0000  [0.0s]
  rho=124.73952 (21/21)  [extra 1/50]
    fp=0.0016 tp=0.0000  [0.0s]
  rho=110.50260 (22/22)  [extra 2/50]
    fp=0.0018 tp=0.0000  [0.0s]
  rho=97.89058 (23/23)  [extra 3/50]
    fp=0.0018 tp=0.0000  [0.0s]
  rho=86.71802 (24/24)  [extra 4/50]
    fp=0.0023 tp=0.0000  [0.0s]
  rho=76.82061 (25/25)  [extra 5/50]
    fp=0.0025 tp=0.0000  [0.0s]
  rho=68.05283 (26/26)  [extra 6/50]
    fp=0.0027 tp=0.0000  [0.0s]
  rho=60.28574 (27/27)  [extra 7/50]
    fp=0.0033 tp=0.0000  [0.0s]
  rho=53.40514 (28/28)  [extra 8/50]
    fp=0.0037 tp=0.0000  [0.0s]
  rho=47.30984 (29/29)  [extra 9/50]
    fp=0.0039 tp=0.0000  [0.0s]
  rho=41.91021 (30/30)  [extra 10/50]
    fp=0.0055 tp=0.0000  [0.0s]
  rho=37.12687 (31/31)  [extra 11/50]
    fp=0.0066 tp=0.0000  [0.0s]
  rho=32.88946 (32/32)  [extra 12/50]
    fp=0.0078 tp=0.0000  [0.0s]
  rho=29.13568 (33/33)  [extra 13/50]
    fp=0.0101 tp=0.0000  [0.0s]
  rho=25.81033 (34/34)  [extra 14/50]
    fp=0.0123 tp=0.0000  [0.0s]
  rho=22.86451 (35/35)  [extra 15/50]
    fp=0.0150 tp=0.0000  [0.0s]
  rho=20.25491 (36/36)  [extra 16/50]
    fp=0.0175 tp=0.0000  [0.0s]
  rho=17.94316 (37/37)  [extra 17/50]
    fp=0.0197 tp=0.0000  [0.0s]
  rho=15.89525 (38/38)  [extra 18/50]
    fp=0.0228 tp=0.0000  [0.0s]
  rho=14.08107 (39/39)  [extra 19/50]
    fp=0.0261 tp=0.0000  [0.0s]
  rho=12.47395 (40/40)  [extra 20/50]
    fp=0.0286 tp=0.0000  [0.0s]
  rho=11.05026 (41/41)  [extra 21/50]
    fp=0.0312 tp=0.0118  [0.2s]
  rho=9.78906 (42/42)  [extra 22/50]
    fp=0.0368 tp=0.0118  [0.0s]
  rho=8.67180 (43/43)  [extra 23/50]
    fp=0.0397 tp=0.0118  [0.0s]
  rho=7.68206 (44/44)  [extra 24/50]
    fp=0.0448 tp=0.0471  [0.4s]
  rho=6.80528 (45/45)  [extra 25/50]
    fp=0.0497 tp=0.0471  [0.0s]
  rho=6.02857 (46/46)  [extra 26/50]
    fp=0.0547 tp=0.0471  [0.4s]
  rho=5.34051 (47/47)  [extra 27/50]
    fp=0.0580 tp=0.0588  [0.2s]
  rho=4.73098 (48/48)  [extra 28/50]
    fp=0.0641 tp=0.0588  [0.0s]
  rho=4.19102 (49/49)  [extra 29/50]
    fp=0.0705 tp=0.0706  [0.2s]
  rho=3.71269 (50/50)  [extra 30/50]
    fp=0.0769 tp=0.0824  [0.1s]
  rho=3.28895 (51/51)  [extra 31/50]
    fp=0.0810 tp=0.0824  [0.1s]
  rho=2.91357 (52/52)  [extra 32/50]
    fp=0.0853 tp=0.1059  [0.1s]
  rho=2.58103 (53/53)  [extra 33/50]
    fp=0.0939 tp=0.1059  [0.2s]
  rho=2.28645 (54/54)  [extra 34/50]
    fp=0.1011 tp=0.1176  [0.0s]
  rho=2.02549 (55/55)  [extra 35/50]
    fp=0.1075 tp=0.1176  [0.0s]
  rho=1.79432 (56/56)  [extra 36/50]
    fp=0.1178 tp=0.1176  [0.0s]
  rho=1.58952 (57/57)  [extra 37/50]
    fp=0.1270 tp=0.1294  [0.0s]
  rho=1.40811 (58/58)  [extra 38/50]
    fp=0.1394 tp=0.1294  [0.1s]
  rho=1.24740 (59/59)  [extra 39/50]
    fp=0.1531 tp=0.1647  [0.0s]
  rho=1.10503 (60/60)  [extra 40/50]
    fp=0.1661 tp=0.1647  [0.1s]
  rho=0.97891 (61/61)  [extra 41/50]
    fp=0.1805 tp=0.1765  [0.1s]
  rho=0.86718 (62/62)  [extra 42/50]
    fp=0.2002 tp=0.2118  [0.0s]
  rho=0.76821 (63/63)  [extra 43/50]
    fp=0.2142 tp=0.2353  [0.1s]
  rho=0.68053 (64/64)  [extra 44/50]
    fp=0.2302 tp=0.2706  [0.0s]
  rho=0.60286 (65/65)  [extra 45/50]
    fp=0.2487 tp=0.2706  [0.0s]
  rho=0.53405 (66/66)  [extra 46/50]
    fp=0.2691 tp=0.3294  [0.0s]
  rho=0.47310 (67/67)  [extra 47/50]
    fp=0.2898 tp=0.3765  [0.2s]
  rho=0.41910 (68/68)  [extra 48/50]
    fp=0.3100 tp=0.4353  [0.2s]
  FPR 0.3100 >= fp_end=0.3; stopping after 68 fits
  [note] 3/68 fits hit a glasso ConvergenceWarning (suppressed)
  grid extended by 48 points down to rho=0.41910, ending at FPR 0.3100
  [warn] mean_roc averages out to FPR 0.300 but the shortest replicate only reached 0.253; its TPR is held flat above that
  [warn] mean_roc averages out to FPR 0.300 but the shortest replicate only reached 0.208; its TPR is held flat above that

(p=100, n=50) over 12 replicates
  t+lasso  (run_em_diagonal):    AUC = 0.139 (SE 0.004)
  ~t+lasso (run_em_exact):       AUC = 0.133 (SE 0.004)
  tlasso   (run_tlasso):         AUC = 0.051 (SE 0.003)
  t*lasso  (run_tstar_varlasso): AUC = 0.110 (SE 0.004)
  glasso   (graphical_lasso):    AUC = 0.051 (SE 0.003)
Replicate 13/50
  Theta: 87/4950 edges
  pilot fit of run_tlasso at rho=30.34854
  -> rho_max = max|S_ij| (off-diag) = 8198.03934
  rho grid: [8198.03934268 7262.37080016 6433.4931115  5699.21789381 5048.74786344
 4472.51806537 3962.05522362 3509.85314438 3109.26233982 2754.39224952
 2440.02462161 2161.53678007 1914.83364971 1696.28753944 1502.68479818
 1331.17855916 1179.24687767 1044.65564662  925.42574475  819.80393427]
Running run_tlasso over 20 rho values, extending until FPR >= 0.3...
  rho=8198.03934 (1/20)
    fp=0.0002 tp=0.0000  [0.1s]
   nu  = 3.0000
  rho=7262.37080 (2/20)
    fp=0.0002 tp=0.0000  [0.0s]
   nu  = 3.0000
  rho=6433.49311 (3/20)
    fp=0.0002 tp=0.0000  [0.1s]
   nu  = 3.0000
  rho=5699.21789 (4/20)
    fp=0.0002 tp=0.0000  [0.1s]
   nu  = 3.0000
  rho=5048.74786 (5/20)
    fp=0.0002 tp=0.0000  [0.1s]
   nu  = 3.0000
  rho=4472.51807 (6/20)
    fp=0.0004 tp=0.0000  [0.1s]
   nu  = 3.0000
  rho=3962.05522 (7/20)
    fp=0.0004 tp=0.0000  [0.1s]
   nu  = 3.0000
  rho=3509.85314 (8/20)
    fp=0.0004 tp=0.0000  [0.1s]
   nu  = 3.0000
  rho=3109.26234 (9/20)
    fp=0.0004 tp=0.0000  [0.1s]
   nu  = 3.0000
  rho=2754.39225 (10/20)
    fp=0.0006 tp=0.0000  [0.1s]
   nu  = 3.0000
  rho=2440.02462 (11/20)
    fp=0.0010 tp=0.0000  [0.1s]
   nu  = 3.0000
  rho=2161.53678 (12/20)
    fp=0.0012 tp=0.0000  [0.1s]
   nu  = 3.0000
  rho=1914.83365 (13/20)
    fp=0.0014 tp=0.0000  [0.1s]
   nu  = 3.0000
  rho=1696.28754 (14/20)
    fp=0.0019 tp=0.0000  [0.1s]
   nu  = 3.0000
  rho=1502.68480 (15/20)
    fp=0.0025 tp=0.0000  [0.1s]
   nu  = 3.0000
  rho=1331.17856 (16/20)
    fp=0.0037 tp=0.0000  [0.1s]
   nu  = 3.0000
  rho=1179.24688 (17/20)
    fp=0.0049 tp=0.0000  [0.1s]
   nu  = 3.0000
  rho=1044.65565 (18/20)
    fp=0.0062 tp=0.0000  [0.1s]
   nu  = 3.0000
  rho=925.42574 (19/20)
    fp=0.0068 tp=0.0000  [0.1s]
   nu  = 3.0000
  rho=819.80393 (20/20)
    fp=0.0082 tp=0.0000  [0.1s]
   nu  = 3.0000
  rho=726.23708 (21/21)  [extra 1/50]
    fp=0.0090 tp=0.0000  [0.1s]
   nu  = 3.0000
  rho=643.34931 (22/22)  [extra 2/50]
    fp=0.0099 tp=0.0000  [0.1s]
   nu  = 3.0000
  rho=569.92179 (23/23)  [extra 3/50]
    fp=0.0119 tp=0.0000  [0.1s]
   nu  = 3.0000
  rho=504.87479 (24/24)  [extra 4/50]
    fp=0.0127 tp=0.0000  [0.1s]
   nu  = 3.0000
  rho=447.25181 (25/25)  [extra 5/50]
    fp=0.0132 tp=0.0000  [0.1s]
   nu  = 3.0000
  rho=396.20552 (26/26)  [extra 6/50]
    fp=0.0144 tp=0.0000  [0.1s]
   nu  = 3.0000
  rho=350.98531 (27/27)  [extra 7/50]
    fp=0.0162 tp=0.0000  [0.1s]
   nu  = 3.0000
  rho=310.92623 (28/28)  [extra 8/50]
    fp=0.0171 tp=0.0115  [0.1s]
   nu  = 3.0000
  rho=275.43922 (29/29)  [extra 9/50]
    fp=0.0185 tp=0.0115  [0.1s]
   nu  = 3.0000
  rho=244.00246 (30/30)  [extra 10/50]
    fp=0.0193 tp=0.0115  [0.1s]
   nu  = 3.0000
  rho=216.15368 (31/31)  [extra 11/50]
    fp=0.0206 tp=0.0230  [0.1s]
   nu  = 3.0000
  rho=191.48336 (32/32)  [extra 12/50]
    fp=0.0224 tp=0.0230  [0.1s]
   nu  = 3.0000
  rho=169.62875 (33/33)  [extra 13/50]
    fp=0.0245 tp=0.0230  [0.1s]
   nu  = 3.0000
  rho=150.26848 (34/34)  [extra 14/50]
    fp=0.0271 tp=0.0230  [0.1s]
   nu  = 3.0000
  rho=133.11786 (35/35)  [extra 15/50]
    fp=0.0292 tp=0.0345  [0.1s]
   nu  = 3.0000
  rho=117.92469 (36/36)  [extra 16/50]
    fp=0.0313 tp=0.0345  [0.1s]
   nu  = 3.0000
  rho=104.46556 (37/37)  [extra 17/50]
    fp=0.0343 tp=0.0345  [0.1s]
   nu  = 3.0000
  rho=92.54257 (38/38)  [extra 18/50]
    fp=0.0376 tp=0.0345  [0.1s]
   nu  = 3.0000
  rho=81.98039 (39/39)  [extra 19/50]
    fp=0.0417 tp=0.0460  [0.1s]
   nu  = 3.0000
  rho=72.62371 (40/40)  [extra 20/50]
    fp=0.0469 tp=0.0460  [0.1s]
   nu  = 3.0000
  rho=64.33493 (41/41)  [extra 21/50]
    fp=0.0516 tp=0.0575  [0.1s]
   nu  = 3.0000
  rho=56.99218 (42/42)  [extra 22/50]
    fp=0.0559 tp=0.0805  [0.1s]
   nu  = 3.0000
  rho=50.48748 (43/43)  [extra 23/50]
    fp=0.0619 tp=0.0805  [0.1s]
   nu  = 3.0000
  rho=44.72518 (44/44)  [extra 24/50]
    fp=0.0666 tp=0.0920  [0.1s]
   nu  = 3.0000
  rho=39.62055 (45/45)  [extra 25/50]
    fp=0.0736 tp=0.0920  [0.2s]
   nu  = 3.0000
  rho=35.09853 (46/46)  [extra 26/50]
    fp=0.0802 tp=0.0920  [0.2s]
   nu  = 3.0000
  rho=31.09262 (47/47)  [extra 27/50]
    fp=0.0888 tp=0.0920  [0.2s]
   nu  = 3.0000
  rho=27.54392 (48/48)  [extra 28/50]
    fp=0.0979 tp=0.1034  [0.2s]
   nu  = 3.0000
  rho=24.40025 (49/49)  [extra 29/50]
    fp=0.1086 tp=0.1034  [0.1s]
   nu  = 3.0000
  rho=21.61537 (50/50)  [extra 30/50]
    fp=0.1182 tp=0.1034  [0.2s]
   nu  = 3.0000
  rho=19.14834 (51/51)  [extra 31/50]
    fp=0.1304 tp=0.1149  [0.2s]
   nu  = 3.0000
  rho=16.96288 (52/52)  [extra 32/50]
    fp=0.1423 tp=0.1264  [0.2s]
   nu  = 3.0000
  rho=15.02685 (53/53)  [extra 33/50]
    fp=0.1542 tp=0.1264  [0.2s]
   nu  = 3.0000
  rho=13.31179 (54/54)  [extra 34/50]
    fp=0.1692 tp=0.1264  [0.2s]
   nu  = 3.0000
  rho=11.79247 (55/55)  [extra 35/50]
    fp=0.1861 tp=0.1609  [0.3s]
   nu  = 3.0000
  rho=10.44656 (56/56)  [extra 36/50]
    fp=0.2056 tp=0.1609  [0.3s]
   nu  = 3.0000
  rho=9.25426 (57/57)  [extra 37/50]
    fp=0.2256 tp=0.1724  [0.3s]
   nu  = 3.0000
  rho=8.19804 (58/58)  [extra 38/50]
    fp=0.2459 tp=0.1839  [0.2s]
   nu  = 3.0000
  rho=7.26237 (59/59)  [extra 39/50]
    fp=0.2673 tp=0.2184  [0.3s]
   nu  = 3.0000
  rho=6.43349 (60/60)  [extra 40/50]
    fp=0.2914 tp=0.2874  [0.5s]
   nu  = 3.0000
  rho=5.69922 (61/61)  [extra 41/50]
    fp=0.3144 tp=0.3793  [0.5s]
   nu  = 3.0000
  FPR 0.3144 >= fp_end=0.3; stopping after 61 fits
  grid extended by 41 points down to rho=5.69922, ending at FPR 0.3144
  pilot fit of run_tstar_varlasso at rho=0.30349
  -> rho_max = max|S_ij| (off-diag) = 0.87570
  rho grid: [0.87570396 0.77575705 0.68721741 0.60878308 0.53930071 0.47774859
 0.42322161 0.37491797 0.33212738 0.29422062 0.26064027 0.23089256
 0.20454005 0.18119524 0.16051485 0.14219477 0.12596563 0.11158876
 0.09885278 0.0875704 ]
Running run_tstar_varlasso over 20 rho values, extending until FPR >= 0.3...
  rho=0.87570 (1/20)
    fp=0.0023 tp=0.0115  [0.2s]
   nu  = 3.0000
  rho=0.77576 (2/20)
    fp=0.0039 tp=0.0115  [0.1s]
   nu  = 3.0000
  rho=0.68722 (3/20)
    fp=0.0072 tp=0.0345  [0.1s]
   nu  = 3.0000
  rho=0.60878 (4/20)
    fp=0.0090 tp=0.0575  [0.1s]
   nu  = 3.0000
  rho=0.53930 (5/20)
    fp=0.0138 tp=0.0690  [0.1s]
   nu  = 3.0000
  rho=0.47775 (6/20)
    fp=0.0179 tp=0.0690  [0.1s]
   nu  = 3.0000
  rho=0.42322 (7/20)
    fp=0.0241 tp=0.0805  [0.1s]
   nu  = 3.0000
  rho=0.37492 (8/20)
    fp=0.0339 tp=0.1034  [0.1s]
   nu  = 3.0000
  rho=0.33213 (9/20)
    fp=0.0459 tp=0.1494  [0.1s]
   nu  = 3.0000
  rho=0.29422 (10/20)
    fp=0.0584 tp=0.2069  [0.1s]
   nu  = 3.0000
  rho=0.26064 (11/20)
    fp=0.0720 tp=0.2644  [0.1s]
   nu  = 3.0000
  rho=0.23089 (12/20)
    fp=0.0870 tp=0.3218  [0.1s]
   nu  = 3.0000
  rho=0.20454 (13/20)
    fp=0.1065 tp=0.3678  [0.1s]
   nu  = 3.0000
  rho=0.18120 (14/20)
    fp=0.1256 tp=0.4138  [0.2s]
   nu  = 3.0000
  rho=0.16051 (15/20)
    fp=0.1511 tp=0.4828  [0.2s]
   nu  = 3.0000
  rho=0.14219 (16/20)
    fp=0.1775 tp=0.5172  [0.2s]
   nu  = 3.0000
  rho=0.12597 (17/20)
    fp=0.2042 tp=0.5632  [0.2s]
   nu  = 3.0000
  rho=0.11159 (18/20)
    fp=0.2289 tp=0.5977  [0.2s]
   nu  = 3.0000
  rho=0.09885 (19/20)
    fp=0.2538 tp=0.6322  [0.2s]
   nu  = 3.0000
  rho=0.08757 (20/20)
    fp=0.2772 tp=0.6322  [0.2s]
   nu  = 3.0000
  rho=0.07758 (21/21)  [extra 1/50]
    fp=0.3056 tp=0.6667  [0.3s]
   nu  = 3.0000
  FPR 0.3056 >= fp_end=0.3; stopping after 21 fits
  grid extended by 1 points down to rho=0.07758, ending at FPR 0.3056
  pilot fit of run_em_diagonal at rho=0.30349
  -> rho_max = max|S_ij| (off-diag) = 0.67884
  rho grid: [0.67883738 0.60135949 0.53272441 0.47192286 0.41806079 0.37034617
 0.32807737 0.29063285 0.25746199 0.22807703 0.20204586 0.17898572
 0.15855751 0.14046083 0.12442958 0.11022804 0.09764736 0.08650255
 0.07662974 0.06788374]
Running run_em_diagonal over 20 rho values, extending until FPR >= 0.3...
  rho=0.67884 (1/20)
    fp=0.0002 tp=0.0000  [9.6s]
   median nu  = 0.436
   median |eta| = 1.388
  rho=0.60136 (2/20)
    fp=0.0002 tp=0.0000  [9.5s]
   median nu  = 0.461
   median |eta| = 1.327
  rho=0.53272 (3/20)
    fp=0.0004 tp=0.0115  [9.5s]
   median nu  = 0.484
   median |eta| = 1.271
  rho=0.47192 (4/20)
    fp=0.0004 tp=0.0230  [9.6s]
   median nu  = 0.506
   median |eta| = 1.22
  rho=0.41806 (5/20)
    fp=0.0006 tp=0.0345  [9.5s]
   median nu  = 0.53
   median |eta| = 1.176
  rho=0.37035 (6/20)
    fp=0.0025 tp=0.0575  [9.7s]
   median nu  = 0.56
   median |eta| = 1.135
  rho=0.32808 (7/20)
    fp=0.0058 tp=0.0805  [9.6s]
   median nu  = 0.594
   median |eta| = 1.1
  rho=0.29063 (8/20)
    fp=0.0125 tp=0.1609  [9.6s]
   median nu  = 0.605
   median |eta| = 1.075
  rho=0.25746 (9/20)
    fp=0.0187 tp=0.1954  [9.7s]
   median nu  = 0.615
   median |eta| = 1.027
  rho=0.22808 (10/20)
    fp=0.0271 tp=0.2414  [9.7s]
   median nu  = 0.625
   median |eta| = 0.985
  rho=0.20205 (11/20)
    fp=0.0378 tp=0.2874  [9.8s]
   median nu  = 0.638
   median |eta| = 0.952
  rho=0.17899 (12/20)
    fp=0.0543 tp=0.3678  [9.8s]
   median nu  = 0.652
   median |eta| = 0.955
  rho=0.15856 (13/20)
    fp=0.0711 tp=0.3908  [9.9s]
   median nu  = 0.666
   median |eta| = 0.861
  rho=0.14046 (14/20)
    fp=0.0909 tp=0.4023  [9.9s]
   median nu  = 0.679
   median |eta| = 0.804
  rho=0.12443 (15/20)
    fp=0.1112 tp=0.4368  [10.0s]
   median nu  = 0.694
   median |eta| = 0.782
  rho=0.11023 (16/20)
    fp=0.1318 tp=0.4713  [10.0s]
   median nu  = 0.726
   median |eta| = 0.715
  rho=0.09765 (17/20)
    fp=0.1524 tp=0.5057  [10.0s]
   median nu  = 0.732
   median |eta| = 0.714
  rho=0.08650 (18/20)
    fp=0.1688 tp=0.5287  [10.3s]
   median nu  = 0.741
   median |eta| = 0.598
  rho=0.07663 (19/20)
    fp=0.1875 tp=0.5747  [10.1s]
   median nu  = 0.784
   median |eta| = 0.579
  rho=0.06788 (20/20)
    fp=0.2025 tp=0.5747  [10.2s]
   median nu  = 0.828
   median |eta| = 0.608
  rho=0.06014 (21/21)  [extra 1/50]
    fp=0.2231 tp=0.6207  [10.0s]
   median nu  = 0.865
   median |eta| = 0.592
  rho=0.05327 (22/22)  [extra 2/50]
    fp=0.2389 tp=0.6322  [10.2s]
   median nu  = 0.918
   median |eta| = 0.581
  rho=0.04719 (23/23)  [extra 3/50]
    fp=0.2542 tp=0.6667  [10.4s]
   median nu  = 0.915
   median |eta| = 0.556
  rho=0.04181 (24/24)  [extra 4/50]
    fp=0.2698 tp=0.6667  [10.3s]
   median nu  = 0.964
   median |eta| = 0.543
  rho=0.03703 (25/25)  [extra 5/50]
    fp=0.2834 tp=0.6782  [10.1s]
   median nu  = 0.99
   median |eta| = 0.578
  rho=0.03281 (26/26)  [extra 6/50]
    fp=0.3027 tp=0.6667  [9.9s]
   median nu  = 1.071
   median |eta| = 0.637
  FPR 0.3027 >= fp_end=0.3; stopping after 26 fits
  grid extended by 6 points down to rho=0.03281, ending at FPR 0.3027
  pilot fit of run_em_exact at rho=0.30349
  -> rho_max = max|S_ij| (off-diag) = 0.68963
  rho grid: [0.68963231 0.61092236 0.54119583 0.47942742 0.42470883 0.37623545
 0.33329449 0.29525452 0.26155617 0.23170393 0.20525881 0.18183197
 0.1610789  0.14269445 0.12640827 0.11198089 0.09920015 0.08787812
 0.07784831 0.06896323]
Running run_em_exact over 20 rho values, extending until FPR >= 0.3...
  rho=0.68963 (1/20)
    fp=0.0002 tp=0.0000  [9.8s]
   median nu  = 0.433
   median |eta| = 1.379
  rho=0.61092 (2/20)
    fp=0.0002 tp=0.0000  [9.8s]
   median nu  = 0.458
   median |eta| = 1.335
  rho=0.54120 (3/20)
    fp=0.0004 tp=0.0000  [9.7s]
   median nu  = 0.481
   median |eta| = 1.278
  rho=0.47943 (4/20)
    fp=0.0004 tp=0.0230  [9.8s]
   median nu  = 0.503
   median |eta| = 1.224
  rho=0.42471 (5/20)
    fp=0.0004 tp=0.0345  [9.8s]
   median nu  = 0.547
   median |eta| = 1.178
  rho=0.37624 (6/20)
    fp=0.0025 tp=0.0575  [9.9s]
   median nu  = 0.578
   median |eta| = 1.132
  rho=0.33329 (7/20)
    fp=0.0056 tp=0.0805  [9.8s]
   median nu  = 0.594
   median |eta| = 1.053
  rho=0.29525 (8/20)
    fp=0.0113 tp=0.1379  [9.9s]
   median nu  = 0.615
   median |eta| = 0.968
  rho=0.26156 (9/20)
    fp=0.0199 tp=0.1954  [9.7s]
   median nu  = 0.639
   median |eta| = 0.839
  rho=0.23170 (10/20)
    fp=0.0280 tp=0.2529  [9.6s]
   median nu  = 0.683
   median |eta| = 0.765
  rho=0.20526 (11/20)
    fp=0.0442 tp=0.2874  [9.4s]
   median nu  = 0.735
   median |eta| = 0.581
  rho=0.18183 (12/20)
    fp=0.0650 tp=0.3678  [9.2s]
   median nu  = 0.802
   median |eta| = 0.491
  rho=0.16108 (13/20)
    fp=0.0823 tp=0.3908  [9.1s]
   median nu  = 0.888
   median |eta| = 0.434
  rho=0.14269 (14/20)
    fp=0.1051 tp=0.4023  [9.1s]
   median nu  = 0.984
   median |eta| = 0.362
  rho=0.12641 (15/20)
    fp=0.1289 tp=0.4598  [8.8s]
   median nu  = 1.067
   median |eta| = 0.281
  rho=0.11198 (16/20)
    fp=0.1555 tp=0.4943  [8.5s]
   median nu  = 1.163
   median |eta| = 0.199
  rho=0.09920 (17/20)
    fp=0.1808 tp=0.5057  [8.5s]
   median nu  = 1.277
   median |eta| = 0.151
  rho=0.08788 (18/20)
    fp=0.2003 tp=0.5402  [8.3s]
   median nu  = 1.381
   median |eta| = 0.114
  rho=0.07785 (19/20)
    fp=0.2202 tp=0.5862  [8.0s]
   median nu  = 1.484
   median |eta| = 0.082
  rho=0.06896 (20/20)
    fp=0.2398 tp=0.5977  [8.1s]
   median nu  = 1.581
   median |eta| = 0.065
  rho=0.06109 (21/21)  [extra 1/50]
    fp=0.2618 tp=0.6207  [7.9s]
   median nu  = 1.683
   median |eta| = 0.052
  rho=0.05412 (22/22)  [extra 2/50]
    fp=0.2813 tp=0.6322  [7.7s]
   median nu  = 1.8
   median |eta| = 0.037
  rho=0.04794 (23/23)  [extra 3/50]
    fp=0.2988 tp=0.6552  [7.6s]
   median nu  = 1.922
   median |eta| = 0.029
  rho=0.04247 (24/24)  [extra 4/50]
    fp=0.3122 tp=0.6667  [7.6s]
   median nu  = 2.045
   median |eta| = 0.021
  FPR 0.3122 >= fp_end=0.3; stopping after 24 fits
  grid extended by 4 points down to rho=0.04247, ending at FPR 0.3122
  graphical_lasso rho_max = max|S_ij| (off-diag) = 463.62937
  rho grid: [463.6293714  410.71386318 363.83777176 322.31179909 285.52531898
 252.9373979  224.06884085 198.49514488 175.8402569  155.77104401
 137.9923948  122.24287988 108.29090765  95.93131879  84.98236948
  75.28305889  66.69076175  59.07913106  52.33624021  46.36293714]
Running graphical_lasso over 20 rho values, extending until FPR >= 0.3...
  rho=463.62937 (1/20)
    fp=0.0002 tp=0.0000  [8.5s]
  rho=410.71386 (2/20)
    fp=0.0004 tp=0.0000  [8.3s]
  rho=363.83777 (3/20)
    fp=0.0004 tp=0.0000  [8.3s]
  rho=322.31180 (4/20)
    fp=0.0006 tp=0.0000  [8.4s]
  rho=285.52532 (5/20)
    fp=0.0006 tp=0.0000  [8.5s]
  rho=252.93740 (6/20)
    fp=0.0006 tp=0.0000  [8.5s]
  rho=224.06884 (7/20)
    fp=0.0006 tp=0.0000  [8.5s]
  rho=198.49514 (8/20)
    fp=0.0006 tp=0.0000  [0.0s]
  rho=175.84026 (9/20)
    fp=0.0006 tp=0.0000  [0.0s]
  rho=155.77104 (10/20)
    fp=0.0008 tp=0.0000  [0.0s]
  rho=137.99239 (11/20)
    fp=0.0010 tp=0.0000  [0.0s]
  rho=122.24288 (12/20)
    fp=0.0012 tp=0.0000  [0.0s]
  rho=108.29091 (13/20)
    fp=0.0016 tp=0.0000  [0.0s]
  rho=95.93132 (14/20)
    fp=0.0016 tp=0.0000  [0.0s]
  rho=84.98237 (15/20)
    fp=0.0029 tp=0.0000  [0.0s]
  rho=75.28306 (16/20)
    fp=0.0039 tp=0.0000  [0.0s]
  rho=66.69076 (17/20)
    fp=0.0049 tp=0.0000  [0.0s]
  rho=59.07913 (18/20)
    fp=0.0062 tp=0.0000  [0.0s]
  rho=52.33624 (19/20)
    fp=0.0074 tp=0.0000  [8.9s]
  rho=46.36294 (20/20)
    fp=0.0080 tp=0.0000  [8.4s]
  rho=41.07139 (21/21)  [extra 1/50]
    fp=0.0090 tp=0.0000  [0.0s]
  rho=36.38378 (22/22)  [extra 2/50]
    fp=0.0101 tp=0.0000  [0.0s]
  rho=32.23118 (23/23)  [extra 3/50]
    fp=0.0115 tp=0.0000  [8.4s]
  rho=28.55253 (24/24)  [extra 4/50]
    fp=0.0127 tp=0.0000  [0.0s]
  rho=25.29374 (25/25)  [extra 5/50]
    fp=0.0140 tp=0.0000  [0.0s]
  rho=22.40688 (26/26)  [extra 6/50]
    fp=0.0156 tp=0.0000  [8.4s]
  rho=19.84951 (27/27)  [extra 7/50]
    fp=0.0167 tp=0.0115  [8.3s]
  rho=17.58403 (28/28)  [extra 8/50]
    fp=0.0175 tp=0.0115  [0.3s]
  rho=15.57710 (29/29)  [extra 9/50]
    fp=0.0181 tp=0.0115  [0.0s]
  rho=13.79924 (30/30)  [extra 10/50]
    fp=0.0199 tp=0.0115  [0.0s]
  rho=12.22429 (31/31)  [extra 11/50]
    fp=0.0212 tp=0.0115  [0.0s]
  rho=10.82909 (32/32)  [extra 12/50]
    fp=0.0234 tp=0.0230  [0.6s]
  rho=9.59313 (33/33)  [extra 13/50]
    fp=0.0263 tp=0.0230  [0.0s]
  rho=8.49824 (34/34)  [extra 14/50]
    fp=0.0298 tp=0.0345  [0.2s]
  rho=7.52831 (35/35)  [extra 15/50]
    fp=0.0319 tp=0.0345  [0.1s]
  rho=6.66908 (36/36)  [extra 16/50]
    fp=0.0339 tp=0.0345  [0.2s]
  rho=5.90791 (37/37)  [extra 17/50]
    fp=0.0376 tp=0.0345  [0.0s]
  rho=5.23362 (38/38)  [extra 18/50]
    fp=0.0426 tp=0.0345  [0.1s]
  rho=4.63629 (39/39)  [extra 19/50]
    fp=0.0475 tp=0.0345  [0.0s]
  rho=4.10714 (40/40)  [extra 20/50]
    fp=0.0518 tp=0.0690  [0.0s]
  rho=3.63838 (41/41)  [extra 21/50]
    fp=0.0580 tp=0.0805  [0.0s]
  rho=3.22312 (42/42)  [extra 22/50]
    fp=0.0637 tp=0.0805  [0.0s]
  rho=2.85525 (43/43)  [extra 23/50]
    fp=0.0707 tp=0.0805  [0.0s]
  rho=2.52937 (44/44)  [extra 24/50]
    fp=0.0794 tp=0.0805  [0.0s]
  rho=2.24069 (45/45)  [extra 25/50]
    fp=0.0868 tp=0.0920  [0.1s]
  rho=1.98495 (46/46)  [extra 26/50]
    fp=0.0958 tp=0.0920  [0.0s]
  rho=1.75840 (47/47)  [extra 27/50]
    fp=0.1069 tp=0.0920  [0.3s]
  rho=1.55771 (48/48)  [extra 28/50]
    fp=0.1193 tp=0.0920  [0.2s]
  rho=1.37992 (49/49)  [extra 29/50]
    fp=0.1328 tp=0.1034  [0.1s]
  rho=1.22243 (50/50)  [extra 30/50]
    fp=0.1476 tp=0.1149  [0.0s]
  rho=1.08291 (51/51)  [extra 31/50]
    fp=0.1622 tp=0.1149  [0.2s]
  rho=0.95931 (52/52)  [extra 32/50]
    fp=0.1818 tp=0.1264  [0.2s]
  rho=0.84982 (53/53)  [extra 33/50]
    fp=0.1991 tp=0.1494  [0.1s]
  rho=0.75283 (54/54)  [extra 34/50]
    fp=0.2198 tp=0.1839  [0.1s]
  rho=0.66691 (55/55)  [extra 35/50]
    fp=0.2429 tp=0.1839  [0.5s]
  rho=0.59079 (56/56)  [extra 36/50]
    fp=0.2681 tp=0.2299  [0.6s]
  rho=0.52336 (57/57)  [extra 37/50]
    fp=0.2897 tp=0.2644  [0.5s]
  rho=0.46363 (58/58)  [extra 38/50]
    fp=0.3128 tp=0.2989  [0.4s]
  FPR 0.3128 >= fp_end=0.3; stopping after 58 fits
  [note] 12/58 fits hit a glasso ConvergenceWarning (suppressed)
  grid extended by 38 points down to rho=0.46363, ending at FPR 0.3128
  [warn] mean_roc averages out to FPR 0.300 but the shortest replicate only reached 0.253; its TPR is held flat above that
  [warn] mean_roc averages out to FPR 0.300 but the shortest replicate only reached 0.208; its TPR is held flat above that

(p=100, n=50) over 13 replicates
  t+lasso  (run_em_diagonal):    AUC = 0.140 (SE 0.003)
  ~t+lasso (run_em_exact):       AUC = 0.133 (SE 0.003)
  tlasso   (run_tlasso):         AUC = 0.050 (SE 0.003)
  t*lasso  (run_tstar_varlasso): AUC = 0.111 (SE 0.004)
  glasso   (graphical_lasso):    AUC = 0.050 (SE 0.003)
Replicate 14/50
  Theta: 101/4950 edges
  pilot fit of run_tlasso at rho=30.34854
  -> rho_max = max|S_ij| (off-diag) = 1167.55878
  rho grid: [1167.55878239 1034.30155117  916.25339546  811.67845463  719.03898745
  636.97275999  564.27301447  499.87072425  442.81887411  392.27853474
  347.50652652  307.84449129  272.70921145  241.58403386  214.01127269
  189.58547925  167.94748001  148.77909507  131.79845943  116.75587824]
Running run_tlasso over 20 rho values, extending until FPR >= 0.3...
  rho=1167.55878 (1/20)
    fp=0.0002 tp=0.0000  [0.1s]
   nu  = 3.0000
  rho=1034.30155 (2/20)
    fp=0.0002 tp=0.0000  [0.1s]
   nu  = 3.0000
  rho=916.25340 (3/20)
    fp=0.0002 tp=0.0000  [0.1s]
   nu  = 3.0000
  rho=811.67845 (4/20)
    fp=0.0002 tp=0.0000  [0.1s]
   nu  = 3.0000
  rho=719.03899 (5/20)
    fp=0.0004 tp=0.0000  [0.1s]
   nu  = 3.0000
  rho=636.97276 (6/20)
    fp=0.0006 tp=0.0000  [0.1s]
   nu  = 3.0000
  rho=564.27301 (7/20)
    fp=0.0008 tp=0.0000  [0.1s]
   nu  = 3.0000
  rho=499.87072 (8/20)
    fp=0.0010 tp=0.0000  [0.1s]
   nu  = 3.0000
  rho=442.81887 (9/20)
    fp=0.0012 tp=0.0000  [0.1s]
   nu  = 3.0000
  rho=392.27853 (10/20)
    fp=0.0014 tp=0.0000  [0.1s]
   nu  = 3.0000
  rho=347.50653 (11/20)
    fp=0.0016 tp=0.0000  [0.1s]
   nu  = 3.0000
  rho=307.84449 (12/20)
    fp=0.0019 tp=0.0000  [0.1s]
   nu  = 3.0000
  rho=272.70921 (13/20)
    fp=0.0021 tp=0.0000  [0.1s]
   nu  = 3.0000
  rho=241.58403 (14/20)
    fp=0.0029 tp=0.0000  [0.1s]
   nu  = 3.0000
  rho=214.01127 (15/20)
    fp=0.0035 tp=0.0000  [0.1s]
   nu  = 3.0000
  rho=189.58548 (16/20)
    fp=0.0045 tp=0.0000  [0.1s]
   nu  = 3.0000
  rho=167.94748 (17/20)
    fp=0.0054 tp=0.0000  [0.1s]
   nu  = 3.0000
  rho=148.77910 (18/20)
    fp=0.0062 tp=0.0000  [0.1s]
   nu  = 3.0000
  rho=131.79846 (19/20)
    fp=0.0074 tp=0.0000  [0.1s]
   nu  = 3.0000
  rho=116.75588 (20/20)
    fp=0.0103 tp=0.0000  [0.1s]
   nu  = 3.0000
  rho=103.43016 (21/21)  [extra 1/50]
    fp=0.0128 tp=0.0099  [0.1s]
   nu  = 3.0000
  rho=91.62534 (22/22)  [extra 2/50]
    fp=0.0153 tp=0.0099  [0.1s]
   nu  = 3.0000
  rho=81.16785 (23/23)  [extra 3/50]
    fp=0.0179 tp=0.0099  [0.1s]
   nu  = 3.0000
  rho=71.90390 (24/24)  [extra 4/50]
    fp=0.0204 tp=0.0099  [0.1s]
   nu  = 3.0000
  rho=63.69728 (25/25)  [extra 5/50]
    fp=0.0252 tp=0.0198  [0.1s]
   nu  = 3.0000
  rho=56.42730 (26/26)  [extra 6/50]
    fp=0.0293 tp=0.0297  [0.1s]
   nu  = 3.0000
  rho=49.98707 (27/27)  [extra 7/50]
    fp=0.0365 tp=0.0297  [0.1s]
   nu  = 3.0000
  rho=44.28189 (28/28)  [extra 8/50]
    fp=0.0419 tp=0.0297  [0.1s]
   nu  = 3.0000
  rho=39.22785 (29/29)  [extra 9/50]
    fp=0.0472 tp=0.0297  [0.1s]
   nu  = 3.0000
  rho=34.75065 (30/30)  [extra 10/50]
    fp=0.0509 tp=0.0495  [0.1s]
   nu  = 3.0000
  rho=30.78445 (31/31)  [extra 11/50]
    fp=0.0571 tp=0.0594  [0.1s]
   nu  = 3.0000
  rho=27.27092 (32/32)  [extra 12/50]
    fp=0.0621 tp=0.0594  [0.1s]
   nu  = 3.0000
  rho=24.15840 (33/33)  [extra 13/50]
    fp=0.0691 tp=0.0693  [0.1s]
   nu  = 3.0000
  rho=21.40113 (34/34)  [extra 14/50]
    fp=0.0761 tp=0.0792  [0.1s]
   nu  = 3.0000
  rho=18.95855 (35/35)  [extra 15/50]
    fp=0.0829 tp=0.0792  [0.1s]
   nu  = 3.0000
  rho=16.79475 (36/36)  [extra 16/50]
    fp=0.0949 tp=0.1089  [0.1s]
   nu  = 3.0000
  rho=14.87791 (37/37)  [extra 17/50]
    fp=0.1054 tp=0.1188  [0.1s]
   nu  = 3.0000
  rho=13.17985 (38/38)  [extra 18/50]
    fp=0.1149 tp=0.1386  [0.2s]
   nu  = 3.0000
  rho=11.67559 (39/39)  [extra 19/50]
    fp=0.1258 tp=0.1386  [0.2s]
   nu  = 3.0000
  rho=10.34302 (40/40)  [extra 20/50]
    fp=0.1394 tp=0.1485  [0.2s]
   nu  = 3.0000
  rho=9.16253 (41/41)  [extra 21/50]
    fp=0.1536 tp=0.1683  [0.2s]
   nu  = 3.0000
  rho=8.11678 (42/42)  [extra 22/50]
    fp=0.1679 tp=0.1980  [0.2s]
   nu  = 3.0000
  rho=7.19039 (43/43)  [extra 23/50]
    fp=0.1833 tp=0.2277  [0.3s]
   nu  = 3.0000
  rho=6.36973 (44/44)  [extra 24/50]
    fp=0.1986 tp=0.2574  [0.2s]
   nu  = 3.0000
  rho=5.64273 (45/45)  [extra 25/50]
    fp=0.2184 tp=0.3069  [0.3s]
   nu  = 3.0000
  rho=4.99871 (46/46)  [extra 26/50]
    fp=0.2407 tp=0.3366  [0.3s]
   nu  = 3.0000
  rho=4.42819 (47/47)  [extra 27/50]
    fp=0.2607 tp=0.3762  [0.3s]
   nu  = 3.0000
  rho=3.92279 (48/48)  [extra 28/50]
    fp=0.2827 tp=0.3861  [0.3s]
   nu  = 3.0000
  rho=3.47507 (49/49)  [extra 29/50]
    fp=0.3126 tp=0.4059  [0.5s]
   nu  = 3.0000
  FPR 0.3126 >= fp_end=0.3; stopping after 49 fits
  grid extended by 29 points down to rho=3.47507, ending at FPR 0.3126
  pilot fit of run_tstar_varlasso at rho=0.30349
  -> rho_max = max|S_ij| (off-diag) = 0.74420
  rho grid: [0.74420167 0.65926355 0.58401968 0.51736364 0.45831527 0.40600628
 0.35966748 0.31861747 0.28225264 0.25003824 0.22150057 0.19622
 0.17382478 0.1539856  0.13641073 0.12084174 0.10704968 0.09483176
 0.0840083  0.07442017]
Running run_tstar_varlasso over 20 rho values, extending until FPR >= 0.3...
  rho=0.74420 (1/20)
    fp=0.0014 tp=0.0198  [0.1s]
   nu  = 3.0000
  rho=0.65926 (2/20)
    fp=0.0027 tp=0.0198  [0.1s]
   nu  = 3.0000
  rho=0.58402 (3/20)
    fp=0.0037 tp=0.0297  [0.1s]
   nu  = 3.0000
  rho=0.51736 (4/20)
    fp=0.0068 tp=0.0594  [0.1s]
   nu  = 3.0000
  rho=0.45832 (5/20)
    fp=0.0113 tp=0.0693  [0.1s]
   nu  = 3.0000
  rho=0.40601 (6/20)
    fp=0.0173 tp=0.0693  [0.1s]
   nu  = 3.0000
  rho=0.35967 (7/20)
    fp=0.0264 tp=0.0990  [0.1s]
   nu  = 3.0000
  rho=0.31862 (8/20)
    fp=0.0369 tp=0.1485  [0.1s]
   nu  = 3.0000
  rho=0.28225 (9/20)
    fp=0.0505 tp=0.1782  [0.1s]
   nu  = 3.0000
  rho=0.25004 (10/20)
    fp=0.0676 tp=0.2277  [0.1s]
   nu  = 3.0000
  rho=0.22150 (11/20)
    fp=0.0817 tp=0.2475  [0.1s]
   nu  = 3.0000
  rho=0.19622 (12/20)
    fp=0.1031 tp=0.3267  [0.1s]
   nu  = 3.0000
  rho=0.17382 (13/20)
    fp=0.1229 tp=0.4059  [0.1s]
   nu  = 3.0000
  rho=0.15399 (14/20)
    fp=0.1462 tp=0.4356  [0.2s]
   nu  = 3.0000
  rho=0.13641 (15/20)
    fp=0.1747 tp=0.4554  [0.2s]
   nu  = 3.0000
  rho=0.12084 (16/20)
    fp=0.2035 tp=0.4851  [0.2s]
   nu  = 3.0000
  rho=0.10705 (17/20)
    fp=0.2304 tp=0.5050  [0.2s]
   nu  = 3.0000
  rho=0.09483 (18/20)
    fp=0.2555 tp=0.5347  [0.2s]
   nu  = 3.0000
  rho=0.08401 (19/20)
    fp=0.2784 tp=0.5545  [0.2s]
   nu  = 3.0000
  rho=0.07442 (20/20)
    fp=0.3032 tp=0.5842  [0.2s]
   nu  = 3.0000
  FPR 0.3032 >= fp_end=0.3; stopping after 20 fits
  pilot fit of run_em_diagonal at rho=0.30349
  -> rho_max = max|S_ij| (off-diag) = 0.57787
  rho grid: [0.57786646 0.51191271 0.45348647 0.4017286  0.35587803 0.31526053
 0.27927883 0.24740384 0.21916685 0.19415263 0.17199337 0.15236321
 0.13497351 0.11956855 0.10592181 0.09383261 0.08312319 0.07363608
 0.06523176 0.05778665]
Running run_em_diagonal over 20 rho values, extending until FPR >= 0.3...
  rho=0.57787 (1/20)
    fp=0.0006 tp=0.0000  [10.6s]
   median nu  = 0.285
   median |eta| = 1.642
  rho=0.51191 (2/20)
    fp=0.0008 tp=0.0396  [10.8s]
   median nu  = 0.311
   median |eta| = 1.57
  rho=0.45349 (3/20)
    fp=0.0016 tp=0.0495  [10.4s]
   median nu  = 0.336
   median |eta| = 1.512
  rho=0.40173 (4/20)
    fp=0.0041 tp=0.0693  [10.5s]
   median nu  = 0.366
   median |eta| = 1.462
  rho=0.35588 (5/20)
    fp=0.0064 tp=0.0792  [10.4s]
   median nu  = 0.399
   median |eta| = 1.41
  rho=0.31526 (6/20)
    fp=0.0097 tp=0.0990  [10.4s]
   median nu  = 0.429
   median |eta| = 1.351
  rho=0.27928 (7/20)
    fp=0.0165 tp=0.1089  [10.5s]
   median nu  = 0.458
   median |eta| = 1.314
  rho=0.24740 (8/20)
    fp=0.0260 tp=0.1683  [10.6s]
   median nu  = 0.482
   median |eta| = 1.379
  rho=0.21917 (9/20)
    fp=0.0371 tp=0.2178  [10.7s]
   median nu  = 0.498
   median |eta| = 1.366
  rho=0.19415 (10/20)
    fp=0.0485 tp=0.2673  [10.6s]
   median nu  = 0.507
   median |eta| = 1.37
  rho=0.17199 (11/20)
    fp=0.0621 tp=0.3069  [10.6s]
   median nu  = 0.523
   median |eta| = 1.456
  rho=0.15236 (12/20)
    fp=0.0794 tp=0.3663  [10.7s]
   median nu  = 0.531
   median |eta| = 1.4
  rho=0.13497 (13/20)
    fp=0.0965 tp=0.3960  [10.6s]
   median nu  = 0.531
   median |eta| = 1.359
  rho=0.11957 (14/20)
    fp=0.1151 tp=0.4257  [10.6s]
   median nu  = 0.528
   median |eta| = 1.319
  rho=0.10592 (15/20)
    fp=0.1305 tp=0.4356  [10.7s]
   median nu  = 0.527
   median |eta| = 1.269
  rho=0.09383 (16/20)
    fp=0.1462 tp=0.4950  [10.7s]
   median nu  = 0.577
   median |eta| = 1.212
  rho=0.08312 (17/20)
    fp=0.1640 tp=0.5347  [11.2s]
   median nu  = 0.571
   median |eta| = 1.23
  rho=0.07364 (18/20)
    fp=0.1811 tp=0.5545  [11.3s]
   median nu  = 0.599
   median |eta| = 1.251
  rho=0.06523 (19/20)
    fp=0.1978 tp=0.5743  [11.9s]
   median nu  = 0.584
   median |eta| = 1.269
  rho=0.05779 (20/20)
    fp=0.2153 tp=0.5941  [11.8s]
   median nu  = 0.602
   median |eta| = 1.259
  rho=0.05119 (21/21)  [extra 1/50]
    fp=0.2291 tp=0.6040  [11.7s]
   median nu  = 0.662
   median |eta| = 1.309
  rho=0.04535 (22/22)  [extra 2/50]
    fp=0.2481 tp=0.6040  [11.4s]
   median nu  = 0.707
   median |eta| = 1.392
  rho=0.04017 (23/23)  [extra 3/50]
    fp=0.2605 tp=0.6238  [11.3s]
   median nu  = 0.748
   median |eta| = 1.424
  rho=0.03559 (24/24)  [extra 4/50]
    fp=0.2741 tp=0.6535  [11.1s]
   median nu  = 0.739
   median |eta| = 1.332
  rho=0.03153 (25/25)  [extra 5/50]
    fp=0.2858 tp=0.6733  [10.9s]
   median nu  = 0.759
   median |eta| = 1.387
  rho=0.02793 (26/26)  [extra 6/50]
    fp=0.2992 tp=0.6733  [10.8s]
   median nu  = 0.758
   median |eta| = 1.379
  rho=0.02474 (27/27)  [extra 7/50]
    fp=0.3135 tp=0.6733  [10.1s]
   median nu  = 0.772
   median |eta| = 1.425
  FPR 0.3135 >= fp_end=0.3; stopping after 27 fits
  grid extended by 7 points down to rho=0.02474, ending at FPR 0.3135
  pilot fit of run_em_exact at rho=0.30349
  -> rho_max = max|S_ij| (off-diag) = 0.60228
  rho grid: [0.60227823 0.53353828 0.47264384 0.41869948 0.37091197 0.32857859
 0.29107687 0.25785533 0.22842547 0.20235454 0.17925917 0.15879974
 0.14067542 0.12461968 0.11039644 0.09779654 0.0866347  0.07674681
 0.06798745 0.06022782]
Running run_em_exact over 20 rho values, extending until FPR >= 0.3...
  rho=0.60228 (1/20)
    fp=0.0006 tp=0.0000  [10.8s]
   median nu  = 0.277
   median |eta| = 1.636
  rho=0.53354 (2/20)
    fp=0.0006 tp=0.0099  [10.9s]
   median nu  = 0.302
   median |eta| = 1.619
  rho=0.47264 (3/20)
    fp=0.0014 tp=0.0396  [11.0s]
   median nu  = 0.328
   median |eta| = 1.515
  rho=0.41870 (4/20)
    fp=0.0031 tp=0.0594  [11.2s]
   median nu  = 0.354
   median |eta| = 1.415
  rho=0.37091 (5/20)
    fp=0.0060 tp=0.0792  [10.9s]
   median nu  = 0.391
   median |eta| = 1.379
  rho=0.32858 (6/20)
    fp=0.0085 tp=0.0990  [10.8s]
   median nu  = 0.438
   median |eta| = 1.301
  rho=0.29108 (7/20)
    fp=0.0153 tp=0.1089  [10.7s]
   median nu  = 0.473
   median |eta| = 1.289
  rho=0.25786 (8/20)
    fp=0.0260 tp=0.1782  [10.5s]
   median nu  = 0.485
   median |eta| = 1.204
  rho=0.22843 (9/20)
    fp=0.0386 tp=0.1980  [10.3s]
   median nu  = 0.508
   median |eta| = 1.116
  rho=0.20235 (10/20)
    fp=0.0524 tp=0.2970  [9.8s]
   median nu  = 0.561
   median |eta| = 0.928
  rho=0.17926 (11/20)
    fp=0.0724 tp=0.3267  [9.4s]
   median nu  = 0.624
   median |eta| = 0.729
  rho=0.15880 (12/20)
    fp=0.0922 tp=0.3564  [9.1s]
   median nu  = 0.704
   median |eta| = 0.584
  rho=0.14068 (13/20)
    fp=0.1147 tp=0.3960  [8.6s]
   median nu  = 0.788
   median |eta| = 0.475
  rho=0.12462 (14/20)
    fp=0.1380 tp=0.4455  [8.4s]
   median nu  = 0.858
   median |eta| = 0.375
  rho=0.11040 (15/20)
    fp=0.1598 tp=0.5050  [8.0s]
   median nu  = 0.93
   median |eta| = 0.281
  rho=0.09780 (16/20)
    fp=0.1833 tp=0.5347  [7.9s]
   median nu  = 1.028
   median |eta| = 0.215
  rho=0.08663 (17/20)
    fp=0.2062 tp=0.5446  [8.7s]
   median nu  = 1.152
   median |eta| = 0.166
  rho=0.07675 (18/20)
    fp=0.2335 tp=0.5941  [9.1s]
   median nu  = 1.279
   median |eta| = 0.131
  rho=0.06799 (19/20)
    fp=0.2535 tp=0.6139  [8.6s]
   median nu  = 1.363
   median |eta| = 0.094
  rho=0.06023 (20/20)
    fp=0.2753 tp=0.6139  [8.6s]
   median nu  = 1.462
   median |eta| = 0.07
  rho=0.05335 (21/21)  [extra 1/50]
    fp=0.2924 tp=0.6436  [7.1s]
   median nu  = 1.587
   median |eta| = 0.053
  rho=0.04726 (22/22)  [extra 2/50]
    fp=0.3075 tp=0.6634  [6.1s]
   median nu  = 1.716
   median |eta| = 0.04
  FPR 0.3075 >= fp_end=0.3; stopping after 22 fits
  grid extended by 2 points down to rho=0.04726, ending at FPR 0.3075
  graphical_lasso rho_max = max|S_ij| (off-diag) = 69.58943
  rho grid: [69.58943297 61.64696763 54.61100136 48.37807249 42.85652781 37.96517474
 33.63208749 29.7935494  26.39311598 23.38078494 20.71226092 18.3483041
 16.25415326 14.39901458 12.75560883 11.29977026 10.01009121  8.86760737
  7.85551888  6.9589433 ]
Running graphical_lasso over 20 rho values, extending until FPR >= 0.3...
  rho=69.58943 (1/20)
    fp=0.0000 tp=0.0000  [0.0s]
  rho=61.64697 (2/20)
    fp=0.0002 tp=0.0000  [0.0s]
  rho=54.61100 (3/20)
    fp=0.0002 tp=0.0000  [0.0s]
  rho=48.37807 (4/20)
    fp=0.0002 tp=0.0000  [0.0s]
  rho=42.85653 (5/20)
    fp=0.0002 tp=0.0000  [0.0s]
  rho=37.96517 (6/20)
    fp=0.0008 tp=0.0000  [0.0s]
  rho=33.63209 (7/20)
    fp=0.0008 tp=0.0000  [0.0s]
  rho=29.79355 (8/20)
    fp=0.0010 tp=0.0000  [8.3s]
  rho=26.39312 (9/20)
    fp=0.0012 tp=0.0000  [0.0s]
  rho=23.38078 (10/20)
    fp=0.0012 tp=0.0000  [0.0s]
  rho=20.71226 (11/20)
    fp=0.0012 tp=0.0000  [0.0s]
  rho=18.34830 (12/20)
    fp=0.0012 tp=0.0000  [0.0s]
  rho=16.25415 (13/20)
    fp=0.0021 tp=0.0000  [0.0s]
  rho=14.39901 (14/20)
    fp=0.0031 tp=0.0000  [0.0s]
  rho=12.75561 (15/20)
    fp=0.0037 tp=0.0000  [8.3s]
  rho=11.29977 (16/20)
    fp=0.0049 tp=0.0000  [0.0s]
  rho=10.01009 (17/20)
    fp=0.0056 tp=0.0000  [8.3s]
  rho=8.86761 (18/20)
    fp=0.0070 tp=0.0000  [0.0s]
  rho=7.85552 (19/20)
    fp=0.0080 tp=0.0000  [0.0s]
  rho=6.95894 (20/20)
    fp=0.0109 tp=0.0000  [8.4s]
  rho=6.16470 (21/21)  [extra 1/50]
    fp=0.0128 tp=0.0000  [8.4s]
  rho=5.46110 (22/22)  [extra 2/50]
    fp=0.0155 tp=0.0099  [0.0s]
  rho=4.83781 (23/23)  [extra 3/50]
    fp=0.0188 tp=0.0099  [0.1s]
  rho=4.28565 (24/24)  [extra 4/50]
    fp=0.0227 tp=0.0099  [0.0s]
  rho=3.79652 (25/25)  [extra 5/50]
    fp=0.0270 tp=0.0099  [0.0s]
  rho=3.36321 (26/26)  [extra 6/50]
    fp=0.0342 tp=0.0297  [0.5s]
  rho=2.97935 (27/27)  [extra 7/50]
    fp=0.0390 tp=0.0297  [0.1s]
  rho=2.63931 (28/28)  [extra 8/50]
    fp=0.0454 tp=0.0396  [0.0s]
  rho=2.33808 (29/29)  [extra 9/50]
    fp=0.0491 tp=0.0396  [0.0s]
  rho=2.07123 (30/30)  [extra 10/50]
    fp=0.0544 tp=0.0594  [0.5s]
  rho=1.83483 (31/31)  [extra 11/50]
    fp=0.0617 tp=0.0594  [0.3s]
  rho=1.62542 (32/32)  [extra 12/50]
    fp=0.0693 tp=0.0792  [0.0s]
  rho=1.43990 (33/33)  [extra 13/50]
    fp=0.0798 tp=0.0792  [0.1s]
  rho=1.27556 (34/34)  [extra 14/50]
    fp=0.0907 tp=0.0990  [0.0s]
  rho=1.12998 (35/35)  [extra 15/50]
    fp=0.1013 tp=0.1089  [0.0s]
  rho=1.00101 (36/36)  [extra 16/50]
    fp=0.1107 tp=0.1287  [0.1s]
  rho=0.88676 (37/37)  [extra 17/50]
    fp=0.1262 tp=0.1386  [0.3s]
  rho=0.78555 (38/38)  [extra 18/50]
    fp=0.1446 tp=0.1485  [0.0s]
  rho=0.69589 (39/39)  [extra 19/50]
    fp=0.1607 tp=0.1881  [0.1s]
  rho=0.61647 (40/40)  [extra 20/50]
    fp=0.1780 tp=0.2178  [0.1s]
  rho=0.54611 (41/41)  [extra 21/50]
    fp=0.1972 tp=0.2574  [0.0s]
  rho=0.48378 (42/42)  [extra 22/50]
    fp=0.2163 tp=0.2871  [0.1s]
  rho=0.42857 (43/43)  [extra 23/50]
    fp=0.2386 tp=0.3564  [0.0s]
  rho=0.37965 (44/44)  [extra 24/50]
    fp=0.2601 tp=0.3762  [0.0s]
  rho=0.33632 (45/45)  [extra 25/50]
    fp=0.2873 tp=0.4059  [0.1s]
  rho=0.29794 (46/46)  [extra 26/50]
    fp=0.3112 tp=0.4158  [0.0s]
  FPR 0.3112 >= fp_end=0.3; stopping after 46 fits
  [note] 5/46 fits hit a glasso ConvergenceWarning (suppressed)
  grid extended by 26 points down to rho=0.29794, ending at FPR 0.3112
  [warn] mean_roc averages out to FPR 0.300 but the shortest replicate only reached 0.253; its TPR is held flat above that
  [warn] mean_roc averages out to FPR 0.300 but the shortest replicate only reached 0.208; its TPR is held flat above that

(p=100, n=50) over 14 replicates
  t+lasso  (run_em_diagonal):    AUC = 0.140 (SE 0.003)
  ~t+lasso (run_em_exact):       AUC = 0.133 (SE 0.003)
  tlasso   (run_tlasso):         AUC = 0.050 (SE 0.003)
  t*lasso  (run_tstar_varlasso): AUC = 0.111 (SE 0.003)
  glasso   (graphical_lasso):    AUC = 0.050 (SE 0.002)
Replicate 15/50
  Theta: 93/4950 edges
  pilot fit of run_tlasso at rho=30.34854
  -> rho_max = max|S_ij| (off-diag) = 6246.15036
  rho grid: [6246.1503584  5533.25717042 4901.72877007 4342.278733   3846.68052427
 3407.64652977 3018.72089418 2674.18458967 2368.97131941 2098.5930193
 1859.07386239 1646.89179561 1458.92674913 1292.41475669 1144.90731239
 1014.23536614  898.47742853  795.93131587  705.08912017  624.61503584]
Running run_tlasso over 20 rho values, extending until FPR >= 0.3...
  rho=6246.15036 (1/20)
    fp=0.0000 tp=0.0000  [0.1s]
   nu  = 3.0000
  rho=5533.25717 (2/20)
    fp=0.0002 tp=0.0000  [0.1s]
   nu  = 3.0000
  rho=4901.72877 (3/20)
    fp=0.0002 tp=0.0000  [0.1s]
   nu  = 3.0000
  rho=4342.27873 (4/20)
    fp=0.0002 tp=0.0000  [0.1s]
   nu  = 3.0000
  rho=3846.68052 (5/20)
    fp=0.0002 tp=0.0000  [0.1s]
   nu  = 3.0000
  rho=3407.64653 (6/20)
    fp=0.0002 tp=0.0000  [0.1s]
   nu  = 3.0000
  rho=3018.72089 (7/20)
    fp=0.0002 tp=0.0000  [0.1s]
   nu  = 3.0000
  rho=2674.18459 (8/20)
    fp=0.0002 tp=0.0000  [0.1s]
   nu  = 3.0000
  rho=2368.97132 (9/20)
    fp=0.0004 tp=0.0000  [0.1s]
   nu  = 3.0000
  rho=2098.59302 (10/20)
    fp=0.0008 tp=0.0000  [0.1s]
   nu  = 3.0000
  rho=1859.07386 (11/20)
    fp=0.0008 tp=0.0000  [0.1s]
   nu  = 3.0000
  rho=1646.89180 (12/20)
    fp=0.0008 tp=0.0000  [0.1s]
   nu  = 3.0000
  rho=1458.92675 (13/20)
    fp=0.0012 tp=0.0000  [0.1s]
   nu  = 3.0000
  rho=1292.41476 (14/20)
    fp=0.0012 tp=0.0000  [0.1s]
   nu  = 3.0000
  rho=1144.90731 (15/20)
    fp=0.0014 tp=0.0000  [0.1s]
   nu  = 3.0000
  rho=1014.23537 (16/20)
    fp=0.0021 tp=0.0000  [0.1s]
   nu  = 3.0000
  rho=898.47743 (17/20)
    fp=0.0029 tp=0.0000  [0.1s]
   nu  = 3.0000
  rho=795.93132 (18/20)
    fp=0.0031 tp=0.0000  [0.1s]
   nu  = 3.0000
  rho=705.08912 (19/20)
    fp=0.0039 tp=0.0000  [0.1s]
   nu  = 3.0000
  rho=624.61504 (20/20)
    fp=0.0051 tp=0.0108  [0.1s]
   nu  = 3.0000
  rho=553.32572 (21/21)  [extra 1/50]
    fp=0.0064 tp=0.0108  [0.1s]
   nu  = 3.0000
  rho=490.17288 (22/22)  [extra 2/50]
    fp=0.0068 tp=0.0108  [0.1s]
   nu  = 3.0000
  rho=434.22787 (23/23)  [extra 3/50]
    fp=0.0084 tp=0.0108  [0.1s]
   nu  = 3.0000
  rho=384.66805 (24/24)  [extra 4/50]
    fp=0.0099 tp=0.0108  [0.1s]
   nu  = 3.0000
  rho=340.76465 (25/25)  [extra 5/50]
    fp=0.0111 tp=0.0108  [0.1s]
   nu  = 3.0000
  rho=301.87209 (26/26)  [extra 6/50]
    fp=0.0124 tp=0.0108  [0.1s]
   nu  = 3.0000
  rho=267.41846 (27/27)  [extra 7/50]
    fp=0.0136 tp=0.0215  [0.1s]
   nu  = 3.0000
  rho=236.89713 (28/28)  [extra 8/50]
    fp=0.0144 tp=0.0215  [0.1s]
   nu  = 3.0000
  rho=209.85930 (29/29)  [extra 9/50]
    fp=0.0159 tp=0.0215  [0.1s]
   nu  = 3.0000
  rho=185.90739 (30/30)  [extra 10/50]
    fp=0.0167 tp=0.0323  [0.1s]
   nu  = 3.0000
  rho=164.68918 (31/31)  [extra 11/50]
    fp=0.0183 tp=0.0323  [0.1s]
   nu  = 3.0000
  rho=145.89267 (32/32)  [extra 12/50]
    fp=0.0189 tp=0.0323  [0.1s]
   nu  = 3.0000
  rho=129.24148 (33/33)  [extra 13/50]
    fp=0.0214 tp=0.0323  [0.1s]
   nu  = 3.0000
  rho=114.49073 (34/34)  [extra 14/50]
    fp=0.0233 tp=0.0323  [0.1s]
   nu  = 3.0000
  rho=101.42354 (35/35)  [extra 15/50]
    fp=0.0253 tp=0.0323  [0.1s]
   nu  = 3.0000
  rho=89.84774 (36/36)  [extra 16/50]
    fp=0.0278 tp=0.0323  [0.1s]
   nu  = 3.0000
  rho=79.59313 (37/37)  [extra 17/50]
    fp=0.0282 tp=0.0323  [0.1s]
   nu  = 3.0000
  rho=70.50891 (38/38)  [extra 18/50]
    fp=0.0319 tp=0.0323  [0.1s]
   nu  = 3.0000
  rho=62.46150 (39/39)  [extra 19/50]
    fp=0.0358 tp=0.0323  [0.1s]
   nu  = 3.0000
  rho=55.33257 (40/40)  [extra 20/50]
    fp=0.0387 tp=0.0323  [0.1s]
   nu  = 3.0000
  rho=49.01729 (41/41)  [extra 21/50]
    fp=0.0424 tp=0.0430  [0.1s]
   nu  = 3.0000
  rho=43.42279 (42/42)  [extra 22/50]
    fp=0.0469 tp=0.0538  [0.1s]
   nu  = 3.0000
  rho=38.46681 (43/43)  [extra 23/50]
    fp=0.0531 tp=0.0538  [0.1s]
   nu  = 3.0000
  rho=34.07647 (44/44)  [extra 24/50]
    fp=0.0599 tp=0.0645  [0.1s]
   nu  = 3.0000
  rho=30.18721 (45/45)  [extra 25/50]
    fp=0.0657 tp=0.0645  [0.1s]
   nu  = 3.0000
  rho=26.74185 (46/46)  [extra 26/50]
    fp=0.0754 tp=0.0753  [0.1s]
   nu  = 3.0000
  rho=23.68971 (47/47)  [extra 27/50]
    fp=0.0840 tp=0.0753  [0.1s]
   nu  = 3.0000
  rho=20.98593 (48/48)  [extra 28/50]
    fp=0.0922 tp=0.0753  [0.1s]
   nu  = 3.0000
  rho=18.59074 (49/49)  [extra 29/50]
    fp=0.1029 tp=0.0753  [0.1s]
   nu  = 3.0000
  rho=16.46892 (50/50)  [extra 30/50]
    fp=0.1165 tp=0.0968  [0.2s]
   nu  = 3.0000
  rho=14.58927 (51/51)  [extra 31/50]
    fp=0.1334 tp=0.1183  [0.2s]
   nu  = 3.0000
  rho=12.92415 (52/52)  [extra 32/50]
    fp=0.1480 tp=0.1398  [0.2s]
   nu  = 3.0000
  rho=11.44907 (53/53)  [extra 33/50]
    fp=0.1637 tp=0.1505  [0.2s]
   nu  = 3.0000
  rho=10.14235 (54/54)  [extra 34/50]
    fp=0.1832 tp=0.1613  [0.2s]
   nu  = 3.0000
  rho=8.98477 (55/55)  [extra 35/50]
    fp=0.2003 tp=0.1935  [0.2s]
   nu  = 3.0000
  rho=7.95931 (56/56)  [extra 36/50]
    fp=0.2176 tp=0.2258  [0.3s]
   nu  = 3.0000
  rho=7.05089 (57/57)  [extra 37/50]
    fp=0.2415 tp=0.2581  [0.3s]
   nu  = 3.0000
  rho=6.24615 (58/58)  [extra 38/50]
    fp=0.2627 tp=0.3011  [0.4s]
   nu  = 3.0000
  rho=5.53326 (59/59)  [extra 39/50]
    fp=0.2831 tp=0.3333  [0.4s]
   nu  = 3.0000
  rho=4.90173 (60/60)  [extra 40/50]
    fp=0.3045 tp=0.3656  [0.3s]
   nu  = 3.0000
  FPR 0.3045 >= fp_end=0.3; stopping after 60 fits
  grid extended by 40 points down to rho=4.90173, ending at FPR 0.3045
  pilot fit of run_tstar_varlasso at rho=0.30349
  -> rho_max = max|S_ij| (off-diag) = 0.72114
  rho grid: [0.72113852 0.63883267 0.56592064 0.50133031 0.44411187 0.39342396
 0.34852122 0.30874337 0.2735055  0.24228944 0.21463617 0.19013905
 0.16843787 0.14921352 0.1321833  0.1170968  0.10373216 0.09189288
 0.08140485 0.07211385]
Running run_tstar_varlasso over 20 rho values, extending until FPR >= 0.3...
  rho=0.72114 (1/20)
    fp=0.0014 tp=0.0108  [0.2s]
   nu  = 3.0000
  rho=0.63883 (2/20)
    fp=0.0027 tp=0.0108  [0.1s]
   nu  = 3.0000
  rho=0.56592 (3/20)
    fp=0.0062 tp=0.0215  [0.1s]
   nu  = 3.0000
  rho=0.50133 (4/20)
    fp=0.0107 tp=0.0323  [0.1s]
   nu  = 3.0000
  rho=0.44411 (5/20)
    fp=0.0159 tp=0.0430  [0.1s]
   nu  = 3.0000
  rho=0.39342 (6/20)
    fp=0.0247 tp=0.0860  [0.1s]
   nu  = 3.0000
  rho=0.34852 (7/20)
    fp=0.0344 tp=0.1398  [0.1s]
   nu  = 3.0000
  rho=0.30874 (8/20)
    fp=0.0449 tp=0.1720  [0.1s]
   nu  = 3.0000
  rho=0.27351 (9/20)
    fp=0.0593 tp=0.2151  [0.1s]
   nu  = 3.0000
  rho=0.24229 (10/20)
    fp=0.0758 tp=0.2688  [0.1s]
   nu  = 3.0000
  rho=0.21464 (11/20)
    fp=0.0947 tp=0.2903  [0.1s]
   nu  = 3.0000
  rho=0.19014 (12/20)
    fp=0.1176 tp=0.3548  [0.2s]
   nu  = 3.0000
  rho=0.16844 (13/20)
    fp=0.1414 tp=0.3656  [0.2s]
   nu  = 3.0000
  rho=0.14921 (14/20)
    fp=0.1674 tp=0.4086  [0.2s]
   nu  = 3.0000
  rho=0.13218 (15/20)
    fp=0.1915 tp=0.5054  [0.2s]
   nu  = 3.0000
  rho=0.11710 (16/20)
    fp=0.2170 tp=0.5161  [0.2s]
   nu  = 3.0000
  rho=0.10373 (17/20)
    fp=0.2384 tp=0.5484  [0.2s]
   nu  = 3.0000
  rho=0.09189 (18/20)
    fp=0.2639 tp=0.5591  [0.2s]
   nu  = 3.0000
  rho=0.08140 (19/20)
    fp=0.2887 tp=0.5806  [0.2s]
   nu  = 3.0000
  rho=0.07211 (20/20)
    fp=0.3117 tp=0.6344  [0.3s]
   nu  = 3.0000
  FPR 0.3117 >= fp_end=0.3; stopping after 20 fits
  pilot fit of run_em_diagonal at rho=0.30349
  -> rho_max = max|S_ij| (off-diag) = 0.55902
  rho grid: [0.55901747 0.49521501 0.43869454 0.38862492 0.34426991 0.30497728
 0.27016924 0.23933396 0.21201801 0.18781971 0.16638325 0.14739339
 0.13057091 0.11566843 0.10246682 0.09077196 0.08041186 0.0712342
 0.06310401 0.05590175]
Running run_em_diagonal over 20 rho values, extending until FPR >= 0.3...
  rho=0.55902 (1/20)
    fp=0.0002 tp=0.0108  [10.8s]
   median nu  = 0.561
   median |eta| = 1.183
  rho=0.49522 (2/20)
    fp=0.0006 tp=0.0215  [10.5s]
   median nu  = 0.592
   median |eta| = 1.13
  rho=0.43869 (3/20)
    fp=0.0014 tp=0.0323  [10.4s]
   median nu  = 0.633
   median |eta| = 1.08
  rho=0.38862 (4/20)
    fp=0.0025 tp=0.0323  [10.5s]
   median nu  = 0.669
   median |eta| = 1.017
  rho=0.34427 (5/20)
    fp=0.0051 tp=0.0323  [10.4s]
   median nu  = 0.689
   median |eta| = 0.973
  rho=0.30498 (6/20)
    fp=0.0082 tp=0.0430  [10.5s]
   median nu  = 0.709
   median |eta| = 0.967
  rho=0.27017 (7/20)
    fp=0.0132 tp=0.0860  [10.4s]
   median nu  = 0.729
   median |eta| = 0.968
  rho=0.23933 (8/20)
    fp=0.0191 tp=0.1720  [10.4s]
   median nu  = 0.743
   median |eta| = 0.971
  rho=0.21202 (9/20)
    fp=0.0270 tp=0.2151  [10.5s]
   median nu  = 0.76
   median |eta| = 0.956
  rho=0.18782 (10/20)
    fp=0.0406 tp=0.2796  [10.5s]
   median nu  = 0.784
   median |eta| = 0.921
  rho=0.16638 (11/20)
    fp=0.0541 tp=0.3333  [10.7s]
   median nu  = 0.799
   median |eta| = 0.865
  rho=0.14739 (12/20)
    fp=0.0706 tp=0.3441  [10.7s]
   median nu  = 0.806
   median |eta| = 0.899
  rho=0.13057 (13/20)
    fp=0.0924 tp=0.3871  [11.2s]
   median nu  = 0.818
   median |eta| = 0.893
  rho=0.11567 (14/20)
    fp=0.1122 tp=0.4194  [10.8s]
   median nu  = 0.814
   median |eta| = 0.89
  rho=0.10247 (15/20)
    fp=0.1264 tp=0.4409  [10.6s]
   median nu  = 0.812
   median |eta| = 0.907
  rho=0.09077 (16/20)
    fp=0.1419 tp=0.4946  [10.6s]
   median nu  = 0.827
   median |eta| = 0.908
  rho=0.08041 (17/20)
    fp=0.1598 tp=0.5269  [10.6s]
   median nu  = 0.821
   median |eta| = 0.916
  rho=0.07123 (18/20)
    fp=0.1744 tp=0.5699  [10.6s]
   median nu  = 0.811
   median |eta| = 0.924
  rho=0.06310 (19/20)
    fp=0.1904 tp=0.6129  [10.6s]
   median nu  = 0.805
   median |eta| = 0.981
  rho=0.05590 (20/20)
    fp=0.2065 tp=0.6344  [10.7s]
   median nu  = 0.793
   median |eta| = 1.017
  rho=0.04952 (21/21)  [extra 1/50]
    fp=0.2219 tp=0.6452  [10.5s]
   median nu  = 0.816
   median |eta| = 1.044
  rho=0.04387 (22/22)  [extra 2/50]
    fp=0.2376 tp=0.6774  [10.4s]
   median nu  = 0.779
   median |eta| = 1.106
  rho=0.03886 (23/23)  [extra 3/50]
    fp=0.2563 tp=0.6774  [10.5s]
   median nu  = 0.84
   median |eta| = 1.096
  rho=0.03443 (24/24)  [extra 4/50]
    fp=0.2681 tp=0.6774  [10.5s]
   median nu  = 0.864
   median |eta| = 1.063
  rho=0.03050 (25/25)  [extra 5/50]
    fp=0.2823 tp=0.6667  [10.5s]
   median nu  = 0.853
   median |eta| = 1.092
  rho=0.02702 (26/26)  [extra 6/50]
    fp=0.2913 tp=0.6882  [10.7s]
   median nu  = 0.913
   median |eta| = 0.956
  rho=0.02393 (27/27)  [extra 7/50]
    fp=0.3027 tp=0.6989  [10.1s]
   median nu  = 0.958
   median |eta| = 1.154
  FPR 0.3027 >= fp_end=0.3; stopping after 27 fits
  grid extended by 7 points down to rho=0.02393, ending at FPR 0.3027
  pilot fit of run_em_exact at rho=0.30349
  -> rho_max = max|S_ij| (off-diag) = 0.58943
  rho grid: [0.58943313 0.52215923 0.46256352 0.40976966 0.36300134 0.32157083
 0.28486892 0.25235591 0.22355372 0.19803882 0.17543601 0.15541294
 0.13767516 0.12196185 0.10804196 0.09571078 0.084787   0.07510999
 0.06653744 0.05894331]
Running run_em_exact over 20 rho values, extending until FPR >= 0.3...
  rho=0.58943 (1/20)
    fp=0.0000 tp=0.0108  [10.0s]
   median nu  = 0.551
   median |eta| = 1.164
  rho=0.52216 (2/20)
    fp=0.0006 tp=0.0108  [10.0s]
   median nu  = 0.574
   median |eta| = 1.151
  rho=0.46256 (3/20)
    fp=0.0012 tp=0.0215  [9.9s]
   median nu  = 0.615
   median |eta| = 1.104
  rho=0.40977 (4/20)
    fp=0.0023 tp=0.0323  [10.1s]
   median nu  = 0.655
   median |eta| = 1.036
  rho=0.36300 (5/20)
    fp=0.0039 tp=0.0323  [10.0s]
   median nu  = 0.695
   median |eta| = 0.989
  rho=0.32157 (6/20)
    fp=0.0070 tp=0.0323  [10.3s]
   median nu  = 0.732
   median |eta| = 0.912
  rho=0.28487 (7/20)
    fp=0.0124 tp=0.0753  [10.6s]
   median nu  = 0.748
   median |eta| = 0.865
  rho=0.25236 (8/20)
    fp=0.0181 tp=0.1398  [10.2s]
   median nu  = 0.78
   median |eta| = 0.795
  rho=0.22355 (9/20)
    fp=0.0274 tp=0.2151  [10.0s]
   median nu  = 0.805
   median |eta| = 0.733
  rho=0.19804 (10/20)
    fp=0.0420 tp=0.2796  [10.0s]
   median nu  = 0.856
   median |eta| = 0.634
  rho=0.17544 (11/20)
    fp=0.0595 tp=0.3226  [9.7s]
   median nu  = 0.913
   median |eta| = 0.542
  rho=0.15541 (12/20)
    fp=0.0756 tp=0.3548  [9.3s]
   median nu  = 0.97
   median |eta| = 0.433
  rho=0.13768 (13/20)
    fp=0.1019 tp=0.3978  [9.0s]
   median nu  = 1.083
   median |eta| = 0.362
  rho=0.12196 (14/20)
    fp=0.1256 tp=0.4301  [8.7s]
   median nu  = 1.196
   median |eta| = 0.282
  rho=0.10804 (15/20)
    fp=0.1476 tp=0.5161  [9.5s]
   median nu  = 1.29
   median |eta| = 0.224
  rho=0.09571 (16/20)
    fp=0.1734 tp=0.5591  [9.4s]
   median nu  = 1.395
   median |eta| = 0.174
  rho=0.08479 (17/20)
    fp=0.1944 tp=0.5914  [9.3s]
   median nu  = 1.506
   median |eta| = 0.133
  rho=0.07511 (18/20)
    fp=0.2184 tp=0.6237  [9.1s]
   median nu  = 1.623
   median |eta| = 0.108
  rho=0.06654 (19/20)
    fp=0.2405 tp=0.6559  [9.1s]
   median nu  = 1.756
   median |eta| = 0.083
  rho=0.05894 (20/20)
    fp=0.2586 tp=0.6559  [8.7s]
   median nu  = 1.86
   median |eta| = 0.066
  rho=0.05222 (21/21)  [extra 1/50]
    fp=0.2761 tp=0.6559  [8.6s]
   median nu  = 1.971
   median |eta| = 0.044
  rho=0.04626 (22/22)  [extra 2/50]
    fp=0.2926 tp=0.6774  [8.5s]
   median nu  = 2.079
   median |eta| = 0.032
  rho=0.04098 (23/23)  [extra 3/50]
    fp=0.3086 tp=0.6882  [8.5s]
   median nu  = 2.198
   median |eta| = 0.023
  FPR 0.3086 >= fp_end=0.3; stopping after 23 fits
  grid extended by 3 points down to rho=0.04098, ending at FPR 0.3086
  graphical_lasso rho_max = max|S_ij| (off-diag) = 353.94231
  rho grid: [353.94230678 313.54573529 277.75975417 246.05814193 217.97473645
 193.09658017 171.05784771 151.53446653 134.2393515  118.91818346
 105.3456695   93.32223013  82.67106448  73.23555055  64.87694211
  57.47232848  50.91282716  45.10198279  39.95434874  35.39423068]
Running graphical_lasso over 20 rho values, extending until FPR >= 0.3...
  rho=353.94231 (1/20)
    fp=0.0002 tp=0.0000  [0.0s]
  rho=313.54574 (2/20)
    fp=0.0004 tp=0.0000  [0.0s]
  rho=277.75975 (3/20)
    fp=0.0004 tp=0.0000  [8.7s]
  rho=246.05814 (4/20)
    fp=0.0004 tp=0.0000  [8.5s]
  rho=217.97474 (5/20)
    fp=0.0004 tp=0.0000  [8.5s]
  rho=193.09658 (6/20)
    fp=0.0002 tp=0.0000  [0.0s]
  rho=171.05785 (7/20)
    fp=0.0002 tp=0.0000  [0.0s]
  rho=151.53447 (8/20)
    fp=0.0002 tp=0.0000  [0.0s]
  rho=134.23935 (9/20)
    fp=0.0004 tp=0.0000  [0.0s]
  rho=118.91818 (10/20)
    fp=0.0008 tp=0.0000  [0.0s]
  rho=105.34567 (11/20)
    fp=0.0008 tp=0.0000  [0.0s]
  rho=93.32223 (12/20)
    fp=0.0010 tp=0.0000  [0.0s]
  rho=82.67106 (13/20)
    fp=0.0012 tp=0.0000  [0.0s]
  rho=73.23555 (14/20)
    fp=0.0012 tp=0.0000  [0.0s]
  rho=64.87694 (15/20)
    fp=0.0016 tp=0.0000  [0.0s]
  rho=57.47233 (16/20)
    fp=0.0025 tp=0.0000  [2.9s]
  rho=50.91283 (17/20)
    fp=0.0029 tp=0.0000  [0.0s]
  rho=45.10198 (18/20)
    fp=0.0039 tp=0.0000  [0.0s]
  rho=39.95435 (19/20)
    fp=0.0045 tp=0.0108  [0.0s]
  rho=35.39423 (20/20)
    fp=0.0060 tp=0.0108  [0.0s]
  rho=31.35457 (21/21)  [extra 1/50]
    fp=0.0066 tp=0.0108  [0.0s]
  rho=27.77598 (22/22)  [extra 2/50]
    fp=0.0076 tp=0.0108  [0.0s]
  rho=24.60581 (23/23)  [extra 3/50]
    fp=0.0091 tp=0.0108  [0.0s]
  rho=21.79747 (24/24)  [extra 4/50]
    fp=0.0107 tp=0.0108  [0.0s]
  rho=19.30966 (25/25)  [extra 5/50]
    fp=0.0117 tp=0.0108  [0.0s]
  rho=17.10578 (26/26)  [extra 6/50]
    fp=0.0128 tp=0.0215  [0.0s]
  rho=15.15345 (27/27)  [extra 7/50]
    fp=0.0136 tp=0.0215  [0.0s]
  rho=13.42394 (28/28)  [extra 8/50]
    fp=0.0148 tp=0.0215  [8.5s]
  rho=11.89182 (29/29)  [extra 9/50]
    fp=0.0161 tp=0.0215  [8.7s]
  rho=10.53457 (30/30)  [extra 10/50]
    fp=0.0175 tp=0.0215  [0.0s]
  rho=9.33222 (31/31)  [extra 11/50]
    fp=0.0191 tp=0.0323  [0.0s]
  rho=8.26711 (32/32)  [extra 12/50]
    fp=0.0208 tp=0.0323  [0.0s]
  rho=7.32356 (33/33)  [extra 13/50]
    fp=0.0226 tp=0.0323  [0.0s]
  rho=6.48769 (34/34)  [extra 14/50]
    fp=0.0237 tp=0.0323  [8.7s]
  rho=5.74723 (35/35)  [extra 15/50]
    fp=0.0264 tp=0.0323  [8.7s]
  rho=5.09128 (36/36)  [extra 16/50]
    fp=0.0290 tp=0.0323  [0.0s]
  rho=4.51020 (37/37)  [extra 17/50]
    fp=0.0321 tp=0.0323  [8.9s]
  rho=3.99543 (38/38)  [extra 18/50]
    fp=0.0354 tp=0.0323  [8.9s]
  rho=3.53942 (39/39)  [extra 19/50]
    fp=0.0404 tp=0.0323  [0.0s]
  rho=3.13546 (40/40)  [extra 20/50]
    fp=0.0457 tp=0.0430  [0.0s]
  rho=2.77760 (41/41)  [extra 21/50]
    fp=0.0525 tp=0.0538  [0.0s]
  rho=2.46058 (42/42)  [extra 22/50]
    fp=0.0587 tp=0.0538  [0.0s]
  rho=2.17975 (43/43)  [extra 23/50]
    fp=0.0657 tp=0.0538  [0.0s]
  rho=1.93097 (44/44)  [extra 24/50]
    fp=0.0762 tp=0.0753  [0.0s]
  rho=1.71058 (45/45)  [extra 25/50]
    fp=0.0881 tp=0.0860  [0.1s]
  rho=1.51534 (46/46)  [extra 26/50]
    fp=0.0988 tp=0.0860  [0.0s]
  rho=1.34239 (47/47)  [extra 27/50]
    fp=0.1120 tp=0.0860  [0.0s]
  rho=1.18918 (48/48)  [extra 28/50]
    fp=0.1248 tp=0.1183  [0.3s]
  rho=1.05346 (49/49)  [extra 29/50]
    fp=0.1425 tp=0.1290  [0.1s]
  rho=0.93322 (50/50)  [extra 30/50]
    fp=0.1592 tp=0.1505  [0.0s]
  rho=0.82671 (51/51)  [extra 31/50]
    fp=0.1779 tp=0.1505  [0.0s]
  rho=0.73236 (52/52)  [extra 32/50]
    fp=0.1968 tp=0.2151  [0.0s]
  rho=0.64877 (53/53)  [extra 33/50]
    fp=0.2184 tp=0.2258  [0.2s]
  rho=0.57472 (54/54)  [extra 34/50]
    fp=0.2409 tp=0.2366  [0.1s]
  rho=0.50913 (55/55)  [extra 35/50]
    fp=0.2639 tp=0.2688  [0.3s]
  rho=0.45102 (56/56)  [extra 36/50]
    fp=0.2870 tp=0.3333  [0.2s]
  rho=0.39954 (57/57)  [extra 37/50]
    fp=0.3090 tp=0.3763  [0.1s]
  FPR 0.3090 >= fp_end=0.3; stopping after 57 fits
  [note] 9/57 fits hit a glasso ConvergenceWarning (suppressed)
  grid extended by 37 points down to rho=0.39954, ending at FPR 0.3090
  [warn] mean_roc averages out to FPR 0.300 but the shortest replicate only reached 0.253; its TPR is held flat above that
  [warn] mean_roc averages out to FPR 0.300 but the shortest replicate only reached 0.208; its TPR is held flat above that

(p=100, n=50) over 15 replicates
  t+lasso  (run_em_diagonal):    AUC = 0.140 (SE 0.003)
  ~t+lasso (run_em_exact):       AUC = 0.133 (SE 0.003)
  tlasso   (run_tlasso):         AUC = 0.050 (SE 0.002)
  t*lasso  (run_tstar_varlasso): AUC = 0.111 (SE 0.003)
  glasso   (graphical_lasso):    AUC = 0.050 (SE 0.002)
Replicate 16/50
  Theta: 110/4950 edges
  pilot fit of run_tlasso at rho=30.34854
  -> rho_max = max|S_ij| (off-diag) = 5168.92868
  rho grid: [5168.92867518 4578.98225534 4056.36831388 3593.40197894 3183.27547774
 2819.95803045 2498.10716953 2212.99018037 1960.41450829 1736.66610834
 1538.45483141 1362.86604369 1207.31776788 1069.52271604  947.45465573
  839.31861493  743.52448754  658.66365137  583.4882548   516.89286752]
Running run_tlasso over 20 rho values, extending until FPR >= 0.3...
  rho=5168.92868 (1/20)
    fp=0.0004 tp=0.0000  [0.2s]
   nu  = 3.0000
  rho=4578.98226 (2/20)
    fp=0.0004 tp=0.0000  [0.1s]
   nu  = 3.0000
  rho=4056.36831 (3/20)
    fp=0.0004 tp=0.0000  [0.1s]
   nu  = 3.0000
  rho=3593.40198 (4/20)
    fp=0.0004 tp=0.0000  [0.1s]
   nu  = 3.0000
  rho=3183.27548 (5/20)
    fp=0.0004 tp=0.0000  [0.1s]
   nu  = 3.0000
  rho=2819.95803 (6/20)
    fp=0.0004 tp=0.0000  [0.1s]
   nu  = 3.0000
  rho=2498.10717 (7/20)
    fp=0.0006 tp=0.0000  [0.1s]
   nu  = 3.0000
  rho=2212.99018 (8/20)
    fp=0.0006 tp=0.0000  [0.1s]
   nu  = 3.0000
  rho=1960.41451 (9/20)
    fp=0.0006 tp=0.0000  [0.1s]
   nu  = 3.0000
  rho=1736.66611 (10/20)
    fp=0.0008 tp=0.0000  [0.1s]
   nu  = 3.0000
  rho=1538.45483 (11/20)
    fp=0.0010 tp=0.0000  [0.1s]
   nu  = 3.0000
  rho=1362.86604 (12/20)
    fp=0.0017 tp=0.0000  [0.1s]
   nu  = 3.0000
  rho=1207.31777 (13/20)
    fp=0.0021 tp=0.0000  [0.1s]
   nu  = 3.0000
  rho=1069.52272 (14/20)
    fp=0.0025 tp=0.0000  [0.1s]
   nu  = 3.0000
  rho=947.45466 (15/20)
    fp=0.0029 tp=0.0000  [0.1s]
   nu  = 3.0000
  rho=839.31861 (16/20)
    fp=0.0035 tp=0.0000  [0.1s]
   nu  = 3.0000
  rho=743.52449 (17/20)
    fp=0.0037 tp=0.0000  [0.1s]
   nu  = 3.0000
  rho=658.66365 (18/20)
    fp=0.0048 tp=0.0000  [0.1s]
   nu  = 3.0000
  rho=583.48825 (19/20)
    fp=0.0062 tp=0.0000  [0.1s]
   nu  = 3.0000
  rho=516.89287 (20/20)
    fp=0.0085 tp=0.0000  [0.1s]
   nu  = 3.0000
  rho=457.89823 (21/21)  [extra 1/50]
    fp=0.0101 tp=0.0000  [0.1s]
   nu  = 3.0000
  rho=405.63683 (22/22)  [extra 2/50]
    fp=0.0130 tp=0.0000  [0.2s]
   nu  = 3.0000
  rho=359.34020 (23/23)  [extra 3/50]
    fp=0.0143 tp=0.0000  [0.1s]
   nu  = 3.0000
  rho=318.32755 (24/24)  [extra 4/50]
    fp=0.0161 tp=0.0000  [0.1s]
   nu  = 3.0000
  rho=281.99580 (25/25)  [extra 5/50]
    fp=0.0180 tp=0.0000  [0.1s]
   nu  = 3.0000
  rho=249.81072 (26/26)  [extra 6/50]
    fp=0.0211 tp=0.0000  [0.1s]
   nu  = 3.0000
  rho=221.29902 (27/27)  [extra 7/50]
    fp=0.0240 tp=0.0091  [0.1s]
   nu  = 3.0000
  rho=196.04145 (28/28)  [extra 8/50]
    fp=0.0264 tp=0.0091  [0.1s]
   nu  = 3.0000
  rho=173.66661 (29/29)  [extra 9/50]
    fp=0.0308 tp=0.0091  [0.1s]
   nu  = 3.0000
  rho=153.84548 (30/30)  [extra 10/50]
    fp=0.0341 tp=0.0182  [0.1s]
   nu  = 3.0000
  rho=136.28660 (31/31)  [extra 11/50]
    fp=0.0374 tp=0.0182  [0.1s]
   nu  = 3.0000
  rho=120.73178 (32/32)  [extra 12/50]
    fp=0.0405 tp=0.0455  [0.1s]
   nu  = 3.0000
  rho=106.95227 (33/33)  [extra 13/50]
    fp=0.0450 tp=0.0455  [0.1s]
   nu  = 3.0000
  rho=94.74547 (34/34)  [extra 14/50]
    fp=0.0508 tp=0.0545  [0.1s]
   nu  = 3.0000
  rho=83.93186 (35/35)  [extra 15/50]
    fp=0.0570 tp=0.0636  [0.1s]
   nu  = 3.0000
  rho=74.35245 (36/36)  [extra 16/50]
    fp=0.0618 tp=0.0727  [0.1s]
   nu  = 3.0000
  rho=65.86637 (37/37)  [extra 17/50]
    fp=0.0705 tp=0.0818  [0.1s]
   nu  = 3.0000
  rho=58.34883 (38/38)  [extra 18/50]
    fp=0.0764 tp=0.0909  [0.2s]
   nu  = 3.0000
  rho=51.68929 (39/39)  [extra 19/50]
    fp=0.0845 tp=0.1000  [0.2s]
   nu  = 3.0000
  rho=45.78982 (40/40)  [extra 20/50]
    fp=0.0926 tp=0.1000  [0.2s]
   nu  = 3.0000
  rho=40.56368 (41/41)  [extra 21/50]
    fp=0.1019 tp=0.1273  [0.2s]
   nu  = 3.0000
  rho=35.93402 (42/42)  [extra 22/50]
    fp=0.1110 tp=0.1455  [0.2s]
   nu  = 3.0000
  rho=31.83275 (43/43)  [extra 23/50]
    fp=0.1202 tp=0.1364  [0.2s]
   nu  = 3.0000
  rho=28.19958 (44/44)  [extra 24/50]
    fp=0.1281 tp=0.1364  [0.2s]
   nu  = 3.0000
  rho=24.98107 (45/45)  [extra 25/50]
    fp=0.1374 tp=0.1636  [0.2s]
   nu  = 3.0000
  rho=22.12990 (46/46)  [extra 26/50]
    fp=0.1479 tp=0.1818  [0.2s]
   nu  = 3.0000
  rho=19.60415 (47/47)  [extra 27/50]
    fp=0.1570 tp=0.2000  [0.2s]
   nu  = 3.0000
  rho=17.36666 (48/48)  [extra 28/50]
    fp=0.1684 tp=0.2000  [0.5s]
   nu  = 3.0000
  rho=15.38455 (49/49)  [extra 29/50]
    fp=0.1773 tp=0.1909  [0.3s]
   nu  = 3.0000
  rho=13.62866 (50/50)  [extra 30/50]
    fp=0.1890 tp=0.2000  [0.3s]
   nu  = 3.0000
  rho=12.07318 (51/51)  [extra 31/50]
    fp=0.1988 tp=0.2091  [0.7s]
   nu  = 3.0000
  rho=10.69523 (52/52)  [extra 32/50]
    fp=0.2095 tp=0.2273  [0.7s]
   nu  = 3.0000
  rho=9.47455 (53/53)  [extra 33/50]
    fp=0.2229 tp=0.2455  [0.5s]
   nu  = 3.0000
  rho=8.39319 (54/54)  [extra 34/50]
    fp=0.2345 tp=0.2636  [0.9s]
   nu  = 3.0000
  rho=7.43524 (55/55)  [extra 35/50]
    fp=0.2475 tp=0.2727  [1.3s]
   nu  = 3.0000
  rho=6.58664 (56/56)  [extra 36/50]
    fp=0.2657 tp=0.2909  [0.6s]
   nu  = 3.0000
  rho=5.83488 (57/57)  [extra 37/50]
    fp=0.2837 tp=0.3091  [0.6s]
   nu  = 3.0000
  rho=5.16893 (58/58)  [extra 38/50]
    fp=0.3045 tp=0.3182  [0.7s]
   nu  = 3.0000
  FPR 0.3045 >= fp_end=0.3; stopping after 58 fits
  [note] 9/58 fits hit a glasso ConvergenceWarning (suppressed)
  grid extended by 38 points down to rho=5.16893, ending at FPR 0.3045
  pilot fit of run_tstar_varlasso at rho=0.30349
  -> rho_max = max|S_ij| (off-diag) = 0.97624
  rho grid: [0.97623606 0.8648151  0.76611098 0.67867227 0.60121323 0.53259483
 0.47180808 0.41795911 0.37025609 0.32799758 0.29056216 0.25739937
 0.22802155 0.20199672 0.17894219 0.15851894 0.14042666 0.12439932
 0.11020123 0.09762361]
Running run_tstar_varlasso over 20 rho values, extending until FPR >= 0.3...
  rho=0.97624 (1/20)
    fp=0.0006 tp=0.0091  [0.2s]
   nu  = 3.0000
  rho=0.86482 (2/20)
    fp=0.0012 tp=0.0182  [0.1s]
   nu  = 3.0000
  rho=0.76611 (3/20)
    fp=0.0025 tp=0.0182  [0.1s]
   nu  = 3.0000
  rho=0.67867 (4/20)
    fp=0.0033 tp=0.0273  [0.1s]
   nu  = 3.0000
  rho=0.60121 (5/20)
    fp=0.0041 tp=0.0273  [0.1s]
   nu  = 3.0000
  rho=0.53259 (6/20)
    fp=0.0085 tp=0.0273  [0.1s]
   nu  = 3.0000
  rho=0.47181 (7/20)
    fp=0.0122 tp=0.0364  [0.1s]
   nu  = 3.0000
  rho=0.41796 (8/20)
    fp=0.0171 tp=0.0455  [0.1s]
   nu  = 3.0000
  rho=0.37026 (9/20)
    fp=0.0248 tp=0.0636  [0.1s]
   nu  = 3.0000
  rho=0.32800 (10/20)
    fp=0.0312 tp=0.1000  [0.1s]
   nu  = 3.0000
  rho=0.29056 (11/20)
    fp=0.0461 tp=0.1273  [0.1s]
   nu  = 3.0000
  rho=0.25740 (12/20)
    fp=0.0603 tp=0.1455  [0.1s]
   nu  = 3.0000
  rho=0.22802 (13/20)
    fp=0.0783 tp=0.2182  [0.1s]
   nu  = 3.0000
  rho=0.20200 (14/20)
    fp=0.0981 tp=0.2182  [0.2s]
   nu  = 3.0000
  rho=0.17894 (15/20)
    fp=0.1190 tp=0.2545  [0.2s]
   nu  = 3.0000
  rho=0.15852 (16/20)
    fp=0.1448 tp=0.2818  [0.2s]
   nu  = 3.0000
  rho=0.14043 (17/20)
    fp=0.1663 tp=0.3364  [0.2s]
   nu  = 3.0000
  rho=0.12440 (18/20)
    fp=0.1919 tp=0.3636  [0.2s]
   nu  = 3.0000
  rho=0.11020 (19/20)
    fp=0.2192 tp=0.3909  [0.2s]
   nu  = 3.0000
  rho=0.09762 (20/20)
    fp=0.2432 tp=0.4273  [0.3s]
   nu  = 3.0000
  rho=0.08648 (21/21)  [extra 1/50]
    fp=0.2715 tp=0.4727  [0.3s]
   nu  = 3.0000
  rho=0.07661 (22/22)  [extra 2/50]
    fp=0.3002 tp=0.5182  [0.3s]
   nu  = 3.0000
  FPR 0.3002 >= fp_end=0.3; stopping after 22 fits
  grid extended by 2 points down to rho=0.07661, ending at FPR 0.3002
  pilot fit of run_em_diagonal at rho=0.30349
  -> rho_max = max|S_ij| (off-diag) = 0.45824
  rho grid: [0.45823992 0.40593953 0.35960835 0.31856509 0.28220623 0.24999713
 0.22146416 0.19618774 0.1737962  0.15396029 0.1363883  0.12082187
 0.10703208 0.09481617 0.08399449 0.07440793 0.06591552 0.05839237
 0.05172786 0.04582399]
Running run_em_diagonal over 20 rho values, extending until FPR >= 0.3...
  rho=0.45824 (1/20)
    fp=0.0010 tp=0.0000  [10.7s]
   median nu  = 0.518
   median |eta| = 1.464
  rho=0.40594 (2/20)
    fp=0.0017 tp=0.0091  [10.7s]
   median nu  = 0.534
   median |eta| = 1.37
  rho=0.35961 (3/20)
    fp=0.0029 tp=0.0273  [10.5s]
   median nu  = 0.549
   median |eta| = 1.301
  rho=0.31857 (4/20)
    fp=0.0048 tp=0.0455  [10.7s]
   median nu  = 0.563
   median |eta| = 1.233
  rho=0.28221 (5/20)
    fp=0.0093 tp=0.0455  [10.6s]
   median nu  = 0.576
   median |eta| = 1.2
  rho=0.25000 (6/20)
    fp=0.0138 tp=0.0455  [10.5s]
   median nu  = 0.589
   median |eta| = 1.173
  rho=0.22146 (7/20)
    fp=0.0180 tp=0.0818  [10.6s]
   median nu  = 0.602
   median |eta| = 1.182
  rho=0.19619 (8/20)
    fp=0.0258 tp=0.1091  [10.7s]
   median nu  = 0.616
   median |eta| = 1.161
  rho=0.17380 (9/20)
    fp=0.0401 tp=0.1455  [10.8s]
   median nu  = 0.63
   median |eta| = 1.121
  rho=0.15396 (10/20)
    fp=0.0531 tp=0.2091  [11.0s]
   median nu  = 0.657
   median |eta| = 1.04
  rho=0.13639 (11/20)
    fp=0.0711 tp=0.2545  [10.9s]
   median nu  = 0.698
   median |eta| = 0.997
  rho=0.12082 (12/20)
    fp=0.0890 tp=0.3364  [10.6s]
   median nu  = 0.711
   median |eta| = 0.999
  rho=0.10703 (13/20)
    fp=0.1081 tp=0.3727  [10.6s]
   median nu  = 0.714
   median |eta| = 1.011
  rho=0.09482 (14/20)
    fp=0.1283 tp=0.3909  [10.6s]
   median nu  = 0.713
   median |eta| = 1.022
  rho=0.08399 (15/20)
    fp=0.1481 tp=0.4273  [10.5s]
   median nu  = 0.723
   median |eta| = 0.951
  rho=0.07441 (16/20)
    fp=0.1669 tp=0.4364  [10.3s]
   median nu  = 0.735
   median |eta| = 0.967
  rho=0.06592 (17/20)
    fp=0.1866 tp=0.4727  [10.1s]
   median nu  = 0.747
   median |eta| = 0.934
  rho=0.05839 (18/20)
    fp=0.2056 tp=0.5000  [10.2s]
   median nu  = 0.732
   median |eta| = 0.879
  rho=0.05173 (19/20)
    fp=0.2258 tp=0.5545  [10.6s]
   median nu  = 0.73
   median |eta| = 0.806
  rho=0.04582 (20/20)
    fp=0.2415 tp=0.5636  [10.6s]
   median nu  = 0.728
   median |eta| = 0.804
  rho=0.04059 (21/21)  [extra 1/50]
    fp=0.2568 tp=0.5636  [10.4s]
   median nu  = 0.793
   median |eta| = 0.798
  rho=0.03596 (22/22)  [extra 2/50]
    fp=0.2696 tp=0.6000  [10.3s]
   median nu  = 0.785
   median |eta| = 0.762
  rho=0.03186 (23/23)  [extra 3/50]
    fp=0.2857 tp=0.6182  [10.6s]
   median nu  = 0.871
   median |eta| = 0.732
  rho=0.02822 (24/24)  [extra 4/50]
    fp=0.2973 tp=0.6273  [10.0s]
   median nu  = 0.91
   median |eta| = 0.767
  rho=0.02500 (25/25)  [extra 5/50]
    fp=0.3103 tp=0.6364  [9.9s]
   median nu  = 0.925
   median |eta| = 0.704
  FPR 0.3103 >= fp_end=0.3; stopping after 25 fits
  grid extended by 5 points down to rho=0.02500, ending at FPR 0.3103
  pilot fit of run_em_exact at rho=0.30349
  -> rho_max = max|S_ij| (off-diag) = 0.45721
  rho grid: [0.45720531 0.405023   0.35879642 0.31784583 0.28156907 0.24943269
 0.22096413 0.19574479 0.17340381 0.15361267 0.13608037 0.12054908
 0.10679042 0.09460209 0.08380485 0.07423993 0.06576669 0.05826053
 0.05161107 0.04572053]
Running run_em_exact over 20 rho values, extending until FPR >= 0.3...
  rho=0.45721 (1/20)
    fp=0.0010 tp=0.0000  [10.3s]
   median nu  = 0.518
   median |eta| = 1.42
  rho=0.40502 (2/20)
    fp=0.0019 tp=0.0091  [10.2s]
   median nu  = 0.534
   median |eta| = 1.369
  rho=0.35880 (3/20)
    fp=0.0033 tp=0.0273  [10.2s]
   median nu  = 0.552
   median |eta| = 1.289
  rho=0.31785 (4/20)
    fp=0.0050 tp=0.0455  [10.3s]
   median nu  = 0.575
   median |eta| = 1.177
  rho=0.28157 (5/20)
    fp=0.0099 tp=0.0455  [10.4s]
   median nu  = 0.601
   median |eta| = 1.081
  rho=0.24943 (6/20)
    fp=0.0151 tp=0.0545  [10.5s]
   median nu  = 0.636
   median |eta| = 0.99
  rho=0.22096 (7/20)
    fp=0.0198 tp=0.0818  [10.4s]
   median nu  = 0.699
   median |eta| = 0.864
  rho=0.19574 (8/20)
    fp=0.0322 tp=0.1273  [10.1s]
   median nu  = 0.738
   median |eta| = 0.758
  rho=0.17340 (9/20)
    fp=0.0502 tp=0.1909  [10.0s]
   median nu  = 0.778
   median |eta| = 0.668
  rho=0.15361 (10/20)
    fp=0.0663 tp=0.2091  [10.0s]
   median nu  = 0.817
   median |eta| = 0.527
  rho=0.13608 (11/20)
    fp=0.0893 tp=0.2727  [9.5s]
   median nu  = 0.887
   median |eta| = 0.441
  rho=0.12055 (12/20)
    fp=0.1136 tp=0.3364  [9.1s]
   median nu  = 0.994
   median |eta| = 0.387
  rho=0.10679 (13/20)
    fp=0.1407 tp=0.3909  [8.6s]
   median nu  = 1.109
   median |eta| = 0.265
  rho=0.09460 (14/20)
    fp=0.1705 tp=0.4364  [8.4s]
   median nu  = 1.213
   median |eta| = 0.212
  rho=0.08380 (15/20)
    fp=0.1942 tp=0.4727  [8.3s]
   median nu  = 1.298
   median |eta| = 0.162
  rho=0.07424 (16/20)
    fp=0.2140 tp=0.5000  [8.1s]
   median nu  = 1.381
   median |eta| = 0.125
  rho=0.06577 (17/20)
    fp=0.2364 tp=0.5182  [8.0s]
   median nu  = 1.486
   median |eta| = 0.098
  rho=0.05826 (18/20)
    fp=0.2581 tp=0.5364  [7.9s]
   median nu  = 1.619
   median |eta| = 0.076
  rho=0.05161 (19/20)
    fp=0.2738 tp=0.5727  [7.9s]
   median nu  = 1.735
   median |eta| = 0.055
  rho=0.04572 (20/20)
    fp=0.2955 tp=0.6000  [7.9s]
   median nu  = 1.843
   median |eta| = 0.044
  rho=0.04050 (21/21)  [extra 1/50]
    fp=0.3134 tp=0.6091  [7.5s]
   median nu  = 1.957
   median |eta| = 0.03
  FPR 0.3134 >= fp_end=0.3; stopping after 21 fits
  grid extended by 1 points down to rho=0.04050, ending at FPR 0.3134
  graphical_lasso rho_max = max|S_ij| (off-diag) = 316.12370
  rho grid: [316.12369571 280.04348369 248.08122207 219.76691596 194.68421248
 172.46427845 152.78037681 135.34306204 119.89592398 106.21181736
  94.08952175  83.35078264  73.8376903   65.41035771  57.94486365
  51.33143038  45.47280948  40.28285178  35.68524062  31.61236957]
Running graphical_lasso over 20 rho values, extending until FPR >= 0.3...
  rho=316.12370 (1/20)
    fp=0.0002 tp=0.0000  [0.0s]
  rho=280.04348 (2/20)
    fp=0.0006 tp=0.0000  [0.0s]
  rho=248.08122 (3/20)
    fp=0.0006 tp=0.0000  [8.5s]
  rho=219.76692 (4/20)
    fp=0.0008 tp=0.0000  [0.0s]
  rho=194.68421 (5/20)
    fp=0.0008 tp=0.0000  [0.0s]
  rho=172.46428 (6/20)
    fp=0.0008 tp=0.0000  [8.5s]
  rho=152.78038 (7/20)
    fp=0.0008 tp=0.0000  [8.4s]
  rho=135.34306 (8/20)
    fp=0.0008 tp=0.0000  [8.7s]
  rho=119.89592 (9/20)
    fp=0.0010 tp=0.0000  [8.5s]
  rho=106.21182 (10/20)
    fp=0.0012 tp=0.0000  [8.6s]
  rho=94.08952 (11/20)
    fp=0.0012 tp=0.0000  [8.6s]
  rho=83.35078 (12/20)
    fp=0.0019 tp=0.0000  [8.7s]
  rho=73.83769 (13/20)
    fp=0.0023 tp=0.0000  [8.7s]
  rho=65.41036 (14/20)
    fp=0.0025 tp=0.0000  [8.7s]
  rho=57.94486 (15/20)
    fp=0.0033 tp=0.0000  [0.2s]
  rho=51.33143 (16/20)
    fp=0.0039 tp=0.0000  [0.6s]
  rho=45.47281 (17/20)
    fp=0.0043 tp=0.0000  [0.1s]
  rho=40.28285 (18/20)
    fp=0.0052 tp=0.0000  [0.0s]
  rho=35.68524 (19/20)
    fp=0.0064 tp=0.0000  [0.0s]
  rho=31.61237 (20/20)
    fp=0.0083 tp=0.0000  [0.1s]
  rho=28.00435 (21/21)  [extra 1/50]
    fp=0.0095 tp=0.0000  [2.9s]
  rho=24.80812 (22/22)  [extra 2/50]
    fp=0.0120 tp=0.0000  [8.8s]
  rho=21.97669 (23/23)  [extra 3/50]
    fp=0.0134 tp=0.0000  [9.0s]
  rho=19.46842 (24/24)  [extra 4/50]
    fp=0.0151 tp=0.0000  [0.0s]
  rho=17.24643 (25/25)  [extra 5/50]
    fp=0.0171 tp=0.0000  [0.0s]
  rho=15.27804 (26/26)  [extra 6/50]
    fp=0.0200 tp=0.0000  [0.1s]
  rho=13.53431 (27/27)  [extra 7/50]
    fp=0.0240 tp=0.0000  [0.0s]
  rho=11.98959 (28/28)  [extra 8/50]
    fp=0.0260 tp=0.0000  [0.0s]
  rho=10.62118 (29/29)  [extra 9/50]
    fp=0.0312 tp=0.0091  [0.0s]
  rho=9.40895 (30/30)  [extra 10/50]
    fp=0.0341 tp=0.0091  [0.0s]
  rho=8.33508 (31/31)  [extra 11/50]
    fp=0.0380 tp=0.0182  [0.0s]
  rho=7.38377 (32/32)  [extra 12/50]
    fp=0.0407 tp=0.0273  [0.0s]
  rho=6.54104 (33/33)  [extra 13/50]
    fp=0.0455 tp=0.0455  [0.0s]
  rho=5.79449 (34/34)  [extra 14/50]
    fp=0.0508 tp=0.0636  [0.0s]
  rho=5.13314 (35/35)  [extra 15/50]
    fp=0.0581 tp=0.0636  [0.1s]
  rho=4.54728 (36/36)  [extra 16/50]
    fp=0.0655 tp=0.0636  [0.1s]
  rho=4.02829 (37/37)  [extra 17/50]
    fp=0.0736 tp=0.0909  [0.2s]
  rho=3.56852 (38/38)  [extra 18/50]
    fp=0.0787 tp=0.0909  [0.1s]
  rho=3.16124 (39/39)  [extra 19/50]
    fp=0.0886 tp=0.0909  [0.3s]
  rho=2.80043 (40/40)  [extra 20/50]
    fp=0.0983 tp=0.1182  [4.0s]
  rho=2.48081 (41/41)  [extra 21/50]
    fp=0.1052 tp=0.1273  [0.2s]
  rho=2.19767 (42/42)  [extra 22/50]
    fp=0.1151 tp=0.1364  [0.6s]
  rho=1.94684 (43/43)  [extra 23/50]
    [WARN] glasso failed: Non SPD result: the system is too ill-conditioned for this solver. The system is too ill-conditioned for this solver; reusing previous Theta
    fp=0.1151 tp=0.1364  [0.3s]
  rho=1.72464 (44/44)  [extra 24/50]
    fp=0.1347 tp=0.1545  [0.7s]
  rho=1.52780 (45/45)  [extra 25/50]
    fp=0.1444 tp=0.1818  [0.8s]
  rho=1.35343 (46/46)  [extra 26/50]
    fp=0.1591 tp=0.2000  [1.0s]
  rho=1.19896 (47/47)  [extra 27/50]
    fp=0.1688 tp=0.2000  [2.0s]
  rho=1.06212 (48/48)  [extra 28/50]
    fp=0.1818 tp=0.2091  [1.2s]
  rho=0.94090 (49/49)  [extra 29/50]
    fp=0.1928 tp=0.2091  [0.2s]
  rho=0.83351 (50/50)  [extra 30/50]
    fp=0.2060 tp=0.2182  [0.9s]
  rho=0.73838 (51/51)  [extra 31/50]
    [WARN] glasso failed: Non SPD result: the system is too ill-conditioned for this solver. The system is too ill-conditioned for this solver; reusing previous Theta
    fp=0.2060 tp=0.2182  [1.6s]
  rho=0.65410 (52/52)  [extra 32/50]
    fp=0.2384 tp=0.2636  [1.9s]
  rho=0.57945 (53/53)  [extra 33/50]
    fp=0.2612 tp=0.2818  [0.3s]
  rho=0.51331 (54/54)  [extra 34/50]
    fp=0.2781 tp=0.3091  [7.9s]
  rho=0.45473 (55/55)  [extra 35/50]
    fp=0.3008 tp=0.3364  [0.8s]
  FPR 0.3008 >= fp_end=0.3; stopping after 55 fits
  [note] 12/55 fits hit a glasso ConvergenceWarning (suppressed)
  [WARN] 2/55 points reused the previous Theta after a glasso failure; those are not estimates
  grid extended by 35 points down to rho=0.45473, ending at FPR 0.3008
  [warn] mean_roc averages out to FPR 0.300 but the shortest replicate only reached 0.253; its TPR is held flat above that
  [warn] mean_roc averages out to FPR 0.300 but the shortest replicate only reached 0.208; its TPR is held flat above that

(p=100, n=50) over 16 replicates
  t+lasso  (run_em_diagonal):    AUC = 0.139 (SE 0.003)
  ~t+lasso (run_em_exact):       AUC = 0.132 (SE 0.003)
  tlasso   (run_tlasso):         AUC = 0.050 (SE 0.002)
  t*lasso  (run_tstar_varlasso): AUC = 0.110 (SE 0.003)
  glasso   (graphical_lasso):    AUC = 0.050 (SE 0.002)
Replicate 17/50
  Theta: 95/4950 edges
  pilot fit of run_tlasso at rho=30.34854
  -> rho_max = max|S_ij| (off-diag) = 2855.96085
  rho grid: [2855.96084959 2530.00087136 2241.24375165 1985.4434088  1758.8383801
 1558.09651063 1380.26595502 1222.73177148 1083.17746994  959.55094874
  850.03431919  753.01717408  667.07290713  590.93773521  523.49211482
  463.74427956  410.8156565   363.92794708  322.39168242  285.59608496]
Running run_tlasso over 20 rho values, extending until FPR >= 0.3...
  rho=2855.96085 (1/20)
    fp=0.0002 tp=0.0000  [0.1s]
   nu  = 3.0000
  rho=2530.00087 (2/20)
    fp=0.0004 tp=0.0000  [0.1s]
   nu  = 3.0000
  rho=2241.24375 (3/20)
    fp=0.0004 tp=0.0000  [0.1s]
   nu  = 3.0000
  rho=1985.44341 (4/20)
    fp=0.0004 tp=0.0000  [0.1s]
   nu  = 3.0000
  rho=1758.83838 (5/20)
    fp=0.0004 tp=0.0000  [0.1s]
   nu  = 3.0000
  rho=1558.09651 (6/20)
    fp=0.0004 tp=0.0000  [0.1s]
   nu  = 3.0000
  rho=1380.26596 (7/20)
    fp=0.0010 tp=0.0000  [0.1s]
   nu  = 3.0000
  rho=1222.73177 (8/20)
    fp=0.0010 tp=0.0000  [0.1s]
   nu  = 3.0000
  rho=1083.17747 (9/20)
    fp=0.0010 tp=0.0000  [0.1s]
   nu  = 3.0000
  rho=959.55095 (10/20)
    fp=0.0012 tp=0.0000  [0.1s]
   nu  = 3.0000
  rho=850.03432 (11/20)
    fp=0.0012 tp=0.0000  [0.1s]
   nu  = 3.0000
  rho=753.01717 (12/20)
    fp=0.0014 tp=0.0000  [0.1s]
   nu  = 3.0000
  rho=667.07291 (13/20)
    fp=0.0019 tp=0.0000  [0.1s]
   nu  = 3.0000
  rho=590.93774 (14/20)
    fp=0.0019 tp=0.0000  [0.1s]
   nu  = 3.0000
  rho=523.49211 (15/20)
    fp=0.0031 tp=0.0000  [0.1s]
   nu  = 3.0000
  rho=463.74428 (16/20)
    fp=0.0037 tp=0.0000  [0.1s]
   nu  = 3.0000
  rho=410.81566 (17/20)
    fp=0.0039 tp=0.0000  [0.1s]
   nu  = 3.0000
  rho=363.92795 (18/20)
    fp=0.0045 tp=0.0000  [0.1s]
   nu  = 3.0000
  rho=322.39168 (19/20)
    fp=0.0049 tp=0.0000  [0.1s]
   nu  = 3.0000
  rho=285.59608 (20/20)
    fp=0.0058 tp=0.0105  [0.1s]
   nu  = 3.0000
  rho=253.00009 (21/21)  [extra 1/50]
    fp=0.0064 tp=0.0105  [0.1s]
   nu  = 3.0000
  rho=224.12438 (22/22)  [extra 2/50]
    fp=0.0078 tp=0.0105  [0.1s]
   nu  = 3.0000
  rho=198.54434 (23/23)  [extra 3/50]
    fp=0.0087 tp=0.0105  [0.1s]
   nu  = 3.0000
  rho=175.88384 (24/24)  [extra 4/50]
    fp=0.0105 tp=0.0105  [0.1s]
   nu  = 3.0000
  rho=155.80965 (25/25)  [extra 5/50]
    fp=0.0122 tp=0.0105  [0.1s]
   nu  = 3.0000
  rho=138.02660 (26/26)  [extra 6/50]
    fp=0.0144 tp=0.0105  [0.1s]
   nu  = 3.0000
  rho=122.27318 (27/27)  [extra 7/50]
    fp=0.0161 tp=0.0105  [0.1s]
   nu  = 3.0000
  rho=108.31775 (28/28)  [extra 8/50]
    fp=0.0202 tp=0.0211  [0.1s]
   nu  = 3.0000
  rho=95.95509 (29/29)  [extra 9/50]
    fp=0.0233 tp=0.0211  [0.1s]
   nu  = 3.0000
  rho=85.00343 (30/30)  [extra 10/50]
    fp=0.0286 tp=0.0211  [0.1s]
   nu  = 3.0000
  rho=75.30172 (31/31)  [extra 11/50]
    fp=0.0325 tp=0.0211  [0.1s]
   nu  = 3.0000
  rho=66.70729 (32/32)  [extra 12/50]
    fp=0.0352 tp=0.0211  [0.2s]
   nu  = 3.0000
  rho=59.09377 (33/33)  [extra 13/50]
    fp=0.0402 tp=0.0211  [0.4s]
   nu  = 3.0000
  rho=52.34921 (34/34)  [extra 14/50]
    fp=0.0482 tp=0.0211  [0.2s]
   nu  = 3.0000
  rho=46.37443 (35/35)  [extra 15/50]
    fp=0.0554 tp=0.0211  [0.2s]
   nu  = 3.0000
  rho=41.08157 (36/36)  [extra 16/50]
    fp=0.0630 tp=0.0316  [0.2s]
   nu  = 3.0000
  rho=36.39279 (37/37)  [extra 17/50]
    fp=0.0711 tp=0.0421  [0.2s]
   nu  = 3.0000
  rho=32.23917 (38/38)  [extra 18/50]
    fp=0.0787 tp=0.0421  [0.3s]
   nu  = 3.0000
  rho=28.55961 (39/39)  [extra 19/50]
    fp=0.0882 tp=0.0526  [0.3s]
   nu  = 3.0000
  rho=25.30001 (40/40)  [extra 20/50]
    fp=0.0980 tp=0.0737  [0.1s]
   nu  = 3.0000
  rho=22.41244 (41/41)  [extra 21/50]
    fp=0.1100 tp=0.0947  [0.5s]
   nu  = 3.0000
  rho=19.85443 (42/42)  [extra 22/50]
    fp=0.1230 tp=0.1053  [0.2s]
   nu  = 3.0000
  rho=17.58838 (43/43)  [extra 23/50]
    fp=0.1335 tp=0.1053  [0.2s]
   nu  = 3.0000
  rho=15.58097 (44/44)  [extra 24/50]
    fp=0.1469 tp=0.1263  [0.4s]
   nu  = 3.0000
  rho=13.80266 (45/45)  [extra 25/50]
    fp=0.1584 tp=0.1474  [0.6s]
   nu  = 3.0000
  rho=12.22732 (46/46)  [extra 26/50]
    fp=0.1710 tp=0.1579  [0.6s]
   nu  = 3.0000
  rho=10.83177 (47/47)  [extra 27/50]
    fp=0.1839 tp=0.1789  [0.5s]
   nu  = 3.0000
  rho=9.59551 (48/48)  [extra 28/50]
    fp=0.1975 tp=0.2000  [0.4s]
   nu  = 3.0000
  rho=8.50034 (49/49)  [extra 29/50]
    fp=0.2138 tp=0.2000  [0.4s]
   nu  = 3.0000
  rho=7.53017 (50/50)  [extra 30/50]
    fp=0.2286 tp=0.2211  [0.5s]
   nu  = 3.0000
  rho=6.67073 (51/51)  [extra 31/50]
    fp=0.2459 tp=0.2421  [1.0s]
   nu  = 3.0000
  rho=5.90938 (52/52)  [extra 32/50]
    fp=0.2634 tp=0.2737  [0.7s]
   nu  = 3.0000
  rho=5.23492 (53/53)  [extra 33/50]
    fp=0.2861 tp=0.2947  [1.1s]
   nu  = 3.0000
  rho=4.63744 (54/54)  [extra 34/50]
    fp=0.3026 tp=0.3053  [0.7s]
   nu  = 3.0000
  FPR 0.3026 >= fp_end=0.3; stopping after 54 fits
  [note] 1/54 fits hit a glasso ConvergenceWarning (suppressed)
  grid extended by 34 points down to rho=4.63744, ending at FPR 0.3026
  pilot fit of run_tstar_varlasso at rho=0.30349
  -> rho_max = max|S_ij| (off-diag) = 0.91656
  rho grid: [0.9165642  0.81195379 0.7192829  0.63718883 0.56446442 0.50004029
 0.44296909 0.3924116  0.34762441 0.30794892 0.27280172 0.24166598
 0.21408387 0.18964979 0.16800445 0.14882956 0.13184317 0.11679548
 0.10346524 0.09165642]
Running run_tstar_varlasso over 20 rho values, extending until FPR >= 0.3...
  rho=0.91656 (1/20)
    fp=0.0010 tp=0.0000  [0.2s]
   nu  = 3.0000
  rho=0.81195 (2/20)
    fp=0.0012 tp=0.0000  [0.1s]
   nu  = 3.0000
  rho=0.71928 (3/20)
    fp=0.0029 tp=0.0105  [0.1s]
   nu  = 3.0000
  rho=0.63719 (4/20)
    fp=0.0037 tp=0.0211  [0.1s]
   nu  = 3.0000
  rho=0.56446 (5/20)
    fp=0.0056 tp=0.0211  [0.1s]
   nu  = 3.0000
  rho=0.50004 (6/20)
    fp=0.0087 tp=0.0526  [0.1s]
   nu  = 3.0000
  rho=0.44297 (7/20)
    fp=0.0138 tp=0.0632  [0.1s]
   nu  = 3.0000
  rho=0.39241 (8/20)
    fp=0.0216 tp=0.1158  [0.1s]
   nu  = 3.0000
  rho=0.34762 (9/20)
    fp=0.0301 tp=0.1368  [0.1s]
   nu  = 3.0000
  rho=0.30795 (10/20)
    fp=0.0435 tp=0.1368  [0.1s]
   nu  = 3.0000
  rho=0.27280 (11/20)
    fp=0.0575 tp=0.1579  [0.1s]
   nu  = 3.0000
  rho=0.24167 (12/20)
    fp=0.0723 tp=0.1789  [0.1s]
   nu  = 3.0000
  rho=0.21408 (13/20)
    fp=0.0892 tp=0.2105  [0.1s]
   nu  = 3.0000
  rho=0.18965 (14/20)
    fp=0.1112 tp=0.3158  [0.1s]
   nu  = 3.0000
  rho=0.16800 (15/20)
    fp=0.1368 tp=0.3368  [0.1s]
   nu  = 3.0000
  rho=0.14883 (16/20)
    fp=0.1621 tp=0.3684  [0.2s]
   nu  = 3.0000
  rho=0.13184 (17/20)
    fp=0.1887 tp=0.4211  [0.2s]
   nu  = 3.0000
  rho=0.11680 (18/20)
    fp=0.2130 tp=0.5158  [0.2s]
   nu  = 3.0000
  rho=0.10347 (19/20)
    fp=0.2377 tp=0.6000  [0.2s]
   nu  = 3.0000
  rho=0.09166 (20/20)
    fp=0.2612 tp=0.6105  [0.2s]
   nu  = 3.0000
  rho=0.08120 (21/21)  [extra 1/50]
    fp=0.2840 tp=0.6421  [0.2s]
   nu  = 3.0000
  rho=0.07193 (22/22)  [extra 2/50]
    fp=0.3110 tp=0.6737  [0.2s]
   nu  = 3.0000
  FPR 0.3110 >= fp_end=0.3; stopping after 22 fits
  grid extended by 2 points down to rho=0.07193, ending at FPR 0.3110
  pilot fit of run_em_diagonal at rho=0.30349
  -> rho_max = max|S_ij| (off-diag) = 0.56937
  rho grid: [0.56936938 0.50438543 0.4468183  0.39582149 0.35064512 0.31062486
 0.27517225 0.24376596 0.21594417 0.19129777 0.16946434 0.15012283
 0.13298883 0.11781039 0.10436431 0.09245288 0.08190093 0.07255332
 0.06427257 0.05693694]
Running run_em_diagonal over 20 rho values, extending until FPR >= 0.3...
  rho=0.56937 (1/20)
    fp=0.0004 tp=0.0105  [10.3s]
   median nu  = 0.394
   median |eta| = 1.545
  rho=0.50439 (2/20)
    fp=0.0006 tp=0.0211  [10.2s]
   median nu  = 0.416
   median |eta| = 1.477
  rho=0.44682 (3/20)
    fp=0.0019 tp=0.0421  [10.2s]
   median nu  = 0.439
   median |eta| = 1.44
  rho=0.39582 (4/20)
    fp=0.0031 tp=0.0632  [10.1s]
   median nu  = 0.461
   median |eta| = 1.373
  rho=0.35065 (5/20)
    fp=0.0066 tp=0.0842  [10.1s]
   median nu  = 0.48
   median |eta| = 1.319
  rho=0.31062 (6/20)
    fp=0.0105 tp=0.0842  [10.0s]
   median nu  = 0.508
   median |eta| = 1.319
  rho=0.27517 (7/20)
    fp=0.0167 tp=0.1263  [10.0s]
   median nu  = 0.536
   median |eta| = 1.33
  rho=0.24377 (8/20)
    fp=0.0231 tp=0.1684  [10.1s]
   median nu  = 0.554
   median |eta| = 1.305
  rho=0.21594 (9/20)
    fp=0.0338 tp=0.2316  [10.1s]
   median nu  = 0.567
   median |eta| = 1.246
  rho=0.19130 (10/20)
    fp=0.0488 tp=0.3053  [10.1s]
   median nu  = 0.58
   median |eta| = 1.156
  rho=0.16946 (11/20)
    fp=0.0671 tp=0.3789  [10.6s]
   median nu  = 0.596
   median |eta| = 1.168
  rho=0.15012 (12/20)
    fp=0.0824 tp=0.4316  [10.4s]
   median nu  = 0.62
   median |eta| = 1.13
  rho=0.13299 (13/20)
    fp=0.0987 tp=0.5053  [10.5s]
   median nu  = 0.629
   median |eta| = 1.185
  rho=0.11781 (14/20)
    fp=0.1114 tp=0.5263  [10.3s]
   median nu  = 0.633
   median |eta| = 1.071
  rho=0.10436 (15/20)
    fp=0.1308 tp=0.5474  [10.3s]
   median nu  = 0.649
   median |eta| = 1.025
  rho=0.09245 (16/20)
    fp=0.1479 tp=0.6000  [10.2s]
   median nu  = 0.684
   median |eta| = 1.046
  rho=0.08190 (17/20)
    fp=0.1664 tp=0.6211  [10.1s]
   median nu  = 0.677
   median |eta| = 1.01
  rho=0.07255 (18/20)
    fp=0.1878 tp=0.6421  [10.3s]
   median nu  = 0.7
   median |eta| = 1.023
  rho=0.06427 (19/20)
    fp=0.2056 tp=0.6526  [10.3s]
   median nu  = 0.745
   median |eta| = 1.01
  rho=0.05694 (20/20)
    fp=0.2241 tp=0.6737  [10.4s]
   median nu  = 0.742
   median |eta| = 1.027
  rho=0.05044 (21/21)  [extra 1/50]
    fp=0.2418 tp=0.6947  [10.4s]
   median nu  = 0.807
   median |eta| = 0.847
  rho=0.04468 (22/22)  [extra 2/50]
    fp=0.2566 tp=0.7263  [10.2s]
   median nu  = 0.846
   median |eta| = 0.803
  rho=0.03958 (23/23)  [extra 3/50]
    fp=0.2715 tp=0.7368  [10.2s]
   median nu  = 0.839
   median |eta| = 0.826
  rho=0.03506 (24/24)  [extra 4/50]
    fp=0.2849 tp=0.7684  [10.8s]
   median nu  = 0.858
   median |eta| = 0.89
  rho=0.03106 (25/25)  [extra 5/50]
    fp=0.2976 tp=0.7684  [10.8s]
   median nu  = 0.855
   median |eta| = 0.991
  rho=0.02752 (26/26)  [extra 6/50]
    fp=0.3106 tp=0.7684  [10.6s]
   median nu  = 0.898
   median |eta| = 1.118
  FPR 0.3106 >= fp_end=0.3; stopping after 26 fits
  grid extended by 6 points down to rho=0.02752, ending at FPR 0.3106
  pilot fit of run_em_exact at rho=0.30349
  -> rho_max = max|S_ij| (off-diag) = 0.60258
  rho grid: [0.60258432 0.53380944 0.47288405 0.41891228 0.37110048 0.32874559
 0.2912248  0.25798638 0.22854156 0.20245738 0.17935027 0.15888045
 0.14074691 0.12468302 0.11045254 0.09784624 0.08667873 0.07678581
 0.068022   0.06025843]
Running run_em_exact over 20 rho values, extending until FPR >= 0.3...
  rho=0.60258 (1/20)
    fp=0.0000 tp=0.0105  [10.6s]
   median nu  = 0.382
   median |eta| = 1.562
  rho=0.53381 (2/20)
    fp=0.0004 tp=0.0211  [10.5s]
   median nu  = 0.406
   median |eta| = 1.495
  rho=0.47288 (3/20)
    fp=0.0014 tp=0.0316  [10.7s]
   median nu  = 0.427
   median |eta| = 1.428
  rho=0.41891 (4/20)
    fp=0.0023 tp=0.0526  [10.8s]
   median nu  = 0.456
   median |eta| = 1.285
  rho=0.37110 (5/20)
    fp=0.0056 tp=0.0842  [10.8s]
   median nu  = 0.479
   median |eta| = 1.215
  rho=0.32875 (6/20)
    fp=0.0089 tp=0.0842  [10.5s]
   median nu  = 0.503
   median |eta| = 1.218
  rho=0.29122 (7/20)
    fp=0.0154 tp=0.1158  [10.4s]
   median nu  = 0.543
   median |eta| = 1.134
  rho=0.25799 (8/20)
    fp=0.0229 tp=0.1579  [10.4s]
   median nu  = 0.576
   median |eta| = 1.013
  rho=0.22854 (9/20)
    fp=0.0356 tp=0.1895  [10.5s]
   median nu  = 0.619
   median |eta| = 0.926
  rho=0.20246 (10/20)
    fp=0.0503 tp=0.2842  [10.1s]
   median nu  = 0.669
   median |eta| = 0.751
  rho=0.17935 (11/20)
    fp=0.0717 tp=0.3263  [9.9s]
   median nu  = 0.719
   median |eta| = 0.632
  rho=0.15888 (12/20)
    fp=0.0906 tp=0.4211  [9.7s]
   median nu  = 0.774
   median |eta| = 0.51
  rho=0.14075 (13/20)
    fp=0.1129 tp=0.4737  [9.3s]
   median nu  = 0.857
   median |eta| = 0.395
  rho=0.12468 (14/20)
    fp=0.1343 tp=0.4947  [9.1s]
   median nu  = 0.935
   median |eta| = 0.308
  rho=0.11045 (15/20)
    fp=0.1563 tp=0.5684  [9.0s]
   median nu  = 1.045
   median |eta| = 0.246
  rho=0.09785 (16/20)
    fp=0.1792 tp=0.6105  [8.7s]
   median nu  = 1.156
   median |eta| = 0.187
  rho=0.08668 (17/20)
    fp=0.2023 tp=0.6211  [9.7s]
   median nu  = 1.252
   median |eta| = 0.155
  rho=0.07679 (18/20)
    fp=0.2255 tp=0.6526  [9.4s]
   median nu  = 1.333
   median |eta| = 0.117
  rho=0.06802 (19/20)
    fp=0.2496 tp=0.6947  [9.3s]
   median nu  = 1.474
   median |eta| = 0.089
  rho=0.06026 (20/20)
    fp=0.2725 tp=0.7053  [9.2s]
   median nu  = 1.597
   median |eta| = 0.067
  rho=0.05338 (21/21)  [extra 1/50]
    fp=0.2908 tp=0.7263  [9.0s]
   median nu  = 1.679
   median |eta| = 0.049
  rho=0.04729 (22/22)  [extra 2/50]
    fp=0.3075 tp=0.7263  [8.0s]
   median nu  = 1.817
   median |eta| = 0.037
  FPR 0.3075 >= fp_end=0.3; stopping after 22 fits
  grid extended by 2 points down to rho=0.04729, ending at FPR 0.3075
  graphical_lasso rho_max = max|S_ij| (off-diag) = 165.43586
  rho grid: [165.43586181 146.55413592 129.82744201 115.00981936 101.88337954
  90.25510243  79.95399791  70.82859151  62.74469703  55.58344337
  49.23952658  43.61966137  38.64120942  34.23096417  30.32407436
  26.86309042  23.79711969  21.08107804  18.67502695  16.54358618]
Running graphical_lasso over 20 rho values, extending until FPR >= 0.3...
  rho=165.43586 (1/20)
    fp=0.0000 tp=0.0000  [0.0s]
  rho=146.55414 (2/20)
    fp=0.0004 tp=0.0000  [0.0s]
  rho=129.82744 (3/20)
    fp=0.0004 tp=0.0000  [8.9s]
  rho=115.00982 (4/20)
    fp=0.0004 tp=0.0000  [9.0s]
  rho=101.88338 (5/20)
    fp=0.0004 tp=0.0000  [9.0s]
  rho=90.25510 (6/20)
    fp=0.0004 tp=0.0000  [0.0s]
  rho=79.95400 (7/20)
    fp=0.0006 tp=0.0000  [0.0s]
  rho=70.82859 (8/20)
    fp=0.0006 tp=0.0000  [0.0s]
  rho=62.74470 (9/20)
    fp=0.0006 tp=0.0000  [0.0s]
  rho=55.58344 (10/20)
    fp=0.0010 tp=0.0000  [0.0s]
  rho=49.23953 (11/20)
    fp=0.0014 tp=0.0000  [0.0s]
  rho=43.61966 (12/20)
    fp=0.0014 tp=0.0000  [8.9s]
  rho=38.64121 (13/20)
    fp=0.0019 tp=0.0000  [0.9s]
  rho=34.23096 (14/20)
    fp=0.0025 tp=0.0000  [0.5s]
  rho=30.32407 (15/20)
    fp=0.0027 tp=0.0000  [0.0s]
  rho=26.86309 (16/20)
    fp=0.0033 tp=0.0000  [0.0s]
  rho=23.79712 (17/20)
    fp=0.0039 tp=0.0000  [9.0s]
  rho=21.08108 (18/20)
    fp=0.0041 tp=0.0000  [0.0s]
  rho=18.67503 (19/20)
    fp=0.0054 tp=0.0000  [0.0s]
  rho=16.54359 (20/20)
    fp=0.0064 tp=0.0105  [0.0s]
  rho=14.65541 (21/21)  [extra 1/50]
    fp=0.0074 tp=0.0105  [0.2s]
  rho=12.98274 (22/22)  [extra 2/50]
    fp=0.0082 tp=0.0105  [0.3s]
  rho=11.50098 (23/23)  [extra 3/50]
    fp=0.0093 tp=0.0105  [1.0s]
  rho=10.18834 (24/24)  [extra 4/50]
    fp=0.0113 tp=0.0105  [1.3s]
  rho=9.02551 (25/25)  [extra 5/50]
    fp=0.0126 tp=0.0105  [0.8s]
  rho=7.99540 (26/26)  [extra 6/50]
    fp=0.0152 tp=0.0105  [0.1s]
  rho=7.08286 (27/27)  [extra 7/50]
    fp=0.0185 tp=0.0105  [0.2s]
  rho=6.27447 (28/28)  [extra 8/50]
    fp=0.0218 tp=0.0211  [2.7s]
  rho=5.55834 (29/29)  [extra 9/50]
    fp=0.0264 tp=0.0211  [1.5s]
  rho=4.92395 (30/30)  [extra 10/50]
    fp=0.0307 tp=0.0211  [0.3s]
  rho=4.36197 (31/31)  [extra 11/50]
    fp=0.0352 tp=0.0211  [0.3s]
  rho=3.86412 (32/32)  [extra 12/50]
    fp=0.0393 tp=0.0211  [0.4s]
  rho=3.42310 (33/33)  [extra 13/50]
    fp=0.0470 tp=0.0211  [0.4s]
  rho=3.03241 (34/34)  [extra 14/50]
    fp=0.0558 tp=0.0211  [0.9s]
  rho=2.68631 (35/35)  [extra 15/50]
    fp=0.0641 tp=0.0316  [1.0s]
  rho=2.37971 (36/36)  [extra 16/50]
    fp=0.0723 tp=0.0421  [1.6s]
  rho=2.10811 (37/37)  [extra 17/50]
    fp=0.0818 tp=0.0526  [0.2s]
  rho=1.86750 (38/38)  [extra 18/50]
    fp=0.0927 tp=0.0526  [0.9s]
  rho=1.65436 (39/39)  [extra 19/50]
    fp=0.1040 tp=0.0842  [1.0s]
  rho=1.46554 (40/40)  [extra 20/50]
    fp=0.1162 tp=0.0947  [0.3s]
  rho=1.29827 (41/41)  [extra 21/50]
    fp=0.1294 tp=0.1053  [0.5s]
  rho=1.15010 (42/42)  [extra 22/50]
    fp=0.1462 tp=0.1053  [0.8s]
  rho=1.01883 (43/43)  [extra 23/50]
    fp=0.1594 tp=0.1263  [2.0s]
  rho=0.90255 (44/44)  [extra 24/50]
    fp=0.1726 tp=0.1579  [1.3s]
  rho=0.79954 (45/45)  [extra 25/50]
    fp=0.1868 tp=0.1789  [2.4s]
  rho=0.70829 (46/46)  [extra 26/50]
    fp=0.2010 tp=0.2000  [9.5s]
  rho=0.62745 (47/47)  [extra 27/50]
    fp=0.2181 tp=0.2105  [2.0s]
  rho=0.55583 (48/48)  [extra 28/50]
    fp=0.2395 tp=0.2316  [1.2s]
  rho=0.49240 (49/49)  [extra 29/50]
    fp=0.2575 tp=0.2526  [0.8s]
  rho=0.43620 (50/50)  [extra 30/50]
    fp=0.2779 tp=0.2737  [2.7s]
  rho=0.38641 (51/51)  [extra 31/50]
    fp=0.3022 tp=0.3263  [1.3s]
  FPR 0.3022 >= fp_end=0.3; stopping after 51 fits
  [note] 5/51 fits hit a glasso ConvergenceWarning (suppressed)
  grid extended by 31 points down to rho=0.38641, ending at FPR 0.3022
  [warn] mean_roc averages out to FPR 0.300 but the shortest replicate only reached 0.253; its TPR is held flat above that
  [warn] mean_roc averages out to FPR 0.300 but the shortest replicate only reached 0.208; its TPR is held flat above that

(p=100, n=50) over 17 replicates
  t+lasso  (run_em_diagonal):    AUC = 0.140 (SE 0.003)
  ~t+lasso (run_em_exact):       AUC = 0.133 (SE 0.003)
  tlasso   (run_tlasso):         AUC = 0.049 (SE 0.002)
  t*lasso  (run_tstar_varlasso): AUC = 0.110 (SE 0.003)
  glasso   (graphical_lasso):    AUC = 0.049 (SE 0.002)
Replicate 18/50
  Theta: 98/4950 edges
  pilot fit of run_tlasso at rho=30.34854
  -> rho_max = max|S_ij| (off-diag) = 2461.34904
  rho grid: [2461.34903588 2180.42737049 1931.56819642 1711.11211862 1515.81740056
 1342.81229548 1189.55281832 1053.78533719  933.51343443  826.96854997
  732.58397513  648.97181475  574.9025786   509.28710211  451.16053054
  399.66813115  354.05272457  313.64355075  277.84640564  246.13490359]
Running run_tlasso over 20 rho values, extending until FPR >= 0.3...
  rho=2461.34904 (1/20)
    fp=0.0000 tp=0.0000  [0.1s]
   nu  = 3.0000
  rho=2180.42737 (2/20)
    fp=0.0002 tp=0.0000  [0.1s]
   nu  = 3.0000
  rho=1931.56820 (3/20)
    fp=0.0002 tp=0.0000  [0.1s]
   nu  = 3.0000
  rho=1711.11212 (4/20)
    fp=0.0002 tp=0.0000  [0.1s]
   nu  = 3.0000
  rho=1515.81740 (5/20)
    fp=0.0002 tp=0.0000  [0.1s]
   nu  = 3.0000
  rho=1342.81230 (6/20)
    fp=0.0004 tp=0.0000  [0.1s]
   nu  = 3.0000
  rho=1189.55282 (7/20)
    fp=0.0004 tp=0.0000  [0.1s]
   nu  = 3.0000
  rho=1053.78534 (8/20)
    fp=0.0004 tp=0.0000  [0.1s]
   nu  = 3.0000
  rho=933.51343 (9/20)
    fp=0.0008 tp=0.0000  [0.1s]
   nu  = 3.0000
  rho=826.96855 (10/20)
    fp=0.0021 tp=0.0000  [0.1s]
   nu  = 3.0000
  rho=732.58398 (11/20)
    fp=0.0027 tp=0.0000  [0.1s]
   nu  = 3.0000
  rho=648.97181 (12/20)
    fp=0.0031 tp=0.0000  [0.1s]
   nu  = 3.0000
  rho=574.90258 (13/20)
    fp=0.0041 tp=0.0000  [0.1s]
   nu  = 3.0000
  rho=509.28710 (14/20)
    fp=0.0052 tp=0.0000  [0.1s]
   nu  = 3.0000
  rho=451.16053 (15/20)
    fp=0.0054 tp=0.0000  [0.1s]
   nu  = 3.0000
  rho=399.66813 (16/20)
    fp=0.0068 tp=0.0000  [0.1s]
   nu  = 3.0000
  rho=354.05272 (17/20)
    fp=0.0080 tp=0.0000  [0.1s]
   nu  = 3.0000
  rho=313.64355 (18/20)
    fp=0.0082 tp=0.0102  [0.1s]
   nu  = 3.0000
  rho=277.84641 (19/20)
    fp=0.0095 tp=0.0102  [0.1s]
   nu  = 3.0000
  rho=246.13490 (20/20)
    fp=0.0120 tp=0.0102  [0.1s]
   nu  = 3.0000
  rho=218.04274 (21/21)  [extra 1/50]
    fp=0.0136 tp=0.0204  [0.1s]
   nu  = 3.0000
  rho=193.15682 (22/22)  [extra 2/50]
    fp=0.0155 tp=0.0204  [0.1s]
   nu  = 3.0000
  rho=171.11121 (23/23)  [extra 3/50]
    fp=0.0165 tp=0.0204  [0.1s]
   nu  = 3.0000
  rho=151.58174 (24/24)  [extra 4/50]
    fp=0.0179 tp=0.0204  [0.1s]
   nu  = 3.0000
  rho=134.28123 (25/25)  [extra 5/50]
    fp=0.0208 tp=0.0204  [0.1s]
   nu  = 3.0000
  rho=118.95528 (26/26)  [extra 6/50]
    fp=0.0231 tp=0.0204  [0.1s]
   nu  = 3.0000
  rho=105.37853 (27/27)  [extra 7/50]
    fp=0.0262 tp=0.0204  [0.1s]
   nu  = 3.0000
  rho=93.35134 (28/28)  [extra 8/50]
    fp=0.0286 tp=0.0204  [0.1s]
   nu  = 3.0000
  rho=82.69685 (29/29)  [extra 9/50]
    fp=0.0326 tp=0.0204  [0.1s]
   nu  = 3.0000
  rho=73.25840 (30/30)  [extra 10/50]
    fp=0.0361 tp=0.0204  [0.1s]
   nu  = 3.0000
  rho=64.89718 (31/31)  [extra 11/50]
    fp=0.0418 tp=0.0204  [0.1s]
   nu  = 3.0000
  rho=57.49026 (32/32)  [extra 12/50]
    fp=0.0455 tp=0.0306  [0.1s]
   nu  = 3.0000
  rho=50.92871 (33/33)  [extra 13/50]
    fp=0.0488 tp=0.0306  [0.1s]
   nu  = 3.0000
  rho=45.11605 (34/34)  [extra 14/50]
    fp=0.0544 tp=0.0408  [0.1s]
   nu  = 3.0000
  rho=39.96681 (35/35)  [extra 15/50]
    fp=0.0631 tp=0.0510  [0.1s]
   nu  = 3.0000
  rho=35.40527 (36/36)  [extra 16/50]
    fp=0.0730 tp=0.0510  [0.2s]
   nu  = 3.0000
  rho=31.36436 (37/37)  [extra 17/50]
    fp=0.0798 tp=0.0510  [0.2s]
   nu  = 3.0000
  rho=27.78464 (38/38)  [extra 18/50]
    fp=0.0882 tp=0.0816  [0.2s]
   nu  = 3.0000
  rho=24.61349 (39/39)  [extra 19/50]
    fp=0.0983 tp=0.1020  [0.2s]
   nu  = 3.0000
  rho=21.80427 (40/40)  [extra 20/50]
    fp=0.1088 tp=0.1020  [0.2s]
   nu  = 3.0000
  rho=19.31568 (41/41)  [extra 21/50]
    fp=0.1193 tp=0.1122  [0.2s]
   nu  = 3.0000
  rho=17.11112 (42/42)  [extra 22/50]
    fp=0.1321 tp=0.1122  [0.2s]
   nu  = 3.0000
  rho=15.15817 (43/43)  [extra 23/50]
    fp=0.1476 tp=0.1224  [0.2s]
   nu  = 3.0000
  rho=13.42812 (44/44)  [extra 24/50]
    fp=0.1626 tp=0.1429  [0.2s]
   nu  = 3.0000
  rho=11.89553 (45/45)  [extra 25/50]
    fp=0.1758 tp=0.1531  [0.2s]
   nu  = 3.0000
  rho=10.53785 (46/46)  [extra 26/50]
    fp=0.1894 tp=0.1531  [0.3s]
   nu  = 3.0000
  rho=9.33513 (47/47)  [extra 27/50]
    fp=0.2057 tp=0.1633  [0.3s]
   nu  = 3.0000
  rho=8.26969 (48/48)  [extra 28/50]
    fp=0.2224 tp=0.2143  [0.3s]
   nu  = 3.0000
  rho=7.32584 (49/49)  [extra 29/50]
    fp=0.2405 tp=0.2449  [0.4s]
   nu  = 3.0000
  rho=6.48972 (50/50)  [extra 30/50]
    fp=0.2622 tp=0.2959  [0.4s]
   nu  = 3.0000
  rho=5.74903 (51/51)  [extra 31/50]
    fp=0.2807 tp=0.2959  [0.4s]
   nu  = 3.0000
  rho=5.09287 (52/52)  [extra 32/50]
    fp=0.2999 tp=0.3163  [0.5s]
   nu  = 3.0000
  rho=4.51161 (53/53)  [extra 33/50]
    fp=0.3228 tp=0.3571  [0.6s]
   nu  = 3.0000
  FPR 0.3228 >= fp_end=0.3; stopping after 53 fits
  grid extended by 33 points down to rho=4.51161, ending at FPR 0.3228
  pilot fit of run_tstar_varlasso at rho=0.30349
  -> rho_max = max|S_ij| (off-diag) = 0.79860
  rho grid: [0.79860369 0.70745649 0.62671221 0.55518354 0.49181866 0.43568581
 0.38595959 0.34190879 0.30288564 0.26831633 0.23769253 0.21056391
 0.18653158 0.16524213 0.14638252 0.12967541 0.11487514 0.10176407
 0.09014941 0.07986037]
Running run_tstar_varlasso over 20 rho values, extending until FPR >= 0.3...
  rho=0.79860 (1/20)
    fp=0.0023 tp=0.0000  [0.2s]
   nu  = 3.0000
  rho=0.70746 (2/20)
    fp=0.0029 tp=0.0000  [0.1s]
   nu  = 3.0000
  rho=0.62671 (3/20)
    fp=0.0056 tp=0.0000  [0.1s]
   nu  = 3.0000
  rho=0.55518 (4/20)
    fp=0.0097 tp=0.0102  [0.1s]
   nu  = 3.0000
  rho=0.49182 (5/20)
    fp=0.0150 tp=0.0204  [0.1s]
   nu  = 3.0000
  rho=0.43569 (6/20)
    fp=0.0212 tp=0.0510  [0.1s]
   nu  = 3.0000
  rho=0.38596 (7/20)
    fp=0.0276 tp=0.0816  [0.1s]
   nu  = 3.0000
  rho=0.34191 (8/20)
    fp=0.0363 tp=0.1224  [0.1s]
   nu  = 3.0000
  rho=0.30289 (9/20)
    fp=0.0497 tp=0.1531  [0.1s]
   nu  = 3.0000
  rho=0.26832 (10/20)
    fp=0.0637 tp=0.1837  [0.1s]
   nu  = 3.0000
  rho=0.23769 (11/20)
    fp=0.0791 tp=0.2245  [0.1s]
   nu  = 3.0000
  rho=0.21056 (12/20)
    fp=0.0983 tp=0.2857  [0.2s]
   nu  = 3.0000
  rho=0.18653 (13/20)
    fp=0.1193 tp=0.3571  [0.1s]
   nu  = 3.0000
  rho=0.16524 (14/20)
    fp=0.1422 tp=0.3878  [0.1s]
   nu  = 3.0000
  rho=0.14638 (15/20)
    fp=0.1678 tp=0.4388  [0.1s]
   nu  = 3.0000
  rho=0.12968 (16/20)
    fp=0.1931 tp=0.4694  [0.2s]
   nu  = 3.0000
  rho=0.11488 (17/20)
    fp=0.2135 tp=0.5000  [0.2s]
   nu  = 3.0000
  rho=0.10176 (18/20)
    fp=0.2376 tp=0.5102  [0.2s]
   nu  = 3.0000
  rho=0.09015 (19/20)
    fp=0.2609 tp=0.5612  [0.2s]
   nu  = 3.0000
  rho=0.07986 (20/20)
    fp=0.2838 tp=0.5612  [0.2s]
   nu  = 3.0000
  rho=0.07075 (21/21)  [extra 1/50]
    fp=0.3077 tp=0.6122  [0.2s]
   nu  = 3.0000
  FPR 0.3077 >= fp_end=0.3; stopping after 21 fits
  grid extended by 1 points down to rho=0.07075, ending at FPR 0.3077
  pilot fit of run_em_diagonal at rho=0.30349
  -> rho_max = max|S_ij| (off-diag) = 0.58481
  rho grid: [0.58481125 0.51806486 0.45893646 0.40655657 0.36015496 0.31904932
 0.2826352  0.25037713 0.22180079 0.19648595 0.17406038 0.15419431
 0.13659562 0.12100552 0.10719477 0.09496029 0.08412217 0.07452103
 0.06601571 0.05848112]
Running run_em_diagonal over 20 rho values, extending until FPR >= 0.3...
  rho=0.58481 (1/20)
    fp=0.0008 tp=0.0000  [10.1s]
   median nu  = 0.474
   median |eta| = 1.472
  rho=0.51806 (2/20)
    fp=0.0008 tp=0.0102  [9.9s]
   median nu  = 0.495
   median |eta| = 1.46
  rho=0.45894 (3/20)
    fp=0.0016 tp=0.0102  [10.1s]
   median nu  = 0.514
   median |eta| = 1.39
  rho=0.40656 (4/20)
    fp=0.0027 tp=0.0204  [10.1s]
   median nu  = 0.532
   median |eta| = 1.409
  rho=0.36015 (5/20)
    fp=0.0052 tp=0.0510  [10.1s]
   median nu  = 0.548
   median |eta| = 1.46
  rho=0.31905 (6/20)
    fp=0.0085 tp=0.0612  [10.1s]
   median nu  = 0.564
   median |eta| = 1.523
  rho=0.28264 (7/20)
    fp=0.0140 tp=0.1224  [10.3s]
   median nu  = 0.578
   median |eta| = 1.496
  rho=0.25038 (8/20)
    fp=0.0243 tp=0.1531  [10.6s]
   median nu  = 0.591
   median |eta| = 1.385
  rho=0.22180 (9/20)
    fp=0.0361 tp=0.2245  [10.5s]
   median nu  = 0.603
   median |eta| = 1.285
  rho=0.19649 (10/20)
    fp=0.0476 tp=0.2959  [10.5s]
   median nu  = 0.618
   median |eta| = 1.261
  rho=0.17406 (11/20)
    fp=0.0624 tp=0.3469  [10.5s]
   median nu  = 0.638
   median |eta| = 1.222
  rho=0.15419 (12/20)
    fp=0.0789 tp=0.3571  [10.5s]
   median nu  = 0.667
   median |eta| = 1.201
  rho=0.13660 (13/20)
    fp=0.0942 tp=0.3878  [10.5s]
   median nu  = 0.689
   median |eta| = 1.195
  rho=0.12101 (14/20)
    fp=0.1136 tp=0.4694  [10.7s]
   median nu  = 0.688
   median |eta| = 1.147
  rho=0.10719 (15/20)
    fp=0.1321 tp=0.4796  [10.8s]
   median nu  = 0.706
   median |eta| = 1.083
  rho=0.09496 (16/20)
    fp=0.1531 tp=0.5408  [10.9s]
   median nu  = 0.724
   median |eta| = 0.999
  rho=0.08412 (17/20)
    fp=0.1725 tp=0.5612  [11.0s]
   median nu  = 0.718
   median |eta| = 1.036
  rho=0.07452 (18/20)
    fp=0.1863 tp=0.5714  [11.0s]
   median nu  = 0.707
   median |eta| = 1.081
  rho=0.06602 (19/20)
    fp=0.2040 tp=0.6122  [11.6s]
   median nu  = 0.734
   median |eta| = 1.129
  rho=0.05848 (20/20)
    fp=0.2220 tp=0.6429  [11.6s]
   median nu  = 0.791
   median |eta| = 0.947
  rho=0.05181 (21/21)  [extra 1/50]
    fp=0.2364 tp=0.6429  [11.5s]
   median nu  = 0.783
   median |eta| = 0.808
  rho=0.04589 (22/22)  [extra 2/50]
    fp=0.2455 tp=0.6633  [11.4s]
   median nu  = 0.791
   median |eta| = 0.94
  rho=0.04066 (23/23)  [extra 3/50]
    fp=0.2626 tp=0.6837  [10.9s]
   median nu  = 0.869
   median |eta| = 0.857
  rho=0.03602 (24/24)  [extra 4/50]
    fp=0.2776 tp=0.6837  [10.9s]
   median nu  = 0.841
   median |eta| = 1.03
  rho=0.03190 (25/25)  [extra 5/50]
    fp=0.2887 tp=0.6837  [10.7s]
   median nu  = 0.913
   median |eta| = 0.887
  rho=0.02826 (26/26)  [extra 6/50]
    fp=0.3073 tp=0.6939  [11.0s]
   median nu  = 0.9
   median |eta| = 0.992
  FPR 0.3073 >= fp_end=0.3; stopping after 26 fits
  grid extended by 6 points down to rho=0.02826, ending at FPR 0.3073
  pilot fit of run_em_exact at rho=0.30349
  -> rho_max = max|S_ij| (off-diag) = 0.60784
  rho grid: [0.60784181 0.53846687 0.47700992 0.42256725 0.37433829 0.33161386
 0.29376571 0.26023728 0.23053557 0.2042238  0.18091508 0.16026667
 0.14197492 0.12577086 0.11141623 0.09869994 0.087435   0.07745576
 0.06861549 0.06078418]
Running run_em_exact over 20 rho values, extending until FPR >= 0.3...
  rho=0.60784 (1/20)
    fp=0.0006 tp=0.0000  [10.5s]
   median nu  = 0.466
   median |eta| = 1.492
  rho=0.53847 (2/20)
    fp=0.0008 tp=0.0102  [10.6s]
   median nu  = 0.489
   median |eta| = 1.478
  rho=0.47701 (3/20)
    fp=0.0012 tp=0.0102  [10.6s]
   median nu  = 0.508
   median |eta| = 1.411
  rho=0.42257 (4/20)
    fp=0.0025 tp=0.0204  [10.8s]
   median nu  = 0.53
   median |eta| = 1.379
  rho=0.37434 (5/20)
    fp=0.0045 tp=0.0408  [10.7s]
   median nu  = 0.554
   median |eta| = 1.397
  rho=0.33161 (6/20)
    fp=0.0072 tp=0.0510  [10.7s]
   median nu  = 0.589
   median |eta| = 1.294
  rho=0.29377 (7/20)
    fp=0.0122 tp=0.1020  [10.8s]
   median nu  = 0.624
   median |eta| = 1.214
  rho=0.26024 (8/20)
    fp=0.0229 tp=0.1531  [10.7s]
   median nu  = 0.658
   median |eta| = 1.088
  rho=0.23054 (9/20)
    fp=0.0344 tp=0.2245  [10.6s]
   median nu  = 0.719
   median |eta| = 0.932
  rho=0.20422 (10/20)
    fp=0.0507 tp=0.2959  [10.4s]
   median nu  = 0.787
   median |eta| = 0.747
  rho=0.18092 (11/20)
    fp=0.0664 tp=0.3571  [10.2s]
   median nu  = 0.863
   median |eta| = 0.609
  rho=0.16027 (12/20)
    fp=0.0886 tp=0.3878  [9.9s]
   median nu  = 0.931
   median |eta| = 0.47
  rho=0.14197 (13/20)
    fp=0.1078 tp=0.4082  [9.4s]
   median nu  = 1.034
   median |eta| = 0.398
  rho=0.12577 (14/20)
    fp=0.1274 tp=0.4694  [9.2s]
   median nu  = 1.12
   median |eta| = 0.293
  rho=0.11142 (15/20)
    fp=0.1511 tp=0.5000  [9.0s]
   median nu  = 1.205
   median |eta| = 0.237
  rho=0.09870 (16/20)
    fp=0.1733 tp=0.5306  [9.7s]
   median nu  = 1.278
   median |eta| = 0.199
  rho=0.08743 (17/20)
    fp=0.1979 tp=0.5714  [9.5s]
   median nu  = 1.371
   median |eta| = 0.14
  rho=0.07746 (18/20)
    fp=0.2166 tp=0.6020  [9.5s]
   median nu  = 1.454
   median |eta| = 0.106
  rho=0.06862 (19/20)
    fp=0.2364 tp=0.6327  [9.3s]
   median nu  = 1.569
   median |eta| = 0.082
  rho=0.06078 (20/20)
    fp=0.2576 tp=0.6429  [9.1s]
   median nu  = 1.678
   median |eta| = 0.062
  rho=0.05385 (21/21)  [extra 1/50]
    fp=0.2735 tp=0.6939  [9.1s]
   median nu  = 1.763
   median |eta| = 0.049
  rho=0.04770 (22/22)  [extra 2/50]
    fp=0.2914 tp=0.7041  [9.1s]
   median nu  = 1.867
   median |eta| = 0.037
  rho=0.04226 (23/23)  [extra 3/50]
    fp=0.3059 tp=0.7143  [9.0s]
   median nu  = 1.988
   median |eta| = 0.029
  FPR 0.3059 >= fp_end=0.3; stopping after 23 fits
  grid extended by 3 points down to rho=0.04226, ending at FPR 0.3059
  graphical_lasso rho_max = max|S_ij| (off-diag) = 140.45889
  rho grid: [140.45888777 124.4278641  110.2265126   97.64600694  86.50135476
  76.62867751  67.8828006   60.13511869  53.27170459  47.19163396
  41.80550131  37.03410527  32.80728397  29.06288335  25.7458432
  22.80738748  20.20430714  17.89832472  15.85553147  14.04588878]
Running graphical_lasso over 20 rho values, extending until FPR >= 0.3...
  rho=140.45889 (1/20)
    fp=0.0000 tp=0.0000  [0.0s]
  rho=124.42786 (2/20)
    fp=0.0002 tp=0.0000  [0.0s]
  rho=110.22651 (3/20)
    fp=0.0002 tp=0.0000  [0.0s]
  rho=97.64601 (4/20)
    fp=0.0002 tp=0.0000  [0.0s]
  rho=86.50135 (5/20)
    fp=0.0002 tp=0.0000  [0.0s]
  rho=76.62868 (6/20)
    fp=0.0004 tp=0.0000  [0.0s]
  rho=67.88280 (7/20)
    fp=0.0006 tp=0.0000  [0.0s]
  rho=60.13512 (8/20)
    fp=0.0008 tp=0.0000  [0.0s]
  rho=53.27170 (9/20)
    fp=0.0010 tp=0.0000  [0.0s]
  rho=47.19163 (10/20)
    fp=0.0021 tp=0.0000  [0.0s]
  rho=41.80550 (11/20)
    fp=0.0029 tp=0.0000  [0.0s]
  rho=37.03411 (12/20)
    fp=0.0035 tp=0.0000  [8.9s]
  rho=32.80728 (13/20)
    fp=0.0047 tp=0.0000  [8.9s]
  rho=29.06288 (14/20)
    fp=0.0056 tp=0.0000  [0.0s]
  rho=25.74584 (15/20)
    fp=0.0064 tp=0.0000  [9.4s]
  rho=22.80739 (16/20)
    fp=0.0076 tp=0.0000  [0.0s]
  rho=20.20431 (17/20)
    fp=0.0080 tp=0.0102  [0.0s]
  rho=17.89832 (18/20)
    fp=0.0089 tp=0.0102  [0.0s]
  rho=15.85553 (19/20)
    fp=0.0107 tp=0.0102  [0.0s]
  rho=14.04589 (20/20)
    fp=0.0126 tp=0.0204  [9.1s]
  rho=12.44279 (21/21)  [extra 1/50]
    fp=0.0140 tp=0.0204  [0.0s]
  rho=11.02265 (22/22)  [extra 2/50]
    fp=0.0157 tp=0.0204  [0.0s]
  rho=9.76460 (23/23)  [extra 3/50]
    fp=0.0163 tp=0.0204  [0.0s]
  rho=8.65014 (24/24)  [extra 4/50]
    fp=0.0188 tp=0.0204  [0.0s]
  rho=7.66287 (25/25)  [extra 5/50]
    fp=0.0221 tp=0.0204  [0.0s]
  rho=6.78828 (26/26)  [extra 6/50]
    fp=0.0260 tp=0.0204  [0.2s]
  rho=6.01351 (27/27)  [extra 7/50]
    fp=0.0286 tp=0.0204  [0.1s]
  rho=5.32717 (28/28)  [extra 8/50]
    fp=0.0336 tp=0.0204  [0.3s]
  rho=4.71916 (29/29)  [extra 9/50]
    fp=0.0373 tp=0.0204  [0.0s]
  rho=4.18055 (30/30)  [extra 10/50]
    fp=0.0416 tp=0.0204  [0.5s]
  rho=3.70341 (31/31)  [extra 11/50]
    fp=0.0458 tp=0.0306  [0.4s]
  rho=3.28073 (32/32)  [extra 12/50]
    fp=0.0505 tp=0.0306  [0.5s]
  rho=2.90629 (33/33)  [extra 13/50]
    fp=0.0565 tp=0.0510  [0.2s]
  rho=2.57458 (34/34)  [extra 14/50]
    fp=0.0655 tp=0.0612  [0.1s]
  rho=2.28074 (35/35)  [extra 15/50]
    fp=0.0756 tp=0.0612  [0.4s]
  rho=2.02043 (36/36)  [extra 16/50]
    fp=0.0851 tp=0.0714  [0.2s]
  rho=1.78983 (37/37)  [extra 17/50]
    fp=0.0948 tp=0.0816  [0.3s]
  rho=1.58555 (38/38)  [extra 18/50]
    fp=0.1096 tp=0.0816  [0.2s]
  rho=1.40459 (39/39)  [extra 19/50]
    fp=0.1197 tp=0.0918  [0.2s]
  rho=1.24428 (40/40)  [extra 20/50]
    fp=0.1354 tp=0.1122  [0.2s]
  rho=1.10227 (41/41)  [extra 21/50]
    fp=0.1505 tp=0.1224  [0.1s]
  rho=0.97646 (42/42)  [extra 22/50]
    fp=0.1645 tp=0.1531  [0.2s]
  rho=0.86501 (43/43)  [extra 23/50]
    fp=0.1838 tp=0.1531  [0.1s]
  rho=0.76629 (44/44)  [extra 24/50]
    fp=0.2001 tp=0.1735  [0.3s]
  rho=0.67883 (45/45)  [extra 25/50]
    fp=0.2181 tp=0.2143  [0.0s]
  rho=0.60135 (46/46)  [extra 26/50]
    fp=0.2407 tp=0.2347  [0.1s]
  rho=0.53272 (47/47)  [extra 27/50]
    fp=0.2620 tp=0.2755  [0.6s]
  rho=0.47192 (48/48)  [extra 28/50]
    fp=0.2819 tp=0.3061  [0.1s]
  rho=0.41806 (49/49)  [extra 29/50]
    fp=0.3069 tp=0.3367  [0.1s]
  FPR 0.3069 >= fp_end=0.3; stopping after 49 fits
  [note] 4/49 fits hit a glasso ConvergenceWarning (suppressed)
  grid extended by 29 points down to rho=0.41806, ending at FPR 0.3069
  [warn] mean_roc averages out to FPR 0.300 but the shortest replicate only reached 0.253; its TPR is held flat above that
  [warn] mean_roc averages out to FPR 0.300 but the shortest replicate only reached 0.208; its TPR is held flat above that

(p=100, n=50) over 18 replicates
  t+lasso  (run_em_diagonal):    AUC = 0.140 (SE 0.003)
  ~t+lasso (run_em_exact):       AUC = 0.133 (SE 0.003)
  tlasso   (run_tlasso):         AUC = 0.049 (SE 0.002)
  t*lasso  (run_tstar_varlasso): AUC = 0.110 (SE 0.003)
  glasso   (graphical_lasso):    AUC = 0.049 (SE 0.002)
Replicate 19/50
  Theta: 86/4950 edges
  pilot fit of run_tlasso at rho=30.34854
  -> rho_max = max|S_ij| (off-diag) = 63264.14787
  [note] pilot fit hit a glasso ConvergenceWarning (suppressed)
  rho grid: [63264.14787215 56043.60762353 49647.17080846 43980.77985703
 38961.11229168 34514.35549664 30575.12132688 27085.48459624
 23994.13130597 21255.6040887  18829.63377228 16680.54723445
 14776.74284087 13090.22575315 11596.19627369 10272.68517394
  9100.23064393  8061.59211253  7141.49673032  6326.41478721]
Running run_tlasso over 20 rho values, extending until FPR >= 0.3...
  rho=63264.14787 (1/20)
    fp=0.0002 tp=0.0000  [0.1s]
   nu  = 3.0000
  rho=56043.60762 (2/20)
    fp=0.0002 tp=0.0000  [0.0s]
   nu  = 3.0000
  rho=49647.17081 (3/20)
    fp=0.0002 tp=0.0000  [0.1s]
   nu  = 3.0000
  rho=43980.77986 (4/20)
    fp=0.0002 tp=0.0000  [0.0s]
   nu  = 3.0000
  rho=38961.11229 (5/20)
    fp=0.0002 tp=0.0000  [0.1s]
   nu  = 3.0000
  rho=34514.35550 (6/20)
    fp=0.0002 tp=0.0000  [0.0s]
   nu  = 3.0000
  rho=30575.12133 (7/20)
    fp=0.0002 tp=0.0000  [0.1s]
   nu  = 3.0000
  rho=27085.48460 (8/20)
    fp=0.0002 tp=0.0000  [0.0s]
   nu  = 3.0000
  rho=23994.13131 (9/20)
    fp=0.0002 tp=0.0000  [0.1s]
   nu  = 3.0000
  rho=21255.60409 (10/20)
    fp=0.0002 tp=0.0000  [0.0s]
   nu  = 3.0000
  rho=18829.63377 (11/20)
    fp=0.0002 tp=0.0000  [0.1s]
   nu  = 3.0000
  rho=16680.54723 (12/20)
    fp=0.0002 tp=0.0000  [0.0s]
   nu  = 3.0000
  rho=14776.74284 (13/20)
    fp=0.0002 tp=0.0000  [0.1s]
   nu  = 3.0000
  rho=13090.22575 (14/20)
    fp=0.0002 tp=0.0000  [0.0s]
   nu  = 3.0000
  rho=11596.19627 (15/20)
    fp=0.0002 tp=0.0000  [0.1s]
   nu  = 3.0000
  rho=10272.68517 (16/20)
    fp=0.0002 tp=0.0000  [0.0s]
   nu  = 3.0000
  rho=9100.23064 (17/20)
    fp=0.0002 tp=0.0000  [0.1s]
   nu  = 3.0000
  rho=8061.59211 (18/20)
    fp=0.0002 tp=0.0000  [0.1s]
   nu  = 3.0000
  rho=7141.49673 (19/20)
    fp=0.0002 tp=0.0000  [0.1s]
   nu  = 3.0000
  rho=6326.41479 (20/20)
    fp=0.0002 tp=0.0000  [0.1s]
   nu  = 3.0000
  rho=5604.36076 (21/21)  [extra 1/50]
    fp=0.0002 tp=0.0000  [0.1s]
   nu  = 3.0000
  rho=4964.71708 (22/22)  [extra 2/50]
    fp=0.0002 tp=0.0000  [0.1s]
   nu  = 3.0000
  rho=4398.07799 (23/23)  [extra 3/50]
    fp=0.0002 tp=0.0000  [0.1s]
   nu  = 3.0000
  rho=3896.11123 (24/24)  [extra 4/50]
    fp=0.0002 tp=0.0000  [0.1s]
   nu  = 3.0000
  rho=3451.43555 (25/25)  [extra 5/50]
    fp=0.0004 tp=0.0000  [0.1s]
   nu  = 3.0000
  rho=3057.51213 (26/26)  [extra 6/50]
    fp=0.0006 tp=0.0000  [0.1s]
   nu  = 3.0000
  rho=2708.54846 (27/27)  [extra 7/50]
    fp=0.0008 tp=0.0000  [0.1s]
   nu  = 3.0000
  rho=2399.41313 (28/28)  [extra 8/50]
    fp=0.0010 tp=0.0000  [0.1s]
   nu  = 3.0000
  rho=2125.56041 (29/29)  [extra 9/50]
    fp=0.0012 tp=0.0000  [0.1s]
   nu  = 3.0000
  rho=1882.96338 (30/30)  [extra 10/50]
    fp=0.0012 tp=0.0000  [0.1s]
   nu  = 3.0000
  rho=1668.05472 (31/31)  [extra 11/50]
  [warn] glasso failed at iter 0: Non SPD result: the system is too ill-conditioned for this solver. The system is too ill-conditioned for this solver; keeping previous Theta
    fp=0.0012 tp=0.0000  [0.0s]  [STALE: glasso failed on 1 EM iters]
   nu  = 3.0000
  rho=1477.67428 (32/32)  [extra 12/50]
  [warn] glasso failed at iter 0: Non SPD result: the system is too ill-conditioned for this solver. The system is too ill-conditioned for this solver; keeping previous Theta
    fp=0.0012 tp=0.0000  [0.0s]  [STALE: glasso failed on 1 EM iters]
   nu  = 3.0000
  rho=1309.02258 (33/33)  [extra 13/50]
  [warn] glasso failed at iter 0: Non SPD result: the system is too ill-conditioned for this solver. The system is too ill-conditioned for this solver; keeping previous Theta
    fp=0.0012 tp=0.0000  [0.0s]  [STALE: glasso failed on 1 EM iters]
   nu  = 3.0000
  rho=1159.61963 (34/34)  [extra 14/50]
    fp=0.0031 tp=0.0000  [0.1s]
   nu  = 3.0000
  rho=1027.26852 (35/35)  [extra 15/50]
    fp=0.0037 tp=0.0000  [0.1s]
   nu  = 3.0000
  rho=910.02306 (36/36)  [extra 16/50]
    fp=0.0041 tp=0.0000  [0.1s]
   nu  = 3.0000
  rho=806.15921 (37/37)  [extra 17/50]
    fp=0.0049 tp=0.0000  [0.1s]
   nu  = 3.0000
  rho=714.14967 (38/38)  [extra 18/50]
    fp=0.0060 tp=0.0000  [0.3s]
   nu  = 3.0000
  rho=632.64148 (39/39)  [extra 19/50]
  [warn] glasso failed at iter 1: Non SPD result: the system is too ill-conditioned for this solver. The system is too ill-conditioned for this solver; keeping previous Theta
  [warn] glasso failed at iter 2: Non SPD result: the system is too ill-conditioned for this solver. The system is too ill-conditioned for this solver; keeping previous Theta
  [warn] glasso failed at iter 3: Non SPD result: the system is too ill-conditioned for this solver. The system is too ill-conditioned for this solver; keeping previous Theta
    fp=0.0072 tp=0.0000  [0.2s]  [STALE: glasso failed on 3 EM iters]
   nu  = 3.0000
  rho=560.43608 (40/40)  [extra 20/50]
  [warn] glasso failed at iter 2: Non SPD result: the system is too ill-conditioned for this solver. The system is too ill-conditioned for this solver; keeping previous Theta
  [warn] glasso failed at iter 3: Non SPD result: the system is too ill-conditioned for this solver. The system is too ill-conditioned for this solver; keeping previous Theta
    fp=0.0090 tp=0.0000  [0.1s]  [STALE: glasso failed on 2 EM iters]
   nu  = 3.0000
  rho=496.47171 (41/41)  [extra 21/50]
  [warn] glasso failed at iter 0: Non SPD result: the system is too ill-conditioned for this solver. The system is too ill-conditioned for this solver; keeping previous Theta
    fp=0.0090 tp=0.0000  [0.0s]  [STALE: glasso failed on 1 EM iters]
   nu  = 3.0000
  rho=439.80780 (42/42)  [extra 22/50]
  [warn] glasso failed at iter 1: Non SPD result: the system is too ill-conditioned for this solver. The system is too ill-conditioned for this solver; keeping previous Theta
  [warn] glasso failed at iter 2: Non SPD result: the system is too ill-conditioned for this solver. The system is too ill-conditioned for this solver; keeping previous Theta
  [warn] glasso failed at iter 3: Non SPD result: the system is too ill-conditioned for this solver. The system is too ill-conditioned for this solver; keeping previous Theta
    fp=0.0121 tp=0.0000  [0.2s]  [STALE: glasso failed on 3 EM iters]
   nu  = 3.0000
  rho=389.61112 (43/43)  [extra 23/50]
    fp=0.0136 tp=0.0116  [0.1s]
   nu  = 3.0000
  rho=345.14355 (44/44)  [extra 24/50]
    fp=0.0160 tp=0.0116  [0.1s]
   nu  = 3.0000
  rho=305.75121 (45/45)  [extra 25/50]
    fp=0.0187 tp=0.0116  [0.1s]
   nu  = 3.0000
  rho=270.85485 (46/46)  [extra 26/50]
  [warn] glasso failed at iter 0: Non SPD result: the system is too ill-conditioned for this solver. The system is too ill-conditioned for this solver; keeping previous Theta
    fp=0.0187 tp=0.0116  [0.1s]  [STALE: glasso failed on 1 EM iters]
   nu  = 3.0000
  rho=239.94131 (47/47)  [extra 27/50]
  [warn] glasso failed at iter 0: Non SPD result: the system is too ill-conditioned for this solver. The system is too ill-conditioned for this solver; keeping previous Theta
    fp=0.0187 tp=0.0116  [0.0s]  [STALE: glasso failed on 1 EM iters]
   nu  = 3.0000
  rho=212.55604 (48/48)  [extra 28/50]
  [warn] glasso failed at iter 0: Non SPD result: the system is too ill-conditioned for this solver. The system is too ill-conditioned for this solver; keeping previous Theta
    fp=0.0187 tp=0.0116  [0.0s]  [STALE: glasso failed on 1 EM iters]
   nu  = 3.0000
  rho=188.29634 (49/49)  [extra 29/50]
  [warn] glasso failed at iter 0: Non SPD result: the system is too ill-conditioned for this solver. The system is too ill-conditioned for this solver; keeping previous Theta
    fp=0.0187 tp=0.0116  [0.0s]  [STALE: glasso failed on 1 EM iters]
   nu  = 3.0000
  rho=166.80547 (50/50)  [extra 30/50]
  [warn] glasso failed at iter 1: Non SPD result: the system is too ill-conditioned for this solver. The system is too ill-conditioned for this solver; keeping previous Theta
  [warn] glasso failed at iter 2: Non SPD result: the system is too ill-conditioned for this solver. The system is too ill-conditioned for this solver; keeping previous Theta
  [warn] glasso failed at iter 3: Non SPD result: the system is too ill-conditioned for this solver. The system is too ill-conditioned for this solver; keeping previous Theta
    fp=0.0354 tp=0.0233  [0.1s]  [STALE: glasso failed on 3 EM iters]
   nu  = 3.0000
  rho=147.76743 (51/51)  [extra 31/50]
    fp=0.0380 tp=0.0233  [0.2s]
   nu  = 3.0000
  rho=130.90226 (52/52)  [extra 32/50]
    fp=0.0411 tp=0.0349  [0.1s]
   nu  = 3.0000
  rho=115.96196 (53/53)  [extra 33/50]
    fp=0.0452 tp=0.0349  [0.3s]
   nu  = 3.0000
  rho=102.72685 (54/54)  [extra 34/50]
    fp=0.0489 tp=0.0349  [0.7s]
   nu  = 3.0000
  rho=91.00231 (55/55)  [extra 35/50]
    fp=0.0524 tp=0.0465  [0.5s]
   nu  = 3.0000
  rho=80.61592 (56/56)  [extra 36/50]
    fp=0.0563 tp=0.0465  [14.2s]
   nu  = 3.0000
  rho=71.41497 (57/57)  [extra 37/50]
    fp=0.0596 tp=0.0465  [0.8s]
   nu  = 3.0000
  rho=63.26415 (58/58)  [extra 38/50]
    fp=0.0637 tp=0.0465  [27.0s]
   nu  = 3.0000
  rho=56.04361 (59/59)  [extra 39/50]
    fp=0.0678 tp=0.0581  [34.4s]
   nu  = 3.0000
  rho=49.64717 (60/60)  [extra 40/50]
    fp=0.0718 tp=0.0581  [0.7s]
   nu  = 3.0000
  rho=43.98078 (61/61)  [extra 41/50]
    fp=0.0783 tp=0.0581  [1.8s]
   nu  = 3.0000
  rho=38.96111 (62/62)  [extra 42/50]
    fp=0.0833 tp=0.0581  [0.8s]
   nu  = 3.0000
  rho=34.51436 (63/63)  [extra 43/50]
    fp=0.0892 tp=0.0930  [0.9s]
   nu  = 3.0000
  rho=30.57512 (64/64)  [extra 44/50]
    fp=0.0966 tp=0.1047  [33.3s]
   nu  = 3.0000
  rho=27.08548 (65/65)  [extra 45/50]
    fp=0.1030 tp=0.1163  [2.4s]
   nu  = 3.0000
  rho=23.99413 (66/66)  [extra 46/50]
    fp=0.1123 tp=0.1279  [0.7s]
   nu  = 3.0000
  rho=21.25560 (67/67)  [extra 47/50]
    fp=0.1213 tp=0.1395  [0.9s]
   nu  = 3.0000
  rho=18.82963 (68/68)  [extra 48/50]
  [warn] glasso failed at iter 0: Non SPD result: the system is too ill-conditioned for this solver. The system is too ill-conditioned for this solver; keeping previous Theta
  [warn] glasso failed at iter 1: Non SPD result: the system is too ill-conditioned for this solver. The system is too ill-conditioned for this solver; keeping previous Theta
    fp=0.1213 tp=0.1395  [0.0s]  [STALE: glasso failed on 2 EM iters]
   nu  = 3.0000
  rho=16.68055 (69/69)  [extra 49/50]
  [warn] glasso failed at iter 0: Non SPD result: the system is too ill-conditioned for this solver. The system is too ill-conditioned for this solver; keeping previous Theta
    fp=0.1213 tp=0.1395  [0.0s]  [STALE: glasso failed on 1 EM iters]
   nu  = 3.0000
  rho=14.77674 (70/70)  [extra 50/50]
  [warn] glasso failed at iter 0: Non SPD result: the system is too ill-conditioned for this solver. The system is too ill-conditioned for this solver; keeping previous Theta
    fp=0.1213 tp=0.1395  [0.0s]  [STALE: glasso failed on 1 EM iters]
   nu  = 3.0000
  [note] 17/70 fits hit a glasso ConvergenceWarning (suppressed)
  [WARN] 15/70 points came from a fit whose glasso failed; those Thetas are stale, not estimates
  [warn] FPR stalled at 0.1213 < fp_end=0.3 after 50 extra fits (cap max_extra=50); the curve stops short of fp_end
  grid extended by 50 points down to rho=14.77674, ending at FPR 0.1213
  [warn] AUC integrates to fp_end=0.3 but the curve stops at FPR 0.1213; TPR held flat above that
  pilot fit of run_tstar_varlasso at rho=0.30349
  -> rho_max = max|S_ij| (off-diag) = 0.82353
  rho grid: [0.82353419 0.72954159 0.64627667 0.57251504 0.50717206 0.44928689
 0.39800833 0.35258236 0.31234101 0.27669252 0.24511272 0.21713722
 0.19235465 0.1704006  0.15095223 0.13372357 0.11846127 0.1049409
 0.09296366 0.08235342]
Running run_tstar_varlasso over 20 rho values, extending until FPR >= 0.3...
  rho=0.82353 (1/20)
    fp=0.0012 tp=0.0116  [0.2s]
   nu  = 3.0000
  rho=0.72954 (2/20)
    fp=0.0023 tp=0.0116  [0.1s]
   nu  = 3.0000
  rho=0.64628 (3/20)
    fp=0.0031 tp=0.0233  [0.1s]
   nu  = 3.0000
  rho=0.57252 (4/20)
    fp=0.0064 tp=0.0233  [0.1s]
   nu  = 3.0000
  rho=0.50717 (5/20)
    fp=0.0101 tp=0.0233  [0.1s]
   nu  = 3.0000
  rho=0.44929 (6/20)
    fp=0.0154 tp=0.0233  [0.1s]
   nu  = 3.0000
  rho=0.39801 (7/20)
    fp=0.0222 tp=0.0465  [0.1s]
   nu  = 3.0000
  rho=0.35258 (8/20)
    fp=0.0300 tp=0.0930  [0.1s]
   nu  = 3.0000
  rho=0.31234 (9/20)
    fp=0.0395 tp=0.1512  [0.1s]
   nu  = 3.0000
  rho=0.27669 (10/20)
    fp=0.0543 tp=0.1977  [0.1s]
   nu  = 3.0000
  rho=0.24511 (11/20)
    fp=0.0744 tp=0.2209  [0.1s]
   nu  = 3.0000
  rho=0.21714 (12/20)
    fp=0.0944 tp=0.2674  [0.1s]
   nu  = 3.0000
  rho=0.19235 (13/20)
    fp=0.1174 tp=0.2907  [0.1s]
   nu  = 3.0000
  rho=0.17040 (14/20)
    fp=0.1439 tp=0.3488  [0.2s]
   nu  = 3.0000
  rho=0.15095 (15/20)
    fp=0.1682 tp=0.3953  [0.2s]
   nu  = 3.0000
  rho=0.13372 (16/20)
    fp=0.1959 tp=0.4186  [0.2s]
   nu  = 3.0000
  rho=0.11846 (17/20)
    fp=0.2235 tp=0.4884  [0.2s]
   nu  = 3.0000
  rho=0.10494 (18/20)
    fp=0.2502 tp=0.5116  [0.2s]
   nu  = 3.0000
  rho=0.09296 (19/20)
    fp=0.2767 tp=0.5349  [0.2s]
   nu  = 3.0000
  rho=0.08235 (20/20)
    fp=0.3043 tp=0.6163  [0.2s]
   nu  = 3.0000
  FPR 0.3043 >= fp_end=0.3; stopping after 20 fits
  pilot fit of run_em_diagonal at rho=0.30349
  -> rho_max = max|S_ij| (off-diag) = 0.68971
  rho grid: [0.68971054 0.61099166 0.54125722 0.4794818  0.424757   0.37627812
 0.33333229 0.29528801 0.26158584 0.23173021 0.2052821  0.18185259
 0.16109717 0.14271063 0.12642261 0.11199359 0.0992114  0.08788809
 0.07785714 0.06897105]
Running run_em_diagonal over 20 rho values, extending until FPR >= 0.3...
  rho=0.68971 (1/20)
    fp=0.0002 tp=0.0116  [10.5s]
   median nu  = 0.387
   median |eta| = 1.472
  rho=0.61099 (2/20)
    fp=0.0002 tp=0.0116  [10.5s]
   median nu  = 0.402
   median |eta| = 1.411
  rho=0.54126 (3/20)
    fp=0.0008 tp=0.0116  [10.5s]
   median nu  = 0.415
   median |eta| = 1.4
  rho=0.47948 (4/20)
    fp=0.0016 tp=0.0116  [10.6s]
   median nu  = 0.437
   median |eta| = 1.406
  rho=0.42476 (5/20)
    fp=0.0029 tp=0.0116  [10.5s]
   median nu  = 0.462
   median |eta| = 1.323
  rho=0.37628 (6/20)
    fp=0.0064 tp=0.0581  [10.6s]
   median nu  = 0.491
   median |eta| = 1.261
  rho=0.33333 (7/20)
    fp=0.0099 tp=0.0930  [10.8s]
   median nu  = 0.523
   median |eta| = 1.258
  rho=0.29529 (8/20)
    fp=0.0134 tp=0.1395  [10.8s]
   median nu  = 0.55
   median |eta| = 1.274
  rho=0.26159 (9/20)
    fp=0.0201 tp=0.1744  [11.0s]
   median nu  = 0.564
   median |eta| = 1.307
  rho=0.23173 (10/20)
    fp=0.0282 tp=0.2209  [11.0s]
   median nu  = 0.576
   median |eta| = 1.254
  rho=0.20528 (11/20)
    fp=0.0403 tp=0.2326  [11.3s]
   median nu  = 0.587
   median |eta| = 1.262
  rho=0.18185 (12/20)
    fp=0.0539 tp=0.2442  [11.1s]
   median nu  = 0.6
   median |eta| = 1.255
  rho=0.16110 (13/20)
    fp=0.0734 tp=0.2442  [11.2s]
   median nu  = 0.637
   median |eta| = 1.241
  rho=0.14271 (14/20)
    fp=0.0878 tp=0.2907  [11.1s]
   median nu  = 0.642
   median |eta| = 1.075
  rho=0.12642 (15/20)
    fp=0.1059 tp=0.3140  [11.1s]
   median nu  = 0.666
   median |eta| = 1.054
  rho=0.11199 (16/20)
    fp=0.1244 tp=0.3372  [11.1s]
   median nu  = 0.688
   median |eta| = 0.91
  rho=0.09921 (17/20)
    fp=0.1425 tp=0.3721  [11.0s]
   median nu  = 0.693
   median |eta| = 0.864
  rho=0.08789 (18/20)
    fp=0.1595 tp=0.4302  [11.1s]
   median nu  = 0.724
   median |eta| = 0.839
  rho=0.07786 (19/20)
    fp=0.1782 tp=0.4535  [11.0s]
   median nu  = 0.8
   median |eta| = 0.869
  rho=0.06897 (20/20)
    fp=0.1943 tp=0.4651  [12.1s]
   median nu  = 0.839
   median |eta| = 0.854
  rho=0.06110 (21/21)  [extra 1/50]
    fp=0.2107 tp=0.5349  [11.9s]
   median nu  = 0.845
   median |eta| = 0.835
  rho=0.05413 (22/22)  [extra 2/50]
    fp=0.2262 tp=0.5930  [11.8s]
   median nu  = 0.839
   median |eta| = 0.773
  rho=0.04795 (23/23)  [extra 3/50]
    fp=0.2393 tp=0.6047  [12.4s]
   median nu  = 0.832
   median |eta| = 0.803
  rho=0.04248 (24/24)  [extra 4/50]
    fp=0.2531 tp=0.6163  [12.2s]
   median nu  = 0.873
   median |eta| = 0.95
  rho=0.03763 (25/25)  [extra 5/50]
    fp=0.2636 tp=0.6279  [12.2s]
   median nu  = 0.911
   median |eta| = 0.949
  rho=0.03333 (26/26)  [extra 6/50]
    fp=0.2815 tp=0.6628  [11.7s]
   median nu  = 0.916
   median |eta| = 0.983
  rho=0.02953 (27/27)  [extra 7/50]
    fp=0.2905 tp=0.6860  [11.3s]
   median nu  = 0.9
   median |eta| = 1.022
  rho=0.02616 (28/28)  [extra 8/50]
    fp=0.3043 tp=0.6860  [11.4s]
   median nu  = 0.894
   median |eta| = 0.977
  FPR 0.3043 >= fp_end=0.3; stopping after 28 fits
  grid extended by 8 points down to rho=0.02616, ending at FPR 0.3043
  pilot fit of run_em_exact at rho=0.30349
  -> rho_max = max|S_ij| (off-diag) = 0.75688
  rho grid: [0.75687695 0.67049216 0.59396674 0.52617541 0.46612132 0.4129214
 0.36579335 0.32404418 0.28705998 0.2542969  0.22527318 0.19956203
 0.17678538 0.15660829 0.13873409 0.12289992 0.10887296 0.09644694
 0.08543914 0.0756877 ]
Running run_em_exact over 20 rho values, extending until FPR >= 0.3...
  rho=0.75688 (1/20)
    fp=0.0002 tp=0.0116  [11.0s]
   median nu  = 0.375
   median |eta| = 1.377
  rho=0.67049 (2/20)
    fp=0.0002 tp=0.0116  [10.9s]
   median nu  = 0.391
   median |eta| = 1.404
  rho=0.59397 (3/20)
    fp=0.0002 tp=0.0116  [10.7s]
   median nu  = 0.405
   median |eta| = 1.407
  rho=0.52618 (4/20)
    fp=0.0008 tp=0.0116  [10.6s]
   median nu  = 0.429
   median |eta| = 1.418
  rho=0.46612 (5/20)
    fp=0.0019 tp=0.0116  [10.6s]
   median nu  = 0.471
   median |eta| = 1.388
  rho=0.41292 (6/20)
    fp=0.0035 tp=0.0116  [10.6s]
   median nu  = 0.522
   median |eta| = 1.306
  rho=0.36579 (7/20)
    fp=0.0076 tp=0.0581  [10.5s]
   median nu  = 0.562
   median |eta| = 1.222
  rho=0.32404 (8/20)
    fp=0.0115 tp=0.1279  [10.3s]
   median nu  = 0.59
   median |eta| = 1.132
  rho=0.28706 (9/20)
    fp=0.0164 tp=0.1512  [10.1s]
   median nu  = 0.623
   median |eta| = 1.026
  rho=0.25430 (10/20)
    fp=0.0259 tp=0.1860  [9.9s]
   median nu  = 0.665
   median |eta| = 0.893
  rho=0.22527 (11/20)
    fp=0.0384 tp=0.2209  [9.6s]
   median nu  = 0.721
   median |eta| = 0.77
  rho=0.19956 (12/20)
    fp=0.0506 tp=0.2442  [9.3s]
   median nu  = 0.792
   median |eta| = 0.683
  rho=0.17679 (13/20)
    fp=0.0701 tp=0.2558  [9.2s]
   median nu  = 0.851
   median |eta| = 0.613
  rho=0.15661 (14/20)
    fp=0.0907 tp=0.3023  [8.9s]
   median nu  = 0.893
   median |eta| = 0.486
  rho=0.13873 (15/20)
    fp=0.1147 tp=0.3256  [8.6s]
   median nu  = 0.951
   median |eta| = 0.387
  rho=0.12290 (16/20)
    fp=0.1386 tp=0.3488  [8.9s]
   median nu  = 1.041
   median |eta| = 0.319
  rho=0.10887 (17/20)
    fp=0.1610 tp=0.3953  [9.0s]
   median nu  = 1.118
   median |eta| = 0.234
  rho=0.09645 (18/20)
    fp=0.1844 tp=0.4651  [8.9s]
   median nu  = 1.195
   median |eta| = 0.187
  rho=0.08544 (19/20)
    fp=0.2107 tp=0.4651  [8.7s]
   median nu  = 1.297
   median |eta| = 0.149
  rho=0.07569 (20/20)
    fp=0.2336 tp=0.5233  [8.7s]
   median nu  = 1.385
   median |eta| = 0.113
  rho=0.06705 (21/21)  [extra 1/50]
    fp=0.2527 tp=0.5233  [9.0s]
   median nu  = 1.476
   median |eta| = 0.088
  rho=0.05940 (22/22)  [extra 2/50]
    fp=0.2712 tp=0.6047  [8.8s]
   median nu  = 1.585
   median |eta| = 0.069
  rho=0.05262 (23/23)  [extra 3/50]
    fp=0.2909 tp=0.6279  [8.4s]
   median nu  = 1.707
   median |eta| = 0.051
  rho=0.04661 (24/24)  [extra 4/50]
    fp=0.3059 tp=0.6395  [8.6s]
   median nu  = 1.85
   median |eta| = 0.036
  FPR 0.3059 >= fp_end=0.3; stopping after 24 fits
  grid extended by 4 points down to rho=0.04661, ending at FPR 0.3059
  graphical_lasso rho_max = max|S_ij| (off-diag) = 3621.63512
  rho grid: [3621.63511572 3208.286276   2842.11426604 2517.73464283 2230.37750715
 1975.81736366 1750.31098638 1550.54237573 1373.57399778 1216.8035888
 1077.92588977  954.89874827  845.9130893   749.36631338  663.83873088
  588.07268587  520.95406276  461.49590353  408.82389485  362.16351157]
Running graphical_lasso over 20 rho values, extending until FPR >= 0.3...
  rho=3621.63512 (1/20)
    fp=0.0000 tp=0.0000  [0.0s]
  rho=3208.28628 (2/20)
    fp=0.0002 tp=0.0000  [0.0s]
  rho=2842.11427 (3/20)
    fp=0.0002 tp=0.0000  [8.8s]
  rho=2517.73464 (4/20)
    fp=0.0002 tp=0.0000  [0.0s]
  rho=2230.37751 (5/20)
    fp=0.0002 tp=0.0000  [0.0s]
  rho=1975.81736 (6/20)
    fp=0.0002 tp=0.0000  [0.0s]
  rho=1750.31099 (7/20)
    fp=0.0002 tp=0.0000  [8.8s]
  rho=1550.54238 (8/20)
    fp=0.0002 tp=0.0000  [8.7s]
  rho=1373.57400 (9/20)
    fp=0.0002 tp=0.0000  [8.7s]
  rho=1216.80359 (10/20)
    fp=0.0002 tp=0.0000  [8.8s]
  rho=1077.92589 (11/20)
    fp=0.0002 tp=0.0000  [0.0s]
  rho=954.89875 (12/20)
    fp=0.0002 tp=0.0000  [0.0s]
  rho=845.91309 (13/20)
    fp=0.0002 tp=0.0000  [0.0s]
  rho=749.36631 (14/20)
    fp=0.0002 tp=0.0000  [0.1s]
  rho=663.83873 (15/20)
    fp=0.0002 tp=0.0000  [0.0s]
  rho=588.07269 (16/20)
    fp=0.0002 tp=0.0000  [0.0s]
  rho=520.95406 (17/20)
    fp=0.0002 tp=0.0000  [0.0s]
  rho=461.49590 (18/20)
    fp=0.0002 tp=0.0000  [0.0s]
  rho=408.82389 (19/20)
    fp=0.0002 tp=0.0000  [0.0s]
  rho=362.16351 (20/20)
    fp=0.0002 tp=0.0000  [0.0s]
  rho=320.82863 (21/21)  [extra 1/50]
    fp=0.0002 tp=0.0000  [0.0s]
  rho=284.21143 (22/22)  [extra 2/50]
    fp=0.0002 tp=0.0000  [0.0s]
  rho=251.77346 (23/23)  [extra 3/50]
    fp=0.0004 tp=0.0000  [0.0s]
  rho=223.03775 (24/24)  [extra 4/50]
    fp=0.0004 tp=0.0000  [0.0s]
  rho=197.58174 (25/25)  [extra 5/50]
    fp=0.0004 tp=0.0000  [0.0s]
  rho=175.03110 (26/26)  [extra 6/50]
    fp=0.0006 tp=0.0000  [0.0s]
  rho=155.05424 (27/27)  [extra 7/50]
    fp=0.0008 tp=0.0000  [0.0s]
  rho=137.35740 (28/28)  [extra 8/50]
    [WARN] glasso failed: Non SPD result: the system is too ill-conditioned for this solver. The system is too ill-conditioned for this solver; reusing previous Theta
    fp=0.0008 tp=0.0000  [0.0s]
  rho=121.68036 (29/29)  [extra 9/50]
    fp=0.0014 tp=0.0000  [0.0s]
  rho=107.79259 (30/30)  [extra 10/50]
    [WARN] glasso failed: Non SPD result: the system is too ill-conditioned for this solver. The system is too ill-conditioned for this solver; reusing previous Theta
    fp=0.0014 tp=0.0000  [0.0s]
  rho=95.48987 (31/31)  [extra 11/50]
    [WARN] glasso failed: Non SPD result: the system is too ill-conditioned for this solver. The system is too ill-conditioned for this solver; reusing previous Theta
    fp=0.0014 tp=0.0000  [0.0s]
  rho=84.59131 (32/32)  [extra 12/50]
    [WARN] glasso failed: Non SPD result: the system is too ill-conditioned for this solver. The system is too ill-conditioned for this solver; reusing previous Theta
    fp=0.0014 tp=0.0000  [0.0s]
  rho=74.93663 (33/33)  [extra 13/50]
    fp=0.0033 tp=0.0000  [0.0s]
  rho=66.38387 (34/34)  [extra 14/50]
    fp=0.0035 tp=0.0000  [0.0s]
  rho=58.80727 (35/35)  [extra 15/50]
    fp=0.0037 tp=0.0000  [9.5s]
  rho=52.09541 (36/36)  [extra 16/50]
    fp=0.0043 tp=0.0000  [8.9s]
  rho=46.14959 (37/37)  [extra 17/50]
    fp=0.0051 tp=0.0000  [0.1s]
  rho=40.88239 (38/38)  [extra 18/50]
    fp=0.0062 tp=0.0000  [0.0s]
  rho=36.21635 (39/39)  [extra 19/50]
    [WARN] glasso failed: Non SPD result: the system is too ill-conditioned for this solver. The system is too ill-conditioned for this solver; reusing previous Theta
    fp=0.0062 tp=0.0000  [0.0s]
  rho=32.08286 (40/40)  [extra 20/50]
    [WARN] glasso failed: Non SPD result: the system is too ill-conditioned for this solver. The system is too ill-conditioned for this solver; reusing previous Theta
    fp=0.0062 tp=0.0000  [0.0s]
  rho=28.42114 (41/41)  [extra 21/50]
    [WARN] glasso failed: Non SPD result: the system is too ill-conditioned for this solver. The system is too ill-conditioned for this solver; reusing previous Theta
    fp=0.0062 tp=0.0000  [0.1s]
  rho=25.17735 (42/42)  [extra 22/50]
    [WARN] glasso failed: Non SPD result: the system is too ill-conditioned for this solver. The system is too ill-conditioned for this solver; reusing previous Theta
    fp=0.0062 tp=0.0000  [0.0s]
  rho=22.30378 (43/43)  [extra 23/50]
    [WARN] glasso failed: Non SPD result: the system is too ill-conditioned for this solver. The system is too ill-conditioned for this solver; reusing previous Theta
    fp=0.0062 tp=0.0000  [0.0s]
  rho=19.75817 (44/44)  [extra 24/50]
    fp=0.0158 tp=0.0116  [9.1s]
  rho=17.50311 (45/45)  [extra 25/50]
    [WARN] glasso failed: Non SPD result: the system is too ill-conditioned for this solver. The system is too ill-conditioned for this solver; reusing previous Theta
    fp=0.0158 tp=0.0116  [0.0s]
  rho=15.50542 (46/46)  [extra 26/50]
    [WARN] glasso failed: Non SPD result: the system is too ill-conditioned for this solver. The system is too ill-conditioned for this solver; reusing previous Theta
    fp=0.0158 tp=0.0116  [0.0s]
  rho=13.73574 (47/47)  [extra 27/50]
    fp=0.0234 tp=0.0116  [9.1s]
  rho=12.16804 (48/48)  [extra 28/50]
    [WARN] glasso failed: Non SPD result: the system is too ill-conditioned for this solver. The system is too ill-conditioned for this solver; reusing previous Theta
    fp=0.0234 tp=0.0116  [0.0s]
  rho=10.77926 (49/49)  [extra 29/50]
    [WARN] glasso failed: Non SPD result: the system is too ill-conditioned for this solver. The system is too ill-conditioned for this solver; reusing previous Theta
    fp=0.0234 tp=0.0116  [0.0s]
  rho=9.54899 (50/50)  [extra 30/50]
    [WARN] glasso failed: Non SPD result: the system is too ill-conditioned for this solver. The system is too ill-conditioned for this solver; reusing previous Theta
    fp=0.0234 tp=0.0116  [0.0s]
  rho=8.45913 (51/51)  [extra 31/50]
    [WARN] glasso failed: Non SPD result: the system is too ill-conditioned for this solver. The system is too ill-conditioned for this solver; reusing previous Theta
    fp=0.0234 tp=0.0116  [0.0s]
  rho=7.49366 (52/52)  [extra 32/50]
    [WARN] glasso failed: Non SPD result: the system is too ill-conditioned for this solver. The system is too ill-conditioned for this solver; reusing previous Theta
    fp=0.0234 tp=0.0116  [0.1s]
  rho=6.63839 (53/53)  [extra 33/50]
    [WARN] glasso failed: Non SPD result: the system is too ill-conditioned for this solver. The system is too ill-conditioned for this solver; reusing previous Theta
    fp=0.0234 tp=0.0116  [0.1s]
  rho=5.88073 (54/54)  [extra 34/50]
    [WARN] glasso failed: Non SPD result: the system is too ill-conditioned for this solver. The system is too ill-conditioned for this solver; reusing previous Theta
    fp=0.0234 tp=0.0116  [0.1s]
  rho=5.20954 (55/55)  [extra 35/50]
    [WARN] glasso failed: Non SPD result: the system is too ill-conditioned for this solver. The system is too ill-conditioned for this solver; reusing previous Theta
    fp=0.0234 tp=0.0116  [0.4s]
  rho=4.61496 (56/56)  [extra 36/50]
    [WARN] glasso failed: Non SPD result: the system is too ill-conditioned for this solver. The system is too ill-conditioned for this solver; reusing previous Theta
    fp=0.0234 tp=0.0116  [0.3s]
  rho=4.08824 (57/57)  [extra 37/50]
    [WARN] glasso failed: Non SPD result: the system is too ill-conditioned for this solver. The system is too ill-conditioned for this solver; reusing previous Theta
    fp=0.0234 tp=0.0116  [0.3s]
  rho=3.62164 (58/58)  [extra 38/50]
    fp=0.0670 tp=0.0581  [1.3s]
  rho=3.20829 (59/59)  [extra 39/50]
    fp=0.0730 tp=0.0581  [1.5s]
  rho=2.84211 (60/60)  [extra 40/50]
    [WARN] glasso failed: Non SPD result: the system is too ill-conditioned for this solver. The system is too ill-conditioned for this solver; reusing previous Theta
    fp=0.0730 tp=0.0581  [1.1s]
  rho=2.51773 (61/61)  [extra 41/50]
    [WARN] glasso failed: Non SPD result: the system is too ill-conditioned for this solver. The system is too ill-conditioned for this solver; reusing previous Theta
    fp=0.0730 tp=0.0581  [1.5s]
  rho=2.23038 (62/62)  [extra 42/50]
    fp=0.0907 tp=0.0814  [1.3s]
  rho=1.97582 (63/63)  [extra 43/50]
    [WARN] glasso failed: Non SPD result: the system is too ill-conditioned for this solver. The system is too ill-conditioned for this solver; reusing previous Theta
    fp=0.0907 tp=0.0814  [0.9s]
  rho=1.75031 (64/64)  [extra 44/50]
    [WARN] glasso failed: Non SPD result: the system is too ill-conditioned for this solver. The system is too ill-conditioned for this solver; reusing previous Theta
    fp=0.0907 tp=0.0814  [1.4s]
  rho=1.55054 (65/65)  [extra 45/50]
    fp=0.1213 tp=0.1279  [0.4s]
  rho=1.37357 (66/66)  [extra 46/50]
    fp=0.1312 tp=0.1512  [0.9s]
  rho=1.21680 (67/67)  [extra 47/50]
    fp=0.1398 tp=0.1628  [3.7s]
  rho=1.07793 (68/68)  [extra 48/50]
    fp=0.1538 tp=0.1628  [1.2s]
  rho=0.95490 (69/69)  [extra 49/50]
    fp=0.1721 tp=0.2093  [5.6s]
  rho=0.84591 (70/70)  [extra 50/50]
    fp=0.1861 tp=0.2209  [12.7s]
  [note] 10/70 fits hit a glasso ConvergenceWarning (suppressed)
  [WARN] 25/70 points reused the previous Theta after a glasso failure; those are not estimates
  [warn] FPR stalled at 0.1861 < fp_end=0.3 after 50 extra fits (cap max_extra=50); the curve stops short of fp_end
  grid extended by 50 points down to rho=0.84591, ending at FPR 0.1861
  [warn] AUC integrates to fp_end=0.3 but the curve stops at FPR 0.1861; TPR held flat above that
  [warn] mean_roc averages out to FPR 0.300 but the shortest replicate only reached 0.186; its TPR is held flat above that
  [warn] mean_roc averages out to FPR 0.300 but the shortest replicate only reached 0.121; its TPR is held flat above that

(p=100, n=50) over 19 replicates
  t+lasso  (run_em_diagonal):    AUC = 0.139 (SE 0.003)
  ~t+lasso (run_em_exact):       AUC = 0.132 (SE 0.003)
  tlasso   (run_tlasso):         AUC = 0.048 (SE 0.002)
  t*lasso  (run_tstar_varlasso): AUC = 0.109 (SE 0.003)
  glasso   (graphical_lasso):    AUC = 0.049 (SE 0.002)
Replicate 20/50
  Theta: 105/4950 edges
  pilot fit of run_tlasso at rho=30.34854
  -> rho_max = max|S_ij| (off-diag) = 4401.07139
  rho grid: [4401.0713867  3898.7629837  3453.78465094 3059.5931235  2710.39194027
 2401.04620888 2127.00709869 1884.24495169 1669.1900277  1478.68001243
 1309.91351665 1160.40888271 1027.96769249  910.64244039  806.70789588
  714.63573452  633.07206445  560.81751784  496.80961453  440.10713867]
Running run_tlasso over 20 rho values, extending until FPR >= 0.3...
  rho=4401.07139 (1/20)
    fp=0.0000 tp=0.0000  [0.1s]
   nu  = 3.0000
  rho=3898.76298 (2/20)
    fp=0.0002 tp=0.0000  [0.1s]
   nu  = 3.0000
  rho=3453.78465 (3/20)
    fp=0.0002 tp=0.0000  [0.1s]
   nu  = 3.0000
  rho=3059.59312 (4/20)
    fp=0.0002 tp=0.0000  [0.1s]
   nu  = 3.0000
  rho=2710.39194 (5/20)
    fp=0.0006 tp=0.0000  [0.1s]
   nu  = 3.0000
  rho=2401.04621 (6/20)
    fp=0.0006 tp=0.0000  [0.1s]
   nu  = 3.0000
  rho=2127.00710 (7/20)
    fp=0.0006 tp=0.0000  [0.1s]
   nu  = 3.0000
  rho=1884.24495 (8/20)
    fp=0.0008 tp=0.0000  [0.1s]
   nu  = 3.0000
  rho=1669.19003 (9/20)
    fp=0.0008 tp=0.0000  [0.1s]
   nu  = 3.0000
  rho=1478.68001 (10/20)
    fp=0.0008 tp=0.0000  [0.1s]
   nu  = 3.0000
  rho=1309.91352 (11/20)
    fp=0.0008 tp=0.0000  [0.1s]
   nu  = 3.0000
  rho=1160.40888 (12/20)
    fp=0.0008 tp=0.0000  [0.1s]
   nu  = 3.0000
  rho=1027.96769 (13/20)
    fp=0.0010 tp=0.0000  [0.1s]
   nu  = 3.0000
  rho=910.64244 (14/20)
    fp=0.0010 tp=0.0000  [0.1s]
   nu  = 3.0000
  rho=806.70790 (15/20)
    fp=0.0010 tp=0.0000  [0.1s]
   nu  = 3.0000
  rho=714.63573 (16/20)
    fp=0.0014 tp=0.0000  [0.1s]
   nu  = 3.0000
  rho=633.07206 (17/20)
    fp=0.0019 tp=0.0000  [0.1s]
   nu  = 3.0000
  rho=560.81752 (18/20)
    fp=0.0021 tp=0.0000  [0.1s]
   nu  = 3.0000
  rho=496.80961 (19/20)
    fp=0.0025 tp=0.0000  [0.1s]
   nu  = 3.0000
  rho=440.10714 (20/20)
    fp=0.0033 tp=0.0000  [0.1s]
   nu  = 3.0000
  rho=389.87630 (21/21)  [extra 1/50]
    fp=0.0043 tp=0.0000  [0.1s]
   nu  = 3.0000
  rho=345.37847 (22/22)  [extra 2/50]
    fp=0.0047 tp=0.0000  [0.1s]
   nu  = 3.0000
  rho=305.95931 (23/23)  [extra 3/50]
    fp=0.0058 tp=0.0000  [0.1s]
   nu  = 3.0000
  rho=271.03919 (24/24)  [extra 4/50]
    fp=0.0074 tp=0.0000  [0.1s]
   nu  = 3.0000
  rho=240.10462 (25/25)  [extra 5/50]
    fp=0.0101 tp=0.0000  [0.1s]
   nu  = 3.0000
  rho=212.70071 (26/26)  [extra 6/50]
    fp=0.0128 tp=0.0095  [0.1s]
   nu  = 3.0000
  rho=188.42450 (27/27)  [extra 7/50]
    fp=0.0157 tp=0.0095  [0.2s]
   nu  = 3.0000
  rho=166.91900 (28/28)  [extra 8/50]
    fp=0.0180 tp=0.0190  [0.2s]
   nu  = 3.0000
  rho=147.86800 (29/29)  [extra 9/50]
    fp=0.0213 tp=0.0190  [0.2s]
   nu  = 3.0000
  rho=130.99135 (30/30)  [extra 10/50]
    fp=0.0254 tp=0.0286  [0.1s]
   nu  = 3.0000
  rho=116.04089 (31/31)  [extra 11/50]
    fp=0.0291 tp=0.0286  [0.1s]
   nu  = 3.0000
  rho=102.79677 (32/32)  [extra 12/50]
    fp=0.0347 tp=0.0381  [0.2s]
   nu  = 3.0000
  rho=91.06424 (33/33)  [extra 13/50]
    fp=0.0380 tp=0.0476  [0.2s]
   nu  = 3.0000
  rho=80.67079 (34/34)  [extra 14/50]
    fp=0.0444 tp=0.0667  [0.2s]
   nu  = 3.0000
  rho=71.46357 (35/35)  [extra 15/50]
    fp=0.0512 tp=0.0667  [0.1s]
   nu  = 3.0000
  rho=63.30721 (36/36)  [extra 16/50]
    fp=0.0582 tp=0.0762  [0.2s]
   nu  = 3.0000
  rho=56.08175 (37/37)  [extra 17/50]
    fp=0.0669 tp=0.0857  [0.2s]
   nu  = 3.0000
  rho=49.68096 (38/38)  [extra 18/50]
    fp=0.0739 tp=0.0952  [0.2s]
   nu  = 3.0000
  rho=44.01071 (39/39)  [extra 19/50]
    fp=0.0782 tp=0.1048  [0.2s]
   nu  = 3.0000
  rho=38.98763 (40/40)  [extra 20/50]
    fp=0.0859 tp=0.1048  [0.2s]
   nu  = 3.0000
  rho=34.53785 (41/41)  [extra 21/50]
    fp=0.0910 tp=0.1143  [0.2s]
   nu  = 3.0000
  rho=30.59593 (42/42)  [extra 22/50]
    fp=0.0991 tp=0.1238  [0.2s]
   nu  = 3.0000
  rho=27.10392 (43/43)  [extra 23/50]
    fp=0.1075 tp=0.1333  [0.2s]
   nu  = 3.0000
  rho=24.01046 (44/44)  [extra 24/50]
    fp=0.1139 tp=0.1429  [0.2s]
   nu  = 3.0000
  rho=21.27007 (45/45)  [extra 25/50]
    fp=0.1232 tp=0.1429  [0.2s]
   nu  = 3.0000
  rho=18.84245 (46/46)  [extra 26/50]
    fp=0.1323 tp=0.1524  [0.2s]
   nu  = 3.0000
  rho=16.69190 (47/47)  [extra 27/50]
    fp=0.1472 tp=0.1524  [0.2s]
   nu  = 3.0000
  rho=14.78680 (48/48)  [extra 28/50]
    fp=0.1573 tp=0.1619  [0.2s]
   nu  = 3.0000
  rho=13.09914 (49/49)  [extra 29/50]
    fp=0.1728 tp=0.1714  [0.2s]
   nu  = 3.0000
  rho=11.60409 (50/50)  [extra 30/50]
    fp=0.1866 tp=0.1905  [0.3s]
   nu  = 3.0000
  rho=10.27968 (51/51)  [extra 31/50]
    fp=0.2054 tp=0.1905  [0.2s]
   nu  = 3.0000
  rho=9.10642 (52/52)  [extra 32/50]
    fp=0.2175 tp=0.2286  [0.3s]
   nu  = 3.0000
  rho=8.06708 (53/53)  [extra 33/50]
    fp=0.2320 tp=0.2381  [0.3s]
   nu  = 3.0000
  rho=7.14636 (54/54)  [extra 34/50]
    fp=0.2512 tp=0.2857  [0.3s]
   nu  = 3.0000
  rho=6.33072 (55/55)  [extra 35/50]
    fp=0.2691 tp=0.3429  [0.4s]
   nu  = 3.0000
  rho=5.60818 (56/56)  [extra 36/50]
    fp=0.2877 tp=0.3619  [0.5s]
   nu  = 3.0000
  rho=4.96810 (57/57)  [extra 37/50]
    fp=0.3094 tp=0.4190  [0.5s]
   nu  = 3.0000
  FPR 0.3094 >= fp_end=0.3; stopping after 57 fits
  grid extended by 37 points down to rho=4.96810, ending at FPR 0.3094
  pilot fit of run_tstar_varlasso at rho=0.30349
  -> rho_max = max|S_ij| (off-diag) = 0.70923
  rho grid: [0.70922572 0.62827951 0.55657196 0.49304861 0.43677539 0.38692481
 0.34276384 0.30364311 0.26898734 0.23828695 0.2110905  0.18699806
 0.16565537 0.14674859 0.12999971 0.11516242 0.10201857 0.09037486
 0.08006009 0.07092257]
Running run_tstar_varlasso over 20 rho values, extending until FPR >= 0.3...
  rho=0.70923 (1/20)
    fp=0.0010 tp=0.0095  [0.2s]
   nu  = 3.0000
  rho=0.62828 (2/20)
    fp=0.0029 tp=0.0095  [0.1s]
   nu  = 3.0000
  rho=0.55657 (3/20)
    fp=0.0056 tp=0.0286  [0.1s]
   nu  = 3.0000
  rho=0.49305 (4/20)
    fp=0.0093 tp=0.0286  [0.1s]
   nu  = 3.0000
  rho=0.43678 (5/20)
    fp=0.0153 tp=0.0667  [0.1s]
   nu  = 3.0000
  rho=0.38692 (6/20)
    fp=0.0227 tp=0.0952  [0.1s]
   nu  = 3.0000
  rho=0.34276 (7/20)
    fp=0.0334 tp=0.1143  [0.1s]
   nu  = 3.0000
  rho=0.30364 (8/20)
    fp=0.0438 tp=0.1238  [0.1s]
   nu  = 3.0000
  rho=0.26899 (9/20)
    fp=0.0545 tp=0.1238  [0.1s]
   nu  = 3.0000
  rho=0.23829 (10/20)
    fp=0.0691 tp=0.2000  [0.1s]
   nu  = 3.0000
  rho=0.21109 (11/20)
    fp=0.0885 tp=0.2286  [0.2s]
   nu  = 3.0000
  rho=0.18700 (12/20)
    fp=0.1108 tp=0.2571  [0.1s]
   nu  = 3.0000
  rho=0.16566 (13/20)
    fp=0.1350 tp=0.3048  [0.1s]
   nu  = 3.0000
  rho=0.14675 (14/20)
    fp=0.1577 tp=0.3429  [0.2s]
   nu  = 3.0000
  rho=0.13000 (15/20)
    fp=0.1831 tp=0.3714  [0.2s]
   nu  = 3.0000
  rho=0.11516 (16/20)
    fp=0.2116 tp=0.4571  [0.2s]
   nu  = 3.0000
  rho=0.10202 (17/20)
    fp=0.2392 tp=0.4667  [0.2s]
   nu  = 3.0000
  rho=0.09037 (18/20)
    fp=0.2698 tp=0.5048  [0.2s]
   nu  = 3.0000
  rho=0.08006 (19/20)
    fp=0.2954 tp=0.5143  [0.2s]
   nu  = 3.0000
  rho=0.07092 (20/20)
    fp=0.3218 tp=0.5333  [0.3s]
   nu  = 3.0000
  FPR 0.3218 >= fp_end=0.3; stopping after 20 fits
  pilot fit of run_em_diagonal at rho=0.30349
  -> rho_max = max|S_ij| (off-diag) = 0.58517
  rho grid: [0.58517303 0.51838535 0.45922037 0.40680808 0.36037776 0.31924669
 0.28281004 0.25053203 0.221938   0.1966075  0.17416806 0.1542897
 0.13668012 0.12108038 0.10726109 0.09501904 0.08417421 0.07456714
 0.06605655 0.0585173 ]
Running run_em_diagonal over 20 rho values, extending until FPR >= 0.3...
  rho=0.58517 (1/20)
    fp=0.0008 tp=0.0286  [11.3s]
   median nu  = 0.343
   median |eta| = 1.488
  rho=0.51839 (2/20)
    fp=0.0008 tp=0.0381  [11.0s]
   median nu  = 0.363
   median |eta| = 1.619
  rho=0.45922 (3/20)
    fp=0.0017 tp=0.0476  [11.0s]
   median nu  = 0.381
   median |eta| = 1.608
  rho=0.40681 (4/20)
    fp=0.0021 tp=0.0476  [11.2s]
   median nu  = 0.401
   median |eta| = 1.563
  rho=0.36038 (5/20)
    fp=0.0050 tp=0.0476  [11.2s]
   median nu  = 0.42
   median |eta| = 1.515
  rho=0.31925 (6/20)
    fp=0.0080 tp=0.0667  [11.2s]
   median nu  = 0.436
   median |eta| = 1.474
  rho=0.28281 (7/20)
    fp=0.0126 tp=0.0857  [11.3s]
   median nu  = 0.458
   median |eta| = 1.438
  rho=0.25053 (8/20)
    fp=0.0186 tp=0.1333  [11.4s]
   median nu  = 0.483
   median |eta| = 1.405
  rho=0.22194 (9/20)
    fp=0.0283 tp=0.1619  [11.3s]
   median nu  = 0.502
   median |eta| = 1.363
  rho=0.19661 (10/20)
    fp=0.0409 tp=0.1619  [11.4s]
   median nu  = 0.52
   median |eta| = 1.265
  rho=0.17417 (11/20)
    fp=0.0543 tp=0.1905  [11.9s]
   median nu  = 0.526
   median |eta| = 1.236
  rho=0.15429 (12/20)
    fp=0.0743 tp=0.2286  [11.8s]
   median nu  = 0.528
   median |eta| = 1.174
  rho=0.13668 (13/20)
    fp=0.0888 tp=0.2857  [11.7s]
   median nu  = 0.566
   median |eta| = 1.094
  rho=0.12108 (14/20)
    fp=0.1040 tp=0.3619  [12.3s]
   median nu  = 0.582
   median |eta| = 0.946
  rho=0.10726 (15/20)
    fp=0.1218 tp=0.3810  [12.2s]
   median nu  = 0.606
   median |eta| = 0.91
  rho=0.09502 (16/20)
    fp=0.1432 tp=0.4095  [12.1s]
   median nu  = 0.609
   median |eta| = 1.01
  rho=0.08417 (17/20)
    fp=0.1659 tp=0.4286  [11.9s]
   median nu  = 0.654
   median |eta| = 0.924
  rho=0.07457 (18/20)
    fp=0.1860 tp=0.4476  [11.8s]
   median nu  = 0.675
   median |eta| = 0.871
  rho=0.06606 (19/20)
    fp=0.2021 tp=0.4857  [11.5s]
   median nu  = 0.71
   median |eta| = 0.896
  rho=0.05852 (20/20)
    fp=0.2194 tp=0.5048  [11.1s]
   median nu  = 0.771
   median |eta| = 0.934
  rho=0.05184 (21/21)  [extra 1/50]
    fp=0.2355 tp=0.5048  [10.8s]
   median nu  = 0.764
   median |eta| = 0.936
  rho=0.04592 (22/22)  [extra 2/50]
    fp=0.2524 tp=0.5238  [10.2s]
   median nu  = 0.762
   median |eta| = 0.977
  rho=0.04068 (23/23)  [extra 3/50]
    fp=0.2658 tp=0.5333  [10.6s]
   median nu  = 0.759
   median |eta| = 0.948
  rho=0.03604 (24/24)  [extra 4/50]
    fp=0.2807 tp=0.5429  [10.2s]
   median nu  = 0.769
   median |eta| = 0.785
  rho=0.03192 (25/25)  [extra 5/50]
    fp=0.2925 tp=0.5429  [10.7s]
   median nu  = 0.757
   median |eta| = 0.908
  rho=0.02828 (26/26)  [extra 6/50]
    fp=0.3061 tp=0.5714  [10.0s]
   median nu  = 0.808
   median |eta| = 0.822
  FPR 0.3061 >= fp_end=0.3; stopping after 26 fits
  grid extended by 6 points down to rho=0.02828, ending at FPR 0.3061
  pilot fit of run_em_exact at rho=0.30349
  -> rho_max = max|S_ij| (off-diag) = 0.63155
  rho grid: [0.63155308 0.5594719  0.49561758 0.43905115 0.38894084 0.34454977
 0.3052252  0.27038887 0.23952852 0.21219036 0.18797239 0.1665185
 0.14751321 0.13067705 0.11576246 0.10255012 0.09084575 0.08047723
 0.07129211 0.06315531]
Running run_em_exact over 20 rho values, extending until FPR >= 0.3...
  rho=0.63155 (1/20)
    fp=0.0002 tp=0.0095  [10.2s]
   median nu  = 0.329
   median |eta| = 1.406
  rho=0.55947 (2/20)
    fp=0.0008 tp=0.0381  [10.3s]
   median nu  = 0.351
   median |eta| = 1.519
  rho=0.49562 (3/20)
    fp=0.0010 tp=0.0381  [10.3s]
   median nu  = 0.368
   median |eta| = 1.601
  rho=0.43905 (4/20)
    fp=0.0021 tp=0.0476  [10.3s]
   median nu  = 0.393
   median |eta| = 1.597
  rho=0.38894 (5/20)
    fp=0.0035 tp=0.0476  [10.2s]
   median nu  = 0.418
   median |eta| = 1.545
  rho=0.34455 (6/20)
    fp=0.0070 tp=0.0571  [10.2s]
   median nu  = 0.441
   median |eta| = 1.481
  rho=0.30523 (7/20)
    fp=0.0105 tp=0.0762  [10.2s]
   median nu  = 0.475
   median |eta| = 1.276
  rho=0.27039 (8/20)
    fp=0.0169 tp=0.1143  [10.3s]
   median nu  = 0.522
   median |eta| = 1.237
  rho=0.23953 (9/20)
    fp=0.0264 tp=0.1429  [10.6s]
   median nu  = 0.553
   median |eta| = 1.093
  rho=0.21219 (10/20)
    fp=0.0384 tp=0.1714  [10.2s]
   median nu  = 0.601
   median |eta| = 0.83
  rho=0.18797 (11/20)
    fp=0.0545 tp=0.2000  [9.7s]
   median nu  = 0.667
   median |eta| = 0.694
  rho=0.16652 (12/20)
    fp=0.0733 tp=0.2190  [9.7s]
   median nu  = 0.748
   median |eta| = 0.625
  rho=0.14751 (13/20)
    fp=0.0939 tp=0.2762  [9.5s]
   median nu  = 0.838
   median |eta| = 0.475
  rho=0.13068 (14/20)
    fp=0.1162 tp=0.3429  [9.3s]
   median nu  = 0.919
   median |eta| = 0.37
  rho=0.11576 (15/20)
    fp=0.1389 tp=0.3905  [9.2s]
   median nu  = 0.989
   median |eta| = 0.287
  rho=0.10255 (16/20)
    fp=0.1653 tp=0.4095  [9.6s]
   median nu  = 1.072
   median |eta| = 0.216
  rho=0.09085 (17/20)
    fp=0.1899 tp=0.4286  [10.2s]
   median nu  = 1.181
   median |eta| = 0.166
  rho=0.08048 (18/20)
    fp=0.2149 tp=0.4476  [9.5s]
   median nu  = 1.295
   median |eta| = 0.128
  rho=0.07129 (19/20)
    fp=0.2376 tp=0.4571  [9.3s]
   median nu  = 1.425
   median |eta| = 0.101
  rho=0.06316 (20/20)
    fp=0.2553 tp=0.4857  [9.3s]
   median nu  = 1.54
   median |eta| = 0.076
  rho=0.05595 (21/21)  [extra 1/50]
    fp=0.2762 tp=0.4952  [9.2s]
   median nu  = 1.66
   median |eta| = 0.058
  rho=0.04956 (22/22)  [extra 2/50]
    fp=0.2941 tp=0.5238  [9.0s]
   median nu  = 1.796
   median |eta| = 0.045
  rho=0.04391 (23/23)  [extra 3/50]
    fp=0.3143 tp=0.5143  [9.0s]
   median nu  = 1.926
   median |eta| = 0.032
  FPR 0.3143 >= fp_end=0.3; stopping after 23 fits
  grid extended by 3 points down to rho=0.04391, ending at FPR 0.3143
  graphical_lasso rho_max = max|S_ij| (off-diag) = 253.73193
  rho grid: [253.73192508 224.7726861  199.118658   176.39260648 156.26035215
 138.42585663 122.62686932 108.63107114  96.23265833  85.24931617
  75.5195381   66.90025083  59.26471048  52.50063886  46.50857244
  41.20039979  36.49806593  32.33242452  28.64222114  25.37319251]
Running graphical_lasso over 20 rho values, extending until FPR >= 0.3...
  rho=253.73193 (1/20)
    fp=0.0000 tp=0.0000  [0.0s]
  rho=224.77269 (2/20)
    fp=0.0002 tp=0.0000  [0.0s]
  rho=199.11866 (3/20)
    fp=0.0002 tp=0.0000  [0.0s]
  rho=176.39261 (4/20)
    fp=0.0002 tp=0.0000  [8.9s]
  rho=156.26035 (5/20)
    fp=0.0002 tp=0.0000  [9.1s]
  rho=138.42586 (6/20)
    fp=0.0004 tp=0.0000  [0.0s]
  rho=122.62687 (7/20)
    fp=0.0006 tp=0.0000  [8.7s]
  rho=108.63107 (8/20)
    fp=0.0008 tp=0.0000  [9.0s]
  rho=96.23266 (9/20)
    fp=0.0008 tp=0.0000  [0.0s]
  rho=85.24932 (10/20)
    fp=0.0008 tp=0.0000  [8.8s]
  rho=75.51954 (11/20)
    fp=0.0008 tp=0.0000  [0.0s]
  rho=66.90025 (12/20)
    fp=0.0010 tp=0.0000  [0.0s]
  rho=59.26471 (13/20)
    fp=0.0010 tp=0.0000  [0.0s]
  rho=52.50064 (14/20)
    fp=0.0010 tp=0.0000  [0.0s]
  rho=46.50857 (15/20)
    fp=0.0012 tp=0.0000  [0.0s]
  rho=41.20040 (16/20)
    fp=0.0014 tp=0.0000  [0.0s]
  rho=36.49807 (17/20)
    fp=0.0021 tp=0.0000  [8.8s]
  rho=32.33242 (18/20)
    fp=0.0023 tp=0.0000  [0.0s]
  rho=28.64222 (19/20)
    fp=0.0025 tp=0.0000  [8.8s]
  rho=25.37319 (20/20)
    fp=0.0037 tp=0.0000  [0.0s]
  rho=22.47727 (21/21)  [extra 1/50]
    fp=0.0037 tp=0.0000  [8.7s]
  rho=19.91187 (22/22)  [extra 2/50]
    fp=0.0043 tp=0.0000  [0.2s]
  rho=17.63926 (23/23)  [extra 3/50]
    fp=0.0068 tp=0.0000  [0.0s]
  rho=15.62604 (24/24)  [extra 4/50]
    fp=0.0083 tp=0.0095  [0.4s]
  rho=13.84259 (25/25)  [extra 5/50]
    fp=0.0097 tp=0.0095  [0.1s]
  rho=12.26269 (26/26)  [extra 6/50]
    fp=0.0126 tp=0.0095  [0.2s]
  rho=10.86311 (27/27)  [extra 7/50]
    fp=0.0161 tp=0.0190  [0.1s]
  rho=9.62327 (28/28)  [extra 8/50]
    fp=0.0196 tp=0.0190  [0.1s]
  rho=8.52493 (29/29)  [extra 9/50]
    fp=0.0229 tp=0.0190  [0.2s]
  rho=7.55195 (30/30)  [extra 10/50]
    fp=0.0264 tp=0.0286  [0.0s]
  rho=6.69003 (31/31)  [extra 11/50]
    fp=0.0328 tp=0.0381  [0.0s]
  rho=5.92647 (32/32)  [extra 12/50]
    fp=0.0378 tp=0.0476  [0.0s]
  rho=5.25006 (33/33)  [extra 13/50]
    fp=0.0421 tp=0.0667  [0.0s]
  rho=4.65086 (34/34)  [extra 14/50]
    fp=0.0481 tp=0.0667  [0.0s]
  rho=4.12004 (35/35)  [extra 15/50]
    fp=0.0570 tp=0.0762  [0.1s]
  rho=3.64981 (36/36)  [extra 16/50]
    fp=0.0617 tp=0.0857  [0.1s]
  rho=3.23324 (37/37)  [extra 17/50]
    fp=0.0696 tp=0.0857  [0.1s]
  rho=2.86422 (38/38)  [extra 18/50]
    fp=0.0770 tp=0.0857  [0.0s]
  rho=2.53732 (39/39)  [extra 19/50]
    fp=0.0850 tp=0.0952  [0.0s]
  rho=2.24773 (40/40)  [extra 20/50]
    fp=0.0941 tp=0.0952  [0.0s]
  rho=1.99119 (41/41)  [extra 21/50]
    fp=0.1026 tp=0.1238  [0.1s]
  rho=1.76393 (42/42)  [extra 22/50]
    fp=0.1110 tp=0.1429  [0.1s]
  rho=1.56260 (43/43)  [extra 23/50]
    fp=0.1207 tp=0.1429  [0.1s]
  rho=1.38426 (44/44)  [extra 24/50]
    fp=0.1315 tp=0.1429  [0.0s]
  rho=1.22627 (45/45)  [extra 25/50]
    fp=0.1443 tp=0.1524  [0.1s]
  rho=1.08631 (46/46)  [extra 26/50]
    fp=0.1602 tp=0.1619  [0.2s]
  rho=0.96233 (47/47)  [extra 27/50]
    fp=0.1796 tp=0.1905  [0.0s]
  rho=0.85249 (48/48)  [extra 28/50]
    fp=0.1965 tp=0.2095  [0.0s]
  rho=0.75520 (49/49)  [extra 29/50]
    fp=0.2120 tp=0.2095  [0.0s]
  rho=0.66900 (50/50)  [extra 30/50]
    fp=0.2299 tp=0.2286  [0.3s]
  rho=0.59265 (51/51)  [extra 31/50]
    fp=0.2499 tp=0.3048  [0.1s]
  rho=0.52501 (52/52)  [extra 32/50]
    fp=0.2708 tp=0.3429  [0.0s]
  rho=0.46509 (53/53)  [extra 33/50]
    fp=0.2910 tp=0.3524  [0.1s]
  rho=0.41200 (54/54)  [extra 34/50]
    fp=0.3137 tp=0.4095  [0.0s]
  FPR 0.3137 >= fp_end=0.3; stopping after 54 fits
  [note] 8/54 fits hit a glasso ConvergenceWarning (suppressed)
  grid extended by 34 points down to rho=0.41200, ending at FPR 0.3137
  [warn] mean_roc averages out to FPR 0.300 but the shortest replicate only reached 0.186; its TPR is held flat above that
  [warn] mean_roc averages out to FPR 0.300 but the shortest replicate only reached 0.121; its TPR is held flat above that

(p=100, n=50) over 20 replicates
  t+lasso  (run_em_diagonal):    AUC = 0.138 (SE 0.003)
  ~t+lasso (run_em_exact):       AUC = 0.131 (SE 0.003)
  tlasso   (run_tlasso):         AUC = 0.048 (SE 0.002)
  t*lasso  (run_tstar_varlasso): AUC = 0.109 (SE 0.003)
  glasso   (graphical_lasso):    AUC = 0.049 (SE 0.002)
Replicate 21/50
  Theta: 101/4950 edges
  pilot fit of run_tlasso at rho=30.34854
  -> rho_max = max|S_ij| (off-diag) = 48606.86813
  rho grid: [48606.86813206 43059.21026403 38144.72439419 33791.14457016
 29934.45278465 26517.93761102 23491.36027977 20810.21593341
 18435.07919667 16331.02443891 14467.1122038  12815.93425449
 11353.21054413 10057.43218558  8909.54517     7892.67018376
  6991.85440346  6193.85161941  5486.92745436  4860.68681321]
Running run_tlasso over 20 rho values, extending until FPR >= 0.3...
  rho=48606.86813 (1/20)
    fp=0.0000 tp=0.0000  [0.1s]
   nu  = 3.0000
  rho=43059.21026 (2/20)
    fp=0.0002 tp=0.0000  [0.0s]
   nu  = 3.0000
  rho=38144.72439 (3/20)
    fp=0.0002 tp=0.0000  [0.1s]
   nu  = 3.0000
  rho=33791.14457 (4/20)
    fp=0.0002 tp=0.0000  [0.0s]
   nu  = 3.0000
  rho=29934.45278 (5/20)
    fp=0.0002 tp=0.0000  [0.1s]
   nu  = 3.0000
  rho=26517.93761 (6/20)
    fp=0.0002 tp=0.0000  [0.0s]
   nu  = 3.0000
  rho=23491.36028 (7/20)
    fp=0.0002 tp=0.0000  [0.1s]
   nu  = 3.0000
  rho=20810.21593 (8/20)
    fp=0.0002 tp=0.0000  [0.0s]
   nu  = 3.0000
  rho=18435.07920 (9/20)
    fp=0.0002 tp=0.0000  [0.1s]
   nu  = 3.0000
  rho=16331.02444 (10/20)
    fp=0.0002 tp=0.0000  [0.0s]
   nu  = 3.0000
  rho=14467.11220 (11/20)
    fp=0.0002 tp=0.0000  [0.1s]
   nu  = 3.0000
  rho=12815.93425 (12/20)
    fp=0.0002 tp=0.0000  [0.0s]
   nu  = 3.0000
  rho=11353.21054 (13/20)
    fp=0.0002 tp=0.0000  [0.1s]
   nu  = 3.0000
  rho=10057.43219 (14/20)
    fp=0.0004 tp=0.0000  [0.1s]
   nu  = 3.0000
  rho=8909.54517 (15/20)
    fp=0.0004 tp=0.0000  [0.1s]
   nu  = 3.0000
  rho=7892.67018 (16/20)
    fp=0.0008 tp=0.0000  [0.1s]
   nu  = 3.0000
  rho=6991.85440 (17/20)
    fp=0.0008 tp=0.0000  [0.0s]
   nu  = 3.0000
  rho=6193.85162 (18/20)
    fp=0.0008 tp=0.0000  [0.1s]
   nu  = 3.0000
  rho=5486.92745 (19/20)
    fp=0.0008 tp=0.0000  [0.1s]
   nu  = 3.0000
  rho=4860.68681 (20/20)
    fp=0.0010 tp=0.0000  [0.1s]
   nu  = 3.0000
  rho=4305.92103 (21/21)  [extra 1/50]
    fp=0.0010 tp=0.0000  [0.1s]
   nu  = 3.0000
  rho=3814.47244 (22/22)  [extra 2/50]
    fp=0.0010 tp=0.0000  [0.1s]
   nu  = 3.0000
  rho=3379.11446 (23/23)  [extra 3/50]
    fp=0.0012 tp=0.0000  [0.1s]
   nu  = 3.0000
  rho=2993.44528 (24/24)  [extra 4/50]
    fp=0.0014 tp=0.0000  [0.1s]
   nu  = 3.0000
  rho=2651.79376 (25/25)  [extra 5/50]
    fp=0.0016 tp=0.0000  [0.1s]
   nu  = 3.0000
  rho=2349.13603 (26/26)  [extra 6/50]
    fp=0.0021 tp=0.0000  [0.1s]
   nu  = 3.0000
  rho=2081.02159 (27/27)  [extra 7/50]
    fp=0.0023 tp=0.0000  [0.1s]
   nu  = 3.0000
  rho=1843.50792 (28/28)  [extra 8/50]
    fp=0.0023 tp=0.0000  [0.1s]
   nu  = 3.0000
  rho=1633.10244 (29/29)  [extra 9/50]
    fp=0.0023 tp=0.0000  [0.1s]
   nu  = 3.0000
  rho=1446.71122 (30/30)  [extra 10/50]
    fp=0.0033 tp=0.0000  [0.1s]
   nu  = 3.0000
  rho=1281.59343 (31/31)  [extra 11/50]
    fp=0.0037 tp=0.0000  [0.1s]
   nu  = 3.0000
  rho=1135.32105 (32/32)  [extra 12/50]
    fp=0.0037 tp=0.0000  [0.1s]
   nu  = 3.0000
  rho=1005.74322 (33/33)  [extra 13/50]
    fp=0.0039 tp=0.0000  [0.1s]
   nu  = 3.0000
  rho=890.95452 (34/34)  [extra 14/50]
    fp=0.0052 tp=0.0000  [0.2s]
   nu  = 3.0000
  rho=789.26702 (35/35)  [extra 15/50]
    fp=0.0060 tp=0.0000  [0.1s]
   nu  = 3.0000
  rho=699.18544 (36/36)  [extra 16/50]
    fp=0.0066 tp=0.0000  [0.1s]
   nu  = 3.0000
  rho=619.38516 (37/37)  [extra 17/50]
    fp=0.0076 tp=0.0000  [0.1s]
   nu  = 3.0000
  rho=548.69275 (38/38)  [extra 18/50]
    fp=0.0089 tp=0.0000  [0.1s]
   nu  = 3.0000
  rho=486.06868 (39/39)  [extra 19/50]
    fp=0.0107 tp=0.0099  [0.2s]
   nu  = 3.0000
  rho=430.59210 (40/40)  [extra 20/50]
    fp=0.0124 tp=0.0099  [0.2s]
   nu  = 3.0000
  rho=381.44724 (41/41)  [extra 21/50]
    fp=0.0136 tp=0.0099  [0.2s]
   nu  = 3.0000
  rho=337.91145 (42/42)  [extra 22/50]
    fp=0.0151 tp=0.0099  [0.2s]
   nu  = 3.0000
  rho=299.34453 (43/43)  [extra 23/50]
    fp=0.0175 tp=0.0198  [0.2s]
   nu  = 3.0000
  rho=265.17938 (44/44)  [extra 24/50]
    fp=0.0198 tp=0.0198  [0.2s]
   nu  = 3.0000
  rho=234.91360 (45/45)  [extra 25/50]
    fp=0.0225 tp=0.0198  [0.1s]
   nu  = 3.0000
  rho=208.10216 (46/46)  [extra 26/50]
    fp=0.0237 tp=0.0198  [0.1s]
   nu  = 3.0000
  rho=184.35079 (47/47)  [extra 27/50]
    fp=0.0264 tp=0.0198  [0.2s]
   nu  = 3.0000
  rho=163.31024 (48/48)  [extra 28/50]
    fp=0.0318 tp=0.0198  [0.1s]
   nu  = 3.0000
  rho=144.67112 (49/49)  [extra 29/50]
    fp=0.0355 tp=0.0297  [0.2s]
   nu  = 3.0000
  rho=128.15934 (50/50)  [extra 30/50]
    fp=0.0402 tp=0.0297  [0.1s]
   nu  = 3.0000
  rho=113.53211 (51/51)  [extra 31/50]
    fp=0.0450 tp=0.0594  [0.2s]
   nu  = 3.0000
  rho=100.57432 (52/52)  [extra 32/50]
    fp=0.0499 tp=0.0594  [0.2s]
   nu  = 3.0000
  rho=89.09545 (53/53)  [extra 33/50]
    fp=0.0542 tp=0.0594  [0.2s]
   nu  = 3.0000
  rho=78.92670 (54/54)  [extra 34/50]
    fp=0.0590 tp=0.0594  [0.4s]
   nu  = 3.0000
  rho=69.91854 (55/55)  [extra 35/50]
    fp=0.0637 tp=0.0594  [15.7s]
   nu  = 3.0000
  rho=61.93852 (56/56)  [extra 36/50]
    fp=0.0695 tp=0.0693  [0.2s]
   nu  = 3.0000
  rho=54.86927 (57/57)  [extra 37/50]
    fp=0.0747 tp=0.0891  [0.2s]
   nu  = 3.0000
  rho=48.60687 (58/58)  [extra 38/50]
    fp=0.0813 tp=0.0891  [1.4s]
   nu  = 3.0000
  rho=43.05921 (59/59)  [extra 39/50]
    fp=0.0876 tp=0.0990  [0.5s]
   nu  = 3.0000
  rho=38.14472 (60/60)  [extra 40/50]
    fp=0.0940 tp=0.0990  [5.5s]
   nu  = 3.0000
  rho=33.79114 (61/61)  [extra 41/50]
    fp=0.1027 tp=0.0990  [1.8s]
   nu  = 3.0000
  rho=29.93445 (62/62)  [extra 42/50]
    fp=0.1089 tp=0.0891  [4.8s]
   nu  = 3.0000
  rho=26.51794 (63/63)  [extra 43/50]
    fp=0.1184 tp=0.0990  [3.8s]
   nu  = 3.0000
  rho=23.49136 (64/64)  [extra 44/50]
    fp=0.1295 tp=0.1089  [6.5s]
   nu  = 3.0000
  rho=20.81022 (65/65)  [extra 45/50]
    fp=0.1402 tp=0.1188  [11.3s]
   nu  = 3.0000
  rho=18.43508 (66/66)  [extra 46/50]
    fp=0.1512 tp=0.1089  [77.6s]
   nu  = 3.0000
  rho=16.33102 (67/67)  [extra 47/50]
    fp=0.1629 tp=0.1287  [0.6s]
   nu  = 3.0000
  rho=14.46711 (68/68)  [extra 48/50]
    fp=0.1706 tp=0.1386  [124.7s]
   nu  = 3.0000
  rho=12.81593 (69/69)  [extra 49/50]
    fp=0.1835 tp=0.1584  [0.3s]
   nu  = 3.0000
  rho=11.35321 (70/70)  [extra 50/50]
    fp=0.1984 tp=0.1683  [22.1s]
   nu  = 3.0000
  [note] 9/70 fits hit a glasso ConvergenceWarning (suppressed)
  [warn] FPR stalled at 0.1984 < fp_end=0.3 after 50 extra fits (cap max_extra=50); the curve stops short of fp_end
  grid extended by 50 points down to rho=11.35321, ending at FPR 0.1984
  [warn] AUC integrates to fp_end=0.3 but the curve stops at FPR 0.1984; TPR held flat above that
  pilot fit of run_tstar_varlasso at rho=0.30349
  -> rho_max = max|S_ij| (off-diag) = 0.88930
  rho grid: [0.8892994  0.78780081 0.69788657 0.61823454 0.54767345 0.48516572
 0.4297922  0.38073863 0.33728371 0.29878844 0.26468676 0.23447721
 0.20771557 0.18400833 0.16300686 0.14440237 0.12792126 0.1133212
 0.10038749 0.08892994]
Running run_tstar_varlasso over 20 rho values, extending until FPR >= 0.3...
  rho=0.88930 (1/20)
    fp=0.0008 tp=0.0099  [0.2s]
   nu  = 3.0000
  rho=0.78780 (2/20)
    fp=0.0014 tp=0.0099  [0.1s]
   nu  = 3.0000
  rho=0.69789 (3/20)
    fp=0.0023 tp=0.0198  [0.1s]
   nu  = 3.0000
  rho=0.61823 (4/20)
    fp=0.0037 tp=0.0396  [0.1s]
   nu  = 3.0000
  rho=0.54767 (5/20)
    fp=0.0066 tp=0.0495  [0.1s]
   nu  = 3.0000
  rho=0.48517 (6/20)
    fp=0.0113 tp=0.0594  [0.1s]
   nu  = 3.0000
  rho=0.42979 (7/20)
    fp=0.0163 tp=0.0792  [0.1s]
   nu  = 3.0000
  rho=0.38074 (8/20)
    fp=0.0235 tp=0.0891  [0.1s]
   nu  = 3.0000
  rho=0.33728 (9/20)
    fp=0.0359 tp=0.1386  [0.1s]
   nu  = 3.0000
  rho=0.29879 (10/20)
    fp=0.0470 tp=0.2079  [0.1s]
   nu  = 3.0000
  rho=0.26469 (11/20)
    fp=0.0643 tp=0.2475  [0.1s]
   nu  = 3.0000
  rho=0.23448 (12/20)
    fp=0.0798 tp=0.2772  [0.1s]
   nu  = 3.0000
  rho=0.20772 (13/20)
    fp=0.1002 tp=0.3267  [0.1s]
   nu  = 3.0000
  rho=0.18401 (14/20)
    fp=0.1200 tp=0.3465  [0.1s]
   nu  = 3.0000
  rho=0.16301 (15/20)
    fp=0.1446 tp=0.3465  [0.1s]
   nu  = 3.0000
  rho=0.14440 (16/20)
    fp=0.1666 tp=0.3861  [0.1s]
   nu  = 3.0000
  rho=0.12792 (17/20)
    fp=0.1908 tp=0.4158  [0.1s]
   nu  = 3.0000
  rho=0.11332 (18/20)
    fp=0.2155 tp=0.4653  [0.2s]
   nu  = 3.0000
  rho=0.10039 (19/20)
    fp=0.2374 tp=0.4851  [0.2s]
   nu  = 3.0000
  rho=0.08893 (20/20)
    fp=0.2617 tp=0.4950  [0.2s]
   nu  = 3.0000
  rho=0.07878 (21/21)  [extra 1/50]
    fp=0.2840 tp=0.5248  [0.3s]
   nu  = 3.0000
  rho=0.06979 (22/22)  [extra 2/50]
    fp=0.3054 tp=0.5545  [0.2s]
   nu  = 3.0000
  FPR 0.3054 >= fp_end=0.3; stopping after 22 fits
  grid extended by 2 points down to rho=0.06979, ending at FPR 0.3054
  pilot fit of run_em_diagonal at rho=0.30349
  -> rho_max = max|S_ij| (off-diag) = 0.59274
  rho grid: [0.59273584 0.525085   0.46515536 0.41206569 0.36503531 0.32337266
 0.2864651  0.25376992 0.22480634 0.19914847 0.17641902 0.15628375
 0.13844658 0.12264523 0.10864734 0.09624707 0.08526208 0.07553085
 0.06691027 0.05927358]
Running run_em_diagonal over 20 rho values, extending until FPR >= 0.3...
  rho=0.59274 (1/20)
    fp=0.0006 tp=0.0198  [10.2s]
   median nu  = 0.381
   median |eta| = 1.615
  rho=0.52508 (2/20)
    fp=0.0010 tp=0.0198  [10.1s]
   median nu  = 0.404
   median |eta| = 1.433
  rho=0.46516 (3/20)
    fp=0.0014 tp=0.0198  [10.1s]
   median nu  = 0.425
   median |eta| = 1.349
  rho=0.41207 (4/20)
    fp=0.0025 tp=0.0198  [10.2s]
   median nu  = 0.444
   median |eta| = 1.316
  rho=0.36504 (5/20)
    fp=0.0043 tp=0.0495  [10.2s]
   median nu  = 0.461
   median |eta| = 1.354
  rho=0.32337 (6/20)
    fp=0.0074 tp=0.0693  [10.4s]
   median nu  = 0.477
   median |eta| = 1.323
  rho=0.28647 (7/20)
    fp=0.0105 tp=0.0792  [10.4s]
   median nu  = 0.491
   median |eta| = 1.301
  rho=0.25377 (8/20)
    fp=0.0169 tp=0.1188  [10.5s]
   median nu  = 0.504
   median |eta| = 1.288
  rho=0.22481 (9/20)
    fp=0.0239 tp=0.1188  [11.0s]
   median nu  = 0.515
   median |eta| = 1.263
  rho=0.19915 (10/20)
    fp=0.0336 tp=0.1881  [10.8s]
   median nu  = 0.524
   median |eta| = 1.135
  rho=0.17642 (11/20)
    fp=0.0489 tp=0.2376  [10.7s]
   median nu  = 0.532
   median |eta| = 1.135
  rho=0.15628 (12/20)
    fp=0.0648 tp=0.2673  [11.0s]
   median nu  = 0.537
   median |eta| = 1.096
  rho=0.13845 (13/20)
    fp=0.0815 tp=0.3168  [11.0s]
   median nu  = 0.554
   median |eta| = 1.09
  rho=0.12265 (14/20)
    fp=0.0998 tp=0.3267  [11.0s]
   median nu  = 0.644
   median |eta| = 1.076
  rho=0.10865 (15/20)
    fp=0.1128 tp=0.3465  [11.0s]
   median nu  = 0.692
   median |eta| = 1.079
  rho=0.09625 (16/20)
    fp=0.1314 tp=0.4356  [11.6s]
   median nu  = 0.707
   median |eta| = 1.086
  rho=0.08526 (17/20)
    fp=0.1487 tp=0.4554  [11.2s]
   median nu  = 0.712
   median |eta| = 1.099
  rho=0.07553 (18/20)
    fp=0.1701 tp=0.4554  [11.9s]
   median nu  = 0.716
   median |eta| = 1.056
  rho=0.06691 (19/20)
    fp=0.1862 tp=0.4653  [11.9s]
   median nu  = 0.718
   median |eta| = 1.05
  rho=0.05927 (20/20)
    fp=0.2021 tp=0.5050  [11.8s]
   median nu  = 0.734
   median |eta| = 1.041
  rho=0.05251 (21/21)  [extra 1/50]
    fp=0.2188 tp=0.5446  [11.7s]
   median nu  = 0.729
   median |eta| = 1.044
  rho=0.04652 (22/22)  [extra 2/50]
    fp=0.2370 tp=0.5446  [11.9s]
   median nu  = 0.76
   median |eta| = 1.087
  rho=0.04121 (23/23)  [extra 3/50]
    fp=0.2535 tp=0.5545  [11.6s]
   median nu  = 0.777
   median |eta| = 1.126
  rho=0.03650 (24/24)  [extra 4/50]
    fp=0.2689 tp=0.5644  [11.2s]
   median nu  = 0.803
   median |eta| = 1.177
  rho=0.03234 (25/25)  [extra 5/50]
    fp=0.2873 tp=0.5941  [11.0s]
   median nu  = 0.833
   median |eta| = 1.227
  rho=0.02865 (26/26)  [extra 6/50]
    fp=0.3001 tp=0.5941  [10.5s]
   median nu  = 0.822
   median |eta| = 1.32
  FPR 0.3001 >= fp_end=0.3; stopping after 26 fits
  grid extended by 6 points down to rho=0.02865, ending at FPR 0.3001
  pilot fit of run_em_exact at rho=0.30349
  -> rho_max = max|S_ij| (off-diag) = 0.63699
  rho grid: [0.63698748 0.56428605 0.49988228 0.44282911 0.3922876  0.34751456
 0.30785161 0.27271551 0.24158962 0.21401622 0.18958986 0.16795136
 0.14878253 0.13180151 0.11675858 0.10343255 0.09162746 0.08116972
 0.07190556 0.06369875]
Running run_em_exact over 20 rho values, extending until FPR >= 0.3...
  rho=0.63699 (1/20)
    fp=0.0006 tp=0.0099  [11.1s]
   median nu  = 0.367
   median |eta| = 1.587
  rho=0.56429 (2/20)
    fp=0.0006 tp=0.0198  [11.0s]
   median nu  = 0.391
   median |eta| = 1.484
  rho=0.49988 (3/20)
    fp=0.0012 tp=0.0198  [10.6s]
   median nu  = 0.413
   median |eta| = 1.399
  rho=0.44283 (4/20)
    fp=0.0019 tp=0.0198  [10.7s]
   median nu  = 0.439
   median |eta| = 1.376
  rho=0.39229 (5/20)
    fp=0.0033 tp=0.0396  [10.6s]
   median nu  = 0.465
   median |eta| = 1.361
  rho=0.34751 (6/20)
    fp=0.0058 tp=0.0594  [10.5s]
   median nu  = 0.494
   median |eta| = 1.327
  rho=0.30785 (7/20)
    fp=0.0095 tp=0.0792  [10.6s]
   median nu  = 0.528
   median |eta| = 1.177
  rho=0.27272 (8/20)
    fp=0.0140 tp=0.0990  [10.6s]
   median nu  = 0.553
   median |eta| = 1.063
  rho=0.24159 (9/20)
    fp=0.0227 tp=0.1188  [10.5s]
   median nu  = 0.581
   median |eta| = 0.97
  rho=0.21402 (10/20)
    fp=0.0336 tp=0.1683  [10.3s]
   median nu  = 0.612
   median |eta| = 0.894
  rho=0.18959 (11/20)
    fp=0.0476 tp=0.2277  [10.2s]
   median nu  = 0.665
   median |eta| = 0.818
  rho=0.16795 (12/20)
    fp=0.0681 tp=0.2871  [10.0s]
   median nu  = 0.738
   median |eta| = 0.676
  rho=0.14878 (13/20)
    fp=0.0928 tp=0.3069  [9.7s]
   median nu  = 0.798
   median |eta| = 0.52
  rho=0.13180 (14/20)
    fp=0.1110 tp=0.3564  [9.5s]
   median nu  = 0.873
   median |eta| = 0.418
  rho=0.11676 (15/20)
    fp=0.1365 tp=0.4059  [9.3s]
   median nu  = 0.974
   median |eta| = 0.353
  rho=0.10343 (16/20)
    fp=0.1590 tp=0.4257  [8.8s]
   median nu  = 1.087
   median |eta| = 0.267
  rho=0.09163 (17/20)
    fp=0.1798 tp=0.4653  [8.7s]
   median nu  = 1.188
   median |eta| = 0.215
  rho=0.08117 (18/20)
    fp=0.2035 tp=0.4950  [9.2s]
   median nu  = 1.306
   median |eta| = 0.158
  rho=0.07191 (19/20)
    fp=0.2250 tp=0.5545  [9.2s]
   median nu  = 1.403
   median |eta| = 0.116
  rho=0.06370 (20/20)
    fp=0.2458 tp=0.5545  [9.0s]
   median nu  = 1.488
   median |eta| = 0.09
  rho=0.05643 (21/21)  [extra 1/50]
    fp=0.2650 tp=0.5644  [9.1s]
   median nu  = 1.598
   median |eta| = 0.063
  rho=0.04999 (22/22)  [extra 2/50]
    fp=0.2871 tp=0.5842  [8.9s]
   median nu  = 1.735
   median |eta| = 0.046
  rho=0.04428 (23/23)  [extra 3/50]
    fp=0.3046 tp=0.6238  [8.9s]
   median nu  = 1.855
   median |eta| = 0.036
  FPR 0.3046 >= fp_end=0.3; stopping after 23 fits
  grid extended by 3 points down to rho=0.04428, ending at FPR 0.3046
  graphical_lasso rho_max = max|S_ij| (off-diag) = 2762.77319
  rho grid: [2762.7731942  2447.44902218 2168.11380997 1920.66002208 1701.44892923
 1507.25710199 1335.22901126 1182.83503867 1047.83427929  928.24158987
  822.29839795  728.44684255  645.30686639  571.65592256  506.41099734
  448.61268484  397.41107926  352.05327725  311.87230677  276.27731942]
Running graphical_lasso over 20 rho values, extending until FPR >= 0.3...
  rho=2762.77319 (1/20)
    fp=0.0000 tp=0.0000  [0.0s]
  rho=2447.44902 (2/20)
    fp=0.0002 tp=0.0000  [0.0s]
  rho=2168.11381 (3/20)
    fp=0.0002 tp=0.0000  [0.0s]
  rho=1920.66002 (4/20)
    fp=0.0002 tp=0.0000  [8.8s]
  rho=1701.44893 (5/20)
    fp=0.0002 tp=0.0000  [0.0s]
  rho=1507.25710 (6/20)
    fp=0.0002 tp=0.0000  [0.0s]
  rho=1335.22901 (7/20)
    fp=0.0002 tp=0.0000  [0.0s]
  rho=1182.83504 (8/20)
    fp=0.0002 tp=0.0000  [0.0s]
  rho=1047.83428 (9/20)
    fp=0.0002 tp=0.0000  [0.0s]
  rho=928.24159 (10/20)
    fp=0.0002 tp=0.0000  [0.0s]
  rho=822.29840 (11/20)
    fp=0.0002 tp=0.0000  [0.0s]
  rho=728.44684 (12/20)
    fp=0.0002 tp=0.0000  [0.0s]
  rho=645.30687 (13/20)
    fp=0.0002 tp=0.0000  [0.0s]
  rho=571.65592 (14/20)
    fp=0.0004 tp=0.0000  [0.0s]
  rho=506.41100 (15/20)
    fp=0.0004 tp=0.0000  [0.0s]
  rho=448.61268 (16/20)
    fp=0.0008 tp=0.0000  [0.0s]
  rho=397.41108 (17/20)
    fp=0.0008 tp=0.0000  [0.0s]
  rho=352.05328 (18/20)
    fp=0.0008 tp=0.0000  [0.0s]
  rho=311.87231 (19/20)
    fp=0.0008 tp=0.0000  [0.0s]
  rho=276.27732 (20/20)
    fp=0.0010 tp=0.0000  [0.0s]
  rho=244.74490 (21/21)  [extra 1/50]
    fp=0.0010 tp=0.0000  [0.0s]
  rho=216.81138 (22/22)  [extra 2/50]
    fp=0.0010 tp=0.0000  [0.0s]
  rho=192.06600 (23/23)  [extra 3/50]
    fp=0.0010 tp=0.0000  [0.0s]
  rho=170.14489 (24/24)  [extra 4/50]
    fp=0.0016 tp=0.0000  [0.0s]
  rho=150.72571 (25/25)  [extra 5/50]
    fp=0.0021 tp=0.0000  [0.0s]
  rho=133.52290 (26/26)  [extra 6/50]
    fp=0.0023 tp=0.0000  [0.0s]
  rho=118.28350 (27/27)  [extra 7/50]
    fp=0.0023 tp=0.0000  [0.0s]
  rho=104.78343 (28/28)  [extra 8/50]
    fp=0.0023 tp=0.0000  [0.0s]
  rho=92.82416 (29/29)  [extra 9/50]
    fp=0.0027 tp=0.0000  [0.0s]
  rho=82.22984 (30/30)  [extra 10/50]
    fp=0.0035 tp=0.0000  [0.0s]
  rho=72.84468 (31/31)  [extra 11/50]
    fp=0.0037 tp=0.0000  [0.0s]
  rho=64.53069 (32/32)  [extra 12/50]
    fp=0.0037 tp=0.0000  [0.0s]
  rho=57.16559 (33/33)  [extra 13/50]
    fp=0.0045 tp=0.0000  [0.0s]
  rho=50.64110 (34/34)  [extra 14/50]
    fp=0.0049 tp=0.0000  [0.0s]
  rho=44.86127 (35/35)  [extra 15/50]
    fp=0.0062 tp=0.0000  [0.1s]
  rho=39.74111 (36/36)  [extra 16/50]
    fp=0.0068 tp=0.0000  [0.1s]
  rho=35.20533 (37/37)  [extra 17/50]
    fp=0.0085 tp=0.0000  [0.0s]
  rho=31.18723 (38/38)  [extra 18/50]
    fp=0.0101 tp=0.0000  [0.1s]
  rho=27.62773 (39/39)  [extra 19/50]
    fp=0.0109 tp=0.0000  [0.0s]
  rho=24.47449 (40/40)  [extra 20/50]
    fp=0.0122 tp=0.0099  [0.1s]
  rho=21.68114 (41/41)  [extra 21/50]
    fp=0.0140 tp=0.0099  [0.0s]
  rho=19.20660 (42/42)  [extra 22/50]
    fp=0.0157 tp=0.0099  [0.5s]
  rho=17.01449 (43/43)  [extra 23/50]
    [WARN] glasso failed: Non SPD result: the system is too ill-conditioned for this solver. The system is too ill-conditioned for this solver; reusing previous Theta
    fp=0.0157 tp=0.0099  [0.0s]
  rho=15.07257 (44/44)  [extra 24/50]
    [WARN] glasso failed: Non SPD result: the system is too ill-conditioned for this solver. The system is too ill-conditioned for this solver; reusing previous Theta
    fp=0.0157 tp=0.0099  [0.0s]
  rho=13.35229 (45/45)  [extra 25/50]
    [WARN] glasso failed: Non SPD result: the system is too ill-conditioned for this solver. The system is too ill-conditioned for this solver; reusing previous Theta
    fp=0.0157 tp=0.0099  [0.0s]
  rho=11.82835 (46/46)  [extra 26/50]
    [WARN] glasso failed: Non SPD result: the system is too ill-conditioned for this solver. The system is too ill-conditioned for this solver; reusing previous Theta
    fp=0.0157 tp=0.0099  [0.0s]
  rho=10.47834 (47/47)  [extra 27/50]
    fp=0.0272 tp=0.0198  [0.1s]
  rho=9.28242 (48/48)  [extra 28/50]
    [WARN] glasso failed: Non SPD result: the system is too ill-conditioned for this solver. The system is too ill-conditioned for this solver; reusing previous Theta
    fp=0.0272 tp=0.0198  [0.1s]
  rho=8.22298 (49/49)  [extra 29/50]
    [WARN] glasso failed: Non SPD result: the system is too ill-conditioned for this solver. The system is too ill-conditioned for this solver; reusing previous Theta
    fp=0.0272 tp=0.0198  [0.0s]
  rho=7.28447 (50/50)  [extra 30/50]
    [WARN] glasso failed: Non SPD result: the system is too ill-conditioned for this solver. The system is too ill-conditioned for this solver; reusing previous Theta
    fp=0.0272 tp=0.0198  [0.0s]
  rho=6.45307 (51/51)  [extra 31/50]
    [WARN] glasso failed: Non SPD result: the system is too ill-conditioned for this solver. The system is too ill-conditioned for this solver; reusing previous Theta
    fp=0.0272 tp=0.0198  [0.4s]
  rho=5.71656 (52/52)  [extra 32/50]
    [WARN] glasso failed: Non SPD result: the system is too ill-conditioned for this solver. The system is too ill-conditioned for this solver; reusing previous Theta
    fp=0.0272 tp=0.0198  [0.4s]
  rho=5.06411 (53/53)  [extra 33/50]
    [WARN] glasso failed: Non SPD result: the system is too ill-conditioned for this solver. The system is too ill-conditioned for this solver; reusing previous Theta
    fp=0.0272 tp=0.0198  [0.0s]
  rho=4.48613 (54/54)  [extra 34/50]
    [WARN] glasso failed: Non SPD result: the system is too ill-conditioned for this solver. The system is too ill-conditioned for this solver; reusing previous Theta
    fp=0.0272 tp=0.0198  [0.1s]
  rho=3.97411 (55/55)  [extra 35/50]
    [WARN] glasso failed: Non SPD result: the system is too ill-conditioned for this solver. The system is too ill-conditioned for this solver; reusing previous Theta
    fp=0.0272 tp=0.0198  [0.0s]
  rho=3.52053 (56/56)  [extra 36/50]
    [WARN] glasso failed: Non SPD result: the system is too ill-conditioned for this solver. The system is too ill-conditioned for this solver; reusing previous Theta
    fp=0.0272 tp=0.0198  [0.6s]
  rho=3.11872 (57/57)  [extra 37/50]
    [WARN] glasso failed: Non SPD result: the system is too ill-conditioned for this solver. The system is too ill-conditioned for this solver; reusing previous Theta
    fp=0.0272 tp=0.0198  [0.0s]
  rho=2.76277 (58/58)  [extra 38/50]
    [WARN] glasso failed: Non SPD result: the system is too ill-conditioned for this solver. The system is too ill-conditioned for this solver; reusing previous Theta
    fp=0.0272 tp=0.0198  [2.1s]
  rho=2.44745 (59/59)  [extra 39/50]
    [WARN] glasso failed: Non SPD result: the system is too ill-conditioned for this solver. The system is too ill-conditioned for this solver; reusing previous Theta
    fp=0.0272 tp=0.0198  [0.2s]
  rho=2.16811 (60/60)  [extra 40/50]
    [WARN] glasso failed: Non SPD result: the system is too ill-conditioned for this solver. The system is too ill-conditioned for this solver; reusing previous Theta
    fp=0.0272 tp=0.0198  [4.5s]
  rho=1.92066 (61/61)  [extra 41/50]
    fp=0.1112 tp=0.0891  [10.4s]
  rho=1.70145 (62/62)  [extra 42/50]
    fp=0.1239 tp=0.1089  [2.6s]
  rho=1.50726 (63/63)  [extra 43/50]
    fp=0.1359 tp=0.1089  [11.0s]
  rho=1.33523 (64/64)  [extra 44/50]
    fp=0.1514 tp=0.1089  [11.1s]
  rho=1.18284 (65/65)  [extra 45/50]
    fp=0.1615 tp=0.1089  [11.1s]
  rho=1.04783 (66/66)  [extra 46/50]
    fp=0.1796 tp=0.1485  [9.1s]
  rho=0.92824 (67/67)  [extra 47/50]
    fp=0.1926 tp=0.1683  [12.4s]
  rho=0.82230 (68/68)  [extra 48/50]
    fp=0.2077 tp=0.1683  [7.3s]
  rho=0.72845 (69/69)  [extra 49/50]
    fp=0.2242 tp=0.2079  [3.4s]
  rho=0.64531 (70/70)  [extra 50/50]
    fp=0.2433 tp=0.2178  [13.0s]
  [note] 7/70 fits hit a glasso ConvergenceWarning (suppressed)
  [WARN] 17/70 points reused the previous Theta after a glasso failure; those are not estimates
  [warn] FPR stalled at 0.2433 < fp_end=0.3 after 50 extra fits (cap max_extra=50); the curve stops short of fp_end
  grid extended by 50 points down to rho=0.64531, ending at FPR 0.2433
  [warn] AUC integrates to fp_end=0.3 but the curve stops at FPR 0.2433; TPR held flat above that
  [warn] mean_roc averages out to FPR 0.300 but the shortest replicate only reached 0.186; its TPR is held flat above that
  [warn] mean_roc averages out to FPR 0.300 but the shortest replicate only reached 0.121; its TPR is held flat above that

(p=100, n=50) over 21 replicates
  t+lasso  (run_em_diagonal):    AUC = 0.137 (SE 0.003)
  ~t+lasso (run_em_exact):       AUC = 0.130 (SE 0.003)
  tlasso   (run_tlasso):         AUC = 0.048 (SE 0.002)
  t*lasso  (run_tstar_varlasso): AUC = 0.109 (SE 0.003)
  glasso   (graphical_lasso):    AUC = 0.048 (SE 0.002)
Replicate 22/50
  Theta: 113/4950 edges
  pilot fit of run_tlasso at rho=30.34854
  -> rho_max = max|S_ij| (off-diag) = 386004.99699
  [note] pilot fit hit a glasso ConvergenceWarning (suppressed)
  rho grid: [386004.99698929 341949.00776515 302921.26999283 268347.89319549
 237720.4868584  210588.68470797 186553.52221893 165261.56996778
 146399.73656549 129690.66474815 114888.6529266  101776.04222262
  90160.01586439  79869.76387711  70753.97137663  62678.59353218
  55524.88447977  49187.65120199  43573.70669811  38600.49969893]
Running run_tlasso over 20 rho values, extending until FPR >= 0.3...
  rho=386004.99699 (1/20)
    fp=0.0000 tp=0.0000  [11.2s]
   nu  = 3.0000
  rho=341949.00777 (2/20)
    fp=0.0000 tp=0.0000  [0.9s]
   nu  = 3.0000
  rho=302921.26999 (3/20)
    fp=0.0000 tp=0.0000  [3.6s]
   nu  = 3.0000
  rho=268347.89320 (4/20)
    fp=0.0000 tp=0.0000  [0.9s]
   nu  = 3.0000
  rho=237720.48686 (5/20)
    fp=0.0000 tp=0.0000  [4.0s]
   nu  = 3.0000
  rho=210588.68471 (6/20)
    fp=0.0000 tp=0.0000  [0.9s]
   nu  = 3.0000
  rho=186553.52222 (7/20)
    fp=0.0002 tp=0.0000  [4.6s]
   nu  = 3.0000
  rho=165261.56997 (8/20)
    fp=0.0002 tp=0.0000  [0.9s]
   nu  = 3.0000
  rho=146399.73657 (9/20)
    fp=0.0002 tp=0.0000  [4.5s]
   nu  = 3.0000
  rho=129690.66475 (10/20)
    fp=0.0002 tp=0.0000  [0.9s]
   nu  = 3.0000
  rho=114888.65293 (11/20)
    fp=0.0002 tp=0.0000  [4.5s]
   nu  = 3.0000
  rho=101776.04222 (12/20)
    fp=0.0002 tp=0.0000  [0.9s]
   nu  = 3.0000
  rho=90160.01586 (13/20)
    fp=0.0004 tp=0.0000  [4.5s]
   nu  = 3.0000
  rho=79869.76388 (14/20)
    fp=0.0004 tp=0.0000  [0.9s]
   nu  = 3.0000
  rho=70753.97138 (15/20)
    fp=0.0004 tp=0.0000  [5.3s]
   nu  = 3.0000
  rho=62678.59353 (16/20)
    fp=0.0002 tp=0.0000  [0.9s]
   nu  = 3.0000
  rho=55524.88448 (17/20)
    fp=0.0006 tp=0.0000  [4.4s]
   nu  = 3.0000
  rho=49187.65120 (18/20)
    fp=0.0008 tp=0.0000  [0.9s]
   nu  = 3.0000
  rho=43573.70670 (19/20)
    fp=0.0008 tp=0.0000  [5.4s]
   nu  = 3.0000
  rho=38600.49970 (20/20)
    fp=0.0008 tp=0.0000  [0.9s]
   nu  = 3.0000
  rho=34194.90078 (21/21)  [extra 1/50]
    fp=0.0010 tp=0.0000  [5.3s]
   nu  = 3.0000
  rho=30292.12700 (22/22)  [extra 2/50]
    fp=0.0010 tp=0.0000  [0.9s]
   nu  = 3.0000
  rho=26834.78932 (23/23)  [extra 3/50]
    fp=0.0010 tp=0.0000  [5.2s]
   nu  = 3.0000
  rho=23772.04869 (24/24)  [extra 4/50]
    fp=0.0012 tp=0.0000  [0.9s]
   nu  = 3.0000
  rho=21058.86847 (25/25)  [extra 5/50]
    fp=0.0012 tp=0.0000  [5.2s]
   nu  = 3.0000
  rho=18655.35222 (26/26)  [extra 6/50]
    fp=0.0008 tp=0.0000  [0.9s]
   nu  = 3.0000
  rho=16526.15700 (27/27)  [extra 7/50]
    fp=0.0008 tp=0.0000  [5.2s]
   nu  = 3.0000
  rho=14639.97366 (28/28)  [extra 8/50]
    fp=0.0008 tp=0.0000  [0.0s]
   nu  = 3.0000
  rho=12969.06647 (29/29)  [extra 9/50]
    fp=0.0008 tp=0.0000  [0.1s]
   nu  = 3.0000
  rho=11488.86529 (30/30)  [extra 10/50]
    fp=0.0006 tp=0.0000  [0.9s]
   nu  = 3.0000
  rho=10177.60422 (31/31)  [extra 11/50]
    fp=0.0010 tp=0.0000  [6.1s]
   nu  = 3.0000
  rho=9016.00159 (32/32)  [extra 12/50]
    fp=0.0008 tp=0.0000  [0.0s]
   nu  = 3.0000
  rho=7986.97639 (33/33)  [extra 13/50]
    fp=0.0017 tp=0.0000  [0.1s]
   nu  = 3.0000
  rho=7075.39714 (34/34)  [extra 14/50]
    fp=0.0023 tp=0.0000  [0.0s]
   nu  = 3.0000
  rho=6267.85935 (35/35)  [extra 15/50]
    fp=0.0031 tp=0.0000  [0.1s]
   nu  = 3.0000
  rho=5552.48845 (36/36)  [extra 16/50]
    fp=0.0037 tp=0.0000  [0.1s]
   nu  = 3.0000
  rho=4918.76512 (37/37)  [extra 17/50]
    fp=0.0045 tp=0.0000  [0.1s]
   nu  = 3.0000
  rho=4357.37067 (38/38)  [extra 18/50]
    fp=0.0056 tp=0.0000  [0.1s]
   nu  = 3.0000
  rho=3860.04997 (39/39)  [extra 19/50]
    fp=0.0064 tp=0.0088  [0.1s]
   nu  = 3.0000
  rho=3419.49008 (40/40)  [extra 20/50]
    fp=0.0072 tp=0.0088  [0.1s]
   nu  = 3.0000
  rho=3029.21270 (41/41)  [extra 21/50]
    fp=0.0083 tp=0.0088  [0.1s]
   nu  = 3.0000
  rho=2683.47893 (42/42)  [extra 22/50]
    fp=0.0099 tp=0.0177  [2.1s]
   nu  = 3.0000
  rho=2377.20487 (43/43)  [extra 23/50]
    fp=0.0108 tp=0.0265  [0.1s]
   nu  = 3.0000
  rho=2105.88685 (44/44)  [extra 24/50]
    fp=0.0120 tp=0.0265  [0.1s]
   nu  = 3.0000
  rho=1865.53522 (45/45)  [extra 25/50]
    fp=0.0128 tp=0.0265  [0.1s]
   nu  = 3.0000
  rho=1652.61570 (46/46)  [extra 26/50]
    fp=0.0132 tp=0.0265  [0.1s]
   nu  = 3.0000
  rho=1463.99737 (47/47)  [extra 27/50]
    fp=0.0141 tp=0.0265  [0.1s]
   nu  = 3.0000
  rho=1296.90665 (48/48)  [extra 28/50]
    fp=0.0149 tp=0.0265  [0.1s]
   nu  = 3.0000
  rho=1148.88653 (49/49)  [extra 29/50]
    fp=0.0167 tp=0.0265  [0.2s]
   nu  = 3.0000
  rho=1017.76042 (50/50)  [extra 30/50]
    fp=0.0172 tp=0.0354  [0.1s]
   nu  = 3.0000
  rho=901.60016 (51/51)  [extra 31/50]
    fp=0.0178 tp=0.0354  [0.1s]
   nu  = 3.0000
  rho=798.69764 (52/52)  [extra 32/50]
    fp=0.0184 tp=0.0354  [0.1s]
   nu  = 3.0000
  rho=707.53971 (53/53)  [extra 33/50]
    fp=0.0192 tp=0.0354  [0.1s]
   nu  = 3.0000
  rho=626.78594 (54/54)  [extra 34/50]
    fp=0.0196 tp=0.0354  [0.2s]
   nu  = 3.0000
  rho=555.24884 (55/55)  [extra 35/50]
    fp=0.0207 tp=0.0442  [0.1s]
   nu  = 3.0000
  rho=491.87651 (56/56)  [extra 36/50]
    fp=0.0211 tp=0.0442  [0.1s]
   nu  = 3.0000
  rho=435.73707 (57/57)  [extra 37/50]
    fp=0.0223 tp=0.0442  [0.1s]
   nu  = 3.0000
  rho=386.00500 (58/58)  [extra 38/50]
    fp=0.0240 tp=0.0442  [0.1s]
   nu  = 3.0000
  rho=341.94901 (59/59)  [extra 39/50]
    fp=0.0252 tp=0.0442  [0.1s]
   nu  = 3.0000
  rho=302.92127 (60/60)  [extra 40/50]
    fp=0.0263 tp=0.0442  [0.1s]
   nu  = 3.0000
  rho=268.34789 (61/61)  [extra 41/50]
    fp=0.0271 tp=0.0442  [0.1s]
   nu  = 3.0000
  rho=237.72049 (62/62)  [extra 42/50]
    fp=0.0275 tp=0.0442  [0.1s]
   nu  = 3.0000
  rho=210.58868 (63/63)  [extra 43/50]
    fp=0.0298 tp=0.0442  [0.1s]
   nu  = 3.0000
  rho=186.55352 (64/64)  [extra 44/50]
    fp=0.0320 tp=0.0442  [0.1s]
   nu  = 3.0000
  rho=165.26157 (65/65)  [extra 45/50]
    fp=0.0335 tp=0.0442  [0.1s]
   nu  = 3.0000
  rho=146.39974 (66/66)  [extra 46/50]
    fp=0.0349 tp=0.0442  [0.1s]
   nu  = 3.0000
  rho=129.69066 (67/67)  [extra 47/50]
    fp=0.0364 tp=0.0442  [0.1s]
   nu  = 3.0000
  rho=114.88865 (68/68)  [extra 48/50]
    fp=0.0387 tp=0.0442  [0.1s]
   nu  = 3.0000
  rho=101.77604 (69/69)  [extra 49/50]
    fp=0.0413 tp=0.0442  [0.1s]
   nu  = 3.0000
  rho=90.16002 (70/70)  [extra 50/50]
    fp=0.0447 tp=0.0531  [0.1s]
   nu  = 3.0000
  [note] 29/70 fits hit a glasso ConvergenceWarning (suppressed)
  [warn] FPR stalled at 0.0447 < fp_end=0.3 after 50 extra fits (cap max_extra=50); the curve stops short of fp_end
  grid extended by 50 points down to rho=90.16002, ending at FPR 0.0447
  [warn] AUC integrates to fp_end=0.3 but the curve stops at FPR 0.0447; TPR held flat above that
  pilot fit of run_tstar_varlasso at rho=0.30349
  -> rho_max = max|S_ij| (off-diag) = 0.99304
  rho grid: [0.99304483 0.87970543 0.77930183 0.69035761 0.61156488 0.54176502
 0.47993164 0.4251555  0.37663114 0.33364502 0.29556504 0.26183125
 0.23194761 0.20547469 0.1820232  0.16124831 0.14284452 0.12654122
 0.11209866 0.09930448]
Running run_tstar_varlasso over 20 rho values, extending until FPR >= 0.3...
  rho=0.99304 (1/20)
    fp=0.0006 tp=0.0000  [0.2s]
   nu  = 3.0000
  rho=0.87971 (2/20)
    fp=0.0014 tp=0.0000  [0.1s]
   nu  = 3.0000
  rho=0.77930 (3/20)
    fp=0.0023 tp=0.0000  [0.1s]
   nu  = 3.0000
  rho=0.69036 (4/20)
    fp=0.0033 tp=0.0000  [0.1s]
   nu  = 3.0000
  rho=0.61156 (5/20)
    fp=0.0060 tp=0.0000  [0.1s]
   nu  = 3.0000
  rho=0.54177 (6/20)
    fp=0.0097 tp=0.0619  [0.1s]
   nu  = 3.0000
  rho=0.47993 (7/20)
    fp=0.0122 tp=0.0708  [0.1s]
   nu  = 3.0000
  rho=0.42516 (8/20)
    fp=0.0170 tp=0.0708  [0.1s]
   nu  = 3.0000
  rho=0.37663 (9/20)
    fp=0.0244 tp=0.0708  [0.1s]
   nu  = 3.0000
  rho=0.33365 (10/20)
    fp=0.0341 tp=0.1062  [0.1s]
   nu  = 3.0000
  rho=0.29557 (11/20)
    fp=0.0467 tp=0.1239  [0.1s]
   nu  = 3.0000
  rho=0.26183 (12/20)
    fp=0.0612 tp=0.1593  [0.1s]
   nu  = 3.0000
  rho=0.23195 (13/20)
    fp=0.0781 tp=0.2035  [0.1s]
   nu  = 3.0000
  rho=0.20547 (14/20)
    fp=0.0955 tp=0.2212  [0.1s]
   nu  = 3.0000
  rho=0.18202 (15/20)
    fp=0.1168 tp=0.2478  [0.2s]
   nu  = 3.0000
  rho=0.16125 (16/20)
    fp=0.1435 tp=0.3097  [0.2s]
   nu  = 3.0000
  rho=0.14284 (17/20)
    fp=0.1683 tp=0.3363  [0.2s]
   nu  = 3.0000
  rho=0.12654 (18/20)
    fp=0.1892 tp=0.3717  [0.2s]
   nu  = 3.0000
  rho=0.11210 (19/20)
    fp=0.2113 tp=0.3982  [0.2s]
   nu  = 3.0000
  rho=0.09930 (20/20)
    fp=0.2355 tp=0.4336  [0.2s]
   nu  = 3.0000
  rho=0.08797 (21/21)  [extra 1/50]
    fp=0.2586 tp=0.4956  [0.3s]
   nu  = 3.0000
  rho=0.07793 (22/22)  [extra 2/50]
    fp=0.2787 tp=0.5310  [0.2s]
   nu  = 3.0000
  rho=0.06904 (23/23)  [extra 3/50]
    fp=0.3054 tp=0.5575  [0.3s]
   nu  = 3.0000
  FPR 0.3054 >= fp_end=0.3; stopping after 23 fits
  grid extended by 3 points down to rho=0.06904, ending at FPR 0.3054
  pilot fit of run_em_diagonal at rho=0.30349
  -> rho_max = max|S_ij| (off-diag) = 0.50199
  rho grid: [0.50199465 0.44470039 0.39394531 0.34898306 0.30915251 0.27386794
 0.24261051 0.2149206  0.19039102 0.16866108 0.14941125 0.13235846
 0.11725197 0.10386962 0.09201465 0.08151272 0.07220941 0.06396792
 0.05666706 0.05019947]
Running run_em_diagonal over 20 rho values, extending until FPR >= 0.3...
  rho=0.50199 (1/20)
    fp=0.0002 tp=0.0088  [10.5s]
   median nu  = 0.456
   median |eta| = 1.348
  rho=0.44470 (2/20)
    fp=0.0004 tp=0.0265  [10.3s]
   median nu  = 0.551
   median |eta| = 1.263
  rho=0.39395 (3/20)
    fp=0.0017 tp=0.0354  [10.3s]
   median nu  = 0.574
   median |eta| = 1.286
  rho=0.34898 (4/20)
    fp=0.0033 tp=0.0354  [10.5s]
   median nu  = 0.596
   median |eta| = 1.25
  rho=0.30915 (5/20)
    fp=0.0064 tp=0.0619  [10.3s]
   median nu  = 0.623
   median |eta| = 1.185
  rho=0.27387 (6/20)
    fp=0.0103 tp=0.0708  [10.4s]
   median nu  = 0.65
   median |eta| = 1.187
  rho=0.24261 (7/20)
    fp=0.0151 tp=0.0973  [10.3s]
   median nu  = 0.674
   median |eta| = 1.14
  rho=0.21492 (8/20)
    fp=0.0221 tp=0.1327  [10.3s]
   median nu  = 0.689
   median |eta| = 1.129
  rho=0.19039 (9/20)
    fp=0.0343 tp=0.1416  [10.4s]
   median nu  = 0.703
   median |eta| = 1.121
  rho=0.16866 (10/20)
    fp=0.0451 tp=0.1681  [10.4s]
   median nu  = 0.715
   median |eta| = 1.118
  rho=0.14941 (11/20)
    fp=0.0595 tp=0.1947  [10.5s]
   median nu  = 0.726
   median |eta| = 1.078
  rho=0.13236 (12/20)
    fp=0.0767 tp=0.2655  [10.5s]
   median nu  = 0.73
   median |eta| = 0.994
  rho=0.11725 (13/20)
    fp=0.0953 tp=0.3009  [10.4s]
   median nu  = 0.744
   median |eta| = 0.987
  rho=0.10387 (14/20)
    fp=0.1121 tp=0.3363  [10.6s]
   median nu  = 0.719
   median |eta| = 0.961
  rho=0.09201 (15/20)
    fp=0.1319 tp=0.3628  [10.5s]
   median nu  = 0.731
   median |eta| = 0.935
  rho=0.08151 (16/20)
    fp=0.1478 tp=0.3982  [10.9s]
   median nu  = 0.726
   median |eta| = 0.946
  rho=0.07221 (17/20)
    fp=0.1670 tp=0.4248  [10.8s]
   median nu  = 0.734
   median |eta| = 0.892
  rho=0.06397 (18/20)
    fp=0.1823 tp=0.4779  [11.1s]
   median nu  = 0.743
   median |eta| = 0.877
  rho=0.05667 (19/20)
    fp=0.1981 tp=0.5221  [11.7s]
   median nu  = 0.744
   median |eta| = 0.866
  rho=0.05020 (20/20)
    fp=0.2142 tp=0.5575  [11.7s]
   median nu  = 0.768
   median |eta| = 0.8
  rho=0.04447 (21/21)  [extra 1/50]
    fp=0.2299 tp=0.5664  [11.6s]
   median nu  = 0.783
   median |eta| = 0.801
  rho=0.03939 (22/22)  [extra 2/50]
    fp=0.2471 tp=0.5664  [11.5s]
   median nu  = 0.804
   median |eta| = 0.795
  rho=0.03490 (23/23)  [extra 3/50]
    fp=0.2630 tp=0.5929  [12.2s]
   median nu  = 0.805
   median |eta| = 0.775
  rho=0.03092 (24/24)  [extra 4/50]
    fp=0.2764 tp=0.6018  [11.5s]
   median nu  = 0.857
   median |eta| = 0.773
  rho=0.02739 (25/25)  [extra 5/50]
    fp=0.2901 tp=0.6018  [11.5s]
   median nu  = 0.947
   median |eta| = 0.749
  rho=0.02426 (26/26)  [extra 6/50]
    fp=0.3008 tp=0.5929  [11.3s]
   median nu  = 0.818
   median |eta| = 0.832
  FPR 0.3008 >= fp_end=0.3; stopping after 26 fits
  grid extended by 6 points down to rho=0.02426, ending at FPR 0.3008
  pilot fit of run_em_exact at rho=0.30349
  -> rho_max = max|S_ij| (off-diag) = 0.52380
  rho grid: [0.52379633 0.46401378 0.4110544  0.36413944 0.32257903 0.28576205
 0.25314711 0.22425462 0.19865972 0.17598605 0.1559002  0.13810681
 0.12234423 0.10838069 0.09601086 0.08505283 0.07534548 0.06674606
 0.05912811 0.05237963]
Running run_em_exact over 20 rho values, extending until FPR >= 0.3...
  rho=0.52380 (1/20)
    fp=0.0002 tp=0.0088  [10.9s]
   median nu  = 0.519
   median |eta| = 1.294
  rho=0.46401 (2/20)
    fp=0.0002 tp=0.0177  [11.0s]
   median nu  = 0.542
   median |eta| = 1.261
  rho=0.41105 (3/20)
    fp=0.0010 tp=0.0354  [10.8s]
   median nu  = 0.566
   median |eta| = 1.218
  rho=0.36414 (4/20)
    fp=0.0027 tp=0.0354  [10.9s]
   median nu  = 0.593
   median |eta| = 1.227
  rho=0.32258 (5/20)
    fp=0.0062 tp=0.0531  [10.8s]
   median nu  = 0.621
   median |eta| = 1.177
  rho=0.28576 (6/20)
    fp=0.0101 tp=0.0619  [10.7s]
   median nu  = 0.648
   median |eta| = 1.119
  rho=0.25315 (7/20)
    fp=0.0157 tp=0.0885  [10.7s]
   median nu  = 0.675
   median |eta| = 0.981
  rho=0.22425 (8/20)
    fp=0.0229 tp=0.1150  [10.5s]
   median nu  = 0.703
   median |eta| = 0.866
  rho=0.19866 (9/20)
    fp=0.0349 tp=0.1504  [10.5s]
   median nu  = 0.731
   median |eta| = 0.731
  rho=0.17599 (10/20)
    fp=0.0498 tp=0.1681  [9.9s]
   median nu  = 0.767
   median |eta| = 0.667
  rho=0.15590 (11/20)
    fp=0.0693 tp=0.2124  [9.4s]
   median nu  = 0.824
   median |eta| = 0.556
  rho=0.13811 (12/20)
    fp=0.0941 tp=0.3009  [9.1s]
   median nu  = 0.892
   median |eta| = 0.448
  rho=0.12234 (13/20)
    fp=0.1176 tp=0.3451  [8.7s]
   median nu  = 0.972
   median |eta| = 0.342
  rho=0.10838 (14/20)
    fp=0.1408 tp=0.3894  [8.5s]
   median nu  = 1.069
   median |eta| = 0.261
  rho=0.09601 (15/20)
    fp=0.1648 tp=0.4248  [9.1s]
   median nu  = 1.201
   median |eta| = 0.211
  rho=0.08505 (16/20)
    fp=0.1865 tp=0.4690  [8.1s]
   median nu  = 1.29
   median |eta| = 0.164
  rho=0.07535 (17/20)
    fp=0.2121 tp=0.4779  [7.9s]
   median nu  = 1.387
   median |eta| = 0.125
  rho=0.06675 (18/20)
    fp=0.2378 tp=0.5133  [7.8s]
   median nu  = 1.51
   median |eta| = 0.094
  rho=0.05913 (19/20)
    fp=0.2562 tp=0.5487  [7.7s]
   median nu  = 1.646
   median |eta| = 0.075
  rho=0.05238 (20/20)
    fp=0.2710 tp=0.5664  [7.8s]
   median nu  = 1.782
   median |eta| = 0.055
  rho=0.04640 (21/21)  [extra 1/50]
    fp=0.2905 tp=0.5752  [8.6s]
   median nu  = 1.917
   median |eta| = 0.044
  rho=0.04111 (22/22)  [extra 2/50]
    fp=0.3056 tp=0.5929  [8.6s]
   median nu  = 2.017
   median |eta| = 0.031
  FPR 0.3056 >= fp_end=0.3; stopping after 22 fits
  grid extended by 2 points down to rho=0.04111, ending at FPR 0.3056
  graphical_lasso rho_max = max|S_ij| (off-diag) = 21898.58333
  rho grid: [21898.58332527 19399.22772488 17185.13160108 15223.73737422
 13486.20336575 11946.97969043 10583.43255346  9375.51142765
  8305.45421687  7357.52606999  6517.78800498  5773.89194055
  5114.89912155  4531.11926808  4013.96808298  3555.84102248
  3150.00147379  2790.48169537  2471.99506318  2189.85833253]
Running graphical_lasso over 20 rho values, extending until FPR >= 0.3...
  rho=21898.58333 (1/20)
    fp=0.0010 tp=0.0000  [8.6s]
  rho=19399.22772 (2/20)
    fp=0.0019 tp=0.0000  [8.8s]
  rho=17185.13160 (3/20)
    fp=0.0027 tp=0.0000  [8.8s]
  rho=15223.73737 (4/20)
    fp=0.0045 tp=0.0000  [8.7s]
  rho=13486.20337 (5/20)
    fp=0.0056 tp=0.0000  [8.7s]
  rho=11946.97969 (6/20)
    fp=0.0072 tp=0.0000  [8.7s]
  rho=10583.43255 (7/20)
    fp=0.0097 tp=0.0000  [8.7s]
  rho=9375.51143 (8/20)
    fp=0.0122 tp=0.0000  [8.7s]
  rho=8305.45422 (9/20)
    fp=0.0143 tp=0.0088  [8.8s]
  rho=7357.52607 (10/20)
    fp=0.0157 tp=0.0177  [8.8s]
  rho=6517.78800 (11/20)
    fp=0.0176 tp=0.0177  [8.7s]
  rho=5773.89194 (12/20)
    fp=0.0207 tp=0.0177  [8.8s]
  rho=5114.89912 (13/20)
    fp=0.0244 tp=0.0265  [8.7s]
  rho=4531.11927 (14/20)
    fp=0.0275 tp=0.0265  [8.8s]
  rho=4013.96808 (15/20)
    fp=0.0308 tp=0.0265  [8.8s]
  rho=3555.84102 (16/20)
    fp=0.0331 tp=0.0265  [8.9s]
  rho=3150.00147 (17/20)
    fp=0.0351 tp=0.0265  [8.8s]
  rho=2790.48170 (18/20)
    fp=0.0376 tp=0.0354  [8.8s]
  rho=2471.99506 (19/20)
    fp=0.0387 tp=0.0354  [8.8s]
  rho=2189.85833 (20/20)
    fp=0.0405 tp=0.0354  [8.8s]
  rho=1939.92277 (21/21)  [extra 1/50]
    fp=0.0457 tp=0.0354  [8.9s]
  rho=1718.51316 (22/22)  [extra 2/50]
    fp=0.0471 tp=0.0354  [8.9s]
  rho=1522.37374 (23/23)  [extra 3/50]
    fp=0.0482 tp=0.0354  [8.8s]
  rho=1348.62034 (24/24)  [extra 4/50]
    fp=0.0490 tp=0.0354  [9.1s]
  rho=1194.69797 (25/25)  [extra 5/50]
    fp=0.0496 tp=0.0354  [8.9s]
  rho=1058.34326 (26/26)  [extra 6/50]
    fp=0.0382 tp=0.0177  [8.6s]
  rho=937.55114 (27/27)  [extra 7/50]
    fp=0.0385 tp=0.0265  [8.6s]
  rho=830.54542 (28/28)  [extra 8/50]
    fp=0.0318 tp=0.0265  [8.8s]
  rho=735.75261 (29/29)  [extra 9/50]
    fp=0.0265 tp=0.0177  [8.8s]
  rho=651.77880 (30/30)  [extra 10/50]
    fp=0.0240 tp=0.0177  [8.5s]
  rho=577.38919 (31/31)  [extra 11/50]
    fp=0.0194 tp=0.0088  [8.5s]
  rho=511.48991 (32/32)  [extra 12/50]
    fp=0.0139 tp=0.0088  [8.4s]
  rho=453.11193 (33/33)  [extra 13/50]
    fp=0.0114 tp=0.0177  [8.3s]
  rho=401.39681 (34/34)  [extra 14/50]
    fp=0.0108 tp=0.0265  [8.3s]
  rho=355.58410 (35/35)  [extra 15/50]
    fp=0.0095 tp=0.0177  [8.3s]
  rho=315.00015 (36/36)  [extra 16/50]
    fp=0.0103 tp=0.0088  [8.4s]
  rho=279.04817 (37/37)  [extra 17/50]
    fp=0.0110 tp=0.0177  [8.4s]
  rho=247.19951 (38/38)  [extra 18/50]
    fp=0.0116 tp=0.0177  [8.4s]
  rho=218.98583 (39/39)  [extra 19/50]
    fp=0.0120 tp=0.0265  [8.6s]
  rho=193.99228 (40/40)  [extra 20/50]
    fp=0.0124 tp=0.0265  [0.0s]
  rho=171.85132 (41/41)  [extra 21/50]
    fp=0.0130 tp=0.0265  [0.0s]
  rho=152.23737 (42/42)  [extra 22/50]
    fp=0.0132 tp=0.0265  [0.0s]
  rho=134.86203 (43/43)  [extra 23/50]
    fp=0.0139 tp=0.0265  [0.0s]
  rho=119.46980 (44/44)  [extra 24/50]
    fp=0.0155 tp=0.0265  [0.0s]
  rho=105.83433 (45/45)  [extra 25/50]
    fp=0.0167 tp=0.0265  [0.0s]
  rho=93.75511 (46/46)  [extra 26/50]
    fp=0.0172 tp=0.0265  [0.0s]
  rho=83.05454 (47/47)  [extra 27/50]
    fp=0.0178 tp=0.0265  [0.0s]
  rho=73.57526 (48/48)  [extra 28/50]
    fp=0.0188 tp=0.0354  [0.0s]
  rho=65.17788 (49/49)  [extra 29/50]
    fp=0.0188 tp=0.0354  [0.0s]
  rho=57.73892 (50/50)  [extra 30/50]
    fp=0.0192 tp=0.0354  [0.1s]
  rho=51.14899 (51/51)  [extra 31/50]
    fp=0.0194 tp=0.0354  [0.0s]
  rho=45.31119 (52/52)  [extra 32/50]
    fp=0.0205 tp=0.0354  [0.0s]
  rho=40.13968 (53/53)  [extra 33/50]
    fp=0.0207 tp=0.0354  [0.0s]
  rho=35.55841 (54/54)  [extra 34/50]
    fp=0.0211 tp=0.0442  [0.0s]
  rho=31.50001 (55/55)  [extra 35/50]
    fp=0.0221 tp=0.0442  [0.0s]
  rho=27.90482 (56/56)  [extra 36/50]
    fp=0.0232 tp=0.0442  [0.0s]
  rho=24.71995 (57/57)  [extra 37/50]
    fp=0.0240 tp=0.0442  [0.0s]
  rho=21.89858 (58/58)  [extra 38/50]
    fp=0.0252 tp=0.0442  [0.0s]
  rho=19.39923 (59/59)  [extra 39/50]
    fp=0.0267 tp=0.0442  [0.0s]
  rho=17.18513 (60/60)  [extra 40/50]
    fp=0.0275 tp=0.0442  [0.1s]
  rho=15.22374 (61/61)  [extra 41/50]
    fp=0.0285 tp=0.0442  [0.0s]
  rho=13.48620 (62/62)  [extra 42/50]
    fp=0.0302 tp=0.0442  [0.1s]
  rho=11.94698 (63/63)  [extra 43/50]
    fp=0.0312 tp=0.0442  [0.1s]
  rho=10.58343 (64/64)  [extra 44/50]
    fp=0.0320 tp=0.0442  [2.2s]
  rho=9.37551 (65/65)  [extra 45/50]
    fp=0.0358 tp=0.0442  [0.0s]
  rho=8.30545 (66/66)  [extra 46/50]
    fp=0.0366 tp=0.0442  [0.2s]
  rho=7.35753 (67/67)  [extra 47/50]
    fp=0.0387 tp=0.0442  [0.8s]
  rho=6.51779 (68/68)  [extra 48/50]
    fp=0.0411 tp=0.0442  [0.3s]
  rho=5.77389 (69/69)  [extra 49/50]
    fp=0.0440 tp=0.0531  [0.2s]
  rho=5.11490 (70/70)  [extra 50/50]
    fp=0.0463 tp=0.0619  [0.1s]
  [note] 39/70 fits hit a glasso ConvergenceWarning (suppressed)
  [warn] FPR stalled at 0.0463 < fp_end=0.3 after 50 extra fits (cap max_extra=50); the curve stops short of fp_end
  grid extended by 50 points down to rho=5.11490, ending at FPR 0.0463
  [warn] AUC integrates to fp_end=0.3 but the curve stops at FPR 0.0496; TPR held flat above that
  [warn] mean_roc averages out to FPR 0.300 but the shortest replicate only reached 0.050; its TPR is held flat above that
  [warn] mean_roc averages out to FPR 0.300 but the shortest replicate only reached 0.045; its TPR is held flat above that

(p=100, n=50) over 22 replicates
  t+lasso  (run_em_diagonal):    AUC = 0.136 (SE 0.003)
  ~t+lasso (run_em_exact):       AUC = 0.129 (SE 0.003)
  tlasso   (run_tlasso):         AUC = 0.046 (SE 0.002)
  t*lasso  (run_tstar_varlasso): AUC = 0.108 (SE 0.003)
  glasso   (graphical_lasso):    AUC = 0.046 (SE 0.002)
Replicate 23/50
  Theta: 112/4950 edges
  pilot fit of run_tlasso at rho=30.34854
  -> rho_max = max|S_ij| (off-diag) = 11910.80294
  rho grid: [11910.8029368  10551.38476883  9347.12135955  8280.30439836
  7335.24668099  6498.05143416  5756.40796789  5099.41065081
  4517.39854622  4001.81335114  3545.07354919  3140.46292679
  2782.03181336  2464.50959332  2183.22720337  1934.04847538
  1713.30931539  1517.7638242   1344.53656755  1191.08029368]
Running run_tlasso over 20 rho values, extending until FPR >= 0.3...
  rho=11910.80294 (1/20)
    fp=0.0000 tp=0.0000  [0.1s]
   nu  = 3.0000
  rho=10551.38477 (2/20)
    fp=0.0002 tp=0.0000  [0.0s]
   nu  = 3.0000
  rho=9347.12136 (3/20)
    fp=0.0002 tp=0.0000  [0.1s]
   nu  = 3.0000
  rho=8280.30440 (4/20)
    fp=0.0004 tp=0.0000  [0.1s]
   nu  = 3.0000
  rho=7335.24668 (5/20)
    fp=0.0006 tp=0.0000  [0.0s]
   nu  = 3.0000
  rho=6498.05143 (6/20)
    fp=0.0008 tp=0.0000  [0.1s]
   nu  = 3.0000
  rho=5756.40797 (7/20)
    fp=0.0014 tp=0.0000  [0.1s]
   nu  = 3.0000
  rho=5099.41065 (8/20)
    fp=0.0014 tp=0.0000  [0.1s]
   nu  = 3.0000
  rho=4517.39855 (9/20)
    fp=0.0017 tp=0.0000  [0.1s]
   nu  = 3.0000
  rho=4001.81335 (10/20)
    fp=0.0017 tp=0.0000  [0.1s]
   nu  = 3.0000
  rho=3545.07355 (11/20)
    fp=0.0017 tp=0.0000  [0.1s]
   nu  = 3.0000
  rho=3140.46293 (12/20)
    fp=0.0019 tp=0.0000  [0.1s]
   nu  = 3.0000
  rho=2782.03181 (13/20)
    fp=0.0023 tp=0.0000  [0.1s]
   nu  = 3.0000
  rho=2464.50959 (14/20)
    fp=0.0029 tp=0.0000  [0.1s]
   nu  = 3.0000
  rho=2183.22720 (15/20)
    fp=0.0029 tp=0.0000  [0.1s]
   nu  = 3.0000
  rho=1934.04848 (16/20)
    fp=0.0041 tp=0.0000  [0.1s]
   nu  = 3.0000
  rho=1713.30932 (17/20)
    fp=0.0050 tp=0.0000  [0.1s]
   nu  = 3.0000
  rho=1517.76382 (18/20)
    fp=0.0052 tp=0.0000  [0.1s]
   nu  = 3.0000
  rho=1344.53657 (19/20)
    fp=0.0062 tp=0.0000  [0.2s]
   nu  = 3.0000
  rho=1191.08029 (20/20)
    fp=0.0074 tp=0.0179  [0.1s]
   nu  = 3.0000
  rho=1055.13848 (21/21)  [extra 1/50]
    fp=0.0091 tp=0.0179  [0.1s]
   nu  = 3.0000
  rho=934.71214 (22/22)  [extra 2/50]
    fp=0.0107 tp=0.0357  [0.1s]
   nu  = 3.0000
  rho=828.03044 (23/23)  [extra 3/50]
    fp=0.0128 tp=0.0357  [0.1s]
   nu  = 3.0000
  rho=733.52467 (24/24)  [extra 4/50]
    fp=0.0136 tp=0.0357  [0.1s]
   nu  = 3.0000
  rho=649.80514 (25/25)  [extra 5/50]
    fp=0.0153 tp=0.0357  [0.1s]
   nu  = 3.0000
  rho=575.64080 (26/26)  [extra 6/50]
    fp=0.0174 tp=0.0357  [0.1s]
   nu  = 3.0000
  rho=509.94107 (27/27)  [extra 7/50]
    fp=0.0196 tp=0.0446  [0.1s]
   nu  = 3.0000
  rho=451.73985 (28/28)  [extra 8/50]
    fp=0.0223 tp=0.0446  [0.1s]
   nu  = 3.0000
  rho=400.18134 (29/29)  [extra 9/50]
    fp=0.0250 tp=0.0536  [0.1s]
   nu  = 3.0000
  rho=354.50735 (30/30)  [extra 10/50]
    fp=0.0277 tp=0.0536  [0.1s]
   nu  = 3.0000
  rho=314.04629 (31/31)  [extra 11/50]
    fp=0.0322 tp=0.0536  [0.1s]
   nu  = 3.0000
  rho=278.20318 (32/32)  [extra 12/50]
    fp=0.0378 tp=0.0536  [0.1s]
   nu  = 3.0000
  rho=246.45096 (33/33)  [extra 13/50]
    fp=0.0415 tp=0.0625  [0.1s]
   nu  = 3.0000
  rho=218.32272 (34/34)  [extra 14/50]
    fp=0.0434 tp=0.0625  [0.1s]
   nu  = 3.0000
  rho=193.40485 (35/35)  [extra 15/50]
    fp=0.0449 tp=0.0804  [0.1s]
   nu  = 3.0000
  rho=171.33093 (36/36)  [extra 16/50]
    fp=0.0469 tp=0.0893  [0.1s]
   nu  = 3.0000
  rho=151.77638 (37/37)  [extra 17/50]
    fp=0.0492 tp=0.0893  [0.2s]
   nu  = 3.0000
  rho=134.45366 (38/38)  [extra 18/50]
    fp=0.0523 tp=0.0893  [0.2s]
   nu  = 3.0000
  rho=119.10803 (39/39)  [extra 19/50]
    fp=0.0558 tp=0.0893  [0.1s]
   nu  = 3.0000
  rho=105.51385 (40/40)  [extra 20/50]
    fp=0.0595 tp=0.0982  [0.1s]
   nu  = 3.0000
  rho=93.47121 (41/41)  [extra 21/50]
    fp=0.0637 tp=0.0982  [0.1s]
   nu  = 3.0000
  rho=82.80304 (42/42)  [extra 22/50]
    fp=0.0678 tp=0.1071  [0.1s]
   nu  = 3.0000
  rho=73.35247 (43/43)  [extra 23/50]
    fp=0.0734 tp=0.1071  [0.1s]
   nu  = 3.0000
  rho=64.98051 (44/44)  [extra 24/50]
    fp=0.0796 tp=0.1071  [0.2s]
   nu  = 3.0000
  rho=57.56408 (45/45)  [extra 25/50]
    fp=0.0856 tp=0.1071  [0.2s]
   nu  = 3.0000
  rho=50.99411 (46/46)  [extra 26/50]
    fp=0.0909 tp=0.1161  [0.1s]
   nu  = 3.0000
  rho=45.17399 (47/47)  [extra 27/50]
    fp=0.0974 tp=0.1250  [0.1s]
   nu  = 3.0000
  rho=40.01813 (48/48)  [extra 28/50]
    fp=0.1029 tp=0.1339  [0.1s]
   nu  = 3.0000
  rho=35.45074 (49/49)  [extra 29/50]
    fp=0.1108 tp=0.1339  [0.2s]
   nu  = 3.0000
  rho=31.40463 (50/50)  [extra 30/50]
    fp=0.1184 tp=0.1339  [0.2s]
   nu  = 3.0000
  rho=27.82032 (51/51)  [extra 31/50]
    fp=0.1269 tp=0.1429  [0.1s]
   nu  = 3.0000
  rho=24.64510 (52/52)  [extra 32/50]
    fp=0.1358 tp=0.1518  [0.2s]
   nu  = 3.0000
  rho=21.83227 (53/53)  [extra 33/50]
    fp=0.1463 tp=0.1518  [0.2s]
   nu  = 3.0000
  rho=19.34048 (54/54)  [extra 34/50]
    fp=0.1575 tp=0.1696  [0.2s]
   nu  = 3.0000
  rho=17.13309 (55/55)  [extra 35/50]
    fp=0.1666 tp=0.1786  [0.3s]
   nu  = 3.0000
  rho=15.17764 (56/56)  [extra 36/50]
    fp=0.1790 tp=0.1875  [0.3s]
   nu  = 3.0000
  rho=13.44537 (57/57)  [extra 37/50]
    fp=0.1902 tp=0.1964  [0.3s]
   nu  = 3.0000
  rho=11.91080 (58/58)  [extra 38/50]
    fp=0.2036 tp=0.1875  [0.3s]
   nu  = 3.0000
  rho=10.55138 (59/59)  [extra 39/50]
    fp=0.2170 tp=0.1964  [0.3s]
   nu  = 3.0000
  rho=9.34712 (60/60)  [extra 40/50]
    fp=0.2288 tp=0.2143  [0.4s]
   nu  = 3.0000
  rho=8.28030 (61/61)  [extra 41/50]
    fp=0.2404 tp=0.2411  [0.4s]
   nu  = 3.0000
  rho=7.33525 (62/62)  [extra 42/50]
    fp=0.2542 tp=0.2500  [0.4s]
   nu  = 3.0000
  rho=6.49805 (63/63)  [extra 43/50]
    fp=0.2702 tp=0.2589  [0.5s]
   nu  = 3.0000
  rho=5.75641 (64/64)  [extra 44/50]
    fp=0.2861 tp=0.2589  [0.5s]
   nu  = 3.0000
  rho=5.09941 (65/65)  [extra 45/50]
    fp=0.3030 tp=0.2679  [0.5s]
   nu  = 3.0000
  FPR 0.3030 >= fp_end=0.3; stopping after 65 fits
  grid extended by 45 points down to rho=5.09941, ending at FPR 0.3030
  pilot fit of run_tstar_varlasso at rho=0.30349
  -> rho_max = max|S_ij| (off-diag) = 0.94325
  rho grid: [0.94324952 0.83559342 0.74022446 0.65574027 0.58089853 0.51459871
 0.45586591 0.40383647 0.35774532 0.3169147  0.28074421 0.24870197
 0.22031681 0.19517135 0.17289582 0.15316266 0.13568172 0.12019593
 0.10647758 0.09432495]
Running run_tstar_varlasso over 20 rho values, extending until FPR >= 0.3...
  rho=0.94325 (1/20)
    fp=0.0006 tp=0.0089  [0.2s]
   nu  = 3.0000
  rho=0.83559 (2/20)
    fp=0.0010 tp=0.0089  [0.1s]
   nu  = 3.0000
  rho=0.74022 (3/20)
    fp=0.0025 tp=0.0179  [0.1s]
   nu  = 3.0000
  rho=0.65574 (4/20)
    fp=0.0050 tp=0.0357  [0.1s]
   nu  = 3.0000
  rho=0.58090 (5/20)
    fp=0.0072 tp=0.0357  [0.1s]
   nu  = 3.0000
  rho=0.51460 (6/20)
    fp=0.0126 tp=0.0536  [0.1s]
   nu  = 3.0000
  rho=0.45587 (7/20)
    fp=0.0161 tp=0.0536  [0.1s]
   nu  = 3.0000
  rho=0.40384 (8/20)
    fp=0.0229 tp=0.0714  [0.1s]
   nu  = 3.0000
  rho=0.35775 (9/20)
    fp=0.0310 tp=0.0982  [0.1s]
   nu  = 3.0000
  rho=0.31691 (10/20)
    fp=0.0415 tp=0.1071  [0.1s]
   nu  = 3.0000
  rho=0.28074 (11/20)
    fp=0.0550 tp=0.1339  [0.1s]
   nu  = 3.0000
  rho=0.24870 (12/20)
    fp=0.0703 tp=0.1429  [0.1s]
   nu  = 3.0000
  rho=0.22032 (13/20)
    fp=0.0870 tp=0.1518  [0.1s]
   nu  = 3.0000
  rho=0.19517 (14/20)
    fp=0.1067 tp=0.2143  [0.1s]
   nu  = 3.0000
  rho=0.17290 (15/20)
    fp=0.1228 tp=0.2589  [0.2s]
   nu  = 3.0000
  rho=0.15316 (16/20)
    fp=0.1488 tp=0.2679  [0.2s]
   nu  = 3.0000
  rho=0.13568 (17/20)
    fp=0.1740 tp=0.3214  [0.2s]
   nu  = 3.0000
  rho=0.12020 (18/20)
    fp=0.1999 tp=0.3571  [0.2s]
   nu  = 3.0000
  rho=0.10648 (19/20)
    fp=0.2234 tp=0.4375  [0.2s]
   nu  = 3.0000
  rho=0.09432 (20/20)
    fp=0.2478 tp=0.4643  [0.3s]
   nu  = 3.0000
  rho=0.08356 (21/21)  [extra 1/50]
    fp=0.2743 tp=0.5000  [0.2s]
   nu  = 3.0000
  rho=0.07402 (22/22)  [extra 2/50]
    fp=0.2983 tp=0.5089  [0.3s]
   nu  = 3.0000
  rho=0.06557 (23/23)  [extra 3/50]
    fp=0.3218 tp=0.5179  [0.3s]
   nu  = 3.0000
  FPR 0.3218 >= fp_end=0.3; stopping after 23 fits
  grid extended by 3 points down to rho=0.06557, ending at FPR 0.3218
  pilot fit of run_em_diagonal at rho=0.30349
  -> rho_max = max|S_ij| (off-diag) = 0.47277
  rho grid: [0.47276694 0.41880853 0.37100857 0.32866417 0.29115267 0.25792248
 0.22848496 0.20240724 0.17930585 0.1588411  0.14071206 0.12465214
 0.11042519 0.09782201 0.08665727 0.0767668  0.06800515 0.06024351
 0.05336772 0.04727669]
Running run_em_diagonal over 20 rho values, extending until FPR >= 0.3...
  rho=0.47277 (1/20)
    fp=0.0004 tp=0.0089  [11.3s]
   median nu  = 0.559
   median |eta| = 1.547
  rho=0.41881 (2/20)
    fp=0.0006 tp=0.0179  [11.0s]
   median nu  = 0.577
   median |eta| = 1.333
  rho=0.37101 (3/20)
    fp=0.0010 tp=0.0268  [10.9s]
   median nu  = 0.594
   median |eta| = 1.301
  rho=0.32866 (4/20)
    fp=0.0023 tp=0.0268  [11.0s]
   median nu  = 0.608
   median |eta| = 1.236
  rho=0.29115 (5/20)
    fp=0.0048 tp=0.0536  [11.0s]
   median nu  = 0.622
   median |eta| = 1.178
  rho=0.25792 (6/20)
    fp=0.0083 tp=0.0982  [10.9s]
   median nu  = 0.634
   median |eta| = 1.153
  rho=0.22848 (7/20)
    fp=0.0136 tp=0.1339  [10.8s]
   median nu  = 0.645
   median |eta| = 1.133
  rho=0.20241 (8/20)
    fp=0.0223 tp=0.1518  [10.9s]
   median nu  = 0.654
   median |eta| = 1.117
  rho=0.17931 (9/20)
    fp=0.0351 tp=0.1875  [10.8s]
   median nu  = 0.662
   median |eta| = 1.105
  rho=0.15884 (10/20)
    fp=0.0498 tp=0.2143  [11.0s]
   median nu  = 0.669
   median |eta| = 1.101
  rho=0.14071 (11/20)
    fp=0.0653 tp=0.2768  [10.9s]
   median nu  = 0.681
   median |eta| = 1.095
  rho=0.12465 (12/20)
    fp=0.0825 tp=0.3125  [10.8s]
   median nu  = 0.695
   median |eta| = 1.102
  rho=0.11043 (13/20)
    fp=0.1023 tp=0.3482  [10.7s]
   median nu  = 0.708
   median |eta| = 1.112
  rho=0.09782 (14/20)
    fp=0.1232 tp=0.3839  [10.7s]
   median nu  = 0.714
   median |eta| = 1.132
  rho=0.08666 (15/20)
    fp=0.1422 tp=0.4464  [10.7s]
   median nu  = 0.714
   median |eta| = 1.155
  rho=0.07677 (16/20)
    fp=0.1579 tp=0.4554  [10.5s]
   median nu  = 0.724
   median |eta| = 1.176
  rho=0.06801 (17/20)
    fp=0.1765 tp=0.4643  [10.5s]
   median nu  = 0.718
   median |eta| = 1.187
  rho=0.06024 (18/20)
    fp=0.1937 tp=0.5179  [10.3s]
   median nu  = 0.722
   median |eta| = 1.231
  rho=0.05337 (19/20)
    fp=0.2092 tp=0.5446  [10.2s]
   median nu  = 0.717
   median |eta| = 1.175
  rho=0.04728 (20/20)
    fp=0.2218 tp=0.5714  [10.2s]
   median nu  = 0.703
   median |eta| = 1.158
  rho=0.04188 (21/21)  [extra 1/50]
    fp=0.2373 tp=0.6071  [10.3s]
   median nu  = 0.7
   median |eta| = 1.189
  rho=0.03710 (22/22)  [extra 2/50]
    fp=0.2528 tp=0.6339  [10.6s]
   median nu  = 0.716
   median |eta| = 1.241
  rho=0.03287 (23/23)  [extra 3/50]
    fp=0.2668 tp=0.6518  [10.4s]
   median nu  = 0.742
   median |eta| = 1.305
  rho=0.02912 (24/24)  [extra 4/50]
    fp=0.2832 tp=0.6518  [10.1s]
   median nu  = 0.763
   median |eta| = 1.283
  rho=0.02579 (25/25)  [extra 5/50]
    fp=0.2902 tp=0.6339  [10.2s]
   median nu  = 0.743
   median |eta| = 1.307
  rho=0.02285 (26/26)  [extra 6/50]
    fp=0.3034 tp=0.6339  [10.4s]
   median nu  = 0.837
   median |eta| = 1.285
  FPR 0.3034 >= fp_end=0.3; stopping after 26 fits
  grid extended by 6 points down to rho=0.02285, ending at FPR 0.3034
  pilot fit of run_em_exact at rho=0.30349
  -> rho_max = max|S_ij| (off-diag) = 0.60111
  rho grid: [0.60110789 0.53250152 0.47172541 0.41788588 0.37019122 0.32794011
 0.29051125 0.25735427 0.2279816  0.20196133 0.17891083 0.15849117
 0.14040206 0.12437752 0.11018192 0.0976065  0.08646636 0.07659768
 0.06785534 0.06011079]
Running run_em_exact over 20 rho values, extending until FPR >= 0.3...
  rho=0.60111 (1/20)
    fp=0.0000 tp=0.0089  [10.6s]
   median nu  = 0.518
   median |eta| = 1.383
  rho=0.53250 (2/20)
    fp=0.0002 tp=0.0089  [11.0s]
   median nu  = 0.54
   median |eta| = 1.375
  rho=0.47173 (3/20)
    fp=0.0004 tp=0.0179  [11.0s]
   median nu  = 0.559
   median |eta| = 1.357
  rho=0.41789 (4/20)
    fp=0.0006 tp=0.0179  [11.0s]
   median nu  = 0.577
   median |eta| = 1.331
  rho=0.37019 (5/20)
    fp=0.0012 tp=0.0268  [11.1s]
   median nu  = 0.594
   median |eta| = 1.276
  rho=0.32794 (6/20)
    fp=0.0027 tp=0.0357  [11.1s]
   median nu  = 0.609
   median |eta| = 1.193
  rho=0.29051 (7/20)
    fp=0.0060 tp=0.0714  [11.2s]
   median nu  = 0.623
   median |eta| = 1.134
  rho=0.25735 (8/20)
    fp=0.0089 tp=0.1071  [11.1s]
   median nu  = 0.653
   median |eta| = 1.115
  rho=0.22798 (9/20)
    fp=0.0172 tp=0.1339  [11.2s]
   median nu  = 0.698
   median |eta| = 1.065
  rho=0.20196 (10/20)
    fp=0.0283 tp=0.1518  [10.7s]
   median nu  = 0.748
   median |eta| = 0.968
  rho=0.17891 (11/20)
    fp=0.0477 tp=0.1875  [10.6s]
   median nu  = 0.797
   median |eta| = 0.831
  rho=0.15849 (12/20)
    fp=0.0680 tp=0.2321  [10.3s]
   median nu  = 0.874
   median |eta| = 0.631
  rho=0.14040 (13/20)
    fp=0.0907 tp=0.3125  [9.7s]
   median nu  = 0.959
   median |eta| = 0.468
  rho=0.12438 (14/20)
    fp=0.1149 tp=0.3661  [9.4s]
   median nu  = 1.032
   median |eta| = 0.365
  rho=0.11018 (15/20)
    fp=0.1410 tp=0.4018  [9.2s]
   median nu  = 1.094
   median |eta| = 0.3
  rho=0.09761 (16/20)
    fp=0.1649 tp=0.4375  [9.0s]
   median nu  = 1.179
   median |eta| = 0.229
  rho=0.08647 (17/20)
    fp=0.1889 tp=0.5000  [8.5s]
   median nu  = 1.28
   median |eta| = 0.171
  rho=0.07660 (18/20)
    fp=0.2092 tp=0.5089  [8.2s]
   median nu  = 1.39
   median |eta| = 0.133
  rho=0.06786 (19/20)
    fp=0.2329 tp=0.5357  [8.4s]
   median nu  = 1.515
   median |eta| = 0.103
  rho=0.06011 (20/20)
    fp=0.2526 tp=0.5446  [7.8s]
   median nu  = 1.624
   median |eta| = 0.084
  rho=0.05325 (21/21)  [extra 1/50]
    fp=0.2691 tp=0.5536  [8.3s]
   median nu  = 1.758
   median |eta| = 0.056
  rho=0.04717 (22/22)  [extra 2/50]
    fp=0.2846 tp=0.5536  [8.4s]
   median nu  = 1.87
   median |eta| = 0.04
  rho=0.04179 (23/23)  [extra 3/50]
    fp=0.2997 tp=0.5714  [8.4s]
   median nu  = 1.987
   median |eta| = 0.031
  rho=0.03702 (24/24)  [extra 4/50]
    fp=0.3140 tp=0.5982  [8.4s]
   median nu  = 2.134
   median |eta| = 0.022
  FPR 0.3140 >= fp_end=0.3; stopping after 24 fits
  grid extended by 4 points down to rho=0.03702, ending at FPR 0.3140
  graphical_lasso rho_max = max|S_ij| (off-diag) = 664.35247
  rho grid: [664.35247272 588.52779271 521.35722679 461.85305315 409.14028184
 362.4437883  321.07691545 284.43137656 251.96831065 223.21035864
 197.73464399 175.16655443 155.17423336 137.46370006 121.77452677
 107.87600918  95.56377402  84.65677377  74.99462446  66.43524727]
Running graphical_lasso over 20 rho values, extending until FPR >= 0.3...
  rho=664.35247 (1/20)
    fp=0.0000 tp=0.0000  [0.0s]
  rho=588.52779 (2/20)
    fp=0.0004 tp=0.0000  [0.0s]
  rho=521.35723 (3/20)
    fp=0.0006 tp=0.0000  [0.0s]
  rho=461.85305 (4/20)
    fp=0.0008 tp=0.0000  [0.0s]
  rho=409.14028 (5/20)
    fp=0.0010 tp=0.0000  [0.0s]
  rho=362.44379 (6/20)
    fp=0.0012 tp=0.0000  [8.3s]
  rho=321.07692 (7/20)
    fp=0.0014 tp=0.0000  [0.0s]
  rho=284.43138 (8/20)
    fp=0.0017 tp=0.0000  [0.0s]
  rho=251.96831 (9/20)
    fp=0.0017 tp=0.0000  [0.0s]
  rho=223.21036 (10/20)
    fp=0.0017 tp=0.0000  [8.3s]
  rho=197.73464 (11/20)
    fp=0.0017 tp=0.0000  [0.0s]
  rho=175.16655 (12/20)
    fp=0.0017 tp=0.0000  [0.0s]
  rho=155.17423 (13/20)
    fp=0.0025 tp=0.0000  [0.0s]
  rho=137.46370 (14/20)
    fp=0.0027 tp=0.0000  [0.0s]
  rho=121.77453 (15/20)
    fp=0.0031 tp=0.0000  [8.4s]
  rho=107.87601 (16/20)
    fp=0.0037 tp=0.0000  [0.0s]
  rho=95.56377 (17/20)
    fp=0.0043 tp=0.0000  [8.4s]
  rho=84.65677 (18/20)
    fp=0.0054 tp=0.0000  [8.4s]
  rho=74.99462 (19/20)
    fp=0.0064 tp=0.0089  [0.0s]
  rho=66.43525 (20/20)
    fp=0.0081 tp=0.0179  [0.0s]
  rho=58.85278 (21/21)  [extra 1/50]
    fp=0.0097 tp=0.0179  [0.0s]
  rho=52.13572 (22/22)  [extra 2/50]
    fp=0.0110 tp=0.0357  [0.0s]
  rho=46.18531 (23/23)  [extra 3/50]
    fp=0.0130 tp=0.0357  [0.0s]
  rho=40.91403 (24/24)  [extra 4/50]
    fp=0.0151 tp=0.0357  [0.0s]
  rho=36.24438 (25/25)  [extra 5/50]
    fp=0.0165 tp=0.0357  [0.0s]
  rho=32.10769 (26/26)  [extra 6/50]
    fp=0.0190 tp=0.0446  [0.0s]
  rho=28.44314 (27/27)  [extra 7/50]
    fp=0.0207 tp=0.0446  [0.5s]
  rho=25.19683 (28/28)  [extra 8/50]
    fp=0.0227 tp=0.0536  [0.0s]
  rho=22.32104 (29/29)  [extra 9/50]
    fp=0.0258 tp=0.0536  [0.0s]
  rho=19.77346 (30/30)  [extra 10/50]
    fp=0.0296 tp=0.0536  [0.0s]
  rho=17.51666 (31/31)  [extra 11/50]
    fp=0.0335 tp=0.0536  [0.0s]
  rho=15.51742 (32/32)  [extra 12/50]
    fp=0.0378 tp=0.0625  [0.0s]
  rho=13.74637 (33/33)  [extra 13/50]
    fp=0.0411 tp=0.0625  [0.0s]
  rho=12.17745 (34/34)  [extra 14/50]
    fp=0.0440 tp=0.0714  [0.0s]
  rho=10.78760 (35/35)  [extra 15/50]
    fp=0.0453 tp=0.0804  [0.1s]
  rho=9.55638 (36/36)  [extra 16/50]
    fp=0.0471 tp=0.0804  [0.0s]
  rho=8.46568 (37/37)  [extra 17/50]
    fp=0.0506 tp=0.0893  [0.2s]
  rho=7.49946 (38/38)  [extra 18/50]
    fp=0.0552 tp=0.0893  [0.2s]
  rho=6.64352 (39/39)  [extra 19/50]
    fp=0.0575 tp=0.0893  [0.3s]
  rho=5.88528 (40/40)  [extra 20/50]
    fp=0.0624 tp=0.0982  [0.1s]
  rho=5.21357 (41/41)  [extra 21/50]
    fp=0.0695 tp=0.0982  [0.2s]
  rho=4.61853 (42/42)  [extra 22/50]
    fp=0.0736 tp=0.1071  [0.1s]
  rho=4.09140 (43/43)  [extra 23/50]
    fp=0.0777 tp=0.1071  [0.0s]
  rho=3.62444 (44/44)  [extra 24/50]
    fp=0.0860 tp=0.1161  [0.1s]
  rho=3.21077 (45/45)  [extra 25/50]
    fp=0.0924 tp=0.1161  [0.1s]
  rho=2.84431 (46/46)  [extra 26/50]
    fp=0.0994 tp=0.1339  [0.1s]
  rho=2.51968 (47/47)  [extra 27/50]
    fp=0.1069 tp=0.1339  [0.1s]
  rho=2.23210 (48/48)  [extra 28/50]
    fp=0.1162 tp=0.1339  [0.1s]
  rho=1.97735 (49/49)  [extra 29/50]
    fp=0.1242 tp=0.1339  [0.1s]
  rho=1.75167 (50/50)  [extra 30/50]
    fp=0.1337 tp=0.1429  [0.0s]
  rho=1.55174 (51/51)  [extra 31/50]
    fp=0.1439 tp=0.1429  [0.0s]
  rho=1.37464 (52/52)  [extra 32/50]
    fp=0.1571 tp=0.1518  [0.1s]
  rho=1.21775 (53/53)  [extra 33/50]
    fp=0.1701 tp=0.1607  [0.0s]
  rho=1.07876 (54/54)  [extra 34/50]
    fp=0.1809 tp=0.1696  [0.1s]
  rho=0.95564 (55/55)  [extra 35/50]
    fp=0.1933 tp=0.1696  [0.1s]
  rho=0.84657 (56/56)  [extra 36/50]
    fp=0.2088 tp=0.1875  [0.0s]
  rho=0.74995 (57/57)  [extra 37/50]
    fp=0.2228 tp=0.2143  [0.0s]
  rho=0.66435 (58/58)  [extra 38/50]
    fp=0.2352 tp=0.2143  [0.1s]
  rho=0.58853 (59/59)  [extra 39/50]
    fp=0.2493 tp=0.2321  [0.0s]
  rho=0.52136 (60/60)  [extra 40/50]
    fp=0.2671 tp=0.2232  [0.2s]
  rho=0.46185 (61/61)  [extra 41/50]
    fp=0.2852 tp=0.2500  [0.4s]
  rho=0.40914 (62/62)  [extra 42/50]
    fp=0.3072 tp=0.2679  [0.1s]
  FPR 0.3072 >= fp_end=0.3; stopping after 62 fits
  [note] 5/62 fits hit a glasso ConvergenceWarning (suppressed)
  grid extended by 42 points down to rho=0.40914, ending at FPR 0.3072
  [warn] mean_roc averages out to FPR 0.300 but the shortest replicate only reached 0.050; its TPR is held flat above that
  [warn] mean_roc averages out to FPR 0.300 but the shortest replicate only reached 0.045; its TPR is held flat above that

(p=100, n=50) over 23 replicates
  t+lasso  (run_em_diagonal):    AUC = 0.136 (SE 0.003)
  ~t+lasso (run_em_exact):       AUC = 0.129 (SE 0.003)
  tlasso   (run_tlasso):         AUC = 0.046 (SE 0.002)
  t*lasso  (run_tstar_varlasso): AUC = 0.107 (SE 0.003)
  glasso   (graphical_lasso):    AUC = 0.046 (SE 0.002)
Replicate 24/50
  Theta: 112/4950 edges
  pilot fit of run_tlasso at rho=30.34854
  -> rho_max = max|S_ij| (off-diag) = 2353.30866
  rho grid: [2353.30866477 2084.7179937  1846.78243799 1636.00323093 1449.28093128
 1283.869847   1137.33766066 1007.52966307  892.53706886  790.66894852
  700.4273637   620.48534059  549.66735717  486.93205749  431.35693892
  382.124787    338.51165859  299.87623652  265.65039916  235.33086648]
Running run_tlasso over 20 rho values, extending until FPR >= 0.3...
  rho=2353.30866 (1/20)
    fp=0.0000 tp=0.0000  [0.1s]
   nu  = 3.0000
  rho=2084.71799 (2/20)
    fp=0.0002 tp=0.0000  [0.1s]
   nu  = 3.0000
  rho=1846.78244 (3/20)
    fp=0.0002 tp=0.0000  [0.1s]
   nu  = 3.0000
  rho=1636.00323 (4/20)
    fp=0.0002 tp=0.0000  [0.1s]
   nu  = 3.0000
  rho=1449.28093 (5/20)
    fp=0.0004 tp=0.0000  [0.1s]
   nu  = 3.0000
  rho=1283.86985 (6/20)
    fp=0.0004 tp=0.0000  [0.1s]
   nu  = 3.0000
  rho=1137.33766 (7/20)
    fp=0.0006 tp=0.0000  [0.1s]
   nu  = 3.0000
  rho=1007.52966 (8/20)
    fp=0.0006 tp=0.0000  [0.1s]
   nu  = 3.0000
  rho=892.53707 (9/20)
    fp=0.0010 tp=0.0000  [0.1s]
   nu  = 3.0000
  rho=790.66895 (10/20)
    fp=0.0010 tp=0.0000  [0.1s]
   nu  = 3.0000
  rho=700.42736 (11/20)
    fp=0.0012 tp=0.0000  [0.1s]
   nu  = 3.0000
  rho=620.48534 (12/20)
    fp=0.0014 tp=0.0000  [0.1s]
   nu  = 3.0000
  rho=549.66736 (13/20)
    fp=0.0017 tp=0.0000  [0.1s]
   nu  = 3.0000
  rho=486.93206 (14/20)
    fp=0.0033 tp=0.0000  [0.1s]
   nu  = 3.0000
  rho=431.35694 (15/20)
    fp=0.0050 tp=0.0000  [0.1s]
   nu  = 3.0000
  rho=382.12479 (16/20)
    fp=0.0058 tp=0.0000  [0.1s]
   nu  = 3.0000
  rho=338.51166 (17/20)
    fp=0.0072 tp=0.0000  [0.1s]
   nu  = 3.0000
  rho=299.87624 (18/20)
    fp=0.0085 tp=0.0000  [0.1s]
   nu  = 3.0000
  rho=265.65040 (19/20)
    fp=0.0114 tp=0.0000  [0.1s]
   nu  = 3.0000
  rho=235.33087 (20/20)
    fp=0.0143 tp=0.0000  [0.1s]
   nu  = 3.0000
  rho=208.47180 (21/21)  [extra 1/50]
    fp=0.0157 tp=0.0000  [0.1s]
   nu  = 3.0000
  rho=184.67824 (22/22)  [extra 2/50]
    fp=0.0188 tp=0.0000  [0.1s]
   nu  = 3.0000
  rho=163.60032 (23/23)  [extra 3/50]
    fp=0.0211 tp=0.0000  [0.1s]
   nu  = 3.0000
  rho=144.92809 (24/24)  [extra 4/50]
    fp=0.0238 tp=0.0000  [0.1s]
   nu  = 3.0000
  rho=128.38698 (25/25)  [extra 5/50]
    fp=0.0279 tp=0.0000  [0.1s]
   nu  = 3.0000
  rho=113.73377 (26/26)  [extra 6/50]
    fp=0.0322 tp=0.0000  [0.1s]
   nu  = 3.0000
  rho=100.75297 (27/27)  [extra 7/50]
    fp=0.0364 tp=0.0000  [0.1s]
   nu  = 3.0000
  rho=89.25371 (28/28)  [extra 8/50]
    fp=0.0391 tp=0.0089  [0.1s]
   nu  = 3.0000
  rho=79.06689 (29/29)  [extra 9/50]
    fp=0.0424 tp=0.0179  [0.1s]
   nu  = 3.0000
  rho=70.04274 (30/30)  [extra 10/50]
    fp=0.0480 tp=0.0268  [0.1s]
   nu  = 3.0000
  rho=62.04853 (31/31)  [extra 11/50]
    fp=0.0539 tp=0.0268  [0.1s]
   nu  = 3.0000
  rho=54.96674 (32/32)  [extra 12/50]
    fp=0.0589 tp=0.0268  [0.1s]
   nu  = 3.0000
  rho=48.69321 (33/33)  [extra 13/50]
    fp=0.0643 tp=0.0446  [0.1s]
   nu  = 3.0000
  rho=43.13569 (34/34)  [extra 14/50]
    fp=0.0726 tp=0.0536  [0.1s]
   nu  = 3.0000
  rho=38.21248 (35/35)  [extra 15/50]
    fp=0.0800 tp=0.0625  [0.1s]
   nu  = 3.0000
  rho=33.85117 (36/36)  [extra 16/50]
    fp=0.0895 tp=0.0625  [0.1s]
   nu  = 3.0000
  rho=29.98762 (37/37)  [extra 17/50]
    fp=0.0986 tp=0.0625  [0.1s]
   nu  = 3.0000
  rho=26.56504 (38/38)  [extra 18/50]
    fp=0.1081 tp=0.0714  [0.1s]
   nu  = 3.0000
  rho=23.53309 (39/39)  [extra 19/50]
    fp=0.1213 tp=0.0804  [0.1s]
   nu  = 3.0000
  rho=20.84718 (40/40)  [extra 20/50]
    fp=0.1333 tp=0.0982  [0.1s]
   nu  = 3.0000
  rho=18.46782 (41/41)  [extra 21/50]
    fp=0.1445 tp=0.1161  [0.2s]
   nu  = 3.0000
  rho=16.36003 (42/42)  [extra 22/50]
    fp=0.1577 tp=0.1429  [0.2s]
   nu  = 3.0000
  rho=14.49281 (43/43)  [extra 23/50]
    fp=0.1714 tp=0.1518  [0.1s]
   nu  = 3.0000
  rho=12.83870 (44/44)  [extra 24/50]
    fp=0.1887 tp=0.1607  [0.2s]
   nu  = 3.0000
  rho=11.37338 (45/45)  [extra 25/50]
    fp=0.2028 tp=0.1786  [0.3s]
   nu  = 3.0000
  rho=10.07530 (46/46)  [extra 26/50]
    fp=0.2177 tp=0.1875  [0.2s]
   nu  = 3.0000
  rho=8.92537 (47/47)  [extra 27/50]
    fp=0.2348 tp=0.1964  [0.3s]
   nu  = 3.0000
  rho=7.90669 (48/48)  [extra 28/50]
    fp=0.2505 tp=0.2054  [0.3s]
   nu  = 3.0000
  rho=7.00427 (49/49)  [extra 29/50]
    fp=0.2689 tp=0.2411  [0.3s]
   nu  = 3.0000
  rho=6.20485 (50/50)  [extra 30/50]
    fp=0.2848 tp=0.2679  [0.3s]
   nu  = 3.0000
  rho=5.49667 (51/51)  [extra 31/50]
    fp=0.3038 tp=0.2679  [0.3s]
   nu  = 3.0000
  FPR 0.3038 >= fp_end=0.3; stopping after 51 fits
  grid extended by 31 points down to rho=5.49667, ending at FPR 0.3038
  pilot fit of run_tstar_varlasso at rho=0.30349
  -> rho_max = max|S_ij| (off-diag) = 0.66251
  rho grid: [0.66250763 0.5868935  0.51990947 0.46057053 0.40800414 0.36143731
 0.32018531 0.28364154 0.25126862 0.22259052 0.19718555 0.17468013
 0.15474333 0.13708198 0.12143637 0.10757645 0.0952984  0.08442169
 0.07478637 0.06625076]
Running run_tstar_varlasso over 20 rho values, extending until FPR >= 0.3...
  rho=0.66251 (1/20)
    fp=0.0023 tp=0.0000  [0.2s]
   nu  = 3.0000
  rho=0.58689 (2/20)
    fp=0.0035 tp=0.0089  [0.1s]
   nu  = 3.0000
  rho=0.51991 (3/20)
    fp=0.0062 tp=0.0268  [0.1s]
   nu  = 3.0000
  rho=0.46057 (4/20)
    fp=0.0122 tp=0.0357  [0.1s]
   nu  = 3.0000
  rho=0.40800 (5/20)
    fp=0.0167 tp=0.0625  [0.1s]
   nu  = 3.0000
  rho=0.36144 (6/20)
    fp=0.0227 tp=0.0714  [0.1s]
   nu  = 3.0000
  rho=0.32019 (7/20)
    fp=0.0291 tp=0.0804  [0.1s]
   nu  = 3.0000
  rho=0.28364 (8/20)
    fp=0.0409 tp=0.1071  [0.1s]
   nu  = 3.0000
  rho=0.25127 (9/20)
    fp=0.0554 tp=0.1518  [0.1s]
   nu  = 3.0000
  rho=0.22259 (10/20)
    fp=0.0701 tp=0.2143  [0.1s]
   nu  = 3.0000
  rho=0.19719 (11/20)
    fp=0.0891 tp=0.2500  [0.1s]
   nu  = 3.0000
  rho=0.17468 (12/20)
    fp=0.1120 tp=0.3125  [0.1s]
   nu  = 3.0000
  rho=0.15474 (13/20)
    fp=0.1362 tp=0.3839  [0.1s]
   nu  = 3.0000
  rho=0.13708 (14/20)
    fp=0.1600 tp=0.4018  [0.1s]
   nu  = 3.0000
  rho=0.12144 (15/20)
    fp=0.1858 tp=0.4464  [0.2s]
   nu  = 3.0000
  rho=0.10758 (16/20)
    fp=0.2117 tp=0.4554  [0.2s]
   nu  = 3.0000
  rho=0.09530 (17/20)
    fp=0.2408 tp=0.4732  [0.2s]
   nu  = 3.0000
  rho=0.08442 (18/20)
    fp=0.2646 tp=0.4821  [0.2s]
   nu  = 3.0000
  rho=0.07479 (19/20)
    fp=0.2885 tp=0.5268  [0.2s]
   nu  = 3.0000
  rho=0.06625 (20/20)
    fp=0.3173 tp=0.5714  [0.3s]
   nu  = 3.0000
  FPR 0.3173 >= fp_end=0.3; stopping after 20 fits
  pilot fit of run_em_diagonal at rho=0.30349
  -> rho_max = max|S_ij| (off-diag) = 0.41299
  rho grid: [0.41298902 0.36585326 0.32409725 0.28710699 0.25433855 0.22531008
 0.19959471 0.17681433 0.15663394 0.13875681 0.12292005 0.10889079
 0.09646273 0.08545313 0.07570009 0.0670602  0.0594064  0.05262616
 0.04661977 0.0412989 ]
Running run_em_diagonal over 20 rho values, extending until FPR >= 0.3...
  rho=0.41299 (1/20)
    fp=0.0010 tp=0.0089  [11.3s]
   median nu  = 0.507
   median |eta| = 1.213
  rho=0.36585 (2/20)
    fp=0.0027 tp=0.0089  [10.9s]
   median nu  = 0.526
   median |eta| = 1.22
  rho=0.32410 (3/20)
    fp=0.0041 tp=0.0357  [10.8s]
   median nu  = 0.543
   median |eta| = 1.184
  rho=0.28711 (4/20)
    fp=0.0058 tp=0.0536  [10.8s]
   median nu  = 0.559
   median |eta| = 1.224
  rho=0.25434 (5/20)
    fp=0.0103 tp=0.0804  [11.3s]
   median nu  = 0.573
   median |eta| = 1.215
  rho=0.22531 (6/20)
    fp=0.0169 tp=0.1071  [10.9s]
   median nu  = 0.587
   median |eta| = 1.265
  rho=0.19959 (7/20)
    fp=0.0238 tp=0.1518  [10.7s]
   median nu  = 0.599
   median |eta| = 1.338
  rho=0.17681 (8/20)
    fp=0.0353 tp=0.1875  [10.6s]
   median nu  = 0.623
   median |eta| = 1.262
  rho=0.15663 (9/20)
    fp=0.0488 tp=0.2321  [10.5s]
   median nu  = 0.636
   median |eta| = 1.305
  rho=0.13876 (10/20)
    fp=0.0647 tp=0.2768  [10.4s]
   median nu  = 0.629
   median |eta| = 1.336
  rho=0.12292 (11/20)
    fp=0.0765 tp=0.3036  [10.5s]
   median nu  = 0.636
   median |eta| = 1.284
  rho=0.10889 (12/20)
    fp=0.0924 tp=0.3304  [10.5s]
   median nu  = 0.642
   median |eta| = 1.362
  rho=0.09646 (13/20)
    fp=0.1108 tp=0.3393  [10.5s]
   median nu  = 0.647
   median |eta| = 1.34
  rho=0.08545 (14/20)
    fp=0.1279 tp=0.3750  [10.5s]
   median nu  = 0.652
   median |eta| = 1.348
  rho=0.07570 (15/20)
    fp=0.1430 tp=0.3839  [10.6s]
   median nu  = 0.659
   median |eta| = 1.271
  rho=0.06706 (16/20)
    fp=0.1627 tp=0.3929  [10.6s]
   median nu  = 0.658
   median |eta| = 1.206
  rho=0.05941 (17/20)
    fp=0.1794 tp=0.4196  [10.7s]
   median nu  = 0.656
   median |eta| = 1.25
  rho=0.05263 (18/20)
    fp=0.1945 tp=0.4196  [10.7s]
   median nu  = 0.663
   median |eta| = 1.211
  rho=0.04662 (19/20)
    fp=0.2133 tp=0.4554  [10.4s]
   median nu  = 0.683
   median |eta| = 1.054
  rho=0.04130 (20/20)
    fp=0.2276 tp=0.4821  [10.5s]
   median nu  = 0.706
   median |eta| = 1.126
  rho=0.03659 (21/21)  [extra 1/50]
    fp=0.2464 tp=0.4911  [10.5s]
   median nu  = 0.748
   median |eta| = 0.972
  rho=0.03241 (22/22)  [extra 2/50]
    fp=0.2580 tp=0.5179  [10.5s]
   median nu  = 0.775
   median |eta| = 0.808
  rho=0.02871 (23/23)  [extra 3/50]
    fp=0.2735 tp=0.5446  [10.6s]
   median nu  = 0.887
   median |eta| = 0.67
  rho=0.02543 (24/24)  [extra 4/50]
    fp=0.2869 tp=0.5536  [10.7s]
   median nu  = 0.907
   median |eta| = 0.722
  rho=0.02253 (25/25)  [extra 5/50]
    fp=0.2968 tp=0.5536  [10.9s]
   median nu  = 0.902
   median |eta| = 0.729
  rho=0.01996 (26/26)  [extra 6/50]
    fp=0.3067 tp=0.5446  [10.7s]
   median nu  = 0.926
   median |eta| = 0.753
  FPR 0.3067 >= fp_end=0.3; stopping after 26 fits
  grid extended by 6 points down to rho=0.01996, ending at FPR 0.3067
  pilot fit of run_em_exact at rho=0.30349
  -> rho_max = max|S_ij| (off-diag) = 0.44414
  rho grid: [0.44414174 0.39345041 0.34854466 0.30876414 0.27352389 0.24230573
 0.2146506  0.19015184 0.1684492  0.14922355 0.13219219 0.11710467
 0.10373914 0.09189906 0.08141032 0.0721187  0.06388756 0.05659587
 0.0501364  0.04441417]
Running run_em_exact over 20 rho values, extending until FPR >= 0.3...
  rho=0.44414 (1/20)
    fp=0.0008 tp=0.0089  [11.1s]
   median nu  = 0.494
   median |eta| = 1.235
  rho=0.39345 (2/20)
    fp=0.0021 tp=0.0089  [11.2s]
   median nu  = 0.514
   median |eta| = 1.199
  rho=0.34854 (3/20)
    fp=0.0035 tp=0.0179  [11.3s]
   median nu  = 0.533
   median |eta| = 1.168
  rho=0.30876 (4/20)
    fp=0.0048 tp=0.0357  [11.2s]
   median nu  = 0.556
   median |eta| = 1.151
  rho=0.27352 (5/20)
    fp=0.0083 tp=0.0536  [11.1s]
   median nu  = 0.587
   median |eta| = 1.12
  rho=0.24231 (6/20)
    fp=0.0143 tp=0.0804  [11.1s]
   median nu  = 0.611
   median |eta| = 1.119
  rho=0.21465 (7/20)
    fp=0.0244 tp=0.1250  [11.0s]
   median nu  = 0.641
   median |eta| = 1.025
  rho=0.19015 (8/20)
    fp=0.0345 tp=0.1786  [10.6s]
   median nu  = 0.711
   median |eta| = 0.927
  rho=0.16845 (9/20)
    fp=0.0500 tp=0.2232  [10.5s]
   median nu  = 0.759
   median |eta| = 0.768
  rho=0.14922 (10/20)
    fp=0.0697 tp=0.2589  [9.8s]
   median nu  = 0.815
   median |eta| = 0.583
  rho=0.13219 (11/20)
    fp=0.0887 tp=0.3036  [9.4s]
   median nu  = 0.898
   median |eta| = 0.448
  rho=0.11710 (12/20)
    fp=0.1110 tp=0.3304  [9.6s]
   median nu  = 1.006
   median |eta| = 0.338
  rho=0.10374 (13/20)
    fp=0.1317 tp=0.3661  [9.9s]
   median nu  = 1.096
   median |eta| = 0.251
  rho=0.09190 (14/20)
    fp=0.1554 tp=0.4107  [9.4s]
   median nu  = 1.205
   median |eta| = 0.194
  rho=0.08141 (15/20)
    fp=0.1776 tp=0.4375  [9.1s]
   median nu  = 1.305
   median |eta| = 0.141
  rho=0.07212 (16/20)
    fp=0.2032 tp=0.4464  [8.9s]
   median nu  = 1.387
   median |eta| = 0.099
  rho=0.06389 (17/20)
    fp=0.2253 tp=0.4821  [8.8s]
   median nu  = 1.482
   median |eta| = 0.07
  rho=0.05660 (18/20)
    fp=0.2462 tp=0.4911  [8.7s]
   median nu  = 1.619
   median |eta| = 0.052
  rho=0.05014 (19/20)
    fp=0.2664 tp=0.5357  [8.6s]
   median nu  = 1.717
   median |eta| = 0.04
  rho=0.04441 (20/20)
    fp=0.2842 tp=0.5714  [8.6s]
   median nu  = 1.843
   median |eta| = 0.031
  rho=0.03935 (21/21)  [extra 1/50]
    fp=0.3005 tp=0.5893  [8.5s]
   median nu  = 1.961
   median |eta| = 0.026
  FPR 0.3005 >= fp_end=0.3; stopping after 21 fits
  grid extended by 1 points down to rho=0.03935, ending at FPR 0.3005
  graphical_lasso rho_max = max|S_ij| (off-diag) = 134.85750
  rho grid: [134.85749535 119.46577657 105.83076405  93.75195928  83.05174726
  73.57278478  65.17568672  57.7369764   51.14726998  45.30966789
  40.13833007  35.55721363  31.49895472  27.90387791  24.71911877
  21.89784641  19.39857491  17.1845533   15.22322507  13.48574953]
Running graphical_lasso over 20 rho values, extending until FPR >= 0.3...
  rho=134.85750 (1/20)
    fp=0.0000 tp=0.0000  [0.0s]
  rho=119.46578 (2/20)
    fp=0.0002 tp=0.0000  [0.0s]
  rho=105.83076 (3/20)
    fp=0.0004 tp=0.0000  [0.0s]
  rho=93.75196 (4/20)
    fp=0.0004 tp=0.0000  [0.0s]
  rho=83.05175 (5/20)
    fp=0.0006 tp=0.0000  [0.0s]
  rho=73.57278 (6/20)
    fp=0.0006 tp=0.0000  [8.7s]
  rho=65.17569 (7/20)
    fp=0.0006 tp=0.0000  [0.0s]
  rho=57.73698 (8/20)
    fp=0.0010 tp=0.0000  [0.0s]
  rho=51.14727 (9/20)
    fp=0.0010 tp=0.0000  [0.0s]
  rho=45.30967 (10/20)
    fp=0.0010 tp=0.0000  [0.0s]
  rho=40.13833 (11/20)
    fp=0.0017 tp=0.0000  [0.0s]
  rho=35.55721 (12/20)
    fp=0.0021 tp=0.0000  [0.0s]
  rho=31.49895 (13/20)
    fp=0.0033 tp=0.0000  [0.0s]
  rho=27.90388 (14/20)
    fp=0.0052 tp=0.0000  [0.0s]
  rho=24.71912 (15/20)
    fp=0.0058 tp=0.0000  [0.0s]
  rho=21.89785 (16/20)
    fp=0.0066 tp=0.0000  [0.0s]
  rho=19.39857 (17/20)
    fp=0.0076 tp=0.0000  [9.0s]
  rho=17.18455 (18/20)
    fp=0.0099 tp=0.0000  [0.0s]
  rho=15.22323 (19/20)
    fp=0.0124 tp=0.0000  [0.0s]
  rho=13.48575 (20/20)
    fp=0.0141 tp=0.0000  [9.1s]
  rho=11.94658 (21/21)  [extra 1/50]
    fp=0.0172 tp=0.0000  [8.7s]
  rho=10.58308 (22/22)  [extra 2/50]
    fp=0.0192 tp=0.0000  [8.8s]
  rho=9.37520 (23/23)  [extra 3/50]
    fp=0.0232 tp=0.0000  [0.0s]
  rho=8.30517 (24/24)  [extra 4/50]
    fp=0.0263 tp=0.0000  [0.0s]
  rho=7.35728 (25/25)  [extra 5/50]
    fp=0.0302 tp=0.0000  [0.0s]
  rho=6.51757 (26/26)  [extra 6/50]
    fp=0.0345 tp=0.0000  [0.1s]
  rho=5.77370 (27/27)  [extra 7/50]
    fp=0.0382 tp=0.0089  [0.2s]
  rho=5.11473 (28/28)  [extra 8/50]
    fp=0.0411 tp=0.0089  [0.3s]
  rho=4.53097 (29/29)  [extra 9/50]
    fp=0.0457 tp=0.0089  [0.7s]
  rho=4.01383 (30/30)  [extra 10/50]
    fp=0.0515 tp=0.0268  [0.5s]
  rho=3.55572 (31/31)  [extra 11/50]
    fp=0.0589 tp=0.0268  [0.4s]
  rho=3.14990 (32/32)  [extra 12/50]
    fp=0.0670 tp=0.0446  [0.1s]
  rho=2.79039 (33/33)  [extra 13/50]
    fp=0.0750 tp=0.0625  [0.3s]
  rho=2.47191 (34/34)  [extra 14/50]
    fp=0.0829 tp=0.0625  [0.0s]
  rho=2.18978 (35/35)  [extra 15/50]
    fp=0.0912 tp=0.0625  [0.0s]
  rho=1.93986 (36/36)  [extra 16/50]
    fp=0.1033 tp=0.0714  [0.1s]
  rho=1.71846 (37/37)  [extra 17/50]
    fp=0.1164 tp=0.0893  [0.3s]
  rho=1.52232 (38/38)  [extra 18/50]
    fp=0.1304 tp=0.1071  [0.0s]
  rho=1.34857 (39/39)  [extra 19/50]
    fp=0.1463 tp=0.1161  [0.1s]
  rho=1.19466 (40/40)  [extra 20/50]
    fp=0.1594 tp=0.1250  [0.5s]
  rho=1.05831 (41/41)  [extra 21/50]
    fp=0.1761 tp=0.1429  [0.0s]
  rho=0.93752 (42/42)  [extra 22/50]
    fp=0.1918 tp=0.1518  [0.1s]
  rho=0.83052 (43/43)  [extra 23/50]
    fp=0.2094 tp=0.1786  [0.1s]
  rho=0.73573 (44/44)  [extra 24/50]
    fp=0.2267 tp=0.1964  [0.1s]
  rho=0.65176 (45/45)  [extra 25/50]
    fp=0.2464 tp=0.2054  [0.1s]
  rho=0.57737 (46/46)  [extra 26/50]
    fp=0.2658 tp=0.2143  [0.1s]
  rho=0.51147 (47/47)  [extra 27/50]
    fp=0.2803 tp=0.2500  [0.0s]
  rho=0.45310 (48/48)  [extra 28/50]
    fp=0.2999 tp=0.2679  [0.0s]
  rho=0.40138 (49/49)  [extra 29/50]
    fp=0.3185 tp=0.2857  [0.3s]
  FPR 0.3185 >= fp_end=0.3; stopping after 49 fits
  [note] 5/49 fits hit a glasso ConvergenceWarning (suppressed)
  grid extended by 29 points down to rho=0.40138, ending at FPR 0.3185
  [warn] mean_roc averages out to FPR 0.300 but the shortest replicate only reached 0.050; its TPR is held flat above that
  [warn] mean_roc averages out to FPR 0.300 but the shortest replicate only reached 0.045; its TPR is held flat above that

(p=100, n=50) over 24 replicates
  t+lasso  (run_em_diagonal):    AUC = 0.135 (SE 0.003)
  ~t+lasso (run_em_exact):       AUC = 0.128 (SE 0.003)
  tlasso   (run_tlasso):         AUC = 0.046 (SE 0.002)
  t*lasso  (run_tstar_varlasso): AUC = 0.107 (SE 0.003)
  glasso   (graphical_lasso):    AUC = 0.046 (SE 0.002)
Replicate 25/50
  Theta: 93/4950 edges
  pilot fit of run_tlasso at rho=30.34854
  -> rho_max = max|S_ij| (off-diag) = 6755.81929
  rho grid: [6755.81929385 5984.75595444 5301.69654874 4696.59690536 4160.55922641
 3685.70124821 3265.04033516 2892.39080227 2562.27295662 2269.83252023
 2010.76924947 1781.27370128 1577.97121659 1397.872297   1238.32864515
 1096.99422235  971.79075085  860.87715341  762.62248083  675.58192939]
Running run_tlasso over 20 rho values, extending until FPR >= 0.3...
  rho=6755.81929 (1/20)
    fp=0.0002 tp=0.0000  [0.1s]
   nu  = 3.0000
  rho=5984.75595 (2/20)
    fp=0.0002 tp=0.0000  [0.1s]
   nu  = 3.0000
  rho=5301.69655 (3/20)
    fp=0.0002 tp=0.0000  [0.1s]
   nu  = 3.0000
  rho=4696.59691 (4/20)
    fp=0.0002 tp=0.0000  [0.1s]
   nu  = 3.0000
  rho=4160.55923 (5/20)
    fp=0.0002 tp=0.0000  [0.1s]
   nu  = 3.0000
  rho=3685.70125 (6/20)
    fp=0.0002 tp=0.0000  [0.1s]
   nu  = 3.0000
  rho=3265.04034 (7/20)
    fp=0.0002 tp=0.0000  [0.1s]
   nu  = 3.0000
  rho=2892.39080 (8/20)
    fp=0.0002 tp=0.0000  [0.1s]
   nu  = 3.0000
  rho=2562.27296 (9/20)
    fp=0.0002 tp=0.0000  [0.1s]
   nu  = 3.0000
  rho=2269.83252 (10/20)
    fp=0.0002 tp=0.0000  [0.1s]
   nu  = 3.0000
  rho=2010.76925 (11/20)
    fp=0.0004 tp=0.0000  [0.1s]
   nu  = 3.0000
  rho=1781.27370 (12/20)
    fp=0.0006 tp=0.0000  [0.1s]
   nu  = 3.0000
  rho=1577.97122 (13/20)
    fp=0.0006 tp=0.0000  [0.1s]
   nu  = 3.0000
  rho=1397.87230 (14/20)
    fp=0.0008 tp=0.0000  [0.1s]
   nu  = 3.0000
  rho=1238.32865 (15/20)
    fp=0.0010 tp=0.0000  [0.1s]
   nu  = 3.0000
  rho=1096.99422 (16/20)
    fp=0.0010 tp=0.0000  [0.1s]
   nu  = 3.0000
  rho=971.79075 (17/20)
    fp=0.0012 tp=0.0000  [0.1s]
   nu  = 3.0000
  rho=860.87715 (18/20)
    fp=0.0014 tp=0.0000  [0.1s]
   nu  = 3.0000
  rho=762.62248 (19/20)
    fp=0.0016 tp=0.0000  [0.1s]
   nu  = 3.0000
  rho=675.58193 (20/20)
    fp=0.0027 tp=0.0000  [0.1s]
   nu  = 3.0000
  rho=598.47560 (21/21)  [extra 1/50]
    fp=0.0035 tp=0.0000  [0.1s]
   nu  = 3.0000
  rho=530.16965 (22/22)  [extra 2/50]
    fp=0.0039 tp=0.0000  [0.1s]
   nu  = 3.0000
  rho=469.65969 (23/23)  [extra 3/50]
    fp=0.0047 tp=0.0000  [0.1s]
   nu  = 3.0000
  rho=416.05592 (24/24)  [extra 4/50]
    fp=0.0066 tp=0.0000  [0.1s]
   nu  = 3.0000
  rho=368.57012 (25/25)  [extra 5/50]
    fp=0.0074 tp=0.0000  [0.1s]
   nu  = 3.0000
  rho=326.50403 (26/26)  [extra 6/50]
    fp=0.0089 tp=0.0000  [0.1s]
   nu  = 3.0000
  rho=289.23908 (27/27)  [extra 7/50]
    fp=0.0107 tp=0.0000  [0.1s]
   nu  = 3.0000
  rho=256.22730 (28/28)  [extra 8/50]
    fp=0.0136 tp=0.0000  [0.1s]
   nu  = 3.0000
  rho=226.98325 (29/29)  [extra 9/50]
    fp=0.0152 tp=0.0000  [0.1s]
   nu  = 3.0000
  rho=201.07692 (30/30)  [extra 10/50]
    fp=0.0179 tp=0.0000  [0.1s]
   nu  = 3.0000
  rho=178.12737 (31/31)  [extra 11/50]
    fp=0.0200 tp=0.0108  [0.1s]
   nu  = 3.0000
  rho=157.79712 (32/32)  [extra 12/50]
    fp=0.0210 tp=0.0108  [0.1s]
   nu  = 3.0000
  rho=139.78723 (33/33)  [extra 13/50]
    fp=0.0226 tp=0.0108  [0.1s]
   nu  = 3.0000
  rho=123.83286 (34/34)  [extra 14/50]
    fp=0.0247 tp=0.0108  [0.1s]
   nu  = 3.0000
  rho=109.69942 (35/35)  [extra 15/50]
    fp=0.0280 tp=0.0108  [0.1s]
   nu  = 3.0000
  rho=97.17908 (36/36)  [extra 16/50]
    fp=0.0321 tp=0.0108  [0.1s]
   nu  = 3.0000
  rho=86.08772 (37/37)  [extra 17/50]
    fp=0.0356 tp=0.0108  [0.1s]
   nu  = 3.0000
  rho=76.26225 (38/38)  [extra 18/50]
    fp=0.0381 tp=0.0108  [0.1s]
   nu  = 3.0000
  rho=67.55819 (39/39)  [extra 19/50]
    fp=0.0453 tp=0.0215  [0.1s]
   nu  = 3.0000
  rho=59.84756 (40/40)  [extra 20/50]
    fp=0.0513 tp=0.0323  [0.1s]
   nu  = 3.0000
  rho=53.01697 (41/41)  [extra 21/50]
    fp=0.0576 tp=0.0430  [0.1s]
   nu  = 3.0000
  rho=46.96597 (42/42)  [extra 22/50]
    fp=0.0653 tp=0.0430  [0.2s]
   nu  = 3.0000
  rho=41.60559 (43/43)  [extra 23/50]
    fp=0.0723 tp=0.0430  [0.1s]
   nu  = 3.0000
  rho=36.85701 (44/44)  [extra 24/50]
    fp=0.0830 tp=0.0538  [0.2s]
   nu  = 3.0000
  rho=32.65040 (45/45)  [extra 25/50]
    fp=0.0943 tp=0.0645  [0.2s]
   nu  = 3.0000
  rho=28.92391 (46/46)  [extra 26/50]
    fp=0.1034 tp=0.0753  [0.2s]
   nu  = 3.0000
  rho=25.62273 (47/47)  [extra 27/50]
    fp=0.1143 tp=0.0968  [0.2s]
   nu  = 3.0000
  rho=22.69833 (48/48)  [extra 28/50]
    fp=0.1289 tp=0.0968  [0.2s]
   nu  = 3.0000
  rho=20.10769 (49/49)  [extra 29/50]
    fp=0.1402 tp=0.0968  [0.2s]
   nu  = 3.0000
  rho=17.81274 (50/50)  [extra 30/50]
    fp=0.1538 tp=0.1183  [0.2s]
   nu  = 3.0000
  rho=15.77971 (51/51)  [extra 31/50]
    fp=0.1701 tp=0.1290  [0.2s]
   nu  = 3.0000
  rho=13.97872 (52/52)  [extra 32/50]
    fp=0.1826 tp=0.1290  [0.2s]
   nu  = 3.0000
  rho=12.38329 (53/53)  [extra 33/50]
    fp=0.1960 tp=0.1505  [0.2s]
   nu  = 3.0000
  rho=10.96994 (54/54)  [extra 34/50]
    fp=0.2129 tp=0.1828  [0.2s]
   nu  = 3.0000
  rho=9.71791 (55/55)  [extra 35/50]
    fp=0.2300 tp=0.1935  [0.2s]
   nu  = 3.0000
  rho=8.60877 (56/56)  [extra 36/50]
    fp=0.2442 tp=0.2366  [0.3s]
   nu  = 3.0000
  rho=7.62622 (57/57)  [extra 37/50]
    fp=0.2642 tp=0.2581  [0.3s]
   nu  = 3.0000
  rho=6.75582 (58/58)  [extra 38/50]
    fp=0.2796 tp=0.2688  [0.4s]
   nu  = 3.0000
  rho=5.98476 (59/59)  [extra 39/50]
    fp=0.3002 tp=0.3011  [0.3s]
   nu  = 3.0000
  FPR 0.3002 >= fp_end=0.3; stopping after 59 fits
  grid extended by 39 points down to rho=5.98476, ending at FPR 0.3002
  pilot fit of run_tstar_varlasso at rho=0.30349
  -> rho_max = max|S_ij| (off-diag) = 0.97028
  rho grid: [0.97028229 0.85954085 0.7614387  0.67453326 0.59754661 0.5293467
 0.46893066 0.4154101  0.36799801 0.32599722 0.28879011 0.25582957
 0.22663092 0.2007648  0.17785087 0.15755218 0.13957024 0.12364064
 0.10952914 0.09702823]
Running run_tstar_varlasso over 20 rho values, extending until FPR >= 0.3...
  rho=0.97028 (1/20)
    fp=0.0004 tp=0.0000  [0.2s]
   nu  = 3.0000
  rho=0.85954 (2/20)
    fp=0.0010 tp=0.0000  [0.1s]
   nu  = 3.0000
  rho=0.76144 (3/20)
    fp=0.0021 tp=0.0000  [0.1s]
   nu  = 3.0000
  rho=0.67453 (4/20)
    fp=0.0031 tp=0.0000  [0.1s]
   nu  = 3.0000
  rho=0.59755 (5/20)
    fp=0.0047 tp=0.0000  [0.1s]
   nu  = 3.0000
  rho=0.52935 (6/20)
    fp=0.0089 tp=0.0000  [0.1s]
   nu  = 3.0000
  rho=0.46893 (7/20)
    fp=0.0134 tp=0.0108  [0.1s]
   nu  = 3.0000
  rho=0.41541 (8/20)
    fp=0.0196 tp=0.0645  [0.2s]
   nu  = 3.0000
  rho=0.36800 (9/20)
    fp=0.0288 tp=0.1183  [0.1s]
   nu  = 3.0000
  rho=0.32600 (10/20)
    fp=0.0385 tp=0.1398  [0.1s]
   nu  = 3.0000
  rho=0.28879 (11/20)
    fp=0.0517 tp=0.1935  [0.1s]
   nu  = 3.0000
  rho=0.25583 (12/20)
    fp=0.0690 tp=0.2581  [0.1s]
   nu  = 3.0000
  rho=0.22663 (13/20)
    fp=0.0877 tp=0.3226  [0.1s]
   nu  = 3.0000
  rho=0.20076 (14/20)
    fp=0.1116 tp=0.3978  [0.2s]
   nu  = 3.0000
  rho=0.17785 (15/20)
    fp=0.1312 tp=0.4409  [0.2s]
   nu  = 3.0000
  rho=0.15755 (16/20)
    fp=0.1538 tp=0.5054  [0.2s]
   nu  = 3.0000
  rho=0.13957 (17/20)
    fp=0.1754 tp=0.5484  [0.2s]
   nu  = 3.0000
  rho=0.12364 (18/20)
    fp=0.1958 tp=0.5699  [0.2s]
   nu  = 3.0000
  rho=0.10953 (19/20)
    fp=0.2187 tp=0.6237  [0.2s]
   nu  = 3.0000
  rho=0.09703 (20/20)
    fp=0.2427 tp=0.6667  [0.2s]
   nu  = 3.0000
  rho=0.08595 (21/21)  [extra 1/50]
    fp=0.2699 tp=0.6774  [0.2s]
   nu  = 3.0000
  rho=0.07614 (22/22)  [extra 2/50]
    fp=0.2946 tp=0.6882  [0.2s]
   nu  = 3.0000
  rho=0.06745 (23/23)  [extra 3/50]
    fp=0.3162 tp=0.7097  [0.3s]
   nu  = 3.0000
  FPR 0.3162 >= fp_end=0.3; stopping after 23 fits
  grid extended by 3 points down to rho=0.06745, ending at FPR 0.3162
  pilot fit of run_em_diagonal at rho=0.30349
  -> rho_max = max|S_ij| (off-diag) = 0.55812
  rho grid: [0.55812337 0.49442296 0.43799288 0.38800334 0.34371928 0.30448949
 0.26973713 0.23895117 0.2116789  0.18751931 0.16611713 0.14715765
 0.13036207 0.11548343 0.10230294 0.09062677 0.08028325 0.07112026
 0.06300308 0.05581234]
Running run_em_diagonal over 20 rho values, extending until FPR >= 0.3...
  rho=0.55812 (1/20)
    fp=0.0004 tp=0.0108  [10.7s]
   median nu  = 0.388
   median |eta| = 1.678
  rho=0.49442 (2/20)
    fp=0.0004 tp=0.0215  [10.6s]
   median nu  = 0.408
   median |eta| = 1.604
  rho=0.43799 (3/20)
    fp=0.0010 tp=0.0323  [10.5s]
   median nu  = 0.427
   median |eta| = 1.548
  rho=0.38800 (4/20)
    fp=0.0023 tp=0.0430  [10.5s]
   median nu  = 0.448
   median |eta| = 1.497
  rho=0.34372 (5/20)
    fp=0.0051 tp=0.0538  [10.6s]
   median nu  = 0.475
   median |eta| = 1.486
  rho=0.30449 (6/20)
    fp=0.0095 tp=0.0753  [10.7s]
   median nu  = 0.5
   median |eta| = 1.468
  rho=0.26974 (7/20)
    fp=0.0156 tp=0.1505  [10.8s]
   median nu  = 0.524
   median |eta| = 1.446
  rho=0.23895 (8/20)
    fp=0.0233 tp=0.1935  [10.9s]
   median nu  = 0.547
   median |eta| = 1.408
  rho=0.21168 (9/20)
    fp=0.0336 tp=0.2151  [11.0s]
   median nu  = 0.57
   median |eta| = 1.399
  rho=0.18752 (10/20)
    fp=0.0449 tp=0.2473  [11.3s]
   median nu  = 0.592
   median |eta| = 1.391
  rho=0.16612 (11/20)
    fp=0.0587 tp=0.3333  [11.5s]
   median nu  = 0.59
   median |eta| = 1.376
  rho=0.14716 (12/20)
    fp=0.0760 tp=0.3871  [11.5s]
   median nu  = 0.585
   median |eta| = 1.372
  rho=0.13036 (13/20)
    fp=0.0957 tp=0.4301  [11.4s]
   median nu  = 0.593
   median |eta| = 1.294
  rho=0.11548 (14/20)
    fp=0.1143 tp=0.4839  [11.4s]
   median nu  = 0.602
   median |eta| = 1.194
  rho=0.10230 (15/20)
    fp=0.1320 tp=0.5161  [11.3s]
   median nu  = 0.617
   median |eta| = 1.227
  rho=0.09063 (16/20)
    fp=0.1511 tp=0.6022  [11.2s]
   median nu  = 0.62
   median |eta| = 1.208
  rho=0.08028 (17/20)
    fp=0.1725 tp=0.6237  [12.2s]
   median nu  = 0.64
   median |eta| = 1.033
  rho=0.07112 (18/20)
    fp=0.1923 tp=0.6774  [12.0s]
   median nu  = 0.659
   median |eta| = 1.067
  rho=0.06300 (19/20)
    fp=0.2092 tp=0.6882  [12.0s]
   median nu  = 0.675
   median |eta| = 1.122
  rho=0.05581 (20/20)
    fp=0.2259 tp=0.6989  [11.9s]
   median nu  = 0.713
   median |eta| = 1.171
  rho=0.04944 (21/21)  [extra 1/50]
    fp=0.2436 tp=0.7097  [12.0s]
   median nu  = 0.722
   median |eta| = 1.2
  rho=0.04380 (22/22)  [extra 2/50]
    fp=0.2582 tp=0.7419  [11.4s]
   median nu  = 0.775
   median |eta| = 1.106
  rho=0.03880 (23/23)  [extra 3/50]
    fp=0.2726 tp=0.7419  [11.3s]
   median nu  = 0.788
   median |eta| = 1.124
  rho=0.03437 (24/24)  [extra 4/50]
    fp=0.2854 tp=0.7419  [11.4s]
   median nu  = 0.733
   median |eta| = 1.204
  rho=0.03045 (25/25)  [extra 5/50]
    fp=0.2985 tp=0.7634  [11.3s]
   median nu  = 0.69
   median |eta| = 1.297
  rho=0.02697 (26/26)  [extra 6/50]
    fp=0.3119 tp=0.7742  [11.4s]
   median nu  = 0.704
   median |eta| = 1.41
  FPR 0.3119 >= fp_end=0.3; stopping after 26 fits
  grid extended by 6 points down to rho=0.02697, ending at FPR 0.3119
  pilot fit of run_em_exact at rho=0.30349
  -> rho_max = max|S_ij| (off-diag) = 0.60116
  rho grid: [0.60116154 0.53254904 0.47176751 0.41792317 0.37022426 0.32796937
 0.29053718 0.25737724 0.22800195 0.20197935 0.1789268  0.15850531
 0.14041459 0.12438862 0.11019175 0.09761521 0.08647407 0.07660451
 0.06786139 0.06011615]
Running run_em_exact over 20 rho values, extending until FPR >= 0.3...
  rho=0.60116 (1/20)
    fp=0.0004 tp=0.0108  [11.4s]
   median nu  = 0.374
   median |eta| = 1.711
  rho=0.53255 (2/20)
    fp=0.0004 tp=0.0108  [11.1s]
   median nu  = 0.396
   median |eta| = 1.634
  rho=0.47177 (3/20)
    fp=0.0006 tp=0.0215  [10.8s]
   median nu  = 0.416
   median |eta| = 1.562
  rho=0.41792 (4/20)
    fp=0.0016 tp=0.0430  [10.9s]
   median nu  = 0.44
   median |eta| = 1.499
  rho=0.37022 (5/20)
    fp=0.0031 tp=0.0430  [10.9s]
   median nu  = 0.475
   median |eta| = 1.387
  rho=0.32797 (6/20)
    fp=0.0076 tp=0.0538  [10.8s]
   median nu  = 0.514
   median |eta| = 1.288
  rho=0.29054 (7/20)
    fp=0.0126 tp=0.0968  [10.6s]
   median nu  = 0.55
   median |eta| = 1.164
  rho=0.25738 (8/20)
    fp=0.0196 tp=0.1720  [10.6s]
   median nu  = 0.591
   median |eta| = 1.043
  rho=0.22800 (9/20)
    fp=0.0313 tp=0.2043  [10.2s]
   median nu  = 0.634
   median |eta| = 0.906
  rho=0.20198 (10/20)
    fp=0.0457 tp=0.2151  [10.1s]
   median nu  = 0.691
   median |eta| = 0.773
  rho=0.17893 (11/20)
    fp=0.0614 tp=0.3226  [9.8s]
   median nu  = 0.751
   median |eta| = 0.647
  rho=0.15851 (12/20)
    fp=0.0828 tp=0.3871  [9.5s]
   median nu  = 0.837
   median |eta| = 0.502
  rho=0.14041 (13/20)
    fp=0.1054 tp=0.4516  [9.5s]
   median nu  = 0.943
   median |eta| = 0.384
  rho=0.12439 (14/20)
    fp=0.1309 tp=0.4946  [10.5s]
   median nu  = 1.029
   median |eta| = 0.306
  rho=0.11019 (15/20)
    fp=0.1569 tp=0.5161  [9.9s]
   median nu  = 1.115
   median |eta| = 0.226
  rho=0.09762 (16/20)
    fp=0.1810 tp=0.5806  [9.6s]
   median nu  = 1.2
   median |eta| = 0.169
  rho=0.08647 (17/20)
    fp=0.1989 tp=0.6129  [9.4s]
   median nu  = 1.302
   median |eta| = 0.134
  rho=0.07660 (18/20)
    fp=0.2191 tp=0.6559  [9.5s]
   median nu  = 1.369
   median |eta| = 0.105
  rho=0.06786 (19/20)
    fp=0.2349 tp=0.6667  [9.1s]
   median nu  = 1.516
   median |eta| = 0.077
  rho=0.06012 (20/20)
    fp=0.2561 tp=0.6882  [8.9s]
   median nu  = 1.671
   median |eta| = 0.06
  rho=0.05325 (21/21)  [extra 1/50]
    fp=0.2718 tp=0.6989  [8.0s]
   median nu  = 1.828
   median |eta| = 0.046
  rho=0.04718 (22/22)  [extra 2/50]
    fp=0.2868 tp=0.7097  [8.5s]
   median nu  = 1.975
   median |eta| = 0.034
  rho=0.04179 (23/23)  [extra 3/50]
    fp=0.3047 tp=0.7204  [8.5s]
   median nu  = 2.133
   median |eta| = 0.024
  FPR 0.3047 >= fp_end=0.3; stopping after 23 fits
  grid extended by 3 points down to rho=0.04179, ending at FPR 0.3047
  graphical_lasso rho_max = max|S_ij| (off-diag) = 374.29605
  rho grid: [374.2960506  331.57644101 293.73255757 260.20791802 230.50955317
 204.20075803 180.89467011 160.24858082 141.95889596 125.75667153
 111.40365898  98.68880182  87.42513212  77.44702119  68.60774409
  60.77732205  53.84061122  47.69560945  42.25195646  37.42960506]
Running graphical_lasso over 20 rho values, extending until FPR >= 0.3...
  rho=374.29605 (1/20)
    fp=0.0000 tp=0.0000  [0.0s]
  rho=331.57644 (2/20)
    fp=0.0002 tp=0.0000  [0.0s]
  rho=293.73256 (3/20)
    fp=0.0002 tp=0.0000  [0.0s]
  rho=260.20792 (4/20)
    fp=0.0002 tp=0.0000  [0.0s]
  rho=230.50955 (5/20)
    fp=0.0002 tp=0.0000  [0.0s]
  rho=204.20076 (6/20)
    fp=0.0002 tp=0.0000  [0.0s]
  rho=180.89467 (7/20)
    fp=0.0002 tp=0.0000  [0.0s]
  rho=160.24858 (8/20)
    fp=0.0002 tp=0.0000  [0.0s]
  rho=141.95890 (9/20)
    fp=0.0002 tp=0.0000  [0.0s]
  rho=125.75667 (10/20)
    fp=0.0002 tp=0.0000  [0.0s]
  rho=111.40366 (11/20)
    fp=0.0002 tp=0.0000  [0.0s]
  rho=98.68880 (12/20)
    fp=0.0006 tp=0.0000  [0.0s]
  rho=87.42513 (13/20)
    fp=0.0006 tp=0.0000  [0.0s]
  rho=77.44702 (14/20)
    fp=0.0006 tp=0.0000  [0.0s]
  rho=68.60774 (15/20)
    fp=0.0010 tp=0.0000  [0.0s]
  rho=60.77732 (16/20)
    fp=0.0010 tp=0.0000  [0.0s]
  rho=53.84061 (17/20)
    fp=0.0012 tp=0.0000  [0.0s]
  rho=47.69561 (18/20)
    fp=0.0014 tp=0.0000  [0.0s]
  rho=42.25196 (19/20)
    fp=0.0021 tp=0.0000  [0.0s]
  rho=37.42961 (20/20)
    fp=0.0029 tp=0.0000  [0.0s]
  rho=33.15764 (21/21)  [extra 1/50]
    fp=0.0037 tp=0.0000  [8.7s]
  rho=29.37326 (22/22)  [extra 2/50]
    fp=0.0041 tp=0.0000  [0.0s]
  rho=26.02079 (23/23)  [extra 3/50]
    fp=0.0054 tp=0.0000  [0.0s]
  rho=23.05096 (24/24)  [extra 4/50]
    fp=0.0070 tp=0.0000  [0.0s]
  rho=20.42008 (25/25)  [extra 5/50]
    fp=0.0086 tp=0.0000  [0.0s]
  rho=18.08947 (26/26)  [extra 6/50]
    fp=0.0099 tp=0.0000  [8.3s]
  rho=16.02486 (27/27)  [extra 7/50]
    fp=0.0121 tp=0.0000  [0.0s]
  rho=14.19589 (28/28)  [extra 8/50]
    fp=0.0154 tp=0.0000  [8.3s]
  rho=12.57567 (29/29)  [extra 9/50]
    fp=0.0181 tp=0.0000  [8.3s]
  rho=11.14037 (30/30)  [extra 10/50]
    fp=0.0198 tp=0.0000  [8.4s]
  rho=9.86888 (31/31)  [extra 11/50]
    fp=0.0204 tp=0.0108  [0.0s]
  rho=8.74251 (32/32)  [extra 12/50]
    fp=0.0218 tp=0.0108  [0.0s]
  rho=7.74470 (33/33)  [extra 13/50]
    fp=0.0259 tp=0.0108  [0.0s]
  rho=6.86077 (34/34)  [extra 14/50]
    fp=0.0282 tp=0.0108  [0.0s]
  rho=6.07773 (35/35)  [extra 15/50]
    fp=0.0319 tp=0.0108  [8.4s]
  rho=5.38406 (36/36)  [extra 16/50]
    fp=0.0358 tp=0.0108  [8.4s]
  rho=4.76956 (37/37)  [extra 17/50]
    fp=0.0408 tp=0.0108  [0.1s]
  rho=4.22520 (38/38)  [extra 18/50]
    fp=0.0459 tp=0.0215  [0.3s]
  rho=3.74296 (39/39)  [extra 19/50]
    fp=0.0527 tp=0.0215  [0.1s]
  rho=3.31576 (40/40)  [extra 20/50]
    fp=0.0624 tp=0.0430  [0.3s]
  rho=2.93733 (41/41)  [extra 21/50]
    fp=0.0714 tp=0.0430  [0.2s]
  rho=2.60208 (42/42)  [extra 22/50]
    fp=0.0801 tp=0.0430  [0.4s]
  rho=2.30510 (43/43)  [extra 23/50]
    fp=0.0910 tp=0.0538  [0.6s]
  rho=2.04201 (44/44)  [extra 24/50]
    fp=0.1036 tp=0.0753  [0.4s]
  rho=1.80895 (45/45)  [extra 25/50]
    fp=0.1149 tp=0.0860  [0.1s]
  rho=1.60249 (46/46)  [extra 26/50]
    fp=0.1264 tp=0.0968  [0.2s]
  rho=1.41959 (47/47)  [extra 27/50]
    fp=0.1398 tp=0.1075  [0.0s]
  rho=1.25757 (48/48)  [extra 28/50]
    fp=0.1569 tp=0.1075  [0.0s]
  rho=1.11404 (49/49)  [extra 29/50]
    fp=0.1725 tp=0.1290  [0.3s]
  rho=0.98689 (50/50)  [extra 30/50]
    fp=0.1859 tp=0.1398  [0.0s]
  rho=0.87425 (51/51)  [extra 31/50]
    fp=0.2020 tp=0.1720  [0.4s]
  rho=0.77447 (52/52)  [extra 32/50]
    fp=0.2193 tp=0.1935  [0.1s]
  rho=0.68608 (53/53)  [extra 33/50]
    fp=0.2353 tp=0.2258  [0.3s]
  rho=0.60777 (54/54)  [extra 34/50]
    fp=0.2532 tp=0.2688  [0.2s]
  rho=0.53841 (55/55)  [extra 35/50]
    fp=0.2726 tp=0.2688  [0.3s]
  rho=0.47696 (56/56)  [extra 36/50]
    fp=0.2909 tp=0.2796  [0.1s]
  rho=0.42252 (57/57)  [extra 37/50]
    fp=0.3117 tp=0.3011  [0.1s]
  FPR 0.3117 >= fp_end=0.3; stopping after 57 fits
  [note] 7/57 fits hit a glasso ConvergenceWarning (suppressed)
  grid extended by 37 points down to rho=0.42252, ending at FPR 0.3117
  [warn] mean_roc averages out to FPR 0.300 but the shortest replicate only reached 0.050; its TPR is held flat above that
  [warn] mean_roc averages out to FPR 0.300 but the shortest replicate only reached 0.045; its TPR is held flat above that

(p=100, n=50) over 25 replicates
  t+lasso  (run_em_diagonal):    AUC = 0.135 (SE 0.003)
  ~t+lasso (run_em_exact):       AUC = 0.129 (SE 0.003)
  tlasso   (run_tlasso):         AUC = 0.045 (SE 0.002)
  t*lasso  (run_tstar_varlasso): AUC = 0.108 (SE 0.003)
  glasso   (graphical_lasso):    AUC = 0.046 (SE 0.002)
Replicate 26/50
  Theta: 111/4950 edges
  pilot fit of run_tlasso at rho=30.34854
  -> rho_max = max|S_ij| (off-diag) = 46276.60745
  rho grid: [46276.60744842 40994.9097114  36316.02908919 32171.16412968
 28499.36591132 25246.64180858 22365.1615476  19812.55387717
 17551.283513   15548.09919324 13773.54472929 12201.52586191
 10808.92655339  9575.26907363  8482.41288157  7514.28787433
  6656.65808145  5896.91232947  5223.87879864  4627.66074484]
Running run_tlasso over 20 rho values, extending until FPR >= 0.3...
  rho=46276.60745 (1/20)
    fp=0.0002 tp=0.0000  [11.3s]
   nu  = 3.0000
  rho=40994.90971 (2/20)
    fp=0.0002 tp=0.0000  [0.0s]
   nu  = 3.0000
  rho=36316.02909 (3/20)
    fp=0.0002 tp=0.0000  [0.1s]
   nu  = 3.0000
  rho=32171.16413 (4/20)
    fp=0.0002 tp=0.0000  [0.0s]
   nu  = 3.0000
  rho=28499.36591 (5/20)
    fp=0.0002 tp=0.0000  [0.1s]
   nu  = 3.0000
  rho=25246.64181 (6/20)
    fp=0.0002 tp=0.0000  [0.0s]
   nu  = 3.0000
  rho=22365.16155 (7/20)
    fp=0.0002 tp=0.0000  [0.1s]
   nu  = 3.0000
  rho=19812.55388 (8/20)
    fp=0.0002 tp=0.0000  [0.0s]
   nu  = 3.0000
  rho=17551.28351 (9/20)
    fp=0.0002 tp=0.0000  [0.1s]
   nu  = 3.0000
  rho=15548.09919 (10/20)
    fp=0.0002 tp=0.0000  [0.0s]
   nu  = 3.0000
  rho=13773.54473 (11/20)
    fp=0.0004 tp=0.0000  [0.1s]
   nu  = 3.0000
  rho=12201.52586 (12/20)
    fp=0.0004 tp=0.0000  [0.0s]
   nu  = 3.0000
  rho=10808.92655 (13/20)
    fp=0.0004 tp=0.0000  [0.1s]
   nu  = 3.0000
  rho=9575.26907 (14/20)
    fp=0.0006 tp=0.0000  [0.0s]
   nu  = 3.0000
  rho=8482.41288 (15/20)
    fp=0.0008 tp=0.0000  [0.1s]
   nu  = 3.0000
  rho=7514.28787 (16/20)
    fp=0.0008 tp=0.0000  [0.1s]
   nu  = 3.0000
  rho=6656.65808 (17/20)
    fp=0.0008 tp=0.0000  [0.1s]
   nu  = 3.0000
  rho=5896.91233 (18/20)
    fp=0.0008 tp=0.0000  [0.1s]
   nu  = 3.0000
  rho=5223.87880 (19/20)
    fp=0.0008 tp=0.0000  [0.1s]
   nu  = 3.0000
  rho=4627.66074 (20/20)
    fp=0.0012 tp=0.0000  [0.1s]
   nu  = 3.0000
  rho=4099.49097 (21/21)  [extra 1/50]
    fp=0.0012 tp=0.0000  [0.1s]
   nu  = 3.0000
  rho=3631.60291 (22/22)  [extra 2/50]
    fp=0.0012 tp=0.0000  [0.1s]
   nu  = 3.0000
  rho=3217.11641 (23/23)  [extra 3/50]
    fp=0.0017 tp=0.0000  [0.1s]
   nu  = 3.0000
  rho=2849.93659 (24/24)  [extra 4/50]
    fp=0.0021 tp=0.0000  [0.1s]
   nu  = 3.0000
  rho=2524.66418 (25/25)  [extra 5/50]
    fp=0.0029 tp=0.0000  [0.1s]
   nu  = 3.0000
  rho=2236.51615 (26/26)  [extra 6/50]
    fp=0.0037 tp=0.0000  [0.1s]
   nu  = 3.0000
  rho=1981.25539 (27/27)  [extra 7/50]
    fp=0.0043 tp=0.0000  [0.1s]
   nu  = 3.0000
  rho=1755.12835 (28/28)  [extra 8/50]
    fp=0.0056 tp=0.0090  [0.1s]
   nu  = 3.0000
  rho=1554.80992 (29/29)  [extra 9/50]
    fp=0.0068 tp=0.0090  [0.1s]
   nu  = 3.0000
  rho=1377.35447 (30/30)  [extra 10/50]
    fp=0.0089 tp=0.0090  [2.1s]
   nu  = 3.0000
  rho=1220.15259 (31/31)  [extra 11/50]
    fp=0.0103 tp=0.0090  [0.2s]
   nu  = 3.0000
  rho=1080.89266 (32/32)  [extra 12/50]
    fp=0.0126 tp=0.0090  [0.1s]
   nu  = 3.0000
  rho=957.52691 (33/33)  [extra 13/50]
    fp=0.0149 tp=0.0090  [0.1s]
   nu  = 3.0000
  rho=848.24129 (34/34)  [extra 14/50]
    fp=0.0159 tp=0.0090  [0.1s]
   nu  = 3.0000
  rho=751.42879 (35/35)  [extra 15/50]
    fp=0.0174 tp=0.0180  [0.1s]
   nu  = 3.0000
  rho=665.66581 (36/36)  [extra 16/50]
    fp=0.0192 tp=0.0180  [0.1s]
   nu  = 3.0000
  rho=589.69123 (37/37)  [extra 17/50]
    fp=0.0217 tp=0.0270  [0.1s]
   nu  = 3.0000
  rho=522.38788 (38/38)  [extra 18/50]
    fp=0.0238 tp=0.0270  [0.1s]
   nu  = 3.0000
  rho=462.76607 (39/39)  [extra 19/50]
    fp=0.0258 tp=0.0270  [0.1s]
   nu  = 3.0000
  rho=409.94910 (40/40)  [extra 20/50]
    fp=0.0273 tp=0.0270  [0.1s]
   nu  = 3.0000
  rho=363.16029 (41/41)  [extra 21/50]
    fp=0.0298 tp=0.0270  [2.3s]
   nu  = 3.0000
  rho=321.71164 (42/42)  [extra 22/50]
    fp=0.0314 tp=0.0270  [0.1s]
   nu  = 3.0000
  rho=284.99366 (43/43)  [extra 23/50]
    fp=0.0329 tp=0.0270  [0.1s]
   nu  = 3.0000
  rho=252.46642 (44/44)  [extra 24/50]
    fp=0.0343 tp=0.0270  [0.1s]
   nu  = 3.0000
  rho=223.65162 (45/45)  [extra 25/50]
    fp=0.0351 tp=0.0270  [0.1s]
   nu  = 3.0000
  rho=198.12554 (46/46)  [extra 26/50]
    fp=0.0360 tp=0.0270  [0.1s]
   nu  = 3.0000
  rho=175.51284 (47/47)  [extra 27/50]
    fp=0.0374 tp=0.0270  [0.1s]
   nu  = 3.0000
  rho=155.48099 (48/48)  [extra 28/50]
    fp=0.0386 tp=0.0270  [0.1s]
   nu  = 3.0000
  rho=137.73545 (49/49)  [extra 29/50]
    fp=0.0411 tp=0.0270  [0.1s]
   nu  = 3.0000
  rho=122.01526 (50/50)  [extra 30/50]
    fp=0.0420 tp=0.0450  [0.1s]
   nu  = 3.0000
  rho=108.08927 (51/51)  [extra 31/50]
    fp=0.0446 tp=0.0541  [0.1s]
   nu  = 3.0000
  rho=95.75269 (52/52)  [extra 32/50]
    fp=0.0471 tp=0.0541  [0.2s]
   nu  = 3.0000
  rho=84.82413 (53/53)  [extra 33/50]
    fp=0.0508 tp=0.0541  [0.2s]
   nu  = 3.0000
  rho=75.14288 (54/54)  [extra 34/50]
    fp=0.0541 tp=0.0541  [0.2s]
   nu  = 3.0000
  rho=66.56658 (55/55)  [extra 35/50]
    fp=0.0583 tp=0.0541  [0.2s]
   nu  = 3.0000
  rho=58.96912 (56/56)  [extra 36/50]
    fp=0.0626 tp=0.0811  [0.2s]
   nu  = 3.0000
  rho=52.23879 (57/57)  [extra 37/50]
    fp=0.0678 tp=0.0991  [0.2s]
   nu  = 3.0000
  rho=46.27661 (58/58)  [extra 38/50]
    fp=0.0711 tp=0.0991  [0.1s]
   nu  = 3.0000
  rho=40.99491 (59/59)  [extra 39/50]
    fp=0.0756 tp=0.1081  [0.2s]
   nu  = 3.0000
  rho=36.31603 (60/60)  [extra 40/50]
    fp=0.0812 tp=0.1081  [0.2s]
   nu  = 3.0000
  rho=32.17116 (61/61)  [extra 41/50]
    fp=0.0895 tp=0.1171  [0.2s]
   nu  = 3.0000
  rho=28.49937 (62/62)  [extra 42/50]
    fp=0.0969 tp=0.1171  [0.2s]
   nu  = 3.0000
  rho=25.24664 (63/63)  [extra 43/50]
    fp=0.1042 tp=0.1261  [0.2s]
   nu  = 3.0000
  rho=22.36516 (64/64)  [extra 44/50]
    fp=0.1139 tp=0.1441  [0.3s]
   nu  = 3.0000
  rho=19.81255 (65/65)  [extra 45/50]
    fp=0.1234 tp=0.1441  [0.3s]
   nu  = 3.0000
  rho=17.55128 (66/66)  [extra 46/50]
    fp=0.1337 tp=0.1622  [0.3s]
   nu  = 3.0000
  rho=15.54810 (67/67)  [extra 47/50]
    fp=0.1488 tp=0.1622  [0.3s]
   nu  = 3.0000
  rho=13.77354 (68/68)  [extra 48/50]
    fp=0.1616 tp=0.1802  [0.3s]
   nu  = 3.0000
  rho=12.20153 (69/69)  [extra 49/50]
    fp=0.1767 tp=0.1802  [0.3s]
   nu  = 3.0000
  rho=10.80893 (70/70)  [extra 50/50]
    fp=0.1897 tp=0.1982  [0.3s]
   nu  = 3.0000
  [note] 5/70 fits hit a glasso ConvergenceWarning (suppressed)
  [warn] FPR stalled at 0.1897 < fp_end=0.3 after 50 extra fits (cap max_extra=50); the curve stops short of fp_end
  grid extended by 50 points down to rho=10.80893, ending at FPR 0.1897
  [warn] AUC integrates to fp_end=0.3 but the curve stops at FPR 0.1897; TPR held flat above that
  pilot fit of run_tstar_varlasso at rho=0.30349
  -> rho_max = max|S_ij| (off-diag) = 0.76263
  rho grid: [0.76263385 0.675592   0.59848452 0.53017756 0.46966669 0.41606212
 0.36857562 0.3265089  0.28924339 0.25623111 0.22698664 0.20107992
 0.17813003 0.15779947 0.13978931 0.12383471 0.10970106 0.09718052
 0.086089   0.07626338]
Running run_tstar_varlasso over 20 rho values, extending until FPR >= 0.3...
  rho=0.76263 (1/20)
    fp=0.0008 tp=0.0360  [0.2s]
   nu  = 3.0000
  rho=0.67559 (2/20)
    fp=0.0033 tp=0.0360  [0.1s]
   nu  = 3.0000
  rho=0.59848 (3/20)
    fp=0.0045 tp=0.0450  [0.1s]
   nu  = 3.0000
  rho=0.53018 (4/20)
    fp=0.0076 tp=0.0450  [0.1s]
   nu  = 3.0000
  rho=0.46967 (5/20)
    fp=0.0120 tp=0.0450  [0.1s]
   nu  = 3.0000
  rho=0.41606 (6/20)
    fp=0.0176 tp=0.0450  [0.1s]
   nu  = 3.0000
  rho=0.36858 (7/20)
    fp=0.0252 tp=0.0991  [0.1s]
   nu  = 3.0000
  rho=0.32651 (8/20)
    fp=0.0353 tp=0.1171  [0.1s]
   nu  = 3.0000
  rho=0.28924 (9/20)
    fp=0.0463 tp=0.1261  [0.1s]
   nu  = 3.0000
  rho=0.25623 (10/20)
    fp=0.0630 tp=0.1892  [0.1s]
   nu  = 3.0000
  rho=0.22699 (11/20)
    fp=0.0794 tp=0.2432  [0.1s]
   nu  = 3.0000
  rho=0.20108 (12/20)
    fp=0.1029 tp=0.3153  [0.1s]
   nu  = 3.0000
  rho=0.17813 (13/20)
    fp=0.1230 tp=0.3694  [0.2s]
   nu  = 3.0000
  rho=0.15780 (14/20)
    fp=0.1463 tp=0.3964  [0.1s]
   nu  = 3.0000
  rho=0.13979 (15/20)
    fp=0.1692 tp=0.4414  [0.1s]
   nu  = 3.0000
  rho=0.12383 (16/20)
    fp=0.1924 tp=0.5045  [0.1s]
   nu  = 3.0000
  rho=0.10970 (17/20)
    fp=0.2149 tp=0.5135  [0.2s]
   nu  = 3.0000
  rho=0.09718 (18/20)
    fp=0.2379 tp=0.5495  [0.2s]
   nu  = 3.0000
  rho=0.08609 (19/20)
    fp=0.2649 tp=0.5495  [0.2s]
   nu  = 3.0000
  rho=0.07626 (20/20)
    fp=0.2930 tp=0.5856  [0.3s]
   nu  = 3.0000
  rho=0.06756 (21/21)  [extra 1/50]
    fp=0.3154 tp=0.6306  [0.3s]
   nu  = 3.0000
  FPR 0.3154 >= fp_end=0.3; stopping after 21 fits
  grid extended by 1 points down to rho=0.06756, ending at FPR 0.3154
  pilot fit of run_em_diagonal at rho=0.30349
  -> rho_max = max|S_ij| (off-diag) = 0.63800
  rho grid: [0.63799571 0.56517921 0.50067349 0.44353002 0.39290852 0.34806461
 0.30833887 0.27314717 0.24197201 0.21435496 0.18988994 0.1682172
 0.14901803 0.13201012 0.11694338 0.10359626 0.09177249 0.0812982
 0.07201937 0.06379957]
Running run_em_diagonal over 20 rho values, extending until FPR >= 0.3...
  rho=0.63800 (1/20)
    fp=0.0000 tp=0.0090  [11.1s]
   median nu  = 0.294
   median |eta| = 1.837
  rho=0.56518 (2/20)
    fp=0.0004 tp=0.0090  [11.0s]
   median nu  = 0.328
   median |eta| = 1.549
  rho=0.50067 (3/20)
    fp=0.0004 tp=0.0090  [11.0s]
   median nu  = 0.359
   median |eta| = 1.501
  rho=0.44353 (4/20)
    fp=0.0012 tp=0.0090  [11.2s]
   median nu  = 0.393
   median |eta| = 1.478
  rho=0.39291 (5/20)
    fp=0.0025 tp=0.0270  [11.0s]
   median nu  = 0.425
   median |eta| = 1.45
  rho=0.34806 (6/20)
    fp=0.0050 tp=0.0541  [11.0s]
   median nu  = 0.455
   median |eta| = 1.424
  rho=0.30834 (7/20)
    fp=0.0081 tp=0.0721  [11.0s]
   median nu  = 0.471
   median |eta| = 1.399
  rho=0.27315 (8/20)
    fp=0.0138 tp=0.1171  [11.1s]
   median nu  = 0.497
   median |eta| = 1.364
  rho=0.24197 (9/20)
    fp=0.0198 tp=0.1351  [11.3s]
   median nu  = 0.523
   median |eta| = 1.327
  rho=0.21435 (10/20)
    fp=0.0269 tp=0.1532  [11.2s]
   median nu  = 0.545
   median |eta| = 1.27
  rho=0.18989 (11/20)
    fp=0.0360 tp=0.1982  [11.3s]
   median nu  = 0.559
   median |eta| = 1.246
  rho=0.16822 (12/20)
    fp=0.0490 tp=0.2432  [11.3s]
   median nu  = 0.572
   median |eta| = 1.231
  rho=0.14902 (13/20)
    fp=0.0624 tp=0.2883  [11.3s]
   median nu  = 0.606
   median |eta| = 1.16
  rho=0.13201 (14/20)
    fp=0.0783 tp=0.3153  [11.4s]
   median nu  = 0.634
   median |eta| = 1.074
  rho=0.11694 (15/20)
    fp=0.0909 tp=0.3514  [11.2s]
   median nu  = 0.651
   median |eta| = 1.091
  rho=0.10360 (16/20)
    fp=0.1118 tp=0.3694  [11.3s]
   median nu  = 0.664
   median |eta| = 1.081
  rho=0.09177 (17/20)
    fp=0.1283 tp=0.4054  [10.9s]
   median nu  = 0.664
   median |eta| = 1.081
  rho=0.08130 (18/20)
    fp=0.1434 tp=0.4234  [10.8s]
   median nu  = 0.684
   median |eta| = 1.048
  rho=0.07202 (19/20)
    fp=0.1595 tp=0.4595  [10.8s]
   median nu  = 0.689
   median |eta| = 1.073
  rho=0.06380 (20/20)
    fp=0.1798 tp=0.4775  [11.0s]
   median nu  = 0.692
   median |eta| = 1.062
  rho=0.05652 (21/21)  [extra 1/50]
    fp=0.1980 tp=0.5315  [10.9s]
   median nu  = 0.693
   median |eta| = 1.072
  rho=0.05007 (22/22)  [extra 2/50]
    fp=0.2131 tp=0.5405  [11.0s]
   median nu  = 0.747
   median |eta| = 0.997
  rho=0.04435 (23/23)  [extra 3/50]
    fp=0.2310 tp=0.5586  [11.0s]
   median nu  = 0.776
   median |eta| = 0.921
  rho=0.03929 (24/24)  [extra 4/50]
    fp=0.2467 tp=0.5586  [10.8s]
   median nu  = 0.8
   median |eta| = 0.858
  rho=0.03481 (25/25)  [extra 5/50]
    fp=0.2618 tp=0.5586  [10.8s]
   median nu  = 0.784
   median |eta| = 0.865
  rho=0.03083 (26/26)  [extra 6/50]
    fp=0.2800 tp=0.5766  [10.8s]
   median nu  = 0.852
   median |eta| = 0.727
  rho=0.02731 (27/27)  [extra 7/50]
    fp=0.2908 tp=0.5946  [10.8s]
   median nu  = 0.795
   median |eta| = 0.937
  rho=0.02420 (28/28)  [extra 8/50]
    fp=0.3030 tp=0.6036  [11.5s]
   median nu  = 0.898
   median |eta| = 0.962
  FPR 0.3030 >= fp_end=0.3; stopping after 28 fits
  grid extended by 8 points down to rho=0.02420, ending at FPR 0.3030
  pilot fit of run_em_exact at rho=0.30349
  -> rho_max = max|S_ij| (off-diag) = 0.72369
  rho grid: [0.72369275 0.64109537 0.5679251  0.50310599 0.44568488 0.39481744
 0.34975566 0.30983692 0.27447424 0.24314761 0.2153964  0.19081251
 0.16903447 0.14974202 0.13265148 0.11751155 0.10409958 0.09221836
 0.08169318 0.07236927]
Running run_em_exact over 20 rho values, extending until FPR >= 0.3...
  rho=0.72369 (1/20)
    fp=0.0000 tp=0.0090  [11.1s]
   median nu  = 0.258
   median |eta| = 1.547
  rho=0.64110 (2/20)
    fp=0.0000 tp=0.0090  [11.3s]
   median nu  = 0.293
   median |eta| = 1.552
  rho=0.56793 (3/20)
    fp=0.0004 tp=0.0090  [11.1s]
   median nu  = 0.326
   median |eta| = 1.375
  rho=0.50311 (4/20)
    fp=0.0004 tp=0.0090  [10.9s]
   median nu  = 0.358
   median |eta| = 1.332
  rho=0.44568 (5/20)
    fp=0.0012 tp=0.0090  [10.9s]
   median nu  = 0.392
   median |eta| = 1.328
  rho=0.39482 (6/20)
    fp=0.0025 tp=0.0180  [10.9s]
   median nu  = 0.426
   median |eta| = 1.248
  rho=0.34976 (7/20)
    fp=0.0054 tp=0.0541  [10.8s]
   median nu  = 0.474
   median |eta| = 1.231
  rho=0.30984 (8/20)
    fp=0.0087 tp=0.0721  [10.5s]
   median nu  = 0.528
   median |eta| = 1.255
  rho=0.27447 (9/20)
    fp=0.0159 tp=0.1171  [10.3s]
   median nu  = 0.558
   median |eta| = 1.148
  rho=0.24315 (10/20)
    fp=0.0231 tp=0.1351  [10.3s]
   median nu  = 0.585
   median |eta| = 0.946
  rho=0.21540 (11/20)
    fp=0.0322 tp=0.1712  [10.0s]
   median nu  = 0.642
   median |eta| = 0.895
  rho=0.19081 (12/20)
    fp=0.0453 tp=0.2072  [9.9s]
   median nu  = 0.678
   median |eta| = 0.742
  rho=0.16903 (13/20)
    fp=0.0603 tp=0.2523  [10.1s]
   median nu  = 0.737
   median |eta| = 0.627
  rho=0.14974 (14/20)
    fp=0.0783 tp=0.2973  [9.5s]
   median nu  = 0.81
   median |eta| = 0.525
  rho=0.13265 (15/20)
    fp=0.1017 tp=0.3423  [9.1s]
   median nu  = 0.921
   median |eta| = 0.416
  rho=0.11751 (16/20)
    fp=0.1242 tp=0.3784  [9.7s]
   median nu  = 1.007
   median |eta| = 0.344
  rho=0.10410 (17/20)
    fp=0.1478 tp=0.3964  [9.3s]
   median nu  = 1.085
   median |eta| = 0.265
  rho=0.09222 (18/20)
    fp=0.1690 tp=0.4234  [9.1s]
   median nu  = 1.198
   median |eta| = 0.197
  rho=0.08169 (19/20)
    fp=0.1895 tp=0.4775  [8.9s]
   median nu  = 1.323
   median |eta| = 0.147
  rho=0.07237 (20/20)
    fp=0.2089 tp=0.4955  [8.7s]
   median nu  = 1.439
   median |eta| = 0.117
  rho=0.06411 (21/21)  [extra 1/50]
    fp=0.2306 tp=0.5135  [8.5s]
   median nu  = 1.573
   median |eta| = 0.088
  rho=0.05679 (22/22)  [extra 2/50]
    fp=0.2517 tp=0.5315  [8.4s]
   median nu  = 1.663
   median |eta| = 0.066
  rho=0.05031 (23/23)  [extra 3/50]
    fp=0.2709 tp=0.5586  [8.4s]
   median nu  = 1.783
   median |eta| = 0.051
  rho=0.04457 (24/24)  [extra 4/50]
    fp=0.2841 tp=0.5676  [8.2s]
   median nu  = 1.928
   median |eta| = 0.038
  rho=0.03948 (25/25)  [extra 5/50]
    fp=0.3027 tp=0.5856  [8.2s]
   median nu  = 2.09
   median |eta| = 0.03
  FPR 0.3027 >= fp_end=0.3; stopping after 25 fits
  grid extended by 5 points down to rho=0.03948, ending at FPR 0.3027
  graphical_lasso rho_max = max|S_ij| (off-diag) = 2624.60290
  rho grid: [2624.60290111 2325.04854811 2059.68329486 1824.60502968 1616.35700141
 1431.87698899 1268.4522725  1123.67974343  995.43056776  881.81888214
  781.17406284  692.0161598   613.0341344   543.06658105  481.08464913
  426.17691404  377.53597499  334.44658243  296.27512054  262.46029011]
Running graphical_lasso over 20 rho values, extending until FPR >= 0.3...
  rho=2624.60290 (1/20)
    fp=0.0006 tp=0.0000  [8.2s]
  rho=2325.04855 (2/20)
    fp=0.0008 tp=0.0000  [8.2s]
  rho=2059.68329 (3/20)
    fp=0.0010 tp=0.0000  [8.2s]
  rho=1824.60503 (4/20)
    fp=0.0010 tp=0.0000  [8.2s]
  rho=1616.35700 (5/20)
    fp=0.0010 tp=0.0000  [8.3s]
  rho=1431.87699 (6/20)
    fp=0.0010 tp=0.0000  [8.3s]
  rho=1268.45227 (7/20)
    fp=0.0006 tp=0.0000  [8.4s]
  rho=1123.67974 (8/20)
    fp=0.0006 tp=0.0000  [8.2s]
  rho=995.43057 (9/20)
    fp=0.0006 tp=0.0000  [8.7s]
  rho=881.81888 (10/20)
    fp=0.0012 tp=0.0000  [8.4s]
  rho=781.17406 (11/20)
    fp=0.0019 tp=0.0000  [8.5s]
  rho=692.01616 (12/20)
    fp=0.0019 tp=0.0000  [8.3s]
  rho=613.03413 (13/20)
    fp=0.0019 tp=0.0000  [8.4s]
  rho=543.06658 (14/20)
    fp=0.0021 tp=0.0000  [8.5s]
  rho=481.08465 (15/20)
    fp=0.0023 tp=0.0000  [8.7s]
  rho=426.17691 (16/20)
    fp=0.0023 tp=0.0000  [8.8s]
  rho=377.53597 (17/20)
    fp=0.0023 tp=0.0000  [8.5s]
  rho=334.44658 (18/20)
    fp=0.0023 tp=0.0000  [8.4s]
  rho=296.27512 (19/20)
    fp=0.0023 tp=0.0000  [8.5s]
  rho=262.46029 (20/20)
    fp=0.0023 tp=0.0000  [8.9s]
  rho=232.50485 (21/21)  [extra 1/50]
    fp=0.0025 tp=0.0000  [8.8s]
  rho=205.96833 (22/22)  [extra 2/50]
    fp=0.0025 tp=0.0000  [9.0s]
  rho=182.46050 (23/23)  [extra 3/50]
    fp=0.0029 tp=0.0000  [9.1s]
  rho=161.63570 (24/24)  [extra 4/50]
    fp=0.0037 tp=0.0000  [8.8s]
  rho=143.18770 (25/25)  [extra 5/50]
    fp=0.0043 tp=0.0000  [8.9s]
  rho=126.84523 (26/26)  [extra 6/50]
    fp=0.0043 tp=0.0000  [0.0s]
  rho=112.36797 (27/27)  [extra 7/50]
    fp=0.0056 tp=0.0000  [0.0s]
  rho=99.54306 (28/28)  [extra 8/50]
    fp=0.0066 tp=0.0090  [0.0s]
  rho=88.18189 (29/29)  [extra 9/50]
    fp=0.0081 tp=0.0090  [0.0s]
  rho=78.11741 (30/30)  [extra 10/50]
    fp=0.0099 tp=0.0090  [0.0s]
  rho=69.20162 (31/31)  [extra 11/50]
    fp=0.0114 tp=0.0090  [0.0s]
  rho=61.30341 (32/32)  [extra 12/50]
    fp=0.0136 tp=0.0090  [0.0s]
  rho=54.30666 (33/33)  [extra 13/50]
    fp=0.0157 tp=0.0090  [0.0s]
  rho=48.10846 (34/34)  [extra 14/50]
    fp=0.0167 tp=0.0180  [0.0s]
  rho=42.61769 (35/35)  [extra 15/50]
    fp=0.0186 tp=0.0180  [0.0s]
  rho=37.75360 (36/36)  [extra 16/50]
    fp=0.0205 tp=0.0270  [0.0s]
  rho=33.44466 (37/37)  [extra 17/50]
    fp=0.0221 tp=0.0270  [0.0s]
  rho=29.62751 (38/38)  [extra 18/50]
    fp=0.0246 tp=0.0270  [0.0s]
  rho=26.24603 (39/39)  [extra 19/50]
    fp=0.0265 tp=0.0270  [0.0s]
  rho=23.25049 (40/40)  [extra 20/50]
    fp=0.0287 tp=0.0270  [0.0s]
  rho=20.59683 (41/41)  [extra 21/50]
    fp=0.0298 tp=0.0270  [0.0s]
  rho=18.24605 (42/42)  [extra 22/50]
    fp=0.0318 tp=0.0270  [0.0s]
  rho=16.16357 (43/43)  [extra 23/50]
    fp=0.0337 tp=0.0270  [0.0s]
  rho=14.31877 (44/44)  [extra 24/50]
    fp=0.0347 tp=0.0270  [0.0s]
  rho=12.68452 (45/45)  [extra 25/50]
    fp=0.0353 tp=0.0270  [0.3s]
  rho=11.23680 (46/46)  [extra 26/50]
    fp=0.0366 tp=0.0270  [1.9s]
  rho=9.95431 (47/47)  [extra 27/50]
    fp=0.0376 tp=0.0270  [0.1s]
  rho=8.81819 (48/48)  [extra 28/50]
    fp=0.0395 tp=0.0270  [9.1s]
  rho=7.81174 (49/49)  [extra 29/50]
    fp=0.0420 tp=0.0360  [0.0s]
  rho=6.92016 (50/50)  [extra 30/50]
    fp=0.0438 tp=0.0450  [0.1s]
  rho=6.13034 (51/51)  [extra 31/50]
    fp=0.0473 tp=0.0450  [0.1s]
  rho=5.43067 (52/52)  [extra 32/50]
    fp=0.0510 tp=0.0541  [0.1s]
  rho=4.81085 (53/53)  [extra 33/50]
    fp=0.0558 tp=0.0631  [0.1s]
  rho=4.26177 (54/54)  [extra 34/50]
    fp=0.0593 tp=0.0631  [0.1s]
  rho=3.77536 (55/55)  [extra 35/50]
    fp=0.0641 tp=0.0811  [0.1s]
  rho=3.34447 (56/56)  [extra 36/50]
    fp=0.0682 tp=0.0991  [0.0s]
  rho=2.96275 (57/57)  [extra 37/50]
    fp=0.0723 tp=0.0991  [0.2s]
  rho=2.62460 (58/58)  [extra 38/50]
    fp=0.0777 tp=0.1081  [0.1s]
  rho=2.32505 (59/59)  [extra 39/50]
    fp=0.0839 tp=0.1171  [0.3s]
  rho=2.05968 (60/60)  [extra 40/50]
    fp=0.0944 tp=0.1171  [0.3s]
  rho=1.82461 (61/61)  [extra 41/50]
    fp=0.1056 tp=0.1171  [0.1s]
  rho=1.61636 (62/62)  [extra 42/50]
    fp=0.1157 tp=0.1261  [0.8s]
  rho=1.43188 (63/63)  [extra 43/50]
    fp=0.1250 tp=0.1532  [0.3s]
  rho=1.26845 (64/64)  [extra 44/50]
    fp=0.1376 tp=0.1532  [0.0s]
  rho=1.12368 (65/65)  [extra 45/50]
    fp=0.1521 tp=0.1712  [0.2s]
  rho=0.99543 (66/66)  [extra 46/50]
    fp=0.1680 tp=0.1802  [0.6s]
  rho=0.88182 (67/67)  [extra 47/50]
    fp=0.1833 tp=0.1982  [0.2s]
  rho=0.78117 (68/68)  [extra 48/50]
    fp=0.1974 tp=0.2072  [0.2s]
  rho=0.69202 (69/69)  [extra 49/50]
    fp=0.2108 tp=0.2162  [0.9s]
  rho=0.61303 (70/70)  [extra 50/50]
    fp=0.2277 tp=0.2342  [0.1s]
  [note] 26/70 fits hit a glasso ConvergenceWarning (suppressed)
  [warn] FPR stalled at 0.2277 < fp_end=0.3 after 50 extra fits (cap max_extra=50); the curve stops short of fp_end
  grid extended by 50 points down to rho=0.61303, ending at FPR 0.2277
  [warn] AUC integrates to fp_end=0.3 but the curve stops at FPR 0.2277; TPR held flat above that
  [warn] mean_roc averages out to FPR 0.300 but the shortest replicate only reached 0.050; its TPR is held flat above that
  [warn] mean_roc averages out to FPR 0.300 but the shortest replicate only reached 0.045; its TPR is held flat above that

(p=100, n=50) over 26 replicates
  t+lasso  (run_em_diagonal):    AUC = 0.135 (SE 0.003)
  ~t+lasso (run_em_exact):       AUC = 0.128 (SE 0.003)
  tlasso   (run_tlasso):         AUC = 0.045 (SE 0.002)
  t*lasso  (run_tstar_varlasso): AUC = 0.108 (SE 0.003)
  glasso   (graphical_lasso):    AUC = 0.046 (SE 0.002)
Replicate 27/50
  Theta: 83/4950 edges
  pilot fit of run_tlasso at rho=30.34854
  -> rho_max = max|S_ij| (off-diag) = 2225.98146
  rho grid: [2225.98146161 1971.92305291 1746.86114581 1547.48627654 1370.866701
 1214.40528449 1075.80131163  953.01665505  844.24580542  747.88932196
  662.53031323  586.91360213  519.92726897  460.58630101  408.01810818
  361.44969192  320.19627848  283.65124952  251.27722201  222.59814616]
Running run_tlasso over 20 rho values, extending until FPR >= 0.3...
  rho=2225.98146 (1/20)
    fp=0.0000 tp=0.0000  [0.1s]
   nu  = 3.0000
  rho=1971.92305 (2/20)
    fp=0.0002 tp=0.0000  [0.1s]
   nu  = 3.0000
  rho=1746.86115 (3/20)
    fp=0.0002 tp=0.0000  [0.1s]
   nu  = 3.0000
  rho=1547.48628 (4/20)
    fp=0.0002 tp=0.0000  [0.1s]
   nu  = 3.0000
  rho=1370.86670 (5/20)
    fp=0.0002 tp=0.0000  [0.1s]
   nu  = 3.0000
  rho=1214.40528 (6/20)
    fp=0.0006 tp=0.0000  [0.1s]
   nu  = 3.0000
  rho=1075.80131 (7/20)
    fp=0.0008 tp=0.0000  [0.1s]
   nu  = 3.0000
  rho=953.01666 (8/20)
    fp=0.0008 tp=0.0000  [0.1s]
   nu  = 3.0000
  rho=844.24581 (9/20)
    fp=0.0008 tp=0.0000  [0.1s]
   nu  = 3.0000
  rho=747.88932 (10/20)
    fp=0.0010 tp=0.0000  [0.1s]
   nu  = 3.0000
  rho=662.53031 (11/20)
    fp=0.0010 tp=0.0000  [0.1s]
   nu  = 3.0000
  rho=586.91360 (12/20)
    fp=0.0014 tp=0.0000  [0.1s]
   nu  = 3.0000
  rho=519.92727 (13/20)
    fp=0.0014 tp=0.0000  [0.1s]
   nu  = 3.0000
  rho=460.58630 (14/20)
    fp=0.0018 tp=0.0000  [0.1s]
   nu  = 3.0000
  rho=408.01811 (15/20)
    fp=0.0027 tp=0.0000  [0.1s]
   nu  = 3.0000
  rho=361.44969 (16/20)
    fp=0.0031 tp=0.0000  [0.1s]
   nu  = 3.0000
  rho=320.19628 (17/20)
    fp=0.0033 tp=0.0000  [0.1s]
   nu  = 3.0000
  rho=283.65125 (18/20)
    fp=0.0045 tp=0.0000  [0.1s]
   nu  = 3.0000
  rho=251.27722 (19/20)
    fp=0.0049 tp=0.0000  [0.1s]
   nu  = 3.0000
  rho=222.59815 (20/20)
    fp=0.0062 tp=0.0000  [0.1s]
   nu  = 3.0000
  rho=197.19231 (21/21)  [extra 1/50]
    fp=0.0070 tp=0.0120  [0.1s]
   nu  = 3.0000
  rho=174.68611 (22/22)  [extra 2/50]
    fp=0.0086 tp=0.0120  [0.1s]
   nu  = 3.0000
  rho=154.74863 (23/23)  [extra 3/50]
    fp=0.0107 tp=0.0120  [0.1s]
   nu  = 3.0000
  rho=137.08667 (24/24)  [extra 4/50]
    fp=0.0115 tp=0.0120  [0.1s]
   nu  = 3.0000
  rho=121.44053 (25/25)  [extra 5/50]
    fp=0.0127 tp=0.0120  [0.1s]
   nu  = 3.0000
  rho=107.58013 (26/26)  [extra 6/50]
    fp=0.0154 tp=0.0120  [0.1s]
   nu  = 3.0000
  rho=95.30167 (27/27)  [extra 7/50]
    fp=0.0189 tp=0.0241  [0.1s]
   nu  = 3.0000
  rho=84.42458 (28/28)  [extra 8/50]
    fp=0.0228 tp=0.0361  [0.1s]
   nu  = 3.0000
  rho=74.78893 (29/29)  [extra 9/50]
    fp=0.0271 tp=0.0361  [0.1s]
   nu  = 3.0000
  rho=66.25303 (30/30)  [extra 10/50]
    fp=0.0323 tp=0.0361  [0.1s]
   nu  = 3.0000
  rho=58.69136 (31/31)  [extra 11/50]
    fp=0.0370 tp=0.0361  [0.1s]
   nu  = 3.0000
  rho=51.99273 (32/32)  [extra 12/50]
    fp=0.0421 tp=0.0361  [0.1s]
   nu  = 3.0000
  rho=46.05863 (33/33)  [extra 13/50]
    fp=0.0485 tp=0.0361  [0.1s]
   nu  = 3.0000
  rho=40.80181 (34/34)  [extra 14/50]
    fp=0.0551 tp=0.0361  [0.1s]
   nu  = 3.0000
  rho=36.14497 (35/35)  [extra 15/50]
    fp=0.0651 tp=0.0482  [0.1s]
   nu  = 3.0000
  rho=32.01963 (36/36)  [extra 16/50]
    fp=0.0725 tp=0.0723  [0.2s]
   nu  = 3.0000
  rho=28.36512 (37/37)  [extra 17/50]
    fp=0.0820 tp=0.0964  [0.1s]
   nu  = 3.0000
  rho=25.12772 (38/38)  [extra 18/50]
    fp=0.0953 tp=0.1205  [0.2s]
   nu  = 3.0000
  rho=22.25981 (39/39)  [extra 19/50]
    fp=0.1103 tp=0.1325  [0.2s]
   nu  = 3.0000
  rho=19.71923 (40/40)  [extra 20/50]
    fp=0.1202 tp=0.1325  [0.2s]
   nu  = 3.0000
  rho=17.46861 (41/41)  [extra 21/50]
    fp=0.1305 tp=0.1325  [0.2s]
   nu  = 3.0000
  rho=15.47486 (42/42)  [extra 22/50]
    fp=0.1451 tp=0.1446  [0.3s]
   nu  = 3.0000
  rho=13.70867 (43/43)  [extra 23/50]
    fp=0.1611 tp=0.1566  [0.2s]
   nu  = 3.0000
  rho=12.14405 (44/44)  [extra 24/50]
    fp=0.1765 tp=0.1687  [0.3s]
   nu  = 3.0000
  rho=10.75801 (45/45)  [extra 25/50]
    fp=0.1944 tp=0.2169  [0.3s]
   nu  = 3.0000
  rho=9.53017 (46/46)  [extra 26/50]
    fp=0.2145 tp=0.2410  [0.4s]
   nu  = 3.0000
  rho=8.44246 (47/47)  [extra 27/50]
    fp=0.2338 tp=0.2771  [0.4s]
   nu  = 3.0000
  rho=7.47889 (48/48)  [extra 28/50]
    fp=0.2519 tp=0.3373  [0.4s]
   nu  = 3.0000
  rho=6.62530 (49/49)  [extra 29/50]
    fp=0.2716 tp=0.3494  [0.5s]
   nu  = 3.0000
  rho=5.86914 (50/50)  [extra 30/50]
    fp=0.2879 tp=0.3614  [0.4s]
   nu  = 3.0000
  rho=5.19927 (51/51)  [extra 31/50]
    fp=0.3055 tp=0.4217  [0.4s]
   nu  = 3.0000
  FPR 0.3055 >= fp_end=0.3; stopping after 51 fits
  grid extended by 31 points down to rho=5.19927, ending at FPR 0.3055
  pilot fit of run_tstar_varlasso at rho=0.30349
  -> rho_max = max|S_ij| (off-diag) = 0.98585
  rho grid: [0.98585444 0.87333571 0.7736591  0.6853589  0.60713669 0.53784223
 0.47645657 0.42207706 0.37390405 0.33122918 0.29342493 0.2599354
 0.23026814 0.2039869  0.18070522 0.16008075 0.14181022 0.12562497
 0.11128698 0.09858544]
Running run_tstar_varlasso over 20 rho values, extending until FPR >= 0.3...
  rho=0.98585 (1/20)
    fp=0.0002 tp=0.0120  [0.2s]
   nu  = 3.0000
  rho=0.87334 (2/20)
    fp=0.0008 tp=0.0241  [0.1s]
   nu  = 3.0000
  rho=0.77366 (3/20)
    fp=0.0018 tp=0.0241  [0.1s]
   nu  = 3.0000
  rho=0.68536 (4/20)
    fp=0.0027 tp=0.0361  [0.1s]
   nu  = 3.0000
  rho=0.60714 (5/20)
    fp=0.0045 tp=0.0361  [0.1s]
   nu  = 3.0000
  rho=0.53784 (6/20)
    fp=0.0070 tp=0.0482  [0.1s]
   nu  = 3.0000
  rho=0.47646 (7/20)
    fp=0.0119 tp=0.0843  [0.1s]
   nu  = 3.0000
  rho=0.42208 (8/20)
    fp=0.0173 tp=0.0843  [0.1s]
   nu  = 3.0000
  rho=0.37390 (9/20)
    fp=0.0249 tp=0.1807  [0.1s]
   nu  = 3.0000
  rho=0.33123 (10/20)
    fp=0.0368 tp=0.2410  [0.1s]
   nu  = 3.0000
  rho=0.29342 (11/20)
    fp=0.0518 tp=0.2892  [0.1s]
   nu  = 3.0000
  rho=0.25994 (12/20)
    fp=0.0662 tp=0.3133  [0.1s]
   nu  = 3.0000
  rho=0.23027 (13/20)
    fp=0.0822 tp=0.3373  [0.1s]
   nu  = 3.0000
  rho=0.20399 (14/20)
    fp=0.1056 tp=0.3855  [0.2s]
   nu  = 3.0000
  rho=0.18071 (15/20)
    fp=0.1255 tp=0.4337  [0.2s]
   nu  = 3.0000
  rho=0.16008 (16/20)
    fp=0.1490 tp=0.4819  [0.2s]
   nu  = 3.0000
  rho=0.14181 (17/20)
    fp=0.1728 tp=0.5181  [0.2s]
   nu  = 3.0000
  rho=0.12562 (18/20)
    fp=0.2014 tp=0.5542  [0.2s]
   nu  = 3.0000
  rho=0.11129 (19/20)
    fp=0.2283 tp=0.5904  [0.2s]
   nu  = 3.0000
  rho=0.09859 (20/20)
    fp=0.2550 tp=0.6265  [0.2s]
   nu  = 3.0000
  rho=0.08733 (21/21)  [extra 1/50]
    fp=0.2764 tp=0.6506  [0.2s]
   nu  = 3.0000
  rho=0.07737 (22/22)  [extra 2/50]
    fp=0.3006 tp=0.6506  [0.2s]
   nu  = 3.0000
  FPR 0.3006 >= fp_end=0.3; stopping after 22 fits
  grid extended by 2 points down to rho=0.07737, ending at FPR 0.3006
  pilot fit of run_em_diagonal at rho=0.30349
  -> rho_max = max|S_ij| (off-diag) = 0.58391
  rho grid: [0.58390694 0.51726377 0.45822679 0.4059279  0.35959804 0.31855597
 0.28219815 0.24998997 0.22145781 0.19618212 0.17379123 0.15395588
 0.1363844  0.12081841 0.10702902 0.09481345 0.08399209 0.0744058
 0.06591363 0.05839069]
Running run_em_diagonal over 20 rho values, extending until FPR >= 0.3...
  rho=0.58391 (1/20)
    fp=0.0000 tp=0.0482  [11.1s]
   median nu  = 0.29
   median |eta| = 1.912
  rho=0.51726 (2/20)
    fp=0.0000 tp=0.0482  [10.9s]
   median nu  = 0.324
   median |eta| = 1.872
  rho=0.45823 (3/20)
    fp=0.0006 tp=0.0602  [10.8s]
   median nu  = 0.359
   median |eta| = 1.827
  rho=0.40593 (4/20)
    fp=0.0016 tp=0.0964  [10.8s]
   median nu  = 0.391
   median |eta| = 1.835
  rho=0.35960 (5/20)
    fp=0.0060 tp=0.1205  [10.7s]
   median nu  = 0.416
   median |eta| = 1.854
  rho=0.31856 (6/20)
    fp=0.0095 tp=0.1325  [10.7s]
   median nu  = 0.439
   median |eta| = 1.802
  rho=0.28220 (7/20)
    fp=0.0127 tp=0.1566  [10.7s]
   median nu  = 0.452
   median |eta| = 1.727
  rho=0.24999 (8/20)
    fp=0.0181 tp=0.2169  [10.9s]
   median nu  = 0.465
   median |eta| = 1.668
  rho=0.22146 (9/20)
    fp=0.0247 tp=0.2530  [11.0s]
   median nu  = 0.481
   median |eta| = 1.559
  rho=0.19618 (10/20)
    fp=0.0362 tp=0.3012  [11.1s]
   median nu  = 0.502
   median |eta| = 1.346
  rho=0.17379 (11/20)
    fp=0.0512 tp=0.3373  [11.7s]
   median nu  = 0.522
   median |eta| = 1.318
  rho=0.15396 (12/20)
    fp=0.0653 tp=0.3855  [11.2s]
   median nu  = 0.535
   median |eta| = 1.302
  rho=0.13638 (13/20)
    fp=0.0840 tp=0.4096  [11.3s]
   median nu  = 0.54
   median |eta| = 1.26
  rho=0.12082 (14/20)
    fp=0.0970 tp=0.4337  [11.6s]
   median nu  = 0.546
   median |eta| = 1.141
  rho=0.10703 (15/20)
    fp=0.1126 tp=0.4458  [11.1s]
   median nu  = 0.562
   median |eta| = 1.099
  rho=0.09481 (16/20)
    fp=0.1313 tp=0.5060  [10.9s]
   median nu  = 0.587
   median |eta| = 1.054
  rho=0.08399 (17/20)
    fp=0.1494 tp=0.5060  [10.8s]
   median nu  = 0.617
   median |eta| = 1.059
  rho=0.07441 (18/20)
    fp=0.1664 tp=0.5663  [10.7s]
   median nu  = 0.638
   median |eta| = 1.036
  rho=0.06591 (19/20)
    fp=0.1835 tp=0.5904  [10.6s]
   median nu  = 0.661
   median |eta| = 1.022
  rho=0.05839 (20/20)
    fp=0.2001 tp=0.6024  [10.5s]
   median nu  = 0.695
   median |eta| = 1.021
  rho=0.05173 (21/21)  [extra 1/50]
    fp=0.2176 tp=0.6024  [10.8s]
   median nu  = 0.724
   median |eta| = 0.969
  rho=0.04582 (22/22)  [extra 2/50]
    fp=0.2334 tp=0.6145  [10.8s]
   median nu  = 0.761
   median |eta| = 1.018
  rho=0.04059 (23/23)  [extra 3/50]
    fp=0.2492 tp=0.6265  [10.4s]
   median nu  = 0.802
   median |eta| = 1.004
  rho=0.03596 (24/24)  [extra 4/50]
    fp=0.2679 tp=0.6506  [10.2s]
   median nu  = 0.824
   median |eta| = 0.989
  rho=0.03186 (25/25)  [extra 5/50]
    fp=0.2840 tp=0.6747  [10.4s]
   median nu  = 0.834
   median |eta| = 0.994
  rho=0.02822 (26/26)  [extra 6/50]
    fp=0.2950 tp=0.6867  [10.1s]
   median nu  = 0.819
   median |eta| = 1.077
  rho=0.02500 (27/27)  [extra 7/50]
    fp=0.3051 tp=0.6867  [10.2s]
   median nu  = 0.882
   median |eta| = 1.101
  FPR 0.3051 >= fp_end=0.3; stopping after 27 fits
  grid extended by 7 points down to rho=0.02500, ending at FPR 0.3051
  pilot fit of run_em_exact at rho=0.30349
  -> rho_max = max|S_ij| (off-diag) = 0.63087
  rho grid: [0.63087135 0.55886798 0.49508258 0.43857722 0.38852099 0.34417785
 0.30489572 0.270097   0.23926996 0.21196131 0.18776949 0.16633875
 0.14735398 0.13053599 0.1156375  0.10243942 0.09074768 0.08039036
 0.07121515 0.06308714]
Running run_em_exact over 20 rho values, extending until FPR >= 0.3...
  rho=0.63087 (1/20)
    fp=0.0000 tp=0.0361  [10.7s]
   median nu  = 0.267
   median |eta| = 1.985
  rho=0.55887 (2/20)
    fp=0.0000 tp=0.0482  [10.5s]
   median nu  = 0.302
   median |eta| = 1.808
  rho=0.49508 (3/20)
    fp=0.0002 tp=0.0482  [10.4s]
   median nu  = 0.336
   median |eta| = 1.867
  rho=0.43858 (4/20)
    fp=0.0012 tp=0.0843  [10.5s]
   median nu  = 0.371
   median |eta| = 1.782
  rho=0.38852 (5/20)
    fp=0.0025 tp=0.0964  [10.5s]
   median nu  = 0.403
   median |eta| = 1.697
  rho=0.34418 (6/20)
    fp=0.0076 tp=0.1325  [10.5s]
   median nu  = 0.433
   median |eta| = 1.561
  rho=0.30490 (7/20)
    fp=0.0111 tp=0.1446  [10.5s]
   median nu  = 0.46
   median |eta| = 1.327
  rho=0.27010 (8/20)
    fp=0.0160 tp=0.1566  [10.4s]
   median nu  = 0.483
   median |eta| = 1.153
  rho=0.23927 (9/20)
    fp=0.0240 tp=0.2169  [10.2s]
   median nu  = 0.516
   median |eta| = 1.037
  rho=0.21196 (10/20)
    fp=0.0378 tp=0.2651  [10.0s]
   median nu  = 0.573
   median |eta| = 0.909
  rho=0.18777 (11/20)
    fp=0.0534 tp=0.3373  [9.7s]
   median nu  = 0.655
   median |eta| = 0.772
  rho=0.16634 (12/20)
    fp=0.0717 tp=0.3855  [9.4s]
   median nu  = 0.721
   median |eta| = 0.598
  rho=0.14735 (13/20)
    fp=0.0935 tp=0.4096  [9.1s]
   median nu  = 0.785
   median |eta| = 0.486
  rho=0.13054 (14/20)
    fp=0.1183 tp=0.4458  [9.1s]
   median nu  = 0.877
   median |eta| = 0.389
  rho=0.11564 (15/20)
    fp=0.1370 tp=0.4940  [9.5s]
   median nu  = 0.956
   median |eta| = 0.306
  rho=0.10244 (16/20)
    fp=0.1586 tp=0.5181  [9.3s]
   median nu  = 1.056
   median |eta| = 0.219
  rho=0.09075 (17/20)
    fp=0.1835 tp=0.5542  [8.9s]
   median nu  = 1.18
   median |eta| = 0.174
  rho=0.08039 (18/20)
    fp=0.2067 tp=0.5783  [8.6s]
   median nu  = 1.309
   median |eta| = 0.136
  rho=0.07122 (19/20)
    fp=0.2252 tp=0.5904  [8.2s]
   median nu  = 1.427
   median |eta| = 0.101
  rho=0.06309 (20/20)
    fp=0.2457 tp=0.6145  [8.2s]
   median nu  = 1.558
   median |eta| = 0.079
  rho=0.05589 (21/21)  [extra 1/50]
    fp=0.2622 tp=0.6747  [7.8s]
   median nu  = 1.688
   median |eta| = 0.057
  rho=0.04951 (22/22)  [extra 2/50]
    fp=0.2809 tp=0.6747  [8.1s]
   median nu  = 1.801
   median |eta| = 0.041
  rho=0.04386 (23/23)  [extra 3/50]
    fp=0.2924 tp=0.6747  [7.7s]
   median nu  = 1.969
   median |eta| = 0.029
  rho=0.03885 (24/24)  [extra 4/50]
    fp=0.3084 tp=0.6747  [7.2s]
   median nu  = 2.149
   median |eta| = 0.021
  FPR 0.3084 >= fp_end=0.3; stopping after 24 fits
  grid extended by 4 points down to rho=0.03885, ending at FPR 0.3084
  graphical_lasso rho_max = max|S_ij| (off-diag) = 130.24445
  rho grid: [130.24445452 115.37923689 102.21063427  90.54500652  80.21081432
  71.05609664  62.94623627  55.76198029  49.39768651  43.75977
  38.765327    34.34091581  30.42147687  26.94937607  23.87355728
  21.14879157  18.73501211  16.59672504  14.70248754  13.02444545]
Running graphical_lasso over 20 rho values, extending until FPR >= 0.3...
  rho=130.24445 (1/20)
    fp=0.0000 tp=0.0000  [0.0s]
  rho=115.37924 (2/20)
    fp=0.0002 tp=0.0000  [0.0s]
  rho=102.21063 (3/20)
    fp=0.0002 tp=0.0000  [0.0s]
  rho=90.54501 (4/20)
    fp=0.0002 tp=0.0000  [0.0s]
  rho=80.21081 (5/20)
    fp=0.0002 tp=0.0000  [8.7s]
  rho=71.05610 (6/20)
    fp=0.0006 tp=0.0000  [9.0s]
  rho=62.94624 (7/20)
    fp=0.0008 tp=0.0000  [0.0s]
  rho=55.76198 (8/20)
    fp=0.0008 tp=0.0000  [0.0s]
  rho=49.39769 (9/20)
    fp=0.0008 tp=0.0000  [9.1s]
  rho=43.75977 (10/20)
    fp=0.0010 tp=0.0000  [0.0s]
  rho=38.76533 (11/20)
    fp=0.0010 tp=0.0000  [0.0s]
  rho=34.34092 (12/20)
    fp=0.0014 tp=0.0000  [0.0s]
  rho=30.42148 (13/20)
    fp=0.0018 tp=0.0000  [0.0s]
  rho=26.94938 (14/20)
    fp=0.0025 tp=0.0000  [0.0s]
  rho=23.87356 (15/20)
    fp=0.0033 tp=0.0000  [9.1s]
  rho=21.14879 (16/20)
    fp=0.0035 tp=0.0000  [0.0s]
  rho=18.73501 (17/20)
    fp=0.0037 tp=0.0000  [8.8s]
  rho=16.59673 (18/20)
    fp=0.0051 tp=0.0000  [0.0s]
  rho=14.70249 (19/20)
    fp=0.0058 tp=0.0000  [0.1s]
  rho=13.02445 (20/20)
    fp=0.0070 tp=0.0000  [0.0s]
  rho=11.53792 (21/21)  [extra 1/50]
    fp=0.0088 tp=0.0000  [0.0s]
  rho=10.22106 (22/22)  [extra 2/50]
    fp=0.0101 tp=0.0120  [0.2s]
  rho=9.05450 (23/23)  [extra 3/50]
    fp=0.0109 tp=0.0120  [0.1s]
  rho=8.02108 (24/24)  [extra 4/50]
    fp=0.0121 tp=0.0120  [0.8s]
  rho=7.10561 (25/25)  [extra 5/50]
    fp=0.0162 tp=0.0120  [0.2s]
  rho=6.29462 (26/26)  [extra 6/50]
    fp=0.0189 tp=0.0241  [0.8s]
  rho=5.57620 (27/27)  [extra 7/50]
    fp=0.0220 tp=0.0241  [0.3s]
  rho=4.93977 (28/28)  [extra 8/50]
    fp=0.0261 tp=0.0361  [0.0s]
  rho=4.37598 (29/29)  [extra 9/50]
    fp=0.0314 tp=0.0361  [0.3s]
  rho=3.87653 (30/30)  [extra 10/50]
    fp=0.0388 tp=0.0361  [0.2s]
  rho=3.43409 (31/31)  [extra 11/50]
    fp=0.0460 tp=0.0361  [0.3s]
  rho=3.04215 (32/32)  [extra 12/50]
    fp=0.0532 tp=0.0361  [0.4s]
  rho=2.69494 (33/33)  [extra 13/50]
    fp=0.0602 tp=0.0482  [0.8s]
  rho=2.38736 (34/34)  [extra 14/50]
    fp=0.0705 tp=0.0843  [0.7s]
  rho=2.11488 (35/35)  [extra 15/50]
    fp=0.0822 tp=0.0964  [0.9s]
  rho=1.87350 (36/36)  [extra 16/50]
    fp=0.0949 tp=0.1084  [0.7s]
  rho=1.65967 (37/37)  [extra 17/50]
    fp=0.1081 tp=0.1325  [0.4s]
  rho=1.47025 (38/38)  [extra 18/50]
    fp=0.1206 tp=0.1325  [0.3s]
  rho=1.30244 (39/39)  [extra 19/50]
    fp=0.1327 tp=0.1325  [1.0s]
  rho=1.15379 (40/40)  [extra 20/50]
    fp=0.1465 tp=0.1205  [0.3s]
  rho=1.02211 (41/41)  [extra 21/50]
    fp=0.1625 tp=0.1325  [1.8s]
  rho=0.90545 (42/42)  [extra 22/50]
    fp=0.1777 tp=0.1807  [0.0s]
  rho=0.80211 (43/43)  [extra 23/50]
    fp=0.1989 tp=0.2169  [0.0s]
  rho=0.71056 (44/44)  [extra 24/50]
    fp=0.2207 tp=0.2771  [0.2s]
  rho=0.62946 (45/45)  [extra 25/50]
    fp=0.2388 tp=0.3133  [1.1s]
  rho=0.55762 (46/46)  [extra 26/50]
    fp=0.2597 tp=0.3494  [0.6s]
  rho=0.49398 (47/47)  [extra 27/50]
    fp=0.2780 tp=0.3735  [0.8s]
  rho=0.43760 (48/48)  [extra 28/50]
    fp=0.2971 tp=0.3976  [0.1s]
  rho=0.38765 (49/49)  [extra 29/50]
    fp=0.3187 tp=0.4699  [0.4s]
  FPR 0.3187 >= fp_end=0.3; stopping after 49 fits
  [note] 5/49 fits hit a glasso ConvergenceWarning (suppressed)
  grid extended by 29 points down to rho=0.38765, ending at FPR 0.3187
  [warn] mean_roc averages out to FPR 0.300 but the shortest replicate only reached 0.050; its TPR is held flat above that
  [warn] mean_roc averages out to FPR 0.300 but the shortest replicate only reached 0.045; its TPR is held flat above that

(p=100, n=50) over 27 replicates
  t+lasso  (run_em_diagonal):    AUC = 0.135 (SE 0.003)
  ~t+lasso (run_em_exact):       AUC = 0.129 (SE 0.003)
  tlasso   (run_tlasso):         AUC = 0.046 (SE 0.002)
  t*lasso  (run_tstar_varlasso): AUC = 0.109 (SE 0.003)
  glasso   (graphical_lasso):    AUC = 0.046 (SE 0.002)
Replicate 28/50
  Theta: 96/4950 edges
  pilot fit of run_tlasso at rho=30.34854
  -> rho_max = max|S_ij| (off-diag) = 1809.67500
  rho grid: [1809.67499874 1603.13098282 1420.16049836 1258.07302255 1114.48511059
  987.28534788  874.60330234  774.78202033  686.35366161  608.0179153
  538.62287914  477.14812118  422.68967466  374.44674543  331.70993656
  293.85081684  260.31267998  230.60235831  204.28297102  180.96749987]
Running run_tlasso over 20 rho values, extending until FPR >= 0.3...
  rho=1809.67500 (1/20)
    fp=0.0002 tp=0.0000  [0.1s]
   nu  = 3.0000
  rho=1603.13098 (2/20)
    fp=0.0002 tp=0.0000  [0.1s]
   nu  = 3.0000
  rho=1420.16050 (3/20)
    fp=0.0002 tp=0.0000  [0.1s]
   nu  = 3.0000
  rho=1258.07302 (4/20)
    fp=0.0002 tp=0.0000  [0.1s]
   nu  = 3.0000
  rho=1114.48511 (5/20)
    fp=0.0002 tp=0.0000  [0.1s]
   nu  = 3.0000
  rho=987.28535 (6/20)
    fp=0.0004 tp=0.0104  [0.1s]
   nu  = 3.0000
  rho=874.60330 (7/20)
    fp=0.0004 tp=0.0104  [0.1s]
   nu  = 3.0000
  rho=774.78202 (8/20)
    fp=0.0004 tp=0.0104  [0.1s]
   nu  = 3.0000
  rho=686.35366 (9/20)
    fp=0.0004 tp=0.0104  [0.1s]
   nu  = 3.0000
  rho=608.01792 (10/20)
    fp=0.0006 tp=0.0104  [0.1s]
   nu  = 3.0000
  rho=538.62288 (11/20)
    fp=0.0010 tp=0.0104  [0.1s]
   nu  = 3.0000
  rho=477.14812 (12/20)
    fp=0.0021 tp=0.0104  [0.1s]
   nu  = 3.0000
  rho=422.68967 (13/20)
    fp=0.0021 tp=0.0104  [0.1s]
   nu  = 3.0000
  rho=374.44675 (14/20)
    fp=0.0027 tp=0.0104  [0.1s]
   nu  = 3.0000
  rho=331.70994 (15/20)
    fp=0.0029 tp=0.0104  [0.1s]
   nu  = 3.0000
  rho=293.85082 (16/20)
    fp=0.0035 tp=0.0104  [0.1s]
   nu  = 3.0000
  rho=260.31268 (17/20)
    fp=0.0043 tp=0.0104  [0.1s]
   nu  = 3.0000
  rho=230.60236 (18/20)
    fp=0.0047 tp=0.0104  [0.1s]
   nu  = 3.0000
  rho=204.28297 (19/20)
    fp=0.0066 tp=0.0104  [0.2s]
   nu  = 3.0000
  rho=180.96750 (20/20)
    fp=0.0076 tp=0.0104  [0.1s]
   nu  = 3.0000
  rho=160.31310 (21/21)  [extra 1/50]
    fp=0.0091 tp=0.0208  [0.1s]
   nu  = 3.0000
  rho=142.01605 (22/22)  [extra 2/50]
    fp=0.0119 tp=0.0208  [0.1s]
   nu  = 3.0000
  rho=125.80730 (23/23)  [extra 3/50]
    fp=0.0144 tp=0.0208  [0.1s]
   nu  = 3.0000
  rho=111.44851 (24/24)  [extra 4/50]
    fp=0.0165 tp=0.0208  [0.1s]
   nu  = 3.0000
  rho=98.72853 (25/25)  [extra 5/50]
    fp=0.0198 tp=0.0208  [0.1s]
   nu  = 3.0000
  rho=87.46033 (26/26)  [extra 6/50]
    fp=0.0229 tp=0.0312  [0.1s]
   nu  = 3.0000
  rho=77.47820 (27/27)  [extra 7/50]
    fp=0.0284 tp=0.0312  [0.1s]
   nu  = 3.0000
  rho=68.63537 (28/28)  [extra 8/50]
    fp=0.0323 tp=0.0312  [0.1s]
   nu  = 3.0000
  rho=60.80179 (29/29)  [extra 9/50]
    fp=0.0371 tp=0.0417  [0.1s]
   nu  = 3.0000
  rho=53.86229 (30/30)  [extra 10/50]
    fp=0.0439 tp=0.0417  [0.1s]
   nu  = 3.0000
  rho=47.71481 (31/31)  [extra 11/50]
    fp=0.0490 tp=0.0625  [0.1s]
   nu  = 3.0000
  rho=42.26897 (32/32)  [extra 12/50]
    fp=0.0536 tp=0.0625  [0.1s]
   nu  = 3.0000
  rho=37.44467 (33/33)  [extra 13/50]
    fp=0.0616 tp=0.0729  [0.2s]
   nu  = 3.0000
  rho=33.17099 (34/34)  [extra 14/50]
    fp=0.0674 tp=0.0938  [0.2s]
   nu  = 3.0000
  rho=29.38508 (35/35)  [extra 15/50]
    fp=0.0750 tp=0.0938  [0.2s]
   nu  = 3.0000
  rho=26.03127 (36/36)  [extra 16/50]
    fp=0.0818 tp=0.0938  [0.1s]
   nu  = 3.0000
  rho=23.06024 (37/37)  [extra 17/50]
    fp=0.0892 tp=0.0938  [0.1s]
   nu  = 3.0000
  rho=20.42830 (38/38)  [extra 18/50]
    fp=0.0985 tp=0.0938  [0.2s]
   nu  = 3.0000
  rho=18.09675 (39/39)  [extra 19/50]
    fp=0.1080 tp=0.0938  [0.1s]
   nu  = 3.0000
  rho=16.03131 (40/40)  [extra 20/50]
    fp=0.1170 tp=0.1042  [0.1s]
   nu  = 3.0000
  rho=14.20160 (41/41)  [extra 21/50]
    fp=0.1292 tp=0.1146  [0.1s]
   nu  = 3.0000
  rho=12.58073 (42/42)  [extra 22/50]
    fp=0.1401 tp=0.1146  [0.2s]
   nu  = 3.0000
  rho=11.14485 (43/43)  [extra 23/50]
    fp=0.1510 tp=0.1250  [0.2s]
   nu  = 3.0000
  rho=9.87285 (44/44)  [extra 24/50]
    fp=0.1675 tp=0.1250  [0.2s]
   nu  = 3.0000
  rho=8.74603 (45/45)  [extra 25/50]
    fp=0.1807 tp=0.1562  [0.2s]
   nu  = 3.0000
  rho=7.74782 (46/46)  [extra 26/50]
    fp=0.1959 tp=0.2188  [0.2s]
   nu  = 3.0000
  rho=6.86354 (47/47)  [extra 27/50]
    fp=0.2169 tp=0.2396  [0.3s]
   nu  = 3.0000
  rho=6.08018 (48/48)  [extra 28/50]
    fp=0.2369 tp=0.2917  [0.3s]
   nu  = 3.0000
  rho=5.38623 (49/49)  [extra 29/50]
    fp=0.2544 tp=0.3021  [0.3s]
   nu  = 3.0000
  rho=4.77148 (50/50)  [extra 30/50]
    fp=0.2808 tp=0.3438  [0.3s]
   nu  = 3.0000
  rho=4.22690 (51/51)  [extra 31/50]
    fp=0.3014 tp=0.3646  [0.5s]
   nu  = 3.0000
  FPR 0.3014 >= fp_end=0.3; stopping after 51 fits
  grid extended by 31 points down to rho=4.22690, ending at FPR 0.3014
  pilot fit of run_tstar_varlasso at rho=0.30349
  -> rho_max = max|S_ij| (off-diag) = 0.86044
  rho grid: [0.86044218 0.76223715 0.67524058 0.5981732  0.52990178 0.46942239
 0.4158457  0.3683839  0.32633906 0.28909294 0.25609783 0.22686856
 0.20097533 0.17803737 0.15771739 0.1397166  0.1237703  0.10964399
 0.09712997 0.08604422]
Running run_tstar_varlasso over 20 rho values, extending until FPR >= 0.3...
  rho=0.86044 (1/20)
    fp=0.0016 tp=0.0000  [0.2s]
   nu  = 3.0000
  rho=0.76224 (2/20)
    fp=0.0029 tp=0.0104  [0.1s]
   nu  = 3.0000
  rho=0.67524 (3/20)
    fp=0.0052 tp=0.0104  [0.1s]
   nu  = 3.0000
  rho=0.59817 (4/20)
    fp=0.0078 tp=0.0104  [0.1s]
   nu  = 3.0000
  rho=0.52990 (5/20)
    fp=0.0111 tp=0.0208  [0.1s]
   nu  = 3.0000
  rho=0.46942 (6/20)
    fp=0.0150 tp=0.0729  [0.1s]
   nu  = 3.0000
  rho=0.41585 (7/20)
    fp=0.0229 tp=0.1042  [0.1s]
   nu  = 3.0000
  rho=0.36838 (8/20)
    fp=0.0315 tp=0.1250  [0.1s]
   nu  = 3.0000
  rho=0.32634 (9/20)
    fp=0.0435 tp=0.1875  [0.1s]
   nu  = 3.0000
  rho=0.28909 (10/20)
    fp=0.0560 tp=0.2083  [0.1s]
   nu  = 3.0000
  rho=0.25610 (11/20)
    fp=0.0709 tp=0.2396  [0.1s]
   nu  = 3.0000
  rho=0.22687 (12/20)
    fp=0.0911 tp=0.2917  [0.1s]
   nu  = 3.0000
  rho=0.20098 (13/20)
    fp=0.1152 tp=0.3229  [0.1s]
   nu  = 3.0000
  rho=0.17804 (14/20)
    fp=0.1378 tp=0.3333  [0.1s]
   nu  = 3.0000
  rho=0.15772 (15/20)
    fp=0.1603 tp=0.3438  [0.2s]
   nu  = 3.0000
  rho=0.13972 (16/20)
    fp=0.1805 tp=0.4062  [0.2s]
   nu  = 3.0000
  rho=0.12377 (17/20)
    fp=0.2035 tp=0.4167  [0.2s]
   nu  = 3.0000
  rho=0.10964 (18/20)
    fp=0.2297 tp=0.4688  [0.1s]
   nu  = 3.0000
  rho=0.09713 (19/20)
    fp=0.2592 tp=0.5312  [0.2s]
   nu  = 3.0000
  rho=0.08604 (20/20)
    fp=0.2857 tp=0.5625  [0.2s]
   nu  = 3.0000
  rho=0.07622 (21/21)  [extra 1/50]
    fp=0.3121 tp=0.5729  [0.3s]
   nu  = 3.0000
  FPR 0.3121 >= fp_end=0.3; stopping after 21 fits
  grid extended by 1 points down to rho=0.07622, ending at FPR 0.3121
  pilot fit of run_em_diagonal at rho=0.30349
  -> rho_max = max|S_ij| (off-diag) = 0.57663
  rho grid: [0.57663036 0.51081769 0.45251642 0.40086927 0.35511677 0.31458616
 0.27868143 0.24687462 0.21869803 0.19373732 0.17162546 0.1520373
 0.13468479 0.11931278 0.10569523 0.0936319  0.08294539 0.07347856
 0.06509222 0.05766304]
Running run_em_diagonal over 20 rho values, extending until FPR >= 0.3...
  rho=0.57663 (1/20)
    fp=0.0000 tp=0.0312  [11.2s]
   median nu  = 0.346
   median |eta| = 1.957
  rho=0.51082 (2/20)
    fp=0.0004 tp=0.0417  [11.4s]
   median nu  = 0.369
   median |eta| = 1.912
  rho=0.45252 (3/20)
    fp=0.0006 tp=0.0521  [11.0s]
   median nu  = 0.39
   median |eta| = 1.914
  rho=0.40087 (4/20)
    fp=0.0016 tp=0.0833  [11.1s]
   median nu  = 0.41
   median |eta| = 1.934
  rho=0.35512 (5/20)
    fp=0.0047 tp=0.1042  [11.0s]
   median nu  = 0.428
   median |eta| = 1.873
  rho=0.31459 (6/20)
    fp=0.0089 tp=0.1458  [11.1s]
   median nu  = 0.444
   median |eta| = 1.771
  rho=0.27868 (7/20)
    fp=0.0171 tp=0.1875  [11.0s]
   median nu  = 0.455
   median |eta| = 1.621
  rho=0.24687 (8/20)
    fp=0.0251 tp=0.2188  [10.9s]
   median nu  = 0.472
   median |eta| = 1.55
  rho=0.21870 (9/20)
    fp=0.0363 tp=0.2500  [11.0s]
   median nu  = 0.485
   median |eta| = 1.589
  rho=0.19374 (10/20)
    fp=0.0468 tp=0.2812  [11.0s]
   median nu  = 0.496
   median |eta| = 1.486
  rho=0.17163 (11/20)
    fp=0.0585 tp=0.2917  [10.9s]
   median nu  = 0.506
   median |eta| = 1.524
  rho=0.15204 (12/20)
    fp=0.0727 tp=0.3229  [11.3s]
   median nu  = 0.512
   median |eta| = 1.456
  rho=0.13468 (13/20)
    fp=0.0888 tp=0.3854  [11.2s]
   median nu  = 0.552
   median |eta| = 1.44
  rho=0.11931 (14/20)
    fp=0.1082 tp=0.4479  [11.0s]
   median nu  = 0.585
   median |eta| = 1.458
  rho=0.10570 (15/20)
    fp=0.1306 tp=0.4896  [10.8s]
   median nu  = 0.628
   median |eta| = 1.388
  rho=0.09363 (16/20)
    fp=0.1492 tp=0.5208  [10.6s]
   median nu  = 0.659
   median |eta| = 1.396
  rho=0.08295 (17/20)
    fp=0.1681 tp=0.5417  [10.5s]
   median nu  = 0.637
   median |eta| = 1.421
  rho=0.07348 (18/20)
    fp=0.1856 tp=0.5729  [10.4s]
   median nu  = 0.671
   median |eta| = 1.424
  rho=0.06509 (19/20)
    fp=0.2011 tp=0.5938  [10.3s]
   median nu  = 0.693
   median |eta| = 1.466
  rho=0.05766 (20/20)
    fp=0.2163 tp=0.5938  [10.6s]
   median nu  = 0.673
   median |eta| = 1.456
  rho=0.05108 (21/21)  [extra 1/50]
    fp=0.2318 tp=0.6146  [10.9s]
   median nu  = 0.675
   median |eta| = 1.467
  rho=0.04525 (22/22)  [extra 2/50]
    fp=0.2470 tp=0.6458  [10.8s]
   median nu  = 0.679
   median |eta| = 1.477
  rho=0.04009 (23/23)  [extra 3/50]
    fp=0.2639 tp=0.6562  [10.8s]
   median nu  = 0.681
   median |eta| = 1.562
  rho=0.03551 (24/24)  [extra 4/50]
    fp=0.2771 tp=0.6771  [10.7s]
   median nu  = 0.677
   median |eta| = 1.706
  rho=0.03146 (25/25)  [extra 5/50]
    fp=0.2895 tp=0.6875  [10.5s]
   median nu  = 0.667
   median |eta| = 1.793
  rho=0.02787 (26/26)  [extra 6/50]
    fp=0.3010 tp=0.6979  [10.4s]
   median nu  = 0.709
   median |eta| = 1.557
  FPR 0.3010 >= fp_end=0.3; stopping after 26 fits
  grid extended by 6 points down to rho=0.02787, ending at FPR 0.3010
  pilot fit of run_em_exact at rho=0.30349
  -> rho_max = max|S_ij| (off-diag) = 0.60138
  rho grid: [0.60138251 0.53274479 0.47194092 0.41807679 0.37036034 0.32808993
 0.29064397 0.25747184 0.22808575 0.20205359 0.17899257 0.15856357
 0.1404662  0.12443434 0.11023225 0.09765109 0.08650586 0.07663267
 0.06788634 0.06013825]
Running run_em_exact over 20 rho values, extending until FPR >= 0.3...
  rho=0.60138 (1/20)
    fp=0.0000 tp=0.0312  [10.8s]
   median nu  = 0.338
   median |eta| = 1.994
  rho=0.53274 (2/20)
    fp=0.0002 tp=0.0312  [11.0s]
   median nu  = 0.361
   median |eta| = 1.901
  rho=0.47194 (3/20)
    fp=0.0004 tp=0.0417  [10.9s]
   median nu  = 0.387
   median |eta| = 1.891
  rho=0.41808 (4/20)
    fp=0.0012 tp=0.0625  [11.0s]
   median nu  = 0.412
   median |eta| = 1.893
  rho=0.37036 (5/20)
    fp=0.0041 tp=0.0833  [11.1s]
   median nu  = 0.429
   median |eta| = 1.783
  rho=0.32809 (6/20)
    fp=0.0076 tp=0.1250  [11.3s]
   median nu  = 0.456
   median |eta| = 1.587
  rho=0.29064 (7/20)
    fp=0.0155 tp=0.1771  [11.3s]
   median nu  = 0.524
   median |eta| = 1.456
  rho=0.25747 (8/20)
    fp=0.0237 tp=0.2083  [10.7s]
   median nu  = 0.604
   median |eta| = 1.31
  rho=0.22809 (9/20)
    fp=0.0373 tp=0.2396  [10.4s]
   median nu  = 0.659
   median |eta| = 1.033
  rho=0.20205 (10/20)
    fp=0.0525 tp=0.2812  [10.3s]
   median nu  = 0.701
   median |eta| = 0.866
  rho=0.17899 (11/20)
    fp=0.0707 tp=0.2917  [10.5s]
   median nu  = 0.759
   median |eta| = 0.654
  rho=0.15856 (12/20)
    fp=0.0865 tp=0.3229  [10.1s]
   median nu  = 0.81
   median |eta| = 0.488
  rho=0.14047 (13/20)
    fp=0.1075 tp=0.3854  [9.8s]
   median nu  = 0.887
   median |eta| = 0.392
  rho=0.12443 (14/20)
    fp=0.1308 tp=0.4375  [9.2s]
   median nu  = 0.966
   median |eta| = 0.293
  rho=0.11023 (15/20)
    fp=0.1576 tp=0.4688  [9.1s]
   median nu  = 1.047
   median |eta| = 0.226
  rho=0.09765 (16/20)
    fp=0.1840 tp=0.4896  [9.9s]
   median nu  = 1.16
   median |eta| = 0.18
  rho=0.08651 (17/20)
    fp=0.2056 tp=0.5000  [9.7s]
   median nu  = 1.272
   median |eta| = 0.139
  rho=0.07663 (18/20)
    fp=0.2305 tp=0.5312  [9.3s]
   median nu  = 1.358
   median |eta| = 0.097
  rho=0.06789 (19/20)
    fp=0.2507 tp=0.5625  [9.0s]
   median nu  = 1.442
   median |eta| = 0.074
  rho=0.06014 (20/20)
    fp=0.2684 tp=0.5938  [9.0s]
   median nu  = 1.558
   median |eta| = 0.054
  rho=0.05327 (21/21)  [extra 1/50]
    fp=0.2820 tp=0.6042  [8.8s]
   median nu  = 1.687
   median |eta| = 0.042
  rho=0.04719 (22/22)  [extra 2/50]
    fp=0.2998 tp=0.6146  [8.4s]
   median nu  = 1.808
   median |eta| = 0.032
  rho=0.04181 (23/23)  [extra 3/50]
    fp=0.3154 tp=0.6250  [8.3s]
   median nu  = 1.97
   median |eta| = 0.025
  FPR 0.3154 >= fp_end=0.3; stopping after 23 fits
  grid extended by 3 points down to rho=0.04181, ending at FPR 0.3154
  graphical_lasso rho_max = max|S_ij| (off-diag) = 112.22566
  rho grid: [112.22566012  99.41698533  88.07020571  78.01847046  69.11397202
  61.22577257  54.23787863  48.04753546  42.56371603  37.70578251
  33.40230053  29.58998876  26.21278837  23.2210387   20.57074703
  18.22294164  16.14309883  14.30063514  12.66845776  11.22256601]
Running graphical_lasso over 20 rho values, extending until FPR >= 0.3...
  rho=112.22566 (1/20)
    fp=0.0000 tp=0.0000  [0.0s]
  rho=99.41699 (2/20)
    fp=0.0002 tp=0.0000  [0.0s]
  rho=88.07021 (3/20)
    fp=0.0002 tp=0.0000  [8.4s]
  rho=78.01847 (4/20)
    fp=0.0002 tp=0.0000  [8.3s]
  rho=69.11397 (5/20)
    fp=0.0002 tp=0.0000  [0.0s]
  rho=61.22577 (6/20)
    fp=0.0004 tp=0.0000  [0.0s]
  rho=54.23788 (7/20)
    fp=0.0004 tp=0.0000  [0.0s]
  rho=48.04754 (8/20)
    fp=0.0004 tp=0.0000  [0.0s]
  rho=42.56372 (9/20)
    fp=0.0004 tp=0.0104  [8.5s]
  rho=37.70578 (10/20)
    fp=0.0004 tp=0.0104  [0.0s]
  rho=33.40230 (11/20)
    fp=0.0004 tp=0.0104  [0.0s]
  rho=29.58999 (12/20)
    fp=0.0010 tp=0.0104  [8.7s]
  rho=26.21279 (13/20)
    fp=0.0014 tp=0.0104  [8.9s]
  rho=23.22104 (14/20)
    fp=0.0016 tp=0.0104  [8.6s]
  rho=20.57075 (15/20)
    fp=0.0021 tp=0.0104  [0.0s]
  rho=18.22294 (16/20)
    fp=0.0027 tp=0.0104  [8.6s]
  rho=16.14310 (17/20)
    fp=0.0031 tp=0.0104  [0.0s]
  rho=14.30064 (18/20)
    fp=0.0043 tp=0.0104  [8.7s]
  rho=12.66846 (19/20)
    fp=0.0049 tp=0.0104  [0.0s]
  rho=11.22257 (20/20)
    fp=0.0068 tp=0.0104  [0.0s]
  rho=9.94170 (21/21)  [extra 1/50]
    fp=0.0084 tp=0.0208  [0.0s]
  rho=8.80702 (22/22)  [extra 2/50]
    fp=0.0103 tp=0.0208  [0.2s]
  rho=7.80185 (23/23)  [extra 3/50]
    fp=0.0134 tp=0.0208  [0.1s]
  rho=6.91140 (24/24)  [extra 4/50]
    fp=0.0165 tp=0.0208  [0.0s]
  rho=6.12258 (25/25)  [extra 5/50]
    fp=0.0192 tp=0.0208  [0.1s]
  rho=5.42379 (26/26)  [extra 6/50]
    fp=0.0235 tp=0.0208  [0.0s]
  rho=4.80475 (27/27)  [extra 7/50]
    fp=0.0286 tp=0.0312  [0.0s]
  rho=4.25637 (28/28)  [extra 8/50]
    fp=0.0338 tp=0.0312  [0.2s]
  rho=3.77058 (29/29)  [extra 9/50]
    fp=0.0400 tp=0.0312  [0.0s]
  rho=3.34023 (30/30)  [extra 10/50]
    fp=0.0459 tp=0.0417  [0.5s]
  rho=2.95900 (31/31)  [extra 11/50]
    fp=0.0511 tp=0.0625  [0.0s]
  rho=2.62128 (32/32)  [extra 12/50]
    fp=0.0573 tp=0.0625  [0.0s]
  rho=2.32210 (33/33)  [extra 13/50]
    fp=0.0641 tp=0.0625  [0.1s]
  rho=2.05707 (34/34)  [extra 14/50]
    fp=0.0744 tp=0.0625  [0.0s]
  rho=1.82229 (35/35)  [extra 15/50]
    fp=0.0820 tp=0.0833  [0.2s]
  rho=1.61431 (36/36)  [extra 16/50]
    fp=0.0900 tp=0.0833  [0.0s]
  rho=1.43006 (37/37)  [extra 17/50]
    fp=0.0997 tp=0.0938  [0.1s]
  rho=1.26685 (38/38)  [extra 18/50]
    fp=0.1104 tp=0.0938  [0.0s]
  rho=1.12226 (39/39)  [extra 19/50]
    fp=0.1215 tp=0.0938  [0.4s]
  rho=0.99417 (40/40)  [extra 20/50]
    fp=0.1354 tp=0.0938  [0.1s]
  rho=0.88070 (41/41)  [extra 21/50]
    fp=0.1477 tp=0.1146  [0.1s]
  rho=0.78018 (42/42)  [extra 22/50]
    fp=0.1669 tp=0.1250  [0.1s]
  rho=0.69114 (43/43)  [extra 23/50]
    fp=0.1848 tp=0.1875  [0.0s]
  rho=0.61226 (44/44)  [extra 24/50]
    fp=0.2044 tp=0.2292  [0.0s]
  rho=0.54238 (45/45)  [extra 25/50]
    fp=0.2270 tp=0.2708  [0.1s]
  rho=0.48048 (46/46)  [extra 26/50]
    fp=0.2499 tp=0.2812  [0.2s]
  rho=0.42564 (47/47)  [extra 27/50]
    fp=0.2701 tp=0.3229  [0.0s]
  rho=0.37706 (48/48)  [extra 28/50]
    fp=0.2925 tp=0.3750  [0.0s]
  rho=0.33402 (49/49)  [extra 29/50]
    fp=0.3185 tp=0.4062  [0.2s]
  FPR 0.3185 >= fp_end=0.3; stopping after 49 fits
  [note] 8/49 fits hit a glasso ConvergenceWarning (suppressed)
  grid extended by 29 points down to rho=0.33402, ending at FPR 0.3185
  [warn] mean_roc averages out to FPR 0.300 but the shortest replicate only reached 0.050; its TPR is held flat above that
  [warn] mean_roc averages out to FPR 0.300 but the shortest replicate only reached 0.045; its TPR is held flat above that

(p=100, n=50) over 28 replicates
  t+lasso  (run_em_diagonal):    AUC = 0.136 (SE 0.003)
  ~t+lasso (run_em_exact):       AUC = 0.129 (SE 0.003)
  tlasso   (run_tlasso):         AUC = 0.046 (SE 0.002)
  t*lasso  (run_tstar_varlasso): AUC = 0.108 (SE 0.003)
  glasso   (graphical_lasso):    AUC = 0.046 (SE 0.002)
Replicate 29/50
  Theta: 97/4950 edges
  pilot fit of run_tlasso at rho=30.34854
  [warn] glasso failed at iter 5: Non SPD result: the system is too ill-conditioned for this solver. The system is too ill-conditioned for this solver; keeping previous Theta
  [warn] glasso failed at iter 6: Non SPD result: the system is too ill-conditioned for this solver. The system is too ill-conditioned for this solver; keeping previous Theta
  [warn] glasso failed at iter 7: Non SPD result: the system is too ill-conditioned for this solver. The system is too ill-conditioned for this solver; keeping previous Theta
  [warn] glasso failed at iter 8: Non SPD result: the system is too ill-conditioned for this solver. The system is too ill-conditioned for this solver; keeping previous Theta
  -> rho_max = max|S_ij| (off-diag) = 4289.72273
  rho grid: [4289.72272903 3800.12290572 3366.40268165 2982.18433882 2641.81806864
 2340.29889332 2073.19306922 1836.57289013 1626.95893154 1441.26888681
 1276.77224287 1131.05012888 1001.95974746  887.60286561  786.29790171
  696.5551985   617.05511804  546.62863692  484.24015614  428.9722729 ]
Running run_tlasso over 20 rho values, extending until FPR >= 0.3...
  rho=4289.72273 (1/20)
    fp=0.0002 tp=0.0000  [0.2s]
   nu  = 3.0000
  rho=3800.12291 (2/20)
    fp=0.0004 tp=0.0000  [0.1s]
   nu  = 3.0000
  rho=3366.40268 (3/20)
    fp=0.0004 tp=0.0000  [0.1s]
   nu  = 3.0000
  rho=2982.18434 (4/20)
    fp=0.0004 tp=0.0000  [0.1s]
   nu  = 3.0000
  rho=2641.81807 (5/20)
    fp=0.0006 tp=0.0000  [0.1s]
   nu  = 3.0000
  rho=2340.29889 (6/20)
    fp=0.0006 tp=0.0000  [0.1s]
   nu  = 3.0000
  rho=2073.19307 (7/20)
    fp=0.0016 tp=0.0000  [0.1s]
   nu  = 3.0000
  rho=1836.57289 (8/20)
    fp=0.0019 tp=0.0000  [0.1s]
   nu  = 3.0000
  rho=1626.95893 (9/20)
    fp=0.0019 tp=0.0000  [0.1s]
   nu  = 3.0000
  rho=1441.26889 (10/20)
    fp=0.0023 tp=0.0000  [0.1s]
   nu  = 3.0000
  rho=1276.77224 (11/20)
    fp=0.0027 tp=0.0000  [0.1s]
   nu  = 3.0000
  rho=1131.05013 (12/20)
    fp=0.0037 tp=0.0000  [0.3s]
   nu  = 3.0000
  rho=1001.95975 (13/20)
    fp=0.0047 tp=0.0000  [0.1s]
   nu  = 3.0000
  rho=887.60287 (14/20)
    fp=0.0060 tp=0.0103  [0.1s]
   nu  = 3.0000
  rho=786.29790 (15/20)
    fp=0.0076 tp=0.0103  [0.1s]
   nu  = 3.0000
  rho=696.55520 (16/20)
    fp=0.0103 tp=0.0103  [0.1s]
   nu  = 3.0000
  rho=617.05512 (17/20)
    fp=0.0117 tp=0.0206  [0.1s]
   nu  = 3.0000
  rho=546.62864 (18/20)
    fp=0.0130 tp=0.0206  [0.1s]
   nu  = 3.0000
  rho=484.24016 (19/20)
    fp=0.0136 tp=0.0206  [0.1s]
   nu  = 3.0000
  rho=428.97227 (20/20)
    fp=0.0159 tp=0.0206  [0.1s]
   nu  = 3.0000
  rho=380.01229 (21/21)  [extra 1/50]
    fp=0.0177 tp=0.0206  [0.1s]
   nu  = 3.0000
  rho=336.64027 (22/22)  [extra 2/50]
    fp=0.0185 tp=0.0309  [0.1s]
   nu  = 3.0000
  rho=298.21843 (23/23)  [extra 3/50]
    fp=0.0204 tp=0.0309  [0.1s]
   nu  = 3.0000
  rho=264.18181 (24/24)  [extra 4/50]
    fp=0.0218 tp=0.0309  [0.1s]
   nu  = 3.0000
  rho=234.02989 (25/25)  [extra 5/50]
    fp=0.0247 tp=0.0309  [0.1s]
   nu  = 3.0000
  rho=207.31931 (26/26)  [extra 6/50]
    fp=0.0272 tp=0.0309  [0.1s]
   nu  = 3.0000
  rho=183.65729 (27/27)  [extra 7/50]
    fp=0.0303 tp=0.0309  [0.1s]
   nu  = 3.0000
  rho=162.69589 (28/28)  [extra 8/50]
    fp=0.0336 tp=0.0309  [0.1s]
   nu  = 3.0000
  rho=144.12689 (29/29)  [extra 9/50]
    fp=0.0371 tp=0.0309  [0.1s]
   nu  = 3.0000
  rho=127.67722 (30/30)  [extra 10/50]
    fp=0.0408 tp=0.0309  [0.1s]
   nu  = 3.0000
  rho=113.10501 (31/31)  [extra 11/50]
    fp=0.0464 tp=0.0309  [0.1s]
   nu  = 3.0000
  rho=100.19597 (32/32)  [extra 12/50]
    fp=0.0534 tp=0.0309  [0.1s]
   nu  = 3.0000
  rho=88.76029 (33/33)  [extra 13/50]
    fp=0.0575 tp=0.0309  [0.1s]
   nu  = 3.0000
  rho=78.62979 (34/34)  [extra 14/50]
    fp=0.0639 tp=0.0309  [0.1s]
   nu  = 3.0000
  rho=69.65552 (35/35)  [extra 15/50]
    fp=0.0701 tp=0.0515  [0.1s]
   nu  = 3.0000
  rho=61.70551 (36/36)  [extra 16/50]
    fp=0.0762 tp=0.0515  [0.1s]
   nu  = 3.0000
  rho=54.66286 (37/37)  [extra 17/50]
    fp=0.0837 tp=0.0619  [0.1s]
   nu  = 3.0000
  rho=48.42402 (38/38)  [extra 18/50]
  [warn] glasso failed at iter 0: Non SPD result: the system is too ill-conditioned for this solver. The system is too ill-conditioned for this solver; keeping previous Theta
    fp=0.0837 tp=0.0619  [0.0s]  [STALE: glasso failed on 1 EM iters]
   nu  = 3.0000
  rho=42.89723 (39/39)  [extra 19/50]
    fp=0.0991 tp=0.0722  [0.2s]
   nu  = 3.0000
  rho=38.00123 (40/40)  [extra 20/50]
    fp=0.1063 tp=0.0825  [0.2s]
   nu  = 3.0000
  rho=33.66403 (41/41)  [extra 21/50]
    fp=0.1144 tp=0.0825  [0.2s]
   nu  = 3.0000
  rho=29.82184 (42/42)  [extra 22/50]
    fp=0.1203 tp=0.0825  [0.3s]
   nu  = 3.0000
  rho=26.41818 (43/43)  [extra 23/50]
    fp=0.1298 tp=0.1134  [0.3s]
   nu  = 3.0000
  rho=23.40299 (44/44)  [extra 24/50]
    fp=0.1424 tp=0.1134  [0.3s]
   nu  = 3.0000
  rho=20.73193 (45/45)  [extra 25/50]
    fp=0.1510 tp=0.1134  [0.3s]
   nu  = 3.0000
  rho=18.36573 (46/46)  [extra 26/50]
    fp=0.1651 tp=0.1237  [0.7s]
   nu  = 3.0000
  rho=16.26959 (47/47)  [extra 27/50]
    fp=0.1762 tp=0.1237  [0.6s]
   nu  = 3.0000
  rho=14.41269 (48/48)  [extra 28/50]
    fp=0.1877 tp=0.1237  [0.6s]
   nu  = 3.0000
  rho=12.76772 (49/49)  [extra 29/50]
    fp=0.2030 tp=0.1340  [1.1s]
   nu  = 3.0000
  rho=11.31050 (50/50)  [extra 30/50]
    fp=0.2127 tp=0.1443  [0.9s]
   nu  = 3.0000
  rho=10.01960 (51/51)  [extra 31/50]
    fp=0.2256 tp=0.1546  [1.1s]
   nu  = 3.0000
  rho=8.87603 (52/52)  [extra 32/50]
    fp=0.2409 tp=0.1753  [0.6s]
   nu  = 3.0000
  rho=7.86298 (53/53)  [extra 33/50]
    fp=0.2549 tp=0.1856  [1.6s]
   nu  = 3.0000
  rho=6.96555 (54/54)  [extra 34/50]
    fp=0.2664 tp=0.2062  [0.9s]
   nu  = 3.0000
  rho=6.17055 (55/55)  [extra 35/50]
    fp=0.2804 tp=0.2371  [1.3s]
   nu  = 3.0000
  rho=5.46629 (56/56)  [extra 36/50]
    fp=0.2945 tp=0.2474  [37.9s]
   nu  = 3.0000
  rho=4.84240 (57/57)  [extra 37/50]
    fp=0.3081 tp=0.2784  [1.9s]
   nu  = 3.0000
  FPR 0.3081 >= fp_end=0.3; stopping after 57 fits
  [note] 16/57 fits hit a glasso ConvergenceWarning (suppressed)
  [WARN] 1/57 points came from a fit whose glasso failed; those Thetas are stale, not estimates
  grid extended by 37 points down to rho=4.84240, ending at FPR 0.3081
  pilot fit of run_tstar_varlasso at rho=0.30349
  -> rho_max = max|S_ij| (off-diag) = 1.08144
  rho grid: [1.08143994 0.95801173 0.84867078 0.75180926 0.66600285 0.58998981
 0.52265238 0.46300039 0.41015667 0.36334417 0.32187453 0.28513796
 0.25259425 0.22376486 0.19822585 0.1756017  0.15555972 0.13780519
 0.12207704 0.10814399]
Running run_tstar_varlasso over 20 rho values, extending until FPR >= 0.3...
  rho=1.08144 (1/20)
    fp=0.0002 tp=0.0000  [0.2s]
   nu  = 3.0000
  rho=0.95801 (2/20)
    fp=0.0004 tp=0.0000  [0.1s]
   nu  = 3.0000
  rho=0.84867 (3/20)
    fp=0.0010 tp=0.0103  [0.1s]
   nu  = 3.0000
  rho=0.75181 (4/20)
    fp=0.0016 tp=0.0103  [0.1s]
   nu  = 3.0000
  rho=0.66600 (5/20)
    fp=0.0029 tp=0.0103  [0.1s]
   nu  = 3.0000
  rho=0.58999 (6/20)
    fp=0.0062 tp=0.0206  [0.1s]
   nu  = 3.0000
  rho=0.52265 (7/20)
    fp=0.0107 tp=0.0206  [0.1s]
   nu  = 3.0000
  rho=0.46300 (8/20)
    fp=0.0157 tp=0.0206  [0.1s]
   nu  = 3.0000
  rho=0.41016 (9/20)
    fp=0.0227 tp=0.0309  [0.1s]
   nu  = 3.0000
  rho=0.36334 (10/20)
    fp=0.0313 tp=0.0412  [0.1s]
   nu  = 3.0000
  rho=0.32187 (11/20)
    fp=0.0427 tp=0.0412  [0.1s]
   nu  = 3.0000
  rho=0.28514 (12/20)
    fp=0.0569 tp=0.0928  [0.1s]
   nu  = 3.0000
  rho=0.25259 (13/20)
    fp=0.0738 tp=0.1959  [0.1s]
   nu  = 3.0000
  rho=0.22376 (14/20)
    fp=0.0903 tp=0.2577  [0.1s]
   nu  = 3.0000
  rho=0.19823 (15/20)
    fp=0.1104 tp=0.2784  [0.1s]
   nu  = 3.0000
  rho=0.17560 (16/20)
    fp=0.1325 tp=0.3299  [0.1s]
   nu  = 3.0000
  rho=0.15556 (17/20)
    fp=0.1547 tp=0.3711  [0.1s]
   nu  = 3.0000
  rho=0.13781 (18/20)
    fp=0.1784 tp=0.4433  [0.2s]
   nu  = 3.0000
  rho=0.12208 (19/20)
    fp=0.1999 tp=0.4742  [0.2s]
   nu  = 3.0000
  rho=0.10814 (20/20)
    fp=0.2256 tp=0.5155  [0.2s]
   nu  = 3.0000
  rho=0.09580 (21/21)  [extra 1/50]
    fp=0.2526 tp=0.5361  [0.2s]
   nu  = 3.0000
  rho=0.08487 (22/22)  [extra 2/50]
    fp=0.2778 tp=0.5567  [0.2s]
   nu  = 3.0000
  rho=0.07518 (23/23)  [extra 3/50]
    fp=0.2994 tp=0.5876  [3.4s]
   nu  = 3.0000
  rho=0.06660 (24/24)  [extra 4/50]
    fp=0.3241 tp=0.6289  [0.2s]
   nu  = 3.0000
  FPR 0.3241 >= fp_end=0.3; stopping after 24 fits
  grid extended by 4 points down to rho=0.06660, ending at FPR 0.3241
  pilot fit of run_em_diagonal at rho=0.30349
  -> rho_max = max|S_ij| (off-diag) = 0.70659
  rho grid: [0.70658641 0.62594143 0.55450073 0.49121378 0.43514997 0.38548491
 0.34148828 0.30251313 0.26798633 0.23740019 0.21030495 0.18630217
 0.1650389  0.14620248 0.12951593 0.11473386 0.10163891 0.09003854
 0.07976215 0.07065864]
Running run_em_diagonal over 20 rho values, extending until FPR >= 0.3...
  rho=0.70659 (1/20)
    fp=0.0002 tp=0.0206  [10.6s]
   median nu  = 0.315
   median |eta| = 1.907
  rho=0.62594 (2/20)
    fp=0.0006 tp=0.0206  [10.4s]
   median nu  = 0.34
   median |eta| = 1.748
  rho=0.55450 (3/20)
    fp=0.0008 tp=0.0206  [10.4s]
   median nu  = 0.37
   median |eta| = 1.739
  rho=0.49121 (4/20)
    fp=0.0010 tp=0.0206  [10.5s]
   median nu  = 0.398
   median |eta| = 1.669
  rho=0.43515 (5/20)
    fp=0.0016 tp=0.0206  [11.0s]
   median nu  = 0.423
   median |eta| = 1.587
  rho=0.38548 (6/20)
    fp=0.0031 tp=0.0309  [10.6s]
   median nu  = 0.447
   median |eta| = 1.512
  rho=0.34149 (7/20)
    fp=0.0058 tp=0.0515  [10.4s]
   median nu  = 0.468
   median |eta| = 1.414
  rho=0.30251 (8/20)
    fp=0.0091 tp=0.0619  [10.4s]
   median nu  = 0.484
   median |eta| = 1.389
  rho=0.26799 (9/20)
    fp=0.0136 tp=0.1031  [10.4s]
   median nu  = 0.509
   median |eta| = 1.372
  rho=0.23740 (10/20)
    fp=0.0208 tp=0.1649  [10.4s]
   median nu  = 0.535
   median |eta| = 1.272
  rho=0.21030 (11/20)
    fp=0.0307 tp=0.2062  [10.4s]
   median nu  = 0.555
   median |eta| = 1.216
  rho=0.18630 (12/20)
    fp=0.0427 tp=0.2062  [10.5s]
   median nu  = 0.573
   median |eta| = 1.167
  rho=0.16504 (13/20)
    fp=0.0602 tp=0.2371  [10.6s]
   median nu  = 0.589
   median |eta| = 1.191
  rho=0.14620 (14/20)
    fp=0.0781 tp=0.2990  [10.5s]
   median nu  = 0.602
   median |eta| = 1.144
  rho=0.12952 (15/20)
    fp=0.0983 tp=0.3402  [10.6s]
   median nu  = 0.616
   median |eta| = 1.115
  rho=0.11473 (16/20)
    fp=0.1177 tp=0.3711  [10.6s]
   median nu  = 0.631
   median |eta| = 1.061
  rho=0.10164 (17/20)
    fp=0.1381 tp=0.4227  [10.5s]
   median nu  = 0.642
   median |eta| = 1.051
  rho=0.09004 (18/20)
    fp=0.1578 tp=0.4742  [10.6s]
   median nu  = 0.699
   median |eta| = 1.035
  rho=0.07976 (19/20)
    fp=0.1758 tp=0.4845  [10.7s]
   median nu  = 0.719
   median |eta| = 1.077
  rho=0.07066 (20/20)
    fp=0.1931 tp=0.5052  [10.8s]
   median nu  = 0.705
   median |eta| = 1.045
  rho=0.06259 (21/21)  [extra 1/50]
    fp=0.2098 tp=0.5464  [10.7s]
   median nu  = 0.724
   median |eta| = 1.012
  rho=0.05545 (22/22)  [extra 2/50]
    fp=0.2227 tp=0.5567  [10.8s]
   median nu  = 0.706
   median |eta| = 1.006
  rho=0.04912 (23/23)  [extra 3/50]
    fp=0.2374 tp=0.5670  [10.5s]
   median nu  = 0.713
   median |eta| = 0.944
  rho=0.04351 (24/24)  [extra 4/50]
    fp=0.2522 tp=0.5979  [10.4s]
   median nu  = 0.702
   median |eta| = 0.944
  rho=0.03855 (25/25)  [extra 5/50]
    fp=0.2673 tp=0.6186  [10.3s]
   median nu  = 0.797
   median |eta| = 0.958
  rho=0.03415 (26/26)  [extra 6/50]
    fp=0.2823 tp=0.6289  [10.4s]
   median nu  = 0.79
   median |eta| = 1.014
  rho=0.03025 (27/27)  [extra 7/50]
    fp=0.2949 tp=0.6392  [10.9s]
   median nu  = 0.79
   median |eta| = 1.09
  rho=0.02680 (28/28)  [extra 8/50]
    fp=0.3081 tp=0.6392  [10.2s]
   median nu  = 0.781
   median |eta| = 1.179
  FPR 0.3081 >= fp_end=0.3; stopping after 28 fits
  grid extended by 8 points down to rho=0.02680, ending at FPR 0.3081
  pilot fit of run_em_exact at rho=0.30349
  -> rho_max = max|S_ij| (off-diag) = 0.72429
  rho grid: [0.72428966 0.64162416 0.56839353 0.50352096 0.44605249 0.39514309
 0.35004414 0.31009248 0.27470063 0.24334817 0.21557406 0.1909699
 0.16917389 0.14986553 0.1327609  0.11760847 0.10418544 0.09229442
 0.08176056 0.07242897]
Running run_em_exact over 20 rho values, extending until FPR >= 0.3...
  rho=0.72429 (1/20)
    fp=0.0002 tp=0.0206  [10.9s]
   median nu  = 0.31
   median |eta| = 1.827
  rho=0.64162 (2/20)
    fp=0.0006 tp=0.0206  [11.2s]
   median nu  = 0.335
   median |eta| = 1.752
  rho=0.56839 (3/20)
    fp=0.0008 tp=0.0206  [11.3s]
   median nu  = 0.364
   median |eta| = 1.659
  rho=0.50352 (4/20)
    fp=0.0012 tp=0.0206  [11.4s]
   median nu  = 0.392
   median |eta| = 1.647
  rho=0.44605 (5/20)
    fp=0.0019 tp=0.0206  [11.1s]
   median nu  = 0.418
   median |eta| = 1.549
  rho=0.39514 (6/20)
    fp=0.0039 tp=0.0309  [11.2s]
   median nu  = 0.442
   median |eta| = 1.479
  rho=0.35004 (7/20)
    fp=0.0062 tp=0.0515  [11.2s]
   median nu  = 0.464
   median |eta| = 1.345
  rho=0.31009 (8/20)
    fp=0.0093 tp=0.0619  [11.1s]
   median nu  = 0.492
   median |eta| = 1.236
  rho=0.27470 (9/20)
    fp=0.0146 tp=0.0825  [10.7s]
   median nu  = 0.529
   median |eta| = 1.094
  rho=0.24335 (10/20)
    fp=0.0243 tp=0.1753  [10.7s]
   median nu  = 0.565
   median |eta| = 0.995
  rho=0.21557 (11/20)
    fp=0.0379 tp=0.1959  [10.1s]
   median nu  = 0.623
   median |eta| = 0.93
  rho=0.19097 (12/20)
    fp=0.0546 tp=0.2165  [9.7s]
   median nu  = 0.681
   median |eta| = 0.736
  rho=0.16917 (13/20)
    fp=0.0711 tp=0.2680  [9.5s]
   median nu  = 0.755
   median |eta| = 0.529
  rho=0.14987 (14/20)
    fp=0.0966 tp=0.3299  [9.1s]
   median nu  = 0.854
   median |eta| = 0.427
  rho=0.13276 (15/20)
    fp=0.1228 tp=0.3608  [9.0s]
   median nu  = 0.938
   median |eta| = 0.352
  rho=0.11761 (16/20)
    fp=0.1444 tp=0.4021  [9.3s]
   median nu  = 1.017
   median |eta| = 0.272
  rho=0.10419 (17/20)
    fp=0.1692 tp=0.4330  [8.7s]
   median nu  = 1.106
   median |eta| = 0.209
  rho=0.09229 (18/20)
    fp=0.1906 tp=0.4742  [8.3s]
   median nu  = 1.231
   median |eta| = 0.154
  rho=0.08176 (19/20)
    fp=0.2104 tp=0.4845  [8.1s]
   median nu  = 1.32
   median |eta| = 0.107
  rho=0.07243 (20/20)
    fp=0.2316 tp=0.5258  [8.0s]
   median nu  = 1.456
   median |eta| = 0.086
  rho=0.06416 (21/21)  [extra 1/50]
    fp=0.2489 tp=0.5567  [8.2s]
   median nu  = 1.586
   median |eta| = 0.064
  rho=0.05684 (22/22)  [extra 2/50]
    fp=0.2687 tp=0.5464  [8.1s]
   median nu  = 1.708
   median |eta| = 0.05
  rho=0.05035 (23/23)  [extra 3/50]
    fp=0.2864 tp=0.5567  [8.7s]
   median nu  = 1.827
   median |eta| = 0.037
  rho=0.04461 (24/24)  [extra 4/50]
    fp=0.3039 tp=0.5567  [7.8s]
   median nu  = 1.965
   median |eta| = 0.028
  FPR 0.3039 >= fp_end=0.3; stopping after 24 fits
  grid extended by 4 points down to rho=0.04461, ending at FPR 0.3039
  graphical_lasso rho_max = max|S_ij| (off-diag) = 511.12191
  rho grid: [511.12190748 452.78592369 401.10801296 355.32826805 314.77351236
 278.8474011  247.02165223 218.82827822 193.85270448 171.72767313
 152.12784262 134.76500367 119.38384126 105.75818029  93.68765973
  82.99478643  73.52232507  65.13098613  57.69737764  51.11219075]
Running graphical_lasso over 20 rho values, extending until FPR >= 0.3...
  rho=511.12191 (1/20)
    fp=0.0000 tp=0.0000  [0.0s]
  rho=452.78592 (2/20)
    fp=0.0002 tp=0.0000  [0.0s]
  rho=401.10801 (3/20)
    fp=0.0002 tp=0.0000  [8.7s]
  rho=355.32827 (4/20)
    fp=0.0002 tp=0.0000  [0.0s]
  rho=314.77351 (5/20)
    fp=0.0002 tp=0.0000  [0.0s]
  rho=278.84740 (6/20)
    fp=0.0002 tp=0.0000  [0.0s]
  rho=247.02165 (7/20)
    fp=0.0002 tp=0.0000  [0.0s]
  rho=218.82828 (8/20)
    fp=0.0004 tp=0.0000  [0.0s]
  rho=193.85270 (9/20)
    fp=0.0008 tp=0.0000  [0.0s]
  rho=171.72767 (10/20)
    fp=0.0010 tp=0.0000  [0.0s]
  rho=152.12784 (11/20)
    fp=0.0010 tp=0.0000  [0.0s]
  rho=134.76500 (12/20)
    fp=0.0010 tp=0.0000  [0.0s]
  rho=119.38384 (13/20)
    fp=0.0014 tp=0.0000  [0.0s]
  rho=105.75818 (14/20)
    fp=0.0021 tp=0.0000  [0.0s]
  rho=93.68766 (15/20)
    fp=0.0021 tp=0.0000  [0.0s]
  rho=82.99479 (16/20)
    fp=0.0027 tp=0.0000  [0.0s]
  rho=73.52233 (17/20)
    fp=0.0033 tp=0.0000  [8.6s]
  rho=65.13099 (18/20)
    fp=0.0039 tp=0.0000  [1.0s]
  rho=57.69738 (19/20)
    fp=0.0052 tp=0.0000  [0.1s]
  rho=51.11219 (20/20)
    fp=0.0068 tp=0.0103  [8.6s]
  rho=45.27859 (21/21)  [extra 1/50]
    fp=0.0082 tp=0.0103  [0.0s]
  rho=40.11080 (22/22)  [extra 2/50]
    fp=0.0109 tp=0.0206  [0.0s]
  rho=35.53283 (23/23)  [extra 3/50]
    fp=0.0120 tp=0.0206  [0.1s]
  rho=31.47735 (24/24)  [extra 4/50]
    fp=0.0136 tp=0.0206  [0.0s]
  rho=27.88474 (25/25)  [extra 5/50]
    fp=0.0150 tp=0.0206  [0.0s]
  rho=24.70217 (26/26)  [extra 6/50]
    fp=0.0165 tp=0.0206  [0.0s]
  rho=21.88283 (27/27)  [extra 7/50]
    fp=0.0185 tp=0.0206  [0.2s]
  rho=19.38527 (28/28)  [extra 8/50]
    fp=0.0192 tp=0.0206  [0.0s]
  rho=17.17277 (29/29)  [extra 9/50]
    fp=0.0214 tp=0.0309  [0.7s]
  rho=15.21278 (30/30)  [extra 10/50]
    fp=0.0243 tp=0.0309  [4.6s]
  rho=13.47650 (31/31)  [extra 11/50]
    fp=0.0270 tp=0.0309  [0.7s]
  rho=11.93838 (32/32)  [extra 12/50]
    fp=0.0288 tp=0.0309  [0.0s]
  rho=10.57582 (33/33)  [extra 13/50]
    fp=0.0311 tp=0.0309  [8.7s]
  rho=9.36877 (34/34)  [extra 14/50]
    fp=0.0359 tp=0.0309  [7.7s]
  rho=8.29948 (35/35)  [extra 15/50]
    fp=0.0394 tp=0.0309  [1.1s]
  rho=7.35223 (36/36)  [extra 16/50]
    fp=0.0441 tp=0.0309  [0.0s]
  rho=6.51310 (37/37)  [extra 17/50]
    fp=0.0528 tp=0.0309  [1.0s]
  rho=5.76974 (38/38)  [extra 18/50]
    fp=0.0565 tp=0.0309  [0.1s]
  rho=5.11122 (39/39)  [extra 19/50]
    fp=0.0616 tp=0.0309  [9.1s]
  rho=4.52786 (40/40)  [extra 20/50]
    [WARN] glasso failed: Non SPD result: the system is too ill-conditioned for this solver. The system is too ill-conditioned for this solver; reusing previous Theta
    fp=0.0616 tp=0.0309  [5.7s]
  rho=4.01108 (41/41)  [extra 21/50]
    [WARN] glasso failed: Non SPD result: the system is too ill-conditioned for this solver. The system is too ill-conditioned for this solver; reusing previous Theta
    fp=0.0616 tp=0.0309  [0.8s]
  rho=3.55328 (42/42)  [extra 22/50]
    [WARN] glasso failed: Non SPD result: the system is too ill-conditioned for this solver. The system is too ill-conditioned for this solver; reusing previous Theta
    fp=0.0616 tp=0.0309  [0.3s]
  rho=3.14774 (43/43)  [extra 23/50]
    [WARN] glasso failed: Non SPD result: the system is too ill-conditioned for this solver. The system is too ill-conditioned for this solver; reusing previous Theta
    fp=0.0616 tp=0.0309  [0.7s]
  rho=2.78847 (44/44)  [extra 24/50]
    fp=0.0975 tp=0.0619  [1.5s]
  rho=2.47022 (45/45)  [extra 25/50]
    fp=0.1065 tp=0.0825  [2.2s]
  rho=2.18828 (46/46)  [extra 26/50]
    fp=0.1154 tp=0.0825  [0.4s]
  rho=1.93853 (47/47)  [extra 27/50]
    fp=0.1243 tp=0.0928  [0.6s]
  rho=1.71728 (48/48)  [extra 28/50]
    fp=0.1341 tp=0.1031  [1.1s]
  rho=1.52128 (49/49)  [extra 29/50]
    fp=0.1442 tp=0.1134  [8.3s]
  rho=1.34765 (50/50)  [extra 30/50]
    fp=0.1585 tp=0.1237  [1.0s]
  rho=1.19384 (51/51)  [extra 31/50]
    [WARN] glasso failed: Non SPD result: the system is too ill-conditioned for this solver. The system is too ill-conditioned for this solver; reusing previous Theta
    fp=0.1585 tp=0.1237  [0.4s]
  rho=1.05758 (52/52)  [extra 32/50]
    fp=0.1846 tp=0.1237  [0.7s]
  rho=0.93688 (53/53)  [extra 33/50]
    [WARN] glasso failed: Non SPD result: the system is too ill-conditioned for this solver. The system is too ill-conditioned for this solver; reusing previous Theta
    fp=0.1846 tp=0.1237  [1.2s]
  rho=0.82995 (54/54)  [extra 34/50]
    [WARN] glasso failed: Non SPD result: the system is too ill-conditioned for this solver. The system is too ill-conditioned for this solver; reusing previous Theta
    fp=0.1846 tp=0.1237  [1.6s]
  rho=0.73522 (55/55)  [extra 35/50]
    fp=0.2283 tp=0.1753  [0.4s]
  rho=0.65131 (56/56)  [extra 36/50]
    [WARN] glasso failed: Non SPD result: the system is too ill-conditioned for this solver. The system is too ill-conditioned for this solver; reusing previous Theta
    fp=0.2283 tp=0.1753  [0.1s]
  rho=0.57697 (57/57)  [extra 37/50]
    fp=0.2586 tp=0.1959  [1.1s]
  rho=0.51112 (58/58)  [extra 38/50]
    fp=0.2759 tp=0.2268  [4.0s]
  rho=0.45279 (59/59)  [extra 39/50]
    fp=0.2940 tp=0.2165  [0.1s]
  rho=0.40111 (60/60)  [extra 40/50]
    fp=0.3118 tp=0.3093  [1.8s]
  FPR 0.3118 >= fp_end=0.3; stopping after 60 fits
  [note] 5/60 fits hit a glasso ConvergenceWarning (suppressed)
  [WARN] 8/60 points reused the previous Theta after a glasso failure; those are not estimates
  grid extended by 40 points down to rho=0.40111, ending at FPR 0.3118
  [warn] mean_roc averages out to FPR 0.300 but the shortest replicate only reached 0.050; its TPR is held flat above that
  [warn] mean_roc averages out to FPR 0.300 but the shortest replicate only reached 0.045; its TPR is held flat above that

(p=100, n=50) over 29 replicates
  t+lasso  (run_em_diagonal):    AUC = 0.135 (SE 0.003)
  ~t+lasso (run_em_exact):       AUC = 0.128 (SE 0.003)
  tlasso   (run_tlasso):         AUC = 0.045 (SE 0.002)
  t*lasso  (run_tstar_varlasso): AUC = 0.108 (SE 0.002)
  glasso   (graphical_lasso):    AUC = 0.046 (SE 0.002)
Replicate 30/50
  Theta: 98/4950 edges
  pilot fit of run_tlasso at rho=30.34854
  -> rho_max = max|S_ij| (off-diag) = 1240.60315
  rho grid: [1240.60315428 1099.00913446  973.57569457  862.45837577  764.02323321
  676.8228094   599.57484984  531.14344784  470.52234138  416.82011638
  369.24709867  327.10374217  289.77034221  256.69792301  227.40016516
  201.44625445  178.45454687  158.08695667  140.04398491  124.06031543]
Running run_tlasso over 20 rho values, extending until FPR >= 0.3...
  rho=1240.60315 (1/20)
    fp=0.0002 tp=0.0000  [0.1s]
   nu  = 3.0000
  rho=1099.00913 (2/20)
    fp=0.0002 tp=0.0000  [0.1s]
   nu  = 3.0000
  rho=973.57569 (3/20)
    fp=0.0002 tp=0.0000  [0.1s]
   nu  = 3.0000
  rho=862.45838 (4/20)
    fp=0.0002 tp=0.0000  [0.1s]
   nu  = 3.0000
  rho=764.02323 (5/20)
    fp=0.0002 tp=0.0000  [0.1s]
   nu  = 3.0000
  rho=676.82281 (6/20)
    fp=0.0002 tp=0.0000  [0.1s]
   nu  = 3.0000
  rho=599.57485 (7/20)
    fp=0.0006 tp=0.0000  [0.1s]
   nu  = 3.0000
  rho=531.14345 (8/20)
    fp=0.0006 tp=0.0000  [0.1s]
   nu  = 3.0000
  rho=470.52234 (9/20)
    fp=0.0008 tp=0.0000  [0.1s]
   nu  = 3.0000
  rho=416.82012 (10/20)
    fp=0.0012 tp=0.0000  [0.1s]
   nu  = 3.0000
  rho=369.24710 (11/20)
    fp=0.0014 tp=0.0102  [0.1s]
   nu  = 3.0000
  rho=327.10374 (12/20)
    fp=0.0019 tp=0.0102  [0.1s]
   nu  = 3.0000
  rho=289.77034 (13/20)
    fp=0.0021 tp=0.0102  [0.1s]
   nu  = 3.0000
  rho=256.69792 (14/20)
    fp=0.0027 tp=0.0102  [0.1s]
   nu  = 3.0000
  rho=227.40017 (15/20)
    fp=0.0035 tp=0.0102  [0.1s]
   nu  = 3.0000
  rho=201.44625 (16/20)
    fp=0.0043 tp=0.0102  [0.1s]
   nu  = 3.0000
  rho=178.45455 (17/20)
    fp=0.0054 tp=0.0102  [0.1s]
   nu  = 3.0000
  rho=158.08696 (18/20)
    fp=0.0070 tp=0.0102  [0.1s]
   nu  = 3.0000
  rho=140.04398 (19/20)
    fp=0.0095 tp=0.0102  [0.1s]
   nu  = 3.0000
  rho=124.06032 (20/20)
    fp=0.0128 tp=0.0102  [0.1s]
   nu  = 3.0000
  rho=109.90091 (21/21)  [extra 1/50]
    fp=0.0146 tp=0.0102  [0.1s]
   nu  = 3.0000
  rho=97.35757 (22/22)  [extra 2/50]
    fp=0.0188 tp=0.0204  [0.1s]
   nu  = 3.0000
  rho=86.24584 (23/23)  [extra 3/50]
    fp=0.0229 tp=0.0408  [0.1s]
   nu  = 3.0000
  rho=76.40232 (24/24)  [extra 4/50]
    fp=0.0272 tp=0.0408  [0.1s]
   nu  = 3.0000
  rho=67.68228 (25/25)  [extra 5/50]
    fp=0.0324 tp=0.0408  [0.1s]
   nu  = 3.0000
  rho=59.95748 (26/26)  [extra 6/50]
    fp=0.0383 tp=0.0510  [0.1s]
   nu  = 3.0000
  rho=53.11434 (27/27)  [extra 7/50]
    fp=0.0455 tp=0.0510  [0.1s]
   nu  = 3.0000
  rho=47.05223 (28/28)  [extra 8/50]
    fp=0.0526 tp=0.0510  [0.1s]
   nu  = 3.0000
  rho=41.68201 (29/29)  [extra 9/50]
    fp=0.0594 tp=0.0510  [0.1s]
   nu  = 3.0000
  rho=36.92471 (30/30)  [extra 10/50]
    fp=0.0676 tp=0.0612  [0.1s]
   nu  = 3.0000
  rho=32.71037 (31/31)  [extra 11/50]
    fp=0.0758 tp=0.0714  [0.2s]
   nu  = 3.0000
  rho=28.97703 (32/32)  [extra 12/50]
    fp=0.0874 tp=0.0816  [0.2s]
   nu  = 3.0000
  rho=25.66979 (33/33)  [extra 13/50]
    fp=0.0967 tp=0.1122  [0.2s]
   nu  = 3.0000
  rho=22.74002 (34/34)  [extra 14/50]
    fp=0.1072 tp=0.1122  [0.2s]
   nu  = 3.0000
  rho=20.14463 (35/35)  [extra 15/50]
    fp=0.1220 tp=0.1327  [0.2s]
   nu  = 3.0000
  rho=17.84545 (36/36)  [extra 16/50]
    fp=0.1348 tp=0.1327  [0.2s]
   nu  = 3.0000
  rho=15.80870 (37/37)  [extra 17/50]
    fp=0.1463 tp=0.1531  [0.2s]
   nu  = 3.0000
  rho=14.00440 (38/38)  [extra 18/50]
    fp=0.1608 tp=0.1837  [0.3s]
   nu  = 3.0000
  rho=12.40603 (39/39)  [extra 19/50]
    fp=0.1760 tp=0.1939  [0.3s]
   nu  = 3.0000
  rho=10.99009 (40/40)  [extra 20/50]
    fp=0.1908 tp=0.2245  [0.3s]
   nu  = 3.0000
  rho=9.73576 (41/41)  [extra 21/50]
    fp=0.2098 tp=0.2143  [0.3s]
   nu  = 3.0000
  rho=8.62458 (42/42)  [extra 22/50]
    fp=0.2244 tp=0.2245  [0.3s]
   nu  = 3.0000
  rho=7.64023 (43/43)  [extra 23/50]
    fp=0.2397 tp=0.2245  [0.4s]
   nu  = 3.0000
  rho=6.76823 (44/44)  [extra 24/50]
    fp=0.2556 tp=0.2653  [0.4s]
   nu  = 3.0000
  rho=5.99575 (45/45)  [extra 25/50]
    fp=0.2739 tp=0.2959  [0.4s]
   nu  = 3.0000
  rho=5.31143 (46/46)  [extra 26/50]
    fp=0.2943 tp=0.3265  [0.3s]
   nu  = 3.0000
  rho=4.70522 (47/47)  [extra 27/50]
    fp=0.3151 tp=0.3980  [0.4s]
   nu  = 3.0000
  FPR 0.3151 >= fp_end=0.3; stopping after 47 fits
  grid extended by 27 points down to rho=4.70522, ending at FPR 0.3151
  pilot fit of run_tstar_varlasso at rho=0.30349
  -> rho_max = max|S_ij| (off-diag) = 0.87634
  rho grid: [0.8763392  0.7763198  0.68771593 0.6092247  0.53969193 0.47809516
 0.42352862 0.37518994 0.33236831 0.29443405 0.26082934 0.23106005
 0.20468843 0.18132668 0.16063129 0.14229792 0.126057   0.11166971
 0.09892449 0.08763392]
Running run_tstar_varlasso over 20 rho values, extending until FPR >= 0.3...
  rho=0.87634 (1/20)
    fp=0.0006 tp=0.0000  [0.2s]
   nu  = 3.0000
  rho=0.77632 (2/20)
    fp=0.0012 tp=0.0000  [0.1s]
   nu  = 3.0000
  rho=0.68772 (3/20)
    fp=0.0029 tp=0.0000  [0.1s]
   nu  = 3.0000
  rho=0.60922 (4/20)
    fp=0.0054 tp=0.0000  [0.1s]
   nu  = 3.0000
  rho=0.53969 (5/20)
    fp=0.0087 tp=0.0306  [0.1s]
   nu  = 3.0000
  rho=0.47810 (6/20)
    fp=0.0146 tp=0.0306  [0.1s]
   nu  = 3.0000
  rho=0.42353 (7/20)
    fp=0.0198 tp=0.0408  [0.1s]
   nu  = 3.0000
  rho=0.37519 (8/20)
    fp=0.0284 tp=0.0510  [0.1s]
   nu  = 3.0000
  rho=0.33237 (9/20)
    fp=0.0398 tp=0.0714  [0.1s]
   nu  = 3.0000
  rho=0.29443 (10/20)
    fp=0.0495 tp=0.1735  [0.1s]
   nu  = 3.0000
  rho=0.26083 (11/20)
    fp=0.0647 tp=0.1939  [0.1s]
   nu  = 3.0000
  rho=0.23106 (12/20)
    fp=0.0810 tp=0.2551  [0.1s]
   nu  = 3.0000
  rho=0.20469 (13/20)
    fp=0.1028 tp=0.2857  [0.1s]
   nu  = 3.0000
  rho=0.18133 (14/20)
    fp=0.1268 tp=0.3367  [0.1s]
   nu  = 3.0000
  rho=0.16063 (15/20)
    fp=0.1533 tp=0.3980  [0.1s]
   nu  = 3.0000
  rho=0.14230 (16/20)
    fp=0.1772 tp=0.4490  [0.1s]
   nu  = 3.0000
  rho=0.12606 (17/20)
    fp=0.2036 tp=0.4694  [0.1s]
   nu  = 3.0000
  rho=0.11167 (18/20)
    fp=0.2273 tp=0.5306  [0.2s]
   nu  = 3.0000
  rho=0.09892 (19/20)
    fp=0.2566 tp=0.5408  [0.2s]
   nu  = 3.0000
  rho=0.08763 (20/20)
    fp=0.2834 tp=0.5510  [0.2s]
   nu  = 3.0000
  rho=0.07763 (21/21)  [extra 1/50]
    fp=0.3077 tp=0.5816  [0.2s]
   nu  = 3.0000
  FPR 0.3077 >= fp_end=0.3; stopping after 21 fits
  grid extended by 1 points down to rho=0.07763, ending at FPR 0.3077
  pilot fit of run_em_diagonal at rho=0.30349
  -> rho_max = max|S_ij| (off-diag) = 0.50907
  rho grid: [0.50906673 0.45096531 0.39949519 0.35389952 0.31350783 0.27772618
 0.2460284  0.21794839 0.19307324 0.17103717 0.15151615 0.13422312
 0.11890381 0.10533293 0.09331095 0.08266107 0.0732267  0.0648691
 0.05746538 0.05090667]
Running run_em_diagonal over 20 rho values, extending until FPR >= 0.3...
  rho=0.50907 (1/20)
    fp=0.0002 tp=0.0000  [10.5s]
   median nu  = 0.504
   median |eta| = 1.195
  rho=0.45097 (2/20)
    fp=0.0004 tp=0.0000  [10.3s]
   median nu  = 0.531
   median |eta| = 1.149
  rho=0.39950 (3/20)
    fp=0.0010 tp=0.0204  [10.3s]
   median nu  = 0.548
   median |eta| = 1.098
  rho=0.35390 (4/20)
    fp=0.0029 tp=0.0306  [10.2s]
   median nu  = 0.563
   median |eta| = 1.07
  rho=0.31351 (5/20)
    fp=0.0076 tp=0.0714  [10.2s]
   median nu  = 0.577
   median |eta| = 1.066
  rho=0.27773 (6/20)
    fp=0.0113 tp=0.1020  [10.2s]
   median nu  = 0.588
   median |eta| = 1.022
  rho=0.24603 (7/20)
    fp=0.0181 tp=0.1429  [10.3s]
   median nu  = 0.603
   median |eta| = 1.034
  rho=0.21795 (8/20)
    fp=0.0295 tp=0.1939  [10.4s]
   median nu  = 0.62
   median |eta| = 1.054
  rho=0.19307 (9/20)
    fp=0.0455 tp=0.2347  [10.4s]
   median nu  = 0.63
   median |eta| = 1.039
  rho=0.17104 (10/20)
    fp=0.0637 tp=0.2857  [10.4s]
   median nu  = 0.64
   median |eta| = 1.01
  rho=0.15152 (11/20)
    fp=0.0804 tp=0.3469  [10.5s]
   median nu  = 0.651
   median |eta| = 0.965
  rho=0.13422 (12/20)
    fp=0.0998 tp=0.4184  [10.5s]
   median nu  = 0.662
   median |eta| = 0.925
  rho=0.11890 (13/20)
    fp=0.1164 tp=0.4592  [10.6s]
   median nu  = 0.682
   median |eta| = 0.88
  rho=0.10533 (14/20)
    fp=0.1375 tp=0.5000  [10.5s]
   median nu  = 0.723
   median |eta| = 0.814
  rho=0.09331 (15/20)
    fp=0.1591 tp=0.5306  [10.5s]
   median nu  = 0.777
   median |eta| = 0.769
  rho=0.08266 (16/20)
    fp=0.1797 tp=0.5408  [10.6s]
   median nu  = 0.82
   median |eta| = 0.652
  rho=0.07323 (17/20)
    fp=0.1977 tp=0.5612  [10.4s]
   median nu  = 0.839
   median |eta| = 0.634
  rho=0.06487 (18/20)
    fp=0.2148 tp=0.6122  [10.4s]
   median nu  = 0.865
   median |eta| = 0.626
  rho=0.05747 (19/20)
    fp=0.2319 tp=0.6224  [10.2s]
   median nu  = 0.86
   median |eta| = 0.546
  rho=0.05091 (20/20)
    fp=0.2488 tp=0.6327  [10.2s]
   median nu  = 0.894
   median |eta| = 0.562
  rho=0.04510 (21/21)  [extra 1/50]
    fp=0.2628 tp=0.6429  [10.6s]
   median nu  = 0.979
   median |eta| = 0.575
  rho=0.03995 (22/22)  [extra 2/50]
    fp=0.2795 tp=0.6531  [10.5s]
   median nu  = 1.059
   median |eta| = 0.582
  rho=0.03539 (23/23)  [extra 3/50]
    fp=0.2920 tp=0.6531  [10.9s]
   median nu  = 1.115
   median |eta| = 0.546
  rho=0.03135 (24/24)  [extra 4/50]
    fp=0.3079 tp=0.6633  [10.6s]
   median nu  = 1.18
   median |eta| = 0.519
  FPR 0.3079 >= fp_end=0.3; stopping after 24 fits
  grid extended by 4 points down to rho=0.03135, ending at FPR 0.3079
  pilot fit of run_em_exact at rho=0.30349
  -> rho_max = max|S_ij| (off-diag) = 0.51992
  rho grid: [0.51992047 0.46058028 0.40801277 0.36144496 0.32019209 0.28364754
 0.25127393 0.22259523 0.19718973 0.17468383 0.1547466  0.13708488
 0.12143894 0.10757872 0.09530042 0.08442348 0.07478795 0.06625216
 0.05869059 0.05199205]
Running run_em_exact over 20 rho values, extending until FPR >= 0.3...
  rho=0.51992 (1/20)
    fp=0.0002 tp=0.0000  [11.2s]
   median nu  = 0.499
   median |eta| = 1.199
  rho=0.46058 (2/20)
    fp=0.0004 tp=0.0000  [11.3s]
   median nu  = 0.528
   median |eta| = 1.159
  rho=0.40801 (3/20)
    fp=0.0008 tp=0.0204  [11.1s]
   median nu  = 0.545
   median |eta| = 1.106
  rho=0.36144 (4/20)
    fp=0.0027 tp=0.0306  [11.2s]
   median nu  = 0.561
   median |eta| = 1.113
  rho=0.32019 (5/20)
    fp=0.0070 tp=0.0714  [11.2s]
   median nu  = 0.574
   median |eta| = 1.044
  rho=0.28365 (6/20)
    fp=0.0109 tp=0.1020  [11.2s]
   median nu  = 0.591
   median |eta| = 0.966
  rho=0.25127 (7/20)
    fp=0.0179 tp=0.1429  [10.7s]
   median nu  = 0.621
   median |eta| = 0.937
  rho=0.22260 (8/20)
    fp=0.0299 tp=0.1939  [10.5s]
   median nu  = 0.673
   median |eta| = 0.892
  rho=0.19719 (9/20)
    fp=0.0482 tp=0.2551  [10.0s]
   median nu  = 0.74
   median |eta| = 0.731
  rho=0.17468 (10/20)
    fp=0.0707 tp=0.2857  [9.5s]
   median nu  = 0.807
   median |eta| = 0.648
  rho=0.15475 (11/20)
    fp=0.0917 tp=0.3469  [9.2s]
   median nu  = 0.889
   median |eta| = 0.532
  rho=0.13708 (12/20)
    fp=0.1131 tp=0.4082  [8.9s]
   median nu  = 0.949
   median |eta| = 0.405
  rho=0.12144 (13/20)
    fp=0.1377 tp=0.4898  [9.3s]
   median nu  = 1.055
   median |eta| = 0.316
  rho=0.10758 (14/20)
    fp=0.1610 tp=0.5204  [9.5s]
   median nu  = 1.158
   median |eta| = 0.228
  rho=0.09530 (15/20)
    fp=0.1863 tp=0.5408  [8.7s]
   median nu  = 1.259
   median |eta| = 0.174
  rho=0.08442 (16/20)
    fp=0.2102 tp=0.5816  [8.2s]
   median nu  = 1.366
   median |eta| = 0.124
  rho=0.07479 (17/20)
    fp=0.2310 tp=0.6224  [8.1s]
   median nu  = 1.481
   median |eta| = 0.093
  rho=0.06625 (18/20)
    fp=0.2531 tp=0.6327  [8.0s]
   median nu  = 1.602
   median |eta| = 0.065
  rho=0.05869 (19/20)
    fp=0.2718 tp=0.6531  [9.0s]
   median nu  = 1.726
   median |eta| = 0.051
  rho=0.05199 (20/20)
    fp=0.2887 tp=0.6531  [9.0s]
   median nu  = 1.86
   median |eta| = 0.04
  rho=0.04606 (21/21)  [extra 1/50]
    fp=0.3071 tp=0.6633  [8.7s]
   median nu  = 1.998
   median |eta| = 0.031
  FPR 0.3071 >= fp_end=0.3; stopping after 21 fits
  grid extended by 1 points down to rho=0.04606, ending at FPR 0.3071
  graphical_lasso rho_max = max|S_ij| (off-diag) = 75.42456
  rho grid: [75.42455617 66.81610949 59.19017246 52.4346081  46.45007799 41.1485815
 36.45216182 32.2917596  28.60619743 25.34128031 22.44899865 19.88682238
 17.61707551 15.60638214 13.82517566 12.24726399 10.84944444  9.61116252
  8.5142097   7.54245562]
Running graphical_lasso over 20 rho values, extending until FPR >= 0.3...
  rho=75.42456 (1/20)
    fp=0.0000 tp=0.0000  [0.0s]
  rho=66.81611 (2/20)
    fp=0.0002 tp=0.0000  [0.0s]
  rho=59.19017 (3/20)
    fp=0.0002 tp=0.0000  [0.0s]
  rho=52.43461 (4/20)
    fp=0.0002 tp=0.0000  [8.6s]
  rho=46.45008 (5/20)
    fp=0.0002 tp=0.0000  [0.0s]
  rho=41.14858 (6/20)
    fp=0.0002 tp=0.0000  [0.0s]
  rho=36.45216 (7/20)
    fp=0.0004 tp=0.0000  [0.0s]
  rho=32.29176 (8/20)
    fp=0.0004 tp=0.0000  [0.0s]
  rho=28.60620 (9/20)
    fp=0.0008 tp=0.0000  [8.6s]
  rho=25.34128 (10/20)
    fp=0.0012 tp=0.0000  [0.0s]
  rho=22.44900 (11/20)
    fp=0.0014 tp=0.0000  [8.6s]
  rho=19.88682 (12/20)
    fp=0.0016 tp=0.0000  [8.6s]
  rho=17.61708 (13/20)
    fp=0.0016 tp=0.0102  [0.0s]
  rho=15.60638 (14/20)
    fp=0.0023 tp=0.0102  [0.0s]
  rho=13.82518 (15/20)
    fp=0.0037 tp=0.0102  [8.5s]
  rho=12.24726 (16/20)
    fp=0.0049 tp=0.0102  [0.0s]
  rho=10.84944 (17/20)
    fp=0.0058 tp=0.0102  [8.7s]
  rho=9.61116 (18/20)
    fp=0.0068 tp=0.0102  [8.7s]
  rho=8.51421 (19/20)
    fp=0.0099 tp=0.0204  [0.0s]
  rho=7.54246 (20/20)
    fp=0.0140 tp=0.0306  [8.7s]
  rho=6.68161 (21/21)  [extra 1/50]
    fp=0.0171 tp=0.0306  [8.7s]
  rho=5.91902 (22/22)  [extra 2/50]
    fp=0.0216 tp=0.0408  [0.1s]
  rho=5.24346 (23/23)  [extra 3/50]
    fp=0.0245 tp=0.0408  [0.0s]
  rho=4.64501 (24/24)  [extra 4/50]
    fp=0.0309 tp=0.0408  [0.1s]
  rho=4.11486 (25/25)  [extra 5/50]
    fp=0.0381 tp=0.0510  [8.8s]
  rho=3.64522 (26/26)  [extra 6/50]
    fp=0.0435 tp=0.0510  [0.0s]
  rho=3.22918 (27/27)  [extra 7/50]
    fp=0.0493 tp=0.0510  [0.0s]
  rho=2.86062 (28/28)  [extra 8/50]
    fp=0.0589 tp=0.0510  [0.0s]
  rho=2.53413 (29/29)  [extra 9/50]
    fp=0.0674 tp=0.0612  [0.1s]
  rho=2.24490 (30/30)  [extra 10/50]
    fp=0.0775 tp=0.0816  [0.4s]
  rho=1.98868 (31/31)  [extra 11/50]
    fp=0.0884 tp=0.0918  [0.4s]
  rho=1.76171 (32/32)  [extra 12/50]
    fp=0.1004 tp=0.1020  [0.7s]
  rho=1.56064 (33/33)  [extra 13/50]
    fp=0.1127 tp=0.1122  [0.0s]
  rho=1.38252 (34/34)  [extra 14/50]
    fp=0.1263 tp=0.1429  [0.7s]
  rho=1.22473 (35/35)  [extra 15/50]
    fp=0.1387 tp=0.1531  [0.2s]
  rho=1.08494 (36/36)  [extra 16/50]
    fp=0.1560 tp=0.1531  [0.3s]
  rho=0.96112 (37/37)  [extra 17/50]
    fp=0.1729 tp=0.1939  [0.1s]
  rho=0.85142 (38/38)  [extra 18/50]
    fp=0.1911 tp=0.2143  [0.1s]
  rho=0.75425 (39/39)  [extra 19/50]
    fp=0.2075 tp=0.2143  [0.0s]
  rho=0.66816 (40/40)  [extra 20/50]
    fp=0.2246 tp=0.2245  [0.2s]
  rho=0.59190 (41/41)  [extra 21/50]
    fp=0.2438 tp=0.2551  [0.1s]
  rho=0.52435 (42/42)  [extra 22/50]
    fp=0.2636 tp=0.2857  [0.2s]
  rho=0.46450 (43/43)  [extra 23/50]
    fp=0.2828 tp=0.3367  [0.1s]
  rho=0.41149 (44/44)  [extra 24/50]
    fp=0.3056 tp=0.3980  [0.0s]
  FPR 0.3056 >= fp_end=0.3; stopping after 44 fits
  [note] 10/44 fits hit a glasso ConvergenceWarning (suppressed)
  grid extended by 24 points down to rho=0.41149, ending at FPR 0.3056
  [warn] mean_roc averages out to FPR 0.300 but the shortest replicate only reached 0.050; its TPR is held flat above that
  [warn] mean_roc averages out to FPR 0.300 but the shortest replicate only reached 0.045; its TPR is held flat above that

(p=100, n=50) over 30 replicates
  t+lasso  (run_em_diagonal):    AUC = 0.135 (SE 0.003)
  ~t+lasso (run_em_exact):       AUC = 0.128 (SE 0.003)
  tlasso   (run_tlasso):         AUC = 0.045 (SE 0.002)
  t*lasso  (run_tstar_varlasso): AUC = 0.108 (SE 0.002)
  glasso   (graphical_lasso):    AUC = 0.046 (SE 0.002)
Replicate 31/50
  Theta: 106/4950 edges
  pilot fit of run_tlasso at rho=30.34854
  -> rho_max = max|S_ij| (off-diag) = 960.90216
  rho grid: [960.90215584 851.23130869 754.07754733 668.01225657 591.76987368
 524.22927866 464.39730853 411.39415318 364.44041807 322.84566345
 285.99825168 253.35635328 224.43997951 198.82392429 176.13151167
 156.02905693 138.22095987 122.44535809 108.47027637  96.09021558]
Running run_tlasso over 20 rho values, extending until FPR >= 0.3...
  rho=960.90216 (1/20)
    fp=0.0002 tp=0.0000  [0.2s]
   nu  = 3.0000
  rho=851.23131 (2/20)
    fp=0.0004 tp=0.0000  [0.1s]
   nu  = 3.0000
  rho=754.07755 (3/20)
    fp=0.0006 tp=0.0000  [0.1s]
   nu  = 3.0000
  rho=668.01226 (4/20)
    fp=0.0010 tp=0.0000  [0.1s]
   nu  = 3.0000
  rho=591.76987 (5/20)
    fp=0.0012 tp=0.0000  [0.1s]
   nu  = 3.0000
  rho=524.22928 (6/20)
    fp=0.0017 tp=0.0000  [0.1s]
   nu  = 3.0000
  rho=464.39731 (7/20)
    fp=0.0023 tp=0.0000  [0.1s]
   nu  = 3.0000
  rho=411.39415 (8/20)
    fp=0.0027 tp=0.0000  [0.1s]
   nu  = 3.0000
  rho=364.44042 (9/20)
    fp=0.0033 tp=0.0000  [0.1s]
   nu  = 3.0000
  rho=322.84566 (10/20)
    fp=0.0041 tp=0.0000  [0.1s]
   nu  = 3.0000
  rho=285.99825 (11/20)
    fp=0.0050 tp=0.0000  [0.1s]
   nu  = 3.0000
  rho=253.35635 (12/20)
    fp=0.0066 tp=0.0000  [0.1s]
   nu  = 3.0000
  rho=224.43998 (13/20)
    fp=0.0076 tp=0.0000  [0.1s]
   nu  = 3.0000
  rho=198.82392 (14/20)
    fp=0.0101 tp=0.0094  [0.1s]
   nu  = 3.0000
  rho=176.13151 (15/20)
    fp=0.0130 tp=0.0094  [0.1s]
   nu  = 3.0000
  rho=156.02906 (16/20)
    fp=0.0151 tp=0.0189  [0.1s]
   nu  = 3.0000
  rho=138.22096 (17/20)
    fp=0.0175 tp=0.0189  [0.1s]
   nu  = 3.0000
  rho=122.44536 (18/20)
    fp=0.0219 tp=0.0283  [0.1s]
   nu  = 3.0000
  rho=108.47028 (19/20)
    fp=0.0242 tp=0.0377  [0.1s]
   nu  = 3.0000
  rho=96.09022 (20/20)
    fp=0.0273 tp=0.0472  [0.1s]
   nu  = 3.0000
  rho=85.12313 (21/21)  [extra 1/50]
    fp=0.0322 tp=0.0472  [0.1s]
   nu  = 3.0000
  rho=75.40775 (22/22)  [extra 2/50]
    fp=0.0388 tp=0.0566  [0.1s]
   nu  = 3.0000
  rho=66.80123 (23/23)  [extra 3/50]
    fp=0.0438 tp=0.0566  [0.2s]
   nu  = 3.0000
  rho=59.17699 (24/24)  [extra 4/50]
    fp=0.0493 tp=0.0660  [0.1s]
   nu  = 3.0000
  rho=52.42293 (25/25)  [extra 5/50]
    fp=0.0586 tp=0.0660  [0.2s]
   nu  = 3.0000
  rho=46.43973 (26/26)  [extra 6/50]
    fp=0.0665 tp=0.0755  [0.2s]
   nu  = 3.0000
  rho=41.13942 (27/27)  [extra 7/50]
    fp=0.0727 tp=0.0755  [0.1s]
   nu  = 3.0000
  rho=36.44404 (28/28)  [extra 8/50]
    fp=0.0803 tp=0.0849  [0.2s]
   nu  = 3.0000
  rho=32.28457 (29/29)  [extra 9/50]
    fp=0.0906 tp=0.0849  [0.2s]
   nu  = 3.0000
  rho=28.59983 (30/30)  [extra 10/50]
    fp=0.1001 tp=0.1038  [0.2s]
   nu  = 3.0000
  rho=25.33564 (31/31)  [extra 11/50]
    fp=0.1104 tp=0.1132  [0.1s]
   nu  = 3.0000
  rho=22.44400 (32/32)  [extra 12/50]
    fp=0.1193 tp=0.1226  [0.2s]
   nu  = 3.0000
  rho=19.88239 (33/33)  [extra 13/50]
    fp=0.1311 tp=0.1321  [0.2s]
   nu  = 3.0000
  rho=17.61315 (34/34)  [extra 14/50]
    fp=0.1416 tp=0.1509  [0.2s]
   nu  = 3.0000
  rho=15.60291 (35/35)  [extra 15/50]
    fp=0.1526 tp=0.1509  [0.2s]
   nu  = 3.0000
  rho=13.82210 (36/36)  [extra 16/50]
    fp=0.1691 tp=0.1509  [0.2s]
   nu  = 3.0000
  rho=12.24454 (37/37)  [extra 17/50]
    fp=0.1819 tp=0.1792  [0.2s]
   nu  = 3.0000
  rho=10.84703 (38/38)  [extra 18/50]
    fp=0.1955 tp=0.1792  [0.2s]
   nu  = 3.0000
  rho=9.60902 (39/39)  [extra 19/50]
    fp=0.2095 tp=0.2075  [0.3s]
   nu  = 3.0000
  rho=8.51231 (40/40)  [extra 20/50]
    fp=0.2271 tp=0.2170  [0.3s]
   nu  = 3.0000
  rho=7.54078 (41/41)  [extra 21/50]
    fp=0.2450 tp=0.2642  [0.2s]
   nu  = 3.0000
  rho=6.68012 (42/42)  [extra 22/50]
    fp=0.2601 tp=0.2736  [0.4s]
   nu  = 3.0000
  rho=5.91770 (43/43)  [extra 23/50]
    fp=0.2762 tp=0.2925  [0.3s]
   nu  = 3.0000
  rho=5.24229 (44/44)  [extra 24/50]
    fp=0.2938 tp=0.3113  [0.4s]
   nu  = 3.0000
  rho=4.64397 (45/45)  [extra 25/50]
    fp=0.3159 tp=0.3302  [0.4s]
   nu  = 3.0000
  FPR 0.3159 >= fp_end=0.3; stopping after 45 fits
  grid extended by 25 points down to rho=4.64397, ending at FPR 0.3159
  pilot fit of run_tstar_varlasso at rho=0.30349
  -> rho_max = max|S_ij| (off-diag) = 0.85715
  rho grid: [0.85715484 0.75932501 0.67266081 0.59588787 0.52787728 0.46762895
 0.41425696 0.36697648 0.32509228 0.28798845 0.25511941 0.22600181
 0.2002075  0.17735717 0.15711483 0.13918281 0.12329743 0.1092251
 0.09675889 0.08571548]
Running run_tstar_varlasso over 20 rho values, extending until FPR >= 0.3...
  rho=0.85715 (1/20)
    fp=0.0010 tp=0.0189  [0.2s]
   nu  = 3.0000
  rho=0.75933 (2/20)
    fp=0.0031 tp=0.0189  [0.1s]
   nu  = 3.0000
  rho=0.67266 (3/20)
    fp=0.0035 tp=0.0189  [0.1s]
   nu  = 3.0000
  rho=0.59589 (4/20)
    fp=0.0064 tp=0.0189  [0.1s]
   nu  = 3.0000
  rho=0.52788 (5/20)
    fp=0.0087 tp=0.0377  [0.1s]
   nu  = 3.0000
  rho=0.46763 (6/20)
    fp=0.0132 tp=0.0566  [0.1s]
   nu  = 3.0000
  rho=0.41426 (7/20)
    fp=0.0198 tp=0.1038  [0.1s]
   nu  = 3.0000
  rho=0.36698 (8/20)
    fp=0.0277 tp=0.1415  [0.1s]
   nu  = 3.0000
  rho=0.32509 (9/20)
    fp=0.0361 tp=0.1509  [0.1s]
   nu  = 3.0000
  rho=0.28799 (10/20)
    fp=0.0485 tp=0.1792  [0.1s]
   nu  = 3.0000
  rho=0.25512 (11/20)
    fp=0.0667 tp=0.2170  [0.1s]
   nu  = 3.0000
  rho=0.22600 (12/20)
    fp=0.0838 tp=0.2642  [0.1s]
   nu  = 3.0000
  rho=0.20021 (13/20)
    fp=0.1049 tp=0.3302  [0.1s]
   nu  = 3.0000
  rho=0.17736 (14/20)
    fp=0.1265 tp=0.3774  [0.1s]
   nu  = 3.0000
  rho=0.15711 (15/20)
    fp=0.1493 tp=0.4057  [0.1s]
   nu  = 3.0000
  rho=0.13918 (16/20)
    fp=0.1726 tp=0.4623  [0.1s]
   nu  = 3.0000
  rho=0.12330 (17/20)
    fp=0.1974 tp=0.5189  [0.2s]
   nu  = 3.0000
  rho=0.10923 (18/20)
    fp=0.2246 tp=0.5566  [0.2s]
   nu  = 3.0000
  rho=0.09676 (19/20)
    fp=0.2469 tp=0.5566  [0.2s]
   nu  = 3.0000
  rho=0.08572 (20/20)
    fp=0.2713 tp=0.5849  [0.2s]
   nu  = 3.0000
  rho=0.07593 (21/21)  [extra 1/50]
    fp=0.2950 tp=0.5943  [0.2s]
   nu  = 3.0000
  rho=0.06727 (22/22)  [extra 2/50]
    fp=0.3185 tp=0.6038  [0.2s]
   nu  = 3.0000
  FPR 0.3185 >= fp_end=0.3; stopping after 22 fits
  grid extended by 2 points down to rho=0.06727, ending at FPR 0.3185
  pilot fit of run_em_diagonal at rho=0.30349
  -> rho_max = max|S_ij| (off-diag) = 0.56992
  rho grid: [0.56992442 0.50487712 0.44725387 0.39620735 0.35098694 0.31092767
 0.2754405  0.24400359 0.21615468 0.19148425 0.16962954 0.15026917
 0.13311847 0.11792523 0.10446605 0.092543   0.08198077 0.07262404
 0.06433523 0.05699244]
Running run_em_diagonal over 20 rho values, extending until FPR >= 0.3...
  rho=0.56992 (1/20)
    fp=0.0004 tp=0.0000  [11.0s]
   median nu  = 0.357
   median |eta| = 1.572
  rho=0.50488 (2/20)
    fp=0.0017 tp=0.0000  [11.0s]
   median nu  = 0.386
   median |eta| = 1.495
  rho=0.44725 (3/20)
    fp=0.0025 tp=0.0189  [10.8s]
   median nu  = 0.412
   median |eta| = 1.436
  rho=0.39621 (4/20)
    fp=0.0043 tp=0.0189  [10.6s]
   median nu  = 0.437
   median |eta| = 1.398
  rho=0.35099 (5/20)
    fp=0.0074 tp=0.0377  [10.6s]
   median nu  = 0.46
   median |eta| = 1.408
  rho=0.31093 (6/20)
    fp=0.0120 tp=0.0660  [10.6s]
   median nu  = 0.48
   median |eta| = 1.398
  rho=0.27544 (7/20)
    fp=0.0188 tp=0.1132  [10.8s]
   median nu  = 0.49
   median |eta| = 1.338
  rho=0.24400 (8/20)
    fp=0.0310 tp=0.1415  [11.1s]
   median nu  = 0.497
   median |eta| = 1.279
  rho=0.21615 (9/20)
    fp=0.0380 tp=0.1792  [11.1s]
   median nu  = 0.503
   median |eta| = 1.241
  rho=0.19148 (10/20)
    fp=0.0495 tp=0.2264  [11.0s]
   median nu  = 0.51
   median |eta| = 1.215
  rho=0.16963 (11/20)
    fp=0.0630 tp=0.3113  [11.1s]
   median nu  = 0.522
   median |eta| = 1.197
  rho=0.15027 (12/20)
    fp=0.0774 tp=0.3868  [11.3s]
   median nu  = 0.541
   median |eta| = 1.181
  rho=0.13312 (13/20)
    fp=0.0958 tp=0.4151  [10.9s]
   median nu  = 0.584
   median |eta| = 1.109
  rho=0.11793 (14/20)
    fp=0.1160 tp=0.4528  [11.0s]
   median nu  = 0.619
   median |eta| = 1.071
  rho=0.10447 (15/20)
    fp=0.1340 tp=0.4623  [11.0s]
   median nu  = 0.634
   median |eta| = 1.042
  rho=0.09254 (16/20)
    fp=0.1501 tp=0.4811  [10.9s]
   median nu  = 0.645
   median |eta| = 1.017
  rho=0.08198 (17/20)
    fp=0.1699 tp=0.5283  [10.8s]
   median nu  = 0.653
   median |eta| = 1.007
  rho=0.07262 (18/20)
    fp=0.1883 tp=0.5472  [10.9s]
   median nu  = 0.662
   median |eta| = 0.996
  rho=0.06434 (19/20)
    fp=0.2071 tp=0.5566  [10.7s]
   median nu  = 0.66
   median |eta| = 1.042
  rho=0.05699 (20/20)
    fp=0.2267 tp=0.5943  [10.7s]
   median nu  = 0.669
   median |eta| = 1.092
  rho=0.05049 (21/21)  [extra 1/50]
    fp=0.2391 tp=0.6132  [10.8s]
   median nu  = 0.658
   median |eta| = 1.293
  rho=0.04473 (22/22)  [extra 2/50]
    fp=0.2531 tp=0.6415  [10.7s]
   median nu  = 0.731
   median |eta| = 1.264
  rho=0.03962 (23/23)  [extra 3/50]
    fp=0.2678 tp=0.6792  [10.9s]
   median nu  = 0.757
   median |eta| = 1.391
  rho=0.03510 (24/24)  [extra 4/50]
    fp=0.2801 tp=0.6792  [10.2s]
   median nu  = 0.749
   median |eta| = 1.445
  rho=0.03109 (25/25)  [extra 5/50]
    fp=0.2973 tp=0.7170  [10.5s]
   median nu  = 0.744
   median |eta| = 1.515
  rho=0.02754 (26/26)  [extra 6/50]
    fp=0.3095 tp=0.7170  [10.0s]
   median nu  = 0.83
   median |eta| = 1.633
  FPR 0.3095 >= fp_end=0.3; stopping after 26 fits
  grid extended by 6 points down to rho=0.02754, ending at FPR 0.3095
  pilot fit of run_em_exact at rho=0.30349
  -> rho_max = max|S_ij| (off-diag) = 0.59582
  rho grid: [0.59582053 0.52781762 0.4675761  0.41421014 0.36693501 0.32505554
 0.28795591 0.25509057 0.22597627 0.20018487 0.17733713 0.15709707
 0.13916708 0.1232835  0.10921275 0.09674795 0.0857058  0.07592392
 0.06725848 0.05958205]
Running run_em_exact over 20 rho values, extending until FPR >= 0.3...
  rho=0.59582 (1/20)
    fp=0.0002 tp=0.0000  [10.5s]
   median nu  = 0.354
   median |eta| = 1.587
  rho=0.52782 (2/20)
    fp=0.0010 tp=0.0000  [11.7s]
   median nu  = 0.383
   median |eta| = 1.532
  rho=0.46758 (3/20)
    fp=0.0025 tp=0.0000  [10.7s]
   median nu  = 0.41
   median |eta| = 1.436
  rho=0.41421 (4/20)
    fp=0.0035 tp=0.0189  [10.2s]
   median nu  = 0.435
   median |eta| = 1.349
  rho=0.36694 (5/20)
    fp=0.0068 tp=0.0283  [10.3s]
   median nu  = 0.459
   median |eta| = 1.321
  rho=0.32506 (6/20)
    fp=0.0116 tp=0.0472  [10.2s]
   median nu  = 0.485
   median |eta| = 1.191
  rho=0.28796 (7/20)
    fp=0.0194 tp=0.0755  [10.3s]
   median nu  = 0.513
   median |eta| = 1.105
  rho=0.25509 (8/20)
    fp=0.0295 tp=0.1415  [10.2s]
   median nu  = 0.548
   median |eta| = 0.989
  rho=0.22598 (9/20)
    fp=0.0405 tp=0.1792  [9.9s]
   median nu  = 0.59
   median |eta| = 0.86
  rho=0.20018 (10/20)
    fp=0.0531 tp=0.2358  [9.7s]
   median nu  = 0.633
   median |eta| = 0.74
  rho=0.17734 (11/20)
    fp=0.0741 tp=0.3208  [9.5s]
   median nu  = 0.677
   median |eta| = 0.599
  rho=0.15710 (12/20)
    fp=0.0933 tp=0.3774  [10.0s]
   median nu  = 0.734
   median |eta| = 0.459
  rho=0.13917 (13/20)
    fp=0.1137 tp=0.4245  [10.1s]
   median nu  = 0.809
   median |eta| = 0.362
  rho=0.12328 (14/20)
    fp=0.1367 tp=0.4906  [10.0s]
   median nu  = 0.897
   median |eta| = 0.276
  rho=0.10921 (15/20)
    fp=0.1627 tp=0.5000  [10.1s]
   median nu  = 0.994
   median |eta| = 0.222
  rho=0.09675 (16/20)
    fp=0.1874 tp=0.4906  [9.4s]
   median nu  = 1.088
   median |eta| = 0.181
  rho=0.08571 (17/20)
    fp=0.2060 tp=0.5189  [9.2s]
   median nu  = 1.178
   median |eta| = 0.143
  rho=0.07592 (18/20)
    fp=0.2287 tp=0.5660  [9.0s]
   median nu  = 1.296
   median |eta| = 0.111
  rho=0.06726 (19/20)
    fp=0.2517 tp=0.5943  [8.0s]
   median nu  = 1.42
   median |eta| = 0.085
  rho=0.05958 (20/20)
    fp=0.2680 tp=0.6226  [8.3s]
   median nu  = 1.55
   median |eta| = 0.065
  rho=0.05278 (21/21)  [extra 1/50]
    fp=0.2824 tp=0.6321  [8.6s]
   median nu  = 1.685
   median |eta| = 0.051
  rho=0.04676 (22/22)  [extra 2/50]
    fp=0.3000 tp=0.6321  [8.4s]
   median nu  = 1.816
   median |eta| = 0.039
  rho=0.04142 (23/23)  [extra 3/50]
    fp=0.3111 tp=0.6415  [8.4s]
   median nu  = 1.945
   median |eta| = 0.03
  FPR 0.3111 >= fp_end=0.3; stopping after 23 fits
  grid extended by 3 points down to rho=0.04142, ending at FPR 0.3111
  graphical_lasso rho_max = max|S_ij| (off-diag) = 73.04731
  rho grid: [73.04731103 64.71018697 57.32460564 50.78196441 44.98605582 39.85165288
 35.30325583 31.27398194 27.704582   24.54256914 21.74144695 19.26002583
 17.06181726 15.1144973  13.38943121 11.86125245 10.50748964  9.30823612
  8.24585726  7.3047311 ]
Running graphical_lasso over 20 rho values, extending until FPR >= 0.3...
  rho=73.04731 (1/20)
    fp=0.0000 tp=0.0000  [0.0s]
  rho=64.71019 (2/20)
    fp=0.0002 tp=0.0000  [0.0s]
  rho=57.32461 (3/20)
    fp=0.0002 tp=0.0000  [8.7s]
  rho=50.78196 (4/20)
    fp=0.0002 tp=0.0000  [0.0s]
  rho=44.98606 (5/20)
    fp=0.0006 tp=0.0000  [0.0s]
  rho=39.85165 (6/20)
    fp=0.0008 tp=0.0000  [8.8s]
  rho=35.30326 (7/20)
    fp=0.0012 tp=0.0000  [8.9s]
  rho=31.27398 (8/20)
    fp=0.0014 tp=0.0000  [9.1s]
  rho=27.70458 (9/20)
    fp=0.0023 tp=0.0000  [9.1s]
  rho=24.54257 (10/20)
    fp=0.0027 tp=0.0000  [9.0s]
  rho=21.74145 (11/20)
    fp=0.0037 tp=0.0000  [0.0s]
  rho=19.26003 (12/20)
    fp=0.0047 tp=0.0000  [9.1s]
  rho=17.06182 (13/20)
    fp=0.0058 tp=0.0000  [8.9s]
  rho=15.11450 (14/20)
    fp=0.0078 tp=0.0000  [0.0s]
  rho=13.38943 (15/20)
    fp=0.0091 tp=0.0000  [0.0s]
  rho=11.86125 (16/20)
    fp=0.0111 tp=0.0094  [8.9s]
  rho=10.50749 (17/20)
    fp=0.0136 tp=0.0094  [9.0s]
  rho=9.30824 (18/20)
    fp=0.0157 tp=0.0189  [9.0s]
  rho=8.24586 (19/20)
    fp=0.0196 tp=0.0189  [0.3s]
  rho=7.30473 (20/20)
    fp=0.0225 tp=0.0189  [0.1s]
  rho=6.47102 (21/21)  [extra 1/50]
    fp=0.0250 tp=0.0283  [0.1s]
  rho=5.73246 (22/22)  [extra 2/50]
    fp=0.0291 tp=0.0377  [0.1s]
  rho=5.07820 (23/23)  [extra 3/50]
    fp=0.0334 tp=0.0377  [0.1s]
  rho=4.49861 (24/24)  [extra 4/50]
    fp=0.0400 tp=0.0566  [0.8s]
  rho=3.98517 (25/25)  [extra 5/50]
    fp=0.0481 tp=0.0566  [0.1s]
  rho=3.53033 (26/26)  [extra 6/50]
    fp=0.0547 tp=0.0660  [0.0s]
  rho=3.12740 (27/27)  [extra 7/50]
    fp=0.0642 tp=0.0755  [0.1s]
  rho=2.77046 (28/28)  [extra 8/50]
    fp=0.0720 tp=0.0943  [0.1s]
  rho=2.45426 (29/29)  [extra 9/50]
    fp=0.0820 tp=0.0943  [0.1s]
  rho=2.17414 (30/30)  [extra 10/50]
    fp=0.0933 tp=0.0943  [0.2s]
  rho=1.92600 (31/31)  [extra 11/50]
    fp=0.1047 tp=0.1038  [0.3s]
  rho=1.70618 (32/32)  [extra 12/50]
    fp=0.1156 tp=0.1226  [0.1s]
  rho=1.51145 (33/33)  [extra 13/50]
    fp=0.1274 tp=0.1321  [0.1s]
  rho=1.33894 (34/34)  [extra 14/50]
    fp=0.1367 tp=0.1415  [0.1s]
  rho=1.18613 (35/35)  [extra 15/50]
    fp=0.1495 tp=0.1509  [0.1s]
  rho=1.05075 (36/36)  [extra 16/50]
    fp=0.1649 tp=0.1509  [0.0s]
  rho=0.93082 (37/37)  [extra 17/50]
    fp=0.1837 tp=0.1887  [0.0s]
  rho=0.82459 (38/38)  [extra 18/50]
    fp=0.1986 tp=0.2075  [0.1s]
  rho=0.73047 (39/39)  [extra 19/50]
    fp=0.2172 tp=0.2264  [0.1s]
  rho=0.64710 (40/40)  [extra 20/50]
    fp=0.2341 tp=0.2453  [0.1s]
  rho=0.57325 (41/41)  [extra 21/50]
    fp=0.2531 tp=0.2642  [0.3s]
  rho=0.50782 (42/42)  [extra 22/50]
    fp=0.2733 tp=0.3019  [0.0s]
  rho=0.44986 (43/43)  [extra 23/50]
    fp=0.2944 tp=0.3113  [1.0s]
  rho=0.39852 (44/44)  [extra 24/50]
    fp=0.3128 tp=0.3302  [0.0s]
  FPR 0.3128 >= fp_end=0.3; stopping after 44 fits
  [note] 11/44 fits hit a glasso ConvergenceWarning (suppressed)
  grid extended by 24 points down to rho=0.39852, ending at FPR 0.3128
  [warn] mean_roc averages out to FPR 0.300 but the shortest replicate only reached 0.050; its TPR is held flat above that
  [warn] mean_roc averages out to FPR 0.300 but the shortest replicate only reached 0.045; its TPR is held flat above that

(p=100, n=50) over 31 replicates
  t+lasso  (run_em_diagonal):    AUC = 0.135 (SE 0.003)
  ~t+lasso (run_em_exact):       AUC = 0.128 (SE 0.002)
  tlasso   (run_tlasso):         AUC = 0.045 (SE 0.002)
  t*lasso  (run_tstar_varlasso): AUC = 0.108 (SE 0.002)
  glasso   (graphical_lasso):    AUC = 0.046 (SE 0.002)
Replicate 32/50
  Theta: 96/4950 edges
  pilot fit of run_tlasso at rho=30.34854
  -> rho_max = max|S_ij| (off-diag) = 5919.60663
  rho grid: [5919.60662712 5243.98292325 4645.47032119 4115.26788338 3645.57915152
 3229.49750215 2860.90458686 2534.38036403 2245.12339877 1988.88025934
 1761.88297185 1560.79361335 1382.65522875 1224.84834974 1085.05247632
  961.21195463  851.50574915  754.32066501  668.22762646  591.96066271]
Running run_tlasso over 20 rho values, extending until FPR >= 0.3...
  rho=5919.60663 (1/20)
    fp=0.0002 tp=0.0000  [0.1s]
   nu  = 3.0000
  rho=5243.98292 (2/20)
    fp=0.0002 tp=0.0000  [0.1s]
   nu  = 3.0000
  rho=4645.47032 (3/20)
    fp=0.0002 tp=0.0000  [0.1s]
   nu  = 3.0000
  rho=4115.26788 (4/20)
    fp=0.0002 tp=0.0000  [0.1s]
   nu  = 3.0000
  rho=3645.57915 (5/20)
    fp=0.0002 tp=0.0000  [0.1s]
   nu  = 3.0000
  rho=3229.49750 (6/20)
    fp=0.0002 tp=0.0000  [0.1s]
   nu  = 3.0000
  rho=2860.90459 (7/20)
    fp=0.0002 tp=0.0000  [0.1s]
   nu  = 3.0000
  rho=2534.38036 (8/20)
    fp=0.0002 tp=0.0000  [0.1s]
   nu  = 3.0000
  rho=2245.12340 (9/20)
    fp=0.0002 tp=0.0000  [0.1s]
   nu  = 3.0000
  rho=1988.88026 (10/20)
    fp=0.0002 tp=0.0000  [0.1s]
   nu  = 3.0000
  rho=1761.88297 (11/20)
    fp=0.0002 tp=0.0000  [0.1s]
   nu  = 3.0000
  rho=1560.79361 (12/20)
    fp=0.0002 tp=0.0000  [0.1s]
   nu  = 3.0000
  rho=1382.65523 (13/20)
    fp=0.0002 tp=0.0000  [0.1s]
   nu  = 3.0000
  rho=1224.84835 (14/20)
    fp=0.0002 tp=0.0000  [0.1s]
   nu  = 3.0000
  rho=1085.05248 (15/20)
    fp=0.0008 tp=0.0000  [0.1s]
   nu  = 3.0000
  rho=961.21195 (16/20)
    fp=0.0008 tp=0.0000  [0.1s]
   nu  = 3.0000
  rho=851.50575 (17/20)
    fp=0.0010 tp=0.0000  [0.1s]
   nu  = 3.0000
  rho=754.32067 (18/20)
    fp=0.0012 tp=0.0000  [0.1s]
   nu  = 3.0000
  rho=668.22763 (19/20)
    fp=0.0019 tp=0.0000  [0.1s]
   nu  = 3.0000
  rho=591.96066 (20/20)
    fp=0.0027 tp=0.0000  [0.1s]
   nu  = 3.0000
  rho=524.39829 (21/21)  [extra 1/50]
    fp=0.0035 tp=0.0000  [0.1s]
   nu  = 3.0000
  rho=464.54703 (22/22)  [extra 2/50]
    fp=0.0039 tp=0.0000  [0.1s]
   nu  = 3.0000
  rho=411.52679 (23/23)  [extra 3/50]
    fp=0.0047 tp=0.0000  [0.1s]
   nu  = 3.0000
  rho=364.55792 (24/24)  [extra 4/50]
    fp=0.0052 tp=0.0000  [0.1s]
   nu  = 3.0000
  rho=322.94975 (25/25)  [extra 5/50]
    fp=0.0052 tp=0.0000  [0.1s]
   nu  = 3.0000
  rho=286.09046 (26/26)  [extra 6/50]
    fp=0.0068 tp=0.0000  [0.1s]
   nu  = 3.0000
  rho=253.43804 (27/27)  [extra 7/50]
    fp=0.0080 tp=0.0000  [0.1s]
   nu  = 3.0000
  rho=224.51234 (28/28)  [extra 8/50]
    fp=0.0091 tp=0.0000  [0.1s]
   nu  = 3.0000
  rho=198.88803 (29/29)  [extra 9/50]
    fp=0.0107 tp=0.0000  [0.1s]
   nu  = 3.0000
  rho=176.18830 (30/30)  [extra 10/50]
    fp=0.0134 tp=0.0000  [0.1s]
   nu  = 3.0000
  rho=156.07936 (31/31)  [extra 11/50]
    fp=0.0163 tp=0.0104  [0.1s]
   nu  = 3.0000
  rho=138.26552 (32/32)  [extra 12/50]
    fp=0.0190 tp=0.0104  [0.1s]
   nu  = 3.0000
  rho=122.48483 (33/33)  [extra 13/50]
    fp=0.0243 tp=0.0104  [0.1s]
   nu  = 3.0000
  rho=108.50525 (34/34)  [extra 14/50]
    fp=0.0280 tp=0.0104  [0.1s]
   nu  = 3.0000
  rho=96.12120 (35/35)  [extra 15/50]
    fp=0.0317 tp=0.0208  [0.1s]
   nu  = 3.0000
  rho=85.15057 (36/36)  [extra 16/50]
    fp=0.0350 tp=0.0208  [0.1s]
   nu  = 3.0000
  rho=75.43207 (37/37)  [extra 17/50]
    fp=0.0389 tp=0.0312  [0.1s]
   nu  = 3.0000
  rho=66.82276 (38/38)  [extra 18/50]
    fp=0.0447 tp=0.0312  [0.1s]
   nu  = 3.0000
  rho=59.19607 (39/39)  [extra 19/50]
    fp=0.0490 tp=0.0417  [0.1s]
   nu  = 3.0000
  rho=52.43983 (40/40)  [extra 20/50]
    fp=0.0554 tp=0.0417  [0.1s]
   nu  = 3.0000
  rho=46.45470 (41/41)  [extra 21/50]
    fp=0.0620 tp=0.0417  [0.1s]
   nu  = 3.0000
  rho=41.15268 (42/42)  [extra 22/50]
    fp=0.0672 tp=0.0521  [0.1s]
   nu  = 3.0000
  rho=36.45579 (43/43)  [extra 23/50]
    fp=0.0746 tp=0.0625  [0.1s]
   nu  = 3.0000
  rho=32.29498 (44/44)  [extra 24/50]
    fp=0.0820 tp=0.0833  [0.2s]
   nu  = 3.0000
  rho=28.60905 (45/45)  [extra 25/50]
    fp=0.0896 tp=0.0833  [0.3s]
   nu  = 3.0000
  rho=25.34380 (46/46)  [extra 26/50]
    fp=0.0972 tp=0.0833  [0.2s]
   nu  = 3.0000
  rho=22.45123 (47/47)  [extra 27/50]
    fp=0.1047 tp=0.0833  [0.2s]
   nu  = 3.0000
  rho=19.88880 (48/48)  [extra 28/50]
    fp=0.1154 tp=0.0833  [0.2s]
   nu  = 3.0000
  rho=17.61883 (49/49)  [extra 29/50]
    fp=0.1253 tp=0.0833  [0.3s]
   nu  = 3.0000
  rho=15.60794 (50/50)  [extra 30/50]
    fp=0.1347 tp=0.1042  [0.3s]
   nu  = 3.0000
  rho=13.82655 (51/51)  [extra 31/50]
    fp=0.1442 tp=0.1042  [0.2s]
   nu  = 3.0000
  rho=12.24848 (52/52)  [extra 32/50]
    fp=0.1613 tp=0.1354  [0.3s]
   nu  = 3.0000
  rho=10.85052 (53/53)  [extra 33/50]
    fp=0.1733 tp=0.1458  [0.3s]
   nu  = 3.0000
  rho=9.61212 (54/54)  [extra 34/50]
    fp=0.1902 tp=0.1979  [0.4s]
   nu  = 3.0000
  rho=8.51506 (55/55)  [extra 35/50]
    fp=0.2029 tp=0.2083  [0.4s]
   nu  = 3.0000
  rho=7.54321 (56/56)  [extra 36/50]
    fp=0.2194 tp=0.2292  [0.4s]
   nu  = 3.0000
  rho=6.68228 (57/57)  [extra 37/50]
    fp=0.2388 tp=0.2708  [0.5s]
   nu  = 3.0000
  rho=5.91961 (58/58)  [extra 38/50]
    fp=0.2598 tp=0.3021  [0.6s]
   nu  = 3.0000
  rho=5.24398 (59/59)  [extra 39/50]
    fp=0.2792 tp=0.3333  [0.7s]
   nu  = 3.0000
  rho=4.64547 (60/60)  [extra 40/50]
    fp=0.3082 tp=0.3542  [0.6s]
   nu  = 3.0000
  FPR 0.3082 >= fp_end=0.3; stopping after 60 fits
  grid extended by 40 points down to rho=4.64547, ending at FPR 0.3082
  pilot fit of run_tstar_varlasso at rho=0.30349
  -> rho_max = max|S_ij| (off-diag) = 1.01136
  rho grid: [1.0113611  0.89593121 0.7936757  0.70309095 0.62284492 0.55175763
 0.48878376 0.4329973  0.38357793 0.33979895 0.30101661 0.26666061
 0.23622578 0.20926458 0.18538054 0.16422246 0.14547923 0.12887521
 0.11416627 0.10113611]
Running run_tstar_varlasso over 20 rho values, extending until FPR >= 0.3...
  rho=1.01136 (1/20)
    fp=0.0014 tp=0.0000  [0.2s]
   nu  = 3.0000
  rho=0.89593 (2/20)
    fp=0.0019 tp=0.0000  [0.1s]
   nu  = 3.0000
  rho=0.79368 (3/20)
    fp=0.0033 tp=0.0000  [0.1s]
   nu  = 3.0000
  rho=0.70309 (4/20)
    fp=0.0054 tp=0.0104  [0.1s]
   nu  = 3.0000
  rho=0.62284 (5/20)
    fp=0.0070 tp=0.0104  [0.1s]
   nu  = 3.0000
  rho=0.55176 (6/20)
    fp=0.0097 tp=0.0208  [0.1s]
   nu  = 3.0000
  rho=0.48878 (7/20)
    fp=0.0148 tp=0.0208  [0.1s]
   nu  = 3.0000
  rho=0.43300 (8/20)
    fp=0.0204 tp=0.0521  [0.1s]
   nu  = 3.0000
  rho=0.38358 (9/20)
    fp=0.0284 tp=0.0833  [0.1s]
   nu  = 3.0000
  rho=0.33980 (10/20)
    fp=0.0381 tp=0.1250  [0.1s]
   nu  = 3.0000
  rho=0.30102 (11/20)
    fp=0.0499 tp=0.1458  [0.1s]
   nu  = 3.0000
  rho=0.26666 (12/20)
    fp=0.0635 tp=0.1667  [0.1s]
   nu  = 3.0000
  rho=0.23623 (13/20)
    fp=0.0787 tp=0.2188  [0.1s]
   nu  = 3.0000
  rho=0.20926 (14/20)
    fp=0.0983 tp=0.2604  [0.2s]
   nu  = 3.0000
  rho=0.18538 (15/20)
    fp=0.1183 tp=0.3229  [0.2s]
   nu  = 3.0000
  rho=0.16422 (16/20)
    fp=0.1399 tp=0.3854  [0.2s]
   nu  = 3.0000
  rho=0.14548 (17/20)
    fp=0.1621 tp=0.4792  [0.2s]
   nu  = 3.0000
  rho=0.12888 (18/20)
    fp=0.1899 tp=0.5312  [0.2s]
   nu  = 3.0000
  rho=0.11417 (19/20)
    fp=0.2163 tp=0.5312  [0.2s]
   nu  = 3.0000
  rho=0.10114 (20/20)
    fp=0.2398 tp=0.5417  [0.2s]
   nu  = 3.0000
  rho=0.08959 (21/21)  [extra 1/50]
    fp=0.2660 tp=0.5625  [0.2s]
   nu  = 3.0000
  rho=0.07937 (22/22)  [extra 2/50]
    fp=0.2857 tp=0.5729  [0.2s]
   nu  = 3.0000
  rho=0.07031 (23/23)  [extra 3/50]
    fp=0.3084 tp=0.6250  [0.3s]
   nu  = 3.0000
  FPR 0.3084 >= fp_end=0.3; stopping after 23 fits
  grid extended by 3 points down to rho=0.07031, ending at FPR 0.3084
  pilot fit of run_em_diagonal at rho=0.30349
  -> rho_max = max|S_ij| (off-diag) = 0.60225
  rho grid: [0.60225098 0.53351414 0.47262246 0.41868054 0.37089519 0.32856373
 0.2910637  0.25784366 0.22841514 0.20234539 0.17925106 0.15879256
 0.14066905 0.12461404 0.11039144 0.09779211 0.08663079 0.07674334
 0.06798437 0.0602251 ]
Running run_em_diagonal over 20 rho values, extending until FPR >= 0.3...
  rho=0.60225 (1/20)
    fp=0.0000 tp=0.0104  [10.9s]
   median nu  = 0.514
   median |eta| = 1.343
  rho=0.53351 (2/20)
    fp=0.0002 tp=0.0104  [10.4s]
   median nu  = 0.538
   median |eta| = 1.26
  rho=0.47262 (3/20)
    fp=0.0008 tp=0.0208  [10.4s]
   median nu  = 0.559
   median |eta| = 1.2
  rho=0.41868 (4/20)
    fp=0.0021 tp=0.0208  [10.4s]
   median nu  = 0.578
   median |eta| = 1.178
  rho=0.37090 (5/20)
    fp=0.0045 tp=0.0521  [10.5s]
   median nu  = 0.594
   median |eta| = 1.162
  rho=0.32856 (6/20)
    fp=0.0072 tp=0.0833  [10.9s]
   median nu  = 0.606
   median |eta| = 1.185
  rho=0.29106 (7/20)
    fp=0.0130 tp=0.1250  [11.2s]
   median nu  = 0.617
   median |eta| = 1.217
  rho=0.25784 (8/20)
    fp=0.0218 tp=0.1562  [11.0s]
   median nu  = 0.636
   median |eta| = 1.221
  rho=0.22842 (9/20)
    fp=0.0297 tp=0.1771  [11.0s]
   median nu  = 0.65
   median |eta| = 1.19
  rho=0.20235 (10/20)
    fp=0.0398 tp=0.2604  [11.4s]
   median nu  = 0.661
   median |eta| = 1.138
  rho=0.17925 (11/20)
    fp=0.0550 tp=0.2917  [11.2s]
   median nu  = 0.669
   median |eta| = 1.11
  rho=0.15879 (12/20)
    fp=0.0680 tp=0.3646  [11.0s]
   median nu  = 0.676
   median |eta| = 1.114
  rho=0.14067 (13/20)
    fp=0.0838 tp=0.3854  [11.1s]
   median nu  = 0.684
   median |eta| = 0.993
  rho=0.12461 (14/20)
    fp=0.1028 tp=0.3958  [11.0s]
   median nu  = 0.705
   median |eta| = 0.919
  rho=0.11039 (15/20)
    fp=0.1205 tp=0.4167  [11.0s]
   median nu  = 0.717
   median |eta| = 0.923
  rho=0.09779 (16/20)
    fp=0.1372 tp=0.4271  [11.1s]
   median nu  = 0.739
   median |eta| = 0.896
  rho=0.08663 (17/20)
    fp=0.1580 tp=0.4792  [11.0s]
   median nu  = 0.742
   median |eta| = 0.925
  rho=0.07674 (18/20)
    fp=0.1805 tp=0.5104  [11.1s]
   median nu  = 0.758
   median |eta| = 0.89
  rho=0.06798 (19/20)
    fp=0.2011 tp=0.5417  [11.4s]
   median nu  = 0.732
   median |eta| = 0.925
  rho=0.06023 (20/20)
    fp=0.2188 tp=0.5833  [11.5s]
   median nu  = 0.715
   median |eta| = 0.979
  rho=0.05335 (21/21)  [extra 1/50]
    fp=0.2353 tp=0.6146  [11.9s]
   median nu  = 0.72
   median |eta| = 0.973
  rho=0.04726 (22/22)  [extra 2/50]
    fp=0.2526 tp=0.6458  [11.7s]
   median nu  = 0.727
   median |eta| = 0.885
  rho=0.04187 (23/23)  [extra 3/50]
    fp=0.2689 tp=0.6771  [11.4s]
   median nu  = 0.777
   median |eta| = 0.944
  rho=0.03709 (24/24)  [extra 4/50]
    fp=0.2824 tp=0.6771  [11.3s]
   median nu  = 0.727
   median |eta| = 0.98
  rho=0.03286 (25/25)  [extra 5/50]
    fp=0.2942 tp=0.6875  [10.7s]
   median nu  = 0.708
   median |eta| = 1.043
  rho=0.02911 (26/26)  [extra 6/50]
    fp=0.3105 tp=0.6875  [10.2s]
   median nu  = 0.751
   median |eta| = 1.119
  FPR 0.3105 >= fp_end=0.3; stopping after 26 fits
  grid extended by 6 points down to rho=0.02911, ending at FPR 0.3105
  pilot fit of run_em_exact at rho=0.30349
  -> rho_max = max|S_ij| (off-diag) = 0.60543
  rho grid: [0.60543021 0.53633052 0.47511739 0.42089072 0.37285311 0.33029819
 0.2926002  0.2592048  0.22962092 0.20341355 0.18019731 0.15963081
 0.14141163 0.12527187 0.11097419 0.09830835 0.0870881  0.07714846
 0.06834326 0.06054302]
Running run_em_exact over 20 rho values, extending until FPR >= 0.3...
  rho=0.60543 (1/20)
    fp=0.0000 tp=0.0104  [10.3s]
   median nu  = 0.513
   median |eta| = 1.344
  rho=0.53633 (2/20)
    fp=0.0002 tp=0.0104  [10.1s]
   median nu  = 0.537
   median |eta| = 1.264
  rho=0.47512 (3/20)
    fp=0.0008 tp=0.0208  [10.3s]
   median nu  = 0.558
   median |eta| = 1.201
  rho=0.42089 (4/20)
    fp=0.0021 tp=0.0208  [10.3s]
   median nu  = 0.579
   median |eta| = 1.151
  rho=0.37285 (5/20)
    fp=0.0045 tp=0.0417  [10.5s]
   median nu  = 0.597
   median |eta| = 1.062
  rho=0.33030 (6/20)
    fp=0.0070 tp=0.0833  [10.5s]
   median nu  = 0.609
   median |eta| = 1.079
  rho=0.29260 (7/20)
    fp=0.0138 tp=0.1354  [10.5s]
   median nu  = 0.619
   median |eta| = 0.997
  rho=0.25920 (8/20)
    fp=0.0235 tp=0.1562  [10.2s]
   median nu  = 0.639
   median |eta| = 0.913
  rho=0.22962 (9/20)
    fp=0.0317 tp=0.1875  [10.1s]
   median nu  = 0.691
   median |eta| = 0.738
  rho=0.20341 (10/20)
    fp=0.0472 tp=0.2708  [10.0s]
   median nu  = 0.75
   median |eta| = 0.654
  rho=0.18020 (11/20)
    fp=0.0647 tp=0.3229  [9.7s]
   median nu  = 0.801
   median |eta| = 0.601
  rho=0.15963 (12/20)
    fp=0.0826 tp=0.3854  [9.6s]
   median nu  = 0.857
   median |eta| = 0.547
  rho=0.14141 (13/20)
    fp=0.1065 tp=0.3958  [9.8s]
   median nu  = 0.925
   median |eta| = 0.435
  rho=0.12527 (14/20)
    fp=0.1251 tp=0.4062  [8.7s]
   median nu  = 0.987
   median |eta| = 0.358
  rho=0.11097 (15/20)
    fp=0.1448 tp=0.4583  [9.4s]
   median nu  = 1.088
   median |eta| = 0.247
  rho=0.09831 (16/20)
    fp=0.1652 tp=0.4792  [9.0s]
   median nu  = 1.185
   median |eta| = 0.184
  rho=0.08709 (17/20)
    fp=0.1922 tp=0.5104  [8.8s]
   median nu  = 1.278
   median |eta| = 0.138
  rho=0.07715 (18/20)
    fp=0.2141 tp=0.5521  [8.8s]
   median nu  = 1.379
   median |eta| = 0.1
  rho=0.06834 (19/20)
    fp=0.2367 tp=0.5833  [8.7s]
   median nu  = 1.503
   median |eta| = 0.073
  rho=0.06054 (20/20)
    fp=0.2579 tp=0.6042  [8.5s]
   median nu  = 1.654
   median |eta| = 0.052
  rho=0.05363 (21/21)  [extra 1/50]
    fp=0.2763 tp=0.6146  [8.5s]
   median nu  = 1.812
   median |eta| = 0.039
  rho=0.04751 (22/22)  [extra 2/50]
    fp=0.2956 tp=0.6354  [8.5s]
   median nu  = 1.926
   median |eta| = 0.029
  rho=0.04209 (23/23)  [extra 3/50]
    fp=0.3086 tp=0.6667  [8.0s]
   median nu  = 2.05
   median |eta| = 0.022
  FPR 0.3086 >= fp_end=0.3; stopping after 23 fits
  grid extended by 3 points down to rho=0.04209, ending at FPR 0.3086
  graphical_lasso rho_max = max|S_ij| (off-diag) = 345.45953
  rho grid: [345.45953267 306.03112742 271.10281262 240.16097848 212.75063519
 188.46872235 166.95818217 147.90270897 131.02209809 116.0681255
 102.82089781  91.08561873  80.68972472  71.48034745  63.32206598
  56.09491535  49.69262262  44.02104411  38.99678105  34.54595327]
Running graphical_lasso over 20 rho values, extending until FPR >= 0.3...
  rho=345.45953 (1/20)
    fp=0.0000 tp=0.0000  [0.0s]
  rho=306.03113 (2/20)
    fp=0.0002 tp=0.0000  [0.0s]
  rho=271.10281 (3/20)
    fp=0.0002 tp=0.0000  [8.7s]
  rho=240.16098 (4/20)
    fp=0.0002 tp=0.0000  [0.0s]
  rho=212.75064 (5/20)
    fp=0.0002 tp=0.0000  [0.0s]
  rho=188.46872 (6/20)
    fp=0.0002 tp=0.0000  [0.0s]
  rho=166.95818 (7/20)
    fp=0.0002 tp=0.0000  [0.0s]
  rho=147.90271 (8/20)
    fp=0.0002 tp=0.0000  [0.0s]
  rho=131.02210 (9/20)
    fp=0.0002 tp=0.0000  [0.0s]
  rho=116.06813 (10/20)
    fp=0.0002 tp=0.0000  [0.0s]
  rho=102.82090 (11/20)
    fp=0.0002 tp=0.0000  [0.0s]
  rho=91.08562 (12/20)
    fp=0.0002 tp=0.0000  [0.0s]
  rho=80.68972 (13/20)
    fp=0.0002 tp=0.0000  [0.0s]
  rho=71.48035 (14/20)
    fp=0.0002 tp=0.0000  [0.0s]
  rho=63.32207 (15/20)
    fp=0.0004 tp=0.0000  [0.0s]
  rho=56.09492 (16/20)
    fp=0.0004 tp=0.0000  [0.0s]
  rho=49.69262 (17/20)
    fp=0.0012 tp=0.0000  [0.0s]
  rho=44.02104 (18/20)
    fp=0.0019 tp=0.0000  [0.0s]
  rho=38.99678 (19/20)
    fp=0.0023 tp=0.0000  [0.0s]
  rho=34.54595 (20/20)
    fp=0.0027 tp=0.0000  [0.0s]
  rho=30.60311 (21/21)  [extra 1/50]
    fp=0.0035 tp=0.0000  [0.0s]
  rho=27.11028 (22/22)  [extra 2/50]
    fp=0.0037 tp=0.0000  [0.0s]
  rho=24.01610 (23/23)  [extra 3/50]
    fp=0.0045 tp=0.0000  [0.1s]
  rho=21.27506 (24/24)  [extra 4/50]
    fp=0.0054 tp=0.0000  [0.0s]
  rho=18.84687 (25/25)  [extra 5/50]
    fp=0.0060 tp=0.0000  [0.0s]
  rho=16.69582 (26/26)  [extra 6/50]
    fp=0.0068 tp=0.0000  [0.0s]
  rho=14.79027 (27/27)  [extra 7/50]
    fp=0.0074 tp=0.0000  [0.1s]
  rho=13.10221 (28/28)  [extra 8/50]
    fp=0.0091 tp=0.0000  [9.0s]
  rho=11.60681 (29/29)  [extra 9/50]
    fp=0.0107 tp=0.0000  [9.0s]
  rho=10.28209 (30/30)  [extra 10/50]
    fp=0.0146 tp=0.0000  [0.0s]
  rho=9.10856 (31/31)  [extra 11/50]
    fp=0.0181 tp=0.0104  [0.0s]
  rho=8.06897 (32/32)  [extra 12/50]
    fp=0.0218 tp=0.0104  [0.0s]
  rho=7.14803 (33/33)  [extra 13/50]
    fp=0.0253 tp=0.0104  [0.1s]
  rho=6.33221 (34/34)  [extra 14/50]
    fp=0.0282 tp=0.0208  [0.0s]
  rho=5.60949 (35/35)  [extra 15/50]
    fp=0.0336 tp=0.0208  [0.0s]
  rho=4.96926 (36/36)  [extra 16/50]
    fp=0.0377 tp=0.0208  [0.3s]
  rho=4.40210 (37/37)  [extra 17/50]
    fp=0.0414 tp=0.0312  [0.0s]
  rho=3.89968 (38/38)  [extra 18/50]
    fp=0.0472 tp=0.0312  [0.2s]
  rho=3.45460 (39/39)  [extra 19/50]
    fp=0.0529 tp=0.0417  [0.2s]
  rho=3.06031 (40/40)  [extra 20/50]
    fp=0.0591 tp=0.0417  [0.4s]
  rho=2.71103 (41/41)  [extra 21/50]
    fp=0.0667 tp=0.0521  [0.2s]
  rho=2.40161 (42/42)  [extra 22/50]
    fp=0.0744 tp=0.0729  [0.4s]
  rho=2.12751 (43/43)  [extra 23/50]
    fp=0.0832 tp=0.0729  [0.0s]
  rho=1.88469 (44/44)  [extra 24/50]
    fp=0.0909 tp=0.0833  [0.3s]
  rho=1.66958 (45/45)  [extra 25/50]
    fp=0.1034 tp=0.0938  [0.1s]
  rho=1.47903 (46/46)  [extra 26/50]
    fp=0.1131 tp=0.0938  [0.3s]
  rho=1.31022 (47/47)  [extra 27/50]
    fp=0.1275 tp=0.0938  [0.3s]
  rho=1.16068 (48/48)  [extra 28/50]
    fp=0.1372 tp=0.1250  [0.4s]
  rho=1.02821 (49/49)  [extra 29/50]
    fp=0.1535 tp=0.1250  [0.1s]
  rho=0.91086 (50/50)  [extra 30/50]
    fp=0.1687 tp=0.1458  [0.2s]
  rho=0.80690 (51/51)  [extra 31/50]
    fp=0.1842 tp=0.1979  [0.5s]
  rho=0.71480 (52/52)  [extra 32/50]
    fp=0.2023 tp=0.1979  [0.3s]
  rho=0.63322 (53/53)  [extra 33/50]
    fp=0.2194 tp=0.2396  [0.1s]
  rho=0.56095 (54/54)  [extra 34/50]
    fp=0.2357 tp=0.2708  [0.8s]
  rho=0.49693 (55/55)  [extra 35/50]
    fp=0.2563 tp=0.2917  [0.1s]
  rho=0.44021 (56/56)  [extra 36/50]
    fp=0.2798 tp=0.3333  [0.0s]
  rho=0.38997 (57/57)  [extra 37/50]
    fp=0.3059 tp=0.3542  [0.3s]
  FPR 0.3059 >= fp_end=0.3; stopping after 57 fits
  [note] 3/57 fits hit a glasso ConvergenceWarning (suppressed)
  grid extended by 37 points down to rho=0.38997, ending at FPR 0.3059
  [warn] mean_roc averages out to FPR 0.300 but the shortest replicate only reached 0.050; its TPR is held flat above that
  [warn] mean_roc averages out to FPR 0.300 but the shortest replicate only reached 0.045; its TPR is held flat above that

(p=100, n=50) over 32 replicates
  t+lasso  (run_em_diagonal):    AUC = 0.135 (SE 0.002)
  ~t+lasso (run_em_exact):       AUC = 0.128 (SE 0.002)
  tlasso   (run_tlasso):         AUC = 0.045 (SE 0.002)
  t*lasso  (run_tstar_varlasso): AUC = 0.108 (SE 0.002)
  glasso   (graphical_lasso):    AUC = 0.046 (SE 0.002)
Replicate 33/50
  Theta: 95/4950 edges
  pilot fit of run_tlasso at rho=30.34854
  -> rho_max = max|S_ij| (off-diag) = 8390.53636
  rho grid: [8390.53635661 7432.89751205 6584.55706244 5833.04043118 5167.2968051
 4577.53663583 4055.08768757 3592.26751462 3182.27049347 2819.06774827
 2497.3184981  2212.29152255 1959.79559053 1736.11782964 1537.96912952
 1362.43577652 1206.93660848 1069.18505959  947.15553709  839.05363566]
Running run_tlasso over 20 rho values, extending until FPR >= 0.3...
  rho=8390.53636 (1/20)
    fp=0.0000 tp=0.0000  [0.1s]
   nu  = 3.0000
  rho=7432.89751 (2/20)
    fp=0.0000 tp=0.0000  [0.1s]
   nu  = 3.0000
  rho=6584.55706 (3/20)
    fp=0.0000 tp=0.0000  [0.1s]
   nu  = 3.0000
  rho=5833.04043 (4/20)
    fp=0.0000 tp=0.0000  [0.1s]
   nu  = 3.0000
  rho=5167.29681 (5/20)
    fp=0.0004 tp=0.0000  [0.0s]
   nu  = 3.0000
  rho=4577.53664 (6/20)
    fp=0.0008 tp=0.0000  [0.1s]
   nu  = 3.0000
  rho=4055.08769 (7/20)
    fp=0.0012 tp=0.0000  [0.1s]
   nu  = 3.0000
  rho=3592.26751 (8/20)
    fp=0.0012 tp=0.0000  [0.1s]
   nu  = 3.0000
  rho=3182.27049 (9/20)
    fp=0.0014 tp=0.0000  [0.1s]
   nu  = 3.0000
  rho=2819.06775 (10/20)
    fp=0.0021 tp=0.0000  [0.1s]
   nu  = 3.0000
  rho=2497.31850 (11/20)
    fp=0.0027 tp=0.0000  [0.1s]
   nu  = 3.0000
  rho=2212.29152 (12/20)
    fp=0.0027 tp=0.0000  [0.1s]
   nu  = 3.0000
  rho=1959.79559 (13/20)
    fp=0.0029 tp=0.0000  [0.1s]
   nu  = 3.0000
  rho=1736.11783 (14/20)
    fp=0.0033 tp=0.0000  [0.1s]
   nu  = 3.0000
  rho=1537.96913 (15/20)
    fp=0.0039 tp=0.0000  [0.1s]
   nu  = 3.0000
  rho=1362.43578 (16/20)
    fp=0.0054 tp=0.0000  [0.1s]
   nu  = 3.0000
  rho=1206.93661 (17/20)
    fp=0.0076 tp=0.0000  [0.1s]
   nu  = 3.0000
  rho=1069.18506 (18/20)
    fp=0.0097 tp=0.0211  [0.1s]
   nu  = 3.0000
  rho=947.15554 (19/20)
    fp=0.0113 tp=0.0211  [0.1s]
   nu  = 3.0000
  rho=839.05364 (20/20)
    fp=0.0124 tp=0.0211  [0.1s]
   nu  = 3.0000
  rho=743.28975 (21/21)  [extra 1/50]
    fp=0.0128 tp=0.0211  [0.1s]
   nu  = 3.0000
  rho=658.45571 (22/22)  [extra 2/50]
    fp=0.0171 tp=0.0211  [0.1s]
   nu  = 3.0000
  rho=583.30404 (23/23)  [extra 3/50]
    fp=0.0200 tp=0.0211  [0.1s]
   nu  = 3.0000
  rho=516.72968 (24/24)  [extra 4/50]
    fp=0.0218 tp=0.0316  [0.1s]
   nu  = 3.0000
  rho=457.75366 (25/25)  [extra 5/50]
    fp=0.0241 tp=0.0316  [0.1s]
   nu  = 3.0000
  rho=405.50877 (26/26)  [extra 6/50]
    fp=0.0276 tp=0.0421  [0.1s]
   nu  = 3.0000
  rho=359.22675 (27/27)  [extra 7/50]
    fp=0.0303 tp=0.0526  [0.1s]
   nu  = 3.0000
  rho=318.22705 (28/28)  [extra 8/50]
    fp=0.0327 tp=0.0526  [0.1s]
   nu  = 3.0000
  rho=281.90677 (29/29)  [extra 9/50]
    fp=0.0348 tp=0.0526  [0.1s]
   nu  = 3.0000
  rho=249.73185 (30/30)  [extra 10/50]
    fp=0.0383 tp=0.0526  [0.1s]
   nu  = 3.0000
  rho=221.22915 (31/31)  [extra 11/50]
    fp=0.0416 tp=0.0526  [0.1s]
   nu  = 3.0000
  rho=195.97956 (32/32)  [extra 12/50]
    fp=0.0451 tp=0.0526  [0.1s]
   nu  = 3.0000
  rho=173.61178 (33/33)  [extra 13/50]
    fp=0.0482 tp=0.0421  [0.1s]
   nu  = 3.0000
  rho=153.79691 (34/34)  [extra 14/50]
    fp=0.0511 tp=0.0421  [0.1s]
   nu  = 3.0000
  rho=136.24358 (35/35)  [extra 15/50]
    fp=0.0540 tp=0.0421  [0.1s]
   nu  = 3.0000
  rho=120.69366 (36/36)  [extra 16/50]
    fp=0.0583 tp=0.0421  [0.1s]
   nu  = 3.0000
  rho=106.91851 (37/37)  [extra 17/50]
    fp=0.0622 tp=0.0421  [0.1s]
   nu  = 3.0000
  rho=94.71555 (38/38)  [extra 18/50]
    fp=0.0651 tp=0.0526  [0.1s]
   nu  = 3.0000
  rho=83.90536 (39/39)  [extra 19/50]
    fp=0.0698 tp=0.0947  [0.2s]
   nu  = 3.0000
  rho=74.32898 (40/40)  [extra 20/50]
    fp=0.0735 tp=0.1053  [0.1s]
   nu  = 3.0000
  rho=65.84557 (41/41)  [extra 21/50]
    fp=0.0783 tp=0.1368  [0.2s]
   nu  = 3.0000
  rho=58.33040 (42/42)  [extra 22/50]
    fp=0.0824 tp=0.1368  [0.2s]
   nu  = 3.0000
  rho=51.67297 (43/43)  [extra 23/50]
    fp=0.0871 tp=0.1474  [0.1s]
   nu  = 3.0000
  rho=45.77537 (44/44)  [extra 24/50]
    fp=0.0933 tp=0.1579  [0.1s]
   nu  = 3.0000
  rho=40.55088 (45/45)  [extra 25/50]
    fp=0.0989 tp=0.1579  [0.1s]
   nu  = 3.0000
  rho=35.92268 (46/46)  [extra 26/50]
    fp=0.1075 tp=0.1684  [0.2s]
   nu  = 3.0000
  rho=31.82270 (47/47)  [extra 27/50]
    fp=0.1151 tp=0.1684  [0.1s]
   nu  = 3.0000
  rho=28.19068 (48/48)  [extra 28/50]
    fp=0.1203 tp=0.1684  [0.2s]
   nu  = 3.0000
  rho=24.97318 (49/49)  [extra 29/50]
    fp=0.1277 tp=0.1684  [0.2s]
   nu  = 3.0000
  rho=22.12292 (50/50)  [extra 30/50]
    fp=0.1370 tp=0.1684  [0.2s]
   nu  = 3.0000
  rho=19.59796 (51/51)  [extra 31/50]
    fp=0.1475 tp=0.1789  [0.2s]
   nu  = 3.0000
  rho=17.36118 (52/52)  [extra 32/50]
    fp=0.1559 tp=0.1789  [0.2s]
   nu  = 3.0000
  rho=15.37969 (53/53)  [extra 33/50]
    fp=0.1652 tp=0.1789  [0.2s]
   nu  = 3.0000
  rho=13.62436 (54/54)  [extra 34/50]
    fp=0.1755 tp=0.1789  [0.2s]
   nu  = 3.0000
  rho=12.06937 (55/55)  [extra 35/50]
    fp=0.1854 tp=0.1789  [0.2s]
   nu  = 3.0000
  rho=10.69185 (56/56)  [extra 36/50]
    fp=0.1981 tp=0.1895  [0.3s]
   nu  = 3.0000
  rho=9.47156 (57/57)  [extra 37/50]
    fp=0.2146 tp=0.1895  [0.3s]
   nu  = 3.0000
  rho=8.39054 (58/58)  [extra 38/50]
    fp=0.2313 tp=0.2000  [0.3s]
   nu  = 3.0000
  rho=7.43290 (59/59)  [extra 39/50]
    fp=0.2457 tp=0.2211  [0.3s]
   nu  = 3.0000
  rho=6.58456 (60/60)  [extra 40/50]
    fp=0.2612 tp=0.2316  [0.4s]
   nu  = 3.0000
  rho=5.83304 (61/61)  [extra 41/50]
    fp=0.2805 tp=0.2842  [0.4s]
   nu  = 3.0000
  rho=5.16730 (62/62)  [extra 42/50]
    fp=0.3018 tp=0.3053  [0.6s]
   nu  = 3.0000
  FPR 0.3018 >= fp_end=0.3; stopping after 62 fits
  grid extended by 42 points down to rho=5.16730, ending at FPR 0.3018
  pilot fit of run_tstar_varlasso at rho=0.30349
  -> rho_max = max|S_ij| (off-diag) = 0.96834
  rho grid: [0.96834252 0.85782248 0.75991644 0.67318474 0.59635201 0.52828844
 0.46799318 0.41457962 0.36726232 0.32534549 0.28821276 0.25531812
 0.22617784 0.20036344 0.17749532 0.15723721 0.13929122 0.12339346
 0.10931017 0.09683425]
Running run_tstar_varlasso over 20 rho values, extending until FPR >= 0.3...
  rho=0.96834 (1/20)
    fp=0.0006 tp=0.0105  [0.2s]
   nu  = 3.0000
  rho=0.85782 (2/20)
    fp=0.0006 tp=0.0211  [0.1s]
   nu  = 3.0000
  rho=0.75992 (3/20)
    fp=0.0010 tp=0.0316  [0.1s]
   nu  = 3.0000
  rho=0.67318 (4/20)
    fp=0.0033 tp=0.0316  [0.1s]
   nu  = 3.0000
  rho=0.59635 (5/20)
    fp=0.0068 tp=0.0316  [0.1s]
   nu  = 3.0000
  rho=0.52829 (6/20)
    fp=0.0111 tp=0.0316  [0.1s]
   nu  = 3.0000
  rho=0.46799 (7/20)
    fp=0.0154 tp=0.0421  [0.1s]
   nu  = 3.0000
  rho=0.41458 (8/20)
    fp=0.0239 tp=0.0842  [0.1s]
   nu  = 3.0000
  rho=0.36726 (9/20)
    fp=0.0325 tp=0.1158  [0.1s]
   nu  = 3.0000
  rho=0.32535 (10/20)
    fp=0.0406 tp=0.1368  [0.2s]
   nu  = 3.0000
  rho=0.28821 (11/20)
    fp=0.0556 tp=0.2000  [0.1s]
   nu  = 3.0000
  rho=0.25532 (12/20)
    fp=0.0721 tp=0.2316  [0.1s]
   nu  = 3.0000
  rho=0.22618 (13/20)
    fp=0.0910 tp=0.2947  [0.1s]
   nu  = 3.0000
  rho=0.20036 (14/20)
    fp=0.1104 tp=0.3368  [0.2s]
   nu  = 3.0000
  rho=0.17750 (15/20)
    fp=0.1368 tp=0.3895  [0.1s]
   nu  = 3.0000
  rho=0.15724 (16/20)
    fp=0.1617 tp=0.4316  [0.2s]
   nu  = 3.0000
  rho=0.13929 (17/20)
    fp=0.1874 tp=0.4842  [0.1s]
   nu  = 3.0000
  rho=0.12339 (18/20)
    fp=0.2175 tp=0.4947  [0.2s]
   nu  = 3.0000
  rho=0.10931 (19/20)
    fp=0.2430 tp=0.5158  [0.2s]
   nu  = 3.0000
  rho=0.09683 (20/20)
    fp=0.2636 tp=0.5474  [0.2s]
   nu  = 3.0000
  rho=0.08578 (21/21)  [extra 1/50]
    fp=0.2910 tp=0.5684  [0.2s]
   nu  = 3.0000
  rho=0.07599 (22/22)  [extra 2/50]
    fp=0.3133 tp=0.6105  [0.3s]
   nu  = 3.0000
  FPR 0.3133 >= fp_end=0.3; stopping after 22 fits
  grid extended by 2 points down to rho=0.07599, ending at FPR 0.3133
  pilot fit of run_em_diagonal at rho=0.30349
  -> rho_max = max|S_ij| (off-diag) = 0.51172
  rho grid: [0.5117188  0.45331469 0.40157643 0.35574323 0.31514111 0.27917304
 0.24731013 0.21908383 0.19407909 0.17192822 0.1523055  0.13492238
 0.11952326 0.10588169 0.09379707 0.08309171 0.07360819 0.06520705
 0.05776476 0.05117188]
Running run_em_diagonal over 20 rho values, extending until FPR >= 0.3...
  rho=0.51172 (1/20)
    fp=0.0006 tp=0.0211  [10.5s]
   median nu  = 0.451
   median |eta| = 1.44
  rho=0.45331 (2/20)
    fp=0.0012 tp=0.0526  [10.3s]
   median nu  = 0.479
   median |eta| = 1.291
  rho=0.40158 (3/20)
    fp=0.0037 tp=0.0737  [10.5s]
   median nu  = 0.504
   median |eta| = 1.346
  rho=0.35574 (4/20)
    fp=0.0060 tp=0.1158  [10.5s]
   median nu  = 0.528
   median |eta| = 1.32
  rho=0.31514 (5/20)
    fp=0.0105 tp=0.1474  [10.7s]
   median nu  = 0.552
   median |eta| = 1.269
  rho=0.27917 (6/20)
    fp=0.0148 tp=0.1789  [10.8s]
   median nu  = 0.572
   median |eta| = 1.159
  rho=0.24731 (7/20)
    fp=0.0210 tp=0.1895  [10.9s]
   median nu  = 0.594
   median |eta| = 1.128
  rho=0.21908 (8/20)
    fp=0.0307 tp=0.2211  [11.0s]
   median nu  = 0.618
   median |eta| = 1.121
  rho=0.19408 (9/20)
    fp=0.0422 tp=0.2842  [11.1s]
   median nu  = 0.628
   median |eta| = 1.08
  rho=0.17193 (10/20)
    fp=0.0571 tp=0.3263  [11.2s]
   median nu  = 0.627
   median |eta| = 1.044
  rho=0.15231 (11/20)
    fp=0.0731 tp=0.3684  [10.6s]
   median nu  = 0.631
   median |eta| = 1.015
  rho=0.13492 (12/20)
    fp=0.0892 tp=0.3895  [10.7s]
   median nu  = 0.649
   median |eta| = 0.979
  rho=0.11952 (13/20)
    fp=0.1057 tp=0.4105  [10.4s]
   median nu  = 0.703
   median |eta| = 0.946
  rho=0.10588 (14/20)
    fp=0.1228 tp=0.4737  [10.3s]
   median nu  = 0.724
   median |eta| = 0.95
  rho=0.09380 (15/20)
    fp=0.1405 tp=0.4737  [10.3s]
   median nu  = 0.737
   median |eta| = 0.958
  rho=0.08309 (16/20)
    fp=0.1559 tp=0.5053  [11.8s]
   median nu  = 0.749
   median |eta| = 0.97
  rho=0.07361 (17/20)
    fp=0.1732 tp=0.5579  [10.3s]
   median nu  = 0.759
   median |eta| = 0.987
  rho=0.06521 (18/20)
    fp=0.1913 tp=0.5579  [10.2s]
   median nu  = 0.756
   median |eta| = 0.96
  rho=0.05776 (19/20)
    fp=0.2076 tp=0.5789  [10.3s]
   median nu  = 0.742
   median |eta| = 0.962
  rho=0.05117 (20/20)
    fp=0.2229 tp=0.5789  [10.2s]
   median nu  = 0.744
   median |eta| = 0.991
  rho=0.04533 (21/21)  [extra 1/50]
    fp=0.2389 tp=0.5895  [10.3s]
   median nu  = 0.722
   median |eta| = 1.061
  rho=0.04016 (22/22)  [extra 2/50]
    fp=0.2529 tp=0.6000  [10.3s]
   median nu  = 0.719
   median |eta| = 1.154
  rho=0.03557 (23/23)  [extra 3/50]
    fp=0.2704 tp=0.6211  [10.3s]
   median nu  = 0.727
   median |eta| = 1.229
  rho=0.03151 (24/24)  [extra 4/50]
    fp=0.2861 tp=0.6105  [10.2s]
   median nu  = 0.755
   median |eta| = 1.074
  rho=0.02792 (25/25)  [extra 5/50]
    fp=0.2982 tp=0.6316  [10.3s]
   median nu  = 0.735
   median |eta| = 1.34
  rho=0.02473 (26/26)  [extra 6/50]
    fp=0.3102 tp=0.6526  [10.7s]
   median nu  = 0.835
   median |eta| = 1.172
  FPR 0.3102 >= fp_end=0.3; stopping after 26 fits
  grid extended by 6 points down to rho=0.02473, ending at FPR 0.3102
  pilot fit of run_em_exact at rho=0.30349
  -> rho_max = max|S_ij| (off-diag) = 0.55110
  rho grid: [0.55110327 0.48820409 0.43248379 0.38312302 0.33939596 0.30065961
 0.26634437 0.23594563 0.2090164  0.18516068 0.1640277  0.14530669
 0.12872237 0.11403088 0.10101617 0.08948687 0.07927344 0.07022571
 0.06221063 0.05511033]
Running run_em_exact over 20 rho values, extending until FPR >= 0.3...
  rho=0.55110 (1/20)
    fp=0.0006 tp=0.0000  [10.7s]
   median nu  = 0.433
   median |eta| = 1.364
  rho=0.48820 (2/20)
    fp=0.0008 tp=0.0316  [11.1s]
   median nu  = 0.462
   median |eta| = 1.24
  rho=0.43248 (3/20)
    fp=0.0023 tp=0.0632  [10.5s]
   median nu  = 0.489
   median |eta| = 1.341
  rho=0.38312 (4/20)
    fp=0.0047 tp=0.0737  [10.5s]
   median nu  = 0.513
   median |eta| = 1.303
  rho=0.33940 (5/20)
    fp=0.0091 tp=0.1474  [10.5s]
   median nu  = 0.544
   median |eta| = 1.221
  rho=0.30066 (6/20)
    fp=0.0138 tp=0.1579  [10.4s]
   median nu  = 0.59
   median |eta| = 1.071
  rho=0.26634 (7/20)
    fp=0.0218 tp=0.1895  [10.4s]
   median nu  = 0.629
   median |eta| = 0.976
  rho=0.23595 (8/20)
    fp=0.0307 tp=0.2316  [10.4s]
   median nu  = 0.646
   median |eta| = 0.84
  rho=0.20902 (9/20)
    fp=0.0445 tp=0.2737  [10.1s]
   median nu  = 0.663
   median |eta| = 0.73
  rho=0.18516 (10/20)
    fp=0.0608 tp=0.3368  [10.0s]
   median nu  = 0.726
   median |eta| = 0.662
  rho=0.16403 (11/20)
    fp=0.0803 tp=0.3474  [10.5s]
   median nu  = 0.794
   median |eta| = 0.549
  rho=0.14531 (12/20)
    fp=0.1034 tp=0.3895  [10.4s]
   median nu  = 0.87
   median |eta| = 0.475
  rho=0.12872 (13/20)
    fp=0.1248 tp=0.4000  [10.2s]
   median nu  = 0.961
   median |eta| = 0.386
  rho=0.11403 (14/20)
    fp=0.1471 tp=0.4632  [9.6s]
   median nu  = 1.034
   median |eta| = 0.299
  rho=0.10102 (15/20)
    fp=0.1699 tp=0.5158  [8.7s]
   median nu  = 1.088
   median |eta| = 0.223
  rho=0.08949 (16/20)
    fp=0.1934 tp=0.5684  [8.5s]
   median nu  = 1.186
   median |eta| = 0.165
  rho=0.07927 (17/20)
    fp=0.2167 tp=0.5789  [8.4s]
   median nu  = 1.305
   median |eta| = 0.122
  rho=0.07023 (18/20)
    fp=0.2385 tp=0.5895  [9.2s]
   median nu  = 1.447
   median |eta| = 0.09
  rho=0.06221 (19/20)
    fp=0.2601 tp=0.6000  [9.2s]
   median nu  = 1.587
   median |eta| = 0.064
  rho=0.05511 (20/20)
    fp=0.2791 tp=0.6105  [9.1s]
   median nu  = 1.738
   median |eta| = 0.047
  rho=0.04882 (21/21)  [extra 1/50]
    fp=0.2952 tp=0.6316  [8.8s]
   median nu  = 1.868
   median |eta| = 0.035
  rho=0.04325 (22/22)  [extra 2/50]
    fp=0.3110 tp=0.6316  [8.5s]
   median nu  = 2.046
   median |eta| = 0.025
  FPR 0.3110 >= fp_end=0.3; stopping after 22 fits
  grid extended by 2 points down to rho=0.04325, ending at FPR 0.3110
  graphical_lasso rho_max = max|S_ij| (off-diag) = 480.04191
  rho grid: [480.0419122  425.25318802 376.71767678 333.72167922 295.63295286
 261.89141509 232.00090732 205.52189914 182.06502515 161.28535948
 142.87734374 126.57029392 112.12442004  99.32730011  87.99075654
  77.94808909  69.0516235   61.17054008  54.18895001  48.00419122]
Running graphical_lasso over 20 rho values, extending until FPR >= 0.3...
  rho=480.04191 (1/20)
    fp=0.0000 tp=0.0000  [0.0s]
  rho=425.25319 (2/20)
    fp=0.0002 tp=0.0000  [0.0s]
  rho=376.71768 (3/20)
    fp=0.0002 tp=0.0105  [0.0s]
  rho=333.72168 (4/20)
    fp=0.0004 tp=0.0105  [0.0s]
  rho=295.63295 (5/20)
    fp=0.0006 tp=0.0105  [0.0s]
  rho=261.89142 (6/20)
    fp=0.0010 tp=0.0105  [0.0s]
  rho=232.00091 (7/20)
    fp=0.0014 tp=0.0105  [0.0s]
  rho=205.52190 (8/20)
    fp=0.0019 tp=0.0105  [0.0s]
  rho=182.06503 (9/20)
    fp=0.0019 tp=0.0105  [8.5s]
  rho=161.28536 (10/20)
    fp=0.0023 tp=0.0105  [0.0s]
  rho=142.87734 (11/20)
    fp=0.0025 tp=0.0105  [0.0s]
  rho=126.57029 (12/20)
    fp=0.0029 tp=0.0105  [0.0s]
  rho=112.12442 (13/20)
    fp=0.0035 tp=0.0105  [8.4s]
  rho=99.32730 (14/20)
    fp=0.0035 tp=0.0105  [8.5s]
  rho=87.99076 (15/20)
    fp=0.0041 tp=0.0105  [8.5s]
  rho=77.94809 (16/20)
    fp=0.0058 tp=0.0211  [8.4s]
  rho=69.05162 (17/20)
    fp=0.0084 tp=0.0211  [8.5s]
  rho=61.17054 (18/20)
    fp=0.0099 tp=0.0211  [8.6s]
  rho=54.18895 (19/20)
    fp=0.0111 tp=0.0211  [0.0s]
  rho=48.00419 (20/20)
    fp=0.0122 tp=0.0211  [0.0s]
  rho=42.52532 (21/21)  [extra 1/50]
    fp=0.0144 tp=0.0211  [0.0s]
  rho=37.67177 (22/22)  [extra 2/50]
    fp=0.0175 tp=0.0211  [0.0s]
  rho=33.37217 (23/23)  [extra 3/50]
    fp=0.0206 tp=0.0211  [0.0s]
  rho=29.56330 (24/24)  [extra 4/50]
    fp=0.0225 tp=0.0316  [8.5s]
  rho=26.18914 (25/25)  [extra 5/50]
    fp=0.0255 tp=0.0316  [0.0s]
  rho=23.20009 (26/26)  [extra 6/50]
    fp=0.0276 tp=0.0316  [0.0s]
  rho=20.55219 (27/27)  [extra 7/50]
    fp=0.0307 tp=0.0526  [0.0s]
  rho=18.20650 (28/28)  [extra 8/50]
    fp=0.0336 tp=0.0526  [0.0s]
  rho=16.12854 (29/29)  [extra 9/50]
    fp=0.0363 tp=0.0526  [0.0s]
  rho=14.28773 (30/30)  [extra 10/50]
    fp=0.0400 tp=0.0526  [0.0s]
  rho=12.65703 (31/31)  [extra 11/50]
    fp=0.0420 tp=0.0526  [0.0s]
  rho=11.21244 (32/32)  [extra 12/50]
    fp=0.0445 tp=0.0526  [0.0s]
  rho=9.93273 (33/33)  [extra 13/50]
    fp=0.0486 tp=0.0421  [0.0s]
  rho=8.79908 (34/34)  [extra 14/50]
    fp=0.0515 tp=0.0421  [0.0s]
  rho=7.79481 (35/35)  [extra 15/50]
    fp=0.0544 tp=0.0421  [0.0s]
  rho=6.90516 (36/36)  [extra 16/50]
    fp=0.0583 tp=0.0421  [0.1s]
  rho=6.11705 (37/37)  [extra 17/50]
    fp=0.0632 tp=0.0632  [0.0s]
  rho=5.41890 (38/38)  [extra 18/50]
    fp=0.0684 tp=0.1053  [0.0s]
  rho=4.80042 (39/39)  [extra 19/50]
    fp=0.0725 tp=0.1158  [0.0s]
  rho=4.25253 (40/40)  [extra 20/50]
    fp=0.0774 tp=0.1263  [0.0s]
  rho=3.76718 (41/41)  [extra 21/50]
    fp=0.0809 tp=0.1263  [0.0s]
  rho=3.33722 (42/42)  [extra 22/50]
    fp=0.0861 tp=0.1474  [0.0s]
  rho=2.95633 (43/43)  [extra 23/50]
    fp=0.0927 tp=0.1684  [0.1s]
  rho=2.61891 (44/44)  [extra 24/50]
    fp=0.0999 tp=0.1684  [0.0s]
  rho=2.32001 (45/45)  [extra 25/50]
    fp=0.1085 tp=0.1684  [0.4s]
  rho=2.05522 (46/46)  [extra 26/50]
    fp=0.1172 tp=0.1684  [0.0s]
  rho=1.82065 (47/47)  [extra 27/50]
    fp=0.1248 tp=0.1684  [0.0s]
  rho=1.61285 (48/48)  [extra 28/50]
    fp=0.1361 tp=0.1789  [0.1s]
  rho=1.42877 (49/49)  [extra 29/50]
    fp=0.1485 tp=0.1789  [0.1s]
  rho=1.26570 (50/50)  [extra 30/50]
    fp=0.1574 tp=0.1789  [0.0s]
  rho=1.12124 (51/51)  [extra 31/50]
    fp=0.1710 tp=0.1789  [0.2s]
  rho=0.99327 (52/52)  [extra 32/50]
    fp=0.1848 tp=0.1789  [0.1s]
  rho=0.87991 (53/53)  [extra 33/50]
    fp=0.1992 tp=0.1895  [0.2s]
  rho=0.77948 (54/54)  [extra 34/50]
    fp=0.2163 tp=0.1895  [0.1s]
  rho=0.69052 (55/55)  [extra 35/50]
    fp=0.2305 tp=0.2105  [0.1s]
  rho=0.61171 (56/56)  [extra 36/50]
    fp=0.2486 tp=0.2316  [0.0s]
  rho=0.54189 (57/57)  [extra 37/50]
    fp=0.2671 tp=0.2526  [0.0s]
  rho=0.48004 (58/58)  [extra 38/50]
    fp=0.2902 tp=0.2737  [0.1s]
  rho=0.42525 (59/59)  [extra 39/50]
    fp=0.3094 tp=0.2842  [0.0s]
  FPR 0.3094 >= fp_end=0.3; stopping after 59 fits
  [note] 8/59 fits hit a glasso ConvergenceWarning (suppressed)
  grid extended by 39 points down to rho=0.42525, ending at FPR 0.3094
  [warn] mean_roc averages out to FPR 0.300 but the shortest replicate only reached 0.050; its TPR is held flat above that
  [warn] mean_roc averages out to FPR 0.300 but the shortest replicate only reached 0.045; its TPR is held flat above that

(p=100, n=50) over 33 replicates
  t+lasso  (run_em_diagonal):    AUC = 0.136 (SE 0.002)
  ~t+lasso (run_em_exact):       AUC = 0.129 (SE 0.002)
  tlasso   (run_tlasso):         AUC = 0.045 (SE 0.002)
  t*lasso  (run_tstar_varlasso): AUC = 0.109 (SE 0.002)
  glasso   (graphical_lasso):    AUC = 0.046 (SE 0.002)
Replicate 34/50
  Theta: 113/4950 edges
  pilot fit of run_tlasso at rho=30.34854
  -> rho_max = max|S_ij| (off-diag) = 20030.42218
  rho grid: [20030.42218201 17744.28580894 15719.07351768 13925.00520533
 12335.69966769 10927.78667208  9680.56330548  8575.68954479
  7596.91857259  6729.85787291  5961.75759379  5281.32306482
  4678.54871255  4144.57093176  3671.53774895  3252.49336153
  2881.27585501  2552.42659396  2261.10995455  2003.0422182 ]
Running run_tlasso over 20 rho values, extending until FPR >= 0.3...
  rho=20030.42218 (1/20)
    fp=0.0000 tp=0.0000  [0.1s]
   nu  = 3.0000
  rho=17744.28581 (2/20)
    fp=0.0002 tp=0.0000  [0.0s]
   nu  = 3.0000
  rho=15719.07352 (3/20)
    fp=0.0002 tp=0.0000  [0.1s]
   nu  = 3.0000
  rho=13925.00521 (4/20)
    fp=0.0002 tp=0.0000  [0.0s]
   nu  = 3.0000
  rho=12335.69967 (5/20)
    fp=0.0002 tp=0.0000  [0.1s]
   nu  = 3.0000
  rho=10927.78667 (6/20)
    fp=0.0002 tp=0.0000  [0.0s]
   nu  = 3.0000
  rho=9680.56331 (7/20)
    fp=0.0002 tp=0.0000  [0.1s]
   nu  = 3.0000
  rho=8575.68954 (8/20)
    fp=0.0002 tp=0.0000  [0.1s]
   nu  = 3.0000
  rho=7596.91857 (9/20)
    fp=0.0002 tp=0.0000  [0.1s]
   nu  = 3.0000
  rho=6729.85787 (10/20)
    fp=0.0004 tp=0.0088  [0.1s]
   nu  = 3.0000
  rho=5961.75759 (11/20)
    fp=0.0006 tp=0.0088  [0.1s]
   nu  = 3.0000
  rho=5281.32306 (12/20)
    fp=0.0008 tp=0.0088  [0.1s]
   nu  = 3.0000
  rho=4678.54871 (13/20)
    fp=0.0008 tp=0.0177  [0.1s]
   nu  = 3.0000
  rho=4144.57093 (14/20)
    fp=0.0008 tp=0.0177  [0.1s]
   nu  = 3.0000
  rho=3671.53775 (15/20)
    fp=0.0008 tp=0.0177  [0.1s]
   nu  = 3.0000
  rho=3252.49336 (16/20)
    fp=0.0012 tp=0.0177  [0.1s]
   nu  = 3.0000
  rho=2881.27586 (17/20)
    fp=0.0017 tp=0.0177  [0.1s]
   nu  = 3.0000
  rho=2552.42659 (18/20)
    fp=0.0019 tp=0.0177  [0.1s]
   nu  = 3.0000
  rho=2261.10995 (19/20)
    fp=0.0019 tp=0.0177  [0.1s]
   nu  = 3.0000
  rho=2003.04222 (20/20)
    fp=0.0023 tp=0.0177  [0.1s]
   nu  = 3.0000
  rho=1774.42858 (21/21)  [extra 1/50]
    fp=0.0025 tp=0.0177  [0.1s]
   nu  = 3.0000
  rho=1571.90735 (22/22)  [extra 2/50]
    fp=0.0033 tp=0.0177  [0.1s]
   nu  = 3.0000
  rho=1392.50052 (23/23)  [extra 3/50]
    fp=0.0035 tp=0.0177  [0.1s]
   nu  = 3.0000
  rho=1233.56997 (24/24)  [extra 4/50]
    fp=0.0045 tp=0.0177  [0.1s]
   nu  = 3.0000
  rho=1092.77867 (25/25)  [extra 5/50]
    fp=0.0050 tp=0.0177  [0.1s]
   nu  = 3.0000
  rho=968.05633 (26/26)  [extra 6/50]
    fp=0.0056 tp=0.0177  [0.1s]
   nu  = 3.0000
  rho=857.56895 (27/27)  [extra 7/50]
    fp=0.0068 tp=0.0177  [0.1s]
   nu  = 3.0000
  rho=759.69186 (28/28)  [extra 8/50]
    fp=0.0074 tp=0.0177  [0.1s]
   nu  = 3.0000
  rho=672.98579 (29/29)  [extra 9/50]
    fp=0.0079 tp=0.0177  [0.1s]
   nu  = 3.0000
  rho=596.17576 (30/30)  [extra 10/50]
    fp=0.0087 tp=0.0177  [0.1s]
   nu  = 3.0000
  rho=528.13231 (31/31)  [extra 11/50]
    fp=0.0108 tp=0.0177  [0.1s]
   nu  = 3.0000
  rho=467.85487 (32/32)  [extra 12/50]
    fp=0.0128 tp=0.0177  [0.1s]
   nu  = 3.0000
  rho=414.45709 (33/33)  [extra 13/50]
    fp=0.0143 tp=0.0177  [0.1s]
   nu  = 3.0000
  rho=367.15377 (34/34)  [extra 14/50]
    fp=0.0170 tp=0.0177  [0.1s]
   nu  = 3.0000
  rho=325.24934 (35/35)  [extra 15/50]
    fp=0.0194 tp=0.0354  [0.1s]
   nu  = 3.0000
  rho=288.12759 (36/36)  [extra 16/50]
    fp=0.0213 tp=0.0354  [0.1s]
   nu  = 3.0000
  rho=255.24266 (37/37)  [extra 17/50]
    fp=0.0236 tp=0.0354  [0.1s]
   nu  = 3.0000
  rho=226.11100 (38/38)  [extra 18/50]
    fp=0.0263 tp=0.0354  [0.1s]
   nu  = 3.0000
  rho=200.30422 (39/39)  [extra 19/50]
    fp=0.0302 tp=0.0442  [0.1s]
   nu  = 3.0000
  rho=177.44286 (40/40)  [extra 20/50]
    fp=0.0327 tp=0.0442  [0.1s]
   nu  = 3.0000
  rho=157.19074 (41/41)  [extra 21/50]
    fp=0.0358 tp=0.0531  [0.1s]
   nu  = 3.0000
  rho=139.25005 (42/42)  [extra 22/50]
    fp=0.0403 tp=0.0619  [0.1s]
   nu  = 3.0000
  rho=123.35700 (43/43)  [extra 23/50]
    fp=0.0459 tp=0.0619  [0.1s]
   nu  = 3.0000
  rho=109.27787 (44/44)  [extra 24/50]
    fp=0.0502 tp=0.0619  [0.1s]
   nu  = 3.0000
  rho=96.80563 (45/45)  [extra 25/50]
    fp=0.0542 tp=0.0619  [0.1s]
   nu  = 3.0000
  rho=85.75690 (46/46)  [extra 26/50]
    fp=0.0579 tp=0.0796  [0.1s]
   nu  = 3.0000
  rho=75.96919 (47/47)  [extra 27/50]
    fp=0.0622 tp=0.0796  [0.1s]
   nu  = 3.0000
  rho=67.29858 (48/48)  [extra 28/50]
    fp=0.0662 tp=0.0796  [0.1s]
   nu  = 3.0000
  rho=59.61758 (49/49)  [extra 29/50]
    fp=0.0711 tp=0.0796  [0.1s]
   nu  = 3.0000
  rho=52.81323 (50/50)  [extra 30/50]
    fp=0.0757 tp=0.0796  [0.1s]
   nu  = 3.0000
  rho=46.78549 (51/51)  [extra 31/50]
    fp=0.0817 tp=0.0885  [0.1s]
   nu  = 3.0000
  rho=41.44571 (52/52)  [extra 32/50]
    fp=0.0866 tp=0.0885  [0.1s]
   nu  = 3.0000
  rho=36.71538 (53/53)  [extra 33/50]
    fp=0.0922 tp=0.0885  [0.2s]
   nu  = 3.0000
  rho=32.52493 (54/54)  [extra 34/50]
    fp=0.0978 tp=0.0885  [0.1s]
   nu  = 3.0000
  rho=28.81276 (55/55)  [extra 35/50]
    fp=0.1061 tp=0.0885  [0.2s]
   nu  = 3.0000
  rho=25.52427 (56/56)  [extra 36/50]
    fp=0.1112 tp=0.1150  [0.2s]
   nu  = 3.0000
  rho=22.61110 (57/57)  [extra 37/50]
    fp=0.1183 tp=0.1239  [0.2s]
   nu  = 3.0000
  rho=20.03042 (58/58)  [extra 38/50]
    fp=0.1263 tp=0.1416  [0.3s]
   nu  = 3.0000
  rho=17.74429 (59/59)  [extra 39/50]
    fp=0.1340 tp=0.1416  [0.2s]
   nu  = 3.0000
  rho=15.71907 (60/60)  [extra 40/50]
    fp=0.1431 tp=0.1681  [0.2s]
   nu  = 3.0000
  rho=13.92501 (61/61)  [extra 41/50]
    fp=0.1524 tp=0.1770  [0.2s]
   nu  = 3.0000
  rho=12.33570 (62/62)  [extra 42/50]
    fp=0.1660 tp=0.1858  [0.3s]
   nu  = 3.0000
  rho=10.92779 (63/63)  [extra 43/50]
    fp=0.1786 tp=0.1858  [0.3s]
   nu  = 3.0000
  rho=9.68056 (64/64)  [extra 44/50]
    fp=0.1898 tp=0.1947  [0.3s]
   nu  = 3.0000
  rho=8.57569 (65/65)  [extra 45/50]
    fp=0.2024 tp=0.2124  [0.3s]
   nu  = 3.0000
  rho=7.59692 (66/66)  [extra 46/50]
    fp=0.2152 tp=0.2301  [0.6s]
   nu  = 3.0000
  rho=6.72986 (67/67)  [extra 47/50]
    fp=0.2332 tp=0.2655  [0.5s]
   nu  = 3.0000
  rho=5.96176 (68/68)  [extra 48/50]
    fp=0.2524 tp=0.2832  [0.8s]
   nu  = 3.0000
  rho=5.28132 (69/69)  [extra 49/50]
    fp=0.2721 tp=0.2920  [0.7s]
   nu  = 3.0000
  rho=4.67855 (70/70)  [extra 50/50]
    fp=0.2888 tp=0.3274  [0.9s]
   nu  = 3.0000
  [note] 6/70 fits hit a glasso ConvergenceWarning (suppressed)
  [warn] FPR stalled at 0.2888 < fp_end=0.3 after 50 extra fits (cap max_extra=50); the curve stops short of fp_end
  grid extended by 50 points down to rho=4.67855, ending at FPR 0.2888
  [warn] AUC integrates to fp_end=0.3 but the curve stops at FPR 0.2888; TPR held flat above that
  pilot fit of run_tstar_varlasso at rho=0.30349
  -> rho_max = max|S_ij| (off-diag) = 0.95006
  rho grid: [0.95005968 0.84162632 0.74556881 0.66047465 0.58509256 0.51831406
 0.45915722 0.40675213 0.3603282  0.31920279 0.28277115 0.25049757
 0.22190748 0.19658047 0.17414411 0.15426848 0.13666132 0.12106373
 0.10724634 0.09500597]
Running run_tstar_varlasso over 20 rho values, extending until FPR >= 0.3...
  rho=0.95006 (1/20)
    fp=0.0006 tp=0.0000  [0.2s]
   nu  = 3.0000
  rho=0.84163 (2/20)
    fp=0.0010 tp=0.0000  [0.1s]
   nu  = 3.0000
  rho=0.74557 (3/20)
    fp=0.0017 tp=0.0000  [0.1s]
   nu  = 3.0000
  rho=0.66047 (4/20)
    fp=0.0021 tp=0.0000  [0.1s]
   nu  = 3.0000
  rho=0.58509 (5/20)
    fp=0.0041 tp=0.0000  [0.1s]
   nu  = 3.0000
  rho=0.51831 (6/20)
    fp=0.0085 tp=0.0000  [0.1s]
   nu  = 3.0000
  rho=0.45916 (7/20)
    fp=0.0136 tp=0.0177  [0.1s]
   nu  = 3.0000
  rho=0.40675 (8/20)
    fp=0.0219 tp=0.0265  [0.1s]
   nu  = 3.0000
  rho=0.36033 (9/20)
    fp=0.0292 tp=0.0265  [0.1s]
   nu  = 3.0000
  rho=0.31920 (10/20)
    fp=0.0397 tp=0.0442  [0.1s]
   nu  = 3.0000
  rho=0.28277 (11/20)
    fp=0.0527 tp=0.0708  [0.1s]
   nu  = 3.0000
  rho=0.25050 (12/20)
    fp=0.0624 tp=0.1239  [0.2s]
   nu  = 3.0000
  rho=0.22191 (13/20)
    fp=0.0804 tp=0.1681  [0.1s]
   nu  = 3.0000
  rho=0.19658 (14/20)
    fp=0.1017 tp=0.1858  [0.2s]
   nu  = 3.0000
  rho=0.17414 (15/20)
    fp=0.1234 tp=0.2566  [0.2s]
   nu  = 3.0000
  rho=0.15427 (16/20)
    fp=0.1472 tp=0.3097  [0.2s]
   nu  = 3.0000
  rho=0.13666 (17/20)
    fp=0.1757 tp=0.3628  [0.2s]
   nu  = 3.0000
  rho=0.12106 (18/20)
    fp=0.2010 tp=0.4071  [0.2s]
   nu  = 3.0000
  rho=0.10725 (19/20)
    fp=0.2227 tp=0.4513  [0.2s]
   nu  = 3.0000
  rho=0.09501 (20/20)
    fp=0.2508 tp=0.4602  [0.3s]
   nu  = 3.0000
  rho=0.08416 (21/21)  [extra 1/50]
    fp=0.2737 tp=0.5044  [0.3s]
   nu  = 3.0000
  rho=0.07456 (22/22)  [extra 2/50]
    fp=0.2975 tp=0.5310  [0.3s]
   nu  = 3.0000
  rho=0.06605 (23/23)  [extra 3/50]
    fp=0.3155 tp=0.5575  [0.3s]
   nu  = 3.0000
  FPR 0.3155 >= fp_end=0.3; stopping after 23 fits
  grid extended by 3 points down to rho=0.06605, ending at FPR 0.3155
  pilot fit of run_em_diagonal at rho=0.30349
  -> rho_max = max|S_ij| (off-diag) = 0.53889
  rho grid: [0.53888717 0.47738225 0.42289708 0.37463048 0.3318727  0.29399501
 0.26044041 0.23071551 0.20438321 0.1810563  0.16039176 0.14208574
 0.12586903 0.1115032  0.09877698 0.08750325 0.07751622 0.06866904
 0.06083163 0.05388872]
Running run_em_diagonal over 20 rho values, extending until FPR >= 0.3...
  rho=0.53889 (1/20)
    fp=0.0010 tp=0.0000  [10.7s]
   median nu  = 0.437
   median |eta| = 1.542
  rho=0.47738 (2/20)
    fp=0.0017 tp=0.0088  [10.6s]
   median nu  = 0.459
   median |eta| = 1.497
  rho=0.42290 (3/20)
    fp=0.0023 tp=0.0088  [10.4s]
   median nu  = 0.478
   median |eta| = 1.466
  rho=0.37463 (4/20)
    fp=0.0031 tp=0.0088  [10.4s]
   median nu  = 0.496
   median |eta| = 1.341
  rho=0.33187 (5/20)
    fp=0.0052 tp=0.0177  [10.7s]
   median nu  = 0.512
   median |eta| = 1.387
  rho=0.29400 (6/20)
    fp=0.0074 tp=0.0265  [11.5s]
   median nu  = 0.526
   median |eta| = 1.341
  rho=0.26044 (7/20)
    fp=0.0124 tp=0.0531  [10.3s]
   median nu  = 0.547
   median |eta| = 1.272
  rho=0.23072 (8/20)
    fp=0.0190 tp=0.0708  [10.3s]
   median nu  = 0.562
   median |eta| = 1.257
  rho=0.20438 (9/20)
    fp=0.0263 tp=0.1150  [10.6s]
   median nu  = 0.585
   median |eta| = 1.193
  rho=0.18106 (10/20)
    fp=0.0370 tp=0.1593  [10.6s]
   median nu  = 0.598
   median |eta| = 1.115
  rho=0.16039 (11/20)
    fp=0.0498 tp=0.2124  [10.7s]
   median nu  = 0.615
   median |eta| = 1.088
  rho=0.14209 (12/20)
    fp=0.0670 tp=0.2832  [10.7s]
   median nu  = 0.625
   median |eta| = 1.137
  rho=0.12587 (13/20)
    fp=0.0812 tp=0.3717  [10.7s]
   median nu  = 0.626
   median |eta| = 1.157
  rho=0.11150 (14/20)
    fp=0.0999 tp=0.3894  [10.8s]
   median nu  = 0.638
   median |eta| = 1.108
  rho=0.09878 (15/20)
    fp=0.1226 tp=0.4159  [11.0s]
   median nu  = 0.642
   median |eta| = 1.14
  rho=0.08750 (16/20)
    fp=0.1412 tp=0.4513  [11.1s]
   median nu  = 0.659
   median |eta| = 1.189
  rho=0.07752 (17/20)
    fp=0.1596 tp=0.4779  [11.2s]
   median nu  = 0.679
   median |eta| = 1.048
  rho=0.06867 (18/20)
    fp=0.1809 tp=0.4867  [11.6s]
   median nu  = 0.725
   median |eta| = 1.058
  rho=0.06083 (19/20)
    fp=0.1974 tp=0.5221  [11.8s]
   median nu  = 0.752
   median |eta| = 1.07
  rho=0.05389 (20/20)
    fp=0.2158 tp=0.5398  [11.2s]
   median nu  = 0.786
   median |eta| = 1.024
  rho=0.04774 (21/21)  [extra 1/50]
    fp=0.2340 tp=0.5664  [10.4s]
   median nu  = 0.766
   median |eta| = 1.037
  rho=0.04229 (22/22)  [extra 2/50]
    fp=0.2477 tp=0.6018  [10.3s]
   median nu  = 0.686
   median |eta| = 1.044
  rho=0.03746 (23/23)  [extra 3/50]
    fp=0.2650 tp=0.5929  [11.1s]
   median nu  = 0.727
   median |eta| = 1.114
  rho=0.03319 (24/24)  [extra 4/50]
    fp=0.2816 tp=0.6018  [11.0s]
   median nu  = 0.782
   median |eta| = 1.113
  rho=0.02940 (25/25)  [extra 5/50]
    fp=0.2948 tp=0.6195  [10.9s]
   median nu  = 0.794
   median |eta| = 1.056
  rho=0.02604 (26/26)  [extra 6/50]
    fp=0.3035 tp=0.6283  [11.3s]
   median nu  = 0.746
   median |eta| = 1.182
  FPR 0.3035 >= fp_end=0.3; stopping after 26 fits
  grid extended by 6 points down to rho=0.02604, ending at FPR 0.3035
  pilot fit of run_em_exact at rho=0.30349
  -> rho_max = max|S_ij| (off-diag) = 0.54975
  rho grid: [0.54974589 0.48700163 0.43141857 0.38217938 0.33856002 0.29991908
 0.26568835 0.23536449 0.20850159 0.18470463 0.1636237  0.1449488
 0.12840533 0.11375002 0.10076736 0.08926646 0.07907819 0.07005274
 0.0620574  0.05497459]
Running run_em_exact over 20 rho values, extending until FPR >= 0.3...
  rho=0.54975 (1/20)
    fp=0.0008 tp=0.0000  [11.4s]
   median nu  = 0.434
   median |eta| = 1.511
  rho=0.48700 (2/20)
    fp=0.0012 tp=0.0000  [11.4s]
   median nu  = 0.455
   median |eta| = 1.5
  rho=0.43142 (3/20)
    fp=0.0021 tp=0.0088  [11.2s]
   median nu  = 0.475
   median |eta| = 1.373
  rho=0.38218 (4/20)
    fp=0.0027 tp=0.0088  [11.2s]
   median nu  = 0.493
   median |eta| = 1.307
  rho=0.33856 (5/20)
    fp=0.0048 tp=0.0177  [11.3s]
   median nu  = 0.509
   median |eta| = 1.177
  rho=0.29992 (6/20)
    fp=0.0074 tp=0.0265  [11.1s]
   median nu  = 0.524
   median |eta| = 1.126
  rho=0.26569 (7/20)
    fp=0.0122 tp=0.0531  [11.0s]
   median nu  = 0.557
   median |eta| = 1.071
  rho=0.23536 (8/20)
    fp=0.0192 tp=0.0708  [10.6s]
   median nu  = 0.598
   median |eta| = 0.987
  rho=0.20850 (9/20)
    fp=0.0273 tp=0.0885  [10.4s]
   median nu  = 0.644
   median |eta| = 0.845
  rho=0.18470 (10/20)
    fp=0.0411 tp=0.1770  [10.1s]
   median nu  = 0.703
   median |eta| = 0.765
  rho=0.16362 (11/20)
    fp=0.0566 tp=0.2212  [9.9s]
   median nu  = 0.779
   median |eta| = 0.712
  rho=0.14495 (12/20)
    fp=0.0777 tp=0.3097  [9.6s]
   median nu  = 0.881
   median |eta| = 0.53
  rho=0.12841 (13/20)
    fp=0.1007 tp=0.3717  [9.3s]
   median nu  = 0.973
   median |eta| = 0.424
  rho=0.11375 (14/20)
    fp=0.1251 tp=0.4159  [9.0s]
   median nu  = 1.042
   median |eta| = 0.343
  rho=0.10077 (15/20)
    fp=0.1464 tp=0.4690  [8.9s]
   median nu  = 1.111
   median |eta| = 0.25
  rho=0.08927 (16/20)
    fp=0.1706 tp=0.5133  [8.7s]
   median nu  = 1.188
   median |eta| = 0.196
  rho=0.07908 (17/20)
    fp=0.1935 tp=0.5398  [8.7s]
   median nu  = 1.279
   median |eta| = 0.154
  rho=0.07005 (18/20)
    fp=0.2152 tp=0.5398  [9.2s]
   median nu  = 1.377
   median |eta| = 0.122
  rho=0.06206 (19/20)
    fp=0.2380 tp=0.5664  [9.1s]
   median nu  = 1.48
   median |eta| = 0.094
  rho=0.05497 (20/20)
    fp=0.2597 tp=0.5752  [9.1s]
   median nu  = 1.592
   median |eta| = 0.074
  rho=0.04870 (21/21)  [extra 1/50]
    fp=0.2781 tp=0.5929  [8.9s]
   median nu  = 1.71
   median |eta| = 0.059
  rho=0.04314 (22/22)  [extra 2/50]
    fp=0.2961 tp=0.6106  [8.8s]
   median nu  = 1.817
   median |eta| = 0.044
  rho=0.03822 (23/23)  [extra 3/50]
    fp=0.3132 tp=0.6283  [8.7s]
   median nu  = 1.914
   median |eta| = 0.032
  FPR 0.3132 >= fp_end=0.3; stopping after 23 fits
  grid extended by 3 points down to rho=0.03822, ending at FPR 0.3132
  graphical_lasso rho_max = max|S_ij| (off-diag) = 1135.59396
  rho grid: [1135.5939645  1005.98498054  891.16868591  789.4567435   699.35351153
  619.53405062  548.82464098  486.1855232   430.69560898  381.53893677
  337.99267333  299.41648471  265.2431203   234.97007166  208.15218323
  184.39510647  163.34950114  144.70589829  128.19014967  113.55939645]
Running graphical_lasso over 20 rho values, extending until FPR >= 0.3...
  rho=1135.59396 (1/20)
    fp=0.0006 tp=0.0000  [8.6s]
  rho=1005.98498 (2/20)
    fp=0.0008 tp=0.0000  [8.7s]
  rho=891.16869 (3/20)
    fp=0.0008 tp=0.0000  [8.7s]
  rho=789.45674 (4/20)
    fp=0.0008 tp=0.0000  [8.6s]
  rho=699.35351 (5/20)
    fp=0.0004 tp=0.0000  [8.8s]
  rho=619.53405 (6/20)
    fp=0.0004 tp=0.0000  [8.8s]
  rho=548.82464 (7/20)
    fp=0.0004 tp=0.0000  [8.8s]
  rho=486.18552 (8/20)
    fp=0.0006 tp=0.0000  [8.9s]
  rho=430.69561 (9/20)
    fp=0.0006 tp=0.0000  [8.9s]
  rho=381.53894 (10/20)
    fp=0.0006 tp=0.0088  [0.0s]
  rho=337.99267 (11/20)
    fp=0.0010 tp=0.0088  [0.0s]
  rho=299.41648 (12/20)
    fp=0.0010 tp=0.0088  [0.0s]
  rho=265.24312 (13/20)
    fp=0.0012 tp=0.0177  [0.0s]
  rho=234.97007 (14/20)
    fp=0.0012 tp=0.0177  [0.0s]
  rho=208.15218 (15/20)
    fp=0.0012 tp=0.0177  [0.0s]
  rho=184.39511 (16/20)
    fp=0.0014 tp=0.0177  [0.0s]
  rho=163.34950 (17/20)
    fp=0.0017 tp=0.0177  [0.0s]
  rho=144.70590 (18/20)
    fp=0.0021 tp=0.0177  [0.0s]
  rho=128.19015 (19/20)
    fp=0.0023 tp=0.0177  [0.0s]
  rho=113.55940 (20/20)
    fp=0.0025 tp=0.0177  [0.0s]
  rho=100.59850 (21/21)  [extra 1/50]
    fp=0.0031 tp=0.0177  [0.0s]
  rho=89.11687 (22/22)  [extra 2/50]
    fp=0.0035 tp=0.0177  [0.0s]
  rho=78.94567 (23/23)  [extra 3/50]
    fp=0.0039 tp=0.0177  [0.0s]
  rho=69.93535 (24/24)  [extra 4/50]
    fp=0.0048 tp=0.0177  [0.0s]
  rho=61.95341 (25/25)  [extra 5/50]
    fp=0.0054 tp=0.0177  [0.0s]
  rho=54.88246 (26/26)  [extra 6/50]
    fp=0.0062 tp=0.0177  [0.0s]
  rho=48.61855 (27/27)  [extra 7/50]
    fp=0.0070 tp=0.0177  [0.0s]
  rho=43.06956 (28/28)  [extra 8/50]
    fp=0.0081 tp=0.0177  [0.0s]
  rho=38.15389 (29/29)  [extra 9/50]
    fp=0.0083 tp=0.0177  [0.0s]
  rho=33.79927 (30/30)  [extra 10/50]
    fp=0.0097 tp=0.0177  [0.0s]
  rho=29.94165 (31/31)  [extra 11/50]
    fp=0.0116 tp=0.0177  [0.0s]
  rho=26.52431 (32/32)  [extra 12/50]
    fp=0.0132 tp=0.0177  [0.0s]
  rho=23.49701 (33/33)  [extra 13/50]
    fp=0.0151 tp=0.0177  [0.0s]
  rho=20.81522 (34/34)  [extra 14/50]
    fp=0.0172 tp=0.0354  [0.0s]
  rho=18.43951 (35/35)  [extra 15/50]
    fp=0.0205 tp=0.0354  [0.0s]
  rho=16.33495 (36/36)  [extra 16/50]
    fp=0.0225 tp=0.0354  [0.0s]
  rho=14.47059 (37/37)  [extra 17/50]
    fp=0.0254 tp=0.0354  [0.3s]
  rho=12.81901 (38/38)  [extra 18/50]
    fp=0.0289 tp=0.0442  [0.0s]
  rho=11.35594 (39/39)  [extra 19/50]
    fp=0.0323 tp=0.0442  [0.1s]
  rho=10.05985 (40/40)  [extra 20/50]
    fp=0.0345 tp=0.0531  [0.2s]
  rho=8.91169 (41/41)  [extra 21/50]
    fp=0.0393 tp=0.0531  [0.7s]
  rho=7.89457 (42/42)  [extra 22/50]
    fp=0.0453 tp=0.0531  [0.1s]
  rho=6.99354 (43/43)  [extra 23/50]
    fp=0.0492 tp=0.0708  [0.0s]
  rho=6.19534 (44/44)  [extra 24/50]
    fp=0.0525 tp=0.0708  [0.1s]
  rho=5.48825 (45/45)  [extra 25/50]
    fp=0.0581 tp=0.0796  [0.2s]
  rho=4.86186 (46/46)  [extra 26/50]
    fp=0.0608 tp=0.0796  [0.1s]
  rho=4.30696 (47/47)  [extra 27/50]
    fp=0.0649 tp=0.0796  [0.5s]
  rho=3.81539 (48/48)  [extra 28/50]
    fp=0.0693 tp=0.0796  [0.2s]
  rho=3.37993 (49/49)  [extra 29/50]
    fp=0.0753 tp=0.0885  [0.0s]
  rho=2.99416 (50/50)  [extra 30/50]
    fp=0.0810 tp=0.0885  [0.3s]
  rho=2.65243 (51/51)  [extra 31/50]
    fp=0.0885 tp=0.0885  [0.3s]
  rho=2.34970 (52/52)  [extra 32/50]
    fp=0.0953 tp=0.0885  [0.0s]
  rho=2.08152 (53/53)  [extra 33/50]
    fp=0.1027 tp=0.0973  [0.1s]
  rho=1.84395 (54/54)  [extra 34/50]
    fp=0.1094 tp=0.0973  [0.1s]
  rho=1.63350 (55/55)  [extra 35/50]
    fp=0.1158 tp=0.1150  [0.4s]
  rho=1.44706 (56/56)  [extra 36/50]
    fp=0.1238 tp=0.1327  [0.1s]
  rho=1.28190 (57/57)  [extra 37/50]
    fp=0.1331 tp=0.1593  [0.5s]
  rho=1.13559 (58/58)  [extra 38/50]
    fp=0.1464 tp=0.1681  [0.6s]
  rho=1.00598 (59/59)  [extra 39/50]
    fp=0.1592 tp=0.1770  [1.3s]
  rho=0.89117 (60/60)  [extra 40/50]
    fp=0.1743 tp=0.1947  [0.7s]
  rho=0.78946 (61/61)  [extra 41/50]
    fp=0.1904 tp=0.1947  [0.2s]
  rho=0.69935 (62/62)  [extra 42/50]
    fp=0.2047 tp=0.2035  [0.2s]
  rho=0.61953 (63/63)  [extra 43/50]
    fp=0.2179 tp=0.2212  [0.3s]
  rho=0.54882 (64/64)  [extra 44/50]
    fp=0.2315 tp=0.2566  [0.2s]
  rho=0.48619 (65/65)  [extra 45/50]
    fp=0.2514 tp=0.3009  [0.2s]
  rho=0.43070 (66/66)  [extra 46/50]
    fp=0.2737 tp=0.3274  [1.5s]
  rho=0.38154 (67/67)  [extra 47/50]
    fp=0.2992 tp=0.3363  [0.7s]
  rho=0.33799 (68/68)  [extra 48/50]
    fp=0.3194 tp=0.3628  [0.3s]
  FPR 0.3194 >= fp_end=0.3; stopping after 68 fits
  [note] 9/68 fits hit a glasso ConvergenceWarning (suppressed)
  grid extended by 48 points down to rho=0.33799, ending at FPR 0.3194
  [warn] mean_roc averages out to FPR 0.300 but the shortest replicate only reached 0.050; its TPR is held flat above that
  [warn] mean_roc averages out to FPR 0.300 but the shortest replicate only reached 0.045; its TPR is held flat above that

(p=100, n=50) over 34 replicates
  t+lasso  (run_em_diagonal):    AUC = 0.135 (SE 0.002)
  ~t+lasso (run_em_exact):       AUC = 0.129 (SE 0.002)
  tlasso   (run_tlasso):         AUC = 0.046 (SE 0.002)
  t*lasso  (run_tstar_varlasso): AUC = 0.108 (SE 0.002)
  glasso   (graphical_lasso):    AUC = 0.046 (SE 0.002)
Replicate 35/50
  Theta: 106/4950 edges
  pilot fit of run_tlasso at rho=30.34854
  [warn] glasso failed at iter 2: Non SPD result: the system is too ill-conditioned for this solver. The system is too ill-conditioned for this solver; keeping previous Theta
  [warn] glasso failed at iter 3: Non SPD result: the system is too ill-conditioned for this solver. The system is too ill-conditioned for this solver; keeping previous Theta
  [warn] glasso failed at iter 4: Non SPD result: the system is too ill-conditioned for this solver. The system is too ill-conditioned for this solver; keeping previous Theta
  [warn] glasso failed at iter 5: Non SPD result: the system is too ill-conditioned for this solver. The system is too ill-conditioned for this solver; keeping previous Theta
  -> rho_max = max|S_ij| (off-diag) = 14441.35851
  [note] pilot fit hit a glasso ConvergenceWarning (suppressed)
  rho grid: [14441.3585114  12793.11991365 11333.00007724 10039.52840414
  8893.68480461  7878.62001278  6979.40782358  6182.82560764
  5477.1598767   4852.03404054  4298.25582245  3807.6820898
  3373.09911179  2988.1164839   2647.07315896  2344.95420331
  2077.31705374  1840.22619106  1630.19526951  1444.13585114]
Running run_tlasso over 20 rho values, extending until FPR >= 0.3...
  rho=14441.35851 (1/20)
    fp=0.0004 tp=0.0000  [0.3s]
   nu  = 3.0000
  rho=12793.11991 (2/20)
    fp=0.0004 tp=0.0000  [0.0s]
   nu  = 3.0000
  rho=11333.00008 (3/20)
    fp=0.0004 tp=0.0000  [0.1s]
   nu  = 3.0000
  rho=10039.52840 (4/20)
    fp=0.0004 tp=0.0000  [0.0s]
   nu  = 3.0000
  rho=8893.68480 (5/20)
  [warn] glasso failed at iter 0: Non SPD result: the system is too ill-conditioned for this solver. The system is too ill-conditioned for this solver; keeping previous Theta
  [warn] glasso failed at iter 1: Non SPD result: the system is too ill-conditioned for this solver. The system is too ill-conditioned for this solver; keeping previous Theta
    fp=0.0004 tp=0.0000  [0.0s]  [STALE: glasso failed on 2 EM iters]
   nu  = 3.0000
  rho=7878.62001 (6/20)
    fp=0.0004 tp=0.0000  [0.1s]
   nu  = 3.0000
  rho=6979.40782 (7/20)
    fp=0.0004 tp=0.0000  [0.1s]
   nu  = 3.0000
  rho=6182.82561 (8/20)
    fp=0.0004 tp=0.0000  [0.1s]
   nu  = 3.0000
  rho=5477.15988 (9/20)
    fp=0.0004 tp=0.0000  [0.1s]
   nu  = 3.0000
  rho=4852.03404 (10/20)
    fp=0.0004 tp=0.0000  [0.1s]
   nu  = 3.0000
  rho=4298.25582 (11/20)
    fp=0.0008 tp=0.0000  [0.1s]
   nu  = 3.0000
  rho=3807.68209 (12/20)
    fp=0.0008 tp=0.0000  [0.1s]
   nu  = 3.0000
  rho=3373.09911 (13/20)
    fp=0.0008 tp=0.0000  [0.1s]
   nu  = 3.0000
  rho=2988.11648 (14/20)
    fp=0.0008 tp=0.0000  [0.1s]
   nu  = 3.0000
  rho=2647.07316 (15/20)
    fp=0.0008 tp=0.0000  [0.1s]
   nu  = 3.0000
  rho=2344.95420 (16/20)
    fp=0.0010 tp=0.0000  [0.1s]
   nu  = 3.0000
  rho=2077.31705 (17/20)
    fp=0.0012 tp=0.0000  [0.1s]
   nu  = 3.0000
  rho=1840.22619 (18/20)
    fp=0.0017 tp=0.0000  [0.1s]
   nu  = 3.0000
  rho=1630.19527 (19/20)
    fp=0.0019 tp=0.0000  [0.1s]
   nu  = 3.0000
  rho=1444.13585 (20/20)
    fp=0.0021 tp=0.0094  [0.1s]
   nu  = 3.0000
  rho=1279.31199 (21/21)  [extra 1/50]
    fp=0.0021 tp=0.0094  [0.1s]
   nu  = 3.0000
  rho=1133.30001 (22/22)  [extra 2/50]
    fp=0.0025 tp=0.0094  [0.1s]
   nu  = 3.0000
  rho=1003.95284 (23/23)  [extra 3/50]
    fp=0.0029 tp=0.0094  [0.1s]
   nu  = 3.0000
  rho=889.36848 (24/24)  [extra 4/50]
    fp=0.0035 tp=0.0094  [0.1s]
   nu  = 3.0000
  rho=787.86200 (25/25)  [extra 5/50]
    fp=0.0039 tp=0.0094  [0.1s]
   nu  = 3.0000
  rho=697.94078 (26/26)  [extra 6/50]
    fp=0.0041 tp=0.0189  [0.1s]
   nu  = 3.0000
  rho=618.28256 (27/27)  [extra 7/50]
  [warn] glasso failed at iter 0: Non SPD result: the system is too ill-conditioned for this solver. The system is too ill-conditioned for this solver; keeping previous Theta
    fp=0.0041 tp=0.0189  [0.0s]  [STALE: glasso failed on 1 EM iters]
   nu  = 3.0000
  rho=547.71599 (28/28)  [extra 8/50]
  [warn] glasso failed at iter 0: Non SPD result: the system is too ill-conditioned for this solver. The system is too ill-conditioned for this solver; keeping previous Theta
    fp=0.0041 tp=0.0189  [0.0s]  [STALE: glasso failed on 1 EM iters]
   nu  = 3.0000
  rho=485.20340 (29/29)  [extra 9/50]
  [warn] glasso failed at iter 1: Non SPD result: the system is too ill-conditioned for this solver. The system is too ill-conditioned for this solver; keeping previous Theta
  [warn] glasso failed at iter 2: Non SPD result: the system is too ill-conditioned for this solver. The system is too ill-conditioned for this solver; keeping previous Theta
  [warn] glasso failed at iter 3: Non SPD result: the system is too ill-conditioned for this solver. The system is too ill-conditioned for this solver; keeping previous Theta
    fp=0.0052 tp=0.0189  [1.0s]  [STALE: glasso failed on 3 EM iters]
   nu  = 3.0000
  rho=429.82558 (30/30)  [extra 10/50]
  [warn] glasso failed at iter 1: Non SPD result: the system is too ill-conditioned for this solver. The system is too ill-conditioned for this solver; keeping previous Theta
  [warn] glasso failed at iter 2: Non SPD result: the system is too ill-conditioned for this solver. The system is too ill-conditioned for this solver; keeping previous Theta
  [warn] glasso failed at iter 3: Non SPD result: the system is too ill-conditioned for this solver. The system is too ill-conditioned for this solver; keeping previous Theta
    fp=0.0087 tp=0.0189  [1.0s]  [STALE: glasso failed on 3 EM iters]
   nu  = 3.0000
  rho=380.76821 (31/31)  [extra 11/50]
  [warn] glasso failed at iter 0: Non SPD result: the system is too ill-conditioned for this solver. The system is too ill-conditioned for this solver; keeping previous Theta
    fp=0.0087 tp=0.0189  [0.0s]  [STALE: glasso failed on 1 EM iters]
   nu  = 3.0000
  rho=337.30991 (32/32)  [extra 12/50]
    fp=0.0097 tp=0.0283  [0.2s]
   nu  = 3.0000
  rho=298.81165 (33/33)  [extra 13/50]
  [warn] glasso failed at iter 3: Non SPD result: the system is too ill-conditioned for this solver. The system is too ill-conditioned for this solver; keeping previous Theta
  [warn] glasso failed at iter 4: Non SPD result: the system is too ill-conditioned for this solver. The system is too ill-conditioned for this solver; keeping previous Theta
    fp=0.0105 tp=0.0283  [0.1s]  [STALE: glasso failed on 2 EM iters]
   nu  = 3.0000
  rho=264.70732 (34/34)  [extra 14/50]
    fp=0.0116 tp=0.0283  [0.2s]
   nu  = 3.0000
  rho=234.49542 (35/35)  [extra 15/50]
  [warn] glasso failed at iter 0: Non SPD result: the system is too ill-conditioned for this solver. The system is too ill-conditioned for this solver; keeping previous Theta
    fp=0.0116 tp=0.0283  [0.0s]  [STALE: glasso failed on 1 EM iters]
   nu  = 3.0000
  rho=207.73171 (36/36)  [extra 16/50]
  [warn] glasso failed at iter 1: Non SPD result: the system is too ill-conditioned for this solver. The system is too ill-conditioned for this solver; keeping previous Theta
  [warn] glasso failed at iter 2: Non SPD result: the system is too ill-conditioned for this solver. The system is too ill-conditioned for this solver; keeping previous Theta
  [warn] glasso failed at iter 3: Non SPD result: the system is too ill-conditioned for this solver. The system is too ill-conditioned for this solver; keeping previous Theta
    fp=0.0134 tp=0.0283  [0.3s]  [STALE: glasso failed on 3 EM iters]
   nu  = 3.0000
  rho=184.02262 (37/37)  [extra 17/50]
  [warn] glasso failed at iter 0: Non SPD result: the system is too ill-conditioned for this solver. The system is too ill-conditioned for this solver; keeping previous Theta
    fp=0.0134 tp=0.0283  [0.0s]  [STALE: glasso failed on 1 EM iters]
   nu  = 3.0000
  rho=163.01953 (38/38)  [extra 18/50]
  [warn] glasso failed at iter 0: Non SPD result: the system is too ill-conditioned for this solver. The system is too ill-conditioned for this solver; keeping previous Theta
    fp=0.0134 tp=0.0283  [0.0s]  [STALE: glasso failed on 1 EM iters]
   nu  = 3.0000
  rho=144.41359 (39/39)  [extra 19/50]
  [warn] glasso failed at iter 1: Non SPD result: the system is too ill-conditioned for this solver. The system is too ill-conditioned for this solver; keeping previous Theta
  [warn] glasso failed at iter 2: Non SPD result: the system is too ill-conditioned for this solver. The system is too ill-conditioned for this solver; keeping previous Theta
  [warn] glasso failed at iter 5: Non SPD result: the system is too ill-conditioned for this solver. The system is too ill-conditioned for this solver; keeping previous Theta
  [warn] glasso failed at iter 6: Non SPD result: the system is too ill-conditioned for this solver. The system is too ill-conditioned for this solver; keeping previous Theta
  [warn] glasso failed at iter 7: Non SPD result: the system is too ill-conditioned for this solver. The system is too ill-conditioned for this solver; keeping previous Theta
    fp=0.0173 tp=0.0377  [0.5s]  [STALE: glasso failed on 5 EM iters]
   nu  = 3.0000
  rho=127.93120 (40/40)  [extra 20/50]
  [warn] glasso failed at iter 0: Non SPD result: the system is too ill-conditioned for this solver. The system is too ill-conditioned for this solver; keeping previous Theta
    fp=0.0173 tp=0.0377  [0.1s]  [STALE: glasso failed on 1 EM iters]
   nu  = 3.0000
  rho=113.33000 (41/41)  [extra 21/50]
  [warn] glasso failed at iter 0: Non SPD result: the system is too ill-conditioned for this solver. The system is too ill-conditioned for this solver; keeping previous Theta
    fp=0.0173 tp=0.0377  [0.0s]  [STALE: glasso failed on 1 EM iters]
   nu  = 3.0000
  rho=100.39528 (42/42)  [extra 22/50]
  [warn] glasso failed at iter 0: Non SPD result: the system is too ill-conditioned for this solver. The system is too ill-conditioned for this solver; keeping previous Theta
    fp=0.0173 tp=0.0377  [0.0s]  [STALE: glasso failed on 1 EM iters]
   nu  = 3.0000
  rho=88.93685 (43/43)  [extra 23/50]
  [warn] glasso failed at iter 0: Non SPD result: the system is too ill-conditioned for this solver. The system is too ill-conditioned for this solver; keeping previous Theta
    fp=0.0173 tp=0.0377  [0.0s]  [STALE: glasso failed on 1 EM iters]
   nu  = 3.0000
  rho=78.78620 (44/44)  [extra 24/50]
  [warn] glasso failed at iter 0: Non SPD result: the system is too ill-conditioned for this solver. The system is too ill-conditioned for this solver; keeping previous Theta
    fp=0.0173 tp=0.0377  [0.0s]  [STALE: glasso failed on 1 EM iters]
   nu  = 3.0000
  rho=69.79408 (45/45)  [extra 25/50]
  [warn] glasso failed at iter 0: Non SPD result: the system is too ill-conditioned for this solver. The system is too ill-conditioned for this solver; keeping previous Theta
    fp=0.0173 tp=0.0377  [0.0s]  [STALE: glasso failed on 1 EM iters]
   nu  = 3.0000
  rho=61.82826 (46/46)  [extra 26/50]
  [warn] glasso failed at iter 0: Non SPD result: the system is too ill-conditioned for this solver. The system is too ill-conditioned for this solver; keeping previous Theta
    fp=0.0173 tp=0.0377  [0.0s]  [STALE: glasso failed on 1 EM iters]
   nu  = 3.0000
  rho=54.77160 (47/47)  [extra 27/50]
  [warn] glasso failed at iter 0: Non SPD result: the system is too ill-conditioned for this solver. The system is too ill-conditioned for this solver; keeping previous Theta
    fp=0.0173 tp=0.0377  [0.0s]  [STALE: glasso failed on 1 EM iters]
   nu  = 3.0000
  rho=48.52034 (48/48)  [extra 28/50]
  [warn] glasso failed at iter 0: Non SPD result: the system is too ill-conditioned for this solver. The system is too ill-conditioned for this solver; keeping previous Theta
    fp=0.0173 tp=0.0377  [0.0s]  [STALE: glasso failed on 1 EM iters]
   nu  = 3.0000
  rho=42.98256 (49/49)  [extra 29/50]
  [warn] glasso failed at iter 0: Non SPD result: the system is too ill-conditioned for this solver. The system is too ill-conditioned for this solver; keeping previous Theta
    fp=0.0173 tp=0.0377  [0.0s]  [STALE: glasso failed on 1 EM iters]
   nu  = 3.0000
  rho=38.07682 (50/50)  [extra 30/50]
  [warn] glasso failed at iter 0: Non SPD result: the system is too ill-conditioned for this solver. The system is too ill-conditioned for this solver; keeping previous Theta
    fp=0.0173 tp=0.0377  [0.0s]  [STALE: glasso failed on 1 EM iters]
   nu  = 3.0000
  rho=33.73099 (51/51)  [extra 31/50]
  [warn] glasso failed at iter 0: Non SPD result: the system is too ill-conditioned for this solver. The system is too ill-conditioned for this solver; keeping previous Theta
    fp=0.0173 tp=0.0377  [0.0s]  [STALE: glasso failed on 1 EM iters]
   nu  = 3.0000
  rho=29.88116 (52/52)  [extra 32/50]
  [warn] glasso failed at iter 0: Non SPD result: the system is too ill-conditioned for this solver. The system is too ill-conditioned for this solver; keeping previous Theta
    fp=0.0173 tp=0.0377  [0.0s]  [STALE: glasso failed on 1 EM iters]
   nu  = 3.0000
  rho=26.47073 (53/53)  [extra 33/50]
  [warn] glasso failed at iter 0: Non SPD result: the system is too ill-conditioned for this solver. The system is too ill-conditioned for this solver; keeping previous Theta
    fp=0.0173 tp=0.0377  [0.0s]  [STALE: glasso failed on 1 EM iters]
   nu  = 3.0000
  rho=23.44954 (54/54)  [extra 34/50]
  [warn] glasso failed at iter 0: Non SPD result: the system is too ill-conditioned for this solver. The system is too ill-conditioned for this solver; keeping previous Theta
    fp=0.0173 tp=0.0377  [0.0s]  [STALE: glasso failed on 1 EM iters]
   nu  = 3.0000
  rho=20.77317 (55/55)  [extra 35/50]
  [warn] glasso failed at iter 0: Non SPD result: the system is too ill-conditioned for this solver. The system is too ill-conditioned for this solver; keeping previous Theta
    fp=0.0173 tp=0.0377  [0.0s]  [STALE: glasso failed on 1 EM iters]
   nu  = 3.0000
  rho=18.40226 (56/56)  [extra 36/50]
  [warn] glasso failed at iter 0: Non SPD result: the system is too ill-conditioned for this solver. The system is too ill-conditioned for this solver; keeping previous Theta
    fp=0.0173 tp=0.0377  [0.0s]  [STALE: glasso failed on 1 EM iters]
   nu  = 3.0000
  rho=16.30195 (57/57)  [extra 37/50]
  [warn] glasso failed at iter 0: Non SPD result: the system is too ill-conditioned for this solver. The system is too ill-conditioned for this solver; keeping previous Theta
    fp=0.0173 tp=0.0377  [0.0s]  [STALE: glasso failed on 1 EM iters]
   nu  = 3.0000
  rho=14.44136 (58/58)  [extra 38/50]
  [warn] glasso failed at iter 0: Non SPD result: the system is too ill-conditioned for this solver. The system is too ill-conditioned for this solver; keeping previous Theta
    fp=0.0173 tp=0.0377  [0.0s]  [STALE: glasso failed on 1 EM iters]
   nu  = 3.0000
  rho=12.79312 (59/59)  [extra 39/50]
  [warn] glasso failed at iter 0: Non SPD result: the system is too ill-conditioned for this solver. The system is too ill-conditioned for this solver; keeping previous Theta
    fp=0.0173 tp=0.0377  [0.0s]  [STALE: glasso failed on 1 EM iters]
   nu  = 3.0000
  rho=11.33300 (60/60)  [extra 40/50]
  [warn] glasso failed at iter 0: Non SPD result: the system is too ill-conditioned for this solver. The system is too ill-conditioned for this solver; keeping previous Theta
    fp=0.0173 tp=0.0377  [0.0s]  [STALE: glasso failed on 1 EM iters]
   nu  = 3.0000
  rho=10.03953 (61/61)  [extra 41/50]
  [warn] glasso failed at iter 0: Non SPD result: the system is too ill-conditioned for this solver. The system is too ill-conditioned for this solver; keeping previous Theta
    fp=0.0173 tp=0.0377  [0.0s]  [STALE: glasso failed on 1 EM iters]
   nu  = 3.0000
  rho=8.89368 (62/62)  [extra 42/50]
  [warn] glasso failed at iter 0: Non SPD result: the system is too ill-conditioned for this solver. The system is too ill-conditioned for this solver; keeping previous Theta
    fp=0.0173 tp=0.0377  [0.0s]  [STALE: glasso failed on 1 EM iters]
   nu  = 3.0000
  rho=7.87862 (63/63)  [extra 43/50]
  [warn] glasso failed at iter 0: Non SPD result: the system is too ill-conditioned for this solver. The system is too ill-conditioned for this solver; keeping previous Theta
    fp=0.0173 tp=0.0377  [0.0s]  [STALE: glasso failed on 1 EM iters]
   nu  = 3.0000
  rho=6.97941 (64/64)  [extra 44/50]
  [warn] glasso failed at iter 0: Non SPD result: the system is too ill-conditioned for this solver. The system is too ill-conditioned for this solver; keeping previous Theta
    fp=0.0173 tp=0.0377  [0.1s]  [STALE: glasso failed on 1 EM iters]
   nu  = 3.0000
  rho=6.18283 (65/65)  [extra 45/50]
  [warn] glasso failed at iter 0: Non SPD result: the system is too ill-conditioned for this solver. The system is too ill-conditioned for this solver; keeping previous Theta
    fp=0.0173 tp=0.0377  [0.1s]  [STALE: glasso failed on 1 EM iters]
   nu  = 3.0000
  rho=5.47716 (66/66)  [extra 46/50]
  [warn] glasso failed at iter 0: Non SPD result: the system is too ill-conditioned for this solver. The system is too ill-conditioned for this solver; keeping previous Theta
    fp=0.0173 tp=0.0377  [0.1s]  [STALE: glasso failed on 1 EM iters]
   nu  = 3.0000
  rho=4.85203 (67/67)  [extra 47/50]
  [warn] glasso failed at iter 0: Non SPD result: the system is too ill-conditioned for this solver. The system is too ill-conditioned for this solver; keeping previous Theta
    fp=0.0173 tp=0.0377  [0.0s]  [STALE: glasso failed on 1 EM iters]
   nu  = 3.0000
  rho=4.29826 (68/68)  [extra 48/50]
  [warn] glasso failed at iter 0: Non SPD result: the system is too ill-conditioned for this solver. The system is too ill-conditioned for this solver; keeping previous Theta
    fp=0.0173 tp=0.0377  [0.0s]  [STALE: glasso failed on 1 EM iters]
   nu  = 3.0000
  rho=3.80768 (69/69)  [extra 49/50]
  [warn] glasso failed at iter 0: Non SPD result: the system is too ill-conditioned for this solver. The system is too ill-conditioned for this solver; keeping previous Theta
    fp=0.0173 tp=0.0377  [0.1s]  [STALE: glasso failed on 1 EM iters]
   nu  = 3.0000
  rho=3.37310 (70/70)  [extra 50/50]
  [warn] glasso failed at iter 0: Non SPD result: the system is too ill-conditioned for this solver. The system is too ill-conditioned for this solver; keeping previous Theta
    fp=0.0173 tp=0.0377  [0.0s]  [STALE: glasso failed on 1 EM iters]
   nu  = 3.0000
  [note] 39/70 fits hit a glasso ConvergenceWarning (suppressed)
  [WARN] 43/70 points came from a fit whose glasso failed; those Thetas are stale, not estimates
  [warn] FPR stalled at 0.0173 < fp_end=0.3 after 50 extra fits (cap max_extra=50); the curve stops short of fp_end
  grid extended by 50 points down to rho=3.37310, ending at FPR 0.0173
  [warn] AUC integrates to fp_end=0.3 but the curve stops at FPR 0.0173; TPR held flat above that
  pilot fit of run_tstar_varlasso at rho=0.30349
  -> rho_max = max|S_ij| (off-diag) = 0.97087
  rho grid: [0.97086878 0.86006041 0.76189895 0.67494098 0.5979078  0.52966666
 0.46921411 0.4156612  0.36822045 0.32619427 0.28896467 0.2559842
 0.2267679  0.20088616 0.17795837 0.15764741 0.13965461 0.12371538
 0.10959535 0.09708688]
Running run_tstar_varlasso over 20 rho values, extending until FPR >= 0.3...
  rho=0.97087 (1/20)
    fp=0.0023 tp=0.0000  [0.2s]
   nu  = 3.0000
  rho=0.86006 (2/20)
    fp=0.0029 tp=0.0189  [0.1s]
   nu  = 3.0000
  rho=0.76190 (3/20)
    fp=0.0039 tp=0.0283  [0.1s]
   nu  = 3.0000
  rho=0.67494 (4/20)
    fp=0.0062 tp=0.0283  [0.1s]
   nu  = 3.0000
  rho=0.59791 (5/20)
    fp=0.0101 tp=0.0283  [0.1s]
   nu  = 3.0000
  rho=0.52967 (6/20)
    fp=0.0153 tp=0.0283  [0.1s]
   nu  = 3.0000
  rho=0.46921 (7/20)
    fp=0.0209 tp=0.0377  [0.1s]
   nu  = 3.0000
  rho=0.41566 (8/20)
    fp=0.0262 tp=0.0472  [0.1s]
   nu  = 3.0000
  rho=0.36822 (9/20)
    fp=0.0351 tp=0.0849  [0.1s]
   nu  = 3.0000
  rho=0.32619 (10/20)
    fp=0.0450 tp=0.0943  [0.1s]
   nu  = 3.0000
  rho=0.28896 (11/20)
    fp=0.0568 tp=0.1132  [0.2s]
   nu  = 3.0000
  rho=0.25598 (12/20)
    fp=0.0694 tp=0.1604  [0.1s]
   nu  = 3.0000
  rho=0.22677 (13/20)
    fp=0.0915 tp=0.2547  [0.1s]
   nu  = 3.0000
  rho=0.20089 (14/20)
    fp=0.1086 tp=0.2736  [0.1s]
   nu  = 3.0000
  rho=0.17796 (15/20)
    fp=0.1265 tp=0.3208  [0.2s]
   nu  = 3.0000
  rho=0.15765 (16/20)
    fp=0.1491 tp=0.3585  [0.2s]
   nu  = 3.0000
  rho=0.13965 (17/20)
    fp=0.1736 tp=0.3868  [0.2s]
   nu  = 3.0000
  rho=0.12372 (18/20)
    fp=0.1965 tp=0.4434  [0.2s]
   nu  = 3.0000
  rho=0.10960 (19/20)
    fp=0.2232 tp=0.4717  [0.2s]
   nu  = 3.0000
  rho=0.09709 (20/20)
    fp=0.2457 tp=0.5189  [0.2s]
   nu  = 3.0000
  rho=0.08601 (21/21)  [extra 1/50]
    fp=0.2713 tp=0.5566  [0.3s]
   nu  = 3.0000
  rho=0.07619 (22/22)  [extra 2/50]
    fp=0.2956 tp=0.5849  [0.2s]
   nu  = 3.0000
  rho=0.06749 (23/23)  [extra 3/50]
    fp=0.3134 tp=0.6038  [0.3s]
   nu  = 3.0000
  FPR 0.3134 >= fp_end=0.3; stopping after 23 fits
  grid extended by 3 points down to rho=0.06749, ending at FPR 0.3134
  pilot fit of run_em_diagonal at rho=0.30349
  -> rho_max = max|S_ij| (off-diag) = 0.45576
  rho grid: [0.45575646 0.40373951 0.35765942 0.31683861 0.2806768  0.24864226
 0.22026392 0.19512449 0.1728543  0.15312589 0.13564914 0.12016707
 0.10645201 0.0943023  0.08353928 0.07400467 0.06555828 0.05807591
 0.05144752 0.04557565]
Running run_em_diagonal over 20 rho values, extending until FPR >= 0.3...
  rho=0.45576 (1/20)
    fp=0.0019 tp=0.0094  [10.3s]
   median nu  = 0.462
   median |eta| = 1.396
  rho=0.40374 (2/20)
    fp=0.0025 tp=0.0189  [10.0s]
   median nu  = 0.504
   median |eta| = 1.295
  rho=0.35766 (3/20)
    fp=0.0060 tp=0.0377  [10.1s]
   median nu  = 0.537
   median |eta| = 1.25
  rho=0.31684 (4/20)
    fp=0.0095 tp=0.0566  [10.0s]
   median nu  = 0.557
   median |eta| = 1.192
  rho=0.28068 (5/20)
    fp=0.0151 tp=0.0660  [11.6s]
   median nu  = 0.566
   median |eta| = 1.153
  rho=0.24864 (6/20)
    fp=0.0227 tp=0.0849  [10.2s]
   median nu  = 0.573
   median |eta| = 1.12
  rho=0.22026 (7/20)
    fp=0.0316 tp=0.1321  [10.1s]
   median nu  = 0.579
   median |eta| = 1.095
  rho=0.19512 (8/20)
    fp=0.0436 tp=0.1887  [10.3s]
   median nu  = 0.611
   median |eta| = 1.081
  rho=0.17285 (9/20)
    fp=0.0562 tp=0.2358  [10.4s]
   median nu  = 0.658
   median |eta| = 1.019
  rho=0.15313 (10/20)
    fp=0.0683 tp=0.2547  [10.5s]
   median nu  = 0.69
   median |eta| = 0.97
  rho=0.13565 (11/20)
    fp=0.0836 tp=0.3019  [10.6s]
   median nu  = 0.699
   median |eta| = 0.966
  rho=0.12017 (12/20)
    fp=0.1005 tp=0.3585  [10.5s]
   median nu  = 0.72
   median |eta| = 0.924
  rho=0.10645 (13/20)
    fp=0.1185 tp=0.4057  [10.6s]
   median nu  = 0.742
   median |eta| = 0.929
  rho=0.09430 (14/20)
    fp=0.1402 tp=0.4717  [10.6s]
   median nu  = 0.756
   median |eta| = 0.922
  rho=0.08354 (15/20)
    fp=0.1567 tp=0.5283  [10.9s]
   median nu  = 0.775
   median |eta| = 0.915
  rho=0.07400 (16/20)
    fp=0.1790 tp=0.5377  [11.1s]
   median nu  = 0.838
   median |eta| = 0.979
  rho=0.06556 (17/20)
    fp=0.1951 tp=0.5755  [11.2s]
   median nu  = 0.828
   median |eta| = 1.017
  rho=0.05808 (18/20)
    fp=0.2126 tp=0.6038  [11.5s]
   median nu  = 0.822
   median |eta| = 1.069
  rho=0.05145 (19/20)
    fp=0.2327 tp=0.6226  [11.6s]
   median nu  = 0.826
   median |eta| = 1.099
  rho=0.04558 (20/20)
    fp=0.2517 tp=0.6321  [11.3s]
   median nu  = 0.839
   median |eta| = 0.926
  rho=0.04037 (21/21)  [extra 1/50]
    fp=0.2686 tp=0.6321  [11.0s]
   median nu  = 0.828
   median |eta| = 0.931
  rho=0.03577 (22/22)  [extra 2/50]
    fp=0.2841 tp=0.6509  [11.1s]
   median nu  = 0.823
   median |eta| = 0.853
  rho=0.03168 (23/23)  [extra 3/50]
    fp=0.3004 tp=0.6698  [10.9s]
   median nu  = 0.811
   median |eta| = 0.913
  FPR 0.3004 >= fp_end=0.3; stopping after 23 fits
  grid extended by 3 points down to rho=0.03168, ending at FPR 0.3004
  pilot fit of run_em_exact at rho=0.30349
  -> rho_max = max|S_ij| (off-diag) = 0.48480
  rho grid: [0.48480429 0.42947202 0.380455   0.33703245 0.29856585 0.26448957
 0.23430253 0.20756083 0.18387125 0.16288543 0.14429479 0.12782597
 0.11323678 0.1003127  0.08886369 0.07872139 0.06973667 0.0617774
 0.05472654 0.04848043]
Running run_em_exact over 20 rho values, extending until FPR >= 0.3...
  rho=0.48480 (1/20)
    fp=0.0004 tp=0.0094  [10.4s]
   median nu  = 0.442
   median |eta| = 1.392
  rho=0.42947 (2/20)
    fp=0.0023 tp=0.0189  [10.7s]
   median nu  = 0.483
   median |eta| = 1.321
  rho=0.38045 (3/20)
    fp=0.0041 tp=0.0283  [10.9s]
   median nu  = 0.524
   median |eta| = 1.261
  rho=0.33703 (4/20)
    fp=0.0085 tp=0.0566  [11.0s]
   median nu  = 0.55
   median |eta| = 1.155
  rho=0.29857 (5/20)
    fp=0.0136 tp=0.0660  [11.1s]
   median nu  = 0.569
   median |eta| = 1.025
  rho=0.26449 (6/20)
    fp=0.0206 tp=0.0755  [10.8s]
   median nu  = 0.62
   median |eta| = 0.953
  rho=0.23430 (7/20)
    fp=0.0322 tp=0.1226  [10.7s]
   median nu  = 0.663
   median |eta| = 0.87
  rho=0.20756 (8/20)
    fp=0.0425 tp=0.1604  [10.6s]
   median nu  = 0.714
   median |eta| = 0.804
  rho=0.18387 (9/20)
    fp=0.0603 tp=0.2170  [10.3s]
   median nu  = 0.78
   median |eta| = 0.627
  rho=0.16289 (10/20)
    fp=0.0766 tp=0.2736  [10.1s]
   median nu  = 0.853
   median |eta| = 0.479
  rho=0.14429 (11/20)
    fp=0.0950 tp=0.3019  [9.4s]
   median nu  = 0.942
   median |eta| = 0.4
  rho=0.12783 (12/20)
    fp=0.1150 tp=0.3868  [9.0s]
   median nu  = 1.025
   median |eta| = 0.342
  rho=0.11324 (13/20)
    fp=0.1396 tp=0.4340  [8.6s]
   median nu  = 1.124
   median |eta| = 0.249
  rho=0.10031 (14/20)
    fp=0.1604 tp=0.4528  [8.4s]
   median nu  = 1.234
   median |eta| = 0.195
  rho=0.08886 (15/20)
    fp=0.1850 tp=0.5094  [9.1s]
   median nu  = 1.329
   median |eta| = 0.149
  rho=0.07872 (16/20)
    fp=0.2044 tp=0.5660  [8.9s]
   median nu  = 1.427
   median |eta| = 0.114
  rho=0.06974 (17/20)
    fp=0.2236 tp=0.5849  [8.8s]
   median nu  = 1.56
   median |eta| = 0.086
  rho=0.06178 (18/20)
    fp=0.2455 tp=0.6132  [8.8s]
   median nu  = 1.678
   median |eta| = 0.062
  rho=0.05473 (19/20)
    fp=0.2640 tp=0.6415  [8.7s]
   median nu  = 1.795
   median |eta| = 0.047
  rho=0.04848 (20/20)
    fp=0.2814 tp=0.6604  [9.0s]
   median nu  = 1.93
   median |eta| = 0.037
  rho=0.04295 (21/21)  [extra 1/50]
    fp=0.2995 tp=0.6604  [8.9s]
   median nu  = 2.059
   median |eta| = 0.028
  rho=0.03805 (22/22)  [extra 2/50]
    fp=0.3150 tp=0.6887  [8.7s]
   median nu  = 2.205
   median |eta| = 0.021
  FPR 0.3150 >= fp_end=0.3; stopping after 22 fits
  grid extended by 2 points down to rho=0.03805, ending at FPR 0.3150
  graphical_lasso rho_max = max|S_ij| (off-diag) = 10750.60300
  rho grid: [10750.60299692  9523.60217185  8436.64288912  7473.74175802
  6620.73962353  5865.09336044  5195.69143067  4602.69049165
  4077.37065309  3612.00725376  3199.75727283  2834.55870537
  2511.04142256  2224.44820559  1970.56479232  1745.65790786
  1546.42036799  1369.92244802  1213.56880214  1075.06029969]
Running graphical_lasso over 20 rho values, extending until FPR >= 0.3...
  rho=10750.60300 (1/20)
    fp=0.0002 tp=0.0000  [8.7s]
  rho=9523.60217 (2/20)
    fp=0.0002 tp=0.0000  [8.9s]
  rho=8436.64289 (3/20)
    fp=0.0002 tp=0.0000  [8.7s]
  rho=7473.74176 (4/20)
    fp=0.0002 tp=0.0000  [8.7s]
  rho=6620.73962 (5/20)
    fp=0.0002 tp=0.0000  [8.7s]
  rho=5865.09336 (6/20)
    fp=0.0002 tp=0.0000  [8.7s]
  rho=5195.69143 (7/20)
    fp=0.0002 tp=0.0000  [8.8s]
  rho=4602.69049 (8/20)
    fp=0.0002 tp=0.0000  [8.7s]
  rho=4077.37065 (9/20)
    fp=0.0002 tp=0.0000  [8.8s]
  rho=3612.00725 (10/20)
    fp=0.0002 tp=0.0000  [8.7s]
  rho=3199.75727 (11/20)
    fp=0.0002 tp=0.0000  [0.0s]
  rho=2834.55871 (12/20)
    [WARN] glasso failed: Non SPD result: the system is too ill-conditioned for this solver. The system is too ill-conditioned for this solver; reusing previous Theta
    fp=0.0002 tp=0.0000  [0.2s]
  rho=2511.04142 (13/20)
    fp=0.0002 tp=0.0000  [0.0s]
  rho=2224.44821 (14/20)
    fp=0.0002 tp=0.0000  [0.0s]
  rho=1970.56479 (15/20)
    fp=0.0002 tp=0.0000  [0.0s]
  rho=1745.65791 (16/20)
    fp=0.0002 tp=0.0000  [0.0s]
  rho=1546.42037 (17/20)
    fp=0.0002 tp=0.0000  [0.0s]
  rho=1369.92245 (18/20)
    fp=0.0002 tp=0.0000  [0.0s]
  rho=1213.56880 (19/20)
    fp=0.0002 tp=0.0000  [0.0s]
  rho=1075.06030 (20/20)
    [WARN] glasso failed: Non SPD result: the system is too ill-conditioned for this solver. The system is too ill-conditioned for this solver; reusing previous Theta
    fp=0.0002 tp=0.0000  [0.0s]
  rho=952.36022 (21/21)  [extra 1/50]
    fp=0.0004 tp=0.0000  [0.1s]
  rho=843.66429 (22/22)  [extra 2/50]
    fp=0.0004 tp=0.0000  [0.0s]
  rho=747.37418 (23/23)  [extra 3/50]
    [WARN] glasso failed: Non SPD result: the system is too ill-conditioned for this solver. The system is too ill-conditioned for this solver; reusing previous Theta
    fp=0.0004 tp=0.0000  [0.0s]
  rho=662.07396 (24/24)  [extra 4/50]
    [WARN] glasso failed: Non SPD result: the system is too ill-conditioned for this solver. The system is too ill-conditioned for this solver; reusing previous Theta
    fp=0.0004 tp=0.0000  [0.0s]
  rho=586.50934 (25/25)  [extra 5/50]
    fp=0.0004 tp=0.0000  [0.0s]
  rho=519.56914 (26/26)  [extra 6/50]
    fp=0.0004 tp=0.0000  [0.0s]
  rho=460.26905 (27/27)  [extra 7/50]
    fp=0.0004 tp=0.0000  [0.0s]
  rho=407.73707 (28/28)  [extra 8/50]
    fp=0.0004 tp=0.0000  [0.0s]
  rho=361.20073 (29/29)  [extra 9/50]
    fp=0.0004 tp=0.0000  [0.0s]
  rho=319.97573 (30/30)  [extra 10/50]
    fp=0.0004 tp=0.0000  [0.0s]
  rho=283.45587 (31/31)  [extra 11/50]
    fp=0.0006 tp=0.0000  [0.0s]
  rho=251.10414 (32/32)  [extra 12/50]
    fp=0.0008 tp=0.0000  [0.0s]
  rho=222.44482 (33/33)  [extra 13/50]
    [WARN] glasso failed: Non SPD result: the system is too ill-conditioned for this solver. The system is too ill-conditioned for this solver; reusing previous Theta
    fp=0.0008 tp=0.0000  [0.1s]
  rho=197.05648 (34/34)  [extra 14/50]
    [WARN] glasso failed: Non SPD result: the system is too ill-conditioned for this solver. The system is too ill-conditioned for this solver; reusing previous Theta
    fp=0.0008 tp=0.0000  [0.1s]
  rho=174.56579 (35/35)  [extra 15/50]
    [WARN] glasso failed: Non SPD result: the system is too ill-conditioned for this solver. The system is too ill-conditioned for this solver; reusing previous Theta
    fp=0.0008 tp=0.0000  [0.0s]
  rho=154.64204 (36/36)  [extra 16/50]
    [WARN] glasso failed: Non SPD result: the system is too ill-conditioned for this solver. The system is too ill-conditioned for this solver; reusing previous Theta
    fp=0.0008 tp=0.0000  [0.0s]
  rho=136.99224 (37/37)  [extra 17/50]
    [WARN] glasso failed: Non SPD result: the system is too ill-conditioned for this solver. The system is too ill-conditioned for this solver; reusing previous Theta
    fp=0.0008 tp=0.0000  [0.0s]
  rho=121.35688 (38/38)  [extra 18/50]
    [WARN] glasso failed: Non SPD result: the system is too ill-conditioned for this solver. The system is too ill-conditioned for this solver; reusing previous Theta
    fp=0.0008 tp=0.0000  [0.0s]
  rho=107.50603 (39/39)  [extra 19/50]
    fp=0.0019 tp=0.0000  [8.8s]
  rho=95.23602 (40/40)  [extra 20/50]
    [WARN] glasso failed: Non SPD result: the system is too ill-conditioned for this solver. The system is too ill-conditioned for this solver; reusing previous Theta
    fp=0.0019 tp=0.0000  [0.0s]
  rho=84.36643 (41/41)  [extra 21/50]
    fp=0.0021 tp=0.0094  [8.9s]
  rho=74.73742 (42/42)  [extra 22/50]
    fp=0.0025 tp=0.0094  [9.0s]
  rho=66.20740 (43/43)  [extra 23/50]
    [WARN] glasso failed: Non SPD result: the system is too ill-conditioned for this solver. The system is too ill-conditioned for this solver; reusing previous Theta
    fp=0.0025 tp=0.0094  [1.4s]
  rho=58.65093 (44/44)  [extra 24/50]
    [WARN] glasso failed: Non SPD result: the system is too ill-conditioned for this solver. The system is too ill-conditioned for this solver; reusing previous Theta
    fp=0.0025 tp=0.0094  [0.1s]
  rho=51.95691 (45/45)  [extra 25/50]
    fp=0.0039 tp=0.0094  [9.0s]
  rho=46.02690 (46/46)  [extra 26/50]
    [WARN] glasso failed: Non SPD result: the system is too ill-conditioned for this solver. The system is too ill-conditioned for this solver; reusing previous Theta
    fp=0.0039 tp=0.0094  [0.0s]
  rho=40.77371 (47/47)  [extra 27/50]
    [WARN] glasso failed: Non SPD result: the system is too ill-conditioned for this solver. The system is too ill-conditioned for this solver; reusing previous Theta
    fp=0.0039 tp=0.0094  [0.0s]
  rho=36.12007 (48/48)  [extra 28/50]
    fp=0.0052 tp=0.0189  [9.2s]
  rho=31.99757 (49/49)  [extra 29/50]
    [WARN] glasso failed: Non SPD result: the system is too ill-conditioned for this solver. The system is too ill-conditioned for this solver; reusing previous Theta
    fp=0.0052 tp=0.0189  [0.0s]
  rho=28.34559 (50/50)  [extra 30/50]
    [WARN] glasso failed: Non SPD result: the system is too ill-conditioned for this solver. The system is too ill-conditioned for this solver; reusing previous Theta
    fp=0.0052 tp=0.0189  [0.0s]
  rho=25.11041 (51/51)  [extra 31/50]
    fp=0.0062 tp=0.0189  [9.2s]
  rho=22.24448 (52/52)  [extra 32/50]
    fp=0.0072 tp=0.0189  [9.1s]
  rho=19.70565 (53/53)  [extra 33/50]
    fp=0.0076 tp=0.0283  [9.2s]
  rho=17.45658 (54/54)  [extra 34/50]
    [WARN] glasso failed: Non SPD result: the system is too ill-conditioned for this solver. The system is too ill-conditioned for this solver; reusing previous Theta
    fp=0.0076 tp=0.0283  [0.0s]
  rho=15.46420 (55/55)  [extra 35/50]
    [WARN] glasso failed: Non SPD result: the system is too ill-conditioned for this solver. The system is too ill-conditioned for this solver; reusing previous Theta
    fp=0.0076 tp=0.0283  [0.0s]
  rho=13.69922 (56/56)  [extra 36/50]
    [WARN] glasso failed: Non SPD result: the system is too ill-conditioned for this solver. The system is too ill-conditioned for this solver; reusing previous Theta
    fp=0.0076 tp=0.0283  [0.0s]
  rho=12.13569 (57/57)  [extra 37/50]
    [WARN] glasso failed: Non SPD result: the system is too ill-conditioned for this solver. The system is too ill-conditioned for this solver; reusing previous Theta
    fp=0.0076 tp=0.0283  [0.1s]
  rho=10.75060 (58/58)  [extra 38/50]
    [WARN] glasso failed: Non SPD result: the system is too ill-conditioned for this solver. The system is too ill-conditioned for this solver; reusing previous Theta
    fp=0.0076 tp=0.0283  [0.2s]
  rho=9.52360 (59/59)  [extra 39/50]
    [WARN] glasso failed: Non SPD result: the system is too ill-conditioned for this solver. The system is too ill-conditioned for this solver; reusing previous Theta
    fp=0.0076 tp=0.0283  [0.1s]
  rho=8.43664 (60/60)  [extra 40/50]
    [WARN] glasso failed: Non SPD result: the system is too ill-conditioned for this solver. The system is too ill-conditioned for this solver; reusing previous Theta
    fp=0.0076 tp=0.0283  [0.0s]
  rho=7.47374 (61/61)  [extra 41/50]
    [WARN] glasso failed: Non SPD result: the system is too ill-conditioned for this solver. The system is too ill-conditioned for this solver; reusing previous Theta
    fp=0.0076 tp=0.0283  [0.0s]
  rho=6.62074 (62/62)  [extra 42/50]
    [WARN] glasso failed: Non SPD result: the system is too ill-conditioned for this solver. The system is too ill-conditioned for this solver; reusing previous Theta
    fp=0.0076 tp=0.0283  [0.0s]
  rho=5.86509 (63/63)  [extra 43/50]
    [WARN] glasso failed: Non SPD result: the system is too ill-conditioned for this solver. The system is too ill-conditioned for this solver; reusing previous Theta
    fp=0.0076 tp=0.0283  [0.0s]
  rho=5.19569 (64/64)  [extra 44/50]
    [WARN] glasso failed: Non SPD result: the system is too ill-conditioned for this solver. The system is too ill-conditioned for this solver; reusing previous Theta
    fp=0.0076 tp=0.0283  [0.0s]
  rho=4.60269 (65/65)  [extra 45/50]
    [WARN] glasso failed: Non SPD result: the system is too ill-conditioned for this solver. The system is too ill-conditioned for this solver; reusing previous Theta
    fp=0.0076 tp=0.0283  [0.0s]
  rho=4.07737 (66/66)  [extra 46/50]
    [WARN] glasso failed: Non SPD result: the system is too ill-conditioned for this solver. The system is too ill-conditioned for this solver; reusing previous Theta
    fp=0.0076 tp=0.0283  [0.0s]
  rho=3.61201 (67/67)  [extra 47/50]
    [WARN] glasso failed: Non SPD result: the system is too ill-conditioned for this solver. The system is too ill-conditioned for this solver; reusing previous Theta
    fp=0.0076 tp=0.0283  [0.0s]
  rho=3.19976 (68/68)  [extra 48/50]
    [WARN] glasso failed: Non SPD result: the system is too ill-conditioned for this solver. The system is too ill-conditioned for this solver; reusing previous Theta
    fp=0.0076 tp=0.0283  [0.0s]
  rho=2.83456 (69/69)  [extra 49/50]
    [WARN] glasso failed: Non SPD result: the system is too ill-conditioned for this solver. The system is too ill-conditioned for this solver; reusing previous Theta
    fp=0.0076 tp=0.0283  [0.1s]
  rho=2.51104 (70/70)  [extra 50/50]
    [WARN] glasso failed: Non SPD result: the system is too ill-conditioned for this solver. The system is too ill-conditioned for this solver; reusing previous Theta
    fp=0.0076 tp=0.0283  [0.2s]
  [note] 24/70 fits hit a glasso ConvergenceWarning (suppressed)
  [WARN] 34/70 points reused the previous Theta after a glasso failure; those are not estimates
  [warn] FPR stalled at 0.0076 < fp_end=0.3 after 50 extra fits (cap max_extra=50); the curve stops short of fp_end
  grid extended by 50 points down to rho=2.51104, ending at FPR 0.0076
  [warn] AUC integrates to fp_end=0.3 but the curve stops at FPR 0.0076; TPR held flat above that
  [warn] mean_roc averages out to FPR 0.300 but the shortest replicate only reached 0.008; its TPR is held flat above that
  [warn] mean_roc averages out to FPR 0.300 but the shortest replicate only reached 0.017; its TPR is held flat above that

(p=100, n=50) over 35 replicates
  t+lasso  (run_em_diagonal):    AUC = 0.135 (SE 0.002)
  ~t+lasso (run_em_exact):       AUC = 0.128 (SE 0.002)
  tlasso   (run_tlasso):         AUC = 0.045 (SE 0.002)
  t*lasso  (run_tstar_varlasso): AUC = 0.108 (SE 0.002)
  glasso   (graphical_lasso):    AUC = 0.045 (SE 0.002)
Replicate 36/50
  Theta: 119/4950 edges
  pilot fit of run_tlasso at rho=30.34854
  -> rho_max = max|S_ij| (off-diag) = 2103.22894
  rho grid: [2103.22894183 1863.18067219 1650.52988203 1462.14960907 1295.26978129
 1147.43648386 1016.47587516  900.46222106  797.68957765  706.6467059
  625.99484931  554.54804797  491.25569938  435.18710968  385.51780808
  341.51742329  302.53894364  268.00920298  237.42045244  210.32289418]
Running run_tlasso over 20 rho values, extending until FPR >= 0.3...
  rho=2103.22894 (1/20)
    fp=0.0004 tp=0.0000  [0.2s]
   nu  = 3.0000
  rho=1863.18067 (2/20)
    fp=0.0004 tp=0.0000  [0.1s]
   nu  = 3.0000
  rho=1650.52988 (3/20)
    fp=0.0004 tp=0.0000  [0.1s]
   nu  = 3.0000
  rho=1462.14961 (4/20)
    fp=0.0004 tp=0.0000  [0.1s]
   nu  = 3.0000
  rho=1295.26978 (5/20)
    fp=0.0006 tp=0.0000  [0.1s]
   nu  = 3.0000
  rho=1147.43648 (6/20)
    fp=0.0008 tp=0.0000  [0.1s]
   nu  = 3.0000
  rho=1016.47588 (7/20)
    fp=0.0012 tp=0.0000  [0.1s]
   nu  = 3.0000
  rho=900.46222 (8/20)
    fp=0.0014 tp=0.0000  [0.1s]
   nu  = 3.0000
  rho=797.68958 (9/20)
    fp=0.0017 tp=0.0000  [0.1s]
   nu  = 3.0000
  rho=706.64671 (10/20)
    fp=0.0017 tp=0.0000  [0.1s]
   nu  = 3.0000
  rho=625.99485 (11/20)
    fp=0.0023 tp=0.0000  [0.1s]
   nu  = 3.0000
  rho=554.54805 (12/20)
    fp=0.0031 tp=0.0000  [0.1s]
   nu  = 3.0000
  rho=491.25570 (13/20)
    fp=0.0035 tp=0.0000  [0.1s]
   nu  = 3.0000
  rho=435.18711 (14/20)
    fp=0.0048 tp=0.0000  [0.1s]
   nu  = 3.0000
  rho=385.51781 (15/20)
    fp=0.0052 tp=0.0000  [0.1s]
   nu  = 3.0000
  rho=341.51742 (16/20)
    fp=0.0070 tp=0.0000  [0.1s]
   nu  = 3.0000
  rho=302.53894 (17/20)
    fp=0.0081 tp=0.0000  [0.1s]
   nu  = 3.0000
  rho=268.00920 (18/20)
    fp=0.0110 tp=0.0000  [0.1s]
   nu  = 3.0000
  rho=237.42045 (19/20)
    fp=0.0132 tp=0.0000  [0.1s]
   nu  = 3.0000
  rho=210.32289 (20/20)
    fp=0.0147 tp=0.0000  [0.1s]
   nu  = 3.0000
  rho=186.31807 (21/21)  [extra 1/50]
    fp=0.0170 tp=0.0000  [0.1s]
   nu  = 3.0000
  rho=165.05299 (22/22)  [extra 2/50]
    fp=0.0207 tp=0.0000  [0.1s]
   nu  = 3.0000
  rho=146.21496 (23/23)  [extra 3/50]
    fp=0.0234 tp=0.0000  [0.1s]
   nu  = 3.0000
  rho=129.52698 (24/24)  [extra 4/50]
    fp=0.0288 tp=0.0084  [0.1s]
   nu  = 3.0000
  rho=114.74365 (25/25)  [extra 5/50]
    fp=0.0327 tp=0.0168  [0.1s]
   nu  = 3.0000
  rho=101.64759 (26/26)  [extra 6/50]
    fp=0.0375 tp=0.0168  [0.1s]
   nu  = 3.0000
  rho=90.04622 (27/27)  [extra 7/50]
    fp=0.0435 tp=0.0336  [0.1s]
   nu  = 3.0000
  rho=79.76896 (28/28)  [extra 8/50]
    fp=0.0491 tp=0.0420  [0.1s]
   nu  = 3.0000
  rho=70.66467 (29/29)  [extra 9/50]
    fp=0.0551 tp=0.0588  [0.1s]
   nu  = 3.0000
  rho=62.59948 (30/30)  [extra 10/50]
    fp=0.0604 tp=0.0924  [0.1s]
   nu  = 3.0000
  rho=55.45480 (31/31)  [extra 11/50]
    fp=0.0671 tp=0.1092  [0.1s]
   nu  = 3.0000
  rho=49.12557 (32/32)  [extra 12/50]
    fp=0.0735 tp=0.1092  [0.1s]
   nu  = 3.0000
  rho=43.51871 (33/33)  [extra 13/50]
    fp=0.0795 tp=0.1261  [0.1s]
   nu  = 3.0000
  rho=38.55178 (34/34)  [extra 14/50]
    fp=0.0880 tp=0.1261  [0.1s]
   nu  = 3.0000
  rho=34.15174 (35/35)  [extra 15/50]
    fp=0.0944 tp=0.1261  [0.1s]
   nu  = 3.0000
  rho=30.25389 (36/36)  [extra 16/50]
    fp=0.1014 tp=0.1345  [0.1s]
   nu  = 3.0000
  rho=26.80092 (37/37)  [extra 17/50]
    fp=0.1107 tp=0.1513  [0.1s]
   nu  = 3.0000
  rho=23.74205 (38/38)  [extra 18/50]
    fp=0.1186 tp=0.1513  [0.1s]
   nu  = 3.0000
  rho=21.03229 (39/39)  [extra 19/50]
    fp=0.1294 tp=0.1597  [0.1s]
   nu  = 3.0000
  rho=18.63181 (40/40)  [extra 20/50]
    fp=0.1389 tp=0.1681  [0.2s]
   nu  = 3.0000
  rho=16.50530 (41/41)  [extra 21/50]
    fp=0.1492 tp=0.1765  [0.2s]
   nu  = 3.0000
  rho=14.62150 (42/42)  [extra 22/50]
    fp=0.1598 tp=0.1933  [0.2s]
   nu  = 3.0000
  rho=12.95270 (43/43)  [extra 23/50]
    fp=0.1702 tp=0.2017  [0.2s]
   nu  = 3.0000
  rho=11.47436 (44/44)  [extra 24/50]
    fp=0.1855 tp=0.2269  [0.2s]
   nu  = 3.0000
  rho=10.16476 (45/45)  [extra 25/50]
    fp=0.1966 tp=0.2857  [0.2s]
   nu  = 3.0000
  rho=9.00462 (46/46)  [extra 26/50]
    fp=0.2153 tp=0.3109  [0.2s]
   nu  = 3.0000
  rho=7.97690 (47/47)  [extra 27/50]
    fp=0.2337 tp=0.3445  [0.2s]
   nu  = 3.0000
  rho=7.06647 (48/48)  [extra 28/50]
    fp=0.2498 tp=0.3361  [0.3s]
   nu  = 3.0000
  rho=6.25995 (49/49)  [extra 29/50]
    fp=0.2679 tp=0.3529  [0.2s]
   nu  = 3.0000
  rho=5.54548 (50/50)  [extra 30/50]
    fp=0.2879 tp=0.3866  [0.3s]
   nu  = 3.0000
  rho=4.91256 (51/51)  [extra 31/50]
    fp=0.3105 tp=0.4202  [0.6s]
   nu  = 3.0000
  FPR 0.3105 >= fp_end=0.3; stopping after 51 fits
  grid extended by 31 points down to rho=4.91256, ending at FPR 0.3105
  pilot fit of run_tstar_varlasso at rho=0.30349
  -> rho_max = max|S_ij| (off-diag) = 0.76835
  rho grid: [0.76835315 0.68065854 0.6029728  0.53415358 0.47318892 0.41918235
 0.37133972 0.32895753 0.29141255 0.2581527  0.2286889  0.2025879
 0.1794659  0.15898288 0.14083765 0.1247634  0.11052375 0.09790932
 0.08673462 0.07683532]
Running run_tstar_varlasso over 20 rho values, extending until FPR >= 0.3...
  rho=0.76835 (1/20)
    fp=0.0008 tp=0.0000  [0.2s]
   nu  = 3.0000
  rho=0.68066 (2/20)
    fp=0.0012 tp=0.0000  [0.1s]
   nu  = 3.0000
  rho=0.60297 (3/20)
    fp=0.0029 tp=0.0084  [0.1s]
   nu  = 3.0000
  rho=0.53415 (4/20)
    fp=0.0037 tp=0.0168  [0.1s]
   nu  = 3.0000
  rho=0.47319 (5/20)
    fp=0.0058 tp=0.0420  [0.1s]
   nu  = 3.0000
  rho=0.41918 (6/20)
    fp=0.0108 tp=0.0588  [0.1s]
   nu  = 3.0000
  rho=0.37134 (7/20)
    fp=0.0153 tp=0.0756  [0.1s]
   nu  = 3.0000
  rho=0.32896 (8/20)
    fp=0.0259 tp=0.0924  [0.1s]
   nu  = 3.0000
  rho=0.29141 (9/20)
    fp=0.0406 tp=0.1345  [0.1s]
   nu  = 3.0000
  rho=0.25815 (10/20)
    fp=0.0578 tp=0.2017  [0.1s]
   nu  = 3.0000
  rho=0.22869 (11/20)
    fp=0.0753 tp=0.2269  [0.1s]
   nu  = 3.0000
  rho=0.20259 (12/20)
    fp=0.0927 tp=0.2269  [0.1s]
   nu  = 3.0000
  rho=0.17947 (13/20)
    fp=0.1132 tp=0.2689  [0.1s]
   nu  = 3.0000
  rho=0.15898 (14/20)
    fp=0.1350 tp=0.3025  [0.1s]
   nu  = 3.0000
  rho=0.14084 (15/20)
    fp=0.1606 tp=0.3445  [0.2s]
   nu  = 3.0000
  rho=0.12476 (16/20)
    fp=0.1900 tp=0.3782  [0.2s]
   nu  = 3.0000
  rho=0.11052 (17/20)
    fp=0.2138 tp=0.4034  [0.2s]
   nu  = 3.0000
  rho=0.09791 (18/20)
    fp=0.2327 tp=0.4286  [0.2s]
   nu  = 3.0000
  rho=0.08673 (19/20)
    fp=0.2565 tp=0.4706  [0.2s]
   nu  = 3.0000
  rho=0.07684 (20/20)
    fp=0.2838 tp=0.4958  [0.3s]
   nu  = 3.0000
  rho=0.06807 (21/21)  [extra 1/50]
    fp=0.3103 tp=0.5462  [0.3s]
   nu  = 3.0000
  FPR 0.3103 >= fp_end=0.3; stopping after 21 fits
  grid extended by 1 points down to rho=0.06807, ending at FPR 0.3103
  pilot fit of run_em_diagonal at rho=0.30349
  -> rho_max = max|S_ij| (off-diag) = 0.45493
  rho grid: [0.45492905 0.40300654 0.35701011 0.3162634  0.28016724 0.24819085
 0.21986404 0.19477025 0.17254049 0.15284789 0.13540287 0.11994891
 0.10625875 0.0941311  0.08338762 0.07387032 0.06543926 0.05797047
 0.05135411 0.0454929 ]
Running run_em_diagonal over 20 rho values, extending until FPR >= 0.3...
  rho=0.45493 (1/20)
    fp=0.0004 tp=0.0000  [11.2s]
   median nu  = 0.502
   median |eta| = 1.32
  rho=0.40301 (2/20)
    fp=0.0008 tp=0.0168  [11.2s]
   median nu  = 0.526
   median |eta| = 1.293
  rho=0.35701 (3/20)
    fp=0.0017 tp=0.0168  [11.3s]
   median nu  = 0.549
   median |eta| = 1.226
  rho=0.31626 (4/20)
    fp=0.0025 tp=0.0420  [11.0s]
   median nu  = 0.571
   median |eta| = 1.209
  rho=0.28017 (5/20)
    fp=0.0054 tp=0.1008  [10.9s]
   median nu  = 0.591
   median |eta| = 1.207
  rho=0.24819 (6/20)
    fp=0.0118 tp=0.1092  [10.9s]
   median nu  = 0.611
   median |eta| = 1.214
  rho=0.21986 (7/20)
    fp=0.0178 tp=0.1597  [10.9s]
   median nu  = 0.629
   median |eta| = 1.225
  rho=0.19477 (8/20)
    fp=0.0246 tp=0.1933  [11.1s]
   median nu  = 0.648
   median |eta| = 1.232
  rho=0.17254 (9/20)
    fp=0.0360 tp=0.2521  [11.1s]
   median nu  = 0.665
   median |eta| = 1.187
  rho=0.15285 (10/20)
    fp=0.0503 tp=0.2857  [11.3s]
   median nu  = 0.682
   median |eta| = 1.187
  rho=0.13540 (11/20)
    fp=0.0654 tp=0.3109  [11.4s]
   median nu  = 0.694
   median |eta| = 1.191
  rho=0.11995 (12/20)
    fp=0.0849 tp=0.3277  [11.9s]
   median nu  = 0.689
   median |eta| = 1.142
  rho=0.10626 (13/20)
    fp=0.1068 tp=0.3866  [11.5s]
   median nu  = 0.707
   median |eta| = 1.164
  rho=0.09413 (14/20)
    fp=0.1275 tp=0.3950  [11.3s]
   median nu  = 0.709
   median |eta| = 1.175
  rho=0.08339 (15/20)
    fp=0.1478 tp=0.4454  [11.2s]
   median nu  = 0.706
   median |eta| = 1.172
  rho=0.07387 (16/20)
    fp=0.1648 tp=0.4538  [11.1s]
   median nu  = 0.701
   median |eta| = 1.186
  rho=0.06544 (17/20)
    fp=0.1824 tp=0.4790  [11.0s]
   median nu  = 0.704
   median |eta| = 1.296
  rho=0.05797 (18/20)
    fp=0.2022 tp=0.5042  [11.0s]
   median nu  = 0.694
   median |eta| = 1.335
  rho=0.05135 (19/20)
    fp=0.2190 tp=0.5126  [10.9s]
   median nu  = 0.682
   median |eta| = 1.287
  rho=0.04549 (20/20)
    fp=0.2345 tp=0.5126  [10.8s]
   median nu  = 0.668
   median |eta| = 1.383
  rho=0.04030 (21/21)  [extra 1/50]
    fp=0.2511 tp=0.5462  [10.7s]
   median nu  = 0.679
   median |eta| = 1.4
  rho=0.03570 (22/22)  [extra 2/50]
    fp=0.2670 tp=0.5714  [10.7s]
   median nu  = 0.689
   median |eta| = 1.552
  rho=0.03163 (23/23)  [extra 3/50]
    fp=0.2846 tp=0.5882  [10.7s]
   median nu  = 0.707
   median |eta| = 1.341
  rho=0.02802 (24/24)  [extra 4/50]
    fp=0.2952 tp=0.5966  [10.7s]
   median nu  = 0.692
   median |eta| = 1.385
  rho=0.02482 (25/25)  [extra 5/50]
    fp=0.3142 tp=0.6050  [10.9s]
   median nu  = 0.751
   median |eta| = 1.435
  FPR 0.3142 >= fp_end=0.3; stopping after 25 fits
  grid extended by 5 points down to rho=0.02482, ending at FPR 0.3142
  pilot fit of run_em_exact at rho=0.30349
  -> rho_max = max|S_ij| (off-diag) = 0.46238
  rho grid: [0.46238122 0.40960817 0.36285827 0.32144409 0.28475665 0.25225646
 0.22346562 0.19796077 0.17536687 0.15535169 0.1376209  0.12191379
 0.10799937 0.09567306 0.08475359 0.07508039 0.06651122 0.05892008
 0.05219534 0.04623812]
Running run_em_exact over 20 rho values, extending until FPR >= 0.3...
  rho=0.46238 (1/20)
    fp=0.0004 tp=0.0000  [11.3s]
   median nu  = 0.498
   median |eta| = 1.307
  rho=0.40961 (2/20)
    fp=0.0008 tp=0.0168  [11.3s]
   median nu  = 0.523
   median |eta| = 1.261
  rho=0.36286 (3/20)
    fp=0.0017 tp=0.0168  [11.4s]
   median nu  = 0.546
   median |eta| = 1.222
  rho=0.32144 (4/20)
    fp=0.0023 tp=0.0336  [11.1s]
   median nu  = 0.568
   median |eta| = 1.168
  rho=0.28476 (5/20)
    fp=0.0054 tp=0.1008  [10.9s]
   median nu  = 0.589
   median |eta| = 1.093
  rho=0.25226 (6/20)
    fp=0.0120 tp=0.1176  [10.7s]
   median nu  = 0.612
   median |eta| = 1.098
  rho=0.22347 (7/20)
    fp=0.0180 tp=0.1681  [10.5s]
   median nu  = 0.642
   median |eta| = 1.086
  rho=0.19796 (8/20)
    fp=0.0267 tp=0.2017  [10.3s]
   median nu  = 0.69
   median |eta| = 0.938
  rho=0.17537 (9/20)
    fp=0.0420 tp=0.2605  [10.0s]
   median nu  = 0.745
   median |eta| = 0.825
  rho=0.15535 (10/20)
    fp=0.0633 tp=0.2773  [9.5s]
   median nu  = 0.815
   median |eta| = 0.69
  rho=0.13762 (11/20)
    fp=0.0867 tp=0.3109  [9.1s]
   median nu  = 0.881
   median |eta| = 0.531
  rho=0.12191 (12/20)
    fp=0.1128 tp=0.3529  [8.8s]
   median nu  = 0.993
   median |eta| = 0.371
  rho=0.10800 (13/20)
    fp=0.1418 tp=0.4286  [8.4s]
   median nu  = 1.133
   median |eta| = 0.277
  rho=0.09567 (14/20)
    fp=0.1685 tp=0.4622  [8.2s]
   median nu  = 1.269
   median |eta| = 0.22
  rho=0.08475 (15/20)
    fp=0.1950 tp=0.4622  [8.5s]
   median nu  = 1.373
   median |eta| = 0.162
  rho=0.07508 (16/20)
    fp=0.2190 tp=0.4790  [8.7s]
   median nu  = 1.466
   median |eta| = 0.123
  rho=0.06651 (17/20)
    fp=0.2401 tp=0.4874  [8.6s]
   median nu  = 1.578
   median |eta| = 0.092
  rho=0.05892 (18/20)
    fp=0.2596 tp=0.4958  [8.8s]
   median nu  = 1.689
   median |eta| = 0.07
  rho=0.05220 (19/20)
    fp=0.2778 tp=0.5294  [8.6s]
   median nu  = 1.821
   median |eta| = 0.053
  rho=0.04624 (20/20)
    fp=0.2941 tp=0.5462  [8.5s]
   median nu  = 1.968
   median |eta| = 0.04
  rho=0.04096 (21/21)  [extra 1/50]
    fp=0.3115 tp=0.5630  [8.5s]
   median nu  = 2.084
   median |eta| = 0.029
  FPR 0.3115 >= fp_end=0.3; stopping after 21 fits
  grid extended by 1 points down to rho=0.04096, ending at FPR 0.3115
  graphical_lasso rho_max = max|S_ij| (off-diag) = 138.68160
  rho grid: [138.68159989 122.85342378 108.83176821  96.4104492   85.4068152
  75.65906126  67.02384976  59.37420267  52.59763435  46.59449753
  41.27651797  36.5654965   32.39215902  28.69513795  25.42006975
  22.5187956   19.94865319  17.67184937  15.65490448  13.86815999]
Running graphical_lasso over 20 rho values, extending until FPR >= 0.3...
  rho=138.68160 (1/20)
    fp=0.0000 tp=0.0000  [0.0s]
  rho=122.85342 (2/20)
    fp=0.0002 tp=0.0000  [0.0s]
  rho=108.83177 (3/20)
    fp=0.0004 tp=0.0000  [0.0s]
  rho=96.41045 (4/20)
    fp=0.0004 tp=0.0000  [8.5s]
  rho=85.40682 (5/20)
    fp=0.0004 tp=0.0000  [0.0s]
  rho=75.65906 (6/20)
    fp=0.0008 tp=0.0000  [0.0s]
  rho=67.02385 (7/20)
    fp=0.0010 tp=0.0000  [0.0s]
  rho=59.37420 (8/20)
    fp=0.0014 tp=0.0000  [0.0s]
  rho=52.59763 (9/20)
    fp=0.0014 tp=0.0000  [0.0s]
  rho=46.59450 (10/20)
    fp=0.0017 tp=0.0000  [0.0s]
  rho=41.27652 (11/20)
    fp=0.0019 tp=0.0000  [8.7s]
  rho=36.56550 (12/20)
    fp=0.0021 tp=0.0000  [0.0s]
  rho=32.39216 (13/20)
    fp=0.0029 tp=0.0000  [0.0s]
  rho=28.69514 (14/20)
    fp=0.0037 tp=0.0000  [0.0s]
  rho=25.42007 (15/20)
    fp=0.0043 tp=0.0000  [0.0s]
  rho=22.51880 (16/20)
    fp=0.0050 tp=0.0000  [0.0s]
  rho=19.94865 (17/20)
    fp=0.0060 tp=0.0000  [0.0s]
  rho=17.67185 (18/20)
    fp=0.0081 tp=0.0000  [0.0s]
  rho=15.65490 (19/20)
    fp=0.0101 tp=0.0000  [0.0s]
  rho=13.86816 (20/20)
    fp=0.0126 tp=0.0000  [8.5s]
  rho=12.28534 (21/21)  [extra 1/50]
    fp=0.0141 tp=0.0000  [0.0s]
  rho=10.88318 (22/22)  [extra 2/50]
    fp=0.0172 tp=0.0000  [0.0s]
  rho=9.64104 (23/23)  [extra 3/50]
    fp=0.0215 tp=0.0000  [0.0s]
  rho=8.54068 (24/24)  [extra 4/50]
    fp=0.0250 tp=0.0084  [0.0s]
  rho=7.56591 (25/25)  [extra 5/50]
    fp=0.0298 tp=0.0168  [0.0s]
  rho=6.70238 (26/26)  [extra 6/50]
    fp=0.0335 tp=0.0252  [0.0s]
  rho=5.93742 (27/27)  [extra 7/50]
    fp=0.0381 tp=0.0252  [0.0s]
  rho=5.25976 (28/28)  [extra 8/50]
    fp=0.0451 tp=0.0252  [0.0s]
  rho=4.65945 (29/29)  [extra 9/50]
    fp=0.0526 tp=0.0588  [0.0s]
  rho=4.12765 (30/30)  [extra 10/50]
    fp=0.0588 tp=0.0756  [0.1s]
  rho=3.65655 (31/31)  [extra 11/50]
    fp=0.0652 tp=0.1008  [0.8s]
  rho=3.23922 (32/32)  [extra 12/50]
    fp=0.0727 tp=0.1092  [0.0s]
  rho=2.86951 (33/33)  [extra 13/50]
    fp=0.0799 tp=0.1092  [0.1s]
  rho=2.54201 (34/34)  [extra 14/50]
    fp=0.0880 tp=0.1092  [0.0s]
  rho=2.25188 (35/35)  [extra 15/50]
    fp=0.0973 tp=0.1261  [0.2s]
  rho=1.99487 (36/36)  [extra 16/50]
    fp=0.1052 tp=0.1345  [0.1s]
  rho=1.76718 (37/37)  [extra 17/50]
    fp=0.1153 tp=0.1513  [0.1s]
  rho=1.56549 (38/38)  [extra 18/50]
    fp=0.1232 tp=0.1597  [0.3s]
  rho=1.38682 (39/39)  [extra 19/50]
    fp=0.1370 tp=0.1597  [0.1s]
  rho=1.22853 (40/40)  [extra 20/50]
    fp=0.1468 tp=0.1849  [0.0s]
  rho=1.08832 (41/41)  [extra 21/50]
    fp=0.1594 tp=0.2101  [0.0s]
  rho=0.96410 (42/42)  [extra 22/50]
    fp=0.1747 tp=0.2269  [0.1s]
  rho=0.85407 (43/43)  [extra 23/50]
    fp=0.1892 tp=0.2353  [0.0s]
  rho=0.75659 (44/44)  [extra 24/50]
    fp=0.2041 tp=0.2857  [0.6s]
  rho=0.67024 (45/45)  [extra 25/50]
    fp=0.2262 tp=0.3361  [0.1s]
  rho=0.59374 (46/46)  [extra 26/50]
    fp=0.2440 tp=0.3445  [0.3s]
  rho=0.52598 (47/47)  [extra 27/50]
    fp=0.2645 tp=0.3613  [0.3s]
  rho=0.46594 (48/48)  [extra 28/50]
    fp=0.2883 tp=0.3782  [0.2s]
  rho=0.41277 (49/49)  [extra 29/50]
    fp=0.3124 tp=0.4118  [0.0s]
  FPR 0.3124 >= fp_end=0.3; stopping after 49 fits
  [note] 3/49 fits hit a glasso ConvergenceWarning (suppressed)
  grid extended by 29 points down to rho=0.41277, ending at FPR 0.3124
  [warn] mean_roc averages out to FPR 0.300 but the shortest replicate only reached 0.008; its TPR is held flat above that
  [warn] mean_roc averages out to FPR 0.300 but the shortest replicate only reached 0.017; its TPR is held flat above that

(p=100, n=50) over 36 replicates
  t+lasso  (run_em_diagonal):    AUC = 0.135 (SE 0.002)
  ~t+lasso (run_em_exact):       AUC = 0.128 (SE 0.002)
  tlasso   (run_tlasso):         AUC = 0.045 (SE 0.002)
  t*lasso  (run_tstar_varlasso): AUC = 0.107 (SE 0.002)
  glasso   (graphical_lasso):    AUC = 0.045 (SE 0.002)
Replicate 37/50
  Theta: 100/4950 edges
  pilot fit of run_tlasso at rho=30.34854
  -> rho_max = max|S_ij| (off-diag) = 10379.78894
  rho grid: [10379.78893632  9195.11031015  8145.64285792  7215.95449437
  6392.37444768  5662.79223506  5016.47958203  4443.93266649
  3936.73236807  3487.4204676   3089.38997645  2736.78798276
  2424.42958632  2147.72165621  1902.59529028  1685.44598325
  1493.08062359  1322.67053984  1171.7099059   1037.97889363]
Running run_tlasso over 20 rho values, extending until FPR >= 0.3...
  rho=10379.78894 (1/20)
    fp=0.0002 tp=0.0000  [0.1s]
   nu  = 3.0000
  rho=9195.11031 (2/20)
    fp=0.0002 tp=0.0000  [0.0s]
   nu  = 3.0000
  rho=8145.64286 (3/20)
    fp=0.0002 tp=0.0000  [0.0s]
   nu  = 3.0000
  rho=7215.95449 (4/20)
    fp=0.0004 tp=0.0000  [0.1s]
   nu  = 3.0000
  rho=6392.37445 (5/20)
    fp=0.0004 tp=0.0000  [0.1s]
   nu  = 3.0000
  rho=5662.79224 (6/20)
    fp=0.0004 tp=0.0000  [0.1s]
   nu  = 3.0000
  rho=5016.47958 (7/20)
    fp=0.0004 tp=0.0000  [0.1s]
   nu  = 3.0000
  rho=4443.93267 (8/20)
    fp=0.0004 tp=0.0000  [0.1s]
   nu  = 3.0000
  rho=3936.73237 (9/20)
    fp=0.0006 tp=0.0000  [0.1s]
   nu  = 3.0000
  rho=3487.42047 (10/20)
    fp=0.0008 tp=0.0000  [0.1s]
   nu  = 3.0000
  rho=3089.38998 (11/20)
    fp=0.0008 tp=0.0000  [0.1s]
   nu  = 3.0000
  rho=2736.78798 (12/20)
    fp=0.0008 tp=0.0000  [0.1s]
   nu  = 3.0000
  rho=2424.42959 (13/20)
    fp=0.0012 tp=0.0000  [0.1s]
   nu  = 3.0000
  rho=2147.72166 (14/20)
    fp=0.0014 tp=0.0000  [0.1s]
   nu  = 3.0000
  rho=1902.59529 (15/20)
    fp=0.0023 tp=0.0000  [0.1s]
   nu  = 3.0000
  rho=1685.44598 (16/20)
    fp=0.0031 tp=0.0000  [0.1s]
   nu  = 3.0000
  rho=1493.08062 (17/20)
    fp=0.0043 tp=0.0100  [0.1s]
   nu  = 3.0000
  rho=1322.67054 (18/20)
    fp=0.0045 tp=0.0100  [0.1s]
   nu  = 3.0000
  rho=1171.70991 (19/20)
    fp=0.0049 tp=0.0100  [0.1s]
   nu  = 3.0000
  rho=1037.97889 (20/20)
    fp=0.0064 tp=0.0100  [0.1s]
   nu  = 3.0000
  rho=919.51103 (21/21)  [extra 1/50]
    fp=0.0076 tp=0.0100  [0.1s]
   nu  = 3.0000
  rho=814.56429 (22/22)  [extra 2/50]
    fp=0.0097 tp=0.0100  [0.1s]
   nu  = 3.0000
  rho=721.59545 (23/23)  [extra 3/50]
    fp=0.0107 tp=0.0100  [0.1s]
   nu  = 3.0000
  rho=639.23744 (24/24)  [extra 4/50]
    fp=0.0115 tp=0.0100  [0.1s]
   nu  = 3.0000
  rho=566.27922 (25/25)  [extra 5/50]
    fp=0.0130 tp=0.0100  [0.1s]
   nu  = 3.0000
  rho=501.64796 (26/26)  [extra 6/50]
    fp=0.0144 tp=0.0200  [0.1s]
   nu  = 3.0000
  rho=444.39327 (27/27)  [extra 7/50]
    fp=0.0155 tp=0.0200  [0.1s]
   nu  = 3.0000
  rho=393.67324 (28/28)  [extra 8/50]
    fp=0.0163 tp=0.0200  [0.1s]
   nu  = 3.0000
  rho=348.74205 (29/29)  [extra 9/50]
    fp=0.0169 tp=0.0200  [0.1s]
   nu  = 3.0000
  rho=308.93900 (30/30)  [extra 10/50]
    fp=0.0190 tp=0.0200  [0.1s]
   nu  = 3.0000
  rho=273.67880 (31/31)  [extra 11/50]
    fp=0.0202 tp=0.0200  [0.1s]
   nu  = 3.0000
  rho=242.44296 (32/32)  [extra 12/50]
    fp=0.0221 tp=0.0200  [0.1s]
   nu  = 3.0000
  rho=214.77217 (33/33)  [extra 13/50]
    fp=0.0231 tp=0.0200  [0.1s]
   nu  = 3.0000
  rho=190.25953 (34/34)  [extra 14/50]
    fp=0.0249 tp=0.0200  [0.1s]
   nu  = 3.0000
  rho=168.54460 (35/35)  [extra 15/50]
    fp=0.0268 tp=0.0200  [0.1s]
   nu  = 3.0000
  rho=149.30806 (36/36)  [extra 16/50]
    fp=0.0297 tp=0.0200  [0.1s]
   nu  = 3.0000
  rho=132.26705 (37/37)  [extra 17/50]
    fp=0.0320 tp=0.0200  [0.1s]
   nu  = 3.0000
  rho=117.17099 (38/38)  [extra 18/50]
    fp=0.0363 tp=0.0200  [0.1s]
   nu  = 3.0000
  rho=103.79789 (39/39)  [extra 19/50]
    fp=0.0408 tp=0.0200  [0.1s]
   nu  = 3.0000
  rho=91.95110 (40/40)  [extra 20/50]
    fp=0.0452 tp=0.0400  [0.1s]
   nu  = 3.0000
  rho=81.45643 (41/41)  [extra 21/50]
    fp=0.0489 tp=0.0500  [0.1s]
   nu  = 3.0000
  rho=72.15954 (42/42)  [extra 22/50]
    fp=0.0536 tp=0.0500  [0.1s]
   nu  = 3.0000
  rho=63.92374 (43/43)  [extra 23/50]
    fp=0.0586 tp=0.0700  [0.1s]
   nu  = 3.0000
  rho=56.62792 (44/44)  [extra 24/50]
    fp=0.0645 tp=0.0900  [0.1s]
   nu  = 3.0000
  rho=50.16480 (45/45)  [extra 25/50]
    fp=0.0711 tp=0.0900  [0.1s]
   nu  = 3.0000
  rho=44.43933 (46/46)  [extra 26/50]
    fp=0.0786 tp=0.1100  [0.1s]
   nu  = 3.0000
  rho=39.36732 (47/47)  [extra 27/50]
    fp=0.0858 tp=0.1200  [0.1s]
   nu  = 3.0000
  rho=34.87420 (48/48)  [extra 28/50]
    fp=0.0938 tp=0.1200  [0.1s]
   nu  = 3.0000
  rho=30.89390 (49/49)  [extra 29/50]
    fp=0.1029 tp=0.1300  [0.1s]
   nu  = 3.0000
  rho=27.36788 (50/50)  [extra 30/50]
    fp=0.1120 tp=0.1300  [0.1s]
   nu  = 3.0000
  rho=24.24430 (51/51)  [extra 31/50]
    fp=0.1200 tp=0.1300  [0.2s]
   nu  = 3.0000
  rho=21.47722 (52/52)  [extra 32/50]
    fp=0.1276 tp=0.1400  [0.2s]
   nu  = 3.0000
  rho=19.02595 (53/53)  [extra 33/50]
    fp=0.1363 tp=0.1400  [0.2s]
   nu  = 3.0000
  rho=16.85446 (54/54)  [extra 34/50]
    fp=0.1449 tp=0.1400  [0.2s]
   nu  = 3.0000
  rho=14.93081 (55/55)  [extra 35/50]
    fp=0.1532 tp=0.1600  [0.2s]
   nu  = 3.0000
  rho=13.22671 (56/56)  [extra 36/50]
    fp=0.1656 tp=0.1800  [0.2s]
   nu  = 3.0000
  rho=11.71710 (57/57)  [extra 37/50]
    fp=0.1792 tp=0.1800  [0.2s]
   nu  = 3.0000
  rho=10.37979 (58/58)  [extra 38/50]
    fp=0.1930 tp=0.1900  [0.3s]
   nu  = 3.0000
  rho=9.19511 (59/59)  [extra 39/50]
    fp=0.2111 tp=0.2100  [0.4s]
   nu  = 3.0000
  rho=8.14564 (60/60)  [extra 40/50]
    fp=0.2247 tp=0.2300  [0.4s]
   nu  = 3.0000
  rho=7.21595 (61/61)  [extra 41/50]
    fp=0.2439 tp=0.2700  [0.3s]
   nu  = 3.0000
  rho=6.39237 (62/62)  [extra 42/50]
    fp=0.2606 tp=0.3000  [0.3s]
   nu  = 3.0000
  rho=5.66279 (63/63)  [extra 43/50]
    fp=0.2746 tp=0.3700  [0.3s]
   nu  = 3.0000
  rho=5.01648 (64/64)  [extra 44/50]
    fp=0.2984 tp=0.3900  [0.5s]
   nu  = 3.0000
  rho=4.44393 (65/65)  [extra 45/50]
    fp=0.3208 tp=0.4100  [0.6s]
   nu  = 3.0000
  FPR 0.3208 >= fp_end=0.3; stopping after 65 fits
  grid extended by 45 points down to rho=4.44393, ending at FPR 0.3208
  pilot fit of run_tstar_varlasso at rho=0.30349
  -> rho_max = max|S_ij| (off-diag) = 0.82588
  rho grid: [0.82587697 0.73161698 0.64811519 0.57414372 0.50861485 0.45056501
 0.39914058 0.35358538 0.31322955 0.27747965 0.24581001 0.21775493
 0.19290186 0.17088535 0.15138166 0.13410398 0.11879826 0.10523944
 0.09322812 0.0825877 ]
Running run_tstar_varlasso over 20 rho values, extending until FPR >= 0.3...
  rho=0.82588 (1/20)
    fp=0.0006 tp=0.0200  [0.2s]
   nu  = 3.0000
  rho=0.73162 (2/20)
    fp=0.0016 tp=0.0200  [0.1s]
   nu  = 3.0000
  rho=0.64812 (3/20)
    fp=0.0029 tp=0.0300  [0.1s]
   nu  = 3.0000
  rho=0.57414 (4/20)
    fp=0.0052 tp=0.0400  [0.1s]
   nu  = 3.0000
  rho=0.50861 (5/20)
    fp=0.0089 tp=0.0600  [0.1s]
   nu  = 3.0000
  rho=0.45057 (6/20)
    fp=0.0142 tp=0.0600  [0.1s]
   nu  = 3.0000
  rho=0.39914 (7/20)
    fp=0.0216 tp=0.1000  [0.1s]
   nu  = 3.0000
  rho=0.35359 (8/20)
    fp=0.0295 tp=0.1200  [0.1s]
   nu  = 3.0000
  rho=0.31323 (9/20)
    fp=0.0437 tp=0.1500  [0.1s]
   nu  = 3.0000
  rho=0.27748 (10/20)
    fp=0.0575 tp=0.2000  [0.1s]
   nu  = 3.0000
  rho=0.24581 (11/20)
    fp=0.0763 tp=0.2800  [0.1s]
   nu  = 3.0000
  rho=0.21775 (12/20)
    fp=0.0961 tp=0.3200  [0.1s]
   nu  = 3.0000
  rho=0.19290 (13/20)
    fp=0.1167 tp=0.3400  [0.1s]
   nu  = 3.0000
  rho=0.17089 (14/20)
    fp=0.1437 tp=0.4000  [0.2s]
   nu  = 3.0000
  rho=0.15138 (15/20)
    fp=0.1703 tp=0.4800  [0.2s]
   nu  = 3.0000
  rho=0.13410 (16/20)
    fp=0.1971 tp=0.5200  [0.2s]
   nu  = 3.0000
  rho=0.11880 (17/20)
    fp=0.2219 tp=0.5400  [0.2s]
   nu  = 3.0000
  rho=0.10524 (18/20)
    fp=0.2489 tp=0.5800  [0.2s]
   nu  = 3.0000
  rho=0.09323 (19/20)
    fp=0.2742 tp=0.6200  [0.2s]
   nu  = 3.0000
  rho=0.08259 (20/20)
    fp=0.2996 tp=0.6200  [0.3s]
   nu  = 3.0000
  rho=0.07316 (21/21)  [extra 1/50]
    fp=0.3190 tp=0.6400  [0.2s]
   nu  = 3.0000
  FPR 0.3190 >= fp_end=0.3; stopping after 21 fits
  grid extended by 1 points down to rho=0.07316, ending at FPR 0.3190
  pilot fit of run_em_diagonal at rho=0.30349
  -> rho_max = max|S_ij| (off-diag) = 0.56071
  rho grid: [0.56071214 0.49671626 0.44002444 0.38980304 0.34531357 0.30590182
 0.27098826 0.2400595  0.21266074 0.18838909 0.16688764 0.14784022
 0.13096674 0.11601908 0.10277745 0.09104713 0.08065563 0.07145014
 0.06329531 0.05607121]
Running run_em_diagonal over 20 rho values, extending until FPR >= 0.3...
  rho=0.56071 (1/20)
    fp=0.0004 tp=0.0200  [10.7s]
   median nu  = 0.392
   median |eta| = 1.545
  rho=0.49672 (2/20)
    fp=0.0010 tp=0.0200  [10.6s]
   median nu  = 0.417
   median |eta| = 1.459
  rho=0.44002 (3/20)
    fp=0.0014 tp=0.0200  [10.7s]
   median nu  = 0.44
   median |eta| = 1.442
  rho=0.38980 (4/20)
    fp=0.0045 tp=0.0500  [10.8s]
   median nu  = 0.461
   median |eta| = 1.403
  rho=0.34531 (5/20)
    fp=0.0076 tp=0.0800  [10.9s]
   median nu  = 0.48
   median |eta| = 1.359
  rho=0.30590 (6/20)
    fp=0.0097 tp=0.1300  [11.0s]
   median nu  = 0.502
   median |eta| = 1.312
  rho=0.27099 (7/20)
    fp=0.0157 tp=0.1900  [11.4s]
   median nu  = 0.521
   median |eta| = 1.274
  rho=0.24006 (8/20)
    fp=0.0249 tp=0.2300  [11.4s]
   median nu  = 0.532
   median |eta| = 1.245
  rho=0.21266 (9/20)
    fp=0.0365 tp=0.2600  [11.3s]
   median nu  = 0.54
   median |eta| = 1.236
  rho=0.18839 (10/20)
    fp=0.0485 tp=0.2900  [11.4s]
   median nu  = 0.548
   median |eta| = 1.207
  rho=0.16689 (11/20)
    fp=0.0619 tp=0.3200  [11.2s]
   median nu  = 0.558
   median |eta| = 1.197
  rho=0.14784 (12/20)
    fp=0.0779 tp=0.3700  [11.2s]
   median nu  = 0.566
   median |eta| = 1.193
  rho=0.13097 (13/20)
    fp=0.0963 tp=0.3800  [11.1s]
   median nu  = 0.574
   median |eta| = 1.198
  rho=0.11602 (14/20)
    fp=0.1138 tp=0.4100  [11.1s]
   median nu  = 0.608
   median |eta| = 1.2
  rho=0.10278 (15/20)
    fp=0.1381 tp=0.4600  [11.1s]
   median nu  = 0.63
   median |eta| = 1.152
  rho=0.09105 (16/20)
    fp=0.1532 tp=0.5100  [11.1s]
   median nu  = 0.645
   median |eta| = 1.095
  rho=0.08066 (17/20)
    fp=0.1707 tp=0.5300  [11.1s]
   median nu  = 0.643
   median |eta| = 1.155
  rho=0.07145 (18/20)
    fp=0.1876 tp=0.5400  [11.0s]
   median nu  = 0.643
   median |eta| = 1.095
  rho=0.06330 (19/20)
    fp=0.2076 tp=0.5700  [11.2s]
   median nu  = 0.635
   median |eta| = 1.1
  rho=0.05607 (20/20)
    fp=0.2268 tp=0.5700  [11.3s]
   median nu  = 0.629
   median |eta| = 1.074
  rho=0.04967 (21/21)  [extra 1/50]
    fp=0.2423 tp=0.5900  [11.5s]
   median nu  = 0.643
   median |eta| = 1.219
  rho=0.04400 (22/22)  [extra 2/50]
    fp=0.2592 tp=0.6000  [11.3s]
   median nu  = 0.654
   median |eta| = 1.313
  rho=0.03898 (23/23)  [extra 3/50]
    fp=0.2777 tp=0.6100  [11.2s]
   median nu  = 0.738
   median |eta| = 1.281
  rho=0.03453 (24/24)  [extra 4/50]
    fp=0.2858 tp=0.6000  [10.9s]
   median nu  = 0.733
   median |eta| = 1.359
  rho=0.03059 (25/25)  [extra 5/50]
    fp=0.3025 tp=0.6000  [10.6s]
   median nu  = 0.758
   median |eta| = 1.283
  FPR 0.3025 >= fp_end=0.3; stopping after 25 fits
  grid extended by 5 points down to rho=0.03059, ending at FPR 0.3025
  pilot fit of run_em_exact at rho=0.30349
  -> rho_max = max|S_ij| (off-diag) = 0.57283
  rho grid: [0.57283026 0.50745131 0.44953426 0.39822747 0.35277649 0.31251298
 0.27684487 0.24524768 0.21725677 0.19246056 0.17049442 0.15103534
 0.13379719 0.11852649 0.10499868 0.09301485 0.08239876 0.07299433
 0.06466325 0.05728303]
Running run_em_exact over 20 rho values, extending until FPR >= 0.3...
  rho=0.57283 (1/20)
    fp=0.0004 tp=0.0200  [10.5s]
   median nu  = 0.387
   median |eta| = 1.535
  rho=0.50745 (2/20)
    fp=0.0008 tp=0.0200  [10.5s]
   median nu  = 0.413
   median |eta| = 1.466
  rho=0.44953 (3/20)
    fp=0.0014 tp=0.0200  [10.5s]
   median nu  = 0.436
   median |eta| = 1.42
  rho=0.39823 (4/20)
    fp=0.0039 tp=0.0400  [10.5s]
   median nu  = 0.457
   median |eta| = 1.394
  rho=0.35278 (5/20)
    fp=0.0072 tp=0.0800  [10.4s]
   median nu  = 0.476
   median |eta| = 1.284
  rho=0.31251 (6/20)
    fp=0.0097 tp=0.1300  [10.4s]
   median nu  = 0.507
   median |eta| = 1.228
  rho=0.27684 (7/20)
    fp=0.0157 tp=0.1700  [10.3s]
   median nu  = 0.557
   median |eta| = 1.172
  rho=0.24525 (8/20)
    fp=0.0268 tp=0.2300  [10.2s]
   median nu  = 0.594
   median |eta| = 1.088
  rho=0.21726 (9/20)
    fp=0.0406 tp=0.2700  [10.0s]
   median nu  = 0.643
   median |eta| = 0.917
  rho=0.19246 (10/20)
    fp=0.0565 tp=0.2900  [9.7s]
   median nu  = 0.693
   median |eta| = 0.814
  rho=0.17049 (11/20)
    fp=0.0734 tp=0.3400  [9.3s]
   median nu  = 0.745
   median |eta| = 0.713
  rho=0.15104 (12/20)
    fp=0.0948 tp=0.3900  [9.1s]
   median nu  = 0.83
   median |eta| = 0.541
  rho=0.13380 (13/20)
    fp=0.1194 tp=0.4000  [8.9s]
   median nu  = 0.896
   median |eta| = 0.424
  rho=0.11853 (14/20)
    fp=0.1482 tp=0.4500  [8.7s]
   median nu  = 0.982
   median |eta| = 0.333
  rho=0.10500 (15/20)
    fp=0.1707 tp=0.4800  [9.3s]
   median nu  = 1.098
   median |eta| = 0.267
  rho=0.09301 (16/20)
    fp=0.1951 tp=0.5200  [9.3s]
   median nu  = 1.175
   median |eta| = 0.2
  rho=0.08240 (17/20)
    fp=0.2165 tp=0.5400  [9.2s]
   median nu  = 1.294
   median |eta| = 0.152
  rho=0.07299 (18/20)
    fp=0.2402 tp=0.5600  [9.0s]
   median nu  = 1.429
   median |eta| = 0.114
  rho=0.06466 (19/20)
    fp=0.2581 tp=0.5800  [9.1s]
   median nu  = 1.577
   median |eta| = 0.088
  rho=0.05728 (20/20)
    fp=0.2738 tp=0.5900  [7.9s]
   median nu  = 1.696
   median |eta| = 0.069
  rho=0.05075 (21/21)  [extra 1/50]
    fp=0.2905 tp=0.5900  [8.5s]
   median nu  = 1.806
   median |eta| = 0.051
  rho=0.04495 (22/22)  [extra 2/50]
    fp=0.3087 tp=0.6300  [8.7s]
   median nu  = 1.92
   median |eta| = 0.039
  FPR 0.3087 >= fp_end=0.3; stopping after 22 fits
  grid extended by 2 points down to rho=0.04495, ending at FPR 0.3087
  graphical_lasso rho_max = max|S_ij| (off-diag) = 590.61602
  rho grid: [590.61601521 523.20711376 463.49180658 410.59199908 363.72981639
 322.21616502 285.44059993 252.86234811 224.00235674 198.43624881
 175.78808283 155.72482473 137.95145067 122.20660884 108.25877634
  95.90285473  84.95715411  75.26072143  66.67097374  59.06160152]
Running graphical_lasso over 20 rho values, extending until FPR >= 0.3...
  rho=590.61602 (1/20)
    fp=0.0000 tp=0.0000  [0.0s]
  rho=523.20711 (2/20)
    fp=0.0002 tp=0.0000  [0.0s]
  rho=463.49181 (3/20)
    fp=0.0002 tp=0.0000  [0.0s]
  rho=410.59200 (4/20)
    fp=0.0004 tp=0.0000  [0.0s]
  rho=363.72982 (5/20)
    fp=0.0006 tp=0.0000  [0.0s]
  rho=322.21617 (6/20)
    fp=0.0006 tp=0.0000  [0.0s]
  rho=285.44060 (7/20)
    fp=0.0006 tp=0.0000  [0.0s]
  rho=252.86235 (8/20)
    fp=0.0006 tp=0.0000  [0.0s]
  rho=224.00236 (9/20)
    fp=0.0008 tp=0.0000  [0.0s]
  rho=198.43625 (10/20)
    fp=0.0008 tp=0.0000  [0.0s]
  rho=175.78808 (11/20)
    fp=0.0008 tp=0.0000  [0.0s]
  rho=155.72482 (12/20)
    fp=0.0012 tp=0.0000  [0.0s]
  rho=137.95145 (13/20)
    fp=0.0012 tp=0.0000  [0.0s]
  rho=122.20661 (14/20)
    fp=0.0019 tp=0.0000  [0.0s]
  rho=108.25878 (15/20)
    fp=0.0023 tp=0.0000  [0.0s]
  rho=95.90285 (16/20)
    fp=0.0035 tp=0.0100  [0.0s]
  rho=84.95715 (17/20)
    fp=0.0045 tp=0.0100  [0.0s]
  rho=75.26072 (18/20)
    fp=0.0049 tp=0.0100  [0.0s]
  rho=66.67097 (19/20)
    fp=0.0052 tp=0.0100  [0.0s]
  rho=59.06160 (20/20)
    fp=0.0070 tp=0.0100  [0.0s]
  rho=52.32071 (21/21)  [extra 1/50]
    fp=0.0080 tp=0.0100  [0.0s]
  rho=46.34918 (22/22)  [extra 2/50]
    fp=0.0099 tp=0.0100  [0.0s]
  rho=41.05920 (23/23)  [extra 3/50]
    fp=0.0113 tp=0.0100  [0.0s]
  rho=36.37298 (24/24)  [extra 4/50]
    fp=0.0120 tp=0.0100  [0.0s]
  rho=32.22162 (25/25)  [extra 5/50]
    fp=0.0138 tp=0.0100  [0.0s]
  rho=28.54406 (26/26)  [extra 6/50]
    fp=0.0151 tp=0.0200  [0.0s]
  rho=25.28623 (27/27)  [extra 7/50]
    fp=0.0157 tp=0.0200  [0.0s]
  rho=22.40024 (28/28)  [extra 8/50]
    fp=0.0163 tp=0.0200  [0.0s]
  rho=19.84362 (29/29)  [extra 9/50]
    fp=0.0181 tp=0.0200  [0.0s]
  rho=17.57881 (30/30)  [extra 10/50]
    fp=0.0192 tp=0.0200  [0.0s]
  rho=15.57248 (31/31)  [extra 11/50]
    fp=0.0216 tp=0.0200  [0.0s]
  rho=13.79515 (32/32)  [extra 12/50]
    fp=0.0225 tp=0.0200  [0.0s]
  rho=12.22066 (33/33)  [extra 13/50]
    fp=0.0245 tp=0.0200  [0.0s]
  rho=10.82588 (34/34)  [extra 14/50]
    fp=0.0266 tp=0.0200  [0.0s]
  rho=9.59029 (35/35)  [extra 15/50]
    fp=0.0285 tp=0.0200  [0.0s]
  rho=8.49572 (36/36)  [extra 16/50]
    fp=0.0311 tp=0.0200  [0.0s]
  rho=7.52607 (37/37)  [extra 17/50]
    fp=0.0336 tp=0.0200  [0.0s]
  rho=6.66710 (38/38)  [extra 18/50]
    fp=0.0394 tp=0.0200  [0.1s]
  rho=5.90616 (39/39)  [extra 19/50]
    fp=0.0435 tp=0.0300  [0.2s]
  rho=5.23207 (40/40)  [extra 20/50]
    fp=0.0487 tp=0.0400  [0.0s]
  rho=4.63492 (41/41)  [extra 21/50]
    fp=0.0540 tp=0.0500  [0.1s]
  rho=4.10592 (42/42)  [extra 22/50]
    fp=0.0586 tp=0.0500  [0.1s]
  rho=3.63730 (43/43)  [extra 23/50]
    fp=0.0641 tp=0.0900  [0.2s]
  rho=3.22216 (44/44)  [extra 24/50]
    fp=0.0711 tp=0.0900  [0.0s]
  rho=2.85441 (45/45)  [extra 25/50]
    fp=0.0798 tp=0.1000  [0.0s]
  rho=2.52862 (46/46)  [extra 26/50]
    fp=0.0866 tp=0.1200  [0.0s]
  rho=2.24002 (47/47)  [extra 27/50]
    fp=0.0957 tp=0.1200  [0.0s]
  rho=1.98436 (48/48)  [extra 28/50]
    fp=0.1037 tp=0.1300  [0.0s]
  rho=1.75788 (49/49)  [extra 29/50]
    fp=0.1140 tp=0.1300  [0.0s]
  rho=1.55725 (50/50)  [extra 30/50]
    fp=0.1237 tp=0.1400  [0.1s]
  rho=1.37951 (51/51)  [extra 31/50]
    fp=0.1344 tp=0.1400  [0.1s]
  rho=1.22207 (52/52)  [extra 32/50]
    fp=0.1449 tp=0.1400  [0.0s]
  rho=1.08259 (53/53)  [extra 33/50]
    fp=0.1565 tp=0.1800  [0.1s]
  rho=0.95903 (54/54)  [extra 34/50]
    fp=0.1705 tp=0.1900  [0.1s]
  rho=0.84957 (55/55)  [extra 35/50]
    fp=0.1860 tp=0.2000  [0.0s]
  rho=0.75261 (56/56)  [extra 36/50]
    fp=0.2062 tp=0.2200  [0.1s]
  rho=0.66671 (57/57)  [extra 37/50]
    fp=0.2270 tp=0.2500  [0.0s]
  rho=0.59062 (58/58)  [extra 38/50]
    fp=0.2472 tp=0.2800  [0.0s]
  rho=0.52321 (59/59)  [extra 39/50]
    fp=0.2668 tp=0.3100  [0.0s]
  rho=0.46349 (60/60)  [extra 40/50]
    fp=0.2882 tp=0.3400  [0.0s]
  rho=0.41059 (61/61)  [extra 41/50]
    fp=0.3132 tp=0.3900  [0.1s]
  FPR 0.3132 >= fp_end=0.3; stopping after 61 fits
  grid extended by 41 points down to rho=0.41059, ending at FPR 0.3132
  [warn] mean_roc averages out to FPR 0.300 but the shortest replicate only reached 0.008; its TPR is held flat above that
  [warn] mean_roc averages out to FPR 0.300 but the shortest replicate only reached 0.017; its TPR is held flat above that

(p=100, n=50) over 37 replicates
  t+lasso  (run_em_diagonal):    AUC = 0.135 (SE 0.002)
  ~t+lasso (run_em_exact):       AUC = 0.128 (SE 0.002)
  tlasso   (run_tlasso):         AUC = 0.045 (SE 0.002)
  t*lasso  (run_tstar_varlasso): AUC = 0.108 (SE 0.002)
  glasso   (graphical_lasso):    AUC = 0.045 (SE 0.002)
Replicate 38/50
  Theta: 120/4950 edges
  pilot fit of run_tlasso at rho=30.34854
  -> rho_max = max|S_ij| (off-diag) = 6314.98422
  rho grid: [6314.98421541 5594.2347984  4955.74682566 4390.13153453 3889.07173197
 3445.19949288 3051.98781708 2703.65465188 2395.07786884 2121.71994445
 1879.56123734 1665.0408807  1475.00442089 1306.65743217 1157.52442561
 1025.41244773  908.37883392  804.70264208  712.85934677  631.49842154]
Running run_tlasso over 20 rho values, extending until FPR >= 0.3...
  rho=6314.98422 (1/20)
    fp=0.0000 tp=0.0000  [0.1s]
   nu  = 3.0000
  rho=5594.23480 (2/20)
    fp=0.0002 tp=0.0000  [0.1s]
   nu  = 3.0000
  rho=4955.74683 (3/20)
    fp=0.0002 tp=0.0000  [0.1s]
   nu  = 3.0000
  rho=4390.13153 (4/20)
    fp=0.0002 tp=0.0000  [0.1s]
   nu  = 3.0000
  rho=3889.07173 (5/20)
    fp=0.0004 tp=0.0000  [0.2s]
   nu  = 3.0000
  rho=3445.19949 (6/20)
    fp=0.0004 tp=0.0000  [0.1s]
   nu  = 3.0000
  rho=3051.98782 (7/20)
    fp=0.0004 tp=0.0083  [0.1s]
   nu  = 3.0000
  rho=2703.65465 (8/20)
    fp=0.0006 tp=0.0083  [0.1s]
   nu  = 3.0000
  rho=2395.07787 (9/20)
    fp=0.0008 tp=0.0083  [0.1s]
   nu  = 3.0000
  rho=2121.71994 (10/20)
    fp=0.0008 tp=0.0167  [0.1s]
   nu  = 3.0000
  rho=1879.56124 (11/20)
    fp=0.0010 tp=0.0167  [0.1s]
   nu  = 3.0000
  rho=1665.04088 (12/20)
    fp=0.0019 tp=0.0167  [0.1s]
   nu  = 3.0000
  rho=1475.00442 (13/20)
    fp=0.0023 tp=0.0167  [0.1s]
   nu  = 3.0000
  rho=1306.65743 (14/20)
    fp=0.0031 tp=0.0167  [0.1s]
   nu  = 3.0000
  rho=1157.52443 (15/20)
    fp=0.0041 tp=0.0167  [0.1s]
   nu  = 3.0000
  rho=1025.41245 (16/20)
    fp=0.0052 tp=0.0250  [0.1s]
   nu  = 3.0000
  rho=908.37883 (17/20)
    fp=0.0056 tp=0.0250  [0.1s]
   nu  = 3.0000
  rho=804.70264 (18/20)
    fp=0.0060 tp=0.0250  [0.1s]
   nu  = 3.0000
  rho=712.85935 (19/20)
    fp=0.0072 tp=0.0250  [0.1s]
   nu  = 3.0000
  rho=631.49842 (20/20)
    fp=0.0091 tp=0.0250  [0.1s]
   nu  = 3.0000
  rho=559.42348 (21/21)  [extra 1/50]
    fp=0.0101 tp=0.0250  [0.1s]
   nu  = 3.0000
  rho=495.57468 (22/22)  [extra 2/50]
    fp=0.0122 tp=0.0250  [0.1s]
   nu  = 3.0000
  rho=439.01315 (23/23)  [extra 3/50]
    fp=0.0139 tp=0.0250  [0.1s]
   nu  = 3.0000
  rho=388.90717 (24/24)  [extra 4/50]
    fp=0.0157 tp=0.0250  [0.1s]
   nu  = 3.0000
  rho=344.51995 (25/25)  [extra 5/50]
    fp=0.0184 tp=0.0250  [0.1s]
   nu  = 3.0000
  rho=305.19878 (26/26)  [extra 6/50]
    fp=0.0219 tp=0.0333  [0.1s]
   nu  = 3.0000
  rho=270.36547 (27/27)  [extra 7/50]
    fp=0.0255 tp=0.0417  [0.1s]
   nu  = 3.0000
  rho=239.50779 (28/28)  [extra 8/50]
    fp=0.0277 tp=0.0667  [0.1s]
   nu  = 3.0000
  rho=212.17199 (29/29)  [extra 9/50]
    fp=0.0302 tp=0.0750  [0.1s]
   nu  = 3.0000
  rho=187.95612 (30/30)  [extra 10/50]
    fp=0.0346 tp=0.0833  [0.1s]
   nu  = 3.0000
  rho=166.50409 (31/31)  [extra 11/50]
    fp=0.0373 tp=0.1000  [0.1s]
   nu  = 3.0000
  rho=147.50044 (32/32)  [extra 12/50]
    fp=0.0412 tp=0.1000  [0.1s]
   nu  = 3.0000
  rho=130.66574 (33/33)  [extra 13/50]
    fp=0.0441 tp=0.1000  [0.1s]
   nu  = 3.0000
  rho=115.75244 (34/34)  [extra 14/50]
    fp=0.0474 tp=0.1083  [0.1s]
   nu  = 3.0000
  rho=102.54124 (35/35)  [extra 15/50]
    fp=0.0497 tp=0.1167  [0.1s]
   nu  = 3.0000
  rho=90.83788 (36/36)  [extra 16/50]
    fp=0.0530 tp=0.1167  [0.1s]
   nu  = 3.0000
  rho=80.47026 (37/37)  [extra 17/50]
    fp=0.0571 tp=0.1333  [0.1s]
   nu  = 3.0000
  rho=71.28593 (38/38)  [extra 18/50]
    fp=0.0621 tp=0.1500  [0.1s]
   nu  = 3.0000
  rho=63.14984 (39/39)  [extra 19/50]
    fp=0.0665 tp=0.1417  [0.1s]
   nu  = 3.0000
  rho=55.94235 (40/40)  [extra 20/50]
    fp=0.0725 tp=0.1417  [0.1s]
   nu  = 3.0000
  rho=49.55747 (41/41)  [extra 21/50]
    fp=0.0785 tp=0.1417  [0.1s]
   nu  = 3.0000
  rho=43.90132 (42/42)  [extra 22/50]
    fp=0.0851 tp=0.1417  [0.2s]
   nu  = 3.0000
  rho=38.89072 (43/43)  [extra 23/50]
    fp=0.0911 tp=0.1417  [0.2s]
   nu  = 3.0000
  rho=34.45199 (44/44)  [extra 24/50]
    fp=0.0950 tp=0.1583  [0.2s]
   nu  = 3.0000
  rho=30.51988 (45/45)  [extra 25/50]
    fp=0.1025 tp=0.1667  [0.2s]
   nu  = 3.0000
  rho=27.03655 (46/46)  [extra 26/50]
    fp=0.1095 tp=0.1667  [0.2s]
   nu  = 3.0000
  rho=23.95078 (47/47)  [extra 27/50]
    fp=0.1151 tp=0.1667  [0.2s]
   nu  = 3.0000
  rho=21.21720 (48/48)  [extra 28/50]
    fp=0.1226 tp=0.2000  [0.2s]
   nu  = 3.0000
  rho=18.79561 (49/49)  [extra 29/50]
    fp=0.1294 tp=0.2250  [0.2s]
   nu  = 3.0000
  rho=16.65041 (50/50)  [extra 30/50]
    fp=0.1395 tp=0.2333  [0.2s]
   nu  = 3.0000
  rho=14.75004 (51/51)  [extra 31/50]
    fp=0.1501 tp=0.2333  [0.2s]
   nu  = 3.0000
  rho=13.06657 (52/52)  [extra 32/50]
    fp=0.1619 tp=0.2583  [0.3s]
   nu  = 3.0000
  rho=11.57524 (53/53)  [extra 33/50]
    fp=0.1737 tp=0.2667  [0.3s]
   nu  = 3.0000
  rho=10.25412 (54/54)  [extra 34/50]
    fp=0.1876 tp=0.2917  [0.3s]
   nu  = 3.0000
  rho=9.08379 (55/55)  [extra 35/50]
    fp=0.1973 tp=0.3000  [0.3s]
   nu  = 3.0000
  rho=8.04703 (56/56)  [extra 36/50]
    fp=0.2145 tp=0.3000  [0.3s]
   nu  = 3.0000
  rho=7.12859 (57/57)  [extra 37/50]
    fp=0.2323 tp=0.3083  [0.3s]
   nu  = 3.0000
  rho=6.31498 (58/58)  [extra 38/50]
    fp=0.2464 tp=0.3250  [0.3s]
   nu  = 3.0000
  rho=5.59423 (59/59)  [extra 39/50]
    fp=0.2692 tp=0.3583  [0.4s]
   nu  = 3.0000
  rho=4.95575 (60/60)  [extra 40/50]
    fp=0.2903 tp=0.3583  [0.5s]
   nu  = 3.0000
  rho=4.39013 (61/61)  [extra 41/50]
    fp=0.3110 tp=0.3917  [0.6s]
   nu  = 3.0000
  FPR 0.3110 >= fp_end=0.3; stopping after 61 fits
  grid extended by 41 points down to rho=4.39013, ending at FPR 0.3110
  pilot fit of run_tstar_varlasso at rho=0.30349
  -> rho_max = max|S_ij| (off-diag) = 0.72703
  rho grid: [0.72702601 0.6440482  0.57054091 0.50542325 0.44773767 0.39663593
 0.3513666  0.311264   0.27573844 0.24426753 0.21638849 0.19169138
 0.16981303 0.15043172 0.13326247 0.11805279 0.10457905 0.09264311
 0.08206945 0.0727026 ]
Running run_tstar_varlasso over 20 rho values, extending until FPR >= 0.3...
  rho=0.72703 (1/20)
    fp=0.0027 tp=0.0000  [0.2s]
   nu  = 3.0000
  rho=0.64405 (2/20)
    fp=0.0041 tp=0.0000  [0.1s]
   nu  = 3.0000
  rho=0.57054 (3/20)
    fp=0.0056 tp=0.0167  [0.1s]
   nu  = 3.0000
  rho=0.50542 (4/20)
    fp=0.0089 tp=0.0167  [0.1s]
   nu  = 3.0000
  rho=0.44774 (5/20)
    fp=0.0108 tp=0.0167  [0.1s]
   nu  = 3.0000
  rho=0.39664 (6/20)
    fp=0.0170 tp=0.0167  [0.1s]
   nu  = 3.0000
  rho=0.35137 (7/20)
    fp=0.0238 tp=0.0417  [0.1s]
   nu  = 3.0000
  rho=0.31126 (8/20)
    fp=0.0319 tp=0.0583  [0.1s]
   nu  = 3.0000
  rho=0.27574 (9/20)
    fp=0.0427 tp=0.0917  [0.1s]
   nu  = 3.0000
  rho=0.24427 (10/20)
    fp=0.0567 tp=0.1417  [0.1s]
   nu  = 3.0000
  rho=0.21639 (11/20)
    fp=0.0745 tp=0.1667  [0.1s]
   nu  = 3.0000
  rho=0.19169 (12/20)
    fp=0.0971 tp=0.2500  [0.1s]
   nu  = 3.0000
  rho=0.16981 (13/20)
    fp=0.1172 tp=0.3000  [0.1s]
   nu  = 3.0000
  rho=0.15043 (14/20)
    fp=0.1402 tp=0.3833  [0.1s]
   nu  = 3.0000
  rho=0.13326 (15/20)
    fp=0.1619 tp=0.4083  [0.1s]
   nu  = 3.0000
  rho=0.11805 (16/20)
    fp=0.1876 tp=0.4500  [0.2s]
   nu  = 3.0000
  rho=0.10458 (17/20)
    fp=0.2118 tp=0.4833  [0.2s]
   nu  = 3.0000
  rho=0.09264 (18/20)
    fp=0.2364 tp=0.5250  [0.2s]
   nu  = 3.0000
  rho=0.08207 (19/20)
    fp=0.2625 tp=0.5583  [0.2s]
   nu  = 3.0000
  rho=0.07270 (20/20)
    fp=0.2857 tp=0.5917  [0.2s]
   nu  = 3.0000
  rho=0.06440 (21/21)  [extra 1/50]
    fp=0.3070 tp=0.5917  [0.2s]
   nu  = 3.0000
  FPR 0.3070 >= fp_end=0.3; stopping after 21 fits
  grid extended by 1 points down to rho=0.06440, ending at FPR 0.3070
  pilot fit of run_em_diagonal at rho=0.30349
  -> rho_max = max|S_ij| (off-diag) = 0.45579
  rho grid: [0.45579085 0.40376998 0.35768641 0.31686251 0.28069798 0.24866102
 0.22028054 0.19513921 0.17286735 0.15313744 0.13565937 0.12017613
 0.10646005 0.09430942 0.08354558 0.07401026 0.06556323 0.05808029
 0.0514514  0.04557908]
Running run_em_diagonal over 20 rho values, extending until FPR >= 0.3...
  rho=0.45579 (1/20)
    fp=0.0010 tp=0.0000  [10.9s]
   median nu  = 0.542
   median |eta| = 1.314
  rho=0.40377 (2/20)
    fp=0.0010 tp=0.0083  [10.6s]
   median nu  = 0.56
   median |eta| = 1.179
  rho=0.35769 (3/20)
    fp=0.0023 tp=0.0250  [10.6s]
   median nu  = 0.575
   median |eta| = 1.136
  rho=0.31686 (4/20)
    fp=0.0048 tp=0.0250  [10.5s]
   median nu  = 0.59
   median |eta| = 1.122
  rho=0.28070 (5/20)
    fp=0.0089 tp=0.0417  [10.6s]
   median nu  = 0.603
   median |eta| = 1.11
  rho=0.24866 (6/20)
    fp=0.0133 tp=0.0833  [10.8s]
   median nu  = 0.615
   median |eta| = 1.09
  rho=0.22028 (7/20)
    fp=0.0195 tp=0.1167  [10.8s]
   median nu  = 0.627
   median |eta| = 1.07
  rho=0.19514 (8/20)
    fp=0.0302 tp=0.1500  [10.9s]
   median nu  = 0.637
   median |eta| = 1.067
  rho=0.17287 (9/20)
    fp=0.0414 tp=0.1750  [11.0s]
   median nu  = 0.647
   median |eta| = 1.035
  rho=0.15314 (10/20)
    fp=0.0536 tp=0.2083  [11.2s]
   median nu  = 0.656
   median |eta| = 1.083
  rho=0.13566 (11/20)
    fp=0.0706 tp=0.2250  [11.3s]
   median nu  = 0.664
   median |eta| = 1.083
  rho=0.12018 (12/20)
    fp=0.0849 tp=0.2667  [11.6s]
   median nu  = 0.693
   median |eta| = 1.068
  rho=0.10646 (13/20)
    fp=0.1010 tp=0.3250  [11.4s]
   median nu  = 0.702
   median |eta| = 1.045
  rho=0.09431 (14/20)
    fp=0.1164 tp=0.3750  [11.4s]
   median nu  = 0.717
   median |eta| = 1.054
  rho=0.08355 (15/20)
    fp=0.1333 tp=0.4000  [11.5s]
   median nu  = 0.791
   median |eta| = 1.031
  rho=0.07401 (16/20)
    fp=0.1520 tp=0.4750  [11.4s]
   median nu  = 0.803
   median |eta| = 1.029
  rho=0.06556 (17/20)
    fp=0.1702 tp=0.5000  [11.9s]
   median nu  = 0.804
   median |eta| = 0.987
  rho=0.05808 (18/20)
    fp=0.1882 tp=0.5083  [11.4s]
   median nu  = 0.777
   median |eta| = 0.923
  rho=0.05145 (19/20)
    fp=0.2039 tp=0.5500  [11.3s]
   median nu  = 0.749
   median |eta| = 0.889
  rho=0.04558 (20/20)
    fp=0.2205 tp=0.5500  [11.2s]
   median nu  = 0.798
   median |eta| = 0.875
  rho=0.04038 (21/21)  [extra 1/50]
    fp=0.2352 tp=0.5750  [11.1s]
   median nu  = 0.827
   median |eta| = 0.926
  rho=0.03577 (22/22)  [extra 2/50]
    fp=0.2505 tp=0.6083  [10.8s]
   median nu  = 0.804
   median |eta| = 0.939
  rho=0.03169 (23/23)  [extra 3/50]
    fp=0.2650 tp=0.6167  [10.6s]
   median nu  = 0.901
   median |eta| = 0.983
  rho=0.02807 (24/24)  [extra 4/50]
    fp=0.2762 tp=0.6167  [10.6s]
   median nu  = 0.89
   median |eta| = 1.037
  rho=0.02487 (25/25)  [extra 5/50]
    fp=0.2911 tp=0.6250  [10.3s]
   median nu  = 0.917
   median |eta| = 0.849
  rho=0.02203 (26/26)  [extra 6/50]
    fp=0.3027 tp=0.6417  [10.3s]
   median nu  = 0.945
   median |eta| = 0.942
  FPR 0.3027 >= fp_end=0.3; stopping after 26 fits
  grid extended by 6 points down to rho=0.02203, ending at FPR 0.3027
  pilot fit of run_em_exact at rho=0.30349
  -> rho_max = max|S_ij| (off-diag) = 0.48000
  rho grid: [0.48000226 0.42521806 0.37668656 0.33369411 0.29560853 0.26186978
 0.23198174 0.20550492 0.18204998 0.16127204 0.14286554 0.12655984
 0.11211516 0.09931909 0.08798349 0.07794165 0.06904592 0.06116549
 0.05418447 0.04800023]
Running run_em_exact over 20 rho values, extending until FPR >= 0.3...
  rho=0.48000 (1/20)
    fp=0.0006 tp=0.0000  [10.1s]
   median nu  = 0.535
   median |eta| = 1.257
  rho=0.42522 (2/20)
    fp=0.0010 tp=0.0000  [10.3s]
   median nu  = 0.552
   median |eta| = 1.2
  rho=0.37669 (3/20)
    fp=0.0017 tp=0.0083  [10.3s]
   median nu  = 0.569
   median |eta| = 1.145
  rho=0.33369 (4/20)
    fp=0.0033 tp=0.0250  [10.2s]
   median nu  = 0.584
   median |eta| = 1.106
  rho=0.29561 (5/20)
    fp=0.0075 tp=0.0333  [10.4s]
   median nu  = 0.598
   median |eta| = 1.112
  rho=0.26187 (6/20)
    fp=0.0120 tp=0.0667  [10.6s]
   median nu  = 0.611
   median |eta| = 0.959
  rho=0.23198 (7/20)
    fp=0.0199 tp=0.1000  [10.4s]
   median nu  = 0.628
   median |eta| = 0.882
  rho=0.20550 (8/20)
    fp=0.0300 tp=0.1417  [10.5s]
   median nu  = 0.647
   median |eta| = 0.728
  rho=0.18205 (9/20)
    fp=0.0431 tp=0.1833  [9.9s]
   median nu  = 0.697
   median |eta| = 0.616
  rho=0.16127 (10/20)
    fp=0.0600 tp=0.2083  [9.7s]
   median nu  = 0.784
   median |eta| = 0.547
  rho=0.14287 (11/20)
    fp=0.0776 tp=0.2417  [9.6s]
   median nu  = 0.875
   median |eta| = 0.459
  rho=0.12656 (12/20)
    fp=0.0969 tp=0.2833  [9.1s]
   median nu  = 0.956
   median |eta| = 0.374
  rho=0.11212 (13/20)
    fp=0.1174 tp=0.3500  [8.7s]
   median nu  = 1.056
   median |eta| = 0.319
  rho=0.09932 (14/20)
    fp=0.1472 tp=0.3917  [8.9s]
   median nu  = 1.138
   median |eta| = 0.257
  rho=0.08798 (15/20)
    fp=0.1723 tp=0.4417  [8.3s]
   median nu  = 1.228
   median |eta| = 0.196
  rho=0.07794 (16/20)
    fp=0.1913 tp=0.5000  [7.9s]
   median nu  = 1.346
   median |eta| = 0.148
  rho=0.06905 (17/20)
    fp=0.2143 tp=0.5333  [7.7s]
   median nu  = 1.464
   median |eta| = 0.108
  rho=0.06117 (18/20)
    fp=0.2327 tp=0.5500  [7.7s]
   median nu  = 1.56
   median |eta| = 0.08
  rho=0.05418 (19/20)
    fp=0.2567 tp=0.5583  [7.6s]
   median nu  = 1.636
   median |eta| = 0.059
  rho=0.04800 (20/20)
    fp=0.2745 tp=0.5667  [8.2s]
   median nu  = 1.723
   median |eta| = 0.046
  rho=0.04252 (21/21)  [extra 1/50]
    fp=0.2888 tp=0.5917  [8.3s]
   median nu  = 1.83
   median |eta| = 0.035
  rho=0.03767 (22/22)  [extra 2/50]
    fp=0.3000 tp=0.6167  [8.1s]
   median nu  = 1.962
   median |eta| = 0.024
  FPR 0.3000 >= fp_end=0.3; stopping after 22 fits
  grid extended by 2 points down to rho=0.03767, ending at FPR 0.3000
  graphical_lasso rho_max = max|S_ij| (off-diag) = 357.89249
  rho grid: [357.89248688 317.04506867 280.85969739 248.80427869 220.4074478
 195.25163837 172.9669422  153.22566993 135.73753243 120.24537219
 106.52138193  94.36375472  83.59371652  74.05289736  65.6010025
  58.11374953  51.48104078  45.60534436  40.40026003  35.78924869]
Running graphical_lasso over 20 rho values, extending until FPR >= 0.3...
  rho=357.89249 (1/20)
    fp=0.0000 tp=0.0000  [0.0s]
  rho=317.04507 (2/20)
    fp=0.0002 tp=0.0000  [0.0s]
  rho=280.85970 (3/20)
    fp=0.0004 tp=0.0000  [0.0s]
  rho=248.80428 (4/20)
    fp=0.0004 tp=0.0000  [0.0s]
  rho=220.40745 (5/20)
    fp=0.0004 tp=0.0000  [0.0s]
  rho=195.25164 (6/20)
    fp=0.0006 tp=0.0083  [0.0s]
  rho=172.96694 (7/20)
    fp=0.0006 tp=0.0083  [8.3s]
  rho=153.22567 (8/20)
    fp=0.0006 tp=0.0083  [0.0s]
  rho=135.73753 (9/20)
    fp=0.0008 tp=0.0083  [0.0s]
  rho=120.24537 (10/20)
    fp=0.0008 tp=0.0083  [0.0s]
  rho=106.52138 (11/20)
    fp=0.0010 tp=0.0083  [0.0s]
  rho=94.36375 (12/20)
    fp=0.0014 tp=0.0083  [0.0s]
  rho=83.59372 (13/20)
    fp=0.0025 tp=0.0083  [0.0s]
  rho=74.05290 (14/20)
    fp=0.0031 tp=0.0167  [0.0s]
  rho=65.60100 (15/20)
    fp=0.0039 tp=0.0167  [8.3s]
  rho=58.11375 (16/20)
    fp=0.0052 tp=0.0250  [0.0s]
  rho=51.48104 (17/20)
    fp=0.0054 tp=0.0250  [0.0s]
  rho=45.60534 (18/20)
    fp=0.0064 tp=0.0250  [8.4s]
  rho=40.40026 (19/20)
    fp=0.0077 tp=0.0250  [8.4s]
  rho=35.78925 (20/20)
    fp=0.0089 tp=0.0250  [0.0s]
  rho=31.70451 (21/21)  [extra 1/50]
    fp=0.0104 tp=0.0250  [0.0s]
  rho=28.08597 (22/22)  [extra 2/50]
    fp=0.0128 tp=0.0250  [0.0s]
  rho=24.88043 (23/23)  [extra 3/50]
    fp=0.0145 tp=0.0250  [0.0s]
  rho=22.04074 (24/24)  [extra 4/50]
    fp=0.0168 tp=0.0250  [8.4s]
  rho=19.52516 (25/25)  [extra 5/50]
    fp=0.0195 tp=0.0417  [0.0s]
  rho=17.29669 (26/26)  [extra 6/50]
    fp=0.0219 tp=0.0583  [8.4s]
  rho=15.32257 (27/27)  [extra 7/50]
    fp=0.0240 tp=0.0667  [0.0s]
  rho=13.57375 (28/28)  [extra 8/50]
    fp=0.0271 tp=0.0750  [7.1s]
  rho=12.02454 (29/29)  [extra 9/50]
    fp=0.0308 tp=0.0750  [0.1s]
  rho=10.65214 (30/30)  [extra 10/50]
    fp=0.0354 tp=0.0917  [0.0s]
  rho=9.43638 (31/31)  [extra 11/50]
    fp=0.0387 tp=0.1000  [0.1s]
  rho=8.35937 (32/32)  [extra 12/50]
    fp=0.0418 tp=0.1000  [0.0s]
  rho=7.40529 (33/33)  [extra 13/50]
    fp=0.0455 tp=0.1083  [0.0s]
  rho=6.56010 (34/34)  [extra 14/50]
    fp=0.0480 tp=0.1083  [0.1s]
  rho=5.81137 (35/35)  [extra 15/50]
    fp=0.0518 tp=0.1083  [0.0s]
  rho=5.14810 (36/36)  [extra 16/50]
    fp=0.0559 tp=0.1167  [0.2s]
  rho=4.56053 (37/37)  [extra 17/50]
    fp=0.0609 tp=0.1167  [0.0s]
  rho=4.04003 (38/38)  [extra 18/50]
    fp=0.0667 tp=0.1333  [0.0s]
  rho=3.57892 (39/39)  [extra 19/50]
    fp=0.0733 tp=0.1333  [0.0s]
  rho=3.17045 (40/40)  [extra 20/50]
    fp=0.0795 tp=0.1417  [0.0s]
  rho=2.80860 (41/41)  [extra 21/50]
    fp=0.0876 tp=0.1500  [0.0s]
  rho=2.48804 (42/42)  [extra 22/50]
    fp=0.0921 tp=0.1500  [0.1s]
  rho=2.20407 (43/43)  [extra 23/50]
    fp=0.0977 tp=0.1500  [1.0s]
  rho=1.95252 (44/44)  [extra 24/50]
    fp=0.1072 tp=0.1667  [0.1s]
  rho=1.72967 (45/45)  [extra 25/50]
    fp=0.1141 tp=0.1667  [0.3s]
  rho=1.53226 (46/46)  [extra 26/50]
    fp=0.1230 tp=0.2000  [0.2s]
  rho=1.35738 (47/47)  [extra 27/50]
    fp=0.1323 tp=0.2167  [0.1s]
  rho=1.20245 (48/48)  [extra 28/50]
    fp=0.1422 tp=0.2417  [0.0s]
  rho=1.06521 (49/49)  [extra 29/50]
    fp=0.1524 tp=0.2750  [0.1s]
  rho=0.94364 (50/50)  [extra 30/50]
    fp=0.1669 tp=0.2750  [0.0s]
  rho=0.83594 (51/51)  [extra 31/50]
    fp=0.1816 tp=0.2833  [0.0s]
  rho=0.74053 (52/52)  [extra 32/50]
    fp=0.1954 tp=0.3000  [0.0s]
  rho=0.65601 (53/53)  [extra 33/50]
    fp=0.2122 tp=0.3083  [0.1s]
  rho=0.58114 (54/54)  [extra 34/50]
    fp=0.2342 tp=0.3167  [0.0s]
  rho=0.51481 (55/55)  [extra 35/50]
    fp=0.2536 tp=0.3250  [0.1s]
  rho=0.45605 (56/56)  [extra 36/50]
    fp=0.2716 tp=0.3833  [0.2s]
  rho=0.40400 (57/57)  [extra 37/50]
    fp=0.2952 tp=0.3917  [0.1s]
  rho=0.35789 (58/58)  [extra 38/50]
    fp=0.3193 tp=0.4250  [0.1s]
  FPR 0.3193 >= fp_end=0.3; stopping after 58 fits
  [note] 6/58 fits hit a glasso ConvergenceWarning (suppressed)
  grid extended by 38 points down to rho=0.35789, ending at FPR 0.3193
  [warn] mean_roc averages out to FPR 0.300 but the shortest replicate only reached 0.008; its TPR is held flat above that
  [warn] mean_roc averages out to FPR 0.300 but the shortest replicate only reached 0.017; its TPR is held flat above that

(p=100, n=50) over 38 replicates
  t+lasso  (run_em_diagonal):    AUC = 0.134 (SE 0.002)
  ~t+lasso (run_em_exact):       AUC = 0.128 (SE 0.002)
  tlasso   (run_tlasso):         AUC = 0.046 (SE 0.002)
  t*lasso  (run_tstar_varlasso): AUC = 0.107 (SE 0.002)
  glasso   (graphical_lasso):    AUC = 0.046 (SE 0.002)
Replicate 39/50
  Theta: 110/4950 edges
  pilot fit of run_tlasso at rho=30.34854
  -> rho_max = max|S_ij| (off-diag) = 2945.75074
  rho grid: [2945.75073839 2609.54275197 2311.70726213 2047.86469267 1814.13532249
 1607.0822355  1423.66078189 1261.17380748 1117.23199299  989.71871977
  876.75894569  776.69163318  688.04532423  609.51650303  539.95042824
  478.32415285  423.73148206  375.36964801  332.5275053   294.57507384]
Running run_tlasso over 20 rho values, extending until FPR >= 0.3...
  rho=2945.75074 (1/20)
    fp=0.0002 tp=0.0000  [0.2s]
   nu  = 3.0000
  rho=2609.54275 (2/20)
    fp=0.0002 tp=0.0000  [0.1s]
   nu  = 3.0000
  rho=2311.70726 (3/20)
    fp=0.0002 tp=0.0000  [0.1s]
   nu  = 3.0000
  rho=2047.86469 (4/20)
    fp=0.0002 tp=0.0000  [0.1s]
   nu  = 3.0000
  rho=1814.13532 (5/20)
    fp=0.0002 tp=0.0000  [0.1s]
   nu  = 3.0000
  rho=1607.08224 (6/20)
    fp=0.0004 tp=0.0000  [0.1s]
   nu  = 3.0000
  rho=1423.66078 (7/20)
    fp=0.0004 tp=0.0000  [0.1s]
   nu  = 3.0000
  rho=1261.17381 (8/20)
    fp=0.0006 tp=0.0000  [0.1s]
   nu  = 3.0000
  rho=1117.23199 (9/20)
    fp=0.0006 tp=0.0000  [0.1s]
   nu  = 3.0000
  rho=989.71872 (10/20)
    fp=0.0008 tp=0.0000  [0.1s]
   nu  = 3.0000
  rho=876.75895 (11/20)
    fp=0.0008 tp=0.0000  [0.1s]
   nu  = 3.0000
  rho=776.69163 (12/20)
    fp=0.0008 tp=0.0000  [0.1s]
   nu  = 3.0000
  rho=688.04532 (13/20)
    fp=0.0010 tp=0.0000  [0.1s]
   nu  = 3.0000
  rho=609.51650 (14/20)
    fp=0.0017 tp=0.0000  [0.1s]
   nu  = 3.0000
  rho=539.95043 (15/20)
    fp=0.0021 tp=0.0000  [0.1s]
   nu  = 3.0000
  rho=478.32415 (16/20)
    fp=0.0027 tp=0.0000  [0.1s]
   nu  = 3.0000
  rho=423.73148 (17/20)
    fp=0.0035 tp=0.0091  [0.1s]
   nu  = 3.0000
  rho=375.36965 (18/20)
    fp=0.0045 tp=0.0091  [0.1s]
   nu  = 3.0000
  rho=332.52751 (19/20)
    fp=0.0056 tp=0.0091  [0.1s]
   nu  = 3.0000
  rho=294.57507 (20/20)
    fp=0.0066 tp=0.0091  [0.1s]
   nu  = 3.0000
  rho=260.95428 (21/21)  [extra 1/50]
    fp=0.0074 tp=0.0091  [0.1s]
   nu  = 3.0000
  rho=231.17073 (22/22)  [extra 2/50]
    fp=0.0089 tp=0.0091  [0.1s]
   nu  = 3.0000
  rho=204.78647 (23/23)  [extra 3/50]
    fp=0.0110 tp=0.0091  [0.1s]
   nu  = 3.0000
  rho=181.41353 (24/24)  [extra 4/50]
    fp=0.0134 tp=0.0091  [0.1s]
   nu  = 3.0000
  rho=160.70822 (25/25)  [extra 5/50]
    fp=0.0161 tp=0.0091  [0.1s]
   nu  = 3.0000
  rho=142.36608 (26/26)  [extra 6/50]
    fp=0.0202 tp=0.0091  [0.1s]
   nu  = 3.0000
  rho=126.11738 (27/27)  [extra 7/50]
    fp=0.0267 tp=0.0091  [0.1s]
   nu  = 3.0000
  rho=111.72320 (28/28)  [extra 8/50]
    fp=0.0310 tp=0.0273  [0.1s]
   nu  = 3.0000
  rho=98.97187 (29/29)  [extra 9/50]
    fp=0.0374 tp=0.0364  [0.1s]
   nu  = 3.0000
  rho=87.67589 (30/30)  [extra 10/50]
    fp=0.0426 tp=0.0364  [0.1s]
   nu  = 3.0000
  rho=77.66916 (31/31)  [extra 11/50]
    fp=0.0467 tp=0.0364  [0.2s]
   nu  = 3.0000
  rho=68.80453 (32/32)  [extra 12/50]
    fp=0.0537 tp=0.0455  [0.2s]
   nu  = 3.0000
  rho=60.95165 (33/33)  [extra 13/50]
    fp=0.0622 tp=0.0727  [0.2s]
   nu  = 3.0000
  rho=53.99504 (34/34)  [extra 14/50]
    fp=0.0705 tp=0.0818  [0.2s]
   nu  = 3.0000
  rho=47.83242 (35/35)  [extra 15/50]
    fp=0.0785 tp=0.0818  [0.3s]
   nu  = 3.0000
  rho=42.37315 (36/36)  [extra 16/50]
    fp=0.0868 tp=0.0818  [0.2s]
   nu  = 3.0000
  rho=37.53696 (37/37)  [extra 17/50]
    fp=0.0988 tp=0.0818  [0.2s]
   nu  = 3.0000
  rho=33.25275 (38/38)  [extra 18/50]
    fp=0.1062 tp=0.1000  [0.2s]
   nu  = 3.0000
  rho=29.45751 (39/39)  [extra 19/50]
    fp=0.1194 tp=0.1000  [0.3s]
   nu  = 3.0000
  rho=26.09543 (40/40)  [extra 20/50]
    fp=0.1316 tp=0.1273  [0.3s]
   nu  = 3.0000
  rho=23.11707 (41/41)  [extra 21/50]
    fp=0.1424 tp=0.1364  [0.5s]
   nu  = 3.0000
  rho=20.47865 (42/42)  [extra 22/50]
    fp=0.1541 tp=0.1545  [0.4s]
   nu  = 3.0000
  rho=18.14135 (43/43)  [extra 23/50]
    fp=0.1634 tp=0.1636  [0.5s]
   nu  = 3.0000
  rho=16.07082 (44/44)  [extra 24/50]
    fp=0.1771 tp=0.1818  [0.5s]
   nu  = 3.0000
  rho=14.23661 (45/45)  [extra 25/50]
    fp=0.1903 tp=0.1909  [0.5s]
   nu  = 3.0000
  rho=12.61174 (46/46)  [extra 26/50]
    fp=0.2054 tp=0.2000  [0.7s]
   nu  = 3.0000
  rho=11.17232 (47/47)  [extra 27/50]
    fp=0.2205 tp=0.2000  [0.8s]
   nu  = 3.0000
  rho=9.89719 (48/48)  [extra 28/50]
    fp=0.2368 tp=0.2545  [0.9s]
   nu  = 3.0000
  rho=8.76759 (49/49)  [extra 29/50]
    fp=0.2473 tp=0.2545  [1.1s]
   nu  = 3.0000
  rho=7.76692 (50/50)  [extra 30/50]
    fp=0.2638 tp=0.2727  [0.5s]
   nu  = 3.0000
  rho=6.88045 (51/51)  [extra 31/50]
    fp=0.2779 tp=0.2909  [3.3s]
   nu  = 3.0000
  rho=6.09517 (52/52)  [extra 32/50]
    fp=0.2959 tp=0.2909  [1.3s]
   nu  = 3.0000
  rho=5.39950 (53/53)  [extra 33/50]
    fp=0.3147 tp=0.3364  [39.7s]
   nu  = 3.0000
  FPR 0.3147 >= fp_end=0.3; stopping after 53 fits
  [note] 4/53 fits hit a glasso ConvergenceWarning (suppressed)
  grid extended by 33 points down to rho=5.39950, ending at FPR 0.3147
  pilot fit of run_tstar_varlasso at rho=0.30349
  -> rho_max = max|S_ij| (off-diag) = 0.83068
  rho grid: [0.83068123 0.73587291 0.65188538 0.57748361 0.51157355 0.45318602
 0.40146244 0.35564225 0.31505165 0.2790938  0.24723993 0.21902164
 0.194024   0.17187942 0.15226227 0.13488409 0.11948933 0.10585163
 0.09377044 0.08306812]
Running run_tstar_varlasso over 20 rho values, extending until FPR >= 0.3...
  rho=0.83068 (1/20)
    fp=0.0014 tp=0.0000  [0.2s]
   nu  = 3.0000
  rho=0.73587 (2/20)
    fp=0.0025 tp=0.0000  [0.1s]
   nu  = 3.0000
  rho=0.65189 (3/20)
    fp=0.0050 tp=0.0182  [0.1s]
   nu  = 3.0000
  rho=0.57748 (4/20)
    fp=0.0087 tp=0.0273  [0.1s]
   nu  = 3.0000
  rho=0.51157 (5/20)
    fp=0.0157 tp=0.0273  [0.1s]
   nu  = 3.0000
  rho=0.45319 (6/20)
    fp=0.0215 tp=0.0273  [0.1s]
   nu  = 3.0000
  rho=0.40146 (7/20)
    fp=0.0279 tp=0.0364  [0.1s]
   nu  = 3.0000
  rho=0.35564 (8/20)
    fp=0.0364 tp=0.0818  [0.1s]
   nu  = 3.0000
  rho=0.31505 (9/20)
    fp=0.0479 tp=0.1273  [0.1s]
   nu  = 3.0000
  rho=0.27909 (10/20)
    fp=0.0624 tp=0.1818  [0.1s]
   nu  = 3.0000
  rho=0.24724 (11/20)
    fp=0.0779 tp=0.2091  [0.1s]
   nu  = 3.0000
  rho=0.21902 (12/20)
    fp=0.0975 tp=0.2636  [0.1s]
   nu  = 3.0000
  rho=0.19402 (13/20)
    fp=0.1147 tp=0.3182  [0.2s]
   nu  = 3.0000
  rho=0.17188 (14/20)
    fp=0.1353 tp=0.3818  [0.2s]
   nu  = 3.0000
  rho=0.15226 (15/20)
    fp=0.1591 tp=0.4364  [0.2s]
   nu  = 3.0000
  rho=0.13488 (16/20)
    fp=0.1820 tp=0.4636  [0.2s]
   nu  = 3.0000
  rho=0.11949 (17/20)
    fp=0.2072 tp=0.5000  [0.2s]
   nu  = 3.0000
  rho=0.10585 (18/20)
    fp=0.2279 tp=0.5273  [0.2s]
   nu  = 3.0000
  rho=0.09377 (19/20)
    fp=0.2525 tp=0.5636  [0.2s]
   nu  = 3.0000
  rho=0.08307 (20/20)
    fp=0.2748 tp=0.6182  [0.3s]
   nu  = 3.0000
  rho=0.07359 (21/21)  [extra 1/50]
    fp=0.3021 tp=0.6545  [0.2s]
   nu  = 3.0000
  FPR 0.3021 >= fp_end=0.3; stopping after 21 fits
  grid extended by 1 points down to rho=0.07359, ending at FPR 0.3021
  pilot fit of run_em_diagonal at rho=0.30349
  -> rho_max = max|S_ij| (off-diag) = 0.55033
  rho grid: [0.55033329 0.48752198 0.43187953 0.38258774 0.33892177 0.30023954
 0.26597224 0.23561597 0.20872437 0.18490198 0.16379853 0.14510368
 0.12854253 0.11387156 0.10087503 0.08936184 0.07916269 0.07012759
 0.06212371 0.05503333]
Running run_em_diagonal over 20 rho values, extending until FPR >= 0.3...
  rho=0.55033 (1/20)
    fp=0.0002 tp=0.0091  [10.4s]
   median nu  = 0.393
   median |eta| = 1.381
  rho=0.48752 (2/20)
    fp=0.0008 tp=0.0091  [10.3s]
   median nu  = 0.409
   median |eta| = 1.343
  rho=0.43188 (3/20)
    fp=0.0014 tp=0.0182  [10.2s]
   median nu  = 0.427
   median |eta| = 1.287
  rho=0.38259 (4/20)
    fp=0.0027 tp=0.0455  [10.3s]
   median nu  = 0.446
   median |eta| = 1.24
  rho=0.33892 (5/20)
    fp=0.0045 tp=0.0636  [10.2s]
   median nu  = 0.462
   median |eta| = 1.213
  rho=0.30024 (6/20)
    fp=0.0091 tp=0.1000  [10.1s]
   median nu  = 0.474
   median |eta| = 1.224
  rho=0.26597 (7/20)
    fp=0.0134 tp=0.1182  [10.1s]
   median nu  = 0.488
   median |eta| = 1.232
  rho=0.23562 (8/20)
    fp=0.0205 tp=0.1636  [10.2s]
   median nu  = 0.501
   median |eta| = 1.204
  rho=0.20872 (9/20)
    fp=0.0269 tp=0.2091  [10.2s]
   median nu  = 0.513
   median |eta| = 1.203
  rho=0.18490 (10/20)
    fp=0.0407 tp=0.2182  [10.4s]
   median nu  = 0.525
   median |eta| = 1.195
  rho=0.16380 (11/20)
    fp=0.0525 tp=0.2455  [10.4s]
   median nu  = 0.534
   median |eta| = 1.15
  rho=0.14510 (12/20)
    fp=0.0667 tp=0.2909  [10.6s]
   median nu  = 0.554
   median |eta| = 1.16
  rho=0.12854 (13/20)
    fp=0.0845 tp=0.3636  [10.5s]
   median nu  = 0.561
   median |eta| = 1.191
  rho=0.11387 (14/20)
    fp=0.1029 tp=0.3909  [10.6s]
   median nu  = 0.567
   median |eta| = 1.195
  rho=0.10088 (15/20)
    fp=0.1221 tp=0.4455  [10.6s]
   median nu  = 0.572
   median |eta| = 1.215
  rho=0.08936 (16/20)
    fp=0.1376 tp=0.4727  [10.6s]
   median nu  = 0.576
   median |eta| = 1.203
  rho=0.07916 (17/20)
    fp=0.1593 tp=0.5091  [10.9s]
   median nu  = 0.59
   median |eta| = 1.218
  rho=0.07013 (18/20)
    fp=0.1758 tp=0.5455  [10.5s]
   median nu  = 0.599
   median |eta| = 1.267
  rho=0.06212 (19/20)
    fp=0.1913 tp=0.5455  [10.4s]
   median nu  = 0.62
   median |eta| = 1.259
  rho=0.05503 (20/20)
    fp=0.2116 tp=0.5455  [10.6s]
   median nu  = 0.756
   median |eta| = 1.201
  rho=0.04875 (21/21)  [extra 1/50]
    fp=0.2314 tp=0.5909  [10.4s]
   median nu  = 0.766
   median |eta| = 1.19
  rho=0.04319 (22/22)  [extra 2/50]
    fp=0.2459 tp=0.6091  [10.1s]
   median nu  = 0.752
   median |eta| = 1.202
  rho=0.03826 (23/23)  [extra 3/50]
    fp=0.2603 tp=0.6182  [10.4s]
   median nu  = 0.74
   median |eta| = 1.242
  rho=0.03389 (24/24)  [extra 4/50]
    fp=0.2725 tp=0.6364  [9.9s]
   median nu  = 0.772
   median |eta| = 1.174
  rho=0.03002 (25/25)  [extra 5/50]
    fp=0.2880 tp=0.6273  [9.9s]
   median nu  = 0.774
   median |eta| = 1.3
  rho=0.02660 (26/26)  [extra 6/50]
    fp=0.3006 tp=0.6364  [10.6s]
   median nu  = 0.749
   median |eta| = 1.43
  FPR 0.3006 >= fp_end=0.3; stopping after 26 fits
  grid extended by 6 points down to rho=0.02660, ending at FPR 0.3006
  pilot fit of run_em_exact at rho=0.30349
  -> rho_max = max|S_ij| (off-diag) = 0.56812
  rho grid: [0.56812181 0.50328025 0.44583926 0.39495419 0.3498768  0.30994424
 0.27456931 0.24323183 0.215471   0.19087861 0.16909302 0.14979389
 0.13269743 0.11755225 0.10413563 0.0922503  0.08172148 0.07239434
 0.06413174 0.05681218]
Running run_em_exact over 20 rho values, extending until FPR >= 0.3...
  rho=0.56812 (1/20)
    fp=0.0002 tp=0.0091  [10.5s]
   median nu  = 0.389
   median |eta| = 1.394
  rho=0.50328 (2/20)
    fp=0.0006 tp=0.0091  [10.4s]
   median nu  = 0.405
   median |eta| = 1.358
  rho=0.44584 (3/20)
    fp=0.0014 tp=0.0182  [10.4s]
   median nu  = 0.423
   median |eta| = 1.301
  rho=0.39495 (4/20)
    fp=0.0025 tp=0.0455  [10.4s]
   median nu  = 0.454
   median |eta| = 1.249
  rho=0.34988 (5/20)
    fp=0.0048 tp=0.0455  [10.5s]
   median nu  = 0.489
   median |eta| = 1.206
  rho=0.30994 (6/20)
    fp=0.0099 tp=0.1000  [10.6s]
   median nu  = 0.541
   median |eta| = 1.185
  rho=0.27457 (7/20)
    fp=0.0153 tp=0.1091  [10.5s]
   median nu  = 0.598
   median |eta| = 1.076
  rho=0.24323 (8/20)
    fp=0.0219 tp=0.1545  [10.5s]
   median nu  = 0.673
   median |eta| = 0.983
  rho=0.21547 (9/20)
    fp=0.0314 tp=0.1909  [10.2s]
   median nu  = 0.765
   median |eta| = 0.878
  rho=0.19088 (10/20)
    fp=0.0483 tp=0.2273  [9.8s]
   median nu  = 0.824
   median |eta| = 0.781
  rho=0.16909 (11/20)
    fp=0.0645 tp=0.2636  [9.8s]
   median nu  = 0.841
   median |eta| = 0.648
  rho=0.14979 (12/20)
    fp=0.0849 tp=0.3273  [9.3s]
   median nu  = 0.867
   median |eta| = 0.487
  rho=0.13270 (13/20)
    fp=0.1091 tp=0.4091  [8.9s]
   median nu  = 0.933
   median |eta| = 0.397
  rho=0.11755 (14/20)
    fp=0.1298 tp=0.4545  [8.6s]
   median nu  = 1.004
   median |eta| = 0.302
  rho=0.10414 (15/20)
    fp=0.1560 tp=0.4727  [8.3s]
   median nu  = 1.086
   median |eta| = 0.213
  rho=0.09225 (16/20)
    fp=0.1795 tp=0.5091  [9.1s]
   median nu  = 1.162
   median |eta| = 0.167
  rho=0.08172 (17/20)
    fp=0.2017 tp=0.5455  [8.8s]
   median nu  = 1.324
   median |eta| = 0.137
  rho=0.07239 (18/20)
    fp=0.2213 tp=0.5818  [8.8s]
   median nu  = 1.467
   median |eta| = 0.099
  rho=0.06413 (19/20)
    fp=0.2393 tp=0.5909  [8.6s]
   median nu  = 1.57
   median |eta| = 0.077
  rho=0.05681 (20/20)
    fp=0.2574 tp=0.6091  [8.6s]
   median nu  = 1.644
   median |eta| = 0.059
  rho=0.05033 (21/21)  [extra 1/50]
    fp=0.2738 tp=0.6364  [8.5s]
   median nu  = 1.741
   median |eta| = 0.043
  rho=0.04458 (22/22)  [extra 2/50]
    fp=0.2911 tp=0.6545  [8.6s]
   median nu  = 1.872
   median |eta| = 0.033
  rho=0.03950 (23/23)  [extra 3/50]
    fp=0.3027 tp=0.6636  [8.5s]
   median nu  = 2.004
   median |eta| = 0.025
  FPR 0.3027 >= fp_end=0.3; stopping after 23 fits
  grid extended by 3 points down to rho=0.03950, ending at FPR 0.3027
  graphical_lasso rho_max = max|S_ij| (off-diag) = 185.81953
  rho grid: [185.81952982 164.61135047 145.82372871 129.18039852 114.43662502
 101.37560571  89.80528246  79.55551733  70.4755908   62.43198542
  55.30642255  48.99412303  43.40226652  38.44862654  34.06036139
  30.17294302  26.72920819  23.67851787  20.97601263  18.58195298]
Running graphical_lasso over 20 rho values, extending until FPR >= 0.3...
  rho=185.81953 (1/20)
    fp=0.0000 tp=0.0000  [0.0s]
  rho=164.61135 (2/20)
    fp=0.0002 tp=0.0000  [0.0s]
  rho=145.82373 (3/20)
    fp=0.0002 tp=0.0000  [8.6s]
  rho=129.18040 (4/20)
    fp=0.0002 tp=0.0000  [0.0s]
  rho=114.43663 (5/20)
    fp=0.0002 tp=0.0000  [0.0s]
  rho=101.37561 (6/20)
    fp=0.0002 tp=0.0000  [0.0s]
  rho=89.80528 (7/20)
    fp=0.0002 tp=0.0000  [0.0s]
  rho=79.55552 (8/20)
    fp=0.0006 tp=0.0000  [0.0s]
  rho=70.47559 (9/20)
    fp=0.0006 tp=0.0000  [8.7s]
  rho=62.43199 (10/20)
    fp=0.0006 tp=0.0000  [8.6s]
  rho=55.30642 (11/20)
    fp=0.0008 tp=0.0000  [0.0s]
  rho=48.99412 (12/20)
    fp=0.0008 tp=0.0000  [0.0s]
  rho=43.40227 (13/20)
    fp=0.0010 tp=0.0000  [0.0s]
  rho=38.44863 (14/20)
    fp=0.0012 tp=0.0000  [0.0s]
  rho=34.06036 (15/20)
    fp=0.0017 tp=0.0000  [0.0s]
  rho=30.17294 (16/20)
    fp=0.0027 tp=0.0000  [0.0s]
  rho=26.72921 (17/20)
    fp=0.0031 tp=0.0091  [8.8s]
  rho=23.67852 (18/20)
    fp=0.0043 tp=0.0091  [8.7s]
  rho=20.97601 (19/20)
    fp=0.0056 tp=0.0091  [0.2s]
  rho=18.58195 (20/20)
    fp=0.0066 tp=0.0091  [1.2s]
  rho=16.46114 (21/21)  [extra 1/50]
    fp=0.0074 tp=0.0091  [0.2s]
  rho=14.58237 (22/22)  [extra 2/50]
    fp=0.0087 tp=0.0091  [0.0s]
  rho=12.91804 (23/23)  [extra 3/50]
    fp=0.0105 tp=0.0091  [0.4s]
  rho=11.44366 (24/24)  [extra 4/50]
    fp=0.0132 tp=0.0091  [4.2s]
  rho=10.13756 (25/25)  [extra 5/50]
    fp=0.0161 tp=0.0091  [0.1s]
  rho=8.98053 (26/26)  [extra 6/50]
    fp=0.0205 tp=0.0091  [2.3s]
  rho=7.95555 (27/27)  [extra 7/50]
    fp=0.0264 tp=0.0091  [5.6s]
  rho=7.04756 (28/28)  [extra 8/50]
    fp=0.0329 tp=0.0273  [1.0s]
  rho=6.24320 (29/29)  [extra 9/50]
    fp=0.0368 tp=0.0273  [6.2s]
  rho=5.53064 (30/30)  [extra 10/50]
    fp=0.0434 tp=0.0364  [2.5s]
  rho=4.89941 (31/31)  [extra 11/50]
    fp=0.0494 tp=0.0364  [5.8s]
  rho=4.34023 (32/32)  [extra 12/50]
    fp=0.0556 tp=0.0545  [1.1s]
  rho=3.84486 (33/33)  [extra 13/50]
    fp=0.0665 tp=0.0545  [0.1s]
  rho=3.40604 (34/34)  [extra 14/50]
    fp=0.0744 tp=0.0727  [1.0s]
  rho=3.01729 (35/35)  [extra 15/50]
    fp=0.0814 tp=0.0818  [0.2s]
  rho=2.67292 (36/36)  [extra 16/50]
    fp=0.0903 tp=0.0818  [1.2s]
  rho=2.36785 (37/37)  [extra 17/50]
    fp=0.1023 tp=0.0818  [1.1s]
  rho=2.09760 (38/38)  [extra 18/50]
    fp=0.1149 tp=0.1000  [0.3s]
  rho=1.85820 (39/39)  [extra 19/50]
    fp=0.1277 tp=0.1182  [0.8s]
  rho=1.64611 (40/40)  [extra 20/50]
    fp=0.1397 tp=0.1364  [0.7s]
  rho=1.45824 (41/41)  [extra 21/50]
    [WARN] glasso failed: Non SPD result: the system is too ill-conditioned for this solver. The system is too ill-conditioned for this solver; reusing previous Theta
    fp=0.1397 tp=0.1364  [3.0s]
  rho=1.29180 (42/42)  [extra 22/50]
    fp=0.1624 tp=0.1727  [0.8s]
  rho=1.14437 (43/43)  [extra 23/50]
    fp=0.1795 tp=0.1909  [0.6s]
  rho=1.01376 (44/44)  [extra 24/50]
    fp=0.1950 tp=0.2091  [0.9s]
  rho=0.89805 (45/45)  [extra 25/50]
    fp=0.2089 tp=0.2364  [1.7s]
  rho=0.79556 (46/46)  [extra 26/50]
    fp=0.2262 tp=0.2545  [0.3s]
  rho=0.70476 (47/47)  [extra 27/50]
    [WARN] glasso failed: Non SPD result: the system is too ill-conditioned for this solver. The system is too ill-conditioned for this solver; reusing previous Theta
    fp=0.2262 tp=0.2545  [1.8s]
  rho=0.62432 (48/48)  [extra 28/50]
    fp=0.2576 tp=0.2727  [4.8s]
  rho=0.55306 (49/49)  [extra 29/50]
    fp=0.2762 tp=0.2818  [7.3s]
  rho=0.48994 (50/50)  [extra 30/50]
    fp=0.2969 tp=0.3000  [0.9s]
  rho=0.43402 (51/51)  [extra 31/50]
    fp=0.3161 tp=0.3000  [0.5s]
  FPR 0.3161 >= fp_end=0.3; stopping after 51 fits
  [note] 5/51 fits hit a glasso ConvergenceWarning (suppressed)
  [WARN] 2/51 points reused the previous Theta after a glasso failure; those are not estimates
  grid extended by 31 points down to rho=0.43402, ending at FPR 0.3161
  [warn] mean_roc averages out to FPR 0.300 but the shortest replicate only reached 0.008; its TPR is held flat above that
  [warn] mean_roc averages out to FPR 0.300 but the shortest replicate only reached 0.017; its TPR is held flat above that

(p=100, n=50) over 39 replicates
  t+lasso  (run_em_diagonal):    AUC = 0.134 (SE 0.002)
  ~t+lasso (run_em_exact):       AUC = 0.128 (SE 0.002)
  tlasso   (run_tlasso):         AUC = 0.046 (SE 0.002)
  t*lasso  (run_tstar_varlasso): AUC = 0.108 (SE 0.002)
  glasso   (graphical_lasso):    AUC = 0.046 (SE 0.002)
Replicate 40/50
  Theta: 98/4950 edges
  pilot fit of run_tlasso at rho=30.34854
  -> rho_max = max|S_ij| (off-diag) = 2313.37006
  rho grid: [2313.3700554  2049.33770601 1815.44021609 1608.23819741 1424.68481015
 1262.08096012 1118.03560938  990.43061684  877.38959167  777.25030151
  688.54022994  609.95492357  540.33881044  478.66820773  424.03626886
  375.63964851  332.76668978  294.78695943  261.1419776   231.33700554]
Running run_tlasso over 20 rho values, extending until FPR >= 0.3...
  rho=2313.37006 (1/20)
    fp=0.0002 tp=0.0000  [0.1s]
   nu  = 3.0000
  rho=2049.33771 (2/20)
    fp=0.0002 tp=0.0000  [0.1s]
   nu  = 3.0000
  rho=1815.44022 (3/20)
    fp=0.0002 tp=0.0000  [0.1s]
   nu  = 3.0000
  rho=1608.23820 (4/20)
    fp=0.0002 tp=0.0000  [0.1s]
   nu  = 3.0000
  rho=1424.68481 (5/20)
    fp=0.0002 tp=0.0000  [0.1s]
   nu  = 3.0000
  rho=1262.08096 (6/20)
    fp=0.0002 tp=0.0000  [0.1s]
   nu  = 3.0000
  rho=1118.03561 (7/20)
    fp=0.0002 tp=0.0000  [0.1s]
   nu  = 3.0000
  rho=990.43062 (8/20)
    fp=0.0002 tp=0.0000  [0.1s]
   nu  = 3.0000
  rho=877.38959 (9/20)
    fp=0.0004 tp=0.0000  [0.1s]
   nu  = 3.0000
  rho=777.25030 (10/20)
    fp=0.0004 tp=0.0000  [0.1s]
   nu  = 3.0000
  rho=688.54023 (11/20)
    fp=0.0004 tp=0.0000  [0.1s]
   nu  = 3.0000
  rho=609.95492 (12/20)
    fp=0.0004 tp=0.0000  [0.1s]
   nu  = 3.0000
  rho=540.33881 (13/20)
    fp=0.0008 tp=0.0000  [0.1s]
   nu  = 3.0000
  rho=478.66821 (14/20)
    fp=0.0010 tp=0.0000  [0.1s]
   nu  = 3.0000
  rho=424.03627 (15/20)
    fp=0.0010 tp=0.0000  [0.1s]
   nu  = 3.0000
  rho=375.63965 (16/20)
    fp=0.0012 tp=0.0000  [0.1s]
   nu  = 3.0000
  rho=332.76669 (17/20)
    fp=0.0012 tp=0.0000  [0.1s]
   nu  = 3.0000
  rho=294.78696 (18/20)
    fp=0.0016 tp=0.0000  [0.1s]
   nu  = 3.0000
  rho=261.14198 (19/20)
    fp=0.0019 tp=0.0000  [0.1s]
   nu  = 3.0000
  rho=231.33701 (20/20)
    fp=0.0025 tp=0.0000  [0.1s]
   nu  = 3.0000
  rho=204.93377 (21/21)  [extra 1/50]
    fp=0.0031 tp=0.0000  [0.1s]
   nu  = 3.0000
  rho=181.54402 (22/22)  [extra 2/50]
    fp=0.0037 tp=0.0000  [0.1s]
   nu  = 3.0000
  rho=160.82382 (23/23)  [extra 3/50]
    fp=0.0056 tp=0.0000  [0.1s]
   nu  = 3.0000
  rho=142.46848 (24/24)  [extra 4/50]
    fp=0.0076 tp=0.0102  [0.1s]
   nu  = 3.0000
  rho=126.20810 (25/25)  [extra 5/50]
    fp=0.0091 tp=0.0102  [0.1s]
   nu  = 3.0000
  rho=111.80356 (26/26)  [extra 6/50]
    fp=0.0103 tp=0.0204  [0.1s]
   nu  = 3.0000
  rho=99.04306 (27/27)  [extra 7/50]
    fp=0.0124 tp=0.0204  [0.1s]
   nu  = 3.0000
  rho=87.73896 (28/28)  [extra 8/50]
    fp=0.0148 tp=0.0204  [0.1s]
   nu  = 3.0000
  rho=77.72503 (29/29)  [extra 9/50]
    fp=0.0179 tp=0.0204  [0.1s]
   nu  = 3.0000
  rho=68.85402 (30/30)  [extra 10/50]
    fp=0.0225 tp=0.0204  [0.1s]
   nu  = 3.0000
  rho=60.99549 (31/31)  [extra 11/50]
    fp=0.0280 tp=0.0408  [0.1s]
   nu  = 3.0000
  rho=54.03388 (32/32)  [extra 12/50]
    fp=0.0344 tp=0.0408  [0.1s]
   nu  = 3.0000
  rho=47.86682 (33/33)  [extra 13/50]
    fp=0.0398 tp=0.0510  [0.1s]
   nu  = 3.0000
  rho=42.40363 (34/34)  [extra 14/50]
    fp=0.0453 tp=0.0612  [0.2s]
   nu  = 3.0000
  rho=37.56396 (35/35)  [extra 15/50]
    fp=0.0542 tp=0.0816  [0.2s]
   nu  = 3.0000
  rho=33.27667 (36/36)  [extra 16/50]
    fp=0.0598 tp=0.1020  [0.2s]
   nu  = 3.0000
  rho=29.47870 (37/37)  [extra 17/50]
    fp=0.0674 tp=0.1020  [0.2s]
   nu  = 3.0000
  rho=26.11420 (38/38)  [extra 18/50]
    fp=0.0773 tp=0.1020  [0.1s]
   nu  = 3.0000
  rho=23.13370 (39/39)  [extra 19/50]
    fp=0.0874 tp=0.1224  [0.2s]
   nu  = 3.0000
  rho=20.49338 (40/40)  [extra 20/50]
    fp=0.0989 tp=0.1327  [0.2s]
   nu  = 3.0000
  rho=18.15440 (41/41)  [extra 21/50]
    fp=0.1119 tp=0.1327  [0.2s]
   nu  = 3.0000
  rho=16.08238 (42/42)  [extra 22/50]
    fp=0.1241 tp=0.1327  [0.2s]
   nu  = 3.0000
  rho=14.24685 (43/43)  [extra 23/50]
    fp=0.1371 tp=0.1531  [0.3s]
   nu  = 3.0000
  rho=12.62081 (44/44)  [extra 24/50]
    fp=0.1521 tp=0.1735  [0.2s]
   nu  = 3.0000
  rho=11.18036 (45/45)  [extra 25/50]
    fp=0.1682 tp=0.2041  [0.2s]
   nu  = 3.0000
  rho=9.90431 (46/46)  [extra 26/50]
    fp=0.1878 tp=0.2245  [0.3s]
   nu  = 3.0000
  rho=8.77390 (47/47)  [extra 27/50]
    fp=0.2055 tp=0.2653  [0.3s]
   nu  = 3.0000
  rho=7.77250 (48/48)  [extra 28/50]
    fp=0.2246 tp=0.2959  [0.3s]
   nu  = 3.0000
  rho=6.88540 (49/49)  [extra 29/50]
    fp=0.2467 tp=0.3163  [0.4s]
   nu  = 3.0000
  rho=6.09955 (50/50)  [extra 30/50]
    fp=0.2671 tp=0.3265  [0.4s]
   nu  = 3.0000
  rho=5.40339 (51/51)  [extra 31/50]
    fp=0.2877 tp=0.3878  [0.5s]
   nu  = 3.0000
  rho=4.78668 (52/52)  [extra 32/50]
    fp=0.3124 tp=0.4898  [0.5s]
   nu  = 3.0000
  FPR 0.3124 >= fp_end=0.3; stopping after 52 fits
  grid extended by 32 points down to rho=4.78668, ending at FPR 0.3124
  pilot fit of run_tstar_varlasso at rho=0.30349
  -> rho_max = max|S_ij| (off-diag) = 0.88309
  rho grid: [0.88308721 0.78229763 0.69301149 0.61391587 0.54384768 0.4817766
 0.42678989 0.37807899 0.33492762 0.29670126 0.26283779 0.23283927
 0.20626458 0.18272294 0.16186818 0.14339365 0.12702767 0.11252959
 0.09968623 0.08830872]
Running run_tstar_varlasso over 20 rho values, extending until FPR >= 0.3...
  rho=0.88309 (1/20)
    fp=0.0010 tp=0.0000  [0.2s]
   nu  = 3.0000
  rho=0.78230 (2/20)
    fp=0.0019 tp=0.0000  [0.1s]
   nu  = 3.0000
  rho=0.69301 (3/20)
    fp=0.0031 tp=0.0102  [0.1s]
   nu  = 3.0000
  rho=0.61392 (4/20)
    fp=0.0047 tp=0.0102  [0.1s]
   nu  = 3.0000
  rho=0.54385 (5/20)
    fp=0.0082 tp=0.0306  [0.1s]
   nu  = 3.0000
  rho=0.48178 (6/20)
    fp=0.0122 tp=0.0510  [0.1s]
   nu  = 3.0000
  rho=0.42679 (7/20)
    fp=0.0188 tp=0.0510  [0.1s]
   nu  = 3.0000
  rho=0.37808 (8/20)
    fp=0.0266 tp=0.0714  [0.1s]
   nu  = 3.0000
  rho=0.33493 (9/20)
    fp=0.0367 tp=0.0918  [0.1s]
   nu  = 3.0000
  rho=0.29670 (10/20)
    fp=0.0501 tp=0.1531  [0.1s]
   nu  = 3.0000
  rho=0.26284 (11/20)
    fp=0.0672 tp=0.2041  [0.1s]
   nu  = 3.0000
  rho=0.23284 (12/20)
    fp=0.0843 tp=0.2449  [0.1s]
   nu  = 3.0000
  rho=0.20626 (13/20)
    fp=0.1041 tp=0.2653  [0.1s]
   nu  = 3.0000
  rho=0.18272 (14/20)
    fp=0.1237 tp=0.2959  [0.1s]
   nu  = 3.0000
  rho=0.16187 (15/20)
    fp=0.1432 tp=0.3265  [0.1s]
   nu  = 3.0000
  rho=0.14339 (16/20)
    fp=0.1653 tp=0.3469  [0.1s]
   nu  = 3.0000
  rho=0.12703 (17/20)
    fp=0.1882 tp=0.3776  [0.1s]
   nu  = 3.0000
  rho=0.11253 (18/20)
    fp=0.2110 tp=0.3878  [0.2s]
   nu  = 3.0000
  rho=0.09969 (19/20)
    fp=0.2387 tp=0.4388  [0.2s]
   nu  = 3.0000
  rho=0.08831 (20/20)
    fp=0.2667 tp=0.4592  [0.2s]
   nu  = 3.0000
  rho=0.07823 (21/21)  [extra 1/50]
    fp=0.2912 tp=0.4694  [0.2s]
   nu  = 3.0000
  rho=0.06930 (22/22)  [extra 2/50]
    fp=0.3145 tp=0.4796  [0.3s]
   nu  = 3.0000
  FPR 0.3145 >= fp_end=0.3; stopping after 22 fits
  grid extended by 2 points down to rho=0.06930, ending at FPR 0.3145
  pilot fit of run_em_diagonal at rho=0.30349
  -> rho_max = max|S_ij| (off-diag) = 0.70426
  rho grid: [0.70426464 0.62388465 0.55267869 0.4895997  0.43372012 0.38421825
 0.34036619 0.3015191  0.26710576 0.23662012 0.20961391 0.18569
 0.1644966  0.14572208 0.12909035 0.11435685 0.10130494 0.08974268
 0.07950006 0.07042646]
Running run_em_diagonal over 20 rho values, extending until FPR >= 0.3...
  rho=0.70426 (1/20)
    fp=0.0000 tp=0.0102  [10.7s]
   median nu  = 0.256
   median |eta| = 1.742
  rho=0.62388 (2/20)
    fp=0.0002 tp=0.0204  [10.2s]
   median nu  = 0.288
   median |eta| = 1.663
  rho=0.55268 (3/20)
    fp=0.0002 tp=0.0306  [10.4s]
   median nu  = 0.318
   median |eta| = 1.66
  rho=0.48960 (4/20)
    fp=0.0008 tp=0.0408  [10.4s]
   median nu  = 0.345
   median |eta| = 1.597
  rho=0.43372 (5/20)
    fp=0.0014 tp=0.0510  [10.3s]
   median nu  = 0.377
   median |eta| = 1.529
  rho=0.38422 (6/20)
    fp=0.0029 tp=0.0612  [10.2s]
   median nu  = 0.408
   median |eta| = 1.472
  rho=0.34037 (7/20)
    fp=0.0072 tp=0.0918  [10.3s]
   median nu  = 0.427
   median |eta| = 1.426
  rho=0.30152 (8/20)
    fp=0.0122 tp=0.1020  [10.2s]
   median nu  = 0.443
   median |eta| = 1.35
  rho=0.26711 (9/20)
    fp=0.0198 tp=0.1327  [10.3s]
   median nu  = 0.471
   median |eta| = 1.239
  rho=0.23662 (10/20)
    fp=0.0260 tp=0.1939  [10.3s]
   median nu  = 0.511
   median |eta| = 1.139
  rho=0.20961 (11/20)
    fp=0.0348 tp=0.2041  [10.4s]
   median nu  = 0.573
   median |eta| = 1.073
  rho=0.18569 (12/20)
    fp=0.0505 tp=0.2245  [10.4s]
   median nu  = 0.583
   median |eta| = 1.108
  rho=0.16450 (13/20)
    fp=0.0647 tp=0.2959  [10.6s]
   median nu  = 0.621
   median |eta| = 1.164
  rho=0.14572 (14/20)
    fp=0.0785 tp=0.3469  [10.5s]
   median nu  = 0.644
   median |eta| = 1.204
  rho=0.12909 (15/20)
    fp=0.0948 tp=0.3673  [10.6s]
   median nu  = 0.674
   median |eta| = 1.162
  rho=0.11436 (16/20)
    fp=0.1113 tp=0.4082  [10.8s]
   median nu  = 0.723
   median |eta| = 1.054
  rho=0.10130 (17/20)
    fp=0.1296 tp=0.4286  [11.0s]
   median nu  = 0.717
   median |eta| = 1.008
  rho=0.08974 (18/20)
    fp=0.1500 tp=0.4796  [10.9s]
   median nu  = 0.727
   median |eta| = 0.968
  rho=0.07950 (19/20)
    fp=0.1653 tp=0.5306  [11.1s]
   median nu  = 0.766
   median |eta| = 0.953
  rho=0.07043 (20/20)
    fp=0.1826 tp=0.5510  [10.7s]
   median nu  = 0.784
   median |eta| = 0.974
  rho=0.06239 (21/21)  [extra 1/50]
    fp=0.2003 tp=0.5510  [10.7s]
   median nu  = 0.845
   median |eta| = 0.929
  rho=0.05527 (22/22)  [extra 2/50]
    fp=0.2191 tp=0.5612  [11.1s]
   median nu  = 0.859
   median |eta| = 0.878
  rho=0.04896 (23/23)  [extra 3/50]
    fp=0.2341 tp=0.5714  [10.9s]
   median nu  = 0.88
   median |eta| = 0.794
  rho=0.04337 (24/24)  [extra 4/50]
    fp=0.2465 tp=0.5714  [11.0s]
   median nu  = 0.878
   median |eta| = 0.806
  rho=0.03842 (25/25)  [extra 5/50]
    fp=0.2632 tp=0.5918  [10.7s]
   median nu  = 0.884
   median |eta| = 0.855
  rho=0.03404 (26/26)  [extra 6/50]
    fp=0.2741 tp=0.5918  [10.7s]
   median nu  = 0.877
   median |eta| = 1.101
  rho=0.03015 (27/27)  [extra 7/50]
    fp=0.2902 tp=0.6224  [10.3s]
   median nu  = 0.926
   median |eta| = 0.941
  rho=0.02671 (28/28)  [extra 8/50]
    fp=0.3036 tp=0.6327  [10.5s]
   median nu  = 0.908
   median |eta| = 1.085
  FPR 0.3036 >= fp_end=0.3; stopping after 28 fits
  grid extended by 8 points down to rho=0.02671, ending at FPR 0.3036
  pilot fit of run_em_exact at rho=0.30349
  -> rho_max = max|S_ij| (off-diag) = 0.72796
  rho grid: [0.72795985 0.64487546 0.57127375 0.50607245 0.44831277 0.3971454
 0.35181792 0.31166381 0.27609262 0.24458128 0.21666644 0.1919376
 0.17003115 0.15062495 0.13343364 0.11820443 0.10471338 0.0927621
 0.08217487 0.07279599]
Running run_em_exact over 20 rho values, extending until FPR >= 0.3...
  rho=0.72796 (1/20)
    fp=0.0000 tp=0.0102  [10.6s]
   median nu  = 0.248
   median |eta| = 1.757
  rho=0.64488 (2/20)
    fp=0.0002 tp=0.0204  [10.3s]
   median nu  = 0.279
   median |eta| = 1.683
  rho=0.57127 (3/20)
    fp=0.0002 tp=0.0204  [10.4s]
   median nu  = 0.311
   median |eta| = 1.65
  rho=0.50607 (4/20)
    fp=0.0004 tp=0.0408  [10.5s]
   median nu  = 0.338
   median |eta| = 1.618
  rho=0.44831 (5/20)
    fp=0.0014 tp=0.0510  [10.6s]
   median nu  = 0.368
   median |eta| = 1.546
  rho=0.39715 (6/20)
    fp=0.0023 tp=0.0612  [10.6s]
   median nu  = 0.4
   median |eta| = 1.454
  rho=0.35182 (7/20)
    fp=0.0076 tp=0.0918  [10.6s]
   median nu  = 0.43
   median |eta| = 1.293
  rho=0.31166 (8/20)
    fp=0.0122 tp=0.1020  [10.6s]
   median nu  = 0.468
   median |eta| = 1.149
  rho=0.27609 (9/20)
    fp=0.0198 tp=0.1429  [10.3s]
   median nu  = 0.52
   median |eta| = 1.041
  rho=0.24458 (10/20)
    fp=0.0270 tp=0.1837  [10.1s]
   median nu  = 0.578
   median |eta| = 0.891
  rho=0.21667 (11/20)
    fp=0.0381 tp=0.2041  [10.1s]
   median nu  = 0.659
   median |eta| = 0.745
  rho=0.19194 (12/20)
    fp=0.0534 tp=0.2347  [9.7s]
   median nu  = 0.718
   median |eta| = 0.683
  rho=0.17003 (13/20)
    fp=0.0707 tp=0.3163  [9.4s]
   median nu  = 0.789
   median |eta| = 0.582
  rho=0.15062 (14/20)
    fp=0.0870 tp=0.3469  [9.0s]
   median nu  = 0.868
   median |eta| = 0.45
  rho=0.13343 (15/20)
    fp=0.1099 tp=0.4082  [8.9s]
   median nu  = 0.975
   median |eta| = 0.369
  rho=0.11820 (16/20)
    fp=0.1321 tp=0.4286  [9.4s]
   median nu  = 1.078
   median |eta| = 0.277
  rho=0.10471 (17/20)
    fp=0.1535 tp=0.4796  [9.2s]
   median nu  = 1.167
   median |eta| = 0.206
  rho=0.09276 (18/20)
    fp=0.1785 tp=0.5000  [9.0s]
   median nu  = 1.264
   median |eta| = 0.151
  rho=0.08217 (19/20)
    fp=0.2005 tp=0.5204  [8.9s]
   median nu  = 1.366
   median |eta| = 0.113
  rho=0.07280 (20/20)
    fp=0.2214 tp=0.5306  [8.9s]
   median nu  = 1.469
   median |eta| = 0.086
  rho=0.06449 (21/21)  [extra 1/50]
    fp=0.2415 tp=0.5510  [8.8s]
   median nu  = 1.575
   median |eta| = 0.065
  rho=0.05713 (22/22)  [extra 2/50]
    fp=0.2622 tp=0.5714  [8.8s]
   median nu  = 1.685
   median |eta| = 0.048
  rho=0.05061 (23/23)  [extra 3/50]
    fp=0.2838 tp=0.5816  [8.7s]
   median nu  = 1.799
   median |eta| = 0.037
  rho=0.04483 (24/24)  [extra 4/50]
    fp=0.2995 tp=0.5816  [8.8s]
   median nu  = 1.925
   median |eta| = 0.028
  rho=0.03971 (25/25)  [extra 5/50]
    fp=0.3170 tp=0.5816  [8.6s]
   median nu  = 2.055
   median |eta| = 0.022
  FPR 0.3170 >= fp_end=0.3; stopping after 25 fits
  grid extended by 5 points down to rho=0.03971, ending at FPR 0.3170
  graphical_lasso rho_max = max|S_ij| (off-diag) = 136.59909
  rho grid: [136.59909268 121.00859981 107.19749993  94.9627052   84.12430686
  74.52292972  66.01738856  58.48261211  51.80780389  45.89481295
  40.65669064  36.01641205  31.90574334  28.26423845  25.0383502
  22.18064293  19.64909496  17.40648069  15.41982318  13.65990927]
Running graphical_lasso over 20 rho values, extending until FPR >= 0.3...
  rho=136.59909 (1/20)
    fp=0.0000 tp=0.0000  [0.0s]
  rho=121.00860 (2/20)
    fp=0.0002 tp=0.0000  [0.0s]
  rho=107.19750 (3/20)
    fp=0.0002 tp=0.0000  [0.0s]
  rho=94.96271 (4/20)
    fp=0.0002 tp=0.0000  [8.9s]
  rho=84.12431 (5/20)
    fp=0.0002 tp=0.0000  [0.0s]
  rho=74.52293 (6/20)
    fp=0.0002 tp=0.0000  [0.0s]
  rho=66.01739 (7/20)
    fp=0.0002 tp=0.0000  [0.0s]
  rho=58.48261 (8/20)
    fp=0.0004 tp=0.0000  [0.0s]
  rho=51.80780 (9/20)
    fp=0.0004 tp=0.0000  [0.0s]
  rho=45.89481 (10/20)
    fp=0.0004 tp=0.0000  [0.0s]
  rho=40.65669 (11/20)
    fp=0.0004 tp=0.0000  [0.0s]
  rho=36.01641 (12/20)
    fp=0.0004 tp=0.0000  [0.0s]
  rho=31.90574 (13/20)
    fp=0.0006 tp=0.0000  [0.0s]
  rho=28.26424 (14/20)
    fp=0.0008 tp=0.0000  [0.0s]
  rho=25.03835 (15/20)
    fp=0.0010 tp=0.0000  [8.8s]
  rho=22.18064 (16/20)
    fp=0.0012 tp=0.0000  [0.0s]
  rho=19.64909 (17/20)
    fp=0.0014 tp=0.0000  [8.8s]
  rho=17.40648 (18/20)
    fp=0.0016 tp=0.0000  [0.0s]
  rho=15.41982 (19/20)
    fp=0.0023 tp=0.0000  [0.0s]
  rho=13.65991 (20/20)
    fp=0.0027 tp=0.0000  [8.9s]
  rho=12.10086 (21/21)  [extra 1/50]
    fp=0.0035 tp=0.0000  [8.9s]
  rho=10.71975 (22/22)  [extra 2/50]
    fp=0.0052 tp=0.0000  [8.9s]
  rho=9.49627 (23/23)  [extra 3/50]
    fp=0.0070 tp=0.0000  [9.1s]
  rho=8.41243 (24/24)  [extra 4/50]
    fp=0.0082 tp=0.0000  [0.0s]
  rho=7.45229 (25/25)  [extra 5/50]
    fp=0.0103 tp=0.0204  [0.2s]
  rho=6.60174 (26/26)  [extra 6/50]
    fp=0.0132 tp=0.0204  [0.2s]
  rho=5.84826 (27/27)  [extra 7/50]
    fp=0.0163 tp=0.0204  [0.0s]
  rho=5.18078 (28/28)  [extra 8/50]
    fp=0.0198 tp=0.0204  [0.0s]
  rho=4.58948 (29/29)  [extra 9/50]
    fp=0.0231 tp=0.0408  [0.2s]
  rho=4.06567 (30/30)  [extra 10/50]
    fp=0.0282 tp=0.0510  [0.0s]
  rho=3.60164 (31/31)  [extra 11/50]
    fp=0.0330 tp=0.0510  [0.3s]
  rho=3.19057 (32/32)  [extra 12/50]
    fp=0.0385 tp=0.0612  [0.1s]
  rho=2.82642 (33/33)  [extra 13/50]
    fp=0.0462 tp=0.0612  [0.1s]
  rho=2.50384 (34/34)  [extra 14/50]
    fp=0.0542 tp=0.0714  [0.1s]
  rho=2.21806 (35/35)  [extra 15/50]
    fp=0.0627 tp=0.0918  [0.2s]
  rho=1.96491 (36/36)  [extra 16/50]
    fp=0.0717 tp=0.1020  [0.2s]
  rho=1.74065 (37/37)  [extra 17/50]
    fp=0.0837 tp=0.1020  [0.1s]
  rho=1.54198 (38/38)  [extra 18/50]
    fp=0.0944 tp=0.1224  [0.0s]
  rho=1.36599 (39/39)  [extra 19/50]
    fp=0.1082 tp=0.1327  [0.2s]
  rho=1.21009 (40/40)  [extra 20/50]
    fp=0.1218 tp=0.1429  [1.5s]
  rho=1.07197 (41/41)  [extra 21/50]
    fp=0.1393 tp=0.1633  [0.2s]
  rho=0.94963 (42/42)  [extra 22/50]
    fp=0.1550 tp=0.1735  [1.2s]
  rho=0.84124 (43/43)  [extra 23/50]
    fp=0.1756 tp=0.2041  [1.1s]
  rho=0.74523 (44/44)  [extra 24/50]
    fp=0.1952 tp=0.2143  [0.2s]
  rho=0.66017 (45/45)  [extra 25/50]
    fp=0.2174 tp=0.2551  [0.5s]
  rho=0.58483 (46/46)  [extra 26/50]
    fp=0.2374 tp=0.2857  [0.3s]
  rho=0.51808 (47/47)  [extra 27/50]
    fp=0.2578 tp=0.3163  [0.1s]
  rho=0.45895 (48/48)  [extra 28/50]
    fp=0.2782 tp=0.3980  [0.3s]
  rho=0.40657 (49/49)  [extra 29/50]
    fp=0.3013 tp=0.4388  [0.1s]
  FPR 0.3013 >= fp_end=0.3; stopping after 49 fits
  [note] 7/49 fits hit a glasso ConvergenceWarning (suppressed)
  grid extended by 29 points down to rho=0.40657, ending at FPR 0.3013
  [warn] mean_roc averages out to FPR 0.300 but the shortest replicate only reached 0.008; its TPR is held flat above that
  [warn] mean_roc averages out to FPR 0.300 but the shortest replicate only reached 0.017; its TPR is held flat above that

(p=100, n=50) over 40 replicates
  t+lasso  (run_em_diagonal):    AUC = 0.134 (SE 0.002)
  ~t+lasso (run_em_exact):       AUC = 0.128 (SE 0.002)
  tlasso   (run_tlasso):         AUC = 0.046 (SE 0.002)
  t*lasso  (run_tstar_varlasso): AUC = 0.107 (SE 0.002)
  glasso   (graphical_lasso):    AUC = 0.046 (SE 0.002)
Replicate 41/50
  Theta: 105/4950 edges
  pilot fit of run_tlasso at rho=30.34854
  -> rho_max = max|S_ij| (off-diag) = 1566.53341
  rho grid: [1566.53340666 1387.73992103 1229.35270977 1089.04273928  964.74679607
  854.63714779  757.09466708  670.68502276  594.13758849  526.32675858
  466.25539633  413.04017146  365.898571    324.13739271  287.14255173
  254.37005069  225.33798038  199.61943344  176.8362268   156.65334067]
Running run_tlasso over 20 rho values, extending until FPR >= 0.3...
  rho=1566.53341 (1/20)
    fp=0.0002 tp=0.0000  [0.2s]
   nu  = 3.0000
  rho=1387.73992 (2/20)
    fp=0.0002 tp=0.0000  [0.1s]
   nu  = 3.0000
  rho=1229.35271 (3/20)
    fp=0.0004 tp=0.0000  [0.1s]
   nu  = 3.0000
  rho=1089.04274 (4/20)
    fp=0.0008 tp=0.0000  [0.1s]
   nu  = 3.0000
  rho=964.74680 (5/20)
    fp=0.0012 tp=0.0000  [0.1s]
   nu  = 3.0000
  rho=854.63715 (6/20)
    fp=0.0012 tp=0.0000  [0.1s]
   nu  = 3.0000
  rho=757.09467 (7/20)
    fp=0.0014 tp=0.0000  [0.1s]
   nu  = 3.0000
  rho=670.68502 (8/20)
    fp=0.0014 tp=0.0000  [0.1s]
   nu  = 3.0000
  rho=594.13759 (9/20)
    fp=0.0017 tp=0.0000  [0.1s]
   nu  = 3.0000
  rho=526.32676 (10/20)
    fp=0.0019 tp=0.0000  [0.1s]
   nu  = 3.0000
  rho=466.25540 (11/20)
    fp=0.0019 tp=0.0000  [0.1s]
   nu  = 3.0000
  rho=413.04017 (12/20)
    fp=0.0025 tp=0.0000  [0.1s]
   nu  = 3.0000
  rho=365.89857 (13/20)
    fp=0.0031 tp=0.0000  [0.1s]
   nu  = 3.0000
  rho=324.13739 (14/20)
    fp=0.0037 tp=0.0000  [0.1s]
   nu  = 3.0000
  rho=287.14255 (15/20)
    fp=0.0058 tp=0.0000  [0.1s]
   nu  = 3.0000
  rho=254.37005 (16/20)
    fp=0.0064 tp=0.0095  [0.1s]
   nu  = 3.0000
  rho=225.33798 (17/20)
    fp=0.0078 tp=0.0095  [0.1s]
   nu  = 3.0000
  rho=199.61943 (18/20)
    fp=0.0091 tp=0.0190  [0.1s]
   nu  = 3.0000
  rho=176.83623 (19/20)
    fp=0.0114 tp=0.0190  [0.1s]
   nu  = 3.0000
  rho=156.65334 (20/20)
    fp=0.0134 tp=0.0190  [0.1s]
   nu  = 3.0000
  rho=138.77399 (21/21)  [extra 1/50]
    fp=0.0155 tp=0.0190  [0.1s]
   nu  = 3.0000
  rho=122.93527 (22/22)  [extra 2/50]
    fp=0.0188 tp=0.0190  [0.1s]
   nu  = 3.0000
  rho=108.90427 (23/23)  [extra 3/50]
    fp=0.0217 tp=0.0190  [0.1s]
   nu  = 3.0000
  rho=96.47468 (24/24)  [extra 4/50]
    fp=0.0250 tp=0.0190  [0.1s]
   nu  = 3.0000
  rho=85.46371 (25/25)  [extra 5/50]
    fp=0.0308 tp=0.0190  [0.2s]
   nu  = 3.0000
  rho=75.70947 (26/26)  [extra 6/50]
    fp=0.0363 tp=0.0190  [0.1s]
   nu  = 3.0000
  rho=67.06850 (27/27)  [extra 7/50]
    fp=0.0407 tp=0.0190  [0.1s]
   nu  = 3.0000
  rho=59.41376 (28/28)  [extra 8/50]
    fp=0.0462 tp=0.0190  [0.1s]
   nu  = 3.0000
  rho=52.63268 (29/29)  [extra 9/50]
    fp=0.0508 tp=0.0190  [0.1s]
   nu  = 3.0000
  rho=46.62554 (30/30)  [extra 10/50]
    fp=0.0603 tp=0.0286  [0.1s]
   nu  = 3.0000
  rho=41.30402 (31/31)  [extra 11/50]
    fp=0.0665 tp=0.0381  [0.1s]
   nu  = 3.0000
  rho=36.58986 (32/32)  [extra 12/50]
    fp=0.0743 tp=0.0476  [0.1s]
   nu  = 3.0000
  rho=32.41374 (33/33)  [extra 13/50]
    fp=0.0819 tp=0.0476  [0.1s]
   nu  = 3.0000
  rho=28.71426 (34/34)  [extra 14/50]
    fp=0.0898 tp=0.0667  [0.1s]
   nu  = 3.0000
  rho=25.43701 (35/35)  [extra 15/50]
    fp=0.0987 tp=0.0667  [0.2s]
   nu  = 3.0000
  rho=22.53380 (36/36)  [extra 16/50]
    fp=0.1077 tp=0.0667  [0.2s]
   nu  = 3.0000
  rho=19.96194 (37/37)  [extra 17/50]
    fp=0.1205 tp=0.0667  [0.2s]
   nu  = 3.0000
  rho=17.68362 (38/38)  [extra 18/50]
    fp=0.1325 tp=0.0762  [0.2s]
   nu  = 3.0000
  rho=15.66533 (39/39)  [extra 19/50]
    fp=0.1445 tp=0.0952  [0.2s]
   nu  = 3.0000
  rho=13.87740 (40/40)  [extra 20/50]
    fp=0.1587 tp=0.1048  [0.3s]
   nu  = 3.0000
  rho=12.29353 (41/41)  [extra 21/50]
    fp=0.1736 tp=0.1333  [0.2s]
   nu  = 3.0000
  rho=10.89043 (42/42)  [extra 22/50]
    fp=0.1909 tp=0.1333  [0.2s]
   nu  = 3.0000
  rho=9.64747 (43/43)  [extra 23/50]
    fp=0.2087 tp=0.1333  [0.3s]
   nu  = 3.0000
  rho=8.54637 (44/44)  [extra 24/50]
    fp=0.2279 tp=0.1714  [0.3s]
   nu  = 3.0000
  rho=7.57095 (45/45)  [extra 25/50]
    fp=0.2473 tp=0.1905  [0.3s]
   nu  = 3.0000
  rho=6.70685 (46/46)  [extra 26/50]
    fp=0.2675 tp=0.2095  [0.3s]
   nu  = 3.0000
  rho=5.94138 (47/47)  [extra 27/50]
    fp=0.2892 tp=0.2095  [0.3s]
   nu  = 3.0000
  rho=5.26327 (48/48)  [extra 28/50]
    fp=0.3079 tp=0.2286  [0.4s]
   nu  = 3.0000
  FPR 0.3079 >= fp_end=0.3; stopping after 48 fits
  grid extended by 28 points down to rho=5.26327, ending at FPR 0.3079
  pilot fit of run_tstar_varlasso at rho=0.30349
  -> rho_max = max|S_ij| (off-diag) = 0.82529
  rho grid: [0.82529233 0.73109906 0.64765638 0.57373728 0.5082548  0.45024605
 0.39885802 0.35333508 0.31300781 0.27728322 0.245636   0.21760078
 0.1927653  0.17076438 0.15127449 0.13400905 0.11871417 0.10516494
 0.09316212 0.08252923]
Running run_tstar_varlasso over 20 rho values, extending until FPR >= 0.3...
  rho=0.82529 (1/20)
    fp=0.0017 tp=0.0000  [0.2s]
   nu  = 3.0000
  rho=0.73110 (2/20)
    fp=0.0029 tp=0.0000  [0.1s]
   nu  = 3.0000
  rho=0.64766 (3/20)
    fp=0.0056 tp=0.0000  [0.1s]
   nu  = 3.0000
  rho=0.57374 (4/20)
    fp=0.0068 tp=0.0095  [0.1s]
   nu  = 3.0000
  rho=0.50825 (5/20)
    fp=0.0085 tp=0.0286  [0.1s]
   nu  = 3.0000
  rho=0.45025 (6/20)
    fp=0.0122 tp=0.0286  [0.1s]
   nu  = 3.0000
  rho=0.39886 (7/20)
    fp=0.0190 tp=0.0476  [0.1s]
   nu  = 3.0000
  rho=0.35334 (8/20)
    fp=0.0266 tp=0.0667  [0.1s]
   nu  = 3.0000
  rho=0.31301 (9/20)
    fp=0.0402 tp=0.0857  [0.1s]
   nu  = 3.0000
  rho=0.27728 (10/20)
    fp=0.0516 tp=0.1143  [0.1s]
   nu  = 3.0000
  rho=0.24564 (11/20)
    fp=0.0654 tp=0.1619  [0.1s]
   nu  = 3.0000
  rho=0.21760 (12/20)
    fp=0.0834 tp=0.2381  [0.2s]
   nu  = 3.0000
  rho=0.19277 (13/20)
    fp=0.1077 tp=0.2952  [0.2s]
   nu  = 3.0000
  rho=0.17076 (14/20)
    fp=0.1304 tp=0.3238  [0.2s]
   nu  = 3.0000
  rho=0.15127 (15/20)
    fp=0.1560 tp=0.3905  [0.2s]
   nu  = 3.0000
  rho=0.13401 (16/20)
    fp=0.1783 tp=0.4381  [0.2s]
   nu  = 3.0000
  rho=0.11871 (17/20)
    fp=0.2050 tp=0.4762  [0.1s]
   nu  = 3.0000
  rho=0.10516 (18/20)
    fp=0.2347 tp=0.5333  [0.2s]
   nu  = 3.0000
  rho=0.09316 (19/20)
    fp=0.2603 tp=0.5810  [0.2s]
   nu  = 3.0000
  rho=0.08253 (20/20)
    fp=0.2857 tp=0.6095  [0.2s]
   nu  = 3.0000
  rho=0.07311 (21/21)  [extra 1/50]
    fp=0.3090 tp=0.6286  [0.2s]
   nu  = 3.0000
  FPR 0.3090 >= fp_end=0.3; stopping after 21 fits
  grid extended by 1 points down to rho=0.07311, ending at FPR 0.3090
  pilot fit of run_em_diagonal at rho=0.30349
  -> rho_max = max|S_ij| (off-diag) = 0.51578
  rho grid: [0.51578141 0.45691362 0.40476461 0.35856752 0.31764306 0.28138944
 0.24927356 0.22082317 0.19561991 0.17329318 0.15351468 0.13599355
 0.12047217 0.1067223  0.09454174 0.08375139 0.07419257 0.06572474
 0.05822336 0.05157814]
Running run_em_diagonal over 20 rho values, extending until FPR >= 0.3...
  rho=0.51578 (1/20)
    fp=0.0004 tp=0.0000  [10.4s]
   median nu  = 0.602
   median |eta| = 1.08
  rho=0.45691 (2/20)
    fp=0.0010 tp=0.0000  [10.8s]
   median nu  = 0.624
   median |eta| = 1.058
  rho=0.40476 (3/20)
    fp=0.0017 tp=0.0000  [10.4s]
   median nu  = 0.644
   median |eta| = 1.045
  rho=0.35857 (4/20)
    fp=0.0029 tp=0.0190  [10.7s]
   median nu  = 0.666
   median |eta| = 1.018
  rho=0.31764 (5/20)
    fp=0.0056 tp=0.0476  [10.4s]
   median nu  = 0.687
   median |eta| = 1.014
  rho=0.28139 (6/20)
    fp=0.0099 tp=0.0571  [10.5s]
   median nu  = 0.707
   median |eta| = 1.021
  rho=0.24927 (7/20)
    fp=0.0165 tp=0.0667  [10.5s]
   median nu  = 0.727
   median |eta| = 0.998
  rho=0.22082 (8/20)
    fp=0.0250 tp=0.1238  [10.5s]
   median nu  = 0.748
   median |eta| = 0.997
  rho=0.19562 (9/20)
    fp=0.0349 tp=0.1429  [10.5s]
   median nu  = 0.77
   median |eta| = 0.953
  rho=0.17329 (10/20)
    fp=0.0475 tp=0.1905  [10.5s]
   median nu  = 0.794
   median |eta| = 0.955
  rho=0.15351 (11/20)
    fp=0.0652 tp=0.2571  [10.5s]
   median nu  = 0.823
   median |eta| = 0.961
  rho=0.13599 (12/20)
    fp=0.0819 tp=0.3143  [10.5s]
   median nu  = 0.832
   median |eta| = 0.963
  rho=0.12047 (13/20)
    fp=0.0993 tp=0.3524  [10.7s]
   median nu  = 0.859
   median |eta| = 0.975
  rho=0.10672 (14/20)
    fp=0.1189 tp=0.4000  [10.7s]
   median nu  = 0.868
   median |eta| = 0.951
  rho=0.09454 (15/20)
    fp=0.1404 tp=0.4571  [10.7s]
   median nu  = 0.868
   median |eta| = 0.976
  rho=0.08375 (16/20)
    fp=0.1593 tp=0.4857  [10.7s]
   median nu  = 0.87
   median |eta| = 0.955
  rho=0.07419 (17/20)
    fp=0.1808 tp=0.5143  [11.4s]
   median nu  = 0.87
   median |eta| = 0.905
  rho=0.06572 (18/20)
    fp=0.1975 tp=0.5333  [11.3s]
   median nu  = 0.869
   median |eta| = 0.865
  rho=0.05822 (19/20)
    fp=0.2140 tp=0.5619  [11.5s]
   median nu  = 0.872
   median |eta| = 0.863
  rho=0.05158 (20/20)
    fp=0.2324 tp=0.5905  [11.2s]
   median nu  = 0.923
   median |eta| = 0.893
  rho=0.04569 (21/21)  [extra 1/50]
    fp=0.2469 tp=0.6000  [11.2s]
   median nu  = 0.942
   median |eta| = 0.872
  rho=0.04048 (22/22)  [extra 2/50]
    fp=0.2642 tp=0.6095  [10.4s]
   median nu  = 0.951
   median |eta| = 0.877
  rho=0.03586 (23/23)  [extra 3/50]
    fp=0.2755 tp=0.6286  [10.1s]
   median nu  = 0.925
   median |eta| = 0.98
  rho=0.03176 (24/24)  [extra 4/50]
    fp=0.2914 tp=0.6381  [10.0s]
   median nu  = 0.919
   median |eta| = 1.003
  rho=0.02814 (25/25)  [extra 5/50]
    fp=0.3057 tp=0.6286  [10.4s]
   median nu  = 0.907
   median |eta| = 1.069
  FPR 0.3057 >= fp_end=0.3; stopping after 25 fits
  grid extended by 5 points down to rho=0.02814, ending at FPR 0.3057
  pilot fit of run_em_exact at rho=0.30349
  -> rho_max = max|S_ij| (off-diag) = 0.51714
  rho grid: [0.51714183 0.45811877 0.40583221 0.35951327 0.31848087 0.28213163
 0.24993104 0.22140561 0.19613587 0.17375026 0.15391958 0.13635225
 0.12078993 0.10700379 0.0947911  0.08397229 0.07438826 0.06589809
 0.05837693 0.05171418]
Running run_em_exact over 20 rho values, extending until FPR >= 0.3...
  rho=0.51714 (1/20)
    fp=0.0004 tp=0.0000  [10.3s]
   median nu  = 0.601
   median |eta| = 1.081
  rho=0.45812 (2/20)
    fp=0.0010 tp=0.0000  [10.5s]
   median nu  = 0.623
   median |eta| = 1.058
  rho=0.40583 (3/20)
    fp=0.0017 tp=0.0000  [10.6s]
   median nu  = 0.644
   median |eta| = 1.046
  rho=0.35951 (4/20)
    fp=0.0027 tp=0.0190  [10.7s]
   median nu  = 0.669
   median |eta| = 0.999
  rho=0.31848 (5/20)
    fp=0.0058 tp=0.0381  [10.7s]
   median nu  = 0.693
   median |eta| = 1.0
  rho=0.28213 (6/20)
    fp=0.0103 tp=0.0571  [10.7s]
   median nu  = 0.722
   median |eta| = 0.944
  rho=0.24993 (7/20)
    fp=0.0173 tp=0.0667  [10.7s]
   median nu  = 0.759
   median |eta| = 0.852
  rho=0.22141 (8/20)
    fp=0.0277 tp=0.1143  [10.7s]
   median nu  = 0.797
   median |eta| = 0.802
  rho=0.19614 (9/20)
    fp=0.0402 tp=0.1619  [10.5s]
   median nu  = 0.814
   median |eta| = 0.682
  rho=0.17375 (10/20)
    fp=0.0578 tp=0.2286  [10.4s]
   median nu  = 0.872
   median |eta| = 0.591
  rho=0.15392 (11/20)
    fp=0.0834 tp=0.2667  [10.2s]
   median nu  = 0.944
   median |eta| = 0.498
  rho=0.13635 (12/20)
    fp=0.1049 tp=0.3619  [9.8s]
   median nu  = 1.025
   median |eta| = 0.391
  rho=0.12079 (13/20)
    fp=0.1300 tp=0.4381  [9.6s]
   median nu  = 1.112
   median |eta| = 0.322
  rho=0.10700 (14/20)
    fp=0.1540 tp=0.4476  [9.8s]
   median nu  = 1.202
   median |eta| = 0.245
  rho=0.09479 (15/20)
    fp=0.1841 tp=0.4762  [9.8s]
   median nu  = 1.294
   median |eta| = 0.185
  rho=0.08397 (16/20)
    fp=0.2068 tp=0.5143  [9.6s]
   median nu  = 1.387
   median |eta| = 0.122
  rho=0.07439 (17/20)
    fp=0.2289 tp=0.5333  [9.3s]
   median nu  = 1.463
   median |eta| = 0.087
  rho=0.06590 (18/20)
    fp=0.2506 tp=0.5429  [8.9s]
   median nu  = 1.566
   median |eta| = 0.074
  rho=0.05838 (19/20)
    fp=0.2724 tp=0.5810  [8.8s]
   median nu  = 1.692
   median |eta| = 0.056
  rho=0.05171 (20/20)
    fp=0.2908 tp=0.5810  [8.7s]
   median nu  = 1.802
   median |eta| = 0.045
  rho=0.04581 (21/21)  [extra 1/50]
    fp=0.3071 tp=0.5905  [7.9s]
   median nu  = 1.917
   median |eta| = 0.036
  FPR 0.3071 >= fp_end=0.3; stopping after 21 fits
  grid extended by 1 points down to rho=0.04581, ending at FPR 0.3071
  graphical_lasso rho_max = max|S_ij| (off-diag) = 104.84215
  rho grid: [104.84214746  92.87617667  82.27592053  72.88550565  64.56684896
  57.19762725  50.66947847  44.88640827  39.76337842  35.22505642
  31.20470767  27.64321423  24.48820547  21.69328798  19.2173634
  17.02402403  15.08101753  13.3597726   11.83497887  10.48421475]
Running graphical_lasso over 20 rho values, extending until FPR >= 0.3...
  rho=104.84215 (1/20)
    fp=0.0000 tp=0.0000  [0.0s]
  rho=92.87618 (2/20)
    fp=0.0002 tp=0.0000  [0.0s]
  rho=82.27592 (3/20)
    fp=0.0002 tp=0.0000  [8.7s]
  rho=72.88551 (4/20)
    fp=0.0004 tp=0.0000  [0.0s]
  rho=64.56685 (5/20)
    fp=0.0008 tp=0.0000  [0.0s]
  rho=57.19763 (6/20)
    fp=0.0010 tp=0.0000  [0.0s]
  rho=50.66948 (7/20)
    fp=0.0010 tp=0.0000  [8.6s]
  rho=44.88641 (8/20)
    fp=0.0010 tp=0.0000  [8.5s]
  rho=39.76338 (9/20)
    fp=0.0014 tp=0.0000  [8.5s]
  rho=35.22506 (10/20)
    fp=0.0017 tp=0.0000  [8.5s]
  rho=31.20471 (11/20)
    fp=0.0017 tp=0.0000  [8.5s]
  rho=27.64321 (12/20)
    fp=0.0023 tp=0.0000  [0.0s]
  rho=24.48821 (13/20)
    fp=0.0025 tp=0.0000  [0.0s]
  rho=21.69329 (14/20)
    fp=0.0025 tp=0.0000  [0.0s]
  rho=19.21736 (15/20)
    fp=0.0031 tp=0.0000  [0.0s]
  rho=17.02402 (16/20)
    fp=0.0047 tp=0.0000  [0.0s]
  rho=15.08102 (17/20)
    fp=0.0060 tp=0.0095  [8.6s]
  rho=13.35977 (18/20)
    fp=0.0080 tp=0.0095  [8.6s]
  rho=11.83498 (19/20)
    fp=0.0089 tp=0.0190  [0.0s]
  rho=10.48421 (20/20)
    fp=0.0107 tp=0.0190  [0.0s]
  rho=9.28762 (21/21)  [extra 1/50]
    fp=0.0136 tp=0.0190  [0.8s]
  rho=8.22759 (22/22)  [extra 2/50]
    fp=0.0151 tp=0.0190  [0.1s]
  rho=7.28855 (23/23)  [extra 3/50]
    fp=0.0200 tp=0.0190  [0.1s]
  rho=6.45668 (24/24)  [extra 4/50]
    fp=0.0213 tp=0.0190  [0.1s]
  rho=5.71976 (25/25)  [extra 5/50]
    fp=0.0268 tp=0.0190  [0.3s]
  rho=5.06695 (26/26)  [extra 6/50]
    fp=0.0310 tp=0.0190  [0.2s]
  rho=4.48864 (27/27)  [extra 7/50]
    fp=0.0365 tp=0.0190  [0.0s]
  rho=3.97634 (28/28)  [extra 8/50]
    fp=0.0440 tp=0.0190  [0.2s]
  rho=3.52251 (29/29)  [extra 9/50]
    fp=0.0493 tp=0.0190  [0.1s]
  rho=3.12047 (30/30)  [extra 10/50]
    fp=0.0557 tp=0.0286  [0.1s]
  rho=2.76432 (31/31)  [extra 11/50]
    fp=0.0636 tp=0.0286  [0.2s]
  rho=2.44882 (32/32)  [extra 12/50]
    fp=0.0731 tp=0.0476  [0.6s]
  rho=2.16933 (33/33)  [extra 13/50]
    fp=0.0815 tp=0.0571  [0.0s]
  rho=1.92174 (34/34)  [extra 14/50]
    fp=0.0906 tp=0.0667  [0.2s]
  rho=1.70240 (35/35)  [extra 15/50]
    fp=0.1022 tp=0.0667  [0.0s]
  rho=1.50810 (36/36)  [extra 16/50]
    fp=0.1150 tp=0.0667  [0.0s]
  rho=1.33598 (37/37)  [extra 17/50]
    fp=0.1290 tp=0.0762  [0.4s]
  rho=1.18350 (38/38)  [extra 18/50]
    fp=0.1408 tp=0.0762  [0.1s]
  rho=1.04842 (39/39)  [extra 19/50]
    fp=0.1606 tp=0.1048  [0.4s]
  rho=0.92876 (40/40)  [extra 20/50]
    fp=0.1769 tp=0.1238  [0.1s]
  rho=0.82276 (41/41)  [extra 21/50]
    fp=0.1963 tp=0.1333  [0.0s]
  rho=0.72886 (42/42)  [extra 22/50]
    fp=0.2153 tp=0.1429  [0.0s]
  rho=0.64567 (43/43)  [extra 23/50]
    fp=0.2365 tp=0.1714  [0.5s]
  rho=0.57198 (44/44)  [extra 24/50]
    fp=0.2574 tp=0.2095  [0.5s]
  rho=0.50669 (45/45)  [extra 25/50]
    fp=0.2753 tp=0.2190  [0.1s]
  rho=0.44886 (46/46)  [extra 26/50]
    fp=0.2980 tp=0.2381  [0.0s]
  rho=0.39763 (47/47)  [extra 27/50]
    fp=0.3183 tp=0.2667  [0.0s]
  FPR 0.3183 >= fp_end=0.3; stopping after 47 fits
  [note] 8/47 fits hit a glasso ConvergenceWarning (suppressed)
  grid extended by 27 points down to rho=0.39763, ending at FPR 0.3183
  [warn] mean_roc averages out to FPR 0.300 but the shortest replicate only reached 0.008; its TPR is held flat above that
  [warn] mean_roc averages out to FPR 0.300 but the shortest replicate only reached 0.017; its TPR is held flat above that

(p=100, n=50) over 41 replicates
  t+lasso  (run_em_diagonal):    AUC = 0.134 (SE 0.002)
  ~t+lasso (run_em_exact):       AUC = 0.127 (SE 0.002)
  tlasso   (run_tlasso):         AUC = 0.046 (SE 0.002)
  t*lasso  (run_tstar_varlasso): AUC = 0.107 (SE 0.002)
  glasso   (graphical_lasso):    AUC = 0.046 (SE 0.002)
Replicate 42/50
  Theta: 95/4950 edges
  pilot fit of run_tlasso at rho=30.34854
  -> rho_max = max|S_ij| (off-diag) = 1577.30921
  rho grid: [1577.30921452 1397.28585135 1237.80913242 1096.53400328  971.38305806
  860.5159919   762.30253984  675.29850429  598.22451857  529.94723421
  469.46265545  415.8813758   368.41549957  326.36705615  289.11773652
  256.1198013   226.88802634  200.99256768  178.05264083  157.73092145]
Running run_tlasso over 20 rho values, extending until FPR >= 0.3...
  rho=1577.30921 (1/20)
    fp=0.0002 tp=0.0000  [0.1s]
   nu  = 3.0000
  rho=1397.28585 (2/20)
    fp=0.0004 tp=0.0000  [0.1s]
   nu  = 3.0000
  rho=1237.80913 (3/20)
    fp=0.0004 tp=0.0000  [0.1s]
   nu  = 3.0000
  rho=1096.53400 (4/20)
    fp=0.0006 tp=0.0000  [0.1s]
   nu  = 3.0000
  rho=971.38306 (5/20)
    fp=0.0006 tp=0.0000  [0.1s]
   nu  = 3.0000
  rho=860.51599 (6/20)
    fp=0.0008 tp=0.0000  [0.1s]
   nu  = 3.0000
  rho=762.30254 (7/20)
    fp=0.0010 tp=0.0000  [0.1s]
   nu  = 3.0000
  rho=675.29850 (8/20)
    fp=0.0012 tp=0.0000  [0.1s]
   nu  = 3.0000
  rho=598.22452 (9/20)
    fp=0.0014 tp=0.0000  [0.1s]
   nu  = 3.0000
  rho=529.94723 (10/20)
    fp=0.0014 tp=0.0000  [0.1s]
   nu  = 3.0000
  rho=469.46266 (11/20)
    fp=0.0016 tp=0.0000  [0.1s]
   nu  = 3.0000
  rho=415.88138 (12/20)
    fp=0.0023 tp=0.0000  [0.1s]
   nu  = 3.0000
  rho=368.41550 (13/20)
    fp=0.0029 tp=0.0000  [0.1s]
   nu  = 3.0000
  rho=326.36706 (14/20)
    fp=0.0037 tp=0.0000  [0.1s]
   nu  = 3.0000
  rho=289.11774 (15/20)
    fp=0.0047 tp=0.0000  [0.1s]
   nu  = 3.0000
  rho=256.11980 (16/20)
    fp=0.0051 tp=0.0000  [0.1s]
   nu  = 3.0000
  rho=226.88803 (17/20)
    fp=0.0062 tp=0.0000  [0.1s]
   nu  = 3.0000
  rho=200.99257 (18/20)
    fp=0.0074 tp=0.0105  [0.1s]
   nu  = 3.0000
  rho=178.05264 (19/20)
    fp=0.0089 tp=0.0105  [0.1s]
   nu  = 3.0000
  rho=157.73092 (20/20)
    fp=0.0101 tp=0.0105  [0.1s]
   nu  = 3.0000
  rho=139.72859 (21/21)  [extra 1/50]
    fp=0.0130 tp=0.0105  [0.1s]
   nu  = 3.0000
  rho=123.78091 (22/22)  [extra 2/50]
    fp=0.0154 tp=0.0105  [0.1s]
   nu  = 3.0000
  rho=109.65340 (23/23)  [extra 3/50]
    fp=0.0179 tp=0.0105  [0.1s]
   nu  = 3.0000
  rho=97.13831 (24/24)  [extra 4/50]
    fp=0.0216 tp=0.0105  [0.1s]
   nu  = 3.0000
  rho=86.05160 (25/25)  [extra 5/50]
    fp=0.0251 tp=0.0105  [0.1s]
   nu  = 3.0000
  rho=76.23025 (26/26)  [extra 6/50]
    fp=0.0286 tp=0.0105  [0.1s]
   nu  = 3.0000
  rho=67.52985 (27/27)  [extra 7/50]
    fp=0.0330 tp=0.0211  [0.1s]
   nu  = 3.0000
  rho=59.82245 (28/28)  [extra 8/50]
    fp=0.0385 tp=0.0211  [0.1s]
   nu  = 3.0000
  rho=52.99472 (29/29)  [extra 9/50]
    fp=0.0441 tp=0.0211  [0.1s]
   nu  = 3.0000
  rho=46.94627 (30/30)  [extra 10/50]
    fp=0.0490 tp=0.0211  [0.1s]
   nu  = 3.0000
  rho=41.58814 (31/31)  [extra 11/50]
    fp=0.0538 tp=0.0421  [0.1s]
   nu  = 3.0000
  rho=36.84155 (32/32)  [extra 12/50]
    fp=0.0624 tp=0.0421  [0.1s]
   nu  = 3.0000
  rho=32.63671 (33/33)  [extra 13/50]
    fp=0.0680 tp=0.0421  [0.2s]
   nu  = 3.0000
  rho=28.91177 (34/34)  [extra 14/50]
    fp=0.0735 tp=0.0526  [0.2s]
   nu  = 3.0000
  rho=25.61198 (35/35)  [extra 15/50]
    fp=0.0824 tp=0.0737  [0.2s]
   nu  = 3.0000
  rho=22.68880 (36/36)  [extra 16/50]
    fp=0.0886 tp=0.0737  [0.2s]
   nu  = 3.0000
  rho=20.09926 (37/37)  [extra 17/50]
    fp=0.0999 tp=0.0737  [0.2s]
   nu  = 3.0000
  rho=17.80526 (38/38)  [extra 18/50]
    fp=0.1118 tp=0.0737  [0.2s]
   nu  = 3.0000
  rho=15.77309 (39/39)  [extra 19/50]
    fp=0.1238 tp=0.0947  [0.2s]
   nu  = 3.0000
  rho=13.97286 (40/40)  [extra 20/50]
    fp=0.1382 tp=0.1158  [0.2s]
   nu  = 3.0000
  rho=12.37809 (41/41)  [extra 21/50]
    fp=0.1489 tp=0.1474  [0.2s]
   nu  = 3.0000
  rho=10.96534 (42/42)  [extra 22/50]
    fp=0.1654 tp=0.1895  [0.2s]
   nu  = 3.0000
  rho=9.71383 (43/43)  [extra 23/50]
    fp=0.1798 tp=0.2211  [0.3s]
   nu  = 3.0000
  rho=8.60516 (44/44)  [extra 24/50]
    fp=0.1957 tp=0.2632  [0.3s]
   nu  = 3.0000
  rho=7.62303 (45/45)  [extra 25/50]
    fp=0.2148 tp=0.2632  [0.3s]
   nu  = 3.0000
  rho=6.75299 (46/46)  [extra 26/50]
    fp=0.2371 tp=0.2947  [0.3s]
   nu  = 3.0000
  rho=5.98225 (47/47)  [extra 27/50]
    fp=0.2575 tp=0.3053  [0.5s]
   nu  = 3.0000
  rho=5.29947 (48/48)  [extra 28/50]
    fp=0.2772 tp=0.3263  [0.5s]
   nu  = 3.0000
  rho=4.69463 (49/49)  [extra 29/50]
    fp=0.3009 tp=0.3368  [0.5s]
   nu  = 3.0000
  FPR 0.3009 >= fp_end=0.3; stopping after 49 fits
  grid extended by 29 points down to rho=4.69463, ending at FPR 0.3009
  pilot fit of run_tstar_varlasso at rho=0.30349
  -> rho_max = max|S_ij| (off-diag) = 0.95225
  rho grid: [0.95225206 0.84356847 0.7472893  0.66199877 0.58644273 0.51951013
 0.46021678 0.40769076 0.3611597  0.31993939 0.28342368 0.25107562
 0.22241956 0.1970341  0.17454597 0.15462447 0.13697669 0.1213431
 0.10749382 0.09522521]
Running run_tstar_varlasso over 20 rho values, extending until FPR >= 0.3...
  rho=0.95225 (1/20)
    fp=0.0006 tp=0.0000  [0.2s]
   nu  = 3.0000
  rho=0.84357 (2/20)
    fp=0.0021 tp=0.0105  [0.2s]
   nu  = 3.0000
  rho=0.74729 (3/20)
    fp=0.0035 tp=0.0105  [0.1s]
   nu  = 3.0000
  rho=0.66200 (4/20)
    fp=0.0054 tp=0.0316  [0.1s]
   nu  = 3.0000
  rho=0.58644 (5/20)
    fp=0.0087 tp=0.0421  [0.1s]
   nu  = 3.0000
  rho=0.51951 (6/20)
    fp=0.0122 tp=0.0526  [0.1s]
   nu  = 3.0000
  rho=0.46022 (7/20)
    fp=0.0179 tp=0.0737  [0.1s]
   nu  = 3.0000
  rho=0.40769 (8/20)
    fp=0.0251 tp=0.1053  [0.1s]
   nu  = 3.0000
  rho=0.36116 (9/20)
    fp=0.0334 tp=0.1263  [0.1s]
   nu  = 3.0000
  rho=0.31994 (10/20)
    fp=0.0459 tp=0.1895  [0.1s]
   nu  = 3.0000
  rho=0.28342 (11/20)
    fp=0.0597 tp=0.2211  [0.1s]
   nu  = 3.0000
  rho=0.25108 (12/20)
    fp=0.0750 tp=0.2526  [0.1s]
   nu  = 3.0000
  rho=0.22242 (13/20)
    fp=0.0935 tp=0.3053  [0.2s]
   nu  = 3.0000
  rho=0.19703 (14/20)
    fp=0.1137 tp=0.3368  [0.1s]
   nu  = 3.0000
  rho=0.17455 (15/20)
    fp=0.1322 tp=0.3579  [0.2s]
   nu  = 3.0000
  rho=0.15462 (16/20)
    fp=0.1557 tp=0.3895  [0.2s]
   nu  = 3.0000
  rho=0.13698 (17/20)
    fp=0.1815 tp=0.4000  [0.2s]
   nu  = 3.0000
  rho=0.12134 (18/20)
    fp=0.2060 tp=0.4000  [0.2s]
   nu  = 3.0000
  rho=0.10749 (19/20)
    fp=0.2348 tp=0.4421  [0.2s]
   nu  = 3.0000
  rho=0.09523 (20/20)
    fp=0.2593 tp=0.4526  [0.2s]
   nu  = 3.0000
  rho=0.08436 (21/21)  [extra 1/50]
    fp=0.2822 tp=0.4842  [0.3s]
   nu  = 3.0000
  rho=0.07473 (22/22)  [extra 2/50]
    fp=0.3108 tp=0.5053  [0.3s]
   nu  = 3.0000
  FPR 0.3108 >= fp_end=0.3; stopping after 22 fits
  grid extended by 2 points down to rho=0.07473, ending at FPR 0.3108
  pilot fit of run_em_diagonal at rho=0.30349
  -> rho_max = max|S_ij| (off-diag) = 0.52898
  rho grid: [0.52898195 0.46860754 0.41512386 0.36774444 0.32577259 0.28859111
 0.25565328 0.22647475 0.20062646 0.17772832 0.15744362 0.13947407
 0.12355545 0.10945367 0.09696137 0.08589486 0.0760914  0.06740685
 0.05971349 0.05289819]
Running run_em_diagonal over 20 rho values, extending until FPR >= 0.3...
  rho=0.52898 (1/20)
    fp=0.0004 tp=0.0105  [10.9s]
   median nu  = 0.463
   median |eta| = 1.345
  rho=0.46861 (2/20)
    fp=0.0006 tp=0.0211  [10.5s]
   median nu  = 0.494
   median |eta| = 1.305
  rho=0.41512 (3/20)
    fp=0.0014 tp=0.0316  [10.5s]
   median nu  = 0.524
   median |eta| = 1.262
  rho=0.36774 (4/20)
    fp=0.0037 tp=0.0421  [10.6s]
   median nu  = 0.544
   median |eta| = 1.276
  rho=0.32577 (5/20)
    fp=0.0054 tp=0.0947  [10.6s]
   median nu  = 0.563
   median |eta| = 1.235
  rho=0.28859 (6/20)
    fp=0.0103 tp=0.1263  [10.6s]
   median nu  = 0.581
   median |eta| = 1.178
  rho=0.25565 (7/20)
    fp=0.0154 tp=0.1579  [10.6s]
   median nu  = 0.6
   median |eta| = 1.141
  rho=0.22647 (8/20)
    fp=0.0243 tp=0.2000  [10.6s]
   median nu  = 0.614
   median |eta| = 1.083
  rho=0.20063 (9/20)
    fp=0.0356 tp=0.2316  [10.6s]
   median nu  = 0.621
   median |eta| = 1.059
  rho=0.17773 (10/20)
    fp=0.0519 tp=0.2737  [10.8s]
   median nu  = 0.645
   median |eta| = 1.048
  rho=0.15744 (11/20)
    fp=0.0676 tp=0.3368  [10.8s]
   median nu  = 0.676
   median |eta| = 1.074
  rho=0.13947 (12/20)
    fp=0.0884 tp=0.3579  [10.9s]
   median nu  = 0.697
   median |eta| = 1.068
  rho=0.12356 (13/20)
    fp=0.1038 tp=0.3579  [11.0s]
   median nu  = 0.711
   median |eta| = 1.053
  rho=0.10945 (14/20)
    fp=0.1234 tp=0.4000  [10.9s]
   median nu  = 0.732
   median |eta| = 1.038
  rho=0.09696 (15/20)
    fp=0.1427 tp=0.4316  [10.7s]
   median nu  = 0.762
   median |eta| = 1.004
  rho=0.08589 (16/20)
    fp=0.1588 tp=0.4526  [10.8s]
   median nu  = 0.779
   median |eta| = 0.964
  rho=0.07609 (17/20)
    fp=0.1778 tp=0.4947  [11.3s]
   median nu  = 0.787
   median |eta| = 0.936
  rho=0.06741 (18/20)
    fp=0.1903 tp=0.5263  [11.6s]
   median nu  = 0.782
   median |eta| = 0.938
  rho=0.05971 (19/20)
    fp=0.2095 tp=0.5368  [11.4s]
   median nu  = 0.773
   median |eta| = 0.96
  rho=0.05290 (20/20)
    fp=0.2253 tp=0.5579  [11.2s]
   median nu  = 0.784
   median |eta| = 0.963
  rho=0.04686 (21/21)  [extra 1/50]
    fp=0.2393 tp=0.5789  [11.1s]
   median nu  = 0.819
   median |eta| = 0.982
  rho=0.04151 (22/22)  [extra 2/50]
    fp=0.2550 tp=0.5895  [11.0s]
   median nu  = 0.825
   median |eta| = 1.011
  rho=0.03677 (23/23)  [extra 3/50]
    fp=0.2698 tp=0.5895  [10.2s]
   median nu  = 0.845
   median |eta| = 1.027
  rho=0.03258 (24/24)  [extra 4/50]
    fp=0.2828 tp=0.6000  [10.2s]
   median nu  = 0.844
   median |eta| = 1.053
  rho=0.02886 (25/25)  [extra 5/50]
    fp=0.2950 tp=0.6105  [10.4s]
   median nu  = 0.855
   median |eta| = 1.1
  rho=0.02557 (26/26)  [extra 6/50]
    fp=0.3083 tp=0.6105  [10.5s]
   median nu  = 0.876
   median |eta| = 1.18
  FPR 0.3083 >= fp_end=0.3; stopping after 26 fits
  grid extended by 6 points down to rho=0.02557, ending at FPR 0.3083
  pilot fit of run_em_exact at rho=0.30349
  -> rho_max = max|S_ij| (off-diag) = 0.58000
  rho grid: [0.58000006 0.51380279 0.45516083 0.40321186 0.357192   0.31642453
 0.28030998 0.2483173  0.21997605 0.19486948 0.1726284  0.15292577
 0.13547186 0.12001002 0.10631289 0.09417906 0.0834301  0.07390796
 0.0654726  0.05800001]
Running run_em_exact over 20 rho values, extending until FPR >= 0.3...
  rho=0.58000 (1/20)
    fp=0.0004 tp=0.0105  [10.8s]
   median nu  = 0.438
   median |eta| = 1.333
  rho=0.51380 (2/20)
    fp=0.0006 tp=0.0105  [10.8s]
   median nu  = 0.47
   median |eta| = 1.282
  rho=0.45516 (3/20)
    fp=0.0010 tp=0.0211  [10.9s]
   median nu  = 0.501
   median |eta| = 1.235
  rho=0.40321 (4/20)
    fp=0.0025 tp=0.0316  [11.1s]
   median nu  = 0.529
   median |eta| = 1.194
  rho=0.35719 (5/20)
    fp=0.0039 tp=0.0526  [11.2s]
   median nu  = 0.549
   median |eta| = 1.161
  rho=0.31642 (6/20)
    fp=0.0068 tp=0.1053  [11.3s]
   median nu  = 0.567
   median |eta| = 1.125
  rho=0.28031 (7/20)
    fp=0.0128 tp=0.1368  [11.2s]
   median nu  = 0.592
   median |eta| = 1.082
  rho=0.24832 (8/20)
    fp=0.0212 tp=0.1789  [11.4s]
   median nu  = 0.629
   median |eta| = 1.001
  rho=0.21998 (9/20)
    fp=0.0317 tp=0.2211  [11.0s]
   median nu  = 0.685
   median |eta| = 0.951
  rho=0.19487 (10/20)
    fp=0.0498 tp=0.2526  [10.5s]
   median nu  = 0.735
   median |eta| = 0.83
  rho=0.17263 (11/20)
    fp=0.0715 tp=0.3053  [10.2s]
   median nu  = 0.793
   median |eta| = 0.703
  rho=0.15293 (12/20)
    fp=0.0937 tp=0.3684  [9.6s]
   median nu  = 0.883
   median |eta| = 0.556
  rho=0.13547 (13/20)
    fp=0.1176 tp=0.3684  [9.2s]
   median nu  = 0.976
   median |eta| = 0.459
  rho=0.12001 (14/20)
    fp=0.1405 tp=0.3895  [9.7s]
   median nu  = 1.048
   median |eta| = 0.351
  rho=0.10631 (15/20)
    fp=0.1596 tp=0.3895  [9.4s]
   median nu  = 1.154
   median |eta| = 0.262
  rho=0.09418 (16/20)
    fp=0.1858 tp=0.4632  [9.5s]
   median nu  = 1.261
   median |eta| = 0.18
  rho=0.08343 (17/20)
    fp=0.2058 tp=0.5263  [9.0s]
   median nu  = 1.372
   median |eta| = 0.131
  rho=0.07391 (18/20)
    fp=0.2276 tp=0.5474  [8.9s]
   median nu  = 1.494
   median |eta| = 0.097
  rho=0.06547 (19/20)
    fp=0.2490 tp=0.5895  [8.8s]
   median nu  = 1.615
   median |eta| = 0.076
  rho=0.05800 (20/20)
    fp=0.2696 tp=0.6105  [8.7s]
   median nu  = 1.738
   median |eta| = 0.059
  rho=0.05138 (21/21)  [extra 1/50]
    fp=0.2842 tp=0.6105  [7.8s]
   median nu  = 1.848
   median |eta| = 0.045
  rho=0.04552 (22/22)  [extra 2/50]
    fp=0.2970 tp=0.6316  [8.8s]
   median nu  = 1.981
   median |eta| = 0.033
  rho=0.04032 (23/23)  [extra 3/50]
    fp=0.3100 tp=0.6421  [8.2s]
   median nu  = 2.102
   median |eta| = 0.024
  FPR 0.3100 >= fp_end=0.3; stopping after 23 fits
  grid extended by 3 points down to rho=0.04032, ending at FPR 0.3100
  graphical_lasso rho_max = max|S_ij| (off-diag) = 96.34518
  rho grid: [96.34517766 85.34899331 75.60783877 66.97847346 59.33400531 52.56202484
 46.56295225 41.24857306 36.54074102 32.37022897 28.67571084 25.40285993
 22.50354999 19.9351476  17.65988522 15.64430584 13.858771   12.27702499
 10.87580872  9.63451777]
Running graphical_lasso over 20 rho values, extending until FPR >= 0.3...
  rho=96.34518 (1/20)
    fp=0.0000 tp=0.0000  [0.0s]
  rho=85.34899 (2/20)
    fp=0.0002 tp=0.0000  [0.0s]
  rho=75.60784 (3/20)
    fp=0.0002 tp=0.0000  [0.0s]
  rho=66.97847 (4/20)
    fp=0.0004 tp=0.0000  [9.1s]
  rho=59.33401 (5/20)
    fp=0.0004 tp=0.0000  [0.0s]
  rho=52.56202 (6/20)
    fp=0.0008 tp=0.0000  [0.0s]
  rho=46.56295 (7/20)
    fp=0.0010 tp=0.0000  [0.0s]
  rho=41.24857 (8/20)
    fp=0.0012 tp=0.0000  [8.7s]
  rho=36.54074 (9/20)
    fp=0.0014 tp=0.0000  [0.0s]
  rho=32.37023 (10/20)
    fp=0.0014 tp=0.0000  [8.7s]
  rho=28.67571 (11/20)
    fp=0.0021 tp=0.0000  [0.0s]
  rho=25.40286 (12/20)
    fp=0.0023 tp=0.0000  [0.0s]
  rho=22.50355 (13/20)
    fp=0.0027 tp=0.0000  [0.0s]
  rho=19.93515 (14/20)
    fp=0.0035 tp=0.0000  [8.5s]
  rho=17.65989 (15/20)
    fp=0.0043 tp=0.0000  [0.0s]
  rho=15.64431 (16/20)
    fp=0.0056 tp=0.0000  [8.5s]
  rho=13.85877 (17/20)
    fp=0.0068 tp=0.0000  [0.0s]
  rho=12.27702 (18/20)
    fp=0.0078 tp=0.0000  [8.5s]
  rho=10.87581 (19/20)
    fp=0.0089 tp=0.0000  [0.0s]
  rho=9.63452 (20/20)
    fp=0.0119 tp=0.0105  [8.5s]
  rho=8.53490 (21/21)  [extra 1/50]
    fp=0.0138 tp=0.0105  [0.0s]
  rho=7.56078 (22/22)  [extra 2/50]
    fp=0.0165 tp=0.0105  [0.1s]
  rho=6.69785 (23/23)  [extra 3/50]
    fp=0.0196 tp=0.0105  [0.3s]
  rho=5.93340 (24/24)  [extra 4/50]
    fp=0.0233 tp=0.0105  [0.0s]
  rho=5.25620 (25/25)  [extra 5/50]
    fp=0.0260 tp=0.0105  [0.4s]
  rho=4.65630 (26/26)  [extra 6/50]
    fp=0.0309 tp=0.0211  [0.2s]
  rho=4.12486 (27/27)  [extra 7/50]
    fp=0.0371 tp=0.0211  [0.1s]
  rho=3.65407 (28/28)  [extra 8/50]
    fp=0.0420 tp=0.0211  [0.3s]
  rho=3.23702 (29/29)  [extra 9/50]
    fp=0.0492 tp=0.0211  [0.5s]
  rho=2.86757 (30/30)  [extra 10/50]
    fp=0.0548 tp=0.0211  [0.1s]
  rho=2.54029 (31/31)  [extra 11/50]
    fp=0.0595 tp=0.0316  [0.1s]
  rho=2.25035 (32/32)  [extra 12/50]
    fp=0.0661 tp=0.0421  [0.0s]
  rho=1.99351 (33/33)  [extra 13/50]
    fp=0.0737 tp=0.0526  [0.5s]
  rho=1.76599 (34/34)  [extra 14/50]
    fp=0.0838 tp=0.0526  [0.1s]
  rho=1.56443 (35/35)  [extra 15/50]
    fp=0.0941 tp=0.0842  [0.1s]
  rho=1.38588 (36/36)  [extra 16/50]
    fp=0.1085 tp=0.0842  [0.1s]
  rho=1.22770 (37/37)  [extra 17/50]
    fp=0.1215 tp=0.1053  [0.7s]
  rho=1.08758 (38/38)  [extra 18/50]
    fp=0.1349 tp=0.1263  [0.1s]
  rho=0.96345 (39/39)  [extra 19/50]
    fp=0.1485 tp=0.1474  [0.1s]
  rho=0.85349 (40/40)  [extra 20/50]
    fp=0.1633 tp=0.1684  [0.0s]
  rho=0.75608 (41/41)  [extra 21/50]
    fp=0.1831 tp=0.2211  [0.1s]
  rho=0.66978 (42/42)  [extra 22/50]
    fp=0.2021 tp=0.2632  [0.0s]
  rho=0.59334 (43/43)  [extra 23/50]
    fp=0.2227 tp=0.2737  [0.1s]
  rho=0.52562 (44/44)  [extra 24/50]
    fp=0.2412 tp=0.2947  [0.1s]
  rho=0.46563 (45/45)  [extra 25/50]
    fp=0.2628 tp=0.3053  [0.3s]
  rho=0.41249 (46/46)  [extra 26/50]
    fp=0.2838 tp=0.3579  [0.1s]
  rho=0.36541 (47/47)  [extra 27/50]
    fp=0.3090 tp=0.3789  [0.2s]
  FPR 0.3090 >= fp_end=0.3; stopping after 47 fits
  [note] 7/47 fits hit a glasso ConvergenceWarning (suppressed)
  grid extended by 27 points down to rho=0.36541, ending at FPR 0.3090
  [warn] mean_roc averages out to FPR 0.300 but the shortest replicate only reached 0.008; its TPR is held flat above that
  [warn] mean_roc averages out to FPR 0.300 but the shortest replicate only reached 0.017; its TPR is held flat above that

(p=100, n=50) over 42 replicates
  t+lasso  (run_em_diagonal):    AUC = 0.134 (SE 0.002)
  ~t+lasso (run_em_exact):       AUC = 0.127 (SE 0.002)
  tlasso   (run_tlasso):         AUC = 0.046 (SE 0.002)
  t*lasso  (run_tstar_varlasso): AUC = 0.107 (SE 0.002)
  glasso   (graphical_lasso):    AUC = 0.046 (SE 0.002)
Replicate 43/50
  Theta: 89/4950 edges
  pilot fit of run_tlasso at rho=30.34854
  -> rho_max = max|S_ij| (off-diag) = 54486.89679
  rho grid: [54486.89678867 48268.13237758 42759.13550842 37878.89813355
 33555.65791384 29725.84297623 26333.13710959 23327.6516527
 20665.19189738 18306.60721934 16217.2153807  14366.29253869
 12726.62146134 11274.09130672  9987.34308067  8847.4555596
  7837.66705988  6943.12896264  6150.68736954  5448.68967887]
Running run_tlasso over 20 rho values, extending until FPR >= 0.3...
  rho=54486.89679 (1/20)
    fp=0.0000 tp=0.0000  [0.2s]
   nu  = 3.0000
  rho=48268.13238 (2/20)
    fp=0.0002 tp=0.0000  [0.0s]
   nu  = 3.0000
  rho=42759.13551 (3/20)
    fp=0.0002 tp=0.0000  [0.1s]
   nu  = 3.0000
  rho=37878.89813 (4/20)
    fp=0.0002 tp=0.0000  [0.0s]
   nu  = 3.0000
  rho=33555.65791 (5/20)
    fp=0.0004 tp=0.0000  [0.1s]
   nu  = 3.0000
  rho=29725.84298 (6/20)
    fp=0.0004 tp=0.0000  [0.0s]
   nu  = 3.0000
  rho=26333.13711 (7/20)
    fp=0.0004 tp=0.0000  [0.1s]
   nu  = 3.0000
  rho=23327.65165 (8/20)
    fp=0.0004 tp=0.0000  [0.0s]
   nu  = 3.0000
  rho=20665.19190 (9/20)
    fp=0.0006 tp=0.0000  [0.1s]
   nu  = 3.0000
  rho=18306.60722 (10/20)
    fp=0.0006 tp=0.0000  [0.0s]
   nu  = 3.0000
  rho=16217.21538 (11/20)
    fp=0.0006 tp=0.0000  [0.1s]
   nu  = 3.0000
  rho=14366.29254 (12/20)
    fp=0.0006 tp=0.0000  [0.0s]
   nu  = 3.0000
  rho=12726.62146 (13/20)
    fp=0.0006 tp=0.0000  [0.1s]
   nu  = 3.0000
  rho=11274.09131 (14/20)
    fp=0.0006 tp=0.0000  [0.0s]
   nu  = 3.0000
  rho=9987.34308 (15/20)
    fp=0.0006 tp=0.0000  [0.1s]
   nu  = 3.0000
  rho=8847.45556 (16/20)
    fp=0.0010 tp=0.0000  [0.0s]
   nu  = 3.0000
  rho=7837.66706 (17/20)
    fp=0.0012 tp=0.0000  [0.1s]
   nu  = 3.0000
  rho=6943.12896 (18/20)
    fp=0.0012 tp=0.0000  [0.0s]
   nu  = 3.0000
  rho=6150.68737 (19/20)
    fp=0.0014 tp=0.0000  [0.1s]
   nu  = 3.0000
  rho=5448.68968 (20/20)
    fp=0.0014 tp=0.0000  [0.1s]
   nu  = 3.0000
  rho=4826.81324 (21/21)  [extra 1/50]
    fp=0.0019 tp=0.0000  [0.1s]
   nu  = 3.0000
  rho=4275.91355 (22/22)  [extra 2/50]
    fp=0.0029 tp=0.0000  [0.1s]
   nu  = 3.0000
  rho=3787.88981 (23/23)  [extra 3/50]
    fp=0.0039 tp=0.0000  [0.1s]
   nu  = 3.0000
  rho=3355.56579 (24/24)  [extra 4/50]
    fp=0.0045 tp=0.0000  [0.1s]
   nu  = 3.0000
  rho=2972.58430 (25/25)  [extra 5/50]
    fp=0.0049 tp=0.0000  [0.1s]
   nu  = 3.0000
  rho=2633.31371 (26/26)  [extra 6/50]
    fp=0.0060 tp=0.0000  [0.1s]
   nu  = 3.0000
  rho=2332.76517 (27/27)  [extra 7/50]
    fp=0.0070 tp=0.0000  [0.1s]
   nu  = 3.0000
  rho=2066.51919 (28/28)  [extra 8/50]
    fp=0.0080 tp=0.0112  [0.1s]
   nu  = 3.0000
  rho=1830.66072 (29/29)  [extra 9/50]
    fp=0.0091 tp=0.0112  [0.1s]
   nu  = 3.0000
  rho=1621.72154 (30/30)  [extra 10/50]
    fp=0.0097 tp=0.0225  [0.1s]
   nu  = 3.0000
  rho=1436.62925 (31/31)  [extra 11/50]
    fp=0.0107 tp=0.0225  [0.1s]
   nu  = 3.0000
  rho=1272.66215 (32/32)  [extra 12/50]
    fp=0.0113 tp=0.0225  [0.1s]
   nu  = 3.0000
  rho=1127.40913 (33/33)  [extra 13/50]
    fp=0.0117 tp=0.0225  [0.1s]
   nu  = 3.0000
  rho=998.73431 (34/34)  [extra 14/50]
    fp=0.0130 tp=0.0225  [0.1s]
   nu  = 3.0000
  rho=884.74556 (35/35)  [extra 15/50]
    fp=0.0142 tp=0.0225  [0.1s]
   nu  = 3.0000
  rho=783.76671 (36/36)  [extra 16/50]
    fp=0.0156 tp=0.0225  [0.1s]
   nu  = 3.0000
  rho=694.31290 (37/37)  [extra 17/50]
    fp=0.0165 tp=0.0225  [0.1s]
   nu  = 3.0000
  rho=615.06874 (38/38)  [extra 18/50]
    fp=0.0171 tp=0.0225  [0.1s]
   nu  = 3.0000
  rho=544.86897 (39/39)  [extra 19/50]
    fp=0.0191 tp=0.0337  [0.1s]
   nu  = 3.0000
  rho=482.68132 (40/40)  [extra 20/50]
    fp=0.0210 tp=0.0337  [0.1s]
   nu  = 3.0000
  rho=427.59136 (41/41)  [extra 21/50]
    fp=0.0232 tp=0.0449  [0.1s]
   nu  = 3.0000
  rho=378.78898 (42/42)  [extra 22/50]
    fp=0.0257 tp=0.0449  [0.1s]
   nu  = 3.0000
  rho=335.55658 (43/43)  [extra 23/50]
    fp=0.0267 tp=0.0449  [0.1s]
   nu  = 3.0000
  rho=297.25843 (44/44)  [extra 24/50]
    fp=0.0286 tp=0.0449  [0.1s]
   nu  = 3.0000
  rho=263.33137 (45/45)  [extra 25/50]
    fp=0.0315 tp=0.0449  [0.1s]
   nu  = 3.0000
  rho=233.27652 (46/46)  [extra 26/50]
    fp=0.0346 tp=0.0449  [0.1s]
   nu  = 3.0000
  rho=206.65192 (47/47)  [extra 27/50]
    fp=0.0360 tp=0.0449  [0.1s]
   nu  = 3.0000
  rho=183.06607 (48/48)  [extra 28/50]
    fp=0.0393 tp=0.0449  [0.1s]
   nu  = 3.0000
  rho=162.17215 (49/49)  [extra 29/50]
    fp=0.0420 tp=0.0449  [0.1s]
   nu  = 3.0000
  rho=143.66293 (50/50)  [extra 30/50]
    fp=0.0455 tp=0.0449  [0.1s]
   nu  = 3.0000
  rho=127.26621 (51/51)  [extra 31/50]
    fp=0.0490 tp=0.0562  [0.1s]
   nu  = 3.0000
  rho=112.74091 (52/52)  [extra 32/50]
    fp=0.0520 tp=0.0674  [0.1s]
   nu  = 3.0000
  rho=99.87343 (53/53)  [extra 33/50]
    fp=0.0572 tp=0.0787  [0.2s]
   nu  = 3.0000
  rho=88.47456 (54/54)  [extra 34/50]
    fp=0.0607 tp=0.0787  [0.2s]
   nu  = 3.0000
  rho=78.37667 (55/55)  [extra 35/50]
    fp=0.0650 tp=0.0787  [0.2s]
   nu  = 3.0000
  rho=69.43129 (56/56)  [extra 36/50]
    fp=0.0718 tp=0.0787  [0.2s]
   nu  = 3.0000
  rho=61.50687 (57/57)  [extra 37/50]
    fp=0.0765 tp=0.0787  [0.2s]
   nu  = 3.0000
  rho=54.48690 (58/58)  [extra 38/50]
    fp=0.0829 tp=0.0787  [0.2s]
   nu  = 3.0000
  rho=48.26813 (59/59)  [extra 39/50]
    fp=0.0880 tp=0.0899  [0.2s]
   nu  = 3.0000
  rho=42.75914 (60/60)  [extra 40/50]
    fp=0.0924 tp=0.0899  [0.2s]
   nu  = 3.0000
  rho=37.87890 (61/61)  [extra 41/50]
    fp=0.1000 tp=0.1011  [0.2s]
   nu  = 3.0000
  rho=33.55566 (62/62)  [extra 42/50]
    fp=0.1062 tp=0.1011  [0.3s]
   nu  = 3.0000
  rho=29.72584 (63/63)  [extra 43/50]
    fp=0.1115 tp=0.1124  [0.3s]
   nu  = 3.0000
  rho=26.33314 (64/64)  [extra 44/50]
    fp=0.1187 tp=0.1124  [0.3s]
   nu  = 3.0000
  rho=23.32765 (65/65)  [extra 45/50]
    fp=0.1273 tp=0.1348  [0.2s]
   nu  = 3.0000
  rho=20.66519 (66/66)  [extra 46/50]
    fp=0.1358 tp=0.1348  [0.2s]
   nu  = 3.0000
  rho=18.30661 (67/67)  [extra 47/50]
    fp=0.1477 tp=0.1461  [0.2s]
   nu  = 3.0000
  rho=16.21722 (68/68)  [extra 48/50]
    fp=0.1603 tp=0.1685  [0.3s]
   nu  = 3.0000
  rho=14.36629 (69/69)  [extra 49/50]
    fp=0.1724 tp=0.2022  [0.3s]
   nu  = 3.0000
  rho=12.72662 (70/70)  [extra 50/50]
    fp=0.1837 tp=0.2247  [0.4s]
   nu  = 3.0000
  [warn] FPR stalled at 0.1837 < fp_end=0.3 after 50 extra fits (cap max_extra=50); the curve stops short of fp_end
  grid extended by 50 points down to rho=12.72662, ending at FPR 0.1837
  [warn] AUC integrates to fp_end=0.3 but the curve stops at FPR 0.1837; TPR held flat above that
  pilot fit of run_tstar_varlasso at rho=0.30349
  -> rho_max = max|S_ij| (off-diag) = 0.90045
  rho grid: [0.90045081 0.79767947 0.70663775 0.62598692 0.55454102 0.49124948
 0.4351816  0.38551292 0.3415131  0.30253511 0.26800581 0.23741744
 0.21032023 0.18631571 0.1650509  0.14621311 0.12952534 0.11474219
 0.1016463  0.09004508]
Running run_tstar_varlasso over 20 rho values, extending until FPR >= 0.3...
  rho=0.90045 (1/20)
    fp=0.0014 tp=0.0000  [0.2s]
   nu  = 3.0000
  rho=0.79768 (2/20)
    fp=0.0025 tp=0.0000  [0.1s]
   nu  = 3.0000
  rho=0.70664 (3/20)
    fp=0.0033 tp=0.0000  [0.1s]
   nu  = 3.0000
  rho=0.62599 (4/20)
    fp=0.0051 tp=0.0000  [0.1s]
   nu  = 3.0000
  rho=0.55454 (5/20)
    fp=0.0074 tp=0.0000  [0.1s]
   nu  = 3.0000
  rho=0.49125 (6/20)
    fp=0.0113 tp=0.0000  [0.1s]
   nu  = 3.0000
  rho=0.43518 (7/20)
    fp=0.0173 tp=0.0225  [0.1s]
   nu  = 3.0000
  rho=0.38551 (8/20)
    fp=0.0230 tp=0.0562  [0.1s]
   nu  = 3.0000
  rho=0.34151 (9/20)
    fp=0.0344 tp=0.0674  [0.1s]
   nu  = 3.0000
  rho=0.30254 (10/20)
    fp=0.0440 tp=0.0674  [0.1s]
   nu  = 3.0000
  rho=0.26801 (11/20)
    fp=0.0613 tp=0.1011  [0.1s]
   nu  = 3.0000
  rho=0.23742 (12/20)
    fp=0.0798 tp=0.1461  [0.1s]
   nu  = 3.0000
  rho=0.21032 (13/20)
    fp=0.1016 tp=0.1910  [0.1s]
   nu  = 3.0000
  rho=0.18632 (14/20)
    fp=0.1261 tp=0.2360  [0.2s]
   nu  = 3.0000
  rho=0.16505 (15/20)
    fp=0.1485 tp=0.2921  [0.2s]
   nu  = 3.0000
  rho=0.14621 (16/20)
    fp=0.1769 tp=0.3371  [0.2s]
   nu  = 3.0000
  rho=0.12953 (17/20)
    fp=0.1987 tp=0.3483  [0.2s]
   nu  = 3.0000
  rho=0.11474 (18/20)
    fp=0.2240 tp=0.4607  [0.2s]
   nu  = 3.0000
  rho=0.10165 (19/20)
    fp=0.2495 tp=0.4831  [0.2s]
   nu  = 3.0000
  rho=0.09005 (20/20)
    fp=0.2748 tp=0.5393  [0.2s]
   nu  = 3.0000
  rho=0.07977 (21/21)  [extra 1/50]
    fp=0.2973 tp=0.6067  [0.2s]
   nu  = 3.0000
  rho=0.07066 (22/22)  [extra 2/50]
    fp=0.3220 tp=0.6067  [0.2s]
   nu  = 3.0000
  FPR 0.3220 >= fp_end=0.3; stopping after 22 fits
  grid extended by 2 points down to rho=0.07066, ending at FPR 0.3220
  pilot fit of run_em_diagonal at rho=0.30349
  -> rho_max = max|S_ij| (off-diag) = 0.58747
  rho grid: [0.58746934 0.52041958 0.46102242 0.40840445 0.36179194 0.32049947
 0.28391983 0.25151515 0.22280892 0.19737902 0.17485152 0.15489516
 0.13721648 0.12155552 0.107682   0.09539191 0.08450452 0.07485975
 0.06631577 0.05874693]
Running run_em_diagonal over 20 rho values, extending until FPR >= 0.3...
  rho=0.58747 (1/20)
    fp=0.0006 tp=0.0000  [10.7s]
   median nu  = 0.332
   median |eta| = 2.075
  rho=0.52042 (2/20)
    fp=0.0006 tp=0.0112  [10.6s]
   median nu  = 0.382
   median |eta| = 1.877
  rho=0.46102 (3/20)
    fp=0.0016 tp=0.0225  [10.7s]
   median nu  = 0.403
   median |eta| = 1.881
  rho=0.40840 (4/20)
    fp=0.0041 tp=0.0225  [10.7s]
   median nu  = 0.423
   median |eta| = 1.918
  rho=0.36179 (5/20)
    fp=0.0060 tp=0.0225  [10.8s]
   median nu  = 0.442
   median |eta| = 1.981
  rho=0.32050 (6/20)
    fp=0.0101 tp=0.0337  [10.8s]
   median nu  = 0.455
   median |eta| = 1.768
  rho=0.28392 (7/20)
    fp=0.0179 tp=0.0449  [10.9s]
   median nu  = 0.475
   median |eta| = 1.648
  rho=0.25152 (8/20)
    fp=0.0247 tp=0.0562  [10.9s]
   median nu  = 0.491
   median |eta| = 1.605
  rho=0.22281 (9/20)
    fp=0.0356 tp=0.1236  [11.0s]
   median nu  = 0.516
   median |eta| = 1.588
  rho=0.19738 (10/20)
    fp=0.0500 tp=0.1573  [11.0s]
   median nu  = 0.542
   median |eta| = 1.539
  rho=0.17485 (11/20)
    fp=0.0650 tp=0.1798  [11.0s]
   median nu  = 0.556
   median |eta| = 1.532
  rho=0.15490 (12/20)
    fp=0.0808 tp=0.2360  [11.1s]
   median nu  = 0.566
   median |eta| = 1.371
  rho=0.13722 (13/20)
    fp=0.0965 tp=0.2809  [11.0s]
   median nu  = 0.58
   median |eta| = 1.288
  rho=0.12156 (14/20)
    fp=0.1164 tp=0.3371  [11.1s]
   median nu  = 0.587
   median |eta| = 1.288
  rho=0.10768 (15/20)
    fp=0.1329 tp=0.3820  [11.0s]
   median nu  = 0.618
   median |eta| = 1.258
  rho=0.09539 (16/20)
    fp=0.1481 tp=0.4157  [11.0s]
   median nu  = 0.639
   median |eta| = 1.237
  rho=0.08450 (17/20)
    fp=0.1670 tp=0.4719  [11.3s]
   median nu  = 0.635
   median |eta| = 1.269
  rho=0.07486 (18/20)
    fp=0.1886 tp=0.4831  [11.5s]
   median nu  = 0.658
   median |eta| = 1.237
  rho=0.06632 (19/20)
    fp=0.2043 tp=0.5169  [12.0s]
   median nu  = 0.647
   median |eta| = 1.285
  rho=0.05875 (20/20)
    fp=0.2191 tp=0.5281  [11.5s]
   median nu  = 0.634
   median |eta| = 1.35
  rho=0.05204 (21/21)  [extra 1/50]
    fp=0.2370 tp=0.5393  [11.1s]
   median nu  = 0.662
   median |eta| = 1.394
  rho=0.04610 (22/22)  [extra 2/50]
    fp=0.2522 tp=0.5506  [11.0s]
   median nu  = 0.677
   median |eta| = 1.404
  rho=0.04084 (23/23)  [extra 3/50]
    fp=0.2668 tp=0.5843  [11.0s]
   median nu  = 0.699
   median |eta| = 1.425
  rho=0.03618 (24/24)  [extra 4/50]
    fp=0.2808 tp=0.5955  [10.7s]
   median nu  = 0.691
   median |eta| = 1.344
  rho=0.03205 (25/25)  [extra 5/50]
    fp=0.2931 tp=0.6067  [10.8s]
   median nu  = 0.779
   median |eta| = 1.131
  rho=0.02839 (26/26)  [extra 6/50]
    fp=0.2987 tp=0.6180  [10.3s]
   median nu  = 0.712
   median |eta| = 1.376
  rho=0.02515 (27/27)  [extra 7/50]
    fp=0.3131 tp=0.6180  [10.6s]
   median nu  = 0.906
   median |eta| = 1.13
  FPR 0.3131 >= fp_end=0.3; stopping after 27 fits
  grid extended by 7 points down to rho=0.02515, ending at FPR 0.3131
  pilot fit of run_em_exact at rho=0.30349
  -> rho_max = max|S_ij| (off-diag) = 0.61527
  rho grid: [0.61527165 0.54504872 0.48284056 0.42773242 0.37891395 0.33566728
 0.2973565  0.26341825 0.23335348 0.2067201  0.18312647 0.16222566
 0.14371032 0.1273082  0.11277811 0.09990638 0.08850374 0.07840253
 0.0694542  0.06152717]
Running run_em_exact over 20 rho values, extending until FPR >= 0.3...
  rho=0.61527 (1/20)
    fp=0.0006 tp=0.0000  [10.8s]
   median nu  = 0.35
   median |eta| = 1.903
  rho=0.54505 (2/20)
    fp=0.0006 tp=0.0112  [10.8s]
   median nu  = 0.374
   median |eta| = 1.869
  rho=0.48284 (3/20)
    fp=0.0008 tp=0.0225  [10.9s]
   median nu  = 0.404
   median |eta| = 1.888
  rho=0.42773 (4/20)
    fp=0.0029 tp=0.0225  [11.1s]
   median nu  = 0.423
   median |eta| = 1.861
  rho=0.37891 (5/20)
    fp=0.0056 tp=0.0225  [11.2s]
   median nu  = 0.45
   median |eta| = 1.781
  rho=0.33567 (6/20)
    fp=0.0095 tp=0.0225  [11.4s]
   median nu  = 0.476
   median |eta| = 1.688
  rho=0.29736 (7/20)
    fp=0.0156 tp=0.0337  [11.0s]
   median nu  = 0.509
   median |eta| = 1.524
  rho=0.26342 (8/20)
    fp=0.0255 tp=0.0449  [10.7s]
   median nu  = 0.548
   median |eta| = 1.34
  rho=0.23335 (9/20)
    fp=0.0376 tp=0.1011  [10.5s]
   median nu  = 0.593
   median |eta| = 1.055
  rho=0.20672 (10/20)
    fp=0.0564 tp=0.1461  [10.3s]
   median nu  = 0.642
   median |eta| = 0.862
  rho=0.18313 (11/20)
    fp=0.0736 tp=0.1910  [10.2s]
   median nu  = 0.7
   median |eta| = 0.691
  rho=0.16223 (12/20)
    fp=0.0940 tp=0.2247  [10.2s]
   median nu  = 0.776
   median |eta| = 0.564
  rho=0.14371 (13/20)
    fp=0.1164 tp=0.3258  [9.3s]
   median nu  = 0.863
   median |eta| = 0.456
  rho=0.12731 (14/20)
    fp=0.1409 tp=0.4045  [9.1s]
   median nu  = 0.947
   median |eta| = 0.361
  rho=0.11278 (15/20)
    fp=0.1664 tp=0.4382  [8.6s]
   median nu  = 1.056
   median |eta| = 0.28
  rho=0.09991 (16/20)
    fp=0.1895 tp=0.4607  [9.1s]
   median nu  = 1.143
   median |eta| = 0.216
  rho=0.08850 (17/20)
    fp=0.2146 tp=0.4719  [8.9s]
   median nu  = 1.246
   median |eta| = 0.174
  rho=0.07840 (18/20)
    fp=0.2329 tp=0.5169  [8.9s]
   median nu  = 1.32
   median |eta| = 0.129
  rho=0.06945 (19/20)
    fp=0.2512 tp=0.5618  [8.6s]
   median nu  = 1.439
   median |eta| = 0.096
  rho=0.06153 (20/20)
    fp=0.2676 tp=0.5730  [8.5s]
   median nu  = 1.563
   median |eta| = 0.072
  rho=0.05450 (21/21)  [extra 1/50]
    fp=0.2878 tp=0.5730  [8.5s]
   median nu  = 1.688
   median |eta| = 0.051
  rho=0.04828 (22/22)  [extra 2/50]
    fp=0.3043 tp=0.5843  [8.4s]
   median nu  = 1.815
   median |eta| = 0.037
  FPR 0.3043 >= fp_end=0.3; stopping after 22 fits
  grid extended by 2 points down to rho=0.04828, ending at FPR 0.3043
  graphical_lasso rho_max = max|S_ij| (off-diag) = 3092.47679
  rho grid: [3092.47679369 2739.52249164 2426.85199693 2149.86758932 1904.49630116
 1687.13002565 1494.57246083 1323.99210891 1172.88064005 1039.01600814
  920.42977631  815.37817174  722.31644397  639.87614988  566.84503115
  502.14918841  444.83728984  394.06658221  349.09049839  309.24767937]
Running graphical_lasso over 20 rho values, extending until FPR >= 0.3...
  rho=3092.47679 (1/20)
    fp=0.0021 tp=0.0000  [8.2s]
  rho=2739.52249 (2/20)
    fp=0.0023 tp=0.0000  [8.1s]
  rho=2426.85200 (3/20)
    fp=0.0023 tp=0.0000  [8.2s]
  rho=2149.86759 (4/20)
    fp=0.0023 tp=0.0000  [8.6s]
  rho=1904.49630 (5/20)
    fp=0.0027 tp=0.0000  [8.3s]
  rho=1687.13003 (6/20)
    fp=0.0027 tp=0.0000  [8.4s]
  rho=1494.57246 (7/20)
    fp=0.0037 tp=0.0000  [8.4s]
  rho=1323.99211 (8/20)
    fp=0.0039 tp=0.0000  [8.3s]
  rho=1172.88064 (9/20)
    fp=0.0039 tp=0.0000  [8.4s]
  rho=1039.01601 (10/20)
    fp=0.0039 tp=0.0000  [8.5s]
  rho=920.42978 (11/20)
    fp=0.0029 tp=0.0000  [8.5s]
  rho=815.37817 (12/20)
    fp=0.0021 tp=0.0000  [8.5s]
  rho=722.31644 (13/20)
    fp=0.0021 tp=0.0000  [8.4s]
  rho=639.87615 (14/20)
    fp=0.0029 tp=0.0000  [8.4s]
  rho=566.84503 (15/20)
    fp=0.0031 tp=0.0000  [8.6s]
  rho=502.14919 (16/20)
    fp=0.0021 tp=0.0000  [8.5s]
  rho=444.83729 (17/20)
    fp=0.0025 tp=0.0000  [8.6s]
  rho=394.06658 (18/20)
    fp=0.0025 tp=0.0000  [8.8s]
  rho=349.09050 (19/20)
    fp=0.0025 tp=0.0000  [8.6s]
  rho=309.24768 (20/20)
    fp=0.0025 tp=0.0000  [0.0s]
  rho=273.95225 (21/21)  [extra 1/50]
    fp=0.0031 tp=0.0000  [0.0s]
  rho=242.68520 (22/22)  [extra 2/50]
    fp=0.0041 tp=0.0000  [0.0s]
  rho=214.98676 (23/23)  [extra 3/50]
    fp=0.0047 tp=0.0000  [0.0s]
  rho=190.44963 (24/24)  [extra 4/50]
    fp=0.0049 tp=0.0000  [0.0s]
  rho=168.71300 (25/25)  [extra 5/50]
    fp=0.0062 tp=0.0000  [0.0s]
  rho=149.45725 (26/26)  [extra 6/50]
    fp=0.0070 tp=0.0000  [0.0s]
  rho=132.39921 (27/27)  [extra 7/50]
    fp=0.0078 tp=0.0112  [0.0s]
  rho=117.28806 (28/28)  [extra 8/50]
    fp=0.0095 tp=0.0112  [0.1s]
  rho=103.90160 (29/29)  [extra 9/50]
    fp=0.0099 tp=0.0225  [0.0s]
  rho=92.04298 (30/30)  [extra 10/50]
    fp=0.0107 tp=0.0225  [0.0s]
  rho=81.53782 (31/31)  [extra 11/50]
    fp=0.0115 tp=0.0225  [0.1s]
  rho=72.23164 (32/32)  [extra 12/50]
    fp=0.0117 tp=0.0225  [0.0s]
  rho=63.98761 (33/33)  [extra 13/50]
    fp=0.0125 tp=0.0225  [0.0s]
  rho=56.68450 (34/34)  [extra 14/50]
    fp=0.0142 tp=0.0225  [0.0s]
  rho=50.21492 (35/35)  [extra 15/50]
    fp=0.0154 tp=0.0225  [0.0s]
  rho=44.48373 (36/36)  [extra 16/50]
    fp=0.0163 tp=0.0225  [0.0s]
  rho=39.40666 (37/37)  [extra 17/50]
    fp=0.0173 tp=0.0225  [0.0s]
  rho=34.90905 (38/38)  [extra 18/50]
    fp=0.0185 tp=0.0225  [0.0s]
  rho=30.92477 (39/39)  [extra 19/50]
    fp=0.0210 tp=0.0337  [0.0s]
  rho=27.39522 (40/40)  [extra 20/50]
    fp=0.0224 tp=0.0337  [0.0s]
  rho=24.26852 (41/41)  [extra 21/50]
    fp=0.0243 tp=0.0449  [0.1s]
  rho=21.49868 (42/42)  [extra 22/50]
    fp=0.0259 tp=0.0449  [0.1s]
  rho=19.04496 (43/43)  [extra 23/50]
    fp=0.0282 tp=0.0449  [0.1s]
  rho=16.87130 (44/44)  [extra 24/50]
    fp=0.0309 tp=0.0449  [0.0s]
  rho=14.94572 (45/45)  [extra 25/50]
    fp=0.0329 tp=0.0449  [0.0s]
  rho=13.23992 (46/46)  [extra 26/50]
    fp=0.0354 tp=0.0449  [0.0s]
  rho=11.72881 (47/47)  [extra 27/50]
    fp=0.0374 tp=0.0449  [0.0s]
  rho=10.39016 (48/48)  [extra 28/50]
    fp=0.0403 tp=0.0449  [0.1s]
  rho=9.20430 (49/49)  [extra 29/50]
    fp=0.0444 tp=0.0449  [0.1s]
  rho=8.15378 (50/50)  [extra 30/50]
    fp=0.0477 tp=0.0674  [0.0s]
  rho=7.22316 (51/51)  [extra 31/50]
    fp=0.0506 tp=0.0787  [0.0s]
  rho=6.39876 (52/52)  [extra 32/50]
    fp=0.0560 tp=0.0787  [0.1s]
  rho=5.66845 (53/53)  [extra 33/50]
    fp=0.0599 tp=0.0787  [0.1s]
  rho=5.02149 (54/54)  [extra 34/50]
    fp=0.0648 tp=0.0787  [0.3s]
  rho=4.44837 (55/55)  [extra 35/50]
    fp=0.0706 tp=0.0787  [0.0s]
  rho=3.94067 (56/56)  [extra 36/50]
    fp=0.0765 tp=0.0787  [0.1s]
  rho=3.49090 (57/57)  [extra 37/50]
    fp=0.0811 tp=0.0899  [0.1s]
  rho=3.09248 (58/58)  [extra 38/50]
    fp=0.0868 tp=0.0899  [0.1s]
  rho=2.73952 (59/59)  [extra 39/50]
    fp=0.0957 tp=0.0899  [0.0s]
  rho=2.42685 (60/60)  [extra 40/50]
    fp=0.1027 tp=0.1011  [0.1s]
  rho=2.14987 (61/61)  [extra 41/50]
    fp=0.1099 tp=0.1124  [0.1s]
  rho=1.90450 (62/62)  [extra 42/50]
    fp=0.1187 tp=0.1236  [0.0s]
  rho=1.68713 (63/63)  [extra 43/50]
    fp=0.1284 tp=0.1461  [0.1s]
  rho=1.49457 (64/64)  [extra 44/50]
    fp=0.1397 tp=0.1573  [0.0s]
  rho=1.32399 (65/65)  [extra 45/50]
    fp=0.1531 tp=0.1573  [0.2s]
  rho=1.17288 (66/66)  [extra 46/50]
    fp=0.1664 tp=0.2022  [0.1s]
  rho=1.03902 (67/67)  [extra 47/50]
    fp=0.1792 tp=0.2135  [0.1s]
  rho=0.92043 (68/68)  [extra 48/50]
    fp=0.1938 tp=0.2247  [0.2s]
  rho=0.81538 (69/69)  [extra 49/50]
    fp=0.2119 tp=0.2472  [0.1s]
  rho=0.72232 (70/70)  [extra 50/50]
    fp=0.2271 tp=0.2472  [0.0s]
  [note] 19/70 fits hit a glasso ConvergenceWarning (suppressed)
  [warn] FPR stalled at 0.2271 < fp_end=0.3 after 50 extra fits (cap max_extra=50); the curve stops short of fp_end
  grid extended by 50 points down to rho=0.72232, ending at FPR 0.2271
  [warn] AUC integrates to fp_end=0.3 but the curve stops at FPR 0.2271; TPR held flat above that
  [warn] mean_roc averages out to FPR 0.300 but the shortest replicate only reached 0.008; its TPR is held flat above that
  [warn] mean_roc averages out to FPR 0.300 but the shortest replicate only reached 0.017; its TPR is held flat above that

(p=100, n=50) over 43 replicates
  t+lasso  (run_em_diagonal):    AUC = 0.133 (SE 0.002)
  ~t+lasso (run_em_exact):       AUC = 0.127 (SE 0.002)
  tlasso   (run_tlasso):         AUC = 0.046 (SE 0.002)
  t*lasso  (run_tstar_varlasso): AUC = 0.106 (SE 0.002)
  glasso   (graphical_lasso):    AUC = 0.046 (SE 0.002)
Replicate 44/50
  Theta: 89/4950 edges
  pilot fit of run_tlasso at rho=30.34854
  -> rho_max = max|S_ij| (off-diag) = 2104.16651
  rho grid: [2104.16651442 1864.01123662 1651.26565147 1462.80140278 1295.84718369
 1147.94798548 1016.92899745  900.86362705  798.04516989  706.96171325
  626.27390386  554.79525313  491.47469023  435.3811064   385.68966333
  341.66966415  302.67380876  268.12867551  237.52628919  210.41665144]
Running run_tlasso over 20 rho values, extending until FPR >= 0.3...
  rho=2104.16651 (1/20)
    fp=0.0000 tp=0.0000  [0.1s]
   nu  = 3.0000
  rho=1864.01124 (2/20)
    fp=0.0002 tp=0.0000  [0.1s]
   nu  = 3.0000
  rho=1651.26565 (3/20)
    fp=0.0002 tp=0.0000  [0.1s]
   nu  = 3.0000
  rho=1462.80140 (4/20)
    fp=0.0004 tp=0.0000  [0.1s]
   nu  = 3.0000
  rho=1295.84718 (5/20)
    fp=0.0004 tp=0.0000  [0.1s]
   nu  = 3.0000
  rho=1147.94799 (6/20)
    fp=0.0010 tp=0.0000  [0.1s]
   nu  = 3.0000
  rho=1016.92900 (7/20)
    fp=0.0012 tp=0.0000  [0.1s]
   nu  = 3.0000
  rho=900.86363 (8/20)
    fp=0.0012 tp=0.0000  [0.1s]
   nu  = 3.0000
  rho=798.04517 (9/20)
    fp=0.0014 tp=0.0000  [0.1s]
   nu  = 3.0000
  rho=706.96171 (10/20)
    fp=0.0019 tp=0.0000  [0.1s]
   nu  = 3.0000
  rho=626.27390 (11/20)
    fp=0.0023 tp=0.0000  [0.1s]
   nu  = 3.0000
  rho=554.79525 (12/20)
    fp=0.0027 tp=0.0000  [0.1s]
   nu  = 3.0000
  rho=491.47469 (13/20)
    fp=0.0031 tp=0.0000  [0.1s]
   nu  = 3.0000
  rho=435.38111 (14/20)
    fp=0.0043 tp=0.0000  [0.1s]
   nu  = 3.0000
  rho=385.68966 (15/20)
    fp=0.0056 tp=0.0000  [0.1s]
   nu  = 3.0000
  rho=341.66966 (16/20)
    fp=0.0070 tp=0.0000  [0.1s]
   nu  = 3.0000
  rho=302.67381 (17/20)
    fp=0.0086 tp=0.0000  [0.1s]
   nu  = 3.0000
  rho=268.12868 (18/20)
    fp=0.0103 tp=0.0000  [0.1s]
   nu  = 3.0000
  rho=237.52629 (19/20)
    fp=0.0128 tp=0.0000  [0.1s]
   nu  = 3.0000
  rho=210.41665 (20/20)
    fp=0.0140 tp=0.0112  [0.1s]
   nu  = 3.0000
  rho=186.40112 (21/21)  [extra 1/50]
    fp=0.0163 tp=0.0112  [0.1s]
   nu  = 3.0000
  rho=165.12657 (22/22)  [extra 2/50]
    fp=0.0202 tp=0.0225  [0.1s]
   nu  = 3.0000
  rho=146.28014 (23/23)  [extra 3/50]
    fp=0.0245 tp=0.0337  [0.1s]
   nu  = 3.0000
  rho=129.58472 (24/24)  [extra 4/50]
    fp=0.0276 tp=0.0337  [0.1s]
   nu  = 3.0000
  rho=114.79480 (25/25)  [extra 5/50]
    fp=0.0319 tp=0.0337  [0.1s]
   nu  = 3.0000
  rho=101.69290 (26/26)  [extra 6/50]
    fp=0.0370 tp=0.0337  [0.1s]
   nu  = 3.0000
  rho=90.08636 (27/27)  [extra 7/50]
    fp=0.0418 tp=0.0337  [0.1s]
   nu  = 3.0000
  rho=79.80452 (28/28)  [extra 8/50]
    fp=0.0485 tp=0.0449  [0.1s]
   nu  = 3.0000
  rho=70.69617 (29/29)  [extra 9/50]
    fp=0.0545 tp=0.0562  [0.2s]
   nu  = 3.0000
  rho=62.62739 (30/30)  [extra 10/50]
    fp=0.0592 tp=0.0674  [0.1s]
   nu  = 3.0000
  rho=55.47953 (31/31)  [extra 11/50]
    fp=0.0642 tp=0.0787  [0.1s]
   nu  = 3.0000
  rho=49.14747 (32/32)  [extra 12/50]
    fp=0.0697 tp=0.1011  [0.1s]
   nu  = 3.0000
  rho=43.53811 (33/33)  [extra 13/50]
    fp=0.0774 tp=0.1124  [0.1s]
   nu  = 3.0000
  rho=38.56897 (34/34)  [extra 14/50]
    fp=0.0856 tp=0.1124  [0.2s]
   nu  = 3.0000
  rho=34.16697 (35/35)  [extra 15/50]
    fp=0.0928 tp=0.1236  [0.2s]
   nu  = 3.0000
  rho=30.26738 (36/36)  [extra 16/50]
    fp=0.1020 tp=0.1348  [0.2s]
   nu  = 3.0000
  rho=26.81287 (37/37)  [extra 17/50]
    fp=0.1107 tp=0.1236  [0.2s]
   nu  = 3.0000
  rho=23.75263 (38/38)  [extra 18/50]
    fp=0.1195 tp=0.1348  [0.2s]
   nu  = 3.0000
  rho=21.04167 (39/39)  [extra 19/50]
    fp=0.1302 tp=0.1573  [0.2s]
   nu  = 3.0000
  rho=18.64011 (40/40)  [extra 20/50]
    fp=0.1415 tp=0.1685  [0.2s]
   nu  = 3.0000
  rho=16.51266 (41/41)  [extra 21/50]
    fp=0.1528 tp=0.1685  [0.2s]
   nu  = 3.0000
  rho=14.62801 (42/42)  [extra 22/50]
    fp=0.1629 tp=0.1798  [0.2s]
   nu  = 3.0000
  rho=12.95847 (43/43)  [extra 23/50]
    fp=0.1782 tp=0.1798  [0.3s]
   nu  = 3.0000
  rho=11.47948 (44/44)  [extra 24/50]
    fp=0.1911 tp=0.2022  [0.3s]
   nu  = 3.0000
  rho=10.16929 (45/45)  [extra 25/50]
    fp=0.2022 tp=0.2360  [0.3s]
   nu  = 3.0000
  rho=9.00864 (46/46)  [extra 26/50]
    fp=0.2185 tp=0.2697  [0.4s]
   nu  = 3.0000
  rho=7.98045 (47/47)  [extra 27/50]
    fp=0.2331 tp=0.2809  [0.4s]
   nu  = 3.0000
  rho=7.06962 (48/48)  [extra 28/50]
    fp=0.2545 tp=0.2809  [0.4s]
   nu  = 3.0000
  rho=6.26274 (49/49)  [extra 29/50]
    fp=0.2699 tp=0.2809  [0.6s]
   nu  = 3.0000
  rho=5.54795 (50/50)  [extra 30/50]
    fp=0.2859 tp=0.2921  [0.7s]
   nu  = 3.0000
  rho=4.91475 (51/51)  [extra 31/50]
    fp=0.3049 tp=0.3146  [0.3s]
   nu  = 3.0000
  FPR 0.3049 >= fp_end=0.3; stopping after 51 fits
  grid extended by 31 points down to rho=4.91475, ending at FPR 0.3049
  pilot fit of run_tstar_varlasso at rho=0.30349
  -> rho_max = max|S_ij| (off-diag) = 0.89864
  rho grid: [0.8986374  0.79607303 0.70521466 0.62472625 0.55342424 0.49026015
 0.43430519 0.38473654 0.34082533 0.30192584 0.26746607 0.23693931
 0.20989667 0.18594049 0.1647185  0.14591865 0.12926449 0.11451112
 0.1014416  0.08986374]
Running run_tstar_varlasso over 20 rho values, extending until FPR >= 0.3...
  rho=0.89864 (1/20)
    fp=0.0010 tp=0.0112  [0.2s]
   nu  = 3.0000
  rho=0.79607 (2/20)
    fp=0.0014 tp=0.0112  [0.1s]
   nu  = 3.0000
  rho=0.70521 (3/20)
    fp=0.0021 tp=0.0112  [0.1s]
   nu  = 3.0000
  rho=0.62473 (4/20)
    fp=0.0037 tp=0.0112  [0.1s]
   nu  = 3.0000
  rho=0.55342 (5/20)
    fp=0.0062 tp=0.0225  [0.1s]
   nu  = 3.0000
  rho=0.49026 (6/20)
    fp=0.0097 tp=0.0337  [0.1s]
   nu  = 3.0000
  rho=0.43431 (7/20)
    fp=0.0163 tp=0.0449  [0.1s]
   nu  = 3.0000
  rho=0.38474 (8/20)
    fp=0.0245 tp=0.0562  [0.1s]
   nu  = 3.0000
  rho=0.34083 (9/20)
    fp=0.0346 tp=0.1011  [0.1s]
   nu  = 3.0000
  rho=0.30193 (10/20)
    fp=0.0453 tp=0.1236  [0.1s]
   nu  = 3.0000
  rho=0.26747 (11/20)
    fp=0.0634 tp=0.1236  [0.1s]
   nu  = 3.0000
  rho=0.23694 (12/20)
    fp=0.0788 tp=0.1461  [0.1s]
   nu  = 3.0000
  rho=0.20990 (13/20)
    fp=0.0981 tp=0.1798  [0.1s]
   nu  = 3.0000
  rho=0.18594 (14/20)
    fp=0.1226 tp=0.2135  [0.1s]
   nu  = 3.0000
  rho=0.16472 (15/20)
    fp=0.1419 tp=0.3034  [0.1s]
   nu  = 3.0000
  rho=0.14592 (16/20)
    fp=0.1656 tp=0.4045  [0.1s]
   nu  = 3.0000
  rho=0.12926 (17/20)
    fp=0.1923 tp=0.4157  [0.2s]
   nu  = 3.0000
  rho=0.11451 (18/20)
    fp=0.2238 tp=0.4382  [0.2s]
   nu  = 3.0000
  rho=0.10144 (19/20)
    fp=0.2499 tp=0.5056  [0.2s]
   nu  = 3.0000
  rho=0.08986 (20/20)
    fp=0.2804 tp=0.5169  [0.2s]
   nu  = 3.0000
  rho=0.07961 (21/21)  [extra 1/50]
    fp=0.3047 tp=0.5393  [0.2s]
   nu  = 3.0000
  FPR 0.3047 >= fp_end=0.3; stopping after 21 fits
  grid extended by 1 points down to rho=0.07961, ending at FPR 0.3047
  pilot fit of run_em_diagonal at rho=0.30349
  -> rho_max = max|S_ij| (off-diag) = 0.52798
  rho grid: [0.52798375 0.46772327 0.41434051 0.3670505  0.32515785 0.28804654
 0.25517086 0.2260474  0.20024788 0.17739295 0.15714652 0.13921088
 0.1233223  0.10924713 0.0967784  0.08573277 0.07594782 0.06727965
 0.05960081 0.05279838]
Running run_em_diagonal over 20 rho values, extending until FPR >= 0.3...
  rho=0.52798 (1/20)
    fp=0.0004 tp=0.0112  [11.2s]
   median nu  = 0.417
   median |eta| = 1.432
  rho=0.46772 (2/20)
    fp=0.0006 tp=0.0225  [10.8s]
   median nu  = 0.435
   median |eta| = 1.417
  rho=0.41434 (3/20)
    fp=0.0019 tp=0.0337  [10.7s]
   median nu  = 0.457
   median |eta| = 1.389
  rho=0.36705 (4/20)
    fp=0.0033 tp=0.0562  [10.6s]
   median nu  = 0.48
   median |eta| = 1.268
  rho=0.32516 (5/20)
    fp=0.0062 tp=0.0787  [10.6s]
   median nu  = 0.494
   median |eta| = 1.209
  rho=0.28805 (6/20)
    fp=0.0111 tp=0.0899  [10.9s]
   median nu  = 0.507
   median |eta| = 1.225
  rho=0.25517 (7/20)
    fp=0.0160 tp=0.1236  [10.8s]
   median nu  = 0.527
   median |eta| = 1.265
  rho=0.22605 (8/20)
    fp=0.0249 tp=0.1573  [10.7s]
   median nu  = 0.548
   median |eta| = 1.229
  rho=0.20025 (9/20)
    fp=0.0346 tp=0.1910  [10.8s]
   median nu  = 0.569
   median |eta| = 1.193
  rho=0.17739 (10/20)
    fp=0.0502 tp=0.2247  [10.9s]
   median nu  = 0.58
   median |eta| = 1.201
  rho=0.15715 (11/20)
    fp=0.0669 tp=0.2921  [10.9s]
   median nu  = 0.589
   median |eta| = 1.173
  rho=0.13921 (12/20)
    fp=0.0903 tp=0.3596  [11.0s]
   median nu  = 0.606
   median |eta| = 1.178
  rho=0.12332 (13/20)
    fp=0.1068 tp=0.3708  [11.3s]
   median nu  = 0.607
   median |eta| = 1.23
  rho=0.10925 (14/20)
    fp=0.1273 tp=0.4382  [10.9s]
   median nu  = 0.61
   median |eta| = 1.21
  rho=0.09678 (15/20)
    fp=0.1518 tp=0.4494  [10.8s]
   median nu  = 0.611
   median |eta| = 1.243
  rho=0.08573 (16/20)
    fp=0.1685 tp=0.4831  [10.7s]
   median nu  = 0.616
   median |eta| = 1.039
  rho=0.07595 (17/20)
    fp=0.1872 tp=0.5393  [10.6s]
   median nu  = 0.619
   median |eta| = 0.88
  rho=0.06728 (18/20)
    fp=0.2051 tp=0.5618  [11.0s]
   median nu  = 0.652
   median |eta| = 0.906
  rho=0.05960 (19/20)
    fp=0.2244 tp=0.5955  [10.4s]
   median nu  = 0.67
   median |eta| = 0.906
  rho=0.05280 (20/20)
    fp=0.2419 tp=0.5955  [10.8s]
   median nu  = 0.707
   median |eta| = 0.856
  rho=0.04677 (21/21)  [extra 1/50]
    fp=0.2598 tp=0.6180  [10.7s]
   median nu  = 0.709
   median |eta| = 0.847
  rho=0.04143 (22/22)  [extra 2/50]
    fp=0.2730 tp=0.6292  [10.6s]
   median nu  = 0.781
   median |eta| = 0.885
  rho=0.03671 (23/23)  [extra 3/50]
    fp=0.2862 tp=0.6404  [10.5s]
   median nu  = 0.825
   median |eta| = 0.916
  rho=0.03252 (24/24)  [extra 4/50]
    fp=0.2995 tp=0.6404  [10.6s]
   median nu  = 0.826
   median |eta| = 0.94
  rho=0.02880 (25/25)  [extra 5/50]
    fp=0.3150 tp=0.6292  [10.7s]
   median nu  = 0.875
   median |eta| = 0.976
  FPR 0.3150 >= fp_end=0.3; stopping after 25 fits
  grid extended by 5 points down to rho=0.02880, ending at FPR 0.3150
  pilot fit of run_em_exact at rho=0.30349
  -> rho_max = max|S_ij| (off-diag) = 0.53980
  rho grid: [0.53979502 0.47818648 0.42360952 0.37526161 0.3324318  0.29449029
 0.26087917 0.23110419 0.20472753 0.18136132 0.16066197 0.1423251
 0.12608108 0.11169104 0.09894339 0.08765066 0.07764681 0.06878473
 0.06093411 0.0539795 ]
Running run_em_exact over 20 rho values, extending until FPR >= 0.3...
  rho=0.53980 (1/20)
    fp=0.0004 tp=0.0000  [10.4s]
   median nu  = 0.414
   median |eta| = 1.442
  rho=0.47819 (2/20)
    fp=0.0004 tp=0.0112  [10.3s]
   median nu  = 0.432
   median |eta| = 1.386
  rho=0.42361 (3/20)
    fp=0.0016 tp=0.0337  [10.4s]
   median nu  = 0.459
   median |eta| = 1.335
  rho=0.37526 (4/20)
    fp=0.0031 tp=0.0562  [10.6s]
   median nu  = 0.495
   median |eta| = 1.23
  rho=0.33243 (5/20)
    fp=0.0064 tp=0.0674  [10.5s]
   median nu  = 0.523
   median |eta| = 1.167
  rho=0.29449 (6/20)
    fp=0.0107 tp=0.0787  [10.5s]
   median nu  = 0.549
   median |eta| = 1.096
  rho=0.26088 (7/20)
    fp=0.0167 tp=0.1124  [10.5s]
   median nu  = 0.573
   median |eta| = 1.006
  rho=0.23110 (8/20)
    fp=0.0265 tp=0.1573  [10.4s]
   median nu  = 0.61
   median |eta| = 0.942
  rho=0.20473 (9/20)
    fp=0.0397 tp=0.1910  [10.4s]
   median nu  = 0.664
   median |eta| = 0.819
  rho=0.18136 (10/20)
    fp=0.0588 tp=0.2247  [10.1s]
   median nu  = 0.703
   median |eta| = 0.768
  rho=0.16066 (11/20)
    fp=0.0804 tp=0.3034  [9.5s]
   median nu  = 0.785
   median |eta| = 0.617
  rho=0.14233 (12/20)
    fp=0.1049 tp=0.3708  [9.2s]
   median nu  = 0.868
   median |eta| = 0.52
  rho=0.12608 (13/20)
    fp=0.1317 tp=0.4045  [8.9s]
   median nu  = 0.953
   median |eta| = 0.411
  rho=0.11169 (14/20)
    fp=0.1609 tp=0.4494  [9.6s]
   median nu  = 1.03
   median |eta| = 0.309
  rho=0.09894 (15/20)
    fp=0.1886 tp=0.4607  [9.6s]
   median nu  = 1.118
   median |eta| = 0.221
  rho=0.08765 (16/20)
    fp=0.2133 tp=0.5281  [9.4s]
   median nu  = 1.211
   median |eta| = 0.165
  rho=0.07765 (17/20)
    fp=0.2331 tp=0.5281  [9.2s]
   median nu  = 1.304
   median |eta| = 0.125
  rho=0.06878 (18/20)
    fp=0.2520 tp=0.5506  [9.5s]
   median nu  = 1.406
   median |eta| = 0.095
  rho=0.06093 (19/20)
    fp=0.2742 tp=0.6067  [9.1s]
   median nu  = 1.516
   median |eta| = 0.072
  rho=0.05398 (20/20)
    fp=0.2909 tp=0.6180  [8.9s]
   median nu  = 1.627
   median |eta| = 0.052
  rho=0.04782 (21/21)  [extra 1/50]
    fp=0.3088 tp=0.6404  [8.8s]
   median nu  = 1.755
   median |eta| = 0.04
  FPR 0.3088 >= fp_end=0.3; stopping after 21 fits
  grid extended by 1 points down to rho=0.04782, ending at FPR 0.3088
  graphical_lasso rho_max = max|S_ij| (off-diag) = 120.30879
  rho grid: [120.30879445 106.57756559  94.41352596  83.63780722  74.09195583
  65.63560311  58.14440106  51.50819395  45.62939846  40.42156876
  35.80812538  31.7212291   28.10078341  24.89355081  22.05236996
  19.53546219  17.30581719  15.33064873  13.58091259  12.03087944]
Running graphical_lasso over 20 rho values, extending until FPR >= 0.3...
  rho=120.30879 (1/20)
    fp=0.0000 tp=0.0000  [0.0s]
  rho=106.57757 (2/20)
    fp=0.0002 tp=0.0000  [0.0s]
  rho=94.41353 (3/20)
    fp=0.0002 tp=0.0000  [0.0s]
  rho=83.63781 (4/20)
    fp=0.0004 tp=0.0000  [0.0s]
  rho=74.09196 (5/20)
    fp=0.0006 tp=0.0000  [0.0s]
  rho=65.63560 (6/20)
    fp=0.0008 tp=0.0000  [8.8s]
  rho=58.14440 (7/20)
    fp=0.0012 tp=0.0000  [0.0s]
  rho=51.50819 (8/20)
    fp=0.0016 tp=0.0000  [0.0s]
  rho=45.62940 (9/20)
    fp=0.0019 tp=0.0000  [8.6s]
  rho=40.42157 (10/20)
    fp=0.0021 tp=0.0000  [8.8s]
  rho=35.80813 (11/20)
    fp=0.0027 tp=0.0000  [0.0s]
  rho=31.72123 (12/20)
    fp=0.0031 tp=0.0000  [0.0s]
  rho=28.10078 (13/20)
    fp=0.0039 tp=0.0000  [8.6s]
  rho=24.89355 (14/20)
    fp=0.0058 tp=0.0000  [0.0s]
  rho=22.05237 (15/20)
    fp=0.0068 tp=0.0000  [8.6s]
  rho=19.53546 (16/20)
    fp=0.0084 tp=0.0000  [0.0s]
  rho=17.30582 (17/20)
    fp=0.0099 tp=0.0000  [8.7s]
  rho=15.33065 (18/20)
    fp=0.0117 tp=0.0000  [0.0s]
  rho=13.58091 (19/20)
    fp=0.0134 tp=0.0000  [0.0s]
  rho=12.03088 (20/20)
    fp=0.0160 tp=0.0112  [0.0s]
  rho=10.65776 (21/21)  [extra 1/50]
    fp=0.0193 tp=0.0112  [0.0s]
  rho=9.44135 (22/22)  [extra 2/50]
    fp=0.0224 tp=0.0225  [0.0s]
  rho=8.36378 (23/23)  [extra 3/50]
    fp=0.0280 tp=0.0225  [0.1s]
  rho=7.40920 (24/24)  [extra 4/50]
    fp=0.0300 tp=0.0337  [8.7s]
  rho=6.56356 (25/25)  [extra 5/50]
    fp=0.0341 tp=0.0337  [0.1s]
  rho=5.81444 (26/26)  [extra 6/50]
    fp=0.0407 tp=0.0337  [0.0s]
  rho=5.15082 (27/27)  [extra 7/50]
    fp=0.0479 tp=0.0337  [0.0s]
  rho=4.56294 (28/28)  [extra 8/50]
    fp=0.0551 tp=0.0449  [0.0s]
  rho=4.04216 (29/29)  [extra 9/50]
    fp=0.0584 tp=0.0674  [0.5s]
  rho=3.58081 (30/30)  [extra 10/50]
    fp=0.0644 tp=0.0787  [0.0s]
  rho=3.17212 (31/31)  [extra 11/50]
    fp=0.0708 tp=0.1011  [1.1s]
  rho=2.81008 (32/32)  [extra 12/50]
    fp=0.0788 tp=0.1011  [0.1s]
  rho=2.48936 (33/33)  [extra 13/50]
    fp=0.0866 tp=0.1236  [0.6s]
  rho=2.20524 (34/34)  [extra 14/50]
    fp=0.0965 tp=0.1348  [0.1s]
  rho=1.95355 (35/35)  [extra 15/50]
    fp=0.1053 tp=0.1348  [0.5s]
  rho=1.73058 (36/36)  [extra 16/50]
    fp=0.1144 tp=0.1461  [0.4s]
  rho=1.53306 (37/37)  [extra 17/50]
    fp=0.1280 tp=0.1685  [0.5s]
  rho=1.35809 (38/38)  [extra 18/50]
    fp=0.1387 tp=0.1573  [0.3s]
  rho=1.20309 (39/39)  [extra 19/50]
    fp=0.1510 tp=0.1798  [0.5s]
  rho=1.06578 (40/40)  [extra 20/50]
    fp=0.1660 tp=0.1798  [0.1s]
  rho=0.94414 (41/41)  [extra 21/50]
    fp=0.1779 tp=0.2135  [0.1s]
  rho=0.83638 (42/42)  [extra 22/50]
    fp=0.1930 tp=0.2135  [0.1s]
  rho=0.74092 (43/43)  [extra 23/50]
    fp=0.2090 tp=0.2360  [0.1s]
  rho=0.65636 (44/44)  [extra 24/50]
    fp=0.2292 tp=0.2472  [0.0s]
  rho=0.58144 (45/45)  [extra 25/50]
    fp=0.2495 tp=0.2809  [0.1s]
  rho=0.51508 (46/46)  [extra 26/50]
    fp=0.2734 tp=0.2921  [0.1s]
  rho=0.45629 (47/47)  [extra 27/50]
    fp=0.2931 tp=0.3034  [0.0s]
  rho=0.40422 (48/48)  [extra 28/50]
    fp=0.3145 tp=0.3371  [0.4s]
  FPR 0.3145 >= fp_end=0.3; stopping after 48 fits
  [note] 7/48 fits hit a glasso ConvergenceWarning (suppressed)
  grid extended by 28 points down to rho=0.40422, ending at FPR 0.3145
  [warn] mean_roc averages out to FPR 0.300 but the shortest replicate only reached 0.008; its TPR is held flat above that
  [warn] mean_roc averages out to FPR 0.300 but the shortest replicate only reached 0.017; its TPR is held flat above that

(p=100, n=50) over 44 replicates
  t+lasso  (run_em_diagonal):    AUC = 0.133 (SE 0.002)
  ~t+lasso (run_em_exact):       AUC = 0.127 (SE 0.002)
  tlasso   (run_tlasso):         AUC = 0.046 (SE 0.002)
  t*lasso  (run_tstar_varlasso): AUC = 0.106 (SE 0.002)
  glasso   (graphical_lasso):    AUC = 0.046 (SE 0.002)
Replicate 45/50
  Theta: 107/4950 edges
  pilot fit of run_tlasso at rho=30.34854
  -> rho_max = max|S_ij| (off-diag) = 12106.48824
  rho grid: [12106.48824318 10724.73588312  9500.68735478  8416.34341367
  7455.75912686  6604.80940778  5850.98131134  5183.19003503
  4591.61592041  4067.56005821  3603.31637357  3192.05831069
  2827.73845049  2504.99958525  2219.09594257  1965.82340025
  1741.4576661   1542.6995133   1366.62626641  1210.64882432]
Running run_tlasso over 20 rho values, extending until FPR >= 0.3...
  rho=12106.48824 (1/20)
    fp=0.0000 tp=0.0000  [0.1s]
   nu  = 3.0000
  rho=10724.73588 (2/20)
    fp=0.0004 tp=0.0000  [0.0s]
   nu  = 3.0000
  rho=9500.68735 (3/20)
    fp=0.0004 tp=0.0000  [0.1s]
   nu  = 3.0000
  rho=8416.34341 (4/20)
    fp=0.0004 tp=0.0000  [0.1s]
   nu  = 3.0000
  rho=7455.75913 (5/20)
    fp=0.0004 tp=0.0000  [0.1s]
   nu  = 3.0000
  rho=6604.80941 (6/20)
    fp=0.0004 tp=0.0000  [0.1s]
   nu  = 3.0000
  rho=5850.98131 (7/20)
    fp=0.0004 tp=0.0000  [0.1s]
   nu  = 3.0000
  rho=5183.19004 (8/20)
    fp=0.0004 tp=0.0000  [0.1s]
   nu  = 3.0000
  rho=4591.61592 (9/20)
    fp=0.0004 tp=0.0000  [0.1s]
   nu  = 3.0000
  rho=4067.56006 (10/20)
    fp=0.0004 tp=0.0000  [0.1s]
   nu  = 3.0000
  rho=3603.31637 (11/20)
    fp=0.0004 tp=0.0000  [0.1s]
   nu  = 3.0000
  rho=3192.05831 (12/20)
    fp=0.0004 tp=0.0000  [0.1s]
   nu  = 3.0000
  rho=2827.73845 (13/20)
    fp=0.0004 tp=0.0000  [0.1s]
   nu  = 3.0000
  rho=2504.99959 (14/20)
    fp=0.0004 tp=0.0000  [0.1s]
   nu  = 3.0000
  rho=2219.09594 (15/20)
    fp=0.0006 tp=0.0000  [0.1s]
   nu  = 3.0000
  rho=1965.82340 (16/20)
    fp=0.0006 tp=0.0000  [0.1s]
   nu  = 3.0000
  rho=1741.45767 (17/20)
    fp=0.0006 tp=0.0000  [0.1s]
   nu  = 3.0000
  rho=1542.69951 (18/20)
    fp=0.0006 tp=0.0000  [0.1s]
   nu  = 3.0000
  rho=1366.62627 (19/20)
    fp=0.0006 tp=0.0000  [0.1s]
   nu  = 3.0000
  rho=1210.64882 (20/20)
    fp=0.0006 tp=0.0000  [0.1s]
   nu  = 3.0000
  rho=1072.47359 (21/21)  [extra 1/50]
    fp=0.0008 tp=0.0000  [0.1s]
   nu  = 3.0000
  rho=950.06874 (22/22)  [extra 2/50]
    fp=0.0008 tp=0.0000  [0.1s]
   nu  = 3.0000
  rho=841.63434 (23/23)  [extra 3/50]
    fp=0.0008 tp=0.0000  [0.1s]
   nu  = 3.0000
  rho=745.57591 (24/24)  [extra 4/50]
    fp=0.0008 tp=0.0000  [0.1s]
   nu  = 3.0000
  rho=660.48094 (25/25)  [extra 5/50]
    fp=0.0012 tp=0.0000  [0.1s]
   nu  = 3.0000
  rho=585.09813 (26/26)  [extra 6/50]
    fp=0.0012 tp=0.0093  [0.1s]
   nu  = 3.0000
  rho=518.31900 (27/27)  [extra 7/50]
    fp=0.0012 tp=0.0093  [0.1s]
   nu  = 3.0000
  rho=459.16159 (28/28)  [extra 8/50]
    fp=0.0014 tp=0.0093  [0.1s]
   nu  = 3.0000
  rho=406.75601 (29/29)  [extra 9/50]
    fp=0.0017 tp=0.0093  [0.1s]
   nu  = 3.0000
  rho=360.33164 (30/30)  [extra 10/50]
    fp=0.0023 tp=0.0093  [0.1s]
   nu  = 3.0000
  rho=319.20583 (31/31)  [extra 11/50]
    fp=0.0029 tp=0.0093  [0.1s]
   nu  = 3.0000
  rho=282.77385 (32/32)  [extra 12/50]
    fp=0.0037 tp=0.0093  [0.1s]
   nu  = 3.0000
  rho=250.49996 (33/33)  [extra 13/50]
    fp=0.0045 tp=0.0093  [0.1s]
   nu  = 3.0000
  rho=221.90959 (34/34)  [extra 14/50]
    fp=0.0052 tp=0.0093  [0.1s]
   nu  = 3.0000
  rho=196.58234 (35/35)  [extra 15/50]
    fp=0.0070 tp=0.0187  [0.1s]
   nu  = 3.0000
  rho=174.14577 (36/36)  [extra 16/50]
    fp=0.0083 tp=0.0187  [0.1s]
   nu  = 3.0000
  rho=154.26995 (37/37)  [extra 17/50]
    fp=0.0093 tp=0.0187  [0.1s]
   nu  = 3.0000
  rho=136.66263 (38/38)  [extra 18/50]
    fp=0.0101 tp=0.0187  [0.1s]
   nu  = 3.0000
  rho=121.06488 (39/39)  [extra 19/50]
    fp=0.0130 tp=0.0187  [0.1s]
   nu  = 3.0000
  rho=107.24736 (40/40)  [extra 20/50]
    fp=0.0138 tp=0.0187  [0.1s]
   nu  = 3.0000
  rho=95.00687 (41/41)  [extra 21/50]
    fp=0.0163 tp=0.0187  [0.2s]
   nu  = 3.0000
  rho=84.16343 (42/42)  [extra 22/50]
    fp=0.0188 tp=0.0187  [0.3s]
   nu  = 3.0000
  rho=74.55759 (43/43)  [extra 23/50]
  [warn] glasso failed at iter 2: Non SPD result: the system is too ill-conditioned for this solver. The system is too ill-conditioned for this solver; keeping previous Theta
  [warn] glasso failed at iter 3: Non SPD result: the system is too ill-conditioned for this solver. The system is too ill-conditioned for this solver; keeping previous Theta
    fp=0.0211 tp=0.0187  [0.1s]  [STALE: glasso failed on 2 EM iters]
   nu  = 3.0000
  rho=66.04809 (44/44)  [extra 24/50]
    fp=0.0237 tp=0.0187  [0.3s]
   nu  = 3.0000
  rho=58.50981 (45/45)  [extra 25/50]
    fp=0.0262 tp=0.0187  [0.3s]
   nu  = 3.0000
  rho=51.83190 (46/46)  [extra 26/50]
    fp=0.0295 tp=0.0187  [0.1s]
   nu  = 3.0000
  rho=45.91616 (47/47)  [extra 27/50]
    fp=0.0322 tp=0.0187  [0.1s]
   nu  = 3.0000
  rho=40.67560 (48/48)  [extra 28/50]
    fp=0.0368 tp=0.0187  [0.2s]
   nu  = 3.0000
  rho=36.03316 (49/49)  [extra 29/50]
    fp=0.0432 tp=0.0187  [0.5s]
   nu  = 3.0000
  rho=31.92058 (50/50)  [extra 30/50]
    fp=0.0506 tp=0.0374  [0.6s]
   nu  = 3.0000
  rho=28.27738 (51/51)  [extra 31/50]
    fp=0.0558 tp=0.0467  [0.2s]
   nu  = 3.0000
  rho=25.05000 (52/52)  [extra 32/50]
    fp=0.0652 tp=0.0654  [0.4s]
   nu  = 3.0000
  rho=22.19096 (53/53)  [extra 33/50]
    fp=0.0731 tp=0.0654  [0.3s]
   nu  = 3.0000
  rho=19.65823 (54/54)  [extra 34/50]
    fp=0.0818 tp=0.0841  [0.3s]
   nu  = 3.0000
  rho=17.41458 (55/55)  [extra 35/50]
    fp=0.0929 tp=0.0841  [0.5s]
   nu  = 3.0000
  rho=15.42700 (56/56)  [extra 36/50]
    fp=0.1051 tp=0.1121  [1.5s]
   nu  = 3.0000
  rho=13.66626 (57/57)  [extra 37/50]
    fp=0.1169 tp=0.1215  [0.3s]
   nu  = 3.0000
  rho=12.10649 (58/58)  [extra 38/50]
    fp=0.1328 tp=0.1402  [1.0s]
   nu  = 3.0000
  rho=10.72474 (59/59)  [extra 39/50]
    fp=0.1507 tp=0.1495  [0.5s]
   nu  = 3.0000
  rho=9.50069 (60/60)  [extra 40/50]
    fp=0.1695 tp=0.1682  [0.7s]
   nu  = 3.0000
  rho=8.41634 (61/61)  [extra 41/50]
    fp=0.1858 tp=0.2056  [0.4s]
   nu  = 3.0000
  rho=7.45576 (62/62)  [extra 42/50]
    fp=0.2063 tp=0.2336  [0.5s]
   nu  = 3.0000
  rho=6.60481 (63/63)  [extra 43/50]
    fp=0.2267 tp=0.2523  [22.1s]
   nu  = 3.0000
  rho=5.85098 (64/64)  [extra 44/50]
    fp=0.2490 tp=0.2804  [1.0s]
   nu  = 3.0000
  rho=5.18319 (65/65)  [extra 45/50]
    fp=0.2703 tp=0.3084  [1.1s]
   nu  = 3.0000
  rho=4.59162 (66/66)  [extra 46/50]
  [warn] glasso failed at iter 0: Non SPD result: the system is too ill-conditioned for this solver. The system is too ill-conditioned for this solver; keeping previous Theta
    fp=0.2703 tp=0.3084  [0.1s]  [STALE: glasso failed on 1 EM iters]
   nu  = 3.0000
  rho=4.06756 (67/67)  [extra 47/50]
  [warn] glasso failed at iter 0: Non SPD result: the system is too ill-conditioned for this solver. The system is too ill-conditioned for this solver; keeping previous Theta
    fp=0.2703 tp=0.3084  [0.0s]  [STALE: glasso failed on 1 EM iters]
   nu  = 3.0000
  rho=3.60332 (68/68)  [extra 48/50]
  [warn] glasso failed at iter 0: Non SPD result: the system is too ill-conditioned for this solver. The system is too ill-conditioned for this solver; keeping previous Theta
    fp=0.2703 tp=0.3084  [0.0s]  [STALE: glasso failed on 1 EM iters]
   nu  = 3.0000
  rho=3.19206 (69/69)  [extra 49/50]
  [warn] glasso failed at iter 0: Non SPD result: the system is too ill-conditioned for this solver. The system is too ill-conditioned for this solver; keeping previous Theta
    fp=0.2703 tp=0.3084  [0.1s]  [STALE: glasso failed on 1 EM iters]
   nu  = 3.0000
  rho=2.82774 (70/70)  [extra 50/50]
  [warn] glasso failed at iter 0: Non SPD result: the system is too ill-conditioned for this solver. The system is too ill-conditioned for this solver; keeping previous Theta
    fp=0.2703 tp=0.3084  [0.0s]  [STALE: glasso failed on 1 EM iters]
   nu  = 3.0000
  [note] 13/70 fits hit a glasso ConvergenceWarning (suppressed)
  [WARN] 6/70 points came from a fit whose glasso failed; those Thetas are stale, not estimates
  [warn] FPR stalled at 0.2703 < fp_end=0.3 after 50 extra fits (cap max_extra=50); the curve stops short of fp_end
  grid extended by 50 points down to rho=2.82774, ending at FPR 0.2703
  [warn] AUC integrates to fp_end=0.3 but the curve stops at FPR 0.2703; TPR held flat above that
  pilot fit of run_tstar_varlasso at rho=0.30349
  -> rho_max = max|S_ij| (off-diag) = 0.85604
  rho grid: [0.85604186 0.75833906 0.67178739 0.59511413 0.52719185 0.46702175
 0.41371906 0.36649998 0.32467016 0.28761451 0.25478814 0.22570835
 0.19994754 0.17712688 0.15691082 0.13900209 0.12313733 0.10908327
 0.09663325 0.08560419]
Running run_tstar_varlasso over 20 rho values, extending until FPR >= 0.3...
  rho=0.85604 (1/20)
    fp=0.0008 tp=0.0000  [0.2s]
   nu  = 3.0000
  rho=0.75834 (2/20)
    fp=0.0012 tp=0.0000  [0.1s]
   nu  = 3.0000
  rho=0.67179 (3/20)
    fp=0.0023 tp=0.0000  [0.1s]
   nu  = 3.0000
  rho=0.59511 (4/20)
    fp=0.0041 tp=0.0093  [0.1s]
   nu  = 3.0000
  rho=0.52719 (5/20)
    fp=0.0070 tp=0.0093  [0.1s]
   nu  = 3.0000
  rho=0.46702 (6/20)
    fp=0.0109 tp=0.0187  [0.1s]
   nu  = 3.0000
  rho=0.41372 (7/20)
    fp=0.0163 tp=0.0280  [0.1s]
   nu  = 3.0000
  rho=0.36650 (8/20)
    fp=0.0254 tp=0.0654  [0.1s]
   nu  = 3.0000
  rho=0.32467 (9/20)
    fp=0.0347 tp=0.0935  [0.1s]
   nu  = 3.0000
  rho=0.28761 (10/20)
    fp=0.0452 tp=0.1028  [0.1s]
   nu  = 3.0000
  rho=0.25479 (11/20)
    fp=0.0582 tp=0.1121  [0.1s]
   nu  = 3.0000
  rho=0.22571 (12/20)
    fp=0.0729 tp=0.1495  [0.1s]
   nu  = 3.0000
  rho=0.19995 (13/20)
    fp=0.0900 tp=0.2336  [0.1s]
   nu  = 3.0000
  rho=0.17713 (14/20)
    fp=0.1086 tp=0.2430  [0.1s]
   nu  = 3.0000
  rho=0.15691 (15/20)
    fp=0.1305 tp=0.2991  [0.1s]
   nu  = 3.0000
  rho=0.13900 (16/20)
    fp=0.1516 tp=0.3458  [0.1s]
   nu  = 3.0000
  rho=0.12314 (17/20)
    fp=0.1770 tp=0.3738  [0.2s]
   nu  = 3.0000
  rho=0.10908 (18/20)
    fp=0.2034 tp=0.3925  [0.2s]
   nu  = 3.0000
  rho=0.09663 (19/20)
    fp=0.2325 tp=0.4112  [0.2s]
   nu  = 3.0000
  rho=0.08560 (20/20)
    fp=0.2548 tp=0.4486  [0.2s]
   nu  = 3.0000
  rho=0.07583 (21/21)  [extra 1/50]
    fp=0.2781 tp=0.4860  [0.2s]
   nu  = 3.0000
  rho=0.06718 (22/22)  [extra 2/50]
    fp=0.3075 tp=0.5234  [0.2s]
   nu  = 3.0000
  FPR 0.3075 >= fp_end=0.3; stopping after 22 fits
  grid extended by 2 points down to rho=0.06718, ending at FPR 0.3075
  pilot fit of run_em_diagonal at rho=0.30349
  -> rho_max = max|S_ij| (off-diag) = 0.46809
  rho grid: [0.4680909  0.41466618 0.367339   0.32541342 0.28827294 0.25537143
 0.22622507 0.20040527 0.17753238 0.15727004 0.1393203  0.12341923
 0.109333   0.09685447 0.08580016 0.07600751 0.06733253 0.05964765
 0.05283987 0.04680909]
Running run_em_diagonal over 20 rho values, extending until FPR >= 0.3...
  rho=0.46809 (1/20)
    fp=0.0002 tp=0.0280  [10.8s]
   median nu  = 0.497
   median |eta| = 1.307
  rho=0.41467 (2/20)
    fp=0.0008 tp=0.0467  [10.6s]
   median nu  = 0.528
   median |eta| = 1.313
  rho=0.36734 (3/20)
    fp=0.0023 tp=0.0467  [11.0s]
   median nu  = 0.552
   median |eta| = 1.241
  rho=0.32541 (4/20)
    fp=0.0039 tp=0.0561  [10.8s]
   median nu  = 0.57
   median |eta| = 1.213
  rho=0.28827 (5/20)
    fp=0.0066 tp=0.0748  [10.9s]
   median nu  = 0.59
   median |eta| = 1.22
  rho=0.25537 (6/20)
    fp=0.0126 tp=0.1121  [10.9s]
   median nu  = 0.609
   median |eta| = 1.142
  rho=0.22623 (7/20)
    fp=0.0176 tp=0.1308  [10.9s]
   median nu  = 0.626
   median |eta| = 1.177
  rho=0.20041 (8/20)
    fp=0.0242 tp=0.1589  [11.1s]
   median nu  = 0.643
   median |eta| = 1.201
  rho=0.17753 (9/20)
    fp=0.0359 tp=0.1869  [11.1s]
   median nu  = 0.659
   median |eta| = 1.181
  rho=0.15727 (10/20)
    fp=0.0493 tp=0.2056  [11.4s]
   median nu  = 0.672
   median |eta| = 1.168
  rho=0.13932 (11/20)
    fp=0.0667 tp=0.2617  [11.0s]
   median nu  = 0.674
   median |eta| = 1.144
  rho=0.12342 (12/20)
    fp=0.0824 tp=0.3084  [10.9s]
   median nu  = 0.672
   median |eta| = 1.074
  rho=0.10933 (13/20)
    fp=0.1001 tp=0.3271  [10.9s]
   median nu  = 0.672
   median |eta| = 1.037
  rho=0.09685 (14/20)
    fp=0.1171 tp=0.3738  [11.0s]
   median nu  = 0.695
   median |eta| = 1.035
  rho=0.08580 (15/20)
    fp=0.1344 tp=0.4112  [11.3s]
   median nu  = 0.696
   median |eta| = 1.031
  rho=0.07601 (16/20)
    fp=0.1557 tp=0.4579  [10.6s]
   median nu  = 0.699
   median |eta| = 0.969
  rho=0.06733 (17/20)
    fp=0.1755 tp=0.4766  [10.8s]
   median nu  = 0.706
   median |eta| = 0.985
  rho=0.05965 (18/20)
    fp=0.1933 tp=0.5140  [10.5s]
   median nu  = 0.719
   median |eta| = 0.994
  rho=0.05284 (19/20)
    fp=0.2154 tp=0.5607  [10.4s]
   median nu  = 0.726
   median |eta| = 1.018
  rho=0.04681 (20/20)
    fp=0.2356 tp=0.5701  [10.3s]
   median nu  = 0.747
   median |eta| = 1.011
  rho=0.04147 (21/21)  [extra 1/50]
    fp=0.2523 tp=0.5981  [10.9s]
   median nu  = 0.785
   median |eta| = 0.997
  rho=0.03673 (22/22)  [extra 2/50]
    fp=0.2649 tp=0.6075  [10.7s]
   median nu  = 0.819
   median |eta| = 1.079
  rho=0.03254 (23/23)  [extra 3/50]
    fp=0.2781 tp=0.6355  [10.5s]
   median nu  = 0.791
   median |eta| = 1.114
  rho=0.02883 (24/24)  [extra 4/50]
    fp=0.2901 tp=0.6449  [9.8s]
   median nu  = 0.774
   median |eta| = 1.167
  rho=0.02554 (25/25)  [extra 5/50]
    fp=0.3029 tp=0.6542  [10.0s]
   median nu  = 0.795
   median |eta| = 1.245
  FPR 0.3029 >= fp_end=0.3; stopping after 25 fits
  grid extended by 5 points down to rho=0.02554, ending at FPR 0.3029
  pilot fit of run_em_exact at rho=0.30349
  -> rho_max = max|S_ij| (off-diag) = 0.50788
  rho grid: [0.50787525 0.44990982 0.39856016 0.35307121 0.31277406 0.27707616
 0.24545256 0.21743828 0.19262135 0.17063685 0.15116152 0.13390897
 0.11862551 0.1050864  0.09309255 0.0824676  0.07305531 0.06471727
 0.05733088 0.05078752]
Running run_em_exact over 20 rho values, extending until FPR >= 0.3...
  rho=0.50788 (1/20)
    fp=0.0002 tp=0.0093  [10.7s]
   median nu  = 0.478
   median |eta| = 1.362
  rho=0.44991 (2/20)
    fp=0.0002 tp=0.0374  [10.5s]
   median nu  = 0.507
   median |eta| = 1.318
  rho=0.39856 (3/20)
    fp=0.0012 tp=0.0467  [10.6s]
   median nu  = 0.537
   median |eta| = 1.294
  rho=0.35307 (4/20)
    fp=0.0025 tp=0.0561  [10.6s]
   median nu  = 0.571
   median |eta| = 1.185
  rho=0.31277 (5/20)
    fp=0.0058 tp=0.0561  [10.7s]
   median nu  = 0.605
   median |eta| = 1.13
  rho=0.27708 (6/20)
    fp=0.0097 tp=0.0748  [10.8s]
   median nu  = 0.628
   median |eta| = 1.104
  rho=0.24545 (7/20)
    fp=0.0153 tp=0.1121  [10.5s]
   median nu  = 0.678
   median |eta| = 0.981
  rho=0.21744 (8/20)
    fp=0.0233 tp=0.1495  [10.4s]
   median nu  = 0.72
   median |eta| = 0.81
  rho=0.19262 (9/20)
    fp=0.0353 tp=0.1682  [10.1s]
   median nu  = 0.755
   median |eta| = 0.741
  rho=0.17064 (10/20)
    fp=0.0535 tp=0.1963  [10.0s]
   median nu  = 0.797
   median |eta| = 0.664
  rho=0.15116 (11/20)
    fp=0.0743 tp=0.2617  [9.8s]
   median nu  = 0.848
   median |eta| = 0.535
  rho=0.13391 (12/20)
    fp=0.0911 tp=0.2897  [9.6s]
   median nu  = 0.904
   median |eta| = 0.433
  rho=0.11863 (13/20)
    fp=0.1136 tp=0.3364  [9.2s]
   median nu  = 0.974
   median |eta| = 0.376
  rho=0.10509 (14/20)
    fp=0.1375 tp=0.3738  [10.1s]
   median nu  = 1.056
   median |eta| = 0.308
  rho=0.09309 (15/20)
    fp=0.1604 tp=0.4019  [9.7s]
   median nu  = 1.144
   median |eta| = 0.213
  rho=0.08247 (16/20)
    fp=0.1850 tp=0.4579  [9.4s]
   median nu  = 1.23
   median |eta| = 0.17
  rho=0.07306 (17/20)
    fp=0.2075 tp=0.4673  [9.3s]
   median nu  = 1.32
   median |eta| = 0.129
  rho=0.06472 (18/20)
    fp=0.2278 tp=0.4766  [9.2s]
   median nu  = 1.414
   median |eta| = 0.102
  rho=0.05733 (19/20)
    fp=0.2515 tp=0.5327  [9.0s]
   median nu  = 1.518
   median |eta| = 0.082
  rho=0.05079 (20/20)
    fp=0.2711 tp=0.5794  [8.9s]
   median nu  = 1.631
   median |eta| = 0.063
  rho=0.04499 (21/21)  [extra 1/50]
    fp=0.2893 tp=0.5888  [8.8s]
   median nu  = 1.763
   median |eta| = 0.047
  rho=0.03986 (22/22)  [extra 2/50]
    fp=0.3066 tp=0.5888  [8.7s]
   median nu  = 1.89
   median |eta| = 0.034
  FPR 0.3066 >= fp_end=0.3; stopping after 22 fits
  grid extended by 2 points down to rho=0.03986, ending at FPR 0.3066
  graphical_lasso rho_max = max|S_ij| (off-diag) = 698.91199
  rho grid: [698.91199418 619.14292506 548.47815583 485.87858352 430.42370131
 381.2980628  337.77929108 299.22745645 265.07566645 234.82172986
 208.02077215 184.27869376 163.24637498 144.61454225 128.10922039
 113.48770389 100.534988    89.06060714  78.8958342   69.89119942]
Running graphical_lasso over 20 rho values, extending until FPR >= 0.3...
  rho=698.91199 (1/20)
    fp=0.0002 tp=0.0000  [8.7s]
  rho=619.14293 (2/20)
    fp=0.0004 tp=0.0000  [0.0s]
  rho=548.47816 (3/20)
    fp=0.0004 tp=0.0000  [8.6s]
  rho=485.87858 (4/20)
    fp=0.0004 tp=0.0000  [0.0s]
  rho=430.42370 (5/20)
    fp=0.0004 tp=0.0000  [0.0s]
  rho=381.29806 (6/20)
    fp=0.0004 tp=0.0000  [0.0s]
  rho=337.77929 (7/20)
    fp=0.0004 tp=0.0000  [0.0s]
  rho=299.22746 (8/20)
    fp=0.0004 tp=0.0000  [0.0s]
  rho=265.07567 (9/20)
    fp=0.0004 tp=0.0000  [0.0s]
  rho=234.82173 (10/20)
    fp=0.0004 tp=0.0000  [0.0s]
  rho=208.02077 (11/20)
    fp=0.0004 tp=0.0000  [0.0s]
  rho=184.27869 (12/20)
    fp=0.0004 tp=0.0000  [0.0s]
  rho=163.24637 (13/20)
    fp=0.0004 tp=0.0000  [0.0s]
  rho=144.61454 (14/20)
    fp=0.0006 tp=0.0000  [0.0s]
  rho=128.10922 (15/20)
    fp=0.0006 tp=0.0000  [0.0s]
  rho=113.48770 (16/20)
    fp=0.0006 tp=0.0000  [0.0s]
  rho=100.53499 (17/20)
    fp=0.0006 tp=0.0000  [0.0s]
  rho=89.06061 (18/20)
    fp=0.0006 tp=0.0000  [0.0s]
  rho=78.89583 (19/20)
    fp=0.0006 tp=0.0000  [0.0s]
  rho=69.89120 (20/20)
    fp=0.0006 tp=0.0000  [0.0s]
  rho=61.91429 (21/21)  [extra 1/50]
    fp=0.0006 tp=0.0000  [0.0s]
  rho=54.84782 (22/22)  [extra 2/50]
    fp=0.0008 tp=0.0000  [0.0s]
  rho=48.58786 (23/23)  [extra 3/50]
    [WARN] glasso failed: Non SPD result: the system is too ill-conditioned for this solver. The system is too ill-conditioned for this solver; reusing previous Theta
    fp=0.0008 tp=0.0000  [0.2s]
  rho=43.04237 (24/24)  [extra 4/50]
    fp=0.0008 tp=0.0000  [0.0s]
  rho=38.12981 (25/25)  [extra 5/50]
    fp=0.0008 tp=0.0000  [0.0s]
  rho=33.77793 (26/26)  [extra 6/50]
    [WARN] glasso failed: Non SPD result: the system is too ill-conditioned for this solver. The system is too ill-conditioned for this solver; reusing previous Theta
    fp=0.0008 tp=0.0000  [0.1s]
  rho=29.92275 (27/27)  [extra 7/50]
    fp=0.0014 tp=0.0093  [0.0s]
  rho=26.50757 (28/28)  [extra 8/50]
    fp=0.0017 tp=0.0093  [8.9s]
  rho=23.48217 (29/29)  [extra 9/50]
    [WARN] glasso failed: Non SPD result: the system is too ill-conditioned for this solver. The system is too ill-conditioned for this solver; reusing previous Theta
    fp=0.0017 tp=0.0093  [0.3s]
  rho=20.80208 (30/30)  [extra 10/50]
    [WARN] glasso failed: Non SPD result: the system is too ill-conditioned for this solver. The system is too ill-conditioned for this solver; reusing previous Theta
    fp=0.0017 tp=0.0093  [0.0s]
  rho=18.42787 (31/31)  [extra 11/50]
    [WARN] glasso failed: Non SPD result: the system is too ill-conditioned for this solver. The system is too ill-conditioned for this solver; reusing previous Theta
    fp=0.0017 tp=0.0093  [0.1s]
  rho=16.32464 (32/32)  [extra 12/50]
    fp=0.0047 tp=0.0093  [8.9s]
  rho=14.46145 (33/33)  [extra 13/50]
    fp=0.0054 tp=0.0093  [0.7s]
  rho=12.81092 (34/34)  [extra 14/50]
    fp=0.0062 tp=0.0093  [8.7s]
  rho=11.34877 (35/35)  [extra 15/50]
    fp=0.0078 tp=0.0187  [0.9s]
  rho=10.05350 (36/36)  [extra 16/50]
    fp=0.0085 tp=0.0187  [8.7s]
  rho=8.90606 (37/37)  [extra 17/50]
    fp=0.0114 tp=0.0187  [8.9s]
  rho=7.88958 (38/38)  [extra 18/50]
    fp=0.0126 tp=0.0187  [4.8s]
  rho=6.98912 (39/39)  [extra 19/50]
    [WARN] glasso failed: Non SPD result: the system is too ill-conditioned for this solver. The system is too ill-conditioned for this solver; reusing previous Theta
    fp=0.0126 tp=0.0187  [0.1s]
  rho=6.19143 (40/40)  [extra 20/50]
    [WARN] glasso failed: Non SPD result: the system is too ill-conditioned for this solver. The system is too ill-conditioned for this solver; reusing previous Theta
    fp=0.0126 tp=0.0187  [0.1s]
  rho=5.48478 (41/41)  [extra 21/50]
    fp=0.0180 tp=0.0187  [8.9s]
  rho=4.85879 (42/42)  [extra 22/50]
    [WARN] glasso failed: Non SPD result: the system is too ill-conditioned for this solver. The system is too ill-conditioned for this solver; reusing previous Theta
    fp=0.0180 tp=0.0187  [0.0s]
  rho=4.30424 (43/43)  [extra 23/50]
    fp=0.0235 tp=0.0187  [4.4s]
  rho=3.81298 (44/44)  [extra 24/50]
    [WARN] glasso failed: Non SPD result: the system is too ill-conditioned for this solver. The system is too ill-conditioned for this solver; reusing previous Theta
    fp=0.0235 tp=0.0187  [2.1s]
  rho=3.37779 (45/45)  [extra 25/50]
    fp=0.0310 tp=0.0187  [0.2s]
  rho=2.99227 (46/46)  [extra 26/50]
    fp=0.0351 tp=0.0187  [2.0s]
  rho=2.65076 (47/47)  [extra 27/50]
    fp=0.0419 tp=0.0187  [0.6s]
  rho=2.34822 (48/48)  [extra 28/50]
    fp=0.0471 tp=0.0374  [1.3s]
  rho=2.08021 (49/49)  [extra 29/50]
    fp=0.0545 tp=0.0467  [1.5s]
  rho=1.84279 (50/50)  [extra 30/50]
    fp=0.0617 tp=0.0654  [1.1s]
  rho=1.63246 (51/51)  [extra 31/50]
    fp=0.0737 tp=0.0748  [4.4s]
  rho=1.44615 (52/52)  [extra 32/50]
    fp=0.0830 tp=0.0748  [2.1s]
  rho=1.28109 (53/53)  [extra 33/50]
    fp=0.0942 tp=0.0841  [0.1s]
  rho=1.13488 (54/54)  [extra 34/50]
    fp=0.1070 tp=0.1028  [3.2s]
  rho=1.00535 (55/55)  [extra 35/50]
    fp=0.1253 tp=0.1308  [0.9s]
  rho=0.89061 (56/56)  [extra 36/50]
    fp=0.1398 tp=0.1402  [0.1s]
  rho=0.78896 (57/57)  [extra 37/50]
    fp=0.1594 tp=0.1495  [0.8s]
  rho=0.69891 (58/58)  [extra 38/50]
    fp=0.1765 tp=0.1869  [2.3s]
  rho=0.61914 (59/59)  [extra 39/50]
    fp=0.1955 tp=0.2150  [0.7s]
  rho=0.54848 (60/60)  [extra 40/50]
    fp=0.2211 tp=0.2430  [0.7s]
  rho=0.48588 (61/61)  [extra 41/50]
    fp=0.2443 tp=0.2804  [2.4s]
  rho=0.43042 (62/62)  [extra 42/50]
    fp=0.2655 tp=0.2991  [0.6s]
  rho=0.38130 (63/63)  [extra 43/50]
    fp=0.2839 tp=0.3084  [0.2s]
  rho=0.33778 (64/64)  [extra 44/50]
    [WARN] glasso failed: Non SPD result: the system is too ill-conditioned for this solver. The system is too ill-conditioned for this solver; reusing previous Theta
    fp=0.2839 tp=0.3084  [0.3s]
  rho=0.29923 (65/65)  [extra 45/50]
    [WARN] glasso failed: Non SPD result: the system is too ill-conditioned for this solver. The system is too ill-conditioned for this solver; reusing previous Theta
    fp=0.2839 tp=0.3084  [0.3s]
  rho=0.26508 (66/66)  [extra 46/50]
    [WARN] glasso failed: Non SPD result: the system is too ill-conditioned for this solver. The system is too ill-conditioned for this solver; reusing previous Theta
    fp=0.2839 tp=0.3084  [0.2s]
  rho=0.23482 (67/67)  [extra 47/50]
    [WARN] glasso failed: Non SPD result: the system is too ill-conditioned for this solver. The system is too ill-conditioned for this solver; reusing previous Theta
    fp=0.2839 tp=0.3084  [0.2s]
  rho=0.20802 (68/68)  [extra 48/50]
    [WARN] glasso failed: Non SPD result: the system is too ill-conditioned for this solver. The system is too ill-conditioned for this solver; reusing previous Theta
    fp=0.2839 tp=0.3084  [0.2s]
  rho=0.18428 (69/69)  [extra 49/50]
    [WARN] glasso failed: Non SPD result: the system is too ill-conditioned for this solver. The system is too ill-conditioned for this solver; reusing previous Theta
    fp=0.2839 tp=0.3084  [0.2s]
  rho=0.16325 (70/70)  [extra 50/50]
    [WARN] glasso failed: Non SPD result: the system is too ill-conditioned for this solver. The system is too ill-conditioned for this solver; reusing previous Theta
    fp=0.2839 tp=0.3084  [0.2s]
  [note] 15/70 fits hit a glasso ConvergenceWarning (suppressed)
  [WARN] 16/70 points reused the previous Theta after a glasso failure; those are not estimates
  [warn] FPR stalled at 0.2839 < fp_end=0.3 after 50 extra fits (cap max_extra=50); the curve stops short of fp_end
  grid extended by 50 points down to rho=0.16325, ending at FPR 0.2839
  [warn] AUC integrates to fp_end=0.3 but the curve stops at FPR 0.2839; TPR held flat above that
  [warn] mean_roc averages out to FPR 0.300 but the shortest replicate only reached 0.008; its TPR is held flat above that
  [warn] mean_roc averages out to FPR 0.300 but the shortest replicate only reached 0.017; its TPR is held flat above that

(p=100, n=50) over 45 replicates
  t+lasso  (run_em_diagonal):    AUC = 0.133 (SE 0.002)
  ~t+lasso (run_em_exact):       AUC = 0.126 (SE 0.002)
  tlasso   (run_tlasso):         AUC = 0.046 (SE 0.002)
  t*lasso  (run_tstar_varlasso): AUC = 0.106 (SE 0.002)
  glasso   (graphical_lasso):    AUC = 0.046 (SE 0.002)
Replicate 46/50
  Theta: 93/4950 edges
  pilot fit of run_tlasso at rho=30.34854
  -> rho_max = max|S_ij| (off-diag) = 47460.28985
  rho grid: [47460.28985347 42043.49464443 37244.93565828 32994.05161063
 29228.33460294 25892.41096374 22937.22699642 20319.32766023
 18000.21757766 15945.7949722  14125.85021256 12513.62158962
 11085.401794    9820.18930766  8699.37958319  7706.49146992
  6826.92486378  6047.74601745  5357.49735369  4746.02898535]
Running run_tlasso over 20 rho values, extending until FPR >= 0.3...
  rho=47460.28985 (1/20)
    fp=0.0000 tp=0.0000  [0.1s]
   nu  = 3.0000
  rho=42043.49464 (2/20)
    fp=0.0002 tp=0.0000  [0.0s]
   nu  = 3.0000
  rho=37244.93566 (3/20)
    fp=0.0002 tp=0.0000  [0.1s]
   nu  = 3.0000
  rho=32994.05161 (4/20)
    fp=0.0002 tp=0.0000  [0.0s]
   nu  = 3.0000
  rho=29228.33460 (5/20)
    fp=0.0002 tp=0.0000  [0.1s]
   nu  = 3.0000
  rho=25892.41096 (6/20)
    fp=0.0002 tp=0.0000  [0.0s]
   nu  = 3.0000
  rho=22937.22700 (7/20)
    fp=0.0002 tp=0.0000  [0.1s]
   nu  = 3.0000
  rho=20319.32766 (8/20)
    fp=0.0002 tp=0.0000  [0.0s]
   nu  = 3.0000
  rho=18000.21758 (9/20)
    fp=0.0002 tp=0.0000  [0.1s]
   nu  = 3.0000
  rho=15945.79497 (10/20)
    fp=0.0002 tp=0.0000  [0.0s]
   nu  = 3.0000
  rho=14125.85021 (11/20)
    fp=0.0002 tp=0.0000  [0.1s]
   nu  = 3.0000
  rho=12513.62159 (12/20)
    fp=0.0002 tp=0.0000  [0.0s]
   nu  = 3.0000
  rho=11085.40179 (13/20)
    fp=0.0002 tp=0.0000  [0.1s]
   nu  = 3.0000
  rho=9820.18931 (14/20)
    fp=0.0002 tp=0.0000  [0.1s]
   nu  = 3.0000
  rho=8699.37958 (15/20)
    fp=0.0002 tp=0.0000  [0.1s]
   nu  = 3.0000
  rho=7706.49147 (16/20)
    fp=0.0002 tp=0.0000  [0.1s]
   nu  = 3.0000
  rho=6826.92486 (17/20)
    fp=0.0002 tp=0.0000  [0.1s]
   nu  = 3.0000
  rho=6047.74602 (18/20)
    fp=0.0004 tp=0.0000  [0.1s]
   nu  = 3.0000
  rho=5357.49735 (19/20)
    fp=0.0004 tp=0.0000  [0.1s]
   nu  = 3.0000
  rho=4746.02899 (20/20)
    fp=0.0006 tp=0.0000  [0.2s]
   nu  = 3.0000
  rho=4204.34946 (21/21)  [extra 1/50]
    fp=0.0008 tp=0.0000  [0.3s]
   nu  = 3.0000
  rho=3724.49357 (22/22)  [extra 2/50]
    fp=0.0010 tp=0.0000  [0.1s]
   nu  = 3.0000
  rho=3299.40516 (23/23)  [extra 3/50]
    fp=0.0012 tp=0.0000  [0.1s]
   nu  = 3.0000
  rho=2922.83346 (24/24)  [extra 4/50]
    fp=0.0012 tp=0.0000  [0.1s]
   nu  = 3.0000
  rho=2589.24110 (25/25)  [extra 5/50]
    fp=0.0014 tp=0.0000  [0.1s]
   nu  = 3.0000
  rho=2293.72270 (26/26)  [extra 6/50]
    fp=0.0016 tp=0.0000  [0.1s]
   nu  = 3.0000
  rho=2031.93277 (27/27)  [extra 7/50]
    fp=0.0019 tp=0.0000  [0.1s]
   nu  = 3.0000
  rho=1800.02176 (28/28)  [extra 8/50]
    fp=0.0019 tp=0.0000  [0.1s]
   nu  = 3.0000
  rho=1594.57950 (29/29)  [extra 9/50]
    fp=0.0019 tp=0.0000  [0.1s]
   nu  = 3.0000
  rho=1412.58502 (30/30)  [extra 10/50]
    fp=0.0021 tp=0.0000  [0.1s]
   nu  = 3.0000
  rho=1251.36216 (31/31)  [extra 11/50]
    fp=0.0021 tp=0.0000  [0.1s]
   nu  = 3.0000
  rho=1108.54018 (32/32)  [extra 12/50]
    fp=0.0021 tp=0.0000  [0.1s]
   nu  = 3.0000
  rho=982.01893 (33/33)  [extra 13/50]
    fp=0.0021 tp=0.0000  [0.1s]
   nu  = 3.0000
  rho=869.93796 (34/34)  [extra 14/50]
    fp=0.0031 tp=0.0000  [0.1s]
   nu  = 3.0000
  rho=770.64915 (35/35)  [extra 15/50]
    fp=0.0043 tp=0.0000  [0.1s]
   nu  = 3.0000
  rho=682.69249 (36/36)  [extra 16/50]
    fp=0.0049 tp=0.0000  [0.1s]
   nu  = 3.0000
  rho=604.77460 (37/37)  [extra 17/50]
    fp=0.0062 tp=0.0000  [0.1s]
   nu  = 3.0000
  rho=535.74974 (38/38)  [extra 18/50]
    fp=0.0072 tp=0.0108  [0.1s]
   nu  = 3.0000
  rho=474.60290 (39/39)  [extra 19/50]
    fp=0.0076 tp=0.0215  [0.1s]
   nu  = 3.0000
  rho=420.43495 (40/40)  [extra 20/50]
    fp=0.0080 tp=0.0215  [0.1s]
   nu  = 3.0000
  rho=372.44936 (41/41)  [extra 21/50]
    fp=0.0103 tp=0.0215  [0.1s]
   nu  = 3.0000
  rho=329.94052 (42/42)  [extra 22/50]
    fp=0.0115 tp=0.0215  [0.1s]
   nu  = 3.0000
  rho=292.28335 (43/43)  [extra 23/50]
    fp=0.0121 tp=0.0215  [0.1s]
   nu  = 3.0000
  rho=258.92411 (44/44)  [extra 24/50]
    fp=0.0136 tp=0.0215  [0.1s]
   nu  = 3.0000
  rho=229.37227 (45/45)  [extra 25/50]
    fp=0.0150 tp=0.0215  [0.2s]
   nu  = 3.0000
  rho=203.19328 (46/46)  [extra 26/50]
    fp=0.0173 tp=0.0215  [0.2s]
   nu  = 3.0000
  rho=180.00218 (47/47)  [extra 27/50]
    fp=0.0208 tp=0.0215  [0.2s]
   nu  = 3.0000
  rho=159.45795 (48/48)  [extra 28/50]
    fp=0.0222 tp=0.0215  [0.1s]
   nu  = 3.0000
  rho=141.25850 (49/49)  [extra 29/50]
    fp=0.0247 tp=0.0430  [0.1s]
   nu  = 3.0000
  rho=125.13622 (50/50)  [extra 30/50]
    fp=0.0274 tp=0.0538  [0.1s]
   nu  = 3.0000
  rho=110.85402 (51/51)  [extra 31/50]
    fp=0.0309 tp=0.0538  [0.1s]
   nu  = 3.0000
  rho=98.20189 (52/52)  [extra 32/50]
    fp=0.0366 tp=0.0645  [0.1s]
   nu  = 3.0000
  rho=86.99380 (53/53)  [extra 33/50]
    fp=0.0406 tp=0.0645  [0.1s]
   nu  = 3.0000
  rho=77.06491 (54/54)  [extra 34/50]
    fp=0.0461 tp=0.0753  [0.1s]
   nu  = 3.0000
  rho=68.26925 (55/55)  [extra 35/50]
    fp=0.0513 tp=0.0753  [0.3s]
   nu  = 3.0000
  rho=60.47746 (56/56)  [extra 36/50]
    fp=0.0550 tp=0.0753  [0.2s]
   nu  = 3.0000
  rho=53.57497 (57/57)  [extra 37/50]
    fp=0.0634 tp=0.0968  [0.2s]
   nu  = 3.0000
  rho=47.46029 (58/58)  [extra 38/50]
    fp=0.0696 tp=0.1183  [0.2s]
   nu  = 3.0000
  rho=42.04349 (59/59)  [extra 39/50]
    fp=0.0768 tp=0.1290  [0.2s]
   nu  = 3.0000
  rho=37.24494 (60/60)  [extra 40/50]
    fp=0.0842 tp=0.1290  [0.2s]
   nu  = 3.0000
  rho=32.99405 (61/61)  [extra 41/50]
    fp=0.0931 tp=0.1613  [0.2s]
   nu  = 3.0000
  rho=29.22833 (62/62)  [extra 42/50]
    fp=0.1032 tp=0.1613  [0.9s]
   nu  = 3.0000
  rho=25.89241 (63/63)  [extra 43/50]
    fp=0.1130 tp=0.1613  [0.6s]
   nu  = 3.0000
  rho=22.93723 (64/64)  [extra 44/50]
    fp=0.1235 tp=0.1613  [0.5s]
   nu  = 3.0000
  rho=20.31933 (65/65)  [extra 45/50]
    fp=0.1338 tp=0.1613  [0.5s]
   nu  = 3.0000
  rho=18.00022 (66/66)  [extra 46/50]
    fp=0.1468 tp=0.1613  [0.3s]
   nu  = 3.0000
  rho=15.94579 (67/67)  [extra 47/50]
    fp=0.1604 tp=0.1828  [0.4s]
   nu  = 3.0000
  rho=14.12585 (68/68)  [extra 48/50]
    fp=0.1694 tp=0.1935  [0.4s]
   nu  = 3.0000
  rho=12.51362 (69/69)  [extra 49/50]
    fp=0.1822 tp=0.2151  [0.5s]
   nu  = 3.0000
  rho=11.08540 (70/70)  [extra 50/50]
    fp=0.1946 tp=0.2258  [0.5s]
   nu  = 3.0000
  [note] 6/70 fits hit a glasso ConvergenceWarning (suppressed)
  [warn] FPR stalled at 0.1946 < fp_end=0.3 after 50 extra fits (cap max_extra=50); the curve stops short of fp_end
  grid extended by 50 points down to rho=11.08540, ending at FPR 0.1946
  [warn] AUC integrates to fp_end=0.3 but the curve stops at FPR 0.1946; TPR held flat above that
  pilot fit of run_tstar_varlasso at rho=0.30349
  -> rho_max = max|S_ij| (off-diag) = 0.78882
  rho grid: [0.78882356 0.6987926  0.61903716 0.54838446 0.48579558 0.43035017
 0.38123293 0.33772159 0.29917634 0.26503038 0.23478162 0.20798524
 0.18424721 0.16321849 0.14458984 0.12808734 0.11346832 0.10051781
 0.08904539 0.07888236]
Running run_tstar_varlasso over 20 rho values, extending until FPR >= 0.3...
  rho=0.78882 (1/20)
    fp=0.0019 tp=0.0108  [0.2s]
   nu  = 3.0000
  rho=0.69879 (2/20)
    fp=0.0037 tp=0.0108  [0.1s]
   nu  = 3.0000
  rho=0.61904 (3/20)
    fp=0.0076 tp=0.0215  [0.1s]
   nu  = 3.0000
  rho=0.54838 (4/20)
    fp=0.0111 tp=0.0430  [0.1s]
   nu  = 3.0000
  rho=0.48580 (5/20)
    fp=0.0150 tp=0.0645  [0.1s]
   nu  = 3.0000
  rho=0.43035 (6/20)
    fp=0.0239 tp=0.0968  [0.1s]
   nu  = 3.0000
  rho=0.38123 (7/20)
    fp=0.0334 tp=0.1398  [0.1s]
   nu  = 3.0000
  rho=0.33772 (8/20)
    fp=0.0445 tp=0.1505  [0.1s]
   nu  = 3.0000
  rho=0.29918 (9/20)
    fp=0.0574 tp=0.1828  [0.1s]
   nu  = 3.0000
  rho=0.26503 (10/20)
    fp=0.0714 tp=0.2258  [0.1s]
   nu  = 3.0000
  rho=0.23478 (11/20)
    fp=0.0920 tp=0.2796  [0.1s]
   nu  = 3.0000
  rho=0.20799 (12/20)
    fp=0.1145 tp=0.3333  [0.1s]
   nu  = 3.0000
  rho=0.18425 (13/20)
    fp=0.1357 tp=0.4409  [0.1s]
   nu  = 3.0000
  rho=0.16322 (14/20)
    fp=0.1598 tp=0.4516  [0.1s]
   nu  = 3.0000
  rho=0.14459 (15/20)
    fp=0.1853 tp=0.4946  [0.2s]
   nu  = 3.0000
  rho=0.12809 (16/20)
    fp=0.2063 tp=0.4946  [0.2s]
   nu  = 3.0000
  rho=0.11347 (17/20)
    fp=0.2316 tp=0.5269  [0.2s]
   nu  = 3.0000
  rho=0.10052 (18/20)
    fp=0.2586 tp=0.5914  [0.2s]
   nu  = 3.0000
  rho=0.08905 (19/20)
    fp=0.2839 tp=0.6129  [0.2s]
   nu  = 3.0000
  rho=0.07888 (20/20)
    fp=0.3078 tp=0.6452  [0.2s]
   nu  = 3.0000
  FPR 0.3078 >= fp_end=0.3; stopping after 20 fits
  pilot fit of run_em_diagonal at rho=0.30349
  -> rho_max = max|S_ij| (off-diag) = 0.65826
  rho grid: [0.65826275 0.58313311 0.51657825 0.45761952 0.40538993 0.35912148
 0.31813379 0.28182416 0.24965867 0.22116432 0.19592213 0.17356091
 0.15375184 0.13620365 0.12065829 0.10688717 0.0946878  0.08388078
 0.07430719 0.06582627]
Running run_em_diagonal over 20 rho values, extending until FPR >= 0.3...
  rho=0.65826 (1/20)
    fp=0.0002 tp=0.0000  [10.5s]
   median nu  = 0.454
   median |eta| = 1.583
  rho=0.58313 (2/20)
    fp=0.0004 tp=0.0108  [10.4s]
   median nu  = 0.474
   median |eta| = 1.487
  rho=0.51658 (3/20)
    fp=0.0008 tp=0.0108  [10.6s]
   median nu  = 0.494
   median |eta| = 1.378
  rho=0.45762 (4/20)
    fp=0.0025 tp=0.0215  [10.9s]
   median nu  = 0.512
   median |eta| = 1.308
  rho=0.40539 (5/20)
    fp=0.0045 tp=0.0430  [10.4s]
   median nu  = 0.535
   median |eta| = 1.227
  rho=0.35912 (6/20)
    fp=0.0074 tp=0.0645  [10.6s]
   median nu  = 0.553
   median |eta| = 1.172
  rho=0.31813 (7/20)
    fp=0.0117 tp=0.0968  [10.5s]
   median nu  = 0.57
   median |eta| = 1.15
  rho=0.28182 (8/20)
    fp=0.0189 tp=0.1398  [10.4s]
   median nu  = 0.589
   median |eta| = 1.113
  rho=0.24966 (9/20)
    fp=0.0282 tp=0.1935  [10.3s]
   median nu  = 0.609
   median |eta| = 1.103
  rho=0.22116 (10/20)
    fp=0.0426 tp=0.2151  [10.4s]
   median nu  = 0.628
   median |eta| = 1.105
  rho=0.19592 (11/20)
    fp=0.0568 tp=0.2258  [10.4s]
   median nu  = 0.649
   median |eta| = 1.102
  rho=0.17356 (12/20)
    fp=0.0721 tp=0.2796  [10.4s]
   median nu  = 0.668
   median |eta| = 1.013
  rho=0.15375 (13/20)
    fp=0.0877 tp=0.3333  [10.4s]
   median nu  = 0.686
   median |eta| = 0.963
  rho=0.13620 (14/20)
    fp=0.1038 tp=0.3978  [10.4s]
   median nu  = 0.731
   median |eta| = 0.917
  rho=0.12066 (15/20)
    fp=0.1215 tp=0.4516  [10.5s]
   median nu  = 0.752
   median |eta| = 0.961
  rho=0.10689 (16/20)
    fp=0.1388 tp=0.4839  [10.6s]
   median nu  = 0.771
   median |eta| = 0.941
  rho=0.09469 (17/20)
    fp=0.1565 tp=0.4946  [10.4s]
   median nu  = 0.782
   median |eta| = 0.948
  rho=0.08388 (18/20)
    fp=0.1748 tp=0.5376  [10.5s]
   median nu  = 0.81
   median |eta| = 0.987
  rho=0.07431 (19/20)
    fp=0.1929 tp=0.5591  [10.4s]
   median nu  = 0.834
   median |eta| = 0.973
  rho=0.06583 (20/20)
    fp=0.2088 tp=0.5914  [10.4s]
   median nu  = 0.851
   median |eta| = 1.031
  rho=0.05831 (21/21)  [extra 1/50]
    fp=0.2211 tp=0.6129  [10.4s]
   median nu  = 0.916
   median |eta| = 0.973
  rho=0.05166 (22/22)  [extra 2/50]
    fp=0.2378 tp=0.6129  [10.2s]
   median nu  = 0.911
   median |eta| = 1.024
  rho=0.04576 (23/23)  [extra 3/50]
    fp=0.2493 tp=0.6452  [10.2s]
   median nu  = 0.909
   median |eta| = 1.062
  rho=0.04054 (24/24)  [extra 4/50]
    fp=0.2611 tp=0.6559  [10.2s]
   median nu  = 0.898
   median |eta| = 0.923
  rho=0.03591 (25/25)  [extra 5/50]
    fp=0.2779 tp=0.6667  [10.7s]
   median nu  = 0.972
   median |eta| = 0.751
  rho=0.03181 (26/26)  [extra 6/50]
    fp=0.2876 tp=0.6774  [10.7s]
   median nu  = 0.943
   median |eta| = 0.845
  rho=0.02818 (27/27)  [extra 7/50]
    fp=0.3066 tp=0.6774  [11.1s]
   median nu  = 0.979
   median |eta| = 0.791
  FPR 0.3066 >= fp_end=0.3; stopping after 27 fits
  grid extended by 7 points down to rho=0.02818, ending at FPR 0.3066
  pilot fit of run_em_exact at rho=0.30349
  -> rho_max = max|S_ij| (off-diag) = 0.66430
  rho grid: [0.66429912 0.58848053 0.52131536 0.46181597 0.40910743 0.36241468
 0.32105113 0.28440854 0.25194808 0.22319243 0.19771877 0.17515249
 0.15516177 0.13745266 0.12176475 0.10786735 0.0955561  0.08464998
 0.0749886  0.06642991]
Running run_em_exact over 20 rho values, extending until FPR >= 0.3...
  rho=0.66430 (1/20)
    fp=0.0002 tp=0.0000  [11.2s]
   median nu  = 0.452
   median |eta| = 1.592
  rho=0.58848 (2/20)
    fp=0.0004 tp=0.0108  [10.7s]
   median nu  = 0.473
   median |eta| = 1.495
  rho=0.52132 (3/20)
    fp=0.0008 tp=0.0108  [10.8s]
   median nu  = 0.493
   median |eta| = 1.384
  rho=0.46182 (4/20)
    fp=0.0025 tp=0.0215  [10.7s]
   median nu  = 0.511
   median |eta| = 1.313
  rho=0.40911 (5/20)
    fp=0.0045 tp=0.0430  [10.7s]
   median nu  = 0.533
   median |eta| = 1.234
  rho=0.36241 (6/20)
    fp=0.0076 tp=0.0645  [10.9s]
   median nu  = 0.56
   median |eta| = 1.153
  rho=0.32105 (7/20)
    fp=0.0121 tp=0.0968  [10.7s]
   median nu  = 0.602
   median |eta| = 1.12
  rho=0.28441 (8/20)
    fp=0.0200 tp=0.1398  [10.5s]
   median nu  = 0.646
   median |eta| = 1.049
  rho=0.25195 (9/20)
    fp=0.0319 tp=0.1935  [10.4s]
   median nu  = 0.668
   median |eta| = 0.956
  rho=0.22319 (10/20)
    fp=0.0465 tp=0.2151  [10.4s]
   median nu  = 0.69
   median |eta| = 0.867
  rho=0.19772 (11/20)
    fp=0.0638 tp=0.2688  [10.0s]
   median nu  = 0.732
   median |eta| = 0.729
  rho=0.17515 (12/20)
    fp=0.0840 tp=0.3118  [9.6s]
   median nu  = 0.813
   median |eta| = 0.611
  rho=0.15516 (13/20)
    fp=0.1050 tp=0.3226  [9.2s]
   median nu  = 0.895
   median |eta| = 0.485
  rho=0.13745 (14/20)
    fp=0.1252 tp=0.4086  [9.1s]
   median nu  = 0.966
   median |eta| = 0.362
  rho=0.12176 (15/20)
    fp=0.1464 tp=0.4946  [8.9s]
   median nu  = 1.06
   median |eta| = 0.278
  rho=0.10787 (16/20)
    fp=0.1692 tp=0.5484  [8.6s]
   median nu  = 1.178
   median |eta| = 0.202
  rho=0.09556 (17/20)
    fp=0.1902 tp=0.5806  [8.4s]
   median nu  = 1.266
   median |eta| = 0.162
  rho=0.08465 (18/20)
    fp=0.2102 tp=0.6237  [8.4s]
   median nu  = 1.373
   median |eta| = 0.124
  rho=0.07499 (19/20)
    fp=0.2322 tp=0.6559  [8.4s]
   median nu  = 1.493
   median |eta| = 0.089
  rho=0.06643 (20/20)
    fp=0.2485 tp=0.6452  [8.1s]
   median nu  = 1.626
   median |eta| = 0.065
  rho=0.05885 (21/21)  [extra 1/50]
    fp=0.2650 tp=0.6667  [8.0s]
   median nu  = 1.749
   median |eta| = 0.049
  rho=0.05213 (22/22)  [extra 2/50]
    fp=0.2802 tp=0.6774  [8.2s]
   median nu  = 1.863
   median |eta| = 0.039
  rho=0.04618 (23/23)  [extra 3/50]
    fp=0.2979 tp=0.6774  [8.0s]
   median nu  = 2.01
   median |eta| = 0.03
  rho=0.04091 (24/24)  [extra 4/50]
    fp=0.3132 tp=0.6774  [8.4s]
   median nu  = 2.151
   median |eta| = 0.024
  FPR 0.3132 >= fp_end=0.3; stopping after 24 fits
  grid extended by 4 points down to rho=0.04091, ending at FPR 0.3132
  graphical_lasso rho_max = max|S_ij| (off-diag) = 2700.15527
  rho grid: [2700.15526675 2391.97787976 2118.97376708 1877.12849    1662.88579063
 1473.09529816 1304.96620375 1156.02622251 1024.08523936  907.2031041
  803.66110208  711.93668108  630.68106264  558.69940873  494.93325202
  438.44493143  388.40380418  344.07403139  304.80375785  270.01552667]
Running graphical_lasso over 20 rho values, extending until FPR >= 0.3...
  rho=2700.15527 (1/20)
    fp=0.0000 tp=0.0000  [0.0s]
  rho=2391.97788 (2/20)
    fp=0.0002 tp=0.0000  [0.0s]
  rho=2118.97377 (3/20)
    fp=0.0002 tp=0.0000  [8.5s]
  rho=1877.12849 (4/20)
    fp=0.0002 tp=0.0000  [0.0s]
  rho=1662.88579 (5/20)
    fp=0.0002 tp=0.0000  [0.0s]
  rho=1473.09530 (6/20)
    fp=0.0002 tp=0.0000  [0.0s]
  rho=1304.96620 (7/20)
    fp=0.0002 tp=0.0000  [0.0s]
  rho=1156.02622 (8/20)
    fp=0.0002 tp=0.0000  [0.0s]
  rho=1024.08524 (9/20)
    fp=0.0002 tp=0.0000  [0.0s]
  rho=907.20310 (10/20)
    fp=0.0002 tp=0.0000  [0.0s]
  rho=803.66110 (11/20)
    fp=0.0002 tp=0.0000  [0.0s]
  rho=711.93668 (12/20)
    fp=0.0002 tp=0.0000  [0.0s]
  rho=630.68106 (13/20)
    fp=0.0002 tp=0.0000  [0.0s]
  rho=558.69941 (14/20)
    fp=0.0002 tp=0.0000  [0.0s]
  rho=494.93325 (15/20)
    fp=0.0002 tp=0.0000  [0.0s]
  rho=438.44493 (16/20)
    fp=0.0002 tp=0.0000  [0.0s]
  rho=388.40380 (17/20)
    fp=0.0004 tp=0.0000  [0.0s]
  rho=344.07403 (18/20)
    fp=0.0004 tp=0.0000  [0.0s]
  rho=304.80376 (19/20)
    fp=0.0006 tp=0.0000  [0.0s]
  rho=270.01553 (20/20)
    fp=0.0008 tp=0.0000  [0.0s]
  rho=239.19779 (21/21)  [extra 1/50]
    fp=0.0010 tp=0.0000  [0.0s]
  rho=211.89738 (22/22)  [extra 2/50]
    fp=0.0012 tp=0.0000  [0.0s]
  rho=187.71285 (23/23)  [extra 3/50]
    fp=0.0012 tp=0.0000  [0.0s]
  rho=166.28858 (24/24)  [extra 4/50]
    fp=0.0014 tp=0.0000  [0.1s]
  rho=147.30953 (25/25)  [extra 5/50]
    fp=0.0016 tp=0.0000  [0.0s]
  rho=130.49662 (26/26)  [extra 6/50]
    fp=0.0021 tp=0.0000  [0.1s]
  rho=115.60262 (27/27)  [extra 7/50]
    [WARN] glasso failed: Non SPD result: the system is too ill-conditioned for this solver. The system is too ill-conditioned for this solver; reusing previous Theta
    fp=0.0021 tp=0.0000  [0.9s]
  rho=102.40852 (28/28)  [extra 8/50]
    fp=0.0019 tp=0.0000  [0.0s]
  rho=90.72031 (29/29)  [extra 9/50]
    [WARN] glasso failed: Non SPD result: the system is too ill-conditioned for this solver. The system is too ill-conditioned for this solver; reusing previous Theta
    fp=0.0019 tp=0.0000  [0.1s]
  rho=80.36611 (30/30)  [extra 10/50]
    [WARN] glasso failed: Non SPD result: the system is too ill-conditioned for this solver. The system is too ill-conditioned for this solver; reusing previous Theta
    fp=0.0019 tp=0.0000  [0.0s]
  rho=71.19367 (31/31)  [extra 11/50]
    [WARN] glasso failed: Non SPD result: the system is too ill-conditioned for this solver. The system is too ill-conditioned for this solver; reusing previous Theta
    fp=0.0019 tp=0.0000  [0.1s]
  rho=63.06811 (32/32)  [extra 12/50]
    [WARN] glasso failed: Non SPD result: the system is too ill-conditioned for this solver. The system is too ill-conditioned for this solver; reusing previous Theta
    fp=0.0019 tp=0.0000  [0.0s]
  rho=55.86994 (33/33)  [extra 13/50]
    fp=0.0027 tp=0.0000  [8.5s]
  rho=49.49333 (34/34)  [extra 14/50]
    [WARN] glasso failed: Non SPD result: the system is too ill-conditioned for this solver. The system is too ill-conditioned for this solver; reusing previous Theta
    fp=0.0027 tp=0.0000  [0.0s]
  rho=43.84449 (35/35)  [extra 15/50]
    [WARN] glasso failed: Non SPD result: the system is too ill-conditioned for this solver. The system is too ill-conditioned for this solver; reusing previous Theta
    fp=0.0027 tp=0.0000  [0.0s]
  rho=38.84038 (36/36)  [extra 16/50]
    [WARN] glasso failed: Non SPD result: the system is too ill-conditioned for this solver. The system is too ill-conditioned for this solver; reusing previous Theta
    fp=0.0027 tp=0.0000  [0.0s]
  rho=34.40740 (37/37)  [extra 17/50]
    fp=0.0064 tp=0.0000  [0.0s]
  rho=30.48038 (38/38)  [extra 18/50]
    [WARN] glasso failed: Non SPD result: the system is too ill-conditioned for this solver. The system is too ill-conditioned for this solver; reusing previous Theta
    fp=0.0064 tp=0.0000  [0.0s]
  rho=27.00155 (39/39)  [extra 19/50]
    [WARN] glasso failed: Non SPD result: the system is too ill-conditioned for this solver. The system is too ill-conditioned for this solver; reusing previous Theta
    fp=0.0064 tp=0.0000  [0.0s]
  rho=23.91978 (40/40)  [extra 20/50]
    [WARN] glasso failed: Non SPD result: the system is too ill-conditioned for this solver. The system is too ill-conditioned for this solver; reusing previous Theta
    fp=0.0064 tp=0.0000  [0.3s]
  rho=21.18974 (41/41)  [extra 21/50]
    [WARN] glasso failed: Non SPD result: the system is too ill-conditioned for this solver. The system is too ill-conditioned for this solver; reusing previous Theta
    fp=0.0064 tp=0.0000  [0.1s]
  rho=18.77128 (42/42)  [extra 22/50]
    [WARN] glasso failed: Non SPD result: the system is too ill-conditioned for this solver. The system is too ill-conditioned for this solver; reusing previous Theta
    fp=0.0064 tp=0.0000  [0.0s]
  rho=16.62886 (43/43)  [extra 23/50]
    fp=0.0121 tp=0.0215  [0.1s]
  rho=14.73095 (44/44)  [extra 24/50]
    [WARN] glasso failed: Non SPD result: the system is too ill-conditioned for this solver. The system is too ill-conditioned for this solver; reusing previous Theta
    fp=0.0121 tp=0.0215  [0.1s]
  rho=13.04966 (45/45)  [extra 25/50]
    fp=0.0152 tp=0.0323  [0.3s]
  rho=11.56026 (46/46)  [extra 26/50]
    fp=0.0175 tp=0.0323  [0.2s]
  rho=10.24085 (47/47)  [extra 27/50]
    fp=0.0200 tp=0.0215  [0.4s]
  rho=9.07203 (48/48)  [extra 28/50]
    fp=0.0224 tp=0.0323  [0.0s]
  rho=8.03661 (49/49)  [extra 29/50]
    fp=0.0247 tp=0.0430  [0.2s]
  rho=7.11937 (50/50)  [extra 30/50]
    fp=0.0274 tp=0.0538  [0.3s]
  rho=6.30681 (51/51)  [extra 31/50]
    fp=0.0315 tp=0.0538  [0.3s]
  rho=5.58699 (52/52)  [extra 32/50]
    fp=0.0364 tp=0.0645  [0.4s]
  rho=4.94933 (53/53)  [extra 33/50]
    fp=0.0412 tp=0.0645  [1.1s]
  rho=4.38445 (54/54)  [extra 34/50]
    fp=0.0480 tp=0.0645  [2.0s]
  rho=3.88404 (55/55)  [extra 35/50]
    fp=0.0535 tp=0.0860  [2.0s]
  rho=3.44074 (56/56)  [extra 36/50]
    fp=0.0632 tp=0.0860  [1.2s]
  rho=3.04804 (57/57)  [extra 37/50]
    fp=0.0714 tp=0.0968  [1.5s]
  rho=2.70016 (58/58)  [extra 38/50]
    fp=0.0780 tp=0.1290  [0.9s]
  rho=2.39198 (59/59)  [extra 39/50]
    fp=0.0900 tp=0.1505  [0.6s]
  rho=2.11897 (60/60)  [extra 40/50]
    fp=0.0999 tp=0.1505  [1.3s]
  rho=1.87713 (61/61)  [extra 41/50]
    fp=0.1116 tp=0.1505  [3.7s]
  rho=1.66289 (62/62)  [extra 42/50]
    fp=0.1202 tp=0.1613  [1.2s]
  rho=1.47310 (63/63)  [extra 43/50]
    fp=0.1334 tp=0.1613  [2.0s]
  rho=1.30497 (64/64)  [extra 44/50]
    fp=0.1466 tp=0.1720  [10.0s]
  rho=1.15603 (65/65)  [extra 45/50]
    fp=0.1627 tp=0.1828  [1.1s]
  rho=1.02409 (66/66)  [extra 46/50]
    fp=0.1764 tp=0.2151  [4.6s]
  rho=0.90720 (67/67)  [extra 47/50]
    fp=0.1894 tp=0.2366  [3.3s]
  rho=0.80366 (68/68)  [extra 48/50]
    fp=0.2020 tp=0.2473  [2.5s]
  rho=0.71194 (69/69)  [extra 49/50]
    fp=0.2172 tp=0.2366  [4.3s]
  rho=0.63068 (70/70)  [extra 50/50]
    fp=0.2351 tp=0.2473  [0.4s]
  [note] 3/70 fits hit a glasso ConvergenceWarning (suppressed)
  [WARN] 14/70 points reused the previous Theta after a glasso failure; those are not estimates
  [warn] FPR stalled at 0.2351 < fp_end=0.3 after 50 extra fits (cap max_extra=50); the curve stops short of fp_end
  grid extended by 50 points down to rho=0.63068, ending at FPR 0.2351
  [warn] AUC integrates to fp_end=0.3 but the curve stops at FPR 0.2351; TPR held flat above that
  [warn] mean_roc averages out to FPR 0.300 but the shortest replicate only reached 0.008; its TPR is held flat above that
  [warn] mean_roc averages out to FPR 0.300 but the shortest replicate only reached 0.017; its TPR is held flat above that

(p=100, n=50) over 46 replicates
  t+lasso  (run_em_diagonal):    AUC = 0.133 (SE 0.002)
  ~t+lasso (run_em_exact):       AUC = 0.127 (SE 0.002)
  tlasso   (run_tlasso):         AUC = 0.046 (SE 0.002)
  t*lasso  (run_tstar_varlasso): AUC = 0.106 (SE 0.002)
  glasso   (graphical_lasso):    AUC = 0.046 (SE 0.002)
Replicate 47/50
  Theta: 104/4950 edges
  pilot fit of run_tlasso at rho=30.34854
  -> rho_max = max|S_ij| (off-diag) = 604.28967
  rho grid: [604.28967255 535.3201527  474.22234551 420.09782716 372.15071381
 329.67595839 292.04898313 258.71649533 229.18835134 203.0303492
 179.85784381 159.33009082 141.14523617 125.03587735 110.76513135
  98.1231514   86.9240412   77.00312139  68.21450799  60.42896726]
Running run_tlasso over 20 rho values, extending until FPR >= 0.3...
  rho=604.28967 (1/20)
    fp=0.0004 tp=0.0000  [0.1s]
   nu  = 3.0000
  rho=535.32015 (2/20)
    fp=0.0004 tp=0.0000  [0.1s]
   nu  = 3.0000
  rho=474.22235 (3/20)
    fp=0.0004 tp=0.0000  [0.1s]
   nu  = 3.0000
  rho=420.09783 (4/20)
    fp=0.0004 tp=0.0000  [0.1s]
   nu  = 3.0000
  rho=372.15071 (5/20)
    fp=0.0004 tp=0.0000  [0.1s]
   nu  = 3.0000
  rho=329.67596 (6/20)
    fp=0.0004 tp=0.0000  [0.1s]
   nu  = 3.0000
  rho=292.04898 (7/20)
    fp=0.0004 tp=0.0096  [0.1s]
   nu  = 3.0000
  rho=258.71650 (8/20)
    fp=0.0004 tp=0.0096  [0.1s]
   nu  = 3.0000
  rho=229.18835 (9/20)
    fp=0.0006 tp=0.0096  [0.1s]
   nu  = 3.0000
  rho=203.03035 (10/20)
    fp=0.0006 tp=0.0096  [0.1s]
   nu  = 3.0000
  rho=179.85784 (11/20)
    fp=0.0006 tp=0.0096  [0.1s]
   nu  = 3.0000
  rho=159.33009 (12/20)
    fp=0.0010 tp=0.0096  [0.1s]
   nu  = 3.0000
  rho=141.14524 (13/20)
    fp=0.0017 tp=0.0096  [0.1s]
   nu  = 3.0000
  rho=125.03588 (14/20)
    fp=0.0025 tp=0.0096  [0.1s]
   nu  = 3.0000
  rho=110.76513 (15/20)
    fp=0.0029 tp=0.0096  [0.1s]
   nu  = 3.0000
  rho=98.12315 (16/20)
    fp=0.0041 tp=0.0192  [0.1s]
   nu  = 3.0000
  rho=86.92404 (17/20)
    fp=0.0068 tp=0.0192  [0.1s]
   nu  = 3.0000
  rho=77.00312 (18/20)
    fp=0.0101 tp=0.0192  [0.1s]
   nu  = 3.0000
  rho=68.21451 (19/20)
    fp=0.0122 tp=0.0288  [0.1s]
   nu  = 3.0000
  rho=60.42897 (20/20)
    fp=0.0155 tp=0.0288  [0.2s]
   nu  = 3.0000
  rho=53.53202 (21/21)  [extra 1/50]
    fp=0.0184 tp=0.0288  [0.1s]
   nu  = 3.0000
  rho=47.42223 (22/22)  [extra 2/50]
    fp=0.0225 tp=0.0288  [0.1s]
   nu  = 3.0000
  rho=42.00978 (23/23)  [extra 3/50]
    fp=0.0264 tp=0.0288  [0.1s]
   nu  = 3.0000
  rho=37.21507 (24/24)  [extra 4/50]
    fp=0.0310 tp=0.0481  [0.1s]
   nu  = 3.0000
  rho=32.96760 (25/25)  [extra 5/50]
    fp=0.0365 tp=0.0481  [0.1s]
   nu  = 3.0000
  rho=29.20490 (26/26)  [extra 6/50]
    fp=0.0462 tp=0.0481  [0.1s]
   nu  = 3.0000
  rho=25.87165 (27/27)  [extra 7/50]
    fp=0.0551 tp=0.0481  [0.1s]
   nu  = 3.0000
  rho=22.91884 (28/28)  [extra 8/50]
    fp=0.0634 tp=0.0673  [0.1s]
   nu  = 3.0000
  rho=20.30303 (29/29)  [extra 9/50]
    fp=0.0720 tp=0.0673  [0.1s]
   nu  = 3.0000
  rho=17.98578 (30/30)  [extra 10/50]
    fp=0.0865 tp=0.0865  [0.1s]
   nu  = 3.0000
  rho=15.93301 (31/31)  [extra 11/50]
    fp=0.0991 tp=0.0865  [0.2s]
   nu  = 3.0000
  rho=14.11452 (32/32)  [extra 12/50]
    fp=0.1149 tp=0.1058  [0.2s]
   nu  = 3.0000
  rho=12.50359 (33/33)  [extra 13/50]
    fp=0.1323 tp=0.1250  [0.2s]
   nu  = 3.0000
  rho=11.07651 (34/34)  [extra 14/50]
    fp=0.1519 tp=0.1250  [0.2s]
   nu  = 3.0000
  rho=9.81232 (35/35)  [extra 15/50]
    fp=0.1688 tp=0.1635  [0.2s]
   nu  = 3.0000
  rho=8.69240 (36/36)  [extra 16/50]
    fp=0.1849 tp=0.2019  [0.2s]
   nu  = 3.0000
  rho=7.70031 (37/37)  [extra 17/50]
    fp=0.2055 tp=0.2115  [0.2s]
   nu  = 3.0000
  rho=6.82145 (38/38)  [extra 18/50]
    fp=0.2229 tp=0.2500  [0.2s]
   nu  = 3.0000
  rho=6.04290 (39/39)  [extra 19/50]
    fp=0.2458 tp=0.2596  [0.2s]
   nu  = 3.0000
  rho=5.35320 (40/40)  [extra 20/50]
    fp=0.2668 tp=0.2981  [0.3s]
   nu  = 3.0000
  rho=4.74222 (41/41)  [extra 21/50]
    fp=0.2916 tp=0.3365  [0.3s]
   nu  = 3.0000
  rho=4.20098 (42/42)  [extra 22/50]
    fp=0.3176 tp=0.3750  [0.4s]
   nu  = 3.0000
  FPR 0.3176 >= fp_end=0.3; stopping after 42 fits
  grid extended by 22 points down to rho=4.20098, ending at FPR 0.3176
  pilot fit of run_tstar_varlasso at rho=0.30349
  -> rho_max = max|S_ij| (off-diag) = 0.77928
  rho grid: [0.77928434 0.69034212 0.61155116 0.54175286 0.47992087 0.42514596
 0.37662269 0.33363753 0.29555841 0.26182538 0.23194241 0.20547008
 0.18201912 0.16124469 0.14284132 0.12653838 0.11209615 0.09930225
 0.08796857 0.07792843]
Running run_tstar_varlasso over 20 rho values, extending until FPR >= 0.3...
  rho=0.77928 (1/20)
    fp=0.0008 tp=0.0000  [0.2s]
   nu  = 3.0000
  rho=0.69034 (2/20)
    fp=0.0021 tp=0.0000  [0.1s]
   nu  = 3.0000
  rho=0.61155 (3/20)
    fp=0.0037 tp=0.0000  [0.1s]
   nu  = 3.0000
  rho=0.54175 (4/20)
    fp=0.0060 tp=0.0000  [0.1s]
   nu  = 3.0000
  rho=0.47992 (5/20)
    fp=0.0099 tp=0.0000  [0.1s]
   nu  = 3.0000
  rho=0.42515 (6/20)
    fp=0.0149 tp=0.0192  [0.1s]
   nu  = 3.0000
  rho=0.37662 (7/20)
    fp=0.0215 tp=0.0288  [0.1s]
   nu  = 3.0000
  rho=0.33364 (8/20)
    fp=0.0307 tp=0.0962  [0.1s]
   nu  = 3.0000
  rho=0.29556 (9/20)
    fp=0.0425 tp=0.1250  [0.1s]
   nu  = 3.0000
  rho=0.26183 (10/20)
    fp=0.0541 tp=0.1731  [0.1s]
   nu  = 3.0000
  rho=0.23194 (11/20)
    fp=0.0739 tp=0.2115  [0.1s]
   nu  = 3.0000
  rho=0.20547 (12/20)
    fp=0.0916 tp=0.2692  [0.1s]
   nu  = 3.0000
  rho=0.18202 (13/20)
    fp=0.1149 tp=0.2981  [0.1s]
   nu  = 3.0000
  rho=0.16124 (14/20)
    fp=0.1376 tp=0.3365  [0.2s]
   nu  = 3.0000
  rho=0.14284 (15/20)
    fp=0.1587 tp=0.3942  [0.2s]
   nu  = 3.0000
  rho=0.12654 (16/20)
    fp=0.1828 tp=0.4327  [0.2s]
   nu  = 3.0000
  rho=0.11210 (17/20)
    fp=0.2076 tp=0.4808  [0.2s]
   nu  = 3.0000
  rho=0.09930 (18/20)
    fp=0.2305 tp=0.4904  [0.1s]
   nu  = 3.0000
  rho=0.08797 (19/20)
    fp=0.2577 tp=0.4904  [0.2s]
   nu  = 3.0000
  rho=0.07793 (20/20)
    fp=0.2829 tp=0.5288  [0.2s]
   nu  = 3.0000
  rho=0.06903 (21/21)  [extra 1/50]
    fp=0.3093 tp=0.5385  [0.3s]
   nu  = 3.0000
  FPR 0.3093 >= fp_end=0.3; stopping after 21 fits
  grid extended by 1 points down to rho=0.06903, ending at FPR 0.3093
  pilot fit of run_em_diagonal at rho=0.30349
  -> rho_max = max|S_ij| (off-diag) = 0.51515
  rho grid: [0.51514888 0.45635329 0.40426822 0.35812779 0.31725352 0.28104436
 0.24896786 0.22055236 0.19538001 0.17308066 0.15332641 0.13582678
 0.12032443 0.10659142 0.0944258  0.08364868 0.07410159 0.06564413
 0.05815196 0.05151489]
Running run_em_diagonal over 20 rho values, extending until FPR >= 0.3...
  rho=0.51515 (1/20)
    fp=0.0006 tp=0.0000  [10.8s]
   median nu  = 0.407
   median |eta| = 1.541
  rho=0.45635 (2/20)
    fp=0.0012 tp=0.0000  [10.6s]
   median nu  = 0.431
   median |eta| = 1.431
  rho=0.40427 (3/20)
    fp=0.0029 tp=0.0192  [10.5s]
   median nu  = 0.463
   median |eta| = 1.399
  rho=0.35813 (4/20)
    fp=0.0041 tp=0.0481  [10.5s]
   median nu  = 0.492
   median |eta| = 1.288
  rho=0.31725 (5/20)
    fp=0.0060 tp=0.0673  [10.6s]
   median nu  = 0.519
   median |eta| = 1.217
  rho=0.28104 (6/20)
    fp=0.0097 tp=0.0962  [10.6s]
   median nu  = 0.543
   median |eta| = 1.209
  rho=0.24897 (7/20)
    fp=0.0149 tp=0.1635  [10.6s]
   median nu  = 0.569
   median |eta| = 1.221
  rho=0.22055 (8/20)
    fp=0.0229 tp=0.1827  [10.5s]
   median nu  = 0.593
   median |eta| = 1.146
  rho=0.19538 (9/20)
    fp=0.0347 tp=0.2019  [10.6s]
   median nu  = 0.609
   median |eta| = 1.132
  rho=0.17308 (10/20)
    fp=0.0473 tp=0.2500  [10.7s]
   median nu  = 0.628
   median |eta| = 1.144
  rho=0.15333 (11/20)
    fp=0.0631 tp=0.2788  [10.8s]
   median nu  = 0.638
   median |eta| = 1.133
  rho=0.13583 (12/20)
    fp=0.0778 tp=0.3077  [10.8s]
   median nu  = 0.649
   median |eta| = 1.091
  rho=0.12032 (13/20)
    fp=0.0976 tp=0.3269  [10.9s]
   median nu  = 0.65
   median |eta| = 1.025
  rho=0.10659 (14/20)
    fp=0.1178 tp=0.3269  [10.9s]
   median nu  = 0.69
   median |eta| = 1.042
  rho=0.09443 (15/20)
    fp=0.1391 tp=0.3462  [10.9s]
   median nu  = 0.716
   median |eta| = 0.977
  rho=0.08365 (16/20)
    fp=0.1593 tp=0.4135  [10.9s]
   median nu  = 0.715
   median |eta| = 0.97
  rho=0.07410 (17/20)
    fp=0.1806 tp=0.4231  [10.8s]
   median nu  = 0.703
   median |eta| = 0.959
  rho=0.06564 (18/20)
    fp=0.2014 tp=0.4712  [10.8s]
   median nu  = 0.696
   median |eta| = 0.893
  rho=0.05815 (19/20)
    fp=0.2179 tp=0.4712  [10.8s]
   median nu  = 0.697
   median |eta| = 0.901
  rho=0.05151 (20/20)
    fp=0.2338 tp=0.4904  [10.7s]
   median nu  = 0.743
   median |eta| = 0.904
  rho=0.04564 (21/21)  [extra 1/50]
    fp=0.2526 tp=0.5192  [10.8s]
   median nu  = 0.79
   median |eta| = 0.882
  rho=0.04043 (22/22)  [extra 2/50]
    fp=0.2668 tp=0.5481  [10.8s]
   median nu  = 0.812
   median |eta| = 0.917
  rho=0.03581 (23/23)  [extra 3/50]
    fp=0.2815 tp=0.5673  [11.7s]
   median nu  = 0.839
   median |eta| = 0.939
  rho=0.03173 (24/24)  [extra 4/50]
    fp=0.2955 tp=0.5865  [11.6s]
   median nu  = 0.808
   median |eta| = 0.949
  rho=0.02810 (25/25)  [extra 5/50]
    fp=0.3110 tp=0.6058  [11.4s]
   median nu  = 0.884
   median |eta| = 0.899
  FPR 0.3110 >= fp_end=0.3; stopping after 25 fits
  grid extended by 5 points down to rho=0.02810, ending at FPR 0.3110
  pilot fit of run_em_exact at rho=0.30349
  -> rho_max = max|S_ij| (off-diag) = 0.53368
  rho grid: [0.53368462 0.47277348 0.41881432 0.3710137  0.32866872 0.2911567
 0.25792605 0.22848812 0.20241004 0.17930833 0.1588433  0.140714
 0.12465386 0.11042672 0.09782336 0.08665847 0.07676786 0.0680061
 0.06024434 0.05336846]
Running run_em_exact over 20 rho values, extending until FPR >= 0.3...
  rho=0.53368 (1/20)
    fp=0.0004 tp=0.0000  [11.1s]
   median nu  = 0.401
   median |eta| = 1.57
  rho=0.47277 (2/20)
    fp=0.0008 tp=0.0000  [11.0s]
   median nu  = 0.423
   median |eta| = 1.465
  rho=0.41881 (3/20)
    fp=0.0029 tp=0.0000  [10.9s]
   median nu  = 0.454
   median |eta| = 1.401
  rho=0.37101 (4/20)
    fp=0.0039 tp=0.0385  [10.9s]
   median nu  = 0.496
   median |eta| = 1.312
  rho=0.32867 (5/20)
    fp=0.0060 tp=0.0481  [10.9s]
   median nu  = 0.541
   median |eta| = 1.192
  rho=0.29116 (6/20)
    fp=0.0095 tp=0.0769  [11.1s]
   median nu  = 0.582
   median |eta| = 1.175
  rho=0.25793 (7/20)
    fp=0.0149 tp=0.1346  [10.8s]
   median nu  = 0.619
   median |eta| = 1.081
  rho=0.22849 (8/20)
    fp=0.0243 tp=0.1731  [10.6s]
   median nu  = 0.654
   median |eta| = 0.999
  rho=0.20241 (9/20)
    fp=0.0376 tp=0.2115  [10.2s]
   median nu  = 0.705
   median |eta| = 0.906
  rho=0.17931 (10/20)
    fp=0.0528 tp=0.2500  [10.3s]
   median nu  = 0.756
   median |eta| = 0.751
  rho=0.15884 (11/20)
    fp=0.0724 tp=0.2788  [9.7s]
   median nu  = 0.83
   median |eta| = 0.592
  rho=0.14071 (12/20)
    fp=0.0906 tp=0.2981  [9.5s]
   median nu  = 0.914
   median |eta| = 0.469
  rho=0.12465 (13/20)
    fp=0.1127 tp=0.3365  [9.2s]
   median nu  = 0.972
   median |eta| = 0.369
  rho=0.11043 (14/20)
    fp=0.1424 tp=0.3558  [9.0s]
   median nu  = 1.061
   median |eta| = 0.272
  rho=0.09782 (15/20)
    fp=0.1694 tp=0.3942  [8.8s]
   median nu  = 1.175
   median |eta| = 0.212
  rho=0.08666 (16/20)
    fp=0.1977 tp=0.4423  [8.5s]
   median nu  = 1.295
   median |eta| = 0.163
  rho=0.07677 (17/20)
    fp=0.2227 tp=0.4808  [8.2s]
   median nu  = 1.422
   median |eta| = 0.127
  rho=0.06801 (18/20)
    fp=0.2414 tp=0.5096  [8.0s]
   median nu  = 1.559
   median |eta| = 0.096
  rho=0.06024 (19/20)
    fp=0.2602 tp=0.5096  [7.9s]
   median nu  = 1.672
   median |eta| = 0.073
  rho=0.05337 (20/20)
    fp=0.2802 tp=0.5385  [7.8s]
   median nu  = 1.789
   median |eta| = 0.057
  rho=0.04728 (21/21)  [extra 1/50]
    fp=0.2969 tp=0.5577  [8.7s]
   median nu  = 1.894
   median |eta| = 0.042
  rho=0.04188 (22/22)  [extra 2/50]
    fp=0.3155 tp=0.5769  [8.5s]
   median nu  = 2.009
   median |eta| = 0.032
  FPR 0.3155 >= fp_end=0.3; stopping after 22 fits
  grid extended by 2 points down to rho=0.04188, ending at FPR 0.3155
  graphical_lasso rho_max = max|S_ij| (off-diag) = 44.34981
  rho grid: [44.34980526 39.28801964 34.80395186 30.83166513 27.31274823 24.19545661
 21.43395149 18.98762581 16.82050714 14.90072867 13.20006068 11.69349539
 10.35887923  9.1765871   8.12923376  7.20141822  6.37949724  5.65138475
  5.00637407  4.43498053]
Running graphical_lasso over 20 rho values, extending until FPR >= 0.3...
  rho=44.34981 (1/20)
    fp=0.0000 tp=0.0000  [0.0s]
  rho=39.28802 (2/20)
    fp=0.0002 tp=0.0000  [0.0s]
  rho=34.80395 (3/20)
    fp=0.0002 tp=0.0000  [8.5s]
  rho=30.83167 (4/20)
    fp=0.0002 tp=0.0000  [0.0s]
  rho=27.31275 (5/20)
    fp=0.0004 tp=0.0000  [0.0s]
  rho=24.19546 (6/20)
    fp=0.0004 tp=0.0000  [0.0s]
  rho=21.43395 (7/20)
    fp=0.0004 tp=0.0000  [0.0s]
  rho=18.98763 (8/20)
    fp=0.0004 tp=0.0000  [0.0s]
  rho=16.82051 (9/20)
    fp=0.0004 tp=0.0096  [8.5s]
  rho=14.90073 (10/20)
    fp=0.0004 tp=0.0096  [0.0s]
  rho=13.20006 (11/20)
    fp=0.0004 tp=0.0096  [0.0s]
  rho=11.69350 (12/20)
    fp=0.0004 tp=0.0096  [0.0s]
  rho=10.35888 (13/20)
    fp=0.0004 tp=0.0096  [0.0s]
  rho=9.17659 (14/20)
    fp=0.0012 tp=0.0096  [0.0s]
  rho=8.12923 (15/20)
    fp=0.0017 tp=0.0096  [0.0s]
  rho=7.20142 (16/20)
    fp=0.0023 tp=0.0096  [8.6s]
  rho=6.37950 (17/20)
    fp=0.0041 tp=0.0096  [9.0s]
  rho=5.65138 (18/20)
    fp=0.0062 tp=0.0096  [8.5s]
  rho=5.00637 (19/20)
    fp=0.0093 tp=0.0096  [7.5s]
  rho=4.43498 (20/20)
    fp=0.0116 tp=0.0288  [7.5s]
  rho=3.92880 (21/21)  [extra 1/50]
    fp=0.0140 tp=0.0288  [0.0s]
  rho=3.48040 (22/22)  [extra 2/50]
    fp=0.0188 tp=0.0288  [7.4s]
  rho=3.08317 (23/23)  [extra 3/50]
    fp=0.0237 tp=0.0288  [7.3s]
  rho=2.73127 (24/24)  [extra 4/50]
    fp=0.0289 tp=0.0288  [0.0s]
  rho=2.41955 (25/25)  [extra 5/50]
    fp=0.0355 tp=0.0481  [0.0s]
  rho=2.14340 (26/26)  [extra 6/50]
    fp=0.0435 tp=0.0577  [0.3s]
  rho=1.89876 (27/27)  [extra 7/50]
    fp=0.0524 tp=0.0577  [0.1s]
  rho=1.68205 (28/28)  [extra 8/50]
    fp=0.0634 tp=0.0673  [1.0s]
  rho=1.49007 (29/29)  [extra 9/50]
    fp=0.0753 tp=0.0673  [0.0s]
  rho=1.32001 (30/30)  [extra 10/50]
    fp=0.0891 tp=0.0865  [0.0s]
  rho=1.16935 (31/31)  [extra 11/50]
    fp=0.1061 tp=0.0962  [0.3s]
  rho=1.03589 (32/32)  [extra 12/50]
    fp=0.1222 tp=0.1058  [0.3s]
  rho=0.91766 (33/33)  [extra 13/50]
    fp=0.1345 tp=0.1058  [0.1s]
  rho=0.81292 (34/34)  [extra 14/50]
    fp=0.1558 tp=0.1346  [0.1s]
  rho=0.72014 (35/35)  [extra 15/50]
    fp=0.1758 tp=0.1827  [0.1s]
  rho=0.63795 (36/36)  [extra 16/50]
    fp=0.1938 tp=0.1923  [0.5s]
  rho=0.56514 (37/37)  [extra 17/50]
    fp=0.2142 tp=0.2212  [0.4s]
  rho=0.50064 (38/38)  [extra 18/50]
    fp=0.2379 tp=0.2404  [0.0s]
  rho=0.44350 (39/39)  [extra 19/50]
    fp=0.2596 tp=0.2788  [0.1s]
  rho=0.39288 (40/40)  [extra 20/50]
    fp=0.2835 tp=0.3269  [0.2s]
  rho=0.34804 (41/41)  [extra 21/50]
    fp=0.3066 tp=0.3654  [0.0s]
  FPR 0.3066 >= fp_end=0.3; stopping after 41 fits
  [note] 9/41 fits hit a glasso ConvergenceWarning (suppressed)
  grid extended by 21 points down to rho=0.34804, ending at FPR 0.3066
  [warn] mean_roc averages out to FPR 0.300 but the shortest replicate only reached 0.008; its TPR is held flat above that
  [warn] mean_roc averages out to FPR 0.300 but the shortest replicate only reached 0.017; its TPR is held flat above that

(p=100, n=50) over 47 replicates
  t+lasso  (run_em_diagonal):    AUC = 0.133 (SE 0.002)
  ~t+lasso (run_em_exact):       AUC = 0.126 (SE 0.002)
  tlasso   (run_tlasso):         AUC = 0.046 (SE 0.002)
  t*lasso  (run_tstar_varlasso): AUC = 0.106 (SE 0.002)
  glasso   (graphical_lasso):    AUC = 0.046 (SE 0.002)
Replicate 48/50
  Theta: 95/4950 edges
  pilot fit of run_tlasso at rho=30.34854
  -> rho_max = max|S_ij| (off-diag) = 4840.61217
  rho grid: [4840.61216802 4288.1375649  3798.71866146 3365.1587083  2981.08234414
 2640.84184815 2339.434092   2072.42697046 1835.89422868 1626.35772789
 1440.73630047 1276.30044232 1130.63217644 1001.58949728  887.27487326
  786.00734419  696.29780323  616.82710012  546.42664342  484.0612168 ]
Running run_tlasso over 20 rho values, extending until FPR >= 0.3...
  rho=4840.61217 (1/20)
    fp=0.0002 tp=0.0000  [0.1s]
   nu  = 3.0000
  rho=4288.13756 (2/20)
    fp=0.0002 tp=0.0000  [0.1s]
   nu  = 3.0000
  rho=3798.71866 (3/20)
    fp=0.0002 tp=0.0000  [0.1s]
   nu  = 3.0000
  rho=3365.15871 (4/20)
    fp=0.0002 tp=0.0000  [0.1s]
   nu  = 3.0000
  rho=2981.08234 (5/20)
    fp=0.0002 tp=0.0000  [0.1s]
   nu  = 3.0000
  rho=2640.84185 (6/20)
    fp=0.0002 tp=0.0000  [0.1s]
   nu  = 3.0000
  rho=2339.43409 (7/20)
    fp=0.0002 tp=0.0000  [0.1s]
   nu  = 3.0000
  rho=2072.42697 (8/20)
    fp=0.0002 tp=0.0000  [0.1s]
   nu  = 3.0000
  rho=1835.89423 (9/20)
    fp=0.0002 tp=0.0000  [0.1s]
   nu  = 3.0000
  rho=1626.35773 (10/20)
    fp=0.0002 tp=0.0000  [0.1s]
   nu  = 3.0000
  rho=1440.73630 (11/20)
    fp=0.0004 tp=0.0000  [0.1s]
   nu  = 3.0000
  rho=1276.30044 (12/20)
    fp=0.0004 tp=0.0000  [0.1s]
   nu  = 3.0000
  rho=1130.63218 (13/20)
    fp=0.0004 tp=0.0000  [0.2s]
   nu  = 3.0000
  rho=1001.58950 (14/20)
    fp=0.0010 tp=0.0000  [0.1s]
   nu  = 3.0000
  rho=887.27487 (15/20)
    fp=0.0010 tp=0.0000  [0.1s]
   nu  = 3.0000
  rho=786.00734 (16/20)
    fp=0.0016 tp=0.0000  [0.1s]
   nu  = 3.0000
  rho=696.29780 (17/20)
    fp=0.0019 tp=0.0000  [0.1s]
   nu  = 3.0000
  rho=616.82710 (18/20)
    fp=0.0025 tp=0.0000  [0.1s]
   nu  = 3.0000
  rho=546.42664 (19/20)
    fp=0.0025 tp=0.0000  [0.1s]
   nu  = 3.0000
  rho=484.06122 (20/20)
    fp=0.0027 tp=0.0000  [0.1s]
   nu  = 3.0000
  rho=428.81376 (21/21)  [extra 1/50]
    fp=0.0035 tp=0.0000  [0.1s]
   nu  = 3.0000
  rho=379.87187 (22/22)  [extra 2/50]
    fp=0.0039 tp=0.0000  [0.1s]
   nu  = 3.0000
  rho=336.51587 (23/23)  [extra 3/50]
    fp=0.0051 tp=0.0000  [0.1s]
   nu  = 3.0000
  rho=298.10823 (24/24)  [extra 4/50]
    fp=0.0068 tp=0.0000  [0.1s]
   nu  = 3.0000
  rho=264.08418 (25/25)  [extra 5/50]
    fp=0.0080 tp=0.0000  [0.1s]
   nu  = 3.0000
  rho=233.94341 (26/26)  [extra 6/50]
    fp=0.0105 tp=0.0000  [0.1s]
   nu  = 3.0000
  rho=207.24270 (27/27)  [extra 7/50]
    fp=0.0136 tp=0.0105  [0.1s]
   nu  = 3.0000
  rho=183.58942 (28/28)  [extra 8/50]
    fp=0.0157 tp=0.0105  [0.1s]
   nu  = 3.0000
  rho=162.63577 (29/29)  [extra 9/50]
    fp=0.0183 tp=0.0105  [0.1s]
   nu  = 3.0000
  rho=144.07363 (30/30)  [extra 10/50]
    fp=0.0212 tp=0.0105  [0.1s]
   nu  = 3.0000
  rho=127.63004 (31/31)  [extra 11/50]
    fp=0.0257 tp=0.0105  [0.1s]
   nu  = 3.0000
  rho=113.06322 (32/32)  [extra 12/50]
    fp=0.0282 tp=0.0211  [0.1s]
   nu  = 3.0000
  rho=100.15895 (33/33)  [extra 13/50]
    fp=0.0323 tp=0.0211  [0.1s]
   nu  = 3.0000
  rho=88.72749 (34/34)  [extra 14/50]
    fp=0.0356 tp=0.0211  [0.1s]
   nu  = 3.0000
  rho=78.60073 (35/35)  [extra 15/50]
    fp=0.0408 tp=0.0211  [0.1s]
   nu  = 3.0000
  rho=69.62978 (36/36)  [extra 16/50]
    fp=0.0447 tp=0.0211  [0.1s]
   nu  = 3.0000
  rho=61.68271 (37/37)  [extra 17/50]
    fp=0.0503 tp=0.0316  [0.2s]
   nu  = 3.0000
  rho=54.64266 (38/38)  [extra 18/50]
    fp=0.0552 tp=0.0316  [0.1s]
   nu  = 3.0000
  rho=48.40612 (39/39)  [extra 19/50]
    fp=0.0599 tp=0.0316  [0.2s]
   nu  = 3.0000
  rho=42.88138 (40/40)  [extra 20/50]
    fp=0.0639 tp=0.0526  [0.2s]
   nu  = 3.0000
  rho=37.98719 (41/41)  [extra 21/50]
    fp=0.0719 tp=0.0632  [0.2s]
   nu  = 3.0000
  rho=33.65159 (42/42)  [extra 22/50]
    fp=0.0789 tp=0.0737  [0.2s]
   nu  = 3.0000
  rho=29.81082 (43/43)  [extra 23/50]
    fp=0.0877 tp=0.0947  [0.2s]
   nu  = 3.0000
  rho=26.40842 (44/44)  [extra 24/50]
    fp=0.0978 tp=0.1158  [0.2s]
   nu  = 3.0000
  rho=23.39434 (45/45)  [extra 25/50]
    fp=0.1096 tp=0.1368  [0.2s]
   nu  = 3.0000
  rho=20.72427 (46/46)  [extra 26/50]
    fp=0.1188 tp=0.1579  [0.2s]
   nu  = 3.0000
  rho=18.35894 (47/47)  [extra 27/50]
    fp=0.1287 tp=0.1579  [0.2s]
   nu  = 3.0000
  rho=16.26358 (48/48)  [extra 28/50]
    fp=0.1423 tp=0.1684  [0.2s]
   nu  = 3.0000
  rho=14.40736 (49/49)  [extra 29/50]
    fp=0.1557 tp=0.2211  [0.2s]
   nu  = 3.0000
  rho=12.76300 (50/50)  [extra 30/50]
    fp=0.1691 tp=0.2316  [0.2s]
   nu  = 3.0000
  rho=11.30632 (51/51)  [extra 31/50]
    fp=0.1864 tp=0.2632  [0.2s]
   nu  = 3.0000
  rho=10.01589 (52/52)  [extra 32/50]
    fp=0.2006 tp=0.2842  [0.2s]
   nu  = 3.0000
  rho=8.87275 (53/53)  [extra 33/50]
    fp=0.2237 tp=0.2947  [0.2s]
   nu  = 3.0000
  rho=7.86007 (54/54)  [extra 34/50]
    fp=0.2412 tp=0.3263  [0.2s]
   nu  = 3.0000
  rho=6.96298 (55/55)  [extra 35/50]
    fp=0.2643 tp=0.3368  [0.3s]
   nu  = 3.0000
  rho=6.16827 (56/56)  [extra 36/50]
    fp=0.2840 tp=0.3263  [0.3s]
   nu  = 3.0000
  rho=5.46427 (57/57)  [extra 37/50]
    fp=0.3048 tp=0.3684  [0.4s]
   nu  = 3.0000
  FPR 0.3048 >= fp_end=0.3; stopping after 57 fits
  grid extended by 37 points down to rho=5.46427, ending at FPR 0.3048
  pilot fit of run_tstar_varlasso at rho=0.30349
  -> rho_max = max|S_ij| (off-diag) = 0.95533
  rho grid: [0.95533066 0.8462957  0.74970526 0.66413899 0.58833868 0.5211897
 0.46170464 0.40900881 0.36232732 0.32097374 0.28433998 0.25188734
 0.22313863 0.1976711  0.17511027 0.15512437 0.13741953 0.1217354
 0.10784134 0.09553307]
Running run_tstar_varlasso over 20 rho values, extending until FPR >= 0.3...
  rho=0.95533 (1/20)
    fp=0.0012 tp=0.0000  [0.2s]
   nu  = 3.0000
  rho=0.84630 (2/20)
    fp=0.0025 tp=0.0000  [0.1s]
   nu  = 3.0000
  rho=0.74971 (3/20)
    fp=0.0031 tp=0.0105  [0.1s]
   nu  = 3.0000
  rho=0.66414 (4/20)
    fp=0.0056 tp=0.0211  [0.1s]
   nu  = 3.0000
  rho=0.58834 (5/20)
    fp=0.0080 tp=0.0316  [0.1s]
   nu  = 3.0000
  rho=0.52119 (6/20)
    fp=0.0109 tp=0.0737  [0.1s]
   nu  = 3.0000
  rho=0.46170 (7/20)
    fp=0.0159 tp=0.0842  [0.1s]
   nu  = 3.0000
  rho=0.40901 (8/20)
    fp=0.0225 tp=0.0947  [0.1s]
   nu  = 3.0000
  rho=0.36233 (9/20)
    fp=0.0330 tp=0.1474  [0.1s]
   nu  = 3.0000
  rho=0.32097 (10/20)
    fp=0.0426 tp=0.2000  [0.1s]
   nu  = 3.0000
  rho=0.28434 (11/20)
    fp=0.0577 tp=0.2421  [0.1s]
   nu  = 3.0000
  rho=0.25189 (12/20)
    fp=0.0768 tp=0.2947  [0.1s]
   nu  = 3.0000
  rho=0.22314 (13/20)
    fp=0.0941 tp=0.3263  [0.1s]
   nu  = 3.0000
  rho=0.19767 (14/20)
    fp=0.1153 tp=0.4211  [0.2s]
   nu  = 3.0000
  rho=0.17511 (15/20)
    fp=0.1384 tp=0.5158  [0.2s]
   nu  = 3.0000
  rho=0.15512 (16/20)
    fp=0.1588 tp=0.5579  [0.2s]
   nu  = 3.0000
  rho=0.13742 (17/20)
    fp=0.1813 tp=0.6000  [0.2s]
   nu  = 3.0000
  rho=0.12174 (18/20)
    fp=0.2051 tp=0.6211  [0.2s]
   nu  = 3.0000
  rho=0.10784 (19/20)
    fp=0.2297 tp=0.6526  [0.2s]
   nu  = 3.0000
  rho=0.09553 (20/20)
    fp=0.2589 tp=0.6842  [0.2s]
   nu  = 3.0000
  rho=0.08463 (21/21)  [extra 1/50]
    fp=0.2791 tp=0.6947  [0.3s]
   nu  = 3.0000
  rho=0.07497 (22/22)  [extra 2/50]
    fp=0.3028 tp=0.7158  [0.3s]
   nu  = 3.0000
  FPR 0.3028 >= fp_end=0.3; stopping after 22 fits
  grid extended by 2 points down to rho=0.07497, ending at FPR 0.3028
  pilot fit of run_em_diagonal at rho=0.30349
  -> rho_max = max|S_ij| (off-diag) = 0.51294
  rho grid: [0.51293645 0.45439337 0.40253199 0.35658973 0.315891   0.27983734
 0.24789861 0.21960514 0.1945409  0.17233733 0.15266791 0.13524344
 0.11980767 0.10613363 0.09402026 0.08328943 0.07378334 0.06536221
 0.05790221 0.05129365]
Running run_em_diagonal over 20 rho values, extending until FPR >= 0.3...
  rho=0.51294 (1/20)
    fp=0.0004 tp=0.0105  [11.0s]
   median nu  = 0.457
   median |eta| = 1.387
  rho=0.45439 (2/20)
    fp=0.0016 tp=0.0211  [10.9s]
   median nu  = 0.474
   median |eta| = 1.521
  rho=0.40253 (3/20)
    fp=0.0031 tp=0.0421  [10.8s]
   median nu  = 0.488
   median |eta| = 1.642
  rho=0.35659 (4/20)
    fp=0.0058 tp=0.0632  [10.9s]
   median nu  = 0.5
   median |eta| = 1.597
  rho=0.31589 (5/20)
    fp=0.0091 tp=0.0737  [10.9s]
   median nu  = 0.516
   median |eta| = 1.543
  rho=0.27984 (6/20)
    fp=0.0134 tp=0.1368  [10.9s]
   median nu  = 0.532
   median |eta| = 1.517
  rho=0.24790 (7/20)
    fp=0.0216 tp=0.2105  [10.9s]
   median nu  = 0.542
   median |eta| = 1.447
  rho=0.21961 (8/20)
    fp=0.0332 tp=0.2421  [11.4s]
   median nu  = 0.543
   median |eta| = 1.415
  rho=0.19454 (9/20)
    fp=0.0422 tp=0.2947  [11.0s]
   median nu  = 0.545
   median |eta| = 1.455
  rho=0.17234 (10/20)
    fp=0.0560 tp=0.3789  [10.9s]
   median nu  = 0.56
   median |eta| = 1.394
  rho=0.15267 (11/20)
    fp=0.0733 tp=0.4737  [11.0s]
   median nu  = 0.575
   median |eta| = 1.27
  rho=0.13524 (12/20)
    fp=0.0995 tp=0.5263  [11.2s]
   median nu  = 0.589
   median |eta| = 1.188
  rho=0.11981 (13/20)
    fp=0.1186 tp=0.5368  [10.9s]
   median nu  = 0.624
   median |eta| = 1.205
  rho=0.10613 (14/20)
    fp=0.1353 tp=0.5579  [10.8s]
   median nu  = 0.65
   median |eta| = 1.087
  rho=0.09402 (15/20)
    fp=0.1549 tp=0.6000  [10.8s]
   median nu  = 0.66
   median |eta| = 1.066
  rho=0.08329 (16/20)
    fp=0.1743 tp=0.6105  [10.9s]
   median nu  = 0.679
   median |eta| = 1.072
  rho=0.07378 (17/20)
    fp=0.1918 tp=0.6316  [10.7s]
   median nu  = 0.75
   median |eta| = 0.989
  rho=0.06536 (18/20)
    fp=0.2115 tp=0.6632  [10.5s]
   median nu  = 0.784
   median |eta| = 1.0
  rho=0.05790 (19/20)
    fp=0.2272 tp=0.6842  [10.4s]
   median nu  = 0.794
   median |eta| = 0.956
  rho=0.05129 (20/20)
    fp=0.2437 tp=0.6947  [10.3s]
   median nu  = 0.799
   median |eta| = 0.967
  rho=0.04544 (21/21)  [extra 1/50]
    fp=0.2575 tp=0.7053  [10.3s]
   median nu  = 0.783
   median |eta| = 0.946
  rho=0.04025 (22/22)  [extra 2/50]
    fp=0.2719 tp=0.7053  [10.2s]
   median nu  = 0.758
   median |eta| = 0.942
  rho=0.03566 (23/23)  [extra 3/50]
    fp=0.2863 tp=0.7263  [10.3s]
   median nu  = 0.796
   median |eta| = 0.941
  rho=0.03159 (24/24)  [extra 4/50]
    fp=0.2972 tp=0.7053  [10.4s]
   median nu  = 0.856
   median |eta| = 0.845
  rho=0.02798 (25/25)  [extra 5/50]
    fp=0.3137 tp=0.7158  [10.5s]
   median nu  = 0.914
   median |eta| = 0.891
  FPR 0.3137 >= fp_end=0.3; stopping after 25 fits
  grid extended by 5 points down to rho=0.02798, ending at FPR 0.3137
  pilot fit of run_em_exact at rho=0.30349
  -> rho_max = max|S_ij| (off-diag) = 0.58257
  rho grid: [0.58257364 0.51608264 0.45718047 0.405001   0.35877693 0.31782857
 0.28155378 0.24941914 0.22095213 0.19573416 0.17339439 0.15360433
 0.13607298 0.12054253 0.10678462 0.09459695 0.0838003  0.0742359
 0.06576312 0.05825736]
Running run_em_exact over 20 rho values, extending until FPR >= 0.3...
  rho=0.58257 (1/20)
    fp=0.0004 tp=0.0105  [9.9s]
   median nu  = 0.434
   median |eta| = 1.436
  rho=0.51608 (2/20)
    fp=0.0004 tp=0.0105  [9.8s]
   median nu  = 0.462
   median |eta| = 1.383
  rho=0.45718 (3/20)
    fp=0.0016 tp=0.0211  [9.3s]
   median nu  = 0.49
   median |eta| = 1.513
  rho=0.40500 (4/20)
    fp=0.0033 tp=0.0421  [8.2s]
   median nu  = 0.519
   median |eta| = 1.568
  rho=0.35878 (5/20)
    fp=0.0058 tp=0.0632  [8.0s]
   median nu  = 0.55
   median |eta| = 1.47
  rho=0.31783 (6/20)
    fp=0.0095 tp=0.0737  [7.9s]
   median nu  = 0.576
   median |eta| = 1.295
  rho=0.28155 (7/20)
    fp=0.0152 tp=0.1368  [7.9s]
   median nu  = 0.602
   median |eta| = 1.212
  rho=0.24942 (8/20)
    fp=0.0237 tp=0.2105  [7.6s]
   median nu  = 0.64
   median |eta| = 1.048
  rho=0.22095 (9/20)
    fp=0.0354 tp=0.2421  [7.4s]
   median nu  = 0.687
   median |eta| = 0.905
  rho=0.19573 (10/20)
    fp=0.0498 tp=0.3263  [7.2s]
   median nu  = 0.745
   median |eta| = 0.759
  rho=0.17339 (11/20)
    fp=0.0676 tp=0.4421  [6.9s]
   median nu  = 0.802
   median |eta| = 0.642
  rho=0.15360 (12/20)
    fp=0.0904 tp=0.4947  [7.1s]
   median nu  = 0.864
   median |eta| = 0.509
  rho=0.13607 (13/20)
    fp=0.1176 tp=0.5368  [6.5s]
   median nu  = 0.935
   median |eta| = 0.362
  rho=0.12054 (14/20)
    fp=0.1399 tp=0.5789  [6.2s]
   median nu  = 1.01
   median |eta| = 0.284
  rho=0.10678 (15/20)
    fp=0.1613 tp=0.5895  [6.0s]
   median nu  = 1.09
   median |eta| = 0.203
  rho=0.09460 (16/20)
    fp=0.1827 tp=0.6105  [5.9s]
   median nu  = 1.171
   median |eta| = 0.147
  rho=0.08380 (17/20)
    fp=0.2021 tp=0.6316  [5.8s]
   median nu  = 1.267
   median |eta| = 0.109
  rho=0.07424 (18/20)
    fp=0.2229 tp=0.6737  [6.4s]
   median nu  = 1.396
   median |eta| = 0.078
  rho=0.06576 (19/20)
    fp=0.2406 tp=0.6947  [6.3s]
   median nu  = 1.515
   median |eta| = 0.06
  rho=0.05826 (20/20)
    fp=0.2601 tp=0.6947  [6.2s]
   median nu  = 1.636
   median |eta| = 0.045
  rho=0.05161 (21/21)  [extra 1/50]
    fp=0.2760 tp=0.7053  [6.3s]
   median nu  = 1.766
   median |eta| = 0.034
  rho=0.04572 (22/22)  [extra 2/50]
    fp=0.2950 tp=0.7158  [6.3s]
   median nu  = 1.915
   median |eta| = 0.025
  rho=0.04050 (23/23)  [extra 3/50]
    fp=0.3088 tp=0.7263  [5.8s]
   median nu  = 2.029
   median |eta| = 0.018
  FPR 0.3088 >= fp_end=0.3; stopping after 23 fits
  grid extended by 3 points down to rho=0.04050, ending at FPR 0.3088
  graphical_lasso rho_max = max|S_ij| (off-diag) = 277.59979
  rho grid: [277.59978611 245.91643154 217.84919991 192.98537152 170.95933167
 151.44719443 134.16204005 118.84969581 105.28499857  93.26848376
  82.62345236  73.19337255  64.83957802  57.43922887  50.88350533
  45.07600755  39.93133813  35.37384635  31.33651573  27.75997861]
Running graphical_lasso over 20 rho values, extending until FPR >= 0.3...
  rho=277.59979 (1/20)
    fp=0.0000 tp=0.0000  [0.0s]
  rho=245.91643 (2/20)
    fp=0.0002 tp=0.0000  [0.0s]
  rho=217.84920 (3/20)
    fp=0.0002 tp=0.0000  [0.0s]
  rho=192.98537 (4/20)
    fp=0.0002 tp=0.0000  [0.0s]
  rho=170.95933 (5/20)
    fp=0.0002 tp=0.0000  [6.2s]
  rho=151.44719 (6/20)
    fp=0.0002 tp=0.0000  [0.0s]
  rho=134.16204 (7/20)
    fp=0.0002 tp=0.0000  [0.0s]
  rho=118.84970 (8/20)
    fp=0.0002 tp=0.0000  [0.0s]
  rho=105.28500 (9/20)
    fp=0.0002 tp=0.0000  [0.0s]
  rho=93.26848 (10/20)
    fp=0.0002 tp=0.0000  [0.0s]
  rho=82.62345 (11/20)
    fp=0.0002 tp=0.0000  [0.0s]
  rho=73.19337 (12/20)
    fp=0.0002 tp=0.0000  [0.0s]
  rho=64.83958 (13/20)
    fp=0.0004 tp=0.0000  [0.0s]
  rho=57.43923 (14/20)
    fp=0.0008 tp=0.0000  [0.0s]
  rho=50.88351 (15/20)
    fp=0.0012 tp=0.0000  [0.0s]
  rho=45.07601 (16/20)
    fp=0.0012 tp=0.0000  [0.0s]
  rho=39.93134 (17/20)
    fp=0.0023 tp=0.0000  [6.1s]
  rho=35.37385 (18/20)
    fp=0.0025 tp=0.0000  [6.1s]
  rho=31.33652 (19/20)
    fp=0.0029 tp=0.0000  [0.0s]
  rho=27.75998 (20/20)
    fp=0.0033 tp=0.0000  [6.2s]
  rho=24.59164 (21/21)  [extra 1/50]
    fp=0.0045 tp=0.0000  [6.2s]
  rho=21.78492 (22/22)  [extra 2/50]
    fp=0.0056 tp=0.0000  [6.2s]
  rho=19.29854 (23/23)  [extra 3/50]
    fp=0.0062 tp=0.0000  [0.0s]
  rho=17.09593 (24/24)  [extra 4/50]
    fp=0.0076 tp=0.0000  [0.0s]
  rho=15.14472 (25/25)  [extra 5/50]
    fp=0.0101 tp=0.0000  [0.0s]
  rho=13.41620 (26/26)  [extra 6/50]
    fp=0.0117 tp=0.0000  [0.0s]
  rho=11.88497 (27/27)  [extra 7/50]
    fp=0.0146 tp=0.0105  [6.2s]
  rho=10.52850 (28/28)  [extra 8/50]
    fp=0.0173 tp=0.0105  [0.0s]
  rho=9.32685 (29/29)  [extra 9/50]
    fp=0.0198 tp=0.0105  [0.0s]
  rho=8.26235 (30/30)  [extra 10/50]
    fp=0.0225 tp=0.0105  [0.0s]
  rho=7.31934 (31/31)  [extra 11/50]
    fp=0.0270 tp=0.0211  [6.3s]
  rho=6.48396 (32/32)  [extra 12/50]
    fp=0.0292 tp=0.0211  [6.3s]
  rho=5.74392 (33/33)  [extra 13/50]
    fp=0.0330 tp=0.0211  [0.0s]
  rho=5.08835 (34/34)  [extra 14/50]
    fp=0.0381 tp=0.0211  [0.0s]
  rho=4.50760 (35/35)  [extra 15/50]
    fp=0.0420 tp=0.0211  [0.0s]
  rho=3.99313 (36/36)  [extra 16/50]
    fp=0.0482 tp=0.0316  [0.0s]
  rho=3.53738 (37/37)  [extra 17/50]
    fp=0.0538 tp=0.0316  [0.1s]
  rho=3.13365 (38/38)  [extra 18/50]
    fp=0.0591 tp=0.0421  [0.0s]
  rho=2.77600 (39/39)  [extra 19/50]
    fp=0.0661 tp=0.0526  [0.4s]
  rho=2.45916 (40/40)  [extra 20/50]
    fp=0.0715 tp=0.0632  [0.0s]
  rho=2.17849 (41/41)  [extra 21/50]
    fp=0.0814 tp=0.0737  [0.0s]
  rho=1.92985 (42/42)  [extra 22/50]
    fp=0.0931 tp=0.0947  [0.0s]
  rho=1.70959 (43/43)  [extra 23/50]
    fp=0.1050 tp=0.1053  [0.0s]
  rho=1.51447 (44/44)  [extra 24/50]
    fp=0.1186 tp=0.1368  [0.1s]
  rho=1.34162 (45/45)  [extra 25/50]
    fp=0.1320 tp=0.1474  [0.0s]
  rho=1.18850 (46/46)  [extra 26/50]
    fp=0.1497 tp=0.1789  [0.1s]
  rho=1.05285 (47/47)  [extra 27/50]
    fp=0.1642 tp=0.2000  [0.0s]
  rho=0.93268 (48/48)  [extra 28/50]
    fp=0.1802 tp=0.2211  [0.1s]
  rho=0.82623 (49/49)  [extra 29/50]
    fp=0.2002 tp=0.2421  [0.0s]
  rho=0.73193 (50/50)  [extra 30/50]
    fp=0.2165 tp=0.2842  [0.0s]
  rho=0.64840 (51/51)  [extra 31/50]
    fp=0.2379 tp=0.3263  [0.0s]
  rho=0.57439 (52/52)  [extra 32/50]
    fp=0.2593 tp=0.3263  [0.0s]
  rho=0.50884 (53/53)  [extra 33/50]
    fp=0.2791 tp=0.3579  [0.1s]
  rho=0.45076 (54/54)  [extra 34/50]
    fp=0.3032 tp=0.3789  [0.0s]
  FPR 0.3032 >= fp_end=0.3; stopping after 54 fits
  [note] 9/54 fits hit a glasso ConvergenceWarning (suppressed)
  grid extended by 34 points down to rho=0.45076, ending at FPR 0.3032
  [warn] mean_roc averages out to FPR 0.300 but the shortest replicate only reached 0.008; its TPR is held flat above that
  [warn] mean_roc averages out to FPR 0.300 but the shortest replicate only reached 0.017; its TPR is held flat above that

(p=100, n=50) over 48 replicates
  t+lasso  (run_em_diagonal):    AUC = 0.133 (SE 0.002)
  ~t+lasso (run_em_exact):       AUC = 0.127 (SE 0.002)
  tlasso   (run_tlasso):         AUC = 0.046 (SE 0.002)
  t*lasso  (run_tstar_varlasso): AUC = 0.106 (SE 0.002)
  glasso   (graphical_lasso):    AUC = 0.046 (SE 0.002)
Replicate 49/50
  Theta: 86/4950 edges
  pilot fit of run_tlasso at rho=30.34854
  -> rho_max = max|S_ij| (off-diag) = 1955.50194
  rho grid: [1955.50194267 1732.3142296  1534.59964655 1359.45086346 1204.29237313
 1066.8426193   945.08044703  837.21538229  741.66130359  657.01311859
  582.02610262  515.59759546  456.75078703  404.62035373  358.43973409
  317.5298568   281.2891551   249.184721    220.74446902  195.55019427]
Running run_tlasso over 20 rho values, extending until FPR >= 0.3...
  rho=1955.50194 (1/20)
    fp=0.0002 tp=0.0000  [0.1s]
   nu  = 3.0000
  rho=1732.31423 (2/20)
    fp=0.0002 tp=0.0000  [0.1s]
   nu  = 3.0000
  rho=1534.59965 (3/20)
    fp=0.0002 tp=0.0000  [0.1s]
   nu  = 3.0000
  rho=1359.45086 (4/20)
    fp=0.0002 tp=0.0000  [0.1s]
   nu  = 3.0000
  rho=1204.29237 (5/20)
    fp=0.0002 tp=0.0000  [0.1s]
   nu  = 3.0000
  rho=1066.84262 (6/20)
    fp=0.0002 tp=0.0000  [0.1s]
   nu  = 3.0000
  rho=945.08045 (7/20)
    fp=0.0002 tp=0.0000  [0.1s]
   nu  = 3.0000
  rho=837.21538 (8/20)
    fp=0.0004 tp=0.0000  [0.1s]
   nu  = 3.0000
  rho=741.66130 (9/20)
    fp=0.0008 tp=0.0000  [0.1s]
   nu  = 3.0000
  rho=657.01312 (10/20)
    fp=0.0012 tp=0.0000  [0.1s]
   nu  = 3.0000
  rho=582.02610 (11/20)
    fp=0.0014 tp=0.0000  [0.1s]
   nu  = 3.0000
  rho=515.59760 (12/20)
    fp=0.0023 tp=0.0000  [0.1s]
   nu  = 3.0000
  rho=456.75079 (13/20)
    fp=0.0027 tp=0.0000  [0.1s]
   nu  = 3.0000
  rho=404.62035 (14/20)
    fp=0.0041 tp=0.0116  [0.1s]
   nu  = 3.0000
  rho=358.43973 (15/20)
    fp=0.0060 tp=0.0116  [0.1s]
   nu  = 3.0000
  rho=317.52986 (16/20)
    fp=0.0082 tp=0.0116  [0.1s]
   nu  = 3.0000
  rho=281.28916 (17/20)
    fp=0.0093 tp=0.0116  [0.1s]
   nu  = 3.0000
  rho=249.18472 (18/20)
    fp=0.0125 tp=0.0116  [0.1s]
   nu  = 3.0000
  rho=220.74447 (19/20)
    fp=0.0142 tp=0.0233  [0.1s]
   nu  = 3.0000
  rho=195.55019 (20/20)
    fp=0.0183 tp=0.0233  [0.1s]
   nu  = 3.0000
  rho=173.23142 (21/21)  [extra 1/50]
    fp=0.0208 tp=0.0465  [0.1s]
   nu  = 3.0000
  rho=153.45996 (22/22)  [extra 2/50]
    fp=0.0243 tp=0.0465  [0.1s]
   nu  = 3.0000
  rho=135.94509 (23/23)  [extra 3/50]
    fp=0.0278 tp=0.0465  [0.1s]
   nu  = 3.0000
  rho=120.42924 (24/24)  [extra 4/50]
    fp=0.0327 tp=0.0465  [0.1s]
   nu  = 3.0000
  rho=106.68426 (25/25)  [extra 5/50]
    fp=0.0350 tp=0.0465  [0.1s]
   nu  = 3.0000
  rho=94.50804 (26/26)  [extra 6/50]
    fp=0.0382 tp=0.0581  [0.1s]
   nu  = 3.0000
  rho=83.72154 (27/27)  [extra 7/50]
    fp=0.0405 tp=0.0581  [0.1s]
   nu  = 3.0000
  rho=74.16613 (28/28)  [extra 8/50]
    fp=0.0454 tp=0.0581  [0.1s]
   nu  = 3.0000
  rho=65.70131 (29/29)  [extra 9/50]
    fp=0.0508 tp=0.0581  [0.1s]
   nu  = 3.0000
  rho=58.20261 (30/30)  [extra 10/50]
    fp=0.0565 tp=0.0581  [0.1s]
   nu  = 3.0000
  rho=51.55976 (31/31)  [extra 11/50]
    fp=0.0615 tp=0.0581  [0.1s]
   nu  = 3.0000
  rho=45.67508 (32/32)  [extra 12/50]
    fp=0.0666 tp=0.0698  [0.1s]
   nu  = 3.0000
  rho=40.46204 (33/33)  [extra 13/50]
    fp=0.0761 tp=0.0698  [0.2s]
   nu  = 3.0000
  rho=35.84397 (34/34)  [extra 14/50]
    fp=0.0849 tp=0.0698  [0.2s]
   nu  = 3.0000
  rho=31.75299 (35/35)  [extra 15/50]
    fp=0.0933 tp=0.0698  [0.2s]
   nu  = 3.0000
  rho=28.12892 (36/36)  [extra 16/50]
    fp=0.1022 tp=0.0814  [0.2s]
   nu  = 3.0000
  rho=24.91847 (37/37)  [extra 17/50]
    fp=0.1114 tp=0.1047  [0.1s]
   nu  = 3.0000
  rho=22.07445 (38/38)  [extra 18/50]
    fp=0.1192 tp=0.1047  [0.1s]
   nu  = 3.0000
  rho=19.55502 (39/39)  [extra 19/50]
    fp=0.1275 tp=0.1047  [0.1s]
   nu  = 3.0000
  rho=17.32314 (40/40)  [extra 20/50]
    fp=0.1388 tp=0.1279  [0.2s]
   nu  = 3.0000
  rho=15.34600 (41/41)  [extra 21/50]
    fp=0.1505 tp=0.1512  [0.2s]
   nu  = 3.0000
  rho=13.59451 (42/42)  [extra 22/50]
    fp=0.1651 tp=0.1628  [0.2s]
   nu  = 3.0000
  rho=12.04292 (43/43)  [extra 23/50]
    fp=0.1782 tp=0.1628  [0.2s]
   nu  = 3.0000
  rho=10.66843 (44/44)  [extra 24/50]
    fp=0.1910 tp=0.1628  [0.2s]
   nu  = 3.0000
  rho=9.45080 (45/45)  [extra 25/50]
    fp=0.2085 tp=0.1860  [0.2s]
   nu  = 3.0000
  rho=8.37215 (46/46)  [extra 26/50]
    fp=0.2264 tp=0.2326  [0.3s]
   nu  = 3.0000
  rho=7.41661 (47/47)  [extra 27/50]
    fp=0.2420 tp=0.2558  [0.3s]
   nu  = 3.0000
  rho=6.57013 (48/48)  [extra 28/50]
    fp=0.2644 tp=0.2558  [0.2s]
   nu  = 3.0000
  rho=5.82026 (49/49)  [extra 29/50]
    fp=0.2843 tp=0.3256  [0.3s]
   nu  = 3.0000
  rho=5.15598 (50/50)  [extra 30/50]
    fp=0.3045 tp=0.3605  [0.3s]
   nu  = 3.0000
  FPR 0.3045 >= fp_end=0.3; stopping after 50 fits
  grid extended by 30 points down to rho=5.15598, ending at FPR 0.3045
  pilot fit of run_tstar_varlasso at rho=0.30349
  -> rho_max = max|S_ij| (off-diag) = 0.83141
  rho grid: [0.8314139  0.73652196 0.65246035 0.57799295 0.51202476 0.45358573
 0.40181654 0.35595593 0.31532953 0.27933996 0.247458   0.21921482
 0.19419513 0.17203102 0.15239656 0.13500306 0.11959472 0.10594499
 0.09385315 0.08314139]
Running run_tstar_varlasso over 20 rho values, extending until FPR >= 0.3...
  rho=0.83141 (1/20)
    fp=0.0035 tp=0.0000  [0.2s]
   nu  = 3.0000
  rho=0.73652 (2/20)
    fp=0.0037 tp=0.0000  [0.1s]
   nu  = 3.0000
  rho=0.65246 (3/20)
    fp=0.0064 tp=0.0116  [0.1s]
   nu  = 3.0000
  rho=0.57799 (4/20)
    fp=0.0105 tp=0.0116  [0.1s]
   nu  = 3.0000
  rho=0.51202 (5/20)
    fp=0.0154 tp=0.0349  [0.1s]
   nu  = 3.0000
  rho=0.45359 (6/20)
    fp=0.0243 tp=0.0581  [0.1s]
   nu  = 3.0000
  rho=0.40182 (7/20)
    fp=0.0312 tp=0.0814  [0.1s]
   nu  = 3.0000
  rho=0.35596 (8/20)
    fp=0.0409 tp=0.1279  [0.1s]
   nu  = 3.0000
  rho=0.31533 (9/20)
    fp=0.0565 tp=0.1512  [0.1s]
   nu  = 3.0000
  rho=0.27934 (10/20)
    fp=0.0763 tp=0.2209  [0.1s]
   nu  = 3.0000
  rho=0.24746 (11/20)
    fp=0.0940 tp=0.2791  [0.1s]
   nu  = 3.0000
  rho=0.21921 (12/20)
    fp=0.1143 tp=0.3140  [0.1s]
   nu  = 3.0000
  rho=0.19420 (13/20)
    fp=0.1382 tp=0.3488  [0.1s]
   nu  = 3.0000
  rho=0.17203 (14/20)
    fp=0.1632 tp=0.3837  [0.2s]
   nu  = 3.0000
  rho=0.15240 (15/20)
    fp=0.1850 tp=0.3837  [0.1s]
   nu  = 3.0000
  rho=0.13500 (16/20)
    fp=0.2122 tp=0.4186  [0.2s]
   nu  = 3.0000
  rho=0.11959 (17/20)
    fp=0.2407 tp=0.4419  [0.2s]
   nu  = 3.0000
  rho=0.10594 (18/20)
    fp=0.2636 tp=0.4884  [0.2s]
   nu  = 3.0000
  rho=0.09385 (19/20)
    fp=0.2889 tp=0.5000  [0.2s]
   nu  = 3.0000
  rho=0.08314 (20/20)
    fp=0.3115 tp=0.5116  [0.2s]
   nu  = 3.0000
  FPR 0.3115 >= fp_end=0.3; stopping after 20 fits
  pilot fit of run_em_diagonal at rho=0.30349
  -> rho_max = max|S_ij| (off-diag) = 0.50418
  rho grid: [0.50417984 0.44663618 0.39566016 0.3505022  0.31049826 0.27506009
 0.2436666  0.21585615 0.19121979 0.16939527 0.15006164 0.13293462
 0.11776237 0.10432177 0.09241519 0.08186755 0.07252374 0.06424638
 0.05691373 0.05041798]
Running run_em_diagonal over 20 rho values, extending until FPR >= 0.3...
  rho=0.50418 (1/20)
    fp=0.0012 tp=0.0000  [11.1s]
   median nu  = 0.476
   median |eta| = 1.675
  rho=0.44664 (2/20)
    fp=0.0021 tp=0.0349  [11.2s]
   median nu  = 0.496
   median |eta| = 1.614
  rho=0.39566 (3/20)
    fp=0.0041 tp=0.0581  [11.0s]
   median nu  = 0.515
   median |eta| = 1.557
  rho=0.35050 (4/20)
    fp=0.0070 tp=0.1163  [11.1s]
   median nu  = 0.535
   median |eta| = 1.488
  rho=0.31050 (5/20)
    fp=0.0103 tp=0.1512  [10.9s]
   median nu  = 0.569
   median |eta| = 1.402
  rho=0.27506 (6/20)
    fp=0.0181 tp=0.1744  [11.1s]
   median nu  = 0.605
   median |eta| = 1.327
  rho=0.24367 (7/20)
    fp=0.0269 tp=0.1860  [11.3s]
   median nu  = 0.643
   median |eta| = 1.283
  rho=0.21586 (8/20)
    fp=0.0387 tp=0.2326  [11.1s]
   median nu  = 0.663
   median |eta| = 1.241
  rho=0.19122 (9/20)
    fp=0.0514 tp=0.2558  [11.1s]
   median nu  = 0.67
   median |eta| = 1.217
  rho=0.16940 (10/20)
    fp=0.0650 tp=0.2791  [11.1s]
   median nu  = 0.677
   median |eta| = 1.177
  rho=0.15006 (11/20)
    fp=0.0800 tp=0.2907  [11.1s]
   median nu  = 0.697
   median |eta| = 1.174
  rho=0.13293 (12/20)
    fp=0.0983 tp=0.3140  [11.1s]
   median nu  = 0.703
   median |eta| = 1.194
  rho=0.11776 (13/20)
    fp=0.1164 tp=0.3721  [11.3s]
   median nu  = 0.708
   median |eta| = 1.187
  rho=0.10432 (14/20)
    fp=0.1347 tp=0.3953  [11.3s]
   median nu  = 0.712
   median |eta| = 1.18
  rho=0.09242 (15/20)
    fp=0.1511 tp=0.4186  [11.7s]
   median nu  = 0.749
   median |eta| = 1.189
  rho=0.08187 (16/20)
    fp=0.1696 tp=0.4186  [10.4s]
   median nu  = 0.752
   median |eta| = 1.18
  rho=0.07252 (17/20)
    fp=0.1875 tp=0.4302  [10.4s]
   median nu  = 0.735
   median |eta| = 1.202
  rho=0.06425 (18/20)
    fp=0.2048 tp=0.4302  [10.2s]
   median nu  = 0.71
   median |eta| = 1.255
  rho=0.05691 (19/20)
    fp=0.2216 tp=0.4767  [9.9s]
   median nu  = 0.69
   median |eta| = 1.322
  rho=0.05042 (20/20)
    fp=0.2344 tp=0.5116  [8.8s]
   median nu  = 0.696
   median |eta| = 1.444
  rho=0.04466 (21/21)  [extra 1/50]
    fp=0.2500 tp=0.5349  [8.6s]
   median nu  = 0.676
   median |eta| = 1.496
  rho=0.03957 (22/22)  [extra 2/50]
    fp=0.2642 tp=0.5465  [7.9s]
   median nu  = 0.649
   median |eta| = 1.608
  rho=0.03505 (23/23)  [extra 3/50]
    fp=0.2755 tp=0.5581  [7.8s]
   median nu  = 0.624
   median |eta| = 1.736
  rho=0.03105 (24/24)  [extra 4/50]
    fp=0.2878 tp=0.5698  [7.6s]
   median nu  = 0.65
   median |eta| = 1.805
  rho=0.02751 (25/25)  [extra 5/50]
    fp=0.3016 tp=0.5814  [7.5s]
   median nu  = 0.692
   median |eta| = 1.876
  FPR 0.3016 >= fp_end=0.3; stopping after 25 fits
  grid extended by 5 points down to rho=0.02751, ending at FPR 0.3016
  pilot fit of run_em_exact at rho=0.30349
  -> rho_max = max|S_ij| (off-diag) = 0.53144
  rho grid: [0.53144495 0.47078943 0.41705672 0.3694567  0.32728942 0.28993483
 0.25684364 0.22752925 0.2015606  0.17855585 0.15817669 0.14012348
 0.12413074 0.1099633  0.09741283 0.08629479 0.07644569 0.0677207
 0.05999152 0.05314449]
Running run_em_exact over 20 rho values, extending until FPR >= 0.3...
  rho=0.53144 (1/20)
    fp=0.0008 tp=0.0000  [8.4s]
   median nu  = 0.466
   median |eta| = 1.7
  rho=0.47079 (2/20)
    fp=0.0019 tp=0.0000  [8.1s]
   median nu  = 0.487
   median |eta| = 1.664
  rho=0.41706 (3/20)
    fp=0.0029 tp=0.0465  [8.1s]
   median nu  = 0.507
   median |eta| = 1.499
  rho=0.36946 (4/20)
    fp=0.0058 tp=0.0930  [8.2s]
   median nu  = 0.525
   median |eta| = 1.39
  rho=0.32729 (5/20)
    fp=0.0082 tp=0.1395  [8.1s]
   median nu  = 0.568
   median |eta| = 1.31
  rho=0.28993 (6/20)
    fp=0.0167 tp=0.1744  [8.2s]
   median nu  = 0.614
   median |eta| = 1.177
  rho=0.25684 (7/20)
    fp=0.0263 tp=0.1744  [8.1s]
   median nu  = 0.655
   median |eta| = 1.027
  rho=0.22753 (8/20)
    fp=0.0403 tp=0.2093  [7.9s]
   median nu  = 0.695
   median |eta| = 0.9
  rho=0.20156 (9/20)
    fp=0.0567 tp=0.2558  [7.8s]
   median nu  = 0.761
   median |eta| = 0.768
  rho=0.17856 (10/20)
    fp=0.0761 tp=0.2907  [7.4s]
   median nu  = 0.837
   median |eta| = 0.615
  rho=0.15818 (11/20)
    fp=0.1001 tp=0.2907  [7.2s]
   median nu  = 0.918
   median |eta| = 0.504
  rho=0.14012 (12/20)
    fp=0.1234 tp=0.3605  [7.3s]
   median nu  = 0.998
   median |eta| = 0.379
  rho=0.12413 (13/20)
    fp=0.1517 tp=0.4070  [7.3s]
   median nu  = 1.058
   median |eta| = 0.289
  rho=0.10996 (14/20)
    fp=0.1791 tp=0.4186  [7.1s]
   median nu  = 1.141
   median |eta| = 0.217
  rho=0.09741 (15/20)
    fp=0.2009 tp=0.4186  [7.0s]
   median nu  = 1.255
   median |eta| = 0.169
  rho=0.08629 (16/20)
    fp=0.2237 tp=0.4302  [6.8s]
   median nu  = 1.406
   median |eta| = 0.119
  rho=0.07645 (17/20)
    fp=0.2455 tp=0.4767  [6.7s]
   median nu  = 1.559
   median |eta| = 0.088
  rho=0.06772 (18/20)
    fp=0.2660 tp=0.4767  [6.5s]
   median nu  = 1.705
   median |eta| = 0.064
  rho=0.05999 (19/20)
    fp=0.2833 tp=0.5000  [5.6s]
   median nu  = 1.85
   median |eta| = 0.048
  rho=0.05314 (20/20)
    fp=0.2989 tp=0.5349  [5.5s]
   median nu  = 1.982
   median |eta| = 0.037
  rho=0.04708 (21/21)  [extra 1/50]
    fp=0.3131 tp=0.5698  [5.5s]
   median nu  = 2.113
   median |eta| = 0.027
  FPR 0.3131 >= fp_end=0.3; stopping after 21 fits
  grid extended by 1 points down to rho=0.04708, ending at FPR 0.3131
  graphical_lasso rho_max = max|S_ij| (off-diag) = 112.42741
  rho grid: [112.42741193  99.59571056  88.22853245  78.15872687  69.23822051
  61.33584018  54.33538388  48.13391212  42.64023424  37.77356745
  33.46234896  29.64318367  26.25991198  23.26278394  20.60772774
  18.25570163  16.17211981  14.32634387  12.69123227  11.24274119]
Running graphical_lasso over 20 rho values, extending until FPR >= 0.3...
  rho=112.42741 (1/20)
    fp=0.0000 tp=0.0000  [0.0s]
  rho=99.59571 (2/20)
    fp=0.0002 tp=0.0000  [0.0s]
  rho=88.22853 (3/20)
    fp=0.0004 tp=0.0000  [0.0s]
  rho=78.15873 (4/20)
    fp=0.0004 tp=0.0000  [0.0s]
  rho=69.23822 (5/20)
    fp=0.0004 tp=0.0000  [0.0s]
  rho=61.33584 (6/20)
    fp=0.0004 tp=0.0000  [5.4s]
  rho=54.33538 (7/20)
    fp=0.0004 tp=0.0000  [0.0s]
  rho=48.13391 (8/20)
    fp=0.0006 tp=0.0000  [0.0s]
  rho=42.64023 (9/20)
    fp=0.0012 tp=0.0000  [0.0s]
  rho=37.77357 (10/20)
    fp=0.0012 tp=0.0000  [0.0s]
  rho=33.46235 (11/20)
    fp=0.0021 tp=0.0000  [0.0s]
  rho=29.64318 (12/20)
    fp=0.0029 tp=0.0000  [5.5s]
  rho=26.25991 (13/20)
    fp=0.0037 tp=0.0000  [5.4s]
  rho=23.26278 (14/20)
    fp=0.0062 tp=0.0116  [0.0s]
  rho=20.60773 (15/20)
    fp=0.0076 tp=0.0116  [0.0s]
  rho=18.25570 (16/20)
    fp=0.0097 tp=0.0116  [0.0s]
  rho=16.17212 (17/20)
    fp=0.0117 tp=0.0116  [0.0s]
  rho=14.32634 (18/20)
    fp=0.0140 tp=0.0233  [0.0s]
  rho=12.69123 (19/20)
    fp=0.0167 tp=0.0233  [5.5s]
  rho=11.24274 (20/20)
    fp=0.0210 tp=0.0349  [5.4s]
  rho=9.95957 (21/21)  [extra 1/50]
    fp=0.0234 tp=0.0349  [0.0s]
  rho=8.82285 (22/22)  [extra 2/50]
    fp=0.0267 tp=0.0349  [5.5s]
  rho=7.81587 (23/23)  [extra 3/50]
    fp=0.0306 tp=0.0465  [0.1s]
  rho=6.92382 (24/24)  [extra 4/50]
    fp=0.0333 tp=0.0465  [0.0s]
  rho=6.13358 (25/25)  [extra 5/50]
    fp=0.0360 tp=0.0465  [0.0s]
  rho=5.43354 (26/26)  [extra 6/50]
    fp=0.0384 tp=0.0581  [0.0s]
  rho=4.81339 (27/27)  [extra 7/50]
    fp=0.0430 tp=0.0581  [0.0s]
  rho=4.26402 (28/28)  [extra 8/50]
    fp=0.0477 tp=0.0581  [0.0s]
  rho=3.77736 (29/29)  [extra 9/50]
    fp=0.0541 tp=0.0581  [0.0s]
  rho=3.34623 (30/30)  [extra 10/50]
    fp=0.0606 tp=0.0581  [0.2s]
  rho=2.96432 (31/31)  [extra 11/50]
    fp=0.0666 tp=0.0581  [0.0s]
  rho=2.62599 (32/32)  [extra 12/50]
    fp=0.0765 tp=0.0698  [0.1s]
  rho=2.32628 (33/33)  [extra 13/50]
    fp=0.0853 tp=0.0698  [0.0s]
  rho=2.06077 (34/34)  [extra 14/50]
    fp=0.0948 tp=0.0814  [0.1s]
  rho=1.82557 (35/35)  [extra 15/50]
    fp=0.1061 tp=0.0930  [0.1s]
  rho=1.61721 (36/36)  [extra 16/50]
    fp=0.1160 tp=0.1163  [0.1s]
  rho=1.43263 (37/37)  [extra 17/50]
    fp=0.1254 tp=0.1163  [0.1s]
  rho=1.26912 (38/38)  [extra 18/50]
    fp=0.1382 tp=0.1047  [0.1s]
  rho=1.12427 (39/39)  [extra 19/50]
    fp=0.1548 tp=0.1628  [0.1s]
  rho=0.99596 (40/40)  [extra 20/50]
    fp=0.1719 tp=0.1628  [0.0s]
  rho=0.88229 (41/41)  [extra 21/50]
    fp=0.1889 tp=0.1744  [0.1s]
  rho=0.78159 (42/42)  [extra 22/50]
    fp=0.2074 tp=0.1628  [0.0s]
  rho=0.69238 (43/43)  [extra 23/50]
    fp=0.2239 tp=0.2209  [0.0s]
  rho=0.61336 (44/44)  [extra 24/50]
    fp=0.2451 tp=0.2558  [0.0s]
  rho=0.54335 (45/45)  [extra 25/50]
    fp=0.2710 tp=0.2791  [0.0s]
  rho=0.48134 (46/46)  [extra 26/50]
    fp=0.2887 tp=0.3256  [0.1s]
  rho=0.42640 (47/47)  [extra 27/50]
    fp=0.3096 tp=0.3605  [0.0s]
  FPR 0.3096 >= fp_end=0.3; stopping after 47 fits
  [note] 6/47 fits hit a glasso ConvergenceWarning (suppressed)
  grid extended by 27 points down to rho=0.42640, ending at FPR 0.3096
  [warn] mean_roc averages out to FPR 0.300 but the shortest replicate only reached 0.008; its TPR is held flat above that
  [warn] mean_roc averages out to FPR 0.300 but the shortest replicate only reached 0.017; its TPR is held flat above that

(p=100, n=50) over 49 replicates
  t+lasso  (run_em_diagonal):    AUC = 0.133 (SE 0.002)
  ~t+lasso (run_em_exact):       AUC = 0.126 (SE 0.002)
  tlasso   (run_tlasso):         AUC = 0.046 (SE 0.002)
  t*lasso  (run_tstar_varlasso): AUC = 0.106 (SE 0.002)
  glasso   (graphical_lasso):    AUC = 0.046 (SE 0.002)
Replicate 50/50
  Theta: 93/4950 edges
  pilot fit of run_tlasso at rho=30.34854
  -> rho_max = max|S_ij| (off-diag) = 3387.28897
  rho grid: [3387.28896724 3000.6868056  2658.2087895  2354.81888859 2086.05585084
 1847.9676012  1637.05312765 1450.21099993 1284.69376392 1138.0675413
 1008.17624009  893.10984997  791.17635628  700.87685938  620.8835339
  550.02010339  487.24454365  431.63376003  382.37001363  338.72889672]
Running run_tlasso over 20 rho values, extending until FPR >= 0.3...
  rho=3387.28897 (1/20)
    fp=0.0002 tp=0.0000  [0.1s]
   nu  = 3.0000
  rho=3000.68681 (2/20)
    fp=0.0008 tp=0.0000  [0.1s]
   nu  = 3.0000
  rho=2658.20879 (3/20)
    fp=0.0008 tp=0.0000  [0.1s]
   nu  = 3.0000
  rho=2354.81889 (4/20)
    fp=0.0008 tp=0.0000  [0.1s]
   nu  = 3.0000
  rho=2086.05585 (5/20)
    fp=0.0008 tp=0.0000  [0.1s]
   nu  = 3.0000
  rho=1847.96760 (6/20)
    fp=0.0010 tp=0.0000  [0.1s]
   nu  = 3.0000
  rho=1637.05313 (7/20)
    fp=0.0016 tp=0.0000  [0.1s]
   nu  = 3.0000
  rho=1450.21100 (8/20)
    fp=0.0019 tp=0.0000  [0.1s]
   nu  = 3.0000
  rho=1284.69376 (9/20)
    fp=0.0021 tp=0.0000  [0.1s]
   nu  = 3.0000
  rho=1138.06754 (10/20)
    fp=0.0025 tp=0.0108  [0.1s]
   nu  = 3.0000
  rho=1008.17624 (11/20)
    fp=0.0025 tp=0.0108  [0.1s]
   nu  = 3.0000
  rho=893.10985 (12/20)
    fp=0.0029 tp=0.0108  [0.1s]
   nu  = 3.0000
  rho=791.17636 (13/20)
    fp=0.0031 tp=0.0108  [0.1s]
   nu  = 3.0000
  rho=700.87686 (14/20)
    fp=0.0043 tp=0.0108  [0.1s]
   nu  = 3.0000
  rho=620.88353 (15/20)
    fp=0.0056 tp=0.0108  [0.1s]
   nu  = 3.0000
  rho=550.02010 (16/20)
    fp=0.0066 tp=0.0108  [0.1s]
   nu  = 3.0000
  rho=487.24454 (17/20)
    fp=0.0082 tp=0.0108  [0.1s]
   nu  = 3.0000
  rho=431.63376 (18/20)
    fp=0.0093 tp=0.0108  [0.1s]
   nu  = 3.0000
  rho=382.37001 (19/20)
    fp=0.0105 tp=0.0108  [0.1s]
   nu  = 3.0000
  rho=338.72890 (20/20)
    fp=0.0136 tp=0.0108  [0.1s]
   nu  = 3.0000
  rho=300.06868 (21/21)  [extra 1/50]
    fp=0.0156 tp=0.0108  [0.1s]
   nu  = 3.0000
  rho=265.82088 (22/22)  [extra 2/50]
    fp=0.0177 tp=0.0108  [0.1s]
   nu  = 3.0000
  rho=235.48189 (23/23)  [extra 3/50]
    fp=0.0206 tp=0.0108  [0.1s]
   nu  = 3.0000
  rho=208.60559 (24/24)  [extra 4/50]
    fp=0.0218 tp=0.0215  [0.1s]
   nu  = 3.0000
  rho=184.79676 (25/25)  [extra 5/50]
    fp=0.0249 tp=0.0215  [0.1s]
   nu  = 3.0000
  rho=163.70531 (26/26)  [extra 6/50]
    fp=0.0270 tp=0.0215  [0.1s]
   nu  = 3.0000
  rho=145.02110 (27/27)  [extra 7/50]
    fp=0.0290 tp=0.0215  [0.1s]
   nu  = 3.0000
  rho=128.46938 (28/28)  [extra 8/50]
    fp=0.0334 tp=0.0215  [0.1s]
   nu  = 3.0000
  rho=113.80675 (29/29)  [extra 9/50]
    fp=0.0375 tp=0.0215  [0.1s]
   nu  = 3.0000
  rho=100.81762 (30/30)  [extra 10/50]
    fp=0.0418 tp=0.0215  [0.1s]
   nu  = 3.0000
  rho=89.31098 (31/31)  [extra 11/50]
    fp=0.0469 tp=0.0215  [0.1s]
   nu  = 3.0000
  rho=79.11764 (32/32)  [extra 12/50]
    fp=0.0519 tp=0.0323  [0.2s]
   nu  = 3.0000
  rho=70.08769 (33/33)  [extra 13/50]
    fp=0.0568 tp=0.0323  [0.2s]
   nu  = 3.0000
  rho=62.08835 (34/34)  [extra 14/50]
    fp=0.0628 tp=0.0323  [0.2s]
   nu  = 3.0000
  rho=55.00201 (35/35)  [extra 15/50]
    fp=0.0704 tp=0.0323  [0.2s]
   nu  = 3.0000
  rho=48.72445 (36/36)  [extra 16/50]
    fp=0.0776 tp=0.0323  [0.2s]
   nu  = 3.0000
  rho=43.16338 (37/37)  [extra 17/50]
    fp=0.0840 tp=0.0323  [0.2s]
   nu  = 3.0000
  rho=38.23700 (38/38)  [extra 18/50]
    fp=0.0929 tp=0.0323  [0.2s]
   nu  = 3.0000
  rho=33.87289 (39/39)  [extra 19/50]
    fp=0.1003 tp=0.0323  [0.2s]
   nu  = 3.0000
  rho=30.00687 (40/40)  [extra 20/50]
    fp=0.1073 tp=0.0323  [0.2s]
   nu  = 3.0000
  rho=26.58209 (41/41)  [extra 21/50]
    fp=0.1165 tp=0.0430  [0.2s]
   nu  = 3.0000
  rho=23.54819 (42/42)  [extra 22/50]
    fp=0.1266 tp=0.0430  [0.2s]
   nu  = 3.0000
  rho=20.86056 (43/43)  [extra 23/50]
    fp=0.1392 tp=0.0538  [0.2s]
   nu  = 3.0000
  rho=18.47968 (44/44)  [extra 24/50]
    fp=0.1484 tp=0.0538  [0.2s]
   nu  = 3.0000
  rho=16.37053 (45/45)  [extra 25/50]
    fp=0.1577 tp=0.0538  [0.2s]
   nu  = 3.0000
  rho=14.50211 (46/46)  [extra 26/50]
    fp=0.1670 tp=0.0753  [0.2s]
   nu  = 3.0000
  rho=12.84694 (47/47)  [extra 27/50]
    fp=0.1826 tp=0.0968  [0.2s]
   nu  = 3.0000
  rho=11.38068 (48/48)  [extra 28/50]
    fp=0.1977 tp=0.1183  [0.2s]
   nu  = 3.0000
  rho=10.08176 (49/49)  [extra 29/50]
    fp=0.2114 tp=0.1398  [0.3s]
   nu  = 3.0000
  rho=8.93110 (50/50)  [extra 30/50]
    fp=0.2281 tp=0.1613  [0.3s]
   nu  = 3.0000
  rho=7.91176 (51/51)  [extra 31/50]
    fp=0.2460 tp=0.2043  [5.0s]
   nu  = 3.0000
  rho=7.00877 (52/52)  [extra 32/50]
    fp=0.2637 tp=0.2473  [0.4s]
   nu  = 3.0000
  rho=6.20884 (53/53)  [extra 33/50]
    fp=0.2841 tp=0.2581  [0.5s]
   nu  = 3.0000
  rho=5.50020 (54/54)  [extra 34/50]
    fp=0.3097 tp=0.3011  [0.4s]
   nu  = 3.0000
  FPR 0.3097 >= fp_end=0.3; stopping after 54 fits
  grid extended by 34 points down to rho=5.50020, ending at FPR 0.3097
  pilot fit of run_tstar_varlasso at rho=0.30349
  -> rho_max = max|S_ij| (off-diag) = 1.11140
  rho grid: [1.11140466 0.98455648 0.87218589 0.77264052 0.68445657 0.60633735
 0.53713412 0.47582928 0.42152136 0.37341177 0.33079309 0.29303861
 0.25959317 0.22996497 0.20371833 0.1804673  0.15986999 0.14162352
 0.12545957 0.11114047]
Running run_tstar_varlasso over 20 rho values, extending until FPR >= 0.3...
  rho=1.11140 (1/20)
    fp=0.0004 tp=0.0000  [0.2s]
   nu  = 3.0000
  rho=0.98456 (2/20)
    fp=0.0006 tp=0.0000  [0.1s]
   nu  = 3.0000
  rho=0.87219 (3/20)
    fp=0.0010 tp=0.0000  [0.1s]
   nu  = 3.0000
  rho=0.77264 (4/20)
    fp=0.0014 tp=0.0000  [0.1s]
   nu  = 3.0000
  rho=0.68446 (5/20)
    fp=0.0025 tp=0.0108  [0.1s]
   nu  = 3.0000
  rho=0.60634 (6/20)
    fp=0.0035 tp=0.0108  [0.1s]
   nu  = 3.0000
  rho=0.53713 (7/20)
    fp=0.0058 tp=0.0108  [0.1s]
   nu  = 3.0000
  rho=0.47583 (8/20)
    fp=0.0091 tp=0.0215  [0.1s]
   nu  = 3.0000
  rho=0.42152 (9/20)
    fp=0.0130 tp=0.0323  [0.1s]
   nu  = 3.0000
  rho=0.37341 (10/20)
    fp=0.0214 tp=0.0538  [0.1s]
   nu  = 3.0000
  rho=0.33079 (11/20)
    fp=0.0340 tp=0.0968  [0.1s]
   nu  = 3.0000
  rho=0.29304 (12/20)
    fp=0.0434 tp=0.1398  [0.1s]
   nu  = 3.0000
  rho=0.25959 (13/20)
    fp=0.0589 tp=0.1828  [0.1s]
   nu  = 3.0000
  rho=0.22996 (14/20)
    fp=0.0766 tp=0.2151  [0.1s]
   nu  = 3.0000
  rho=0.20372 (15/20)
    fp=0.0984 tp=0.2473  [0.1s]
   nu  = 3.0000
  rho=0.18047 (16/20)
    fp=0.1229 tp=0.3118  [0.1s]
   nu  = 3.0000
  rho=0.15987 (17/20)
    fp=0.1445 tp=0.4301  [0.2s]
   nu  = 3.0000
  rho=0.14162 (18/20)
    fp=0.1705 tp=0.4624  [0.2s]
   nu  = 3.0000
  rho=0.12546 (19/20)
    fp=0.1979 tp=0.4839  [0.2s]
   nu  = 3.0000
  rho=0.11114 (20/20)
    fp=0.2279 tp=0.4839  [0.2s]
   nu  = 3.0000
  rho=0.09846 (21/21)  [extra 1/50]
    fp=0.2499 tp=0.5484  [0.2s]
   nu  = 3.0000
  rho=0.08722 (22/22)  [extra 2/50]
    fp=0.2777 tp=0.5806  [0.2s]
   nu  = 3.0000
  rho=0.07726 (23/23)  [extra 3/50]
    fp=0.3025 tp=0.6022  [0.2s]
   nu  = 3.0000
  FPR 0.3025 >= fp_end=0.3; stopping after 23 fits
  grid extended by 3 points down to rho=0.07726, ending at FPR 0.3025
  pilot fit of run_em_diagonal at rho=0.30349
  -> rho_max = max|S_ij| (off-diag) = 0.54660
  rho grid: [0.5466039  0.48421824 0.42895286 0.37999509 0.33662503 0.29820494
 0.26416985 0.2340193  0.20730992 0.18364898 0.16268853 0.14412037
 0.12767145 0.11309989 0.10019144 0.08875627 0.07862623 0.06965237
 0.06170272 0.05466039]
Running run_em_diagonal over 20 rho values, extending until FPR >= 0.3...
  rho=0.54660 (1/20)
    fp=0.0002 tp=0.0108  [10.4s]
   median nu  = 0.573
   median |eta| = 1.266
  rho=0.48422 (2/20)
    fp=0.0002 tp=0.0215  [10.2s]
   median nu  = 0.597
   median |eta| = 1.205
  rho=0.42895 (3/20)
    fp=0.0014 tp=0.0215  [10.2s]
   median nu  = 0.62
   median |eta| = 1.201
  rho=0.38000 (4/20)
    fp=0.0023 tp=0.0323  [10.2s]
   median nu  = 0.643
   median |eta| = 1.169
  rho=0.33663 (5/20)
    fp=0.0058 tp=0.0645  [10.5s]
   median nu  = 0.666
   median |eta| = 1.206
  rho=0.29820 (6/20)
    fp=0.0097 tp=0.1183  [10.5s]
   median nu  = 0.682
   median |eta| = 1.158
  rho=0.26417 (7/20)
    fp=0.0156 tp=0.1720  [10.9s]
   median nu  = 0.693
   median |eta| = 1.151
  rho=0.23402 (8/20)
    fp=0.0239 tp=0.2258  [10.2s]
   median nu  = 0.703
   median |eta| = 1.142
  rho=0.20731 (9/20)
    fp=0.0389 tp=0.3226  [9.7s]
   median nu  = 0.712
   median |eta| = 1.137
  rho=0.18365 (10/20)
    fp=0.0502 tp=0.3548  [9.7s]
   median nu  = 0.721
   median |eta| = 1.11
  rho=0.16269 (11/20)
    fp=0.0667 tp=0.3871  [9.6s]
   median nu  = 0.727
   median |eta| = 1.081
  rho=0.14412 (12/20)
    fp=0.0844 tp=0.4086  [8.3s]
   median nu  = 0.731
   median |eta| = 1.045
  rho=0.12767 (13/20)
    fp=0.1021 tp=0.4086  [8.5s]
   median nu  = 0.761
   median |eta| = 1.03
  rho=0.11310 (14/20)
    fp=0.1217 tp=0.4301  [8.5s]
   median nu  = 0.793
   median |eta| = 0.984
  rho=0.10019 (15/20)
    fp=0.1394 tp=0.4731  [8.6s]
   median nu  = 0.788
   median |eta| = 0.974
  rho=0.08876 (16/20)
    fp=0.1602 tp=0.5161  [8.4s]
   median nu  = 0.774
   median |eta| = 0.885
  rho=0.07863 (17/20)
    fp=0.1818 tp=0.5699  [8.4s]
   median nu  = 0.774
   median |eta| = 0.909
  rho=0.06965 (18/20)
    fp=0.2016 tp=0.5806  [8.3s]
   median nu  = 0.793
   median |eta| = 0.903
  rho=0.06170 (19/20)
    fp=0.2187 tp=0.6022  [8.7s]
   median nu  = 0.83
   median |eta| = 0.922
  rho=0.05466 (20/20)
    fp=0.2324 tp=0.6452  [8.5s]
   median nu  = 0.834
   median |eta| = 0.84
  rho=0.04842 (21/21)  [extra 1/50]
    fp=0.2504 tp=0.6452  [8.3s]
   median nu  = 0.88
   median |eta| = 0.811
  rho=0.04290 (22/22)  [extra 2/50]
    fp=0.2648 tp=0.6452  [8.2s]
   median nu  = 0.91
   median |eta| = 0.814
  rho=0.03800 (23/23)  [extra 3/50]
    fp=0.2817 tp=0.6559  [7.7s]
   median nu  = 0.914
   median |eta| = 0.796
  rho=0.03366 (24/24)  [extra 4/50]
    fp=0.2967 tp=0.6667  [7.9s]
   median nu  = 0.915
   median |eta| = 0.779
  rho=0.02982 (25/25)  [extra 5/50]
    fp=0.3045 tp=0.6882  [7.7s]
   median nu  = 0.911
   median |eta| = 0.842
  FPR 0.3045 >= fp_end=0.3; stopping after 25 fits
  grid extended by 5 points down to rho=0.02982, ending at FPR 0.3045
  pilot fit of run_em_exact at rho=0.30349
  -> rho_max = max|S_ij| (off-diag) = 0.67327
  rho grid: [0.67326556 0.5964236  0.52835186 0.46804936 0.41462939 0.36730641
 0.32538455 0.28824736 0.25534877 0.22620499 0.20038749 0.17751662
 0.15725608 0.13930794 0.12340828 0.10932329 0.09684588 0.08579255
 0.07600077 0.06732656]
Running run_em_exact over 20 rho values, extending until FPR >= 0.3...
  rho=0.67327 (1/20)
    fp=0.0000 tp=0.0108  [7.9s]
   median nu  = 0.536
   median |eta| = 1.161
  rho=0.59642 (2/20)
    fp=0.0002 tp=0.0108  [7.8s]
   median nu  = 0.577
   median |eta| = 1.221
  rho=0.52835 (3/20)
    fp=0.0002 tp=0.0108  [7.9s]
   median nu  = 0.609
   median |eta| = 1.192
  rho=0.46805 (4/20)
    fp=0.0006 tp=0.0215  [7.9s]
   median nu  = 0.635
   median |eta| = 1.173
  rho=0.41463 (5/20)
    fp=0.0019 tp=0.0215  [7.9s]
   median nu  = 0.661
   median |eta| = 1.153
  rho=0.36731 (6/20)
    fp=0.0033 tp=0.0538  [8.0s]
   median nu  = 0.687
   median |eta| = 1.136
  rho=0.32538 (7/20)
    fp=0.0078 tp=0.0645  [8.0s]
   median nu  = 0.712
   median |eta| = 1.09
  rho=0.28825 (8/20)
    fp=0.0128 tp=0.1505  [8.0s]
   median nu  = 0.731
   median |eta| = 1.011
  rho=0.25535 (9/20)
    fp=0.0189 tp=0.1828  [7.9s]
   median nu  = 0.752
   median |eta| = 0.936
  rho=0.22620 (10/20)
    fp=0.0307 tp=0.2796  [6.9s]
   median nu  = 0.773
   median |eta| = 0.841
  rho=0.20039 (11/20)
    fp=0.0467 tp=0.3548  [6.5s]
   median nu  = 0.799
   median |eta| = 0.702
  rho=0.17752 (12/20)
    fp=0.0628 tp=0.3871  [6.2s]
   median nu  = 0.835
   median |eta| = 0.525
  rho=0.15726 (13/20)
    fp=0.0854 tp=0.4086  [6.0s]
   median nu  = 0.907
   median |eta| = 0.401
  rho=0.13931 (14/20)
    fp=0.1104 tp=0.4301  [6.4s]
   median nu  = 0.995
   median |eta| = 0.326
  rho=0.12341 (15/20)
    fp=0.1357 tp=0.4624  [6.2s]
   median nu  = 1.094
   median |eta| = 0.259
  rho=0.10932 (16/20)
    fp=0.1631 tp=0.5269  [6.1s]
   median nu  = 1.19
   median |eta| = 0.214
  rho=0.09685 (17/20)
    fp=0.1894 tp=0.5376  [5.9s]
   median nu  = 1.283
   median |eta| = 0.163
  rho=0.08579 (18/20)
    fp=0.2133 tp=0.5591  [5.5s]
   median nu  = 1.381
   median |eta| = 0.118
  rho=0.07600 (19/20)
    fp=0.2339 tp=0.5699  [5.2s]
   median nu  = 1.505
   median |eta| = 0.092
  rho=0.06733 (20/20)
    fp=0.2572 tp=0.6022  [5.1s]
   median nu  = 1.605
   median |eta| = 0.069
  rho=0.05964 (21/21)  [extra 1/50]
    fp=0.2728 tp=0.6237  [5.0s]
   median nu  = 1.699
   median |eta| = 0.056
  rho=0.05284 (22/22)  [extra 2/50]
    fp=0.2909 tp=0.6452  [5.0s]
   median nu  = 1.795
   median |eta| = 0.043
  rho=0.04680 (23/23)  [extra 3/50]
    fp=0.3080 tp=0.6667  [4.9s]
   median nu  = 1.916
   median |eta| = 0.034
  FPR 0.3080 >= fp_end=0.3; stopping after 23 fits
  grid extended by 3 points down to rho=0.04680, ending at FPR 0.3080
  graphical_lasso rho_max = max|S_ij| (off-diag) = 184.01824
  rho grid: [184.01824304 163.01565034 144.41015095 127.92815693 113.32730578
 100.39289664  88.93473312  78.78432659  69.79241853  61.8267858
  54.7702963   48.51918659  42.9815361   38.07591543  33.73018899
  29.88045426  26.47010211  23.4489844   20.77267655  18.4018243 ]
Running graphical_lasso over 20 rho values, extending until FPR >= 0.3...
  rho=184.01824 (1/20)
    fp=0.0000 tp=0.0000  [0.0s]
  rho=163.01565 (2/20)
    fp=0.0006 tp=0.0000  [0.0s]
  rho=144.41015 (3/20)
    fp=0.0006 tp=0.0000  [0.0s]
  rho=127.92816 (4/20)
    fp=0.0008 tp=0.0000  [4.9s]
  rho=113.32731 (5/20)
    fp=0.0010 tp=0.0000  [4.8s]
  rho=100.39290 (6/20)
    fp=0.0012 tp=0.0000  [0.0s]
  rho=88.93473 (7/20)
    fp=0.0016 tp=0.0108  [4.8s]
  rho=78.78433 (8/20)
    fp=0.0019 tp=0.0108  [0.0s]
  rho=69.79242 (9/20)
    fp=0.0023 tp=0.0108  [0.0s]
  rho=61.82679 (10/20)
    fp=0.0025 tp=0.0108  [0.0s]
  rho=54.77030 (11/20)
    fp=0.0025 tp=0.0108  [0.0s]
  rho=48.51919 (12/20)
    fp=0.0029 tp=0.0108  [0.0s]
  rho=42.98154 (13/20)
    fp=0.0029 tp=0.0108  [0.0s]
  rho=38.07592 (14/20)
    fp=0.0043 tp=0.0108  [0.0s]
  rho=33.73019 (15/20)
    fp=0.0051 tp=0.0108  [0.0s]
  rho=29.88045 (16/20)
    fp=0.0066 tp=0.0108  [4.8s]
  rho=26.47010 (17/20)
    fp=0.0080 tp=0.0108  [4.8s]
  rho=23.44898 (18/20)
    fp=0.0095 tp=0.0108  [0.0s]
  rho=20.77268 (19/20)
    fp=0.0109 tp=0.0108  [4.8s]
  rho=18.40182 (20/20)
    fp=0.0140 tp=0.0108  [0.0s]
  rho=16.30157 (21/21)  [extra 1/50]
    fp=0.0159 tp=0.0108  [4.9s]
  rho=14.44102 (22/22)  [extra 2/50]
    fp=0.0181 tp=0.0108  [4.9s]
  rho=12.79282 (23/23)  [extra 3/50]
    fp=0.0208 tp=0.0108  [0.0s]
  rho=11.33273 (24/24)  [extra 4/50]
    fp=0.0239 tp=0.0108  [4.9s]
  rho=10.03929 (25/25)  [extra 5/50]
    fp=0.0261 tp=0.0215  [0.0s]
  rho=8.89347 (26/26)  [extra 6/50]
    fp=0.0294 tp=0.0215  [4.9s]
  rho=7.87843 (27/27)  [extra 7/50]
    fp=0.0325 tp=0.0215  [0.2s]
  rho=6.97924 (28/28)  [extra 8/50]
    fp=0.0369 tp=0.0215  [0.0s]
  rho=6.18268 (29/29)  [extra 9/50]
    fp=0.0420 tp=0.0215  [0.0s]
  rho=5.47703 (30/30)  [extra 10/50]
    fp=0.0474 tp=0.0323  [0.2s]
  rho=4.85192 (31/31)  [extra 11/50]
    fp=0.0533 tp=0.0323  [0.1s]
  rho=4.29815 (32/32)  [extra 12/50]
    fp=0.0591 tp=0.0323  [0.6s]
  rho=3.80759 (33/33)  [extra 13/50]
    fp=0.0675 tp=0.0323  [0.3s]
  rho=3.37302 (34/34)  [extra 14/50]
    fp=0.0741 tp=0.0323  [0.1s]
  rho=2.98805 (35/35)  [extra 15/50]
    fp=0.0813 tp=0.0323  [0.4s]
  rho=2.64701 (36/36)  [extra 16/50]
    fp=0.0906 tp=0.0323  [0.4s]
  rho=2.34490 (37/37)  [extra 17/50]
    fp=0.1009 tp=0.0430  [0.5s]
  rho=2.07727 (38/38)  [extra 18/50]
    fp=0.1097 tp=0.0430  [0.1s]
  rho=1.84018 (39/39)  [extra 19/50]
    fp=0.1188 tp=0.0538  [0.1s]
  rho=1.63016 (40/40)  [extra 20/50]
    fp=0.1314 tp=0.0538  [0.0s]
  rho=1.44410 (41/41)  [extra 21/50]
    fp=0.1417 tp=0.0538  [0.1s]
  rho=1.27928 (42/42)  [extra 22/50]
    fp=0.1532 tp=0.0753  [0.0s]
  rho=1.13327 (43/43)  [extra 23/50]
    fp=0.1668 tp=0.0860  [0.1s]
  rho=1.00393 (44/44)  [extra 24/50]
    fp=0.1818 tp=0.1075  [0.1s]
  rho=0.88935 (45/45)  [extra 25/50]
    fp=0.1999 tp=0.1613  [0.0s]
  rho=0.78784 (46/46)  [extra 26/50]
    fp=0.2143 tp=0.1935  [0.1s]
  rho=0.69792 (47/47)  [extra 27/50]
    fp=0.2316 tp=0.1828  [0.0s]
  rho=0.61827 (48/48)  [extra 28/50]
    fp=0.2481 tp=0.2043  [0.2s]
  rho=0.54770 (49/49)  [extra 29/50]
    fp=0.2707 tp=0.2151  [0.1s]
  rho=0.48519 (50/50)  [extra 30/50]
    fp=0.2936 tp=0.2688  [0.0s]
  rho=0.42982 (51/51)  [extra 31/50]
    fp=0.3208 tp=0.3118  [0.0s]
  FPR 0.3208 >= fp_end=0.3; stopping after 51 fits
  [note] 10/51 fits hit a glasso ConvergenceWarning (suppressed)
  grid extended by 31 points down to rho=0.42982, ending at FPR 0.3208
  [warn] mean_roc averages out to FPR 0.300 but the shortest replicate only reached 0.008; its TPR is held flat above that
  [warn] mean_roc averages out to FPR 0.300 but the shortest replicate only reached 0.017; its TPR is held flat above that

(p=100, n=50) over 50 replicates
  t+lasso  (run_em_diagonal):    AUC = 0.133 (SE 0.002)
  ~t+lasso (run_em_exact):       AUC = 0.127 (SE 0.002)
  tlasso   (run_tlasso):         AUC = 0.046 (SE 0.002)
  t*lasso  (run_tstar_varlasso): AUC = 0.106 (SE 0.002)
  glasso   (graphical_lasso):    AUC = 0.046 (SE 0.002)
