==============================================================================
ROC run: alt_t
==============================================================================
  started : 2026-08-15 17:07:21
  outputs : results/simulations/roc/alt_t/   (per-replicate figures, JSON, this log)
  commit  : 265de3c (dirty working tree)

[design]
  replicates       : 50
  p, n             : 100, 50
  rho grid         : 20 points, min_ratio 0.01, rebuilt per method and replicate off that method's own converged S_tau
  theoretical rho  : sqrt(log p / n) = 0.30349  (pilot only; not a point on the curve)
  FP_end, max_extra: 0.3, 50

[true parameters]  simulate_aat_data
  mu_true : all 0   (length 100)
  eta_true: min -2.6   median 0.14   max 2.6   (length 100)
            [-2.6000,  0.7500,  0.4200, -0.1400, -2.6000,  0.7500, -0.4200,
             -0.1400,  2.6000,  0.7500,  0.4200, -0.1400,  2.6000, -0.7500,
              0.4200,  0.1400,  2.6000, -0.7500, -0.4200,  0.1400,  2.6000,
             -0.7500, -0.4200,  0.1400, -2.6000, -0.7500, -0.4200,  0.1400,
             -2.6000,  0.7500,  0.4200,  0.1400,  2.6000, -0.7500,  0.4200,
             -0.1400,  2.6000, -0.7500,  0.4200, -0.1400, -2.6000,  0.7500,
             -0.4200,  0.1400,  2.6000, -0.7500, -0.4200,  0.1400,  2.6000,
             -0.7500,  0.4200,  0.1400, -2.6000, -0.7500,  0.4200, -0.1400,
             -2.6000,  0.7500,  0.4200,  0.1400, -2.6000,  0.7500,  0.4200,
              0.1400,  2.6000, -0.7500, -0.4200,  0.1400, -2.6000, -0.7500,
             -0.4200,  0.1400,  2.6000,  0.7500, -0.4200,  0.1400,  2.6000,
             -0.7500, -0.4200,  0.1400,  2.6000,  0.7500,  0.4200,  0.1400,
             -2.6000, -0.7500,  0.4200,  0.1400, -2.6000, -0.7500,  0.4200,
             -0.1400,  2.6000,  0.7500, -0.4200,  0.1400, -2.6000,  0.7500,
              0.4200, -0.1400]
  nu_true : min 0.15   median 0.775   max 1.85   (length 100)
            [0.1500, 0.5500, 1.0000, 1.8500, 0.1500, 0.5500, 1.0000, 1.8500,
             0.1500, 0.5500, 1.0000, 1.8500, 0.1500, 0.5500, 1.0000, 1.8500,
             0.1500, 0.5500, 1.0000, 1.8500, 0.1500, 0.5500, 1.0000, 1.8500,
             0.1500, 0.5500, 1.0000, 1.8500, 0.1500, 0.5500, 1.0000, 1.8500,
             0.1500, 0.5500, 1.0000, 1.8500, 0.1500, 0.5500, 1.0000, 1.8500,
             0.1500, 0.5500, 1.0000, 1.8500, 0.1500, 0.5500, 1.0000, 1.8500,
             0.1500, 0.5500, 1.0000, 1.8500, 0.1500, 0.5500, 1.0000, 1.8500,
             0.1500, 0.5500, 1.0000, 1.8500, 0.1500, 0.5500, 1.0000, 1.8500,
             0.1500, 0.5500, 1.0000, 1.8500, 0.1500, 0.5500, 1.0000, 1.8500,
             0.1500, 0.5500, 1.0000, 1.8500, 0.1500, 0.5500, 1.0000, 1.8500,
             0.1500, 0.5500, 1.0000, 1.8500, 0.1500, 0.5500, 1.0000, 1.8500,
             0.1500, 0.5500, 1.0000, 1.8500, 0.1500, 0.5500, 1.0000, 1.8500,
             0.1500, 0.5500, 1.0000, 1.8500]
  Theta   : REDRAWN EVERY REPLICATE -- make_true_theta(p=100), prob=0.01, min_eig=0.6
            (~1% of the 4950 pairs are edges; the exact count is logged per replicate)
            NOTE: this is the SUPPORT of Theta, which is the target of the ROC curves;
            it is not the conditional independence graph of Y in this model.
  rng     : entropy 20260814
            (np.random.default_rng(20260814) replays the same draws)

[methods]  nu treatment for this run
  tlasso    (run_tlasso)
      nu   : FIXED at nu = 3, not estimated
      args : n_iter=200, verbose=False, tol=1e-05
  t*lasso   (run_tstar_varlasso)
      nu   : FIXED at nu = 3, not estimated
      args : n_iter=200, verbose=False, tol=1e-05
  t+lasso   (run_em_diagonal)
      nu   : ESTIMATED per coordinate (nu_j), bracket [0.0001, 100], nu_j = 0 meaning that coordinate went Gaussian
      args : n_iter=200, verbose=False, tol=1e-05
  glasso    (graphical_lasso)
      nu   : not a parameter of this model
      args : max_iter=2000, verbose=False
  ~t+lasso  (run_em_exact)
      nu   : ESTIMATED per coordinate (nu_j), bracket [0.0001, 100], nu_j = 0 meaning that coordinate went Gaussian
      args : n_iter=200, verbose=False, tol=1e-05
  Reading the per-rho nu lines below: tlasso and t*lasso print a scalar `nu`,
  run_em_diagonal a `median nu`/`median eta` over coordinates. The two nu's are NOT
  comparable -- tau ~ Gamma(nu/2, nu/2) for the t models, so small nu is the heavy
  tail, while EM_algorithm's tau_j ~ Inv-Gamma(2/nu_j, 2/nu_j) puts the heavy tail at
  large nu_j.
==============================================================================

[parallel] 1 worker processes, 1 BLAS thread each; data pre-drawn serially, so the numbers match a serial run

Replicate 1/50
  Theta: 84/4950 edges
  pilot fit of run_tlasso at rho=30.34854
  -> rho_max = max|S_ij| (off-diag) = 38.42980
  rho grid: [38.42980235 34.04368566 30.15817055 26.71612175 23.66692503 20.96574291
 18.57285538 16.45307579 14.57523344 12.91171527 11.43805976 10.13259729
  8.97613144  7.95165675  7.04410864  6.24014191  5.52793449  4.89701358
  4.33810171  3.84298024]
Running run_tlasso over 20 rho values, extending until FPR >= 0.3...
  rho=38.42980 (1/20)
    fp=0.0002 tp=0.0000  [0.1s]
   nu  = 3.0000
  rho=34.04369 (2/20)
    fp=0.0002 tp=0.0000  [0.1s]
   nu  = 3.0000
  rho=30.15817 (3/20)
    fp=0.0004 tp=0.0000  [0.1s]
   nu  = 3.0000
  rho=26.71612 (4/20)
    fp=0.0008 tp=0.0000  [0.1s]
   nu  = 3.0000
  rho=23.66693 (5/20)
    fp=0.0016 tp=0.0119  [0.1s]
   nu  = 3.0000
  rho=20.96574 (6/20)
    fp=0.0018 tp=0.0119  [0.1s]
   nu  = 3.0000
  rho=18.57286 (7/20)
    fp=0.0021 tp=0.0238  [0.1s]
   nu  = 3.0000
  rho=16.45308 (8/20)
    fp=0.0029 tp=0.0238  [0.1s]
   nu  = 3.0000
  rho=14.57523 (9/20)
    fp=0.0041 tp=0.0476  [0.1s]
   nu  = 3.0000
  rho=12.91172 (10/20)
    fp=0.0062 tp=0.0714  [0.1s]
   nu  = 3.0000
  rho=11.43806 (11/20)
    fp=0.0103 tp=0.1071  [0.1s]
   nu  = 3.0000
  rho=10.13260 (12/20)
    fp=0.0134 tp=0.1071  [0.1s]
   nu  = 3.0000
  rho=8.97613 (13/20)
    fp=0.0193 tp=0.1548  [0.1s]
   nu  = 3.0000
  rho=7.95166 (14/20)
    fp=0.0265 tp=0.2143  [0.1s]
   nu  = 3.0000
  rho=7.04411 (15/20)
    fp=0.0368 tp=0.2500  [0.1s]
   nu  = 3.0000
  rho=6.24014 (16/20)
    fp=0.0518 tp=0.3095  [0.1s]
   nu  = 3.0000
  rho=5.52793 (17/20)
    fp=0.0711 tp=0.3571  [0.1s]
   nu  = 3.0000
  rho=4.89701 (18/20)
    fp=0.0947 tp=0.4405  [0.1s]
   nu  = 3.0000
  rho=4.33810 (19/20)
    fp=0.1217 tp=0.5595  [0.2s]
   nu  = 3.0000
  rho=3.84298 (20/20)
    fp=0.1529 tp=0.5833  [0.2s]
   nu  = 3.0000
  rho=3.40437 (21/21)  [extra 1/50]
    fp=0.1854 tp=0.6429  [0.2s]
   nu  = 3.0000
  rho=3.01582 (22/22)  [extra 2/50]
    fp=0.2205 tp=0.7024  [0.2s]
   nu  = 3.0000
  rho=2.67161 (23/23)  [extra 3/50]
    fp=0.2600 tp=0.7500  [0.2s]
   nu  = 3.0000
  rho=2.36669 (24/24)  [extra 4/50]
    fp=0.3021 tp=0.7738  [0.3s]
   nu  = 3.0000
  FPR 0.3021 >= fp_end=0.3; stopping after 24 fits
  grid extended by 4 points down to rho=2.36669, ending at FPR 0.3021
  pilot fit of run_tstar_varlasso at rho=0.30349
  -> rho_max = max|S_ij| (off-diag) = 0.75819
  rho grid: [0.75819105 0.67165627 0.59499799 0.52708896 0.4669306  0.41363831
 0.36642844 0.32460679 0.28755838 0.25473842 0.2256643  0.19990851
 0.17709231 0.1568802  0.13897496 0.1231133  0.10906198 0.09661439
 0.08558748 0.0758191 ]
Running run_tstar_varlasso over 20 rho values, extending until FPR >= 0.3...
  rho=0.75819 (1/20)
    fp=0.0002 tp=0.0119  [0.1s]
   nu  = 3.0000
  rho=0.67166 (2/20)
    fp=0.0002 tp=0.0119  [0.0s]
   nu  = 3.0000
  rho=0.59500 (3/20)
    fp=0.0008 tp=0.0476  [0.1s]
   nu  = 3.0000
  rho=0.52709 (4/20)
    fp=0.0016 tp=0.0714  [0.0s]
   nu  = 3.0000
  rho=0.46693 (5/20)
    fp=0.0029 tp=0.0833  [0.0s]
   nu  = 3.0000
  rho=0.41364 (6/20)
    fp=0.0045 tp=0.1310  [0.1s]
   nu  = 3.0000
  rho=0.36643 (7/20)
    fp=0.0080 tp=0.2381  [0.1s]
   nu  = 3.0000
  rho=0.32461 (8/20)
    fp=0.0156 tp=0.2738  [0.1s]
   nu  = 3.0000
  rho=0.28756 (9/20)
    fp=0.0251 tp=0.3690  [0.1s]
   nu  = 3.0000
  rho=0.25474 (10/20)
    fp=0.0351 tp=0.4167  [0.1s]
   nu  = 3.0000
  rho=0.22566 (11/20)
    fp=0.0501 tp=0.4881  [0.1s]
   nu  = 3.0000
  rho=0.19991 (12/20)
    fp=0.0658 tp=0.5595  [0.1s]
   nu  = 3.0000
  rho=0.17709 (13/20)
    fp=0.0816 tp=0.6190  [0.1s]
   nu  = 3.0000
  rho=0.15688 (14/20)
    fp=0.1009 tp=0.7143  [0.1s]
   nu  = 3.0000
  rho=0.13897 (15/20)
    fp=0.1231 tp=0.7857  [0.1s]
   nu  = 3.0000
  rho=0.12311 (16/20)
    fp=0.1457 tp=0.8095  [0.1s]
   nu  = 3.0000
  rho=0.10906 (17/20)
    fp=0.1687 tp=0.8214  [0.1s]
   nu  = 3.0000
  rho=0.09661 (18/20)
    fp=0.1940 tp=0.8452  [0.1s]
   nu  = 3.0000
  rho=0.08559 (19/20)
    fp=0.2205 tp=0.8571  [0.1s]
   nu  = 3.0000
  rho=0.07582 (20/20)
    fp=0.2437 tp=0.8810  [0.1s]
   nu  = 3.0000
  rho=0.06717 (21/21)  [extra 1/50]
    fp=0.2659 tp=0.8929  [0.1s]
   nu  = 3.0000
  rho=0.05950 (22/22)  [extra 2/50]
    fp=0.2885 tp=0.9048  [0.1s]
   nu  = 3.0000
  rho=0.05271 (23/23)  [extra 3/50]
    fp=0.3128 tp=0.9048  [0.2s]
   nu  = 3.0000
  FPR 0.3128 >= fp_end=0.3; stopping after 23 fits
  grid extended by 3 points down to rho=0.05271, ending at FPR 0.3128
  pilot fit of run_em_diagonal at rho=0.30349
  -> rho_max = max|S_ij| (off-diag) = 0.87754
  rho grid: [0.87753542 0.77737949 0.68865467 0.6100563  0.54042862 0.47874777
 0.42410675 0.37570208 0.332822   0.29483596 0.26118538 0.23137546
 0.20496783 0.1815742  0.16085055 0.14249216 0.12622907 0.11182214
 0.09905952 0.08775354]
Running run_em_diagonal over 20 rho values, extending until FPR >= 0.3...
  rho=0.87754 (1/20)
    fp=0.0006 tp=0.0238  [6.0s]
   median nu  = 0.142
   median |eta| = 2.144
  rho=0.77738 (2/20)
    fp=0.0010 tp=0.0476  [6.0s]
   median nu  = 0.178
   median |eta| = 2.07
  rho=0.68865 (3/20)
    fp=0.0023 tp=0.0714  [6.0s]
   median nu  = 0.215
   median |eta| = 1.996
  rho=0.61006 (4/20)
    fp=0.0041 tp=0.1190  [5.8s]
   median nu  = 0.246
   median |eta| = 1.868
  rho=0.54043 (5/20)
    fp=0.0060 tp=0.1429  [5.8s]
   median nu  = 0.283
   median |eta| = 1.545
  rho=0.47875 (6/20)
    fp=0.0101 tp=0.1786  [5.8s]
   median nu  = 0.333
   median |eta| = 1.478
  rho=0.42411 (7/20)
    fp=0.0150 tp=0.2738  [5.7s]
   median nu  = 0.381
   median |eta| = 1.345
  rho=0.37570 (8/20)
    fp=0.0230 tp=0.3214  [5.7s]
   median nu  = 0.414
   median |eta| = 1.199
  rho=0.33282 (9/20)
    fp=0.0302 tp=0.4167  [5.7s]
   median nu  = 0.458
   median |eta| = 1.019
  rho=0.29484 (10/20)
    fp=0.0417 tp=0.4881  [5.6s]
   median nu  = 0.474
   median |eta| = 0.891
  rho=0.26119 (11/20)
    fp=0.0536 tp=0.5595  [5.6s]
   median nu  = 0.536
   median |eta| = 0.761
  rho=0.23138 (12/20)
    fp=0.0682 tp=0.5952  [6.0s]
   median nu  = 0.573
   median |eta| = 0.64
  rho=0.20497 (13/20)
    fp=0.0859 tp=0.6667  [6.0s]
   median nu  = 0.602
   median |eta| = 0.517
  rho=0.18157 (14/20)
    fp=0.1044 tp=0.7143  [6.0s]
   median nu  = 0.655
   median |eta| = 0.442
  rho=0.16085 (15/20)
    fp=0.1204 tp=0.7500  [5.9s]
   median nu  = 0.734
   median |eta| = 0.352
  rho=0.14249 (16/20)
    fp=0.1422 tp=0.7738  [5.3s]
   median nu  = 0.833
   median |eta| = 0.307
  rho=0.12623 (17/20)
    fp=0.1597 tp=0.8095  [5.2s]
   median nu  = 0.91
   median |eta| = 0.239
  rho=0.11182 (18/20)
    fp=0.1765 tp=0.8333  [5.6s]
   median nu  = 0.975
   median |eta| = 0.179
  rho=0.09906 (19/20)
    fp=0.1938 tp=0.8571  [5.5s]
   median nu  = 1.033
   median |eta| = 0.13
  rho=0.08775 (20/20)
    fp=0.2088 tp=0.8810  [5.5s]
   median nu  = 1.103
   median |eta| = 0.107
  rho=0.07774 (21/21)  [extra 1/50]
    fp=0.2267 tp=0.9048  [5.4s]
   median nu  = 1.183
   median |eta| = 0.086
  rho=0.06887 (22/22)  [extra 2/50]
    fp=0.2443 tp=0.9048  [5.1s]
   median nu  = 1.286
   median |eta| = 0.063
  rho=0.06101 (23/23)  [extra 3/50]
    fp=0.2594 tp=0.9048  [5.0s]
   median nu  = 1.377
   median |eta| = 0.052
  rho=0.05404 (24/24)  [extra 4/50]
    fp=0.2715 tp=0.9167  [5.0s]
   median nu  = 1.482
   median |eta| = 0.04
  rho=0.04787 (25/25)  [extra 5/50]
    fp=0.2891 tp=0.9286  [4.7s]
   median nu  = 1.587
   median |eta| = 0.031
  rho=0.04241 (26/26)  [extra 6/50]
    fp=0.2980 tp=0.9286  [5.2s]
   median nu  = 1.737
   median |eta| = 0.023
  rho=0.03757 (27/27)  [extra 7/50]
    fp=0.3120 tp=0.9286  [5.2s]
   median nu  = 1.846
   median |eta| = 0.017
  FPR 0.3120 >= fp_end=0.3; stopping after 27 fits
  grid extended by 7 points down to rho=0.03757, ending at FPR 0.3120
  pilot fit of run_em_exact at rho=0.30349
  -> rho_max = max|S_ij| (off-diag) = 0.87010
  rho grid: [0.87009986 0.77079257 0.68281954 0.60488715 0.53584944 0.47469122
 0.42051319 0.37251867 0.33000192 0.29233774 0.2589723  0.22941496
 0.20323109 0.18003567 0.15948763 0.14128479 0.1251595  0.11087465
 0.09822017 0.08700999]
Running run_em_exact over 20 rho values, extending until FPR >= 0.3...
  rho=0.87010 (1/20)
    fp=0.0006 tp=0.0238  [6.2s]
   median nu  = 0.145
   median |eta| = 2.129
  rho=0.77079 (2/20)
    fp=0.0010 tp=0.0476  [6.1s]
   median nu  = 0.181
   median |eta| = 2.039
  rho=0.68282 (3/20)
    fp=0.0025 tp=0.0714  [6.0s]
   median nu  = 0.217
   median |eta| = 1.915
  rho=0.60489 (4/20)
    fp=0.0041 tp=0.1190  [6.0s]
   median nu  = 0.249
   median |eta| = 1.712
  rho=0.53585 (5/20)
    fp=0.0062 tp=0.1429  [5.8s]
   median nu  = 0.289
   median |eta| = 1.462
  rho=0.47469 (6/20)
    fp=0.0105 tp=0.1905  [5.7s]
   median nu  = 0.341
   median |eta| = 1.223
  rho=0.42051 (7/20)
    fp=0.0152 tp=0.2738  [5.6s]
   median nu  = 0.395
   median |eta| = 1.035
  rho=0.37252 (8/20)
    fp=0.0238 tp=0.3452  [5.5s]
   median nu  = 0.45
   median |eta| = 0.842
  rho=0.33000 (9/20)
    fp=0.0312 tp=0.4286  [5.4s]
   median nu  = 0.498
   median |eta| = 0.616
  rho=0.29234 (10/20)
    fp=0.0423 tp=0.4881  [5.3s]
   median nu  = 0.561
   median |eta| = 0.516
  rho=0.25897 (11/20)
    fp=0.0571 tp=0.5595  [5.2s]
   median nu  = 0.625
   median |eta| = 0.407
  rho=0.22941 (12/20)
    fp=0.0730 tp=0.6071  [5.5s]
   median nu  = 0.701
   median |eta| = 0.321
  rho=0.20323 (13/20)
    fp=0.0902 tp=0.6667  [5.5s]
   median nu  = 0.765
   median |eta| = 0.245
  rho=0.18004 (14/20)
    fp=0.1089 tp=0.7500  [5.3s]
   median nu  = 0.851
   median |eta| = 0.186
  rho=0.15949 (15/20)
    fp=0.1262 tp=0.7619  [5.3s]
   median nu  = 0.94
   median |eta| = 0.136
  rho=0.14128 (16/20)
    fp=0.1451 tp=0.7857  [5.2s]
   median nu  = 1.011
   median |eta| = 0.104
  rho=0.12516 (17/20)
    fp=0.1634 tp=0.8095  [5.1s]
   median nu  = 1.102
   median |eta| = 0.079
  rho=0.11087 (18/20)
    fp=0.1790 tp=0.8214  [5.0s]
   median nu  = 1.2
   median |eta| = 0.059
  rho=0.09822 (19/20)
    fp=0.1909 tp=0.8690  [4.9s]
   median nu  = 1.287
   median |eta| = 0.043
  rho=0.08701 (20/20)
    fp=0.2088 tp=0.8810  [4.4s]
   median nu  = 1.387
   median |eta| = 0.035
  rho=0.07708 (21/21)  [extra 1/50]
    fp=0.2238 tp=0.9048  [3.4s]
   median nu  = 1.477
   median |eta| = 0.026
  rho=0.06828 (22/22)  [extra 2/50]
    fp=0.2409 tp=0.9048  [2.4s]
   median nu  = 1.571
   median |eta| = 0.019
  rho=0.06049 (23/23)  [extra 3/50]
    fp=0.2569 tp=0.9048  [1.7s]
   median nu  = 1.668
   median |eta| = 0.015
  rho=0.05358 (24/24)  [extra 4/50]
    fp=0.2723 tp=0.9048  [1.8s]
   median nu  = 1.768
   median |eta| = 0.011
  rho=0.04747 (25/25)  [extra 5/50]
    fp=0.2867 tp=0.9167  [1.8s]
   median nu  = 1.877
   median |eta| = 0.009
  rho=0.04205 (26/26)  [extra 6/50]
    fp=0.2980 tp=0.9167  [1.7s]
   median nu  = 2.005
   median |eta| = 0.007
  rho=0.03725 (27/27)  [extra 7/50]
    fp=0.3099 tp=0.9167  [1.6s]
   median nu  = 2.122
   median |eta| = 0.005
  FPR 0.3099 >= fp_end=0.3; stopping after 27 fits
  grid extended by 7 points down to rho=0.03725, ending at FPR 0.3099
  graphical_lasso rho_max = max|S_ij| (off-diag) = 2.98054
  rho grid: [2.98053985 2.64036127 2.33900837 2.07204983 1.83556014 1.62606177
 1.44047412 1.27606818 1.13042643 1.00140723 0.88711341 0.78586431
 0.69617109 0.61671485 0.54632721 0.48397313 0.42873572 0.37980274
 0.33645463 0.29805399]
Running graphical_lasso over 20 rho values, extending until FPR >= 0.3...
  rho=2.98054 (1/20)
    fp=0.0000 tp=0.0000  [0.0s]
  rho=2.64036 (2/20)
    fp=0.0002 tp=0.0000  [0.0s]
  rho=2.33901 (3/20)
    fp=0.0004 tp=0.0000  [4.9s]
  rho=2.07205 (4/20)
    fp=0.0006 tp=0.0000  [0.0s]
  rho=1.83556 (5/20)
    fp=0.0010 tp=0.0000  [0.0s]
  rho=1.62606 (6/20)
    fp=0.0016 tp=0.0000  [4.9s]
  rho=1.44047 (7/20)
    fp=0.0023 tp=0.0000  [4.9s]
  rho=1.27607 (8/20)
    fp=0.0029 tp=0.0238  [4.9s]
  rho=1.13043 (9/20)
    fp=0.0047 tp=0.0238  [4.9s]
  rho=1.00141 (10/20)
    fp=0.0084 tp=0.0952  [4.9s]
  rho=0.88711 (11/20)
    fp=0.0129 tp=0.1190  [4.9s]
  rho=0.78586 (12/20)
    fp=0.0181 tp=0.1667  [4.9s]
  rho=0.69617 (13/20)
    fp=0.0271 tp=0.2024  [4.9s]
  rho=0.61671 (14/20)
    fp=0.0378 tp=0.2381  [4.9s]
  rho=0.54633 (15/20)
    fp=0.0577 tp=0.3095  [4.9s]
  rho=0.48397 (16/20)
    fp=0.0762 tp=0.3929  [0.0s]
  rho=0.42874 (17/20)
    fp=0.0958 tp=0.4762  [0.2s]
  rho=0.37980 (18/20)
    fp=0.1196 tp=0.5357  [0.0s]
  rho=0.33645 (19/20)
    fp=0.1453 tp=0.5952  [0.0s]
  rho=0.29805 (20/20)
    fp=0.1702 tp=0.6190  [0.0s]
  rho=0.26404 (21/21)  [extra 1/50]
    fp=0.1995 tp=0.6905  [0.2s]
  rho=0.23390 (22/22)  [extra 2/50]
    fp=0.2335 tp=0.7262  [0.0s]
  rho=0.20720 (23/23)  [extra 3/50]
    fp=0.2674 tp=0.7619  [0.3s]
  rho=0.18356 (24/24)  [extra 4/50]
    fp=0.3033 tp=0.7857  [0.0s]
  FPR 0.3033 >= fp_end=0.3; stopping after 24 fits
  [note] 11/24 fits hit a glasso ConvergenceWarning (suppressed)
  grid extended by 4 points down to rho=0.18356, ending at FPR 0.3033

(p=100, n=50) over 1 replicates
  t+lasso  (run_em_diagonal):    AUC = 0.218 (SE 0.000)
  ~t+lasso (run_em_exact):       AUC = 0.218 (SE 0.000)
  tlasso   (run_tlasso):         AUC = 0.159 (SE 0.000)
  t*lasso  (run_tstar_varlasso): AUC = 0.215 (SE 0.000)
  glasso   (graphical_lasso):    AUC = 0.161 (SE 0.000)
Replicate 2/50
  Theta: 108/4950 edges
  pilot fit of run_tlasso at rho=30.34854
  -> rho_max = max|S_ij| (off-diag) = 67.96217
  rho grid: [67.96216759 60.20542728 53.33398863 47.24680932 41.85437933 37.07740468
 32.84564148 29.096863   25.77594464 22.83405335 20.22792955 17.91925103
 15.87406939 14.0623109  12.45733423 11.03553869  9.77601724  8.66024901
  7.671827    6.79621676]
Running run_tlasso over 20 rho values, extending until FPR >= 0.3...
  rho=67.96217 (1/20)
    fp=0.0002 tp=0.0000  [0.1s]
   nu  = 3.0000
  rho=60.20543 (2/20)
    fp=0.0002 tp=0.0000  [0.1s]
   nu  = 3.0000
  rho=53.33399 (3/20)
    fp=0.0004 tp=0.0000  [0.1s]
   nu  = 3.0000
  rho=47.24681 (4/20)
    fp=0.0004 tp=0.0000  [0.1s]
   nu  = 3.0000
  rho=41.85438 (5/20)
    fp=0.0004 tp=0.0000  [0.1s]
   nu  = 3.0000
  rho=37.07740 (6/20)
    fp=0.0006 tp=0.0000  [0.1s]
   nu  = 3.0000
  rho=32.84564 (7/20)
    fp=0.0006 tp=0.0000  [0.1s]
   nu  = 3.0000
  rho=29.09686 (8/20)
    fp=0.0008 tp=0.0000  [0.1s]
   nu  = 3.0000
  rho=25.77594 (9/20)
    fp=0.0008 tp=0.0000  [0.1s]
   nu  = 3.0000
  rho=22.83405 (10/20)
    fp=0.0012 tp=0.0185  [0.1s]
   nu  = 3.0000
  rho=20.22793 (11/20)
    fp=0.0019 tp=0.0278  [0.1s]
   nu  = 3.0000
  rho=17.91925 (12/20)
    fp=0.0025 tp=0.0278  [0.1s]
   nu  = 3.0000
  rho=15.87407 (13/20)
    fp=0.0029 tp=0.0278  [0.1s]
   nu  = 3.0000
  rho=14.06231 (14/20)
    fp=0.0035 tp=0.0463  [0.1s]
   nu  = 3.0000
  rho=12.45733 (15/20)
    fp=0.0056 tp=0.0648  [0.1s]
   nu  = 3.0000
  rho=11.03554 (16/20)
    fp=0.0081 tp=0.0741  [0.1s]
   nu  = 3.0000
  rho=9.77602 (17/20)
    fp=0.0124 tp=0.0741  [0.1s]
   nu  = 3.0000
  rho=8.66025 (18/20)
    fp=0.0157 tp=0.1019  [0.1s]
   nu  = 3.0000
  rho=7.67183 (19/20)
    fp=0.0194 tp=0.1204  [0.1s]
   nu  = 3.0000
  rho=6.79622 (20/20)
    fp=0.0271 tp=0.1389  [0.1s]
   nu  = 3.0000
  rho=6.02054 (21/21)  [extra 1/50]
    fp=0.0347 tp=0.1574  [0.1s]
   nu  = 3.0000
  rho=5.33340 (22/22)  [extra 2/50]
    fp=0.0461 tp=0.2500  [0.1s]
   nu  = 3.0000
  rho=4.72468 (23/23)  [extra 3/50]
    fp=0.0611 tp=0.3241  [0.1s]
   nu  = 3.0000
  rho=4.18544 (24/24)  [extra 4/50]
    fp=0.0810 tp=0.3981  [0.1s]
   nu  = 3.0000
  rho=3.70774 (25/25)  [extra 5/50]
    fp=0.1088 tp=0.4815  [0.2s]
   nu  = 3.0000
  rho=3.28456 (26/26)  [extra 6/50]
    fp=0.1411 tp=0.5185  [0.2s]
   nu  = 3.0000
  rho=2.90969 (27/27)  [extra 7/50]
    fp=0.1811 tp=0.5926  [0.2s]
   nu  = 3.0000
  rho=2.57759 (28/28)  [extra 8/50]
    fp=0.2193 tp=0.6296  [0.3s]
   nu  = 3.0000
  rho=2.28341 (29/29)  [extra 9/50]
    fp=0.2606 tp=0.7130  [0.3s]
   nu  = 3.0000
  rho=2.02279 (30/30)  [extra 10/50]
    fp=0.3028 tp=0.7500  [0.3s]
   nu  = 3.0000
  FPR 0.3028 >= fp_end=0.3; stopping after 30 fits
  grid extended by 10 points down to rho=2.02279, ending at FPR 0.3028
  pilot fit of run_tstar_varlasso at rho=0.30349
  -> rho_max = max|S_ij| (off-diag) = 0.69271
  rho grid: [0.69271429 0.61365259 0.54361445 0.48156998 0.42660686 0.37791685
 0.33478398 0.29657401 0.26272507 0.23273941 0.20617612 0.18264458
 0.16179876 0.14333215 0.12697319 0.11248134 0.09964348 0.08827085
 0.07819621 0.06927143]
Running run_tstar_varlasso over 20 rho values, extending until FPR >= 0.3...
  rho=0.69271 (1/20)
    fp=0.0000 tp=0.0093  [0.1s]
   nu  = 3.0000
  rho=0.61365 (2/20)
    fp=0.0000 tp=0.0185  [0.1s]
   nu  = 3.0000
  rho=0.54361 (3/20)
    fp=0.0000 tp=0.0278  [0.0s]
   nu  = 3.0000
  rho=0.48157 (4/20)
    fp=0.0002 tp=0.0370  [0.0s]
   nu  = 3.0000
  rho=0.42661 (5/20)
    fp=0.0006 tp=0.0463  [0.0s]
   nu  = 3.0000
  rho=0.37792 (6/20)
    fp=0.0025 tp=0.0648  [0.0s]
   nu  = 3.0000
  rho=0.33478 (7/20)
    fp=0.0056 tp=0.1296  [0.1s]
   nu  = 3.0000
  rho=0.29657 (8/20)
    fp=0.0093 tp=0.2130  [0.1s]
   nu  = 3.0000
  rho=0.26273 (9/20)
    fp=0.0171 tp=0.2870  [0.1s]
   nu  = 3.0000
  rho=0.23274 (10/20)
    fp=0.0266 tp=0.3796  [0.1s]
   nu  = 3.0000
  rho=0.20618 (11/20)
    fp=0.0388 tp=0.4167  [0.1s]
   nu  = 3.0000
  rho=0.18264 (12/20)
    fp=0.0570 tp=0.5185  [0.1s]
   nu  = 3.0000
  rho=0.16180 (13/20)
    fp=0.0723 tp=0.5463  [0.1s]
   nu  = 3.0000
  rho=0.14333 (14/20)
    fp=0.0954 tp=0.6111  [0.1s]
   nu  = 3.0000
  rho=0.12697 (15/20)
    fp=0.1204 tp=0.6389  [0.1s]
   nu  = 3.0000
  rho=0.11248 (16/20)
    fp=0.1468 tp=0.6944  [0.1s]
   nu  = 3.0000
  rho=0.09964 (17/20)
    fp=0.1722 tp=0.7685  [0.1s]
   nu  = 3.0000
  rho=0.08827 (18/20)
    fp=0.1954 tp=0.7778  [0.1s]
   nu  = 3.0000
  rho=0.07820 (19/20)
    fp=0.2195 tp=0.8056  [0.1s]
   nu  = 3.0000
  rho=0.06927 (20/20)
    fp=0.2429 tp=0.8333  [0.1s]
   nu  = 3.0000
  rho=0.06137 (21/21)  [extra 1/50]
    fp=0.2679 tp=0.8426  [0.1s]
   nu  = 3.0000
  rho=0.05436 (22/22)  [extra 2/50]
    fp=0.2889 tp=0.8611  [0.1s]
   nu  = 3.0000
  rho=0.04816 (23/23)  [extra 3/50]
    fp=0.3125 tp=0.8704  [0.1s]
   nu  = 3.0000
  FPR 0.3125 >= fp_end=0.3; stopping after 23 fits
  grid extended by 3 points down to rho=0.04816, ending at FPR 0.3125
  pilot fit of run_em_diagonal at rho=0.30349
  -> rho_max = max|S_ij| (off-diag) = 0.83367
  rho grid: [0.83367304 0.73852326 0.65423323 0.57956349 0.51341605 0.45481823
 0.40290836 0.35692314 0.31618635 0.28009899 0.24813039 0.21981048
 0.1947228  0.17249846 0.15281066 0.13536989 0.11991969 0.10623287
 0.09410817 0.0833673 ]
Running run_em_diagonal over 20 rho values, extending until FPR >= 0.3...
  rho=0.83367 (1/20)
    fp=0.0000 tp=0.0185  [6.2s]
   median nu  = 0.089
   median |eta| = 2.345
  rho=0.73852 (2/20)
    fp=0.0000 tp=0.0185  [6.1s]
   median nu  = 0.108
   median |eta| = 2.213
  rho=0.65423 (3/20)
    fp=0.0002 tp=0.0370  [6.2s]
   median nu  = 0.132
   median |eta| = 1.944
  rho=0.57956 (4/20)
    fp=0.0006 tp=0.0370  [6.1s]
   median nu  = 0.165
   median |eta| = 1.879
  rho=0.51342 (5/20)
    fp=0.0027 tp=0.0648  [6.0s]
   median nu  = 0.203
   median |eta| = 1.656
  rho=0.45482 (6/20)
    fp=0.0054 tp=0.1204  [6.0s]
   median nu  = 0.232
   median |eta| = 1.469
  rho=0.40291 (7/20)
    fp=0.0095 tp=0.2037  [6.0s]
   median nu  = 0.258
   median |eta| = 1.35
  rho=0.35692 (8/20)
    fp=0.0149 tp=0.2222  [6.0s]
   median nu  = 0.288
   median |eta| = 1.214
  rho=0.31619 (9/20)
    fp=0.0223 tp=0.2870  [5.9s]
   median nu  = 0.327
   median |eta| = 1.147
  rho=0.28010 (10/20)
    fp=0.0314 tp=0.3611  [5.9s]
   median nu  = 0.369
   median |eta| = 1.056
  rho=0.24813 (11/20)
    fp=0.0452 tp=0.4352  [5.8s]
   median nu  = 0.409
   median |eta| = 1.005
  rho=0.21981 (12/20)
    fp=0.0605 tp=0.4907  [5.7s]
   median nu  = 0.466
   median |eta| = 0.908
  rho=0.19472 (13/20)
    fp=0.0743 tp=0.4907  [5.9s]
   median nu  = 0.511
   median |eta| = 0.761
  rho=0.17250 (14/20)
    fp=0.0913 tp=0.5463  [5.6s]
   median nu  = 0.575
   median |eta| = 0.619
  rho=0.15281 (15/20)
    fp=0.1132 tp=0.6204  [5.6s]
   median nu  = 0.611
   median |eta| = 0.502
  rho=0.13537 (16/20)
    fp=0.1307 tp=0.6759  [5.5s]
   median nu  = 0.654
   median |eta| = 0.375
  rho=0.11992 (17/20)
    fp=0.1487 tp=0.7037  [5.4s]
   median nu  = 0.715
   median |eta| = 0.296
  rho=0.10623 (18/20)
    fp=0.1629 tp=0.7315  [5.5s]
   median nu  = 0.807
   median |eta| = 0.237
  rho=0.09411 (19/20)
    fp=0.1815 tp=0.7778  [5.8s]
   median nu  = 0.871
   median |eta| = 0.192
  rho=0.08337 (20/20)
    fp=0.1954 tp=0.8056  [5.7s]
   median nu  = 0.955
   median |eta| = 0.156
  rho=0.07385 (21/21)  [extra 1/50]
    fp=0.2109 tp=0.8333  [5.7s]
   median nu  = 1.069
   median |eta| = 0.113
  rho=0.06542 (22/22)  [extra 2/50]
    fp=0.2261 tp=0.8333  [5.6s]
   median nu  = 1.184
   median |eta| = 0.075
  rho=0.05796 (23/23)  [extra 3/50]
    fp=0.2427 tp=0.8333  [5.4s]
   median nu  = 1.305
   median |eta| = 0.058
  rho=0.05134 (24/24)  [extra 4/50]
    fp=0.2549 tp=0.8426  [5.5s]
   median nu  = 1.426
   median |eta| = 0.047
  rho=0.04548 (25/25)  [extra 5/50]
    fp=0.2693 tp=0.8519  [5.3s]
   median nu  = 1.551
   median |eta| = 0.035
  rho=0.04029 (26/26)  [extra 6/50]
    fp=0.2790 tp=0.8519  [5.3s]
   median nu  = 1.646
   median |eta| = 0.03
  rho=0.03569 (27/27)  [extra 7/50]
    fp=0.2962 tp=0.8611  [5.1s]
   median nu  = 1.79
   median |eta| = 0.022
  rho=0.03162 (28/28)  [extra 8/50]
    fp=0.3071 tp=0.8704  [5.1s]
   median nu  = 1.91
   median |eta| = 0.017
  FPR 0.3071 >= fp_end=0.3; stopping after 28 fits
  grid extended by 8 points down to rho=0.03162, ending at FPR 0.3071
  pilot fit of run_em_exact at rho=0.30349
  -> rho_max = max|S_ij| (off-diag) = 0.88447
  rho grid: [0.88446598 0.78351904 0.6940935  0.61487438 0.54469679 0.4825288
 0.42745624 0.37866929 0.33545055 0.2971645  0.26324816 0.2332028
 0.20658662 0.18300822 0.16212091 0.14361753 0.127226   0.11270529
 0.09984187 0.0884466 ]
Running run_em_exact over 20 rho values, extending until FPR >= 0.3...
  rho=0.88447 (1/20)
    fp=0.0000 tp=0.0185  [6.3s]
   median nu  = 0.081
   median |eta| = 2.436
  rho=0.78352 (2/20)
    fp=0.0000 tp=0.0185  [6.3s]
   median nu  = 0.098
   median |eta| = 2.306
  rho=0.69409 (3/20)
    fp=0.0000 tp=0.0185  [6.2s]
   median nu  = 0.119
   median |eta| = 2.098
  rho=0.61487 (4/20)
    fp=0.0004 tp=0.0370  [6.2s]
   median nu  = 0.148
   median |eta| = 1.867
  rho=0.54470 (5/20)
    fp=0.0019 tp=0.0370  [6.2s]
   median nu  = 0.185
   median |eta| = 1.667
  rho=0.48253 (6/20)
    fp=0.0035 tp=0.0926  [6.2s]
   median nu  = 0.218
   median |eta| = 1.41
  rho=0.42746 (7/20)
    fp=0.0078 tp=0.1944  [6.1s]
   median nu  = 0.246
   median |eta| = 1.319
  rho=0.37867 (8/20)
    fp=0.0116 tp=0.2222  [6.0s]
   median nu  = 0.281
   median |eta| = 1.216
  rho=0.33545 (9/20)
    fp=0.0182 tp=0.2685  [5.9s]
   median nu  = 0.313
   median |eta| = 1.135
  rho=0.29716 (10/20)
    fp=0.0275 tp=0.3426  [5.7s]
   median nu  = 0.367
   median |eta| = 0.959
  rho=0.26325 (11/20)
    fp=0.0392 tp=0.3981  [5.5s]
   median nu  = 0.43
   median |eta| = 0.737
  rho=0.23320 (12/20)
    fp=0.0541 tp=0.4815  [5.4s]
   median nu  = 0.49
   median |eta| = 0.562
  rho=0.20659 (13/20)
    fp=0.0700 tp=0.5000  [5.3s]
   median nu  = 0.545
   median |eta| = 0.431
  rho=0.18301 (14/20)
    fp=0.0861 tp=0.5463  [5.2s]
   median nu  = 0.621
   median |eta| = 0.325
  rho=0.16212 (15/20)
    fp=0.1076 tp=0.6019  [5.1s]
   median nu  = 0.706
   median |eta| = 0.235
  rho=0.14362 (16/20)
    fp=0.1301 tp=0.6667  [5.0s]
   median nu  = 0.809
   median |eta| = 0.166
  rho=0.12723 (17/20)
    fp=0.1485 tp=0.7222  [4.8s]
   median nu  = 0.899
   median |eta| = 0.115
  rho=0.11271 (18/20)
    fp=0.1642 tp=0.7315  [4.7s]
   median nu  = 0.997
   median |eta| = 0.08
  rho=0.09984 (19/20)
    fp=0.1784 tp=0.7870  [4.7s]
   median nu  = 1.089
   median |eta| = 0.056
  rho=0.08845 (20/20)
    fp=0.1966 tp=0.8148  [5.0s]
   median nu  = 1.203
   median |eta| = 0.04
  rho=0.07835 (21/21)  [extra 1/50]
    fp=0.2166 tp=0.8426  [5.0s]
   median nu  = 1.316
   median |eta| = 0.03
  rho=0.06941 (22/22)  [extra 2/50]
    fp=0.2309 tp=0.8426  [4.5s]
   median nu  = 1.416
   median |eta| = 0.023
  rho=0.06149 (23/23)  [extra 3/50]
    fp=0.2449 tp=0.8426  [3.7s]
   median nu  = 1.544
   median |eta| = 0.019
  rho=0.05447 (24/24)  [extra 4/50]
    fp=0.2586 tp=0.8426  [3.0s]
   median nu  = 1.648
   median |eta| = 0.015
  rho=0.04825 (25/25)  [extra 5/50]
    fp=0.2685 tp=0.8519  [2.5s]
   median nu  = 1.761
   median |eta| = 0.011
  rho=0.04275 (26/26)  [extra 6/50]
    fp=0.2794 tp=0.8704  [2.4s]
   median nu  = 1.866
   median |eta| = 0.009
  rho=0.03787 (27/27)  [extra 7/50]
    fp=0.2922 tp=0.8704  [2.0s]
   median nu  = 1.974
   median |eta| = 0.007
  rho=0.03355 (28/28)  [extra 8/50]
    fp=0.3040 tp=0.8704  [1.6s]
   median nu  = 2.116
   median |eta| = 0.005
  FPR 0.3040 >= fp_end=0.3; stopping after 28 fits
  grid extended by 8 points down to rho=0.03355, ending at FPR 0.3040
  graphical_lasso rho_max = max|S_ij| (off-diag) = 5.52382
  rho grid: [5.52382398 4.89337222 4.33487594 3.84012264 3.40183712 3.01357453
 2.66962559 2.36493266 2.0950153  1.85590448 1.64408415 1.45643955
 1.29021143 1.14295545 1.01250628 0.89694569 0.7945744  0.70388707
 0.62355018 0.5523824 ]
Running graphical_lasso over 20 rho values, extending until FPR >= 0.3...
  rho=5.52382 (1/20)
    fp=0.0000 tp=0.0000  [0.0s]
  rho=4.89337 (2/20)
    fp=0.0002 tp=0.0000  [0.0s]
  rho=4.33488 (3/20)
    fp=0.0002 tp=0.0000  [4.9s]
  rho=3.84012 (4/20)
    fp=0.0004 tp=0.0000  [0.0s]
  rho=3.40184 (5/20)
    fp=0.0004 tp=0.0000  [0.0s]
  rho=3.01357 (6/20)
    fp=0.0004 tp=0.0000  [0.0s]
  rho=2.66963 (7/20)
    fp=0.0004 tp=0.0000  [0.0s]
  rho=2.36493 (8/20)
    fp=0.0006 tp=0.0000  [0.0s]
  rho=2.09502 (9/20)
    fp=0.0010 tp=0.0000  [0.0s]
  rho=1.85590 (10/20)
    fp=0.0017 tp=0.0000  [4.9s]
  rho=1.64408 (11/20)
    fp=0.0021 tp=0.0185  [0.0s]
  rho=1.45644 (12/20)
    fp=0.0027 tp=0.0185  [0.0s]
  rho=1.29021 (13/20)
    fp=0.0031 tp=0.0278  [5.2s]
  rho=1.14296 (14/20)
    fp=0.0033 tp=0.0278  [0.0s]
  rho=1.01251 (15/20)
    fp=0.0048 tp=0.0463  [0.0s]
  rho=0.89695 (16/20)
    fp=0.0072 tp=0.0648  [0.0s]
  rho=0.79457 (17/20)
    fp=0.0140 tp=0.0741  [4.9s]
  rho=0.70389 (18/20)
    fp=0.0176 tp=0.0926  [4.9s]
  rho=0.62355 (19/20)
    fp=0.0244 tp=0.1296  [0.0s]
  rho=0.55238 (20/20)
    fp=0.0337 tp=0.1481  [4.8s]
  rho=0.48934 (21/21)  [extra 1/50]
    fp=0.0461 tp=0.2500  [0.0s]
  rho=0.43349 (22/22)  [extra 2/50]
    fp=0.0640 tp=0.3148  [0.1s]
  rho=0.38401 (23/23)  [extra 3/50]
    fp=0.0843 tp=0.4074  [0.1s]
  rho=0.34018 (24/24)  [extra 4/50]
    fp=0.1074 tp=0.4722  [0.0s]
  rho=0.30136 (25/25)  [extra 5/50]
    fp=0.1353 tp=0.5370  [0.0s]
  rho=0.26696 (26/26)  [extra 6/50]
    fp=0.1646 tp=0.5741  [0.0s]
  rho=0.23649 (27/27)  [extra 7/50]
    fp=0.2012 tp=0.6019  [0.0s]
  rho=0.20950 (28/28)  [extra 8/50]
    fp=0.2359 tp=0.6759  [0.0s]
  rho=0.18559 (29/29)  [extra 9/50]
    fp=0.2662 tp=0.7130  [0.1s]
  rho=0.16441 (30/30)  [extra 10/50]
    fp=0.3013 tp=0.7315  [0.0s]
  FPR 0.3013 >= fp_end=0.3; stopping after 30 fits
  [note] 6/30 fits hit a glasso ConvergenceWarning (suppressed)
  grid extended by 10 points down to rho=0.16441, ending at FPR 0.3013

(p=100, n=50) over 2 replicates
  t+lasso  (run_em_diagonal):    AUC = 0.206 (SE 0.011)
  ~t+lasso (run_em_exact):       AUC = 0.207 (SE 0.010)
  tlasso   (run_tlasso):         AUC = 0.154 (SE 0.006)
  t*lasso  (run_tstar_varlasso): AUC = 0.206 (SE 0.009)
  glasso   (graphical_lasso):    AUC = 0.154 (SE 0.007)
Replicate 3/50
  Theta: 89/4950 edges
  pilot fit of run_tlasso at rho=30.34854
  -> rho_max = max|S_ij| (off-diag) = 39.60396
  rho grid: [39.60396113 35.08383393 31.07960336 27.53238847 24.39002861 21.60631636
 19.14031813 16.95577219 15.02055549 13.30621128 11.78753068 10.44218197
  9.25038223  8.19460641  7.25932968  6.43079909  5.69683135  5.0466337
  4.4706452   3.96039611]
Running run_tlasso over 20 rho values, extending until FPR >= 0.3...
  rho=39.60396 (1/20)
    fp=0.0000 tp=0.0112  [0.1s]
   nu  = 3.0000
  rho=35.08383 (2/20)
    fp=0.0000 tp=0.0112  [0.0s]
   nu  = 3.0000
  rho=31.07960 (3/20)
    fp=0.0000 tp=0.0112  [0.0s]
   nu  = 3.0000
  rho=27.53239 (4/20)
    fp=0.0002 tp=0.0112  [0.1s]
   nu  = 3.0000
  rho=24.39003 (5/20)
    fp=0.0004 tp=0.0112  [0.1s]
   nu  = 3.0000
  rho=21.60632 (6/20)
    fp=0.0004 tp=0.0112  [0.1s]
   nu  = 3.0000
  rho=19.14032 (7/20)
    fp=0.0010 tp=0.0112  [0.1s]
   nu  = 3.0000
  rho=16.95577 (8/20)
    fp=0.0014 tp=0.0112  [0.1s]
   nu  = 3.0000
  rho=15.02056 (9/20)
    fp=0.0029 tp=0.0112  [0.1s]
   nu  = 3.0000
  rho=13.30621 (10/20)
    fp=0.0037 tp=0.0225  [0.1s]
   nu  = 3.0000
  rho=11.78753 (11/20)
    fp=0.0053 tp=0.0337  [0.1s]
   nu  = 3.0000
  rho=10.44218 (12/20)
    fp=0.0082 tp=0.0899  [0.1s]
   nu  = 3.0000
  rho=9.25038 (13/20)
    fp=0.0111 tp=0.1348  [0.1s]
   nu  = 3.0000
  rho=8.19461 (14/20)
    fp=0.0163 tp=0.1573  [0.1s]
   nu  = 3.0000
  rho=7.25933 (15/20)
    fp=0.0247 tp=0.1685  [0.1s]
   nu  = 3.0000
  rho=6.43080 (16/20)
    fp=0.0368 tp=0.2247  [0.1s]
   nu  = 3.0000
  rho=5.69683 (17/20)
    fp=0.0520 tp=0.2697  [0.1s]
   nu  = 3.0000
  rho=5.04663 (18/20)
    fp=0.0708 tp=0.3034  [0.1s]
   nu  = 3.0000
  rho=4.47065 (19/20)
    fp=0.0967 tp=0.4157  [0.2s]
   nu  = 3.0000
  rho=3.96040 (20/20)
    fp=0.1247 tp=0.4607  [0.2s]
   nu  = 3.0000
  rho=3.50838 (21/21)  [extra 1/50]
    fp=0.1590 tp=0.5281  [0.2s]
   nu  = 3.0000
  rho=3.10796 (22/22)  [extra 2/50]
    fp=0.2006 tp=0.5618  [0.2s]
   nu  = 3.0000
  rho=2.75324 (23/23)  [extra 3/50]
    fp=0.2456 tp=0.6517  [0.3s]
   nu  = 3.0000
  rho=2.43900 (24/24)  [extra 4/50]
    fp=0.2814 tp=0.7079  [0.3s]
   nu  = 3.0000
  rho=2.16063 (25/25)  [extra 5/50]
    fp=0.3248 tp=0.7416  [0.3s]
   nu  = 3.0000
  FPR 0.3248 >= fp_end=0.3; stopping after 25 fits
  grid extended by 5 points down to rho=2.16063, ending at FPR 0.3248
  pilot fit of run_tstar_varlasso at rho=0.30349
  -> rho_max = max|S_ij| (off-diag) = 0.62354
  rho grid: [0.62354128 0.55237451 0.48933024 0.43348141 0.38400678 0.34017885
 0.30135315 0.26695875 0.23648989 0.20949854 0.1855878  0.16440607
 0.14564188 0.1290193  0.11429391 0.10124918 0.08969329 0.07945631
 0.0703877  0.06235413]
Running run_tstar_varlasso over 20 rho values, extending until FPR >= 0.3...
  rho=0.62354 (1/20)
    fp=0.0002 tp=0.0337  [0.1s]
   nu  = 3.0000
  rho=0.55237 (2/20)
    fp=0.0008 tp=0.0449  [0.0s]
   nu  = 3.0000
  rho=0.48933 (3/20)
    fp=0.0014 tp=0.0674  [0.0s]
   nu  = 3.0000
  rho=0.43348 (4/20)
    fp=0.0025 tp=0.1011  [0.0s]
   nu  = 3.0000
  rho=0.38401 (5/20)
    fp=0.0047 tp=0.1461  [0.1s]
   nu  = 3.0000
  rho=0.34018 (6/20)
    fp=0.0070 tp=0.1798  [0.1s]
   nu  = 3.0000
  rho=0.30135 (7/20)
    fp=0.0121 tp=0.2022  [0.1s]
   nu  = 3.0000
  rho=0.26696 (8/20)
    fp=0.0193 tp=0.2472  [0.1s]
   nu  = 3.0000
  rho=0.23649 (9/20)
    fp=0.0300 tp=0.3483  [0.1s]
   nu  = 3.0000
  rho=0.20950 (10/20)
    fp=0.0436 tp=0.4045  [0.1s]
   nu  = 3.0000
  rho=0.18559 (11/20)
    fp=0.0578 tp=0.4831  [0.1s]
   nu  = 3.0000
  rho=0.16441 (12/20)
    fp=0.0769 tp=0.5393  [0.1s]
   nu  = 3.0000
  rho=0.14564 (13/20)
    fp=0.0981 tp=0.5730  [0.1s]
   nu  = 3.0000
  rho=0.12902 (14/20)
    fp=0.1232 tp=0.6404  [0.1s]
   nu  = 3.0000
  rho=0.11429 (15/20)
    fp=0.1504 tp=0.7079  [0.1s]
   nu  = 3.0000
  rho=0.10125 (16/20)
    fp=0.1767 tp=0.7191  [0.1s]
   nu  = 3.0000
  rho=0.08969 (17/20)
    fp=0.2026 tp=0.7528  [0.1s]
   nu  = 3.0000
  rho=0.07946 (18/20)
    fp=0.2267 tp=0.7640  [0.1s]
   nu  = 3.0000
  rho=0.07039 (19/20)
    fp=0.2543 tp=0.7865  [0.1s]
   nu  = 3.0000
  rho=0.06235 (20/20)
    fp=0.2783 tp=0.7978  [0.1s]
   nu  = 3.0000
  rho=0.05524 (21/21)  [extra 1/50]
    fp=0.3032 tp=0.8315  [0.1s]
   nu  = 3.0000
  FPR 0.3032 >= fp_end=0.3; stopping after 21 fits
  grid extended by 1 points down to rho=0.05524, ending at FPR 0.3032
  pilot fit of run_em_diagonal at rho=0.30349
  -> rho_max = max|S_ij| (off-diag) = 0.84026
  rho grid: [0.84026122 0.74435951 0.65940337 0.58414355 0.51747337 0.45841247
 0.40609239 0.35974376 0.31868505 0.2823125  0.25009127 0.22154755
 0.19626162 0.17386165 0.15401826 0.13643966 0.12086737 0.10707239
 0.09485187 0.08402612]
Running run_em_diagonal over 20 rho values, extending until FPR >= 0.3...
  rho=0.84026 (1/20)
    fp=0.0006 tp=0.0225  [6.3s]
   median nu  = 0.121
   median |eta| = 2.433
  rho=0.74436 (2/20)
    fp=0.0008 tp=0.0562  [6.0s]
   median nu  = 0.15
   median |eta| = 2.064
  rho=0.65940 (3/20)
    fp=0.0019 tp=0.0562  [5.9s]
   median nu  = 0.184
   median |eta| = 1.815
  rho=0.58414 (4/20)
    fp=0.0031 tp=0.0787  [5.8s]
   median nu  = 0.221
   median |eta| = 1.593
  rho=0.51747 (5/20)
    fp=0.0047 tp=0.1124  [5.8s]
   median nu  = 0.265
   median |eta| = 1.465
  rho=0.45841 (6/20)
    fp=0.0074 tp=0.1348  [5.8s]
   median nu  = 0.312
   median |eta| = 1.281
  rho=0.40609 (7/20)
    fp=0.0121 tp=0.1798  [5.7s]
   median nu  = 0.352
   median |eta| = 1.051
  rho=0.35974 (8/20)
    fp=0.0191 tp=0.2360  [5.6s]
   median nu  = 0.394
   median |eta| = 0.83
  rho=0.31869 (9/20)
    fp=0.0261 tp=0.2697  [5.6s]
   median nu  = 0.434
   median |eta| = 0.73
  rho=0.28231 (10/20)
    fp=0.0366 tp=0.3933  [5.6s]
   median nu  = 0.483
   median |eta| = 0.62
  rho=0.25009 (11/20)
    fp=0.0485 tp=0.4494  [5.4s]
   median nu  = 0.547
   median |eta| = 0.583
  rho=0.22155 (12/20)
    fp=0.0632 tp=0.4719  [5.4s]
   median nu  = 0.592
   median |eta| = 0.534
  rho=0.19626 (13/20)
    fp=0.0769 tp=0.4944  [5.3s]
   median nu  = 0.639
   median |eta| = 0.453
  rho=0.17386 (14/20)
    fp=0.0944 tp=0.5730  [5.3s]
   median nu  = 0.674
   median |eta| = 0.364
  rho=0.15402 (15/20)
    fp=0.1117 tp=0.6292  [5.3s]
   median nu  = 0.735
   median |eta| = 0.3
  rho=0.13644 (16/20)
    fp=0.1306 tp=0.6854  [5.4s]
   median nu  = 0.797
   median |eta| = 0.242
  rho=0.12087 (17/20)
    fp=0.1473 tp=0.7191  [5.5s]
   median nu  = 0.858
   median |eta| = 0.193
  rho=0.10707 (18/20)
    fp=0.1687 tp=0.7640  [5.6s]
   median nu  = 0.919
   median |eta| = 0.153
  rho=0.09485 (19/20)
    fp=0.1866 tp=0.7753  [5.5s]
   median nu  = 0.981
   median |eta| = 0.116
  rho=0.08403 (20/20)
    fp=0.2055 tp=0.7865  [5.2s]
   median nu  = 1.087
   median |eta| = 0.084
  rho=0.07444 (21/21)  [extra 1/50]
    fp=0.2214 tp=0.8090  [5.0s]
   median nu  = 1.204
   median |eta| = 0.064
  rho=0.06594 (22/22)  [extra 2/50]
    fp=0.2401 tp=0.8315  [5.0s]
   median nu  = 1.337
   median |eta| = 0.048
  rho=0.05841 (23/23)  [extra 3/50]
    fp=0.2574 tp=0.8315  [4.9s]
   median nu  = 1.442
   median |eta| = 0.041
  rho=0.05175 (24/24)  [extra 4/50]
    fp=0.2736 tp=0.8539  [5.0s]
   median nu  = 1.56
   median |eta| = 0.032
  rho=0.04584 (25/25)  [extra 5/50]
    fp=0.2872 tp=0.8764  [4.8s]
   median nu  = 1.678
   median |eta| = 0.023
  rho=0.04061 (26/26)  [extra 6/50]
    fp=0.3036 tp=0.8764  [5.2s]
   median nu  = 1.8
   median |eta| = 0.016
  FPR 0.3036 >= fp_end=0.3; stopping after 26 fits
  grid extended by 6 points down to rho=0.04061, ending at FPR 0.3036
  pilot fit of run_em_exact at rho=0.30349
  -> rho_max = max|S_ij| (off-diag) = 0.85420
  rho grid: [0.8542044  0.75671131 0.67034542 0.59383675 0.52606025 0.46601931
 0.41283103 0.3657133  0.32397327 0.28699716 0.25424125 0.22522388
 0.19951836 0.17674669 0.15657402 0.13870372 0.12287302 0.10884913
 0.09642583 0.08542044]
Running run_em_exact over 20 rho values, extending until FPR >= 0.3...
  rho=0.85420 (1/20)
    fp=0.0006 tp=0.0225  [6.0s]
   median nu  = 0.117
   median |eta| = 2.4
  rho=0.75671 (2/20)
    fp=0.0008 tp=0.0449  [6.0s]
   median nu  = 0.146
   median |eta| = 2.044
  rho=0.67035 (3/20)
    fp=0.0016 tp=0.0562  [5.9s]
   median nu  = 0.18
   median |eta| = 1.824
  rho=0.59384 (4/20)
    fp=0.0029 tp=0.0787  [5.9s]
   median nu  = 0.217
   median |eta| = 1.602
  rho=0.52606 (5/20)
    fp=0.0043 tp=0.1011  [5.8s]
   median nu  = 0.26
   median |eta| = 1.486
  rho=0.46602 (6/20)
    fp=0.0072 tp=0.1348  [5.8s]
   median nu  = 0.305
   median |eta| = 1.24
  rho=0.41283 (7/20)
    fp=0.0119 tp=0.1798  [5.7s]
   median nu  = 0.36
   median |eta| = 1.052
  rho=0.36571 (8/20)
    fp=0.0181 tp=0.2360  [5.5s]
   median nu  = 0.395
   median |eta| = 0.835
  rho=0.32397 (9/20)
    fp=0.0261 tp=0.2697  [5.4s]
   median nu  = 0.443
   median |eta| = 0.726
  rho=0.28700 (10/20)
    fp=0.0350 tp=0.3708  [5.3s]
   median nu  = 0.494
   median |eta| = 0.598
  rho=0.25424 (11/20)
    fp=0.0471 tp=0.4494  [5.2s]
   median nu  = 0.56
   median |eta| = 0.508
  rho=0.22522 (12/20)
    fp=0.0617 tp=0.4831  [5.1s]
   median nu  = 0.632
   median |eta| = 0.404
  rho=0.19952 (13/20)
    fp=0.0743 tp=0.5056  [4.9s]
   median nu  = 0.693
   median |eta| = 0.332
  rho=0.17675 (14/20)
    fp=0.0930 tp=0.5618  [4.8s]
   median nu  = 0.763
   median |eta| = 0.259
  rho=0.15657 (15/20)
    fp=0.1123 tp=0.6292  [5.2s]
   median nu  = 0.84
   median |eta| = 0.187
  rho=0.13870 (16/20)
    fp=0.1345 tp=0.6742  [5.1s]
   median nu  = 0.933
   median |eta| = 0.13
  rho=0.12287 (17/20)
    fp=0.1479 tp=0.7303  [5.0s]
   median nu  = 0.999
   median |eta| = 0.091
  rho=0.10885 (18/20)
    fp=0.1662 tp=0.7753  [5.0s]
   median nu  = 1.084
   median |eta| = 0.065
  rho=0.09643 (19/20)
    fp=0.1872 tp=0.7753  [4.9s]
   median nu  = 1.16
   median |eta| = 0.052
  rho=0.08542 (20/20)
    fp=0.2037 tp=0.7978  [4.5s]
   median nu  = 1.254
   median |eta| = 0.04
  rho=0.07567 (21/21)  [extra 1/50]
    fp=0.2193 tp=0.8202  [3.9s]
   median nu  = 1.355
   median |eta| = 0.033
  rho=0.06703 (22/22)  [extra 2/50]
    fp=0.2335 tp=0.8427  [3.4s]
   median nu  = 1.48
   median |eta| = 0.025
  rho=0.05938 (23/23)  [extra 3/50]
    fp=0.2514 tp=0.8652  [2.7s]
   median nu  = 1.613
   median |eta| = 0.019
  rho=0.05261 (24/24)  [extra 4/50]
    fp=0.2660 tp=0.8652  [2.3s]
   median nu  = 1.736
   median |eta| = 0.014
  rho=0.04660 (25/25)  [extra 5/50]
    fp=0.2816 tp=0.8764  [2.1s]
   median nu  = 1.847
   median |eta| = 0.011
  rho=0.04128 (26/26)  [extra 6/50]
    fp=0.3001 tp=0.8989  [2.1s]
   median nu  = 1.968
   median |eta| = 0.008
  FPR 0.3001 >= fp_end=0.3; stopping after 26 fits
  grid extended by 6 points down to rho=0.04128, ending at FPR 0.3001
  graphical_lasso rho_max = max|S_ij| (off-diag) = 2.24782
  rho grid: [2.24781595 1.9912655  1.76399598 1.56266546 1.38431343 1.2263173
 1.08635377 0.96236473 0.85252695 0.75522531 0.66902902 0.59267059
 0.5250272  0.46510416 0.41202033 0.36499513 0.32333706 0.28643356
 0.25374198 0.22478159]
Running graphical_lasso over 20 rho values, extending until FPR >= 0.3...
  rho=2.24782 (1/20)
    fp=0.0000 tp=0.0000  [0.0s]
  rho=1.99127 (2/20)
    fp=0.0002 tp=0.0112  [0.0s]
  rho=1.76400 (3/20)
    fp=0.0002 tp=0.0112  [4.8s]
  rho=1.56267 (4/20)
    fp=0.0004 tp=0.0112  [4.8s]
  rho=1.38431 (5/20)
    fp=0.0012 tp=0.0112  [0.0s]
  rho=1.22632 (6/20)
    fp=0.0019 tp=0.0112  [4.8s]
  rho=1.08635 (7/20)
    fp=0.0039 tp=0.0225  [4.9s]
  rho=0.96236 (8/20)
    fp=0.0070 tp=0.0337  [4.8s]
  rho=0.85253 (9/20)
    fp=0.0121 tp=0.1124  [4.8s]
  rho=0.75523 (10/20)
    fp=0.0163 tp=0.1573  [4.8s]
  rho=0.66903 (11/20)
    fp=0.0243 tp=0.1685  [4.8s]
  rho=0.59267 (12/20)
    fp=0.0379 tp=0.2247  [4.8s]
  rho=0.52503 (13/20)
    fp=0.0527 tp=0.2697  [4.8s]
  rho=0.46510 (14/20)
    fp=0.0693 tp=0.3371  [0.0s]
  rho=0.41202 (15/20)
    fp=0.0911 tp=0.3820  [0.1s]
  rho=0.36500 (16/20)
    fp=0.1164 tp=0.4382  [0.0s]
  rho=0.32334 (17/20)
    fp=0.1452 tp=0.4831  [0.1s]
  rho=0.28643 (18/20)
    fp=0.1788 tp=0.5506  [0.3s]
  rho=0.25374 (19/20)
    fp=0.2082 tp=0.5955  [0.1s]
  rho=0.22478 (20/20)
    fp=0.2411 tp=0.6517  [0.3s]
  rho=0.19913 (21/21)  [extra 1/50]
    fp=0.2738 tp=0.6966  [0.1s]
  rho=0.17640 (22/22)  [extra 2/50]
    fp=0.3067 tp=0.7303  [0.1s]
  FPR 0.3067 >= fp_end=0.3; stopping after 22 fits
  [note] 10/22 fits hit a glasso ConvergenceWarning (suppressed)
  grid extended by 2 points down to rho=0.17640, ending at FPR 0.3067

(p=100, n=50) over 3 replicates
  t+lasso  (run_em_diagonal):    AUC = 0.202 (SE 0.008)
  ~t+lasso (run_em_exact):       AUC = 0.204 (SE 0.007)
  tlasso   (run_tlasso):         AUC = 0.149 (SE 0.006)
  t*lasso  (run_tstar_varlasso): AUC = 0.200 (SE 0.008)
  glasso   (graphical_lasso):    AUC = 0.150 (SE 0.006)
Replicate 4/50
  Theta: 108/4950 edges
  pilot fit of run_tlasso at rho=30.34854
  -> rho_max = max|S_ij| (off-diag) = 59.17461
  rho grid: [59.17461002 52.42082185 46.43786521 41.1377626  36.44257772 32.28326936
 28.59867621 25.33461751 22.4430963  19.88159368 17.61244359 15.60227887
 13.82154071 12.2440439  10.84659187  9.60863553  8.51197112  7.54047253
  6.6798542   5.917461  ]
Running run_tlasso over 20 rho values, extending until FPR >= 0.3...
  rho=59.17461 (1/20)
    fp=0.0004 tp=0.0000  [0.1s]
   nu  = 3.0000
  rho=52.42082 (2/20)
    fp=0.0004 tp=0.0000  [0.1s]
   nu  = 3.0000
  rho=46.43787 (3/20)
    fp=0.0004 tp=0.0000  [0.1s]
   nu  = 3.0000
  rho=41.13776 (4/20)
    fp=0.0004 tp=0.0000  [0.1s]
   nu  = 3.0000
  rho=36.44258 (5/20)
    fp=0.0004 tp=0.0000  [0.1s]
   nu  = 3.0000
  rho=32.28327 (6/20)
    fp=0.0004 tp=0.0000  [0.1s]
   nu  = 3.0000
  rho=28.59868 (7/20)
    fp=0.0004 tp=0.0000  [0.1s]
   nu  = 3.0000
  rho=25.33462 (8/20)
    fp=0.0006 tp=0.0000  [0.1s]
   nu  = 3.0000
  rho=22.44310 (9/20)
    fp=0.0006 tp=0.0000  [0.1s]
   nu  = 3.0000
  rho=19.88159 (10/20)
    fp=0.0008 tp=0.0000  [0.1s]
   nu  = 3.0000
  rho=17.61244 (11/20)
    fp=0.0008 tp=0.0000  [0.1s]
   nu  = 3.0000
  rho=15.60228 (12/20)
    fp=0.0014 tp=0.0000  [0.1s]
   nu  = 3.0000
  rho=13.82154 (13/20)
    fp=0.0027 tp=0.0093  [0.1s]
   nu  = 3.0000
  rho=12.24404 (14/20)
    fp=0.0039 tp=0.0185  [0.1s]
   nu  = 3.0000
  rho=10.84659 (15/20)
    fp=0.0056 tp=0.0463  [0.1s]
   nu  = 3.0000
  rho=9.60864 (16/20)
    fp=0.0089 tp=0.0648  [0.1s]
   nu  = 3.0000
  rho=8.51197 (17/20)
    fp=0.0120 tp=0.0741  [0.1s]
   nu  = 3.0000
  rho=7.54047 (18/20)
    fp=0.0178 tp=0.0926  [0.1s]
   nu  = 3.0000
  rho=6.67985 (19/20)
    fp=0.0254 tp=0.1204  [0.1s]
   nu  = 3.0000
  rho=5.91746 (20/20)
    fp=0.0355 tp=0.1574  [0.1s]
   nu  = 3.0000
  rho=5.24208 (21/21)  [extra 1/50]
    fp=0.0494 tp=0.2037  [0.1s]
   nu  = 3.0000
  rho=4.64379 (22/22)  [extra 2/50]
    fp=0.0665 tp=0.2870  [0.1s]
   nu  = 3.0000
  rho=4.11378 (23/23)  [extra 3/50]
    fp=0.0917 tp=0.3611  [0.1s]
   nu  = 3.0000
  rho=3.64426 (24/24)  [extra 4/50]
    fp=0.1202 tp=0.4444  [0.2s]
   nu  = 3.0000
  rho=3.22833 (25/25)  [extra 5/50]
    fp=0.1532 tp=0.4907  [0.2s]
   nu  = 3.0000
  rho=2.85987 (26/26)  [extra 6/50]
    fp=0.1950 tp=0.5278  [0.3s]
   nu  = 3.0000
  rho=2.53346 (27/27)  [extra 7/50]
    fp=0.2332 tp=0.5833  [0.3s]
   nu  = 3.0000
  rho=2.24431 (28/28)  [extra 8/50]
    fp=0.2708 tp=0.6667  [0.3s]
   nu  = 3.0000
  rho=1.98816 (29/29)  [extra 9/50]
    fp=0.3125 tp=0.7130  [0.3s]
   nu  = 3.0000
  FPR 0.3125 >= fp_end=0.3; stopping after 29 fits
  grid extended by 9 points down to rho=1.98816, ending at FPR 0.3125
  pilot fit of run_tstar_varlasso at rho=0.30349
  -> rho_max = max|S_ij| (off-diag) = 0.59065
  rho grid: [0.59064668 0.52323428 0.46351587 0.41061332 0.3637487  0.3222329
 0.28545542 0.25287548 0.22401399 0.19844655 0.17579721 0.15573291
 0.13795861 0.12221295 0.1082644  0.09590783 0.08496157 0.07526463
 0.06667444 0.05906467]
Running run_tstar_varlasso over 20 rho values, extending until FPR >= 0.3...
  rho=0.59065 (1/20)
    fp=0.0000 tp=0.0185  [0.1s]
   nu  = 3.0000
  rho=0.52323 (2/20)
    fp=0.0000 tp=0.0185  [0.0s]
   nu  = 3.0000
  rho=0.46352 (3/20)
    fp=0.0002 tp=0.0370  [0.0s]
   nu  = 3.0000
  rho=0.41061 (4/20)
    fp=0.0006 tp=0.0741  [0.0s]
   nu  = 3.0000
  rho=0.36375 (5/20)
    fp=0.0023 tp=0.1019  [0.0s]
   nu  = 3.0000
  rho=0.32223 (6/20)
    fp=0.0054 tp=0.1389  [0.0s]
   nu  = 3.0000
  rho=0.28546 (7/20)
    fp=0.0103 tp=0.1944  [0.1s]
   nu  = 3.0000
  rho=0.25288 (8/20)
    fp=0.0194 tp=0.2593  [0.1s]
   nu  = 3.0000
  rho=0.22401 (9/20)
    fp=0.0295 tp=0.3611  [0.1s]
   nu  = 3.0000
  rho=0.19845 (10/20)
    fp=0.0407 tp=0.4167  [0.1s]
   nu  = 3.0000
  rho=0.17580 (11/20)
    fp=0.0576 tp=0.4722  [0.1s]
   nu  = 3.0000
  rho=0.15573 (12/20)
    fp=0.0785 tp=0.5093  [0.1s]
   nu  = 3.0000
  rho=0.13796 (13/20)
    fp=0.1029 tp=0.5370  [0.1s]
   nu  = 3.0000
  rho=0.12221 (14/20)
    fp=0.1258 tp=0.5926  [0.1s]
   nu  = 3.0000
  rho=0.10826 (15/20)
    fp=0.1510 tp=0.6759  [0.1s]
   nu  = 3.0000
  rho=0.09591 (16/20)
    fp=0.1704 tp=0.7222  [0.1s]
   nu  = 3.0000
  rho=0.08496 (17/20)
    fp=0.1945 tp=0.7407  [0.1s]
   nu  = 3.0000
  rho=0.07526 (18/20)
    fp=0.2187 tp=0.7685  [0.1s]
   nu  = 3.0000
  rho=0.06667 (19/20)
    fp=0.2447 tp=0.8056  [0.1s]
   nu  = 3.0000
  rho=0.05906 (20/20)
    fp=0.2712 tp=0.8426  [0.1s]
   nu  = 3.0000
  rho=0.05232 (21/21)  [extra 1/50]
    fp=0.2957 tp=0.8426  [0.1s]
   nu  = 3.0000
  rho=0.04635 (22/22)  [extra 2/50]
    fp=0.3199 tp=0.8519  [0.1s]
   nu  = 3.0000
  FPR 0.3199 >= fp_end=0.3; stopping after 22 fits
  grid extended by 2 points down to rho=0.04635, ending at FPR 0.3199
  pilot fit of run_em_diagonal at rho=0.30349
  -> rho_max = max|S_ij| (off-diag) = 0.66294
  rho grid: [0.66293958 0.58727616 0.52024844 0.46087082 0.40827015 0.36167297
 0.32039407 0.28382647 0.25143244 0.22273565 0.19731412 0.17479402
 0.15484422 0.13717135 0.12151555 0.10764659 0.09536054 0.08447673
 0.07483513 0.06629396]
Running run_em_diagonal over 20 rho values, extending until FPR >= 0.3...
  rho=0.66294 (1/20)
    fp=0.0000 tp=0.0185  [5.9s]
   median nu  = 0.126
   median |eta| = 1.846
  rho=0.58728 (2/20)
    fp=0.0006 tp=0.0370  [5.9s]
   median nu  = 0.152
   median |eta| = 1.549
  rho=0.52025 (3/20)
    fp=0.0019 tp=0.0648  [5.9s]
   median nu  = 0.181
   median |eta| = 1.361
  rho=0.46087 (4/20)
    fp=0.0039 tp=0.1111  [5.8s]
   median nu  = 0.216
   median |eta| = 1.304
  rho=0.40827 (5/20)
    fp=0.0074 tp=0.1759  [5.8s]
   median nu  = 0.262
   median |eta| = 1.256
  rho=0.36167 (6/20)
    fp=0.0140 tp=0.2500  [5.8s]
   median nu  = 0.297
   median |eta| = 1.138
  rho=0.32039 (7/20)
    fp=0.0196 tp=0.2870  [5.7s]
   median nu  = 0.328
   median |eta| = 1.03
  rho=0.28383 (8/20)
    fp=0.0320 tp=0.3426  [5.7s]
   median nu  = 0.352
   median |eta| = 0.921
  rho=0.25143 (9/20)
    fp=0.0446 tp=0.3889  [5.6s]
   median nu  = 0.395
   median |eta| = 0.809
  rho=0.22274 (10/20)
    fp=0.0584 tp=0.4907  [5.5s]
   median nu  = 0.437
   median |eta| = 0.65
  rho=0.19731 (11/20)
    fp=0.0760 tp=0.5648  [5.6s]
   median nu  = 0.496
   median |eta| = 0.575
  rho=0.17479 (12/20)
    fp=0.0954 tp=0.5833  [5.9s]
   median nu  = 0.563
   median |eta| = 0.479
  rho=0.15484 (13/20)
    fp=0.1188 tp=0.6204  [5.9s]
   median nu  = 0.64
   median |eta| = 0.366
  rho=0.13717 (14/20)
    fp=0.1388 tp=0.6667  [5.9s]
   median nu  = 0.712
   median |eta| = 0.296
  rho=0.12152 (15/20)
    fp=0.1561 tp=0.7130  [5.8s]
   median nu  = 0.782
   median |eta| = 0.216
  rho=0.10765 (16/20)
    fp=0.1716 tp=0.7685  [5.7s]
   median nu  = 0.844
   median |eta| = 0.169
  rho=0.09536 (17/20)
    fp=0.1906 tp=0.7870  [5.7s]
   median nu  = 0.916
   median |eta| = 0.134
  rho=0.08448 (18/20)
    fp=0.2115 tp=0.8056  [5.6s]
   median nu  = 0.991
   median |eta| = 0.105
  rho=0.07484 (19/20)
    fp=0.2286 tp=0.8241  [5.5s]
   median nu  = 1.067
   median |eta| = 0.083
  rho=0.06629 (20/20)
    fp=0.2420 tp=0.8333  [5.4s]
   median nu  = 1.156
   median |eta| = 0.062
  rho=0.05873 (21/21)  [extra 1/50]
    fp=0.2615 tp=0.8333  [5.4s]
   median nu  = 1.254
   median |eta| = 0.046
  rho=0.05202 (22/22)  [extra 2/50]
    fp=0.2743 tp=0.8426  [5.3s]
   median nu  = 1.356
   median |eta| = 0.034
  rho=0.04609 (23/23)  [extra 3/50]
    fp=0.2902 tp=0.8426  [5.1s]
   median nu  = 1.519
   median |eta| = 0.025
  rho=0.04083 (24/24)  [extra 4/50]
    fp=0.3003 tp=0.8519  [5.0s]
   median nu  = 1.683
   median |eta| = 0.021
  FPR 0.3003 >= fp_end=0.3; stopping after 24 fits
  grid extended by 4 points down to rho=0.04083, ending at FPR 0.3003
  pilot fit of run_em_exact at rho=0.30349
  -> rho_max = max|S_ij| (off-diag) = 0.70157
  rho grid: [0.70157206 0.62149939 0.55056567 0.48772784 0.4320619  0.38274929
 0.33906488 0.30036632 0.26608455 0.23571546 0.2088125  0.18498006
 0.16386769 0.14516495 0.12859681 0.11391964 0.10091763 0.08939957
 0.07919611 0.07015721]
Running run_em_exact over 20 rho values, extending until FPR >= 0.3...
  rho=0.70157 (1/20)
    fp=0.0000 tp=0.0093  [6.0s]
   median nu  = 0.116
   median |eta| = 1.841
  rho=0.62150 (2/20)
    fp=0.0000 tp=0.0185  [6.0s]
   median nu  = 0.139
   median |eta| = 1.683
  rho=0.55057 (3/20)
    fp=0.0008 tp=0.0556  [5.9s]
   median nu  = 0.168
   median |eta| = 1.445
  rho=0.48773 (4/20)
    fp=0.0029 tp=0.0741  [5.9s]
   median nu  = 0.203
   median |eta| = 1.318
  rho=0.43206 (5/20)
    fp=0.0054 tp=0.1574  [5.9s]
   median nu  = 0.249
   median |eta| = 1.231
  rho=0.38275 (6/20)
    fp=0.0109 tp=0.2315  [5.7s]
   median nu  = 0.287
   median |eta| = 1.098
  rho=0.33906 (7/20)
    fp=0.0171 tp=0.2870  [5.6s]
   median nu  = 0.319
   median |eta| = 0.972
  rho=0.30037 (8/20)
    fp=0.0246 tp=0.3241  [5.5s]
   median nu  = 0.364
   median |eta| = 0.717
  rho=0.26608 (9/20)
    fp=0.0401 tp=0.3796  [5.3s]
   median nu  = 0.415
   median |eta| = 0.528
  rho=0.23572 (10/20)
    fp=0.0537 tp=0.4537  [5.2s]
   median nu  = 0.472
   median |eta| = 0.411
  rho=0.20881 (11/20)
    fp=0.0717 tp=0.5278  [5.1s]
   median nu  = 0.527
   median |eta| = 0.323
  rho=0.18498 (12/20)
    fp=0.0896 tp=0.5741  [5.4s]
   median nu  = 0.604
   median |eta| = 0.25
  rho=0.16387 (13/20)
    fp=0.1080 tp=0.6204  [5.3s]
   median nu  = 0.682
   median |eta| = 0.178
  rho=0.14516 (14/20)
    fp=0.1276 tp=0.6389  [5.2s]
   median nu  = 0.764
   median |eta| = 0.127
  rho=0.12860 (15/20)
    fp=0.1491 tp=0.7222  [5.1s]
   median nu  = 0.862
   median |eta| = 0.1
  rho=0.11392 (16/20)
    fp=0.1650 tp=0.7315  [5.1s]
   median nu  = 0.952
   median |eta| = 0.073
  rho=0.10092 (17/20)
    fp=0.1830 tp=0.7685  [5.0s]
   median nu  = 1.053
   median |eta| = 0.055
  rho=0.08940 (18/20)
    fp=0.1989 tp=0.8056  [5.0s]
   median nu  = 1.146
   median |eta| = 0.041
  rho=0.07920 (19/20)
    fp=0.2156 tp=0.8056  [5.0s]
   median nu  = 1.24
   median |eta| = 0.031
  rho=0.07016 (20/20)
    fp=0.2332 tp=0.8241  [4.5s]
   median nu  = 1.332
   median |eta| = 0.025
  rho=0.06215 (21/21)  [extra 1/50]
    fp=0.2503 tp=0.8333  [3.6s]
   median nu  = 1.429
   median |eta| = 0.018
  rho=0.05506 (22/22)  [extra 2/50]
    fp=0.2637 tp=0.8426  [2.8s]
   median nu  = 1.541
   median |eta| = 0.014
  rho=0.04877 (23/23)  [extra 3/50]
    fp=0.2770 tp=0.8426  [2.0s]
   median nu  = 1.666
   median |eta| = 0.01
  rho=0.04321 (24/24)  [extra 4/50]
    fp=0.2904 tp=0.8519  [1.8s]
   median nu  = 1.784
   median |eta| = 0.008
  rho=0.03827 (25/25)  [extra 5/50]
    fp=0.3011 tp=0.8519  [1.5s]
   median nu  = 1.911
   median |eta| = 0.006
  FPR 0.3011 >= fp_end=0.3; stopping after 25 fits
  grid extended by 5 points down to rho=0.03827, ending at FPR 0.3011
  graphical_lasso rho_max = max|S_ij| (off-diag) = 4.65011
  rho grid: [4.65011042 4.11937839 3.64922051 3.23272326 2.86376218 2.53691181
 2.24736592 1.99086684 1.76364282 1.5623526  1.38403628 1.22607178
 1.08613627 0.96217205 0.85235627 0.75507411 0.66889508 0.59255194
 0.52492208 0.46501104]
Running graphical_lasso over 20 rho values, extending until FPR >= 0.3...
  rho=4.65011 (1/20)
    fp=0.0000 tp=0.0000  [0.0s]
  rho=4.11938 (2/20)
    fp=0.0002 tp=0.0000  [0.0s]
  rho=3.64922 (3/20)
    fp=0.0004 tp=0.0000  [4.8s]
  rho=3.23272 (4/20)
    fp=0.0004 tp=0.0000  [0.0s]
  rho=2.86376 (5/20)
    fp=0.0004 tp=0.0000  [4.8s]
  rho=2.53691 (6/20)
    fp=0.0004 tp=0.0000  [0.0s]
  rho=2.24737 (7/20)
    fp=0.0004 tp=0.0000  [0.0s]
  rho=1.99087 (8/20)
    fp=0.0004 tp=0.0000  [0.0s]
  rho=1.76364 (9/20)
    fp=0.0004 tp=0.0000  [0.0s]
  rho=1.56235 (10/20)
    fp=0.0004 tp=0.0000  [0.0s]
  rho=1.38404 (11/20)
    fp=0.0008 tp=0.0000  [0.0s]
  rho=1.22607 (12/20)
    fp=0.0012 tp=0.0000  [0.0s]
  rho=1.08614 (13/20)
    fp=0.0025 tp=0.0000  [0.0s]
  rho=0.96217 (14/20)
    fp=0.0058 tp=0.0185  [4.8s]
  rho=0.85236 (15/20)
    fp=0.0087 tp=0.0278  [0.0s]
  rho=0.75507 (16/20)
    fp=0.0128 tp=0.0741  [0.0s]
  rho=0.66890 (17/20)
    fp=0.0190 tp=0.0926  [0.1s]
  rho=0.59255 (18/20)
    fp=0.0266 tp=0.1296  [4.8s]
  rho=0.52492 (19/20)
    fp=0.0378 tp=0.1481  [1.4s]
  rho=0.46501 (20/20)
    fp=0.0541 tp=0.2407  [0.0s]
  rho=0.41194 (21/21)  [extra 1/50]
    fp=0.0754 tp=0.3056  [0.0s]
  rho=0.36492 (22/22)  [extra 2/50]
    fp=0.0950 tp=0.3704  [0.0s]
  rho=0.32327 (23/23)  [extra 3/50]
    fp=0.1185 tp=0.4259  [0.0s]
  rho=0.28638 (24/24)  [extra 4/50]
    fp=0.1462 tp=0.4722  [0.0s]
  rho=0.25369 (25/25)  [extra 5/50]
    fp=0.1778 tp=0.5093  [0.0s]
  rho=0.22474 (26/26)  [extra 6/50]
    fp=0.2045 tp=0.5463  [0.0s]
  rho=0.19909 (27/27)  [extra 7/50]
    fp=0.2398 tp=0.5833  [0.1s]
  rho=0.17636 (28/28)  [extra 8/50]
    fp=0.2699 tp=0.6944  [0.0s]
  rho=0.15624 (29/29)  [extra 9/50]
    fp=0.3032 tp=0.7037  [0.1s]
  FPR 0.3032 >= fp_end=0.3; stopping after 29 fits
  [note] 4/29 fits hit a glasso ConvergenceWarning (suppressed)
  grid extended by 9 points down to rho=0.15624, ending at FPR 0.3032

(p=100, n=50) over 4 replicates
  t+lasso  (run_em_diagonal):    AUC = 0.200 (SE 0.006)
  ~t+lasso (run_em_exact):       AUC = 0.201 (SE 0.005)
  tlasso   (run_tlasso):         AUC = 0.145 (SE 0.006)
  t*lasso  (run_tstar_varlasso): AUC = 0.196 (SE 0.007)
  glasso   (graphical_lasso):    AUC = 0.145 (SE 0.006)
Replicate 5/50
  Theta: 114/4950 edges
  pilot fit of run_tlasso at rho=30.34854
  -> rho_max = max|S_ij| (off-diag) = 37.42927
  rho grid: [37.42926515 33.15734299 29.37298901 26.0205555  23.05074599 20.41989036
 18.08930274 16.02471256 14.19576068 12.57555295 11.14026473  9.86879056
  8.74243382  7.74463179  6.8607121   6.07767701  5.38401223  4.76951763
  4.22515728  3.74292652]
Running run_tlasso over 20 rho values, extending until FPR >= 0.3...
  rho=37.42927 (1/20)
    fp=0.0002 tp=0.0000  [0.1s]
   nu  = 3.0000
  rho=33.15734 (2/20)
    fp=0.0002 tp=0.0000  [0.1s]
   nu  = 3.0000
  rho=29.37299 (3/20)
    fp=0.0002 tp=0.0000  [0.1s]
   nu  = 3.0000
  rho=26.02056 (4/20)
    fp=0.0004 tp=0.0000  [0.1s]
   nu  = 3.0000
  rho=23.05075 (5/20)
    fp=0.0008 tp=0.0088  [0.1s]
   nu  = 3.0000
  rho=20.41989 (6/20)
    fp=0.0012 tp=0.0088  [0.1s]
   nu  = 3.0000
  rho=18.08930 (7/20)
    fp=0.0017 tp=0.0088  [0.1s]
   nu  = 3.0000
  rho=16.02471 (8/20)
    fp=0.0021 tp=0.0088  [0.1s]
   nu  = 3.0000
  rho=14.19576 (9/20)
    fp=0.0025 tp=0.0263  [0.1s]
   nu  = 3.0000
  rho=12.57555 (10/20)
    fp=0.0041 tp=0.0263  [0.1s]
   nu  = 3.0000
  rho=11.14026 (11/20)
    fp=0.0070 tp=0.0439  [0.1s]
   nu  = 3.0000
  rho=9.86879 (12/20)
    fp=0.0101 tp=0.0439  [0.1s]
   nu  = 3.0000
  rho=8.74243 (13/20)
    fp=0.0149 tp=0.0614  [0.1s]
   nu  = 3.0000
  rho=7.74463 (14/20)
    fp=0.0217 tp=0.0877  [0.1s]
   nu  = 3.0000
  rho=6.86071 (15/20)
    fp=0.0289 tp=0.1316  [0.1s]
   nu  = 3.0000
  rho=6.07768 (16/20)
    fp=0.0374 tp=0.1579  [0.1s]
   nu  = 3.0000
  rho=5.38401 (17/20)
    fp=0.0496 tp=0.2105  [0.1s]
   nu  = 3.0000
  rho=4.76952 (18/20)
    fp=0.0647 tp=0.2719  [0.1s]
   nu  = 3.0000
  rho=4.22516 (19/20)
    fp=0.0900 tp=0.3070  [0.1s]
   nu  = 3.0000
  rho=3.74293 (20/20)
    fp=0.1179 tp=0.3684  [0.2s]
   nu  = 3.0000
  rho=3.31573 (21/21)  [extra 1/50]
    fp=0.1567 tp=0.4561  [0.2s]
   nu  = 3.0000
  rho=2.93730 (22/22)  [extra 2/50]
    fp=0.2010 tp=0.5088  [0.3s]
   nu  = 3.0000
  rho=2.60206 (23/23)  [extra 3/50]
    fp=0.2401 tp=0.5439  [0.3s]
   nu  = 3.0000
  rho=2.30507 (24/24)  [extra 4/50]
    fp=0.2837 tp=0.6140  [0.3s]
   nu  = 3.0000
  rho=2.04199 (25/25)  [extra 5/50]
    fp=0.3240 tp=0.6667  [0.3s]
   nu  = 3.0000
  FPR 0.3240 >= fp_end=0.3; stopping after 25 fits
  grid extended by 5 points down to rho=2.04199, ending at FPR 0.3240
  pilot fit of run_tstar_varlasso at rho=0.30349
  -> rho_max = max|S_ij| (off-diag) = 0.61329
  rho grid: [0.61329432 0.54329707 0.48128883 0.4263578  0.37769621 0.33458853
 0.29640087 0.26257169 0.23260354 0.20605575 0.18253794 0.1617043
 0.14324847 0.12689906 0.11241567 0.09958531 0.08821932 0.07815056
 0.06923099 0.06132943]
Running run_tstar_varlasso over 20 rho values, extending until FPR >= 0.3...
  rho=0.61329 (1/20)
    fp=0.0000 tp=0.0088  [0.1s]
   nu  = 3.0000
  rho=0.54330 (2/20)
    fp=0.0000 tp=0.0088  [0.0s]
   nu  = 3.0000
  rho=0.48129 (3/20)
    fp=0.0002 tp=0.0351  [0.0s]
   nu  = 3.0000
  rho=0.42636 (4/20)
    fp=0.0008 tp=0.0614  [0.0s]
   nu  = 3.0000
  rho=0.37770 (5/20)
    fp=0.0029 tp=0.0877  [0.0s]
   nu  = 3.0000
  rho=0.33459 (6/20)
    fp=0.0045 tp=0.1228  [0.1s]
   nu  = 3.0000
  rho=0.29640 (7/20)
    fp=0.0089 tp=0.1491  [0.1s]
   nu  = 3.0000
  rho=0.26257 (8/20)
    fp=0.0151 tp=0.2368  [0.1s]
   nu  = 3.0000
  rho=0.23260 (9/20)
    fp=0.0234 tp=0.2632  [0.1s]
   nu  = 3.0000
  rho=0.20606 (10/20)
    fp=0.0368 tp=0.3158  [0.1s]
   nu  = 3.0000
  rho=0.18254 (11/20)
    fp=0.0511 tp=0.3772  [0.1s]
   nu  = 3.0000
  rho=0.16170 (12/20)
    fp=0.0718 tp=0.4737  [0.1s]
   nu  = 3.0000
  rho=0.14325 (13/20)
    fp=0.0914 tp=0.5000  [0.1s]
   nu  = 3.0000
  rho=0.12690 (14/20)
    fp=0.1164 tp=0.5263  [0.1s]
   nu  = 3.0000
  rho=0.11242 (15/20)
    fp=0.1367 tp=0.6228  [0.1s]
   nu  = 3.0000
  rho=0.09959 (16/20)
    fp=0.1619 tp=0.6579  [0.1s]
   nu  = 3.0000
  rho=0.08822 (17/20)
    fp=0.1886 tp=0.7456  [0.1s]
   nu  = 3.0000
  rho=0.07815 (18/20)
    fp=0.2095 tp=0.7719  [0.1s]
   nu  = 3.0000
  rho=0.06923 (19/20)
    fp=0.2328 tp=0.7895  [0.1s]
   nu  = 3.0000
  rho=0.06133 (20/20)
    fp=0.2564 tp=0.7982  [0.1s]
   nu  = 3.0000
  rho=0.05433 (21/21)  [extra 1/50]
    fp=0.2818 tp=0.8246  [0.1s]
   nu  = 3.0000
  rho=0.04813 (22/22)  [extra 2/50]
    fp=0.3044 tp=0.8333  [0.1s]
   nu  = 3.0000
  FPR 0.3044 >= fp_end=0.3; stopping after 22 fits
  grid extended by 2 points down to rho=0.04813, ending at FPR 0.3044
  pilot fit of run_em_diagonal at rho=0.30349
  -> rho_max = max|S_ij| (off-diag) = 0.78645
  rho grid: [0.7864518  0.69669153 0.61717589 0.54673563 0.48433494 0.42905623
 0.38008667 0.33670616 0.2982768  0.26423351 0.2340757  0.20735988
 0.18369324 0.16272774 0.1441551  0.12770221 0.11312715 0.10021559
 0.08877766 0.07864518]
Running run_em_diagonal over 20 rho values, extending until FPR >= 0.3...
  rho=0.78645 (1/20)
    fp=0.0000 tp=0.0088  [5.9s]
   median nu  = 0.113
   median |eta| = 1.877
  rho=0.69669 (2/20)
    fp=0.0004 tp=0.0088  [5.9s]
   median nu  = 0.139
   median |eta| = 1.668
  rho=0.61718 (3/20)
    fp=0.0012 tp=0.0263  [5.9s]
   median nu  = 0.171
   median |eta| = 1.505
  rho=0.54674 (4/20)
    fp=0.0021 tp=0.0351  [5.9s]
   median nu  = 0.214
   median |eta| = 1.371
  rho=0.48433 (5/20)
    fp=0.0029 tp=0.0614  [5.8s]
   median nu  = 0.245
   median |eta| = 1.281
  rho=0.42906 (6/20)
    fp=0.0054 tp=0.0965  [5.8s]
   median nu  = 0.275
   median |eta| = 1.081
  rho=0.38009 (7/20)
    fp=0.0079 tp=0.1404  [5.7s]
   median nu  = 0.306
   median |eta| = 1.0
  rho=0.33671 (8/20)
    fp=0.0149 tp=0.2018  [5.7s]
   median nu  = 0.337
   median |eta| = 0.934
  rho=0.29828 (9/20)
    fp=0.0230 tp=0.2719  [5.6s]
   median nu  = 0.375
   median |eta| = 0.903
  rho=0.26423 (10/20)
    fp=0.0360 tp=0.3246  [5.6s]
   median nu  = 0.422
   median |eta| = 0.84
  rho=0.23408 (11/20)
    fp=0.0480 tp=0.3772  [5.5s]
   median nu  = 0.491
   median |eta| = 0.76
  rho=0.20736 (12/20)
    fp=0.0627 tp=0.3947  [5.5s]
   median nu  = 0.506
   median |eta| = 0.638
  rho=0.18369 (13/20)
    fp=0.0769 tp=0.4737  [5.4s]
   median nu  = 0.564
   median |eta| = 0.547
  rho=0.16273 (14/20)
    fp=0.0939 tp=0.5614  [5.4s]
   median nu  = 0.623
   median |eta| = 0.432
  rho=0.14416 (15/20)
    fp=0.1168 tp=0.5965  [5.3s]
   median nu  = 0.695
   median |eta| = 0.355
  rho=0.12770 (16/20)
    fp=0.1344 tp=0.6491  [5.5s]
   median nu  = 0.741
   median |eta| = 0.274
  rho=0.11313 (17/20)
    fp=0.1501 tp=0.6667  [5.5s]
   median nu  = 0.804
   median |eta| = 0.227
  rho=0.10022 (18/20)
    fp=0.1677 tp=0.6842  [5.2s]
   median nu  = 0.854
   median |eta| = 0.198
  rho=0.08878 (19/20)
    fp=0.1853 tp=0.7456  [5.1s]
   median nu  = 0.924
   median |eta| = 0.149
  rho=0.07865 (20/20)
    fp=0.2026 tp=0.7632  [5.5s]
   median nu  = 0.997
   median |eta| = 0.1
  rho=0.06967 (21/21)  [extra 1/50]
    fp=0.2192 tp=0.7632  [5.3s]
   median nu  = 1.096
   median |eta| = 0.076
  rho=0.06172 (22/22)  [extra 2/50]
    fp=0.2330 tp=0.7807  [5.3s]
   median nu  = 1.198
   median |eta| = 0.059
  rho=0.05467 (23/23)  [extra 3/50]
    fp=0.2430 tp=0.8070  [5.3s]
   median nu  = 1.282
   median |eta| = 0.048
  rho=0.04843 (24/24)  [extra 4/50]
    fp=0.2583 tp=0.8158  [5.6s]
   median nu  = 1.392
   median |eta| = 0.039
  rho=0.04291 (25/25)  [extra 5/50]
    fp=0.2742 tp=0.8246  [5.5s]
   median nu  = 1.503
   median |eta| = 0.032
  rho=0.03801 (26/26)  [extra 6/50]
    fp=0.2868 tp=0.8158  [5.4s]
   median nu  = 1.596
   median |eta| = 0.027
  rho=0.03367 (27/27)  [extra 7/50]
    fp=0.3007 tp=0.8246  [5.3s]
   median nu  = 1.726
   median |eta| = 0.022
  FPR 0.3007 >= fp_end=0.3; stopping after 27 fits
  grid extended by 7 points down to rho=0.03367, ending at FPR 0.3007
  pilot fit of run_em_exact at rho=0.30349
  -> rho_max = max|S_ij| (off-diag) = 0.78555
  rho grid: [0.78554749 0.69589044 0.61646623 0.54610696 0.48377802 0.42856288
 0.37964962 0.33631899 0.29793383 0.26392968 0.23380654 0.20712145
 0.18348201 0.16254062 0.14398934 0.12755537 0.11299707 0.10010035
 0.08867558 0.07855475]
Running run_em_exact over 20 rho values, extending until FPR >= 0.3...
  rho=0.78555 (1/20)
    fp=0.0000 tp=0.0088  [6.0s]
   median nu  = 0.113
   median |eta| = 1.789
  rho=0.69589 (2/20)
    fp=0.0004 tp=0.0088  [6.0s]
   median nu  = 0.139
   median |eta| = 1.601
  rho=0.61647 (3/20)
    fp=0.0012 tp=0.0263  [6.1s]
   median nu  = 0.173
   median |eta| = 1.505
  rho=0.54611 (4/20)
    fp=0.0021 tp=0.0351  [6.0s]
   median nu  = 0.214
   median |eta| = 1.368
  rho=0.48378 (5/20)
    fp=0.0029 tp=0.0614  [5.9s]
   median nu  = 0.247
   median |eta| = 1.169
  rho=0.42856 (6/20)
    fp=0.0054 tp=0.0965  [5.9s]
   median nu  = 0.281
   median |eta| = 1.05
  rho=0.37965 (7/20)
    fp=0.0085 tp=0.1404  [5.8s]
   median nu  = 0.313
   median |eta| = 0.96
  rho=0.33632 (8/20)
    fp=0.0147 tp=0.2281  [5.7s]
   median nu  = 0.357
   median |eta| = 0.835
  rho=0.29793 (9/20)
    fp=0.0238 tp=0.2719  [5.6s]
   median nu  = 0.405
   median |eta| = 0.753
  rho=0.26393 (10/20)
    fp=0.0366 tp=0.3333  [5.5s]
   median nu  = 0.457
   median |eta| = 0.598
  rho=0.23381 (11/20)
    fp=0.0490 tp=0.3860  [5.4s]
   median nu  = 0.514
   median |eta| = 0.447
  rho=0.20712 (12/20)
    fp=0.0649 tp=0.4035  [5.2s]
   median nu  = 0.591
   median |eta| = 0.337
  rho=0.18348 (13/20)
    fp=0.0800 tp=0.4737  [5.1s]
   median nu  = 0.651
   median |eta| = 0.255
  rho=0.16254 (14/20)
    fp=0.0978 tp=0.5614  [4.9s]
   median nu  = 0.734
   median |eta| = 0.195
  rho=0.14399 (15/20)
    fp=0.1191 tp=0.5965  [4.8s]
   median nu  = 0.793
   median |eta| = 0.148
  rho=0.12756 (16/20)
    fp=0.1390 tp=0.6316  [4.8s]
   median nu  = 0.885
   median |eta| = 0.112
  rho=0.11300 (17/20)
    fp=0.1557 tp=0.6842  [5.2s]
   median nu  = 0.957
   median |eta| = 0.082
  rho=0.10010 (18/20)
    fp=0.1714 tp=0.6930  [5.1s]
   median nu  = 1.061
   median |eta| = 0.06
  rho=0.08868 (19/20)
    fp=0.1890 tp=0.7105  [5.0s]
   median nu  = 1.173
   median |eta| = 0.043
  rho=0.07855 (20/20)
    fp=0.2068 tp=0.7281  [4.9s]
   median nu  = 1.285
   median |eta| = 0.032
  rho=0.06959 (21/21)  [extra 1/50]
    fp=0.2229 tp=0.7807  [4.1s]
   median nu  = 1.384
   median |eta| = 0.024
  rho=0.06165 (22/22)  [extra 2/50]
    fp=0.2380 tp=0.7982  [2.9s]
   median nu  = 1.454
   median |eta| = 0.018
  rho=0.05461 (23/23)  [extra 3/50]
    fp=0.2504 tp=0.8246  [1.8s]
   median nu  = 1.539
   median |eta| = 0.014
  rho=0.04838 (24/24)  [extra 4/50]
    fp=0.2632 tp=0.8333  [1.8s]
   median nu  = 1.653
   median |eta| = 0.011
  rho=0.04286 (25/25)  [extra 5/50]
    fp=0.2787 tp=0.8333  [1.8s]
   median nu  = 1.77
   median |eta| = 0.009
  rho=0.03796 (26/26)  [extra 6/50]
    fp=0.2934 tp=0.8333  [1.7s]
   median nu  = 1.883
   median |eta| = 0.007
  rho=0.03363 (27/27)  [extra 7/50]
    fp=0.3023 tp=0.8509  [1.5s]
   median nu  = 2.005
   median |eta| = 0.006
  FPR 0.3023 >= fp_end=0.3; stopping after 27 fits
  grid extended by 7 points down to rho=0.03363, ending at FPR 0.3023
  graphical_lasso rho_max = max|S_ij| (off-diag) = 2.91155
  rho grid: [2.9115542  2.57924917 2.28487118 2.0240915  1.79307544 1.58842599
 1.40713383 1.24653313 1.1042623  0.9782293  0.86658085 0.7676752
 0.68005796 0.60244077 0.53368227 0.4727714  0.41881248 0.37101207
 0.32866727 0.29115542]
Running graphical_lasso over 20 rho values, extending until FPR >= 0.3...
  rho=2.91155 (1/20)
    fp=0.0000 tp=0.0000  [0.0s]
  rho=2.57925 (2/20)
    fp=0.0002 tp=0.0000  [0.0s]
  rho=2.28487 (3/20)
    fp=0.0004 tp=0.0000  [4.9s]
  rho=2.02409 (4/20)
    fp=0.0006 tp=0.0000  [4.9s]
  rho=1.79308 (5/20)
    fp=0.0010 tp=0.0000  [4.9s]
  rho=1.58843 (6/20)
    fp=0.0014 tp=0.0000  [0.0s]
  rho=1.40713 (7/20)
    fp=0.0019 tp=0.0088  [0.0s]
  rho=1.24653 (8/20)
    fp=0.0027 tp=0.0088  [5.0s]
  rho=1.10426 (9/20)
    fp=0.0039 tp=0.0088  [4.9s]
  rho=0.97823 (10/20)
    fp=0.0058 tp=0.0263  [5.1s]
  rho=0.86658 (11/20)
    fp=0.0099 tp=0.0351  [4.9s]
  rho=0.76768 (12/20)
    fp=0.0151 tp=0.0526  [5.1s]
  rho=0.68006 (13/20)
    fp=0.0242 tp=0.0702  [5.1s]
  rho=0.60244 (14/20)
    fp=0.0323 tp=0.1228  [0.0s]
  rho=0.53368 (15/20)
    fp=0.0436 tp=0.1667  [4.8s]
  rho=0.47277 (16/20)
    fp=0.0600 tp=0.2719  [0.0s]
  rho=0.41881 (17/20)
    fp=0.0775 tp=0.2895  [0.0s]
  rho=0.37101 (18/20)
    fp=0.1001 tp=0.3070  [0.1s]
  rho=0.32867 (19/20)
    fp=0.1270 tp=0.3860  [0.1s]
  rho=0.29116 (20/20)
    fp=0.1518 tp=0.4561  [0.0s]
  rho=0.25792 (21/21)  [extra 1/50]
    fp=0.1853 tp=0.4912  [0.1s]
  rho=0.22849 (22/22)  [extra 2/50]
    fp=0.2161 tp=0.5351  [0.0s]
  rho=0.20241 (23/23)  [extra 3/50]
    fp=0.2488 tp=0.5789  [0.5s]
  rho=0.17931 (24/24)  [extra 4/50]
    fp=0.2864 tp=0.6140  [0.1s]
  rho=0.15884 (25/25)  [extra 5/50]
    fp=0.3166 tp=0.6579  [0.0s]
  FPR 0.3166 >= fp_end=0.3; stopping after 25 fits
  [note] 10/25 fits hit a glasso ConvergenceWarning (suppressed)
  grid extended by 5 points down to rho=0.15884, ending at FPR 0.3166

(p=100, n=50) over 5 replicates
  t+lasso  (run_em_diagonal):    AUC = 0.197 (SE 0.006)
  ~t+lasso (run_em_exact):       AUC = 0.197 (SE 0.006)
  tlasso   (run_tlasso):         AUC = 0.140 (SE 0.007)
  t*lasso  (run_tstar_varlasso): AUC = 0.193 (SE 0.006)
  glasso   (graphical_lasso):    AUC = 0.140 (SE 0.007)
Replicate 6/50
  Theta: 91/4950 edges
  pilot fit of run_tlasso at rho=30.34854
  -> rho_max = max|S_ij| (off-diag) = 45.73873
  rho grid: [45.73872611 40.5184185  35.89392135 31.7972329  28.16811265 24.95319555
 22.10520725 19.582269   17.34728179 15.36738084 13.61345234 12.05970533
 10.68329246  9.463974    8.38382027  7.42694795  6.57928655  5.82837146
  5.16316072  4.57387261]
Running run_tlasso over 20 rho values, extending until FPR >= 0.3...
  rho=45.73873 (1/20)
    fp=0.0002 tp=0.0000  [0.1s]
   nu  = 3.0000
  rho=40.51842 (2/20)
    fp=0.0002 tp=0.0000  [0.0s]
   nu  = 3.0000
  rho=35.89392 (3/20)
    fp=0.0002 tp=0.0000  [0.0s]
   nu  = 3.0000
  rho=31.79723 (4/20)
    fp=0.0002 tp=0.0000  [0.0s]
   nu  = 3.0000
  rho=28.16811 (5/20)
    fp=0.0004 tp=0.0000  [0.1s]
   nu  = 3.0000
  rho=24.95320 (6/20)
    fp=0.0004 tp=0.0000  [0.1s]
   nu  = 3.0000
  rho=22.10521 (7/20)
    fp=0.0006 tp=0.0110  [0.1s]
   nu  = 3.0000
  rho=19.58227 (8/20)
    fp=0.0012 tp=0.0110  [0.1s]
   nu  = 3.0000
  rho=17.34728 (9/20)
    fp=0.0016 tp=0.0110  [0.1s]
   nu  = 3.0000
  rho=15.36738 (10/20)
    fp=0.0021 tp=0.0110  [0.1s]
   nu  = 3.0000
  rho=13.61345 (11/20)
    fp=0.0025 tp=0.0440  [0.1s]
   nu  = 3.0000
  rho=12.05971 (12/20)
    fp=0.0039 tp=0.0549  [0.1s]
   nu  = 3.0000
  rho=10.68329 (13/20)
    fp=0.0064 tp=0.0769  [0.1s]
   nu  = 3.0000
  rho=9.46397 (14/20)
    fp=0.0097 tp=0.1099  [0.1s]
   nu  = 3.0000
  rho=8.38382 (15/20)
    fp=0.0142 tp=0.1319  [0.1s]
   nu  = 3.0000
  rho=7.42695 (16/20)
    fp=0.0198 tp=0.1978  [0.1s]
   nu  = 3.0000
  rho=6.57929 (17/20)
    fp=0.0298 tp=0.2308  [0.1s]
   nu  = 3.0000
  rho=5.82837 (18/20)
    fp=0.0416 tp=0.2637  [0.1s]
   nu  = 3.0000
  rho=5.16316 (19/20)
    fp=0.0593 tp=0.3407  [0.1s]
   nu  = 3.0000
  rho=4.57387 (20/20)
    fp=0.0854 tp=0.4066  [0.1s]
   nu  = 3.0000
  rho=4.05184 (21/21)  [extra 1/50]
    fp=0.1115 tp=0.4615  [0.1s]
   nu  = 3.0000
  rho=3.58939 (22/22)  [extra 2/50]
    fp=0.1498 tp=0.5385  [0.2s]
   nu  = 3.0000
  rho=3.17972 (23/23)  [extra 3/50]
    fp=0.1904 tp=0.5604  [0.2s]
   nu  = 3.0000
  rho=2.81681 (24/24)  [extra 4/50]
    fp=0.2321 tp=0.6044  [0.2s]
   nu  = 3.0000
  rho=2.49532 (25/25)  [extra 5/50]
    fp=0.2739 tp=0.6703  [0.2s]
   nu  = 3.0000
  rho=2.21052 (26/26)  [extra 6/50]
    fp=0.3132 tp=0.7143  [0.2s]
   nu  = 3.0000
  FPR 0.3132 >= fp_end=0.3; stopping after 26 fits
  grid extended by 6 points down to rho=2.21052, ending at FPR 0.3132
  pilot fit of run_tstar_varlasso at rho=0.30349
  -> rho_max = max|S_ij| (off-diag) = 0.60031
  rho grid: [0.60030974 0.53179447 0.47109906 0.41733101 0.36969968 0.32750467
 0.29012551 0.25701256 0.22767889 0.20169317 0.17867328 0.15828072
 0.14021564 0.12421238 0.11003562 0.0974769  0.08635155 0.07649597
 0.06776524 0.06003097]
Running run_tstar_varlasso over 20 rho values, extending until FPR >= 0.3...
  rho=0.60031 (1/20)
    fp=0.0000 tp=0.0220  [0.1s]
   nu  = 3.0000
  rho=0.53179 (2/20)
    fp=0.0000 tp=0.0440  [0.0s]
   nu  = 3.0000
  rho=0.47110 (3/20)
    fp=0.0014 tp=0.0769  [0.0s]
   nu  = 3.0000
  rho=0.41733 (4/20)
    fp=0.0029 tp=0.0989  [0.0s]
   nu  = 3.0000
  rho=0.36970 (5/20)
    fp=0.0064 tp=0.1538  [0.1s]
   nu  = 3.0000
  rho=0.32750 (6/20)
    fp=0.0119 tp=0.2198  [0.1s]
   nu  = 3.0000
  rho=0.29013 (7/20)
    fp=0.0193 tp=0.2967  [0.1s]
   nu  = 3.0000
  rho=0.25701 (8/20)
    fp=0.0294 tp=0.4066  [0.1s]
   nu  = 3.0000
  rho=0.22768 (9/20)
    fp=0.0401 tp=0.4615  [0.1s]
   nu  = 3.0000
  rho=0.20169 (10/20)
    fp=0.0576 tp=0.4835  [0.1s]
   nu  = 3.0000
  rho=0.17867 (11/20)
    fp=0.0764 tp=0.5385  [0.1s]
   nu  = 3.0000
  rho=0.15828 (12/20)
    fp=0.0957 tp=0.5495  [0.1s]
   nu  = 3.0000
  rho=0.14022 (13/20)
    fp=0.1198 tp=0.6044  [0.1s]
   nu  = 3.0000
  rho=0.12421 (14/20)
    fp=0.1418 tp=0.6154  [0.1s]
   nu  = 3.0000
  rho=0.11004 (15/20)
    fp=0.1692 tp=0.6593  [0.1s]
   nu  = 3.0000
  rho=0.09748 (16/20)
    fp=0.1922 tp=0.6813  [0.1s]
   nu  = 3.0000
  rho=0.08635 (17/20)
    fp=0.2192 tp=0.7363  [0.1s]
   nu  = 3.0000
  rho=0.07650 (18/20)
    fp=0.2443 tp=0.7363  [0.1s]
   nu  = 3.0000
  rho=0.06777 (19/20)
    fp=0.2655 tp=0.7692  [0.1s]
   nu  = 3.0000
  rho=0.06003 (20/20)
    fp=0.2914 tp=0.7912  [0.1s]
   nu  = 3.0000
  rho=0.05318 (21/21)  [extra 1/50]
    fp=0.3167 tp=0.8462  [0.1s]
   nu  = 3.0000
  FPR 0.3167 >= fp_end=0.3; stopping after 21 fits
  grid extended by 1 points down to rho=0.05318, ending at FPR 0.3167
  pilot fit of run_em_diagonal at rho=0.30349
  -> rho_max = max|S_ij| (off-diag) = 0.73188
  rho grid: [0.73188465 0.6483523  0.57435377 0.50880093 0.45072985 0.39928661
 0.35371474 0.31334415 0.27758117 0.24589994 0.21783459 0.19297243
 0.17094787 0.15143704 0.13415304 0.11884173 0.10527794 0.09326223
 0.08261791 0.07318846]
Running run_em_diagonal over 20 rho values, extending until FPR >= 0.3...
  rho=0.73188 (1/20)
    fp=0.0000 tp=0.0330  [6.0s]
   median nu  = 0.091
   median |eta| = 2.152
  rho=0.64835 (2/20)
    fp=0.0006 tp=0.0440  [5.9s]
   median nu  = 0.109
   median |eta| = 1.967
  rho=0.57435 (3/20)
    fp=0.0027 tp=0.0659  [5.9s]
   median nu  = 0.133
   median |eta| = 1.784
  rho=0.50880 (4/20)
    fp=0.0060 tp=0.1209  [6.3s]
   median nu  = 0.166
   median |eta| = 1.612
  rho=0.45073 (5/20)
    fp=0.0113 tp=0.1758  [6.0s]
   median nu  = 0.209
   median |eta| = 1.459
  rho=0.39929 (6/20)
    fp=0.0161 tp=0.2637  [6.0s]
   median nu  = 0.258
   median |eta| = 1.285
  rho=0.35371 (7/20)
    fp=0.0247 tp=0.2967  [5.9s]
   median nu  = 0.292
   median |eta| = 1.127
  rho=0.31334 (8/20)
    fp=0.0338 tp=0.4066  [5.9s]
   median nu  = 0.324
   median |eta| = 1.04
  rho=0.27758 (9/20)
    fp=0.0463 tp=0.4615  [6.0s]
   median nu  = 0.388
   median |eta| = 0.959
  rho=0.24590 (10/20)
    fp=0.0587 tp=0.4945  [5.7s]
   median nu  = 0.438
   median |eta| = 0.722
  rho=0.21783 (11/20)
    fp=0.0722 tp=0.5604  [5.7s]
   median nu  = 0.499
   median |eta| = 0.617
  rho=0.19297 (12/20)
    fp=0.0953 tp=0.6044  [5.6s]
   median nu  = 0.552
   median |eta| = 0.565
  rho=0.17095 (13/20)
    fp=0.1132 tp=0.6154  [5.6s]
   median nu  = 0.604
   median |eta| = 0.427
  rho=0.15144 (14/20)
    fp=0.1338 tp=0.6484  [5.7s]
   median nu  = 0.675
   median |eta| = 0.304
  rho=0.13415 (15/20)
    fp=0.1527 tp=0.6813  [6.0s]
   median nu  = 0.733
   median |eta| = 0.229
  rho=0.11884 (16/20)
    fp=0.1729 tp=0.7033  [5.9s]
   median nu  = 0.793
   median |eta| = 0.16
  rho=0.10528 (17/20)
    fp=0.1922 tp=0.7363  [5.9s]
   median nu  = 0.838
   median |eta| = 0.135
  rho=0.09326 (18/20)
    fp=0.2079 tp=0.7912  [5.8s]
   median nu  = 0.926
   median |eta| = 0.113
  rho=0.08262 (19/20)
    fp=0.2231 tp=0.8022  [5.7s]
   median nu  = 1.024
   median |eta| = 0.098
  rho=0.07319 (20/20)
    fp=0.2408 tp=0.8132  [5.6s]
   median nu  = 1.128
   median |eta| = 0.067
  rho=0.06484 (21/21)  [extra 1/50]
    fp=0.2577 tp=0.8242  [5.6s]
   median nu  = 1.251
   median |eta| = 0.058
  rho=0.05744 (22/22)  [extra 2/50]
    fp=0.2710 tp=0.8352  [5.6s]
   median nu  = 1.364
   median |eta| = 0.047
  rho=0.05088 (23/23)  [extra 3/50]
    fp=0.2830 tp=0.8352  [5.5s]
   median nu  = 1.455
   median |eta| = 0.035
  rho=0.04507 (24/24)  [extra 4/50]
    fp=0.2912 tp=0.8571  [5.4s]
   median nu  = 1.58
   median |eta| = 0.027
  rho=0.03993 (25/25)  [extra 5/50]
    fp=0.3060 tp=0.8571  [5.3s]
   median nu  = 1.718
   median |eta| = 0.023
  FPR 0.3060 >= fp_end=0.3; stopping after 25 fits
  grid extended by 5 points down to rho=0.03993, ending at FPR 0.3060
  pilot fit of run_em_exact at rho=0.30349
  -> rho_max = max|S_ij| (off-diag) = 0.72913
  rho grid: [0.72912856 0.64591078 0.57219091 0.50688492 0.44903252 0.397783
 0.35238275 0.31216417 0.27653587 0.24497395 0.21701428 0.19224575
 0.17030412 0.15086677 0.13364786 0.1183942  0.10488149 0.09291103
 0.08230679 0.07291286]
Running run_em_exact over 20 rho values, extending until FPR >= 0.3...
  rho=0.72913 (1/20)
    fp=0.0000 tp=0.0330  [6.2s]
   median nu  = 0.091
   median |eta| = 2.151
  rho=0.64591 (2/20)
    fp=0.0006 tp=0.0440  [6.1s]
   median nu  = 0.109
   median |eta| = 1.959
  rho=0.57219 (3/20)
    fp=0.0029 tp=0.0879  [6.1s]
   median nu  = 0.134
   median |eta| = 1.766
  rho=0.50688 (4/20)
    fp=0.0062 tp=0.1209  [6.0s]
   median nu  = 0.167
   median |eta| = 1.581
  rho=0.44903 (5/20)
    fp=0.0113 tp=0.1758  [5.9s]
   median nu  = 0.209
   median |eta| = 1.321
  rho=0.39778 (6/20)
    fp=0.0167 tp=0.2637  [5.9s]
   median nu  = 0.26
   median |eta| = 1.123
  rho=0.35238 (7/20)
    fp=0.0261 tp=0.2967  [5.8s]
   median nu  = 0.318
   median |eta| = 0.946
  rho=0.31216 (8/20)
    fp=0.0358 tp=0.3956  [5.7s]
   median nu  = 0.37
   median |eta| = 0.753
  rho=0.27654 (9/20)
    fp=0.0471 tp=0.4725  [5.6s]
   median nu  = 0.429
   median |eta| = 0.562
  rho=0.24497 (10/20)
    fp=0.0619 tp=0.4945  [5.5s]
   median nu  = 0.475
   median |eta| = 0.405
  rho=0.21701 (11/20)
    fp=0.0782 tp=0.5714  [5.3s]
   median nu  = 0.558
   median |eta| = 0.297
  rho=0.19225 (12/20)
    fp=0.1006 tp=0.6044  [5.1s]
   median nu  = 0.623
   median |eta| = 0.242
  rho=0.17030 (13/20)
    fp=0.1173 tp=0.6264  [5.0s]
   median nu  = 0.693
   median |eta| = 0.182
  rho=0.15087 (14/20)
    fp=0.1367 tp=0.6593  [5.1s]
   median nu  = 0.769
   median |eta| = 0.115
  rho=0.13365 (15/20)
    fp=0.1603 tp=0.6923  [5.2s]
   median nu  = 0.863
   median |eta| = 0.091
  rho=0.11839 (16/20)
    fp=0.1811 tp=0.7143  [5.1s]
   median nu  = 0.996
   median |eta| = 0.078
  rho=0.10488 (17/20)
    fp=0.2011 tp=0.7582  [5.1s]
   median nu  = 1.086
   median |eta| = 0.064
  rho=0.09291 (18/20)
    fp=0.2167 tp=0.7912  [5.0s]
   median nu  = 1.172
   median |eta| = 0.046
  rho=0.08231 (19/20)
    fp=0.2309 tp=0.8022  [4.1s]
   median nu  = 1.293
   median |eta| = 0.035
  rho=0.07291 (20/20)
    fp=0.2435 tp=0.8022  [3.3s]
   median nu  = 1.42
   median |eta| = 0.026
  rho=0.06459 (21/21)  [extra 1/50]
    fp=0.2581 tp=0.8132  [2.9s]
   median nu  = 1.52
   median |eta| = 0.021
  rho=0.05722 (22/22)  [extra 2/50]
    fp=0.2721 tp=0.8242  [2.4s]
   median nu  = 1.612
   median |eta| = 0.016
  rho=0.05069 (23/23)  [extra 3/50]
    fp=0.2861 tp=0.8352  [1.8s]
   median nu  = 1.727
   median |eta| = 0.012
  rho=0.04490 (24/24)  [extra 4/50]
    fp=0.2988 tp=0.8462  [1.6s]
   median nu  = 1.828
   median |eta| = 0.009
  rho=0.03978 (25/25)  [extra 5/50]
    fp=0.3108 tp=0.8681  [1.7s]
   median nu  = 1.931
   median |eta| = 0.007
  FPR 0.3108 >= fp_end=0.3; stopping after 25 fits
  grid extended by 5 points down to rho=0.03978, ending at FPR 0.3108
  graphical_lasso rho_max = max|S_ij| (off-diag) = 2.80752
  rho grid: [2.80752364 2.48709196 2.20323217 1.95177021 1.72900841 1.53167113
 1.35685659 1.20199419 1.06480674 0.94327693 0.8356177  0.74024597
 0.65575932 0.58091541 0.51461367 0.45587916 0.40384821 0.35775571
 0.31692391 0.28075236]
Running graphical_lasso over 20 rho values, extending until FPR >= 0.3...
  rho=2.80752 (1/20)
    fp=0.0000 tp=0.0000  [0.0s]
  rho=2.48709 (2/20)
    fp=0.0002 tp=0.0000  [0.0s]
  rho=2.20323 (3/20)
    fp=0.0004 tp=0.0000  [5.0s]
  rho=1.95177 (4/20)
    fp=0.0004 tp=0.0000  [4.9s]
  rho=1.72901 (5/20)
    fp=0.0004 tp=0.0000  [5.0s]
  rho=1.53167 (6/20)
    fp=0.0006 tp=0.0110  [0.0s]
  rho=1.35686 (7/20)
    fp=0.0012 tp=0.0110  [0.0s]
  rho=1.20199 (8/20)
    fp=0.0014 tp=0.0110  [4.9s]
  rho=1.06481 (9/20)
    fp=0.0027 tp=0.0220  [4.9s]
  rho=0.94328 (10/20)
    fp=0.0054 tp=0.0659  [4.9s]
  rho=0.83562 (11/20)
    fp=0.0076 tp=0.0989  [4.9s]
  rho=0.74025 (12/20)
    fp=0.0150 tp=0.1209  [4.9s]
  rho=0.65576 (13/20)
    fp=0.0231 tp=0.1978  [4.9s]
  rho=0.58092 (14/20)
    fp=0.0342 tp=0.2418  [4.9s]
  rho=0.51461 (15/20)
    fp=0.0477 tp=0.2747  [4.9s]
  rho=0.45588 (16/20)
    fp=0.0667 tp=0.3626  [0.0s]
  rho=0.40385 (17/20)
    fp=0.0906 tp=0.4176  [0.0s]
  rho=0.35776 (18/20)
    fp=0.1153 tp=0.4615  [0.0s]
  rho=0.31692 (19/20)
    fp=0.1447 tp=0.5165  [0.0s]
  rho=0.28075 (20/20)
    fp=0.1745 tp=0.5385  [0.2s]
  rho=0.24871 (21/21)  [extra 1/50]
    fp=0.2070 tp=0.5604  [0.0s]
  rho=0.22032 (22/22)  [extra 2/50]
    fp=0.2414 tp=0.6044  [0.3s]
  rho=0.19518 (23/23)  [extra 3/50]
    fp=0.2780 tp=0.6813  [0.1s]
  rho=0.17290 (24/24)  [extra 4/50]
    fp=0.3110 tp=0.7363  [0.0s]
  FPR 0.3110 >= fp_end=0.3; stopping after 24 fits
  [note] 11/24 fits hit a glasso ConvergenceWarning (suppressed)
  grid extended by 4 points down to rho=0.17290, ending at FPR 0.3110

(p=100, n=50) over 6 replicates
  t+lasso  (run_em_diagonal):    AUC = 0.196 (SE 0.005)
  ~t+lasso (run_em_exact):       AUC = 0.196 (SE 0.005)
  tlasso   (run_tlasso):         AUC = 0.140 (SE 0.006)
  t*lasso  (run_tstar_varlasso): AUC = 0.191 (SE 0.005)
  glasso   (graphical_lasso):    AUC = 0.140 (SE 0.006)
Replicate 7/50
  Theta: 75/4950 edges
  pilot fit of run_tlasso at rho=30.34854
  -> rho_max = max|S_ij| (off-diag) = 151.39812
  rho grid: [151.3981161  134.11856319 118.81118111 105.25087967  93.23825896
  82.59667721  73.16965334  64.81856596  57.42061498  50.8670159
  45.06140011  39.91839789  35.36238302  31.32636074  27.75098265
  24.58367393  21.77786032  19.29228322  17.09039302  15.13981161]
Running run_tlasso over 20 rho values, extending until FPR >= 0.3...
  rho=151.39812 (1/20)
    fp=0.0002 tp=0.0000  [0.1s]
   nu  = 3.0000
  rho=134.11856 (2/20)
    fp=0.0002 tp=0.0000  [0.1s]
   nu  = 3.0000
  rho=118.81118 (3/20)
    fp=0.0002 tp=0.0000  [0.1s]
   nu  = 3.0000
  rho=105.25088 (4/20)
    fp=0.0002 tp=0.0000  [0.1s]
   nu  = 3.0000
  rho=93.23826 (5/20)
    fp=0.0002 tp=0.0000  [0.1s]
   nu  = 3.0000
  rho=82.59668 (6/20)
    fp=0.0002 tp=0.0000  [0.1s]
   nu  = 3.0000
  rho=73.16965 (7/20)
    fp=0.0002 tp=0.0000  [0.1s]
   nu  = 3.0000
  rho=64.81857 (8/20)
    fp=0.0002 tp=0.0000  [0.1s]
   nu  = 3.0000
  rho=57.42061 (9/20)
    fp=0.0002 tp=0.0000  [0.1s]
   nu  = 3.0000
  rho=50.86702 (10/20)
    fp=0.0004 tp=0.0000  [0.1s]
   nu  = 3.0000
  rho=45.06140 (11/20)
    fp=0.0006 tp=0.0000  [0.1s]
   nu  = 3.0000
  rho=39.91840 (12/20)
    fp=0.0006 tp=0.0000  [0.1s]
   nu  = 3.0000
  rho=35.36238 (13/20)
    fp=0.0006 tp=0.0000  [0.1s]
   nu  = 3.0000
  rho=31.32636 (14/20)
    fp=0.0012 tp=0.0133  [0.1s]
   nu  = 3.0000
  rho=27.75098 (15/20)
    fp=0.0014 tp=0.0133  [0.1s]
   nu  = 3.0000
  rho=24.58367 (16/20)
    fp=0.0023 tp=0.0400  [0.1s]
   nu  = 3.0000
  rho=21.77786 (17/20)
    fp=0.0033 tp=0.0400  [0.1s]
   nu  = 3.0000
  rho=19.29228 (18/20)
    fp=0.0045 tp=0.0400  [0.1s]
   nu  = 3.0000
  rho=17.09039 (19/20)
    fp=0.0053 tp=0.0400  [0.1s]
   nu  = 3.0000
  rho=15.13981 (20/20)
    fp=0.0072 tp=0.0400  [0.1s]
   nu  = 3.0000
  rho=13.41186 (21/21)  [extra 1/50]
    fp=0.0096 tp=0.0933  [0.1s]
   nu  = 3.0000
  rho=11.88112 (22/22)  [extra 2/50]
    fp=0.0137 tp=0.1067  [0.1s]
   nu  = 3.0000
  rho=10.52509 (23/23)  [extra 3/50]
    fp=0.0181 tp=0.1333  [0.1s]
   nu  = 3.0000
  rho=9.32383 (24/24)  [extra 4/50]
    fp=0.0246 tp=0.1600  [0.1s]
   nu  = 3.0000
  rho=8.25967 (25/25)  [extra 5/50]
    fp=0.0353 tp=0.2133  [0.1s]
   nu  = 3.0000
  rho=7.31697 (26/26)  [extra 6/50]
    fp=0.0457 tp=0.2533  [0.1s]
   nu  = 3.0000
  rho=6.48186 (27/27)  [extra 7/50]
    fp=0.0603 tp=0.3200  [0.1s]
   nu  = 3.0000
  rho=5.74206 (28/28)  [extra 8/50]
    fp=0.0821 tp=0.3600  [0.2s]
   nu  = 3.0000
  rho=5.08670 (29/29)  [extra 9/50]
    fp=0.1046 tp=0.4133  [0.2s]
   nu  = 3.0000
  rho=4.50614 (30/30)  [extra 10/50]
    fp=0.1376 tp=0.5333  [0.3s]
   nu  = 3.0000
  rho=3.99184 (31/31)  [extra 11/50]
    fp=0.1764 tp=0.6133  [0.3s]
   nu  = 3.0000
  rho=3.53624 (32/32)  [extra 12/50]
    fp=0.2148 tp=0.6667  [0.3s]
   nu  = 3.0000
  rho=3.13264 (33/33)  [extra 13/50]
    fp=0.2560 tp=0.7067  [0.3s]
   nu  = 3.0000
  rho=2.77510 (34/34)  [extra 14/50]
    fp=0.2956 tp=0.7333  [0.3s]
   nu  = 3.0000
  rho=2.45837 (35/35)  [extra 15/50]
    fp=0.3391 tp=0.8133  [0.4s]
   nu  = 3.0000
  FPR 0.3391 >= fp_end=0.3; stopping after 35 fits
  grid extended by 15 points down to rho=2.45837, ending at FPR 0.3391
  pilot fit of run_tstar_varlasso at rho=0.30349
  -> rho_max = max|S_ij| (off-diag) = 0.83773
  rho grid: [0.83772584 0.7421135  0.65741371 0.58238097 0.51591196 0.45702927
 0.40486706 0.35865828 0.31772346 0.28146066 0.24933665 0.22087906
 0.19566942 0.17333704 0.15355353 0.13602797 0.12050266 0.10674931
 0.09456567 0.08377258]
Running run_tstar_varlasso over 20 rho values, extending until FPR >= 0.3...
  rho=0.83773 (1/20)
    fp=0.0000 tp=0.0133  [0.1s]
   nu  = 3.0000
  rho=0.74211 (2/20)
    fp=0.0000 tp=0.0267  [0.0s]
   nu  = 3.0000
  rho=0.65741 (3/20)
    fp=0.0002 tp=0.0533  [0.0s]
   nu  = 3.0000
  rho=0.58238 (4/20)
    fp=0.0014 tp=0.0800  [0.0s]
   nu  = 3.0000
  rho=0.51591 (5/20)
    fp=0.0025 tp=0.0933  [0.0s]
   nu  = 3.0000
  rho=0.45703 (6/20)
    fp=0.0041 tp=0.1333  [0.1s]
   nu  = 3.0000
  rho=0.40487 (7/20)
    fp=0.0068 tp=0.2000  [0.1s]
   nu  = 3.0000
  rho=0.35866 (8/20)
    fp=0.0125 tp=0.2267  [0.1s]
   nu  = 3.0000
  rho=0.31772 (9/20)
    fp=0.0195 tp=0.3333  [0.1s]
   nu  = 3.0000
  rho=0.28146 (10/20)
    fp=0.0295 tp=0.4133  [0.1s]
   nu  = 3.0000
  rho=0.24934 (11/20)
    fp=0.0425 tp=0.4800  [0.1s]
   nu  = 3.0000
  rho=0.22088 (12/20)
    fp=0.0597 tp=0.5733  [0.1s]
   nu  = 3.0000
  rho=0.19567 (13/20)
    fp=0.0806 tp=0.6267  [0.1s]
   nu  = 3.0000
  rho=0.17334 (14/20)
    fp=0.1019 tp=0.6933  [0.1s]
   nu  = 3.0000
  rho=0.15355 (15/20)
    fp=0.1290 tp=0.7067  [0.1s]
   nu  = 3.0000
  rho=0.13603 (16/20)
    fp=0.1530 tp=0.7200  [0.1s]
   nu  = 3.0000
  rho=0.12050 (17/20)
    fp=0.1793 tp=0.7867  [0.1s]
   nu  = 3.0000
  rho=0.10675 (18/20)
    fp=0.2055 tp=0.8267  [0.2s]
   nu  = 3.0000
  rho=0.09457 (19/20)
    fp=0.2314 tp=0.8667  [0.1s]
   nu  = 3.0000
  rho=0.08377 (20/20)
    fp=0.2556 tp=0.8800  [0.1s]
   nu  = 3.0000
  rho=0.07421 (21/21)  [extra 1/50]
    fp=0.2825 tp=0.9067  [0.1s]
   nu  = 3.0000
  rho=0.06574 (22/22)  [extra 2/50]
    fp=0.3050 tp=0.9067  [0.1s]
   nu  = 3.0000
  FPR 0.3050 >= fp_end=0.3; stopping after 22 fits
  grid extended by 2 points down to rho=0.06574, ending at FPR 0.3050
  pilot fit of run_em_diagonal at rho=0.30349
  -> rho_max = max|S_ij| (off-diag) = 0.70181
  rho grid: [0.70180941 0.62170965 0.55075193 0.48789285 0.43220807 0.38287878
 0.33917959 0.30046794 0.26617457 0.23579521 0.20888315 0.18504264
 0.16392313 0.14521406 0.12864031 0.11395818 0.10095177 0.08942982
 0.07922291 0.07018094]
Running run_em_diagonal over 20 rho values, extending until FPR >= 0.3...
  rho=0.70181 (1/20)
    fp=0.0016 tp=0.0800  [6.0s]
   median nu  = 0.191
   median |eta| = 2.098
  rho=0.62171 (2/20)
    fp=0.0029 tp=0.1067  [6.0s]
   median nu  = 0.222
   median |eta| = 1.76
  rho=0.55075 (3/20)
    fp=0.0055 tp=0.1333  [5.9s]
   median nu  = 0.262
   median |eta| = 1.566
  rho=0.48789 (4/20)
    fp=0.0103 tp=0.1867  [5.8s]
   median nu  = 0.302
   median |eta| = 1.353
  rho=0.43221 (5/20)
    fp=0.0144 tp=0.2667  [5.8s]
   median nu  = 0.345
   median |eta| = 1.192
  rho=0.38288 (6/20)
    fp=0.0226 tp=0.3333  [5.7s]
   median nu  = 0.389
   median |eta| = 1.028
  rho=0.33918 (7/20)
    fp=0.0324 tp=0.3733  [5.7s]
   median nu  = 0.433
   median |eta| = 0.947
  rho=0.30047 (8/20)
    fp=0.0445 tp=0.4533  [5.7s]
   median nu  = 0.467
   median |eta| = 0.846
  rho=0.26617 (9/20)
    fp=0.0583 tp=0.5067  [5.6s]
   median nu  = 0.495
   median |eta| = 0.718
  rho=0.23580 (10/20)
    fp=0.0810 tp=0.6400  [5.7s]
   median nu  = 0.522
   median |eta| = 0.595
  rho=0.20888 (11/20)
    fp=0.0978 tp=0.6800  [5.6s]
   median nu  = 0.574
   median |eta| = 0.516
  rho=0.18504 (12/20)
    fp=0.1157 tp=0.6800  [5.8s]
   median nu  = 0.635
   median |eta| = 0.457
  rho=0.16392 (13/20)
    fp=0.1350 tp=0.7200  [5.8s]
   median nu  = 0.727
   median |eta| = 0.319
  rho=0.14521 (14/20)
    fp=0.1520 tp=0.7733  [5.4s]
   median nu  = 0.777
   median |eta| = 0.242
  rho=0.12864 (15/20)
    fp=0.1701 tp=0.7867  [5.3s]
   median nu  = 0.819
   median |eta| = 0.208
  rho=0.11396 (16/20)
    fp=0.1879 tp=0.8133  [5.2s]
   median nu  = 0.885
   median |eta| = 0.175
  rho=0.10095 (17/20)
    fp=0.2033 tp=0.8800  [5.4s]
   median nu  = 0.94
   median |eta| = 0.153
  rho=0.08943 (18/20)
    fp=0.2215 tp=0.8933  [5.3s]
   median nu  = 1.065
   median |eta| = 0.126
  rho=0.07922 (19/20)
    fp=0.2375 tp=0.9067  [5.3s]
   median nu  = 1.179
   median |eta| = 0.097
  rho=0.07018 (20/20)
    fp=0.2550 tp=0.9200  [5.2s]
   median nu  = 1.298
   median |eta| = 0.07
  rho=0.06217 (21/21)  [extra 1/50]
    fp=0.2716 tp=0.9200  [5.4s]
   median nu  = 1.412
   median |eta| = 0.055
  rho=0.05508 (22/22)  [extra 2/50]
    fp=0.2880 tp=0.9067  [4.9s]
   median nu  = 1.529
   median |eta| = 0.045
  rho=0.04879 (23/23)  [extra 3/50]
    fp=0.2997 tp=0.9200  [4.9s]
   median nu  = 1.705
   median |eta| = 0.031
  rho=0.04322 (24/24)  [extra 4/50]
    fp=0.3081 tp=0.9200  [5.2s]
   median nu  = 1.812
   median |eta| = 0.022
  FPR 0.3081 >= fp_end=0.3; stopping after 24 fits
  grid extended by 4 points down to rho=0.04322, ending at FPR 0.3081
  pilot fit of run_em_exact at rho=0.30349
  -> rho_max = max|S_ij| (off-diag) = 0.74276
  rho grid: [0.74275807 0.65798471 0.5828868  0.51636006 0.45742623 0.40521871
 0.35896979 0.31799942 0.28170512 0.24955321 0.22107091 0.19583937
 0.1734876  0.1536869  0.13614612 0.12060733 0.10684203 0.0946478
 0.08384535 0.07427581]
Running run_em_exact over 20 rho values, extending until FPR >= 0.3...
  rho=0.74276 (1/20)
    fp=0.0012 tp=0.0800  [6.1s]
   median nu  = 0.179
   median |eta| = 2.124
  rho=0.65798 (2/20)
    fp=0.0023 tp=0.1067  [6.0s]
   median nu  = 0.206
   median |eta| = 1.786
  rho=0.58289 (3/20)
    fp=0.0043 tp=0.1200  [5.9s]
   median nu  = 0.245
   median |eta| = 1.59
  rho=0.51636 (4/20)
    fp=0.0076 tp=0.1600  [5.9s]
   median nu  = 0.289
   median |eta| = 1.41
  rho=0.45743 (5/20)
    fp=0.0123 tp=0.2000  [5.8s]
   median nu  = 0.33
   median |eta| = 1.117
  rho=0.40522 (6/20)
    fp=0.0197 tp=0.3067  [5.7s]
   median nu  = 0.382
   median |eta| = 0.969
  rho=0.35897 (7/20)
    fp=0.0277 tp=0.3467  [5.6s]
   median nu  = 0.444
   median |eta| = 0.789
  rho=0.31800 (8/20)
    fp=0.0390 tp=0.4267  [5.4s]
   median nu  = 0.497
   median |eta| = 0.696
  rho=0.28171 (9/20)
    fp=0.0542 tp=0.5067  [5.2s]
   median nu  = 0.549
   median |eta| = 0.513
  rho=0.24955 (10/20)
    fp=0.0736 tp=0.6133  [5.1s]
   median nu  = 0.607
   median |eta| = 0.413
  rho=0.22107 (11/20)
    fp=0.0923 tp=0.6533  [5.0s]
   median nu  = 0.662
   median |eta| = 0.34
  rho=0.19584 (12/20)
    fp=0.1087 tp=0.6800  [5.2s]
   median nu  = 0.738
   median |eta| = 0.222
  rho=0.17349 (13/20)
    fp=0.1286 tp=0.7467  [5.3s]
   median nu  = 0.836
   median |eta| = 0.146
  rho=0.15369 (14/20)
    fp=0.1485 tp=0.7733  [5.2s]
   median nu  = 0.948
   median |eta| = 0.109
  rho=0.13615 (15/20)
    fp=0.1657 tp=0.8400  [5.1s]
   median nu  = 1.017
   median |eta| = 0.073
  rho=0.12061 (16/20)
    fp=0.1861 tp=0.8533  [5.0s]
   median nu  = 1.084
   median |eta| = 0.058
  rho=0.10684 (17/20)
    fp=0.2012 tp=0.8933  [4.9s]
   median nu  = 1.175
   median |eta| = 0.047
  rho=0.09465 (18/20)
    fp=0.2217 tp=0.9067  [4.3s]
   median nu  = 1.284
   median |eta| = 0.034
  rho=0.08385 (19/20)
    fp=0.2371 tp=0.9067  [3.1s]
   median nu  = 1.365
   median |eta| = 0.025
  rho=0.07428 (20/20)
    fp=0.2478 tp=0.9333  [2.1s]
   median nu  = 1.477
   median |eta| = 0.017
  rho=0.06580 (21/21)  [extra 1/50]
    fp=0.2619 tp=0.9333  [1.8s]
   median nu  = 1.591
   median |eta| = 0.013
  rho=0.05829 (22/22)  [extra 2/50]
    fp=0.2782 tp=0.9333  [1.6s]
   median nu  = 1.708
   median |eta| = 0.011
  rho=0.05164 (23/23)  [extra 3/50]
    fp=0.2888 tp=0.9333  [1.5s]
   median nu  = 1.825
   median |eta| = 0.008
  rho=0.04574 (24/24)  [extra 4/50]
    fp=0.2997 tp=0.9467  [1.5s]
   median nu  = 1.982
   median |eta| = 0.006
  rho=0.04052 (25/25)  [extra 5/50]
    fp=0.3159 tp=0.9467  [1.4s]
   median nu  = 2.133
   median |eta| = 0.005
  FPR 0.3159 >= fp_end=0.3; stopping after 25 fits
  grid extended by 5 points down to rho=0.04052, ending at FPR 0.3159
  graphical_lasso rho_max = max|S_ij| (off-diag) = 13.62877
  rho grid: [13.62877199 12.0732765  10.69531471  9.47462411  8.39325485  7.43530574
  6.58669043  5.83493031  5.16897099  4.57901974  4.05640152  3.59343139
  3.18330153  2.81998111  2.49812762  2.21300829  1.96043056  1.73668032
  1.53846742  1.3628772 ]
Running graphical_lasso over 20 rho values, extending until FPR >= 0.3...
  rho=13.62877 (1/20)
    fp=0.0000 tp=0.0000  [0.0s]
  rho=12.07328 (2/20)
    fp=0.0002 tp=0.0000  [0.0s]
  rho=10.69531 (3/20)
    fp=0.0002 tp=0.0000  [5.0s]
  rho=9.47462 (4/20)
    fp=0.0002 tp=0.0000  [0.0s]
  rho=8.39325 (5/20)
    fp=0.0002 tp=0.0000  [0.0s]
  rho=7.43531 (6/20)
    fp=0.0002 tp=0.0000  [0.0s]
  rho=6.58669 (7/20)
    fp=0.0002 tp=0.0000  [0.0s]
  rho=5.83493 (8/20)
    fp=0.0002 tp=0.0000  [0.0s]
  rho=5.16897 (9/20)
    fp=0.0002 tp=0.0000  [0.0s]
  rho=4.57902 (10/20)
    fp=0.0002 tp=0.0000  [0.0s]
  rho=4.05640 (11/20)
    fp=0.0006 tp=0.0000  [0.0s]
  rho=3.59343 (12/20)
    fp=0.0006 tp=0.0000  [4.9s]
  rho=3.18330 (13/20)
    fp=0.0006 tp=0.0000  [4.9s]
  rho=2.81998 (14/20)
    fp=0.0006 tp=0.0000  [0.0s]
  rho=2.49813 (15/20)
    fp=0.0008 tp=0.0000  [0.0s]
  rho=2.21301 (16/20)
    fp=0.0018 tp=0.0000  [0.0s]
  rho=1.96043 (17/20)
    fp=0.0023 tp=0.0000  [0.0s]
  rho=1.73668 (18/20)
    fp=0.0031 tp=0.0267  [0.1s]
  rho=1.53847 (19/20)
    fp=0.0039 tp=0.0267  [0.1s]
  rho=1.36288 (20/20)
    fp=0.0053 tp=0.0400  [0.0s]
  rho=1.20733 (21/21)  [extra 1/50]
    fp=0.0080 tp=0.0400  [0.0s]
  rho=1.06953 (22/22)  [extra 2/50]
    fp=0.0105 tp=0.0667  [0.2s]
  rho=0.94746 (23/23)  [extra 3/50]
    fp=0.0144 tp=0.1067  [0.0s]
  rho=0.83933 (24/24)  [extra 4/50]
    fp=0.0250 tp=0.1333  [0.0s]
  rho=0.74353 (25/25)  [extra 5/50]
    fp=0.0330 tp=0.2000  [0.1s]
  rho=0.65867 (26/26)  [extra 6/50]
    fp=0.0449 tp=0.2800  [0.0s]
  rho=0.58349 (27/27)  [extra 7/50]
    fp=0.0622 tp=0.3333  [0.0s]
  rho=0.51690 (28/28)  [extra 8/50]
    fp=0.0804 tp=0.3600  [0.1s]
  rho=0.45790 (29/29)  [extra 9/50]
    fp=0.1067 tp=0.4400  [0.1s]
  rho=0.40564 (30/30)  [extra 10/50]
    fp=0.1335 tp=0.5200  [0.1s]
  rho=0.35934 (31/31)  [extra 11/50]
    fp=0.1664 tp=0.6267  [0.0s]
  rho=0.31833 (32/32)  [extra 12/50]
    fp=0.1957 tp=0.6533  [0.1s]
  rho=0.28200 (33/33)  [extra 13/50]
    fp=0.2279 tp=0.6933  [0.2s]
  rho=0.24981 (34/34)  [extra 14/50]
    fp=0.2603 tp=0.7200  [0.0s]
  rho=0.22130 (35/35)  [extra 15/50]
    fp=0.2944 tp=0.7333  [0.1s]
  rho=0.19604 (36/36)  [extra 16/50]
    fp=0.3333 tp=0.7867  [0.3s]
  FPR 0.3333 >= fp_end=0.3; stopping after 36 fits
  [note] 3/36 fits hit a glasso ConvergenceWarning (suppressed)
  grid extended by 16 points down to rho=0.19604, ending at FPR 0.3333

(p=100, n=50) over 7 replicates
  t+lasso  (run_em_diagonal):    AUC = 0.198 (SE 0.005)
  ~t+lasso (run_em_exact):       AUC = 0.199 (SE 0.005)
  tlasso   (run_tlasso):         AUC = 0.142 (SE 0.005)
  t*lasso  (run_tstar_varlasso): AUC = 0.194 (SE 0.005)
  glasso   (graphical_lasso):    AUC = 0.142 (SE 0.005)
Replicate 8/50
  Theta: 92/4950 edges
  pilot fit of run_tlasso at rho=30.34854
  -> rho_max = max|S_ij| (off-diag) = 37.82483
  rho grid: [37.82483161 33.50776218 29.68341374 26.29555045 23.29435488 20.6356954
 18.28047725 16.19406771 14.34578678 12.70845609 11.25799921  9.97308763
  8.83482713  7.82647995  6.93321867  6.14190817  5.44091248  4.81992368
  4.26981032  3.78248316]
Running run_tlasso over 20 rho values, extending until FPR >= 0.3...
  rho=37.82483 (1/20)
    fp=0.0004 tp=0.0000  [0.1s]
   nu  = 3.0000
  rho=33.50776 (2/20)
    fp=0.0006 tp=0.0000  [0.1s]
   nu  = 3.0000
  rho=29.68341 (3/20)
    fp=0.0010 tp=0.0000  [0.1s]
   nu  = 3.0000
  rho=26.29555 (4/20)
    fp=0.0012 tp=0.0000  [0.1s]
   nu  = 3.0000
  rho=23.29435 (5/20)
    fp=0.0012 tp=0.0000  [0.1s]
   nu  = 3.0000
  rho=20.63570 (6/20)
    fp=0.0012 tp=0.0000  [0.1s]
   nu  = 3.0000
  rho=18.28048 (7/20)
    fp=0.0016 tp=0.0000  [0.1s]
   nu  = 3.0000
  rho=16.19407 (8/20)
    fp=0.0025 tp=0.0000  [0.1s]
   nu  = 3.0000
  rho=14.34579 (9/20)
    fp=0.0035 tp=0.0000  [0.1s]
   nu  = 3.0000
  rho=12.70846 (10/20)
    fp=0.0049 tp=0.0109  [0.1s]
   nu  = 3.0000
  rho=11.25800 (11/20)
    fp=0.0064 tp=0.0109  [0.1s]
   nu  = 3.0000
  rho=9.97309 (12/20)
    fp=0.0105 tp=0.0217  [0.1s]
   nu  = 3.0000
  rho=8.83483 (13/20)
    fp=0.0140 tp=0.0326  [0.1s]
   nu  = 3.0000
  rho=7.82648 (14/20)
    fp=0.0183 tp=0.0435  [0.1s]
   nu  = 3.0000
  rho=6.93322 (15/20)
    fp=0.0263 tp=0.0870  [0.1s]
   nu  = 3.0000
  rho=6.14191 (16/20)
    fp=0.0358 tp=0.1413  [0.1s]
   nu  = 3.0000
  rho=5.44091 (17/20)
    fp=0.0533 tp=0.1848  [0.2s]
   nu  = 3.0000
  rho=4.81992 (18/20)
    fp=0.0743 tp=0.2609  [0.2s]
   nu  = 3.0000
  rho=4.26981 (19/20)
    fp=0.1017 tp=0.3261  [0.2s]
   nu  = 3.0000
  rho=3.78248 (20/20)
    fp=0.1334 tp=0.4565  [0.2s]
   nu  = 3.0000
  rho=3.35078 (21/21)  [extra 1/50]
    fp=0.1686 tp=0.5326  [0.3s]
   nu  = 3.0000
  rho=2.96834 (22/22)  [extra 2/50]
    fp=0.2137 tp=0.5978  [0.3s]
   nu  = 3.0000
  rho=2.62956 (23/23)  [extra 3/50]
    fp=0.2503 tp=0.6413  [0.3s]
   nu  = 3.0000
  rho=2.32944 (24/24)  [extra 4/50]
    fp=0.2911 tp=0.6957  [0.3s]
   nu  = 3.0000
  rho=2.06357 (25/25)  [extra 5/50]
    fp=0.3302 tp=0.7065  [0.3s]
   nu  = 3.0000
  FPR 0.3302 >= fp_end=0.3; stopping after 25 fits
  grid extended by 5 points down to rho=2.06357, ending at FPR 0.3302
  pilot fit of run_tstar_varlasso at rho=0.30349
  -> rho_max = max|S_ij| (off-diag) = 0.59319
  rho grid: [0.59319422 0.52549106 0.46551508 0.41238435 0.3653176  0.32362273
 0.28668663 0.25396616 0.22498019 0.19930248 0.17655545 0.15640461
 0.13855365 0.12274008 0.10873136 0.0963215  0.08532802 0.07558926
 0.06696201 0.05931942]
Running run_tstar_varlasso over 20 rho values, extending until FPR >= 0.3...
  rho=0.59319 (1/20)
    fp=0.0004 tp=0.0000  [0.1s]
   nu  = 3.0000
  rho=0.52549 (2/20)
    fp=0.0008 tp=0.0000  [0.0s]
   nu  = 3.0000
  rho=0.46552 (3/20)
    fp=0.0016 tp=0.0109  [0.0s]
   nu  = 3.0000
  rho=0.41238 (4/20)
    fp=0.0031 tp=0.0435  [0.1s]
   nu  = 3.0000
  rho=0.36532 (5/20)
    fp=0.0060 tp=0.0761  [0.1s]
   nu  = 3.0000
  rho=0.32362 (6/20)
    fp=0.0105 tp=0.0978  [0.1s]
   nu  = 3.0000
  rho=0.28669 (7/20)
    fp=0.0159 tp=0.1848  [0.1s]
   nu  = 3.0000
  rho=0.25397 (8/20)
    fp=0.0245 tp=0.2391  [0.1s]
   nu  = 3.0000
  rho=0.22498 (9/20)
    fp=0.0364 tp=0.3261  [0.1s]
   nu  = 3.0000
  rho=0.19930 (10/20)
    fp=0.0515 tp=0.3696  [0.1s]
   nu  = 3.0000
  rho=0.17656 (11/20)
    fp=0.0675 tp=0.4674  [0.1s]
   nu  = 3.0000
  rho=0.15640 (12/20)
    fp=0.0881 tp=0.5435  [0.1s]
   nu  = 3.0000
  rho=0.13855 (13/20)
    fp=0.1105 tp=0.6087  [0.1s]
   nu  = 3.0000
  rho=0.12274 (14/20)
    fp=0.1357 tp=0.6848  [0.1s]
   nu  = 3.0000
  rho=0.10873 (15/20)
    fp=0.1616 tp=0.7065  [0.1s]
   nu  = 3.0000
  rho=0.09632 (16/20)
    fp=0.1877 tp=0.7065  [0.1s]
   nu  = 3.0000
  rho=0.08533 (17/20)
    fp=0.2143 tp=0.7609  [0.1s]
   nu  = 3.0000
  rho=0.07559 (18/20)
    fp=0.2400 tp=0.7717  [0.1s]
   nu  = 3.0000
  rho=0.06696 (19/20)
    fp=0.2670 tp=0.7826  [0.1s]
   nu  = 3.0000
  rho=0.05932 (20/20)
    fp=0.2902 tp=0.8152  [0.1s]
   nu  = 3.0000
  rho=0.05255 (21/21)  [extra 1/50]
    fp=0.3160 tp=0.8478  [0.1s]
   nu  = 3.0000
  FPR 0.3160 >= fp_end=0.3; stopping after 21 fits
  grid extended by 1 points down to rho=0.05255, ending at FPR 0.3160
  pilot fit of run_em_diagonal at rho=0.30349
  -> rho_max = max|S_ij| (off-diag) = 0.61831
  rho grid: [0.61831171 0.54774181 0.48522628 0.42984584 0.38078616 0.33732581
 0.29882573 0.26471979 0.23450647 0.2077415  0.18403129 0.16302721
 0.14442039 0.12793723 0.11333534 0.10040002 0.08894104 0.07878991
 0.06979737 0.06183117]
Running run_em_diagonal over 20 rho values, extending until FPR >= 0.3...
  rho=0.61831 (1/20)
    fp=0.0010 tp=0.0326  [6.0s]
   median nu  = 0.146
   median |eta| = 1.833
  rho=0.54774 (2/20)
    fp=0.0037 tp=0.0435  [5.9s]
   median nu  = 0.182
   median |eta| = 1.77
  rho=0.48523 (3/20)
    fp=0.0056 tp=0.0761  [5.8s]
   median nu  = 0.221
   median |eta| = 1.391
  rho=0.42985 (4/20)
    fp=0.0095 tp=0.1196  [5.8s]
   median nu  = 0.262
   median |eta| = 1.213
  rho=0.38079 (5/20)
    fp=0.0148 tp=0.1957  [5.7s]
   median nu  = 0.332
   median |eta| = 1.089
  rho=0.33733 (6/20)
    fp=0.0239 tp=0.2500  [5.7s]
   median nu  = 0.358
   median |eta| = 0.999
  rho=0.29883 (7/20)
    fp=0.0331 tp=0.2935  [5.6s]
   median nu  = 0.384
   median |eta| = 0.96
  rho=0.26472 (8/20)
    fp=0.0465 tp=0.3587  [5.6s]
   median nu  = 0.43
   median |eta| = 0.851
  rho=0.23451 (9/20)
    fp=0.0593 tp=0.4457  [5.5s]
   median nu  = 0.47
   median |eta| = 0.706
  rho=0.20774 (10/20)
    fp=0.0762 tp=0.5217  [5.4s]
   median nu  = 0.51
   median |eta| = 0.594
  rho=0.18403 (11/20)
    fp=0.0972 tp=0.5543  [5.4s]
   median nu  = 0.554
   median |eta| = 0.496
  rho=0.16303 (12/20)
    fp=0.1138 tp=0.5978  [5.3s]
   median nu  = 0.605
   median |eta| = 0.4
  rho=0.14442 (13/20)
    fp=0.1330 tp=0.6413  [5.2s]
   median nu  = 0.681
   median |eta| = 0.33
  rho=0.12794 (14/20)
    fp=0.1527 tp=0.6739  [5.7s]
   median nu  = 0.753
   median |eta| = 0.24
  rho=0.11334 (15/20)
    fp=0.1709 tp=0.7174  [5.7s]
   median nu  = 0.822
   median |eta| = 0.195
  rho=0.10040 (16/20)
    fp=0.1900 tp=0.7283  [5.6s]
   median nu  = 0.926
   median |eta| = 0.152
  rho=0.08894 (17/20)
    fp=0.2075 tp=0.7391  [5.5s]
   median nu  = 1.006
   median |eta| = 0.114
  rho=0.07879 (18/20)
    fp=0.2260 tp=0.7826  [5.5s]
   median nu  = 1.099
   median |eta| = 0.09
  rho=0.06980 (19/20)
    fp=0.2437 tp=0.7935  [5.4s]
   median nu  = 1.195
   median |eta| = 0.072
  rho=0.06183 (20/20)
    fp=0.2594 tp=0.8043  [5.4s]
   median nu  = 1.304
   median |eta| = 0.056
  rho=0.05477 (21/21)  [extra 1/50]
    fp=0.2725 tp=0.8152  [5.3s]
   median nu  = 1.418
   median |eta| = 0.044
  rho=0.04852 (22/22)  [extra 2/50]
    fp=0.2830 tp=0.8261  [5.2s]
   median nu  = 1.548
   median |eta| = 0.035
  rho=0.04298 (23/23)  [extra 3/50]
    fp=0.2985 tp=0.8261  [5.2s]
   median nu  = 1.669
   median |eta| = 0.027
  rho=0.03808 (24/24)  [extra 4/50]
    fp=0.3073 tp=0.8370  [5.2s]
   median nu  = 1.787
   median |eta| = 0.021
  FPR 0.3073 >= fp_end=0.3; stopping after 24 fits
  grid extended by 4 points down to rho=0.03808, ending at FPR 0.3073
  pilot fit of run_em_exact at rho=0.30349
  -> rho_max = max|S_ij| (off-diag) = 0.63519
  rho grid: [0.63519216 0.56269564 0.49847338 0.44158101 0.39118195 0.3465351
 0.30698394 0.27194688 0.24090871 0.21341302 0.18905551 0.167478
 0.1483632  0.13143003 0.1164295  0.10314102 0.09136921 0.08094095
 0.0717029  0.06351922]
Running run_em_exact over 20 rho values, extending until FPR >= 0.3...
  rho=0.63519 (1/20)
    fp=0.0010 tp=0.0217  [6.1s]
   median nu  = 0.139
   median |eta| = 1.805
  rho=0.56270 (2/20)
    fp=0.0029 tp=0.0326  [6.0s]
   median nu  = 0.174
   median |eta| = 1.815
  rho=0.49847 (3/20)
    fp=0.0054 tp=0.0761  [5.9s]
   median nu  = 0.213
   median |eta| = 1.426
  rho=0.44158 (4/20)
    fp=0.0080 tp=0.1087  [5.8s]
   median nu  = 0.263
   median |eta| = 1.238
  rho=0.39118 (5/20)
    fp=0.0144 tp=0.1739  [5.8s]
   median nu  = 0.324
   median |eta| = 1.084
  rho=0.34654 (6/20)
    fp=0.0226 tp=0.2283  [5.6s]
   median nu  = 0.358
   median |eta| = 0.921
  rho=0.30698 (7/20)
    fp=0.0315 tp=0.2717  [5.5s]
   median nu  = 0.403
   median |eta| = 0.782
  rho=0.27195 (8/20)
    fp=0.0436 tp=0.3587  [5.4s]
   median nu  = 0.466
   median |eta| = 0.626
  rho=0.24091 (9/20)
    fp=0.0585 tp=0.4239  [5.3s]
   median nu  = 0.511
   median |eta| = 0.466
  rho=0.21341 (10/20)
    fp=0.0751 tp=0.5109  [5.1s]
   median nu  = 0.583
   median |eta| = 0.39
  rho=0.18906 (11/20)
    fp=0.0939 tp=0.5326  [5.1s]
   median nu  = 0.651
   median |eta| = 0.287
  rho=0.16748 (12/20)
    fp=0.1128 tp=0.5870  [4.9s]
   median nu  = 0.739
   median |eta| = 0.188
  rho=0.14836 (13/20)
    fp=0.1303 tp=0.6413  [4.8s]
   median nu  = 0.815
   median |eta| = 0.141
  rho=0.13143 (14/20)
    fp=0.1503 tp=0.6739  [5.2s]
   median nu  = 0.874
   median |eta| = 0.1
  rho=0.11643 (15/20)
    fp=0.1657 tp=0.7065  [5.1s]
   median nu  = 0.941
   median |eta| = 0.074
  rho=0.10314 (16/20)
    fp=0.1863 tp=0.7174  [5.0s]
   median nu  = 1.042
   median |eta| = 0.05
  rho=0.09137 (17/20)
    fp=0.2065 tp=0.7500  [4.7s]
   median nu  = 1.146
   median |eta| = 0.04
  rho=0.08094 (18/20)
    fp=0.2250 tp=0.7717  [3.5s]
   median nu  = 1.264
   median |eta| = 0.032
  rho=0.07170 (19/20)
    fp=0.2413 tp=0.7826  [2.5s]
   median nu  = 1.387
   median |eta| = 0.026
  rho=0.06352 (20/20)
    fp=0.2577 tp=0.8043  [2.0s]
   median nu  = 1.51
   median |eta| = 0.019
  rho=0.05627 (21/21)  [extra 1/50]
    fp=0.2736 tp=0.8043  [1.8s]
   median nu  = 1.618
   median |eta| = 0.015
  rho=0.04985 (22/22)  [extra 2/50]
    fp=0.2878 tp=0.8261  [1.6s]
   median nu  = 1.738
   median |eta| = 0.012
  rho=0.04416 (23/23)  [extra 3/50]
    fp=0.3049 tp=0.8261  [1.5s]
   median nu  = 1.86
   median |eta| = 0.009
  FPR 0.3049 >= fp_end=0.3; stopping after 23 fits
  grid extended by 3 points down to rho=0.04416, ending at FPR 0.3049
  graphical_lasso rho_max = max|S_ij| (off-diag) = 4.08827
  rho grid: [4.08827157 3.62166401 3.20831187 2.84213694 2.51775473 2.2303953
 1.97583313 1.75032495 1.55055475 1.37358496 1.2168133  1.07793449
 0.95490637 0.84591984 0.74937229 0.66384403 0.58807738 0.52095822
 0.46149959 0.40882716]
Running graphical_lasso over 20 rho values, extending until FPR >= 0.3...
  rho=4.08827 (1/20)
    fp=0.0000 tp=0.0000  [0.0s]
  rho=3.62166 (2/20)
    fp=0.0006 tp=0.0000  [0.0s]
  rho=3.20831 (3/20)
    fp=0.0006 tp=0.0000  [0.0s]
  rho=2.84214 (4/20)
    fp=0.0006 tp=0.0000  [0.0s]
  rho=2.51775 (5/20)
    fp=0.0008 tp=0.0000  [4.9s]
  rho=2.23040 (6/20)
    fp=0.0008 tp=0.0000  [0.0s]
  rho=1.97583 (7/20)
    fp=0.0010 tp=0.0000  [0.0s]
  rho=1.75032 (8/20)
    fp=0.0014 tp=0.0000  [4.9s]
  rho=1.55055 (9/20)
    fp=0.0019 tp=0.0000  [4.9s]
  rho=1.37358 (10/20)
    fp=0.0025 tp=0.0000  [4.9s]
  rho=1.21681 (11/20)
    fp=0.0027 tp=0.0109  [0.0s]
  rho=1.07793 (12/20)
    fp=0.0051 tp=0.0109  [0.0s]
  rho=0.95491 (13/20)
    fp=0.0091 tp=0.0109  [0.0s]
  rho=0.84592 (14/20)
    fp=0.0136 tp=0.0109  [4.9s]
  rho=0.74937 (15/20)
    fp=0.0208 tp=0.0326  [0.0s]
  rho=0.66384 (16/20)
    fp=0.0288 tp=0.0652  [0.1s]
  rho=0.58808 (17/20)
    fp=0.0373 tp=0.1087  [0.0s]
  rho=0.52096 (18/20)
    fp=0.0508 tp=0.1413  [0.0s]
  rho=0.46150 (19/20)
    fp=0.0706 tp=0.2174  [0.1s]
  rho=0.40883 (20/20)
    fp=0.0945 tp=0.3152  [0.0s]
  rho=0.36217 (21/21)  [extra 1/50]
    fp=0.1169 tp=0.3696  [0.0s]
  rho=0.32083 (22/22)  [extra 2/50]
    fp=0.1441 tp=0.4348  [0.1s]
  rho=0.28421 (23/23)  [extra 3/50]
    fp=0.1764 tp=0.5435  [0.1s]
  rho=0.25178 (24/24)  [extra 4/50]
    fp=0.2077 tp=0.5870  [0.1s]
  rho=0.22304 (25/25)  [extra 5/50]
    fp=0.2402 tp=0.6304  [0.0s]
  rho=0.19758 (26/26)  [extra 6/50]
    fp=0.2709 tp=0.6739  [0.1s]
  rho=0.17503 (27/27)  [extra 7/50]
    fp=0.3051 tp=0.7065  [0.0s]
  FPR 0.3051 >= fp_end=0.3; stopping after 27 fits
  [note] 5/27 fits hit a glasso ConvergenceWarning (suppressed)
  grid extended by 7 points down to rho=0.17503, ending at FPR 0.3051

(p=100, n=50) over 8 replicates
  t+lasso  (run_em_diagonal):    AUC = 0.196 (SE 0.004)
  ~t+lasso (run_em_exact):       AUC = 0.197 (SE 0.005)
  tlasso   (run_tlasso):         AUC = 0.140 (SE 0.005)
  t*lasso  (run_tstar_varlasso): AUC = 0.192 (SE 0.005)
  glasso   (graphical_lasso):    AUC = 0.140 (SE 0.005)
Replicate 9/50
  Theta: 88/4950 edges
  pilot fit of run_tlasso at rho=30.34854
  -> rho_max = max|S_ij| (off-diag) = 22.72806
  [warn] pilot rho 30.34854 > rho_max 22.72806: it falls off the top of this method's grid
  rho grid: [22.72806144 20.13403484 17.83607282 15.80038458 13.99703598 12.39950934
 10.98431354  9.73063858  8.62004957  7.63621564  6.76466984  5.99259636
  5.30864211  4.70274974  4.16600982  3.69052975  3.26931774  2.89618002
  2.5656297   2.27280614]
Running run_tlasso over 20 rho values, extending until FPR >= 0.3...
  rho=22.72806 (1/20)
    fp=0.0000 tp=0.0000  [0.0s]
   nu  = 3.0000
  rho=20.13403 (2/20)
    fp=0.0000 tp=0.0000  [0.0s]
   nu  = 3.0000
  rho=17.83607 (3/20)
    fp=0.0002 tp=0.0114  [0.1s]
   nu  = 3.0000
  rho=15.80038 (4/20)
    fp=0.0006 tp=0.0114  [0.1s]
   nu  = 3.0000
  rho=13.99704 (5/20)
    fp=0.0010 tp=0.0227  [0.1s]
   nu  = 3.0000
  rho=12.39951 (6/20)
    fp=0.0016 tp=0.0341  [0.1s]
   nu  = 3.0000
  rho=10.98431 (7/20)
    fp=0.0029 tp=0.0455  [0.1s]
   nu  = 3.0000
  rho=9.73064 (8/20)
    fp=0.0043 tp=0.0568  [0.1s]
   nu  = 3.0000
  rho=8.62005 (9/20)
    fp=0.0068 tp=0.0909  [0.1s]
   nu  = 3.0000
  rho=7.63622 (10/20)
    fp=0.0105 tp=0.1136  [0.1s]
   nu  = 3.0000
  rho=6.76467 (11/20)
    fp=0.0156 tp=0.1705  [0.1s]
   nu  = 3.0000
  rho=5.99260 (12/20)
    fp=0.0230 tp=0.2386  [0.1s]
   nu  = 3.0000
  rho=5.30864 (13/20)
    fp=0.0354 tp=0.3182  [0.1s]
   nu  = 3.0000
  rho=4.70275 (14/20)
    fp=0.0574 tp=0.4091  [0.1s]
   nu  = 3.0000
  rho=4.16601 (15/20)
    fp=0.0829 tp=0.5455  [0.2s]
   nu  = 3.0000
  rho=3.69053 (16/20)
    fp=0.1164 tp=0.6023  [0.2s]
   nu  = 3.0000
  rho=3.26932 (17/20)
    fp=0.1559 tp=0.6591  [0.3s]
   nu  = 3.0000
  rho=2.89618 (18/20)
    fp=0.1970 tp=0.7045  [0.3s]
   nu  = 3.0000
  rho=2.56563 (19/20)
    fp=0.2386 tp=0.7500  [0.3s]
   nu  = 3.0000
  rho=2.27281 (20/20)
    fp=0.2810 tp=0.8295  [0.3s]
   nu  = 3.0000
  rho=2.01340 (21/21)  [extra 1/50]
    fp=0.3217 tp=0.8523  [0.3s]
   nu  = 3.0000
  FPR 0.3217 >= fp_end=0.3; stopping after 21 fits
  grid extended by 1 points down to rho=2.01340, ending at FPR 0.3217
  pilot fit of run_tstar_varlasso at rho=0.30349
  -> rho_max = max|S_ij| (off-diag) = 0.57986
  rho grid: [0.57985636 0.51367549 0.45504806 0.40311196 0.3571035  0.31634613
 0.28024053 0.24825578 0.21992155 0.1948212  0.17258563 0.15288788
 0.13543829 0.11998029 0.10628655 0.09415573 0.08340943 0.07388965
 0.06545638 0.05798564]
Running run_tstar_varlasso over 20 rho values, extending until FPR >= 0.3...
  rho=0.57986 (1/20)
    fp=0.0000 tp=0.0341  [0.1s]
   nu  = 3.0000
  rho=0.51368 (2/20)
    fp=0.0002 tp=0.0341  [0.0s]
   nu  = 3.0000
  rho=0.45505 (3/20)
    fp=0.0004 tp=0.0909  [0.0s]
   nu  = 3.0000
  rho=0.40311 (4/20)
    fp=0.0016 tp=0.1364  [0.0s]
   nu  = 3.0000
  rho=0.35710 (5/20)
    fp=0.0027 tp=0.1932  [0.1s]
   nu  = 3.0000
  rho=0.31635 (6/20)
    fp=0.0068 tp=0.2500  [0.1s]
   nu  = 3.0000
  rho=0.28024 (7/20)
    fp=0.0140 tp=0.3750  [0.1s]
   nu  = 3.0000
  rho=0.24826 (8/20)
    fp=0.0224 tp=0.4545  [0.1s]
   nu  = 3.0000
  rho=0.21992 (9/20)
    fp=0.0376 tp=0.5568  [0.1s]
   nu  = 3.0000
  rho=0.19482 (10/20)
    fp=0.0545 tp=0.6023  [0.1s]
   nu  = 3.0000
  rho=0.17259 (11/20)
    fp=0.0730 tp=0.6818  [0.1s]
   nu  = 3.0000
  rho=0.15289 (12/20)
    fp=0.0967 tp=0.7045  [0.1s]
   nu  = 3.0000
  rho=0.13544 (13/20)
    fp=0.1195 tp=0.7500  [0.1s]
   nu  = 3.0000
  rho=0.11998 (14/20)
    fp=0.1427 tp=0.8182  [0.1s]
   nu  = 3.0000
  rho=0.10629 (15/20)
    fp=0.1684 tp=0.8182  [0.1s]
   nu  = 3.0000
  rho=0.09416 (16/20)
    fp=0.1927 tp=0.8523  [0.1s]
   nu  = 3.0000
  rho=0.08341 (17/20)
    fp=0.2168 tp=0.8523  [0.1s]
   nu  = 3.0000
  rho=0.07389 (18/20)
    fp=0.2458 tp=0.8636  [0.1s]
   nu  = 3.0000
  rho=0.06546 (19/20)
    fp=0.2698 tp=0.8636  [0.1s]
   nu  = 3.0000
  rho=0.05799 (20/20)
    fp=0.2954 tp=0.8750  [0.1s]
   nu  = 3.0000
  rho=0.05137 (21/21)  [extra 1/50]
    fp=0.3174 tp=0.8750  [0.1s]
   nu  = 3.0000
  FPR 0.3174 >= fp_end=0.3; stopping after 21 fits
  grid extended by 1 points down to rho=0.05137, ending at FPR 0.3174
  pilot fit of run_em_diagonal at rho=0.30349
  -> rho_max = max|S_ij| (off-diag) = 0.70172
  rho grid: [0.70172257 0.62163272 0.55068379 0.48783248 0.43215459 0.3828314
 0.33913762 0.30043076 0.26614163 0.23576603 0.2088573  0.18501975
 0.16390285 0.14519609 0.12862439 0.11394408 0.10093928 0.08941875
 0.0792131  0.07017226]
Running run_em_diagonal over 20 rho values, extending until FPR >= 0.3...
  rho=0.70172 (1/20)
    fp=0.0002 tp=0.0568  [6.1s]
   median nu  = 0.135
   median |eta| = 2.462
  rho=0.62163 (2/20)
    fp=0.0008 tp=0.1023  [6.0s]
   median nu  = 0.163
   median |eta| = 2.168
  rho=0.55068 (3/20)
    fp=0.0021 tp=0.1477  [6.0s]
   median nu  = 0.203
   median |eta| = 1.781
  rho=0.48783 (4/20)
    fp=0.0041 tp=0.1932  [6.0s]
   median nu  = 0.253
   median |eta| = 1.548
  rho=0.43215 (5/20)
    fp=0.0084 tp=0.2727  [5.9s]
   median nu  = 0.299
   median |eta| = 1.359
  rho=0.38283 (6/20)
    fp=0.0171 tp=0.3182  [5.9s]
   median nu  = 0.331
   median |eta| = 1.242
  rho=0.33914 (7/20)
    fp=0.0245 tp=0.4886  [5.9s]
   median nu  = 0.377
   median |eta| = 1.117
  rho=0.30043 (8/20)
    fp=0.0341 tp=0.5341  [5.8s]
   median nu  = 0.436
   median |eta| = 0.945
  rho=0.26614 (9/20)
    fp=0.0469 tp=0.5909  [5.8s]
   median nu  = 0.496
   median |eta| = 0.687
  rho=0.23577 (10/20)
    fp=0.0609 tp=0.6705  [5.7s]
   median nu  = 0.516
   median |eta| = 0.548
  rho=0.20886 (11/20)
    fp=0.0753 tp=0.6932  [5.7s]
   median nu  = 0.553
   median |eta| = 0.428
  rho=0.18502 (12/20)
    fp=0.0911 tp=0.7159  [5.6s]
   median nu  = 0.618
   median |eta| = 0.371
  rho=0.16390 (13/20)
    fp=0.1094 tp=0.7500  [5.8s]
   median nu  = 0.679
   median |eta| = 0.299
  rho=0.14520 (14/20)
    fp=0.1294 tp=0.8068  [5.8s]
   median nu  = 0.763
   median |eta| = 0.226
  rho=0.12862 (15/20)
    fp=0.1469 tp=0.8295  [5.9s]
   median nu  = 0.826
   median |eta| = 0.191
  rho=0.11394 (16/20)
    fp=0.1654 tp=0.8523  [5.8s]
   median nu  = 0.891
   median |eta| = 0.138
  rho=0.10094 (17/20)
    fp=0.1859 tp=0.8636  [5.5s]
   median nu  = 0.986
   median |eta| = 0.103
  rho=0.08942 (18/20)
    fp=0.2024 tp=0.8750  [5.2s]
   median nu  = 1.069
   median |eta| = 0.085
  rho=0.07921 (19/20)
    fp=0.2215 tp=0.8977  [5.6s]
   median nu  = 1.156
   median |eta| = 0.068
  rho=0.07017 (20/20)
    fp=0.2369 tp=0.8977  [5.5s]
   median nu  = 1.238
   median |eta| = 0.054
  rho=0.06216 (21/21)  [extra 1/50]
    fp=0.2491 tp=0.8977  [5.0s]
   median nu  = 1.362
   median |eta| = 0.047
  rho=0.05507 (22/22)  [extra 2/50]
    fp=0.2655 tp=0.8977  [5.3s]
   median nu  = 1.45
   median |eta| = 0.038
  rho=0.04878 (23/23)  [extra 3/50]
    fp=0.2779 tp=0.9091  [5.0s]
   median nu  = 1.541
   median |eta| = 0.029
  rho=0.04322 (24/24)  [extra 4/50]
    fp=0.2884 tp=0.9091  [5.3s]
   median nu  = 1.635
   median |eta| = 0.022
  rho=0.03828 (25/25)  [extra 5/50]
    fp=0.3030 tp=0.9205  [4.9s]
   median nu  = 1.74
   median |eta| = 0.018
  FPR 0.3030 >= fp_end=0.3; stopping after 25 fits
  grid extended by 5 points down to rho=0.03828, ending at FPR 0.3030
  pilot fit of run_em_exact at rho=0.30349
  -> rho_max = max|S_ij| (off-diag) = 0.75802
  rho grid: [0.75802373 0.67150805 0.59486668 0.52697264 0.46682756 0.41354703
 0.36634758 0.32453516 0.28749492 0.2546822  0.2256145  0.1998644
 0.17705323 0.15684558 0.13894429 0.12308613 0.10903792 0.09659307
 0.08556859 0.07580237]
Running run_em_exact over 20 rho values, extending until FPR >= 0.3...
  rho=0.75802 (1/20)
    fp=0.0000 tp=0.0455  [6.3s]
   median nu  = 0.117
   median |eta| = 2.725
  rho=0.67151 (2/20)
    fp=0.0002 tp=0.0909  [6.2s]
   median nu  = 0.144
   median |eta| = 2.289
  rho=0.59487 (3/20)
    fp=0.0010 tp=0.1023  [6.1s]
   median nu  = 0.177
   median |eta| = 1.996
  rho=0.52697 (4/20)
    fp=0.0025 tp=0.1705  [6.0s]
   median nu  = 0.228
   median |eta| = 1.613
  rho=0.46683 (5/20)
    fp=0.0060 tp=0.2273  [5.9s]
   median nu  = 0.276
   median |eta| = 1.329
  rho=0.41355 (6/20)
    fp=0.0113 tp=0.3068  [5.9s]
   median nu  = 0.322
   median |eta| = 1.157
  rho=0.36635 (7/20)
    fp=0.0191 tp=0.3977  [5.7s]
   median nu  = 0.376
   median |eta| = 0.928
  rho=0.32454 (8/20)
    fp=0.0284 tp=0.5000  [5.6s]
   median nu  = 0.425
   median |eta| = 0.731
  rho=0.28749 (9/20)
    fp=0.0403 tp=0.5455  [5.5s]
   median nu  = 0.482
   median |eta| = 0.541
  rho=0.25468 (10/20)
    fp=0.0531 tp=0.6364  [5.3s]
   median nu  = 0.55
   median |eta| = 0.439
  rho=0.22561 (11/20)
    fp=0.0673 tp=0.6818  [5.2s]
   median nu  = 0.608
   median |eta| = 0.305
  rho=0.19986 (12/20)
    fp=0.0839 tp=0.6932  [5.0s]
   median nu  = 0.671
   median |eta| = 0.232
  rho=0.17705 (13/20)
    fp=0.1014 tp=0.7273  [4.9s]
   median nu  = 0.736
   median |eta| = 0.181
  rho=0.15685 (14/20)
    fp=0.1207 tp=0.7841  [4.9s]
   median nu  = 0.821
   median |eta| = 0.14
  rho=0.13894 (15/20)
    fp=0.1384 tp=0.8182  [4.7s]
   median nu  = 0.89
   median |eta| = 0.105
  rho=0.12309 (16/20)
    fp=0.1567 tp=0.8523  [4.6s]
   median nu  = 0.975
   median |eta| = 0.072
  rho=0.10904 (17/20)
    fp=0.1742 tp=0.8636  [4.6s]
   median nu  = 1.07
   median |eta| = 0.053
  rho=0.09659 (18/20)
    fp=0.1933 tp=0.8636  [4.5s]
   median nu  = 1.164
   median |eta| = 0.041
  rho=0.08557 (19/20)
    fp=0.2098 tp=0.8864  [5.0s]
   median nu  = 1.251
   median |eta| = 0.035
  rho=0.07580 (20/20)
    fp=0.2281 tp=0.8977  [4.9s]
   median nu  = 1.362
   median |eta| = 0.026
  rho=0.06715 (21/21)  [extra 1/50]
    fp=0.2452 tp=0.8977  [4.4s]
   median nu  = 1.498
   median |eta| = 0.02
  rho=0.05949 (22/22)  [extra 2/50]
    fp=0.2626 tp=0.8977  [3.8s]
   median nu  = 1.617
   median |eta| = 0.015
  rho=0.05270 (23/23)  [extra 3/50]
    fp=0.2779 tp=0.8977  [3.2s]
   median nu  = 1.742
   median |eta| = 0.012
  rho=0.04668 (24/24)  [extra 4/50]
    fp=0.2912 tp=0.8977  [2.4s]
   median nu  = 1.879
   median |eta| = 0.009
  rho=0.04135 (25/25)  [extra 5/50]
    fp=0.3044 tp=0.9091  [1.8s]
   median nu  = 1.996
   median |eta| = 0.007
  FPR 0.3044 >= fp_end=0.3; stopping after 25 fits
  grid extended by 5 points down to rho=0.04135, ending at FPR 0.3044
  graphical_lasso rho_max = max|S_ij| (off-diag) = 1.46433
  rho grid: [1.46433203 1.29720311 1.14914916 1.01799308 0.90180626 0.79888022
 0.70770145 0.62692922 0.55537577 0.49198895 0.43583667 0.38609324
 0.34202718 0.30299052 0.26840924 0.23777483 0.21063682 0.18659617
 0.16529935 0.1464332 ]
Running graphical_lasso over 20 rho values, extending until FPR >= 0.3...
  rho=1.46433 (1/20)
    fp=0.0000 tp=0.0000  [0.0s]
  rho=1.29720 (2/20)
    fp=0.0004 tp=0.0000  [0.0s]
  rho=1.14915 (3/20)
    fp=0.0012 tp=0.0114  [4.9s]
  rho=1.01799 (4/20)
    fp=0.0016 tp=0.0114  [0.0s]
  rho=0.90181 (5/20)
    fp=0.0031 tp=0.0455  [0.0s]
  rho=0.79888 (6/20)
    fp=0.0074 tp=0.0568  [4.9s]
  rho=0.70770 (7/20)
    fp=0.0113 tp=0.1023  [4.9s]
  rho=0.62693 (8/20)
    fp=0.0179 tp=0.1591  [4.9s]
  rho=0.55538 (9/20)
    fp=0.0274 tp=0.2727  [4.9s]
  rho=0.49199 (10/20)
    fp=0.0430 tp=0.3864  [0.0s]
  rho=0.43584 (11/20)
    fp=0.0654 tp=0.4432  [0.0s]
  rho=0.38609 (12/20)
    fp=0.0882 tp=0.5341  [4.9s]
  rho=0.34203 (13/20)
    fp=0.1148 tp=0.6136  [4.9s]
  rho=0.30299 (14/20)
    fp=0.1440 tp=0.6591  [4.9s]
  rho=0.26841 (15/20)
    fp=0.1719 tp=0.7045  [0.2s]
  rho=0.23777 (16/20)
    fp=0.2036 tp=0.7273  [0.2s]
  rho=0.21064 (17/20)
    fp=0.2349 tp=0.7386  [0.0s]
  rho=0.18660 (18/20)
    fp=0.2694 tp=0.7955  [0.1s]
  rho=0.16530 (19/20)
    fp=0.3007 tp=0.8182  [0.1s]
  FPR 0.3007 >= fp_end=0.3; stopping after 19 fits
  [note] 8/19 fits hit a glasso ConvergenceWarning (suppressed)
  grid stopped 1 points early at rho=0.16530, ending at FPR 0.3007

(p=100, n=50) over 9 replicates
  t+lasso  (run_em_diagonal):    AUC = 0.200 (SE 0.005)
  ~t+lasso (run_em_exact):       AUC = 0.200 (SE 0.005)
  tlasso   (run_tlasso):         AUC = 0.144 (SE 0.006)
  t*lasso  (run_tstar_varlasso): AUC = 0.195 (SE 0.005)
  glasso   (graphical_lasso):    AUC = 0.144 (SE 0.006)
Replicate 10/50
  Theta: 90/4950 edges
  pilot fit of run_tlasso at rho=30.34854
  -> rho_max = max|S_ij| (off-diag) = 31.30408
  rho grid: [31.30407687 27.73124211 24.56618644 21.76236873 19.27855974 17.07823584
 15.12904197 13.40231585 11.87266653 10.51760099  9.31719343  8.25379224
  7.31176044  6.47724576  5.73797691  5.08308319  4.50293459  3.98900021
  3.53372281  3.13040769]
Running run_tlasso over 20 rho values, extending until FPR >= 0.3...
  rho=31.30408 (1/20)
    fp=0.0002 tp=0.0000  [0.0s]
   nu  = 3.0000
  rho=27.73124 (2/20)
    fp=0.0002 tp=0.0000  [0.0s]
   nu  = 3.0000
  rho=24.56619 (3/20)
    fp=0.0004 tp=0.0000  [0.0s]
   nu  = 3.0000
  rho=21.76237 (4/20)
    fp=0.0004 tp=0.0111  [0.1s]
   nu  = 3.0000
  rho=19.27856 (5/20)
    fp=0.0008 tp=0.0111  [0.1s]
   nu  = 3.0000
  rho=17.07824 (6/20)
    fp=0.0019 tp=0.0111  [0.1s]
   nu  = 3.0000
  rho=15.12904 (7/20)
    fp=0.0027 tp=0.0111  [0.1s]
   nu  = 3.0000
  rho=13.40232 (8/20)
    fp=0.0037 tp=0.0111  [0.1s]
   nu  = 3.0000
  rho=11.87267 (9/20)
    fp=0.0064 tp=0.0111  [0.1s]
   nu  = 3.0000
  rho=10.51760 (10/20)
    fp=0.0070 tp=0.0444  [0.1s]
   nu  = 3.0000
  rho=9.31719 (11/20)
    fp=0.0105 tp=0.0444  [0.1s]
   nu  = 3.0000
  rho=8.25379 (12/20)
    fp=0.0146 tp=0.1000  [0.1s]
   nu  = 3.0000
  rho=7.31176 (13/20)
    fp=0.0198 tp=0.1444  [0.1s]
   nu  = 3.0000
  rho=6.47725 (14/20)
    fp=0.0261 tp=0.1667  [0.1s]
   nu  = 3.0000
  rho=5.73798 (15/20)
    fp=0.0368 tp=0.2000  [0.1s]
   nu  = 3.0000
  rho=5.08308 (16/20)
    fp=0.0496 tp=0.2778  [0.1s]
   nu  = 3.0000
  rho=4.50293 (17/20)
    fp=0.0681 tp=0.3222  [0.1s]
   nu  = 3.0000
  rho=3.98900 (18/20)
    fp=0.0916 tp=0.3778  [0.1s]
   nu  = 3.0000
  rho=3.53372 (19/20)
    fp=0.1311 tp=0.4667  [0.2s]
   nu  = 3.0000
  rho=3.13041 (20/20)
    fp=0.1745 tp=0.5667  [0.2s]
   nu  = 3.0000
  rho=2.77312 (21/21)  [extra 1/50]
    fp=0.2257 tp=0.6778  [0.3s]
   nu  = 3.0000
  rho=2.45662 (22/22)  [extra 2/50]
    fp=0.2679 tp=0.7111  [0.2s]
   nu  = 3.0000
  rho=2.17624 (23/23)  [extra 3/50]
    fp=0.3109 tp=0.7222  [0.3s]
   nu  = 3.0000
  FPR 0.3109 >= fp_end=0.3; stopping after 23 fits
  grid extended by 3 points down to rho=2.17624, ending at FPR 0.3109
  pilot fit of run_tstar_varlasso at rho=0.30349
  -> rho_max = max|S_ij| (off-diag) = 0.68944
  rho grid: [0.68944354 0.61075514 0.54104769 0.47929618 0.42459257 0.37613246
 0.33320325 0.2951737  0.26148458 0.2316405  0.20520263 0.18178219
 0.16103481 0.14265539 0.12637367 0.11195024 0.099173   0.08785407
 0.077827   0.06894435]
Running run_tstar_varlasso over 20 rho values, extending until FPR >= 0.3...
  rho=0.68944 (1/20)
    fp=0.0002 tp=0.0111  [0.1s]
   nu  = 3.0000
  rho=0.61076 (2/20)
    fp=0.0004 tp=0.0111  [0.1s]
   nu  = 3.0000
  rho=0.54105 (3/20)
    fp=0.0004 tp=0.0111  [0.0s]
   nu  = 3.0000
  rho=0.47930 (4/20)
    fp=0.0019 tp=0.0333  [0.0s]
   nu  = 3.0000
  rho=0.42459 (5/20)
    fp=0.0031 tp=0.0556  [0.0s]
   nu  = 3.0000
  rho=0.37613 (6/20)
    fp=0.0051 tp=0.1000  [0.0s]
   nu  = 3.0000
  rho=0.33320 (7/20)
    fp=0.0095 tp=0.2000  [0.1s]
   nu  = 3.0000
  rho=0.29517 (8/20)
    fp=0.0158 tp=0.2667  [0.1s]
   nu  = 3.0000
  rho=0.26148 (9/20)
    fp=0.0243 tp=0.3111  [0.1s]
   nu  = 3.0000
  rho=0.23164 (10/20)
    fp=0.0387 tp=0.3444  [0.1s]
   nu  = 3.0000
  rho=0.20520 (11/20)
    fp=0.0541 tp=0.4111  [0.1s]
   nu  = 3.0000
  rho=0.18178 (12/20)
    fp=0.0770 tp=0.4444  [0.1s]
   nu  = 3.0000
  rho=0.16103 (13/20)
    fp=0.0992 tp=0.5111  [0.1s]
   nu  = 3.0000
  rho=0.14266 (14/20)
    fp=0.1241 tp=0.6000  [0.1s]
   nu  = 3.0000
  rho=0.12637 (15/20)
    fp=0.1488 tp=0.6778  [0.1s]
   nu  = 3.0000
  rho=0.11195 (16/20)
    fp=0.1745 tp=0.7222  [0.1s]
   nu  = 3.0000
  rho=0.09917 (17/20)
    fp=0.1988 tp=0.7333  [0.1s]
   nu  = 3.0000
  rho=0.08785 (18/20)
    fp=0.2241 tp=0.7556  [0.1s]
   nu  = 3.0000
  rho=0.07783 (19/20)
    fp=0.2461 tp=0.7667  [0.1s]
   nu  = 3.0000
  rho=0.06894 (20/20)
    fp=0.2720 tp=0.8000  [0.1s]
   nu  = 3.0000
  rho=0.06108 (21/21)  [extra 1/50]
    fp=0.2914 tp=0.8111  [0.1s]
   nu  = 3.0000
  rho=0.05410 (22/22)  [extra 2/50]
    fp=0.3150 tp=0.8222  [0.1s]
   nu  = 3.0000
  FPR 0.3150 >= fp_end=0.3; stopping after 22 fits
  grid extended by 2 points down to rho=0.05410, ending at FPR 0.3150
  pilot fit of run_em_diagonal at rho=0.30349
  -> rho_max = max|S_ij| (off-diag) = 0.74523
  rho grid: [0.74523326 0.6601774  0.58482923 0.51808079 0.45895057 0.40656907
 0.36016604 0.31905913 0.28264389 0.25038483 0.22180761 0.19649199
 0.17406573 0.15419905 0.13659982 0.12100924 0.10719807 0.09496321
 0.08412475 0.07452333]
Running run_em_diagonal over 20 rho values, extending until FPR >= 0.3...
  rho=0.74523 (1/20)
    fp=0.0008 tp=0.0222  [6.1s]
   median nu  = 0.11
   median |eta| = 2.275
  rho=0.66018 (2/20)
    fp=0.0023 tp=0.0556  [6.1s]
   median nu  = 0.132
   median |eta| = 2.112
  rho=0.58483 (3/20)
    fp=0.0039 tp=0.0889  [6.0s]
   median nu  = 0.158
   median |eta| = 1.847
  rho=0.51808 (4/20)
    fp=0.0072 tp=0.1333  [6.0s]
   median nu  = 0.188
   median |eta| = 1.675
  rho=0.45895 (5/20)
    fp=0.0105 tp=0.1778  [5.9s]
   median nu  = 0.239
   median |eta| = 1.549
  rho=0.40657 (6/20)
    fp=0.0167 tp=0.2556  [5.8s]
   median nu  = 0.297
   median |eta| = 1.353
  rho=0.36017 (7/20)
    fp=0.0237 tp=0.2778  [5.8s]
   median nu  = 0.345
   median |eta| = 1.132
  rho=0.31906 (8/20)
    fp=0.0356 tp=0.3444  [6.0s]
   median nu  = 0.381
   median |eta| = 0.988
  rho=0.28264 (9/20)
    fp=0.0475 tp=0.3778  [5.7s]
   median nu  = 0.419
   median |eta| = 0.836
  rho=0.25038 (10/20)
    fp=0.0628 tp=0.4222  [5.7s]
   median nu  = 0.448
   median |eta| = 0.791
  rho=0.22181 (11/20)
    fp=0.0817 tp=0.4667  [6.1s]
   median nu  = 0.501
   median |eta| = 0.682
  rho=0.19649 (12/20)
    fp=0.1039 tp=0.5333  [6.1s]
   median nu  = 0.557
   median |eta| = 0.565
  rho=0.17407 (13/20)
    fp=0.1249 tp=0.6111  [6.0s]
   median nu  = 0.611
   median |eta| = 0.454
  rho=0.15420 (14/20)
    fp=0.1440 tp=0.6444  [6.0s]
   median nu  = 0.663
   median |eta| = 0.355
  rho=0.13660 (15/20)
    fp=0.1646 tp=0.6889  [5.8s]
   median nu  = 0.728
   median |eta| = 0.251
  rho=0.12101 (16/20)
    fp=0.1823 tp=0.7000  [5.8s]
   median nu  = 0.794
   median |eta| = 0.186
  rho=0.10720 (17/20)
    fp=0.2027 tp=0.7222  [5.6s]
   median nu  = 0.869
   median |eta| = 0.176
  rho=0.09496 (18/20)
    fp=0.2210 tp=0.7667  [5.6s]
   median nu  = 0.937
   median |eta| = 0.123
  rho=0.08412 (19/20)
    fp=0.2385 tp=0.7667  [5.5s]
   median nu  = 1.025
   median |eta| = 0.085
  rho=0.07452 (20/20)
    fp=0.2531 tp=0.7889  [5.4s]
   median nu  = 1.124
   median |eta| = 0.056
  rho=0.06602 (21/21)  [extra 1/50]
    fp=0.2626 tp=0.8000  [5.3s]
   median nu  = 1.251
   median |eta| = 0.038
  rho=0.05848 (22/22)  [extra 2/50]
    fp=0.2782 tp=0.8333  [5.2s]
   median nu  = 1.365
   median |eta| = 0.03
  rho=0.05181 (23/23)  [extra 3/50]
    fp=0.2918 tp=0.8222  [5.2s]
   median nu  = 1.494
   median |eta| = 0.022
  rho=0.04590 (24/24)  [extra 4/50]
    fp=0.3031 tp=0.8444  [5.1s]
   median nu  = 1.606
   median |eta| = 0.017
  FPR 0.3031 >= fp_end=0.3; stopping after 24 fits
  grid extended by 4 points down to rho=0.04590, ending at FPR 0.3031
  pilot fit of run_em_exact at rho=0.30349
  -> rho_max = max|S_ij| (off-diag) = 0.73909
  rho grid: [0.73908848 0.65473394 0.58000705 0.51380899 0.45516632 0.40321672
 0.35719631 0.31642834 0.28031336 0.2483203  0.21997871 0.19487183
 0.17263048 0.15292761 0.13547349 0.12001147 0.10631417 0.0941802
 0.08343111 0.07390885]
Running run_em_exact over 20 rho values, extending until FPR >= 0.3...
  rho=0.73909 (1/20)
    fp=0.0008 tp=0.0222  [6.1s]
   median nu  = 0.112
   median |eta| = 2.25
  rho=0.65473 (2/20)
    fp=0.0023 tp=0.0556  [6.1s]
   median nu  = 0.134
   median |eta| = 2.002
  rho=0.58001 (3/20)
    fp=0.0045 tp=0.0889  [6.0s]
   median nu  = 0.161
   median |eta| = 1.781
  rho=0.51381 (4/20)
    fp=0.0072 tp=0.1333  [5.9s]
   median nu  = 0.191
   median |eta| = 1.629
  rho=0.45517 (5/20)
    fp=0.0109 tp=0.1778  [5.8s]
   median nu  = 0.244
   median |eta| = 1.384
  rho=0.40322 (6/20)
    fp=0.0173 tp=0.2556  [5.8s]
   median nu  = 0.305
   median |eta| = 1.115
  rho=0.35720 (7/20)
    fp=0.0237 tp=0.2778  [5.7s]
   median nu  = 0.359
   median |eta| = 0.965
  rho=0.31643 (8/20)
    fp=0.0379 tp=0.3444  [5.6s]
   median nu  = 0.405
   median |eta| = 0.807
  rho=0.28031 (9/20)
    fp=0.0494 tp=0.3778  [5.4s]
   median nu  = 0.456
   median |eta| = 0.677
  rho=0.24832 (10/20)
    fp=0.0652 tp=0.4333  [5.3s]
   median nu  = 0.505
   median |eta| = 0.515
  rho=0.21998 (11/20)
    fp=0.0872 tp=0.4778  [5.3s]
   median nu  = 0.551
   median |eta| = 0.363
  rho=0.19487 (12/20)
    fp=0.1082 tp=0.5444  [5.5s]
   median nu  = 0.617
   median |eta| = 0.251
  rho=0.17263 (13/20)
    fp=0.1276 tp=0.6222  [5.4s]
   median nu  = 0.692
   median |eta| = 0.178
  rho=0.15293 (14/20)
    fp=0.1479 tp=0.6778  [5.3s]
   median nu  = 0.751
   median |eta| = 0.118
  rho=0.13547 (15/20)
    fp=0.1671 tp=0.6889  [5.2s]
   median nu  = 0.819
   median |eta| = 0.086
  rho=0.12001 (16/20)
    fp=0.1844 tp=0.7000  [5.1s]
   median nu  = 0.909
   median |eta| = 0.067
  rho=0.10631 (17/20)
    fp=0.2037 tp=0.7556  [5.0s]
   median nu  = 1.023
   median |eta| = 0.054
  rho=0.09418 (18/20)
    fp=0.2214 tp=0.7778  [5.0s]
   median nu  = 1.099
   median |eta| = 0.042
  rho=0.08343 (19/20)
    fp=0.2362 tp=0.7889  [4.9s]
   median nu  = 1.186
   median |eta| = 0.031
  rho=0.07391 (20/20)
    fp=0.2516 tp=0.8000  [3.6s]
   median nu  = 1.28
   median |eta| = 0.025
  rho=0.06547 (21/21)  [extra 1/50]
    fp=0.2623 tp=0.8000  [2.8s]
   median nu  = 1.375
   median |eta| = 0.02
  rho=0.05800 (22/22)  [extra 2/50]
    fp=0.2774 tp=0.8111  [2.4s]
   median nu  = 1.459
   median |eta| = 0.014
  rho=0.05138 (23/23)  [extra 3/50]
    fp=0.2907 tp=0.8111  [2.0s]
   median nu  = 1.591
   median |eta| = 0.009
  rho=0.04552 (24/24)  [extra 4/50]
    fp=0.3039 tp=0.8222  [1.7s]
   median nu  = 1.731
   median |eta| = 0.008
  FPR 0.3039 >= fp_end=0.3; stopping after 24 fits
  grid extended by 4 points down to rho=0.04552, ending at FPR 0.3039
  graphical_lasso rho_max = max|S_ij| (off-diag) = 1.66506
  rho grid: [1.66506095 1.4750222  1.30667318 1.15753838 1.02542481 0.90838978
 0.80471234 0.71286794 0.63150603 0.55943022 0.49558066 0.43901844
 0.38891186 0.3445241  0.30520246 0.27036872 0.23951067 0.21217455
 0.18795839 0.16650609]
Running graphical_lasso over 20 rho values, extending until FPR >= 0.3...
  rho=1.66506 (1/20)
    fp=0.0000 tp=0.0000  [0.0s]
  rho=1.47502 (2/20)
    fp=0.0004 tp=0.0000  [0.0s]
  rho=1.30667 (3/20)
    fp=0.0006 tp=0.0111  [0.0s]
  rho=1.15754 (4/20)
    fp=0.0016 tp=0.0111  [4.9s]
  rho=1.02542 (5/20)
    fp=0.0033 tp=0.0111  [4.8s]
  rho=0.90839 (6/20)
    fp=0.0056 tp=0.0222  [4.8s]
  rho=0.80471 (7/20)
    fp=0.0084 tp=0.0333  [0.0s]
  rho=0.71287 (8/20)
    fp=0.0136 tp=0.0778  [4.8s]
  rho=0.63151 (9/20)
    fp=0.0214 tp=0.1333  [4.8s]
  rho=0.55943 (10/20)
    fp=0.0337 tp=0.1778  [4.8s]
  rho=0.49558 (11/20)
    fp=0.0475 tp=0.2889  [4.7s]
  rho=0.43902 (12/20)
    fp=0.0648 tp=0.3222  [4.7s]
  rho=0.38891 (13/20)
    fp=0.0848 tp=0.3556  [4.8s]
  rho=0.34452 (14/20)
    fp=0.1121 tp=0.4111  [0.0s]
  rho=0.30520 (15/20)
    fp=0.1461 tp=0.5111  [0.0s]
  rho=0.27037 (16/20)
    fp=0.1792 tp=0.6000  [0.1s]
  rho=0.23951 (17/20)
    fp=0.2121 tp=0.6444  [0.0s]
  rho=0.21217 (18/20)
    fp=0.2475 tp=0.6889  [0.0s]
  rho=0.18796 (19/20)
    fp=0.2798 tp=0.7222  [0.0s]
  rho=0.16651 (20/20)
    fp=0.3130 tp=0.7333  [0.1s]
  FPR 0.3130 >= fp_end=0.3; stopping after 20 fits
  [note] 9/20 fits hit a glasso ConvergenceWarning (suppressed)

(p=100, n=50) over 10 replicates
  t+lasso  (run_em_diagonal):    AUC = 0.198 (SE 0.005)
  ~t+lasso (run_em_exact):       AUC = 0.198 (SE 0.005)
  tlasso   (run_tlasso):         AUC = 0.144 (SE 0.005)
  t*lasso  (run_tstar_varlasso): AUC = 0.194 (SE 0.005)
  glasso   (graphical_lasso):    AUC = 0.144 (SE 0.006)
Replicate 11/50
  Theta: 120/4950 edges
  pilot fit of run_tlasso at rho=30.34854
  -> rho_max = max|S_ij| (off-diag) = 27.02599
  [warn] pilot rho 30.34854 > rho_max 27.02599: it falls off the top of this method's grid
  rho grid: [27.02598903 23.94142616 21.20891435 18.78827288 16.643907   14.74428447
 13.06147196 11.57072424 10.25012035  9.08024122  8.04388414  7.12580983
  6.31251828  5.59205031  4.95381166  4.38841723  3.88755309  3.44385418
  3.05079605  2.7025989 ]
Running run_tlasso over 20 rho values, extending until FPR >= 0.3...
  rho=27.02599 (1/20)
    fp=0.0000 tp=0.0000  [0.0s]
   nu  = 3.0000
  rho=23.94143 (2/20)
    fp=0.0006 tp=0.0000  [0.1s]
   nu  = 3.0000
  rho=21.20891 (3/20)
    fp=0.0006 tp=0.0000  [0.1s]
   nu  = 3.0000
  rho=18.78827 (4/20)
    fp=0.0012 tp=0.0000  [0.1s]
   nu  = 3.0000
  rho=16.64391 (5/20)
    fp=0.0012 tp=0.0000  [0.1s]
   nu  = 3.0000
  rho=14.74428 (6/20)
    fp=0.0017 tp=0.0083  [0.1s]
   nu  = 3.0000
  rho=13.06147 (7/20)
    fp=0.0023 tp=0.0167  [0.1s]
   nu  = 3.0000
  rho=11.57072 (8/20)
    fp=0.0039 tp=0.0250  [0.1s]
   nu  = 3.0000
  rho=10.25012 (9/20)
    fp=0.0052 tp=0.0333  [0.1s]
   nu  = 3.0000
  rho=9.08024 (10/20)
    fp=0.0075 tp=0.0500  [0.1s]
   nu  = 3.0000
  rho=8.04388 (11/20)
    fp=0.0095 tp=0.0667  [0.1s]
   nu  = 3.0000
  rho=7.12581 (12/20)
    fp=0.0159 tp=0.0917  [0.1s]
   nu  = 3.0000
  rho=6.31252 (13/20)
    fp=0.0228 tp=0.1417  [0.1s]
   nu  = 3.0000
  rho=5.59205 (14/20)
    fp=0.0323 tp=0.1833  [0.1s]
   nu  = 3.0000
  rho=4.95381 (15/20)
    fp=0.0468 tp=0.2167  [0.1s]
   nu  = 3.0000
  rho=4.38842 (16/20)
    fp=0.0702 tp=0.2833  [0.1s]
   nu  = 3.0000
  rho=3.88755 (17/20)
    fp=0.0967 tp=0.4000  [0.2s]
   nu  = 3.0000
  rho=3.44385 (18/20)
    fp=0.1267 tp=0.4750  [0.2s]
   nu  = 3.0000
  rho=3.05080 (19/20)
    fp=0.1658 tp=0.5750  [0.2s]
   nu  = 3.0000
  rho=2.70260 (20/20)
    fp=0.2089 tp=0.6333  [0.3s]
   nu  = 3.0000
  rho=2.39414 (21/21)  [extra 1/50]
    fp=0.2470 tp=0.6500  [0.3s]
   nu  = 3.0000
  rho=2.12089 (22/22)  [extra 2/50]
    fp=0.2913 tp=0.7000  [0.3s]
   nu  = 3.0000
  rho=1.87883 (23/23)  [extra 3/50]
    fp=0.3329 tp=0.7583  [0.3s]
   nu  = 3.0000
  FPR 0.3329 >= fp_end=0.3; stopping after 23 fits
  grid extended by 3 points down to rho=1.87883, ending at FPR 0.3329
  pilot fit of run_tstar_varlasso at rho=0.30349
  -> rho_max = max|S_ij| (off-diag) = 0.64707
  rho grid: [0.64707291 0.5732204  0.50779692 0.44984042 0.39849869 0.35301676
 0.31272582 0.27703342 0.24541471 0.21740474 0.19259164 0.17061054
 0.15113821 0.13388832 0.11860722 0.10507019 0.0930782  0.08245488
 0.07304404 0.06470729]
Running run_tstar_varlasso over 20 rho values, extending until FPR >= 0.3...
  rho=0.64707 (1/20)
    fp=0.0000 tp=0.0167  [0.1s]
   nu  = 3.0000
  rho=0.57322 (2/20)
    fp=0.0002 tp=0.0167  [0.0s]
   nu  = 3.0000
  rho=0.50780 (3/20)
    fp=0.0004 tp=0.0250  [0.0s]
   nu  = 3.0000
  rho=0.44984 (4/20)
    fp=0.0010 tp=0.0417  [0.0s]
   nu  = 3.0000
  rho=0.39850 (5/20)
    fp=0.0023 tp=0.0500  [0.0s]
   nu  = 3.0000
  rho=0.35302 (6/20)
    fp=0.0046 tp=0.0917  [0.0s]
   nu  = 3.0000
  rho=0.31273 (7/20)
    fp=0.0081 tp=0.1000  [0.1s]
   nu  = 3.0000
  rho=0.27703 (8/20)
    fp=0.0145 tp=0.1667  [0.1s]
   nu  = 3.0000
  rho=0.24541 (9/20)
    fp=0.0242 tp=0.2417  [0.1s]
   nu  = 3.0000
  rho=0.21740 (10/20)
    fp=0.0344 tp=0.3250  [0.1s]
   nu  = 3.0000
  rho=0.19259 (11/20)
    fp=0.0499 tp=0.3583  [0.1s]
   nu  = 3.0000
  rho=0.17061 (12/20)
    fp=0.0652 tp=0.4083  [0.1s]
   nu  = 3.0000
  rho=0.15114 (13/20)
    fp=0.0841 tp=0.4750  [0.1s]
   nu  = 3.0000
  rho=0.13389 (14/20)
    fp=0.1054 tp=0.5167  [0.1s]
   nu  = 3.0000
  rho=0.11861 (15/20)
    fp=0.1317 tp=0.5833  [0.1s]
   nu  = 3.0000
  rho=0.10507 (16/20)
    fp=0.1557 tp=0.6417  [0.1s]
   nu  = 3.0000
  rho=0.09308 (17/20)
    fp=0.1776 tp=0.6583  [0.1s]
   nu  = 3.0000
  rho=0.08245 (18/20)
    fp=0.2008 tp=0.6833  [0.1s]
   nu  = 3.0000
  rho=0.07304 (19/20)
    fp=0.2263 tp=0.7083  [0.1s]
   nu  = 3.0000
  rho=0.06471 (20/20)
    fp=0.2482 tp=0.7333  [0.1s]
   nu  = 3.0000
  rho=0.05732 (21/21)  [extra 1/50]
    fp=0.2708 tp=0.7667  [0.1s]
   nu  = 3.0000
  rho=0.05078 (22/22)  [extra 2/50]
    fp=0.2940 tp=0.7750  [0.1s]
   nu  = 3.0000
  rho=0.04498 (23/23)  [extra 3/50]
    fp=0.3168 tp=0.8167  [0.1s]
   nu  = 3.0000
  FPR 0.3168 >= fp_end=0.3; stopping after 23 fits
  grid extended by 3 points down to rho=0.04498, ending at FPR 0.3168
  pilot fit of run_em_diagonal at rho=0.30349
  -> rho_max = max|S_ij| (off-diag) = 0.80905
  rho grid: [0.8090533  0.71671345 0.63491264 0.56244803 0.49825403 0.4413867
 0.39100982 0.34638261 0.30684885 0.27182721 0.2408027  0.21331911
 0.18897232 0.1674043  0.14829791 0.13137219 0.11637826 0.10309564
 0.091329   0.08090533]
Running run_em_diagonal over 20 rho values, extending until FPR >= 0.3...
  rho=0.80905 (1/20)
    fp=0.0004 tp=0.0167  [6.0s]
   median nu  = 0.082
   median |eta| = 2.786
  rho=0.71671 (2/20)
    fp=0.0010 tp=0.0250  [6.1s]
   median nu  = 0.096
   median |eta| = 2.735
  rho=0.63491 (3/20)
    fp=0.0017 tp=0.0333  [5.9s]
   median nu  = 0.114
   median |eta| = 2.396
  rho=0.56245 (4/20)
    fp=0.0027 tp=0.0583  [5.9s]
   median nu  = 0.137
   median |eta| = 2.067
  rho=0.49825 (5/20)
    fp=0.0046 tp=0.0833  [5.9s]
   median nu  = 0.169
   median |eta| = 1.854
  rho=0.44139 (6/20)
    fp=0.0081 tp=0.1000  [5.9s]
   median nu  = 0.208
   median |eta| = 1.696
  rho=0.39101 (7/20)
    fp=0.0133 tp=0.1250  [5.9s]
   median nu  = 0.237
   median |eta| = 1.484
  rho=0.34638 (8/20)
    fp=0.0215 tp=0.1750  [5.9s]
   median nu  = 0.267
   median |eta| = 1.239
  rho=0.30685 (9/20)
    fp=0.0325 tp=0.2500  [5.9s]
   median nu  = 0.326
   median |eta| = 1.082
  rho=0.27183 (10/20)
    fp=0.0416 tp=0.3083  [5.8s]
   median nu  = 0.39
   median |eta| = 0.905
  rho=0.24080 (11/20)
    fp=0.0561 tp=0.3750  [5.7s]
   median nu  = 0.454
   median |eta| = 0.682
  rho=0.21332 (12/20)
    fp=0.0708 tp=0.4167  [5.6s]
   median nu  = 0.496
   median |eta| = 0.6
  rho=0.18897 (13/20)
    fp=0.0857 tp=0.4667  [5.5s]
   median nu  = 0.564
   median |eta| = 0.472
  rho=0.16740 (14/20)
    fp=0.1029 tp=0.5250  [5.4s]
   median nu  = 0.619
   median |eta| = 0.363
  rho=0.14830 (15/20)
    fp=0.1193 tp=0.5583  [5.3s]
   median nu  = 0.675
   median |eta| = 0.295
  rho=0.13137 (16/20)
    fp=0.1383 tp=0.6167  [5.2s]
   median nu  = 0.785
   median |eta| = 0.229
  rho=0.11638 (17/20)
    fp=0.1555 tp=0.6417  [5.1s]
   median nu  = 0.866
   median |eta| = 0.171
  rho=0.10310 (18/20)
    fp=0.1743 tp=0.6583  [5.1s]
   median nu  = 0.931
   median |eta| = 0.128
  rho=0.09133 (19/20)
    fp=0.1907 tp=0.6833  [5.5s]
   median nu  = 1.02
   median |eta| = 0.093
  rho=0.08091 (20/20)
    fp=0.2062 tp=0.7167  [5.4s]
   median nu  = 1.116
   median |eta| = 0.072
  rho=0.07167 (21/21)  [extra 1/50]
    fp=0.2232 tp=0.7250  [5.4s]
   median nu  = 1.22
   median |eta| = 0.058
  rho=0.06349 (22/22)  [extra 2/50]
    fp=0.2360 tp=0.7417  [5.3s]
   median nu  = 1.306
   median |eta| = 0.042
  rho=0.05624 (23/23)  [extra 3/50]
    fp=0.2476 tp=0.7667  [5.3s]
   median nu  = 1.401
   median |eta| = 0.031
  rho=0.04983 (24/24)  [extra 4/50]
    fp=0.2621 tp=0.7833  [5.2s]
   median nu  = 1.507
   median |eta| = 0.025
  rho=0.04414 (25/25)  [extra 5/50]
    fp=0.2797 tp=0.7833  [5.1s]
   median nu  = 1.653
   median |eta| = 0.019
  rho=0.03910 (26/26)  [extra 6/50]
    fp=0.2865 tp=0.7917  [5.1s]
   median nu  = 1.757
   median |eta| = 0.014
  rho=0.03464 (27/27)  [extra 7/50]
    fp=0.2988 tp=0.7917  [5.0s]
   median nu  = 1.895
   median |eta| = 0.01
  rho=0.03068 (28/28)  [extra 8/50]
    fp=0.3093 tp=0.8000  [5.0s]
   median nu  = 2.016
   median |eta| = 0.008
  FPR 0.3093 >= fp_end=0.3; stopping after 28 fits
  grid extended by 8 points down to rho=0.03068, ending at FPR 0.3093
  pilot fit of run_em_exact at rho=0.30349
  -> rho_max = max|S_ij| (off-diag) = 0.83849
  rho grid: [0.83848964 0.74279012 0.6580131  0.58291195 0.51638234 0.45744597
 0.40523619 0.35898528 0.31801314 0.28171728 0.24956398 0.22108045
 0.19584782 0.17349508 0.15369353 0.136152   0.12061253 0.10684664
 0.09465189 0.08384896]
Running run_em_exact over 20 rho values, extending until FPR >= 0.3...
  rho=0.83849 (1/20)
    fp=0.0002 tp=0.0167  [6.1s]
   median nu  = 0.079
   median |eta| = 2.883
  rho=0.74279 (2/20)
    fp=0.0008 tp=0.0250  [6.1s]
   median nu  = 0.091
   median |eta| = 2.721
  rho=0.65801 (3/20)
    fp=0.0014 tp=0.0250  [6.0s]
   median nu  = 0.108
   median |eta| = 2.346
  rho=0.58291 (4/20)
    fp=0.0025 tp=0.0417  [5.9s]
   median nu  = 0.129
   median |eta| = 2.063
  rho=0.51638 (5/20)
    fp=0.0039 tp=0.0667  [6.0s]
   median nu  = 0.158
   median |eta| = 1.822
  rho=0.45745 (6/20)
    fp=0.0072 tp=0.1000  [5.8s]
   median nu  = 0.198
   median |eta| = 1.584
  rho=0.40524 (7/20)
    fp=0.0116 tp=0.1083  [5.8s]
   median nu  = 0.252
   median |eta| = 1.362
  rho=0.35899 (8/20)
    fp=0.0184 tp=0.1750  [5.7s]
   median nu  = 0.317
   median |eta| = 1.018
  rho=0.31801 (9/20)
    fp=0.0294 tp=0.2083  [5.6s]
   median nu  = 0.382
   median |eta| = 0.787
  rho=0.28172 (10/20)
    fp=0.0400 tp=0.3000  [5.5s]
   median nu  = 0.433
   median |eta| = 0.597
  rho=0.24956 (11/20)
    fp=0.0520 tp=0.3833  [5.3s]
   median nu  = 0.52
   median |eta| = 0.442
  rho=0.22108 (12/20)
    fp=0.0685 tp=0.4167  [5.1s]
   median nu  = 0.578
   median |eta| = 0.342
  rho=0.19585 (13/20)
    fp=0.0851 tp=0.4583  [5.0s]
   median nu  = 0.645
   median |eta| = 0.252
  rho=0.17350 (14/20)
    fp=0.1010 tp=0.5333  [5.2s]
   median nu  = 0.722
   median |eta| = 0.181
  rho=0.15369 (15/20)
    fp=0.1161 tp=0.5583  [5.3s]
   median nu  = 0.804
   median |eta| = 0.126
  rho=0.13615 (16/20)
    fp=0.1333 tp=0.5833  [5.2s]
   median nu  = 0.873
   median |eta| = 0.092
  rho=0.12061 (17/20)
    fp=0.1499 tp=0.6333  [5.1s]
   median nu  = 0.957
   median |eta| = 0.069
  rho=0.10685 (18/20)
    fp=0.1698 tp=0.6500  [5.0s]
   median nu  = 1.064
   median |eta| = 0.046
  rho=0.09465 (19/20)
    fp=0.1849 tp=0.6750  [4.9s]
   median nu  = 1.151
   median |eta| = 0.036
  rho=0.08385 (20/20)
    fp=0.2023 tp=0.7000  [4.1s]
   median nu  = 1.234
   median |eta| = 0.027
  rho=0.07428 (21/21)  [extra 1/50]
    fp=0.2168 tp=0.7250  [3.4s]
   median nu  = 1.321
   median |eta| = 0.02
  rho=0.06580 (22/22)  [extra 2/50]
    fp=0.2313 tp=0.7417  [2.7s]
   median nu  = 1.426
   median |eta| = 0.016
  rho=0.05829 (23/23)  [extra 3/50]
    fp=0.2447 tp=0.7667  [2.2s]
   median nu  = 1.543
   median |eta| = 0.013
  rho=0.05164 (24/24)  [extra 4/50]
    fp=0.2580 tp=0.7917  [1.8s]
   median nu  = 1.672
   median |eta| = 0.01
  rho=0.04574 (25/25)  [extra 5/50]
    fp=0.2692 tp=0.8000  [1.5s]
   median nu  = 1.811
   median |eta| = 0.007
  rho=0.04052 (26/26)  [extra 6/50]
    fp=0.2847 tp=0.8083  [1.4s]
   median nu  = 1.946
   median |eta| = 0.006
  rho=0.03590 (27/27)  [extra 7/50]
    fp=0.2928 tp=0.8083  [1.4s]
   median nu  = 2.066
   median |eta| = 0.004
  rho=0.03180 (28/28)  [extra 8/50]
    fp=0.3039 tp=0.8167  [1.3s]
   median nu  = 2.212
   median |eta| = 0.003
  FPR 0.3039 >= fp_end=0.3; stopping after 28 fits
  grid extended by 8 points down to rho=0.03180, ending at FPR 0.3039
  graphical_lasso rho_max = max|S_ij| (off-diag) = 2.15029
  rho grid: [2.15028883 1.90486947 1.6874606  1.49486531 1.32425153 1.17311045
 1.03921959 0.92061012 0.81553794 0.72245797 0.64000153 0.5669561
 0.50224758 0.44492445 0.3941438  0.3491589  0.30930827 0.27400593
 0.24273275 0.21502888]
Running graphical_lasso over 20 rho values, extending until FPR >= 0.3...
  rho=2.15029 (1/20)
    fp=0.0000 tp=0.0000  [0.0s]
  rho=1.90487 (2/20)
    fp=0.0004 tp=0.0000  [0.0s]
  rho=1.68746 (3/20)
    fp=0.0006 tp=0.0000  [0.0s]
  rho=1.49487 (4/20)
    fp=0.0010 tp=0.0000  [4.8s]
  rho=1.32425 (5/20)
    fp=0.0010 tp=0.0000  [0.0s]
  rho=1.17311 (6/20)
    fp=0.0019 tp=0.0000  [4.8s]
  rho=1.03922 (7/20)
    fp=0.0031 tp=0.0083  [4.7s]
  rho=0.92061 (8/20)
    fp=0.0039 tp=0.0167  [4.7s]
  rho=0.81554 (9/20)
    fp=0.0060 tp=0.0250  [4.8s]
  rho=0.72246 (10/20)
    fp=0.0081 tp=0.0500  [0.0s]
  rho=0.64000 (11/20)
    fp=0.0141 tp=0.0917  [4.8s]
  rho=0.56696 (12/20)
    fp=0.0244 tp=0.1417  [4.8s]
  rho=0.50225 (13/20)
    fp=0.0377 tp=0.1917  [4.8s]
  rho=0.44492 (14/20)
    fp=0.0555 tp=0.2667  [4.8s]
  rho=0.39414 (15/20)
    fp=0.0760 tp=0.3167  [0.0s]
  rho=0.34916 (16/20)
    fp=0.0994 tp=0.3833  [0.0s]
  rho=0.30931 (17/20)
    fp=0.1286 tp=0.4500  [0.0s]
  rho=0.27401 (18/20)
    fp=0.1542 tp=0.5250  [0.0s]
  rho=0.24273 (19/20)
    fp=0.1845 tp=0.5917  [0.0s]
  rho=0.21503 (20/20)
    fp=0.2155 tp=0.6333  [0.0s]
  rho=0.19049 (21/21)  [extra 1/50]
    fp=0.2493 tp=0.6833  [0.0s]
  rho=0.16875 (22/22)  [extra 2/50]
    fp=0.2859 tp=0.7250  [0.1s]
  rho=0.14949 (23/23)  [extra 3/50]
    fp=0.3193 tp=0.7500  [0.0s]
  FPR 0.3193 >= fp_end=0.3; stopping after 23 fits
  [note] 9/23 fits hit a glasso ConvergenceWarning (suppressed)
  grid extended by 3 points down to rho=0.14949, ending at FPR 0.3193

(p=100, n=50) over 11 replicates
  t+lasso  (run_em_diagonal):    AUC = 0.195 (SE 0.005)
  ~t+lasso (run_em_exact):       AUC = 0.196 (SE 0.005)
  tlasso   (run_tlasso):         AUC = 0.144 (SE 0.005)
  t*lasso  (run_tstar_varlasso): AUC = 0.191 (SE 0.005)
  glasso   (graphical_lasso):    AUC = 0.144 (SE 0.005)
Replicate 12/50
  Theta: 81/4950 edges
  pilot fit of run_tlasso at rho=30.34854
  -> rho_max = max|S_ij| (off-diag) = 38.18151
  rho grid: [38.18151296 33.82373434 29.96332298 26.54351276 23.51401645 20.83028628
 18.45285885 16.34677485 14.48106497 12.82829454 11.36416011 10.06713205
  8.91813795  7.90028225  6.99859768  6.19982526  5.49221931  4.86537469
  4.31007386  3.8181513 ]
Running run_tlasso over 20 rho values, extending until FPR >= 0.3...
  rho=38.18151 (1/20)
    fp=0.0004 tp=0.0000  [0.1s]
   nu  = 3.0000
  rho=33.82373 (2/20)
    fp=0.0008 tp=0.0000  [0.1s]
   nu  = 3.0000
  rho=29.96332 (3/20)
    fp=0.0008 tp=0.0000  [0.1s]
   nu  = 3.0000
  rho=26.54351 (4/20)
    fp=0.0012 tp=0.0000  [0.1s]
   nu  = 3.0000
  rho=23.51402 (5/20)
    fp=0.0014 tp=0.0000  [0.1s]
   nu  = 3.0000
  rho=20.83029 (6/20)
    fp=0.0018 tp=0.0123  [0.1s]
   nu  = 3.0000
  rho=18.45286 (7/20)
    fp=0.0029 tp=0.0123  [0.1s]
   nu  = 3.0000
  rho=16.34677 (8/20)
    fp=0.0041 tp=0.0123  [0.1s]
   nu  = 3.0000
  rho=14.48106 (9/20)
    fp=0.0053 tp=0.0247  [0.1s]
   nu  = 3.0000
  rho=12.82829 (10/20)
    fp=0.0074 tp=0.0494  [0.1s]
   nu  = 3.0000
  rho=11.36416 (11/20)
    fp=0.0097 tp=0.0864  [0.1s]
   nu  = 3.0000
  rho=10.06713 (12/20)
    fp=0.0127 tp=0.1605  [0.1s]
   nu  = 3.0000
  rho=8.91814 (13/20)
    fp=0.0187 tp=0.2222  [0.1s]
   nu  = 3.0000
  rho=7.90028 (14/20)
    fp=0.0257 tp=0.2346  [0.1s]
   nu  = 3.0000
  rho=6.99860 (15/20)
    fp=0.0357 tp=0.2716  [0.1s]
   nu  = 3.0000
  rho=6.19983 (16/20)
    fp=0.0479 tp=0.2963  [0.1s]
   nu  = 3.0000
  rho=5.49222 (17/20)
    fp=0.0624 tp=0.3704  [0.1s]
   nu  = 3.0000
  rho=4.86537 (18/20)
    fp=0.0887 tp=0.4691  [0.2s]
   nu  = 3.0000
  rho=4.31007 (19/20)
    fp=0.1136 tp=0.5432  [0.3s]
   nu  = 3.0000
  rho=3.81815 (20/20)
    fp=0.1510 tp=0.6173  [0.2s]
   nu  = 3.0000
  rho=3.38237 (21/21)  [extra 1/50]
    fp=0.1955 tp=0.6914  [0.3s]
   nu  = 3.0000
  rho=2.99633 (22/22)  [extra 2/50]
    fp=0.2428 tp=0.7284  [0.3s]
   nu  = 3.0000
  rho=2.65435 (23/23)  [extra 3/50]
    fp=0.2861 tp=0.7654  [0.4s]
   nu  = 3.0000
  rho=2.35140 (24/24)  [extra 4/50]
    fp=0.3292 tp=0.8025  [0.4s]
   nu  = 3.0000
  FPR 0.3292 >= fp_end=0.3; stopping after 24 fits
  grid extended by 4 points down to rho=2.35140, ending at FPR 0.3292
  pilot fit of run_tstar_varlasso at rho=0.30349
  -> rho_max = max|S_ij| (off-diag) = 0.59399
  rho grid: [0.59399459 0.52620008 0.46614318 0.41294076 0.36581051 0.32405938
 0.28707344 0.25430883 0.22528375 0.19957139 0.17679367 0.15661564
 0.13874059 0.12290568 0.10887806 0.09645146 0.08544315 0.07569124
 0.06705236 0.05939946]
Running run_tstar_varlasso over 20 rho values, extending until FPR >= 0.3...
  rho=0.59399 (1/20)
    fp=0.0004 tp=0.0000  [0.1s]
   nu  = 3.0000
  rho=0.52620 (2/20)
    fp=0.0010 tp=0.0123  [0.0s]
   nu  = 3.0000
  rho=0.46614 (3/20)
    fp=0.0021 tp=0.1235  [0.0s]
   nu  = 3.0000
  rho=0.41294 (4/20)
    fp=0.0027 tp=0.1728  [0.1s]
   nu  = 3.0000
  rho=0.36581 (5/20)
    fp=0.0053 tp=0.2346  [0.1s]
   nu  = 3.0000
  rho=0.32406 (6/20)
    fp=0.0111 tp=0.2840  [0.1s]
   nu  = 3.0000
  rho=0.28707 (7/20)
    fp=0.0166 tp=0.3457  [0.1s]
   nu  = 3.0000
  rho=0.25431 (8/20)
    fp=0.0261 tp=0.4198  [0.1s]
   nu  = 3.0000
  rho=0.22528 (9/20)
    fp=0.0411 tp=0.5062  [0.1s]
   nu  = 3.0000
  rho=0.19957 (10/20)
    fp=0.0571 tp=0.5802  [0.1s]
   nu  = 3.0000
  rho=0.17679 (11/20)
    fp=0.0766 tp=0.6296  [0.1s]
   nu  = 3.0000
  rho=0.15662 (12/20)
    fp=0.0992 tp=0.6914  [0.1s]
   nu  = 3.0000
  rho=0.13874 (13/20)
    fp=0.1238 tp=0.7407  [0.1s]
   nu  = 3.0000
  rho=0.12291 (14/20)
    fp=0.1518 tp=0.7531  [0.1s]
   nu  = 3.0000
  rho=0.10888 (15/20)
    fp=0.1774 tp=0.8025  [0.1s]
   nu  = 3.0000
  rho=0.09645 (16/20)
    fp=0.2064 tp=0.8272  [0.1s]
   nu  = 3.0000
  rho=0.08544 (17/20)
    fp=0.2313 tp=0.8642  [0.1s]
   nu  = 3.0000
  rho=0.07569 (18/20)
    fp=0.2565 tp=0.8642  [0.1s]
   nu  = 3.0000
  rho=0.06705 (19/20)
    fp=0.2808 tp=0.8765  [0.1s]
   nu  = 3.0000
  rho=0.05940 (20/20)
    fp=0.3027 tp=0.8765  [0.1s]
   nu  = 3.0000
  FPR 0.3027 >= fp_end=0.3; stopping after 20 fits
  pilot fit of run_em_diagonal at rho=0.30349
  -> rho_max = max|S_ij| (off-diag) = 0.78998
  rho grid: [0.78998244 0.69981921 0.6199466  0.5491901  0.48650927 0.43098241
 0.381793   0.33821774 0.29961587 0.26541975 0.23512654 0.20829079
 0.1845179  0.16345828 0.14480226 0.12827551 0.11363502 0.10066549
 0.08917621 0.07899824]
Running run_em_diagonal over 20 rho values, extending until FPR >= 0.3...
  rho=0.78998 (1/20)
    fp=0.0004 tp=0.0247  [5.9s]
   median nu  = 0.152
   median |eta| = 2.143
  rho=0.69982 (2/20)
    fp=0.0006 tp=0.0370  [6.1s]
   median nu  = 0.187
   median |eta| = 1.969
  rho=0.61995 (3/20)
    fp=0.0010 tp=0.0864  [5.9s]
   median nu  = 0.221
   median |eta| = 1.794
  rho=0.54919 (4/20)
    fp=0.0027 tp=0.1605  [5.8s]
   median nu  = 0.264
   median |eta| = 1.596
  rho=0.48651 (5/20)
    fp=0.0051 tp=0.2099  [5.9s]
   median nu  = 0.324
   median |eta| = 1.479
  rho=0.43098 (6/20)
    fp=0.0082 tp=0.2593  [5.9s]
   median nu  = 0.361
   median |eta| = 1.305
  rho=0.38179 (7/20)
    fp=0.0154 tp=0.2963  [5.8s]
   median nu  = 0.385
   median |eta| = 1.122
  rho=0.33822 (8/20)
    fp=0.0218 tp=0.3827  [5.7s]
   median nu  = 0.429
   median |eta| = 0.972
  rho=0.29962 (9/20)
    fp=0.0308 tp=0.4815  [5.6s]
   median nu  = 0.455
   median |eta| = 0.845
  rho=0.26542 (10/20)
    fp=0.0446 tp=0.5432  [5.5s]
   median nu  = 0.479
   median |eta| = 0.685
  rho=0.23513 (11/20)
    fp=0.0583 tp=0.5926  [5.5s]
   median nu  = 0.526
   median |eta| = 0.584
  rho=0.20829 (12/20)
    fp=0.0774 tp=0.6296  [5.4s]
   median nu  = 0.586
   median |eta| = 0.542
  rho=0.18452 (13/20)
    fp=0.0986 tp=0.6667  [5.4s]
   median nu  = 0.626
   median |eta| = 0.488
  rho=0.16346 (14/20)
    fp=0.1199 tp=0.7407  [5.2s]
   median nu  = 0.694
   median |eta| = 0.388
  rho=0.14480 (15/20)
    fp=0.1411 tp=0.7901  [5.1s]
   median nu  = 0.75
   median |eta| = 0.285
  rho=0.12828 (16/20)
    fp=0.1616 tp=0.8025  [5.1s]
   median nu  = 0.812
   median |eta| = 0.214
  rho=0.11364 (17/20)
    fp=0.1805 tp=0.8395  [5.0s]
   median nu  = 0.882
   median |eta| = 0.163
  rho=0.10067 (18/20)
    fp=0.1965 tp=0.8519  [5.4s]
   median nu  = 0.978
   median |eta| = 0.121
  rho=0.08918 (19/20)
    fp=0.2161 tp=0.8519  [4.8s]
   median nu  = 1.088
   median |eta| = 0.093
  rho=0.07900 (20/20)
    fp=0.2333 tp=0.8519  [4.8s]
   median nu  = 1.209
   median |eta| = 0.075
  rho=0.06998 (21/21)  [extra 1/50]
    fp=0.2510 tp=0.8642  [4.7s]
   median nu  = 1.334
   median |eta| = 0.054
  rho=0.06199 (22/22)  [extra 2/50]
    fp=0.2629 tp=0.8765  [4.7s]
   median nu  = 1.453
   median |eta| = 0.039
  rho=0.05492 (23/23)  [extra 3/50]
    fp=0.2746 tp=0.8765  [5.1s]
   median nu  = 1.574
   median |eta| = 0.029
  rho=0.04865 (24/24)  [extra 4/50]
    fp=0.2863 tp=0.8765  [5.1s]
   median nu  = 1.695
   median |eta| = 0.021
  rho=0.04310 (25/25)  [extra 5/50]
    fp=0.2978 tp=0.8889  [5.2s]
   median nu  = 1.826
   median |eta| = 0.016
  rho=0.03818 (26/26)  [extra 6/50]
    fp=0.3097 tp=0.8765  [5.0s]
   median nu  = 1.963
   median |eta| = 0.013
  FPR 0.3097 >= fp_end=0.3; stopping after 26 fits
  grid extended by 6 points down to rho=0.03818, ending at FPR 0.3097
  pilot fit of run_em_exact at rho=0.30349
  -> rho_max = max|S_ij| (off-diag) = 0.80041
  rho grid: [0.8004115  0.70905797 0.62813091 0.55644031 0.49293199 0.43667208
 0.38683329 0.34268277 0.30357129 0.26892372 0.23823059 0.21104057
 0.18695383 0.16561619 0.14671388 0.12996896 0.11513518 0.10199444
 0.09035348 0.08004115]
Running run_em_exact over 20 rho values, extending until FPR >= 0.3...
  rho=0.80041 (1/20)
    fp=0.0004 tp=0.0247  [6.1s]
   median nu  = 0.148
   median |eta| = 2.158
  rho=0.70906 (2/20)
    fp=0.0006 tp=0.0370  [6.0s]
   median nu  = 0.184
   median |eta| = 1.988
  rho=0.62813 (3/20)
    fp=0.0010 tp=0.0864  [5.9s]
   median nu  = 0.225
   median |eta| = 1.751
  rho=0.55644 (4/20)
    fp=0.0027 tp=0.1605  [5.8s]
   median nu  = 0.272
   median |eta| = 1.548
  rho=0.49293 (5/20)
    fp=0.0043 tp=0.1975  [5.8s]
   median nu  = 0.34
   median |eta| = 1.265
  rho=0.43667 (6/20)
    fp=0.0082 tp=0.2593  [5.7s]
   median nu  = 0.391
   median |eta| = 1.077
  rho=0.38683 (7/20)
    fp=0.0150 tp=0.2963  [5.6s]
   median nu  = 0.422
   median |eta| = 0.938
  rho=0.34268 (8/20)
    fp=0.0220 tp=0.3580  [5.4s]
   median nu  = 0.453
   median |eta| = 0.745
  rho=0.30357 (9/20)
    fp=0.0306 tp=0.4691  [5.3s]
   median nu  = 0.495
   median |eta| = 0.582
  rho=0.26892 (10/20)
    fp=0.0419 tp=0.5309  [5.1s]
   median nu  = 0.553
   median |eta| = 0.487
  rho=0.23823 (11/20)
    fp=0.0575 tp=0.5926  [5.0s]
   median nu  = 0.613
   median |eta| = 0.376
  rho=0.21104 (12/20)
    fp=0.0741 tp=0.6173  [4.9s]
   median nu  = 0.675
   median |eta| = 0.281
  rho=0.18695 (13/20)
    fp=0.0953 tp=0.6543  [4.7s]
   median nu  = 0.733
   median |eta| = 0.22
  rho=0.16562 (14/20)
    fp=0.1177 tp=0.7284  [4.6s]
   median nu  = 0.809
   median |eta| = 0.152
  rho=0.14671 (15/20)
    fp=0.1384 tp=0.7654  [4.6s]
   median nu  = 0.885
   median |eta| = 0.109
  rho=0.12997 (16/20)
    fp=0.1614 tp=0.8148  [4.6s]
   median nu  = 0.981
   median |eta| = 0.069
  rho=0.11514 (17/20)
    fp=0.1797 tp=0.8395  [4.5s]
   median nu  = 1.089
   median |eta| = 0.05
  rho=0.10199 (18/20)
    fp=0.1931 tp=0.8519  [3.9s]
   median nu  = 1.169
   median |eta| = 0.039
  rho=0.09035 (19/20)
    fp=0.2097 tp=0.8642  [4.2s]
   median nu  = 1.276
   median |eta| = 0.033
  rho=0.08004 (20/20)
    fp=0.2298 tp=0.8642  [3.2s]
   median nu  = 1.387
   median |eta| = 0.023
  rho=0.07091 (21/21)  [extra 1/50]
    fp=0.2423 tp=0.8642  [2.2s]
   median nu  = 1.51
   median |eta| = 0.017
  rho=0.06281 (22/22)  [extra 2/50]
    fp=0.2569 tp=0.8642  [1.5s]
   median nu  = 1.63
   median |eta| = 0.013
  rho=0.05564 (23/23)  [extra 3/50]
    fp=0.2740 tp=0.8642  [1.4s]
   median nu  = 1.74
   median |eta| = 0.01
  rho=0.04929 (24/24)  [extra 4/50]
    fp=0.2886 tp=0.8642  [1.5s]
   median nu  = 1.863
   median |eta| = 0.008
  rho=0.04367 (25/25)  [extra 5/50]
    fp=0.2990 tp=0.8765  [1.4s]
   median nu  = 1.997
   median |eta| = 0.006
  rho=0.03868 (26/26)  [extra 6/50]
    fp=0.3109 tp=0.9012  [1.3s]
   median nu  = 2.138
   median |eta| = 0.005
  FPR 0.3109 >= fp_end=0.3; stopping after 26 fits
  grid extended by 6 points down to rho=0.03868, ending at FPR 0.3109
  graphical_lasso rho_max = max|S_ij| (off-diag) = 3.04161
  rho grid: [3.04161464 2.6944654  2.38693741 2.11450859 1.87317293 1.65938169
 1.46999114 1.30221633 1.1535902  1.02192725 0.90529141 0.8019676
 0.71043646 0.62935207 0.5575221  0.49389031 0.43752102 0.38758534
 0.34334899 0.30416146]
Running graphical_lasso over 20 rho values, extending until FPR >= 0.3...
  rho=3.04161 (1/20)
    fp=0.0000 tp=0.0000  [0.0s]
  rho=2.69447 (2/20)
    fp=0.0006 tp=0.0000  [0.0s]
  rho=2.38694 (3/20)
    fp=0.0008 tp=0.0000  [4.8s]
  rho=2.11451 (4/20)
    fp=0.0012 tp=0.0000  [4.8s]
  rho=1.87317 (5/20)
    fp=0.0014 tp=0.0000  [5.0s]
  rho=1.65938 (6/20)
    fp=0.0016 tp=0.0000  [4.8s]
  rho=1.46999 (7/20)
    fp=0.0027 tp=0.0000  [0.0s]
  rho=1.30222 (8/20)
    fp=0.0037 tp=0.0123  [4.9s]
  rho=1.15359 (9/20)
    fp=0.0055 tp=0.0247  [4.9s]
  rho=1.02193 (10/20)
    fp=0.0074 tp=0.0494  [4.9s]
  rho=0.90529 (11/20)
    fp=0.0119 tp=0.1111  [4.8s]
  rho=0.80197 (12/20)
    fp=0.0181 tp=0.1852  [4.9s]
  rho=0.71044 (13/20)
    fp=0.0296 tp=0.2346  [4.8s]
  rho=0.62935 (14/20)
    fp=0.0415 tp=0.2716  [4.9s]
  rho=0.55752 (15/20)
    fp=0.0536 tp=0.3210  [4.8s]
  rho=0.49389 (16/20)
    fp=0.0723 tp=0.4074  [4.8s]
  rho=0.43752 (17/20)
    fp=0.0949 tp=0.4568  [0.0s]
  rho=0.38759 (18/20)
    fp=0.1208 tp=0.5309  [0.1s]
  rho=0.34335 (19/20)
    fp=0.1487 tp=0.6049  [0.0s]
  rho=0.30416 (20/20)
    fp=0.1818 tp=0.6543  [0.1s]
  rho=0.26945 (21/21)  [extra 1/50]
    fp=0.2198 tp=0.7160  [0.1s]
  rho=0.23869 (22/22)  [extra 2/50]
    fp=0.2528 tp=0.7407  [0.0s]
  rho=0.21145 (23/23)  [extra 3/50]
    fp=0.2836 tp=0.7654  [0.1s]
  rho=0.18732 (24/24)  [extra 4/50]
    fp=0.3196 tp=0.8025  [0.1s]
  FPR 0.3196 >= fp_end=0.3; stopping after 24 fits
  [note] 13/24 fits hit a glasso ConvergenceWarning (suppressed)
  grid extended by 4 points down to rho=0.18732, ending at FPR 0.3196

(p=100, n=50) over 12 replicates
  t+lasso  (run_em_diagonal):    AUC = 0.197 (SE 0.005)
  ~t+lasso (run_em_exact):       AUC = 0.197 (SE 0.005)
  tlasso   (run_tlasso):         AUC = 0.146 (SE 0.005)
  t*lasso  (run_tstar_varlasso): AUC = 0.193 (SE 0.005)
  glasso   (graphical_lasso):    AUC = 0.145 (SE 0.005)
Replicate 13/50
  Theta: 88/4950 edges
  pilot fit of run_tlasso at rho=30.34854
  -> rho_max = max|S_ij| (off-diag) = 257.71874
  rho grid: [257.71873827 228.3044715  202.24734941 179.16421029 158.71562392
 140.60090035 124.55366832 110.33795839  97.74473306  86.58881296
  76.70615382  67.95143429  60.195919    53.32556556  47.23934761
  41.84776925  37.07154903  32.84045415  29.09226772  25.77187383]
Running run_tlasso over 20 rho values, extending until FPR >= 0.3...
  rho=257.71874 (1/20)
    fp=0.0002 tp=0.0000  [0.1s]
   nu  = 3.0000
  rho=228.30447 (2/20)
    fp=0.0002 tp=0.0000  [0.1s]
   nu  = 3.0000
  rho=202.24735 (3/20)
    fp=0.0002 tp=0.0000  [0.1s]
   nu  = 3.0000
  rho=179.16421 (4/20)
    fp=0.0002 tp=0.0000  [0.1s]
   nu  = 3.0000
  rho=158.71562 (5/20)
    fp=0.0002 tp=0.0000  [0.1s]
   nu  = 3.0000
  rho=140.60090 (6/20)
    fp=0.0002 tp=0.0000  [0.1s]
   nu  = 3.0000
  rho=124.55367 (7/20)
    fp=0.0002 tp=0.0000  [0.1s]
   nu  = 3.0000
  rho=110.33796 (8/20)
    fp=0.0002 tp=0.0000  [0.1s]
   nu  = 3.0000
  rho=97.74473 (9/20)
    fp=0.0002 tp=0.0000  [0.1s]
   nu  = 3.0000
  rho=86.58881 (10/20)
    fp=0.0002 tp=0.0000  [0.1s]
   nu  = 3.0000
  rho=76.70615 (11/20)
    fp=0.0002 tp=0.0000  [0.1s]
   nu  = 3.0000
  rho=67.95143 (12/20)
    fp=0.0004 tp=0.0000  [0.1s]
   nu  = 3.0000
  rho=60.19592 (13/20)
    fp=0.0004 tp=0.0000  [0.1s]
   nu  = 3.0000
  rho=53.32557 (14/20)
    fp=0.0004 tp=0.0000  [0.1s]
   nu  = 3.0000
  rho=47.23935 (15/20)
    fp=0.0006 tp=0.0000  [0.1s]
   nu  = 3.0000
  rho=41.84777 (16/20)
    fp=0.0006 tp=0.0000  [0.1s]
   nu  = 3.0000
  rho=37.07155 (17/20)
    fp=0.0008 tp=0.0000  [0.1s]
   nu  = 3.0000
  rho=32.84045 (18/20)
    fp=0.0010 tp=0.0000  [0.1s]
   nu  = 3.0000
  rho=29.09227 (19/20)
    fp=0.0012 tp=0.0000  [0.1s]
   nu  = 3.0000
  rho=25.77187 (20/20)
    fp=0.0021 tp=0.0000  [0.1s]
   nu  = 3.0000
  rho=22.83045 (21/21)  [extra 1/50]
    fp=0.0031 tp=0.0114  [0.1s]
   nu  = 3.0000
  rho=20.22473 (22/22)  [extra 2/50]
    fp=0.0033 tp=0.0114  [0.1s]
   nu  = 3.0000
  rho=17.91642 (23/23)  [extra 3/50]
    fp=0.0041 tp=0.0114  [0.1s]
   nu  = 3.0000
  rho=15.87156 (24/24)  [extra 4/50]
    fp=0.0058 tp=0.0227  [0.1s]
   nu  = 3.0000
  rho=14.06009 (25/25)  [extra 5/50]
    fp=0.0076 tp=0.0455  [0.1s]
   nu  = 3.0000
  rho=12.45537 (26/26)  [extra 6/50]
    fp=0.0107 tp=0.0455  [0.1s]
   nu  = 3.0000
  rho=11.03380 (27/27)  [extra 7/50]
    fp=0.0138 tp=0.0568  [0.1s]
   nu  = 3.0000
  rho=9.77447 (28/28)  [extra 8/50]
    fp=0.0158 tp=0.0909  [0.1s]
   nu  = 3.0000
  rho=8.65888 (29/29)  [extra 9/50]
    fp=0.0204 tp=0.1136  [0.1s]
   nu  = 3.0000
  rho=7.67062 (30/30)  [extra 10/50]
    fp=0.0278 tp=0.1591  [0.1s]
   nu  = 3.0000
  rho=6.79514 (31/31)  [extra 11/50]
    fp=0.0370 tp=0.1932  [0.1s]
   nu  = 3.0000
  rho=6.01959 (32/32)  [extra 12/50]
    fp=0.0510 tp=0.2500  [0.1s]
   nu  = 3.0000
  rho=5.33256 (33/33)  [extra 13/50]
    fp=0.0681 tp=0.2727  [0.1s]
   nu  = 3.0000
  rho=4.72393 (34/34)  [extra 14/50]
    fp=0.0905 tp=0.3409  [0.1s]
   nu  = 3.0000
  rho=4.18478 (35/35)  [extra 15/50]
    fp=0.1211 tp=0.4886  [0.2s]
   nu  = 3.0000
  rho=3.70715 (36/36)  [extra 16/50]
    fp=0.1573 tp=0.5455  [0.3s]
   nu  = 3.0000
  rho=3.28405 (37/37)  [extra 17/50]
    fp=0.2012 tp=0.6250  [0.3s]
   nu  = 3.0000
  rho=2.90923 (38/38)  [extra 18/50]
    fp=0.2413 tp=0.6477  [0.3s]
   nu  = 3.0000
  rho=2.57719 (39/39)  [extra 19/50]
    fp=0.2764 tp=0.6932  [0.3s]
   nu  = 3.0000
  rho=2.28304 (40/40)  [extra 20/50]
    fp=0.3178 tp=0.7273  [0.3s]
   nu  = 3.0000
  FPR 0.3178 >= fp_end=0.3; stopping after 40 fits
  grid extended by 20 points down to rho=2.28304, ending at FPR 0.3178
  pilot fit of run_tstar_varlasso at rho=0.30349
  -> rho_max = max|S_ij| (off-diag) = 0.62580
  rho grid: [0.62580146 0.55437673 0.49110393 0.43505267 0.38539871 0.34141192
 0.30244548 0.26792641 0.23734711 0.21025792 0.18626051 0.165002
 0.14616979 0.12948696 0.1147082  0.10161619 0.0900184  0.07974431
 0.07064284 0.06258015]
Running run_tstar_varlasso over 20 rho values, extending until FPR >= 0.3...
  rho=0.62580 (1/20)
    fp=0.0000 tp=0.0227  [0.1s]
   nu  = 3.0000
  rho=0.55438 (2/20)
    fp=0.0000 tp=0.0455  [0.0s]
   nu  = 3.0000
  rho=0.49110 (3/20)
    fp=0.0002 tp=0.0682  [0.0s]
   nu  = 3.0000
  rho=0.43505 (4/20)
    fp=0.0010 tp=0.0909  [0.0s]
   nu  = 3.0000
  rho=0.38540 (5/20)
    fp=0.0029 tp=0.1591  [0.1s]
   nu  = 3.0000
  rho=0.34141 (6/20)
    fp=0.0066 tp=0.2386  [0.1s]
   nu  = 3.0000
  rho=0.30245 (7/20)
    fp=0.0113 tp=0.2841  [0.1s]
   nu  = 3.0000
  rho=0.26793 (8/20)
    fp=0.0200 tp=0.3182  [0.1s]
   nu  = 3.0000
  rho=0.23735 (9/20)
    fp=0.0329 tp=0.3636  [0.1s]
   nu  = 3.0000
  rho=0.21026 (10/20)
    fp=0.0481 tp=0.4432  [0.1s]
   nu  = 3.0000
  rho=0.18626 (11/20)
    fp=0.0658 tp=0.5000  [0.1s]
   nu  = 3.0000
  rho=0.16500 (12/20)
    fp=0.0891 tp=0.5455  [0.1s]
   nu  = 3.0000
  rho=0.14617 (13/20)
    fp=0.1158 tp=0.6250  [0.1s]
   nu  = 3.0000
  rho=0.12949 (14/20)
    fp=0.1409 tp=0.6591  [0.1s]
   nu  = 3.0000
  rho=0.11471 (15/20)
    fp=0.1654 tp=0.6932  [0.1s]
   nu  = 3.0000
  rho=0.10162 (16/20)
    fp=0.1913 tp=0.7386  [0.1s]
   nu  = 3.0000
  rho=0.09002 (17/20)
    fp=0.2176 tp=0.7955  [0.1s]
   nu  = 3.0000
  rho=0.07974 (18/20)
    fp=0.2400 tp=0.8182  [0.1s]
   nu  = 3.0000
  rho=0.07064 (19/20)
    fp=0.2651 tp=0.8295  [0.1s]
   nu  = 3.0000
  rho=0.06258 (20/20)
    fp=0.2888 tp=0.8523  [0.1s]
   nu  = 3.0000
  rho=0.05544 (21/21)  [extra 1/50]
    fp=0.3104 tp=0.8750  [0.1s]
   nu  = 3.0000
  FPR 0.3104 >= fp_end=0.3; stopping after 21 fits
  grid extended by 1 points down to rho=0.05544, ending at FPR 0.3104
  pilot fit of run_em_diagonal at rho=0.30349
  -> rho_max = max|S_ij| (off-diag) = 0.73945
  rho grid: [0.73944917 0.65505346 0.58029011 0.51405974 0.45538845 0.4034135
 0.35737063 0.31658277 0.28045016 0.24844148 0.22008606 0.19496693
 0.17271473 0.15300224 0.13553961 0.12007004 0.10636606 0.09422616
 0.08347182 0.07394492]
Running run_em_diagonal over 20 rho values, extending until FPR >= 0.3...
  rho=0.73945 (1/20)
    fp=0.0002 tp=0.0341  [6.1s]
   median nu  = 0.106
   median |eta| = 2.493
  rho=0.65505 (2/20)
    fp=0.0006 tp=0.0341  [6.1s]
   median nu  = 0.128
   median |eta| = 2.113
  rho=0.58029 (3/20)
    fp=0.0023 tp=0.1250  [6.0s]
   median nu  = 0.152
   median |eta| = 1.898
  rho=0.51406 (4/20)
    fp=0.0031 tp=0.1364  [6.0s]
   median nu  = 0.187
   median |eta| = 1.927
  rho=0.45539 (5/20)
    fp=0.0062 tp=0.1705  [5.9s]
   median nu  = 0.229
   median |eta| = 1.696
  rho=0.40341 (6/20)
    fp=0.0136 tp=0.2500  [5.8s]
   median nu  = 0.269
   median |eta| = 1.483
  rho=0.35737 (7/20)
    fp=0.0218 tp=0.2841  [5.8s]
   median nu  = 0.309
   median |eta| = 1.241
  rho=0.31658 (8/20)
    fp=0.0317 tp=0.3636  [5.7s]
   median nu  = 0.352
   median |eta| = 1.105
  rho=0.28045 (9/20)
    fp=0.0401 tp=0.4432  [5.6s]
   median nu  = 0.403
   median |eta| = 0.939
  rho=0.24844 (10/20)
    fp=0.0531 tp=0.5000  [5.6s]
   median nu  = 0.451
   median |eta| = 0.765
  rho=0.22009 (11/20)
    fp=0.0697 tp=0.5114  [5.6s]
   median nu  = 0.509
   median |eta| = 0.64
  rho=0.19497 (12/20)
    fp=0.0889 tp=0.5455  [5.5s]
   median nu  = 0.571
   median |eta| = 0.562
  rho=0.17271 (13/20)
    fp=0.1082 tp=0.6250  [5.5s]
   median nu  = 0.668
   median |eta| = 0.472
  rho=0.15300 (14/20)
    fp=0.1279 tp=0.6705  [5.4s]
   median nu  = 0.744
   median |eta| = 0.381
  rho=0.13554 (15/20)
    fp=0.1487 tp=0.6818  [5.8s]
   median nu  = 0.783
   median |eta| = 0.304
  rho=0.12007 (16/20)
    fp=0.1674 tp=0.7500  [5.8s]
   median nu  = 0.862
   median |eta| = 0.24
  rho=0.10637 (17/20)
    fp=0.1859 tp=0.7841  [5.7s]
   median nu  = 0.935
   median |eta| = 0.176
  rho=0.09423 (18/20)
    fp=0.2024 tp=0.8182  [5.6s]
   median nu  = 0.991
   median |eta| = 0.144
  rho=0.08347 (19/20)
    fp=0.2201 tp=0.8295  [5.5s]
   median nu  = 1.093
   median |eta| = 0.107
  rho=0.07394 (20/20)
    fp=0.2343 tp=0.8295  [5.4s]
   median nu  = 1.178
   median |eta| = 0.087
  rho=0.06551 (21/21)  [extra 1/50]
    fp=0.2511 tp=0.8409  [5.2s]
   median nu  = 1.297
   median |eta| = 0.071
  rho=0.05803 (22/22)  [extra 2/50]
    fp=0.2688 tp=0.8636  [5.1s]
   median nu  = 1.4
   median |eta| = 0.055
  rho=0.05141 (23/23)  [extra 3/50]
    fp=0.2818 tp=0.8750  [5.1s]
   median nu  = 1.538
   median |eta| = 0.041
  rho=0.04554 (24/24)  [extra 4/50]
    fp=0.2919 tp=0.8977  [4.9s]
   median nu  = 1.647
   median |eta| = 0.03
  rho=0.04034 (25/25)  [extra 5/50]
    fp=0.3067 tp=0.8977  [5.2s]
   median nu  = 1.789
   median |eta| = 0.022
  FPR 0.3067 >= fp_end=0.3; stopping after 25 fits
  grid extended by 5 points down to rho=0.04034, ending at FPR 0.3067
  pilot fit of run_em_exact at rho=0.30349
  -> rho_max = max|S_ij| (off-diag) = 0.76217
  rho grid: [0.76217321 0.67518394 0.59812303 0.52985733 0.46938301 0.41581082
 0.368353   0.32631169 0.28906869 0.25607635 0.22684953 0.20095847
 0.17802243 0.15770416 0.13970488 0.12375991 0.1096348  0.09712183
 0.086037   0.07621732]
Running run_em_exact over 20 rho values, extending until FPR >= 0.3...
  rho=0.76217 (1/20)
    fp=0.0002 tp=0.0227  [6.2s]
   median nu  = 0.101
   median |eta| = 2.608
  rho=0.67518 (2/20)
    fp=0.0004 tp=0.0341  [6.1s]
   median nu  = 0.121
   median |eta| = 2.197
  rho=0.59812 (3/20)
    fp=0.0021 tp=0.0795  [6.1s]
   median nu  = 0.148
   median |eta| = 1.975
  rho=0.52986 (4/20)
    fp=0.0029 tp=0.1364  [6.0s]
   median nu  = 0.178
   median |eta| = 1.904
  rho=0.46938 (5/20)
    fp=0.0051 tp=0.1705  [5.9s]
   median nu  = 0.217
   median |eta| = 1.692
  rho=0.41581 (6/20)
    fp=0.0111 tp=0.2386  [5.8s]
   median nu  = 0.262
   median |eta| = 1.37
  rho=0.36835 (7/20)
    fp=0.0204 tp=0.2614  [5.7s]
   median nu  = 0.314
   median |eta| = 1.192
  rho=0.32631 (8/20)
    fp=0.0300 tp=0.3523  [5.5s]
   median nu  = 0.374
   median |eta| = 0.951
  rho=0.28907 (9/20)
    fp=0.0387 tp=0.4432  [5.3s]
   median nu  = 0.437
   median |eta| = 0.728
  rho=0.25608 (10/20)
    fp=0.0522 tp=0.5000  [5.2s]
   median nu  = 0.491
   median |eta| = 0.591
  rho=0.22685 (11/20)
    fp=0.0658 tp=0.5000  [5.1s]
   median nu  = 0.548
   median |eta| = 0.451
  rho=0.20096 (12/20)
    fp=0.0841 tp=0.5455  [5.0s]
   median nu  = 0.626
   median |eta| = 0.29
  rho=0.17802 (13/20)
    fp=0.1057 tp=0.6364  [4.7s]
   median nu  = 0.708
   median |eta| = 0.213
  rho=0.15770 (14/20)
    fp=0.1251 tp=0.6591  [4.6s]
   median nu  = 0.79
   median |eta| = 0.165
  rho=0.13970 (15/20)
    fp=0.1452 tp=0.6818  [4.6s]
   median nu  = 0.881
   median |eta| = 0.134
  rho=0.12376 (16/20)
    fp=0.1660 tp=0.7386  [5.0s]
   median nu  = 0.972
   median |eta| = 0.091
  rho=0.10963 (17/20)
    fp=0.1831 tp=0.7727  [4.9s]
   median nu  = 1.073
   median |eta| = 0.065
  rho=0.09712 (18/20)
    fp=0.1991 tp=0.8295  [4.9s]
   median nu  = 1.183
   median |eta| = 0.048
  rho=0.08604 (19/20)
    fp=0.2155 tp=0.8523  [4.7s]
   median nu  = 1.281
   median |eta| = 0.034
  rho=0.07622 (20/20)
    fp=0.2328 tp=0.8523  [3.7s]
   median nu  = 1.387
   median |eta| = 0.021
  rho=0.06752 (21/21)  [extra 1/50]
    fp=0.2493 tp=0.8636  [2.7s]
   median nu  = 1.49
   median |eta| = 0.016
  rho=0.05981 (22/22)  [extra 2/50]
    fp=0.2631 tp=0.8977  [2.0s]
   median nu  = 1.605
   median |eta| = 0.011
  rho=0.05299 (23/23)  [extra 3/50]
    fp=0.2766 tp=0.9205  [2.0s]
   median nu  = 1.721
   median |eta| = 0.008
  rho=0.04694 (24/24)  [extra 4/50]
    fp=0.2912 tp=0.9205  [1.7s]
   median nu  = 1.834
   median |eta| = 0.006
  rho=0.04158 (25/25)  [extra 5/50]
    fp=0.3054 tp=0.9091  [1.6s]
   median nu  = 1.951
   median |eta| = 0.004
  FPR 0.3054 >= fp_end=0.3; stopping after 25 fits
  grid extended by 5 points down to rho=0.04158, ending at FPR 0.3054
  graphical_lasso rho_max = max|S_ij| (off-diag) = 20.42088
  rho grid: [20.42087687 18.09017665 16.02548673 14.19644649 12.57616049 11.14080293
  9.86926733  8.74285618  7.74500594  6.86104355  6.07797063  5.38427234
  4.76974805  4.2253614   3.74310734  3.31589449  2.93744081  2.60218126
  2.30518596  2.04208769]
Running graphical_lasso over 20 rho values, extending until FPR >= 0.3...
  rho=20.42088 (1/20)
    fp=0.0000 tp=0.0000  [0.0s]
  rho=18.09018 (2/20)
    fp=0.0002 tp=0.0000  [0.0s]
  rho=16.02549 (3/20)
    fp=0.0002 tp=0.0000  [4.8s]
  rho=14.19645 (4/20)
    fp=0.0002 tp=0.0000  [0.0s]
  rho=12.57616 (5/20)
    fp=0.0002 tp=0.0000  [0.0s]
  rho=11.14080 (6/20)
    fp=0.0002 tp=0.0000  [0.0s]
  rho=9.86927 (7/20)
    fp=0.0002 tp=0.0000  [0.0s]
  rho=8.74286 (8/20)
    fp=0.0002 tp=0.0000  [0.0s]
  rho=7.74501 (9/20)
    fp=0.0002 tp=0.0000  [0.0s]
  rho=6.86104 (10/20)
    fp=0.0002 tp=0.0000  [0.0s]
  rho=6.07797 (11/20)
    fp=0.0002 tp=0.0000  [0.0s]
  rho=5.38427 (12/20)
    fp=0.0002 tp=0.0000  [0.0s]
  rho=4.76975 (13/20)
    fp=0.0004 tp=0.0000  [0.0s]
  rho=4.22536 (14/20)
    fp=0.0004 tp=0.0000  [0.0s]
  rho=3.74311 (15/20)
    fp=0.0004 tp=0.0000  [0.0s]
  rho=3.31589 (16/20)
    fp=0.0006 tp=0.0000  [0.0s]
  rho=2.93744 (17/20)
    fp=0.0006 tp=0.0000  [0.0s]
  rho=2.60218 (18/20)
    fp=0.0010 tp=0.0000  [0.0s]
  rho=2.30519 (19/20)
    fp=0.0012 tp=0.0000  [0.0s]
  rho=2.04209 (20/20)
    fp=0.0021 tp=0.0000  [0.1s]
  rho=1.80902 (21/21)  [extra 1/50]
    fp=0.0027 tp=0.0000  [0.1s]
  rho=1.60255 (22/22)  [extra 2/50]
    fp=0.0033 tp=0.0000  [0.0s]
  rho=1.41964 (23/23)  [extra 3/50]
    fp=0.0043 tp=0.0114  [0.0s]
  rho=1.25762 (24/24)  [extra 4/50]
    fp=0.0064 tp=0.0114  [0.1s]
  rho=1.11408 (25/25)  [extra 5/50]
    fp=0.0078 tp=0.0227  [0.0s]
  rho=0.98693 (26/26)  [extra 6/50]
    fp=0.0111 tp=0.0341  [0.1s]
  rho=0.87429 (27/27)  [extra 7/50]
    fp=0.0148 tp=0.0568  [0.1s]
  rho=0.77450 (28/28)  [extra 8/50]
    fp=0.0200 tp=0.1023  [0.1s]
  rho=0.68610 (29/29)  [extra 9/50]
    fp=0.0294 tp=0.1477  [0.0s]
  rho=0.60780 (30/30)  [extra 10/50]
    fp=0.0422 tp=0.2159  [0.5s]
  rho=0.53843 (31/31)  [extra 11/50]
    fp=0.0543 tp=0.2273  [0.1s]
  rho=0.47697 (32/32)  [extra 12/50]
    fp=0.0745 tp=0.2841  [0.1s]
  rho=0.42254 (33/33)  [extra 13/50]
    fp=0.1026 tp=0.3636  [0.0s]
  rho=0.37431 (34/34)  [extra 14/50]
    fp=0.1244 tp=0.4773  [0.1s]
  rho=0.33159 (35/35)  [extra 15/50]
    fp=0.1534 tp=0.5341  [2.9s]
  rho=0.29374 (36/36)  [extra 16/50]
    fp=0.1833 tp=0.6136  [0.5s]
  rho=0.26022 (37/37)  [extra 17/50]
    fp=0.2158 tp=0.6364  [0.4s]
  rho=0.23052 (38/38)  [extra 18/50]
    fp=0.2478 tp=0.6705  [0.1s]
  rho=0.20421 (39/39)  [extra 19/50]
    fp=0.2822 tp=0.7045  [0.0s]
  rho=0.18090 (40/40)  [extra 20/50]
    fp=0.3145 tp=0.7273  [0.1s]
  FPR 0.3145 >= fp_end=0.3; stopping after 40 fits
  [note] 1/40 fits hit a glasso ConvergenceWarning (suppressed)
  grid extended by 20 points down to rho=0.18090, ending at FPR 0.3145

(p=100, n=50) over 13 replicates
  t+lasso  (run_em_diagonal):    AUC = 0.197 (SE 0.005)
  ~t+lasso (run_em_exact):       AUC = 0.198 (SE 0.005)
  tlasso   (run_tlasso):         AUC = 0.145 (SE 0.004)
  t*lasso  (run_tstar_varlasso): AUC = 0.193 (SE 0.005)
  glasso   (graphical_lasso):    AUC = 0.145 (SE 0.004)
Replicate 14/50
  Theta: 85/4950 edges
  pilot fit of run_tlasso at rho=30.34854
  -> rho_max = max|S_ij| (off-diag) = 96.78746
  rho grid: [96.78746025 85.74079677 75.95492444 67.28594513 59.60638425 52.8033163
 46.77670434 41.43792894 36.70848511 32.51882788 28.80734969 25.51947441
 22.60685489 20.02666198 17.74095477 15.71612266 13.92239114 12.33338395
 10.92573526  9.67874603]
Running run_tlasso over 20 rho values, extending until FPR >= 0.3...
  rho=96.78746 (1/20)
    fp=0.0002 tp=0.0000  [0.1s]
   nu  = 3.0000
  rho=85.74080 (2/20)
    fp=0.0002 tp=0.0000  [0.1s]
   nu  = 3.0000
  rho=75.95492 (3/20)
    fp=0.0002 tp=0.0000  [0.1s]
   nu  = 3.0000
  rho=67.28595 (4/20)
    fp=0.0002 tp=0.0000  [0.1s]
   nu  = 3.0000
  rho=59.60638 (5/20)
    fp=0.0004 tp=0.0000  [0.1s]
   nu  = 3.0000
  rho=52.80332 (6/20)
    fp=0.0006 tp=0.0000  [0.1s]
   nu  = 3.0000
  rho=46.77670 (7/20)
    fp=0.0008 tp=0.0000  [0.1s]
   nu  = 3.0000
  rho=41.43793 (8/20)
    fp=0.0008 tp=0.0000  [0.1s]
   nu  = 3.0000
  rho=36.70849 (9/20)
    fp=0.0008 tp=0.0000  [0.1s]
   nu  = 3.0000
  rho=32.51883 (10/20)
    fp=0.0008 tp=0.0000  [0.1s]
   nu  = 3.0000
  rho=28.80735 (11/20)
    fp=0.0010 tp=0.0000  [0.1s]
   nu  = 3.0000
  rho=25.51947 (12/20)
    fp=0.0014 tp=0.0000  [0.1s]
   nu  = 3.0000
  rho=22.60685 (13/20)
    fp=0.0021 tp=0.0118  [0.1s]
   nu  = 3.0000
  rho=20.02666 (14/20)
    fp=0.0031 tp=0.0118  [0.1s]
   nu  = 3.0000
  rho=17.74095 (15/20)
    fp=0.0055 tp=0.0118  [0.1s]
   nu  = 3.0000
  rho=15.71612 (16/20)
    fp=0.0066 tp=0.0118  [0.1s]
   nu  = 3.0000
  rho=13.92239 (17/20)
    fp=0.0082 tp=0.0235  [0.1s]
   nu  = 3.0000
  rho=12.33338 (18/20)
    fp=0.0121 tp=0.0471  [0.1s]
   nu  = 3.0000
  rho=10.92574 (19/20)
    fp=0.0169 tp=0.0588  [0.1s]
   nu  = 3.0000
  rho=9.67875 (20/20)
    fp=0.0238 tp=0.0824  [0.1s]
   nu  = 3.0000
  rho=8.57408 (21/21)  [extra 1/50]
    fp=0.0302 tp=0.0941  [0.1s]
   nu  = 3.0000
  rho=7.59549 (22/22)  [extra 2/50]
    fp=0.0401 tp=0.1059  [0.1s]
   nu  = 3.0000
  rho=6.72859 (23/23)  [extra 3/50]
    fp=0.0510 tp=0.1882  [0.1s]
   nu  = 3.0000
  rho=5.96064 (24/24)  [extra 4/50]
    fp=0.0672 tp=0.2353  [0.1s]
   nu  = 3.0000
  rho=5.28033 (25/25)  [extra 5/50]
    fp=0.0861 tp=0.2706  [0.1s]
   nu  = 3.0000
  rho=4.67767 (26/26)  [extra 6/50]
    fp=0.1149 tp=0.3765  [0.2s]
   nu  = 3.0000
  rho=4.14379 (27/27)  [extra 7/50]
    fp=0.1490 tp=0.4588  [0.2s]
   nu  = 3.0000
  rho=3.67085 (28/28)  [extra 8/50]
    fp=0.1889 tp=0.5294  [0.3s]
   nu  = 3.0000
  rho=3.25188 (29/29)  [extra 9/50]
    fp=0.2306 tp=0.6000  [0.3s]
   nu  = 3.0000
  rho=2.88073 (30/30)  [extra 10/50]
    fp=0.2701 tp=0.7059  [0.3s]
   nu  = 3.0000
  rho=2.55195 (31/31)  [extra 11/50]
    fp=0.3057 tp=0.7529  [0.3s]
   nu  = 3.0000
  FPR 0.3057 >= fp_end=0.3; stopping after 31 fits
  grid extended by 11 points down to rho=2.55195, ending at FPR 0.3057
  pilot fit of run_tstar_varlasso at rho=0.30349
  -> rho_max = max|S_ij| (off-diag) = 0.72999
  rho grid: [0.7299926  0.6466762  0.57286897 0.50748559 0.44956463 0.39825438
 0.35280033 0.31253409 0.27686358 0.24526425 0.21727145 0.19247356
 0.17050594 0.15104555 0.13380623 0.1185345  0.10500578 0.09302113
 0.08240433 0.07299926]
Running run_tstar_varlasso over 20 rho values, extending until FPR >= 0.3...
  rho=0.72999 (1/20)
    fp=0.0004 tp=0.0118  [0.1s]
   nu  = 3.0000
  rho=0.64668 (2/20)
    fp=0.0004 tp=0.0118  [0.0s]
   nu  = 3.0000
  rho=0.57287 (3/20)
    fp=0.0010 tp=0.0588  [0.0s]
   nu  = 3.0000
  rho=0.50749 (4/20)
    fp=0.0021 tp=0.0824  [0.0s]
   nu  = 3.0000
  rho=0.44956 (5/20)
    fp=0.0041 tp=0.0824  [0.0s]
   nu  = 3.0000
  rho=0.39825 (6/20)
    fp=0.0053 tp=0.1059  [0.1s]
   nu  = 3.0000
  rho=0.35280 (7/20)
    fp=0.0090 tp=0.1294  [0.1s]
   nu  = 3.0000
  rho=0.31253 (8/20)
    fp=0.0140 tp=0.2000  [0.1s]
   nu  = 3.0000
  rho=0.27686 (9/20)
    fp=0.0238 tp=0.2706  [0.1s]
   nu  = 3.0000
  rho=0.24526 (10/20)
    fp=0.0372 tp=0.3294  [0.1s]
   nu  = 3.0000
  rho=0.21727 (11/20)
    fp=0.0522 tp=0.4000  [0.1s]
   nu  = 3.0000
  rho=0.19247 (12/20)
    fp=0.0691 tp=0.4941  [0.1s]
   nu  = 3.0000
  rho=0.17051 (13/20)
    fp=0.0925 tp=0.5176  [0.1s]
   nu  = 3.0000
  rho=0.15105 (14/20)
    fp=0.1155 tp=0.6353  [0.1s]
   nu  = 3.0000
  rho=0.13381 (15/20)
    fp=0.1385 tp=0.6941  [0.1s]
   nu  = 3.0000
  rho=0.11853 (16/20)
    fp=0.1644 tp=0.7529  [0.1s]
   nu  = 3.0000
  rho=0.10501 (17/20)
    fp=0.1866 tp=0.8000  [0.1s]
   nu  = 3.0000
  rho=0.09302 (18/20)
    fp=0.2097 tp=0.8471  [0.1s]
   nu  = 3.0000
  rho=0.08240 (19/20)
    fp=0.2364 tp=0.8588  [0.1s]
   nu  = 3.0000
  rho=0.07300 (20/20)
    fp=0.2641 tp=0.8706  [0.1s]
   nu  = 3.0000
  rho=0.06467 (21/21)  [extra 1/50]
    fp=0.2892 tp=0.8824  [0.1s]
   nu  = 3.0000
  rho=0.05729 (22/22)  [extra 2/50]
    fp=0.3128 tp=0.9059  [0.1s]
   nu  = 3.0000
  FPR 0.3128 >= fp_end=0.3; stopping after 22 fits
  grid extended by 2 points down to rho=0.05729, ending at FPR 0.3128
  pilot fit of run_em_diagonal at rho=0.30349
  -> rho_max = max|S_ij| (off-diag) = 0.85427
  rho grid: [0.85427228 0.75677144 0.67039869 0.59388393 0.52610205 0.46605634
 0.41286383 0.36574236 0.32399901 0.28701996 0.25426145 0.22524178
 0.19953421 0.17676073 0.15658646 0.13871475 0.12288279 0.10885778
 0.09643349 0.08542723]
Running run_em_diagonal over 20 rho values, extending until FPR >= 0.3...
  rho=0.85427 (1/20)
    fp=0.0006 tp=0.0118  [6.0s]
   median nu  = 0.105
   median |eta| = 2.404
  rho=0.75677 (2/20)
    fp=0.0012 tp=0.0353  [6.0s]
   median nu  = 0.13
   median |eta| = 2.116
  rho=0.67040 (3/20)
    fp=0.0021 tp=0.0824  [5.9s]
   median nu  = 0.162
   median |eta| = 1.912
  rho=0.59388 (4/20)
    fp=0.0033 tp=0.0824  [5.9s]
   median nu  = 0.207
   median |eta| = 1.614
  rho=0.52610 (5/20)
    fp=0.0060 tp=0.0941  [5.9s]
   median nu  = 0.262
   median |eta| = 1.505
  rho=0.46606 (6/20)
    fp=0.0090 tp=0.1412  [5.8s]
   median nu  = 0.301
   median |eta| = 1.378
  rho=0.41286 (7/20)
    fp=0.0144 tp=0.1882  [5.7s]
   median nu  = 0.336
   median |eta| = 1.17
  rho=0.36574 (8/20)
    fp=0.0220 tp=0.2353  [5.7s]
   median nu  = 0.37
   median |eta| = 1.083
  rho=0.32400 (9/20)
    fp=0.0314 tp=0.3176  [5.7s]
   median nu  = 0.405
   median |eta| = 0.981
  rho=0.28702 (10/20)
    fp=0.0421 tp=0.3647  [5.7s]
   median nu  = 0.447
   median |eta| = 0.881
  rho=0.25426 (11/20)
    fp=0.0557 tp=0.4471  [5.6s]
   median nu  = 0.497
   median |eta| = 0.735
  rho=0.22524 (12/20)
    fp=0.0707 tp=0.5059  [5.5s]
   median nu  = 0.554
   median |eta| = 0.575
  rho=0.19953 (13/20)
    fp=0.0884 tp=0.6000  [5.4s]
   median nu  = 0.645
   median |eta| = 0.439
  rho=0.17676 (14/20)
    fp=0.1075 tp=0.6588  [5.4s]
   median nu  = 0.73
   median |eta| = 0.32
  rho=0.15659 (15/20)
    fp=0.1262 tp=0.7176  [5.3s]
   median nu  = 0.795
   median |eta| = 0.24
  rho=0.13871 (16/20)
    fp=0.1445 tp=0.7765  [5.3s]
   median nu  = 0.861
   median |eta| = 0.191
  rho=0.12288 (17/20)
    fp=0.1638 tp=0.8235  [5.6s]
   median nu  = 0.94
   median |eta| = 0.152
  rho=0.10886 (18/20)
    fp=0.1842 tp=0.8588  [5.7s]
   median nu  = 1.023
   median |eta| = 0.126
  rho=0.09643 (19/20)
    fp=0.2023 tp=0.8706  [5.6s]
   median nu  = 1.067
   median |eta| = 0.094
  rho=0.08543 (20/20)
    fp=0.2160 tp=0.8941  [5.6s]
   median nu  = 1.154
   median |eta| = 0.074
  rho=0.07568 (21/21)  [extra 1/50]
    fp=0.2339 tp=0.9059  [5.5s]
   median nu  = 1.266
   median |eta| = 0.059
  rho=0.06704 (22/22)  [extra 2/50]
    fp=0.2508 tp=0.9176  [5.4s]
   median nu  = 1.363
   median |eta| = 0.039
  rho=0.05939 (23/23)  [extra 3/50]
    fp=0.2652 tp=0.9176  [5.3s]
   median nu  = 1.478
   median |eta| = 0.03
  rho=0.05261 (24/24)  [extra 4/50]
    fp=0.2777 tp=0.9176  [5.3s]
   median nu  = 1.6
   median |eta| = 0.024
  rho=0.04661 (25/25)  [extra 5/50]
    fp=0.2931 tp=0.9294  [5.2s]
   median nu  = 1.755
   median |eta| = 0.019
  rho=0.04129 (26/26)  [extra 6/50]
    fp=0.3044 tp=0.9294  [5.2s]
   median nu  = 1.847
   median |eta| = 0.016
  FPR 0.3044 >= fp_end=0.3; stopping after 26 fits
  grid extended by 6 points down to rho=0.04129, ending at FPR 0.3044
  pilot fit of run_em_exact at rho=0.30349
  -> rho_max = max|S_ij| (off-diag) = 0.86171
  rho grid: [0.86171075 0.76336094 0.67623611 0.59905511 0.53068303 0.47011447
 0.4164588  0.36892702 0.32682019 0.28951915 0.2564754  0.22720304
 0.20127163 0.17829985 0.15794992 0.13992259 0.12395277 0.10980565
 0.09727317 0.08617108]
Running run_em_exact over 20 rho values, extending until FPR >= 0.3...
  rho=0.86171 (1/20)
    fp=0.0006 tp=0.0118  [6.0s]
   median nu  = 0.104
   median |eta| = 2.385
  rho=0.76336 (2/20)
    fp=0.0012 tp=0.0353  [6.0s]
   median nu  = 0.128
   median |eta| = 2.075
  rho=0.67624 (3/20)
    fp=0.0021 tp=0.0824  [6.0s]
   median nu  = 0.161
   median |eta| = 1.781
  rho=0.59906 (4/20)
    fp=0.0029 tp=0.0824  [5.9s]
   median nu  = 0.206
   median |eta| = 1.56
  rho=0.53068 (5/20)
    fp=0.0053 tp=0.0941  [5.9s]
   median nu  = 0.261
   median |eta| = 1.435
  rho=0.47011 (6/20)
    fp=0.0090 tp=0.1412  [5.8s]
   median nu  = 0.304
   median |eta| = 1.225
  rho=0.41646 (7/20)
    fp=0.0142 tp=0.1882  [5.7s]
   median nu  = 0.336
   median |eta| = 1.053
  rho=0.36893 (8/20)
    fp=0.0220 tp=0.2353  [5.6s]
   median nu  = 0.374
   median |eta| = 0.855
  rho=0.32682 (9/20)
    fp=0.0310 tp=0.3176  [5.5s]
   median nu  = 0.41
   median |eta| = 0.68
  rho=0.28952 (10/20)
    fp=0.0423 tp=0.3765  [5.3s]
   median nu  = 0.492
   median |eta| = 0.506
  rho=0.25648 (11/20)
    fp=0.0549 tp=0.4235  [5.1s]
   median nu  = 0.546
   median |eta| = 0.38
  rho=0.22720 (12/20)
    fp=0.0705 tp=0.5059  [5.1s]
   median nu  = 0.628
   median |eta| = 0.289
  rho=0.20127 (13/20)
    fp=0.0896 tp=0.6000  [4.9s]
   median nu  = 0.714
   median |eta| = 0.216
  rho=0.17830 (14/20)
    fp=0.1087 tp=0.6706  [4.8s]
   median nu  = 0.803
   median |eta| = 0.169
  rho=0.15795 (15/20)
    fp=0.1303 tp=0.7176  [4.6s]
   median nu  = 0.886
   median |eta| = 0.127
  rho=0.13992 (16/20)
    fp=0.1468 tp=0.7882  [4.6s]
   median nu  = 1.001
   median |eta| = 0.098
  rho=0.12395 (17/20)
    fp=0.1675 tp=0.8235  [4.5s]
   median nu  = 1.102
   median |eta| = 0.065
  rho=0.10981 (18/20)
    fp=0.1873 tp=0.8471  [4.4s]
   median nu  = 1.193
   median |eta| = 0.053
  rho=0.09727 (19/20)
    fp=0.2051 tp=0.8588  [4.4s]
   median nu  = 1.298
   median |eta| = 0.04
  rho=0.08617 (20/20)
    fp=0.2216 tp=0.8706  [4.8s]
   median nu  = 1.399
   median |eta| = 0.031
  rho=0.07634 (21/21)  [extra 1/50]
    fp=0.2405 tp=0.9059  [4.3s]
   median nu  = 1.522
   median |eta| = 0.023
  rho=0.06762 (22/22)  [extra 2/50]
    fp=0.2532 tp=0.9059  [3.5s]
   median nu  = 1.641
   median |eta| = 0.017
  rho=0.05991 (23/23)  [extra 3/50]
    fp=0.2711 tp=0.9059  [3.2s]
   median nu  = 1.762
   median |eta| = 0.014
  rho=0.05307 (24/24)  [extra 4/50]
    fp=0.2814 tp=0.9059  [2.8s]
   median nu  = 1.885
   median |eta| = 0.01
  rho=0.04701 (25/25)  [extra 5/50]
    fp=0.2962 tp=0.9059  [2.1s]
   median nu  = 2.008
   median |eta| = 0.008
  rho=0.04165 (26/26)  [extra 6/50]
    fp=0.3057 tp=0.8941  [1.6s]
   median nu  = 2.129
   median |eta| = 0.006
  FPR 0.3057 >= fp_end=0.3; stopping after 26 fits
  grid extended by 6 points down to rho=0.04165, ending at FPR 0.3057
  graphical_lasso rho_max = max|S_ij| (off-diag) = 7.09663
  rho grid: [7.09662958 6.28666847 5.56915082 4.93352576 4.37044663 3.87163353
 3.42975157 3.03830302 2.69153174 2.38433858 2.11220637 1.87113348
 1.65757501 1.46839065 1.30079851 1.1523342  1.0208146  0.90430576
 0.80109444 0.70966296]
Running graphical_lasso over 20 rho values, extending until FPR >= 0.3...
  rho=7.09663 (1/20)
    fp=0.0000 tp=0.0000  [0.0s]
  rho=6.28667 (2/20)
    fp=0.0002 tp=0.0000  [0.0s]
  rho=5.56915 (3/20)
    fp=0.0002 tp=0.0000  [4.8s]
  rho=4.93353 (4/20)
    fp=0.0002 tp=0.0000  [0.0s]
  rho=4.37045 (5/20)
    fp=0.0002 tp=0.0000  [0.0s]
  rho=3.87163 (6/20)
    fp=0.0002 tp=0.0000  [0.0s]
  rho=3.42975 (7/20)
    fp=0.0006 tp=0.0000  [0.0s]
  rho=3.03830 (8/20)
    fp=0.0008 tp=0.0000  [0.0s]
  rho=2.69153 (9/20)
    fp=0.0008 tp=0.0000  [4.8s]
  rho=2.38434 (10/20)
    fp=0.0008 tp=0.0000  [4.9s]
  rho=2.11221 (11/20)
    fp=0.0014 tp=0.0000  [0.0s]
  rho=1.87113 (12/20)
    fp=0.0014 tp=0.0000  [0.0s]
  rho=1.65758 (13/20)
    fp=0.0018 tp=0.0000  [4.8s]
  rho=1.46839 (14/20)
    fp=0.0027 tp=0.0000  [4.9s]
  rho=1.30080 (15/20)
    fp=0.0066 tp=0.0118  [0.0s]
  rho=1.15233 (16/20)
    fp=0.0086 tp=0.0118  [0.0s]
  rho=1.02081 (17/20)
    fp=0.0125 tp=0.0353  [4.8s]
  rho=0.90431 (18/20)
    fp=0.0191 tp=0.0706  [0.0s]
  rho=0.80109 (19/20)
    fp=0.0257 tp=0.0824  [0.0s]
  rho=0.70966 (20/20)
    fp=0.0349 tp=0.1059  [0.0s]
  rho=0.62867 (21/21)  [extra 1/50]
    fp=0.0460 tp=0.1294  [0.2s]
  rho=0.55692 (22/22)  [extra 2/50]
    fp=0.0641 tp=0.2235  [0.2s]
  rho=0.49335 (23/23)  [extra 3/50]
    fp=0.0820 tp=0.2706  [0.1s]
  rho=0.43704 (24/24)  [extra 4/50]
    fp=0.1112 tp=0.3529  [0.0s]
  rho=0.38716 (25/25)  [extra 5/50]
    fp=0.1369 tp=0.4353  [0.0s]
  rho=0.34298 (26/26)  [extra 6/50]
    fp=0.1661 tp=0.4824  [0.0s]
  rho=0.30383 (27/27)  [extra 7/50]
    fp=0.1957 tp=0.5412  [0.0s]
  rho=0.26915 (28/28)  [extra 8/50]
    fp=0.2255 tp=0.6000  [0.2s]
  rho=0.23843 (29/29)  [extra 9/50]
    fp=0.2573 tp=0.6706  [0.0s]
  rho=0.21122 (30/30)  [extra 10/50]
    fp=0.2902 tp=0.7412  [0.0s]
  rho=0.18711 (31/31)  [extra 11/50]
    fp=0.3207 tp=0.7765  [0.0s]
  FPR 0.3207 >= fp_end=0.3; stopping after 31 fits
  [note] 6/31 fits hit a glasso ConvergenceWarning (suppressed)
  grid extended by 11 points down to rho=0.18711, ending at FPR 0.3207

(p=100, n=50) over 14 replicates
  t+lasso  (run_em_diagonal):    AUC = 0.198 (SE 0.004)
  ~t+lasso (run_em_exact):       AUC = 0.198 (SE 0.004)
  tlasso   (run_tlasso):         AUC = 0.144 (SE 0.004)
  t*lasso  (run_tstar_varlasso): AUC = 0.193 (SE 0.004)
  glasso   (graphical_lasso):    AUC = 0.144 (SE 0.004)
Replicate 15/50
  Theta: 98/4950 edges
  pilot fit of run_tlasso at rho=30.34854
  -> rho_max = max|S_ij| (off-diag) = 36.56657
  rho grid: [36.56656501 32.39310558 28.69597647 25.42081257 22.51945364 19.94923612
 17.67236577 15.65536195 13.86856524 12.28570138 10.88349485  9.64132665
  8.54093109  7.56612722  6.70258083  5.93759377  5.25991714  4.65958591
  4.12777241  3.6566565 ]
Running run_tlasso over 20 rho values, extending until FPR >= 0.3...
  rho=36.56657 (1/20)
    fp=0.0002 tp=0.0000  [0.1s]
   nu  = 3.0000
  rho=32.39311 (2/20)
    fp=0.0004 tp=0.0000  [0.1s]
   nu  = 3.0000
  rho=28.69598 (3/20)
    fp=0.0004 tp=0.0000  [0.1s]
   nu  = 3.0000
  rho=25.42081 (4/20)
    fp=0.0004 tp=0.0000  [0.1s]
   nu  = 3.0000
  rho=22.51945 (5/20)
    fp=0.0006 tp=0.0000  [0.1s]
   nu  = 3.0000
  rho=19.94924 (6/20)
    fp=0.0008 tp=0.0000  [0.1s]
   nu  = 3.0000
  rho=17.67237 (7/20)
    fp=0.0010 tp=0.0102  [0.1s]
   nu  = 3.0000
  rho=15.65536 (8/20)
    fp=0.0010 tp=0.0102  [0.1s]
   nu  = 3.0000
  rho=13.86857 (9/20)
    fp=0.0019 tp=0.0102  [0.1s]
   nu  = 3.0000
  rho=12.28570 (10/20)
    fp=0.0029 tp=0.0102  [0.1s]
   nu  = 3.0000
  rho=10.88349 (11/20)
    fp=0.0039 tp=0.0102  [0.1s]
   nu  = 3.0000
  rho=9.64133 (12/20)
    fp=0.0058 tp=0.0408  [0.1s]
   nu  = 3.0000
  rho=8.54093 (13/20)
    fp=0.0087 tp=0.0612  [0.1s]
   nu  = 3.0000
  rho=7.56613 (14/20)
    fp=0.0117 tp=0.0918  [0.1s]
   nu  = 3.0000
  rho=6.70258 (15/20)
    fp=0.0165 tp=0.1531  [0.1s]
   nu  = 3.0000
  rho=5.93759 (16/20)
    fp=0.0256 tp=0.2041  [0.1s]
   nu  = 3.0000
  rho=5.25992 (17/20)
    fp=0.0381 tp=0.2755  [0.1s]
   nu  = 3.0000
  rho=4.65959 (18/20)
    fp=0.0523 tp=0.3061  [0.1s]
   nu  = 3.0000
  rho=4.12777 (19/20)
    fp=0.0765 tp=0.3878  [0.1s]
   nu  = 3.0000
  rho=3.65666 (20/20)
    fp=0.1057 tp=0.4490  [0.2s]
   nu  = 3.0000
  rho=3.23931 (21/21)  [extra 1/50]
    fp=0.1391 tp=0.5510  [0.2s]
   nu  = 3.0000
  rho=2.86960 (22/22)  [extra 2/50]
    fp=0.1826 tp=0.6224  [0.2s]
   nu  = 3.0000
  rho=2.54208 (23/23)  [extra 3/50]
    fp=0.2296 tp=0.6837  [0.3s]
   nu  = 3.0000
  rho=2.25195 (24/24)  [extra 4/50]
    fp=0.2762 tp=0.7041  [0.3s]
   nu  = 3.0000
  rho=1.99492 (25/25)  [extra 5/50]
    fp=0.3182 tp=0.7347  [0.3s]
   nu  = 3.0000
  FPR 0.3182 >= fp_end=0.3; stopping after 25 fits
  grid extended by 5 points down to rho=1.99492, ending at FPR 0.3182
  pilot fit of run_tstar_varlasso at rho=0.30349
  -> rho_max = max|S_ij| (off-diag) = 0.50606
  rho grid: [0.50605665 0.44829878 0.397133   0.35180694 0.31165408 0.276084
 0.24457365 0.21665967 0.19193161 0.17002584 0.15062024 0.13342947
 0.11820074 0.10471011 0.09275921 0.0821723  0.07279371 0.06448553
 0.05712559 0.05060566]
Running run_tstar_varlasso over 20 rho values, extending until FPR >= 0.3...
  rho=0.50606 (1/20)
    fp=0.0000 tp=0.0102  [0.1s]
   nu  = 3.0000
  rho=0.44830 (2/20)
    fp=0.0008 tp=0.0306  [0.0s]
   nu  = 3.0000
  rho=0.39713 (3/20)
    fp=0.0025 tp=0.0612  [0.0s]
   nu  = 3.0000
  rho=0.35181 (4/20)
    fp=0.0033 tp=0.0816  [0.0s]
   nu  = 3.0000
  rho=0.31165 (5/20)
    fp=0.0072 tp=0.1429  [0.1s]
   nu  = 3.0000
  rho=0.27608 (6/20)
    fp=0.0120 tp=0.1939  [0.1s]
   nu  = 3.0000
  rho=0.24457 (7/20)
    fp=0.0194 tp=0.2551  [0.1s]
   nu  = 3.0000
  rho=0.21666 (8/20)
    fp=0.0307 tp=0.3878  [0.1s]
   nu  = 3.0000
  rho=0.19193 (9/20)
    fp=0.0470 tp=0.4796  [0.1s]
   nu  = 3.0000
  rho=0.17003 (10/20)
    fp=0.0645 tp=0.5612  [0.1s]
   nu  = 3.0000
  rho=0.15062 (11/20)
    fp=0.0882 tp=0.6020  [0.1s]
   nu  = 3.0000
  rho=0.13343 (12/20)
    fp=0.1115 tp=0.6429  [0.1s]
   nu  = 3.0000
  rho=0.11820 (13/20)
    fp=0.1350 tp=0.7143  [0.1s]
   nu  = 3.0000
  rho=0.10471 (14/20)
    fp=0.1597 tp=0.7551  [0.1s]
   nu  = 3.0000
  rho=0.09276 (15/20)
    fp=0.1808 tp=0.7551  [0.1s]
   nu  = 3.0000
  rho=0.08217 (16/20)
    fp=0.2055 tp=0.7857  [0.1s]
   nu  = 3.0000
  rho=0.07279 (17/20)
    fp=0.2286 tp=0.7857  [0.1s]
   nu  = 3.0000
  rho=0.06449 (18/20)
    fp=0.2514 tp=0.8163  [0.1s]
   nu  = 3.0000
  rho=0.05713 (19/20)
    fp=0.2760 tp=0.8571  [0.1s]
   nu  = 3.0000
  rho=0.05061 (20/20)
    fp=0.2955 tp=0.8571  [0.1s]
   nu  = 3.0000
  rho=0.04483 (21/21)  [extra 1/50]
    fp=0.3221 tp=0.8571  [0.1s]
   nu  = 3.0000
  FPR 0.3221 >= fp_end=0.3; stopping after 21 fits
  grid extended by 1 points down to rho=0.04483, ending at FPR 0.3221
  pilot fit of run_em_diagonal at rho=0.30349
  -> rho_max = max|S_ij| (off-diag) = 0.63346
  rho grid: [0.6334577  0.56115914 0.49711224 0.44037523 0.39011379 0.34558885
 0.30614569 0.2712043  0.24025088 0.21283028 0.18853927 0.16702068
 0.14795807 0.13107114 0.11611157 0.10285939 0.09111972 0.08071993
 0.07150711 0.06334577]
Running run_em_diagonal over 20 rho values, extending until FPR >= 0.3...
  rho=0.63346 (1/20)
    fp=0.0006 tp=0.0408  [6.0s]
   median nu  = 0.123
   median |eta| = 1.864
  rho=0.56116 (2/20)
    fp=0.0021 tp=0.0510  [5.9s]
   median nu  = 0.148
   median |eta| = 1.68
  rho=0.49711 (3/20)
    fp=0.0037 tp=0.0816  [5.9s]
   median nu  = 0.175
   median |eta| = 1.503
  rho=0.44038 (4/20)
    fp=0.0062 tp=0.1122  [5.9s]
   median nu  = 0.208
   median |eta| = 1.352
  rho=0.39011 (5/20)
    fp=0.0111 tp=0.1429  [5.9s]
   median nu  = 0.25
   median |eta| = 1.225
  rho=0.34559 (6/20)
    fp=0.0167 tp=0.2041  [5.9s]
   median nu  = 0.293
   median |eta| = 1.101
  rho=0.30615 (7/20)
    fp=0.0237 tp=0.2959  [5.9s]
   median nu  = 0.319
   median |eta| = 0.97
  rho=0.27120 (8/20)
    fp=0.0342 tp=0.3571  [5.9s]
   median nu  = 0.378
   median |eta| = 0.835
  rho=0.24025 (9/20)
    fp=0.0466 tp=0.4694  [5.8s]
   median nu  = 0.445
   median |eta| = 0.773
  rho=0.21283 (10/20)
    fp=0.0635 tp=0.5306  [5.7s]
   median nu  = 0.489
   median |eta| = 0.637
  rho=0.18854 (11/20)
    fp=0.0781 tp=0.5918  [6.3s]
   median nu  = 0.53
   median |eta| = 0.541
  rho=0.16702 (12/20)
    fp=0.0977 tp=0.6224  [6.1s]
   median nu  = 0.591
   median |eta| = 0.472
  rho=0.14796 (13/20)
    fp=0.1160 tp=0.6735  [6.1s]
   median nu  = 0.652
   median |eta| = 0.425
  rho=0.13107 (14/20)
    fp=0.1383 tp=0.7041  [5.9s]
   median nu  = 0.701
   median |eta| = 0.376
  rho=0.11611 (15/20)
    fp=0.1583 tp=0.7347  [5.9s]
   median nu  = 0.751
   median |eta| = 0.305
  rho=0.10286 (16/20)
    fp=0.1725 tp=0.7653  [5.5s]
   median nu  = 0.817
   median |eta| = 0.237
  rho=0.09112 (17/20)
    fp=0.1937 tp=0.7857  [5.2s]
   median nu  = 0.918
   median |eta| = 0.162
  rho=0.08072 (18/20)
    fp=0.2084 tp=0.8163  [5.2s]
   median nu  = 1.038
   median |eta| = 0.114
  rho=0.07151 (19/20)
    fp=0.2261 tp=0.8469  [5.1s]
   median nu  = 1.135
   median |eta| = 0.086
  rho=0.06335 (20/20)
    fp=0.2399 tp=0.8469  [5.0s]
   median nu  = 1.257
   median |eta| = 0.065
  rho=0.05612 (21/21)  [extra 1/50]
    fp=0.2545 tp=0.8367  [5.1s]
   median nu  = 1.411
   median |eta| = 0.051
  rho=0.04971 (22/22)  [extra 2/50]
    fp=0.2675 tp=0.8469  [5.4s]
   median nu  = 1.54
   median |eta| = 0.037
  rho=0.04404 (23/23)  [extra 3/50]
    fp=0.2815 tp=0.8571  [5.2s]
   median nu  = 1.635
   median |eta| = 0.028
  rho=0.03901 (24/24)  [extra 4/50]
    fp=0.2951 tp=0.8469  [4.8s]
   median nu  = 1.741
   median |eta| = 0.021
  rho=0.03456 (25/25)  [extra 5/50]
    fp=0.3036 tp=0.8469  [5.0s]
   median nu  = 1.84
   median |eta| = 0.017
  FPR 0.3036 >= fp_end=0.3; stopping after 25 fits
  grid extended by 5 points down to rho=0.03456, ending at FPR 0.3036
  pilot fit of run_em_exact at rho=0.30349
  -> rho_max = max|S_ij| (off-diag) = 0.67127
  rho grid: [0.67127029 0.59465606 0.52678606 0.46666227 0.41340061 0.36621787
 0.32442025 0.28739313 0.25459203 0.22553462 0.19979363 0.17699054
 0.15679004 0.13889509 0.12304255 0.10899931 0.09655887 0.08553829
 0.07577553 0.06712703]
Running run_em_exact over 20 rho values, extending until FPR >= 0.3...
  rho=0.67127 (1/20)
    fp=0.0004 tp=0.0306  [6.0s]
   median nu  = 0.112
   median |eta| = 1.926
  rho=0.59466 (2/20)
    fp=0.0012 tp=0.0510  [6.0s]
   median nu  = 0.135
   median |eta| = 1.792
  rho=0.52679 (3/20)
    fp=0.0027 tp=0.0714  [6.0s]
   median nu  = 0.165
   median |eta| = 1.584
  rho=0.46666 (4/20)
    fp=0.0052 tp=0.0918  [6.0s]
   median nu  = 0.2
   median |eta| = 1.417
  rho=0.41340 (5/20)
    fp=0.0093 tp=0.1224  [5.9s]
   median nu  = 0.241
   median |eta| = 1.293
  rho=0.36622 (6/20)
    fp=0.0142 tp=0.1735  [5.8s]
   median nu  = 0.279
   median |eta| = 1.133
  rho=0.32442 (7/20)
    fp=0.0202 tp=0.2347  [5.8s]
   median nu  = 0.33
   median |eta| = 0.983
  rho=0.28739 (8/20)
    fp=0.0309 tp=0.3265  [5.6s]
   median nu  = 0.395
   median |eta| = 0.807
  rho=0.25459 (9/20)
    fp=0.0425 tp=0.4490  [5.5s]
   median nu  = 0.461
   median |eta| = 0.573
  rho=0.22553 (10/20)
    fp=0.0583 tp=0.5102  [5.3s]
   median nu  = 0.522
   median |eta| = 0.435
  rho=0.19979 (11/20)
    fp=0.0756 tp=0.5714  [5.6s]
   median nu  = 0.583
   median |eta| = 0.315
  rho=0.17699 (12/20)
    fp=0.0930 tp=0.6020  [5.4s]
   median nu  = 0.656
   median |eta| = 0.223
  rho=0.15679 (13/20)
    fp=0.1158 tp=0.6633  [5.4s]
   median nu  = 0.726
   median |eta| = 0.157
  rho=0.13890 (14/20)
    fp=0.1377 tp=0.6939  [5.3s]
   median nu  = 0.847
   median |eta| = 0.122
  rho=0.12304 (15/20)
    fp=0.1568 tp=0.7449  [5.1s]
   median nu  = 0.934
   median |eta| = 0.093
  rho=0.10900 (16/20)
    fp=0.1739 tp=0.7551  [5.0s]
   median nu  = 1.007
   median |eta| = 0.072
  rho=0.09656 (17/20)
    fp=0.1882 tp=0.7653  [4.9s]
   median nu  = 1.112
   median |eta| = 0.052
  rho=0.08554 (18/20)
    fp=0.2034 tp=0.8163  [4.8s]
   median nu  = 1.218
   median |eta| = 0.041
  rho=0.07578 (19/20)
    fp=0.2178 tp=0.8367  [3.7s]
   median nu  = 1.314
   median |eta| = 0.031
  rho=0.06713 (20/20)
    fp=0.2333 tp=0.8571  [3.2s]
   median nu  = 1.427
   median |eta| = 0.024
  rho=0.05947 (21/21)  [extra 1/50]
    fp=0.2506 tp=0.8673  [3.0s]
   median nu  = 1.524
   median |eta| = 0.019
  rho=0.05268 (22/22)  [extra 2/50]
    fp=0.2642 tp=0.8673  [2.7s]
   median nu  = 1.641
   median |eta| = 0.013
  rho=0.04667 (23/23)  [extra 3/50]
    fp=0.2768 tp=0.8673  [2.0s]
   median nu  = 1.764
   median |eta| = 0.01
  rho=0.04134 (24/24)  [extra 4/50]
    fp=0.2896 tp=0.8673  [1.6s]
   median nu  = 1.884
   median |eta| = 0.007
  rho=0.03662 (25/25)  [extra 5/50]
    fp=0.3023 tp=0.8776  [1.7s]
   median nu  = 2.013
   median |eta| = 0.005
  FPR 0.3023 >= fp_end=0.3; stopping after 25 fits
  grid extended by 5 points down to rho=0.03662, ending at FPR 0.3023
  graphical_lasso rho_max = max|S_ij| (off-diag) = 2.60318
  rho grid: [2.60317531 2.30606655 2.04286778 1.80970872 1.60316086 1.42018696
 1.25809647 1.11450588 0.98730374 0.8746196  0.77479646 0.68636645
 0.60802924 0.53863292 0.47715701 0.42269755 0.37445372 0.33171612
 0.29385629 0.26031753]
Running graphical_lasso over 20 rho values, extending until FPR >= 0.3...
  rho=2.60318 (1/20)
    fp=0.0000 tp=0.0000  [0.0s]
  rho=2.30607 (2/20)
    fp=0.0002 tp=0.0000  [0.0s]
  rho=2.04287 (3/20)
    fp=0.0004 tp=0.0000  [4.8s]
  rho=1.80971 (4/20)
    fp=0.0004 tp=0.0000  [4.8s]
  rho=1.60316 (5/20)
    fp=0.0006 tp=0.0000  [4.8s]
  rho=1.42019 (6/20)
    fp=0.0008 tp=0.0000  [0.0s]
  rho=1.25810 (7/20)
    fp=0.0012 tp=0.0102  [4.8s]
  rho=1.11451 (8/20)
    fp=0.0014 tp=0.0102  [0.0s]
  rho=0.98730 (9/20)
    fp=0.0029 tp=0.0102  [0.0s]
  rho=0.87462 (10/20)
    fp=0.0054 tp=0.0204  [4.8s]
  rho=0.77480 (11/20)
    fp=0.0076 tp=0.0510  [4.8s]
  rho=0.68637 (12/20)
    fp=0.0101 tp=0.0714  [4.8s]
  rho=0.60803 (13/20)
    fp=0.0183 tp=0.1327  [4.8s]
  rho=0.53863 (14/20)
    fp=0.0280 tp=0.2143  [4.8s]
  rho=0.47716 (15/20)
    fp=0.0425 tp=0.2959  [4.8s]
  rho=0.42270 (16/20)
    fp=0.0602 tp=0.3367  [0.0s]
  rho=0.37445 (17/20)
    fp=0.0802 tp=0.4082  [0.0s]
  rho=0.33172 (18/20)
    fp=0.1061 tp=0.4694  [0.1s]
  rho=0.29386 (19/20)
    fp=0.1305 tp=0.5306  [0.1s]
  rho=0.26032 (20/20)
    fp=0.1603 tp=0.5918  [0.1s]
  rho=0.23061 (21/21)  [extra 1/50]
    fp=0.1964 tp=0.6531  [0.0s]
  rho=0.20429 (22/22)  [extra 2/50]
    fp=0.2312 tp=0.6735  [0.0s]
  rho=0.18097 (23/23)  [extra 3/50]
    fp=0.2698 tp=0.7041  [0.1s]
  rho=0.16032 (24/24)  [extra 4/50]
    fp=0.3015 tp=0.7245  [0.0s]
  FPR 0.3015 >= fp_end=0.3; stopping after 24 fits
  [note] 10/24 fits hit a glasso ConvergenceWarning (suppressed)
  grid extended by 4 points down to rho=0.16032, ending at FPR 0.3015

(p=100, n=50) over 15 replicates
  t+lasso  (run_em_diagonal):    AUC = 0.198 (SE 0.004)
  ~t+lasso (run_em_exact):       AUC = 0.198 (SE 0.004)
  tlasso   (run_tlasso):         AUC = 0.145 (SE 0.004)
  t*lasso  (run_tstar_varlasso): AUC = 0.193 (SE 0.004)
  glasso   (graphical_lasso):    AUC = 0.144 (SE 0.004)
Replicate 16/50
  Theta: 102/4950 edges
  pilot fit of run_tlasso at rho=30.34854
  -> rho_max = max|S_ij| (off-diag) = 32.91696
  rho grid: [32.91696148 29.16004302 25.83191372 22.88363449 20.27185184 17.95816033
 15.90853785 14.09284537 12.48438369 11.05950091  9.79724458  8.67905361
  7.68848536  6.81097385  6.03361555  5.34497964  4.73493996  4.19452606
  3.71579134  3.29169615]
Running run_tlasso over 20 rho values, extending until FPR >= 0.3...
  rho=32.91696 (1/20)
    fp=0.0002 tp=0.0000  [0.1s]
   nu  = 3.0000
  rho=29.16004 (2/20)
    fp=0.0002 tp=0.0000  [0.1s]
   nu  = 3.0000
  rho=25.83191 (3/20)
    fp=0.0002 tp=0.0098  [0.1s]
   nu  = 3.0000
  rho=22.88363 (4/20)
    fp=0.0002 tp=0.0098  [0.1s]
   nu  = 3.0000
  rho=20.27185 (5/20)
    fp=0.0004 tp=0.0294  [0.1s]
   nu  = 3.0000
  rho=17.95816 (6/20)
    fp=0.0004 tp=0.0294  [0.1s]
   nu  = 3.0000
  rho=15.90854 (7/20)
    fp=0.0010 tp=0.0294  [0.1s]
   nu  = 3.0000
  rho=14.09285 (8/20)
    fp=0.0019 tp=0.0392  [0.1s]
   nu  = 3.0000
  rho=12.48438 (9/20)
    fp=0.0025 tp=0.0392  [0.1s]
   nu  = 3.0000
  rho=11.05950 (10/20)
    fp=0.0039 tp=0.0686  [0.1s]
   nu  = 3.0000
  rho=9.79724 (11/20)
    fp=0.0060 tp=0.0784  [0.1s]
   nu  = 3.0000
  rho=8.67905 (12/20)
    fp=0.0078 tp=0.0980  [0.1s]
   nu  = 3.0000
  rho=7.68849 (13/20)
    fp=0.0116 tp=0.0980  [0.1s]
   nu  = 3.0000
  rho=6.81097 (14/20)
    fp=0.0167 tp=0.1275  [0.1s]
   nu  = 3.0000
  rho=6.03362 (15/20)
    fp=0.0268 tp=0.1765  [0.1s]
   nu  = 3.0000
  rho=5.34498 (16/20)
    fp=0.0398 tp=0.2157  [0.1s]
   nu  = 3.0000
  rho=4.73494 (17/20)
    fp=0.0573 tp=0.2451  [0.1s]
   nu  = 3.0000
  rho=4.19453 (18/20)
    fp=0.0846 tp=0.3529  [0.2s]
   nu  = 3.0000
  rho=3.71579 (19/20)
    fp=0.1198 tp=0.4804  [0.2s]
   nu  = 3.0000
  rho=3.29170 (20/20)
    fp=0.1564 tp=0.5490  [0.3s]
   nu  = 3.0000
  rho=2.91600 (21/21)  [extra 1/50]
    fp=0.1991 tp=0.6176  [0.3s]
   nu  = 3.0000
  rho=2.58319 (22/22)  [extra 2/50]
    fp=0.2413 tp=0.7059  [0.2s]
   nu  = 3.0000
  rho=2.28836 (23/23)  [extra 3/50]
    fp=0.2849 tp=0.7451  [0.2s]
   nu  = 3.0000
  rho=2.02719 (24/24)  [extra 4/50]
    fp=0.3185 tp=0.7647  [0.2s]
   nu  = 3.0000
  FPR 0.3185 >= fp_end=0.3; stopping after 24 fits
  grid extended by 4 points down to rho=2.02719, ending at FPR 0.3185
  pilot fit of run_tstar_varlasso at rho=0.30349
  -> rho_max = max|S_ij| (off-diag) = 0.65947
  rho grid: [0.65946929 0.58420194 0.5175251  0.4584583  0.40613298 0.35977972
 0.31871691 0.28234072 0.25011627 0.2215697  0.19628124 0.17387903
 0.15403366 0.1364533  0.12087945 0.10708309 0.09486135 0.08403452
 0.07444339 0.06594693]
Running run_tstar_varlasso over 20 rho values, extending until FPR >= 0.3...
  rho=0.65947 (1/20)
    fp=0.0000 tp=0.0294  [0.1s]
   nu  = 3.0000
  rho=0.58420 (2/20)
    fp=0.0000 tp=0.0392  [0.0s]
   nu  = 3.0000
  rho=0.51753 (3/20)
    fp=0.0004 tp=0.0490  [0.0s]
   nu  = 3.0000
  rho=0.45846 (4/20)
    fp=0.0008 tp=0.0588  [0.0s]
   nu  = 3.0000
  rho=0.40613 (5/20)
    fp=0.0019 tp=0.0882  [0.0s]
   nu  = 3.0000
  rho=0.35978 (6/20)
    fp=0.0037 tp=0.1275  [0.0s]
   nu  = 3.0000
  rho=0.31872 (7/20)
    fp=0.0056 tp=0.1471  [0.1s]
   nu  = 3.0000
  rho=0.28234 (8/20)
    fp=0.0128 tp=0.1961  [0.1s]
   nu  = 3.0000
  rho=0.25012 (9/20)
    fp=0.0202 tp=0.2843  [0.1s]
   nu  = 3.0000
  rho=0.22157 (10/20)
    fp=0.0324 tp=0.3725  [0.1s]
   nu  = 3.0000
  rho=0.19628 (11/20)
    fp=0.0489 tp=0.4510  [0.1s]
   nu  = 3.0000
  rho=0.17388 (12/20)
    fp=0.0685 tp=0.5392  [0.1s]
   nu  = 3.0000
  rho=0.15403 (13/20)
    fp=0.0895 tp=0.5784  [0.1s]
   nu  = 3.0000
  rho=0.13645 (14/20)
    fp=0.1151 tp=0.6471  [0.1s]
   nu  = 3.0000
  rho=0.12088 (15/20)
    fp=0.1392 tp=0.6863  [0.1s]
   nu  = 3.0000
  rho=0.10708 (16/20)
    fp=0.1652 tp=0.7451  [0.1s]
   nu  = 3.0000
  rho=0.09486 (17/20)
    fp=0.1852 tp=0.7843  [0.1s]
   nu  = 3.0000
  rho=0.08403 (18/20)
    fp=0.2083 tp=0.8235  [0.1s]
   nu  = 3.0000
  rho=0.07444 (19/20)
    fp=0.2339 tp=0.8333  [0.1s]
   nu  = 3.0000
  rho=0.06595 (20/20)
    fp=0.2609 tp=0.8725  [0.1s]
   nu  = 3.0000
  rho=0.05842 (21/21)  [extra 1/50]
    fp=0.2830 tp=0.8922  [0.1s]
   nu  = 3.0000
  rho=0.05175 (22/22)  [extra 2/50]
    fp=0.3047 tp=0.9020  [0.1s]
   nu  = 3.0000
  FPR 0.3047 >= fp_end=0.3; stopping after 22 fits
  grid extended by 2 points down to rho=0.05175, ending at FPR 0.3047
  pilot fit of run_em_diagonal at rho=0.30349
  -> rho_max = max|S_ij| (off-diag) = 0.83171
  rho grid: [0.8317115  0.7367856  0.65269389 0.57819984 0.51220804 0.45374809
 0.40196037 0.35608334 0.3154424  0.27943995 0.24754657 0.21929329
 0.19426464 0.17209259 0.15245111 0.13505138 0.11963753 0.10598292
 0.09388675 0.08317115]
Running run_em_diagonal over 20 rho values, extending until FPR >= 0.3...
  rho=0.83171 (1/20)
    fp=0.0000 tp=0.0294  [6.2s]
   median nu  = 0.07
   median |eta| = 3.242
  rho=0.73679 (2/20)
    fp=0.0002 tp=0.0490  [6.3s]
   median nu  = 0.081
   median |eta| = 3.056
  rho=0.65269 (3/20)
    fp=0.0006 tp=0.0490  [6.2s]
   median nu  = 0.099
   median |eta| = 2.926
  rho=0.57820 (4/20)
    fp=0.0010 tp=0.0686  [6.4s]
   median nu  = 0.122
   median |eta| = 2.664
  rho=0.51221 (5/20)
    fp=0.0025 tp=0.0980  [6.2s]
   median nu  = 0.15
   median |eta| = 2.344
  rho=0.45375 (6/20)
    fp=0.0058 tp=0.1275  [6.1s]
   median nu  = 0.178
   median |eta| = 2.04
  rho=0.40196 (7/20)
    fp=0.0099 tp=0.1471  [6.1s]
   median nu  = 0.222
   median |eta| = 1.79
  rho=0.35608 (8/20)
    fp=0.0161 tp=0.1863  [6.0s]
   median nu  = 0.262
   median |eta| = 1.601
  rho=0.31544 (9/20)
    fp=0.0272 tp=0.2941  [6.0s]
   median nu  = 0.305
   median |eta| = 1.322
  rho=0.27944 (10/20)
    fp=0.0408 tp=0.3922  [5.9s]
   median nu  = 0.363
   median |eta| = 1.11
  rho=0.24755 (11/20)
    fp=0.0563 tp=0.4216  [5.9s]
   median nu  = 0.405
   median |eta| = 0.873
  rho=0.21929 (12/20)
    fp=0.0736 tp=0.5000  [5.8s]
   median nu  = 0.454
   median |eta| = 0.762
  rho=0.19426 (13/20)
    fp=0.0910 tp=0.5588  [5.8s]
   median nu  = 0.509
   median |eta| = 0.695
  rho=0.17209 (14/20)
    fp=0.1091 tp=0.6471  [5.8s]
   median nu  = 0.555
   median |eta| = 0.595
  rho=0.15245 (15/20)
    fp=0.1291 tp=0.6471  [5.9s]
   median nu  = 0.608
   median |eta| = 0.462
  rho=0.13505 (16/20)
    fp=0.1475 tp=0.6863  [6.1s]
   median nu  = 0.667
   median |eta| = 0.406
  rho=0.11964 (17/20)
    fp=0.1650 tp=0.7255  [6.0s]
   median nu  = 0.774
   median |eta| = 0.284
  rho=0.10598 (18/20)
    fp=0.1817 tp=0.7549  [5.9s]
   median nu  = 0.846
   median |eta| = 0.215
  rho=0.09389 (19/20)
    fp=0.1947 tp=0.7941  [5.8s]
   median nu  = 0.921
   median |eta| = 0.128
  rho=0.08317 (20/20)
    fp=0.2100 tp=0.8137  [5.7s]
   median nu  = 1.021
   median |eta| = 0.101
  rho=0.07368 (21/21)  [extra 1/50]
    fp=0.2259 tp=0.8235  [5.6s]
   median nu  = 1.138
   median |eta| = 0.073
  rho=0.06527 (22/22)  [extra 2/50]
    fp=0.2384 tp=0.8235  [5.6s]
   median nu  = 1.238
   median |eta| = 0.056
  rho=0.05782 (23/23)  [extra 3/50]
    fp=0.2564 tp=0.8333  [5.5s]
   median nu  = 1.351
   median |eta| = 0.044
  rho=0.05122 (24/24)  [extra 4/50]
    fp=0.2690 tp=0.8431  [5.4s]
   median nu  = 1.453
   median |eta| = 0.036
  rho=0.04537 (25/25)  [extra 5/50]
    fp=0.2824 tp=0.8529  [5.3s]
   median nu  = 1.592
   median |eta| = 0.029
  rho=0.04020 (26/26)  [extra 6/50]
    fp=0.2956 tp=0.8725  [5.3s]
   median nu  = 1.67
   median |eta| = 0.024
  rho=0.03561 (27/27)  [extra 7/50]
    fp=0.3038 tp=0.8922  [5.2s]
   median nu  = 1.817
   median |eta| = 0.018
  FPR 0.3038 >= fp_end=0.3; stopping after 27 fits
  grid extended by 7 points down to rho=0.03561, ending at FPR 0.3038
  pilot fit of run_em_exact at rho=0.30349
  -> rho_max = max|S_ij| (off-diag) = 0.83332
  rho grid: [0.83332407 0.73821412 0.65395937 0.57932089 0.51320114 0.45462784
 0.40273971 0.35677373 0.316054   0.27998174 0.24802653 0.21971847
 0.19464129 0.17242626 0.15274669 0.13531322 0.11986949 0.1061884
 0.09406878 0.08333241]
Running run_em_exact over 20 rho values, extending until FPR >= 0.3...
  rho=0.83332 (1/20)
    fp=0.0000 tp=0.0294  [6.3s]
   median nu  = 0.069
   median |eta| = 3.239
  rho=0.73821 (2/20)
    fp=0.0002 tp=0.0490  [6.3s]
   median nu  = 0.081
   median |eta| = 3.059
  rho=0.65396 (3/20)
    fp=0.0006 tp=0.0490  [6.3s]
   median nu  = 0.098
   median |eta| = 2.894
  rho=0.57932 (4/20)
    fp=0.0010 tp=0.0686  [6.3s]
   median nu  = 0.122
   median |eta| = 2.478
  rho=0.51320 (5/20)
    fp=0.0025 tp=0.0980  [6.2s]
   median nu  = 0.15
   median |eta| = 2.185
  rho=0.45463 (6/20)
    fp=0.0056 tp=0.1275  [6.1s]
   median nu  = 0.178
   median |eta| = 1.794
  rho=0.40274 (7/20)
    fp=0.0099 tp=0.1471  [6.0s]
   median nu  = 0.223
   median |eta| = 1.483
  rho=0.35677 (8/20)
    fp=0.0169 tp=0.1863  [5.9s]
   median nu  = 0.264
   median |eta| = 1.175
  rho=0.31605 (9/20)
    fp=0.0285 tp=0.2941  [5.7s]
   median nu  = 0.32
   median |eta| = 0.934
  rho=0.27998 (10/20)
    fp=0.0419 tp=0.3824  [5.6s]
   median nu  = 0.392
   median |eta| = 0.722
  rho=0.24803 (11/20)
    fp=0.0586 tp=0.4314  [5.4s]
   median nu  = 0.448
   median |eta| = 0.588
  rho=0.21972 (12/20)
    fp=0.0755 tp=0.5000  [5.3s]
   median nu  = 0.519
   median |eta| = 0.439
  rho=0.19464 (13/20)
    fp=0.0932 tp=0.5686  [5.1s]
   median nu  = 0.599
   median |eta| = 0.291
  rho=0.17243 (14/20)
    fp=0.1137 tp=0.6373  [5.3s]
   median nu  = 0.685
   median |eta| = 0.222
  rho=0.15275 (15/20)
    fp=0.1324 tp=0.6667  [5.3s]
   median nu  = 0.766
   median |eta| = 0.17
  rho=0.13531 (16/20)
    fp=0.1500 tp=0.7059  [5.2s]
   median nu  = 0.859
   median |eta| = 0.121
  rho=0.11987 (17/20)
    fp=0.1646 tp=0.7451  [5.1s]
   median nu  = 0.95
   median |eta| = 0.085
  rho=0.10619 (18/20)
    fp=0.1807 tp=0.8039  [5.0s]
   median nu  = 1.043
   median |eta| = 0.062
  rho=0.09407 (19/20)
    fp=0.1960 tp=0.8235  [5.0s]
   median nu  = 1.149
   median |eta| = 0.045
  rho=0.08333 (20/20)
    fp=0.2104 tp=0.8431  [4.9s]
   median nu  = 1.256
   median |eta| = 0.036
  rho=0.07382 (21/21)  [extra 1/50]
    fp=0.2248 tp=0.8529  [4.8s]
   median nu  = 1.347
   median |eta| = 0.029
  rho=0.06540 (22/22)  [extra 2/50]
    fp=0.2397 tp=0.8627  [4.3s]
   median nu  = 1.442
   median |eta| = 0.022
  rho=0.05793 (23/23)  [extra 3/50]
    fp=0.2550 tp=0.8725  [3.1s]
   median nu  = 1.563
   median |eta| = 0.016
  rho=0.05132 (24/24)  [extra 4/50]
    fp=0.2675 tp=0.8922  [2.1s]
   median nu  = 1.67
   median |eta| = 0.012
  rho=0.04546 (25/25)  [extra 5/50]
    fp=0.2783 tp=0.8922  [1.7s]
   median nu  = 1.78
   median |eta| = 0.009
  rho=0.04027 (26/26)  [extra 6/50]
    fp=0.2902 tp=0.8922  [1.5s]
   median nu  = 1.912
   median |eta| = 0.007
  rho=0.03568 (27/27)  [extra 7/50]
    fp=0.3026 tp=0.9020  [1.5s]
   median nu  = 2.044
   median |eta| = 0.005
  FPR 0.3026 >= fp_end=0.3; stopping after 27 fits
  grid extended by 7 points down to rho=0.03568, ending at FPR 0.3026
  graphical_lasso rho_max = max|S_ij| (off-diag) = 2.82318
  rho grid: [2.82318121 2.50096248 2.2155196  1.96265524 1.7386511  1.54021327
 1.36442378 1.20869772 1.07074517 0.94853759 0.84027795 0.74437433
 0.6594165  0.58415518 0.51748367 0.4584216  0.40610047 0.35975092
 0.31869139 0.28231812]
Running graphical_lasso over 20 rho values, extending until FPR >= 0.3...
  rho=2.82318 (1/20)
    fp=0.0000 tp=0.0000  [0.0s]
  rho=2.50096 (2/20)
    fp=0.0002 tp=0.0000  [0.0s]
  rho=2.21552 (3/20)
    fp=0.0002 tp=0.0000  [4.9s]
  rho=1.96266 (4/20)
    fp=0.0002 tp=0.0000  [0.0s]
  rho=1.73865 (5/20)
    fp=0.0002 tp=0.0000  [0.0s]
  rho=1.54021 (6/20)
    fp=0.0006 tp=0.0098  [0.0s]
  rho=1.36442 (7/20)
    fp=0.0006 tp=0.0294  [4.8s]
  rho=1.20870 (8/20)
    fp=0.0014 tp=0.0294  [4.8s]
  rho=1.07075 (9/20)
    fp=0.0021 tp=0.0294  [4.9s]
  rho=0.94854 (10/20)
    fp=0.0041 tp=0.0392  [0.0s]
  rho=0.84028 (11/20)
    fp=0.0060 tp=0.0686  [4.8s]
  rho=0.74437 (12/20)
    fp=0.0085 tp=0.0784  [4.8s]
  rho=0.65942 (13/20)
    fp=0.0142 tp=0.0980  [4.8s]
  rho=0.58416 (14/20)
    fp=0.0245 tp=0.1373  [4.8s]
  rho=0.51748 (15/20)
    fp=0.0353 tp=0.2255  [4.8s]
  rho=0.45842 (16/20)
    fp=0.0555 tp=0.2255  [0.5s]
  rho=0.40610 (17/20)
    fp=0.0749 tp=0.3235  [0.1s]
  rho=0.35975 (18/20)
    fp=0.0998 tp=0.4118  [0.1s]
  rho=0.31869 (19/20)
    fp=0.1283 tp=0.4804  [0.1s]
  rho=0.28232 (20/20)
    fp=0.1568 tp=0.5490  [0.0s]
  rho=0.25010 (21/21)  [extra 1/50]
    fp=0.1869 tp=0.5980  [0.1s]
  rho=0.22155 (22/22)  [extra 2/50]
    fp=0.2180 tp=0.6667  [0.1s]
  rho=0.19627 (23/23)  [extra 3/50]
    fp=0.2525 tp=0.7059  [0.1s]
  rho=0.17387 (24/24)  [extra 4/50]
    fp=0.2875 tp=0.7549  [0.2s]
  rho=0.15402 (25/25)  [extra 5/50]
    fp=0.3166 tp=0.7647  [0.0s]
  FPR 0.3166 >= fp_end=0.3; stopping after 25 fits
  [note] 9/25 fits hit a glasso ConvergenceWarning (suppressed)
  grid extended by 5 points down to rho=0.15402, ending at FPR 0.3166

(p=100, n=50) over 16 replicates
  t+lasso  (run_em_diagonal):    AUC = 0.197 (SE 0.004)
  ~t+lasso (run_em_exact):       AUC = 0.198 (SE 0.004)
  tlasso   (run_tlasso):         AUC = 0.145 (SE 0.004)
  t*lasso  (run_tstar_varlasso): AUC = 0.194 (SE 0.004)
  glasso   (graphical_lasso):    AUC = 0.144 (SE 0.004)
Replicate 17/50
  Theta: 96/4950 edges
  pilot fit of run_tlasso at rho=30.34854
  -> rho_max = max|S_ij| (off-diag) = 54.26849
  rho grid: [54.26849264 48.0746554  42.58774068 37.72706514 33.42115411 29.60669052
 26.22758391 23.23414558 20.58235797 18.23322739 16.15221063 14.30870699
 12.67560834 11.22890047  9.94731002  8.8119916   7.80625072  6.91529827
  6.12603308  5.42684926]
Running run_tlasso over 20 rho values, extending until FPR >= 0.3...
  rho=54.26849 (1/20)
    fp=0.0002 tp=0.0000  [0.1s]
   nu  = 3.0000
  rho=48.07466 (2/20)
    fp=0.0002 tp=0.0000  [0.1s]
   nu  = 3.0000
  rho=42.58774 (3/20)
    fp=0.0002 tp=0.0000  [0.1s]
   nu  = 3.0000
  rho=37.72707 (4/20)
    fp=0.0002 tp=0.0000  [0.1s]
   nu  = 3.0000
  rho=33.42115 (5/20)
    fp=0.0002 tp=0.0000  [0.1s]
   nu  = 3.0000
  rho=29.60669 (6/20)
    fp=0.0008 tp=0.0000  [0.1s]
   nu  = 3.0000
  rho=26.22758 (7/20)
    fp=0.0010 tp=0.0000  [0.1s]
   nu  = 3.0000
  rho=23.23415 (8/20)
    fp=0.0010 tp=0.0000  [0.1s]
   nu  = 3.0000
  rho=20.58236 (9/20)
    fp=0.0016 tp=0.0104  [0.1s]
   nu  = 3.0000
  rho=18.23323 (10/20)
    fp=0.0019 tp=0.0104  [0.1s]
   nu  = 3.0000
  rho=16.15221 (11/20)
    fp=0.0021 tp=0.0104  [0.1s]
   nu  = 3.0000
  rho=14.30871 (12/20)
    fp=0.0025 tp=0.0312  [0.1s]
   nu  = 3.0000
  rho=12.67561 (13/20)
    fp=0.0043 tp=0.0417  [0.1s]
   nu  = 3.0000
  rho=11.22890 (14/20)
    fp=0.0052 tp=0.0625  [0.1s]
   nu  = 3.0000
  rho=9.94731 (15/20)
    fp=0.0084 tp=0.0938  [0.1s]
   nu  = 3.0000
  rho=8.81199 (16/20)
    fp=0.0107 tp=0.1146  [0.1s]
   nu  = 3.0000
  rho=7.80625 (17/20)
    fp=0.0150 tp=0.1458  [0.1s]
   nu  = 3.0000
  rho=6.91530 (18/20)
    fp=0.0212 tp=0.1875  [0.1s]
   nu  = 3.0000
  rho=6.12603 (19/20)
    fp=0.0305 tp=0.2396  [0.1s]
   nu  = 3.0000
  rho=5.42685 (20/20)
    fp=0.0400 tp=0.2812  [0.1s]
   nu  = 3.0000
  rho=4.80747 (21/21)  [extra 1/50]
    fp=0.0550 tp=0.3333  [0.2s]
   nu  = 3.0000
  rho=4.25877 (22/22)  [extra 2/50]
    fp=0.0731 tp=0.3958  [0.2s]
   nu  = 3.0000
  rho=3.77271 (23/23)  [extra 3/50]
    fp=0.1018 tp=0.4688  [0.2s]
   nu  = 3.0000
  rho=3.34212 (24/24)  [extra 4/50]
    fp=0.1432 tp=0.5521  [0.2s]
   nu  = 3.0000
  rho=2.96067 (25/25)  [extra 5/50]
    fp=0.1846 tp=0.6250  [0.3s]
   nu  = 3.0000
  rho=2.62276 (26/26)  [extra 6/50]
    fp=0.2301 tp=0.6562  [0.3s]
   nu  = 3.0000
  rho=2.32341 (27/27)  [extra 7/50]
    fp=0.2738 tp=0.7188  [0.3s]
   nu  = 3.0000
  rho=2.05824 (28/28)  [extra 8/50]
    fp=0.3150 tp=0.7812  [0.3s]
   nu  = 3.0000
  FPR 0.3150 >= fp_end=0.3; stopping after 28 fits
  grid extended by 8 points down to rho=2.05824, ending at FPR 0.3150
  pilot fit of run_tstar_varlasso at rho=0.30349
  -> rho_max = max|S_ij| (off-diag) = 0.68647
  rho grid: [0.68646649 0.60811787 0.53871143 0.47722656 0.42275916 0.3745083
 0.33176447 0.29389912 0.26035547 0.23064027 0.20431655 0.18099725
 0.16033945 0.1420394  0.12582798 0.11146683 0.09874477 0.08747471
 0.07749094 0.06864665]
Running run_tstar_varlasso over 20 rho values, extending until FPR >= 0.3...
  rho=0.68647 (1/20)
    fp=0.0000 tp=0.0104  [0.1s]
   nu  = 3.0000
  rho=0.60812 (2/20)
    fp=0.0000 tp=0.0208  [0.0s]
   nu  = 3.0000
  rho=0.53871 (3/20)
    fp=0.0000 tp=0.0521  [0.0s]
   nu  = 3.0000
  rho=0.47723 (4/20)
    fp=0.0002 tp=0.0625  [0.0s]
   nu  = 3.0000
  rho=0.42276 (5/20)
    fp=0.0004 tp=0.0833  [0.0s]
   nu  = 3.0000
  rho=0.37451 (6/20)
    fp=0.0019 tp=0.1354  [0.1s]
   nu  = 3.0000
  rho=0.33176 (7/20)
    fp=0.0037 tp=0.1667  [0.1s]
   nu  = 3.0000
  rho=0.29390 (8/20)
    fp=0.0076 tp=0.2188  [0.1s]
   nu  = 3.0000
  rho=0.26036 (9/20)
    fp=0.0140 tp=0.3125  [0.1s]
   nu  = 3.0000
  rho=0.23064 (10/20)
    fp=0.0233 tp=0.3646  [0.1s]
   nu  = 3.0000
  rho=0.20432 (11/20)
    fp=0.0336 tp=0.4479  [0.1s]
   nu  = 3.0000
  rho=0.18100 (12/20)
    fp=0.0515 tp=0.5312  [0.1s]
   nu  = 3.0000
  rho=0.16034 (13/20)
    fp=0.0746 tp=0.6146  [0.1s]
   nu  = 3.0000
  rho=0.14204 (14/20)
    fp=0.0997 tp=0.6875  [0.1s]
   nu  = 3.0000
  rho=0.12583 (15/20)
    fp=0.1259 tp=0.7500  [0.1s]
   nu  = 3.0000
  rho=0.11147 (16/20)
    fp=0.1529 tp=0.7812  [0.1s]
   nu  = 3.0000
  rho=0.09874 (17/20)
    fp=0.1784 tp=0.8125  [0.1s]
   nu  = 3.0000
  rho=0.08747 (18/20)
    fp=0.2058 tp=0.8542  [0.1s]
   nu  = 3.0000
  rho=0.07749 (19/20)
    fp=0.2299 tp=0.8542  [0.1s]
   nu  = 3.0000
  rho=0.06865 (20/20)
    fp=0.2534 tp=0.8750  [0.1s]
   nu  = 3.0000
  rho=0.06081 (21/21)  [extra 1/50]
    fp=0.2765 tp=0.8854  [0.1s]
   nu  = 3.0000
  rho=0.05387 (22/22)  [extra 2/50]
    fp=0.2983 tp=0.8958  [0.1s]
   nu  = 3.0000
  rho=0.04772 (23/23)  [extra 3/50]
    fp=0.3204 tp=0.9062  [0.1s]
   nu  = 3.0000
  FPR 0.3204 >= fp_end=0.3; stopping after 23 fits
  grid extended by 3 points down to rho=0.04772, ending at FPR 0.3204
  pilot fit of run_em_diagonal at rho=0.30349
  -> rho_max = max|S_ij| (off-diag) = 0.83439
  rho grid: [0.83439332 0.73916133 0.65479848 0.58006423 0.51385963 0.45521118
 0.40325647 0.35723152 0.31645954 0.28034099 0.24834478 0.22000039
 0.19489104 0.1726475  0.15294269 0.13548685 0.1200233  0.10632465
 0.09418948 0.08343933]
Running run_em_diagonal over 20 rho values, extending until FPR >= 0.3...
  rho=0.83439 (1/20)
    fp=0.0000 tp=0.0208  [6.2s]
   median nu  = 0.082
   median |eta| = 3.35
  rho=0.73916 (2/20)
    fp=0.0000 tp=0.0312  [6.2s]
   median nu  = 0.1
   median |eta| = 3.255
  rho=0.65480 (3/20)
    fp=0.0002 tp=0.0729  [6.2s]
   median nu  = 0.124
   median |eta| = 2.888
  rho=0.58006 (4/20)
    fp=0.0002 tp=0.0833  [6.2s]
   median nu  = 0.152
   median |eta| = 2.697
  rho=0.51386 (5/20)
    fp=0.0010 tp=0.1354  [6.2s]
   median nu  = 0.182
   median |eta| = 2.199
  rho=0.45521 (6/20)
    fp=0.0023 tp=0.1667  [6.1s]
   median nu  = 0.208
   median |eta| = 1.878
  rho=0.40326 (7/20)
    fp=0.0062 tp=0.2083  [6.1s]
   median nu  = 0.234
   median |eta| = 1.585
  rho=0.35723 (8/20)
    fp=0.0122 tp=0.2188  [6.0s]
   median nu  = 0.258
   median |eta| = 1.42
  rho=0.31646 (9/20)
    fp=0.0202 tp=0.3229  [6.1s]
   median nu  = 0.29
   median |eta| = 1.187
  rho=0.28034 (10/20)
    fp=0.0295 tp=0.4062  [6.0s]
   median nu  = 0.334
   median |eta| = 1.082
  rho=0.24834 (11/20)
    fp=0.0412 tp=0.4896  [5.9s]
   median nu  = 0.368
   median |eta| = 0.877
  rho=0.22000 (12/20)
    fp=0.0548 tp=0.5521  [5.9s]
   median nu  = 0.411
   median |eta| = 0.784
  rho=0.19489 (13/20)
    fp=0.0754 tp=0.6146  [5.8s]
   median nu  = 0.469
   median |eta| = 0.638
  rho=0.17265 (14/20)
    fp=0.0933 tp=0.6667  [5.7s]
   median nu  = 0.519
   median |eta| = 0.59
  rho=0.15294 (15/20)
    fp=0.1131 tp=0.7292  [5.6s]
   median nu  = 0.575
   median |eta| = 0.485
  rho=0.13549 (16/20)
    fp=0.1323 tp=0.7917  [5.7s]
   median nu  = 0.654
   median |eta| = 0.427
  rho=0.12002 (17/20)
    fp=0.1557 tp=0.8229  [5.7s]
   median nu  = 0.72
   median |eta| = 0.365
  rho=0.10632 (18/20)
    fp=0.1745 tp=0.8333  [5.7s]
   median nu  = 0.805
   median |eta| = 0.272
  rho=0.09419 (19/20)
    fp=0.1930 tp=0.8438  [5.7s]
   median nu  = 0.899
   median |eta| = 0.172
  rho=0.08344 (20/20)
    fp=0.2116 tp=0.8542  [5.7s]
   median nu  = 0.984
   median |eta| = 0.13
  rho=0.07392 (21/21)  [extra 1/50]
    fp=0.2252 tp=0.8646  [5.7s]
   median nu  = 1.055
   median |eta| = 0.112
  rho=0.06548 (22/22)  [extra 2/50]
    fp=0.2419 tp=0.8854  [5.2s]
   median nu  = 1.134
   median |eta| = 0.085
  rho=0.05801 (23/23)  [extra 3/50]
    fp=0.2592 tp=0.8854  [5.2s]
   median nu  = 1.219
   median |eta| = 0.062
  rho=0.05139 (24/24)  [extra 4/50]
    fp=0.2752 tp=0.8958  [5.2s]
   median nu  = 1.338
   median |eta| = 0.048
  rho=0.04552 (25/25)  [extra 5/50]
    fp=0.2847 tp=0.8958  [4.9s]
   median nu  = 1.469
   median |eta| = 0.039
  rho=0.04033 (26/26)  [extra 6/50]
    fp=0.2956 tp=0.8958  [4.9s]
   median nu  = 1.619
   median |eta| = 0.033
  rho=0.03572 (27/27)  [extra 7/50]
    fp=0.3129 tp=0.9062  [5.0s]
   median nu  = 1.72
   median |eta| = 0.026
  FPR 0.3129 >= fp_end=0.3; stopping after 27 fits
  grid extended by 7 points down to rho=0.03572, ending at FPR 0.3129
  pilot fit of run_em_exact at rho=0.30349
  -> rho_max = max|S_ij| (off-diag) = 0.87247
  rho grid: [0.87247338 0.77289519 0.68468219 0.60653721 0.53731117 0.47598612
 0.4216603  0.37353486 0.33090212 0.2931352  0.25967874 0.23004077
 0.20378548 0.18052679 0.15992269 0.1416702  0.12550092 0.1111771
 0.0984881  0.08724734]
Running run_em_exact over 20 rho values, extending until FPR >= 0.3...
  rho=0.87247 (1/20)
    fp=0.0000 tp=0.0208  [6.3s]
   median nu  = 0.076
   median |eta| = 3.502
  rho=0.77290 (2/20)
    fp=0.0000 tp=0.0312  [6.3s]
   median nu  = 0.093
   median |eta| = 3.179
  rho=0.68468 (3/20)
    fp=0.0002 tp=0.0625  [6.3s]
   median nu  = 0.115
   median |eta| = 2.856
  rho=0.60654 (4/20)
    fp=0.0002 tp=0.0833  [6.2s]
   median nu  = 0.142
   median |eta| = 2.523
  rho=0.53731 (5/20)
    fp=0.0010 tp=0.1146  [6.2s]
   median nu  = 0.171
   median |eta| = 2.162
  rho=0.47599 (6/20)
    fp=0.0023 tp=0.1667  [6.1s]
   median nu  = 0.202
   median |eta| = 1.753
  rho=0.42166 (7/20)
    fp=0.0037 tp=0.1875  [6.0s]
   median nu  = 0.231
   median |eta| = 1.364
  rho=0.37353 (8/20)
    fp=0.0101 tp=0.2188  [5.9s]
   median nu  = 0.262
   median |eta| = 1.205
  rho=0.33090 (9/20)
    fp=0.0165 tp=0.2708  [5.8s]
   median nu  = 0.296
   median |eta| = 1.018
  rho=0.29314 (10/20)
    fp=0.0270 tp=0.3854  [5.7s]
   median nu  = 0.353
   median |eta| = 0.757
  rho=0.25968 (11/20)
    fp=0.0391 tp=0.4688  [5.5s]
   median nu  = 0.412
   median |eta| = 0.633
  rho=0.23004 (12/20)
    fp=0.0521 tp=0.5417  [5.3s]
   median nu  = 0.48
   median |eta| = 0.496
  rho=0.20379 (13/20)
    fp=0.0735 tp=0.5938  [5.2s]
   median nu  = 0.552
   median |eta| = 0.341
  rho=0.18053 (14/20)
    fp=0.0894 tp=0.6771  [5.0s]
   median nu  = 0.622
   median |eta| = 0.231
  rho=0.15992 (15/20)
    fp=0.1108 tp=0.7396  [4.8s]
   median nu  = 0.709
   median |eta| = 0.175
  rho=0.14167 (16/20)
    fp=0.1329 tp=0.7708  [4.7s]
   median nu  = 0.789
   median |eta| = 0.123
  rho=0.12550 (17/20)
    fp=0.1535 tp=0.8125  [4.7s]
   median nu  = 0.902
   median |eta| = 0.098
  rho=0.11118 (18/20)
    fp=0.1720 tp=0.8125  [4.7s]
   median nu  = 0.989
   median |eta| = 0.075
  rho=0.09849 (19/20)
    fp=0.1904 tp=0.8542  [4.4s]
   median nu  = 1.095
   median |eta| = 0.059
  rho=0.08725 (20/20)
    fp=0.2103 tp=0.8646  [4.9s]
   median nu  = 1.211
   median |eta| = 0.048
  rho=0.07729 (21/21)  [extra 1/50]
    fp=0.2254 tp=0.8646  [4.5s]
   median nu  = 1.322
   median |eta| = 0.036
  rho=0.06847 (22/22)  [extra 2/50]
    fp=0.2396 tp=0.8750  [3.7s]
   median nu  = 1.427
   median |eta| = 0.029
  rho=0.06065 (23/23)  [extra 3/50]
    fp=0.2526 tp=0.8854  [3.3s]
   median nu  = 1.543
   median |eta| = 0.022
  rho=0.05373 (24/24)  [extra 4/50]
    fp=0.2717 tp=0.9167  [3.2s]
   median nu  = 1.655
   median |eta| = 0.017
  rho=0.04760 (25/25)  [extra 5/50]
    fp=0.2866 tp=0.9271  [2.9s]
   median nu  = 1.75
   median |eta| = 0.012
  rho=0.04217 (26/26)  [extra 6/50]
    fp=0.3006 tp=0.9271  [2.3s]
   median nu  = 1.849
   median |eta| = 0.009
  FPR 0.3006 >= fp_end=0.3; stopping after 26 fits
  grid extended by 6 points down to rho=0.04217, ending at FPR 0.3006
  graphical_lasso rho_max = max|S_ij| (off-diag) = 4.69807
  rho grid: [4.6980662  4.16186083 3.68685429 3.26606178 2.89329566 2.56307454
 2.27054262 2.0113983  1.78183096 1.57846487 1.39830961 1.23871605
 1.09733741 0.97209477 0.86114647 0.76286106 0.67579328 0.59866282
 0.53033551 0.46980662]
Running graphical_lasso over 20 rho values, extending until FPR >= 0.3...
  rho=4.69807 (1/20)
    fp=0.0000 tp=0.0000  [0.0s]
  rho=4.16186 (2/20)
    fp=0.0002 tp=0.0000  [0.0s]
  rho=3.68685 (3/20)
    fp=0.0002 tp=0.0000  [4.8s]
  rho=3.26606 (4/20)
    fp=0.0002 tp=0.0000  [0.0s]
  rho=2.89330 (5/20)
    fp=0.0002 tp=0.0000  [0.0s]
  rho=2.56307 (6/20)
    fp=0.0004 tp=0.0000  [0.0s]
  rho=2.27054 (7/20)
    fp=0.0006 tp=0.0000  [0.0s]
  rho=2.01140 (8/20)
    fp=0.0008 tp=0.0000  [0.0s]
  rho=1.78183 (9/20)
    fp=0.0014 tp=0.0000  [4.8s]
  rho=1.57846 (10/20)
    fp=0.0016 tp=0.0000  [0.0s]
  rho=1.39831 (11/20)
    fp=0.0025 tp=0.0000  [0.0s]
  rho=1.23872 (12/20)
    fp=0.0031 tp=0.0000  [0.0s]
  rho=1.09734 (13/20)
    fp=0.0037 tp=0.0104  [0.0s]
  rho=0.97209 (14/20)
    fp=0.0056 tp=0.0312  [4.8s]
  rho=0.86115 (15/20)
    fp=0.0084 tp=0.0521  [4.8s]
  rho=0.76286 (16/20)
    fp=0.0119 tp=0.0938  [0.0s]
  rho=0.67579 (17/20)
    fp=0.0173 tp=0.1562  [0.0s]
  rho=0.59866 (18/20)
    fp=0.0241 tp=0.1875  [0.1s]
  rho=0.53034 (19/20)
    fp=0.0358 tp=0.2604  [0.0s]
  rho=0.46981 (20/20)
    fp=0.0490 tp=0.3125  [0.1s]
  rho=0.41619 (21/21)  [extra 1/50]
    fp=0.0680 tp=0.3750  [0.3s]
  rho=0.36869 (22/22)  [extra 2/50]
    fp=0.0939 tp=0.4583  [0.0s]
  rho=0.32661 (23/23)  [extra 3/50]
    fp=0.1191 tp=0.4792  [0.0s]
  rho=0.28933 (24/24)  [extra 4/50]
    fp=0.1479 tp=0.5521  [0.0s]
  rho=0.25631 (25/25)  [extra 5/50]
    fp=0.1827 tp=0.6042  [0.0s]
  rho=0.22705 (26/26)  [extra 6/50]
    fp=0.2155 tp=0.6562  [0.0s]
  rho=0.20114 (27/27)  [extra 7/50]
    fp=0.2503 tp=0.7083  [0.0s]
  rho=0.17818 (28/28)  [extra 8/50]
    fp=0.2829 tp=0.7396  [0.1s]
  rho=0.15785 (29/29)  [extra 9/50]
    fp=0.3175 tp=0.7500  [0.0s]
  FPR 0.3175 >= fp_end=0.3; stopping after 29 fits
  [note] 4/29 fits hit a glasso ConvergenceWarning (suppressed)
  grid extended by 9 points down to rho=0.15785, ending at FPR 0.3175

(p=100, n=50) over 17 replicates
  t+lasso  (run_em_diagonal):    AUC = 0.198 (SE 0.004)
  ~t+lasso (run_em_exact):       AUC = 0.199 (SE 0.004)
  tlasso   (run_tlasso):         AUC = 0.145 (SE 0.004)
  t*lasso  (run_tstar_varlasso): AUC = 0.195 (SE 0.004)
  glasso   (graphical_lasso):    AUC = 0.145 (SE 0.004)
Replicate 18/50
  Theta: 90/4950 edges
  pilot fit of run_tlasso at rho=30.34854
  -> rho_max = max|S_ij| (off-diag) = 34.22178
  rho grid: [34.22178293 30.31594101 26.85588536 23.79073696 21.0754238  18.67001803
 16.53914895 14.6514828  12.97926204 11.49789721 10.1856053   9.02308947
  7.99325531  7.08095943  6.2727868   5.55685351  4.92263198  4.3607962
  3.86308453  3.42217829]
Running run_tlasso over 20 rho values, extending until FPR >= 0.3...
  rho=34.22178 (1/20)
    fp=0.0004 tp=0.0000  [0.1s]
   nu  = 3.0000
  rho=30.31594 (2/20)
    fp=0.0012 tp=0.0000  [0.1s]
   nu  = 3.0000
  rho=26.85589 (3/20)
    fp=0.0016 tp=0.0000  [0.1s]
   nu  = 3.0000
  rho=23.79074 (4/20)
    fp=0.0019 tp=0.0000  [0.1s]
   nu  = 3.0000
  rho=21.07542 (5/20)
    fp=0.0023 tp=0.0000  [0.1s]
   nu  = 3.0000
  rho=18.67002 (6/20)
    fp=0.0027 tp=0.0111  [0.1s]
   nu  = 3.0000
  rho=16.53915 (7/20)
    fp=0.0033 tp=0.0111  [0.1s]
   nu  = 3.0000
  rho=14.65148 (8/20)
    fp=0.0039 tp=0.0111  [0.1s]
   nu  = 3.0000
  rho=12.97926 (9/20)
    fp=0.0056 tp=0.0444  [0.1s]
   nu  = 3.0000
  rho=11.49790 (10/20)
    fp=0.0084 tp=0.0444  [0.1s]
   nu  = 3.0000
  rho=10.18561 (11/20)
    fp=0.0138 tp=0.1111  [0.1s]
   nu  = 3.0000
  rho=9.02309 (12/20)
    fp=0.0189 tp=0.1333  [0.1s]
   nu  = 3.0000
  rho=7.99326 (13/20)
    fp=0.0233 tp=0.1444  [0.1s]
   nu  = 3.0000
  rho=7.08096 (14/20)
    fp=0.0307 tp=0.1667  [0.1s]
   nu  = 3.0000
  rho=6.27279 (15/20)
    fp=0.0442 tp=0.2556  [0.1s]
   nu  = 3.0000
  rho=5.55685 (16/20)
    fp=0.0599 tp=0.3000  [0.1s]
   nu  = 3.0000
  rho=4.92263 (17/20)
    fp=0.0788 tp=0.3778  [0.1s]
   nu  = 3.0000
  rho=4.36080 (18/20)
    fp=0.1070 tp=0.4333  [0.1s]
   nu  = 3.0000
  rho=3.86308 (19/20)
    fp=0.1381 tp=0.4667  [0.2s]
   nu  = 3.0000
  rho=3.42218 (20/20)
    fp=0.1770 tp=0.5889  [0.2s]
   nu  = 3.0000
  rho=3.03159 (21/21)  [extra 1/50]
    fp=0.2195 tp=0.6444  [0.3s]
   nu  = 3.0000
  rho=2.68559 (22/22)  [extra 2/50]
    fp=0.2638 tp=0.7000  [0.3s]
   nu  = 3.0000
  rho=2.37907 (23/23)  [extra 3/50]
    fp=0.3039 tp=0.7667  [0.2s]
   nu  = 3.0000
  FPR 0.3039 >= fp_end=0.3; stopping after 23 fits
  grid extended by 3 points down to rho=2.37907, ending at FPR 0.3039
  pilot fit of run_tstar_varlasso at rho=0.30349
  -> rho_max = max|S_ij| (off-diag) = 0.62342
  rho grid: [0.62341703 0.55226445 0.48923273 0.43339503 0.38393027 0.34011107
 0.3012931  0.26690555 0.23644277 0.2094568  0.18555082 0.16437331
 0.14561286 0.12899359 0.11427114 0.10122901 0.08967542 0.07944047
 0.07037368 0.0623417 ]
Running run_tstar_varlasso over 20 rho values, extending until FPR >= 0.3...
  rho=0.62342 (1/20)
    fp=0.0000 tp=0.0111  [0.1s]
   nu  = 3.0000
  rho=0.55226 (2/20)
    fp=0.0006 tp=0.0222  [0.0s]
   nu  = 3.0000
  rho=0.48923 (3/20)
    fp=0.0008 tp=0.0667  [0.0s]
   nu  = 3.0000
  rho=0.43340 (4/20)
    fp=0.0016 tp=0.1222  [0.0s]
   nu  = 3.0000
  rho=0.38393 (5/20)
    fp=0.0043 tp=0.1444  [0.1s]
   nu  = 3.0000
  rho=0.34011 (6/20)
    fp=0.0091 tp=0.2000  [0.1s]
   nu  = 3.0000
  rho=0.30129 (7/20)
    fp=0.0144 tp=0.2000  [0.1s]
   nu  = 3.0000
  rho=0.26691 (8/20)
    fp=0.0224 tp=0.3111  [0.1s]
   nu  = 3.0000
  rho=0.23644 (9/20)
    fp=0.0348 tp=0.3444  [0.1s]
   nu  = 3.0000
  rho=0.20946 (10/20)
    fp=0.0502 tp=0.4333  [0.1s]
   nu  = 3.0000
  rho=0.18555 (11/20)
    fp=0.0650 tp=0.5333  [0.1s]
   nu  = 3.0000
  rho=0.16437 (12/20)
    fp=0.0829 tp=0.6333  [0.1s]
   nu  = 3.0000
  rho=0.14561 (13/20)
    fp=0.1097 tp=0.6667  [0.1s]
   nu  = 3.0000
  rho=0.12899 (14/20)
    fp=0.1337 tp=0.7444  [0.1s]
   nu  = 3.0000
  rho=0.11427 (15/20)
    fp=0.1601 tp=0.7778  [0.1s]
   nu  = 3.0000
  rho=0.10123 (16/20)
    fp=0.1870 tp=0.7889  [0.1s]
   nu  = 3.0000
  rho=0.08968 (17/20)
    fp=0.2126 tp=0.8222  [0.1s]
   nu  = 3.0000
  rho=0.07944 (18/20)
    fp=0.2387 tp=0.8222  [0.1s]
   nu  = 3.0000
  rho=0.07037 (19/20)
    fp=0.2603 tp=0.8333  [0.1s]
   nu  = 3.0000
  rho=0.06234 (20/20)
    fp=0.2852 tp=0.8333  [0.1s]
   nu  = 3.0000
  rho=0.05523 (21/21)  [extra 1/50]
    fp=0.3101 tp=0.8778  [0.1s]
   nu  = 3.0000
  FPR 0.3101 >= fp_end=0.3; stopping after 21 fits
  grid extended by 1 points down to rho=0.05523, ending at FPR 0.3101
  pilot fit of run_em_diagonal at rho=0.30349
  -> rho_max = max|S_ij| (off-diag) = 0.72053
  rho grid: [0.72053167 0.63829508 0.56544441 0.50090842 0.44373814 0.39309288
 0.34822793 0.30848356 0.27327534 0.24208555 0.21445555 0.18997905
 0.16829613 0.14908795 0.13207206 0.11699826 0.10364487 0.09181555
 0.08133634 0.07205317]
Running run_em_diagonal over 20 rho values, extending until FPR >= 0.3...
  rho=0.72053 (1/20)
    fp=0.0002 tp=0.0222  [6.2s]
   median nu  = 0.123
   median |eta| = 3.113
  rho=0.63830 (2/20)
    fp=0.0006 tp=0.0556  [6.1s]
   median nu  = 0.15
   median |eta| = 2.695
  rho=0.56544 (3/20)
    fp=0.0021 tp=0.0889  [6.1s]
   median nu  = 0.184
   median |eta| = 2.387
  rho=0.50091 (4/20)
    fp=0.0043 tp=0.1556  [6.1s]
   median nu  = 0.22
   median |eta| = 2.12
  rho=0.44374 (5/20)
    fp=0.0082 tp=0.2000  [6.0s]
   median nu  = 0.252
   median |eta| = 1.902
  rho=0.39309 (6/20)
    fp=0.0158 tp=0.2333  [6.0s]
   median nu  = 0.281
   median |eta| = 1.569
  rho=0.34823 (7/20)
    fp=0.0233 tp=0.2778  [5.9s]
   median nu  = 0.325
   median |eta| = 1.354
  rho=0.30848 (8/20)
    fp=0.0335 tp=0.3333  [5.9s]
   median nu  = 0.355
   median |eta| = 1.128
  rho=0.27328 (9/20)
    fp=0.0484 tp=0.4000  [5.8s]
   median nu  = 0.382
   median |eta| = 0.902
  rho=0.24209 (10/20)
    fp=0.0623 tp=0.4889  [5.7s]
   median nu  = 0.403
   median |eta| = 0.766
  rho=0.21446 (11/20)
    fp=0.0792 tp=0.5778  [5.7s]
   median nu  = 0.437
   median |eta| = 0.687
  rho=0.18998 (12/20)
    fp=0.0942 tp=0.6333  [5.6s]
   median nu  = 0.486
   median |eta| = 0.604
  rho=0.16830 (13/20)
    fp=0.1132 tp=0.6667  [5.5s]
   median nu  = 0.537
   median |eta| = 0.459
  rho=0.14909 (14/20)
    fp=0.1290 tp=0.7222  [5.4s]
   median nu  = 0.642
   median |eta| = 0.323
  rho=0.13207 (15/20)
    fp=0.1442 tp=0.7444  [5.3s]
   median nu  = 0.72
   median |eta| = 0.226
  rho=0.11700 (16/20)
    fp=0.1609 tp=0.7556  [5.3s]
   median nu  = 0.783
   median |eta| = 0.172
  rho=0.10364 (17/20)
    fp=0.1823 tp=0.7889  [5.3s]
   median nu  = 0.898
   median |eta| = 0.128
  rho=0.09182 (18/20)
    fp=0.2023 tp=0.8000  [5.6s]
   median nu  = 1.007
   median |eta| = 0.098
  rho=0.08134 (19/20)
    fp=0.2171 tp=0.8333  [5.6s]
   median nu  = 1.115
   median |eta| = 0.075
  rho=0.07205 (20/20)
    fp=0.2331 tp=0.8333  [5.5s]
   median nu  = 1.25
   median |eta| = 0.059
  rho=0.06383 (21/21)  [extra 1/50]
    fp=0.2471 tp=0.8333  [5.4s]
   median nu  = 1.344
   median |eta| = 0.045
  rho=0.05654 (22/22)  [extra 2/50]
    fp=0.2617 tp=0.8556  [4.8s]
   median nu  = 1.462
   median |eta| = 0.034
  rho=0.05009 (23/23)  [extra 3/50]
    fp=0.2772 tp=0.8444  [4.8s]
   median nu  = 1.565
   median |eta| = 0.027
  rho=0.04437 (24/24)  [extra 4/50]
    fp=0.2881 tp=0.8444  [5.2s]
   median nu  = 1.682
   median |eta| = 0.021
  rho=0.03931 (25/25)  [extra 5/50]
    fp=0.2975 tp=0.8444  [5.2s]
   median nu  = 1.814
   median |eta| = 0.016
  rho=0.03482 (26/26)  [extra 6/50]
    fp=0.3113 tp=0.8444  [5.1s]
   median nu  = 1.931
   median |eta| = 0.013
  FPR 0.3113 >= fp_end=0.3; stopping after 26 fits
  grid extended by 6 points down to rho=0.03482, ending at FPR 0.3113
  pilot fit of run_em_exact at rho=0.30349
  -> rho_max = max|S_ij| (off-diag) = 0.80538
  rho grid: [0.80538376 0.71346273 0.63203294 0.55989699 0.49599415 0.43938475
 0.38923635 0.34481156 0.30545711 0.27059431 0.23971051 0.21235158
 0.18811521 0.16664502 0.14762529 0.13077634 0.11585042 0.10262804
 0.09091477 0.08053838]
Running run_em_exact over 20 rho values, extending until FPR >= 0.3...
  rho=0.80538 (1/20)
    fp=0.0000 tp=0.0111  [6.2s]
   median nu  = 0.101
   median |eta| = 3.123
  rho=0.71346 (2/20)
    fp=0.0002 tp=0.0222  [6.2s]
   median nu  = 0.125
   median |eta| = 3.072
  rho=0.63203 (3/20)
    fp=0.0008 tp=0.0556  [6.2s]
   median nu  = 0.153
   median |eta| = 2.67
  rho=0.55990 (4/20)
    fp=0.0021 tp=0.1111  [6.2s]
   median nu  = 0.187
   median |eta| = 2.357
  rho=0.49599 (5/20)
    fp=0.0051 tp=0.1556  [6.1s]
   median nu  = 0.222
   median |eta| = 2.023
  rho=0.43938 (6/20)
    fp=0.0086 tp=0.2000  [6.0s]
   median nu  = 0.262
   median |eta| = 1.643
  rho=0.38924 (7/20)
    fp=0.0173 tp=0.2444  [5.8s]
   median nu  = 0.3
   median |eta| = 1.424
  rho=0.34481 (8/20)
    fp=0.0253 tp=0.2889  [5.7s]
   median nu  = 0.355
   median |eta| = 1.134
  rho=0.30546 (9/20)
    fp=0.0372 tp=0.3444  [5.6s]
   median nu  = 0.405
   median |eta| = 0.866
  rho=0.27059 (10/20)
    fp=0.0521 tp=0.4000  [5.5s]
   median nu  = 0.477
   median |eta| = 0.62
  rho=0.23971 (11/20)
    fp=0.0658 tp=0.5111  [5.2s]
   median nu  = 0.559
   median |eta| = 0.46
  rho=0.21235 (12/20)
    fp=0.0807 tp=0.5889  [5.1s]
   median nu  = 0.628
   median |eta| = 0.349
  rho=0.18812 (13/20)
    fp=0.1016 tp=0.6556  [4.9s]
   median nu  = 0.69
   median |eta| = 0.244
  rho=0.16665 (14/20)
    fp=0.1195 tp=0.6778  [4.8s]
   median nu  = 0.747
   median |eta| = 0.162
  rho=0.14763 (15/20)
    fp=0.1348 tp=0.7333  [5.1s]
   median nu  = 0.836
   median |eta| = 0.114
  rho=0.13078 (16/20)
    fp=0.1512 tp=0.7333  [5.1s]
   median nu  = 0.93
   median |eta| = 0.092
  rho=0.11585 (17/20)
    fp=0.1695 tp=0.7667  [5.0s]
   median nu  = 1.041
   median |eta| = 0.072
  rho=0.10263 (18/20)
    fp=0.1920 tp=0.7778  [4.3s]
   median nu  = 1.159
   median |eta| = 0.053
  rho=0.09091 (19/20)
    fp=0.2091 tp=0.7889  [2.9s]
   median nu  = 1.241
   median |eta| = 0.038
  rho=0.08054 (20/20)
    fp=0.2222 tp=0.8333  [1.9s]
   median nu  = 1.352
   median |eta| = 0.026
  rho=0.07135 (21/21)  [extra 1/50]
    fp=0.2354 tp=0.8444  [2.0s]
   median nu  = 1.458
   median |eta| = 0.018
  rho=0.06320 (22/22)  [extra 2/50]
    fp=0.2504 tp=0.8556  [1.8s]
   median nu  = 1.576
   median |eta| = 0.014
  rho=0.05599 (23/23)  [extra 3/50]
    fp=0.2630 tp=0.8667  [4.6s]
   median nu  = 1.684
   median |eta| = 0.011
  rho=0.04960 (24/24)  [extra 4/50]
    fp=0.2782 tp=0.8778  [1.7s]
   median nu  = 1.789
   median |eta| = 0.01
  rho=0.04394 (25/25)  [extra 5/50]
    fp=0.2916 tp=0.8889  [1.5s]
   median nu  = 1.919
   median |eta| = 0.007
  rho=0.03892 (26/26)  [extra 6/50]
    fp=0.3039 tp=0.9000  [1.4s]
   median nu  = 2.039
   median |eta| = 0.005
  FPR 0.3039 >= fp_end=0.3; stopping after 26 fits
  grid extended by 6 points down to rho=0.03892, ending at FPR 0.3039
  graphical_lasso rho_max = max|S_ij| (off-diag) = 2.57067
  rho grid: [2.57066522 2.27726694 2.01735516 1.78710794 1.58313957 1.40245077
 1.24238457 1.10058723 0.97497367 0.8636968  0.76512031 0.67779468
 0.60043579 0.53190613 0.47119798 0.41741864 0.36977731 0.32757344
 0.29018643 0.25706652]
Running graphical_lasso over 20 rho values, extending until FPR >= 0.3...
  rho=2.57067 (1/20)
    fp=0.0000 tp=0.0000  [0.0s]
  rho=2.27727 (2/20)
    fp=0.0004 tp=0.0000  [0.0s]
  rho=2.01736 (3/20)
    fp=0.0019 tp=0.0000  [4.8s]
  rho=1.78711 (4/20)
    fp=0.0021 tp=0.0000  [4.8s]
  rho=1.58314 (5/20)
    fp=0.0025 tp=0.0000  [4.8s]
  rho=1.40245 (6/20)
    fp=0.0033 tp=0.0000  [4.8s]
  rho=1.24238 (7/20)
    fp=0.0039 tp=0.0111  [4.8s]
  rho=1.10059 (8/20)
    fp=0.0062 tp=0.0111  [0.0s]
  rho=0.97497 (9/20)
    fp=0.0101 tp=0.0556  [4.8s]
  rho=0.86370 (10/20)
    fp=0.0154 tp=0.0778  [4.8s]
  rho=0.76512 (11/20)
    fp=0.0206 tp=0.1444  [4.8s]
  rho=0.67779 (12/20)
    fp=0.0290 tp=0.1556  [4.8s]
  rho=0.60044 (13/20)
    fp=0.0407 tp=0.2000  [0.0s]
  rho=0.53191 (14/20)
    fp=0.0566 tp=0.2889  [4.8s]
  rho=0.47120 (15/20)
    fp=0.0770 tp=0.3556  [0.0s]
  rho=0.41742 (16/20)
    fp=0.0984 tp=0.4000  [0.0s]
  rho=0.36978 (17/20)
    fp=0.1255 tp=0.4556  [4.8s]
  rho=0.32757 (18/20)
    fp=0.1533 tp=0.4889  [0.0s]
  rho=0.29019 (19/20)
    fp=0.1823 tp=0.5889  [0.1s]
  rho=0.25707 (20/20)
    fp=0.2183 tp=0.6333  [0.0s]
  rho=0.22773 (21/21)  [extra 1/50]
    fp=0.2492 tp=0.7000  [0.0s]
  rho=0.20174 (22/22)  [extra 2/50]
    fp=0.2817 tp=0.7333  [0.0s]
  rho=0.17871 (23/23)  [extra 3/50]
    fp=0.3150 tp=0.7778  [0.0s]
  FPR 0.3150 >= fp_end=0.3; stopping after 23 fits
  [note] 11/23 fits hit a glasso ConvergenceWarning (suppressed)
  grid extended by 3 points down to rho=0.17871, ending at FPR 0.3150

(p=100, n=50) over 18 replicates
  t+lasso  (run_em_diagonal):    AUC = 0.198 (SE 0.004)
  ~t+lasso (run_em_exact):       AUC = 0.199 (SE 0.004)
  tlasso   (run_tlasso):         AUC = 0.145 (SE 0.003)
  t*lasso  (run_tstar_varlasso): AUC = 0.195 (SE 0.003)
  glasso   (graphical_lasso):    AUC = 0.145 (SE 0.003)
Replicate 19/50
  Theta: 96/4950 edges
  pilot fit of run_tlasso at rho=30.34854
  -> rho_max = max|S_ij| (off-diag) = 35.09972
  rho grid: [35.09971856 31.09367503 27.5448541  24.40107149 21.61609889 19.14898414
 16.96344912 15.02735623 13.31223583 11.79286763 10.44690979  9.25457045
  8.19831662  7.26261643  6.43371071  5.69941066  5.04891862  4.47266934
  3.96218923  3.50997186]
Running run_tlasso over 20 rho values, extending until FPR >= 0.3...
  rho=35.09972 (1/20)
    fp=0.0000 tp=0.0104  [0.1s]
   nu  = 3.0000
  rho=31.09368 (2/20)
    fp=0.0002 tp=0.0104  [0.1s]
   nu  = 3.0000
  rho=27.54485 (3/20)
    fp=0.0002 tp=0.0104  [0.1s]
   nu  = 3.0000
  rho=24.40107 (4/20)
    fp=0.0002 tp=0.0208  [0.1s]
   nu  = 3.0000
  rho=21.61610 (5/20)
    fp=0.0004 tp=0.0208  [0.1s]
   nu  = 3.0000
  rho=19.14898 (6/20)
    fp=0.0006 tp=0.0312  [0.1s]
   nu  = 3.0000
  rho=16.96345 (7/20)
    fp=0.0010 tp=0.0417  [0.1s]
   nu  = 3.0000
  rho=15.02736 (8/20)
    fp=0.0023 tp=0.0417  [0.1s]
   nu  = 3.0000
  rho=13.31224 (9/20)
    fp=0.0025 tp=0.0417  [0.1s]
   nu  = 3.0000
  rho=11.79287 (10/20)
    fp=0.0047 tp=0.0417  [0.1s]
   nu  = 3.0000
  rho=10.44691 (11/20)
    fp=0.0058 tp=0.0417  [0.1s]
   nu  = 3.0000
  rho=9.25457 (12/20)
    fp=0.0078 tp=0.0729  [0.1s]
   nu  = 3.0000
  rho=8.19832 (13/20)
    fp=0.0113 tp=0.1250  [0.1s]
   nu  = 3.0000
  rho=7.26262 (14/20)
    fp=0.0171 tp=0.1354  [0.1s]
   nu  = 3.0000
  rho=6.43371 (15/20)
    fp=0.0282 tp=0.1667  [0.1s]
   nu  = 3.0000
  rho=5.69941 (16/20)
    fp=0.0389 tp=0.1979  [0.1s]
   nu  = 3.0000
  rho=5.04892 (17/20)
    fp=0.0523 tp=0.2500  [0.1s]
   nu  = 3.0000
  rho=4.47267 (18/20)
    fp=0.0686 tp=0.3229  [0.1s]
   nu  = 3.0000
  rho=3.96219 (19/20)
    fp=0.0911 tp=0.4167  [0.2s]
   nu  = 3.0000
  rho=3.50997 (20/20)
    fp=0.1246 tp=0.4688  [0.2s]
   nu  = 3.0000
  rho=3.10937 (21/21)  [extra 1/50]
    fp=0.1615 tp=0.5312  [0.2s]
   nu  = 3.0000
  rho=2.75449 (22/22)  [extra 2/50]
    fp=0.2005 tp=0.6354  [0.3s]
   nu  = 3.0000
  rho=2.44011 (23/23)  [extra 3/50]
    fp=0.2462 tp=0.6875  [0.3s]
   nu  = 3.0000
  rho=2.16161 (24/24)  [extra 4/50]
    fp=0.2884 tp=0.6979  [0.3s]
   nu  = 3.0000
  rho=1.91490 (25/25)  [extra 5/50]
    fp=0.3269 tp=0.7812  [0.3s]
   nu  = 3.0000
  FPR 0.3269 >= fp_end=0.3; stopping after 25 fits
  grid extended by 5 points down to rho=1.91490, ending at FPR 0.3269
  pilot fit of run_tstar_varlasso at rho=0.30349
  -> rho_max = max|S_ij| (off-diag) = 0.70532
  rho grid: [0.70532237 0.62482167 0.55350877 0.49033503 0.43437152 0.38479531
 0.34087738 0.30197195 0.26750693 0.2369755  0.20992873 0.18596889
 0.16474366 0.14594094 0.12928423 0.11452861 0.10145709 0.08987747
 0.07961946 0.07053224]
Running run_tstar_varlasso over 20 rho values, extending until FPR >= 0.3...
  rho=0.70532 (1/20)
    fp=0.0000 tp=0.0104  [0.1s]
   nu  = 3.0000
  rho=0.62482 (2/20)
    fp=0.0000 tp=0.0208  [0.0s]
   nu  = 3.0000
  rho=0.55351 (3/20)
    fp=0.0000 tp=0.0208  [0.0s]
   nu  = 3.0000
  rho=0.49034 (4/20)
    fp=0.0004 tp=0.0208  [0.0s]
   nu  = 3.0000
  rho=0.43437 (5/20)
    fp=0.0010 tp=0.0625  [0.0s]
   nu  = 3.0000
  rho=0.38480 (6/20)
    fp=0.0023 tp=0.0938  [0.0s]
   nu  = 3.0000
  rho=0.34088 (7/20)
    fp=0.0045 tp=0.1146  [0.1s]
   nu  = 3.0000
  rho=0.30197 (8/20)
    fp=0.0082 tp=0.1562  [0.1s]
   nu  = 3.0000
  rho=0.26751 (9/20)
    fp=0.0130 tp=0.1875  [0.1s]
   nu  = 3.0000
  rho=0.23698 (10/20)
    fp=0.0196 tp=0.2396  [0.1s]
   nu  = 3.0000
  rho=0.20993 (11/20)
    fp=0.0309 tp=0.3438  [0.1s]
   nu  = 3.0000
  rho=0.18597 (12/20)
    fp=0.0470 tp=0.3750  [0.1s]
   nu  = 3.0000
  rho=0.16474 (13/20)
    fp=0.0674 tp=0.4896  [0.1s]
   nu  = 3.0000
  rho=0.14594 (14/20)
    fp=0.0865 tp=0.5521  [0.1s]
   nu  = 3.0000
  rho=0.12928 (15/20)
    fp=0.1053 tp=0.6042  [0.1s]
   nu  = 3.0000
  rho=0.11453 (16/20)
    fp=0.1292 tp=0.6458  [0.1s]
   nu  = 3.0000
  rho=0.10146 (17/20)
    fp=0.1516 tp=0.7188  [0.1s]
   nu  = 3.0000
  rho=0.08988 (18/20)
    fp=0.1807 tp=0.7500  [0.1s]
   nu  = 3.0000
  rho=0.07962 (19/20)
    fp=0.2097 tp=0.7708  [0.1s]
   nu  = 3.0000
  rho=0.07053 (20/20)
    fp=0.2379 tp=0.7917  [0.1s]
   nu  = 3.0000
  rho=0.06248 (21/21)  [extra 1/50]
    fp=0.2664 tp=0.8021  [0.1s]
   nu  = 3.0000
  rho=0.05535 (22/22)  [extra 2/50]
    fp=0.2917 tp=0.8125  [0.1s]
   nu  = 3.0000
  rho=0.04903 (23/23)  [extra 3/50]
    fp=0.3187 tp=0.8125  [0.1s]
   nu  = 3.0000
  FPR 0.3187 >= fp_end=0.3; stopping after 23 fits
  grid extended by 3 points down to rho=0.04903, ending at FPR 0.3187
  pilot fit of run_em_diagonal at rho=0.30349
  -> rho_max = max|S_ij| (off-diag) = 0.66021
  rho grid: [0.66020746 0.58485587 0.51810439 0.45897147 0.40658759 0.36018244
 0.31907366 0.28265676 0.25039624 0.22181771 0.19650094 0.17407366
 0.15420607 0.13660604 0.12101475 0.10720295 0.09496754 0.08412859
 0.07452672 0.06602075]
Running run_em_diagonal over 20 rho values, extending until FPR >= 0.3...
  rho=0.66021 (1/20)
    fp=0.0006 tp=0.0312  [5.9s]
   median nu  = 0.138
   median |eta| = 1.739
  rho=0.58486 (2/20)
    fp=0.0014 tp=0.0625  [5.8s]
   median nu  = 0.172
   median |eta| = 1.602
  rho=0.51810 (3/20)
    fp=0.0027 tp=0.0938  [5.8s]
   median nu  = 0.203
   median |eta| = 1.484
  rho=0.45897 (4/20)
    fp=0.0049 tp=0.1146  [5.8s]
   median nu  = 0.24
   median |eta| = 1.261
  rho=0.40659 (5/20)
    fp=0.0082 tp=0.1667  [5.7s]
   median nu  = 0.278
   median |eta| = 1.214
  rho=0.36018 (6/20)
    fp=0.0136 tp=0.1979  [5.7s]
   median nu  = 0.311
   median |eta| = 1.046
  rho=0.31907 (7/20)
    fp=0.0173 tp=0.2500  [5.6s]
   median nu  = 0.348
   median |eta| = 0.866
  rho=0.28266 (8/20)
    fp=0.0278 tp=0.3021  [5.6s]
   median nu  = 0.394
   median |eta| = 0.732
  rho=0.25040 (9/20)
    fp=0.0416 tp=0.3333  [5.5s]
   median nu  = 0.448
   median |eta| = 0.65
  rho=0.22182 (10/20)
    fp=0.0534 tp=0.4271  [5.5s]
   median nu  = 0.491
   median |eta| = 0.565
  rho=0.19650 (11/20)
    fp=0.0694 tp=0.4792  [5.5s]
   median nu  = 0.537
   median |eta| = 0.471
  rho=0.17407 (12/20)
    fp=0.0849 tp=0.5521  [5.4s]
   median nu  = 0.588
   median |eta| = 0.385
  rho=0.15421 (13/20)
    fp=0.1038 tp=0.6042  [5.7s]
   median nu  = 0.626
   median |eta| = 0.321
  rho=0.13661 (14/20)
    fp=0.1240 tp=0.6875  [5.8s]
   median nu  = 0.675
   median |eta| = 0.272
  rho=0.12101 (15/20)
    fp=0.1430 tp=0.7083  [5.7s]
   median nu  = 0.743
   median |eta| = 0.206
  rho=0.10720 (16/20)
    fp=0.1628 tp=0.7188  [5.6s]
   median nu  = 0.84
   median |eta| = 0.151
  rho=0.09497 (17/20)
    fp=0.1813 tp=0.7708  [5.1s]
   median nu  = 0.934
   median |eta| = 0.116
  rho=0.08413 (18/20)
    fp=0.1994 tp=0.7812  [5.1s]
   median nu  = 1.017
   median |eta| = 0.081
  rho=0.07453 (19/20)
    fp=0.2153 tp=0.7812  [5.1s]
   median nu  = 1.115
   median |eta| = 0.068
  rho=0.06602 (20/20)
    fp=0.2338 tp=0.7812  [5.5s]
   median nu  = 1.229
   median |eta| = 0.05
  rho=0.05849 (21/21)  [extra 1/50]
    fp=0.2503 tp=0.7812  [5.4s]
   median nu  = 1.34
   median |eta| = 0.038
  rho=0.05181 (22/22)  [extra 2/50]
    fp=0.2674 tp=0.8021  [5.4s]
   median nu  = 1.448
   median |eta| = 0.029
  rho=0.04590 (23/23)  [extra 3/50]
    fp=0.2870 tp=0.8125  [5.3s]
   median nu  = 1.579
   median |eta| = 0.02
  rho=0.04066 (24/24)  [extra 4/50]
    fp=0.2958 tp=0.8438  [5.3s]
   median nu  = 1.683
   median |eta| = 0.016
  rho=0.03602 (25/25)  [extra 5/50]
    fp=0.3092 tp=0.8646  [5.2s]
   median nu  = 1.816
   median |eta| = 0.013
  FPR 0.3092 >= fp_end=0.3; stopping after 25 fits
  grid extended by 5 points down to rho=0.03602, ending at FPR 0.3092
  pilot fit of run_em_exact at rho=0.30349
  -> rho_max = max|S_ij| (off-diag) = 0.65823
  rho grid: [0.65822643 0.58310094 0.51654975 0.45759427 0.40536757 0.35910167
 0.31811624 0.28180861 0.24964489 0.22115212 0.19591132 0.17355133
 0.15374336 0.13619614 0.12065164 0.10688128 0.09468257 0.08387615
 0.07430309 0.06582264]
Running run_em_exact over 20 rho values, extending until FPR >= 0.3...
  rho=0.65823 (1/20)
    fp=0.0006 tp=0.0312  [6.0s]
   median nu  = 0.139
   median |eta| = 1.736
  rho=0.58310 (2/20)
    fp=0.0014 tp=0.0625  [5.9s]
   median nu  = 0.174
   median |eta| = 1.585
  rho=0.51655 (3/20)
    fp=0.0027 tp=0.0938  [5.9s]
   median nu  = 0.211
   median |eta| = 1.409
  rho=0.45759 (4/20)
    fp=0.0049 tp=0.1146  [5.9s]
   median nu  = 0.26
   median |eta| = 1.219
  rho=0.40537 (5/20)
    fp=0.0089 tp=0.1667  [5.7s]
   median nu  = 0.312
   median |eta| = 1.093
  rho=0.35910 (6/20)
    fp=0.0136 tp=0.1979  [5.7s]
   median nu  = 0.354
   median |eta| = 1.003
  rho=0.31812 (7/20)
    fp=0.0179 tp=0.2604  [5.6s]
   median nu  = 0.385
   median |eta| = 0.767
  rho=0.28181 (8/20)
    fp=0.0282 tp=0.3021  [5.5s]
   median nu  = 0.433
   median |eta| = 0.528
  rho=0.24964 (9/20)
    fp=0.0410 tp=0.3333  [5.3s]
   median nu  = 0.491
   median |eta| = 0.439
  rho=0.22115 (10/20)
    fp=0.0569 tp=0.4271  [5.2s]
   median nu  = 0.554
   median |eta| = 0.362
  rho=0.19591 (11/20)
    fp=0.0709 tp=0.4792  [5.1s]
   median nu  = 0.595
   median |eta| = 0.263
  rho=0.17355 (12/20)
    fp=0.0874 tp=0.5521  [5.0s]
   median nu  = 0.67
   median |eta| = 0.19
  rho=0.15374 (13/20)
    fp=0.1086 tp=0.6354  [5.3s]
   median nu  = 0.742
   median |eta| = 0.153
  rho=0.13620 (14/20)
    fp=0.1267 tp=0.6875  [5.2s]
   median nu  = 0.83
   median |eta| = 0.114
  rho=0.12065 (15/20)
    fp=0.1448 tp=0.7188  [5.1s]
   median nu  = 0.892
   median |eta| = 0.087
  rho=0.10688 (16/20)
    fp=0.1644 tp=0.7292  [5.1s]
   median nu  = 0.992
   median |eta| = 0.065
  rho=0.09468 (17/20)
    fp=0.1821 tp=0.7708  [5.0s]
   median nu  = 1.087
   median |eta| = 0.044
  rho=0.08388 (18/20)
    fp=0.1996 tp=0.7812  [5.0s]
   median nu  = 1.172
   median |eta| = 0.033
  rho=0.07430 (19/20)
    fp=0.2200 tp=0.7917  [4.7s]
   median nu  = 1.262
   median |eta| = 0.023
  rho=0.06582 (20/20)
    fp=0.2379 tp=0.7917  [3.3s]
   median nu  = 1.364
   median |eta| = 0.018
  rho=0.05831 (21/21)  [extra 1/50]
    fp=0.2573 tp=0.7917  [3.1s]
   median nu  = 1.503
   median |eta| = 0.013
  rho=0.05165 (22/22)  [extra 2/50]
    fp=0.2771 tp=0.8125  [2.9s]
   median nu  = 1.618
   median |eta| = 0.011
  rho=0.04576 (23/23)  [extra 3/50]
    fp=0.2911 tp=0.8333  [2.3s]
   median nu  = 1.728
   median |eta| = 0.008
  rho=0.04054 (24/24)  [extra 4/50]
    fp=0.3022 tp=0.8542  [1.7s]
   median nu  = 1.859
   median |eta| = 0.006
  FPR 0.3022 >= fp_end=0.3; stopping after 24 fits
  grid extended by 4 points down to rho=0.04054, ending at FPR 0.3022
  graphical_lasso rho_max = max|S_ij| (off-diag) = 2.89555
  rho grid: [2.89554716 2.56506907 2.2723095  2.01296353 1.78321754 1.5796932
 1.39939774 1.23967999 1.09819133 0.97285123 0.8618166  0.7634547
 0.67631917 0.59912869 0.53074821 0.47017221 0.41650995 0.36897233
 0.32686034 0.28955472]
Running graphical_lasso over 20 rho values, extending until FPR >= 0.3...
  rho=2.89555 (1/20)
    fp=0.0000 tp=0.0000  [0.0s]
  rho=2.56507 (2/20)
    fp=0.0000 tp=0.0104  [0.0s]
  rho=2.27231 (3/20)
    fp=0.0000 tp=0.0104  [4.8s]
  rho=2.01296 (4/20)
    fp=0.0002 tp=0.0104  [0.0s]
  rho=1.78322 (5/20)
    fp=0.0002 tp=0.0104  [0.0s]
  rho=1.57969 (6/20)
    fp=0.0004 tp=0.0104  [0.0s]
  rho=1.39940 (7/20)
    fp=0.0008 tp=0.0208  [4.8s]
  rho=1.23968 (8/20)
    fp=0.0016 tp=0.0208  [4.8s]
  rho=1.09819 (9/20)
    fp=0.0029 tp=0.0521  [4.7s]
  rho=0.97285 (10/20)
    fp=0.0033 tp=0.0521  [4.7s]
  rho=0.86182 (11/20)
    fp=0.0064 tp=0.0521  [4.8s]
  rho=0.76345 (12/20)
    fp=0.0099 tp=0.0729  [4.8s]
  rho=0.67632 (13/20)
    fp=0.0159 tp=0.1250  [4.8s]
  rho=0.59913 (14/20)
    fp=0.0247 tp=0.1667  [4.8s]
  rho=0.53075 (15/20)
    fp=0.0373 tp=0.2188  [0.0s]
  rho=0.47017 (16/20)
    fp=0.0490 tp=0.2500  [0.2s]
  rho=0.41651 (17/20)
    fp=0.0682 tp=0.3333  [4.8s]
  rho=0.36897 (18/20)
    fp=0.0909 tp=0.3646  [0.0s]
  rho=0.32686 (19/20)
    fp=0.1170 tp=0.4375  [0.0s]
  rho=0.28955 (20/20)
    fp=0.1469 tp=0.4688  [0.0s]
  rho=0.25651 (21/21)  [extra 1/50]
    fp=0.1772 tp=0.5625  [0.1s]
  rho=0.22723 (22/22)  [extra 2/50]
    fp=0.2128 tp=0.6458  [0.0s]
  rho=0.20130 (23/23)  [extra 3/50]
    fp=0.2485 tp=0.6771  [0.0s]
  rho=0.17832 (24/24)  [extra 4/50]
    fp=0.2804 tp=0.7188  [0.0s]
  rho=0.15797 (25/25)  [extra 5/50]
    fp=0.3103 tp=0.7604  [0.0s]
  FPR 0.3103 >= fp_end=0.3; stopping after 25 fits
  [note] 10/25 fits hit a glasso ConvergenceWarning (suppressed)
  grid extended by 5 points down to rho=0.15797, ending at FPR 0.3103

(p=100, n=50) over 19 replicates
  t+lasso  (run_em_diagonal):    AUC = 0.198 (SE 0.003)
  ~t+lasso (run_em_exact):       AUC = 0.199 (SE 0.003)
  tlasso   (run_tlasso):         AUC = 0.145 (SE 0.003)
  t*lasso  (run_tstar_varlasso): AUC = 0.195 (SE 0.003)
  glasso   (graphical_lasso):    AUC = 0.145 (SE 0.003)
Replicate 20/50
  Theta: 105/4950 edges
  pilot fit of run_tlasso at rho=30.34854
  -> rho_max = max|S_ij| (off-diag) = 50.57545
  rho grid: [50.57544584 44.80310788 39.68958537 35.15968561 31.14679784 27.59191384
 24.44276015 21.65302948 19.18169973 16.99243078 15.05303011 13.33497947
 11.81301546 10.46475809  9.27038167  8.21232325  7.27502444  6.44470255
  5.70914796  5.05754458]
Running run_tlasso over 20 rho values, extending until FPR >= 0.3...
  rho=50.57545 (1/20)
    fp=0.0000 tp=0.0095  [0.1s]
   nu  = 3.0000
  rho=44.80311 (2/20)
    fp=0.0000 tp=0.0095  [0.0s]
   nu  = 3.0000
  rho=39.68959 (3/20)
    fp=0.0000 tp=0.0095  [0.0s]
   nu  = 3.0000
  rho=35.15969 (4/20)
    fp=0.0000 tp=0.0095  [0.0s]
   nu  = 3.0000
  rho=31.14680 (5/20)
    fp=0.0000 tp=0.0095  [0.0s]
   nu  = 3.0000
  rho=27.59191 (6/20)
    fp=0.0000 tp=0.0095  [0.0s]
   nu  = 3.0000
  rho=24.44276 (7/20)
    fp=0.0004 tp=0.0095  [0.1s]
   nu  = 3.0000
  rho=21.65303 (8/20)
    fp=0.0004 tp=0.0095  [0.1s]
   nu  = 3.0000
  rho=19.18170 (9/20)
    fp=0.0008 tp=0.0095  [0.1s]
   nu  = 3.0000
  rho=16.99243 (10/20)
    fp=0.0012 tp=0.0286  [0.1s]
   nu  = 3.0000
  rho=15.05303 (11/20)
    fp=0.0014 tp=0.0286  [0.1s]
   nu  = 3.0000
  rho=13.33498 (12/20)
    fp=0.0027 tp=0.0381  [0.1s]
   nu  = 3.0000
  rho=11.81302 (13/20)
    fp=0.0035 tp=0.0381  [0.1s]
   nu  = 3.0000
  rho=10.46476 (14/20)
    fp=0.0052 tp=0.0476  [0.1s]
   nu  = 3.0000
  rho=9.27038 (15/20)
    fp=0.0080 tp=0.0667  [0.1s]
   nu  = 3.0000
  rho=8.21232 (16/20)
    fp=0.0124 tp=0.0762  [0.1s]
   nu  = 3.0000
  rho=7.27502 (17/20)
    fp=0.0171 tp=0.1524  [0.1s]
   nu  = 3.0000
  rho=6.44470 (18/20)
    fp=0.0235 tp=0.1714  [0.1s]
   nu  = 3.0000
  rho=5.70915 (19/20)
    fp=0.0347 tp=0.2000  [0.1s]
   nu  = 3.0000
  rho=5.05754 (20/20)
    fp=0.0450 tp=0.2286  [0.1s]
   nu  = 3.0000
  rho=4.48031 (21/21)  [extra 1/50]
    fp=0.0607 tp=0.2857  [0.1s]
   nu  = 3.0000
  rho=3.96896 (22/22)  [extra 2/50]
    fp=0.0817 tp=0.3905  [0.1s]
   nu  = 3.0000
  rho=3.51597 (23/23)  [extra 3/50]
    fp=0.1125 tp=0.4476  [0.1s]
   nu  = 3.0000
  rho=3.11468 (24/24)  [extra 4/50]
    fp=0.1459 tp=0.5714  [0.2s]
   nu  = 3.0000
  rho=2.75919 (25/25)  [extra 5/50]
    fp=0.1810 tp=0.6476  [0.2s]
   nu  = 3.0000
  rho=2.44428 (26/26)  [extra 6/50]
    fp=0.2264 tp=0.7048  [0.2s]
   nu  = 3.0000
  rho=2.16530 (27/27)  [extra 7/50]
    fp=0.2735 tp=0.7714  [0.3s]
   nu  = 3.0000
  rho=1.91817 (28/28)  [extra 8/50]
    fp=0.3170 tp=0.8000  [0.3s]
   nu  = 3.0000
  FPR 0.3170 >= fp_end=0.3; stopping after 28 fits
  grid extended by 8 points down to rho=1.91817, ending at FPR 0.3170
  pilot fit of run_tstar_varlasso at rho=0.30349
  -> rho_max = max|S_ij| (off-diag) = 0.71768
  rho grid: [0.7176838  0.63577224 0.56320952 0.49892861 0.44198428 0.3915392
 0.34685157 0.30726429 0.27219523 0.24112871 0.21360792 0.18922816
 0.16763095 0.14849869 0.13155006 0.11653583 0.10323522 0.09145265
 0.08101487 0.07176838]
Running run_tstar_varlasso over 20 rho values, extending until FPR >= 0.3...
  rho=0.71768 (1/20)
    fp=0.0000 tp=0.0190  [0.1s]
   nu  = 3.0000
  rho=0.63577 (2/20)
    fp=0.0000 tp=0.0190  [0.0s]
   nu  = 3.0000
  rho=0.56321 (3/20)
    fp=0.0000 tp=0.0190  [0.0s]
   nu  = 3.0000
  rho=0.49893 (4/20)
    fp=0.0000 tp=0.0381  [0.0s]
   nu  = 3.0000
  rho=0.44198 (5/20)
    fp=0.0000 tp=0.0571  [0.0s]
   nu  = 3.0000
  rho=0.39154 (6/20)
    fp=0.0014 tp=0.0667  [0.0s]
   nu  = 3.0000
  rho=0.34685 (7/20)
    fp=0.0025 tp=0.1333  [0.0s]
   nu  = 3.0000
  rho=0.30726 (8/20)
    fp=0.0045 tp=0.1619  [0.1s]
   nu  = 3.0000
  rho=0.27220 (9/20)
    fp=0.0114 tp=0.2095  [0.1s]
   nu  = 3.0000
  rho=0.24113 (10/20)
    fp=0.0196 tp=0.3048  [0.1s]
   nu  = 3.0000
  rho=0.21361 (11/20)
    fp=0.0316 tp=0.3524  [0.1s]
   nu  = 3.0000
  rho=0.18923 (12/20)
    fp=0.0493 tp=0.4286  [0.1s]
   nu  = 3.0000
  rho=0.16763 (13/20)
    fp=0.0673 tp=0.4857  [0.1s]
   nu  = 3.0000
  rho=0.14850 (14/20)
    fp=0.0892 tp=0.6095  [0.1s]
   nu  = 3.0000
  rho=0.13155 (15/20)
    fp=0.1098 tp=0.6571  [0.1s]
   nu  = 3.0000
  rho=0.11654 (16/20)
    fp=0.1340 tp=0.7048  [0.1s]
   nu  = 3.0000
  rho=0.10324 (17/20)
    fp=0.1554 tp=0.7333  [0.1s]
   nu  = 3.0000
  rho=0.09145 (18/20)
    fp=0.1812 tp=0.7619  [0.1s]
   nu  = 3.0000
  rho=0.08101 (19/20)
    fp=0.2085 tp=0.7810  [0.1s]
   nu  = 3.0000
  rho=0.07177 (20/20)
    fp=0.2316 tp=0.8095  [0.1s]
   nu  = 3.0000
  rho=0.06358 (21/21)  [extra 1/50]
    fp=0.2553 tp=0.8381  [0.1s]
   nu  = 3.0000
  rho=0.05632 (22/22)  [extra 2/50]
    fp=0.2788 tp=0.8571  [0.1s]
   nu  = 3.0000
  rho=0.04989 (23/23)  [extra 3/50]
    fp=0.3022 tp=0.8762  [0.1s]
   nu  = 3.0000
  FPR 0.3022 >= fp_end=0.3; stopping after 23 fits
  grid extended by 3 points down to rho=0.04989, ending at FPR 0.3022
  pilot fit of run_em_diagonal at rho=0.30349
  -> rho_max = max|S_ij| (off-diag) = 0.84156
  rho grid: [0.84155945 0.74550957 0.66042217 0.58504606 0.51827288 0.45912073
 0.40671981 0.36029957 0.31917743 0.28274868 0.25047767 0.22188985
 0.19656485 0.17413027 0.15425622 0.13665047 0.12105411 0.10723782
 0.09499842 0.08415594]
Running run_em_diagonal over 20 rho values, extending until FPR >= 0.3...
  rho=0.84156 (1/20)
    fp=0.0000 tp=0.0190  [6.1s]
   median nu  = 0.084
   median |eta| = 2.598
  rho=0.74551 (2/20)
    fp=0.0000 tp=0.0286  [6.1s]
   median nu  = 0.102
   median |eta| = 2.579
  rho=0.66042 (3/20)
    fp=0.0000 tp=0.0381  [6.1s]
   median nu  = 0.125
   median |eta| = 2.304
  rho=0.58505 (4/20)
    fp=0.0004 tp=0.0476  [6.1s]
   median nu  = 0.156
   median |eta| = 1.977
  rho=0.51827 (5/20)
    fp=0.0017 tp=0.0667  [6.0s]
   median nu  = 0.191
   median |eta| = 1.932
  rho=0.45912 (6/20)
    fp=0.0035 tp=0.0857  [5.9s]
   median nu  = 0.228
   median |eta| = 1.764
  rho=0.40672 (7/20)
    fp=0.0056 tp=0.1429  [5.9s]
   median nu  = 0.259
   median |eta| = 1.575
  rho=0.36030 (8/20)
    fp=0.0105 tp=0.1810  [5.9s]
   median nu  = 0.291
   median |eta| = 1.413
  rho=0.31918 (9/20)
    fp=0.0194 tp=0.2476  [5.9s]
   median nu  = 0.324
   median |eta| = 1.245
  rho=0.28275 (10/20)
    fp=0.0297 tp=0.3143  [5.8s]
   median nu  = 0.372
   median |eta| = 1.039
  rho=0.25048 (11/20)
    fp=0.0413 tp=0.4095  [5.8s]
   median nu  = 0.41
   median |eta| = 0.89
  rho=0.22189 (12/20)
    fp=0.0580 tp=0.4667  [5.7s]
   median nu  = 0.449
   median |eta| = 0.725
  rho=0.19656 (13/20)
    fp=0.0741 tp=0.5429  [5.7s]
   median nu  = 0.511
   median |eta| = 0.582
  rho=0.17413 (14/20)
    fp=0.0910 tp=0.6190  [5.6s]
   median nu  = 0.55
   median |eta| = 0.552
  rho=0.15426 (15/20)
    fp=0.1088 tp=0.6286  [5.7s]
   median nu  = 0.625
   median |eta| = 0.443
  rho=0.13665 (16/20)
    fp=0.1323 tp=0.6667  [6.0s]
   median nu  = 0.713
   median |eta| = 0.339
  rho=0.12105 (17/20)
    fp=0.1511 tp=0.6952  [6.0s]
   median nu  = 0.773
   median |eta| = 0.263
  rho=0.10724 (18/20)
    fp=0.1715 tp=0.7143  [5.5s]
   median nu  = 0.822
   median |eta| = 0.199
  rho=0.09500 (19/20)
    fp=0.1905 tp=0.7429  [5.5s]
   median nu  = 0.948
   median |eta| = 0.166
  rho=0.08416 (20/20)
    fp=0.2052 tp=0.7714  [5.3s]
   median nu  = 1.036
   median |eta| = 0.134
  rho=0.07455 (21/21)  [extra 1/50]
    fp=0.2237 tp=0.8000  [5.2s]
   median nu  = 1.124
   median |eta| = 0.109
  rho=0.06604 (22/22)  [extra 2/50]
    fp=0.2411 tp=0.8095  [5.5s]
   median nu  = 1.21
   median |eta| = 0.089
  rho=0.05850 (23/23)  [extra 3/50]
    fp=0.2555 tp=0.8190  [5.6s]
   median nu  = 1.332
   median |eta| = 0.063
  rho=0.05183 (24/24)  [extra 4/50]
    fp=0.2718 tp=0.8286  [5.4s]
   median nu  = 1.452
   median |eta| = 0.047
  rho=0.04591 (25/25)  [extra 5/50]
    fp=0.2846 tp=0.8286  [5.4s]
   median nu  = 1.53
   median |eta| = 0.039
  rho=0.04067 (26/26)  [extra 6/50]
    fp=0.2964 tp=0.8571  [5.3s]
   median nu  = 1.626
   median |eta| = 0.029
  rho=0.03603 (27/27)  [extra 7/50]
    fp=0.3077 tp=0.8762  [5.3s]
   median nu  = 1.76
   median |eta| = 0.024
  FPR 0.3077 >= fp_end=0.3; stopping after 27 fits
  grid extended by 7 points down to rho=0.03603, ending at FPR 0.3077
  pilot fit of run_em_exact at rho=0.30349
  -> rho_max = max|S_ij| (off-diag) = 0.87137
  rho grid: [0.87136967 0.77191745 0.68381603 0.60576992 0.53663145 0.47538398
 0.42112688 0.37306232 0.33048352 0.29276437 0.25935024 0.22974976
 0.20352768 0.18029842 0.15972038 0.14149098 0.12534216 0.11103646
 0.09836351 0.08713697]
Running run_em_exact over 20 rho values, extending until FPR >= 0.3...
  rho=0.87137 (1/20)
    fp=0.0000 tp=0.0095  [6.3s]
   median nu  = 0.08
   median |eta| = 2.651
  rho=0.77192 (2/20)
    fp=0.0000 tp=0.0286  [6.2s]
   median nu  = 0.096
   median |eta| = 2.581
  rho=0.68382 (3/20)
    fp=0.0000 tp=0.0381  [6.2s]
   median nu  = 0.118
   median |eta| = 2.414
  rho=0.60577 (4/20)
    fp=0.0002 tp=0.0476  [6.1s]
   median nu  = 0.146
   median |eta| = 2.056
  rho=0.53663 (5/20)
    fp=0.0010 tp=0.0571  [6.0s]
   median nu  = 0.181
   median |eta| = 1.901
  rho=0.47538 (6/20)
    fp=0.0033 tp=0.0857  [6.0s]
   median nu  = 0.226
   median |eta| = 1.786
  rho=0.42113 (7/20)
    fp=0.0045 tp=0.1238  [5.9s]
   median nu  = 0.262
   median |eta| = 1.571
  rho=0.37306 (8/20)
    fp=0.0095 tp=0.1714  [5.8s]
   median nu  = 0.301
   median |eta| = 1.263
  rho=0.33048 (9/20)
    fp=0.0163 tp=0.2381  [5.8s]
   median nu  = 0.333
   median |eta| = 0.96
  rho=0.29276 (10/20)
    fp=0.0264 tp=0.3048  [5.7s]
   median nu  = 0.372
   median |eta| = 0.817
  rho=0.25935 (11/20)
    fp=0.0388 tp=0.4000  [5.6s]
   median nu  = 0.432
   median |eta| = 0.614
  rho=0.22975 (12/20)
    fp=0.0545 tp=0.4381  [5.5s]
   median nu  = 0.495
   median |eta| = 0.477
  rho=0.20353 (13/20)
    fp=0.0704 tp=0.5143  [5.3s]
   median nu  = 0.558
   median |eta| = 0.337
  rho=0.18030 (14/20)
    fp=0.0873 tp=0.5905  [5.1s]
   median nu  = 0.621
   median |eta| = 0.222
  rho=0.15972 (15/20)
    fp=0.1046 tp=0.6286  [5.0s]
   median nu  = 0.691
   median |eta| = 0.188
  rho=0.14149 (16/20)
    fp=0.1271 tp=0.6857  [4.9s]
   median nu  = 0.772
   median |eta| = 0.149
  rho=0.12534 (17/20)
    fp=0.1503 tp=0.7048  [4.8s]
   median nu  = 0.855
   median |eta| = 0.111
  rho=0.11104 (18/20)
    fp=0.1707 tp=0.7333  [5.1s]
   median nu  = 0.954
   median |eta| = 0.086
  rho=0.09836 (19/20)
    fp=0.1893 tp=0.7524  [5.1s]
   median nu  = 1.056
   median |eta| = 0.068
  rho=0.08714 (20/20)
    fp=0.2066 tp=0.7810  [5.1s]
   median nu  = 1.146
   median |eta| = 0.052
  rho=0.07719 (21/21)  [extra 1/50]
    fp=0.2244 tp=0.8381  [5.0s]
   median nu  = 1.244
   median |eta| = 0.04
  rho=0.06838 (22/22)  [extra 2/50]
    fp=0.2390 tp=0.8381  [5.0s]
   median nu  = 1.336
   median |eta| = 0.03
  rho=0.06058 (23/23)  [extra 3/50]
    fp=0.2561 tp=0.8476  [4.9s]
   median nu  = 1.447
   median |eta| = 0.022
  rho=0.05366 (24/24)  [extra 4/50]
    fp=0.2722 tp=0.8476  [4.5s]
   median nu  = 1.558
   median |eta| = 0.018
  rho=0.04754 (25/25)  [extra 5/50]
    fp=0.2854 tp=0.8667  [3.9s]
   median nu  = 1.647
   median |eta| = 0.014
  rho=0.04211 (26/26)  [extra 6/50]
    fp=0.2987 tp=0.8667  [3.6s]
   median nu  = 1.764
   median |eta| = 0.01
  rho=0.03731 (27/27)  [extra 7/50]
    fp=0.3125 tp=0.8667  [3.0s]
   median nu  = 1.886
   median |eta| = 0.008
  FPR 0.3125 >= fp_end=0.3; stopping after 27 fits
  grid extended by 7 points down to rho=0.03731, ending at FPR 0.3125
  graphical_lasso rho_max = max|S_ij| (off-diag) = 2.61336
  rho grid: [2.61335632 2.31508558 2.05085743 1.81678649 1.60943081 1.42574131
 1.26301688 1.11886471 0.99116509 0.87804024 0.77782669 0.68905083
 0.61040725 0.54073951 0.47902317 0.42435072 0.37591821 0.33301346
 0.29500556 0.26133563]
Running graphical_lasso over 20 rho values, extending until FPR >= 0.3...
  rho=2.61336 (1/20)
    fp=0.0000 tp=0.0000  [0.0s]
  rho=2.31509 (2/20)
    fp=0.0000 tp=0.0095  [0.0s]
  rho=2.05086 (3/20)
    fp=0.0000 tp=0.0095  [0.0s]
  rho=1.81679 (4/20)
    fp=0.0002 tp=0.0095  [4.9s]
  rho=1.60943 (5/20)
    fp=0.0004 tp=0.0095  [0.0s]
  rho=1.42574 (6/20)
    fp=0.0004 tp=0.0095  [0.0s]
  rho=1.26302 (7/20)
    fp=0.0012 tp=0.0095  [0.0s]
  rho=1.11886 (8/20)
    fp=0.0017 tp=0.0190  [4.8s]
  rho=0.99117 (9/20)
    fp=0.0031 tp=0.0286  [4.9s]
  rho=0.87804 (10/20)
    fp=0.0050 tp=0.0381  [4.8s]
  rho=0.77783 (11/20)
    fp=0.0058 tp=0.0571  [4.8s]
  rho=0.68905 (12/20)
    fp=0.0118 tp=0.0762  [4.8s]
  rho=0.61041 (13/20)
    fp=0.0184 tp=0.1333  [4.8s]
  rho=0.54074 (14/20)
    fp=0.0291 tp=0.2000  [0.0s]
  rho=0.47902 (15/20)
    fp=0.0417 tp=0.2286  [4.8s]
  rho=0.42435 (16/20)
    fp=0.0580 tp=0.3048  [4.9s]
  rho=0.37592 (17/20)
    fp=0.0811 tp=0.3810  [4.8s]
  rho=0.33301 (18/20)
    fp=0.1059 tp=0.4381  [0.0s]
  rho=0.29501 (19/20)
    fp=0.1315 tp=0.4857  [0.0s]
  rho=0.26134 (20/20)
    fp=0.1589 tp=0.6095  [4.8s]
  rho=0.23151 (21/21)  [extra 1/50]
    fp=0.1940 tp=0.6381  [0.0s]
  rho=0.20509 (22/22)  [extra 2/50]
    fp=0.2270 tp=0.7429  [0.0s]
  rho=0.18168 (23/23)  [extra 3/50]
    fp=0.2630 tp=0.7524  [0.1s]
  rho=0.16094 (24/24)  [extra 4/50]
    fp=0.2980 tp=0.7810  [0.3s]
  rho=0.14257 (25/25)  [extra 5/50]
    fp=0.3315 tp=0.8190  [0.0s]
  FPR 0.3315 >= fp_end=0.3; stopping after 25 fits
  [note] 11/25 fits hit a glasso ConvergenceWarning (suppressed)
  grid extended by 5 points down to rho=0.14257, ending at FPR 0.3315

(p=100, n=50) over 20 replicates
  t+lasso  (run_em_diagonal):    AUC = 0.198 (SE 0.003)
  ~t+lasso (run_em_exact):       AUC = 0.198 (SE 0.003)
  tlasso   (run_tlasso):         AUC = 0.146 (SE 0.003)
  t*lasso  (run_tstar_varlasso): AUC = 0.195 (SE 0.003)
  glasso   (graphical_lasso):    AUC = 0.145 (SE 0.003)
Replicate 21/50
  Theta: 103/4950 edges
  pilot fit of run_tlasso at rho=30.34854
  -> rho_max = max|S_ij| (off-diag) = 38.25372
  rho grid: [38.25371795 33.88769834 30.01998656 26.59370914 23.55848376 20.8696784
 18.48775502 16.3776882  14.50845008 12.85255411 11.38565086 10.08616998
  8.93500303  7.91522245  7.01183271  6.21154974  5.50260563  4.87457559
  4.31822463  3.82537179]
Running run_tlasso over 20 rho values, extending until FPR >= 0.3...
  rho=38.25372 (1/20)
    fp=0.0002 tp=0.0000  [0.1s]
   nu  = 3.0000
  rho=33.88770 (2/20)
    fp=0.0006 tp=0.0000  [0.1s]
   nu  = 3.0000
  rho=30.01999 (3/20)
    fp=0.0006 tp=0.0000  [0.1s]
   nu  = 3.0000
  rho=26.59371 (4/20)
    fp=0.0006 tp=0.0000  [0.1s]
   nu  = 3.0000
  rho=23.55848 (5/20)
    fp=0.0010 tp=0.0000  [0.1s]
   nu  = 3.0000
  rho=20.86968 (6/20)
    fp=0.0010 tp=0.0097  [0.1s]
   nu  = 3.0000
  rho=18.48776 (7/20)
    fp=0.0010 tp=0.0097  [0.1s]
   nu  = 3.0000
  rho=16.37769 (8/20)
    fp=0.0010 tp=0.0097  [0.1s]
   nu  = 3.0000
  rho=14.50845 (9/20)
    fp=0.0017 tp=0.0194  [0.1s]
   nu  = 3.0000
  rho=12.85255 (10/20)
    fp=0.0021 tp=0.0194  [0.1s]
   nu  = 3.0000
  rho=11.38565 (11/20)
    fp=0.0037 tp=0.0388  [0.1s]
   nu  = 3.0000
  rho=10.08617 (12/20)
    fp=0.0058 tp=0.0485  [0.1s]
   nu  = 3.0000
  rho=8.93500 (13/20)
    fp=0.0076 tp=0.0971  [0.1s]
   nu  = 3.0000
  rho=7.91522 (14/20)
    fp=0.0095 tp=0.1068  [0.1s]
   nu  = 3.0000
  rho=7.01183 (15/20)
    fp=0.0155 tp=0.1650  [0.1s]
   nu  = 3.0000
  rho=6.21155 (16/20)
    fp=0.0202 tp=0.1845  [0.1s]
   nu  = 3.0000
  rho=5.50261 (17/20)
    fp=0.0326 tp=0.2718  [0.1s]
   nu  = 3.0000
  rho=4.87458 (18/20)
    fp=0.0472 tp=0.3204  [0.1s]
   nu  = 3.0000
  rho=4.31822 (19/20)
    fp=0.0708 tp=0.3786  [0.2s]
   nu  = 3.0000
  rho=3.82537 (20/20)
    fp=0.0949 tp=0.4563  [0.2s]
   nu  = 3.0000
  rho=3.38877 (21/21)  [extra 1/50]
    fp=0.1314 tp=0.5534  [0.2s]
   nu  = 3.0000
  rho=3.00200 (22/22)  [extra 2/50]
    fp=0.1717 tp=0.6019  [0.2s]
   nu  = 3.0000
  rho=2.65937 (23/23)  [extra 3/50]
    fp=0.2109 tp=0.6505  [0.2s]
   nu  = 3.0000
  rho=2.35585 (24/24)  [extra 4/50]
    fp=0.2457 tp=0.6893  [0.3s]
   nu  = 3.0000
  rho=2.08697 (25/25)  [extra 5/50]
    fp=0.2806 tp=0.7476  [0.3s]
   nu  = 3.0000
  rho=1.84878 (26/26)  [extra 6/50]
    fp=0.3179 tp=0.7670  [0.3s]
   nu  = 3.0000
  FPR 0.3179 >= fp_end=0.3; stopping after 26 fits
  grid extended by 6 points down to rho=1.84878, ending at FPR 0.3179
  pilot fit of run_tstar_varlasso at rho=0.30349
  -> rho_max = max|S_ij| (off-diag) = 0.47194
  rho grid: [0.47193742 0.41807369 0.3703576  0.32808749 0.29064182 0.25746993
 0.22808406 0.2020521  0.17899124 0.1585624  0.14046516 0.12443342
 0.11023144 0.09765037 0.08650522 0.0766321  0.06788583 0.0601378
 0.05327408 0.04719374]
Running run_tstar_varlasso over 20 rho values, extending until FPR >= 0.3...
  rho=0.47194 (1/20)
    fp=0.0000 tp=0.0194  [0.1s]
   nu  = 3.0000
  rho=0.41807 (2/20)
    fp=0.0004 tp=0.0680  [0.0s]
   nu  = 3.0000
  rho=0.37036 (3/20)
    fp=0.0006 tp=0.1262  [0.0s]
   nu  = 3.0000
  rho=0.32809 (4/20)
    fp=0.0021 tp=0.1748  [0.1s]
   nu  = 3.0000
  rho=0.29064 (5/20)
    fp=0.0064 tp=0.2233  [0.1s]
   nu  = 3.0000
  rho=0.25747 (6/20)
    fp=0.0118 tp=0.2816  [0.1s]
   nu  = 3.0000
  rho=0.22808 (7/20)
    fp=0.0194 tp=0.3689  [0.1s]
   nu  = 3.0000
  rho=0.20205 (8/20)
    fp=0.0295 tp=0.4563  [0.1s]
   nu  = 3.0000
  rho=0.17899 (9/20)
    fp=0.0448 tp=0.4854  [0.1s]
   nu  = 3.0000
  rho=0.15856 (10/20)
    fp=0.0592 tp=0.5243  [0.1s]
   nu  = 3.0000
  rho=0.14047 (11/20)
    fp=0.0794 tp=0.5728  [0.1s]
   nu  = 3.0000
  rho=0.12443 (12/20)
    fp=0.1038 tp=0.6214  [0.1s]
   nu  = 3.0000
  rho=0.11023 (13/20)
    fp=0.1292 tp=0.6408  [0.1s]
   nu  = 3.0000
  rho=0.09765 (14/20)
    fp=0.1562 tp=0.6990  [0.1s]
   nu  = 3.0000
  rho=0.08651 (15/20)
    fp=0.1783 tp=0.7670  [0.1s]
   nu  = 3.0000
  rho=0.07663 (16/20)
    fp=0.2065 tp=0.8058  [0.1s]
   nu  = 3.0000
  rho=0.06789 (17/20)
    fp=0.2333 tp=0.8252  [0.1s]
   nu  = 3.0000
  rho=0.06014 (18/20)
    fp=0.2560 tp=0.8641  [0.1s]
   nu  = 3.0000
  rho=0.05327 (19/20)
    fp=0.2791 tp=0.8738  [0.1s]
   nu  = 3.0000
  rho=0.04719 (20/20)
    fp=0.3016 tp=0.8738  [0.1s]
   nu  = 3.0000
  FPR 0.3016 >= fp_end=0.3; stopping after 20 fits
  pilot fit of run_em_diagonal at rho=0.30349
  -> rho_max = max|S_ij| (off-diag) = 0.62463
  rho grid: [0.62463198 0.55334072 0.49018617 0.43423965 0.38467849 0.3407739
 0.30188028 0.26742571 0.23690356 0.20986499 0.18591243 0.16469365
 0.14589663 0.12924498 0.11449384 0.10142629 0.08985018 0.07959529
 0.07051082 0.0624632 ]
Running run_em_diagonal over 20 rho values, extending until FPR >= 0.3...
  rho=0.62463 (1/20)
    fp=0.0000 tp=0.0291  [6.0s]
   median nu  = 0.101
   median |eta| = 1.651
  rho=0.55334 (2/20)
    fp=0.0010 tp=0.0583  [5.9s]
   median nu  = 0.123
   median |eta| = 1.743
  rho=0.49019 (3/20)
    fp=0.0017 tp=0.0874  [5.9s]
   median nu  = 0.149
   median |eta| = 1.452
  rho=0.43424 (4/20)
    fp=0.0033 tp=0.1650  [5.8s]
   median nu  = 0.176
   median |eta| = 1.326
  rho=0.38468 (5/20)
    fp=0.0064 tp=0.2039  [5.8s]
   median nu  = 0.206
   median |eta| = 1.241
  rho=0.34077 (6/20)
    fp=0.0134 tp=0.3107  [5.8s]
   median nu  = 0.246
   median |eta| = 1.014
  rho=0.30188 (7/20)
    fp=0.0202 tp=0.3398  [5.8s]
   median nu  = 0.29
   median |eta| = 0.791
  rho=0.26743 (8/20)
    fp=0.0301 tp=0.4078  [5.7s]
   median nu  = 0.357
   median |eta| = 0.687
  rho=0.23690 (9/20)
    fp=0.0425 tp=0.4466  [5.7s]
   median nu  = 0.404
   median |eta| = 0.61
  rho=0.20986 (10/20)
    fp=0.0563 tp=0.5049  [5.6s]
   median nu  = 0.436
   median |eta| = 0.507
  rho=0.18591 (11/20)
    fp=0.0730 tp=0.5534  [5.5s]
   median nu  = 0.5
   median |eta| = 0.475
  rho=0.16469 (12/20)
    fp=0.0885 tp=0.5922  [5.4s]
   median nu  = 0.546
   median |eta| = 0.441
  rho=0.14590 (13/20)
    fp=0.1021 tp=0.6019  [5.6s]
   median nu  = 0.614
   median |eta| = 0.379
  rho=0.12924 (14/20)
    fp=0.1182 tp=0.6699  [5.8s]
   median nu  = 0.71
   median |eta| = 0.262
  rho=0.11449 (15/20)
    fp=0.1360 tp=0.6796  [5.7s]
   median nu  = 0.777
   median |eta| = 0.191
  rho=0.10143 (16/20)
    fp=0.1533 tp=0.7379  [5.1s]
   median nu  = 0.823
   median |eta| = 0.159
  rho=0.08985 (17/20)
    fp=0.1727 tp=0.8058  [5.1s]
   median nu  = 0.861
   median |eta| = 0.135
  rho=0.07960 (18/20)
    fp=0.1898 tp=0.8155  [5.2s]
   median nu  = 0.943
   median |eta| = 0.116
  rho=0.07051 (19/20)
    fp=0.2076 tp=0.8252  [5.3s]
   median nu  = 1.043
   median |eta| = 0.098
  rho=0.06246 (20/20)
    fp=0.2243 tp=0.8350  [5.1s]
   median nu  = 1.147
   median |eta| = 0.081
  rho=0.05533 (21/21)  [extra 1/50]
    fp=0.2387 tp=0.8447  [5.2s]
   median nu  = 1.266
   median |eta| = 0.056
  rho=0.04902 (22/22)  [extra 2/50]
    fp=0.2569 tp=0.8738  [5.2s]
   median nu  = 1.391
   median |eta| = 0.04
  rho=0.04342 (23/23)  [extra 3/50]
    fp=0.2703 tp=0.8738  [5.2s]
   median nu  = 1.516
   median |eta| = 0.031
  rho=0.03847 (24/24)  [extra 4/50]
    fp=0.2839 tp=0.8738  [5.2s]
   median nu  = 1.62
   median |eta| = 0.025
  rho=0.03408 (25/25)  [extra 5/50]
    fp=0.2996 tp=0.8835  [5.2s]
   median nu  = 1.742
   median |eta| = 0.02
  rho=0.03019 (26/26)  [extra 6/50]
    fp=0.3128 tp=0.8835  [5.1s]
   median nu  = 1.88
   median |eta| = 0.014
  FPR 0.3128 >= fp_end=0.3; stopping after 26 fits
  grid extended by 6 points down to rho=0.03019, ending at FPR 0.3128
  pilot fit of run_em_exact at rho=0.30349
  -> rho_max = max|S_ij| (off-diag) = 0.63841
  rho grid: [0.63840913 0.56554545 0.50099793 0.44381743 0.39316312 0.34829015
 0.30853868 0.27332417 0.24212881 0.21449387 0.19001299 0.1683262
 0.14911459 0.13209566 0.11701916 0.10366339 0.09183195 0.08135088
 0.07206604 0.06384091]
Running run_em_exact over 20 rho values, extending until FPR >= 0.3...
  rho=0.63841 (1/20)
    fp=0.0000 tp=0.0194  [6.0s]
   median nu  = 0.098
   median |eta| = 1.685
  rho=0.56555 (2/20)
    fp=0.0008 tp=0.0583  [6.1s]
   median nu  = 0.119
   median |eta| = 1.715
  rho=0.50100 (3/20)
    fp=0.0017 tp=0.0874  [5.9s]
   median nu  = 0.144
   median |eta| = 1.5
  rho=0.44382 (4/20)
    fp=0.0029 tp=0.1359  [5.9s]
   median nu  = 0.172
   median |eta| = 1.324
  rho=0.39316 (5/20)
    fp=0.0062 tp=0.1845  [5.9s]
   median nu  = 0.204
   median |eta| = 1.278
  rho=0.34829 (6/20)
    fp=0.0128 tp=0.2913  [5.8s]
   median nu  = 0.246
   median |eta| = 0.956
  rho=0.30854 (7/20)
    fp=0.0198 tp=0.3398  [5.8s]
   median nu  = 0.304
   median |eta| = 0.706
  rho=0.27332 (8/20)
    fp=0.0291 tp=0.3883  [5.5s]
   median nu  = 0.366
   median |eta| = 0.535
  rho=0.24213 (9/20)
    fp=0.0413 tp=0.4466  [5.3s]
   median nu  = 0.442
   median |eta| = 0.446
  rho=0.21449 (10/20)
    fp=0.0555 tp=0.5049  [5.1s]
   median nu  = 0.527
   median |eta| = 0.398
  rho=0.19001 (11/20)
    fp=0.0745 tp=0.5534  [5.0s]
   median nu  = 0.602
   median |eta| = 0.289
  rho=0.16833 (12/20)
    fp=0.0904 tp=0.5922  [4.8s]
   median nu  = 0.661
   median |eta| = 0.195
  rho=0.14911 (13/20)
    fp=0.1042 tp=0.6117  [4.7s]
   median nu  = 0.732
   median |eta| = 0.135
  rho=0.13210 (14/20)
    fp=0.1209 tp=0.6602  [4.6s]
   median nu  = 0.829
   median |eta| = 0.083
  rho=0.11702 (15/20)
    fp=0.1395 tp=0.6893  [5.0s]
   median nu  = 0.92
   median |eta| = 0.062
  rho=0.10366 (16/20)
    fp=0.1568 tp=0.7184  [4.9s]
   median nu  = 0.985
   median |eta| = 0.049
  rho=0.09183 (17/20)
    fp=0.1706 tp=0.7864  [4.6s]
   median nu  = 1.047
   median |eta| = 0.036
  rho=0.08135 (18/20)
    fp=0.1910 tp=0.8155  [4.0s]
   median nu  = 1.154
   median |eta| = 0.029
  rho=0.07207 (19/20)
    fp=0.2102 tp=0.8350  [2.9s]
   median nu  = 1.267
   median |eta| = 0.023
  rho=0.06384 (20/20)
    fp=0.2259 tp=0.8544  [2.2s]
   median nu  = 1.381
   median |eta| = 0.019
  rho=0.05655 (21/21)  [extra 1/50]
    fp=0.2412 tp=0.8641  [1.7s]
   median nu  = 1.466
   median |eta| = 0.014
  rho=0.05010 (22/22)  [extra 2/50]
    fp=0.2542 tp=0.8738  [1.7s]
   median nu  = 1.598
   median |eta| = 0.011
  rho=0.04438 (23/23)  [extra 3/50]
    fp=0.2694 tp=0.8835  [1.6s]
   median nu  = 1.732
   median |eta| = 0.008
  rho=0.03932 (24/24)  [extra 4/50]
    fp=0.2837 tp=0.8932  [1.5s]
   median nu  = 1.871
   median |eta| = 0.007
  rho=0.03483 (25/25)  [extra 5/50]
    fp=0.2948 tp=0.8932  [1.4s]
   median nu  = 2.001
   median |eta| = 0.005
  rho=0.03085 (26/26)  [extra 6/50]
    fp=0.3080 tp=0.8932  [1.3s]
   median nu  = 2.13
   median |eta| = 0.004
  FPR 0.3080 >= fp_end=0.3; stopping after 26 fits
  grid extended by 6 points down to rho=0.03085, ending at FPR 0.3080
  graphical_lasso rho_max = max|S_ij| (off-diag) = 3.60247
  rho grid: [3.60246551 3.19130456 2.82707073 2.50440807 2.21857194 1.9653592
 1.74104645 1.54233523 1.36630356 1.21036295 1.07222034 0.94984439
 0.8414356  0.74539986 0.66032498 0.58495997 0.51819661 0.45905317
 0.40665996 0.36024655]
Running graphical_lasso over 20 rho values, extending until FPR >= 0.3...
  rho=3.60247 (1/20)
    fp=0.0000 tp=0.0000  [0.0s]
  rho=3.19130 (2/20)
    fp=0.0002 tp=0.0000  [0.0s]
  rho=2.82707 (3/20)
    fp=0.0002 tp=0.0000  [0.0s]
  rho=2.50441 (4/20)
    fp=0.0006 tp=0.0000  [4.7s]
  rho=2.21857 (5/20)
    fp=0.0006 tp=0.0000  [0.0s]
  rho=1.96536 (6/20)
    fp=0.0008 tp=0.0000  [4.8s]
  rho=1.74105 (7/20)
    fp=0.0010 tp=0.0000  [0.0s]
  rho=1.54234 (8/20)
    fp=0.0012 tp=0.0000  [0.0s]
  rho=1.36630 (9/20)
    fp=0.0014 tp=0.0097  [4.8s]
  rho=1.21036 (10/20)
    fp=0.0025 tp=0.0097  [4.9s]
  rho=1.07222 (11/20)
    fp=0.0033 tp=0.0194  [4.9s]
  rho=0.94984 (12/20)
    fp=0.0047 tp=0.0194  [4.8s]
  rho=0.84144 (13/20)
    fp=0.0072 tp=0.0485  [0.0s]
  rho=0.74540 (14/20)
    fp=0.0099 tp=0.0583  [4.7s]
  rho=0.66032 (15/20)
    fp=0.0140 tp=0.1068  [4.7s]
  rho=0.58496 (16/20)
    fp=0.0227 tp=0.2039  [0.0s]
  rho=0.51820 (17/20)
    fp=0.0340 tp=0.2524  [0.3s]
  rho=0.45905 (18/20)
    fp=0.0487 tp=0.3398  [0.0s]
  rho=0.40666 (19/20)
    fp=0.0704 tp=0.3592  [0.0s]
  rho=0.36025 (20/20)
    fp=0.0893 tp=0.4175  [0.0s]
  rho=0.31913 (21/21)  [extra 1/50]
    fp=0.1170 tp=0.5146  [0.2s]
  rho=0.28271 (22/22)  [extra 2/50]
    fp=0.1446 tp=0.5631  [0.0s]
  rho=0.25044 (23/23)  [extra 3/50]
    fp=0.1762 tp=0.5825  [0.0s]
  rho=0.22186 (24/24)  [extra 4/50]
    fp=0.2053 tp=0.6311  [0.0s]
  rho=0.19654 (25/25)  [extra 5/50]
    fp=0.2391 tp=0.6699  [0.1s]
  rho=0.17410 (26/26)  [extra 6/50]
    fp=0.2680 tp=0.7087  [0.1s]
  rho=0.15423 (27/27)  [extra 7/50]
    fp=0.2948 tp=0.7767  [0.0s]
  rho=0.13663 (28/28)  [extra 8/50]
    fp=0.3282 tp=0.7767  [0.0s]
  FPR 0.3282 >= fp_end=0.3; stopping after 28 fits
  [note] 8/28 fits hit a glasso ConvergenceWarning (suppressed)
  grid extended by 8 points down to rho=0.13663, ending at FPR 0.3282

(p=100, n=50) over 21 replicates
  t+lasso  (run_em_diagonal):    AUC = 0.198 (SE 0.003)
  ~t+lasso (run_em_exact):       AUC = 0.199 (SE 0.003)
  tlasso   (run_tlasso):         AUC = 0.146 (SE 0.003)
  t*lasso  (run_tstar_varlasso): AUC = 0.195 (SE 0.003)
  glasso   (graphical_lasso):    AUC = 0.146 (SE 0.003)
Replicate 22/50
  Theta: 100/4950 edges
  pilot fit of run_tlasso at rho=30.34854
  -> rho_max = max|S_ij| (off-diag) = 25.74680
  [warn] pilot rho 30.34854 > rho_max 25.74680: it falls off the top of this method's grid
  rho grid: [25.74679753 22.80823289 20.20505606 17.89898816 15.8561192  14.04640942
 12.44324763 11.02305984  9.76496264  8.65045611  7.66315179  6.78853168
  6.01373477  5.32736792  4.71933832  4.18070509  3.7035478   3.28085
  2.90639606  2.57467975]
Running run_tlasso over 20 rho values, extending until FPR >= 0.3...
  rho=25.74680 (1/20)
    fp=0.0000 tp=0.0000  [0.0s]
   nu  = 3.0000
  rho=22.80823 (2/20)
    fp=0.0004 tp=0.0000  [0.1s]
   nu  = 3.0000
  rho=20.20506 (3/20)
    fp=0.0008 tp=0.0000  [0.1s]
   nu  = 3.0000
  rho=17.89899 (4/20)
    fp=0.0008 tp=0.0000  [0.1s]
   nu  = 3.0000
  rho=15.85612 (5/20)
    fp=0.0012 tp=0.0100  [0.1s]
   nu  = 3.0000
  rho=14.04641 (6/20)
    fp=0.0021 tp=0.0100  [0.1s]
   nu  = 3.0000
  rho=12.44325 (7/20)
    fp=0.0029 tp=0.0100  [0.1s]
   nu  = 3.0000
  rho=11.02306 (8/20)
    fp=0.0035 tp=0.0100  [0.1s]
   nu  = 3.0000
  rho=9.76496 (9/20)
    fp=0.0047 tp=0.0500  [0.1s]
   nu  = 3.0000
  rho=8.65046 (10/20)
    fp=0.0068 tp=0.0900  [0.1s]
   nu  = 3.0000
  rho=7.66315 (11/20)
    fp=0.0105 tp=0.1300  [0.1s]
   nu  = 3.0000
  rho=6.78853 (12/20)
    fp=0.0144 tp=0.1500  [0.1s]
   nu  = 3.0000
  rho=6.01373 (13/20)
    fp=0.0216 tp=0.1600  [0.1s]
   nu  = 3.0000
  rho=5.32737 (14/20)
    fp=0.0326 tp=0.1600  [0.1s]
   nu  = 3.0000
  rho=4.71934 (15/20)
    fp=0.0458 tp=0.2400  [0.1s]
   nu  = 3.0000
  rho=4.18071 (16/20)
    fp=0.0633 tp=0.3300  [0.1s]
   nu  = 3.0000
  rho=3.70355 (17/20)
    fp=0.0868 tp=0.3900  [0.2s]
   nu  = 3.0000
  rho=3.28085 (18/20)
    fp=0.1237 tp=0.4600  [0.2s]
   nu  = 3.0000
  rho=2.90640 (19/20)
    fp=0.1602 tp=0.5700  [0.3s]
   nu  = 3.0000
  rho=2.57468 (20/20)
    fp=0.2014 tp=0.6400  [0.3s]
   nu  = 3.0000
  rho=2.28082 (21/21)  [extra 1/50]
    fp=0.2499 tp=0.6900  [0.3s]
   nu  = 3.0000
  rho=2.02051 (22/22)  [extra 2/50]
    fp=0.2948 tp=0.7400  [0.3s]
   nu  = 3.0000
  rho=1.78990 (23/23)  [extra 3/50]
    fp=0.3348 tp=0.7700  [0.4s]
   nu  = 3.0000
  FPR 0.3348 >= fp_end=0.3; stopping after 23 fits
  grid extended by 3 points down to rho=1.78990, ending at FPR 0.3348
  pilot fit of run_tstar_varlasso at rho=0.30349
  -> rho_max = max|S_ij| (off-diag) = 0.58622
  rho grid: [0.58621752 0.51931063 0.46004004 0.4075342  0.36102101 0.31981652
 0.28331484 0.25097921 0.22233414 0.19695843 0.17447894 0.15456509
 0.13692408 0.1212965  0.10745254 0.09518864 0.08432445 0.07470023
 0.06617445 0.05862175]
Running run_tstar_varlasso over 20 rho values, extending until FPR >= 0.3...
  rho=0.58622 (1/20)
    fp=0.0002 tp=0.0100  [0.1s]
   nu  = 3.0000
  rho=0.51931 (2/20)
    fp=0.0004 tp=0.0100  [0.0s]
   nu  = 3.0000
  rho=0.46004 (3/20)
    fp=0.0008 tp=0.0100  [0.0s]
   nu  = 3.0000
  rho=0.40753 (4/20)
    fp=0.0016 tp=0.0600  [0.0s]
   nu  = 3.0000
  rho=0.36102 (5/20)
    fp=0.0035 tp=0.0900  [0.0s]
   nu  = 3.0000
  rho=0.31982 (6/20)
    fp=0.0074 tp=0.1200  [0.1s]
   nu  = 3.0000
  rho=0.28331 (7/20)
    fp=0.0120 tp=0.1500  [0.1s]
   nu  = 3.0000
  rho=0.25098 (8/20)
    fp=0.0206 tp=0.1900  [0.1s]
   nu  = 3.0000
  rho=0.22233 (9/20)
    fp=0.0297 tp=0.2700  [0.1s]
   nu  = 3.0000
  rho=0.19696 (10/20)
    fp=0.0433 tp=0.3700  [0.1s]
   nu  = 3.0000
  rho=0.17448 (11/20)
    fp=0.0584 tp=0.4300  [0.1s]
   nu  = 3.0000
  rho=0.15457 (12/20)
    fp=0.0781 tp=0.4900  [0.1s]
   nu  = 3.0000
  rho=0.13692 (13/20)
    fp=0.1023 tp=0.5400  [0.1s]
   nu  = 3.0000
  rho=0.12130 (14/20)
    fp=0.1266 tp=0.6000  [0.1s]
   nu  = 3.0000
  rho=0.10745 (15/20)
    fp=0.1509 tp=0.6500  [0.1s]
   nu  = 3.0000
  rho=0.09519 (16/20)
    fp=0.1755 tp=0.6800  [0.1s]
   nu  = 3.0000
  rho=0.08432 (17/20)
    fp=0.2037 tp=0.7400  [0.1s]
   nu  = 3.0000
  rho=0.07470 (18/20)
    fp=0.2289 tp=0.7800  [0.1s]
   nu  = 3.0000
  rho=0.06617 (19/20)
    fp=0.2534 tp=0.8000  [0.1s]
   nu  = 3.0000
  rho=0.05862 (20/20)
    fp=0.2775 tp=0.8100  [0.1s]
   nu  = 3.0000
  rho=0.05193 (21/21)  [extra 1/50]
    fp=0.3010 tp=0.8300  [0.1s]
   nu  = 3.0000
  FPR 0.3010 >= fp_end=0.3; stopping after 21 fits
  grid extended by 1 points down to rho=0.05193, ending at FPR 0.3010
  pilot fit of run_em_diagonal at rho=0.30349
  -> rho_max = max|S_ij| (off-diag) = 0.79872
  rho grid: [0.79872146 0.70756081 0.62680463 0.5552654  0.49189118 0.43575006
 0.38601651 0.34195921 0.3029303  0.2683559  0.23772758 0.21059496
 0.18655909 0.1652665  0.1464041  0.12969453 0.11489208 0.10177908
 0.0901627  0.07987215]
Running run_em_diagonal over 20 rho values, extending until FPR >= 0.3...
  rho=0.79872 (1/20)
    fp=0.0004 tp=0.0100  [6.0s]
   median nu  = 0.096
   median |eta| = 1.812
  rho=0.70756 (2/20)
    fp=0.0006 tp=0.0200  [6.0s]
   median nu  = 0.111
   median |eta| = 1.718
  rho=0.62680 (3/20)
    fp=0.0010 tp=0.0400  [6.0s]
   median nu  = 0.135
   median |eta| = 1.633
  rho=0.55527 (4/20)
    fp=0.0019 tp=0.0600  [6.0s]
   median nu  = 0.163
   median |eta| = 1.635
  rho=0.49189 (5/20)
    fp=0.0037 tp=0.1000  [6.0s]
   median nu  = 0.196
   median |eta| = 1.501
  rho=0.43575 (6/20)
    fp=0.0062 tp=0.1100  [5.9s]
   median nu  = 0.237
   median |eta| = 1.486
  rho=0.38602 (7/20)
    fp=0.0109 tp=0.1800  [5.8s]
   median nu  = 0.282
   median |eta| = 1.254
  rho=0.34196 (8/20)
    fp=0.0171 tp=0.2100  [5.8s]
   median nu  = 0.339
   median |eta| = 1.023
  rho=0.30293 (9/20)
    fp=0.0258 tp=0.2500  [5.7s]
   median nu  = 0.383
   median |eta| = 0.785
  rho=0.26836 (10/20)
    fp=0.0386 tp=0.2800  [5.6s]
   median nu  = 0.408
   median |eta| = 0.648
  rho=0.23773 (11/20)
    fp=0.0551 tp=0.3600  [5.6s]
   median nu  = 0.465
   median |eta| = 0.554
  rho=0.21059 (12/20)
    fp=0.0732 tp=0.4600  [5.6s]
   median nu  = 0.54
   median |eta| = 0.453
  rho=0.18656 (13/20)
    fp=0.0868 tp=0.5000  [5.6s]
   median nu  = 0.598
   median |eta| = 0.384
  rho=0.16527 (14/20)
    fp=0.1037 tp=0.5500  [5.5s]
   median nu  = 0.647
   median |eta| = 0.341
  rho=0.14640 (15/20)
    fp=0.1206 tp=0.6400  [5.4s]
   median nu  = 0.704
   median |eta| = 0.315
  rho=0.12969 (16/20)
    fp=0.1375 tp=0.6700  [5.5s]
   median nu  = 0.741
   median |eta| = 0.267
  rho=0.11489 (17/20)
    fp=0.1588 tp=0.7000  [5.3s]
   median nu  = 0.805
   median |eta| = 0.213
  rho=0.10178 (18/20)
    fp=0.1734 tp=0.7200  [5.2s]
   median nu  = 0.871
   median |eta| = 0.135
  rho=0.09016 (19/20)
    fp=0.1920 tp=0.7300  [5.3s]
   median nu  = 0.981
   median |eta| = 0.097
  rho=0.07987 (20/20)
    fp=0.2080 tp=0.7700  [5.3s]
   median nu  = 1.063
   median |eta| = 0.067
  rho=0.07076 (21/21)  [extra 1/50]
    fp=0.2245 tp=0.8000  [5.4s]
   median nu  = 1.169
   median |eta| = 0.054
  rho=0.06268 (22/22)  [extra 2/50]
    fp=0.2402 tp=0.8000  [5.3s]
   median nu  = 1.286
   median |eta| = 0.043
  rho=0.05553 (23/23)  [extra 3/50]
    fp=0.2588 tp=0.8000  [5.3s]
   median nu  = 1.396
   median |eta| = 0.033
  rho=0.04919 (24/24)  [extra 4/50]
    fp=0.2726 tp=0.8100  [5.2s]
   median nu  = 1.513
   median |eta| = 0.025
  rho=0.04358 (25/25)  [extra 5/50]
    fp=0.2870 tp=0.8100  [5.2s]
   median nu  = 1.613
   median |eta| = 0.02
  rho=0.03860 (26/26)  [extra 6/50]
    fp=0.2994 tp=0.8200  [5.2s]
   median nu  = 1.721
   median |eta| = 0.017
  rho=0.03420 (27/27)  [extra 7/50]
    fp=0.3118 tp=0.8200  [5.2s]
   median nu  = 1.835
   median |eta| = 0.013
  FPR 0.3118 >= fp_end=0.3; stopping after 27 fits
  grid extended by 7 points down to rho=0.03420, ending at FPR 0.3118
  pilot fit of run_em_exact at rho=0.30349
  -> rho_max = max|S_ij| (off-diag) = 0.79829
  rho grid: [0.79829095 0.70717945 0.62646679 0.55496612 0.49162606 0.4355152
 0.38580845 0.34177489 0.30276703 0.26821125 0.23759944 0.21048146
 0.18645853 0.16517742 0.14632519 0.12962463 0.11483015 0.10172422
 0.09011411 0.0798291 ]
Running run_em_exact over 20 rho values, extending until FPR >= 0.3...
  rho=0.79829 (1/20)
    fp=0.0004 tp=0.0100  [6.1s]
   median nu  = 0.096
   median |eta| = 1.812
  rho=0.70718 (2/20)
    fp=0.0006 tp=0.0200  [6.1s]
   median nu  = 0.116
   median |eta| = 1.718
  rho=0.62647 (3/20)
    fp=0.0010 tp=0.0400  [6.0s]
   median nu  = 0.145
   median |eta| = 1.632
  rho=0.55497 (4/20)
    fp=0.0016 tp=0.0600  [6.0s]
   median nu  = 0.174
   median |eta| = 1.605
  rho=0.49163 (5/20)
    fp=0.0037 tp=0.1000  [5.9s]
   median nu  = 0.209
   median |eta| = 1.39
  rho=0.43552 (6/20)
    fp=0.0062 tp=0.1100  [5.8s]
   median nu  = 0.249
   median |eta| = 1.174
  rho=0.38581 (7/20)
    fp=0.0109 tp=0.1800  [5.7s]
   median nu  = 0.294
   median |eta| = 0.872
  rho=0.34177 (8/20)
    fp=0.0171 tp=0.2100  [5.6s]
   median nu  = 0.343
   median |eta| = 0.722
  rho=0.30277 (9/20)
    fp=0.0268 tp=0.2600  [5.6s]
   median nu  = 0.39
   median |eta| = 0.61
  rho=0.26821 (10/20)
    fp=0.0394 tp=0.2900  [5.4s]
   median nu  = 0.453
   median |eta| = 0.485
  rho=0.23760 (11/20)
    fp=0.0569 tp=0.3900  [5.3s]
   median nu  = 0.521
   median |eta| = 0.407
  rho=0.21048 (12/20)
    fp=0.0753 tp=0.4500  [5.2s]
   median nu  = 0.584
   median |eta| = 0.284
  rho=0.18646 (13/20)
    fp=0.0872 tp=0.5000  [5.1s]
   median nu  = 0.659
   median |eta| = 0.204
  rho=0.16518 (14/20)
    fp=0.1047 tp=0.5700  [4.9s]
   median nu  = 0.727
   median |eta| = 0.157
  rho=0.14633 (15/20)
    fp=0.1243 tp=0.6500  [4.8s]
   median nu  = 0.802
   median |eta| = 0.121
  rho=0.12962 (16/20)
    fp=0.1414 tp=0.6700  [4.7s]
   median nu  = 0.89
   median |eta| = 0.086
  rho=0.11483 (17/20)
    fp=0.1600 tp=0.7100  [4.7s]
   median nu  = 0.973
   median |eta| = 0.067
  rho=0.10172 (18/20)
    fp=0.1790 tp=0.7300  [4.6s]
   median nu  = 1.061
   median |eta| = 0.054
  rho=0.09011 (19/20)
    fp=0.1951 tp=0.7500  [4.7s]
   median nu  = 1.145
   median |eta| = 0.045
  rho=0.07983 (20/20)
    fp=0.2095 tp=0.7700  [4.4s]
   median nu  = 1.259
   median |eta| = 0.036
  rho=0.07072 (21/21)  [extra 1/50]
    fp=0.2320 tp=0.7900  [3.9s]
   median nu  = 1.36
   median |eta| = 0.029
  rho=0.06265 (22/22)  [extra 2/50]
    fp=0.2520 tp=0.7900  [3.6s]
   median nu  = 1.473
   median |eta| = 0.024
  rho=0.05550 (23/23)  [extra 3/50]
    fp=0.2670 tp=0.8000  [3.6s]
   median nu  = 1.555
   median |eta| = 0.015
  rho=0.04916 (24/24)  [extra 4/50]
    fp=0.2784 tp=0.8100  [3.1s]
   median nu  = 1.641
   median |eta| = 0.012
  rho=0.04355 (25/25)  [extra 5/50]
    fp=0.2930 tp=0.8100  [2.2s]
   median nu  = 1.76
   median |eta| = 0.01
  rho=0.03858 (26/26)  [extra 6/50]
    fp=0.3058 tp=0.8200  [1.8s]
   median nu  = 1.873
   median |eta| = 0.007
  FPR 0.3058 >= fp_end=0.3; stopping after 26 fits
  grid extended by 6 points down to rho=0.03858, ending at FPR 0.3058
  graphical_lasso rho_max = max|S_ij| (off-diag) = 1.40332
  rho grid: [1.40331524 1.24315037 1.10126563 0.97557465 0.86422918 0.76559193
 0.67821247 0.6008059  0.53223399 0.47148842 0.41767593 0.37000524
 0.32777535 0.2903653  0.25722498 0.22786706 0.20185987 0.17882095
 0.15841154 0.14033152]
Running graphical_lasso over 20 rho values, extending until FPR >= 0.3...
  rho=1.40332 (1/20)
    fp=0.0000 tp=0.0000  [0.0s]
  rho=1.24315 (2/20)
    fp=0.0006 tp=0.0000  [0.0s]
  rho=1.10127 (3/20)
    fp=0.0016 tp=0.0000  [4.8s]
  rho=0.97557 (4/20)
    fp=0.0023 tp=0.0100  [4.8s]
  rho=0.86423 (5/20)
    fp=0.0037 tp=0.0200  [4.8s]
  rho=0.76559 (6/20)
    fp=0.0076 tp=0.0600  [4.8s]
  rho=0.67821 (7/20)
    fp=0.0109 tp=0.1000  [4.8s]
  rho=0.60081 (8/20)
    fp=0.0177 tp=0.1500  [4.8s]
  rho=0.53223 (9/20)
    fp=0.0254 tp=0.1700  [4.8s]
  rho=0.47149 (10/20)
    fp=0.0398 tp=0.2000  [4.8s]
  rho=0.41768 (11/20)
    fp=0.0567 tp=0.2700  [0.0s]
  rho=0.37001 (12/20)
    fp=0.0751 tp=0.3700  [4.8s]
  rho=0.32778 (13/20)
    fp=0.0996 tp=0.4200  [0.0s]
  rho=0.29037 (14/20)
    fp=0.1299 tp=0.4800  [0.0s]
  rho=0.25722 (15/20)
    fp=0.1581 tp=0.5300  [4.8s]
  rho=0.22787 (16/20)
    fp=0.1874 tp=0.5900  [0.0s]
  rho=0.20186 (17/20)
    fp=0.2221 tp=0.6500  [0.3s]
  rho=0.17882 (18/20)
    fp=0.2567 tp=0.7100  [0.2s]
  rho=0.15841 (19/20)
    fp=0.2924 tp=0.7300  [0.0s]
  rho=0.14033 (20/20)
    fp=0.3233 tp=0.7700  [0.0s]
  FPR 0.3233 >= fp_end=0.3; stopping after 20 fits
  [note] 10/20 fits hit a glasso ConvergenceWarning (suppressed)

(p=100, n=50) over 22 replicates
  t+lasso  (run_em_diagonal):    AUC = 0.197 (SE 0.003)
  ~t+lasso (run_em_exact):       AUC = 0.198 (SE 0.003)
  tlasso   (run_tlasso):         AUC = 0.146 (SE 0.003)
  t*lasso  (run_tstar_varlasso): AUC = 0.194 (SE 0.003)
  glasso   (graphical_lasso):    AUC = 0.146 (SE 0.003)
Replicate 23/50
  Theta: 103/4950 edges
  pilot fit of run_tlasso at rho=30.34854
  -> rho_max = max|S_ij| (off-diag) = 31.29325
  rho grid: [31.29325219 27.72165288 24.55769166 21.75484349 19.27189338 17.07233033
 15.12381048 13.39768144 11.86856106 10.51396409  9.31397163  8.25093815
  7.3092321   6.47500598  5.73599276  5.0813255   4.50137751  3.98762085
  3.53250088  3.12932522]
Running run_tlasso over 20 rho values, extending until FPR >= 0.3...
  rho=31.29325 (1/20)
    fp=0.0002 tp=0.0000  [0.0s]
   nu  = 3.0000
  rho=27.72165 (2/20)
    fp=0.0002 tp=0.0097  [0.1s]
   nu  = 3.0000
  rho=24.55769 (3/20)
    fp=0.0002 tp=0.0097  [0.1s]
   nu  = 3.0000
  rho=21.75484 (4/20)
    fp=0.0004 tp=0.0097  [0.1s]
   nu  = 3.0000
  rho=19.27189 (5/20)
    fp=0.0008 tp=0.0097  [0.1s]
   nu  = 3.0000
  rho=17.07233 (6/20)
    fp=0.0019 tp=0.0097  [0.1s]
   nu  = 3.0000
  rho=15.12381 (7/20)
    fp=0.0035 tp=0.0194  [0.1s]
   nu  = 3.0000
  rho=13.39768 (8/20)
    fp=0.0045 tp=0.0388  [0.1s]
   nu  = 3.0000
  rho=11.86856 (9/20)
    fp=0.0058 tp=0.0583  [0.1s]
   nu  = 3.0000
  rho=10.51396 (10/20)
    fp=0.0083 tp=0.0680  [0.1s]
   nu  = 3.0000
  rho=9.31397 (11/20)
    fp=0.0116 tp=0.1068  [0.1s]
   nu  = 3.0000
  rho=8.25094 (12/20)
    fp=0.0155 tp=0.1262  [0.1s]
   nu  = 3.0000
  rho=7.30923 (13/20)
    fp=0.0208 tp=0.1650  [0.1s]
   nu  = 3.0000
  rho=6.47501 (14/20)
    fp=0.0291 tp=0.1942  [0.1s]
   nu  = 3.0000
  rho=5.73599 (15/20)
    fp=0.0421 tp=0.2136  [0.1s]
   nu  = 3.0000
  rho=5.08133 (16/20)
    fp=0.0582 tp=0.3204  [0.1s]
   nu  = 3.0000
  rho=4.50138 (17/20)
    fp=0.0798 tp=0.4175  [0.1s]
   nu  = 3.0000
  rho=3.98762 (18/20)
    fp=0.1079 tp=0.5243  [0.2s]
   nu  = 3.0000
  rho=3.53250 (19/20)
    fp=0.1397 tp=0.6117  [0.2s]
   nu  = 3.0000
  rho=3.12933 (20/20)
    fp=0.1774 tp=0.6893  [0.2s]
   nu  = 3.0000
  rho=2.77217 (21/21)  [extra 1/50]
    fp=0.2216 tp=0.7184  [0.3s]
   nu  = 3.0000
  rho=2.45577 (22/22)  [extra 2/50]
    fp=0.2688 tp=0.7767  [0.3s]
   nu  = 3.0000
  rho=2.17548 (23/23)  [extra 3/50]
    fp=0.3072 tp=0.8155  [0.3s]
   nu  = 3.0000
  FPR 0.3072 >= fp_end=0.3; stopping after 23 fits
  grid extended by 3 points down to rho=2.17548, ending at FPR 0.3072
  pilot fit of run_tstar_varlasso at rho=0.30349
  -> rho_max = max|S_ij| (off-diag) = 0.68395
  rho grid: [0.68395283 0.6058911  0.5367388  0.47547908 0.42121113 0.37313695
 0.33054963 0.29282294 0.25940212 0.22979572 0.2035684  0.18033448
 0.15975233 0.14151928 0.12536723 0.11105867 0.09838319 0.0871544
 0.07720719 0.06839528]
Running run_tstar_varlasso over 20 rho values, extending until FPR >= 0.3...
  rho=0.68395 (1/20)
    fp=0.0000 tp=0.0097  [0.1s]
   nu  = 3.0000
  rho=0.60589 (2/20)
    fp=0.0000 tp=0.0194  [0.0s]
   nu  = 3.0000
  rho=0.53674 (3/20)
    fp=0.0000 tp=0.0194  [0.0s]
   nu  = 3.0000
  rho=0.47548 (4/20)
    fp=0.0008 tp=0.0583  [0.0s]
   nu  = 3.0000
  rho=0.42121 (5/20)
    fp=0.0017 tp=0.0777  [0.0s]
   nu  = 3.0000
  rho=0.37314 (6/20)
    fp=0.0031 tp=0.1359  [0.1s]
   nu  = 3.0000
  rho=0.33055 (7/20)
    fp=0.0068 tp=0.1650  [0.1s]
   nu  = 3.0000
  rho=0.29282 (8/20)
    fp=0.0146 tp=0.2233  [0.1s]
   nu  = 3.0000
  rho=0.25940 (9/20)
    fp=0.0223 tp=0.2718  [0.1s]
   nu  = 3.0000
  rho=0.22980 (10/20)
    fp=0.0326 tp=0.3592  [0.1s]
   nu  = 3.0000
  rho=0.20357 (11/20)
    fp=0.0466 tp=0.4369  [0.1s]
   nu  = 3.0000
  rho=0.18033 (12/20)
    fp=0.0588 tp=0.5728  [0.1s]
   nu  = 3.0000
  rho=0.15975 (13/20)
    fp=0.0778 tp=0.6214  [0.1s]
   nu  = 3.0000
  rho=0.14152 (14/20)
    fp=0.0999 tp=0.6408  [0.1s]
   nu  = 3.0000
  rho=0.12537 (15/20)
    fp=0.1281 tp=0.6990  [0.1s]
   nu  = 3.0000
  rho=0.11106 (16/20)
    fp=0.1547 tp=0.7476  [0.1s]
   nu  = 3.0000
  rho=0.09838 (17/20)
    fp=0.1805 tp=0.7864  [0.1s]
   nu  = 3.0000
  rho=0.08715 (18/20)
    fp=0.2024 tp=0.8058  [0.1s]
   nu  = 3.0000
  rho=0.07721 (19/20)
    fp=0.2269 tp=0.8252  [0.1s]
   nu  = 3.0000
  rho=0.06840 (20/20)
    fp=0.2515 tp=0.8350  [0.1s]
   nu  = 3.0000
  rho=0.06059 (21/21)  [extra 1/50]
    fp=0.2760 tp=0.8544  [0.1s]
   nu  = 3.0000
  rho=0.05367 (22/22)  [extra 2/50]
    fp=0.3002 tp=0.8544  [0.1s]
   nu  = 3.0000
  FPR 0.3002 >= fp_end=0.3; stopping after 22 fits
  grid extended by 2 points down to rho=0.05367, ending at FPR 0.3002
  pilot fit of run_em_diagonal at rho=0.30349
  -> rho_max = max|S_ij| (off-diag) = 0.71736
  rho grid: [0.71736128 0.63548653 0.56295641 0.49870439 0.44178566 0.39136324
 0.3466957  0.30712621 0.27207291 0.24102035 0.21351193 0.18914313
 0.16755561 0.14843195 0.13149094 0.11648346 0.10318882 0.09141155
 0.08097846 0.07173613]
Running run_em_diagonal over 20 rho values, extending until FPR >= 0.3...
  rho=0.71736 (1/20)
    fp=0.0002 tp=0.0291  [5.9s]
   median nu  = 0.146
   median |eta| = 2.266
  rho=0.63549 (2/20)
    fp=0.0006 tp=0.0485  [5.9s]
   median nu  = 0.18
   median |eta| = 2.036
  rho=0.56296 (3/20)
    fp=0.0021 tp=0.0680  [5.8s]
   median nu  = 0.22
   median |eta| = 1.847
  rho=0.49870 (4/20)
    fp=0.0043 tp=0.1165  [5.8s]
   median nu  = 0.26
   median |eta| = 1.776
  rho=0.44179 (5/20)
    fp=0.0074 tp=0.1456  [5.9s]
   median nu  = 0.298
   median |eta| = 1.64
  rho=0.39136 (6/20)
    fp=0.0130 tp=0.2330  [5.9s]
   median nu  = 0.341
   median |eta| = 1.309
  rho=0.34670 (7/20)
    fp=0.0179 tp=0.2718  [5.9s]
   median nu  = 0.378
   median |eta| = 1.036
  rho=0.30713 (8/20)
    fp=0.0256 tp=0.3398  [5.8s]
   median nu  = 0.415
   median |eta| = 0.941
  rho=0.27207 (9/20)
    fp=0.0363 tp=0.3981  [5.8s]
   median nu  = 0.461
   median |eta| = 0.869
  rho=0.24102 (10/20)
    fp=0.0462 tp=0.4757  [5.7s]
   median nu  = 0.507
   median |eta| = 0.742
  rho=0.21351 (11/20)
    fp=0.0652 tp=0.5631  [5.7s]
   median nu  = 0.57
   median |eta| = 0.571
  rho=0.18914 (12/20)
    fp=0.0821 tp=0.6214  [5.6s]
   median nu  = 0.649
   median |eta| = 0.488
  rho=0.16756 (13/20)
    fp=0.1025 tp=0.6699  [5.5s]
   median nu  = 0.702
   median |eta| = 0.408
  rho=0.14843 (14/20)
    fp=0.1211 tp=0.7184  [5.4s]
   median nu  = 0.754
   median |eta| = 0.336
  rho=0.13149 (15/20)
    fp=0.1397 tp=0.7282  [5.8s]
   median nu  = 0.809
   median |eta| = 0.252
  rho=0.11648 (16/20)
    fp=0.1549 tp=0.7573  [5.7s]
   median nu  = 0.877
   median |eta| = 0.205
  rho=0.10319 (17/20)
    fp=0.1741 tp=0.7864  [5.2s]
   median nu  = 0.958
   median |eta| = 0.153
  rho=0.09141 (18/20)
    fp=0.1908 tp=0.8058  [5.1s]
   median nu  = 1.014
   median |eta| = 0.111
  rho=0.08098 (19/20)
    fp=0.2096 tp=0.8058  [5.5s]
   median nu  = 1.113
   median |eta| = 0.089
  rho=0.07174 (20/20)
    fp=0.2257 tp=0.8155  [5.5s]
   median nu  = 1.222
   median |eta| = 0.07
  rho=0.06355 (21/21)  [extra 1/50]
    fp=0.2371 tp=0.8155  [5.4s]
   median nu  = 1.336
   median |eta| = 0.051
  rho=0.05630 (22/22)  [extra 2/50]
    fp=0.2517 tp=0.8155  [5.3s]
   median nu  = 1.446
   median |eta| = 0.044
  rho=0.04987 (23/23)  [extra 3/50]
    fp=0.2647 tp=0.8252  [5.2s]
   median nu  = 1.541
   median |eta| = 0.034
  rho=0.04418 (24/24)  [extra 4/50]
    fp=0.2773 tp=0.8350  [5.2s]
   median nu  = 1.654
   median |eta| = 0.026
  rho=0.03914 (25/25)  [extra 5/50]
    fp=0.2921 tp=0.8447  [5.1s]
   median nu  = 1.784
   median |eta| = 0.02
  rho=0.03467 (26/26)  [extra 6/50]
    fp=0.3014 tp=0.8447  [5.1s]
   median nu  = 1.909
   median |eta| = 0.016
  FPR 0.3014 >= fp_end=0.3; stopping after 26 fits
  grid extended by 6 points down to rho=0.03467, ending at FPR 0.3014
  pilot fit of run_em_exact at rho=0.30349
  -> rho_max = max|S_ij| (off-diag) = 0.70884
  rho grid: [0.70883526 0.62793362 0.55626554 0.49277717 0.43653493 0.3867118
 0.34257514 0.30347594 0.26883925 0.23815577 0.21097429 0.18689511
 0.16556417 0.1466678  0.12992814 0.11509902 0.1019624  0.0903251
 0.08001601 0.07088353]
Running run_em_exact over 20 rho values, extending until FPR >= 0.3...
  rho=0.70884 (1/20)
    fp=0.0002 tp=0.0388  [5.9s]
   median nu  = 0.149
   median |eta| = 2.201
  rho=0.62793 (2/20)
    fp=0.0006 tp=0.0485  [5.9s]
   median nu  = 0.188
   median |eta| = 2.013
  rho=0.55627 (3/20)
    fp=0.0025 tp=0.0874  [5.9s]
   median nu  = 0.236
   median |eta| = 1.722
  rho=0.49278 (4/20)
    fp=0.0043 tp=0.1262  [5.9s]
   median nu  = 0.285
   median |eta| = 1.546
  rho=0.43653 (5/20)
    fp=0.0083 tp=0.1553  [5.9s]
   median nu  = 0.329
   median |eta| = 1.328
  rho=0.38671 (6/20)
    fp=0.0138 tp=0.2524  [5.8s]
   median nu  = 0.37
   median |eta| = 1.112
  rho=0.34258 (7/20)
    fp=0.0188 tp=0.2816  [5.7s]
   median nu  = 0.405
   median |eta| = 0.875
  rho=0.30348 (8/20)
    fp=0.0268 tp=0.3495  [5.6s]
   median nu  = 0.457
   median |eta| = 0.714
  rho=0.26884 (9/20)
    fp=0.0373 tp=0.4078  [5.5s]
   median nu  = 0.506
   median |eta| = 0.588
  rho=0.23816 (10/20)
    fp=0.0487 tp=0.4951  [5.3s]
   median nu  = 0.562
   median |eta| = 0.444
  rho=0.21097 (11/20)
    fp=0.0679 tp=0.5922  [5.2s]
   median nu  = 0.649
   median |eta| = 0.307
  rho=0.18690 (12/20)
    fp=0.0848 tp=0.6214  [5.0s]
   median nu  = 0.754
   median |eta| = 0.23
  rho=0.16556 (13/20)
    fp=0.1065 tp=0.6699  [4.9s]
   median nu  = 0.818
   median |eta| = 0.173
  rho=0.14667 (14/20)
    fp=0.1232 tp=0.7282  [4.8s]
   median nu  = 0.904
   median |eta| = 0.131
  rho=0.12993 (15/20)
    fp=0.1393 tp=0.7379  [4.7s]
   median nu  = 0.976
   median |eta| = 0.094
  rho=0.11510 (16/20)
    fp=0.1605 tp=0.7476  [4.6s]
   median nu  = 1.056
   median |eta| = 0.071
  rho=0.10196 (17/20)
    fp=0.1811 tp=0.7767  [4.6s]
   median nu  = 1.142
   median |eta| = 0.044
  rho=0.09033 (18/20)
    fp=0.1966 tp=0.8155  [4.9s]
   median nu  = 1.23
   median |eta| = 0.034
  rho=0.08002 (19/20)
    fp=0.2123 tp=0.8252  [4.9s]
   median nu  = 1.319
   median |eta| = 0.028
  rho=0.07088 (20/20)
    fp=0.2305 tp=0.8252  [4.5s]
   median nu  = 1.417
   median |eta| = 0.022
  rho=0.06279 (21/21)  [extra 1/50]
    fp=0.2480 tp=0.8252  [3.9s]
   median nu  = 1.527
   median |eta| = 0.018
  rho=0.05563 (22/22)  [extra 2/50]
    fp=0.2647 tp=0.8252  [3.3s]
   median nu  = 1.637
   median |eta| = 0.014
  rho=0.04928 (23/23)  [extra 3/50]
    fp=0.2783 tp=0.8350  [2.7s]
   median nu  = 1.756
   median |eta| = 0.011
  rho=0.04365 (24/24)  [extra 4/50]
    fp=0.2921 tp=0.8350  [2.5s]
   median nu  = 1.872
   median |eta| = 0.009
  rho=0.03867 (25/25)  [extra 5/50]
    fp=0.3066 tp=0.8447  [1.9s]
   median nu  = 1.995
   median |eta| = 0.007
  FPR 0.3066 >= fp_end=0.3; stopping after 25 fits
  grid extended by 5 points down to rho=0.03867, ending at FPR 0.3066
  graphical_lasso rho_max = max|S_ij| (off-diag) = 2.08357
  rho grid: [2.08356705 1.84576286 1.63510002 1.4484808  1.28316104 1.13670975
 1.00697342 0.89204431 0.79023243 0.70004067 0.62014278 0.54936389
 0.48666323 0.43111879 0.38191382 0.33832477 0.29971068 0.26550374
 0.23520094 0.20835671]
Running graphical_lasso over 20 rho values, extending until FPR >= 0.3...
  rho=2.08357 (1/20)
    fp=0.0000 tp=0.0000  [0.0s]
  rho=1.84576 (2/20)
    fp=0.0008 tp=0.0000  [0.0s]
  rho=1.63510 (3/20)
    fp=0.0012 tp=0.0097  [4.8s]
  rho=1.44848 (4/20)
    fp=0.0025 tp=0.0097  [4.8s]
  rho=1.28316 (5/20)
    fp=0.0033 tp=0.0097  [0.0s]
  rho=1.13671 (6/20)
    fp=0.0050 tp=0.0194  [4.8s]
  rho=1.00697 (7/20)
    fp=0.0060 tp=0.0485  [0.0s]
  rho=0.89204 (8/20)
    fp=0.0087 tp=0.0485  [0.0s]
  rho=0.79023 (9/20)
    fp=0.0124 tp=0.0777  [4.9s]
  rho=0.70004 (10/20)
    fp=0.0186 tp=0.1165  [4.8s]
  rho=0.62014 (11/20)
    fp=0.0297 tp=0.1845  [4.8s]
  rho=0.54936 (12/20)
    fp=0.0415 tp=0.2233  [0.0s]
  rho=0.48666 (13/20)
    fp=0.0557 tp=0.3010  [0.0s]
  rho=0.43112 (14/20)
    fp=0.0788 tp=0.3883  [0.1s]
  rho=0.38191 (15/20)
    fp=0.1005 tp=0.4660  [4.8s]
  rho=0.33832 (16/20)
    fp=0.1285 tp=0.5728  [0.0s]
  rho=0.29971 (17/20)
    fp=0.1551 tp=0.6408  [0.0s]
  rho=0.26550 (18/20)
    fp=0.1882 tp=0.6699  [0.0s]
  rho=0.23520 (19/20)
    fp=0.2203 tp=0.7282  [0.0s]
  rho=0.20836 (20/20)
    fp=0.2540 tp=0.7767  [0.0s]
  rho=0.18458 (21/21)  [extra 1/50]
    fp=0.2903 tp=0.8058  [0.1s]
  rho=0.16351 (22/22)  [extra 2/50]
    fp=0.3212 tp=0.8058  [0.0s]
  FPR 0.3212 >= fp_end=0.3; stopping after 22 fits
  [note] 7/22 fits hit a glasso ConvergenceWarning (suppressed)
  grid extended by 2 points down to rho=0.16351, ending at FPR 0.3212

(p=100, n=50) over 23 replicates
  t+lasso  (run_em_diagonal):    AUC = 0.197 (SE 0.003)
  ~t+lasso (run_em_exact):       AUC = 0.198 (SE 0.003)
  tlasso   (run_tlasso):         AUC = 0.147 (SE 0.003)
  t*lasso  (run_tstar_varlasso): AUC = 0.195 (SE 0.003)
  glasso   (graphical_lasso):    AUC = 0.146 (SE 0.003)
Replicate 24/50
  Theta: 98/4950 edges
  pilot fit of run_tlasso at rho=30.34854
  -> rho_max = max|S_ij| (off-diag) = 85.50572
  rho grid: [85.50571874 75.74667662 67.1014653  59.4429597  52.65854392 46.64845529
 41.32431737 36.60784039 32.42967007 28.72836774 25.44950692 22.54487302
 19.9717543  17.69231388 15.67303331 13.88421972 12.29956916 10.89577985
  9.65220953  8.55057187]
Running run_tlasso over 20 rho values, extending until FPR >= 0.3...
  rho=85.50572 (1/20)
    fp=0.0002 tp=0.0000  [0.1s]
   nu  = 3.0000
  rho=75.74668 (2/20)
    fp=0.0004 tp=0.0000  [0.0s]
   nu  = 3.0000
  rho=67.10147 (3/20)
    fp=0.0004 tp=0.0000  [0.0s]
   nu  = 3.0000
  rho=59.44296 (4/20)
    fp=0.0004 tp=0.0000  [0.0s]
   nu  = 3.0000
  rho=52.65854 (5/20)
    fp=0.0004 tp=0.0000  [0.0s]
   nu  = 3.0000
  rho=46.64846 (6/20)
    fp=0.0004 tp=0.0000  [0.0s]
   nu  = 3.0000
  rho=41.32432 (7/20)
    fp=0.0004 tp=0.0000  [0.1s]
   nu  = 3.0000
  rho=36.60784 (8/20)
    fp=0.0006 tp=0.0000  [0.1s]
   nu  = 3.0000
  rho=32.42967 (9/20)
    fp=0.0008 tp=0.0000  [0.1s]
   nu  = 3.0000
  rho=28.72837 (10/20)
    fp=0.0010 tp=0.0102  [0.1s]
   nu  = 3.0000
  rho=25.44951 (11/20)
    fp=0.0012 tp=0.0204  [0.1s]
   nu  = 3.0000
  rho=22.54487 (12/20)
    fp=0.0014 tp=0.0204  [0.1s]
   nu  = 3.0000
  rho=19.97175 (13/20)
    fp=0.0019 tp=0.0204  [0.1s]
   nu  = 3.0000
  rho=17.69231 (14/20)
    fp=0.0029 tp=0.0306  [0.1s]
   nu  = 3.0000
  rho=15.67303 (15/20)
    fp=0.0033 tp=0.0306  [0.1s]
   nu  = 3.0000
  rho=13.88422 (16/20)
    fp=0.0047 tp=0.0408  [0.1s]
   nu  = 3.0000
  rho=12.29957 (17/20)
    fp=0.0060 tp=0.0510  [0.1s]
   nu  = 3.0000
  rho=10.89578 (18/20)
    fp=0.0089 tp=0.0714  [0.1s]
   nu  = 3.0000
  rho=9.65221 (19/20)
    fp=0.0122 tp=0.0816  [0.1s]
   nu  = 3.0000
  rho=8.55057 (20/20)
    fp=0.0183 tp=0.0918  [0.1s]
   nu  = 3.0000
  rho=7.57467 (21/21)  [extra 1/50]
    fp=0.0251 tp=0.1224  [0.1s]
   nu  = 3.0000
  rho=6.71015 (22/22)  [extra 2/50]
    fp=0.0350 tp=0.1327  [0.1s]
   nu  = 3.0000
  rho=5.94430 (23/23)  [extra 3/50]
    fp=0.0447 tp=0.1837  [0.1s]
   nu  = 3.0000
  rho=5.26585 (24/24)  [extra 4/50]
    fp=0.0598 tp=0.2551  [0.1s]
   nu  = 3.0000
  rho=4.66485 (25/25)  [extra 5/50]
    fp=0.0841 tp=0.3469  [0.1s]
   nu  = 3.0000
  rho=4.13243 (26/26)  [extra 6/50]
    fp=0.1105 tp=0.4286  [0.1s]
   nu  = 3.0000
  rho=3.66078 (27/27)  [extra 7/50]
    fp=0.1424 tp=0.4898  [0.2s]
   nu  = 3.0000
  rho=3.24297 (28/28)  [extra 8/50]
    fp=0.1810 tp=0.5612  [1.8s]
   nu  = 3.0000
  rho=2.87284 (29/29)  [extra 9/50]
    fp=0.2162 tp=0.6122  [0.2s]
   nu  = 3.0000
  rho=2.54495 (30/30)  [extra 10/50]
    fp=0.2574 tp=0.6735  [0.3s]
   nu  = 3.0000
  rho=2.25449 (31/31)  [extra 11/50]
    fp=0.2984 tp=0.7143  [0.3s]
   nu  = 3.0000
  rho=1.99718 (32/32)  [extra 12/50]
    fp=0.3498 tp=0.7347  [0.4s]
   nu  = 3.0000
  FPR 0.3498 >= fp_end=0.3; stopping after 32 fits
  grid extended by 12 points down to rho=1.99718, ending at FPR 0.3498
  pilot fit of run_tstar_varlasso at rho=0.30349
  -> rho_max = max|S_ij| (off-diag) = 0.62008
  rho grid: [0.62007757 0.54930613 0.48661205 0.43107346 0.38187366 0.33828919
 0.29967916 0.26547582 0.23517621 0.2083348  0.18455688 0.16349281
 0.14483285 0.12830261 0.11365902 0.10068675 0.08919505 0.07901493
 0.06999671 0.06200776]
Running run_tstar_varlasso over 20 rho values, extending until FPR >= 0.3...
  rho=0.62008 (1/20)
    fp=0.0002 tp=0.0204  [0.1s]
   nu  = 3.0000
  rho=0.54931 (2/20)
    fp=0.0012 tp=0.0204  [0.0s]
   nu  = 3.0000
  rho=0.48661 (3/20)
    fp=0.0014 tp=0.0306  [0.0s]
   nu  = 3.0000
  rho=0.43107 (4/20)
    fp=0.0027 tp=0.0612  [0.0s]
   nu  = 3.0000
  rho=0.38187 (5/20)
    fp=0.0041 tp=0.0918  [0.1s]
   nu  = 3.0000
  rho=0.33829 (6/20)
    fp=0.0060 tp=0.1327  [0.1s]
   nu  = 3.0000
  rho=0.29968 (7/20)
    fp=0.0107 tp=0.2041  [0.1s]
   nu  = 3.0000
  rho=0.26548 (8/20)
    fp=0.0188 tp=0.2653  [0.1s]
   nu  = 3.0000
  rho=0.23518 (9/20)
    fp=0.0297 tp=0.3163  [0.1s]
   nu  = 3.0000
  rho=0.20833 (10/20)
    fp=0.0429 tp=0.3571  [0.1s]
   nu  = 3.0000
  rho=0.18456 (11/20)
    fp=0.0612 tp=0.4286  [0.1s]
   nu  = 3.0000
  rho=0.16349 (12/20)
    fp=0.0812 tp=0.5102  [0.1s]
   nu  = 3.0000
  rho=0.14483 (13/20)
    fp=0.1037 tp=0.5612  [0.1s]
   nu  = 3.0000
  rho=0.12830 (14/20)
    fp=0.1228 tp=0.6531  [0.1s]
   nu  = 3.0000
  rho=0.11366 (15/20)
    fp=0.1478 tp=0.6735  [0.1s]
   nu  = 3.0000
  rho=0.10069 (16/20)
    fp=0.1731 tp=0.6837  [0.1s]
   nu  = 3.0000
  rho=0.08920 (17/20)
    fp=0.2001 tp=0.7245  [0.1s]
   nu  = 3.0000
  rho=0.07901 (18/20)
    fp=0.2197 tp=0.7245  [0.1s]
   nu  = 3.0000
  rho=0.07000 (19/20)
    fp=0.2411 tp=0.7449  [0.1s]
   nu  = 3.0000
  rho=0.06201 (20/20)
    fp=0.2673 tp=0.7959  [0.1s]
   nu  = 3.0000
  rho=0.05493 (21/21)  [extra 1/50]
    fp=0.2914 tp=0.8163  [0.1s]
   nu  = 3.0000
  rho=0.04866 (22/22)  [extra 2/50]
    fp=0.3164 tp=0.8265  [0.1s]
   nu  = 3.0000
  FPR 0.3164 >= fp_end=0.3; stopping after 22 fits
  grid extended by 2 points down to rho=0.04866, ending at FPR 0.3164
  pilot fit of run_em_diagonal at rho=0.30349
  -> rho_max = max|S_ij| (off-diag) = 0.71492
  rho grid: [0.71491812 0.63332222 0.56103912 0.49700592 0.44028104 0.39003035
 0.34551494 0.30608021 0.27114629 0.2401995  0.21278476 0.18849895
 0.16698496 0.14792643 0.13104311 0.11608674 0.10283739 0.09110023
 0.08070267 0.07149181]
Running run_em_diagonal over 20 rho values, extending until FPR >= 0.3...
  rho=0.71492 (1/20)
    fp=0.0010 tp=0.0306  [5.8s]
   median nu  = 0.19
   median |eta| = 1.714
  rho=0.63332 (2/20)
    fp=0.0019 tp=0.0408  [5.7s]
   median nu  = 0.221
   median |eta| = 1.438
  rho=0.56104 (3/20)
    fp=0.0027 tp=0.0510  [5.7s]
   median nu  = 0.256
   median |eta| = 1.168
  rho=0.49701 (4/20)
    fp=0.0041 tp=0.0918  [5.6s]
   median nu  = 0.291
   median |eta| = 0.958
  rho=0.44028 (5/20)
    fp=0.0064 tp=0.1429  [5.6s]
   median nu  = 0.339
   median |eta| = 0.929
  rho=0.39003 (6/20)
    fp=0.0105 tp=0.1837  [5.6s]
   median nu  = 0.38
   median |eta| = 0.887
  rho=0.34551 (7/20)
    fp=0.0171 tp=0.2347  [5.5s]
   median nu  = 0.417
   median |eta| = 0.805
  rho=0.30608 (8/20)
    fp=0.0264 tp=0.3163  [5.5s]
   median nu  = 0.461
   median |eta| = 0.7
  rho=0.27115 (9/20)
    fp=0.0379 tp=0.3776  [5.5s]
   median nu  = 0.514
   median |eta| = 0.625
  rho=0.24020 (10/20)
    fp=0.0505 tp=0.4184  [5.4s]
   median nu  = 0.565
   median |eta| = 0.525
  rho=0.21278 (11/20)
    fp=0.0629 tp=0.5000  [5.3s]
   median nu  = 0.625
   median |eta| = 0.424
  rho=0.18850 (12/20)
    fp=0.0789 tp=0.5714  [5.7s]
   median nu  = 0.671
   median |eta| = 0.37
  rho=0.16698 (13/20)
    fp=0.0967 tp=0.6122  [5.7s]
   median nu  = 0.738
   median |eta| = 0.317
  rho=0.14793 (14/20)
    fp=0.1167 tp=0.6531  [5.7s]
   median nu  = 0.813
   median |eta| = 0.286
  rho=0.13104 (15/20)
    fp=0.1331 tp=0.7041  [5.4s]
   median nu  = 0.902
   median |eta| = 0.244
  rho=0.11609 (16/20)
    fp=0.1529 tp=0.7245  [5.0s]
   median nu  = 0.975
   median |eta| = 0.184
  rho=0.10284 (17/20)
    fp=0.1704 tp=0.7347  [5.0s]
   median nu  = 1.05
   median |eta| = 0.144
  rho=0.09110 (18/20)
    fp=0.1892 tp=0.7551  [5.0s]
   median nu  = 1.137
   median |eta| = 0.11
  rho=0.08070 (19/20)
    fp=0.2030 tp=0.7551  [5.3s]
   median nu  = 1.24
   median |eta| = 0.085
  rho=0.07149 (20/20)
    fp=0.2193 tp=0.7653  [5.2s]
   median nu  = 1.343
   median |eta| = 0.067
  rho=0.06333 (21/21)  [extra 1/50]
    fp=0.2343 tp=0.7755  [5.1s]
   median nu  = 1.458
   median |eta| = 0.053
  rho=0.05610 (22/22)  [extra 2/50]
    fp=0.2531 tp=0.7959  [5.1s]
   median nu  = 1.569
   median |eta| = 0.043
  rho=0.04970 (23/23)  [extra 3/50]
    fp=0.2706 tp=0.8163  [5.1s]
   median nu  = 1.681
   median |eta| = 0.034
  rho=0.04403 (24/24)  [extra 4/50]
    fp=0.2830 tp=0.8265  [5.0s]
   median nu  = 1.761
   median |eta| = 0.027
  rho=0.03900 (25/25)  [extra 5/50]
    fp=0.2984 tp=0.8163  [5.0s]
   median nu  = 1.865
   median |eta| = 0.02
  rho=0.03455 (26/26)  [extra 6/50]
    fp=0.3087 tp=0.8571  [5.0s]
   median nu  = 1.997
   median |eta| = 0.016
  FPR 0.3087 >= fp_end=0.3; stopping after 26 fits
  grid extended by 6 points down to rho=0.03455, ending at FPR 0.3087
  pilot fit of run_em_exact at rho=0.30349
  -> rho_max = max|S_ij| (off-diag) = 0.72903
  rho grid: [0.72902869 0.64582231 0.57211254 0.5068155  0.44897102 0.39772851
 0.35233448 0.31212142 0.276498   0.24494039 0.21698456 0.19221942
 0.1702808  0.1508461  0.13362955 0.11837798 0.10486712 0.0928983
 0.08229552 0.07290287]
Running run_em_exact over 20 rho values, extending until FPR >= 0.3...
  rho=0.72903 (1/20)
    fp=0.0010 tp=0.0306  [5.8s]
   median nu  = 0.185
   median |eta| = 1.729
  rho=0.64582 (2/20)
    fp=0.0019 tp=0.0408  [5.8s]
   median nu  = 0.215
   median |eta| = 1.44
  rho=0.57211 (3/20)
    fp=0.0023 tp=0.0510  [5.8s]
   median nu  = 0.25
   median |eta| = 1.194
  rho=0.50682 (4/20)
    fp=0.0037 tp=0.0918  [5.7s]
   median nu  = 0.285
   median |eta| = 0.993
  rho=0.44897 (5/20)
    fp=0.0056 tp=0.1327  [5.6s]
   median nu  = 0.328
   median |eta| = 0.865
  rho=0.39773 (6/20)
    fp=0.0099 tp=0.1735  [5.5s]
   median nu  = 0.374
   median |eta| = 0.795
  rho=0.35233 (7/20)
    fp=0.0161 tp=0.2245  [5.5s]
   median nu  = 0.411
   median |eta| = 0.68
  rho=0.31212 (8/20)
    fp=0.0251 tp=0.3163  [5.4s]
   median nu  = 0.483
   median |eta| = 0.606
  rho=0.27650 (9/20)
    fp=0.0365 tp=0.3776  [5.3s]
   median nu  = 0.538
   median |eta| = 0.521
  rho=0.24494 (10/20)
    fp=0.0484 tp=0.4082  [5.2s]
   median nu  = 0.608
   median |eta| = 0.381
  rho=0.21698 (11/20)
    fp=0.0610 tp=0.5000  [5.3s]
   median nu  = 0.674
   median |eta| = 0.294
  rho=0.19222 (12/20)
    fp=0.0796 tp=0.5714  [5.4s]
   median nu  = 0.732
   median |eta| = 0.239
  rho=0.17028 (13/20)
    fp=0.0975 tp=0.6122  [5.3s]
   median nu  = 0.825
   median |eta| = 0.187
  rho=0.15085 (14/20)
    fp=0.1177 tp=0.6429  [5.1s]
   median nu  = 0.911
   median |eta| = 0.141
  rho=0.13363 (15/20)
    fp=0.1369 tp=0.6939  [5.1s]
   median nu  = 1.002
   median |eta| = 0.103
  rho=0.11838 (16/20)
    fp=0.1562 tp=0.7245  [4.5s]
   median nu  = 1.093
   median |eta| = 0.081
  rho=0.10487 (17/20)
    fp=0.1696 tp=0.7245  [4.3s]
   median nu  = 1.172
   median |eta| = 0.057
  rho=0.09290 (18/20)
    fp=0.1869 tp=0.7449  [4.3s]
   median nu  = 1.244
   median |eta| = 0.044
  rho=0.08230 (19/20)
    fp=0.2026 tp=0.7449  [3.9s]
   median nu  = 1.347
   median |eta| = 0.03
  rho=0.07290 (20/20)
    fp=0.2164 tp=0.7551  [3.3s]
   median nu  = 1.445
   median |eta| = 0.022
  rho=0.06458 (21/21)  [extra 1/50]
    fp=0.2300 tp=0.7755  [3.0s]
   median nu  = 1.54
   median |eta| = 0.017
  rho=0.05721 (22/22)  [extra 2/50]
    fp=0.2461 tp=0.8061  [2.6s]
   median nu  = 1.656
   median |eta| = 0.012
  rho=0.05068 (23/23)  [extra 3/50]
    fp=0.2620 tp=0.8265  [2.7s]
   median nu  = 1.785
   median |eta| = 0.01
  rho=0.04490 (24/24)  [extra 4/50]
    fp=0.2762 tp=0.8571  [2.9s]
   median nu  = 1.942
   median |eta| = 0.008
  rho=0.03977 (25/25)  [extra 5/50]
    fp=0.2887 tp=0.8776  [2.9s]
   median nu  = 2.07
   median |eta| = 0.006
  rho=0.03523 (26/26)  [extra 6/50]
    fp=0.3011 tp=0.8776  [2.6s]
   median nu  = 2.185
   median |eta| = 0.005
  FPR 0.3011 >= fp_end=0.3; stopping after 26 fits
  grid extended by 6 points down to rho=0.03523, ending at FPR 0.3011
  graphical_lasso rho_max = max|S_ij| (off-diag) = 6.44933
  rho grid: [6.44932951 5.71324683 5.06117563 4.48352741 3.97180804 3.51849284
 3.11691596 2.76117234 2.44603088 2.16685752 1.91954712 1.70046304
 1.50638374 1.33445533 1.18214966 1.04722712 0.92770373 0.82182193
 0.72802475 0.64493295]
Running graphical_lasso over 20 rho values, extending until FPR >= 0.3...
  rho=6.44933 (1/20)
    fp=0.0000 tp=0.0000  [0.0s]
  rho=5.71325 (2/20)
    fp=0.0002 tp=0.0000  [0.0s]
  rho=5.06118 (3/20)
    fp=0.0002 tp=0.0000  [4.9s]
  rho=4.48353 (4/20)
    fp=0.0004 tp=0.0000  [4.9s]
  rho=3.97181 (5/20)
    fp=0.0004 tp=0.0000  [4.9s]
  rho=3.51849 (6/20)
    fp=0.0004 tp=0.0000  [4.8s]
  rho=3.11692 (7/20)
    fp=0.0004 tp=0.0000  [0.0s]
  rho=2.76117 (8/20)
    fp=0.0004 tp=0.0000  [0.0s]
  rho=2.44603 (9/20)
    fp=0.0006 tp=0.0000  [0.0s]
  rho=2.16686 (10/20)
    fp=0.0008 tp=0.0102  [0.0s]
  rho=1.91955 (11/20)
    fp=0.0012 tp=0.0102  [0.0s]
  rho=1.70046 (12/20)
    fp=0.0014 tp=0.0102  [0.0s]
  rho=1.50638 (13/20)
    fp=0.0019 tp=0.0204  [0.0s]
  rho=1.33446 (14/20)
    fp=0.0027 tp=0.0204  [0.0s]
  rho=1.18215 (15/20)
    fp=0.0039 tp=0.0204  [4.9s]
  rho=1.04723 (16/20)
    fp=0.0049 tp=0.0306  [4.8s]
  rho=0.92770 (17/20)
    fp=0.0080 tp=0.0408  [4.9s]
  rho=0.82182 (18/20)
    fp=0.0140 tp=0.0714  [4.8s]
  rho=0.72802 (19/20)
    fp=0.0218 tp=0.0714  [4.8s]
  rho=0.64493 (20/20)
    fp=0.0303 tp=0.1327  [0.0s]
  rho=0.57132 (21/21)  [extra 1/50]
    fp=0.0412 tp=0.1735  [4.8s]
  rho=0.50612 (22/22)  [extra 2/50]
    fp=0.0552 tp=0.2245  [0.0s]
  rho=0.44835 (23/23)  [extra 3/50]
    fp=0.0740 tp=0.3061  [0.0s]
  rho=0.39718 (24/24)  [extra 4/50]
    fp=0.1000 tp=0.3980  [0.0s]
  rho=0.35185 (25/25)  [extra 5/50]
    fp=0.1265 tp=0.4694  [0.1s]
  rho=0.31169 (26/26)  [extra 6/50]
    fp=0.1517 tp=0.5102  [0.0s]
  rho=0.27612 (27/27)  [extra 7/50]
    fp=0.1847 tp=0.5714  [0.1s]
  rho=0.24460 (28/28)  [extra 8/50]
    fp=0.2183 tp=0.6327  [0.1s]
  rho=0.21669 (29/29)  [extra 9/50]
    fp=0.2537 tp=0.6633  [0.0s]
  rho=0.19195 (30/30)  [extra 10/50]
    fp=0.2844 tp=0.7041  [0.1s]
  rho=0.17005 (31/31)  [extra 11/50]
    fp=0.3225 tp=0.7143  [0.1s]
  FPR 0.3225 >= fp_end=0.3; stopping after 31 fits
  [note] 10/31 fits hit a glasso ConvergenceWarning (suppressed)
  grid extended by 11 points down to rho=0.17005, ending at FPR 0.3225

(p=100, n=50) over 24 replicates
  t+lasso  (run_em_diagonal):    AUC = 0.197 (SE 0.003)
  ~t+lasso (run_em_exact):       AUC = 0.198 (SE 0.003)
  tlasso   (run_tlasso):         AUC = 0.147 (SE 0.003)
  t*lasso  (run_tstar_varlasso): AUC = 0.194 (SE 0.003)
  glasso   (graphical_lasso):    AUC = 0.146 (SE 0.003)
Replicate 25/50
  Theta: 97/4950 edges
  pilot fit of run_tlasso at rho=30.34854
  -> rho_max = max|S_ij| (off-diag) = 27.50585
  [warn] pilot rho 30.34854 > rho_max 27.50585: it falls off the top of this method's grid
  rho grid: [27.50585377 24.36652239 21.58549299 19.12187139 16.93943084 15.00607923
 13.29338724 11.77617029 10.43211818  9.24146705  8.18670875  7.25233341
  6.42460132  5.69134095  5.04176994  4.46633655  3.95657923  3.50500214
  3.104965    2.75058538]
Running run_tlasso over 20 rho values, extending until FPR >= 0.3...
  rho=27.50585 (1/20)
    fp=0.0000 tp=0.0000  [0.0s]
   nu  = 3.0000
  rho=24.36652 (2/20)
    fp=0.0002 tp=0.0103  [0.1s]
   nu  = 3.0000
  rho=21.58549 (3/20)
    fp=0.0002 tp=0.0103  [0.1s]
   nu  = 3.0000
  rho=19.12187 (4/20)
    fp=0.0002 tp=0.0103  [0.1s]
   nu  = 3.0000
  rho=16.93943 (5/20)
    fp=0.0006 tp=0.0103  [0.1s]
   nu  = 3.0000
  rho=15.00608 (6/20)
    fp=0.0012 tp=0.0103  [0.1s]
   nu  = 3.0000
  rho=13.29339 (7/20)
    fp=0.0023 tp=0.0206  [0.1s]
   nu  = 3.0000
  rho=11.77617 (8/20)
    fp=0.0029 tp=0.0309  [0.1s]
   nu  = 3.0000
  rho=10.43212 (9/20)
    fp=0.0047 tp=0.0412  [0.1s]
   nu  = 3.0000
  rho=9.24147 (10/20)
    fp=0.0072 tp=0.0412  [0.1s]
   nu  = 3.0000
  rho=8.18671 (11/20)
    fp=0.0120 tp=0.0825  [0.1s]
   nu  = 3.0000
  rho=7.25233 (12/20)
    fp=0.0165 tp=0.1546  [0.1s]
   nu  = 3.0000
  rho=6.42460 (13/20)
    fp=0.0247 tp=0.2062  [0.1s]
   nu  = 3.0000
  rho=5.69134 (14/20)
    fp=0.0346 tp=0.2990  [0.1s]
   nu  = 3.0000
  rho=5.04177 (15/20)
    fp=0.0488 tp=0.3608  [0.1s]
   nu  = 3.0000
  rho=4.46634 (16/20)
    fp=0.0690 tp=0.5155  [0.2s]
   nu  = 3.0000
  rho=3.95658 (17/20)
    fp=0.1001 tp=0.5876  [0.2s]
   nu  = 3.0000
  rho=3.50500 (18/20)
    fp=0.1346 tp=0.6495  [0.2s]
   nu  = 3.0000
  rho=3.10496 (19/20)
    fp=0.1776 tp=0.7010  [0.3s]
   nu  = 3.0000
  rho=2.75059 (20/20)
    fp=0.2217 tp=0.7732  [0.3s]
   nu  = 3.0000
  rho=2.43665 (21/21)  [extra 1/50]
    fp=0.2652 tp=0.8041  [0.3s]
   nu  = 3.0000
  rho=2.15855 (22/22)  [extra 2/50]
    fp=0.3064 tp=0.8557  [0.3s]
   nu  = 3.0000
  FPR 0.3064 >= fp_end=0.3; stopping after 22 fits
  grid extended by 2 points down to rho=2.15855, ending at FPR 0.3064
  pilot fit of run_tstar_varlasso at rho=0.30349
  -> rho_max = max|S_ij| (off-diag) = 0.63404
  rho grid: [0.63403506 0.5616706  0.49756534 0.44077661 0.39046936 0.34590384
 0.30642472 0.27145148 0.24046986 0.21302426 0.18871112 0.16717291
 0.14809293 0.13119061 0.1162174  0.10295314 0.09120277 0.0807935
 0.07157228 0.06340351]
Running run_tstar_varlasso over 20 rho values, extending until FPR >= 0.3...
  rho=0.63404 (1/20)
    fp=0.0000 tp=0.0206  [0.1s]
   nu  = 3.0000
  rho=0.56167 (2/20)
    fp=0.0000 tp=0.0206  [0.0s]
   nu  = 3.0000
  rho=0.49757 (3/20)
    fp=0.0000 tp=0.0206  [0.0s]
   nu  = 3.0000
  rho=0.44078 (4/20)
    fp=0.0010 tp=0.0412  [0.0s]
   nu  = 3.0000
  rho=0.39047 (5/20)
    fp=0.0023 tp=0.0825  [0.0s]
   nu  = 3.0000
  rho=0.34590 (6/20)
    fp=0.0052 tp=0.1237  [0.1s]
   nu  = 3.0000
  rho=0.30642 (7/20)
    fp=0.0095 tp=0.1856  [0.1s]
   nu  = 3.0000
  rho=0.27145 (8/20)
    fp=0.0171 tp=0.3299  [0.1s]
   nu  = 3.0000
  rho=0.24047 (9/20)
    fp=0.0260 tp=0.4639  [0.1s]
   nu  = 3.0000
  rho=0.21302 (10/20)
    fp=0.0408 tp=0.5258  [0.1s]
   nu  = 3.0000
  rho=0.18871 (11/20)
    fp=0.0534 tp=0.5876  [0.1s]
   nu  = 3.0000
  rho=0.16717 (12/20)
    fp=0.0732 tp=0.6289  [0.1s]
   nu  = 3.0000
  rho=0.14809 (13/20)
    fp=0.0956 tp=0.6598  [0.1s]
   nu  = 3.0000
  rho=0.13119 (14/20)
    fp=0.1164 tp=0.7216  [0.1s]
   nu  = 3.0000
  rho=0.11622 (15/20)
    fp=0.1391 tp=0.7423  [0.1s]
   nu  = 3.0000
  rho=0.10295 (16/20)
    fp=0.1626 tp=0.7423  [0.1s]
   nu  = 3.0000
  rho=0.09120 (17/20)
    fp=0.1885 tp=0.7938  [0.1s]
   nu  = 3.0000
  rho=0.08079 (18/20)
    fp=0.2186 tp=0.8041  [0.1s]
   nu  = 3.0000
  rho=0.07157 (19/20)
    fp=0.2409 tp=0.8144  [0.1s]
   nu  = 3.0000
  rho=0.06340 (20/20)
    fp=0.2623 tp=0.8247  [0.1s]
   nu  = 3.0000
  rho=0.05617 (21/21)  [extra 1/50]
    fp=0.2839 tp=0.8351  [0.1s]
   nu  = 3.0000
  rho=0.04976 (22/22)  [extra 2/50]
    fp=0.3087 tp=0.8557  [0.1s]
   nu  = 3.0000
  FPR 0.3087 >= fp_end=0.3; stopping after 22 fits
  grid extended by 2 points down to rho=0.04976, ending at FPR 0.3087
  pilot fit of run_em_diagonal at rho=0.30349
  -> rho_max = max|S_ij| (off-diag) = 0.68332
  rho grid: [0.68331624 0.60532716 0.53623923 0.47503653 0.42081908 0.37278965
 0.33024197 0.2925504  0.25916068 0.22958184 0.20337893 0.18016664
 0.15960364 0.14138757 0.12525055 0.1109553  0.09829162 0.08707328
 0.07713533 0.06833162]
Running run_em_diagonal over 20 rho values, extending until FPR >= 0.3...
  rho=0.68332 (1/20)
    fp=0.0008 tp=0.0206  [6.0s]
   median nu  = 0.172
   median |eta| = 2.188
  rho=0.60533 (2/20)
    fp=0.0014 tp=0.0412  [5.9s]
   median nu  = 0.202
   median |eta| = 1.873
  rho=0.53624 (3/20)
    fp=0.0019 tp=0.0825  [5.9s]
   median nu  = 0.231
   median |eta| = 1.742
  rho=0.47504 (4/20)
    fp=0.0049 tp=0.1031  [5.8s]
   median nu  = 0.259
   median |eta| = 1.535
  rho=0.42082 (5/20)
    fp=0.0097 tp=0.2268  [5.7s]
   median nu  = 0.288
   median |eta| = 1.333
  rho=0.37279 (6/20)
    fp=0.0148 tp=0.2887  [5.7s]
   median nu  = 0.328
   median |eta| = 1.238
  rho=0.33024 (7/20)
    fp=0.0218 tp=0.3814  [5.6s]
   median nu  = 0.363
   median |eta| = 1.063
  rho=0.29255 (8/20)
    fp=0.0303 tp=0.4536  [5.5s]
   median nu  = 0.405
   median |eta| = 0.943
  rho=0.25916 (9/20)
    fp=0.0431 tp=0.5464  [5.5s]
   median nu  = 0.448
   median |eta| = 0.758
  rho=0.22958 (10/20)
    fp=0.0585 tp=0.6186  [5.4s]
   median nu  = 0.501
   median |eta| = 0.654
  rho=0.20338 (11/20)
    fp=0.0756 tp=0.6701  [5.4s]
   median nu  = 0.548
   median |eta| = 0.524
  rho=0.18017 (12/20)
    fp=0.0919 tp=0.6701  [5.7s]
   median nu  = 0.601
   median |eta| = 0.446
  rho=0.15960 (13/20)
    fp=0.1107 tp=0.6701  [5.8s]
   median nu  = 0.657
   median |eta| = 0.358
  rho=0.14139 (14/20)
    fp=0.1269 tp=0.7113  [5.7s]
   median nu  = 0.727
   median |eta| = 0.269
  rho=0.12525 (15/20)
    fp=0.1492 tp=0.7320  [5.6s]
   median nu  = 0.814
   median |eta| = 0.201
  rho=0.11096 (16/20)
    fp=0.1679 tp=0.7629  [5.3s]
   median nu  = 0.9
   median |eta| = 0.169
  rho=0.09829 (17/20)
    fp=0.1855 tp=0.7835  [5.0s]
   median nu  = 1.004
   median |eta| = 0.13
  rho=0.08707 (18/20)
    fp=0.2056 tp=0.7938  [5.4s]
   median nu  = 1.119
   median |eta| = 0.107
  rho=0.07714 (19/20)
    fp=0.2188 tp=0.7938  [5.4s]
   median nu  = 1.199
   median |eta| = 0.09
  rho=0.06833 (20/20)
    fp=0.2392 tp=0.7938  [5.3s]
   median nu  = 1.341
   median |eta| = 0.065
  rho=0.06053 (21/21)  [extra 1/50]
    fp=0.2526 tp=0.8144  [5.2s]
   median nu  = 1.439
   median |eta| = 0.053
  rho=0.05362 (22/22)  [extra 2/50]
    fp=0.2679 tp=0.8454  [5.2s]
   median nu  = 1.531
   median |eta| = 0.036
  rho=0.04750 (23/23)  [extra 3/50]
    fp=0.2804 tp=0.8454  [5.1s]
   median nu  = 1.666
   median |eta| = 0.027
  rho=0.04208 (24/24)  [extra 4/50]
    fp=0.2943 tp=0.8454  [5.1s]
   median nu  = 1.777
   median |eta| = 0.021
  rho=0.03728 (25/25)  [extra 5/50]
    fp=0.3062 tp=0.8454  [5.0s]
   median nu  = 1.893
   median |eta| = 0.018
  FPR 0.3062 >= fp_end=0.3; stopping after 25 fits
  grid extended by 5 points down to rho=0.03728, ending at FPR 0.3062
  pilot fit of run_em_exact at rho=0.30349
  -> rho_max = max|S_ij| (off-diag) = 0.72391
  rho grid: [0.72391271 0.64129023 0.56809772 0.5032589  0.44582035 0.39493744
 0.34986196 0.30993109 0.27455766 0.24322152 0.21546186 0.19087051
 0.16908585 0.14978754 0.1326918  0.11754726 0.10413122 0.09224639
 0.08171801 0.07239127]
Running run_em_exact over 20 rho values, extending until FPR >= 0.3...
  rho=0.72391 (1/20)
    fp=0.0002 tp=0.0206  [6.1s]
   median nu  = 0.158
   median |eta| = 2.282
  rho=0.64129 (2/20)
    fp=0.0008 tp=0.0309  [6.0s]
   median nu  = 0.189
   median |eta| = 2.066
  rho=0.56810 (3/20)
    fp=0.0019 tp=0.0412  [5.9s]
   median nu  = 0.221
   median |eta| = 1.709
  rho=0.50326 (4/20)
    fp=0.0033 tp=0.0825  [5.9s]
   median nu  = 0.254
   median |eta| = 1.588
  rho=0.44582 (5/20)
    fp=0.0072 tp=0.1753  [5.8s]
   median nu  = 0.282
   median |eta| = 1.308
  rho=0.39494 (6/20)
    fp=0.0128 tp=0.2371  [5.7s]
   median nu  = 0.32
   median |eta| = 1.076
  rho=0.34986 (7/20)
    fp=0.0190 tp=0.3505  [5.5s]
   median nu  = 0.367
   median |eta| = 0.913
  rho=0.30993 (8/20)
    fp=0.0266 tp=0.4124  [5.3s]
   median nu  = 0.419
   median |eta| = 0.73
  rho=0.27456 (9/20)
    fp=0.0377 tp=0.5155  [5.4s]
   median nu  = 0.472
   median |eta| = 0.579
  rho=0.24322 (10/20)
    fp=0.0521 tp=0.5876  [5.1s]
   median nu  = 0.534
   median |eta| = 0.419
  rho=0.21546 (11/20)
    fp=0.0684 tp=0.6701  [5.0s]
   median nu  = 0.598
   median |eta| = 0.297
  rho=0.19087 (12/20)
    fp=0.0861 tp=0.6701  [5.3s]
   median nu  = 0.685
   median |eta| = 0.251
  rho=0.16909 (13/20)
    fp=0.1008 tp=0.6804  [5.2s]
   median nu  = 0.76
   median |eta| = 0.186
  rho=0.14979 (14/20)
    fp=0.1201 tp=0.7113  [5.2s]
   median nu  = 0.846
   median |eta| = 0.139
  rho=0.13269 (15/20)
    fp=0.1397 tp=0.7320  [5.0s]
   median nu  = 0.931
   median |eta| = 0.101
  rho=0.11755 (16/20)
    fp=0.1578 tp=0.7629  [5.0s]
   median nu  = 1.026
   median |eta| = 0.079
  rho=0.10413 (17/20)
    fp=0.1747 tp=0.7732  [4.9s]
   median nu  = 1.118
   median |eta| = 0.059
  rho=0.09225 (18/20)
    fp=0.1943 tp=0.7938  [4.2s]
   median nu  = 1.211
   median |eta| = 0.046
  rho=0.08172 (19/20)
    fp=0.2114 tp=0.8041  [3.9s]
   median nu  = 1.319
   median |eta| = 0.034
  rho=0.07239 (20/20)
    fp=0.2285 tp=0.8041  [3.5s]
   median nu  = 1.43
   median |eta| = 0.027
  rho=0.06413 (21/21)  [extra 1/50]
    fp=0.2436 tp=0.8041  [3.1s]
   median nu  = 1.545
   median |eta| = 0.019
  rho=0.05681 (22/22)  [extra 2/50]
    fp=0.2537 tp=0.8247  [2.3s]
   median nu  = 1.651
   median |eta| = 0.014
  rho=0.05033 (23/23)  [extra 3/50]
    fp=0.2679 tp=0.8454  [1.7s]
   median nu  = 1.767
   median |eta| = 0.01
  rho=0.04458 (24/24)  [extra 4/50]
    fp=0.2823 tp=0.8454  [1.4s]
   median nu  = 1.879
   median |eta| = 0.007
  rho=0.03949 (25/25)  [extra 5/50]
    fp=0.2984 tp=0.8454  [1.4s]
   median nu  = 1.985
   median |eta| = 0.006
  rho=0.03499 (26/26)  [extra 6/50]
    fp=0.3142 tp=0.8763  [1.4s]
   median nu  = 2.093
   median |eta| = 0.004
  FPR 0.3142 >= fp_end=0.3; stopping after 26 fits
  grid extended by 6 points down to rho=0.03499, ending at FPR 0.3142
  graphical_lasso rho_max = max|S_ij| (off-diag) = 1.70675
  rho grid: [1.70674534 1.51194902 1.33938542 1.18651707 1.05109606 0.9311311
 0.82485812 0.73071441 0.64731563 0.57343542 0.5079874  0.45000916
 0.39864817 0.35314918 0.31284313 0.27713734 0.24550676 0.21748629
 0.19266388 0.17067453]
Running graphical_lasso over 20 rho values, extending until FPR >= 0.3...
  rho=1.70675 (1/20)
    fp=0.0000 tp=0.0000  [0.0s]
  rho=1.51195 (2/20)
    fp=0.0002 tp=0.0103  [0.0s]
  rho=1.33939 (3/20)
    fp=0.0002 tp=0.0103  [4.8s]
  rho=1.18652 (4/20)
    fp=0.0004 tp=0.0103  [0.0s]
  rho=1.05110 (5/20)
    fp=0.0016 tp=0.0103  [0.0s]
  rho=0.93113 (6/20)
    fp=0.0035 tp=0.0309  [4.7s]
  rho=0.82486 (7/20)
    fp=0.0072 tp=0.0515  [4.8s]
  rho=0.73071 (8/20)
    fp=0.0122 tp=0.0722  [4.8s]
  rho=0.64732 (9/20)
    fp=0.0185 tp=0.1443  [4.8s]
  rho=0.57344 (10/20)
    fp=0.0307 tp=0.2371  [4.7s]
  rho=0.50799 (11/20)
    fp=0.0433 tp=0.3505  [4.8s]
  rho=0.45001 (12/20)
    fp=0.0618 tp=0.4227  [4.8s]
  rho=0.39865 (13/20)
    fp=0.0816 tp=0.5361  [4.8s]
  rho=0.35315 (14/20)
    fp=0.1090 tp=0.5876  [4.8s]
  rho=0.31284 (15/20)
    fp=0.1360 tp=0.6082  [0.4s]
  rho=0.27714 (16/20)
    fp=0.1628 tp=0.7216  [0.2s]
  rho=0.24551 (17/20)
    fp=0.1939 tp=0.7526  [0.1s]
  rho=0.21749 (18/20)
    fp=0.2291 tp=0.8144  [0.0s]
  rho=0.19266 (19/20)
    fp=0.2650 tp=0.8247  [0.0s]
  rho=0.17067 (20/20)
    fp=0.2994 tp=0.8454  [0.1s]
  rho=0.15119 (21/21)  [extra 1/50]
    fp=0.3338 tp=0.8557  [0.0s]
  FPR 0.3338 >= fp_end=0.3; stopping after 21 fits
  [note] 10/21 fits hit a glasso ConvergenceWarning (suppressed)
  grid extended by 1 points down to rho=0.15119, ending at FPR 0.3338

(p=100, n=50) over 25 replicates
  t+lasso  (run_em_diagonal):    AUC = 0.197 (SE 0.003)
  ~t+lasso (run_em_exact):       AUC = 0.198 (SE 0.003)
  tlasso   (run_tlasso):         AUC = 0.148 (SE 0.003)
  t*lasso  (run_tstar_varlasso): AUC = 0.195 (SE 0.003)
  glasso   (graphical_lasso):    AUC = 0.147 (SE 0.003)
Replicate 26/50
  Theta: 104/4950 edges
  pilot fit of run_tlasso at rho=30.34854
  -> rho_max = max|S_ij| (off-diag) = 29.07361
  [warn] pilot rho 30.34854 > rho_max 29.07361: it falls off the top of this method's grid
  rho grid: [29.07361411 25.75534922 22.81580855 20.21176709 17.90493324 15.86138574
 14.05107488 12.4473806  11.0267211   9.76820603  8.65332933  7.66569708
  6.79078647  6.01573221  5.32913739  4.72090583  4.1820937   3.70477792
  3.28193973  2.90736141]
Running run_tlasso over 20 rho values, extending until FPR >= 0.3...
  rho=29.07361 (1/20)
    fp=0.0000 tp=0.0000  [0.0s]
   nu  = 3.0000
  rho=25.75535 (2/20)
    fp=0.0002 tp=0.0000  [0.0s]
   nu  = 3.0000
  rho=22.81581 (3/20)
    fp=0.0002 tp=0.0000  [0.1s]
   nu  = 3.0000
  rho=20.21177 (4/20)
    fp=0.0004 tp=0.0000  [0.1s]
   nu  = 3.0000
  rho=17.90493 (5/20)
    fp=0.0008 tp=0.0000  [0.1s]
   nu  = 3.0000
  rho=15.86139 (6/20)
    fp=0.0008 tp=0.0192  [0.1s]
   nu  = 3.0000
  rho=14.05107 (7/20)
    fp=0.0019 tp=0.0288  [0.1s]
   nu  = 3.0000
  rho=12.44738 (8/20)
    fp=0.0033 tp=0.0577  [0.1s]
   nu  = 3.0000
  rho=11.02672 (9/20)
    fp=0.0043 tp=0.0673  [0.1s]
   nu  = 3.0000
  rho=9.76821 (10/20)
    fp=0.0062 tp=0.0673  [0.1s]
   nu  = 3.0000
  rho=8.65333 (11/20)
    fp=0.0099 tp=0.0962  [0.1s]
   nu  = 3.0000
  rho=7.66570 (12/20)
    fp=0.0140 tp=0.1058  [0.1s]
   nu  = 3.0000
  rho=6.79079 (13/20)
    fp=0.0198 tp=0.1442  [0.1s]
   nu  = 3.0000
  rho=6.01573 (14/20)
    fp=0.0299 tp=0.1923  [0.1s]
   nu  = 3.0000
  rho=5.32914 (15/20)
    fp=0.0433 tp=0.2404  [0.1s]
   nu  = 3.0000
  rho=4.72091 (16/20)
    fp=0.0609 tp=0.2788  [0.1s]
   nu  = 3.0000
  rho=4.18209 (17/20)
    fp=0.0809 tp=0.3365  [0.1s]
   nu  = 3.0000
  rho=3.70478 (18/20)
    fp=0.1123 tp=0.4231  [0.2s]
   nu  = 3.0000
  rho=3.28194 (19/20)
    fp=0.1467 tp=0.4904  [0.2s]
   nu  = 3.0000
  rho=2.90736 (20/20)
    fp=0.1822 tp=0.5288  [0.2s]
   nu  = 3.0000
  rho=2.57553 (21/21)  [extra 1/50]
    fp=0.2245 tp=0.5865  [0.2s]
   nu  = 3.0000
  rho=2.28158 (22/22)  [extra 2/50]
    fp=0.2610 tp=0.6635  [0.2s]
   nu  = 3.0000
  rho=2.02118 (23/23)  [extra 3/50]
    fp=0.3035 tp=0.6923  [0.3s]
   nu  = 3.0000
  FPR 0.3035 >= fp_end=0.3; stopping after 23 fits
  grid extended by 3 points down to rho=2.02118, ending at FPR 0.3035
  pilot fit of run_tstar_varlasso at rho=0.30349
  -> rho_max = max|S_ij| (off-diag) = 0.62564
  rho grid: [0.62563544 0.55422966 0.49097365 0.43493725 0.38529647 0.34132135
 0.30236525 0.26785533 0.23728414 0.21020214 0.1862111  0.16495823
 0.14613101 0.12945261 0.11467777 0.10158923 0.08999452 0.07972316
 0.0706241  0.06256354]
Running run_tstar_varlasso over 20 rho values, extending until FPR >= 0.3...
  rho=0.62564 (1/20)
    fp=0.0000 tp=0.0192  [0.1s]
   nu  = 3.0000
  rho=0.55423 (2/20)
    fp=0.0000 tp=0.0192  [0.0s]
   nu  = 3.0000
  rho=0.49097 (3/20)
    fp=0.0002 tp=0.0385  [0.0s]
   nu  = 3.0000
  rho=0.43494 (4/20)
    fp=0.0008 tp=0.0577  [0.1s]
   nu  = 3.0000
  rho=0.38530 (5/20)
    fp=0.0035 tp=0.0962  [0.1s]
   nu  = 3.0000
  rho=0.34132 (6/20)
    fp=0.0052 tp=0.1346  [0.1s]
   nu  = 3.0000
  rho=0.30237 (7/20)
    fp=0.0093 tp=0.1635  [0.1s]
   nu  = 3.0000
  rho=0.26786 (8/20)
    fp=0.0151 tp=0.1923  [0.1s]
   nu  = 3.0000
  rho=0.23728 (9/20)
    fp=0.0258 tp=0.2596  [0.1s]
   nu  = 3.0000
  rho=0.21020 (10/20)
    fp=0.0353 tp=0.3269  [0.1s]
   nu  = 3.0000
  rho=0.18621 (11/20)
    fp=0.0526 tp=0.3558  [0.1s]
   nu  = 3.0000
  rho=0.16496 (12/20)
    fp=0.0673 tp=0.3846  [0.1s]
   nu  = 3.0000
  rho=0.14613 (13/20)
    fp=0.0869 tp=0.4808  [0.1s]
   nu  = 3.0000
  rho=0.12945 (14/20)
    fp=0.1092 tp=0.5096  [0.1s]
   nu  = 3.0000
  rho=0.11468 (15/20)
    fp=0.1304 tp=0.5673  [0.1s]
   nu  = 3.0000
  rho=0.10159 (16/20)
    fp=0.1564 tp=0.6346  [0.1s]
   nu  = 3.0000
  rho=0.08999 (17/20)
    fp=0.1841 tp=0.6731  [0.1s]
   nu  = 3.0000
  rho=0.07972 (18/20)
    fp=0.2088 tp=0.7115  [0.1s]
   nu  = 3.0000
  rho=0.07062 (19/20)
    fp=0.2303 tp=0.7308  [0.1s]
   nu  = 3.0000
  rho=0.06256 (20/20)
    fp=0.2538 tp=0.7596  [0.1s]
   nu  = 3.0000
  rho=0.05542 (21/21)  [extra 1/50]
    fp=0.2778 tp=0.7788  [0.1s]
   nu  = 3.0000
  rho=0.04910 (22/22)  [extra 2/50]
    fp=0.2998 tp=0.7885  [0.1s]
   nu  = 3.0000
  rho=0.04349 (23/23)  [extra 3/50]
    fp=0.3194 tp=0.7981  [0.1s]
   nu  = 3.0000
  FPR 0.3194 >= fp_end=0.3; stopping after 23 fits
  grid extended by 3 points down to rho=0.04349, ending at FPR 0.3194
  pilot fit of run_em_diagonal at rho=0.30349
  -> rho_max = max|S_ij| (off-diag) = 0.72677
  rho grid: [0.7267736  0.6438246  0.57034283 0.50524777 0.44758222 0.39649823
 0.35124461 0.31115594 0.27564271 0.24418272 0.21631337 0.19162483
 0.16975407 0.15037949 0.1332162  0.11801181 0.10454274 0.09261094
 0.08204096 0.07267736]
Running run_em_diagonal over 20 rho values, extending until FPR >= 0.3...
  rho=0.72677 (1/20)
    fp=0.0002 tp=0.0288  [5.9s]
   median nu  = 0.142
   median |eta| = 2.313
  rho=0.64382 (2/20)
    fp=0.0012 tp=0.0288  [5.9s]
   median nu  = 0.175
   median |eta| = 1.945
  rho=0.57034 (3/20)
    fp=0.0021 tp=0.0577  [5.8s]
   median nu  = 0.208
   median |eta| = 1.732
  rho=0.50525 (4/20)
    fp=0.0039 tp=0.0962  [5.9s]
   median nu  = 0.237
   median |eta| = 1.581
  rho=0.44758 (5/20)
    fp=0.0074 tp=0.1346  [5.8s]
   median nu  = 0.275
   median |eta| = 1.403
  rho=0.39650 (6/20)
    fp=0.0113 tp=0.1731  [5.8s]
   median nu  = 0.311
   median |eta| = 1.217
  rho=0.35124 (7/20)
    fp=0.0161 tp=0.2019  [5.7s]
   median nu  = 0.34
   median |eta| = 1.092
  rho=0.31116 (8/20)
    fp=0.0256 tp=0.2308  [5.7s]
   median nu  = 0.383
   median |eta| = 0.944
  rho=0.27564 (9/20)
    fp=0.0365 tp=0.2981  [5.6s]
   median nu  = 0.437
   median |eta| = 0.802
  rho=0.24418 (10/20)
    fp=0.0458 tp=0.3462  [5.6s]
   median nu  = 0.49
   median |eta| = 0.629
  rho=0.21631 (11/20)
    fp=0.0588 tp=0.3750  [5.5s]
   median nu  = 0.538
   median |eta| = 0.523
  rho=0.19162 (12/20)
    fp=0.0741 tp=0.4038  [5.8s]
   median nu  = 0.572
   median |eta| = 0.423
  rho=0.16975 (13/20)
    fp=0.0898 tp=0.4615  [5.8s]
   median nu  = 0.605
   median |eta| = 0.359
  rho=0.15038 (14/20)
    fp=0.1069 tp=0.5385  [5.7s]
   median nu  = 0.678
   median |eta| = 0.265
  rho=0.13322 (15/20)
    fp=0.1238 tp=0.6058  [5.7s]
   median nu  = 0.769
   median |eta| = 0.201
  rho=0.11801 (16/20)
    fp=0.1447 tp=0.6442  [5.6s]
   median nu  = 0.836
   median |eta| = 0.162
  rho=0.10454 (17/20)
    fp=0.1638 tp=0.6923  [5.4s]
   median nu  = 0.904
   median |eta| = 0.129
  rho=0.09261 (18/20)
    fp=0.1824 tp=0.7500  [5.5s]
   median nu  = 1.0
   median |eta| = 0.103
  rho=0.08204 (19/20)
    fp=0.1981 tp=0.7596  [5.4s]
   median nu  = 1.096
   median |eta| = 0.076
  rho=0.07268 (20/20)
    fp=0.2204 tp=0.7692  [5.4s]
   median nu  = 1.195
   median |eta| = 0.06
  rho=0.06438 (21/21)  [extra 1/50]
    fp=0.2315 tp=0.7885  [5.3s]
   median nu  = 1.286
   median |eta| = 0.049
  rho=0.05703 (22/22)  [extra 2/50]
    fp=0.2505 tp=0.7981  [5.2s]
   median nu  = 1.419
   median |eta| = 0.036
  rho=0.05052 (23/23)  [extra 3/50]
    fp=0.2592 tp=0.7981  [5.2s]
   median nu  = 1.501
   median |eta| = 0.029
  rho=0.04476 (24/24)  [extra 4/50]
    fp=0.2747 tp=0.7981  [5.1s]
   median nu  = 1.658
   median |eta| = 0.024
  rho=0.03965 (25/25)  [extra 5/50]
    fp=0.2875 tp=0.8173  [5.0s]
   median nu  = 1.75
   median |eta| = 0.017
  rho=0.03512 (26/26)  [extra 6/50]
    fp=0.3021 tp=0.8077  [4.5s]
   median nu  = 1.878
   median |eta| = 0.015
  FPR 0.3021 >= fp_end=0.3; stopping after 26 fits
  grid extended by 6 points down to rho=0.03512, ending at FPR 0.3021
  pilot fit of run_em_exact at rho=0.30349
  -> rho_max = max|S_ij| (off-diag) = 0.75266
  rho grid: [0.75265669 0.66675356 0.59065484 0.52324151 0.46352227 0.41061899
 0.36375373 0.32223735 0.28545936 0.25287897 0.22401708 0.19844929
 0.17579964 0.15573506 0.13796052 0.12221464 0.10826589 0.09590916
 0.08496274 0.07526567]
Running run_em_exact over 20 rho values, extending until FPR >= 0.3...
  rho=0.75266 (1/20)
    fp=0.0000 tp=0.0288  [6.0s]
   median nu  = 0.133
   median |eta| = 2.392
  rho=0.66675 (2/20)
    fp=0.0012 tp=0.0288  [5.9s]
   median nu  = 0.165
   median |eta| = 2.075
  rho=0.59065 (3/20)
    fp=0.0019 tp=0.0288  [5.9s]
   median nu  = 0.198
   median |eta| = 1.823
  rho=0.52324 (4/20)
    fp=0.0035 tp=0.0865  [5.8s]
   median nu  = 0.232
   median |eta| = 1.63
  rho=0.46352 (5/20)
    fp=0.0056 tp=0.1346  [5.8s]
   median nu  = 0.271
   median |eta| = 1.355
  rho=0.41062 (6/20)
    fp=0.0103 tp=0.1731  [5.7s]
   median nu  = 0.314
   median |eta| = 1.191
  rho=0.36375 (7/20)
    fp=0.0149 tp=0.1923  [5.6s]
   median nu  = 0.35
   median |eta| = 0.962
  rho=0.32224 (8/20)
    fp=0.0231 tp=0.2212  [5.5s]
   median nu  = 0.398
   median |eta| = 0.703
  rho=0.28546 (9/20)
    fp=0.0351 tp=0.2788  [5.4s]
   median nu  = 0.436
   median |eta| = 0.587
  rho=0.25288 (10/20)
    fp=0.0448 tp=0.3173  [5.2s]
   median nu  = 0.499
   median |eta| = 0.479
  rho=0.22402 (11/20)
    fp=0.0574 tp=0.3654  [5.1s]
   median nu  = 0.554
   median |eta| = 0.342
  rho=0.19845 (12/20)
    fp=0.0712 tp=0.3942  [5.4s]
   median nu  = 0.602
   median |eta| = 0.262
  rho=0.17580 (13/20)
    fp=0.0883 tp=0.4615  [5.3s]
   median nu  = 0.664
   median |eta| = 0.201
  rho=0.15574 (14/20)
    fp=0.1028 tp=0.5192  [5.2s]
   median nu  = 0.728
   median |eta| = 0.149
  rho=0.13796 (15/20)
    fp=0.1201 tp=0.6058  [5.1s]
   median nu  = 0.809
   median |eta| = 0.11
  rho=0.12221 (16/20)
    fp=0.1387 tp=0.6538  [5.1s]
   median nu  = 0.909
   median |eta| = 0.081
  rho=0.10827 (17/20)
    fp=0.1608 tp=0.6923  [4.9s]
   median nu  = 1.006
   median |eta| = 0.063
  rho=0.09591 (18/20)
    fp=0.1797 tp=0.7212  [4.6s]
   median nu  = 1.101
   median |eta| = 0.047
  rho=0.08496 (19/20)
    fp=0.1981 tp=0.7596  [3.3s]
   median nu  = 1.191
   median |eta| = 0.037
  rho=0.07527 (20/20)
    fp=0.2154 tp=0.7692  [2.4s]
   median nu  = 1.283
   median |eta| = 0.028
  rho=0.06668 (21/21)  [extra 1/50]
    fp=0.2282 tp=0.7788  [2.0s]
   median nu  = 1.379
   median |eta| = 0.022
  rho=0.05907 (22/22)  [extra 2/50]
    fp=0.2408 tp=0.7885  [1.7s]
   median nu  = 1.477
   median |eta| = 0.017
  rho=0.05232 (23/23)  [extra 3/50]
    fp=0.2546 tp=0.7885  [1.6s]
   median nu  = 1.566
   median |eta| = 0.013
  rho=0.04635 (24/24)  [extra 4/50]
    fp=0.2664 tp=0.8269  [1.6s]
   median nu  = 1.682
   median |eta| = 0.01
  rho=0.04106 (25/25)  [extra 5/50]
    fp=0.2829 tp=0.8269  [1.4s]
   median nu  = 1.813
   median |eta| = 0.007
  rho=0.03638 (26/26)  [extra 6/50]
    fp=0.2963 tp=0.8365  [1.4s]
   median nu  = 1.969
   median |eta| = 0.006
  rho=0.03222 (27/27)  [extra 7/50]
    fp=0.3118 tp=0.8558  [1.3s]
   median nu  = 2.123
   median |eta| = 0.004
  FPR 0.3118 >= fp_end=0.3; stopping after 27 fits
  grid extended by 7 points down to rho=0.03222, ending at FPR 0.3118
  graphical_lasso rho_max = max|S_ij| (off-diag) = 1.66382
  rho grid: [1.66381658 1.47391985 1.30569665 1.1566733  1.02465846 0.90771091
 0.80411095 0.71233518 0.63103408 0.55901214 0.49521029 0.43869035
 0.38862121 0.34426662 0.30497437 0.27016667 0.23933168 0.21201599
 0.18781792 0.16638166]
Running graphical_lasso over 20 rho values, extending until FPR >= 0.3...
  rho=1.66382 (1/20)
    fp=0.0000 tp=0.0000  [0.0s]
  rho=1.47392 (2/20)
    fp=0.0002 tp=0.0000  [0.0s]
  rho=1.30570 (3/20)
    fp=0.0008 tp=0.0000  [0.0s]
  rho=1.15667 (4/20)
    fp=0.0014 tp=0.0288  [4.8s]
  rho=1.02466 (5/20)
    fp=0.0023 tp=0.0577  [4.8s]
  rho=0.90771 (6/20)
    fp=0.0035 tp=0.0577  [4.8s]
  rho=0.80411 (7/20)
    fp=0.0068 tp=0.0769  [4.7s]
  rho=0.71234 (8/20)
    fp=0.0130 tp=0.0865  [4.8s]
  rho=0.63103 (9/20)
    fp=0.0196 tp=0.1250  [4.8s]
  rho=0.55901 (10/20)
    fp=0.0334 tp=0.1827  [4.8s]
  rho=0.49521 (11/20)
    fp=0.0473 tp=0.2308  [0.0s]
  rho=0.43869 (12/20)
    fp=0.0654 tp=0.2788  [0.0s]
  rho=0.38862 (13/20)
    fp=0.0823 tp=0.3462  [4.8s]
  rho=0.34427 (14/20)
    fp=0.1057 tp=0.3942  [4.9s]
  rho=0.30497 (15/20)
    fp=0.1352 tp=0.4519  [0.0s]
  rho=0.27017 (16/20)
    fp=0.1645 tp=0.5192  [0.0s]
  rho=0.23933 (17/20)
    fp=0.1956 tp=0.5577  [0.3s]
  rho=0.21202 (18/20)
    fp=0.2231 tp=0.6058  [0.0s]
  rho=0.18782 (19/20)
    fp=0.2577 tp=0.6635  [0.2s]
  rho=0.16638 (20/20)
    fp=0.2912 tp=0.6731  [0.0s]
  rho=0.14739 (21/21)  [extra 1/50]
    fp=0.3265 tp=0.7019  [0.0s]
  FPR 0.3265 >= fp_end=0.3; stopping after 21 fits
  [note] 9/21 fits hit a glasso ConvergenceWarning (suppressed)
  grid extended by 1 points down to rho=0.14739, ending at FPR 0.3265

(p=100, n=50) over 26 replicates
  t+lasso  (run_em_diagonal):    AUC = 0.197 (SE 0.003)
  ~t+lasso (run_em_exact):       AUC = 0.197 (SE 0.003)
  tlasso   (run_tlasso):         AUC = 0.148 (SE 0.003)
  t*lasso  (run_tstar_varlasso): AUC = 0.194 (SE 0.003)
  glasso   (graphical_lasso):    AUC = 0.147 (SE 0.003)
Replicate 27/50
  Theta: 89/4950 edges
  pilot fit of run_tlasso at rho=30.34854
  -> rho_max = max|S_ij| (off-diag) = 25.10318
  [warn] pilot rho 30.34854 > rho_max 25.10318: it falls off the top of this method's grid
  rho grid: [25.10317968 22.23807321 19.69997054 17.45154967 15.4597483  13.6952776
 12.13219161 10.74750565  9.52085833  8.43421221  7.4715885   6.61883213
  5.86340357  5.1941945   4.60136441  4.07619592  3.6109666   3.19883539
  2.83374204  2.51031797]
Running run_tlasso over 20 rho values, extending until FPR >= 0.3...
  rho=25.10318 (1/20)
    fp=0.0000 tp=0.0000  [0.0s]
   nu  = 3.0000
  rho=22.23807 (2/20)
    fp=0.0000 tp=0.0000  [0.0s]
   nu  = 3.0000
  rho=19.69997 (3/20)
    fp=0.0002 tp=0.0000  [0.1s]
   nu  = 3.0000
  rho=17.45155 (4/20)
    fp=0.0006 tp=0.0225  [0.1s]
   nu  = 3.0000
  rho=15.45975 (5/20)
    fp=0.0014 tp=0.0449  [0.1s]
   nu  = 3.0000
  rho=13.69528 (6/20)
    fp=0.0021 tp=0.0674  [0.1s]
   nu  = 3.0000
  rho=12.13219 (7/20)
    fp=0.0035 tp=0.0674  [0.1s]
   nu  = 3.0000
  rho=10.74751 (8/20)
    fp=0.0045 tp=0.0674  [0.1s]
   nu  = 3.0000
  rho=9.52086 (9/20)
    fp=0.0074 tp=0.0899  [0.1s]
   nu  = 3.0000
  rho=8.43421 (10/20)
    fp=0.0121 tp=0.1236  [0.1s]
   nu  = 3.0000
  rho=7.47159 (11/20)
    fp=0.0173 tp=0.1798  [0.1s]
   nu  = 3.0000
  rho=6.61883 (12/20)
    fp=0.0278 tp=0.2135  [0.1s]
   nu  = 3.0000
  rho=5.86340 (13/20)
    fp=0.0418 tp=0.2472  [0.1s]
   nu  = 3.0000
  rho=5.19419 (14/20)
    fp=0.0555 tp=0.3034  [0.1s]
   nu  = 3.0000
  rho=4.60136 (15/20)
    fp=0.0800 tp=0.3820  [0.1s]
   nu  = 3.0000
  rho=4.07620 (16/20)
    fp=0.1049 tp=0.4157  [0.2s]
   nu  = 3.0000
  rho=3.61097 (17/20)
    fp=0.1368 tp=0.5056  [0.2s]
   nu  = 3.0000
  rho=3.19884 (18/20)
    fp=0.1744 tp=0.5843  [0.2s]
   nu  = 3.0000
  rho=2.83374 (19/20)
    fp=0.2187 tp=0.6404  [0.2s]
   nu  = 3.0000
  rho=2.51032 (20/20)
    fp=0.2580 tp=0.7079  [0.3s]
   nu  = 3.0000
  rho=2.22381 (21/21)  [extra 1/50]
    fp=0.2993 tp=0.7191  [0.3s]
   nu  = 3.0000
  rho=1.97000 (22/22)  [extra 2/50]
    fp=0.3415 tp=0.7303  [0.3s]
   nu  = 3.0000
  FPR 0.3415 >= fp_end=0.3; stopping after 22 fits
  grid extended by 2 points down to rho=1.97000, ending at FPR 0.3415
  pilot fit of run_tstar_varlasso at rho=0.30349
  -> rho_max = max|S_ij| (off-diag) = 0.59333
  rho grid: [0.59333026 0.52561157 0.46562184 0.41247892 0.36540138 0.32369695
 0.28675238 0.25402441 0.22503179 0.19934819 0.17659594 0.15644048
 0.13858542 0.12276822 0.10875629 0.09634359 0.08534758 0.07560659
 0.06697737 0.05933303]
Running run_tstar_varlasso over 20 rho values, extending until FPR >= 0.3...
  rho=0.59333 (1/20)
    fp=0.0000 tp=0.0225  [0.1s]
   nu  = 3.0000
  rho=0.52561 (2/20)
    fp=0.0000 tp=0.0562  [0.0s]
   nu  = 3.0000
  rho=0.46562 (3/20)
    fp=0.0004 tp=0.1236  [0.0s]
   nu  = 3.0000
  rho=0.41248 (4/20)
    fp=0.0014 tp=0.1685  [0.0s]
   nu  = 3.0000
  rho=0.36540 (5/20)
    fp=0.0035 tp=0.1798  [0.0s]
   nu  = 3.0000
  rho=0.32370 (6/20)
    fp=0.0070 tp=0.2584  [0.1s]
   nu  = 3.0000
  rho=0.28675 (7/20)
    fp=0.0125 tp=0.3146  [0.1s]
   nu  = 3.0000
  rho=0.25402 (8/20)
    fp=0.0175 tp=0.3371  [0.1s]
   nu  = 3.0000
  rho=0.22503 (9/20)
    fp=0.0267 tp=0.4045  [0.1s]
   nu  = 3.0000
  rho=0.19935 (10/20)
    fp=0.0416 tp=0.4607  [0.1s]
   nu  = 3.0000
  rho=0.17660 (11/20)
    fp=0.0590 tp=0.5169  [0.1s]
   nu  = 3.0000
  rho=0.15644 (12/20)
    fp=0.0806 tp=0.5730  [0.1s]
   nu  = 3.0000
  rho=0.13859 (13/20)
    fp=0.1006 tp=0.6404  [0.1s]
   nu  = 3.0000
  rho=0.12277 (14/20)
    fp=0.1296 tp=0.6854  [0.1s]
   nu  = 3.0000
  rho=0.10876 (15/20)
    fp=0.1543 tp=0.7528  [0.1s]
   nu  = 3.0000
  rho=0.09634 (16/20)
    fp=0.1851 tp=0.7865  [0.1s]
   nu  = 3.0000
  rho=0.08535 (17/20)
    fp=0.2078 tp=0.8202  [0.1s]
   nu  = 3.0000
  rho=0.07561 (18/20)
    fp=0.2335 tp=0.8539  [0.1s]
   nu  = 3.0000
  rho=0.06698 (19/20)
    fp=0.2576 tp=0.8764  [0.1s]
   nu  = 3.0000
  rho=0.05933 (20/20)
    fp=0.2787 tp=0.8876  [0.1s]
   nu  = 3.0000
  rho=0.05256 (21/21)  [extra 1/50]
    fp=0.3038 tp=0.8876  [0.1s]
   nu  = 3.0000
  FPR 0.3038 >= fp_end=0.3; stopping after 21 fits
  grid extended by 1 points down to rho=0.05256, ending at FPR 0.3038
  pilot fit of run_em_diagonal at rho=0.30349
  -> rho_max = max|S_ij| (off-diag) = 0.66287
  rho grid: [0.66286724 0.58721208 0.52019168 0.46082053 0.40822561 0.36163351
 0.32035911 0.2837955  0.25140501 0.22271135 0.19729259 0.17477495
 0.15482733 0.13715639 0.12150229 0.10763484 0.09535013 0.08446751
 0.07482697 0.06628672]
Running run_em_diagonal over 20 rho values, extending until FPR >= 0.3...
  rho=0.66287 (1/20)
    fp=0.0002 tp=0.0337  [5.9s]
   median nu  = 0.193
   median |eta| = 1.423
  rho=0.58721 (2/20)
    fp=0.0012 tp=0.0787  [5.9s]
   median nu  = 0.222
   median |eta| = 1.458
  rho=0.52019 (3/20)
    fp=0.0025 tp=0.1461  [5.9s]
   median nu  = 0.255
   median |eta| = 1.43
  rho=0.46082 (4/20)
    fp=0.0051 tp=0.2022  [5.9s]
   median nu  = 0.295
   median |eta| = 1.256
  rho=0.40823 (5/20)
    fp=0.0086 tp=0.2472  [5.8s]
   median nu  = 0.334
   median |eta| = 1.144
  rho=0.36163 (6/20)
    fp=0.0140 tp=0.2921  [5.7s]
   median nu  = 0.357
   median |eta| = 1.061
  rho=0.32036 (7/20)
    fp=0.0210 tp=0.3596  [5.7s]
   median nu  = 0.381
   median |eta| = 0.936
  rho=0.28380 (8/20)
    fp=0.0290 tp=0.4494  [5.6s]
   median nu  = 0.405
   median |eta| = 0.85
  rho=0.25141 (9/20)
    fp=0.0416 tp=0.5056  [5.5s]
   median nu  = 0.43
   median |eta| = 0.732
  rho=0.22271 (10/20)
    fp=0.0584 tp=0.5169  [5.5s]
   median nu  = 0.469
   median |eta| = 0.682
  rho=0.19729 (11/20)
    fp=0.0765 tp=0.5506  [5.4s]
   median nu  = 0.527
   median |eta| = 0.642
  rho=0.17477 (12/20)
    fp=0.0915 tp=0.6404  [5.3s]
   median nu  = 0.574
   median |eta| = 0.455
  rho=0.15483 (13/20)
    fp=0.1117 tp=0.6854  [5.3s]
   median nu  = 0.628
   median |eta| = 0.317
  rho=0.13716 (14/20)
    fp=0.1352 tp=0.7303  [5.3s]
   median nu  = 0.727
   median |eta| = 0.254
  rho=0.12150 (15/20)
    fp=0.1520 tp=0.7865  [5.7s]
   median nu  = 0.795
   median |eta| = 0.197
  rho=0.10763 (16/20)
    fp=0.1738 tp=0.8202  [5.7s]
   median nu  = 0.862
   median |eta| = 0.155
  rho=0.09535 (17/20)
    fp=0.1930 tp=0.8427  [5.7s]
   median nu  = 0.959
   median |eta| = 0.12
  rho=0.08447 (18/20)
    fp=0.2115 tp=0.8652  [5.5s]
   median nu  = 1.045
   median |eta| = 0.089
  rho=0.07483 (19/20)
    fp=0.2265 tp=0.8652  [5.3s]
   median nu  = 1.147
   median |eta| = 0.068
  rho=0.06629 (20/20)
    fp=0.2438 tp=0.8764  [5.2s]
   median nu  = 1.278
   median |eta| = 0.046
  rho=0.05872 (21/21)  [extra 1/50]
    fp=0.2584 tp=0.8652  [5.1s]
   median nu  = 1.403
   median |eta| = 0.037
  rho=0.05202 (22/22)  [extra 2/50]
    fp=0.2709 tp=0.8652  [5.4s]
   median nu  = 1.516
   median |eta| = 0.029
  rho=0.04608 (23/23)  [extra 3/50]
    fp=0.2851 tp=0.8764  [5.3s]
   median nu  = 1.62
   median |eta| = 0.023
  rho=0.04082 (24/24)  [extra 4/50]
    fp=0.2983 tp=0.8764  [5.3s]
   median nu  = 1.776
   median |eta| = 0.018
  rho=0.03616 (25/25)  [extra 5/50]
    fp=0.3043 tp=0.8764  [5.2s]
   median nu  = 1.89
   median |eta| = 0.015
  FPR 0.3043 >= fp_end=0.3; stopping after 25 fits
  grid extended by 5 points down to rho=0.03616, ending at FPR 0.3043
  pilot fit of run_em_exact at rho=0.30349
  -> rho_max = max|S_ij| (off-diag) = 0.65830
  rho grid: [0.6582967  0.58316319 0.5166049  0.45764313 0.40541085 0.35914001
 0.3181502  0.2818387  0.24967154 0.22117573 0.19593223 0.17356986
 0.15375977 0.13621068 0.12066452 0.10689269 0.09469268 0.0838851
 0.07431103 0.06582967]
Running run_em_exact over 20 rho values, extending until FPR >= 0.3...
  rho=0.65830 (1/20)
    fp=0.0002 tp=0.0337  [6.0s]
   median nu  = 0.195
   median |eta| = 1.421
  rho=0.58316 (2/20)
    fp=0.0012 tp=0.0899  [6.0s]
   median nu  = 0.225
   median |eta| = 1.461
  rho=0.51660 (3/20)
    fp=0.0025 tp=0.1461  [5.9s]
   median nu  = 0.26
   median |eta| = 1.238
  rho=0.45764 (4/20)
    fp=0.0053 tp=0.2022  [5.8s]
   median nu  = 0.305
   median |eta| = 1.151
  rho=0.40541 (5/20)
    fp=0.0088 tp=0.2584  [5.8s]
   median nu  = 0.349
   median |eta| = 0.95
  rho=0.35914 (6/20)
    fp=0.0144 tp=0.3034  [5.7s]
   median nu  = 0.382
   median |eta| = 0.798
  rho=0.31815 (7/20)
    fp=0.0218 tp=0.3596  [5.5s]
   median nu  = 0.417
   median |eta| = 0.645
  rho=0.28184 (8/20)
    fp=0.0302 tp=0.4494  [5.4s]
   median nu  = 0.445
   median |eta| = 0.559
  rho=0.24967 (9/20)
    fp=0.0430 tp=0.5056  [5.2s]
   median nu  = 0.502
   median |eta| = 0.445
  rho=0.22118 (10/20)
    fp=0.0621 tp=0.5169  [5.1s]
   median nu  = 0.563
   median |eta| = 0.369
  rho=0.19593 (11/20)
    fp=0.0790 tp=0.5730  [5.0s]
   median nu  = 0.619
   median |eta| = 0.289
  rho=0.17357 (12/20)
    fp=0.0963 tp=0.6404  [4.9s]
   median nu  = 0.697
   median |eta| = 0.234
  rho=0.15376 (13/20)
    fp=0.1166 tp=0.6854  [4.7s]
   median nu  = 0.793
   median |eta| = 0.171
  rho=0.13621 (14/20)
    fp=0.1374 tp=0.7416  [4.7s]
   median nu  = 0.877
   median |eta| = 0.122
  rho=0.12066 (15/20)
    fp=0.1576 tp=0.7978  [4.6s]
   median nu  = 0.971
   median |eta| = 0.085
  rho=0.10689 (16/20)
    fp=0.1744 tp=0.8090  [4.5s]
   median nu  = 1.063
   median |eta| = 0.058
  rho=0.09469 (17/20)
    fp=0.1919 tp=0.8315  [4.4s]
   median nu  = 1.165
   median |eta| = 0.044
  rho=0.08389 (18/20)
    fp=0.2098 tp=0.8427  [4.4s]
   median nu  = 1.254
   median |eta| = 0.033
  rho=0.07431 (19/20)
    fp=0.2269 tp=0.8427  [4.3s]
   median nu  = 1.363
   median |eta| = 0.025
  rho=0.06583 (20/20)
    fp=0.2434 tp=0.8652  [3.9s]
   median nu  = 1.474
   median |eta| = 0.019
  rho=0.05832 (21/21)  [extra 1/50]
    fp=0.2565 tp=0.8764  [3.5s]
   median nu  = 1.602
   median |eta| = 0.014
  rho=0.05166 (22/22)  [extra 2/50]
    fp=0.2703 tp=0.8764  [3.2s]
   median nu  = 1.728
   median |eta| = 0.011
  rho=0.04576 (23/23)  [extra 3/50]
    fp=0.2835 tp=0.8764  [2.7s]
   median nu  = 1.841
   median |eta| = 0.009
  rho=0.04054 (24/24)  [extra 4/50]
    fp=0.3008 tp=0.8764  [2.0s]
   median nu  = 1.977
   median |eta| = 0.007
  FPR 0.3008 >= fp_end=0.3; stopping after 24 fits
  grid extended by 4 points down to rho=0.04054, ending at FPR 0.3008
  graphical_lasso rho_max = max|S_ij| (off-diag) = 2.09291
  rho grid: [2.09291364 1.85404269 1.64243485 1.45497849 1.28891712 1.14180887
 1.01149056 0.8960459  0.7937773  0.70318095 0.62292465 0.55182826
 0.48884633 0.43305273 0.38362703 0.33984245 0.30105514 0.26669475
 0.23625602 0.20929136]
Running graphical_lasso over 20 rho values, extending until FPR >= 0.3...
  rho=2.09291 (1/20)
    fp=0.0000 tp=0.0000  [0.0s]
  rho=1.85404 (2/20)
    fp=0.0002 tp=0.0000  [0.0s]
  rho=1.64243 (3/20)
    fp=0.0002 tp=0.0000  [4.9s]
  rho=1.45498 (4/20)
    fp=0.0002 tp=0.0000  [0.0s]
  rho=1.28892 (5/20)
    fp=0.0008 tp=0.0000  [0.0s]
  rho=1.14181 (6/20)
    fp=0.0027 tp=0.0449  [4.8s]
  rho=1.01149 (7/20)
    fp=0.0043 tp=0.0674  [4.8s]
  rho=0.89605 (8/20)
    fp=0.0068 tp=0.0674  [4.9s]
  rho=0.79378 (9/20)
    fp=0.0113 tp=0.0899  [4.8s]
  rho=0.70318 (10/20)
    fp=0.0195 tp=0.1573  [4.8s]
  rho=0.62292 (11/20)
    fp=0.0300 tp=0.2022  [4.9s]
  rho=0.55183 (12/20)
    fp=0.0436 tp=0.2584  [4.8s]
  rho=0.48885 (13/20)
    fp=0.0572 tp=0.2809  [4.8s]
  rho=0.43305 (14/20)
    fp=0.0767 tp=0.3483  [4.8s]
  rho=0.38363 (15/20)
    fp=0.0985 tp=0.4157  [4.8s]
  rho=0.33984 (16/20)
    fp=0.1249 tp=0.4719  [0.0s]
  rho=0.30106 (17/20)
    fp=0.1535 tp=0.5169  [0.1s]
  rho=0.26669 (18/20)
    fp=0.1854 tp=0.5955  [0.0s]
  rho=0.23626 (19/20)
    fp=0.2160 tp=0.6292  [0.1s]
  rho=0.20929 (20/20)
    fp=0.2487 tp=0.6854  [0.1s]
  rho=0.18540 (21/21)  [extra 1/50]
    fp=0.2841 tp=0.6966  [0.0s]
  rho=0.16424 (22/22)  [extra 2/50]
    fp=0.3154 tp=0.7416  [0.1s]
  FPR 0.3154 >= fp_end=0.3; stopping after 22 fits
  [note] 11/22 fits hit a glasso ConvergenceWarning (suppressed)
  grid extended by 2 points down to rho=0.16424, ending at FPR 0.3154

(p=100, n=50) over 27 replicates
  t+lasso  (run_em_diagonal):    AUC = 0.197 (SE 0.003)
  ~t+lasso (run_em_exact):       AUC = 0.198 (SE 0.003)
  tlasso   (run_tlasso):         AUC = 0.148 (SE 0.003)
  t*lasso  (run_tstar_varlasso): AUC = 0.194 (SE 0.003)
  glasso   (graphical_lasso):    AUC = 0.147 (SE 0.003)
Replicate 28/50
  Theta: 89/4950 edges
  pilot fit of run_tlasso at rho=30.34854
  -> rho_max = max|S_ij| (off-diag) = 185.01102
  rho grid: [185.01102492 163.89512284 145.18924643 128.61833174 113.93870873
 100.9345182   89.41453768  79.20936951  70.16894994  62.16034247
  55.06578307  48.78094851  43.21342229  38.28133571  33.912164
  30.04165988  26.61290881  23.57549211  20.88474553  18.50110249]
Running run_tlasso over 20 rho values, extending until FPR >= 0.3...
  rho=185.01102 (1/20)
    fp=0.0004 tp=0.0000  [0.1s]
   nu  = 3.0000
  rho=163.89512 (2/20)
    fp=0.0004 tp=0.0000  [0.1s]
   nu  = 3.0000
  rho=145.18925 (3/20)
    fp=0.0004 tp=0.0000  [0.1s]
   nu  = 3.0000
  rho=128.61833 (4/20)
    fp=0.0006 tp=0.0000  [0.1s]
   nu  = 3.0000
  rho=113.93871 (5/20)
    fp=0.0006 tp=0.0000  [0.1s]
   nu  = 3.0000
  rho=100.93452 (6/20)
    fp=0.0006 tp=0.0000  [0.1s]
   nu  = 3.0000
  rho=89.41454 (7/20)
    fp=0.0006 tp=0.0000  [0.1s]
   nu  = 3.0000
  rho=79.20937 (8/20)
    fp=0.0006 tp=0.0000  [0.1s]
   nu  = 3.0000
  rho=70.16895 (9/20)
    fp=0.0006 tp=0.0000  [0.1s]
   nu  = 3.0000
  rho=62.16034 (10/20)
    fp=0.0010 tp=0.0000  [0.1s]
   nu  = 3.0000
  rho=55.06578 (11/20)
    fp=0.0010 tp=0.0000  [0.1s]
   nu  = 3.0000
  rho=48.78095 (12/20)
    fp=0.0012 tp=0.0000  [0.1s]
   nu  = 3.0000
  rho=43.21342 (13/20)
    fp=0.0014 tp=0.0000  [0.1s]
   nu  = 3.0000
  rho=38.28134 (14/20)
    fp=0.0014 tp=0.0000  [0.1s]
   nu  = 3.0000
  rho=33.91216 (15/20)
    fp=0.0027 tp=0.0112  [0.1s]
   nu  = 3.0000
  rho=30.04166 (16/20)
    fp=0.0033 tp=0.0112  [0.1s]
   nu  = 3.0000
  rho=26.61291 (17/20)
    fp=0.0045 tp=0.0112  [0.1s]
   nu  = 3.0000
  rho=23.57549 (18/20)
    fp=0.0060 tp=0.0112  [0.1s]
   nu  = 3.0000
  rho=20.88475 (19/20)
    fp=0.0082 tp=0.0112  [0.1s]
   nu  = 3.0000
  rho=18.50110 (20/20)
    fp=0.0097 tp=0.0112  [0.1s]
   nu  = 3.0000
  rho=16.38951 (21/21)  [extra 1/50]
    fp=0.0113 tp=0.0112  [0.1s]
   nu  = 3.0000
  rho=14.51892 (22/22)  [extra 2/50]
    fp=0.0132 tp=0.0112  [0.1s]
   nu  = 3.0000
  rho=12.86183 (23/23)  [extra 3/50]
    fp=0.0163 tp=0.0112  [0.1s]
   nu  = 3.0000
  rho=11.39387 (24/24)  [extra 4/50]
    fp=0.0200 tp=0.0112  [0.1s]
   nu  = 3.0000
  rho=10.09345 (25/25)  [extra 5/50]
    fp=0.0230 tp=0.0449  [0.1s]
   nu  = 3.0000
  rho=8.94145 (26/26)  [extra 6/50]
    fp=0.0274 tp=0.1011  [0.1s]
   nu  = 3.0000
  rho=7.92094 (27/27)  [extra 7/50]
    fp=0.0311 tp=0.1236  [0.1s]
   nu  = 3.0000
  rho=7.01689 (28/28)  [extra 8/50]
    fp=0.0383 tp=0.1573  [0.1s]
   nu  = 3.0000
  rho=6.21603 (29/29)  [extra 9/50]
    fp=0.0492 tp=0.2472  [0.1s]
   nu  = 3.0000
  rho=5.50658 (30/30)  [extra 10/50]
    fp=0.0630 tp=0.3146  [0.1s]
   nu  = 3.0000
  rho=4.87809 (31/31)  [extra 11/50]
    fp=0.0839 tp=0.3596  [0.1s]
   nu  = 3.0000
  rho=4.32134 (32/32)  [extra 12/50]
    fp=0.1074 tp=0.4382  [0.2s]
   nu  = 3.0000
  rho=3.82813 (33/33)  [extra 13/50]
    fp=0.1399 tp=0.5393  [0.2s]
   nu  = 3.0000
  rho=3.39122 (34/34)  [extra 14/50]
    fp=0.1790 tp=0.6180  [0.2s]
   nu  = 3.0000
  rho=3.00417 (35/35)  [extra 15/50]
    fp=0.2205 tp=0.6742  [0.3s]
   nu  = 3.0000
  rho=2.66129 (36/36)  [extra 16/50]
    fp=0.2631 tp=0.7079  [0.3s]
   nu  = 3.0000
  rho=2.35755 (37/37)  [extra 17/50]
    fp=0.3006 tp=0.7528  [0.3s]
   nu  = 3.0000
  FPR 0.3006 >= fp_end=0.3; stopping after 37 fits
  grid extended by 17 points down to rho=2.35755, ending at FPR 0.3006
  pilot fit of run_tstar_varlasso at rho=0.30349
  -> rho_max = max|S_ij| (off-diag) = 0.70207
  rho grid: [0.70207164 0.62194195 0.55095772 0.48807514 0.43236956 0.38302184
 0.33930632 0.3005802  0.26627402 0.23588331 0.20896119 0.18511178
 0.16398438 0.14526832 0.12868838 0.11400076 0.10098949 0.08946323
 0.07925251 0.07020716]
Running run_tstar_varlasso over 20 rho values, extending until FPR >= 0.3...
  rho=0.70207 (1/20)
    fp=0.0002 tp=0.0000  [0.1s]
   nu  = 3.0000
  rho=0.62194 (2/20)
    fp=0.0002 tp=0.0000  [0.0s]
   nu  = 3.0000
  rho=0.55096 (3/20)
    fp=0.0004 tp=0.0000  [0.0s]
   nu  = 3.0000
  rho=0.48808 (4/20)
    fp=0.0012 tp=0.0112  [0.0s]
   nu  = 3.0000
  rho=0.43237 (5/20)
    fp=0.0019 tp=0.0449  [0.0s]
   nu  = 3.0000
  rho=0.38302 (6/20)
    fp=0.0041 tp=0.0787  [0.1s]
   nu  = 3.0000
  rho=0.33931 (7/20)
    fp=0.0072 tp=0.1910  [0.1s]
   nu  = 3.0000
  rho=0.30058 (8/20)
    fp=0.0132 tp=0.2472  [0.1s]
   nu  = 3.0000
  rho=0.26627 (9/20)
    fp=0.0212 tp=0.3146  [0.1s]
   nu  = 3.0000
  rho=0.23588 (10/20)
    fp=0.0374 tp=0.3933  [0.1s]
   nu  = 3.0000
  rho=0.20896 (11/20)
    fp=0.0523 tp=0.4944  [0.1s]
   nu  = 3.0000
  rho=0.18511 (12/20)
    fp=0.0685 tp=0.5955  [0.1s]
   nu  = 3.0000
  rho=0.16398 (13/20)
    fp=0.0893 tp=0.6629  [0.1s]
   nu  = 3.0000
  rho=0.14527 (14/20)
    fp=0.1117 tp=0.7303  [0.1s]
   nu  = 3.0000
  rho=0.12869 (15/20)
    fp=0.1382 tp=0.7640  [0.1s]
   nu  = 3.0000
  rho=0.11400 (16/20)
    fp=0.1611 tp=0.7753  [0.1s]
   nu  = 3.0000
  rho=0.10099 (17/20)
    fp=0.1882 tp=0.7978  [0.1s]
   nu  = 3.0000
  rho=0.08946 (18/20)
    fp=0.2142 tp=0.8090  [0.1s]
   nu  = 3.0000
  rho=0.07925 (19/20)
    fp=0.2376 tp=0.8202  [0.1s]
   nu  = 3.0000
  rho=0.07021 (20/20)
    fp=0.2611 tp=0.8427  [0.1s]
   nu  = 3.0000
  rho=0.06219 (21/21)  [extra 1/50]
    fp=0.2837 tp=0.8652  [0.1s]
   nu  = 3.0000
  rho=0.05510 (22/22)  [extra 2/50]
    fp=0.3065 tp=0.8989  [0.1s]
   nu  = 3.0000
  FPR 0.3065 >= fp_end=0.3; stopping after 22 fits
  grid extended by 2 points down to rho=0.05510, ending at FPR 0.3065
  pilot fit of run_em_diagonal at rho=0.30349
  -> rho_max = max|S_ij| (off-diag) = 0.89975
  rho grid: [0.89975013 0.79705876 0.70608789 0.62549981 0.55410951 0.49086721
 0.43484296 0.38521294 0.34124735 0.30229969 0.26779726 0.2372327
 0.21015657 0.18617073 0.16492246 0.14609933 0.12942455 0.11465291
 0.1015672  0.08997501]
Running run_em_diagonal over 20 rho values, extending until FPR >= 0.3...
  rho=0.89975 (1/20)
    fp=0.0002 tp=0.0000  [6.0s]
   median nu  = 0.1
   median |eta| = 2.827
  rho=0.79706 (2/20)
    fp=0.0006 tp=0.0000  [6.0s]
   median nu  = 0.12
   median |eta| = 2.478
  rho=0.70609 (3/20)
    fp=0.0010 tp=0.0000  [6.0s]
   median nu  = 0.15
   median |eta| = 2.374
  rho=0.62550 (4/20)
    fp=0.0014 tp=0.0225  [5.9s]
   median nu  = 0.185
   median |eta| = 2.059
  rho=0.55411 (5/20)
    fp=0.0035 tp=0.0674  [5.8s]
   median nu  = 0.219
   median |eta| = 1.777
  rho=0.49087 (6/20)
    fp=0.0053 tp=0.1124  [5.8s]
   median nu  = 0.252
   median |eta| = 1.577
  rho=0.43484 (7/20)
    fp=0.0082 tp=0.1461  [5.8s]
   median nu  = 0.283
   median |eta| = 1.505
  rho=0.38521 (8/20)
    fp=0.0146 tp=0.2135  [5.7s]
   median nu  = 0.317
   median |eta| = 1.311
  rho=0.34125 (9/20)
    fp=0.0232 tp=0.2472  [5.7s]
   median nu  = 0.34
   median |eta| = 1.226
  rho=0.30230 (10/20)
    fp=0.0352 tp=0.3933  [5.7s]
   median nu  = 0.377
   median |eta| = 1.075
  rho=0.26780 (11/20)
    fp=0.0481 tp=0.4270  [5.6s]
   median nu  = 0.432
   median |eta| = 0.949
  rho=0.23723 (12/20)
    fp=0.0632 tp=0.4944  [5.6s]
   median nu  = 0.479
   median |eta| = 0.742
  rho=0.21016 (13/20)
    fp=0.0835 tp=0.6292  [5.6s]
   median nu  = 0.518
   median |eta| = 0.627
  rho=0.18617 (14/20)
    fp=0.0990 tp=0.6966  [5.5s]
   median nu  = 0.588
   median |eta| = 0.511
  rho=0.16492 (15/20)
    fp=0.1197 tp=0.7416  [5.4s]
   median nu  = 0.635
   median |eta| = 0.394
  rho=0.14610 (16/20)
    fp=0.1368 tp=0.7640  [5.3s]
   median nu  = 0.715
   median |eta| = 0.309
  rho=0.12942 (17/20)
    fp=0.1543 tp=0.7865  [5.2s]
   median nu  = 0.773
   median |eta| = 0.236
  rho=0.11465 (18/20)
    fp=0.1720 tp=0.7865  [5.3s]
   median nu  = 0.862
   median |eta| = 0.177
  rho=0.10157 (19/20)
    fp=0.1891 tp=0.8202  [5.0s]
   median nu  = 0.922
   median |eta| = 0.13
  rho=0.08998 (20/20)
    fp=0.2051 tp=0.8315  [5.0s]
   median nu  = 1.015
   median |eta| = 0.101
  rho=0.07971 (21/21)  [extra 1/50]
    fp=0.2218 tp=0.8427  [5.1s]
   median nu  = 1.112
   median |eta| = 0.076
  rho=0.07061 (22/22)  [extra 2/50]
    fp=0.2378 tp=0.8539  [5.1s]
   median nu  = 1.195
   median |eta| = 0.056
  rho=0.06255 (23/23)  [extra 3/50]
    fp=0.2539 tp=0.8876  [4.9s]
   median nu  = 1.304
   median |eta| = 0.043
  rho=0.05541 (24/24)  [extra 4/50]
    fp=0.2678 tp=0.9101  [5.0s]
   median nu  = 1.402
   median |eta| = 0.034
  rho=0.04909 (25/25)  [extra 5/50]
    fp=0.2835 tp=0.8989  [5.0s]
   median nu  = 1.519
   median |eta| = 0.026
  rho=0.04348 (26/26)  [extra 6/50]
    fp=0.2964 tp=0.9101  [4.9s]
   median nu  = 1.624
   median |eta| = 0.021
  rho=0.03852 (27/27)  [extra 7/50]
    fp=0.3088 tp=0.9213  [4.8s]
   median nu  = 1.746
   median |eta| = 0.018
  FPR 0.3088 >= fp_end=0.3; stopping after 27 fits
  grid extended by 7 points down to rho=0.03852, ending at FPR 0.3088
  pilot fit of run_em_exact at rho=0.30349
  -> rho_max = max|S_ij| (off-diag) = 0.91810
  rho grid: [0.91810425 0.81331807 0.72049147 0.63825946 0.56541286 0.50088048
 0.44371338 0.39307095 0.3482085  0.30846635 0.27326009 0.24207204
 0.21444358 0.18996845 0.16828674 0.14907963 0.1320647  0.11699173
 0.10363909 0.09181043]
Running run_em_exact over 20 rho values, extending until FPR >= 0.3...
  rho=0.91810 (1/20)
    fp=0.0002 tp=0.0000  [6.1s]
   median nu  = 0.098
   median |eta| = 2.916
  rho=0.81332 (2/20)
    fp=0.0006 tp=0.0000  [6.1s]
   median nu  = 0.118
   median |eta| = 2.552
  rho=0.72049 (3/20)
    fp=0.0010 tp=0.0000  [6.0s]
   median nu  = 0.146
   median |eta| = 2.198
  rho=0.63826 (4/20)
    fp=0.0014 tp=0.0225  [6.0s]
   median nu  = 0.18
   median |eta| = 1.903
  rho=0.56541 (5/20)
    fp=0.0029 tp=0.0562  [5.9s]
   median nu  = 0.213
   median |eta| = 1.724
  rho=0.50088 (6/20)
    fp=0.0047 tp=0.1011  [5.9s]
   median nu  = 0.246
   median |eta| = 1.55
  rho=0.44371 (7/20)
    fp=0.0070 tp=0.1461  [5.8s]
   median nu  = 0.279
   median |eta| = 1.274
  rho=0.39307 (8/20)
    fp=0.0136 tp=0.1910  [5.7s]
   median nu  = 0.315
   median |eta| = 1.245
  rho=0.34821 (9/20)
    fp=0.0216 tp=0.2360  [5.6s]
   median nu  = 0.352
   median |eta| = 1.045
  rho=0.30847 (10/20)
    fp=0.0333 tp=0.3820  [5.5s]
   median nu  = 0.411
   median |eta| = 0.753
  rho=0.27326 (11/20)
    fp=0.0479 tp=0.4270  [5.4s]
   median nu  = 0.471
   median |eta| = 0.636
  rho=0.24207 (12/20)
    fp=0.0627 tp=0.4944  [5.3s]
   median nu  = 0.527
   median |eta| = 0.495
  rho=0.21444 (13/20)
    fp=0.0811 tp=0.6292  [5.4s]
   median nu  = 0.586
   median |eta| = 0.364
  rho=0.18997 (14/20)
    fp=0.1004 tp=0.7191  [5.0s]
   median nu  = 0.654
   median |eta| = 0.265
  rho=0.16829 (15/20)
    fp=0.1199 tp=0.7416  [4.9s]
   median nu  = 0.716
   median |eta| = 0.195
  rho=0.14908 (16/20)
    fp=0.1407 tp=0.7753  [4.6s]
   median nu  = 0.8
   median |eta| = 0.138
  rho=0.13206 (17/20)
    fp=0.1584 tp=0.7865  [4.6s]
   median nu  = 0.905
   median |eta| = 0.106
  rho=0.11699 (18/20)
    fp=0.1769 tp=0.7865  [4.5s]
   median nu  = 0.996
   median |eta| = 0.08
  rho=0.10364 (19/20)
    fp=0.1921 tp=0.7865  [4.5s]
   median nu  = 1.075
   median |eta| = 0.061
  rho=0.09181 (20/20)
    fp=0.2115 tp=0.8315  [3.6s]
   median nu  = 1.178
   median |eta| = 0.046
  rho=0.08133 (21/21)  [extra 1/50]
    fp=0.2271 tp=0.8315  [3.3s]
   median nu  = 1.273
   median |eta| = 0.033
  rho=0.07205 (22/22)  [extra 2/50]
    fp=0.2421 tp=0.8539  [2.6s]
   median nu  = 1.359
   median |eta| = 0.024
  rho=0.06383 (23/23)  [extra 3/50]
    fp=0.2594 tp=0.8764  [2.8s]
   median nu  = 1.484
   median |eta| = 0.017
  rho=0.05654 (24/24)  [extra 4/50]
    fp=0.2753 tp=0.8989  [2.9s]
   median nu  = 1.615
   median |eta| = 0.014
  rho=0.05009 (25/25)  [extra 5/50]
    fp=0.2872 tp=0.8989  [2.7s]
   median nu  = 1.729
   median |eta| = 0.01
  rho=0.04437 (26/26)  [extra 6/50]
    fp=0.2995 tp=0.9101  [2.3s]
   median nu  = 1.88
   median |eta| = 0.007
  rho=0.03931 (27/27)  [extra 7/50]
    fp=0.3117 tp=0.9326  [1.7s]
   median nu  = 2.021
   median |eta| = 0.006
  FPR 0.3117 >= fp_end=0.3; stopping after 27 fits
  grid extended by 7 points down to rho=0.03931, ending at FPR 0.3117
  graphical_lasso rho_max = max|S_ij| (off-diag) = 14.34532
  rho grid: [14.34532461 12.70804667 11.25763651  9.97276632  8.8345425   7.82622781
  6.93299531  6.1417103   5.44073719  4.81976839  4.26967276  3.7823613
  3.35066827  2.96824574  2.62947033  2.32936044  2.06350306  1.82798883
  1.6193546   1.43453246]
Running graphical_lasso over 20 rho values, extending until FPR >= 0.3...
  rho=14.34532 (1/20)
    fp=0.0000 tp=0.0000  [0.0s]
  rho=12.70805 (2/20)
    fp=0.0004 tp=0.0000  [0.0s]
  rho=11.25764 (3/20)
    fp=0.0004 tp=0.0000  [0.0s]
  rho=9.97277 (4/20)
    fp=0.0004 tp=0.0000  [0.0s]
  rho=8.83454 (5/20)
    fp=0.0006 tp=0.0000  [0.0s]
  rho=7.82623 (6/20)
    fp=0.0006 tp=0.0000  [0.0s]
  rho=6.93300 (7/20)
    fp=0.0006 tp=0.0000  [0.0s]
  rho=6.14171 (8/20)
    fp=0.0006 tp=0.0000  [0.0s]
  rho=5.44074 (9/20)
    fp=0.0006 tp=0.0000  [0.0s]
  rho=4.81977 (10/20)
    fp=0.0008 tp=0.0000  [0.0s]
  rho=4.26967 (11/20)
    fp=0.0008 tp=0.0000  [0.0s]
  rho=3.78236 (12/20)
    fp=0.0010 tp=0.0000  [0.0s]
  rho=3.35067 (13/20)
    fp=0.0012 tp=0.0000  [0.0s]
  rho=2.96825 (14/20)
    fp=0.0019 tp=0.0000  [0.0s]
  rho=2.62947 (15/20)
    fp=0.0021 tp=0.0000  [0.0s]
  rho=2.32936 (16/20)
    fp=0.0031 tp=0.0112  [0.0s]
  rho=2.06350 (17/20)
    fp=0.0047 tp=0.0112  [0.0s]
  rho=1.82799 (18/20)
    fp=0.0058 tp=0.0112  [0.0s]
  rho=1.61935 (19/20)
    fp=0.0074 tp=0.0112  [0.1s]
  rho=1.43453 (20/20)
    fp=0.0084 tp=0.0112  [0.0s]
  rho=1.27080 (21/21)  [extra 1/50]
    fp=0.0099 tp=0.0112  [0.1s]
  rho=1.12576 (22/22)  [extra 2/50]
    fp=0.0115 tp=0.0112  [0.1s]
  rho=0.99728 (23/23)  [extra 3/50]
    fp=0.0154 tp=0.0112  [0.0s]
  rho=0.88345 (24/24)  [extra 4/50]
    fp=0.0197 tp=0.0112  [0.1s]
  rho=0.78262 (25/25)  [extra 5/50]
    fp=0.0243 tp=0.0674  [0.0s]
  rho=0.69330 (26/26)  [extra 6/50]
    fp=0.0311 tp=0.1124  [0.0s]
  rho=0.61417 (27/27)  [extra 7/50]
    fp=0.0399 tp=0.1798  [0.0s]
  rho=0.54407 (28/28)  [extra 8/50]
    fp=0.0523 tp=0.2697  [0.1s]
  rho=0.48198 (29/29)  [extra 9/50]
    fp=0.0677 tp=0.3596  [0.1s]
  rho=0.42697 (30/30)  [extra 10/50]
    fp=0.0915 tp=0.3933  [0.0s]
  rho=0.37824 (31/31)  [extra 11/50]
    fp=0.1162 tp=0.4831  [0.0s]
  rho=0.33507 (32/32)  [extra 12/50]
    fp=0.1430 tp=0.5618  [0.0s]
  rho=0.29682 (33/33)  [extra 13/50]
    fp=0.1779 tp=0.5955  [0.1s]
  rho=0.26295 (34/34)  [extra 14/50]
    fp=0.2074 tp=0.6629  [0.0s]
  rho=0.23294 (35/35)  [extra 15/50]
    fp=0.2388 tp=0.6742  [0.0s]
  rho=0.20635 (36/36)  [extra 16/50]
    fp=0.2691 tp=0.7079  [0.0s]
  rho=0.18280 (37/37)  [extra 17/50]
    fp=0.3063 tp=0.7528  [0.0s]
  FPR 0.3063 >= fp_end=0.3; stopping after 37 fits
  grid extended by 17 points down to rho=0.18280, ending at FPR 0.3063

(p=100, n=50) over 28 replicates
  t+lasso  (run_em_diagonal):    AUC = 0.198 (SE 0.003)
  ~t+lasso (run_em_exact):       AUC = 0.198 (SE 0.003)
  tlasso   (run_tlasso):         AUC = 0.148 (SE 0.003)
  t*lasso  (run_tstar_varlasso): AUC = 0.195 (SE 0.003)
  glasso   (graphical_lasso):    AUC = 0.147 (SE 0.003)
Replicate 29/50
  Theta: 115/4950 edges
  pilot fit of run_tlasso at rho=30.34854
  -> rho_max = max|S_ij| (off-diag) = 204.04497
  rho grid: [204.0449705  180.75666312 160.126325   141.85059359 125.66073006
 111.31866762  98.6135108   87.3584343   77.38793581  68.55540231
  60.73095421  53.79953549  47.65922183  42.21972187  37.40104951
  33.13234768  29.3508465   26.00094019  23.03336943  20.40449705]
Running run_tlasso over 20 rho values, extending until FPR >= 0.3...
  rho=204.04497 (1/20)
    fp=0.0002 tp=0.0000  [0.1s]
   nu  = 3.0000
  rho=180.75666 (2/20)
    fp=0.0002 tp=0.0000  [0.1s]
   nu  = 3.0000
  rho=160.12633 (3/20)
    fp=0.0002 tp=0.0000  [0.1s]
   nu  = 3.0000
  rho=141.85059 (4/20)
    fp=0.0002 tp=0.0000  [0.1s]
   nu  = 3.0000
  rho=125.66073 (5/20)
    fp=0.0002 tp=0.0000  [0.1s]
   nu  = 3.0000
  rho=111.31867 (6/20)
    fp=0.0002 tp=0.0000  [0.1s]
   nu  = 3.0000
  rho=98.61351 (7/20)
    fp=0.0002 tp=0.0000  [0.1s]
   nu  = 3.0000
  rho=87.35843 (8/20)
    fp=0.0002 tp=0.0000  [0.1s]
   nu  = 3.0000
  rho=77.38794 (9/20)
    fp=0.0006 tp=0.0000  [0.1s]
   nu  = 3.0000
  rho=68.55540 (10/20)
    fp=0.0008 tp=0.0000  [0.1s]
   nu  = 3.0000
  rho=60.73095 (11/20)
    fp=0.0014 tp=0.0000  [0.1s]
   nu  = 3.0000
  rho=53.79954 (12/20)
    fp=0.0027 tp=0.0000  [0.0s]
   nu  = 3.0000
  rho=47.65922 (13/20)
    fp=0.0033 tp=0.0000  [0.1s]
   nu  = 3.0000
  rho=42.21972 (14/20)
    fp=0.0039 tp=0.0000  [0.1s]
   nu  = 3.0000
  rho=37.40105 (15/20)
    fp=0.0043 tp=0.0000  [0.1s]
   nu  = 3.0000
  rho=33.13235 (16/20)
    fp=0.0054 tp=0.0000  [0.1s]
   nu  = 3.0000
  rho=29.35085 (17/20)
    fp=0.0064 tp=0.0000  [0.1s]
   nu  = 3.0000
  rho=26.00094 (18/20)
    fp=0.0085 tp=0.0000  [0.1s]
   nu  = 3.0000
  rho=23.03337 (19/20)
    fp=0.0103 tp=0.0174  [0.1s]
   nu  = 3.0000
  rho=20.40450 (20/20)
    fp=0.0112 tp=0.0261  [0.1s]
   nu  = 3.0000
  rho=18.07567 (21/21)  [extra 1/50]
    fp=0.0116 tp=0.0435  [0.1s]
   nu  = 3.0000
  rho=16.01263 (22/22)  [extra 2/50]
    fp=0.0120 tp=0.0522  [0.1s]
   nu  = 3.0000
  rho=14.18506 (23/23)  [extra 3/50]
    fp=0.0139 tp=0.0522  [0.1s]
   nu  = 3.0000
  rho=12.56607 (24/24)  [extra 4/50]
    fp=0.0170 tp=0.0696  [0.2s]
   nu  = 3.0000
  rho=11.13187 (25/25)  [extra 5/50]
    fp=0.0213 tp=0.0783  [0.1s]
   nu  = 3.0000
  rho=9.86135 (26/26)  [extra 6/50]
    fp=0.0252 tp=0.1043  [0.1s]
   nu  = 3.0000
  rho=8.73584 (27/27)  [extra 7/50]
    fp=0.0319 tp=0.1391  [0.1s]
   nu  = 3.0000
  rho=7.73879 (28/28)  [extra 8/50]
    fp=0.0376 tp=0.1652  [0.1s]
   nu  = 3.0000
  rho=6.85554 (29/29)  [extra 9/50]
    fp=0.0432 tp=0.1913  [0.1s]
   nu  = 3.0000
  rho=6.07310 (30/30)  [extra 10/50]
    fp=0.0546 tp=0.2000  [0.1s]
   nu  = 3.0000
  rho=5.37995 (31/31)  [extra 11/50]
    fp=0.0724 tp=0.2696  [0.1s]
   nu  = 3.0000
  rho=4.76592 (32/32)  [extra 12/50]
    fp=0.0925 tp=0.3130  [0.2s]
   nu  = 3.0000
  rho=4.22197 (33/33)  [extra 13/50]
    fp=0.1166 tp=0.3391  [0.2s]
   nu  = 3.0000
  rho=3.74010 (34/34)  [extra 14/50]
    fp=0.1421 tp=0.4783  [0.2s]
   nu  = 3.0000
  rho=3.31323 (35/35)  [extra 15/50]
    fp=0.1748 tp=0.5217  [0.2s]
   nu  = 3.0000
  rho=2.93508 (36/36)  [extra 16/50]
    fp=0.2126 tp=0.5739  [0.2s]
   nu  = 3.0000
  rho=2.60009 (37/37)  [extra 17/50]
    fp=0.2556 tp=0.6174  [0.3s]
   nu  = 3.0000
  rho=2.30334 (38/38)  [extra 18/50]
    fp=0.2945 tp=0.6696  [0.3s]
   nu  = 3.0000
  rho=2.04045 (39/39)  [extra 19/50]
    fp=0.3336 tp=0.7217  [0.3s]
   nu  = 3.0000
  FPR 0.3336 >= fp_end=0.3; stopping after 39 fits
  grid extended by 19 points down to rho=2.04045, ending at FPR 0.3336
  pilot fit of run_tstar_varlasso at rho=0.30349
  -> rho_max = max|S_ij| (off-diag) = 0.67026
  rho grid: [0.67026096 0.59376192 0.52599397 0.46596059 0.41277901 0.36566722
 0.32393245 0.286961   0.25420922 0.2251955  0.19949322 0.17672442
 0.15655429 0.13868625 0.12285754 0.10883542 0.09641368 0.08540968
 0.0756616  0.0670261 ]
Running run_tstar_varlasso over 20 rho values, extending until FPR >= 0.3...
  rho=0.67026 (1/20)
    fp=0.0000 tp=0.0087  [0.1s]
   nu  = 3.0000
  rho=0.59376 (2/20)
    fp=0.0002 tp=0.0261  [0.0s]
   nu  = 3.0000
  rho=0.52599 (3/20)
    fp=0.0002 tp=0.0261  [0.0s]
   nu  = 3.0000
  rho=0.46596 (4/20)
    fp=0.0010 tp=0.0435  [0.0s]
   nu  = 3.0000
  rho=0.41278 (5/20)
    fp=0.0029 tp=0.0870  [0.0s]
   nu  = 3.0000
  rho=0.36567 (6/20)
    fp=0.0041 tp=0.0957  [0.1s]
   nu  = 3.0000
  rho=0.32393 (7/20)
    fp=0.0072 tp=0.1304  [0.1s]
   nu  = 3.0000
  rho=0.28696 (8/20)
    fp=0.0124 tp=0.1739  [0.1s]
   nu  = 3.0000
  rho=0.25421 (9/20)
    fp=0.0203 tp=0.2174  [0.1s]
   nu  = 3.0000
  rho=0.22520 (10/20)
    fp=0.0321 tp=0.2870  [0.1s]
   nu  = 3.0000
  rho=0.19949 (11/20)
    fp=0.0428 tp=0.3391  [0.1s]
   nu  = 3.0000
  rho=0.17672 (12/20)
    fp=0.0581 tp=0.3913  [0.1s]
   nu  = 3.0000
  rho=0.15655 (13/20)
    fp=0.0763 tp=0.5130  [0.1s]
   nu  = 3.0000
  rho=0.13869 (14/20)
    fp=0.0937 tp=0.5652  [0.1s]
   nu  = 3.0000
  rho=0.12286 (15/20)
    fp=0.1173 tp=0.6174  [0.1s]
   nu  = 3.0000
  rho=0.10884 (16/20)
    fp=0.1431 tp=0.6783  [0.1s]
   nu  = 3.0000
  rho=0.09641 (17/20)
    fp=0.1671 tp=0.7217  [0.1s]
   nu  = 3.0000
  rho=0.08541 (18/20)
    fp=0.1932 tp=0.7478  [0.1s]
   nu  = 3.0000
  rho=0.07566 (19/20)
    fp=0.2194 tp=0.7913  [0.1s]
   nu  = 3.0000
  rho=0.06703 (20/20)
    fp=0.2436 tp=0.8087  [0.1s]
   nu  = 3.0000
  rho=0.05938 (21/21)  [extra 1/50]
    fp=0.2666 tp=0.8261  [0.1s]
   nu  = 3.0000
  rho=0.05260 (22/22)  [extra 2/50]
    fp=0.2922 tp=0.8435  [0.1s]
   nu  = 3.0000
  rho=0.04660 (23/23)  [extra 3/50]
    fp=0.3131 tp=0.8696  [0.1s]
   nu  = 3.0000
  FPR 0.3131 >= fp_end=0.3; stopping after 23 fits
  grid extended by 3 points down to rho=0.04660, ending at FPR 0.3131
  pilot fit of run_em_diagonal at rho=0.30349
  -> rho_max = max|S_ij| (off-diag) = 0.80717
  rho grid: [0.80717281 0.71504759 0.63343691 0.56114072 0.49709593 0.44036078
 0.39010099 0.34557751 0.30613564 0.2711954  0.240243   0.21282329
 0.18853309 0.1670152  0.14795322 0.13106684 0.11610776 0.10285601
 0.09111673 0.08071728]
Running run_em_diagonal over 20 rho values, extending until FPR >= 0.3...
  rho=0.80717 (1/20)
    fp=0.0002 tp=0.0261  [5.9s]
   median nu  = 0.083
   median |eta| = 2.768
  rho=0.71505 (2/20)
    fp=0.0004 tp=0.0348  [5.9s]
   median nu  = 0.099
   median |eta| = 2.439
  rho=0.63344 (3/20)
    fp=0.0014 tp=0.0435  [6.0s]
   median nu  = 0.119
   median |eta| = 1.983
  rho=0.56114 (4/20)
    fp=0.0027 tp=0.0522  [6.0s]
   median nu  = 0.142
   median |eta| = 1.89
  rho=0.49710 (5/20)
    fp=0.0052 tp=0.0870  [5.8s]
   median nu  = 0.176
   median |eta| = 1.492
  rho=0.44036 (6/20)
    fp=0.0068 tp=0.1217  [5.8s]
   median nu  = 0.217
   median |eta| = 1.391
  rho=0.39010 (7/20)
    fp=0.0110 tp=0.1565  [5.7s]
   median nu  = 0.255
   median |eta| = 1.234
  rho=0.34558 (8/20)
    fp=0.0192 tp=0.2000  [5.6s]
   median nu  = 0.301
   median |eta| = 0.884
  rho=0.30614 (9/20)
    fp=0.0256 tp=0.2696  [5.6s]
   median nu  = 0.352
   median |eta| = 0.701
  rho=0.27120 (10/20)
    fp=0.0345 tp=0.3217  [5.5s]
   median nu  = 0.39
   median |eta| = 0.619
  rho=0.24024 (11/20)
    fp=0.0441 tp=0.3739  [5.5s]
   median nu  = 0.455
   median |eta| = 0.409
  rho=0.21282 (12/20)
    fp=0.0587 tp=0.4174  [5.4s]
   median nu  = 0.517
   median |eta| = 0.327
  rho=0.18853 (13/20)
    fp=0.0751 tp=0.4957  [5.3s]
   median nu  = 0.609
   median |eta| = 0.278
  rho=0.16702 (14/20)
    fp=0.0927 tp=0.5652  [5.2s]
   median nu  = 0.699
   median |eta| = 0.245
  rho=0.14795 (15/20)
    fp=0.1082 tp=0.6174  [5.2s]
   median nu  = 0.76
   median |eta| = 0.2
  rho=0.13107 (16/20)
    fp=0.1245 tp=0.6696  [5.1s]
   median nu  = 0.856
   median |eta| = 0.143
  rho=0.11611 (17/20)
    fp=0.1429 tp=0.6957  [5.0s]
   median nu  = 0.974
   median |eta| = 0.116
  rho=0.10286 (18/20)
    fp=0.1580 tp=0.7217  [5.0s]
   median nu  = 1.076
   median |eta| = 0.093
  rho=0.09112 (19/20)
    fp=0.1779 tp=0.7478  [5.0s]
   median nu  = 1.179
   median |eta| = 0.08
  rho=0.08072 (20/20)
    fp=0.1961 tp=0.7652  [4.9s]
   median nu  = 1.267
   median |eta| = 0.067
  rho=0.07150 (21/21)  [extra 1/50]
    fp=0.2095 tp=0.7652  [5.1s]
   median nu  = 1.351
   median |eta| = 0.054
  rho=0.06334 (22/22)  [extra 2/50]
    fp=0.2259 tp=0.7913  [5.4s]
   median nu  = 1.447
   median |eta| = 0.041
  rho=0.05611 (23/23)  [extra 3/50]
    fp=0.2372 tp=0.8087  [5.3s]
   median nu  = 1.566
   median |eta| = 0.032
  rho=0.04971 (24/24)  [extra 4/50]
    fp=0.2536 tp=0.8261  [5.2s]
   median nu  = 1.661
   median |eta| = 0.025
  rho=0.04404 (25/25)  [extra 5/50]
    fp=0.2676 tp=0.8435  [5.7s]
   median nu  = 1.769
   median |eta| = 0.02
  rho=0.03901 (26/26)  [extra 6/50]
    fp=0.2800 tp=0.8348  [5.3s]
   median nu  = 1.896
   median |eta| = 0.017
  rho=0.03456 (27/27)  [extra 7/50]
    fp=0.2893 tp=0.8348  [5.6s]
   median nu  = 2.006
   median |eta| = 0.014
  rho=0.03061 (28/28)  [extra 8/50]
    fp=0.3038 tp=0.8261  [5.3s]
   median nu  = 2.146
   median |eta| = 0.011
  FPR 0.3038 >= fp_end=0.3; stopping after 28 fits
  grid extended by 8 points down to rho=0.03061, ending at FPR 0.3038
  pilot fit of run_em_exact at rho=0.30349
  -> rho_max = max|S_ij| (off-diag) = 0.81085
  rho grid: [0.81085378 0.71830844 0.63632559 0.56369971 0.49936285 0.44236897
 0.39187998 0.34715346 0.30753172 0.27243214 0.24133858 0.21379384
 0.18939286 0.16777684 0.14862793 0.13166455 0.11663725 0.10332507
 0.09153225 0.08108538]
Running run_em_exact over 20 rho values, extending until FPR >= 0.3...
  rho=0.81085 (1/20)
    fp=0.0002 tp=0.0261  [6.2s]
   median nu  = 0.083
   median |eta| = 2.65
  rho=0.71831 (2/20)
    fp=0.0004 tp=0.0348  [6.1s]
   median nu  = 0.099
   median |eta| = 2.324
  rho=0.63633 (3/20)
    fp=0.0014 tp=0.0435  [6.0s]
   median nu  = 0.118
   median |eta| = 1.914
  rho=0.56370 (4/20)
    fp=0.0027 tp=0.0522  [6.3s]
   median nu  = 0.141
   median |eta| = 1.727
  rho=0.49936 (5/20)
    fp=0.0048 tp=0.0870  [6.0s]
   median nu  = 0.175
   median |eta| = 1.463
  rho=0.44237 (6/20)
    fp=0.0068 tp=0.1217  [5.8s]
   median nu  = 0.219
   median |eta| = 1.187
  rho=0.39188 (7/20)
    fp=0.0110 tp=0.1565  [5.7s]
   median nu  = 0.258
   median |eta| = 0.976
  rho=0.34715 (8/20)
    fp=0.0184 tp=0.2000  [5.6s]
   median nu  = 0.305
   median |eta| = 0.757
  rho=0.30753 (9/20)
    fp=0.0261 tp=0.2696  [5.5s]
   median nu  = 0.368
   median |eta| = 0.619
  rho=0.27243 (10/20)
    fp=0.0350 tp=0.3217  [5.3s]
   median nu  = 0.425
   median |eta| = 0.414
  rho=0.24134 (11/20)
    fp=0.0455 tp=0.3826  [6.2s]
   median nu  = 0.499
   median |eta| = 0.315
  rho=0.21379 (12/20)
    fp=0.0608 tp=0.4261  [5.1s]
   median nu  = 0.572
   median |eta| = 0.222
  rho=0.18939 (13/20)
    fp=0.0769 tp=0.4957  [5.2s]
   median nu  = 0.655
   median |eta| = 0.166
  rho=0.16778 (14/20)
    fp=0.0953 tp=0.5565  [5.1s]
   median nu  = 0.757
   median |eta| = 0.126
  rho=0.14863 (15/20)
    fp=0.1121 tp=0.6261  [5.1s]
   median nu  = 0.839
   median |eta| = 0.091
  rho=0.13166 (16/20)
    fp=0.1293 tp=0.6609  [5.3s]
   median nu  = 0.922
   median |eta| = 0.072
  rho=0.11664 (17/20)
    fp=0.1452 tp=0.7043  [5.2s]
   median nu  = 1.021
   median |eta| = 0.057
  rho=0.10333 (18/20)
    fp=0.1599 tp=0.7304  [4.9s]
   median nu  = 1.121
   median |eta| = 0.046
  rho=0.09153 (19/20)
    fp=0.1783 tp=0.7565  [5.3s]
   median nu  = 1.23
   median |eta| = 0.035
  rho=0.08109 (20/20)
    fp=0.1959 tp=0.7739  [5.1s]
   median nu  = 1.344
   median |eta| = 0.026
  rho=0.07183 (21/21)  [extra 1/50]
    fp=0.2137 tp=0.7739  [4.7s]
   median nu  = 1.468
   median |eta| = 0.02
  rho=0.06363 (22/22)  [extra 2/50]
    fp=0.2292 tp=0.7913  [3.9s]
   median nu  = 1.572
   median |eta| = 0.015
  rho=0.05637 (23/23)  [extra 3/50]
    fp=0.2455 tp=0.8000  [3.3s]
   median nu  = 1.688
   median |eta| = 0.012
  rho=0.04994 (24/24)  [extra 4/50]
    fp=0.2592 tp=0.8174  [2.3s]
   median nu  = 1.804
   median |eta| = 0.01
  rho=0.04424 (25/25)  [extra 5/50]
    fp=0.2738 tp=0.8522  [1.9s]
   median nu  = 1.921
   median |eta| = 0.007
  rho=0.03919 (26/26)  [extra 6/50]
    fp=0.2869 tp=0.8522  [1.8s]
   median nu  = 2.062
   median |eta| = 0.006
  rho=0.03472 (27/27)  [extra 7/50]
    fp=0.2968 tp=0.8435  [2.0s]
   median nu  = 2.18
   median |eta| = 0.005
  rho=0.03075 (28/28)  [extra 8/50]
    fp=0.3061 tp=0.8522  [2.0s]
   median nu  = 2.282
   median |eta| = 0.003
  FPR 0.3061 >= fp_end=0.3; stopping after 28 fits
  grid extended by 8 points down to rho=0.03075, ending at FPR 0.3061
  graphical_lasso rho_max = max|S_ij| (off-diag) = 14.36400
  rho grid: [14.3640017  12.72459209 11.27229355  9.98575051  8.84604475  7.83641727
  6.94202182  6.14970659  5.44782084  4.82604356  4.27523172  3.7872858
  3.35503072  2.97211029  2.63289381  2.33239318  2.06618966  1.83036881
  1.62146294  1.43640017]
Running graphical_lasso over 20 rho values, extending until FPR >= 0.3...
  rho=14.36400 (1/20)
    fp=0.0000 tp=0.0000  [0.0s]
  rho=12.72459 (2/20)
    fp=0.0002 tp=0.0000  [0.0s]
  rho=11.27229 (3/20)
    fp=0.0002 tp=0.0000  [0.0s]
  rho=9.98575 (4/20)
    fp=0.0002 tp=0.0000  [0.0s]
  rho=8.84604 (5/20)
    fp=0.0002 tp=0.0000  [5.3s]
  rho=7.83642 (6/20)
    fp=0.0002 tp=0.0000  [0.0s]
  rho=6.94202 (7/20)
    fp=0.0002 tp=0.0000  [0.0s]
  rho=6.14971 (8/20)
    fp=0.0002 tp=0.0000  [0.0s]
  rho=5.44782 (9/20)
    fp=0.0008 tp=0.0000  [0.0s]
  rho=4.82604 (10/20)
    fp=0.0008 tp=0.0000  [0.0s]
  rho=4.27523 (11/20)
    fp=0.0023 tp=0.0000  [0.0s]
  rho=3.78729 (12/20)
    fp=0.0027 tp=0.0000  [0.0s]
  rho=3.35503 (13/20)
    fp=0.0037 tp=0.0000  [0.0s]
  rho=2.97211 (14/20)
    fp=0.0039 tp=0.0000  [0.0s]
  rho=2.63289 (15/20)
    fp=0.0043 tp=0.0000  [0.0s]
  rho=2.33239 (16/20)
    fp=0.0056 tp=0.0000  [0.0s]
  rho=2.06619 (17/20)
    fp=0.0066 tp=0.0000  [5.5s]
  rho=1.83037 (18/20)
    fp=0.0081 tp=0.0087  [5.6s]
  rho=1.62146 (19/20)
    fp=0.0105 tp=0.0174  [0.0s]
  rho=1.43640 (20/20)
    fp=0.0122 tp=0.0261  [0.0s]
  rho=1.27246 (21/21)  [extra 1/50]
    fp=0.0130 tp=0.0348  [0.0s]
  rho=1.12723 (22/22)  [extra 2/50]
    fp=0.0145 tp=0.0783  [5.6s]
  rho=0.99858 (23/23)  [extra 3/50]
    fp=0.0168 tp=0.0783  [0.0s]
  rho=0.88460 (24/24)  [extra 4/50]
    fp=0.0213 tp=0.0957  [0.0s]
  rho=0.78364 (25/25)  [extra 5/50]
    fp=0.0271 tp=0.1043  [0.0s]
  rho=0.69420 (26/26)  [extra 6/50]
    fp=0.0339 tp=0.1304  [0.0s]
  rho=0.61497 (27/27)  [extra 7/50]
    fp=0.0420 tp=0.1739  [0.1s]
  rho=0.54478 (28/28)  [extra 8/50]
    fp=0.0554 tp=0.2000  [0.1s]
  rho=0.48260 (29/29)  [extra 9/50]
    fp=0.0711 tp=0.2261  [0.0s]
  rho=0.42752 (30/30)  [extra 10/50]
    fp=0.0914 tp=0.3130  [0.0s]
  rho=0.37873 (31/31)  [extra 11/50]
    fp=0.1127 tp=0.3826  [0.0s]
  rho=0.33550 (32/32)  [extra 12/50]
    fp=0.1355 tp=0.4522  [0.1s]
  rho=0.29721 (33/33)  [extra 13/50]
    fp=0.1632 tp=0.5217  [0.0s]
  rho=0.26329 (34/34)  [extra 14/50]
    fp=0.1934 tp=0.5217  [0.0s]
  rho=0.23324 (35/35)  [extra 15/50]
    fp=0.2267 tp=0.5565  [0.0s]
  rho=0.20662 (36/36)  [extra 16/50]
    fp=0.2600 tp=0.6087  [0.0s]
  rho=0.18304 (37/37)  [extra 17/50]
    fp=0.2906 tp=0.6522  [0.0s]
  rho=0.16215 (38/38)  [extra 18/50]
    fp=0.3243 tp=0.6870  [0.1s]
  FPR 0.3243 >= fp_end=0.3; stopping after 38 fits
  [note] 4/38 fits hit a glasso ConvergenceWarning (suppressed)
  grid extended by 18 points down to rho=0.16215, ending at FPR 0.3243

(p=100, n=50) over 29 replicates
  t+lasso  (run_em_diagonal):    AUC = 0.197 (SE 0.003)
  ~t+lasso (run_em_exact):       AUC = 0.198 (SE 0.003)
  tlasso   (run_tlasso):         AUC = 0.147 (SE 0.003)
  t*lasso  (run_tstar_varlasso): AUC = 0.194 (SE 0.003)
  glasso   (graphical_lasso):    AUC = 0.146 (SE 0.003)
Replicate 30/50
  Theta: 95/4950 edges
  pilot fit of run_tlasso at rho=30.34854
  -> rho_max = max|S_ij| (off-diag) = 70.87457
  rho grid: [70.87457163 62.78542929 55.61952673 49.27149163 43.64797815 38.66629431
 34.25318604 30.34375998 26.88052926 23.81256818 21.09476335 18.6871503
 16.55432586 14.66492751 12.99117227 11.50844808 10.19495196  9.03136938
  8.0005902   7.08745716]
Running run_tlasso over 20 rho values, extending until FPR >= 0.3...
  rho=70.87457 (1/20)
    fp=0.0002 tp=0.0000  [0.1s]
   nu  = 3.0000
  rho=62.78543 (2/20)
    fp=0.0002 tp=0.0000  [0.1s]
   nu  = 3.0000
  rho=55.61953 (3/20)
    fp=0.0004 tp=0.0000  [0.1s]
   nu  = 3.0000
  rho=49.27149 (4/20)
    fp=0.0006 tp=0.0000  [0.1s]
   nu  = 3.0000
  rho=43.64798 (5/20)
    fp=0.0006 tp=0.0000  [0.1s]
   nu  = 3.0000
  rho=38.66629 (6/20)
    fp=0.0006 tp=0.0000  [0.1s]
   nu  = 3.0000
  rho=34.25319 (7/20)
    fp=0.0006 tp=0.0000  [0.1s]
   nu  = 3.0000
  rho=30.34376 (8/20)
    fp=0.0008 tp=0.0000  [0.1s]
   nu  = 3.0000
  rho=26.88053 (9/20)
    fp=0.0012 tp=0.0000  [0.1s]
   nu  = 3.0000
  rho=23.81257 (10/20)
    fp=0.0021 tp=0.0000  [0.1s]
   nu  = 3.0000
  rho=21.09476 (11/20)
    fp=0.0023 tp=0.0000  [0.1s]
   nu  = 3.0000
  rho=18.68715 (12/20)
    fp=0.0035 tp=0.0000  [0.1s]
   nu  = 3.0000
  rho=16.55433 (13/20)
    fp=0.0045 tp=0.0000  [0.1s]
   nu  = 3.0000
  rho=14.66493 (14/20)
    fp=0.0068 tp=0.0105  [0.1s]
   nu  = 3.0000
  rho=12.99117 (15/20)
    fp=0.0087 tp=0.0316  [0.1s]
   nu  = 3.0000
  rho=11.50845 (16/20)
    fp=0.0115 tp=0.0632  [0.1s]
   nu  = 3.0000
  rho=10.19495 (17/20)
    fp=0.0154 tp=0.0632  [0.1s]
   nu  = 3.0000
  rho=9.03137 (18/20)
    fp=0.0214 tp=0.0632  [0.1s]
   nu  = 3.0000
  rho=8.00059 (19/20)
    fp=0.0297 tp=0.0842  [0.1s]
   nu  = 3.0000
  rho=7.08746 (20/20)
    fp=0.0379 tp=0.1053  [0.1s]
   nu  = 3.0000
  rho=6.27854 (21/21)  [extra 1/50]
    fp=0.0501 tp=0.1263  [0.1s]
   nu  = 3.0000
  rho=5.56195 (22/22)  [extra 2/50]
    fp=0.0682 tp=0.1789  [0.2s]
   nu  = 3.0000
  rho=4.92715 (23/23)  [extra 3/50]
    fp=0.0890 tp=0.2421  [0.2s]
   nu  = 3.0000
  rho=4.36480 (24/24)  [extra 4/50]
    fp=0.1172 tp=0.3263  [0.2s]
   nu  = 3.0000
  rho=3.86663 (25/25)  [extra 5/50]
    fp=0.1477 tp=0.3684  [0.2s]
   nu  = 3.0000
  rho=3.42532 (26/26)  [extra 6/50]
    fp=0.1827 tp=0.4737  [0.3s]
   nu  = 3.0000
  rho=3.03438 (27/27)  [extra 7/50]
    fp=0.2255 tp=0.5368  [0.3s]
   nu  = 3.0000
  rho=2.68805 (28/28)  [extra 8/50]
    fp=0.2715 tp=0.5684  [0.3s]
   nu  = 3.0000
  rho=2.38126 (29/29)  [extra 9/50]
    fp=0.3098 tp=0.6000  [0.4s]
   nu  = 3.0000
  FPR 0.3098 >= fp_end=0.3; stopping after 29 fits
  grid extended by 9 points down to rho=2.38126, ending at FPR 0.3098
  pilot fit of run_tstar_varlasso at rho=0.30349
  -> rho_max = max|S_ij| (off-diag) = 0.66743
  rho grid: [0.66743114 0.59125508 0.52377324 0.46399332 0.41103628 0.36412339
 0.32256482 0.28574946 0.25313596 0.22424474 0.19865096 0.17597829
 0.15589333 0.13810072 0.12233884 0.10837592 0.09600663 0.08504908
 0.07534216 0.06674311]
Running run_tstar_varlasso over 20 rho values, extending until FPR >= 0.3...
  rho=0.66743 (1/20)
    fp=0.0002 tp=0.0000  [0.1s]
   nu  = 3.0000
  rho=0.59126 (2/20)
    fp=0.0004 tp=0.0421  [0.1s]
   nu  = 3.0000
  rho=0.52377 (3/20)
    fp=0.0006 tp=0.0526  [0.1s]
   nu  = 3.0000
  rho=0.46399 (4/20)
    fp=0.0019 tp=0.0632  [0.1s]
   nu  = 3.0000
  rho=0.41104 (5/20)
    fp=0.0035 tp=0.0737  [0.1s]
   nu  = 3.0000
  rho=0.36412 (6/20)
    fp=0.0054 tp=0.0947  [0.1s]
   nu  = 3.0000
  rho=0.32256 (7/20)
    fp=0.0126 tp=0.1158  [0.1s]
   nu  = 3.0000
  rho=0.28575 (8/20)
    fp=0.0206 tp=0.1579  [0.1s]
   nu  = 3.0000
  rho=0.25314 (9/20)
    fp=0.0317 tp=0.1895  [0.1s]
   nu  = 3.0000
  rho=0.22424 (10/20)
    fp=0.0457 tp=0.2842  [0.1s]
   nu  = 3.0000
  rho=0.19865 (11/20)
    fp=0.0618 tp=0.3263  [0.1s]
   nu  = 3.0000
  rho=0.17598 (12/20)
    fp=0.0842 tp=0.3895  [0.1s]
   nu  = 3.0000
  rho=0.15589 (13/20)
    fp=0.1059 tp=0.4316  [0.1s]
   nu  = 3.0000
  rho=0.13810 (14/20)
    fp=0.1261 tp=0.4632  [0.1s]
   nu  = 3.0000
  rho=0.12234 (15/20)
    fp=0.1520 tp=0.5158  [0.1s]
   nu  = 3.0000
  rho=0.10838 (16/20)
    fp=0.1798 tp=0.5684  [0.1s]
   nu  = 3.0000
  rho=0.09601 (17/20)
    fp=0.2025 tp=0.6105  [0.1s]
   nu  = 3.0000
  rho=0.08505 (18/20)
    fp=0.2262 tp=0.6316  [0.1s]
   nu  = 3.0000
  rho=0.07534 (19/20)
    fp=0.2426 tp=0.6947  [0.1s]
   nu  = 3.0000
  rho=0.06674 (20/20)
    fp=0.2632 tp=0.7684  [0.1s]
   nu  = 3.0000
  rho=0.05913 (21/21)  [extra 1/50]
    fp=0.2915 tp=0.7684  [0.1s]
   nu  = 3.0000
  rho=0.05238 (22/22)  [extra 2/50]
    fp=0.3145 tp=0.7895  [0.1s]
   nu  = 3.0000
  FPR 0.3145 >= fp_end=0.3; stopping after 22 fits
  grid extended by 2 points down to rho=0.05238, ending at FPR 0.3145
  pilot fit of run_em_diagonal at rho=0.30349
  -> rho_max = max|S_ij| (off-diag) = 0.67942
  rho grid: [0.67942173 0.60187715 0.53318298 0.47232909 0.41842066 0.37066497
 0.32835978 0.29088303 0.25768361 0.22827336 0.20221979 0.17913979
 0.15869399 0.14058174 0.12453669 0.11032292 0.09773141 0.08657701
 0.0766957  0.06794217]
Running run_em_diagonal over 20 rho values, extending until FPR >= 0.3...
  rho=0.67942 (1/20)
    fp=0.0019 tp=0.0421  [5.9s]
   median nu  = 0.201
   median |eta| = 2.128
  rho=0.60188 (2/20)
    fp=0.0029 tp=0.0421  [6.0s]
   median nu  = 0.227
   median |eta| = 1.913
  rho=0.53318 (3/20)
    fp=0.0047 tp=0.0632  [6.2s]
   median nu  = 0.259
   median |eta| = 1.735
  rho=0.47233 (4/20)
    fp=0.0087 tp=0.1053  [5.7s]
   median nu  = 0.292
   median |eta| = 1.57
  rho=0.41842 (5/20)
    fp=0.0140 tp=0.1368  [5.7s]
   median nu  = 0.325
   median |eta| = 1.368
  rho=0.37066 (6/20)
    fp=0.0175 tp=0.1684  [6.2s]
   median nu  = 0.365
   median |eta| = 1.235
  rho=0.32836 (7/20)
    fp=0.0266 tp=0.2000  [5.6s]
   median nu  = 0.408
   median |eta| = 1.075
  rho=0.29088 (8/20)
    fp=0.0395 tp=0.2632  [6.0s]
   median nu  = 0.459
   median |eta| = 0.835
  rho=0.25768 (9/20)
    fp=0.0496 tp=0.2947  [5.9s]
   median nu  = 0.52
   median |eta| = 0.658
  rho=0.22827 (10/20)
    fp=0.0653 tp=0.3474  [5.8s]
   median nu  = 0.568
   median |eta| = 0.53
  rho=0.20222 (11/20)
    fp=0.0830 tp=0.3789  [5.6s]
   median nu  = 0.618
   median |eta| = 0.433
  rho=0.17914 (12/20)
    fp=0.1018 tp=0.4211  [5.6s]
   median nu  = 0.682
   median |eta| = 0.376
  rho=0.15869 (13/20)
    fp=0.1203 tp=0.4316  [6.0s]
   median nu  = 0.726
   median |eta| = 0.293
  rho=0.14058 (14/20)
    fp=0.1364 tp=0.5053  [6.2s]
   median nu  = 0.775
   median |eta| = 0.235
  rho=0.12454 (15/20)
    fp=0.1526 tp=0.5579  [5.4s]
   median nu  = 0.852
   median |eta| = 0.195
  rho=0.11032 (16/20)
    fp=0.1716 tp=0.6105  [5.2s]
   median nu  = 0.919
   median |eta| = 0.171
  rho=0.09773 (17/20)
    fp=0.1874 tp=0.6105  [5.5s]
   median nu  = 0.984
   median |eta| = 0.139
  rho=0.08658 (18/20)
    fp=0.2035 tp=0.6211  [5.6s]
   median nu  = 1.082
   median |eta| = 0.107
  rho=0.07670 (19/20)
    fp=0.2179 tp=0.6737  [5.5s]
   median nu  = 1.19
   median |eta| = 0.076
  rho=0.06794 (20/20)
    fp=0.2369 tp=0.7053  [5.8s]
   median nu  = 1.304
   median |eta| = 0.057
  rho=0.06019 (21/21)  [extra 1/50]
    fp=0.2525 tp=0.7474  [5.8s]
   median nu  = 1.416
   median |eta| = 0.043
  rho=0.05332 (22/22)  [extra 2/50]
    fp=0.2645 tp=0.7789  [5.6s]
   median nu  = 1.511
   median |eta| = 0.033
  rho=0.04723 (23/23)  [extra 3/50]
    fp=0.2814 tp=0.7895  [5.6s]
   median nu  = 1.623
   median |eta| = 0.023
  rho=0.04184 (24/24)  [extra 4/50]
    fp=0.2978 tp=0.7895  [5.6s]
   median nu  = 1.735
   median |eta| = 0.018
  rho=0.03707 (25/25)  [extra 5/50]
    fp=0.3083 tp=0.7895  [5.6s]
   median nu  = 1.844
   median |eta| = 0.017
  FPR 0.3083 >= fp_end=0.3; stopping after 25 fits
  grid extended by 5 points down to rho=0.03707, ending at FPR 0.3083
  pilot fit of run_em_exact at rho=0.30349
  -> rho_max = max|S_ij| (off-diag) = 0.71187
  rho grid: [0.71186908 0.63062118 0.55864636 0.49488626 0.4384033  0.38836692
 0.34404136 0.30477482 0.26998989 0.23917508 0.21187726 0.18769503
 0.16627279 0.14729554 0.13048423 0.11559165 0.1023988  0.0907117
 0.08035848 0.07118691]
Running run_em_exact over 20 rho values, extending until FPR >= 0.3...
  rho=0.71187 (1/20)
    fp=0.0016 tp=0.0316  [6.1s]
   median nu  = 0.185
   median |eta| = 2.146
  rho=0.63062 (2/20)
    fp=0.0027 tp=0.0421  [6.2s]
   median nu  = 0.217
   median |eta| = 1.986
  rho=0.55865 (3/20)
    fp=0.0035 tp=0.0526  [6.2s]
   median nu  = 0.249
   median |eta| = 1.64
  rho=0.49489 (4/20)
    fp=0.0078 tp=0.0947  [5.9s]
   median nu  = 0.287
   median |eta| = 1.401
  rho=0.43840 (5/20)
    fp=0.0111 tp=0.1368  [5.8s]
   median nu  = 0.332
   median |eta| = 1.249
  rho=0.38837 (6/20)
    fp=0.0167 tp=0.1579  [5.8s]
   median nu  = 0.37
   median |eta| = 1.013
  rho=0.34404 (7/20)
    fp=0.0237 tp=0.1895  [5.9s]
   median nu  = 0.405
   median |eta| = 0.827
  rho=0.30477 (8/20)
    fp=0.0338 tp=0.2526  [5.8s]
   median nu  = 0.469
   median |eta| = 0.624
  rho=0.26999 (9/20)
    fp=0.0453 tp=0.2737  [5.7s]
   median nu  = 0.525
   median |eta| = 0.472
  rho=0.23918 (10/20)
    fp=0.0597 tp=0.3368  [5.5s]
   median nu  = 0.578
   median |eta| = 0.38
  rho=0.21188 (11/20)
    fp=0.0791 tp=0.3684  [5.4s]
   median nu  = 0.662
   median |eta| = 0.267
  rho=0.18770 (12/20)
    fp=0.0987 tp=0.4105  [5.2s]
   median nu  = 0.749
   median |eta| = 0.195
  rho=0.16627 (13/20)
    fp=0.1156 tp=0.4526  [5.1s]
   median nu  = 0.818
   median |eta| = 0.146
  rho=0.14730 (14/20)
    fp=0.1324 tp=0.4947  [5.2s]
   median nu  = 0.908
   median |eta| = 0.11
  rho=0.13048 (15/20)
    fp=0.1506 tp=0.5368  [5.5s]
   median nu  = 0.997
   median |eta| = 0.079
  rho=0.11559 (16/20)
    fp=0.1695 tp=0.6000  [4.8s]
   median nu  = 1.092
   median |eta| = 0.061
  rho=0.10240 (17/20)
    fp=0.1864 tp=0.6105  [4.1s]
   median nu  = 1.185
   median |eta| = 0.049
  rho=0.09071 (18/20)
    fp=0.1996 tp=0.6211  [3.1s]
   median nu  = 1.281
   median |eta| = 0.036
  rho=0.08036 (19/20)
    fp=0.2132 tp=0.6632  [2.6s]
   median nu  = 1.369
   median |eta| = 0.028
  rho=0.07119 (20/20)
    fp=0.2276 tp=0.6842  [2.2s]
   median nu  = 1.47
   median |eta| = 0.022
  rho=0.06306 (21/21)  [extra 1/50]
    fp=0.2476 tp=0.7474  [2.0s]
   median nu  = 1.585
   median |eta| = 0.016
  rho=0.05586 (22/22)  [extra 2/50]
    fp=0.2651 tp=0.7895  [1.8s]
   median nu  = 1.683
   median |eta| = 0.012
  rho=0.04949 (23/23)  [extra 3/50]
    fp=0.2774 tp=0.8105  [1.8s]
   median nu  = 1.804
   median |eta| = 0.008
  rho=0.04384 (24/24)  [extra 4/50]
    fp=0.2869 tp=0.8211  [1.7s]
   median nu  = 1.943
   median |eta| = 0.007
  rho=0.03884 (25/25)  [extra 5/50]
    fp=0.2999 tp=0.8421  [1.6s]
   median nu  = 2.079
   median |eta| = 0.005
  rho=0.03440 (26/26)  [extra 6/50]
    fp=0.3116 tp=0.8526  [1.5s]
   median nu  = 2.209
   median |eta| = 0.004
  FPR 0.3116 >= fp_end=0.3; stopping after 26 fits
  grid extended by 6 points down to rho=0.03440, ending at FPR 0.3116
  graphical_lasso rho_max = max|S_ij| (off-diag) = 5.73250
  rho grid: [5.7324968  5.07822854 4.49863402 3.98519048 3.5303479  3.12741796
 2.77047571 2.45427243 2.17415844 1.92601476 1.70619251 1.51145928
 1.33895158 1.18613274 1.05075561 0.9308295  0.82459094 0.73047773
 0.64710596 0.57324968]
Running graphical_lasso over 20 rho values, extending until FPR >= 0.3...
  rho=5.73250 (1/20)
    fp=0.0000 tp=0.0000  [0.0s]
  rho=5.07823 (2/20)
    fp=0.0002 tp=0.0000  [0.0s]
  rho=4.49863 (3/20)
    fp=0.0002 tp=0.0000  [5.4s]
  rho=3.98519 (4/20)
    fp=0.0004 tp=0.0000  [0.0s]
  rho=3.53035 (5/20)
    fp=0.0006 tp=0.0000  [0.0s]
  rho=3.12742 (6/20)
    fp=0.0006 tp=0.0000  [5.4s]
  rho=2.77048 (7/20)
    fp=0.0006 tp=0.0000  [0.0s]
  rho=2.45427 (8/20)
    fp=0.0014 tp=0.0000  [0.0s]
  rho=2.17416 (9/20)
    fp=0.0016 tp=0.0000  [5.5s]
  rho=1.92601 (10/20)
    fp=0.0023 tp=0.0000  [5.6s]
  rho=1.70619 (11/20)
    fp=0.0031 tp=0.0000  [0.0s]
  rho=1.51146 (12/20)
    fp=0.0041 tp=0.0000  [5.4s]
  rho=1.33895 (13/20)
    fp=0.0051 tp=0.0000  [0.0s]
  rho=1.18613 (14/20)
    fp=0.0068 tp=0.0000  [5.7s]
  rho=1.05076 (15/20)
    fp=0.0107 tp=0.0000  [5.4s]
  rho=0.93083 (16/20)
    fp=0.0144 tp=0.0421  [5.3s]
  rho=0.82459 (17/20)
    fp=0.0198 tp=0.0737  [0.0s]
  rho=0.73048 (18/20)
    fp=0.0297 tp=0.0842  [0.0s]
  rho=0.64711 (19/20)
    fp=0.0404 tp=0.1053  [0.1s]
  rho=0.57325 (20/20)
    fp=0.0529 tp=0.1263  [0.0s]
  rho=0.50782 (21/21)  [extra 1/50]
    fp=0.0715 tp=0.1789  [0.1s]
  rho=0.44986 (22/22)  [extra 2/50]
    fp=0.0921 tp=0.2316  [0.1s]
  rho=0.39852 (23/23)  [extra 3/50]
    fp=0.1149 tp=0.3158  [0.0s]
  rho=0.35303 (24/24)  [extra 4/50]
    fp=0.1409 tp=0.4000  [0.1s]
  rho=0.31274 (25/25)  [extra 5/50]
    fp=0.1743 tp=0.4316  [0.0s]
  rho=0.27705 (26/26)  [extra 6/50]
    fp=0.2045 tp=0.5053  [0.0s]
  rho=0.24543 (27/27)  [extra 7/50]
    fp=0.2404 tp=0.5263  [0.0s]
  rho=0.21742 (28/28)  [extra 8/50]
    fp=0.2744 tp=0.5895  [0.1s]
  rho=0.19260 (29/29)  [extra 9/50]
    fp=0.3114 tp=0.6000  [0.1s]
  FPR 0.3114 >= fp_end=0.3; stopping after 29 fits
  [note] 8/29 fits hit a glasso ConvergenceWarning (suppressed)
  grid extended by 9 points down to rho=0.19260, ending at FPR 0.3114

(p=100, n=50) over 30 replicates
  t+lasso  (run_em_diagonal):    AUC = 0.196 (SE 0.003)
  ~t+lasso (run_em_exact):       AUC = 0.196 (SE 0.003)
  tlasso   (run_tlasso):         AUC = 0.146 (SE 0.003)
  t*lasso  (run_tstar_varlasso): AUC = 0.193 (SE 0.003)
  glasso   (graphical_lasso):    AUC = 0.145 (SE 0.003)
Replicate 31/50
  Theta: 106/4950 edges
  pilot fit of run_tlasso at rho=30.34854
  -> rho_max = max|S_ij| (off-diag) = 24.75207
  [warn] pilot rho 30.34854 > rho_max 24.75207: it falls off the top of this method's grid
  rho grid: [24.75207141 21.92703805 19.42443482 17.20746173 15.2435189  13.50372716
 11.96250344 10.59718453  9.38769384  8.31624621  7.36708634  6.52625713
  5.78139446  5.12154535  4.53700694  4.01918378  3.56046144  3.15409454
  2.79410761  2.47520714]
Running run_tlasso over 20 rho values, extending until FPR >= 0.3...
  rho=24.75207 (1/20)
    fp=0.0000 tp=0.0000  [0.0s]
   nu  = 3.0000
  rho=21.92704 (2/20)
    fp=0.0000 tp=0.0094  [0.0s]
   nu  = 3.0000
  rho=19.42443 (3/20)
    fp=0.0002 tp=0.0189  [0.1s]
   nu  = 3.0000
  rho=17.20746 (4/20)
    fp=0.0002 tp=0.0189  [0.1s]
   nu  = 3.0000
  rho=15.24352 (5/20)
    fp=0.0010 tp=0.0377  [0.1s]
   nu  = 3.0000
  rho=13.50373 (6/20)
    fp=0.0019 tp=0.0566  [0.1s]
   nu  = 3.0000
  rho=11.96250 (7/20)
    fp=0.0031 tp=0.0660  [0.1s]
   nu  = 3.0000
  rho=10.59718 (8/20)
    fp=0.0047 tp=0.0660  [0.1s]
   nu  = 3.0000
  rho=9.38769 (9/20)
    fp=0.0076 tp=0.0755  [0.1s]
   nu  = 3.0000
  rho=8.31625 (10/20)
    fp=0.0111 tp=0.1132  [0.1s]
   nu  = 3.0000
  rho=7.36709 (11/20)
    fp=0.0161 tp=0.1415  [0.1s]
   nu  = 3.0000
  rho=6.52626 (12/20)
    fp=0.0221 tp=0.2075  [0.1s]
   nu  = 3.0000
  rho=5.78139 (13/20)
    fp=0.0330 tp=0.2642  [0.1s]
   nu  = 3.0000
  rho=5.12155 (14/20)
    fp=0.0481 tp=0.3113  [0.1s]
   nu  = 3.0000
  rho=4.53701 (15/20)
    fp=0.0671 tp=0.4057  [0.1s]
   nu  = 3.0000
  rho=4.01918 (16/20)
    fp=0.0921 tp=0.4623  [0.2s]
   nu  = 3.0000
  rho=3.56046 (17/20)
    fp=0.1220 tp=0.5377  [0.2s]
   nu  = 3.0000
  rho=3.15409 (18/20)
    fp=0.1590 tp=0.5943  [0.3s]
   nu  = 3.0000
  rho=2.79411 (19/20)
    fp=0.1984 tp=0.6415  [0.3s]
   nu  = 3.0000
  rho=2.47521 (20/20)
    fp=0.2399 tp=0.6981  [0.3s]
   nu  = 3.0000
  rho=2.19270 (21/21)  [extra 1/50]
    fp=0.2773 tp=0.7264  [0.3s]
   nu  = 3.0000
  rho=1.94244 (22/22)  [extra 2/50]
    fp=0.3161 tp=0.7453  [0.2s]
   nu  = 3.0000
  FPR 0.3161 >= fp_end=0.3; stopping after 22 fits
  grid extended by 2 points down to rho=1.94244, ending at FPR 0.3161
  pilot fit of run_tstar_varlasso at rho=0.30349
  -> rho_max = max|S_ij| (off-diag) = 0.56971
  rho grid: [0.56971129 0.50468831 0.44708661 0.39605918 0.35085568 0.31081139
 0.27533749 0.24391234 0.21607384 0.19141264 0.1695661  0.15021298
 0.13306869 0.11788113 0.10442698 0.09250839 0.08195011 0.07259688
 0.06431117 0.05697113]
Running run_tstar_varlasso over 20 rho values, extending until FPR >= 0.3...
  rho=0.56971 (1/20)
    fp=0.0000 tp=0.0283  [0.1s]
   nu  = 3.0000
  rho=0.50469 (2/20)
    fp=0.0002 tp=0.0566  [0.1s]
   nu  = 3.0000
  rho=0.44709 (3/20)
    fp=0.0008 tp=0.0849  [0.1s]
   nu  = 3.0000
  rho=0.39606 (4/20)
    fp=0.0023 tp=0.1038  [0.1s]
   nu  = 3.0000
  rho=0.35086 (5/20)
    fp=0.0056 tp=0.1321  [0.1s]
   nu  = 3.0000
  rho=0.31081 (6/20)
    fp=0.0111 tp=0.1981  [0.1s]
   nu  = 3.0000
  rho=0.27534 (7/20)
    fp=0.0153 tp=0.2830  [0.1s]
   nu  = 3.0000
  rho=0.24391 (8/20)
    fp=0.0239 tp=0.3302  [0.1s]
   nu  = 3.0000
  rho=0.21607 (9/20)
    fp=0.0343 tp=0.4057  [0.1s]
   nu  = 3.0000
  rho=0.19141 (10/20)
    fp=0.0518 tp=0.5000  [0.1s]
   nu  = 3.0000
  rho=0.16957 (11/20)
    fp=0.0696 tp=0.5283  [0.1s]
   nu  = 3.0000
  rho=0.15021 (12/20)
    fp=0.0871 tp=0.5755  [0.1s]
   nu  = 3.0000
  rho=0.13307 (13/20)
    fp=0.1100 tp=0.6132  [0.1s]
   nu  = 3.0000
  rho=0.11788 (14/20)
    fp=0.1296 tp=0.6509  [0.1s]
   nu  = 3.0000
  rho=0.10443 (15/20)
    fp=0.1532 tp=0.7075  [0.1s]
   nu  = 3.0000
  rho=0.09251 (16/20)
    fp=0.1782 tp=0.7830  [0.1s]
   nu  = 3.0000
  rho=0.08195 (17/20)
    fp=0.2017 tp=0.7925  [0.1s]
   nu  = 3.0000
  rho=0.07260 (18/20)
    fp=0.2244 tp=0.8019  [0.1s]
   nu  = 3.0000
  rho=0.06431 (19/20)
    fp=0.2471 tp=0.8019  [0.1s]
   nu  = 3.0000
  rho=0.05697 (20/20)
    fp=0.2737 tp=0.8302  [0.1s]
   nu  = 3.0000
  rho=0.05047 (21/21)  [extra 1/50]
    fp=0.2925 tp=0.8302  [0.2s]
   nu  = 3.0000
  rho=0.04471 (22/22)  [extra 2/50]
    fp=0.3140 tp=0.8491  [0.2s]
   nu  = 3.0000
  FPR 0.3140 >= fp_end=0.3; stopping after 22 fits
  grid extended by 2 points down to rho=0.04471, ending at FPR 0.3140
  pilot fit of run_em_diagonal at rho=0.30349
  -> rho_max = max|S_ij| (off-diag) = 0.60735
  rho grid: [0.60734822 0.53802962 0.47662257 0.42222411 0.37403432 0.33134458
 0.29352716 0.26002596 0.23034836 0.20405797 0.18076818 0.16013652
 0.14185963 0.12566873 0.11132576 0.09861979 0.087364   0.07739286
 0.06855977 0.06073482]
Running run_em_diagonal over 20 rho values, extending until FPR >= 0.3...
  rho=0.60735 (1/20)
    fp=0.0002 tp=0.0472  [6.7s]
   median nu  = 0.137
   median |eta| = 2.159
  rho=0.53803 (2/20)
    fp=0.0017 tp=0.1038  [6.5s]
   median nu  = 0.17
   median |eta| = 2.06
  rho=0.47662 (3/20)
    fp=0.0043 tp=0.1321  [6.3s]
   median nu  = 0.207
   median |eta| = 1.701
  rho=0.42222 (4/20)
    fp=0.0078 tp=0.1604  [6.2s]
   median nu  = 0.251
   median |eta| = 1.447
  rho=0.37403 (5/20)
    fp=0.0136 tp=0.2075  [6.2s]
   median nu  = 0.294
   median |eta| = 1.302
  rho=0.33134 (6/20)
    fp=0.0190 tp=0.2830  [6.3s]
   median nu  = 0.334
   median |eta| = 1.207
  rho=0.29353 (7/20)
    fp=0.0273 tp=0.3868  [6.4s]
   median nu  = 0.36
   median |eta| = 1.057
  rho=0.26003 (8/20)
    fp=0.0394 tp=0.4717  [6.0s]
   median nu  = 0.402
   median |eta| = 0.97
  rho=0.23035 (9/20)
    fp=0.0531 tp=0.5189  [6.3s]
   median nu  = 0.45
   median |eta| = 0.895
  rho=0.20406 (10/20)
    fp=0.0692 tp=0.5377  [6.2s]
   median nu  = 0.485
   median |eta| = 0.766
  rho=0.18077 (11/20)
    fp=0.0863 tp=0.6038  [6.1s]
   median nu  = 0.523
   median |eta| = 0.625
  rho=0.16014 (12/20)
    fp=0.1043 tp=0.6321  [5.9s]
   median nu  = 0.561
   median |eta| = 0.535
  rho=0.14186 (13/20)
    fp=0.1199 tp=0.6415  [5.7s]
   median nu  = 0.628
   median |eta| = 0.415
  rho=0.12567 (14/20)
    fp=0.1398 tp=0.6981  [5.9s]
   median nu  = 0.684
   median |eta| = 0.348
  rho=0.11133 (15/20)
    fp=0.1579 tp=0.7453  [5.5s]
   median nu  = 0.74
   median |eta| = 0.257
  rho=0.09862 (16/20)
    fp=0.1753 tp=0.7925  [5.8s]
   median nu  = 0.804
   median |eta| = 0.197
  rho=0.08736 (17/20)
    fp=0.1928 tp=0.7925  [6.2s]
   median nu  = 0.87
   median |eta| = 0.136
  rho=0.07739 (18/20)
    fp=0.2079 tp=0.7925  [6.0s]
   median nu  = 0.963
   median |eta| = 0.114
  rho=0.06856 (19/20)
    fp=0.2234 tp=0.8019  [6.0s]
   median nu  = 1.04
   median |eta| = 0.081
  rho=0.06073 (20/20)
    fp=0.2399 tp=0.8113  [5.8s]
   median nu  = 1.184
   median |eta| = 0.061
  rho=0.05380 (21/21)  [extra 1/50]
    fp=0.2512 tp=0.8113  [5.9s]
   median nu  = 1.288
   median |eta| = 0.046
  rho=0.04766 (22/22)  [extra 2/50]
    fp=0.2645 tp=0.8208  [5.5s]
   median nu  = 1.424
   median |eta| = 0.034
  rho=0.04222 (23/23)  [extra 3/50]
    fp=0.2781 tp=0.8208  [5.9s]
   median nu  = 1.546
   median |eta| = 0.025
  rho=0.03740 (24/24)  [extra 4/50]
    fp=0.2880 tp=0.8302  [5.8s]
   median nu  = 1.687
   median |eta| = 0.02
  rho=0.03313 (25/25)  [extra 5/50]
    fp=0.3008 tp=0.8396  [5.7s]
   median nu  = 1.818
   median |eta| = 0.016
  FPR 0.3008 >= fp_end=0.3; stopping after 25 fits
  grid extended by 5 points down to rho=0.03313, ending at FPR 0.3008
  pilot fit of run_em_exact at rho=0.30349
  -> rho_max = max|S_ij| (off-diag) = 0.61423
  rho grid: [0.61422622 0.54412261 0.48202015 0.42700564 0.37827012 0.33509694
 0.29685125 0.26297066 0.23295698 0.20636885 0.18281531 0.16195001
 0.14346614 0.12709189 0.11258648 0.09973662 0.08835336 0.07826931
 0.06933618 0.06142262]
Running run_em_exact over 20 rho values, extending until FPR >= 0.3...
  rho=0.61423 (1/20)
    fp=0.0002 tp=0.0472  [6.2s]
   median nu  = 0.135
   median |eta| = 2.091
  rho=0.54412 (2/20)
    fp=0.0014 tp=0.1038  [6.2s]
   median nu  = 0.167
   median |eta| = 1.856
  rho=0.48202 (3/20)
    fp=0.0041 tp=0.1226  [6.6s]
   median nu  = 0.207
   median |eta| = 1.678
  rho=0.42701 (4/20)
    fp=0.0074 tp=0.1604  [6.2s]
   median nu  = 0.249
   median |eta| = 1.376
  rho=0.37827 (5/20)
    fp=0.0134 tp=0.2075  [6.3s]
   median nu  = 0.297
   median |eta| = 1.188
  rho=0.33510 (6/20)
    fp=0.0190 tp=0.2925  [5.9s]
   median nu  = 0.342
   median |eta| = 0.937
  rho=0.29685 (7/20)
    fp=0.0273 tp=0.4057  [5.8s]
   median nu  = 0.396
   median |eta| = 0.786
  rho=0.26297 (8/20)
    fp=0.0398 tp=0.4717  [6.0s]
   median nu  = 0.451
   median |eta| = 0.673
  rho=0.23296 (9/20)
    fp=0.0551 tp=0.5283  [5.8s]
   median nu  = 0.495
   median |eta| = 0.566
  rho=0.20637 (10/20)
    fp=0.0716 tp=0.5377  [5.5s]
   median nu  = 0.54
   median |eta| = 0.38
  rho=0.18282 (11/20)
    fp=0.0896 tp=0.5943  [5.5s]
   median nu  = 0.593
   median |eta| = 0.273
  rho=0.16195 (12/20)
    fp=0.1065 tp=0.6415  [5.0s]
   median nu  = 0.654
   median |eta| = 0.189
  rho=0.14347 (13/20)
    fp=0.1235 tp=0.6604  [5.1s]
   median nu  = 0.748
   median |eta| = 0.143
  rho=0.12709 (14/20)
    fp=0.1433 tp=0.7075  [5.0s]
   median nu  = 0.855
   median |eta| = 0.112
  rho=0.11259 (15/20)
    fp=0.1621 tp=0.7547  [5.4s]
   median nu  = 0.953
   median |eta| = 0.08
  rho=0.09974 (16/20)
    fp=0.1806 tp=0.7736  [5.0s]
   median nu  = 1.033
   median |eta| = 0.059
  rho=0.08835 (17/20)
    fp=0.1955 tp=0.8019  [3.4s]
   median nu  = 1.128
   median |eta| = 0.047
  rho=0.07827 (18/20)
    fp=0.2114 tp=0.8113  [2.5s]
   median nu  = 1.264
   median |eta| = 0.033
  rho=0.06934 (19/20)
    fp=0.2256 tp=0.8113  [2.1s]
   median nu  = 1.362
   median |eta| = 0.025
  rho=0.06142 (20/20)
    fp=0.2386 tp=0.8113  [2.0s]
   median nu  = 1.463
   median |eta| = 0.02
  rho=0.05441 (21/21)  [extra 1/50]
    fp=0.2535 tp=0.8302  [1.9s]
   median nu  = 1.575
   median |eta| = 0.014
  rho=0.04820 (22/22)  [extra 2/50]
    fp=0.2678 tp=0.8396  [1.7s]
   median nu  = 1.709
   median |eta| = 0.01
  rho=0.04270 (23/23)  [extra 3/50]
    fp=0.2789 tp=0.8396  [1.6s]
   median nu  = 1.794
   median |eta| = 0.008
  rho=0.03783 (24/24)  [extra 4/50]
    fp=0.2909 tp=0.8491  [1.5s]
   median nu  = 1.921
   median |eta| = 0.005
  rho=0.03351 (25/25)  [extra 5/50]
    fp=0.3041 tp=0.8585  [1.4s]
   median nu  = 2.051
   median |eta| = 0.004
  FPR 0.3041 >= fp_end=0.3; stopping after 25 fits
  grid extended by 5 points down to rho=0.03351, ending at FPR 0.3041
  graphical_lasso rho_max = max|S_ij| (off-diag) = 1.65584
  rho grid: [1.65583546 1.46684964 1.29943339 1.15112488 1.01974331 0.90335673
 0.80025373 0.7089182  0.62800709 0.55633063 0.49283483 0.43658601
 0.38675704 0.34261522 0.30351145 0.26887071 0.23818363 0.21099897
 0.18691698 0.16558355]
Running graphical_lasso over 20 rho values, extending until FPR >= 0.3...
  rho=1.65584 (1/20)
    fp=0.0000 tp=0.0000  [0.0s]
  rho=1.46685 (2/20)
    fp=0.0006 tp=0.0189  [0.0s]
  rho=1.29943 (3/20)
    fp=0.0014 tp=0.0283  [5.3s]
  rho=1.15112 (4/20)
    fp=0.0021 tp=0.0377  [5.6s]
  rho=1.01974 (5/20)
    fp=0.0035 tp=0.0566  [5.4s]
  rho=0.90336 (6/20)
    fp=0.0064 tp=0.0660  [5.3s]
  rho=0.80025 (7/20)
    fp=0.0095 tp=0.0755  [5.5s]
  rho=0.70892 (8/20)
    fp=0.0142 tp=0.1132  [5.4s]
  rho=0.62801 (9/20)
    fp=0.0209 tp=0.1698  [5.6s]
  rho=0.55633 (10/20)
    fp=0.0293 tp=0.2170  [5.4s]
  rho=0.49283 (11/20)
    fp=0.0407 tp=0.2830  [5.6s]
  rho=0.43659 (12/20)
    fp=0.0599 tp=0.3491  [5.4s]
  rho=0.38676 (13/20)
    fp=0.0805 tp=0.4434  [5.6s]
  rho=0.34262 (14/20)
    fp=0.1030 tp=0.4906  [0.0s]
  rho=0.30351 (15/20)
    fp=0.1338 tp=0.5566  [0.0s]
  rho=0.26887 (16/20)
    fp=0.1590 tp=0.6038  [0.1s]
  rho=0.23818 (17/20)
    fp=0.1901 tp=0.6415  [0.0s]
  rho=0.21100 (18/20)
    fp=0.2223 tp=0.6698  [0.0s]
  rho=0.18692 (19/20)
    fp=0.2527 tp=0.7075  [0.0s]
  rho=0.16558 (20/20)
    fp=0.2855 tp=0.7264  [0.1s]
  rho=0.14668 (21/21)  [extra 1/50]
    fp=0.3185 tp=0.7642  [0.1s]
  FPR 0.3185 >= fp_end=0.3; stopping after 21 fits
  [note] 11/21 fits hit a glasso ConvergenceWarning (suppressed)
  grid extended by 1 points down to rho=0.14668, ending at FPR 0.3185

(p=100, n=50) over 31 replicates
  t+lasso  (run_em_diagonal):    AUC = 0.196 (SE 0.003)
  ~t+lasso (run_em_exact):       AUC = 0.197 (SE 0.003)
  tlasso   (run_tlasso):         AUC = 0.146 (SE 0.003)
  t*lasso  (run_tstar_varlasso): AUC = 0.193 (SE 0.003)
  glasso   (graphical_lasso):    AUC = 0.145 (SE 0.003)
Replicate 32/50
  Theta: 107/4950 edges
  pilot fit of run_tlasso at rho=30.34854
  -> rho_max = max|S_ij| (off-diag) = 60.87275
  rho grid: [60.87274862 53.92514644 47.7704964  42.31829633 37.48837334 33.20970497
 29.41937475 26.06164709 23.08714766 20.4521374  18.11786931 16.05001874
 14.21817858 12.59541223 11.1578574   9.88437533  8.75623985  7.75686209
  6.87154652  6.08727486]
Running run_tlasso over 20 rho values, extending until FPR >= 0.3...
  rho=60.87275 (1/20)
    fp=0.0002 tp=0.0000  [0.1s]
   nu  = 3.0000
  rho=53.92515 (2/20)
    fp=0.0004 tp=0.0000  [0.1s]
   nu  = 3.0000
  rho=47.77050 (3/20)
    fp=0.0004 tp=0.0000  [0.1s]
   nu  = 3.0000
  rho=42.31830 (4/20)
    fp=0.0004 tp=0.0000  [0.1s]
   nu  = 3.0000
  rho=37.48837 (5/20)
    fp=0.0006 tp=0.0000  [0.1s]
   nu  = 3.0000
  rho=33.20970 (6/20)
    fp=0.0008 tp=0.0000  [0.1s]
   nu  = 3.0000
  rho=29.41937 (7/20)
    fp=0.0014 tp=0.0000  [0.1s]
   nu  = 3.0000
  rho=26.06165 (8/20)
    fp=0.0017 tp=0.0093  [0.1s]
   nu  = 3.0000
  rho=23.08715 (9/20)
    fp=0.0021 tp=0.0093  [0.1s]
   nu  = 3.0000
  rho=20.45214 (10/20)
    fp=0.0023 tp=0.0093  [0.1s]
   nu  = 3.0000
  rho=18.11787 (11/20)
    fp=0.0035 tp=0.0093  [0.1s]
   nu  = 3.0000
  rho=16.05002 (12/20)
    fp=0.0052 tp=0.0187  [0.1s]
   nu  = 3.0000
  rho=14.21818 (13/20)
    fp=0.0068 tp=0.0187  [0.1s]
   nu  = 3.0000
  rho=12.59541 (14/20)
    fp=0.0095 tp=0.0374  [0.1s]
   nu  = 3.0000
  rho=11.15786 (15/20)
    fp=0.0122 tp=0.0654  [0.1s]
   nu  = 3.0000
  rho=9.88438 (16/20)
    fp=0.0165 tp=0.0935  [0.1s]
   nu  = 3.0000
  rho=8.75624 (17/20)
    fp=0.0229 tp=0.1215  [0.1s]
   nu  = 3.0000
  rho=7.75686 (18/20)
    fp=0.0297 tp=0.1308  [0.1s]
   nu  = 3.0000
  rho=6.87155 (19/20)
    fp=0.0376 tp=0.1963  [0.1s]
   nu  = 3.0000
  rho=6.08727 (20/20)
    fp=0.0487 tp=0.2243  [0.2s]
   nu  = 3.0000
  rho=5.39251 (21/21)  [extra 1/50]
    fp=0.0632 tp=0.2617  [0.2s]
   nu  = 3.0000
  rho=4.77705 (22/22)  [extra 2/50]
    fp=0.0822 tp=0.3458  [0.2s]
   nu  = 3.0000
  rho=4.23183 (23/23)  [extra 3/50]
    fp=0.1063 tp=0.4019  [0.2s]
   nu  = 3.0000
  rho=3.74884 (24/24)  [extra 4/50]
    fp=0.1338 tp=0.4860  [0.2s]
   nu  = 3.0000
  rho=3.32097 (25/25)  [extra 5/50]
    fp=0.1633 tp=0.5888  [0.2s]
   nu  = 3.0000
  rho=2.94194 (26/26)  [extra 6/50]
    fp=0.1970 tp=0.6729  [0.3s]
   nu  = 3.0000
  rho=2.60616 (27/27)  [extra 7/50]
    fp=0.2327 tp=0.7290  [0.3s]
   nu  = 3.0000
  rho=2.30871 (28/28)  [extra 8/50]
    fp=0.2781 tp=0.7383  [0.3s]
   nu  = 3.0000
  rho=2.04521 (29/29)  [extra 9/50]
    fp=0.3161 tp=0.7944  [0.4s]
   nu  = 3.0000
  FPR 0.3161 >= fp_end=0.3; stopping after 29 fits
  grid extended by 9 points down to rho=2.04521, ending at FPR 0.3161
  pilot fit of run_tstar_varlasso at rho=0.30349
  -> rho_max = max|S_ij| (off-diag) = 0.49420
  rho grid: [0.49420489 0.4377997  0.38783221 0.34356768 0.3043552  0.26961816
 0.23884578 0.21158554 0.1874366  0.16604386 0.14709274 0.13030458
 0.1154325  0.10225782 0.0905868  0.08024784 0.0710889  0.06297529
 0.05578772 0.04942049]
Running run_tstar_varlasso over 20 rho values, extending until FPR >= 0.3...
  rho=0.49420 (1/20)
    fp=0.0004 tp=0.0187  [0.1s]
   nu  = 3.0000
  rho=0.43780 (2/20)
    fp=0.0008 tp=0.0374  [0.1s]
   nu  = 3.0000
  rho=0.38783 (3/20)
    fp=0.0021 tp=0.1028  [0.1s]
   nu  = 3.0000
  rho=0.34357 (4/20)
    fp=0.0045 tp=0.1402  [0.1s]
   nu  = 3.0000
  rho=0.30436 (5/20)
    fp=0.0099 tp=0.1682  [0.1s]
   nu  = 3.0000
  rho=0.26962 (6/20)
    fp=0.0161 tp=0.2243  [0.1s]
   nu  = 3.0000
  rho=0.23885 (7/20)
    fp=0.0237 tp=0.3178  [0.1s]
   nu  = 3.0000
  rho=0.21159 (8/20)
    fp=0.0339 tp=0.4393  [0.1s]
   nu  = 3.0000
  rho=0.18744 (9/20)
    fp=0.0471 tp=0.5421  [0.1s]
   nu  = 3.0000
  rho=0.16604 (10/20)
    fp=0.0675 tp=0.5701  [0.1s]
   nu  = 3.0000
  rho=0.14709 (11/20)
    fp=0.0861 tp=0.6355  [0.1s]
   nu  = 3.0000
  rho=0.13030 (12/20)
    fp=0.1065 tp=0.6636  [0.1s]
   nu  = 3.0000
  rho=0.11543 (13/20)
    fp=0.1309 tp=0.7570  [0.1s]
   nu  = 3.0000
  rho=0.10226 (14/20)
    fp=0.1561 tp=0.7850  [0.1s]
   nu  = 3.0000
  rho=0.09059 (15/20)
    fp=0.1815 tp=0.8131  [0.1s]
   nu  = 3.0000
  rho=0.08025 (16/20)
    fp=0.2050 tp=0.8598  [0.1s]
   nu  = 3.0000
  rho=0.07109 (17/20)
    fp=0.2261 tp=0.8879  [0.1s]
   nu  = 3.0000
  rho=0.06298 (18/20)
    fp=0.2476 tp=0.9065  [0.1s]
   nu  = 3.0000
  rho=0.05579 (19/20)
    fp=0.2717 tp=0.9065  [0.1s]
   nu  = 3.0000
  rho=0.04942 (20/20)
    fp=0.2942 tp=0.9159  [0.1s]
   nu  = 3.0000
  rho=0.04378 (21/21)  [extra 1/50]
    fp=0.3172 tp=0.9159  [0.1s]
   nu  = 3.0000
  FPR 0.3172 >= fp_end=0.3; stopping after 21 fits
  grid extended by 1 points down to rho=0.04378, ending at FPR 0.3172
  pilot fit of run_em_diagonal at rho=0.30349
  -> rho_max = max|S_ij| (off-diag) = 0.54594
  rho grid: [0.54594443 0.48363404 0.42843533 0.37953663 0.3362189  0.29784516
 0.26385113 0.23373696 0.20705981 0.18342741 0.16249225 0.14394649
 0.12751741 0.11296344 0.10007056 0.08864919 0.07853137 0.06956833
 0.06162828 0.05459444]
Running run_em_diagonal over 20 rho values, extending until FPR >= 0.3...
  rho=0.54594 (1/20)
    fp=0.0014 tp=0.0374  [6.2s]
   median nu  = 0.224
   median |eta| = 1.613
  rho=0.48363 (2/20)
    fp=0.0033 tp=0.0654  [5.9s]
   median nu  = 0.253
   median |eta| = 1.445
  rho=0.42844 (3/20)
    fp=0.0058 tp=0.1121  [6.7s]
   median nu  = 0.288
   median |eta| = 1.345
  rho=0.37954 (4/20)
    fp=0.0105 tp=0.1776  [6.2s]
   median nu  = 0.332
   median |eta| = 1.221
  rho=0.33622 (5/20)
    fp=0.0165 tp=0.2243  [5.9s]
   median nu  = 0.364
   median |eta| = 1.061
  rho=0.29785 (6/20)
    fp=0.0250 tp=0.3458  [5.6s]
   median nu  = 0.401
   median |eta| = 0.897
  rho=0.26385 (7/20)
    fp=0.0328 tp=0.4206  [6.0s]
   median nu  = 0.436
   median |eta| = 0.712
  rho=0.23374 (8/20)
    fp=0.0465 tp=0.4766  [5.9s]
   median nu  = 0.478
   median |eta| = 0.692
  rho=0.20706 (9/20)
    fp=0.0607 tp=0.5607  [5.7s]
   median nu  = 0.515
   median |eta| = 0.603
  rho=0.18343 (10/20)
    fp=0.0766 tp=0.6262  [5.7s]
   median nu  = 0.578
   median |eta| = 0.452
  rho=0.16249 (11/20)
    fp=0.0944 tp=0.6636  [5.7s]
   median nu  = 0.638
   median |eta| = 0.335
  rho=0.14395 (12/20)
    fp=0.1152 tp=0.7103  [5.4s]
   median nu  = 0.716
   median |eta| = 0.282
  rho=0.12752 (13/20)
    fp=0.1350 tp=0.7570  [5.7s]
   median nu  = 0.795
   median |eta| = 0.196
  rho=0.11296 (14/20)
    fp=0.1559 tp=0.7757  [5.5s]
   median nu  = 0.905
   median |eta| = 0.152
  rho=0.10007 (15/20)
    fp=0.1722 tp=0.8131  [5.5s]
   median nu  = 1.013
   median |eta| = 0.121
  rho=0.08865 (16/20)
    fp=0.1883 tp=0.8505  [5.4s]
   median nu  = 1.086
   median |eta| = 0.098
  rho=0.07853 (17/20)
    fp=0.2040 tp=0.8692  [5.3s]
   median nu  = 1.189
   median |eta| = 0.083
  rho=0.06957 (18/20)
    fp=0.2197 tp=0.8785  [5.5s]
   median nu  = 1.285
   median |eta| = 0.06
  rho=0.06163 (19/20)
    fp=0.2352 tp=0.8879  [5.8s]
   median nu  = 1.368
   median |eta| = 0.043
  rho=0.05459 (20/20)
    fp=0.2531 tp=0.8879  [5.8s]
   median nu  = 1.446
   median |eta| = 0.033
  rho=0.04836 (21/21)  [extra 1/50]
    fp=0.2676 tp=0.8972  [5.7s]
   median nu  = 1.532
   median |eta| = 0.024
  rho=0.04284 (22/22)  [extra 2/50]
    fp=0.2744 tp=0.8972  [5.6s]
   median nu  = 1.63
   median |eta| = 0.018
  rho=0.03795 (23/23)  [extra 3/50]
    fp=0.2880 tp=0.9065  [5.5s]
   median nu  = 1.769
   median |eta| = 0.013
  rho=0.03362 (24/24)  [extra 4/50]
    fp=0.3006 tp=0.9159  [5.5s]
   median nu  = 1.913
   median |eta| = 0.011
  FPR 0.3006 >= fp_end=0.3; stopping after 24 fits
  grid extended by 4 points down to rho=0.03362, ending at FPR 0.3006
  pilot fit of run_em_exact at rho=0.30349
  -> rho_max = max|S_ij| (off-diag) = 0.55131
  rho grid: [0.55131188 0.48838889 0.4326475  0.38326805 0.33952444 0.30077342
 0.26644519 0.23603494 0.20909552 0.18523077 0.16408979 0.1453617
 0.1287711  0.11407404 0.1010544  0.08952074 0.07930345 0.07025229
 0.06223417 0.05513119]
Running run_em_exact over 20 rho values, extending until FPR >= 0.3...
  rho=0.55131 (1/20)
    fp=0.0012 tp=0.0374  [6.2s]
   median nu  = 0.222
   median |eta| = 1.628
  rho=0.48839 (2/20)
    fp=0.0031 tp=0.0561  [6.2s]
   median nu  = 0.257
   median |eta| = 1.476
  rho=0.43265 (3/20)
    fp=0.0056 tp=0.1028  [6.2s]
   median nu  = 0.294
   median |eta| = 1.292
  rho=0.38327 (4/20)
    fp=0.0099 tp=0.1682  [6.0s]
   median nu  = 0.338
   median |eta| = 1.074
  rho=0.33952 (5/20)
    fp=0.0165 tp=0.2243  [5.9s]
   median nu  = 0.381
   median |eta| = 0.897
  rho=0.30077 (6/20)
    fp=0.0244 tp=0.3458  [5.9s]
   median nu  = 0.408
   median |eta| = 0.73
  rho=0.26645 (7/20)
    fp=0.0332 tp=0.4206  [5.7s]
   median nu  = 0.47
   median |eta| = 0.541
  rho=0.23603 (8/20)
    fp=0.0465 tp=0.4766  [5.5s]
   median nu  = 0.53
   median |eta| = 0.394
  rho=0.20910 (9/20)
    fp=0.0607 tp=0.5701  [5.4s]
   median nu  = 0.601
   median |eta| = 0.299
  rho=0.18523 (10/20)
    fp=0.0770 tp=0.6355  [5.3s]
   median nu  = 0.674
   median |eta| = 0.237
  rho=0.16409 (11/20)
    fp=0.0940 tp=0.6636  [5.1s]
   median nu  = 0.764
   median |eta| = 0.157
  rho=0.14536 (12/20)
    fp=0.1144 tp=0.7103  [5.0s]
   median nu  = 0.862
   median |eta| = 0.118
  rho=0.12877 (13/20)
    fp=0.1365 tp=0.7290  [4.8s]
   median nu  = 0.964
   median |eta| = 0.09
  rho=0.11407 (14/20)
    fp=0.1518 tp=0.7757  [5.4s]
   median nu  = 1.029
   median |eta| = 0.068
  rho=0.10105 (15/20)
    fp=0.1681 tp=0.8318  [5.4s]
   median nu  = 1.097
   median |eta| = 0.055
  rho=0.08952 (16/20)
    fp=0.1862 tp=0.8598  [5.3s]
   median nu  = 1.192
   median |eta| = 0.043
  rho=0.07930 (17/20)
    fp=0.2048 tp=0.8785  [4.7s]
   median nu  = 1.292
   median |eta| = 0.03
  rho=0.07025 (18/20)
    fp=0.2203 tp=0.8972  [2.9s]
   median nu  = 1.396
   median |eta| = 0.024
  rho=0.06223 (19/20)
    fp=0.2352 tp=0.9065  [2.1s]
   median nu  = 1.491
   median |eta| = 0.019
  rho=0.05513 (20/20)
    fp=0.2486 tp=0.9065  [1.9s]
   median nu  = 1.638
   median |eta| = 0.015
  rho=0.04884 (21/21)  [extra 1/50]
    fp=0.2606 tp=0.9065  [1.8s]
   median nu  = 1.757
   median |eta| = 0.012
  rho=0.04326 (22/22)  [extra 2/50]
    fp=0.2734 tp=0.9252  [1.7s]
   median nu  = 1.878
   median |eta| = 0.009
  rho=0.03833 (23/23)  [extra 3/50]
    fp=0.2860 tp=0.9252  [1.6s]
   median nu  = 2.005
   median |eta| = 0.007
  rho=0.03395 (24/24)  [extra 4/50]
    fp=0.2973 tp=0.9252  [1.5s]
   median nu  = 2.133
   median |eta| = 0.005
  rho=0.03008 (25/25)  [extra 5/50]
    fp=0.3108 tp=0.9346  [1.4s]
   median nu  = 2.236
   median |eta| = 0.004
  FPR 0.3108 >= fp_end=0.3; stopping after 25 fits
  grid extended by 5 points down to rho=0.03008, ending at FPR 0.3108
  graphical_lasso rho_max = max|S_ij| (off-diag) = 5.60834
  rho grid: [5.60834205 4.96824397 4.40120234 3.89887899 3.45388742 3.05968416
 2.71047259 2.40111765 2.12707039 1.88430102 1.6692397  1.47872401
 1.30995249 1.16044341 1.02799828 0.91066954 0.8067319  0.714657
 0.6330909  0.56083421]
Running graphical_lasso over 20 rho values, extending until FPR >= 0.3...
  rho=5.60834 (1/20)
    fp=0.0000 tp=0.0000  [0.0s]
  rho=4.96824 (2/20)
    fp=0.0002 tp=0.0000  [0.0s]
  rho=4.40120 (3/20)
    fp=0.0004 tp=0.0000  [5.5s]
  rho=3.89888 (4/20)
    fp=0.0004 tp=0.0000  [0.0s]
  rho=3.45389 (5/20)
    fp=0.0006 tp=0.0000  [0.0s]
  rho=3.05968 (6/20)
    fp=0.0008 tp=0.0000  [0.0s]
  rho=2.71047 (7/20)
    fp=0.0010 tp=0.0000  [0.0s]
  rho=2.40112 (8/20)
    fp=0.0012 tp=0.0000  [0.0s]
  rho=2.12707 (9/20)
    fp=0.0012 tp=0.0000  [0.0s]
  rho=1.88430 (10/20)
    fp=0.0019 tp=0.0093  [0.0s]
  rho=1.66924 (11/20)
    fp=0.0029 tp=0.0093  [0.0s]
  rho=1.47872 (12/20)
    fp=0.0041 tp=0.0093  [5.4s]
  rho=1.30995 (13/20)
    fp=0.0058 tp=0.0093  [5.6s]
  rho=1.16044 (14/20)
    fp=0.0083 tp=0.0093  [5.7s]
  rho=1.02800 (15/20)
    fp=0.0109 tp=0.0467  [0.0s]
  rho=0.91067 (16/20)
    fp=0.0165 tp=0.0561  [0.0s]
  rho=0.80673 (17/20)
    fp=0.0204 tp=0.0654  [0.1s]
  rho=0.71466 (18/20)
    fp=0.0262 tp=0.1308  [0.1s]
  rho=0.63309 (19/20)
    fp=0.0347 tp=0.1589  [0.5s]
  rho=0.56083 (20/20)
    fp=0.0450 tp=0.2150  [0.0s]
  rho=0.49682 (21/21)  [extra 1/50]
    fp=0.0597 tp=0.2710  [0.1s]
  rho=0.44012 (22/22)  [extra 2/50]
    fp=0.0752 tp=0.3271  [0.1s]
  rho=0.38989 (23/23)  [extra 3/50]
    fp=0.1004 tp=0.4206  [0.0s]
  rho=0.34539 (24/24)  [extra 4/50]
    fp=0.1241 tp=0.4486  [0.0s]
  rho=0.30597 (25/25)  [extra 5/50]
    fp=0.1464 tp=0.5421  [0.1s]
  rho=0.27105 (26/26)  [extra 6/50]
    fp=0.1755 tp=0.6262  [0.0s]
  rho=0.24011 (27/27)  [extra 7/50]
    fp=0.2046 tp=0.6636  [0.0s]
  rho=0.21271 (28/28)  [extra 8/50]
    fp=0.2342 tp=0.7290  [0.1s]
  rho=0.18843 (29/29)  [extra 9/50]
    fp=0.2693 tp=0.7383  [0.1s]
  rho=0.16692 (30/30)  [extra 10/50]
    fp=0.3025 tp=0.7477  [0.0s]
  FPR 0.3025 >= fp_end=0.3; stopping after 30 fits
  [note] 4/30 fits hit a glasso ConvergenceWarning (suppressed)
  grid extended by 10 points down to rho=0.16692, ending at FPR 0.3025

(p=100, n=50) over 32 replicates
  t+lasso  (run_em_diagonal):    AUC = 0.196 (SE 0.003)
  ~t+lasso (run_em_exact):       AUC = 0.197 (SE 0.003)
  tlasso   (run_tlasso):         AUC = 0.146 (SE 0.003)
  t*lasso  (run_tstar_varlasso): AUC = 0.193 (SE 0.003)
  glasso   (graphical_lasso):    AUC = 0.145 (SE 0.003)
Replicate 33/50
  Theta: 99/4950 edges
  pilot fit of run_tlasso at rho=30.34854
  -> rho_max = max|S_ij| (off-diag) = 29.37726
  [warn] pilot rho 30.34854 > rho_max 29.37726: it falls off the top of this method's grid
  rho grid: [29.37725579 26.0243353  23.05409438 20.42285659 18.09193042 16.02704034
 14.19782278 12.5773797  11.14188299  9.87022412  8.74370376  7.74575679
  6.8617087   6.07855987  5.38479432  4.77021046  4.22577103  3.74347022
  3.31621595  2.93772558]
Running run_tlasso over 20 rho values, extending until FPR >= 0.3...
  rho=29.37726 (1/20)
    fp=0.0000 tp=0.0000  [0.0s]
   nu  = 3.0000
  rho=26.02434 (2/20)
    fp=0.0006 tp=0.0000  [0.1s]
   nu  = 3.0000
  rho=23.05409 (3/20)
    fp=0.0008 tp=0.0000  [0.1s]
   nu  = 3.0000
  rho=20.42286 (4/20)
    fp=0.0014 tp=0.0202  [0.1s]
   nu  = 3.0000
  rho=18.09193 (5/20)
    fp=0.0021 tp=0.0202  [0.1s]
   nu  = 3.0000
  rho=16.02704 (6/20)
    fp=0.0023 tp=0.0202  [0.1s]
   nu  = 3.0000
  rho=14.19782 (7/20)
    fp=0.0037 tp=0.0303  [0.1s]
   nu  = 3.0000
  rho=12.57738 (8/20)
    fp=0.0054 tp=0.0404  [0.1s]
   nu  = 3.0000
  rho=11.14188 (9/20)
    fp=0.0072 tp=0.0404  [0.1s]
   nu  = 3.0000
  rho=9.87022 (10/20)
    fp=0.0120 tp=0.0909  [0.1s]
   nu  = 3.0000
  rho=8.74370 (11/20)
    fp=0.0150 tp=0.1212  [0.1s]
   nu  = 3.0000
  rho=7.74576 (12/20)
    fp=0.0194 tp=0.1414  [0.1s]
   nu  = 3.0000
  rho=6.86171 (13/20)
    fp=0.0297 tp=0.1818  [0.1s]
   nu  = 3.0000
  rho=6.07856 (14/20)
    fp=0.0439 tp=0.2020  [0.1s]
   nu  = 3.0000
  rho=5.38479 (15/20)
    fp=0.0608 tp=0.2525  [0.1s]
   nu  = 3.0000
  rho=4.77021 (16/20)
    fp=0.0862 tp=0.3030  [0.1s]
   nu  = 3.0000
  rho=4.22577 (17/20)
    fp=0.1109 tp=0.3838  [0.2s]
   nu  = 3.0000
  rho=3.74347 (18/20)
    fp=0.1424 tp=0.4848  [0.2s]
   nu  = 3.0000
  rho=3.31622 (19/20)
    fp=0.1814 tp=0.5152  [0.3s]
   nu  = 3.0000
  rho=2.93773 (20/20)
    fp=0.2220 tp=0.6061  [0.3s]
   nu  = 3.0000
  rho=2.60243 (21/21)  [extra 1/50]
    fp=0.2564 tp=0.6465  [0.3s]
   nu  = 3.0000
  rho=2.30541 (22/22)  [extra 2/50]
    fp=0.2958 tp=0.6768  [0.3s]
   nu  = 3.0000
  rho=2.04229 (23/23)  [extra 3/50]
    fp=0.3333 tp=0.7071  [0.3s]
   nu  = 3.0000
  FPR 0.3333 >= fp_end=0.3; stopping after 23 fits
  grid extended by 3 points down to rho=2.04229, ending at FPR 0.3333
  pilot fit of run_tstar_varlasso at rho=0.30349
  -> rho_max = max|S_ij| (off-diag) = 0.73779
  rho grid: [0.73779306 0.65358637 0.57899046 0.51290842 0.45436854 0.40251
 0.35657024 0.31587373 0.27982205 0.24788506 0.21959314 0.19453027
 0.17232791 0.15265957 0.13523604 0.11980112 0.10612783 0.09401512
 0.08328488 0.07377931]
Running run_tstar_varlasso over 20 rho values, extending until FPR >= 0.3...
  rho=0.73779 (1/20)
    fp=0.0000 tp=0.0101  [0.1s]
   nu  = 3.0000
  rho=0.65359 (2/20)
    fp=0.0002 tp=0.0101  [0.1s]
   nu  = 3.0000
  rho=0.57899 (3/20)
    fp=0.0004 tp=0.0303  [0.1s]
   nu  = 3.0000
  rho=0.51291 (4/20)
    fp=0.0012 tp=0.0404  [0.1s]
   nu  = 3.0000
  rho=0.45437 (5/20)
    fp=0.0016 tp=0.0707  [0.1s]
   nu  = 3.0000
  rho=0.40251 (6/20)
    fp=0.0033 tp=0.0909  [0.1s]
   nu  = 3.0000
  rho=0.35657 (7/20)
    fp=0.0056 tp=0.1313  [0.1s]
   nu  = 3.0000
  rho=0.31587 (8/20)
    fp=0.0097 tp=0.1515  [0.1s]
   nu  = 3.0000
  rho=0.27982 (9/20)
    fp=0.0173 tp=0.1919  [0.1s]
   nu  = 3.0000
  rho=0.24789 (10/20)
    fp=0.0254 tp=0.2626  [0.1s]
   nu  = 3.0000
  rho=0.21959 (11/20)
    fp=0.0408 tp=0.3636  [0.1s]
   nu  = 3.0000
  rho=0.19453 (12/20)
    fp=0.0557 tp=0.4444  [0.1s]
   nu  = 3.0000
  rho=0.17233 (13/20)
    fp=0.0752 tp=0.5455  [0.1s]
   nu  = 3.0000
  rho=0.15266 (14/20)
    fp=0.0965 tp=0.5657  [0.1s]
   nu  = 3.0000
  rho=0.13524 (15/20)
    fp=0.1171 tp=0.6263  [0.1s]
   nu  = 3.0000
  rho=0.11980 (16/20)
    fp=0.1431 tp=0.6869  [0.1s]
   nu  = 3.0000
  rho=0.10613 (17/20)
    fp=0.1688 tp=0.7071  [0.1s]
   nu  = 3.0000
  rho=0.09402 (18/20)
    fp=0.1913 tp=0.7273  [0.1s]
   nu  = 3.0000
  rho=0.08328 (19/20)
    fp=0.2200 tp=0.7778  [0.1s]
   nu  = 3.0000
  rho=0.07378 (20/20)
    fp=0.2422 tp=0.7980  [0.1s]
   nu  = 3.0000
  rho=0.06536 (21/21)  [extra 1/50]
    fp=0.2622 tp=0.8384  [0.1s]
   nu  = 3.0000
  rho=0.05790 (22/22)  [extra 2/50]
    fp=0.2857 tp=0.8384  [0.1s]
   nu  = 3.0000
  rho=0.05129 (23/23)  [extra 3/50]
    fp=0.3049 tp=0.8485  [0.1s]
   nu  = 3.0000
  FPR 0.3049 >= fp_end=0.3; stopping after 23 fits
  grid extended by 3 points down to rho=0.05129, ending at FPR 0.3049
  pilot fit of run_em_diagonal at rho=0.30349
  -> rho_max = max|S_ij| (off-diag) = 0.73223
  rho grid: [0.7322255  0.64865425 0.57462126 0.50903789 0.45093976 0.39947256
 0.35387948 0.31349008 0.27771045 0.24601446 0.21793604 0.1930623
 0.17102748 0.15150757 0.13421552 0.11889707 0.10532697 0.09330566
 0.08265639 0.07322255]
Running run_em_diagonal over 20 rho values, extending until FPR >= 0.3...
  rho=0.73223 (1/20)
    fp=0.0004 tp=0.0404  [6.3s]
   median nu  = 0.121
   median |eta| = 2.551
  rho=0.64865 (2/20)
    fp=0.0014 tp=0.0707  [6.1s]
   median nu  = 0.149
   median |eta| = 2.433
  rho=0.57462 (3/20)
    fp=0.0029 tp=0.0808  [5.9s]
   median nu  = 0.189
   median |eta| = 2.132
  rho=0.50904 (4/20)
    fp=0.0043 tp=0.1111  [6.3s]
   median nu  = 0.217
   median |eta| = 1.709
  rho=0.45094 (5/20)
    fp=0.0076 tp=0.1414  [6.2s]
   median nu  = 0.243
   median |eta| = 1.476
  rho=0.39947 (6/20)
    fp=0.0124 tp=0.1414  [6.2s]
   median nu  = 0.266
   median |eta| = 1.269
  rho=0.35388 (7/20)
    fp=0.0190 tp=0.1818  [6.2s]
   median nu  = 0.3
   median |eta| = 1.122
  rho=0.31349 (8/20)
    fp=0.0268 tp=0.2727  [5.8s]
   median nu  = 0.34
   median |eta| = 1.032
  rho=0.27771 (9/20)
    fp=0.0388 tp=0.3838  [5.8s]
   median nu  = 0.391
   median |eta| = 0.83
  rho=0.24601 (10/20)
    fp=0.0509 tp=0.4343  [6.1s]
   median nu  = 0.436
   median |eta| = 0.651
  rho=0.21794 (11/20)
    fp=0.0676 tp=0.5253  [5.8s]
   median nu  = 0.491
   median |eta| = 0.564
  rho=0.19306 (12/20)
    fp=0.0851 tp=0.5556  [5.6s]
   median nu  = 0.551
   median |eta| = 0.478
  rho=0.17103 (13/20)
    fp=0.1045 tp=0.6263  [6.1s]
   median nu  = 0.615
   median |eta| = 0.371
  rho=0.15151 (14/20)
    fp=0.1200 tp=0.6566  [5.6s]
   median nu  = 0.684
   median |eta| = 0.334
  rho=0.13422 (15/20)
    fp=0.1414 tp=0.6768  [5.8s]
   median nu  = 0.742
   median |eta| = 0.265
  rho=0.11890 (16/20)
    fp=0.1589 tp=0.6970  [6.2s]
   median nu  = 0.833
   median |eta| = 0.199
  rho=0.10533 (17/20)
    fp=0.1769 tp=0.7374  [6.1s]
   median nu  = 0.904
   median |eta| = 0.147
  rho=0.09331 (18/20)
    fp=0.1948 tp=0.7576  [6.1s]
   median nu  = 0.964
   median |eta| = 0.114
  rho=0.08266 (19/20)
    fp=0.2132 tp=0.7980  [5.9s]
   median nu  = 1.069
   median |eta| = 0.09
  rho=0.07322 (20/20)
    fp=0.2307 tp=0.8182  [6.0s]
   median nu  = 1.16
   median |eta| = 0.07
  rho=0.06487 (21/21)  [extra 1/50]
    fp=0.2428 tp=0.8182  [6.0s]
   median nu  = 1.261
   median |eta| = 0.055
  rho=0.05746 (22/22)  [extra 2/50]
    fp=0.2531 tp=0.8384  [5.8s]
   median nu  = 1.356
   median |eta| = 0.046
  rho=0.05090 (23/23)  [extra 3/50]
    fp=0.2672 tp=0.8384  [5.7s]
   median nu  = 1.466
   median |eta| = 0.033
  rho=0.04509 (24/24)  [extra 4/50]
    fp=0.2799 tp=0.8586  [5.6s]
   median nu  = 1.602
   median |eta| = 0.024
  rho=0.03995 (25/25)  [extra 5/50]
    fp=0.2911 tp=0.8687  [5.6s]
   median nu  = 1.716
   median |eta| = 0.019
  rho=0.03539 (26/26)  [extra 6/50]
    fp=0.2995 tp=0.8788  [5.4s]
   median nu  = 1.86
   median |eta| = 0.016
  rho=0.03135 (27/27)  [extra 7/50]
    fp=0.3164 tp=0.8687  [5.5s]
   median nu  = 2.001
   median |eta| = 0.012
  FPR 0.3164 >= fp_end=0.3; stopping after 27 fits
  grid extended by 7 points down to rho=0.03135, ending at FPR 0.3164
  pilot fit of run_em_exact at rho=0.30349
  -> rho_max = max|S_ij| (off-diag) = 0.75123
  rho grid: [0.75123371 0.665493   0.58953815 0.52225227 0.46264594 0.40984267
 0.36306601 0.32162812 0.28491967 0.25240088 0.22359355 0.1980741
 0.17546727 0.15544063 0.13769969 0.12198358 0.10806121 0.09572783
 0.08480211 0.07512337]
Running run_em_exact over 20 rho values, extending until FPR >= 0.3...
  rho=0.75123 (1/20)
    fp=0.0002 tp=0.0404  [6.5s]
   median nu  = 0.115
   median |eta| = 2.553
  rho=0.66549 (2/20)
    fp=0.0008 tp=0.0606  [6.4s]
   median nu  = 0.142
   median |eta| = 2.483
  rho=0.58954 (3/20)
    fp=0.0027 tp=0.0808  [6.3s]
   median nu  = 0.182
   median |eta| = 2.227
  rho=0.52225 (4/20)
    fp=0.0037 tp=0.0909  [6.2s]
   median nu  = 0.211
   median |eta| = 1.772
  rho=0.46265 (5/20)
    fp=0.0070 tp=0.1111  [6.4s]
   median nu  = 0.238
   median |eta| = 1.504
  rho=0.40984 (6/20)
    fp=0.0115 tp=0.1414  [6.0s]
   median nu  = 0.268
   median |eta| = 1.195
  rho=0.36307 (7/20)
    fp=0.0177 tp=0.1818  [6.1s]
   median nu  = 0.306
   median |eta| = 0.914
  rho=0.32163 (8/20)
    fp=0.0266 tp=0.2626  [6.0s]
   median nu  = 0.354
   median |eta| = 0.732
  rho=0.28492 (9/20)
    fp=0.0367 tp=0.3535  [5.8s]
   median nu  = 0.413
   median |eta| = 0.556
  rho=0.25240 (10/20)
    fp=0.0493 tp=0.4141  [5.7s]
   median nu  = 0.481
   median |eta| = 0.396
  rho=0.22359 (11/20)
    fp=0.0662 tp=0.5051  [5.3s]
   median nu  = 0.548
   median |eta| = 0.302
  rho=0.19807 (12/20)
    fp=0.0845 tp=0.5556  [5.4s]
   median nu  = 0.619
   median |eta| = 0.233
  rho=0.17547 (13/20)
    fp=0.1043 tp=0.6263  [5.3s]
   median nu  = 0.687
   median |eta| = 0.166
  rho=0.15544 (14/20)
    fp=0.1204 tp=0.6465  [5.1s]
   median nu  = 0.774
   median |eta| = 0.126
  rho=0.13770 (15/20)
    fp=0.1379 tp=0.6869  [5.1s]
   median nu  = 0.867
   median |eta| = 0.095
  rho=0.12198 (16/20)
    fp=0.1573 tp=0.7172  [5.6s]
   median nu  = 0.962
   median |eta| = 0.075
  rho=0.10806 (17/20)
    fp=0.1746 tp=0.7475  [5.2s]
   median nu  = 1.043
   median |eta| = 0.055
  rho=0.09573 (18/20)
    fp=0.1942 tp=0.7677  [4.0s]
   median nu  = 1.117
   median |eta| = 0.038
  rho=0.08480 (19/20)
    fp=0.2125 tp=0.8081  [3.0s]
   median nu  = 1.198
   median |eta| = 0.029
  rho=0.07512 (20/20)
    fp=0.2274 tp=0.8182  [2.4s]
   median nu  = 1.298
   median |eta| = 0.021
  rho=0.06655 (21/21)  [extra 1/50]
    fp=0.2414 tp=0.8283  [2.1s]
   median nu  = 1.402
   median |eta| = 0.015
  rho=0.05895 (22/22)  [extra 2/50]
    fp=0.2558 tp=0.8283  [2.0s]
   median nu  = 1.531
   median |eta| = 0.012
  rho=0.05223 (23/23)  [extra 3/50]
    fp=0.2684 tp=0.8283  [1.8s]
   median nu  = 1.65
   median |eta| = 0.009
  rho=0.04626 (24/24)  [extra 4/50]
    fp=0.2832 tp=0.8283  [1.6s]
   median nu  = 1.781
   median |eta| = 0.007
  rho=0.04098 (25/25)  [extra 5/50]
    fp=0.2942 tp=0.8586  [1.5s]
   median nu  = 1.911
   median |eta| = 0.005
  rho=0.03631 (26/26)  [extra 6/50]
    fp=0.3055 tp=0.8586  [1.5s]
   median nu  = 2.041
   median |eta| = 0.004
  FPR 0.3055 >= fp_end=0.3; stopping after 26 fits
  grid extended by 6 points down to rho=0.03631, ending at FPR 0.3055
  graphical_lasso rho_max = max|S_ij| (off-diag) = 2.12391
  rho grid: [2.12391119 1.88150239 1.66676048 1.47652776 1.30800691 1.15871988
 1.02647146 0.90931698 0.80553371 0.71359557 0.63215061 0.56000124
 0.4960865  0.43946655 0.38930882 0.34487576 0.30551398 0.27064469
 0.23975514 0.21239112]
Running graphical_lasso over 20 rho values, extending until FPR >= 0.3...
  rho=2.12391 (1/20)
    fp=0.0000 tp=0.0000  [0.0s]
  rho=1.88150 (2/20)
    fp=0.0002 tp=0.0000  [0.0s]
  rho=1.66676 (3/20)
    fp=0.0012 tp=0.0101  [5.5s]
  rho=1.47653 (4/20)
    fp=0.0016 tp=0.0101  [5.4s]
  rho=1.30801 (5/20)
    fp=0.0025 tp=0.0202  [5.5s]
  rho=1.15872 (6/20)
    fp=0.0029 tp=0.0202  [5.5s]
  rho=1.02647 (7/20)
    fp=0.0047 tp=0.0303  [5.4s]
  rho=0.90932 (8/20)
    fp=0.0082 tp=0.0303  [0.0s]
  rho=0.80553 (9/20)
    fp=0.0113 tp=0.0909  [0.0s]
  rho=0.71360 (10/20)
    fp=0.0186 tp=0.1212  [0.0s]
  rho=0.63215 (11/20)
    fp=0.0272 tp=0.1515  [5.6s]
  rho=0.56000 (12/20)
    fp=0.0421 tp=0.2020  [5.4s]
  rho=0.49609 (13/20)
    fp=0.0606 tp=0.2626  [0.0s]
  rho=0.43947 (14/20)
    fp=0.0818 tp=0.2828  [5.7s]
  rho=0.38931 (15/20)
    fp=0.1041 tp=0.3636  [5.5s]
  rho=0.34488 (16/20)
    fp=0.1282 tp=0.4242  [5.5s]
  rho=0.30551 (17/20)
    fp=0.1575 tp=0.5051  [0.0s]
  rho=0.27064 (18/20)
    fp=0.1870 tp=0.5556  [0.0s]
  rho=0.23976 (19/20)
    fp=0.2175 tp=0.5960  [0.2s]
  rho=0.21239 (20/20)
    fp=0.2468 tp=0.6061  [0.0s]
  rho=0.18815 (21/21)  [extra 1/50]
    fp=0.2818 tp=0.6364  [0.3s]
  rho=0.16668 (22/22)  [extra 2/50]
    fp=0.3102 tp=0.6667  [0.1s]
  FPR 0.3102 >= fp_end=0.3; stopping after 22 fits
  [note] 10/22 fits hit a glasso ConvergenceWarning (suppressed)
  grid extended by 2 points down to rho=0.16668, ending at FPR 0.3102

(p=100, n=50) over 33 replicates
  t+lasso  (run_em_diagonal):    AUC = 0.196 (SE 0.003)
  ~t+lasso (run_em_exact):       AUC = 0.197 (SE 0.003)
  tlasso   (run_tlasso):         AUC = 0.146 (SE 0.003)
  t*lasso  (run_tstar_varlasso): AUC = 0.193 (SE 0.003)
  glasso   (graphical_lasso):    AUC = 0.145 (SE 0.003)
Replicate 34/50
  Theta: 110/4950 edges
  pilot fit of run_tlasso at rho=30.34854
  -> rho_max = max|S_ij| (off-diag) = 45.44365
  rho grid: [45.44365385 40.25702378 35.66236045 31.59210079 27.98639293 24.79221608
 21.96260088 19.45593875 17.23537002 15.26824192 13.52562846 11.98190508
 10.61437179  9.40291947  8.32973409  7.37903481  6.53684188  5.79077114
  5.12985184  4.54436538]
Running run_tlasso over 20 rho values, extending until FPR >= 0.3...
  rho=45.44365 (1/20)
    fp=0.0002 tp=0.0000  [0.1s]
   nu  = 3.0000
  rho=40.25702 (2/20)
    fp=0.0002 tp=0.0000  [0.1s]
   nu  = 3.0000
  rho=35.66236 (3/20)
    fp=0.0002 tp=0.0000  [0.1s]
   nu  = 3.0000
  rho=31.59210 (4/20)
    fp=0.0002 tp=0.0000  [0.1s]
   nu  = 3.0000
  rho=27.98639 (5/20)
    fp=0.0004 tp=0.0000  [0.1s]
   nu  = 3.0000
  rho=24.79222 (6/20)
    fp=0.0004 tp=0.0000  [0.1s]
   nu  = 3.0000
  rho=21.96260 (7/20)
    fp=0.0004 tp=0.0091  [0.1s]
   nu  = 3.0000
  rho=19.45594 (8/20)
    fp=0.0006 tp=0.0091  [0.1s]
   nu  = 3.0000
  rho=17.23537 (9/20)
    fp=0.0008 tp=0.0273  [0.1s]
   nu  = 3.0000
  rho=15.26824 (10/20)
    fp=0.0012 tp=0.0364  [0.1s]
   nu  = 3.0000
  rho=13.52563 (11/20)
    fp=0.0017 tp=0.0455  [0.1s]
   nu  = 3.0000
  rho=11.98191 (12/20)
    fp=0.0027 tp=0.0818  [0.1s]
   nu  = 3.0000
  rho=10.61437 (13/20)
    fp=0.0037 tp=0.0818  [0.1s]
   nu  = 3.0000
  rho=9.40292 (14/20)
    fp=0.0066 tp=0.0909  [0.1s]
   nu  = 3.0000
  rho=8.32973 (15/20)
    fp=0.0107 tp=0.1000  [0.1s]
   nu  = 3.0000
  rho=7.37903 (16/20)
    fp=0.0151 tp=0.1273  [0.1s]
   nu  = 3.0000
  rho=6.53684 (17/20)
    fp=0.0229 tp=0.1727  [0.1s]
   nu  = 3.0000
  rho=5.79077 (18/20)
    fp=0.0298 tp=0.2182  [0.1s]
   nu  = 3.0000
  rho=5.12985 (19/20)
    fp=0.0413 tp=0.2636  [0.1s]
   nu  = 3.0000
  rho=4.54437 (20/20)
    fp=0.0579 tp=0.3636  [0.1s]
   nu  = 3.0000
  rho=4.02570 (21/21)  [extra 1/50]
    fp=0.0791 tp=0.4545  [0.2s]
   nu  = 3.0000
  rho=3.56624 (22/22)  [extra 2/50]
    fp=0.1081 tp=0.5545  [0.2s]
   nu  = 3.0000
  rho=3.15921 (23/23)  [extra 3/50]
    fp=0.1397 tp=0.6182  [0.2s]
   nu  = 3.0000
  rho=2.79864 (24/24)  [extra 4/50]
    fp=0.1736 tp=0.6545  [0.3s]
   nu  = 3.0000
  rho=2.47922 (25/25)  [extra 5/50]
    fp=0.2145 tp=0.7364  [0.3s]
   nu  = 3.0000
  rho=2.19626 (26/26)  [extra 6/50]
    fp=0.2519 tp=0.7818  [0.3s]
   nu  = 3.0000
  rho=1.94559 (27/27)  [extra 7/50]
    fp=0.2952 tp=0.8000  [0.4s]
   nu  = 3.0000
  rho=1.72354 (28/28)  [extra 8/50]
    fp=0.3304 tp=0.8273  [0.4s]
   nu  = 3.0000
  FPR 0.3304 >= fp_end=0.3; stopping after 28 fits
  grid extended by 8 points down to rho=1.72354, ending at FPR 0.3304
  pilot fit of run_tstar_varlasso at rho=0.30349
  -> rho_max = max|S_ij| (off-diag) = 0.68252
  rho grid: [0.68251747 0.60461956 0.53561239 0.47448123 0.42032717 0.37235388
 0.32985593 0.29220842 0.25885773 0.22931347 0.20314119 0.17995603
 0.15941707 0.14122229 0.12510414 0.1108256  0.09817672 0.08697149
 0.07704516 0.06825175]
Running run_tstar_varlasso over 20 rho values, extending until FPR >= 0.3...
  rho=0.68252 (1/20)
    fp=0.0000 tp=0.0091  [0.1s]
   nu  = 3.0000
  rho=0.60462 (2/20)
    fp=0.0000 tp=0.0273  [0.1s]
   nu  = 3.0000
  rho=0.53561 (3/20)
    fp=0.0002 tp=0.0455  [0.1s]
   nu  = 3.0000
  rho=0.47448 (4/20)
    fp=0.0004 tp=0.0545  [0.1s]
   nu  = 3.0000
  rho=0.42033 (5/20)
    fp=0.0012 tp=0.0636  [0.1s]
   nu  = 3.0000
  rho=0.37235 (6/20)
    fp=0.0027 tp=0.0818  [0.1s]
   nu  = 3.0000
  rho=0.32986 (7/20)
    fp=0.0035 tp=0.1091  [0.1s]
   nu  = 3.0000
  rho=0.29221 (8/20)
    fp=0.0074 tp=0.2000  [0.1s]
   nu  = 3.0000
  rho=0.25886 (9/20)
    fp=0.0124 tp=0.2455  [0.1s]
   nu  = 3.0000
  rho=0.22931 (10/20)
    fp=0.0213 tp=0.3636  [0.1s]
   nu  = 3.0000
  rho=0.20314 (11/20)
    fp=0.0333 tp=0.4273  [0.1s]
   nu  = 3.0000
  rho=0.17996 (12/20)
    fp=0.0463 tp=0.5455  [0.1s]
   nu  = 3.0000
  rho=0.15942 (13/20)
    fp=0.0643 tp=0.5636  [0.1s]
   nu  = 3.0000
  rho=0.14122 (14/20)
    fp=0.0837 tp=0.6636  [0.1s]
   nu  = 3.0000
  rho=0.12510 (15/20)
    fp=0.1014 tp=0.7091  [0.1s]
   nu  = 3.0000
  rho=0.11083 (16/20)
    fp=0.1267 tp=0.7455  [0.1s]
   nu  = 3.0000
  rho=0.09818 (17/20)
    fp=0.1519 tp=0.8000  [0.1s]
   nu  = 3.0000
  rho=0.08697 (18/20)
    fp=0.1727 tp=0.8091  [0.1s]
   nu  = 3.0000
  rho=0.07705 (19/20)
    fp=0.1963 tp=0.8182  [0.1s]
   nu  = 3.0000
  rho=0.06825 (20/20)
    fp=0.2211 tp=0.8364  [0.1s]
   nu  = 3.0000
  rho=0.06046 (21/21)  [extra 1/50]
    fp=0.2486 tp=0.8364  [0.1s]
   nu  = 3.0000
  rho=0.05356 (22/22)  [extra 2/50]
    fp=0.2702 tp=0.8545  [0.1s]
   nu  = 3.0000
  rho=0.04745 (23/23)  [extra 3/50]
    fp=0.2942 tp=0.8818  [0.1s]
   nu  = 3.0000
  rho=0.04203 (24/24)  [extra 4/50]
    fp=0.3161 tp=0.8818  [0.2s]
   nu  = 3.0000
  FPR 0.3161 >= fp_end=0.3; stopping after 24 fits
  grid extended by 4 points down to rho=0.04203, ending at FPR 0.3161
  pilot fit of run_em_diagonal at rho=0.30349
  -> rho_max = max|S_ij| (off-diag) = 0.78269
  rho grid: [0.78268532 0.69335493 0.6142201  0.54411719 0.48201535 0.42700139
 0.37826635 0.3350936  0.29684829 0.26296804 0.23295466 0.20636679
 0.18281349 0.1619484  0.14346471 0.12709062 0.11258536 0.09973563
 0.08835248 0.07826853]
Running run_em_diagonal over 20 rho values, extending until FPR >= 0.3...
  rho=0.78269 (1/20)
    fp=0.0004 tp=0.0273  [6.8s]
   median nu  = 0.083
   median |eta| = 3.7
  rho=0.69335 (2/20)
    fp=0.0006 tp=0.0455  [6.8s]
   median nu  = 0.103
   median |eta| = 3.225
  rho=0.61422 (3/20)
    fp=0.0008 tp=0.0545  [6.6s]
   median nu  = 0.129
   median |eta| = 2.921
  rho=0.54412 (4/20)
    fp=0.0019 tp=0.0727  [8.3s]
   median nu  = 0.155
   median |eta| = 2.441
  rho=0.48202 (5/20)
    fp=0.0027 tp=0.1000  [6.4s]
   median nu  = 0.184
   median |eta| = 2.011
  rho=0.42700 (6/20)
    fp=0.0045 tp=0.1364  [5.9s]
   median nu  = 0.222
   median |eta| = 1.829
  rho=0.37827 (7/20)
    fp=0.0083 tp=0.1818  [5.9s]
   median nu  = 0.272
   median |eta| = 1.555
  rho=0.33509 (8/20)
    fp=0.0134 tp=0.2818  [5.9s]
   median nu  = 0.299
   median |eta| = 1.368
  rho=0.29685 (9/20)
    fp=0.0215 tp=0.4091  [5.8s]
   median nu  = 0.325
   median |eta| = 1.191
  rho=0.26297 (10/20)
    fp=0.0298 tp=0.4727  [5.7s]
   median nu  = 0.366
   median |eta| = 1.017
  rho=0.23295 (11/20)
    fp=0.0401 tp=0.5000  [5.7s]
   median nu  = 0.412
   median |eta| = 0.908
  rho=0.20637 (12/20)
    fp=0.0517 tp=0.5273  [5.6s]
   median nu  = 0.44
   median |eta| = 0.729
  rho=0.18281 (13/20)
    fp=0.0667 tp=0.6091  [5.7s]
   median nu  = 0.498
   median |eta| = 0.582
  rho=0.16195 (14/20)
    fp=0.0831 tp=0.6545  [5.3s]
   median nu  = 0.55
   median |eta| = 0.418
  rho=0.14346 (15/20)
    fp=0.1004 tp=0.7000  [5.2s]
   median nu  = 0.614
   median |eta| = 0.343
  rho=0.12709 (16/20)
    fp=0.1182 tp=0.7182  [5.3s]
   median nu  = 0.678
   median |eta| = 0.268
  rho=0.11259 (17/20)
    fp=0.1364 tp=0.7636  [5.3s]
   median nu  = 0.756
   median |eta| = 0.197
  rho=0.09974 (18/20)
    fp=0.1558 tp=0.8000  [5.3s]
   median nu  = 0.838
   median |eta| = 0.152
  rho=0.08835 (19/20)
    fp=0.1727 tp=0.8273  [5.6s]
   median nu  = 0.939
   median |eta| = 0.126
  rho=0.07827 (20/20)
    fp=0.1932 tp=0.8364  [5.1s]
   median nu  = 1.028
   median |eta| = 0.103
  rho=0.06934 (21/21)  [extra 1/50]
    fp=0.2105 tp=0.8727  [5.0s]
   median nu  = 1.122
   median |eta| = 0.082
  rho=0.06142 (22/22)  [extra 2/50]
    fp=0.2281 tp=0.8636  [5.5s]
   median nu  = 1.216
   median |eta| = 0.065
  rho=0.05441 (23/23)  [extra 3/50]
    fp=0.2428 tp=0.8818  [5.2s]
   median nu  = 1.342
   median |eta| = 0.051
  rho=0.04820 (24/24)  [extra 4/50]
    fp=0.2564 tp=0.8909  [5.3s]
   median nu  = 1.437
   median |eta| = 0.041
  rho=0.04270 (25/25)  [extra 5/50]
    fp=0.2684 tp=0.8909  [5.3s]
   median nu  = 1.559
   median |eta| = 0.033
  rho=0.03783 (26/26)  [extra 6/50]
    fp=0.2816 tp=0.9000  [5.0s]
   median nu  = 1.702
   median |eta| = 0.024
  rho=0.03351 (27/27)  [extra 7/50]
    fp=0.2948 tp=0.9091  [4.8s]
   median nu  = 1.841
   median |eta| = 0.02
  rho=0.02968 (28/28)  [extra 8/50]
    fp=0.3054 tp=0.9091  [5.1s]
   median nu  = 1.946
   median |eta| = 0.016
  FPR 0.3054 >= fp_end=0.3; stopping after 28 fits
  grid extended by 8 points down to rho=0.02968, ending at FPR 0.3054
  pilot fit of run_em_exact at rho=0.30349
  -> rho_max = max|S_ij| (off-diag) = 0.79922
  rho grid: [0.79921812 0.70800079 0.62719439 0.55561068 0.49219705 0.43602102
 0.38625654 0.34217184 0.30311867 0.26852277 0.2378754  0.21072592
 0.18667509 0.16536927 0.14649514 0.12977518 0.11496352 0.10184237
 0.09021877 0.07992181]
Running run_em_exact over 20 rho values, extending until FPR >= 0.3...
  rho=0.79922 (1/20)
    fp=0.0002 tp=0.0273  [6.4s]
   median nu  = 0.08
   median |eta| = 3.763
  rho=0.70800 (2/20)
    fp=0.0006 tp=0.0455  [6.3s]
   median nu  = 0.099
   median |eta| = 3.264
  rho=0.62719 (3/20)
    fp=0.0008 tp=0.0545  [6.0s]
   median nu  = 0.124
   median |eta| = 2.762
  rho=0.55561 (4/20)
    fp=0.0019 tp=0.0636  [6.1s]
   median nu  = 0.151
   median |eta| = 2.445
  rho=0.49220 (5/20)
    fp=0.0027 tp=0.0909  [6.0s]
   median nu  = 0.179
   median |eta| = 1.945
  rho=0.43602 (6/20)
    fp=0.0035 tp=0.1364  [5.9s]
   median nu  = 0.228
   median |eta| = 1.716
  rho=0.38626 (7/20)
    fp=0.0076 tp=0.1727  [6.0s]
   median nu  = 0.269
   median |eta| = 1.487
  rho=0.34217 (8/20)
    fp=0.0124 tp=0.2636  [5.7s]
   median nu  = 0.296
   median |eta| = 1.22
  rho=0.30312 (9/20)
    fp=0.0202 tp=0.4000  [5.6s]
   median nu  = 0.322
   median |eta| = 1.016
  rho=0.26852 (10/20)
    fp=0.0283 tp=0.4455  [5.5s]
   median nu  = 0.379
   median |eta| = 0.777
  rho=0.23788 (11/20)
    fp=0.0397 tp=0.4909  [5.1s]
   median nu  = 0.434
   median |eta| = 0.575
  rho=0.21073 (12/20)
    fp=0.0508 tp=0.5273  [5.0s]
   median nu  = 0.496
   median |eta| = 0.428
  rho=0.18668 (13/20)
    fp=0.0667 tp=0.5909  [4.9s]
   median nu  = 0.563
   median |eta| = 0.316
  rho=0.16537 (14/20)
    fp=0.0829 tp=0.6364  [4.8s]
   median nu  = 0.64
   median |eta| = 0.231
  rho=0.14650 (15/20)
    fp=0.1000 tp=0.7182  [4.8s]
   median nu  = 0.725
   median |eta| = 0.167
  rho=0.12978 (16/20)
    fp=0.1184 tp=0.7455  [4.6s]
   median nu  = 0.801
   median |eta| = 0.121
  rho=0.11496 (17/20)
    fp=0.1351 tp=0.7727  [4.2s]
   median nu  = 0.908
   median |eta| = 0.087
  rho=0.10184 (18/20)
    fp=0.1550 tp=0.7818  [3.7s]
   median nu  = 0.998
   median |eta| = 0.063
  rho=0.09022 (19/20)
    fp=0.1715 tp=0.8364  [3.3s]
   median nu  = 1.081
   median |eta| = 0.047
  rho=0.07992 (20/20)
    fp=0.1878 tp=0.8364  [2.9s]
   median nu  = 1.187
   median |eta| = 0.034
  rho=0.07080 (21/21)  [extra 1/50]
    fp=0.2037 tp=0.8364  [2.5s]
   median nu  = 1.286
   median |eta| = 0.024
  rho=0.06272 (22/22)  [extra 2/50]
    fp=0.2207 tp=0.8545  [1.6s]
   median nu  = 1.393
   median |eta| = 0.017
  rho=0.05556 (23/23)  [extra 3/50]
    fp=0.2368 tp=0.8818  [1.5s]
   median nu  = 1.497
   median |eta| = 0.014
  rho=0.04922 (24/24)  [extra 4/50]
    fp=0.2517 tp=0.8818  [1.5s]
   median nu  = 1.621
   median |eta| = 0.01
  rho=0.04360 (25/25)  [extra 5/50]
    fp=0.2665 tp=0.8818  [1.4s]
   median nu  = 1.758
   median |eta| = 0.009
  rho=0.03863 (26/26)  [extra 6/50]
    fp=0.2781 tp=0.8818  [1.3s]
   median nu  = 1.904
   median |eta| = 0.007
  rho=0.03422 (27/27)  [extra 7/50]
    fp=0.2907 tp=0.8818  [1.3s]
   median nu  = 2.048
   median |eta| = 0.005
  rho=0.03031 (28/28)  [extra 8/50]
    fp=0.3031 tp=0.8818  [1.2s]
   median nu  = 2.186
   median |eta| = 0.003
  FPR 0.3031 >= fp_end=0.3; stopping after 28 fits
  grid extended by 8 points down to rho=0.03031, ending at FPR 0.3031
  graphical_lasso rho_max = max|S_ij| (off-diag) = 3.86670
  rho grid: [3.86670466 3.42538525 3.03443504 2.68810523 2.38130315 2.10951738
 1.86875139 1.65546479 1.46652128 1.2991425  1.1508672  1.01951503
 0.90315451 0.80007459 0.70875951 0.62786651 0.55620609 0.4927245
 0.43648827 0.38667047]
Running graphical_lasso over 20 rho values, extending until FPR >= 0.3...
  rho=3.86670 (1/20)
    fp=0.0000 tp=0.0000  [0.0s]
  rho=3.42539 (2/20)
    fp=0.0002 tp=0.0000  [0.0s]
  rho=3.03444 (3/20)
    fp=0.0002 tp=0.0000  [4.8s]
  rho=2.68811 (4/20)
    fp=0.0002 tp=0.0000  [0.0s]
  rho=2.38130 (5/20)
    fp=0.0002 tp=0.0000  [0.0s]
  rho=2.10952 (6/20)
    fp=0.0002 tp=0.0000  [0.0s]
  rho=1.86875 (7/20)
    fp=0.0002 tp=0.0000  [0.0s]
  rho=1.65546 (8/20)
    fp=0.0004 tp=0.0000  [0.0s]
  rho=1.46652 (9/20)
    fp=0.0006 tp=0.0091  [0.0s]
  rho=1.29914 (10/20)
    fp=0.0008 tp=0.0091  [0.0s]
  rho=1.15087 (11/20)
    fp=0.0012 tp=0.0364  [4.8s]
  rho=1.01952 (12/20)
    fp=0.0025 tp=0.0364  [4.9s]
  rho=0.90315 (13/20)
    fp=0.0029 tp=0.0727  [4.9s]
  rho=0.80007 (14/20)
    fp=0.0062 tp=0.0818  [4.8s]
  rho=0.70876 (15/20)
    fp=0.0105 tp=0.0909  [0.0s]
  rho=0.62787 (16/20)
    fp=0.0171 tp=0.1364  [0.1s]
  rho=0.55621 (17/20)
    fp=0.0240 tp=0.1909  [0.1s]
  rho=0.49272 (18/20)
    fp=0.0343 tp=0.2455  [0.1s]
  rho=0.43649 (19/20)
    fp=0.0477 tp=0.3182  [0.0s]
  rho=0.38667 (20/20)
    fp=0.0651 tp=0.4273  [1.5s]
  rho=0.34254 (21/21)  [extra 1/50]
    fp=0.0851 tp=0.4545  [0.0s]
  rho=0.30344 (22/22)  [extra 2/50]
    fp=0.1130 tp=0.5727  [0.1s]
  rho=0.26881 (23/23)  [extra 3/50]
    fp=0.1413 tp=0.6000  [0.0s]
  rho=0.23813 (24/24)  [extra 4/50]
    fp=0.1719 tp=0.6545  [0.1s]
  rho=0.21095 (25/25)  [extra 5/50]
    fp=0.1998 tp=0.7364  [0.0s]
  rho=0.18688 (26/26)  [extra 6/50]
    fp=0.2341 tp=0.7636  [0.1s]
  rho=0.16555 (27/27)  [extra 7/50]
    fp=0.2655 tp=0.8000  [0.0s]
  rho=0.14665 (28/28)  [extra 8/50]
    fp=0.3004 tp=0.8182  [0.0s]
  FPR 0.3004 >= fp_end=0.3; stopping after 28 fits
  [note] 5/28 fits hit a glasso ConvergenceWarning (suppressed)
  grid extended by 8 points down to rho=0.14665, ending at FPR 0.3004

(p=100, n=50) over 34 replicates
  t+lasso  (run_em_diagonal):    AUC = 0.197 (SE 0.003)
  ~t+lasso (run_em_exact):       AUC = 0.197 (SE 0.003)
  tlasso   (run_tlasso):         AUC = 0.146 (SE 0.003)
  t*lasso  (run_tstar_varlasso): AUC = 0.194 (SE 0.003)
  glasso   (graphical_lasso):    AUC = 0.146 (SE 0.003)
Replicate 35/50
  Theta: 96/4950 edges
  pilot fit of run_tlasso at rho=30.34854
  -> rho_max = max|S_ij| (off-diag) = 41.63034
  rho grid: [41.63033666 36.87893272 32.66982176 28.94111015 25.63796836 22.71182474
 20.11965129 17.82333091 15.78909695 13.98703664 12.39065125 10.97646646
  9.72368711  8.61389149  7.63076041  6.75983723  5.98831531  5.30484967
  4.69939015  4.16303367]
Running run_tlasso over 20 rho values, extending until FPR >= 0.3...
  rho=41.63034 (1/20)
    fp=0.0006 tp=0.0000  [0.1s]
   nu  = 3.0000
  rho=36.87893 (2/20)
    fp=0.0006 tp=0.0000  [0.1s]
   nu  = 3.0000
  rho=32.66982 (3/20)
    fp=0.0008 tp=0.0000  [0.1s]
   nu  = 3.0000
  rho=28.94111 (4/20)
    fp=0.0012 tp=0.0000  [0.1s]
   nu  = 3.0000
  rho=25.63797 (5/20)
    fp=0.0016 tp=0.0000  [0.1s]
   nu  = 3.0000
  rho=22.71182 (6/20)
    fp=0.0021 tp=0.0000  [0.1s]
   nu  = 3.0000
  rho=20.11965 (7/20)
    fp=0.0025 tp=0.0104  [0.1s]
   nu  = 3.0000
  rho=17.82333 (8/20)
    fp=0.0041 tp=0.0208  [0.1s]
   nu  = 3.0000
  rho=15.78910 (9/20)
    fp=0.0049 tp=0.0208  [0.1s]
   nu  = 3.0000
  rho=13.98704 (10/20)
    fp=0.0062 tp=0.0208  [0.1s]
   nu  = 3.0000
  rho=12.39065 (11/20)
    fp=0.0078 tp=0.0208  [0.1s]
   nu  = 3.0000
  rho=10.97647 (12/20)
    fp=0.0097 tp=0.0312  [0.1s]
   nu  = 3.0000
  rho=9.72369 (13/20)
    fp=0.0134 tp=0.0729  [0.1s]
   nu  = 3.0000
  rho=8.61389 (14/20)
    fp=0.0179 tp=0.0938  [0.1s]
   nu  = 3.0000
  rho=7.63076 (15/20)
    fp=0.0264 tp=0.1354  [0.1s]
   nu  = 3.0000
  rho=6.75984 (16/20)
    fp=0.0356 tp=0.2188  [0.1s]
   nu  = 3.0000
  rho=5.98832 (17/20)
    fp=0.0484 tp=0.2604  [0.1s]
   nu  = 3.0000
  rho=5.30485 (18/20)
    fp=0.0692 tp=0.3125  [0.1s]
   nu  = 3.0000
  rho=4.69939 (19/20)
    fp=0.0923 tp=0.3646  [0.2s]
   nu  = 3.0000
  rho=4.16303 (20/20)
    fp=0.1201 tp=0.4167  [0.2s]
   nu  = 3.0000
  rho=3.68789 (21/21)  [extra 1/50]
    fp=0.1485 tp=0.5000  [0.2s]
   nu  = 3.0000
  rho=3.26698 (22/22)  [extra 2/50]
    fp=0.1879 tp=0.5625  [0.3s]
   nu  = 3.0000
  rho=2.89411 (23/23)  [extra 3/50]
    fp=0.2299 tp=0.6354  [0.3s]
   nu  = 3.0000
  rho=2.56380 (24/24)  [extra 4/50]
    fp=0.2680 tp=0.6562  [0.3s]
   nu  = 3.0000
  rho=2.27118 (25/25)  [extra 5/50]
    fp=0.3047 tp=0.6771  [0.3s]
   nu  = 3.0000
  FPR 0.3047 >= fp_end=0.3; stopping after 25 fits
  grid extended by 5 points down to rho=2.27118, ending at FPR 0.3047
  pilot fit of run_tstar_varlasso at rho=0.30349
  -> rho_max = max|S_ij| (off-diag) = 0.66323
  rho grid: [0.6632328  0.58753591 0.52047855 0.46107466 0.40845073 0.36183294
 0.32053579 0.28395201 0.25154365 0.22283417 0.19740139 0.17487134
 0.15491271 0.13723202 0.12156929 0.1076942  0.09540271 0.0845141
 0.07486823 0.06632328]
Running run_tstar_varlasso over 20 rho values, extending until FPR >= 0.3...
  rho=0.66323 (1/20)
    fp=0.0002 tp=0.0208  [0.1s]
   nu  = 3.0000
  rho=0.58754 (2/20)
    fp=0.0004 tp=0.0208  [0.0s]
   nu  = 3.0000
  rho=0.52048 (3/20)
    fp=0.0008 tp=0.0417  [0.0s]
   nu  = 3.0000
  rho=0.46107 (4/20)
    fp=0.0012 tp=0.0625  [0.0s]
   nu  = 3.0000
  rho=0.40845 (5/20)
    fp=0.0021 tp=0.0938  [0.0s]
   nu  = 3.0000
  rho=0.36183 (6/20)
    fp=0.0043 tp=0.1458  [0.1s]
   nu  = 3.0000
  rho=0.32054 (7/20)
    fp=0.0078 tp=0.1979  [0.1s]
   nu  = 3.0000
  rho=0.28395 (8/20)
    fp=0.0126 tp=0.2708  [0.1s]
   nu  = 3.0000
  rho=0.25154 (9/20)
    fp=0.0214 tp=0.3125  [0.1s]
   nu  = 3.0000
  rho=0.22283 (10/20)
    fp=0.0365 tp=0.3958  [0.1s]
   nu  = 3.0000
  rho=0.19740 (11/20)
    fp=0.0523 tp=0.4688  [0.1s]
   nu  = 3.0000
  rho=0.17487 (12/20)
    fp=0.0686 tp=0.5104  [0.1s]
   nu  = 3.0000
  rho=0.15491 (13/20)
    fp=0.0898 tp=0.5625  [0.1s]
   nu  = 3.0000
  rho=0.13723 (14/20)
    fp=0.1115 tp=0.6146  [0.1s]
   nu  = 3.0000
  rho=0.12157 (15/20)
    fp=0.1339 tp=0.6458  [0.1s]
   nu  = 3.0000
  rho=0.10769 (16/20)
    fp=0.1621 tp=0.7188  [0.1s]
   nu  = 3.0000
  rho=0.09540 (17/20)
    fp=0.1895 tp=0.7917  [0.1s]
   nu  = 3.0000
  rho=0.08451 (18/20)
    fp=0.2134 tp=0.8021  [0.1s]
   nu  = 3.0000
  rho=0.07487 (19/20)
    fp=0.2410 tp=0.8229  [0.1s]
   nu  = 3.0000
  rho=0.06632 (20/20)
    fp=0.2662 tp=0.8229  [0.1s]
   nu  = 3.0000
  rho=0.05875 (21/21)  [extra 1/50]
    fp=0.2888 tp=0.8229  [0.1s]
   nu  = 3.0000
  rho=0.05205 (22/22)  [extra 2/50]
    fp=0.3136 tp=0.8333  [0.1s]
   nu  = 3.0000
  FPR 0.3136 >= fp_end=0.3; stopping after 22 fits
  grid extended by 2 points down to rho=0.05205, ending at FPR 0.3136
  pilot fit of run_em_diagonal at rho=0.30349
  -> rho_max = max|S_ij| (off-diag) = 0.74995
  rho grid: [0.74994575 0.66435204 0.58852741 0.52135688 0.46185275 0.40914001
 0.36244355 0.3210767  0.28443119 0.25196815 0.22321021 0.19773451
 0.17516644 0.15517413 0.13746361 0.12177445 0.10787594 0.09556371
 0.08465672 0.07499458]
Running run_em_diagonal over 20 rho values, extending until FPR >= 0.3...
  rho=0.74995 (1/20)
    fp=0.0004 tp=0.0208  [6.0s]
   median nu  = 0.088
   median |eta| = 1.647
  rho=0.66435 (2/20)
    fp=0.0004 tp=0.0312  [6.0s]
   median nu  = 0.103
   median |eta| = 1.518
  rho=0.58853 (3/20)
    fp=0.0010 tp=0.0833  [5.9s]
   median nu  = 0.126
   median |eta| = 1.409
  rho=0.52136 (4/20)
    fp=0.0027 tp=0.1146  [5.6s]
   median nu  = 0.158
   median |eta| = 1.288
  rho=0.46185 (5/20)
    fp=0.0043 tp=0.1667  [5.6s]
   median nu  = 0.192
   median |eta| = 1.176
  rho=0.40914 (6/20)
    fp=0.0078 tp=0.1875  [5.7s]
   median nu  = 0.223
   median |eta| = 1.113
  rho=0.36244 (7/20)
    fp=0.0132 tp=0.2396  [5.7s]
   median nu  = 0.256
   median |eta| = 0.995
  rho=0.32108 (8/20)
    fp=0.0206 tp=0.3333  [5.6s]
   median nu  = 0.307
   median |eta| = 0.931
  rho=0.28443 (9/20)
    fp=0.0328 tp=0.3958  [5.7s]
   median nu  = 0.347
   median |eta| = 0.921
  rho=0.25197 (10/20)
    fp=0.0445 tp=0.4167  [5.6s]
   median nu  = 0.408
   median |eta| = 0.817
  rho=0.22321 (11/20)
    fp=0.0604 tp=0.5000  [5.7s]
   median nu  = 0.452
   median |eta| = 0.696
  rho=0.19773 (12/20)
    fp=0.0764 tp=0.5521  [5.4s]
   median nu  = 0.476
   median |eta| = 0.498
  rho=0.17517 (13/20)
    fp=0.0935 tp=0.5833  [5.8s]
   median nu  = 0.52
   median |eta| = 0.443
  rho=0.15517 (14/20)
    fp=0.1133 tp=0.6562  [5.8s]
   median nu  = 0.596
   median |eta| = 0.376
  rho=0.13746 (15/20)
    fp=0.1296 tp=0.6875  [5.3s]
   median nu  = 0.683
   median |eta| = 0.378
  rho=0.12177 (16/20)
    fp=0.1510 tp=0.7083  [5.3s]
   median nu  = 0.754
   median |eta| = 0.228
  rho=0.10788 (17/20)
    fp=0.1726 tp=0.7292  [5.2s]
   median nu  = 0.825
   median |eta| = 0.201
  rho=0.09556 (18/20)
    fp=0.1926 tp=0.7292  [5.2s]
   median nu  = 0.912
   median |eta| = 0.144
  rho=0.08466 (19/20)
    fp=0.2091 tp=0.7604  [5.5s]
   median nu  = 0.986
   median |eta| = 0.119
  rho=0.07499 (20/20)
    fp=0.2252 tp=0.7812  [5.5s]
   median nu  = 1.071
   median |eta| = 0.102
  rho=0.06644 (21/21)  [extra 1/50]
    fp=0.2384 tp=0.8333  [5.0s]
   median nu  = 1.155
   median |eta| = 0.079
  rho=0.05885 (22/22)  [extra 2/50]
    fp=0.2526 tp=0.8438  [4.7s]
   median nu  = 1.292
   median |eta| = 0.061
  rho=0.05214 (23/23)  [extra 3/50]
    fp=0.2666 tp=0.8438  [5.2s]
   median nu  = 1.391
   median |eta| = 0.039
  rho=0.04619 (24/24)  [extra 4/50]
    fp=0.2804 tp=0.8542  [5.2s]
   median nu  = 1.507
   median |eta| = 0.031
  rho=0.04091 (25/25)  [extra 5/50]
    fp=0.2971 tp=0.8542  [5.1s]
   median nu  = 1.62
   median |eta| = 0.026
  rho=0.03624 (26/26)  [extra 6/50]
    fp=0.3096 tp=0.8542  [5.1s]
   median nu  = 1.761
   median |eta| = 0.021
  FPR 0.3096 >= fp_end=0.3; stopping after 26 fits
  grid extended by 6 points down to rho=0.03624, ending at FPR 0.3096
  pilot fit of run_em_exact at rho=0.30349
  -> rho_max = max|S_ij| (off-diag) = 0.74585
  rho grid: [0.74585209 0.6607256  0.58531486 0.518511   0.45933167 0.40690668
 0.36046511 0.31932407 0.28287859 0.25059275 0.22199179 0.19665516
 0.17421027 0.1543271  0.13671325 0.12110973 0.10728709 0.09504207
 0.08419461 0.07458521]
Running run_em_exact over 20 rho values, extending until FPR >= 0.3...
  rho=0.74585 (1/20)
    fp=0.0004 tp=0.0208  [6.0s]
   median nu  = 0.089
   median |eta| = 1.649
  rho=0.66073 (2/20)
    fp=0.0006 tp=0.0312  [6.2s]
   median nu  = 0.105
   median |eta| = 1.499
  rho=0.58531 (3/20)
    fp=0.0012 tp=0.0833  [5.6s]
   median nu  = 0.129
   median |eta| = 1.413
  rho=0.51851 (4/20)
    fp=0.0027 tp=0.1250  [5.7s]
   median nu  = 0.162
   median |eta| = 1.28
  rho=0.45933 (5/20)
    fp=0.0045 tp=0.1667  [5.7s]
   median nu  = 0.205
   median |eta| = 1.163
  rho=0.40691 (6/20)
    fp=0.0078 tp=0.1875  [5.6s]
   median nu  = 0.243
   median |eta| = 1.1
  rho=0.36047 (7/20)
    fp=0.0142 tp=0.2396  [5.6s]
   median nu  = 0.297
   median |eta| = 0.965
  rho=0.31932 (8/20)
    fp=0.0220 tp=0.3333  [5.5s]
   median nu  = 0.341
   median |eta| = 0.825
  rho=0.28288 (9/20)
    fp=0.0348 tp=0.3958  [5.4s]
   median nu  = 0.42
   median |eta| = 0.676
  rho=0.25059 (10/20)
    fp=0.0478 tp=0.4271  [5.3s]
   median nu  = 0.499
   median |eta| = 0.58
  rho=0.22199 (11/20)
    fp=0.0632 tp=0.5000  [5.1s]
   median nu  = 0.578
   median |eta| = 0.451
  rho=0.19666 (12/20)
    fp=0.0803 tp=0.5521  [5.4s]
   median nu  = 0.65
   median |eta| = 0.332
  rho=0.17421 (13/20)
    fp=0.1001 tp=0.5833  [5.3s]
   median nu  = 0.72
   median |eta| = 0.247
  rho=0.15433 (14/20)
    fp=0.1172 tp=0.6771  [5.0s]
   median nu  = 0.792
   median |eta| = 0.188
  rho=0.13671 (15/20)
    fp=0.1364 tp=0.6979  [4.4s]
   median nu  = 0.863
   median |eta| = 0.141
  rho=0.12111 (16/20)
    fp=0.1570 tp=0.7396  [4.4s]
   median nu  = 0.913
   median |eta| = 0.107
  rho=0.10729 (17/20)
    fp=0.1757 tp=0.7396  [4.7s]
   median nu  = 0.984
   median |eta| = 0.076
  rho=0.09504 (18/20)
    fp=0.1934 tp=0.7500  [4.8s]
   median nu  = 1.068
   median |eta| = 0.051
  rho=0.08419 (19/20)
    fp=0.2105 tp=0.7917  [4.1s]
   median nu  = 1.164
   median |eta| = 0.037
  rho=0.07459 (20/20)
    fp=0.2262 tp=0.8021  [3.1s]
   median nu  = 1.269
   median |eta| = 0.026
  rho=0.06607 (21/21)  [extra 1/50]
    fp=0.2421 tp=0.8229  [2.6s]
   median nu  = 1.388
   median |eta| = 0.02
  rho=0.05853 (22/22)  [extra 2/50]
    fp=0.2561 tp=0.8438  [2.0s]
   median nu  = 1.495
   median |eta| = 0.015
  rho=0.05185 (23/23)  [extra 3/50]
    fp=0.2728 tp=0.8438  [1.9s]
   median nu  = 1.608
   median |eta| = 0.011
  rho=0.04593 (24/24)  [extra 4/50]
    fp=0.2857 tp=0.8438  [1.6s]
   median nu  = 1.75
   median |eta| = 0.009
  rho=0.04069 (25/25)  [extra 5/50]
    fp=0.2971 tp=0.8438  [1.5s]
   median nu  = 1.884
   median |eta| = 0.007
  rho=0.03605 (26/26)  [extra 6/50]
    fp=0.3092 tp=0.8438  [1.4s]
   median nu  = 2.022
   median |eta| = 0.005
  FPR 0.3092 >= fp_end=0.3; stopping after 26 fits
  grid extended by 6 points down to rho=0.03605, ending at FPR 0.3092
  graphical_lasso rho_max = max|S_ij| (off-diag) = 3.37956
  rho grid: [3.37956362 2.99384317 2.65214624 2.34944828 2.08129821 1.84375296
 1.63331952 1.44690352 1.28176378 1.13547196 1.0058769  0.89107294
 0.78937193 0.69927838 0.61946749 0.54876568 0.48613329 0.43064934
 0.38149795 0.33795636]
Running graphical_lasso over 20 rho values, extending until FPR >= 0.3...
  rho=3.37956 (1/20)
    fp=0.0000 tp=0.0000  [0.0s]
  rho=2.99384 (2/20)
    fp=0.0002 tp=0.0000  [0.0s]
  rho=2.65215 (3/20)
    fp=0.0006 tp=0.0000  [4.8s]
  rho=2.34945 (4/20)
    fp=0.0014 tp=0.0000  [0.0s]
  rho=2.08130 (5/20)
    fp=0.0016 tp=0.0000  [4.9s]
  rho=1.84375 (6/20)
    fp=0.0027 tp=0.0000  [4.8s]
  rho=1.63332 (7/20)
    fp=0.0031 tp=0.0000  [0.0s]
  rho=1.44690 (8/20)
    fp=0.0041 tp=0.0000  [4.8s]
  rho=1.28176 (9/20)
    fp=0.0049 tp=0.0208  [0.0s]
  rho=1.13547 (10/20)
    fp=0.0072 tp=0.0208  [4.8s]
  rho=1.00588 (11/20)
    fp=0.0095 tp=0.0312  [4.8s]
  rho=0.89107 (12/20)
    fp=0.0136 tp=0.0625  [4.9s]
  rho=0.78937 (13/20)
    fp=0.0194 tp=0.0938  [0.0s]
  rho=0.69928 (14/20)
    fp=0.0276 tp=0.1042  [4.8s]
  rho=0.61947 (15/20)
    fp=0.0396 tp=0.1979  [0.0s]
  rho=0.54877 (16/20)
    fp=0.0536 tp=0.2396  [4.9s]
  rho=0.48613 (17/20)
    fp=0.0731 tp=0.3125  [0.0s]
  rho=0.43065 (18/20)
    fp=0.0927 tp=0.3542  [0.0s]
  rho=0.38150 (19/20)
    fp=0.1121 tp=0.4062  [0.1s]
  rho=0.33796 (20/20)
    fp=0.1370 tp=0.4896  [0.0s]
  rho=0.29938 (21/21)  [extra 1/50]
    fp=0.1667 tp=0.5521  [0.1s]
  rho=0.26521 (22/22)  [extra 2/50]
    fp=0.1974 tp=0.5938  [0.0s]
  rho=0.23494 (23/23)  [extra 3/50]
    fp=0.2326 tp=0.6354  [0.0s]
  rho=0.20813 (24/24)  [extra 4/50]
    fp=0.2623 tp=0.6458  [0.1s]
  rho=0.18438 (25/25)  [extra 5/50]
    fp=0.2936 tp=0.6667  [0.0s]
  rho=0.16333 (26/26)  [extra 6/50]
    fp=0.3206 tp=0.6979  [0.0s]
  FPR 0.3206 >= fp_end=0.3; stopping after 26 fits
  [note] 9/26 fits hit a glasso ConvergenceWarning (suppressed)
  grid extended by 6 points down to rho=0.16333, ending at FPR 0.3206

(p=100, n=50) over 35 replicates
  t+lasso  (run_em_diagonal):    AUC = 0.197 (SE 0.003)
  ~t+lasso (run_em_exact):       AUC = 0.197 (SE 0.003)
  tlasso   (run_tlasso):         AUC = 0.146 (SE 0.003)
  t*lasso  (run_tstar_varlasso): AUC = 0.194 (SE 0.003)
  glasso   (graphical_lasso):    AUC = 0.145 (SE 0.003)
Replicate 36/50
  Theta: 97/4950 edges
  pilot fit of run_tlasso at rho=30.34854
  -> rho_max = max|S_ij| (off-diag) = 34.47747
  rho grid: [34.47747331 30.54244862 27.05654093 23.96849107 21.23289026 18.80951235
 16.66272233 14.76095235 13.07623748 11.58380453 10.26170774  9.0905061
  8.05297746  7.1338653   6.31965435  5.59837192  4.95941176  4.39337818
  3.89194783  3.44774733]
Running run_tlasso over 20 rho values, extending until FPR >= 0.3...
  rho=34.47747 (1/20)
    fp=0.0004 tp=0.0000  [0.1s]
   nu  = 3.0000
  rho=30.54245 (2/20)
    fp=0.0006 tp=0.0000  [0.1s]
   nu  = 3.0000
  rho=27.05654 (3/20)
    fp=0.0010 tp=0.0000  [0.1s]
   nu  = 3.0000
  rho=23.96849 (4/20)
    fp=0.0012 tp=0.0000  [0.1s]
   nu  = 3.0000
  rho=21.23289 (5/20)
    fp=0.0019 tp=0.0000  [0.1s]
   nu  = 3.0000
  rho=18.80951 (6/20)
    fp=0.0031 tp=0.0000  [0.1s]
   nu  = 3.0000
  rho=16.66272 (7/20)
    fp=0.0039 tp=0.0000  [0.1s]
   nu  = 3.0000
  rho=14.76095 (8/20)
    fp=0.0058 tp=0.0000  [0.1s]
   nu  = 3.0000
  rho=13.07624 (9/20)
    fp=0.0082 tp=0.0000  [0.1s]
   nu  = 3.0000
  rho=11.58380 (10/20)
    fp=0.0105 tp=0.0206  [0.1s]
   nu  = 3.0000
  rho=10.26171 (11/20)
    fp=0.0122 tp=0.0309  [0.1s]
   nu  = 3.0000
  rho=9.09051 (12/20)
    fp=0.0159 tp=0.0619  [0.1s]
   nu  = 3.0000
  rho=8.05298 (13/20)
    fp=0.0210 tp=0.0825  [0.1s]
   nu  = 3.0000
  rho=7.13387 (14/20)
    fp=0.0274 tp=0.1134  [0.1s]
   nu  = 3.0000
  rho=6.31965 (15/20)
    fp=0.0365 tp=0.1753  [0.1s]
   nu  = 3.0000
  rho=5.59837 (16/20)
    fp=0.0495 tp=0.1959  [0.1s]
   nu  = 3.0000
  rho=4.95941 (17/20)
    fp=0.0659 tp=0.2577  [0.1s]
   nu  = 3.0000
  rho=4.39338 (18/20)
    fp=0.0826 tp=0.2990  [0.1s]
   nu  = 3.0000
  rho=3.89195 (19/20)
    fp=0.1096 tp=0.3711  [0.2s]
   nu  = 3.0000
  rho=3.44775 (20/20)
    fp=0.1416 tp=0.4124  [0.2s]
   nu  = 3.0000
  rho=3.05424 (21/21)  [extra 1/50]
    fp=0.1756 tp=0.4845  [0.2s]
   nu  = 3.0000
  rho=2.70565 (22/22)  [extra 2/50]
    fp=0.2170 tp=0.5361  [0.2s]
   nu  = 3.0000
  rho=2.39685 (23/23)  [extra 3/50]
    fp=0.2592 tp=0.6289  [0.2s]
   nu  = 3.0000
  rho=2.12329 (24/24)  [extra 4/50]
    fp=0.3031 tp=0.6701  [0.3s]
   nu  = 3.0000
  FPR 0.3031 >= fp_end=0.3; stopping after 24 fits
  grid extended by 4 points down to rho=2.12329, ending at FPR 0.3031
  pilot fit of run_tstar_varlasso at rho=0.30349
  -> rho_max = max|S_ij| (off-diag) = 0.51132
  rho grid: [0.51131759 0.45295928 0.40126158 0.35546431 0.31489403 0.27895416
 0.24711623 0.21891206 0.19392692 0.17179342 0.15218609 0.1348166
 0.11942955 0.10579867 0.09372353 0.08302656 0.07355047 0.06515592
 0.05771947 0.05113176]
Running run_tstar_varlasso over 20 rho values, extending until FPR >= 0.3...
  rho=0.51132 (1/20)
    fp=0.0006 tp=0.0000  [0.1s]
   nu  = 3.0000
  rho=0.45296 (2/20)
    fp=0.0012 tp=0.0000  [0.0s]
   nu  = 3.0000
  rho=0.40126 (3/20)
    fp=0.0014 tp=0.0206  [0.0s]
   nu  = 3.0000
  rho=0.35546 (4/20)
    fp=0.0031 tp=0.0722  [0.0s]
   nu  = 3.0000
  rho=0.31489 (5/20)
    fp=0.0070 tp=0.1237  [0.1s]
   nu  = 3.0000
  rho=0.27895 (6/20)
    fp=0.0115 tp=0.1753  [0.1s]
   nu  = 3.0000
  rho=0.24712 (7/20)
    fp=0.0190 tp=0.2371  [0.1s]
   nu  = 3.0000
  rho=0.21891 (8/20)
    fp=0.0328 tp=0.2990  [0.1s]
   nu  = 3.0000
  rho=0.19393 (9/20)
    fp=0.0482 tp=0.3299  [0.1s]
   nu  = 3.0000
  rho=0.17179 (10/20)
    fp=0.0639 tp=0.4330  [0.1s]
   nu  = 3.0000
  rho=0.15219 (11/20)
    fp=0.0828 tp=0.5052  [0.1s]
   nu  = 3.0000
  rho=0.13482 (12/20)
    fp=0.1061 tp=0.5567  [0.1s]
   nu  = 3.0000
  rho=0.11943 (13/20)
    fp=0.1317 tp=0.6186  [0.1s]
   nu  = 3.0000
  rho=0.10580 (14/20)
    fp=0.1564 tp=0.6701  [0.1s]
   nu  = 3.0000
  rho=0.09372 (15/20)
    fp=0.1811 tp=0.7010  [0.1s]
   nu  = 3.0000
  rho=0.08303 (16/20)
    fp=0.2077 tp=0.7216  [0.1s]
   nu  = 3.0000
  rho=0.07355 (17/20)
    fp=0.2382 tp=0.7423  [0.1s]
   nu  = 3.0000
  rho=0.06516 (18/20)
    fp=0.2615 tp=0.7835  [0.1s]
   nu  = 3.0000
  rho=0.05772 (19/20)
    fp=0.2924 tp=0.8144  [0.1s]
   nu  = 3.0000
  rho=0.05113 (20/20)
    fp=0.3151 tp=0.8144  [0.1s]
   nu  = 3.0000
  FPR 0.3151 >= fp_end=0.3; stopping after 20 fits
  pilot fit of run_em_diagonal at rho=0.30349
  -> rho_max = max|S_ij| (off-diag) = 0.70798
  rho grid: [0.70798486 0.62718027 0.55559818 0.49218597 0.43601121 0.38624785
 0.34216414 0.30311185 0.26851672 0.23787005 0.21072118 0.18667089
 0.16536554 0.14649184 0.12977226 0.11496093 0.10184007 0.09021674
 0.07992001 0.07079849]
Running run_em_diagonal over 20 rho values, extending until FPR >= 0.3...
  rho=0.70798 (1/20)
    fp=0.0006 tp=0.0000  [5.6s]
   median nu  = 0.074
   median |eta| = 2.153
  rho=0.62718 (2/20)
    fp=0.0012 tp=0.0103  [5.6s]
   median nu  = 0.088
   median |eta| = 2.035
  rho=0.55560 (3/20)
    fp=0.0021 tp=0.0412  [5.6s]
   median nu  = 0.108
   median |eta| = 1.803
  rho=0.49219 (4/20)
    fp=0.0029 tp=0.0619  [5.5s]
   median nu  = 0.137
   median |eta| = 1.554
  rho=0.43601 (5/20)
    fp=0.0052 tp=0.1031  [5.6s]
   median nu  = 0.176
   median |eta| = 1.452
  rho=0.38625 (6/20)
    fp=0.0109 tp=0.1443  [5.5s]
   median nu  = 0.209
   median |eta| = 1.3
  rho=0.34216 (7/20)
    fp=0.0165 tp=0.1856  [5.6s]
   median nu  = 0.252
   median |eta| = 1.184
  rho=0.30311 (8/20)
    fp=0.0256 tp=0.2577  [5.5s]
   median nu  = 0.296
   median |eta| = 0.993
  rho=0.26852 (9/20)
    fp=0.0377 tp=0.3093  [5.5s]
   median nu  = 0.355
   median |eta| = 0.803
  rho=0.23787 (10/20)
    fp=0.0523 tp=0.3814  [5.3s]
   median nu  = 0.405
   median |eta| = 0.66
  rho=0.21072 (11/20)
    fp=0.0678 tp=0.4330  [5.3s]
   median nu  = 0.47
   median |eta| = 0.555
  rho=0.18667 (12/20)
    fp=0.0826 tp=0.4639  [5.3s]
   median nu  = 0.529
   median |eta| = 0.451
  rho=0.16537 (13/20)
    fp=0.1018 tp=0.5361  [5.2s]
   median nu  = 0.586
   median |eta| = 0.35
  rho=0.14649 (14/20)
    fp=0.1210 tp=0.5876  [5.1s]
   median nu  = 0.66
   median |eta| = 0.261
  rho=0.12977 (15/20)
    fp=0.1379 tp=0.6392  [5.2s]
   median nu  = 0.729
   median |eta| = 0.212
  rho=0.11496 (16/20)
    fp=0.1570 tp=0.6907  [5.1s]
   median nu  = 0.794
   median |eta| = 0.178
  rho=0.10184 (17/20)
    fp=0.1747 tp=0.7320  [5.1s]
   median nu  = 0.845
   median |eta| = 0.147
  rho=0.09022 (18/20)
    fp=0.1933 tp=0.7835  [5.1s]
   median nu  = 0.921
   median |eta| = 0.121
  rho=0.07992 (19/20)
    fp=0.2120 tp=0.8144  [5.2s]
   median nu  = 1.009
   median |eta| = 0.094
  rho=0.07080 (20/20)
    fp=0.2293 tp=0.8144  [4.9s]
   median nu  = 1.102
   median |eta| = 0.077
  rho=0.06272 (21/21)  [extra 1/50]
    fp=0.2510 tp=0.8351  [5.3s]
   median nu  = 1.207
   median |eta| = 0.058
  rho=0.05556 (22/22)  [extra 2/50]
    fp=0.2677 tp=0.8351  [4.6s]
   median nu  = 1.282
   median |eta| = 0.043
  rho=0.04922 (23/23)  [extra 3/50]
    fp=0.2854 tp=0.8454  [5.0s]
   median nu  = 1.4
   median |eta| = 0.033
  rho=0.04360 (24/24)  [extra 4/50]
    fp=0.3068 tp=0.8454  [5.0s]
   median nu  = 1.499
   median |eta| = 0.028
  FPR 0.3068 >= fp_end=0.3; stopping after 24 fits
  grid extended by 4 points down to rho=0.04360, ending at FPR 0.3068
  pilot fit of run_em_exact at rho=0.30349
  -> rho_max = max|S_ij| (off-diag) = 0.72591
  rho grid: [0.72590855 0.64305828 0.56966397 0.50464639 0.44704948 0.39602629
 0.35082654 0.31078558 0.27531462 0.24389208 0.2160559  0.19139674
 0.16955202 0.1502005  0.13305764 0.11787134 0.10441831 0.09250071
 0.08194331 0.07259085]
Running run_em_exact over 20 rho values, extending until FPR >= 0.3...
  rho=0.72591 (1/20)
    fp=0.0004 tp=0.0000  [5.7s]
   median nu  = 0.072
   median |eta| = 2.156
  rho=0.64306 (2/20)
    fp=0.0012 tp=0.0103  [5.8s]
   median nu  = 0.085
   median |eta| = 2.085
  rho=0.56966 (3/20)
    fp=0.0021 tp=0.0412  [5.7s]
   median nu  = 0.103
   median |eta| = 1.85
  rho=0.50465 (4/20)
    fp=0.0025 tp=0.0515  [5.8s]
   median nu  = 0.129
   median |eta| = 1.614
  rho=0.44705 (5/20)
    fp=0.0043 tp=0.0928  [5.7s]
   median nu  = 0.168
   median |eta| = 1.412
  rho=0.39603 (6/20)
    fp=0.0099 tp=0.1443  [5.4s]
   median nu  = 0.207
   median |eta| = 1.195
  rho=0.35083 (7/20)
    fp=0.0152 tp=0.1753  [5.4s]
   median nu  = 0.247
   median |eta| = 1.001
  rho=0.31079 (8/20)
    fp=0.0235 tp=0.2165  [5.2s]
   median nu  = 0.313
   median |eta| = 0.828
  rho=0.27531 (9/20)
    fp=0.0352 tp=0.2990  [5.2s]
   median nu  = 0.364
   median |eta| = 0.677
  rho=0.24389 (10/20)
    fp=0.0499 tp=0.3711  [5.2s]
   median nu  = 0.425
   median |eta| = 0.564
  rho=0.21606 (11/20)
    fp=0.0659 tp=0.4330  [5.0s]
   median nu  = 0.509
   median |eta| = 0.435
  rho=0.19140 (12/20)
    fp=0.0839 tp=0.4536  [4.9s]
   median nu  = 0.579
   median |eta| = 0.331
  rho=0.16955 (13/20)
    fp=0.1004 tp=0.5258  [4.8s]
   median nu  = 0.649
   median |eta| = 0.211
  rho=0.15020 (14/20)
    fp=0.1191 tp=0.5670  [4.7s]
   median nu  = 0.725
   median |eta| = 0.158
  rho=0.13306 (15/20)
    fp=0.1385 tp=0.6289  [4.4s]
   median nu  = 0.817
   median |eta| = 0.123
  rho=0.11787 (16/20)
    fp=0.1597 tp=0.6907  [4.5s]
   median nu  = 0.907
   median |eta| = 0.091
  rho=0.10442 (17/20)
    fp=0.1749 tp=0.7320  [4.4s]
   median nu  = 0.994
   median |eta| = 0.073
  rho=0.09250 (18/20)
    fp=0.1939 tp=0.7732  [4.8s]
   median nu  = 1.077
   median |eta| = 0.052
  rho=0.08194 (19/20)
    fp=0.2122 tp=0.7835  [3.4s]
   median nu  = 1.171
   median |eta| = 0.036
  rho=0.07259 (20/20)
    fp=0.2289 tp=0.8041  [2.5s]
   median nu  = 1.289
   median |eta| = 0.026
  rho=0.06431 (21/21)  [extra 1/50]
    fp=0.2477 tp=0.8144  [1.8s]
   median nu  = 1.396
   median |eta| = 0.019
  rho=0.05697 (22/22)  [extra 2/50]
    fp=0.2642 tp=0.8351  [1.6s]
   median nu  = 1.503
   median |eta| = 0.014
  rho=0.05046 (23/23)  [extra 3/50]
    fp=0.2815 tp=0.8454  [1.7s]
   median nu  = 1.613
   median |eta| = 0.011
  rho=0.04470 (24/24)  [extra 4/50]
    fp=0.2971 tp=0.8557  [1.5s]
   median nu  = 1.731
   median |eta| = 0.008
  rho=0.03960 (25/25)  [extra 5/50]
    fp=0.3126 tp=0.8660  [1.4s]
   median nu  = 1.848
   median |eta| = 0.006
  FPR 0.3126 >= fp_end=0.3; stopping after 25 fits
  grid extended by 5 points down to rho=0.03960, ending at FPR 0.3126
  graphical_lasso rho_max = max|S_ij| (off-diag) = 2.91152
  rho grid: [2.91151518 2.57921461 2.28484057 2.02406438 1.79305142 1.5884047
 1.40711498 1.24651643 1.10424751 0.97821619 0.86656924 0.76766491
 0.68004885 0.60243269 0.53367512 0.47276506 0.41880687 0.3710071
 0.32866287 0.29115152]
Running graphical_lasso over 20 rho values, extending until FPR >= 0.3...
  rho=2.91152 (1/20)
    fp=0.0000 tp=0.0000  [0.0s]
  rho=2.57921 (2/20)
    fp=0.0002 tp=0.0000  [0.0s]
  rho=2.28484 (3/20)
    fp=0.0002 tp=0.0000  [4.8s]
  rho=2.02406 (4/20)
    fp=0.0008 tp=0.0000  [0.0s]
  rho=1.79305 (5/20)
    fp=0.0012 tp=0.0000  [0.0s]
  rho=1.58840 (6/20)
    fp=0.0014 tp=0.0000  [0.0s]
  rho=1.40711 (7/20)
    fp=0.0023 tp=0.0000  [4.8s]
  rho=1.24652 (8/20)
    fp=0.0039 tp=0.0000  [0.0s]
  rho=1.10425 (9/20)
    fp=0.0062 tp=0.0000  [4.8s]
  rho=0.97822 (10/20)
    fp=0.0087 tp=0.0000  [4.8s]
  rho=0.86657 (11/20)
    fp=0.0109 tp=0.0309  [4.8s]
  rho=0.76766 (12/20)
    fp=0.0157 tp=0.0412  [0.0s]
  rho=0.68005 (13/20)
    fp=0.0212 tp=0.0825  [0.0s]
  rho=0.60243 (14/20)
    fp=0.0288 tp=0.1340  [4.8s]
  rho=0.53368 (15/20)
    fp=0.0412 tp=0.1649  [0.0s]
  rho=0.47277 (16/20)
    fp=0.0565 tp=0.2474  [0.0s]
  rho=0.41881 (17/20)
    fp=0.0713 tp=0.2784  [0.0s]
  rho=0.37101 (18/20)
    fp=0.0950 tp=0.3299  [0.0s]
  rho=0.32866 (19/20)
    fp=0.1205 tp=0.3608  [0.0s]
  rho=0.29115 (20/20)
    fp=0.1475 tp=0.4536  [0.0s]
  rho=0.25792 (21/21)  [extra 1/50]
    fp=0.1780 tp=0.5052  [0.0s]
  rho=0.22848 (22/22)  [extra 2/50]
    fp=0.2141 tp=0.5567  [0.0s]
  rho=0.20241 (23/23)  [extra 3/50]
    fp=0.2506 tp=0.5979  [0.2s]
  rho=0.17931 (24/24)  [extra 4/50]
    fp=0.2839 tp=0.6598  [0.0s]
  rho=0.15884 (25/25)  [extra 5/50]
    fp=0.3208 tp=0.6701  [0.0s]
  FPR 0.3208 >= fp_end=0.3; stopping after 25 fits
  [note] 6/25 fits hit a glasso ConvergenceWarning (suppressed)
  grid extended by 5 points down to rho=0.15884, ending at FPR 0.3208

(p=100, n=50) over 36 replicates
  t+lasso  (run_em_diagonal):    AUC = 0.196 (SE 0.003)
  ~t+lasso (run_em_exact):       AUC = 0.197 (SE 0.003)
  tlasso   (run_tlasso):         AUC = 0.145 (SE 0.003)
  t*lasso  (run_tstar_varlasso): AUC = 0.193 (SE 0.003)
  glasso   (graphical_lasso):    AUC = 0.145 (SE 0.003)
Replicate 37/50
  Theta: 89/4950 edges
  pilot fit of run_tlasso at rho=30.34854
  -> rho_max = max|S_ij| (off-diag) = 65.39026
  rho grid: [65.39026045 57.92706015 51.31565885 45.45883801 40.27047492 35.67427637
 31.6026567  27.99574406 24.80049994 21.96993928 19.4624396  17.2411289
 15.27334352 13.5301478  11.98590861 10.61791839  9.40606128  8.33251732
  7.38150037  6.53902605]
Running run_tlasso over 20 rho values, extending until FPR >= 0.3...
  rho=65.39026 (1/20)
    fp=0.0002 tp=0.0000  [0.1s]
   nu  = 3.0000
  rho=57.92706 (2/20)
    fp=0.0002 tp=0.0000  [0.0s]
   nu  = 3.0000
  rho=51.31566 (3/20)
    fp=0.0002 tp=0.0000  [0.1s]
   nu  = 3.0000
  rho=45.45884 (4/20)
    fp=0.0002 tp=0.0000  [0.1s]
   nu  = 3.0000
  rho=40.27047 (5/20)
    fp=0.0002 tp=0.0000  [0.1s]
   nu  = 3.0000
  rho=35.67428 (6/20)
    fp=0.0002 tp=0.0000  [0.1s]
   nu  = 3.0000
  rho=31.60266 (7/20)
    fp=0.0004 tp=0.0000  [0.1s]
   nu  = 3.0000
  rho=27.99574 (8/20)
    fp=0.0006 tp=0.0112  [0.1s]
   nu  = 3.0000
  rho=24.80050 (9/20)
    fp=0.0006 tp=0.0112  [0.1s]
   nu  = 3.0000
  rho=21.96994 (10/20)
    fp=0.0014 tp=0.0112  [0.1s]
   nu  = 3.0000
  rho=19.46244 (11/20)
    fp=0.0016 tp=0.0112  [0.1s]
   nu  = 3.0000
  rho=17.24113 (12/20)
    fp=0.0025 tp=0.0337  [0.1s]
   nu  = 3.0000
  rho=15.27334 (13/20)
    fp=0.0029 tp=0.0449  [0.1s]
   nu  = 3.0000
  rho=13.53015 (14/20)
    fp=0.0045 tp=0.0674  [0.1s]
   nu  = 3.0000
  rho=11.98591 (15/20)
    fp=0.0064 tp=0.0674  [0.1s]
   nu  = 3.0000
  rho=10.61792 (16/20)
    fp=0.0084 tp=0.0899  [0.1s]
   nu  = 3.0000
  rho=9.40606 (17/20)
    fp=0.0128 tp=0.1011  [0.1s]
   nu  = 3.0000
  rho=8.33252 (18/20)
    fp=0.0175 tp=0.1348  [0.1s]
   nu  = 3.0000
  rho=7.38150 (19/20)
    fp=0.0226 tp=0.1685  [0.1s]
   nu  = 3.0000
  rho=6.53903 (20/20)
    fp=0.0311 tp=0.1910  [0.1s]
   nu  = 3.0000
  rho=5.79271 (21/21)  [extra 1/50]
    fp=0.0411 tp=0.2809  [0.1s]
   nu  = 3.0000
  rho=5.13157 (22/22)  [extra 2/50]
    fp=0.0564 tp=0.3146  [0.1s]
   nu  = 3.0000
  rho=4.54588 (23/23)  [extra 3/50]
    fp=0.0792 tp=0.3820  [0.1s]
   nu  = 3.0000
  rho=4.02705 (24/24)  [extra 4/50]
    fp=0.1053 tp=0.4607  [0.2s]
   nu  = 3.0000
  rho=3.56743 (25/25)  [extra 5/50]
    fp=0.1424 tp=0.5393  [0.2s]
   nu  = 3.0000
  rho=3.16027 (26/26)  [extra 6/50]
    fp=0.1868 tp=0.6067  [1.9s]
   nu  = 3.0000
  rho=2.79957 (27/27)  [extra 7/50]
    fp=0.2347 tp=0.6404  [0.3s]
   nu  = 3.0000
  rho=2.48005 (28/28)  [extra 8/50]
    fp=0.2748 tp=0.6966  [0.3s]
   nu  = 3.0000
  rho=2.19699 (29/29)  [extra 9/50]
    fp=0.3170 tp=0.7303  [0.3s]
   nu  = 3.0000
  FPR 0.3170 >= fp_end=0.3; stopping after 29 fits
  grid extended by 9 points down to rho=2.19699, ending at FPR 0.3170
  pilot fit of run_tstar_varlasso at rho=0.30349
  -> rho_max = max|S_ij| (off-diag) = 0.67444
  rho grid: [0.67444346 0.59746706 0.52927623 0.46886823 0.4153548  0.36794902
 0.32595382 0.28875166 0.25579551 0.22660075 0.20073808 0.17782719
 0.15753121 0.13955166 0.12362418 0.10951456 0.09701531 0.08594264
 0.07613373 0.06744435]
Running run_tstar_varlasso over 20 rho values, extending until FPR >= 0.3...
  rho=0.67444 (1/20)
    fp=0.0000 tp=0.0449  [0.1s]
   nu  = 3.0000
  rho=0.59747 (2/20)
    fp=0.0000 tp=0.0562  [0.0s]
   nu  = 3.0000
  rho=0.52928 (3/20)
    fp=0.0000 tp=0.0674  [0.0s]
   nu  = 3.0000
  rho=0.46887 (4/20)
    fp=0.0006 tp=0.0787  [0.0s]
   nu  = 3.0000
  rho=0.41535 (5/20)
    fp=0.0021 tp=0.1236  [0.0s]
   nu  = 3.0000
  rho=0.36795 (6/20)
    fp=0.0049 tp=0.2022  [0.1s]
   nu  = 3.0000
  rho=0.32595 (7/20)
    fp=0.0070 tp=0.2472  [0.1s]
   nu  = 3.0000
  rho=0.28875 (8/20)
    fp=0.0123 tp=0.3034  [0.1s]
   nu  = 3.0000
  rho=0.25580 (9/20)
    fp=0.0259 tp=0.3596  [0.1s]
   nu  = 3.0000
  rho=0.22660 (10/20)
    fp=0.0393 tp=0.4270  [0.1s]
   nu  = 3.0000
  rho=0.20074 (11/20)
    fp=0.0557 tp=0.4607  [0.1s]
   nu  = 3.0000
  rho=0.17783 (12/20)
    fp=0.0763 tp=0.5281  [0.1s]
   nu  = 3.0000
  rho=0.15753 (13/20)
    fp=0.0987 tp=0.5843  [0.1s]
   nu  = 3.0000
  rho=0.13955 (14/20)
    fp=0.1251 tp=0.6629  [0.1s]
   nu  = 3.0000
  rho=0.12362 (15/20)
    fp=0.1514 tp=0.6854  [0.1s]
   nu  = 3.0000
  rho=0.10951 (16/20)
    fp=0.1806 tp=0.7416  [0.1s]
   nu  = 3.0000
  rho=0.09702 (17/20)
    fp=0.2030 tp=0.7528  [0.1s]
   nu  = 3.0000
  rho=0.08594 (18/20)
    fp=0.2228 tp=0.7753  [0.1s]
   nu  = 3.0000
  rho=0.07613 (19/20)
    fp=0.2481 tp=0.7753  [0.1s]
   nu  = 3.0000
  rho=0.06744 (20/20)
    fp=0.2683 tp=0.7753  [0.1s]
   nu  = 3.0000
  rho=0.05975 (21/21)  [extra 1/50]
    fp=0.2890 tp=0.7978  [0.1s]
   nu  = 3.0000
  rho=0.05293 (22/22)  [extra 2/50]
    fp=0.3123 tp=0.8090  [0.1s]
   nu  = 3.0000
  FPR 0.3123 >= fp_end=0.3; stopping after 22 fits
  grid extended by 2 points down to rho=0.05293, ending at FPR 0.3123
  pilot fit of run_em_diagonal at rho=0.30349
  -> rho_max = max|S_ij| (off-diag) = 0.81548
  rho grid: [0.81548015 0.72240678 0.63995618 0.56691593 0.50221199 0.44489292
 0.39411587 0.34913416 0.30928636 0.27398651 0.24271555 0.21501365
 0.19047345 0.1687341  0.14947594 0.13241577 0.11730273 0.1039146
 0.09205449 0.08154801]
Running run_em_diagonal over 20 rho values, extending until FPR >= 0.3...
  rho=0.81548 (1/20)
    fp=0.0000 tp=0.0562  [6.1s]
   median nu  = 0.076
   median |eta| = 2.512
  rho=0.72241 (2/20)
    fp=0.0004 tp=0.0674  [6.1s]
   median nu  = 0.092
   median |eta| = 2.426
  rho=0.63996 (3/20)
    fp=0.0008 tp=0.1011  [6.1s]
   median nu  = 0.113
   median |eta| = 2.191
  rho=0.56692 (4/20)
    fp=0.0016 tp=0.1236  [6.1s]
   median nu  = 0.139
   median |eta| = 1.945
  rho=0.50221 (5/20)
    fp=0.0037 tp=0.1798  [6.0s]
   median nu  = 0.172
   median |eta| = 1.81
  rho=0.44489 (6/20)
    fp=0.0093 tp=0.2135  [6.0s]
   median nu  = 0.209
   median |eta| = 1.546
  rho=0.39412 (7/20)
    fp=0.0130 tp=0.2472  [5.9s]
   median nu  = 0.25
   median |eta| = 1.405
  rho=0.34913 (8/20)
    fp=0.0202 tp=0.3146  [5.8s]
   median nu  = 0.301
   median |eta| = 1.258
  rho=0.30929 (9/20)
    fp=0.0319 tp=0.3596  [5.6s]
   median nu  = 0.342
   median |eta| = 1.07
  rho=0.27399 (10/20)
    fp=0.0512 tp=0.4045  [5.6s]
   median nu  = 0.378
   median |eta| = 0.92
  rho=0.24272 (11/20)
    fp=0.0660 tp=0.4831  [5.6s]
   median nu  = 0.442
   median |eta| = 0.618
  rho=0.21501 (12/20)
    fp=0.0827 tp=0.5843  [5.6s]
   median nu  = 0.508
   median |eta| = 0.438
  rho=0.19047 (13/20)
    fp=0.1020 tp=0.6180  [5.4s]
   median nu  = 0.566
   median |eta| = 0.371
  rho=0.16873 (14/20)
    fp=0.1197 tp=0.6404  [5.4s]
   median nu  = 0.626
   median |eta| = 0.265
  rho=0.14948 (15/20)
    fp=0.1411 tp=0.6517  [5.3s]
   median nu  = 0.701
   median |eta| = 0.203
  rho=0.13242 (16/20)
    fp=0.1609 tp=0.7191  [5.2s]
   median nu  = 0.785
   median |eta| = 0.169
  rho=0.11730 (17/20)
    fp=0.1757 tp=0.7416  [5.2s]
   median nu  = 0.886
   median |eta| = 0.126
  rho=0.10391 (18/20)
    fp=0.1907 tp=0.7528  [5.4s]
   median nu  = 0.974
   median |eta| = 0.108
  rho=0.09205 (19/20)
    fp=0.2088 tp=0.7528  [5.3s]
   median nu  = 1.048
   median |eta| = 0.08
  rho=0.08155 (20/20)
    fp=0.2226 tp=0.7753  [5.2s]
   median nu  = 1.134
   median |eta| = 0.064
  rho=0.07224 (21/21)  [extra 1/50]
    fp=0.2353 tp=0.7865  [5.2s]
   median nu  = 1.238
   median |eta| = 0.053
  rho=0.06400 (22/22)  [extra 2/50]
    fp=0.2489 tp=0.7978  [5.3s]
   median nu  = 1.349
   median |eta| = 0.043
  rho=0.05669 (23/23)  [extra 3/50]
    fp=0.2660 tp=0.7978  [5.2s]
   median nu  = 1.455
   median |eta| = 0.031
  rho=0.05022 (24/24)  [extra 4/50]
    fp=0.2771 tp=0.7978  [5.2s]
   median nu  = 1.561
   median |eta| = 0.027
  rho=0.04449 (25/25)  [extra 5/50]
    fp=0.2880 tp=0.8090  [5.1s]
   median nu  = 1.673
   median |eta| = 0.022
  rho=0.03941 (26/26)  [extra 6/50]
    fp=0.3012 tp=0.8090  [5.0s]
   median nu  = 1.813
   median |eta| = 0.017
  FPR 0.3012 >= fp_end=0.3; stopping after 26 fits
  grid extended by 6 points down to rho=0.03941, ending at FPR 0.3012
  pilot fit of run_em_exact at rho=0.30349
  -> rho_max = max|S_ij| (off-diag) = 0.81357
  rho grid: [0.81356546 0.72071062 0.6384536  0.56558484 0.50103283 0.44384835
 0.39319051 0.34831441 0.30856017 0.27334321 0.24214567 0.21450881
 0.19002623 0.16833793 0.14912498 0.13210487 0.11702731 0.10367061
 0.09183835 0.08135655]
Running run_em_exact over 20 rho values, extending until FPR >= 0.3...
  rho=0.81357 (1/20)
    fp=0.0000 tp=0.0562  [6.1s]
   median nu  = 0.076
   median |eta| = 2.514
  rho=0.72071 (2/20)
    fp=0.0004 tp=0.0787  [6.1s]
   median nu  = 0.092
   median |eta| = 2.42
  rho=0.63845 (3/20)
    fp=0.0008 tp=0.1011  [6.0s]
   median nu  = 0.114
   median |eta| = 2.188
  rho=0.56558 (4/20)
    fp=0.0016 tp=0.1236  [5.7s]
   median nu  = 0.141
   median |eta| = 1.942
  rho=0.50103 (5/20)
    fp=0.0037 tp=0.1798  [5.7s]
   median nu  = 0.176
   median |eta| = 1.786
  rho=0.44385 (6/20)
    fp=0.0093 tp=0.2135  [5.7s]
   median nu  = 0.214
   median |eta| = 1.463
  rho=0.39319 (7/20)
    fp=0.0132 tp=0.2472  [5.7s]
   median nu  = 0.259
   median |eta| = 1.258
  rho=0.34831 (8/20)
    fp=0.0210 tp=0.3146  [5.5s]
   median nu  = 0.311
   median |eta| = 0.937
  rho=0.30856 (9/20)
    fp=0.0333 tp=0.3596  [5.4s]
   median nu  = 0.351
   median |eta| = 0.669
  rho=0.27334 (10/20)
    fp=0.0516 tp=0.4045  [5.3s]
   median nu  = 0.39
   median |eta| = 0.459
  rho=0.24215 (11/20)
    fp=0.0660 tp=0.4944  [5.2s]
   median nu  = 0.459
   median |eta| = 0.34
  rho=0.21451 (12/20)
    fp=0.0839 tp=0.5955  [4.8s]
   median nu  = 0.553
   median |eta| = 0.215
  rho=0.19003 (13/20)
    fp=0.1049 tp=0.6292  [4.8s]
   median nu  = 0.629
   median |eta| = 0.172
  rho=0.16834 (14/20)
    fp=0.1245 tp=0.6404  [4.7s]
   median nu  = 0.708
   median |eta| = 0.13
  rho=0.14912 (15/20)
    fp=0.1479 tp=0.7079  [4.6s]
   median nu  = 0.784
   median |eta| = 0.095
  rho=0.13210 (16/20)
    fp=0.1654 tp=0.7416  [4.5s]
   median nu  = 0.866
   median |eta| = 0.076
  rho=0.11703 (17/20)
    fp=0.1819 tp=0.7528  [4.5s]
   median nu  = 0.98
   median |eta| = 0.06
  rho=0.10367 (18/20)
    fp=0.1963 tp=0.7640  [4.9s]
   median nu  = 1.088
   median |eta| = 0.048
  rho=0.09184 (19/20)
    fp=0.2121 tp=0.7640  [4.4s]
   median nu  = 1.205
   median |eta| = 0.038
  rho=0.08136 (20/20)
    fp=0.2265 tp=0.7753  [4.4s]
   median nu  = 1.314
   median |eta| = 0.028
  rho=0.07207 (21/21)  [extra 1/50]
    fp=0.2405 tp=0.7865  [4.7s]
   median nu  = 1.428
   median |eta| = 0.021
  rho=0.06385 (22/22)  [extra 2/50]
    fp=0.2545 tp=0.7978  [3.8s]
   median nu  = 1.549
   median |eta| = 0.017
  rho=0.05656 (23/23)  [extra 3/50]
    fp=0.2681 tp=0.7978  [5.0s]
   median nu  = 1.674
   median |eta| = 0.013
  rho=0.05010 (24/24)  [extra 4/50]
    fp=0.2808 tp=0.8202  [4.0s]
   median nu  = 1.787
   median |eta| = 0.01
  rho=0.04438 (25/25)  [extra 5/50]
    fp=0.2917 tp=0.8202  [5.0s]
   median nu  = 1.928
   median |eta| = 0.007
  rho=0.03932 (26/26)  [extra 6/50]
    fp=0.3032 tp=0.8202  [2.2s]
   median nu  = 2.043
   median |eta| = 0.006
  FPR 0.3032 >= fp_end=0.3; stopping after 26 fits
  grid extended by 6 points down to rho=0.03932, ending at FPR 0.3032
  graphical_lasso rho_max = max|S_ij| (off-diag) = 5.23214
  rho grid: [5.23213579 4.63497534 4.10597073 3.63734311 3.22220147 2.85444127
 2.52865473 2.24005125 1.98438701 1.75790255 1.55726749 1.37953155
 1.22208119 1.08260114 0.9590404  0.84958204 0.75261651 0.66671798
 0.59062331 0.52321358]
Running graphical_lasso over 20 rho values, extending until FPR >= 0.3...
  rho=5.23214 (1/20)
    fp=0.0000 tp=0.0000  [0.0s]
  rho=4.63498 (2/20)
    fp=0.0002 tp=0.0000  [0.0s]
  rho=4.10597 (3/20)
    fp=0.0002 tp=0.0000  [5.0s]
  rho=3.63734 (4/20)
    fp=0.0002 tp=0.0000  [0.0s]
  rho=3.22220 (5/20)
    fp=0.0002 tp=0.0000  [0.0s]
  rho=2.85444 (6/20)
    fp=0.0002 tp=0.0000  [0.0s]
  rho=2.52865 (7/20)
    fp=0.0002 tp=0.0000  [0.0s]
  rho=2.24005 (8/20)
    fp=0.0004 tp=0.0000  [0.0s]
  rho=1.98439 (9/20)
    fp=0.0006 tp=0.0000  [0.0s]
  rho=1.75790 (10/20)
    fp=0.0012 tp=0.0112  [0.0s]
  rho=1.55727 (11/20)
    fp=0.0016 tp=0.0112  [5.8s]
  rho=1.37953 (12/20)
    fp=0.0023 tp=0.0112  [5.1s]
  rho=1.22208 (13/20)
    fp=0.0033 tp=0.0225  [0.0s]
  rho=1.08260 (14/20)
    fp=0.0045 tp=0.0449  [0.0s]
  rho=0.95904 (15/20)
    fp=0.0076 tp=0.0787  [4.8s]
  rho=0.84958 (16/20)
    fp=0.0093 tp=0.0899  [4.8s]
  rho=0.75262 (17/20)
    fp=0.0150 tp=0.1236  [0.1s]
  rho=0.66672 (18/20)
    fp=0.0245 tp=0.1573  [0.0s]
  rho=0.59062 (19/20)
    fp=0.0327 tp=0.1910  [4.9s]
  rho=0.52321 (20/20)
    fp=0.0455 tp=0.2809  [0.1s]
  rho=0.46350 (21/21)  [extra 1/50]
    fp=0.0623 tp=0.3258  [0.0s]
  rho=0.41060 (22/22)  [extra 2/50]
    fp=0.0858 tp=0.4494  [0.0s]
  rho=0.36373 (23/23)  [extra 3/50]
    fp=0.1101 tp=0.4944  [0.1s]
  rho=0.32222 (24/24)  [extra 4/50]
    fp=0.1387 tp=0.5393  [0.0s]
  rho=0.28544 (25/25)  [extra 5/50]
    fp=0.1722 tp=0.5843  [0.1s]
  rho=0.25287 (26/26)  [extra 6/50]
    fp=0.2070 tp=0.6404  [0.0s]
  rho=0.22401 (27/27)  [extra 7/50]
    fp=0.2434 tp=0.6629  [0.0s]
  rho=0.19844 (28/28)  [extra 8/50]
    fp=0.2783 tp=0.6854  [0.1s]
  rho=0.17579 (29/29)  [extra 9/50]
    fp=0.3086 tp=0.7191  [0.0s]
  FPR 0.3086 >= fp_end=0.3; stopping after 29 fits
  [note] 6/29 fits hit a glasso ConvergenceWarning (suppressed)
  grid extended by 9 points down to rho=0.17579, ending at FPR 0.3086

(p=100, n=50) over 37 replicates
  t+lasso  (run_em_diagonal):    AUC = 0.196 (SE 0.002)
  ~t+lasso (run_em_exact):       AUC = 0.197 (SE 0.002)
  tlasso   (run_tlasso):         AUC = 0.145 (SE 0.003)
  t*lasso  (run_tstar_varlasso): AUC = 0.193 (SE 0.003)
  glasso   (graphical_lasso):    AUC = 0.145 (SE 0.003)
Replicate 38/50
  Theta: 113/4950 edges
  pilot fit of run_tlasso at rho=30.34854
  -> rho_max = max|S_ij| (off-diag) = 32.52809
  rho grid: [32.52808927 28.81555404 25.52674237 22.61329333 20.03236558 17.7460074
 15.72059862 13.92635624 12.33689651 10.92884691  9.68150254  8.57652158
  7.59765564  6.73051082  5.96233602  5.28183547  4.67900264  4.14497305
  3.67189397  3.25280893]
Running run_tlasso over 20 rho values, extending until FPR >= 0.3...
  rho=32.52809 (1/20)
    fp=0.0000 tp=0.0088  [0.1s]
   nu  = 3.0000
  rho=28.81555 (2/20)
    fp=0.0002 tp=0.0088  [0.1s]
   nu  = 3.0000
  rho=25.52674 (3/20)
    fp=0.0004 tp=0.0088  [0.1s]
   nu  = 3.0000
  rho=22.61329 (4/20)
    fp=0.0006 tp=0.0088  [0.1s]
   nu  = 3.0000
  rho=20.03237 (5/20)
    fp=0.0006 tp=0.0177  [0.1s]
   nu  = 3.0000
  rho=17.74601 (6/20)
    fp=0.0010 tp=0.0354  [0.1s]
   nu  = 3.0000
  rho=15.72060 (7/20)
    fp=0.0019 tp=0.0354  [0.1s]
   nu  = 3.0000
  rho=13.92636 (8/20)
    fp=0.0031 tp=0.0442  [0.1s]
   nu  = 3.0000
  rho=12.33690 (9/20)
    fp=0.0043 tp=0.0531  [0.2s]
   nu  = 3.0000
  rho=10.92885 (10/20)
    fp=0.0079 tp=0.0796  [0.2s]
   nu  = 3.0000
  rho=9.68150 (11/20)
    fp=0.0114 tp=0.1062  [0.2s]
   nu  = 3.0000
  rho=8.57652 (12/20)
    fp=0.0163 tp=0.1062  [0.3s]
   nu  = 3.0000
  rho=7.59766 (13/20)
    fp=0.0227 tp=0.1327  [0.3s]
   nu  = 3.0000
  rho=6.73051 (14/20)
    fp=0.0335 tp=0.1504  [0.2s]
   nu  = 3.0000
  rho=5.96234 (15/20)
    fp=0.0451 tp=0.1770  [0.2s]
   nu  = 3.0000
  rho=5.28184 (16/20)
    fp=0.0628 tp=0.2124  [0.2s]
   nu  = 3.0000
  rho=4.67900 (17/20)
    fp=0.0841 tp=0.2655  [0.2s]
   nu  = 3.0000
  rho=4.14497 (18/20)
    fp=0.1083 tp=0.3274  [0.2s]
   nu  = 3.0000
  rho=3.67189 (19/20)
    fp=0.1441 tp=0.4513  [0.2s]
   nu  = 3.0000
  rho=3.25281 (20/20)
    fp=0.1714 tp=0.5133  [0.2s]
   nu  = 3.0000
  rho=2.88156 (21/21)  [extra 1/50]
    fp=0.2053 tp=0.5664  [0.2s]
   nu  = 3.0000
  rho=2.55267 (22/22)  [extra 2/50]
    fp=0.2435 tp=0.6195  [0.2s]
   nu  = 3.0000
  rho=2.26133 (23/23)  [extra 3/50]
    fp=0.2799 tp=0.6726  [3.1s]
   nu  = 3.0000
  rho=2.00324 (24/24)  [extra 4/50]
    fp=0.3161 tp=0.6991  [0.3s]
   nu  = 3.0000
  FPR 0.3161 >= fp_end=0.3; stopping after 24 fits
  grid extended by 4 points down to rho=2.00324, ending at FPR 0.3161
  pilot fit of run_tstar_varlasso at rho=0.30349
  -> rho_max = max|S_ij| (off-diag) = 0.88401
  rho grid: [0.88400585 0.78311143 0.69373241 0.6145545  0.54441342 0.48227777
 0.42723386 0.37847229 0.33527603 0.2970099  0.26311121 0.23308148
 0.20647914 0.18291302 0.16203657 0.14354281 0.12715981 0.11264665
 0.09978993 0.08840059]
Running run_tstar_varlasso over 20 rho values, extending until FPR >= 0.3...
  rho=0.88401 (1/20)
    fp=0.0000 tp=0.0088  [0.1s]
   nu  = 3.0000
  rho=0.78311 (2/20)
    fp=0.0000 tp=0.0088  [0.0s]
   nu  = 3.0000
  rho=0.69373 (3/20)
    fp=0.0000 tp=0.0177  [0.0s]
   nu  = 3.0000
  rho=0.61455 (4/20)
    fp=0.0000 tp=0.0531  [0.0s]
   nu  = 3.0000
  rho=0.54441 (5/20)
    fp=0.0002 tp=0.0531  [0.0s]
   nu  = 3.0000
  rho=0.48228 (6/20)
    fp=0.0006 tp=0.0708  [0.0s]
   nu  = 3.0000
  rho=0.42723 (7/20)
    fp=0.0012 tp=0.0973  [0.0s]
   nu  = 3.0000
  rho=0.37847 (8/20)
    fp=0.0033 tp=0.1150  [0.0s]
   nu  = 3.0000
  rho=0.33528 (9/20)
    fp=0.0072 tp=0.1504  [0.1s]
   nu  = 3.0000
  rho=0.29701 (10/20)
    fp=0.0120 tp=0.1770  [0.1s]
   nu  = 3.0000
  rho=0.26311 (11/20)
    fp=0.0174 tp=0.2124  [0.1s]
   nu  = 3.0000
  rho=0.23308 (12/20)
    fp=0.0271 tp=0.3009  [0.1s]
   nu  = 3.0000
  rho=0.20648 (13/20)
    fp=0.0391 tp=0.3540  [0.1s]
   nu  = 3.0000
  rho=0.18291 (14/20)
    fp=0.0550 tp=0.4336  [0.1s]
   nu  = 3.0000
  rho=0.16204 (15/20)
    fp=0.0767 tp=0.4867  [0.1s]
   nu  = 3.0000
  rho=0.14354 (16/20)
    fp=0.0980 tp=0.5487  [0.1s]
   nu  = 3.0000
  rho=0.12716 (17/20)
    fp=0.1195 tp=0.6018  [0.1s]
   nu  = 3.0000
  rho=0.11265 (18/20)
    fp=0.1449 tp=0.6372  [0.1s]
   nu  = 3.0000
  rho=0.09979 (19/20)
    fp=0.1691 tp=0.6637  [0.1s]
   nu  = 3.0000
  rho=0.08840 (20/20)
    fp=0.1923 tp=0.7257  [0.1s]
   nu  = 3.0000
  rho=0.07831 (21/21)  [extra 1/50]
    fp=0.2179 tp=0.7699  [0.1s]
   nu  = 3.0000
  rho=0.06937 (22/22)  [extra 2/50]
    fp=0.2398 tp=0.7788  [0.1s]
   nu  = 3.0000
  rho=0.06146 (23/23)  [extra 3/50]
    fp=0.2572 tp=0.7876  [0.1s]
   nu  = 3.0000
  rho=0.05444 (24/24)  [extra 4/50]
    fp=0.2839 tp=0.8142  [0.1s]
   nu  = 3.0000
  rho=0.04823 (25/25)  [extra 5/50]
    fp=0.3039 tp=0.8230  [0.1s]
   nu  = 3.0000
  FPR 0.3039 >= fp_end=0.3; stopping after 25 fits
  grid extended by 5 points down to rho=0.04823, ending at FPR 0.3039
  pilot fit of run_em_diagonal at rho=0.30349
  -> rho_max = max|S_ij| (off-diag) = 0.99151
  rho grid: [0.99150741 0.87834348 0.77809532 0.68928881 0.61061806 0.54092626
 0.47918861 0.42449728 0.37604804 0.33312847 0.29510745 0.26142589
 0.23158851 0.20515657 0.1817414  0.16099867 0.14262337 0.12634531
 0.11192511 0.09915074]
Running run_em_diagonal over 20 rho values, extending until FPR >= 0.3...
  rho=0.99151 (1/20)
    fp=0.0000 tp=0.0088  [6.0s]
   median nu  = 0.073
   median |eta| = 2.75
  rho=0.87834 (2/20)
    fp=0.0002 tp=0.0177  [6.0s]
   median nu  = 0.088
   median |eta| = 2.823
  rho=0.77810 (3/20)
    fp=0.0002 tp=0.0442  [6.0s]
   median nu  = 0.107
   median |eta| = 2.441
  rho=0.68929 (4/20)
    fp=0.0004 tp=0.0531  [6.0s]
   median nu  = 0.133
   median |eta| = 2.208
  rho=0.61062 (5/20)
    fp=0.0006 tp=0.0796  [6.0s]
   median nu  = 0.172
   median |eta| = 2.233
  rho=0.54093 (6/20)
    fp=0.0023 tp=0.0885  [5.9s]
   median nu  = 0.206
   median |eta| = 1.889
  rho=0.47919 (7/20)
    fp=0.0043 tp=0.1327  [5.9s]
   median nu  = 0.242
   median |eta| = 1.699
  rho=0.42450 (8/20)
    fp=0.0083 tp=0.1593  [5.9s]
   median nu  = 0.275
   median |eta| = 1.484
  rho=0.37605 (9/20)
    fp=0.0134 tp=0.1681  [5.8s]
   median nu  = 0.315
   median |eta| = 1.297
  rho=0.33313 (10/20)
    fp=0.0194 tp=0.2478  [5.7s]
   median nu  = 0.351
   median |eta| = 1.165
  rho=0.29511 (11/20)
    fp=0.0289 tp=0.3097  [5.7s]
   median nu  = 0.392
   median |eta| = 1.03
  rho=0.26143 (12/20)
    fp=0.0409 tp=0.3540  [5.6s]
   median nu  = 0.43
   median |eta| = 0.801
  rho=0.23159 (13/20)
    fp=0.0538 tp=0.4425  [5.5s]
   median nu  = 0.491
   median |eta| = 0.658
  rho=0.20516 (14/20)
    fp=0.0695 tp=0.5221  [5.5s]
   median nu  = 0.524
   median |eta| = 0.579
  rho=0.18174 (15/20)
    fp=0.0883 tp=0.5398  [5.4s]
   median nu  = 0.571
   median |eta| = 0.506
  rho=0.16100 (16/20)
    fp=0.1038 tp=0.5841  [5.4s]
   median nu  = 0.654
   median |eta| = 0.434
  rho=0.14262 (17/20)
    fp=0.1236 tp=0.6460  [5.3s]
   median nu  = 0.742
   median |eta| = 0.326
  rho=0.12635 (18/20)
    fp=0.1455 tp=0.6726  [5.2s]
   median nu  = 0.812
   median |eta| = 0.261
  rho=0.11193 (19/20)
    fp=0.1652 tp=0.7168  [5.7s]
   median nu  = 0.876
   median |eta| = 0.188
  rho=0.09915 (20/20)
    fp=0.1809 tp=0.7257  [5.6s]
   median nu  = 0.961
   median |eta| = 0.148
  rho=0.08783 (21/21)  [extra 1/50]
    fp=0.1950 tp=0.7611  [5.5s]
   median nu  = 1.041
   median |eta| = 0.112
  rho=0.07781 (22/22)  [extra 2/50]
    fp=0.2078 tp=0.7699  [5.3s]
   median nu  = 1.131
   median |eta| = 0.092
  rho=0.06893 (23/23)  [extra 3/50]
    fp=0.2235 tp=0.7876  [5.0s]
   median nu  = 1.264
   median |eta| = 0.069
  rho=0.06106 (24/24)  [extra 4/50]
    fp=0.2367 tp=0.7965  [5.2s]
   median nu  = 1.397
   median |eta| = 0.05
  rho=0.05409 (25/25)  [extra 5/50]
    fp=0.2487 tp=0.7965  [4.9s]
   median nu  = 1.504
   median |eta| = 0.038
  rho=0.04792 (26/26)  [extra 6/50]
    fp=0.2621 tp=0.7965  [4.8s]
   median nu  = 1.619
   median |eta| = 0.026
  rho=0.04245 (27/27)  [extra 7/50]
    fp=0.2746 tp=0.8142  [5.1s]
   median nu  = 1.728
   median |eta| = 0.02
  rho=0.03760 (28/28)  [extra 8/50]
    fp=0.2901 tp=0.8142  [5.0s]
   median nu  = 1.85
   median |eta| = 0.017
  rho=0.03331 (29/29)  [extra 9/50]
    fp=0.3037 tp=0.8142  [5.0s]
   median nu  = 1.981
   median |eta| = 0.014
  FPR 0.3037 >= fp_end=0.3; stopping after 29 fits
  grid extended by 9 points down to rho=0.03331, ending at FPR 0.3037
  pilot fit of run_em_exact at rho=0.30349
  -> rho_max = max|S_ij| (off-diag) = 0.98011
  rho grid: [0.98011481 0.86825116 0.76915487 0.68136875 0.60360195 0.53471092
 0.47368265 0.41961973 0.37172718 0.32930076 0.29171661 0.25842206
 0.22892752 0.20279929 0.17965315 0.15914876 0.1409846  0.12489358
 0.11063907 0.09801148]
Running run_em_exact over 20 rho values, extending until FPR >= 0.3...
  rho=0.98011 (1/20)
    fp=0.0000 tp=0.0088  [6.1s]
   median nu  = 0.075
   median |eta| = 2.736
  rho=0.86825 (2/20)
    fp=0.0002 tp=0.0177  [6.1s]
   median nu  = 0.09
   median |eta| = 2.806
  rho=0.76915 (3/20)
    fp=0.0002 tp=0.0442  [6.0s]
   median nu  = 0.11
   median |eta| = 2.396
  rho=0.68137 (4/20)
    fp=0.0004 tp=0.0531  [6.0s]
   median nu  = 0.141
   median |eta| = 2.117
  rho=0.60360 (5/20)
    fp=0.0008 tp=0.0796  [6.0s]
   median nu  = 0.18
   median |eta| = 1.746
  rho=0.53471 (6/20)
    fp=0.0025 tp=0.0885  [6.2s]
   median nu  = 0.214
   median |eta| = 1.732
  rho=0.47368 (7/20)
    fp=0.0045 tp=0.1327  [6.0s]
   median nu  = 0.25
   median |eta| = 1.425
  rho=0.41962 (8/20)
    fp=0.0093 tp=0.1593  [6.0s]
   median nu  = 0.293
   median |eta| = 1.15
  rho=0.37173 (9/20)
    fp=0.0143 tp=0.1681  [5.7s]
   median nu  = 0.356
   median |eta| = 0.994
  rho=0.32930 (10/20)
    fp=0.0209 tp=0.2478  [5.7s]
   median nu  = 0.408
   median |eta| = 0.798
  rho=0.29172 (11/20)
    fp=0.0302 tp=0.3186  [5.6s]
   median nu  = 0.451
   median |eta| = 0.636
  rho=0.25842 (12/20)
    fp=0.0426 tp=0.3628  [5.4s]
   median nu  = 0.512
   median |eta| = 0.466
  rho=0.22893 (13/20)
    fp=0.0566 tp=0.4690  [5.3s]
   median nu  = 0.578
   median |eta| = 0.344
  rho=0.20280 (14/20)
    fp=0.0719 tp=0.5221  [5.1s]
   median nu  = 0.641
   median |eta| = 0.249
  rho=0.17965 (15/20)
    fp=0.0916 tp=0.5487  [5.0s]
   median nu  = 0.703
   median |eta| = 0.205
  rho=0.15915 (16/20)
    fp=0.1083 tp=0.6018  [5.3s]
   median nu  = 0.784
   median |eta| = 0.156
  rho=0.14098 (17/20)
    fp=0.1265 tp=0.6460  [5.3s]
   median nu  = 0.875
   median |eta| = 0.103
  rho=0.12489 (18/20)
    fp=0.1478 tp=0.6726  [5.2s]
   median nu  = 0.959
   median |eta| = 0.072
  rho=0.11064 (19/20)
    fp=0.1652 tp=0.7080  [5.1s]
   median nu  = 1.04
   median |eta| = 0.052
  rho=0.09801 (20/20)
    fp=0.1811 tp=0.7257  [4.8s]
   median nu  = 1.131
   median |eta| = 0.037
  rho=0.08683 (21/21)  [extra 1/50]
    fp=0.1978 tp=0.7345  [4.0s]
   median nu  = 1.244
   median |eta| = 0.026
  rho=0.07692 (22/22)  [extra 2/50]
    fp=0.2136 tp=0.7434  [3.4s]
   median nu  = 1.334
   median |eta| = 0.021
  rho=0.06814 (23/23)  [extra 3/50]
    fp=0.2239 tp=0.7611  [3.2s]
   median nu  = 1.44
   median |eta| = 0.017
  rho=0.06036 (24/24)  [extra 4/50]
    fp=0.2386 tp=0.7699  [2.6s]
   median nu  = 1.551
   median |eta| = 0.013
  rho=0.05347 (25/25)  [extra 5/50]
    fp=0.2524 tp=0.7876  [2.0s]
   median nu  = 1.691
   median |eta| = 0.009
  rho=0.04737 (26/26)  [extra 6/50]
    fp=0.2642 tp=0.7965  [1.6s]
   median nu  = 1.791
   median |eta| = 0.007
  rho=0.04196 (27/27)  [extra 7/50]
    fp=0.2779 tp=0.7965  [1.3s]
   median nu  = 1.906
   median |eta| = 0.005
  rho=0.03717 (28/28)  [extra 8/50]
    fp=0.2905 tp=0.8142  [1.4s]
   median nu  = 2.025
   median |eta| = 0.004
  rho=0.03293 (29/29)  [extra 9/50]
    fp=0.3039 tp=0.8142  [1.4s]
   median nu  = 2.151
   median |eta| = 0.003
  FPR 0.3039 >= fp_end=0.3; stopping after 29 fits
  grid extended by 9 points down to rho=0.03293, ending at FPR 0.3039
  graphical_lasso rho_max = max|S_ij| (off-diag) = 1.93844
  rho grid: [1.93844039 1.71719997 1.52121043 1.3475898  1.19378505 1.05753453
 0.93683472 0.82991077 0.73519039 0.65128075 0.57694799 0.51109906
 0.45276568 0.40109008 0.35531239 0.31475944 0.27883494 0.24701061
 0.2188185  0.19384404]
Running graphical_lasso over 20 rho values, extending until FPR >= 0.3...
  rho=1.93844 (1/20)
    fp=0.0000 tp=0.0000  [0.0s]
  rho=1.71720 (2/20)
    fp=0.0008 tp=0.0088  [0.0s]
  rho=1.52121 (3/20)
    fp=0.0010 tp=0.0088  [5.0s]
  rho=1.34759 (4/20)
    fp=0.0014 tp=0.0177  [5.0s]
  rho=1.19379 (5/20)
    fp=0.0027 tp=0.0265  [5.0s]
  rho=1.05753 (6/20)
    fp=0.0052 tp=0.0442  [5.0s]
  rho=0.93683 (7/20)
    fp=0.0079 tp=0.0531  [5.0s]
  rho=0.82991 (8/20)
    fp=0.0120 tp=0.0885  [5.0s]
  rho=0.73519 (9/20)
    fp=0.0192 tp=0.1239  [5.0s]
  rho=0.65128 (10/20)
    fp=0.0279 tp=0.1327  [4.9s]
  rho=0.57695 (11/20)
    fp=0.0409 tp=0.1593  [0.0s]
  rho=0.51110 (12/20)
    fp=0.0562 tp=0.1858  [4.9s]
  rho=0.45277 (13/20)
    fp=0.0773 tp=0.2212  [5.0s]
  rho=0.40109 (14/20)
    fp=0.0934 tp=0.2743  [0.0s]
  rho=0.35531 (15/20)
    fp=0.1152 tp=0.3186  [0.0s]
  rho=0.31476 (16/20)
    fp=0.1424 tp=0.4513  [0.0s]
  rho=0.27883 (17/20)
    fp=0.1673 tp=0.4956  [0.0s]
  rho=0.24701 (18/20)
    fp=0.1925 tp=0.5487  [0.1s]
  rho=0.21882 (19/20)
    fp=0.2243 tp=0.5752  [0.0s]
  rho=0.19384 (20/20)
    fp=0.2564 tp=0.6195  [0.2s]
  rho=0.17172 (21/21)  [extra 1/50]
    fp=0.2820 tp=0.6991  [0.0s]
  rho=0.15212 (22/22)  [extra 2/50]
    fp=0.3173 tp=0.7168  [0.0s]
  FPR 0.3173 >= fp_end=0.3; stopping after 22 fits
  [note] 10/22 fits hit a glasso ConvergenceWarning (suppressed)
  grid extended by 2 points down to rho=0.15212, ending at FPR 0.3173

(p=100, n=50) over 38 replicates
  t+lasso  (run_em_diagonal):    AUC = 0.196 (SE 0.002)
  ~t+lasso (run_em_exact):       AUC = 0.196 (SE 0.002)
  tlasso   (run_tlasso):         AUC = 0.145 (SE 0.003)
  t*lasso  (run_tstar_varlasso): AUC = 0.193 (SE 0.002)
  glasso   (graphical_lasso):    AUC = 0.144 (SE 0.003)
Replicate 39/50
  Theta: 109/4950 edges
  pilot fit of run_tlasso at rho=30.34854
  -> rho_max = max|S_ij| (off-diag) = 25.41471
  [warn] pilot rho 30.34854 > rho_max 25.41471: it falls off the top of this method's grid
  rho grid: [25.41471355 22.51405072 19.94444985 17.66812578 15.65160588 13.86523786
 12.28275376 10.88088365  9.63901348  8.53888193  7.56431193  6.70097273
  5.93616921  5.25865516  4.65846797  4.12678207  3.65577919  3.23853337
  2.86890917  2.54147136]
Running run_tlasso over 20 rho values, extending until FPR >= 0.3...
  rho=25.41471 (1/20)
    fp=0.0000 tp=0.0000  [0.0s]
   nu  = 3.0000
  rho=22.51405 (2/20)
    fp=0.0002 tp=0.0000  [0.1s]
   nu  = 3.0000
  rho=19.94445 (3/20)
    fp=0.0002 tp=0.0000  [0.1s]
   nu  = 3.0000
  rho=17.66813 (4/20)
    fp=0.0004 tp=0.0000  [0.1s]
   nu  = 3.0000
  rho=15.65161 (5/20)
    fp=0.0006 tp=0.0000  [0.1s]
   nu  = 3.0000
  rho=13.86524 (6/20)
    fp=0.0014 tp=0.0000  [0.1s]
   nu  = 3.0000
  rho=12.28275 (7/20)
    fp=0.0021 tp=0.0000  [0.1s]
   nu  = 3.0000
  rho=10.88088 (8/20)
    fp=0.0027 tp=0.0092  [0.1s]
   nu  = 3.0000
  rho=9.63901 (9/20)
    fp=0.0041 tp=0.0275  [0.1s]
   nu  = 3.0000
  rho=8.53888 (10/20)
    fp=0.0089 tp=0.0459  [0.1s]
   nu  = 3.0000
  rho=7.56431 (11/20)
    fp=0.0114 tp=0.0734  [0.1s]
   nu  = 3.0000
  rho=6.70097 (12/20)
    fp=0.0161 tp=0.0826  [0.1s]
   nu  = 3.0000
  rho=5.93617 (13/20)
    fp=0.0231 tp=0.1468  [0.1s]
   nu  = 3.0000
  rho=5.25866 (14/20)
    fp=0.0353 tp=0.2202  [0.1s]
   nu  = 3.0000
  rho=4.65847 (15/20)
    fp=0.0545 tp=0.2752  [0.1s]
   nu  = 3.0000
  rho=4.12678 (16/20)
    fp=0.0748 tp=0.3303  [0.1s]
   nu  = 3.0000
  rho=3.65578 (17/20)
    fp=0.1018 tp=0.3853  [0.1s]
   nu  = 3.0000
  rho=3.23853 (18/20)
    fp=0.1374 tp=0.4954  [0.2s]
   nu  = 3.0000
  rho=2.86891 (19/20)
    fp=0.1795 tp=0.5688  [0.2s]
   nu  = 3.0000
  rho=2.54147 (20/20)
    fp=0.2200 tp=0.6147  [0.2s]
   nu  = 3.0000
  rho=2.25141 (21/21)  [extra 1/50]
    fp=0.2644 tp=0.6422  [0.3s]
   nu  = 3.0000
  rho=1.99444 (22/22)  [extra 2/50]
    fp=0.3101 tp=0.6881  [0.3s]
   nu  = 3.0000
  FPR 0.3101 >= fp_end=0.3; stopping after 22 fits
  grid extended by 2 points down to rho=1.99444, ending at FPR 0.3101
  pilot fit of run_tstar_varlasso at rho=0.30349
  -> rho_max = max|S_ij| (off-diag) = 0.49919
  rho grid: [0.49918918 0.44221512 0.39174369 0.34703272 0.30742476 0.27233739
 0.24125465 0.21371948 0.18932699 0.16771849 0.14857624 0.13161876
 0.11659669 0.10328913 0.09150041 0.08105718 0.07180586 0.06361043
 0.05635037 0.04991892]
Running run_tstar_varlasso over 20 rho values, extending until FPR >= 0.3...
  rho=0.49919 (1/20)
    fp=0.0002 tp=0.0092  [0.1s]
   nu  = 3.0000
  rho=0.44222 (2/20)
    fp=0.0006 tp=0.0275  [0.0s]
   nu  = 3.0000
  rho=0.39174 (3/20)
    fp=0.0006 tp=0.0550  [0.0s]
   nu  = 3.0000
  rho=0.34703 (4/20)
    fp=0.0019 tp=0.0826  [0.0s]
   nu  = 3.0000
  rho=0.30742 (5/20)
    fp=0.0062 tp=0.1284  [0.1s]
   nu  = 3.0000
  rho=0.27234 (6/20)
    fp=0.0109 tp=0.1743  [0.1s]
   nu  = 3.0000
  rho=0.24125 (7/20)
    fp=0.0176 tp=0.2018  [0.1s]
   nu  = 3.0000
  rho=0.21372 (8/20)
    fp=0.0264 tp=0.3028  [0.1s]
   nu  = 3.0000
  rho=0.18933 (9/20)
    fp=0.0421 tp=0.3578  [0.1s]
   nu  = 3.0000
  rho=0.16772 (10/20)
    fp=0.0618 tp=0.4404  [0.1s]
   nu  = 3.0000
  rho=0.14858 (11/20)
    fp=0.0810 tp=0.5138  [0.1s]
   nu  = 3.0000
  rho=0.13162 (12/20)
    fp=0.1049 tp=0.5413  [0.1s]
   nu  = 3.0000
  rho=0.11660 (13/20)
    fp=0.1291 tp=0.5963  [0.1s]
   nu  = 3.0000
  rho=0.10329 (14/20)
    fp=0.1533 tp=0.6239  [0.1s]
   nu  = 3.0000
  rho=0.09150 (15/20)
    fp=0.1758 tp=0.6606  [0.1s]
   nu  = 3.0000
  rho=0.08106 (16/20)
    fp=0.2043 tp=0.7156  [0.1s]
   nu  = 3.0000
  rho=0.07181 (17/20)
    fp=0.2285 tp=0.7339  [0.1s]
   nu  = 3.0000
  rho=0.06361 (18/20)
    fp=0.2516 tp=0.7706  [0.1s]
   nu  = 3.0000
  rho=0.05635 (19/20)
    fp=0.2764 tp=0.7982  [0.1s]
   nu  = 3.0000
  rho=0.04992 (20/20)
    fp=0.3016 tp=0.7982  [0.1s]
   nu  = 3.0000
  FPR 0.3016 >= fp_end=0.3; stopping after 20 fits
  pilot fit of run_em_diagonal at rho=0.30349
  -> rho_max = max|S_ij| (off-diag) = 0.59535
  rho grid: [0.59534919 0.52740007 0.46720621 0.41388247 0.36664473 0.32479839
 0.28772811 0.25488878 0.2257975  0.20002651 0.17719684 0.1569728
 0.13905699 0.12318597 0.10912636 0.09667142 0.085638   0.07586386
 0.06720527 0.05953492]
Running run_em_diagonal over 20 rho values, extending until FPR >= 0.3...
  rho=0.59535 (1/20)
    fp=0.0006 tp=0.0183  [6.2s]
   median nu  = 0.158
   median |eta| = 1.636
  rho=0.52740 (2/20)
    fp=0.0010 tp=0.0459  [6.2s]
   median nu  = 0.192
   median |eta| = 1.652
  rho=0.46721 (3/20)
    fp=0.0025 tp=0.0642  [6.1s]
   median nu  = 0.232
   median |eta| = 1.567
  rho=0.41388 (4/20)
    fp=0.0058 tp=0.1193  [6.1s]
   median nu  = 0.283
   median |eta| = 1.404
  rho=0.36664 (5/20)
    fp=0.0105 tp=0.1468  [6.0s]
   median nu  = 0.318
   median |eta| = 1.227
  rho=0.32480 (6/20)
    fp=0.0171 tp=0.1835  [6.0s]
   median nu  = 0.352
   median |eta| = 1.028
  rho=0.28773 (7/20)
    fp=0.0252 tp=0.2385  [6.0s]
   median nu  = 0.386
   median |eta| = 0.873
  rho=0.25489 (8/20)
    fp=0.0351 tp=0.3119  [6.0s]
   median nu  = 0.447
   median |eta| = 0.682
  rho=0.22580 (9/20)
    fp=0.0485 tp=0.3670  [5.9s]
   median nu  = 0.478
   median |eta| = 0.603
  rho=0.20003 (10/20)
    fp=0.0636 tp=0.4220  [5.9s]
   median nu  = 0.54
   median |eta| = 0.575
  rho=0.17720 (11/20)
    fp=0.0775 tp=0.4771  [5.8s]
   median nu  = 0.629
   median |eta| = 0.508
  rho=0.15697 (12/20)
    fp=0.0954 tp=0.5046  [5.8s]
   median nu  = 0.691
   median |eta| = 0.452
  rho=0.13906 (13/20)
    fp=0.1136 tp=0.5780  [5.8s]
   median nu  = 0.739
   median |eta| = 0.407
  rho=0.12319 (14/20)
    fp=0.1330 tp=0.6422  [5.8s]
   median nu  = 0.796
   median |eta| = 0.341
  rho=0.10913 (15/20)
    fp=0.1493 tp=0.6514  [5.6s]
   median nu  = 0.886
   median |eta| = 0.279
  rho=0.09667 (16/20)
    fp=0.1708 tp=0.6697  [5.5s]
   median nu  = 0.975
   median |eta| = 0.226
  rho=0.08564 (17/20)
    fp=0.1876 tp=0.6972  [5.4s]
   median nu  = 1.059
   median |eta| = 0.184
  rho=0.07586 (18/20)
    fp=0.2045 tp=0.7431  [5.4s]
   median nu  = 1.128
   median |eta| = 0.15
  rho=0.06721 (19/20)
    fp=0.2196 tp=0.7798  [5.4s]
   median nu  = 1.203
   median |eta| = 0.116
  rho=0.05953 (20/20)
    fp=0.2347 tp=0.8073  [5.4s]
   median nu  = 1.291
   median |eta| = 0.084
  rho=0.05274 (21/21)  [extra 1/50]
    fp=0.2547 tp=0.8073  [5.5s]
   median nu  = 1.414
   median |eta| = 0.051
  rho=0.04672 (22/22)  [extra 2/50]
    fp=0.2706 tp=0.8165  [5.5s]
   median nu  = 1.512
   median |eta| = 0.042
  rho=0.04139 (23/23)  [extra 3/50]
    fp=0.2838 tp=0.8073  [5.1s]
   median nu  = 1.603
   median |eta| = 0.034
  rho=0.03666 (24/24)  [extra 4/50]
    fp=0.2981 tp=0.8257  [5.2s]
   median nu  = 1.697
   median |eta| = 0.028
  rho=0.03248 (25/25)  [extra 5/50]
    fp=0.3117 tp=0.8257  [5.0s]
   median nu  = 1.819
   median |eta| = 0.021
  FPR 0.3117 >= fp_end=0.3; stopping after 25 fits
  grid extended by 5 points down to rho=0.03248, ending at FPR 0.3117
  pilot fit of run_em_exact at rho=0.30349
  -> rho_max = max|S_ij| (off-diag) = 0.59473
  rho grid: [0.59472861 0.52685033 0.46671921 0.41345105 0.36626255 0.32445983
 0.28742819 0.25462309 0.22556214 0.19981801 0.17701214 0.15680917
 0.13891204 0.12305756 0.10901261 0.09657065 0.08554873 0.07578478
 0.06713522 0.05947286]
Running run_em_exact over 20 rho values, extending until FPR >= 0.3...
  rho=0.59473 (1/20)
    fp=0.0006 tp=0.0183  [6.2s]
   median nu  = 0.159
   median |eta| = 1.634
  rho=0.52685 (2/20)
    fp=0.0012 tp=0.0459  [6.1s]
   median nu  = 0.192
   median |eta| = 1.65
  rho=0.46672 (3/20)
    fp=0.0027 tp=0.0642  [6.1s]
   median nu  = 0.233
   median |eta| = 1.376
  rho=0.41345 (4/20)
    fp=0.0058 tp=0.1193  [6.1s]
   median nu  = 0.284
   median |eta| = 1.194
  rho=0.36626 (5/20)
    fp=0.0107 tp=0.1468  [6.0s]
   median nu  = 0.323
   median |eta| = 0.988
  rho=0.32446 (6/20)
    fp=0.0169 tp=0.1835  [5.9s]
   median nu  = 0.366
   median |eta| = 0.768
  rho=0.28743 (7/20)
    fp=0.0258 tp=0.2294  [5.8s]
   median nu  = 0.417
   median |eta| = 0.688
  rho=0.25462 (8/20)
    fp=0.0368 tp=0.3119  [5.7s]
   median nu  = 0.489
   median |eta| = 0.574
  rho=0.22556 (9/20)
    fp=0.0504 tp=0.3670  [5.6s]
   median nu  = 0.573
   median |eta| = 0.428
  rho=0.19982 (10/20)
    fp=0.0638 tp=0.4404  [5.6s]
   median nu  = 0.64
   median |eta| = 0.317
  rho=0.17701 (11/20)
    fp=0.0830 tp=0.4862  [5.2s]
   median nu  = 0.699
   median |eta| = 0.233
  rho=0.15681 (12/20)
    fp=0.0987 tp=0.5229  [5.0s]
   median nu  = 0.755
   median |eta| = 0.177
  rho=0.13891 (13/20)
    fp=0.1190 tp=0.5963  [4.9s]
   median nu  = 0.824
   median |eta| = 0.14
  rho=0.12306 (14/20)
    fp=0.1388 tp=0.6422  [5.3s]
   median nu  = 0.915
   median |eta| = 0.109
  rho=0.10901 (15/20)
    fp=0.1562 tp=0.6514  [5.3s]
   median nu  = 1.01
   median |eta| = 0.084
  rho=0.09657 (16/20)
    fp=0.1764 tp=0.6789  [5.1s]
   median nu  = 1.102
   median |eta| = 0.066
  rho=0.08555 (17/20)
    fp=0.1983 tp=0.7064  [5.2s]
   median nu  = 1.21
   median |eta| = 0.052
  rho=0.07578 (18/20)
    fp=0.2183 tp=0.7523  [5.1s]
   median nu  = 1.31
   median |eta| = 0.038
  rho=0.06714 (19/20)
    fp=0.2347 tp=0.7615  [4.5s]
   median nu  = 1.404
   median |eta| = 0.028
  rho=0.05947 (20/20)
    fp=0.2460 tp=0.7890  [4.0s]
   median nu  = 1.499
   median |eta| = 0.02
  rho=0.05269 (21/21)  [extra 1/50]
    fp=0.2617 tp=0.7890  [3.4s]
   median nu  = 1.599
   median |eta| = 0.016
  rho=0.04667 (22/22)  [extra 2/50]
    fp=0.2737 tp=0.8257  [2.4s]
   median nu  = 1.72
   median |eta| = 0.011
  rho=0.04135 (23/23)  [extra 3/50]
    fp=0.2875 tp=0.8349  [2.6s]
   median nu  = 1.844
   median |eta| = 0.009
  rho=0.03663 (24/24)  [extra 4/50]
    fp=0.3026 tp=0.8440  [2.6s]
   median nu  = 1.956
   median |eta| = 0.007
  FPR 0.3026 >= fp_end=0.3; stopping after 24 fits
  grid extended by 4 points down to rho=0.03663, ending at FPR 0.3026
  graphical_lasso rho_max = max|S_ij| (off-diag) = 1.41884
  rho grid: [1.41883948 1.25690278 1.11344843 0.98636699 0.87378976 0.77406133
 0.68571522 0.60745234 0.53812186 0.47670428 0.42229649 0.37409844
 0.33140138 0.29357748 0.26007054 0.23038785 0.20409295 0.18079917
 0.16016398 0.14188395]
Running graphical_lasso over 20 rho values, extending until FPR >= 0.3...
  rho=1.41884 (1/20)
    fp=0.0000 tp=0.0000  [0.0s]
  rho=1.25690 (2/20)
    fp=0.0006 tp=0.0000  [0.0s]
  rho=1.11345 (3/20)
    fp=0.0010 tp=0.0000  [4.9s]
  rho=0.98637 (4/20)
    fp=0.0019 tp=0.0000  [4.9s]
  rho=0.87379 (5/20)
    fp=0.0035 tp=0.0000  [4.9s]
  rho=0.77406 (6/20)
    fp=0.0070 tp=0.0275  [4.9s]
  rho=0.68572 (7/20)
    fp=0.0116 tp=0.0642  [4.9s]
  rho=0.60745 (8/20)
    fp=0.0169 tp=0.0917  [4.9s]
  rho=0.53812 (9/20)
    fp=0.0250 tp=0.1560  [4.9s]
  rho=0.47670 (10/20)
    fp=0.0423 tp=0.2202  [4.9s]
  rho=0.42230 (11/20)
    fp=0.0585 tp=0.2752  [4.9s]
  rho=0.37410 (12/20)
    fp=0.0804 tp=0.3211  [0.0s]
  rho=0.33140 (13/20)
    fp=0.1049 tp=0.3853  [4.9s]
  rho=0.29358 (14/20)
    fp=0.1289 tp=0.4128  [4.9s]
  rho=0.26007 (15/20)
    fp=0.1655 tp=0.5321  [0.0s]
  rho=0.23039 (16/20)
    fp=0.1958 tp=0.5780  [0.1s]
  rho=0.20409 (17/20)
    fp=0.2287 tp=0.6147  [0.1s]
  rho=0.18080 (18/20)
    fp=0.2636 tp=0.6422  [0.1s]
  rho=0.16016 (19/20)
    fp=0.2991 tp=0.6789  [0.0s]
  rho=0.14188 (20/20)
    fp=0.3276 tp=0.7156  [0.1s]
  FPR 0.3276 >= fp_end=0.3; stopping after 20 fits
  [note] 11/20 fits hit a glasso ConvergenceWarning (suppressed)

(p=100, n=50) over 39 replicates
  t+lasso  (run_em_diagonal):    AUC = 0.195 (SE 0.002)
  ~t+lasso (run_em_exact):       AUC = 0.196 (SE 0.002)
  tlasso   (run_tlasso):         AUC = 0.145 (SE 0.003)
  t*lasso  (run_tstar_varlasso): AUC = 0.192 (SE 0.002)
  glasso   (graphical_lasso):    AUC = 0.144 (SE 0.003)
Replicate 40/50
  Theta: 95/4950 edges
  pilot fit of run_tlasso at rho=30.34854
  -> rho_max = max|S_ij| (off-diag) = 32.83157
  rho grid: [32.83157136 29.08439874 25.76490297 22.8242719  20.21926449 17.91157494
 15.8672694  14.05628702 12.45199786 11.03081138  9.77182947  8.65653921
  7.66854061  6.79330546  6.0179637   5.33111419  4.72265702  4.18364501
  3.70615218  3.28315714]
Running run_tlasso over 20 rho values, extending until FPR >= 0.3...
  rho=32.83157 (1/20)
    fp=0.0002 tp=0.0000  [0.1s]
   nu  = 3.0000
  rho=29.08440 (2/20)
    fp=0.0002 tp=0.0000  [0.1s]
   nu  = 3.0000
  rho=25.76490 (3/20)
    fp=0.0006 tp=0.0211  [0.1s]
   nu  = 3.0000
  rho=22.82427 (4/20)
    fp=0.0006 tp=0.0211  [0.1s]
   nu  = 3.0000
  rho=20.21926 (5/20)
    fp=0.0006 tp=0.0316  [0.1s]
   nu  = 3.0000
  rho=17.91157 (6/20)
    fp=0.0008 tp=0.0421  [0.1s]
   nu  = 3.0000
  rho=15.86727 (7/20)
    fp=0.0012 tp=0.0526  [0.1s]
   nu  = 3.0000
  rho=14.05629 (8/20)
    fp=0.0016 tp=0.0632  [0.1s]
   nu  = 3.0000
  rho=12.45200 (9/20)
    fp=0.0025 tp=0.0842  [0.1s]
   nu  = 3.0000
  rho=11.03081 (10/20)
    fp=0.0033 tp=0.0947  [0.1s]
   nu  = 3.0000
  rho=9.77183 (11/20)
    fp=0.0047 tp=0.1158  [0.1s]
   nu  = 3.0000
  rho=8.65654 (12/20)
    fp=0.0074 tp=0.1263  [0.1s]
   nu  = 3.0000
  rho=7.66854 (13/20)
    fp=0.0113 tp=0.1263  [0.1s]
   nu  = 3.0000
  rho=6.79331 (14/20)
    fp=0.0159 tp=0.1474  [0.1s]
   nu  = 3.0000
  rho=6.01796 (15/20)
    fp=0.0237 tp=0.1789  [0.1s]
   nu  = 3.0000
  rho=5.33111 (16/20)
    fp=0.0340 tp=0.2632  [0.1s]
   nu  = 3.0000
  rho=4.72266 (17/20)
    fp=0.0529 tp=0.3368  [0.1s]
   nu  = 3.0000
  rho=4.18365 (18/20)
    fp=0.0795 tp=0.4105  [0.1s]
   nu  = 3.0000
  rho=3.70615 (19/20)
    fp=0.1170 tp=0.4737  [0.2s]
   nu  = 3.0000
  rho=3.28316 (20/20)
    fp=0.1561 tp=0.5789  [0.3s]
   nu  = 3.0000
  rho=2.90844 (21/21)  [extra 1/50]
    fp=0.1961 tp=0.6421  [0.3s]
   nu  = 3.0000
  rho=2.57649 (22/22)  [extra 2/50]
    fp=0.2348 tp=0.7053  [0.3s]
   nu  = 3.0000
  rho=2.28243 (23/23)  [extra 3/50]
    fp=0.2735 tp=0.7579  [0.3s]
   nu  = 3.0000
  rho=2.02193 (24/24)  [extra 4/50]
    fp=0.3118 tp=0.7789  [0.3s]
   nu  = 3.0000
  FPR 0.3118 >= fp_end=0.3; stopping after 24 fits
  grid extended by 4 points down to rho=2.02193, ending at FPR 0.3118
  pilot fit of run_tstar_varlasso at rho=0.30349
  -> rho_max = max|S_ij| (off-diag) = 0.68487
  rho grid: [0.68487169 0.60670508 0.53745988 0.47611786 0.421777   0.37363824
 0.33099371 0.29321633 0.25975061 0.23010444 0.20384188 0.18057675
 0.15996695 0.14170941 0.12553566 0.11120787 0.09851536 0.08727149
 0.07731091 0.06848717]
Running run_tstar_varlasso over 20 rho values, extending until FPR >= 0.3...
  rho=0.68487 (1/20)
    fp=0.0000 tp=0.0211  [0.1s]
   nu  = 3.0000
  rho=0.60671 (2/20)
    fp=0.0000 tp=0.0316  [0.0s]
   nu  = 3.0000
  rho=0.53746 (3/20)
    fp=0.0004 tp=0.0421  [0.0s]
   nu  = 3.0000
  rho=0.47612 (4/20)
    fp=0.0006 tp=0.0632  [0.0s]
   nu  = 3.0000
  rho=0.42178 (5/20)
    fp=0.0012 tp=0.0947  [0.0s]
   nu  = 3.0000
  rho=0.37364 (6/20)
    fp=0.0023 tp=0.1368  [0.0s]
   nu  = 3.0000
  rho=0.33099 (7/20)
    fp=0.0045 tp=0.1579  [0.1s]
   nu  = 3.0000
  rho=0.29322 (8/20)
    fp=0.0097 tp=0.2211  [0.1s]
   nu  = 3.0000
  rho=0.25975 (9/20)
    fp=0.0171 tp=0.2947  [0.1s]
   nu  = 3.0000
  rho=0.23010 (10/20)
    fp=0.0288 tp=0.3684  [0.1s]
   nu  = 3.0000
  rho=0.20384 (11/20)
    fp=0.0433 tp=0.4211  [0.1s]
   nu  = 3.0000
  rho=0.18058 (12/20)
    fp=0.0614 tp=0.4737  [0.1s]
   nu  = 3.0000
  rho=0.15997 (13/20)
    fp=0.0849 tp=0.5789  [0.1s]
   nu  = 3.0000
  rho=0.14171 (14/20)
    fp=0.1102 tp=0.6632  [0.1s]
   nu  = 3.0000
  rho=0.12554 (15/20)
    fp=0.1337 tp=0.7263  [0.1s]
   nu  = 3.0000
  rho=0.11121 (16/20)
    fp=0.1580 tp=0.7684  [0.1s]
   nu  = 3.0000
  rho=0.09852 (17/20)
    fp=0.1833 tp=0.7789  [0.1s]
   nu  = 3.0000
  rho=0.08727 (18/20)
    fp=0.2045 tp=0.8000  [0.1s]
   nu  = 3.0000
  rho=0.07731 (19/20)
    fp=0.2266 tp=0.8526  [0.1s]
   nu  = 3.0000
  rho=0.06849 (20/20)
    fp=0.2492 tp=0.8737  [0.1s]
   nu  = 3.0000
  rho=0.06067 (21/21)  [extra 1/50]
    fp=0.2742 tp=0.8947  [0.1s]
   nu  = 3.0000
  rho=0.05375 (22/22)  [extra 2/50]
    fp=0.2962 tp=0.9158  [0.1s]
   nu  = 3.0000
  rho=0.04761 (23/23)  [extra 3/50]
    fp=0.3193 tp=0.9263  [0.2s]
   nu  = 3.0000
  FPR 0.3193 >= fp_end=0.3; stopping after 23 fits
  grid extended by 3 points down to rho=0.04761, ending at FPR 0.3193
  pilot fit of run_em_diagonal at rho=0.30349
  -> rho_max = max|S_ij| (off-diag) = 0.62757
  rho grid: [0.62757323 0.55594628 0.49249435 0.43628439 0.38648985 0.34237852
 0.30330176 0.26868496 0.23801908 0.2108532  0.18678785 0.16546915
 0.14658363 0.12985357 0.11503296 0.10190388 0.09027326 0.07997009
 0.07084284 0.06275732]
Running run_em_diagonal over 20 rho values, extending until FPR >= 0.3...
  rho=0.62757 (1/20)
    fp=0.0008 tp=0.0632  [6.2s]
   median nu  = 0.144
   median |eta| = 2.229
  rho=0.55595 (2/20)
    fp=0.0019 tp=0.0737  [6.1s]
   median nu  = 0.174
   median |eta| = 1.991
  rho=0.49249 (3/20)
    fp=0.0031 tp=0.1368  [6.2s]
   median nu  = 0.205
   median |eta| = 1.737
  rho=0.43628 (4/20)
    fp=0.0039 tp=0.1579  [6.1s]
   median nu  = 0.237
   median |eta| = 1.484
  rho=0.38649 (5/20)
    fp=0.0074 tp=0.1684  [6.1s]
   median nu  = 0.263
   median |eta| = 1.373
  rho=0.34238 (6/20)
    fp=0.0144 tp=0.2316  [6.1s]
   median nu  = 0.295
   median |eta| = 1.273
  rho=0.30330 (7/20)
    fp=0.0241 tp=0.3053  [6.0s]
   median nu  = 0.318
   median |eta| = 1.188
  rho=0.26868 (8/20)
    fp=0.0395 tp=0.4105  [6.0s]
   median nu  = 0.342
   median |eta| = 1.138
  rho=0.23802 (9/20)
    fp=0.0538 tp=0.4947  [6.0s]
   median nu  = 0.382
   median |eta| = 0.999
  rho=0.21085 (10/20)
    fp=0.0698 tp=0.5789  [6.0s]
   median nu  = 0.424
   median |eta| = 0.866
  rho=0.18679 (11/20)
    fp=0.0840 tp=0.6632  [5.9s]
   median nu  = 0.47
   median |eta| = 0.801
  rho=0.16547 (12/20)
    fp=0.1053 tp=0.7263  [5.8s]
   median nu  = 0.494
   median |eta| = 0.639
  rho=0.14658 (13/20)
    fp=0.1207 tp=0.7684  [5.9s]
   median nu  = 0.554
   median |eta| = 0.437
  rho=0.12985 (14/20)
    fp=0.1409 tp=0.7789  [5.7s]
   median nu  = 0.595
   median |eta| = 0.344
  rho=0.11503 (15/20)
    fp=0.1600 tp=0.7789  [5.6s]
   median nu  = 0.638
   median |eta| = 0.271
  rho=0.10190 (16/20)
    fp=0.1749 tp=0.8000  [5.5s]
   median nu  = 0.687
   median |eta| = 0.21
  rho=0.09027 (17/20)
    fp=0.1965 tp=0.8421  [5.8s]
   median nu  = 0.761
   median |eta| = 0.162
  rho=0.07997 (18/20)
    fp=0.2152 tp=0.8526  [5.5s]
   median nu  = 0.856
   median |eta| = 0.118
  rho=0.07084 (19/20)
    fp=0.2346 tp=0.8737  [5.7s]
   median nu  = 0.969
   median |eta| = 0.095
  rho=0.06276 (20/20)
    fp=0.2498 tp=0.8842  [5.3s]
   median nu  = 1.077
   median |eta| = 0.065
  rho=0.05559 (21/21)  [extra 1/50]
    fp=0.2626 tp=0.8947  [5.1s]
   median nu  = 1.188
   median |eta| = 0.047
  rho=0.04925 (22/22)  [extra 2/50]
    fp=0.2731 tp=0.9053  [5.0s]
   median nu  = 1.307
   median |eta| = 0.036
  rho=0.04363 (23/23)  [extra 3/50]
    fp=0.2865 tp=0.9053  [5.4s]
   median nu  = 1.466
   median |eta| = 0.026
  rho=0.03865 (24/24)  [extra 4/50]
    fp=0.3011 tp=0.9263  [5.3s]
   median nu  = 1.562
   median |eta| = 0.021
  FPR 0.3011 >= fp_end=0.3; stopping after 24 fits
  grid extended by 4 points down to rho=0.03865, ending at FPR 0.3011
  pilot fit of run_em_exact at rho=0.30349
  -> rho_max = max|S_ij| (off-diag) = 0.63170
  rho grid: [0.63169831 0.55960055 0.49573154 0.43915211 0.38903027 0.344629
 0.30529538 0.27045104 0.2395836  0.21223915 0.18801562 0.16655679
 0.14754713 0.1307071  0.11578908 0.1025737  0.09086664 0.08049573
 0.0713085  0.06316983]
Running run_em_exact over 20 rho values, extending until FPR >= 0.3...
  rho=0.63170 (1/20)
    fp=0.0008 tp=0.0632  [6.4s]
   median nu  = 0.147
   median |eta| = 2.197
  rho=0.55960 (2/20)
    fp=0.0019 tp=0.0737  [6.3s]
   median nu  = 0.18
   median |eta| = 1.89
  rho=0.49573 (3/20)
    fp=0.0029 tp=0.1263  [6.3s]
   median nu  = 0.211
   median |eta| = 1.642
  rho=0.43915 (4/20)
    fp=0.0039 tp=0.1474  [6.2s]
   median nu  = 0.246
   median |eta| = 1.422
  rho=0.38903 (5/20)
    fp=0.0076 tp=0.1684  [6.2s]
   median nu  = 0.272
   median |eta| = 1.319
  rho=0.34463 (6/20)
    fp=0.0148 tp=0.2316  [6.1s]
   median nu  = 0.309
   median |eta| = 1.203
  rho=0.30530 (7/20)
    fp=0.0251 tp=0.2947  [6.0s]
   median nu  = 0.332
   median |eta| = 0.989
  rho=0.27045 (8/20)
    fp=0.0410 tp=0.4105  [5.7s]
   median nu  = 0.372
   median |eta| = 0.776
  rho=0.23958 (9/20)
    fp=0.0548 tp=0.5053  [5.6s]
   median nu  = 0.418
   median |eta| = 0.605
  rho=0.21224 (10/20)
    fp=0.0735 tp=0.5789  [5.4s]
   median nu  = 0.496
   median |eta| = 0.471
  rho=0.18802 (11/20)
    fp=0.0915 tp=0.6632  [5.2s]
   median nu  = 0.582
   median |eta| = 0.347
  rho=0.16656 (12/20)
    fp=0.1118 tp=0.7263  [5.0s]
   median nu  = 0.651
   median |eta| = 0.246
  rho=0.14755 (13/20)
    fp=0.1298 tp=0.7684  [4.9s]
   median nu  = 0.734
   median |eta| = 0.174
  rho=0.13071 (14/20)
    fp=0.1520 tp=0.7789  [4.8s]
   median nu  = 0.813
   median |eta| = 0.124
  rho=0.11579 (15/20)
    fp=0.1681 tp=0.7895  [4.8s]
   median nu  = 0.923
   median |eta| = 0.088
  rho=0.10257 (16/20)
    fp=0.1833 tp=0.8211  [4.7s]
   median nu  = 1.007
   median |eta| = 0.061
  rho=0.09087 (17/20)
    fp=0.2029 tp=0.8526  [4.6s]
   median nu  = 1.099
   median |eta| = 0.047
  rho=0.08050 (18/20)
    fp=0.2233 tp=0.8737  [4.0s]
   median nu  = 1.217
   median |eta| = 0.037
  rho=0.07131 (19/20)
    fp=0.2391 tp=0.8842  [3.5s]
   median nu  = 1.333
   median |eta| = 0.028
  rho=0.06317 (20/20)
    fp=0.2546 tp=0.9158  [3.3s]
   median nu  = 1.468
   median |eta| = 0.021
  rho=0.05596 (21/21)  [extra 1/50]
    fp=0.2702 tp=0.9263  [3.3s]
   median nu  = 1.583
   median |eta| = 0.016
  rho=0.04957 (22/22)  [extra 2/50]
    fp=0.2857 tp=0.9368  [2.9s]
   median nu  = 1.701
   median |eta| = 0.013
  rho=0.04392 (23/23)  [extra 3/50]
    fp=0.3007 tp=0.9368  [2.3s]
   median nu  = 1.833
   median |eta| = 0.01
  FPR 0.3007 >= fp_end=0.3; stopping after 23 fits
  grid extended by 3 points down to rho=0.04392, ending at FPR 0.3007
  graphical_lasso rho_max = max|S_ij| (off-diag) = 2.65369
  rho grid: [2.6536888  2.35081478 2.08250874 1.84482534 1.6342695  1.44774508
 1.28250928 1.13613238 1.00646195 0.89159122 0.78983105 0.6996851
 0.61982779 0.54908486 0.48641604 0.43089981 0.38171984 0.33815293
 0.29955845 0.26536888]
Running graphical_lasso over 20 rho values, extending until FPR >= 0.3...
  rho=2.65369 (1/20)
    fp=0.0000 tp=0.0000  [0.0s]
  rho=2.35081 (2/20)
    fp=0.0002 tp=0.0000  [0.0s]
  rho=2.08251 (3/20)
    fp=0.0002 tp=0.0000  [5.0s]
  rho=1.84483 (4/20)
    fp=0.0006 tp=0.0105  [0.0s]
  rho=1.63427 (5/20)
    fp=0.0008 tp=0.0211  [4.9s]
  rho=1.44775 (6/20)
    fp=0.0008 tp=0.0211  [5.0s]
  rho=1.28251 (7/20)
    fp=0.0010 tp=0.0421  [5.0s]
  rho=1.13613 (8/20)
    fp=0.0014 tp=0.0526  [4.9s]
  rho=1.00646 (9/20)
    fp=0.0031 tp=0.0737  [5.0s]
  rho=0.89159 (10/20)
    fp=0.0045 tp=0.0947  [5.0s]
  rho=0.78983 (11/20)
    fp=0.0080 tp=0.1263  [5.0s]
  rho=0.69969 (12/20)
    fp=0.0134 tp=0.1263  [5.0s]
  rho=0.61983 (13/20)
    fp=0.0210 tp=0.1474  [5.0s]
  rho=0.54908 (14/20)
    fp=0.0292 tp=0.1789  [5.0s]
  rho=0.48642 (15/20)
    fp=0.0439 tp=0.2842  [0.0s]
  rho=0.43090 (16/20)
    fp=0.0632 tp=0.3789  [0.2s]
  rho=0.38172 (17/20)
    fp=0.0894 tp=0.4211  [0.1s]
  rho=0.33815 (18/20)
    fp=0.1147 tp=0.4737  [0.1s]
  rho=0.29956 (19/20)
    fp=0.1458 tp=0.5579  [0.1s]
  rho=0.26537 (20/20)
    fp=0.1763 tp=0.5895  [0.1s]
  rho=0.23508 (21/21)  [extra 1/50]
    fp=0.2087 tp=0.6632  [0.2s]
  rho=0.20825 (22/22)  [extra 2/50]
    fp=0.2356 tp=0.7158  [0.2s]
  rho=0.18448 (23/23)  [extra 3/50]
    fp=0.2706 tp=0.7579  [0.1s]
  rho=0.16343 (24/24)  [extra 4/50]
    fp=0.3018 tp=0.7579  [0.0s]
  FPR 0.3018 >= fp_end=0.3; stopping after 24 fits
  [note] 11/24 fits hit a glasso ConvergenceWarning (suppressed)
  grid extended by 4 points down to rho=0.16343, ending at FPR 0.3018

(p=100, n=50) over 40 replicates
  t+lasso  (run_em_diagonal):    AUC = 0.196 (SE 0.002)
  ~t+lasso (run_em_exact):       AUC = 0.196 (SE 0.002)
  tlasso   (run_tlasso):         AUC = 0.145 (SE 0.002)
  t*lasso  (run_tstar_varlasso): AUC = 0.193 (SE 0.002)
  glasso   (graphical_lasso):    AUC = 0.144 (SE 0.003)
Replicate 41/50
  Theta: 99/4950 edges
  pilot fit of run_tlasso at rho=30.34854
  -> rho_max = max|S_ij| (off-diag) = 34.63598
  rho grid: [34.63598193 30.68286614 27.18093215 24.07868513 21.33050751 18.89598823
 16.73932844 14.82881516 13.13635489 11.63706054 10.30888547  9.13229929
  8.09000066  7.16666292  6.34870868  5.62411018  4.98221243  4.41357654
  3.90984088  3.46359819]
Running run_tlasso over 20 rho values, extending until FPR >= 0.3...
  rho=34.63598 (1/20)
    fp=0.0002 tp=0.0000  [0.1s]
   nu  = 3.0000
  rho=30.68287 (2/20)
    fp=0.0002 tp=0.0000  [0.1s]
   nu  = 3.0000
  rho=27.18093 (3/20)
    fp=0.0002 tp=0.0000  [0.1s]
   nu  = 3.0000
  rho=24.07869 (4/20)
    fp=0.0002 tp=0.0000  [0.1s]
   nu  = 3.0000
  rho=21.33051 (5/20)
    fp=0.0004 tp=0.0000  [0.1s]
   nu  = 3.0000
  rho=18.89599 (6/20)
    fp=0.0008 tp=0.0101  [0.1s]
   nu  = 3.0000
  rho=16.73933 (7/20)
    fp=0.0012 tp=0.0202  [0.1s]
   nu  = 3.0000
  rho=14.82882 (8/20)
    fp=0.0012 tp=0.0303  [0.1s]
   nu  = 3.0000
  rho=13.13635 (9/20)
    fp=0.0019 tp=0.0303  [0.1s]
   nu  = 3.0000
  rho=11.63706 (10/20)
    fp=0.0045 tp=0.0404  [0.1s]
   nu  = 3.0000
  rho=10.30889 (11/20)
    fp=0.0078 tp=0.0808  [0.1s]
   nu  = 3.0000
  rho=9.13230 (12/20)
    fp=0.0101 tp=0.0909  [0.1s]
   nu  = 3.0000
  rho=8.09000 (13/20)
    fp=0.0144 tp=0.1313  [0.1s]
   nu  = 3.0000
  rho=7.16666 (14/20)
    fp=0.0210 tp=0.1414  [0.1s]
   nu  = 3.0000
  rho=6.34871 (15/20)
    fp=0.0303 tp=0.2121  [0.1s]
   nu  = 3.0000
  rho=5.62411 (16/20)
    fp=0.0437 tp=0.2525  [0.1s]
   nu  = 3.0000
  rho=4.98221 (17/20)
    fp=0.0631 tp=0.3333  [0.1s]
   nu  = 3.0000
  rho=4.41358 (18/20)
    fp=0.0895 tp=0.3838  [0.1s]
   nu  = 3.0000
  rho=3.90984 (19/20)
    fp=0.1216 tp=0.4646  [0.3s]
   nu  = 3.0000
  rho=3.46360 (20/20)
    fp=0.1565 tp=0.5657  [0.3s]
   nu  = 3.0000
  rho=3.06829 (21/21)  [extra 1/50]
    fp=0.1987 tp=0.6465  [0.3s]
   nu  = 3.0000
  rho=2.71809 (22/22)  [extra 2/50]
    fp=0.2416 tp=0.6566  [0.3s]
   nu  = 3.0000
  rho=2.40787 (23/23)  [extra 3/50]
    fp=0.2876 tp=0.6869  [0.3s]
   nu  = 3.0000
  rho=2.13305 (24/24)  [extra 4/50]
    fp=0.3294 tp=0.6869  [0.4s]
   nu  = 3.0000
  FPR 0.3294 >= fp_end=0.3; stopping after 24 fits
  grid extended by 4 points down to rho=2.13305, ending at FPR 0.3294
  pilot fit of run_tstar_varlasso at rho=0.30349
  -> rho_max = max|S_ij| (off-diag) = 0.67875
  rho grid: [0.67875337 0.60128507 0.53265847 0.47186445 0.41800905 0.37030033
 0.32803677 0.29059688 0.25743012 0.2280488  0.20202086 0.17896357
 0.15853788 0.14044344 0.12441418 0.11021439 0.09763527 0.08649184
 0.07662025 0.06787534]
Running run_tstar_varlasso over 20 rho values, extending until FPR >= 0.3...
  rho=0.67875 (1/20)
    fp=0.0000 tp=0.0101  [0.1s]
   nu  = 3.0000
  rho=0.60129 (2/20)
    fp=0.0000 tp=0.0202  [0.1s]
   nu  = 3.0000
  rho=0.53266 (3/20)
    fp=0.0000 tp=0.0404  [0.1s]
   nu  = 3.0000
  rho=0.47186 (4/20)
    fp=0.0006 tp=0.0505  [0.1s]
   nu  = 3.0000
  rho=0.41801 (5/20)
    fp=0.0012 tp=0.0707  [0.1s]
   nu  = 3.0000
  rho=0.37030 (6/20)
    fp=0.0025 tp=0.1111  [0.1s]
   nu  = 3.0000
  rho=0.32804 (7/20)
    fp=0.0052 tp=0.1717  [0.1s]
   nu  = 3.0000
  rho=0.29060 (8/20)
    fp=0.0089 tp=0.2424  [0.1s]
   nu  = 3.0000
  rho=0.25743 (9/20)
    fp=0.0148 tp=0.2828  [0.1s]
   nu  = 3.0000
  rho=0.22805 (10/20)
    fp=0.0249 tp=0.3939  [0.1s]
   nu  = 3.0000
  rho=0.20202 (11/20)
    fp=0.0396 tp=0.4646  [0.1s]
   nu  = 3.0000
  rho=0.17896 (12/20)
    fp=0.0583 tp=0.5152  [0.1s]
   nu  = 3.0000
  rho=0.15854 (13/20)
    fp=0.0808 tp=0.5960  [0.1s]
   nu  = 3.0000
  rho=0.14044 (14/20)
    fp=0.1045 tp=0.6364  [0.1s]
   nu  = 3.0000
  rho=0.12441 (15/20)
    fp=0.1260 tp=0.6869  [0.1s]
   nu  = 3.0000
  rho=0.11021 (16/20)
    fp=0.1499 tp=0.7071  [0.1s]
   nu  = 3.0000
  rho=0.09764 (17/20)
    fp=0.1798 tp=0.7273  [0.1s]
   nu  = 3.0000
  rho=0.08649 (18/20)
    fp=0.2016 tp=0.7677  [0.1s]
   nu  = 3.0000
  rho=0.07662 (19/20)
    fp=0.2222 tp=0.7778  [0.1s]
   nu  = 3.0000
  rho=0.06788 (20/20)
    fp=0.2465 tp=0.7980  [0.1s]
   nu  = 3.0000
  rho=0.06013 (21/21)  [extra 1/50]
    fp=0.2703 tp=0.8081  [0.1s]
   nu  = 3.0000
  rho=0.05327 (22/22)  [extra 2/50]
    fp=0.2938 tp=0.8384  [0.1s]
   nu  = 3.0000
  rho=0.04719 (23/23)  [extra 3/50]
    fp=0.3137 tp=0.8485  [0.1s]
   nu  = 3.0000
  FPR 0.3137 >= fp_end=0.3; stopping after 23 fits
  grid extended by 3 points down to rho=0.04719, ending at FPR 0.3137
  pilot fit of run_em_diagonal at rho=0.30349
  -> rho_max = max|S_ij| (off-diag) = 0.71382
  rho grid: [0.71381628 0.63234614 0.56017445 0.49623994 0.43960248 0.38942924
 0.34498243 0.30560848 0.2707284  0.2398293  0.21245681 0.18820843
 0.1667276  0.14769845 0.13084115 0.11590783 0.1026789  0.09095982
 0.08057829 0.07138163]
Running run_em_diagonal over 20 rho values, extending until FPR >= 0.3...
  rho=0.71382 (1/20)
    fp=0.0000 tp=0.0404  [6.0s]
   median nu  = 0.218
   median |eta| = 1.672
  rho=0.63235 (2/20)
    fp=0.0004 tp=0.0404  [5.9s]
   median nu  = 0.255
   median |eta| = 1.462
  rho=0.56017 (3/20)
    fp=0.0014 tp=0.0606  [5.9s]
   median nu  = 0.29
   median |eta| = 1.293
  rho=0.49624 (4/20)
    fp=0.0035 tp=0.0909  [5.9s]
   median nu  = 0.321
   median |eta| = 1.113
  rho=0.43960 (5/20)
    fp=0.0058 tp=0.1717  [5.9s]
   median nu  = 0.369
   median |eta| = 0.934
  rho=0.38943 (6/20)
    fp=0.0078 tp=0.2020  [5.8s]
   median nu  = 0.42
   median |eta| = 0.854
  rho=0.34498 (7/20)
    fp=0.0126 tp=0.2424  [5.7s]
   median nu  = 0.452
   median |eta| = 0.761
  rho=0.30561 (8/20)
    fp=0.0198 tp=0.2929  [5.7s]
   median nu  = 0.502
   median |eta| = 0.687
  rho=0.27073 (9/20)
    fp=0.0305 tp=0.3636  [5.7s]
   median nu  = 0.556
   median |eta| = 0.605
  rho=0.23983 (10/20)
    fp=0.0451 tp=0.4646  [5.6s]
   median nu  = 0.598
   median |eta| = 0.523
  rho=0.21246 (11/20)
    fp=0.0614 tp=0.5051  [5.5s]
   median nu  = 0.645
   median |eta| = 0.406
  rho=0.18821 (12/20)
    fp=0.0781 tp=0.5657  [5.3s]
   median nu  = 0.709
   median |eta| = 0.33
  rho=0.16673 (13/20)
    fp=0.0944 tp=0.5960  [5.3s]
   median nu  = 0.778
   median |eta| = 0.287
  rho=0.14770 (14/20)
    fp=0.1115 tp=0.6566  [5.7s]
   median nu  = 0.839
   median |eta| = 0.24
  rho=0.13084 (15/20)
    fp=0.1282 tp=0.6667  [5.6s]
   median nu  = 0.897
   median |eta| = 0.199
  rho=0.11591 (16/20)
    fp=0.1449 tp=0.6970  [5.5s]
   median nu  = 0.969
   median |eta| = 0.152
  rho=0.10268 (17/20)
    fp=0.1664 tp=0.7374  [5.5s]
   median nu  = 1.058
   median |eta| = 0.113
  rho=0.09096 (18/20)
    fp=0.1816 tp=0.7475  [5.5s]
   median nu  = 1.161
   median |eta| = 0.093
  rho=0.08058 (19/20)
    fp=0.1993 tp=0.7778  [5.4s]
   median nu  = 1.272
   median |eta| = 0.069
  rho=0.07138 (20/20)
    fp=0.2162 tp=0.8283  [5.4s]
   median nu  = 1.358
   median |eta| = 0.055
  rho=0.06323 (21/21)  [extra 1/50]
    fp=0.2305 tp=0.8384  [5.3s]
   median nu  = 1.446
   median |eta| = 0.044
  rho=0.05602 (22/22)  [extra 2/50]
    fp=0.2480 tp=0.8485  [5.4s]
   median nu  = 1.58
   median |eta| = 0.035
  rho=0.04962 (23/23)  [extra 3/50]
    fp=0.2585 tp=0.8485  [5.3s]
   median nu  = 1.705
   median |eta| = 0.028
  rho=0.04396 (24/24)  [extra 4/50]
    fp=0.2733 tp=0.8485  [5.2s]
   median nu  = 1.814
   median |eta| = 0.022
  rho=0.03894 (25/25)  [extra 5/50]
    fp=0.2857 tp=0.8687  [5.2s]
   median nu  = 1.92
   median |eta| = 0.017
  rho=0.03450 (26/26)  [extra 6/50]
    fp=0.2942 tp=0.8788  [5.2s]
   median nu  = 1.982
   median |eta| = 0.014
  rho=0.03056 (27/27)  [extra 7/50]
    fp=0.3057 tp=0.8687  [5.1s]
   median nu  = 2.116
   median |eta| = 0.01
  FPR 0.3057 >= fp_end=0.3; stopping after 27 fits
  grid extended by 7 points down to rho=0.03056, ending at FPR 0.3057
  pilot fit of run_em_exact at rho=0.30349
  -> rho_max = max|S_ij| (off-diag) = 0.71077
  rho grid: [0.7107718  0.62964914 0.55778526 0.49412344 0.43772754 0.38776829
 0.34351105 0.30430503 0.26957372 0.23880641 0.21155067 0.18740571
 0.1660165  0.1470685  0.1302831  0.11541347 0.10224096 0.09057187
 0.08023461 0.07107718]
Running run_em_exact over 20 rho values, extending until FPR >= 0.3...
  rho=0.71077 (1/20)
    fp=0.0000 tp=0.0404  [6.0s]
   median nu  = 0.219
   median |eta| = 1.659
  rho=0.62965 (2/20)
    fp=0.0004 tp=0.0404  [6.1s]
   median nu  = 0.256
   median |eta| = 1.414
  rho=0.55779 (3/20)
    fp=0.0014 tp=0.0606  [6.1s]
   median nu  = 0.291
   median |eta| = 1.236
  rho=0.49412 (4/20)
    fp=0.0035 tp=0.0909  [6.0s]
   median nu  = 0.325
   median |eta| = 1.034
  rho=0.43773 (5/20)
    fp=0.0058 tp=0.1717  [5.9s]
   median nu  = 0.37
   median |eta| = 0.904
  rho=0.38777 (6/20)
    fp=0.0080 tp=0.2020  [5.9s]
   median nu  = 0.428
   median |eta| = 0.806
  rho=0.34351 (7/20)
    fp=0.0124 tp=0.2424  [5.8s]
   median nu  = 0.473
   median |eta| = 0.684
  rho=0.30431 (8/20)
    fp=0.0206 tp=0.2929  [5.6s]
   median nu  = 0.53
   median |eta| = 0.565
  rho=0.26957 (9/20)
    fp=0.0315 tp=0.3737  [5.6s]
   median nu  = 0.595
   median |eta| = 0.435
  rho=0.23881 (10/20)
    fp=0.0449 tp=0.4646  [5.4s]
   median nu  = 0.669
   median |eta| = 0.359
  rho=0.21155 (11/20)
    fp=0.0633 tp=0.5152  [5.2s]
   median nu  = 0.727
   median |eta| = 0.278
  rho=0.18741 (12/20)
    fp=0.0818 tp=0.5859  [5.1s]
   median nu  = 0.785
   median |eta| = 0.208
  rho=0.16602 (13/20)
    fp=0.0998 tp=0.6263  [5.0s]
   median nu  = 0.878
   median |eta| = 0.154
  rho=0.14707 (14/20)
    fp=0.1173 tp=0.6667  [5.4s]
   median nu  = 0.956
   median |eta| = 0.107
  rho=0.13028 (15/20)
    fp=0.1313 tp=0.6869  [5.2s]
   median nu  = 1.031
   median |eta| = 0.076
  rho=0.11541 (16/20)
    fp=0.1486 tp=0.6970  [5.1s]
   median nu  = 1.105
   median |eta| = 0.06
  rho=0.10224 (17/20)
    fp=0.1672 tp=0.7475  [4.7s]
   median nu  = 1.185
   median |eta| = 0.047
  rho=0.09057 (18/20)
    fp=0.1853 tp=0.7576  [3.8s]
   median nu  = 1.271
   median |eta| = 0.035
  rho=0.08023 (19/20)
    fp=0.2028 tp=0.7879  [2.8s]
   median nu  = 1.364
   median |eta| = 0.027
  rho=0.07108 (20/20)
    fp=0.2181 tp=0.8182  [2.0s]
   median nu  = 1.481
   median |eta| = 0.022
  rho=0.06296 (21/21)  [extra 1/50]
    fp=0.2331 tp=0.8283  [1.8s]
   median nu  = 1.602
   median |eta| = 0.017
  rho=0.05578 (22/22)  [extra 2/50]
    fp=0.2468 tp=0.8384  [1.9s]
   median nu  = 1.754
   median |eta| = 0.013
  rho=0.04941 (23/23)  [extra 3/50]
    fp=0.2589 tp=0.8384  [1.8s]
   median nu  = 1.894
   median |eta| = 0.01
  rho=0.04377 (24/24)  [extra 4/50]
    fp=0.2705 tp=0.8586  [1.6s]
   median nu  = 2.015
   median |eta| = 0.008
  rho=0.03878 (25/25)  [extra 5/50]
    fp=0.2837 tp=0.8586  [1.5s]
   median nu  = 2.145
   median |eta| = 0.006
  rho=0.03435 (26/26)  [extra 6/50]
    fp=0.2960 tp=0.8788  [1.4s]
   median nu  = 2.272
   median |eta| = 0.004
  rho=0.03043 (27/27)  [extra 7/50]
    fp=0.3092 tp=0.8788  [1.3s]
   median nu  = 2.394
   median |eta| = 0.003
  FPR 0.3092 >= fp_end=0.3; stopping after 27 fits
  grid extended by 7 points down to rho=0.03043, ending at FPR 0.3092
  graphical_lasso rho_max = max|S_ij| (off-diag) = 2.83161
  rho grid: [2.83161332 2.5084322  2.22213679 1.96851718 1.743844   1.54481349
 1.36849896 1.21230778 1.07394321 0.95137062 0.84278764 0.74659758
 0.661386   0.5858999  0.51902926 0.45979078 0.40731339 0.3608254
 0.31964324 0.28316133]
Running graphical_lasso over 20 rho values, extending until FPR >= 0.3...
  rho=2.83161 (1/20)
    fp=0.0000 tp=0.0000  [0.0s]
  rho=2.50843 (2/20)
    fp=0.0002 tp=0.0000  [0.0s]
  rho=2.22214 (3/20)
    fp=0.0002 tp=0.0000  [4.9s]
  rho=1.96852 (4/20)
    fp=0.0006 tp=0.0000  [4.9s]
  rho=1.74384 (5/20)
    fp=0.0006 tp=0.0000  [4.9s]
  rho=1.54481 (6/20)
    fp=0.0010 tp=0.0000  [0.0s]
  rho=1.36850 (7/20)
    fp=0.0012 tp=0.0000  [0.0s]
  rho=1.21231 (8/20)
    fp=0.0019 tp=0.0303  [4.9s]
  rho=1.07394 (9/20)
    fp=0.0023 tp=0.0404  [5.0s]
  rho=0.95137 (10/20)
    fp=0.0052 tp=0.0505  [4.9s]
  rho=0.84279 (11/20)
    fp=0.0093 tp=0.0808  [4.9s]
  rho=0.74660 (12/20)
    fp=0.0142 tp=0.1010  [4.9s]
  rho=0.66139 (13/20)
    fp=0.0231 tp=0.1414  [4.9s]
  rho=0.58590 (14/20)
    fp=0.0355 tp=0.2020  [0.0s]
  rho=0.51903 (15/20)
    fp=0.0478 tp=0.2424  [4.9s]
  rho=0.45979 (16/20)
    fp=0.0653 tp=0.3333  [0.0s]
  rho=0.40731 (17/20)
    fp=0.0907 tp=0.3838  [0.1s]
  rho=0.36083 (18/20)
    fp=0.1196 tp=0.4747  [0.1s]
  rho=0.31964 (19/20)
    fp=0.1457 tp=0.5152  [0.1s]
  rho=0.28316 (20/20)
    fp=0.1777 tp=0.6061  [0.0s]
  rho=0.25084 (21/21)  [extra 1/50]
    fp=0.2094 tp=0.6465  [0.1s]
  rho=0.22221 (22/22)  [extra 2/50]
    fp=0.2414 tp=0.6667  [0.3s]
  rho=0.19685 (23/23)  [extra 3/50]
    fp=0.2795 tp=0.6869  [0.1s]
  rho=0.17438 (24/24)  [extra 4/50]
    fp=0.3123 tp=0.7071  [0.0s]
  FPR 0.3123 >= fp_end=0.3; stopping after 24 fits
  [note] 10/24 fits hit a glasso ConvergenceWarning (suppressed)
  grid extended by 4 points down to rho=0.17438, ending at FPR 0.3123

(p=100, n=50) over 41 replicates
  t+lasso  (run_em_diagonal):    AUC = 0.196 (SE 0.002)
  ~t+lasso (run_em_exact):       AUC = 0.196 (SE 0.002)
  tlasso   (run_tlasso):         AUC = 0.145 (SE 0.002)
  t*lasso  (run_tstar_varlasso): AUC = 0.193 (SE 0.002)
  glasso   (graphical_lasso):    AUC = 0.144 (SE 0.002)
Replicate 42/50
  Theta: 91/4950 edges
  pilot fit of run_tlasso at rho=30.34854
  -> rho_max = max|S_ij| (off-diag) = 39.35478
  rho grid: [39.35477981 34.86309248 30.88405584 27.35915942 24.23657074 21.47037313
 19.01989054 16.84908938 14.92604873 13.22249089 11.71336556 10.37648156
  9.19218041  8.14304736  7.21365523  6.3903376   5.66098786  5.01488115
  4.44251667  3.93547798]
Running run_tlasso over 20 rho values, extending until FPR >= 0.3...
  rho=39.35478 (1/20)
    fp=0.0004 tp=0.0000  [0.1s]
   nu  = 3.0000
  rho=34.86309 (2/20)
    fp=0.0006 tp=0.0000  [0.0s]
   nu  = 3.0000
  rho=30.88406 (3/20)
    fp=0.0008 tp=0.0000  [0.0s]
   nu  = 3.0000
  rho=27.35916 (4/20)
    fp=0.0012 tp=0.0000  [0.1s]
   nu  = 3.0000
  rho=24.23657 (5/20)
    fp=0.0016 tp=0.0000  [0.1s]
   nu  = 3.0000
  rho=21.47037 (6/20)
    fp=0.0019 tp=0.0000  [0.1s]
   nu  = 3.0000
  rho=19.01989 (7/20)
    fp=0.0031 tp=0.0110  [0.1s]
   nu  = 3.0000
  rho=16.84909 (8/20)
    fp=0.0035 tp=0.0220  [0.1s]
   nu  = 3.0000
  rho=14.92605 (9/20)
    fp=0.0043 tp=0.0220  [0.1s]
   nu  = 3.0000
  rho=13.22249 (10/20)
    fp=0.0060 tp=0.0330  [0.1s]
   nu  = 3.0000
  rho=11.71337 (11/20)
    fp=0.0086 tp=0.0440  [0.1s]
   nu  = 3.0000
  rho=10.37648 (12/20)
    fp=0.0121 tp=0.0549  [0.1s]
   nu  = 3.0000
  rho=9.19218 (13/20)
    fp=0.0152 tp=0.0549  [0.1s]
   nu  = 3.0000
  rho=8.14305 (14/20)
    fp=0.0208 tp=0.0769  [0.1s]
   nu  = 3.0000
  rho=7.21366 (15/20)
    fp=0.0272 tp=0.0879  [0.1s]
   nu  = 3.0000
  rho=6.39034 (16/20)
    fp=0.0370 tp=0.1319  [0.1s]
   nu  = 3.0000
  rho=5.66099 (17/20)
    fp=0.0469 tp=0.1868  [0.1s]
   nu  = 3.0000
  rho=5.01488 (18/20)
    fp=0.0648 tp=0.2637  [0.1s]
   nu  = 3.0000
  rho=4.44252 (19/20)
    fp=0.0860 tp=0.3956  [0.2s]
   nu  = 3.0000
  rho=3.93548 (20/20)
    fp=0.1214 tp=0.4615  [0.2s]
   nu  = 3.0000
  rho=3.48631 (21/21)  [extra 1/50]
    fp=0.1572 tp=0.5934  [0.2s]
   nu  = 3.0000
  rho=3.08841 (22/22)  [extra 2/50]
    fp=0.2023 tp=0.6593  [0.3s]
   nu  = 3.0000
  rho=2.73592 (23/23)  [extra 3/50]
    fp=0.2517 tp=0.7143  [0.3s]
   nu  = 3.0000
  rho=2.42366 (24/24)  [extra 4/50]
    fp=0.2947 tp=0.7473  [0.4s]
   nu  = 3.0000
  rho=2.14704 (25/25)  [extra 5/50]
    fp=0.3326 tp=0.7582  [0.3s]
   nu  = 3.0000
  FPR 0.3326 >= fp_end=0.3; stopping after 25 fits
  grid extended by 5 points down to rho=2.14704, ending at FPR 0.3326
  pilot fit of run_tstar_varlasso at rho=0.30349
  -> rho_max = max|S_ij| (off-diag) = 0.65736
  rho grid: [0.65735648 0.58233027 0.51586705 0.45698949 0.40483181 0.35862706
 0.3176958  0.28143616 0.24931495 0.22085983 0.19565239 0.17332196
 0.15354016 0.13601613 0.12049217 0.10674002 0.09455744 0.08376529
 0.07420489 0.06573565]
Running run_tstar_varlasso over 20 rho values, extending until FPR >= 0.3...
  rho=0.65736 (1/20)
    fp=0.0008 tp=0.0220  [0.1s]
   nu  = 3.0000
  rho=0.58233 (2/20)
    fp=0.0012 tp=0.0440  [0.1s]
   nu  = 3.0000
  rho=0.51587 (3/20)
    fp=0.0019 tp=0.0440  [0.0s]
   nu  = 3.0000
  rho=0.45699 (4/20)
    fp=0.0027 tp=0.0549  [0.1s]
   nu  = 3.0000
  rho=0.40483 (5/20)
    fp=0.0045 tp=0.0769  [0.1s]
   nu  = 3.0000
  rho=0.35863 (6/20)
    fp=0.0074 tp=0.1209  [0.1s]
   nu  = 3.0000
  rho=0.31770 (7/20)
    fp=0.0126 tp=0.1758  [0.1s]
   nu  = 3.0000
  rho=0.28144 (8/20)
    fp=0.0200 tp=0.2418  [0.1s]
   nu  = 3.0000
  rho=0.24931 (9/20)
    fp=0.0288 tp=0.3187  [0.1s]
   nu  = 3.0000
  rho=0.22086 (10/20)
    fp=0.0418 tp=0.4066  [0.1s]
   nu  = 3.0000
  rho=0.19565 (11/20)
    fp=0.0582 tp=0.4725  [0.1s]
   nu  = 3.0000
  rho=0.17332 (12/20)
    fp=0.0761 tp=0.5714  [0.1s]
   nu  = 3.0000
  rho=0.15354 (13/20)
    fp=0.0959 tp=0.6374  [0.1s]
   nu  = 3.0000
  rho=0.13602 (14/20)
    fp=0.1202 tp=0.6923  [0.1s]
   nu  = 3.0000
  rho=0.12049 (15/20)
    fp=0.1496 tp=0.7253  [0.1s]
   nu  = 3.0000
  rho=0.10674 (16/20)
    fp=0.1778 tp=0.7473  [0.1s]
   nu  = 3.0000
  rho=0.09456 (17/20)
    fp=0.2048 tp=0.7802  [0.1s]
   nu  = 3.0000
  rho=0.08377 (18/20)
    fp=0.2330 tp=0.8132  [0.1s]
   nu  = 3.0000
  rho=0.07420 (19/20)
    fp=0.2601 tp=0.8242  [0.1s]
   nu  = 3.0000
  rho=0.06574 (20/20)
    fp=0.2822 tp=0.8462  [0.1s]
   nu  = 3.0000
  rho=0.05823 (21/21)  [extra 1/50]
    fp=0.3031 tp=0.8681  [0.1s]
   nu  = 3.0000
  FPR 0.3031 >= fp_end=0.3; stopping after 21 fits
  grid extended by 1 points down to rho=0.05823, ending at FPR 0.3031
  pilot fit of run_em_diagonal at rho=0.30349
  -> rho_max = max|S_ij| (off-diag) = 0.68925
  rho grid: [0.68925298 0.61058632 0.54089815 0.4791637  0.42447521 0.37602849
 0.33311116 0.29509211 0.2614123  0.23157648 0.20514591 0.18173195
 0.1609903  0.14261596 0.12633874 0.1119193  0.09914559 0.08782978
 0.07780549 0.0689253 ]
Running run_em_diagonal over 20 rho values, extending until FPR >= 0.3...
  rho=0.68925 (1/20)
    fp=0.0012 tp=0.0440  [6.2s]
   median nu  = 0.18
   median |eta| = 2.328
  rho=0.61059 (2/20)
    fp=0.0021 tp=0.0440  [6.1s]
   median nu  = 0.209
   median |eta| = 2.144
  rho=0.54090 (3/20)
    fp=0.0045 tp=0.0659  [6.1s]
   median nu  = 0.238
   median |eta| = 2.151
  rho=0.47916 (4/20)
    fp=0.0074 tp=0.1099  [6.1s]
   median nu  = 0.27
   median |eta| = 1.897
  rho=0.42448 (5/20)
    fp=0.0117 tp=0.1429  [5.9s]
   median nu  = 0.314
   median |eta| = 1.643
  rho=0.37603 (6/20)
    fp=0.0175 tp=0.2198  [5.9s]
   median nu  = 0.343
   median |eta| = 1.441
  rho=0.33311 (7/20)
    fp=0.0265 tp=0.2747  [5.9s]
   median nu  = 0.382
   median |eta| = 1.205
  rho=0.29509 (8/20)
    fp=0.0360 tp=0.3956  [5.8s]
   median nu  = 0.399
   median |eta| = 0.981
  rho=0.26141 (9/20)
    fp=0.0498 tp=0.4945  [5.8s]
   median nu  = 0.436
   median |eta| = 0.822
  rho=0.23158 (10/20)
    fp=0.0642 tp=0.5385  [5.9s]
   median nu  = 0.465
   median |eta| = 0.739
  rho=0.20515 (11/20)
    fp=0.0819 tp=0.5824  [5.8s]
   median nu  = 0.51
   median |eta| = 0.544
  rho=0.18173 (12/20)
    fp=0.1013 tp=0.6484  [5.7s]
   median nu  = 0.571
   median |eta| = 0.391
  rho=0.16099 (13/20)
    fp=0.1185 tp=0.6703  [5.7s]
   median nu  = 0.671
   median |eta| = 0.266
  rho=0.14262 (14/20)
    fp=0.1342 tp=0.7143  [6.1s]
   median nu  = 0.752
   median |eta| = 0.211
  rho=0.12634 (15/20)
    fp=0.1533 tp=0.7473  [5.9s]
   median nu  = 0.824
   median |eta| = 0.173
  rho=0.11192 (16/20)
    fp=0.1753 tp=0.7692  [5.7s]
   median nu  = 0.895
   median |eta| = 0.146
  rho=0.09915 (17/20)
    fp=0.1932 tp=0.7912  [6.1s]
   median nu  = 0.969
   median |eta| = 0.118
  rho=0.08783 (18/20)
    fp=0.2134 tp=0.8462  [5.9s]
   median nu  = 1.103
   median |eta| = 0.095
  rho=0.07781 (19/20)
    fp=0.2303 tp=0.8462  [5.7s]
   median nu  = 1.199
   median |eta| = 0.08
  rho=0.06893 (20/20)
    fp=0.2490 tp=0.8571  [5.3s]
   median nu  = 1.287
   median |eta| = 0.064
  rho=0.06106 (21/21)  [extra 1/50]
    fp=0.2618 tp=0.8681  [5.8s]
   median nu  = 1.386
   median |eta| = 0.05
  rho=0.05409 (22/22)  [extra 2/50]
    fp=0.2752 tp=0.8681  [5.8s]
   median nu  = 1.49
   median |eta| = 0.036
  rho=0.04792 (23/23)  [extra 3/50]
    fp=0.2889 tp=0.8901  [5.7s]
   median nu  = 1.6
   median |eta| = 0.026
  rho=0.04245 (24/24)  [extra 4/50]
    fp=0.3038 tp=0.8901  [6.0s]
   median nu  = 1.717
   median |eta| = 0.022
  FPR 0.3038 >= fp_end=0.3; stopping after 24 fits
  grid extended by 4 points down to rho=0.04245, ending at FPR 0.3038
  pilot fit of run_em_exact at rho=0.30349
  -> rho_max = max|S_ij| (off-diag) = 0.70695
  rho grid: [0.70695204 0.62626533 0.55478766 0.49146796 0.43537515 0.38568438
 0.34166499 0.30266967 0.26812501 0.23752304 0.21041377 0.18639857
 0.16512431 0.14627814 0.12958294 0.11479323 0.10169151 0.09008513
 0.07980342 0.0706952 ]
Running run_em_exact over 20 rho values, extending until FPR >= 0.3...
  rho=0.70695 (1/20)
    fp=0.0012 tp=0.0440  [6.8s]
   median nu  = 0.175
   median |eta| = 2.281
  rho=0.62627 (2/20)
    fp=0.0019 tp=0.0440  [6.7s]
   median nu  = 0.207
   median |eta| = 2.056
  rho=0.55479 (3/20)
    fp=0.0047 tp=0.0659  [6.5s]
   median nu  = 0.24
   median |eta| = 1.969
  rho=0.49147 (4/20)
    fp=0.0074 tp=0.0989  [6.5s]
   median nu  = 0.273
   median |eta| = 1.642
  rho=0.43538 (5/20)
    fp=0.0107 tp=0.1429  [6.4s]
   median nu  = 0.321
   median |eta| = 1.572
  rho=0.38568 (6/20)
    fp=0.0165 tp=0.1978  [6.3s]
   median nu  = 0.352
   median |eta| = 1.364
  rho=0.34166 (7/20)
    fp=0.0247 tp=0.2637  [6.2s]
   median nu  = 0.407
   median |eta| = 1.126
  rho=0.30267 (8/20)
    fp=0.0333 tp=0.3736  [6.0s]
   median nu  = 0.442
   median |eta| = 0.855
  rho=0.26813 (9/20)
    fp=0.0457 tp=0.4725  [5.8s]
   median nu  = 0.48
   median |eta| = 0.575
  rho=0.23752 (10/20)
    fp=0.0601 tp=0.5275  [5.6s]
   median nu  = 0.541
   median |eta| = 0.424
  rho=0.21041 (11/20)
    fp=0.0770 tp=0.5934  [5.4s]
   median nu  = 0.612
   median |eta| = 0.289
  rho=0.18640 (12/20)
    fp=0.0951 tp=0.6703  [5.4s]
   median nu  = 0.682
   median |eta| = 0.21
  rho=0.16512 (13/20)
    fp=0.1161 tp=0.6923  [5.8s]
   median nu  = 0.746
   median |eta| = 0.145
  rho=0.14628 (14/20)
    fp=0.1311 tp=0.7033  [5.8s]
   median nu  = 0.839
   median |eta| = 0.098
  rho=0.12958 (15/20)
    fp=0.1515 tp=0.7473  [5.6s]
   median nu  = 0.94
   median |eta| = 0.07
  rho=0.11479 (16/20)
    fp=0.1770 tp=0.7912  [5.5s]
   median nu  = 1.051
   median |eta| = 0.053
  rho=0.10169 (17/20)
    fp=0.1926 tp=0.8022  [5.5s]
   median nu  = 1.149
   median |eta| = 0.035
  rho=0.09009 (18/20)
    fp=0.2099 tp=0.8352  [5.5s]
   median nu  = 1.264
   median |eta| = 0.028
  rho=0.07980 (19/20)
    fp=0.2289 tp=0.8352  [5.0s]
   median nu  = 1.367
   median |eta| = 0.023
  rho=0.07070 (20/20)
    fp=0.2439 tp=0.8352  [4.8s]
   median nu  = 1.491
   median |eta| = 0.017
  rho=0.06263 (21/21)  [extra 1/50]
    fp=0.2608 tp=0.8571  [4.5s]
   median nu  = 1.592
   median |eta| = 0.012
  rho=0.05548 (22/22)  [extra 2/50]
    fp=0.2760 tp=0.8681  [3.6s]
   median nu  = 1.691
   median |eta| = 0.01
  rho=0.04915 (23/23)  [extra 3/50]
    fp=0.2912 tp=0.8681  [2.6s]
   median nu  = 1.78
   median |eta| = 0.007
  rho=0.04354 (24/24)  [extra 4/50]
    fp=0.3029 tp=0.8901  [2.0s]
   median nu  = 1.896
   median |eta| = 0.006
  FPR 0.3029 >= fp_end=0.3; stopping after 24 fits
  grid extended by 4 points down to rho=0.04354, ending at FPR 0.3029
  graphical_lasso rho_max = max|S_ij| (off-diag) = 2.57926
  rho grid: [2.57926275 2.28488322 2.02410216 1.79308489 1.58843435 1.40714124
 1.2465397  1.10426812 0.97823445 0.86658542 0.76767924 0.68006155
 0.60244394 0.53368508 0.47277389 0.41881469 0.37101402 0.328669
 0.29115695 0.25792628]
Running graphical_lasso over 20 rho values, extending until FPR >= 0.3...
  rho=2.57926 (1/20)
    fp=0.0000 tp=0.0000  [0.0s]
  rho=2.28488 (2/20)
    fp=0.0004 tp=0.0000  [0.0s]
  rho=2.02410 (3/20)
    fp=0.0006 tp=0.0000  [0.0s]
  rho=1.79308 (4/20)
    fp=0.0010 tp=0.0000  [0.0s]
  rho=1.58843 (5/20)
    fp=0.0016 tp=0.0000  [5.4s]
  rho=1.40714 (6/20)
    fp=0.0025 tp=0.0110  [5.4s]
  rho=1.24654 (7/20)
    fp=0.0033 tp=0.0110  [5.4s]
  rho=1.10427 (8/20)
    fp=0.0043 tp=0.0220  [0.0s]
  rho=0.97823 (9/20)
    fp=0.0086 tp=0.0330  [0.0s]
  rho=0.86659 (10/20)
    fp=0.0121 tp=0.0440  [5.6s]
  rho=0.76768 (11/20)
    fp=0.0187 tp=0.0549  [5.4s]
  rho=0.68006 (12/20)
    fp=0.0259 tp=0.0879  [5.4s]
  rho=0.60244 (13/20)
    fp=0.0356 tp=0.1319  [0.0s]
  rho=0.53369 (14/20)
    fp=0.0492 tp=0.2088  [0.0s]
  rho=0.47277 (15/20)
    fp=0.0689 tp=0.2637  [5.4s]
  rho=0.41881 (16/20)
    fp=0.0903 tp=0.3626  [5.6s]
  rho=0.37101 (17/20)
    fp=0.1167 tp=0.4396  [5.5s]
  rho=0.32867 (18/20)
    fp=0.1447 tp=0.5495  [5.4s]
  rho=0.29116 (19/20)
    fp=0.1795 tp=0.6044  [0.0s]
  rho=0.25793 (20/20)
    fp=0.2147 tp=0.6593  [0.0s]
  rho=0.22849 (21/21)  [extra 1/50]
    fp=0.2496 tp=0.7143  [0.1s]
  rho=0.20241 (22/22)  [extra 2/50]
    fp=0.2811 tp=0.7253  [0.1s]
  rho=0.17931 (23/23)  [extra 3/50]
    fp=0.3159 tp=0.7582  [0.1s]
  FPR 0.3159 >= fp_end=0.3; stopping after 23 fits
  [note] 10/23 fits hit a glasso ConvergenceWarning (suppressed)
  grid extended by 3 points down to rho=0.17931, ending at FPR 0.3159

(p=100, n=50) over 42 replicates
  t+lasso  (run_em_diagonal):    AUC = 0.196 (SE 0.002)
  ~t+lasso (run_em_exact):       AUC = 0.197 (SE 0.002)
  tlasso   (run_tlasso):         AUC = 0.145 (SE 0.002)
  t*lasso  (run_tstar_varlasso): AUC = 0.193 (SE 0.002)
  glasso   (graphical_lasso):    AUC = 0.144 (SE 0.002)
Replicate 43/50
  Theta: 103/4950 edges
  pilot fit of run_tlasso at rho=30.34854
  -> rho_max = max|S_ij| (off-diag) = 30.54214
  rho grid: [30.54214276 27.05626998 23.96825105 21.23267763 18.80932398 16.66255546
 14.76080453 13.07610653 11.58368852 10.26160497  9.09041506  8.05289682
  7.13379386  6.31959107  5.59831585  4.9593621   4.39333418  3.89190885
  3.4477128   3.05421428]
Running run_tlasso over 20 rho values, extending until FPR >= 0.3...
  rho=30.54214 (1/20)
    fp=0.0002 tp=0.0000  [0.1s]
   nu  = 3.0000
  rho=27.05627 (2/20)
    fp=0.0002 tp=0.0000  [0.1s]
   nu  = 3.0000
  rho=23.96825 (3/20)
    fp=0.0006 tp=0.0194  [0.1s]
   nu  = 3.0000
  rho=21.23268 (4/20)
    fp=0.0014 tp=0.0194  [0.1s]
   nu  = 3.0000
  rho=18.80932 (5/20)
    fp=0.0025 tp=0.0194  [0.1s]
   nu  = 3.0000
  rho=16.66256 (6/20)
    fp=0.0035 tp=0.0194  [0.1s]
   nu  = 3.0000
  rho=14.76080 (7/20)
    fp=0.0043 tp=0.0388  [0.1s]
   nu  = 3.0000
  rho=13.07611 (8/20)
    fp=0.0056 tp=0.0485  [0.1s]
   nu  = 3.0000
  rho=11.58369 (9/20)
    fp=0.0072 tp=0.0485  [0.1s]
   nu  = 3.0000
  rho=10.26160 (10/20)
    fp=0.0097 tp=0.0485  [0.1s]
   nu  = 3.0000
  rho=9.09042 (11/20)
    fp=0.0126 tp=0.1068  [0.1s]
   nu  = 3.0000
  rho=8.05290 (12/20)
    fp=0.0190 tp=0.1262  [0.1s]
   nu  = 3.0000
  rho=7.13379 (13/20)
    fp=0.0285 tp=0.1553  [0.1s]
   nu  = 3.0000
  rho=6.31959 (14/20)
    fp=0.0363 tp=0.1748  [0.1s]
   nu  = 3.0000
  rho=5.59832 (15/20)
    fp=0.0450 tp=0.2039  [0.1s]
   nu  = 3.0000
  rho=4.95936 (16/20)
    fp=0.0619 tp=0.2427  [0.1s]
   nu  = 3.0000
  rho=4.39333 (17/20)
    fp=0.0819 tp=0.2816  [0.1s]
   nu  = 3.0000
  rho=3.89191 (18/20)
    fp=0.1079 tp=0.3689  [0.2s]
   nu  = 3.0000
  rho=3.44771 (19/20)
    fp=0.1442 tp=0.5437  [0.3s]
   nu  = 3.0000
  rho=3.05421 (20/20)
    fp=0.1836 tp=0.6408  [0.3s]
   nu  = 3.0000
  rho=2.70563 (21/21)  [extra 1/50]
    fp=0.2214 tp=0.6505  [0.3s]
   nu  = 3.0000
  rho=2.39683 (22/22)  [extra 2/50]
    fp=0.2583 tp=0.6796  [0.3s]
   nu  = 3.0000
  rho=2.12327 (23/23)  [extra 3/50]
    fp=0.2942 tp=0.7087  [0.3s]
   nu  = 3.0000
  rho=1.88093 (24/24)  [extra 4/50]
    fp=0.3384 tp=0.7476  [0.3s]
   nu  = 3.0000
  FPR 0.3384 >= fp_end=0.3; stopping after 24 fits
  grid extended by 4 points down to rho=1.88093, ending at FPR 0.3384
  pilot fit of run_tstar_varlasso at rho=0.30349
  -> rho_max = max|S_ij| (off-diag) = 0.69016
  rho grid: [0.69016055 0.61139031 0.54161037 0.47979464 0.42503414 0.37652363
 0.33354978 0.29548067 0.26175652 0.2318814  0.20541604 0.18197124
 0.16120228 0.14280375 0.1265051  0.11206667 0.09927614 0.08794543
 0.07790794 0.06901606]
Running run_tstar_varlasso over 20 rho values, extending until FPR >= 0.3...
  rho=0.69016 (1/20)
    fp=0.0000 tp=0.0097  [0.1s]
   nu  = 3.0000
  rho=0.61139 (2/20)
    fp=0.0000 tp=0.0194  [0.1s]
   nu  = 3.0000
  rho=0.54161 (3/20)
    fp=0.0002 tp=0.0194  [0.1s]
   nu  = 3.0000
  rho=0.47979 (4/20)
    fp=0.0008 tp=0.0485  [0.1s]
   nu  = 3.0000
  rho=0.42503 (5/20)
    fp=0.0021 tp=0.0583  [0.1s]
   nu  = 3.0000
  rho=0.37652 (6/20)
    fp=0.0043 tp=0.0777  [0.1s]
   nu  = 3.0000
  rho=0.33355 (7/20)
    fp=0.0078 tp=0.0971  [0.1s]
   nu  = 3.0000
  rho=0.29548 (8/20)
    fp=0.0097 tp=0.1748  [0.1s]
   nu  = 3.0000
  rho=0.26176 (9/20)
    fp=0.0163 tp=0.2233  [0.1s]
   nu  = 3.0000
  rho=0.23188 (10/20)
    fp=0.0252 tp=0.2718  [0.1s]
   nu  = 3.0000
  rho=0.20542 (11/20)
    fp=0.0367 tp=0.3592  [0.1s]
   nu  = 3.0000
  rho=0.18197 (12/20)
    fp=0.0528 tp=0.4175  [0.1s]
   nu  = 3.0000
  rho=0.16120 (13/20)
    fp=0.0718 tp=0.4951  [0.1s]
   nu  = 3.0000
  rho=0.14280 (14/20)
    fp=0.0920 tp=0.5631  [0.1s]
   nu  = 3.0000
  rho=0.12651 (15/20)
    fp=0.1137 tp=0.6117  [0.1s]
   nu  = 3.0000
  rho=0.11207 (16/20)
    fp=0.1360 tp=0.6408  [0.1s]
   nu  = 3.0000
  rho=0.09928 (17/20)
    fp=0.1622 tp=0.6893  [0.1s]
   nu  = 3.0000
  rho=0.08795 (18/20)
    fp=0.1855 tp=0.7087  [0.1s]
   nu  = 3.0000
  rho=0.07791 (19/20)
    fp=0.2117 tp=0.7476  [0.1s]
   nu  = 3.0000
  rho=0.06902 (20/20)
    fp=0.2371 tp=0.7670  [0.1s]
   nu  = 3.0000
  rho=0.06114 (21/21)  [extra 1/50]
    fp=0.2593 tp=0.7864  [0.1s]
   nu  = 3.0000
  rho=0.05416 (22/22)  [extra 2/50]
    fp=0.2870 tp=0.7961  [0.1s]
   nu  = 3.0000
  rho=0.04798 (23/23)  [extra 3/50]
    fp=0.3105 tp=0.8252  [0.1s]
   nu  = 3.0000
  FPR 0.3105 >= fp_end=0.3; stopping after 23 fits
  grid extended by 3 points down to rho=0.04798, ending at FPR 0.3105
  pilot fit of run_em_diagonal at rho=0.30349
  -> rho_max = max|S_ij| (off-diag) = 0.83982
  rho grid: [0.83981684 0.74396585 0.65905464 0.58383462 0.5171997  0.45817004
 0.40587762 0.3595535  0.31851651 0.2821632  0.24995901 0.22143038
 0.19615782 0.1737697  0.15393681 0.1363675  0.12080344 0.10701576
 0.09480171 0.08398168]
Running run_em_diagonal over 20 rho values, extending until FPR >= 0.3...
  rho=0.83982 (1/20)
    fp=0.0000 tp=0.0097  [6.5s]
   median nu  = 0.07
   median |eta| = 1.561
  rho=0.74397 (2/20)
    fp=0.0004 tp=0.0097  [6.5s]
   median nu  = 0.081
   median |eta| = 1.551
  rho=0.65905 (3/20)
    fp=0.0008 tp=0.0291  [6.5s]
   median nu  = 0.095
   median |eta| = 1.493
  rho=0.58383 (4/20)
    fp=0.0017 tp=0.0485  [6.4s]
   median nu  = 0.112
   median |eta| = 1.463
  rho=0.51720 (5/20)
    fp=0.0035 tp=0.0583  [6.4s]
   median nu  = 0.132
   median |eta| = 1.392
  rho=0.45817 (6/20)
    fp=0.0056 tp=0.0680  [6.4s]
   median nu  = 0.155
   median |eta| = 1.364
  rho=0.40588 (7/20)
    fp=0.0101 tp=0.1359  [6.3s]
   median nu  = 0.187
   median |eta| = 1.21
  rho=0.35955 (8/20)
    fp=0.0155 tp=0.1845  [6.3s]
   median nu  = 0.233
   median |eta| = 1.098
  rho=0.31852 (9/20)
    fp=0.0217 tp=0.2427  [6.1s]
   median nu  = 0.264
   median |eta| = 0.992
  rho=0.28216 (10/20)
    fp=0.0303 tp=0.3010  [6.1s]
   median nu  = 0.306
   median |eta| = 0.856
  rho=0.24996 (11/20)
    fp=0.0423 tp=0.4078  [6.0s]
   median nu  = 0.391
   median |eta| = 0.659
  rho=0.22143 (12/20)
    fp=0.0598 tp=0.4757  [6.0s]
   median nu  = 0.487
   median |eta| = 0.579
  rho=0.19616 (13/20)
    fp=0.0753 tp=0.5437  [6.4s]
   median nu  = 0.564
   median |eta| = 0.488
  rho=0.17377 (14/20)
    fp=0.0930 tp=0.5922  [6.4s]
   median nu  = 0.619
   median |eta| = 0.367
  rho=0.15394 (15/20)
    fp=0.1112 tp=0.6408  [6.4s]
   median nu  = 0.687
   median |eta| = 0.285
  rho=0.13637 (16/20)
    fp=0.1304 tp=0.6699  [6.4s]
   median nu  = 0.734
   median |eta| = 0.208
  rho=0.12080 (17/20)
    fp=0.1512 tp=0.6990  [6.3s]
   median nu  = 0.804
   median |eta| = 0.151
  rho=0.10702 (18/20)
    fp=0.1673 tp=0.7087  [6.1s]
   median nu  = 0.9
   median |eta| = 0.11
  rho=0.09480 (19/20)
    fp=0.1847 tp=0.7087  [6.0s]
   median nu  = 1.023
   median |eta| = 0.085
  rho=0.08398 (20/20)
    fp=0.2012 tp=0.7282  [6.0s]
   median nu  = 1.12
   median |eta| = 0.068
  rho=0.07440 (21/21)  [extra 1/50]
    fp=0.2152 tp=0.7282  [6.0s]
   median nu  = 1.215
   median |eta| = 0.059
  rho=0.06591 (22/22)  [extra 2/50]
    fp=0.2288 tp=0.7670  [5.8s]
   median nu  = 1.296
   median |eta| = 0.044
  rho=0.05838 (23/23)  [extra 3/50]
    fp=0.2406 tp=0.7864  [5.7s]
   median nu  = 1.415
   median |eta| = 0.034
  rho=0.05172 (24/24)  [extra 4/50]
    fp=0.2542 tp=0.8058  [5.6s]
   median nu  = 1.553
   median |eta| = 0.028
  rho=0.04582 (25/25)  [extra 5/50]
    fp=0.2666 tp=0.8155  [5.5s]
   median nu  = 1.689
   median |eta| = 0.022
  rho=0.04059 (26/26)  [extra 6/50]
    fp=0.2793 tp=0.8058  [5.4s]
   median nu  = 1.775
   median |eta| = 0.018
  rho=0.03596 (27/27)  [extra 7/50]
    fp=0.2913 tp=0.8350  [5.1s]
   median nu  = 1.879
   median |eta| = 0.016
  rho=0.03185 (28/28)  [extra 8/50]
    fp=0.3064 tp=0.8350  [5.0s]
   median nu  = 1.983
   median |eta| = 0.013
  FPR 0.3064 >= fp_end=0.3; stopping after 28 fits
  grid extended by 8 points down to rho=0.03185, ending at FPR 0.3064
  pilot fit of run_em_exact at rho=0.30349
  -> rho_max = max|S_ij| (off-diag) = 0.84743
  rho grid: [0.84743399 0.75071363 0.66503228 0.58913001 0.52189071 0.46232565
 0.40955894 0.36281466 0.32140546 0.28472242 0.25222614 0.22343876
 0.19793698 0.17534579 0.15533302 0.13760436 0.12189913 0.10798639
 0.09566156 0.0847434 ]
Running run_em_exact over 20 rho values, extending until FPR >= 0.3...
  rho=0.84743 (1/20)
    fp=0.0000 tp=0.0097  [6.1s]
   median nu  = 0.069
   median |eta| = 1.553
  rho=0.75071 (2/20)
    fp=0.0004 tp=0.0097  [6.1s]
   median nu  = 0.08
   median |eta| = 1.557
  rho=0.66503 (3/20)
    fp=0.0008 tp=0.0291  [6.0s]
   median nu  = 0.094
   median |eta| = 1.495
  rho=0.58913 (4/20)
    fp=0.0017 tp=0.0485  [6.0s]
   median nu  = 0.111
   median |eta| = 1.469
  rho=0.52189 (5/20)
    fp=0.0035 tp=0.0583  [6.0s]
   median nu  = 0.131
   median |eta| = 1.382
  rho=0.46233 (6/20)
    fp=0.0054 tp=0.0680  [6.0s]
   median nu  = 0.156
   median |eta| = 1.2
  rho=0.40956 (7/20)
    fp=0.0103 tp=0.1359  [6.0s]
   median nu  = 0.184
   median |eta| = 1.026
  rho=0.36281 (8/20)
    fp=0.0151 tp=0.1845  [5.9s]
   median nu  = 0.238
   median |eta| = 0.853
  rho=0.32141 (9/20)
    fp=0.0217 tp=0.2330  [5.8s]
   median nu  = 0.276
   median |eta| = 0.684
  rho=0.28472 (10/20)
    fp=0.0299 tp=0.2913  [5.7s]
   median nu  = 0.327
   median |eta| = 0.573
  rho=0.25223 (11/20)
    fp=0.0411 tp=0.3981  [5.5s]
   median nu  = 0.418
   median |eta| = 0.434
  rho=0.22344 (12/20)
    fp=0.0592 tp=0.4854  [5.4s]
   median nu  = 0.511
   median |eta| = 0.339
  rho=0.19794 (13/20)
    fp=0.0734 tp=0.5340  [5.6s]
   median nu  = 0.593
   median |eta| = 0.253
  rho=0.17535 (14/20)
    fp=0.0926 tp=0.5922  [5.6s]
   median nu  = 0.674
   median |eta| = 0.177
  rho=0.15533 (15/20)
    fp=0.1118 tp=0.6311  [5.5s]
   median nu  = 0.773
   median |eta| = 0.136
  rho=0.13760 (16/20)
    fp=0.1308 tp=0.6699  [5.4s]
   median nu  = 0.881
   median |eta| = 0.1
  rho=0.12190 (17/20)
    fp=0.1483 tp=0.6990  [5.3s]
   median nu  = 0.97
   median |eta| = 0.076
  rho=0.10799 (18/20)
    fp=0.1665 tp=0.7184  [5.2s]
   median nu  = 1.091
   median |eta| = 0.059
  rho=0.09566 (19/20)
    fp=0.1820 tp=0.7282  [5.1s]
   median nu  = 1.204
   median |eta| = 0.043
  rho=0.08474 (20/20)
    fp=0.1979 tp=0.7379  [5.1s]
   median nu  = 1.303
   median |eta| = 0.032
  rho=0.07507 (21/21)  [extra 1/50]
    fp=0.2154 tp=0.7379  [5.0s]
   median nu  = 1.412
   median |eta| = 0.025
  rho=0.06650 (22/22)  [extra 2/50]
    fp=0.2300 tp=0.7573  [4.3s]
   median nu  = 1.495
   median |eta| = 0.018
  rho=0.05891 (23/23)  [extra 3/50]
    fp=0.2476 tp=0.7670  [3.3s]
   median nu  = 1.61
   median |eta| = 0.013
  rho=0.05219 (24/24)  [extra 4/50]
    fp=0.2618 tp=0.7961  [2.3s]
   median nu  = 1.714
   median |eta| = 0.011
  rho=0.04623 (25/25)  [extra 5/50]
    fp=0.2785 tp=0.8058  [1.7s]
   median nu  = 1.829
   median |eta| = 0.009
  rho=0.04096 (26/26)  [extra 6/50]
    fp=0.2897 tp=0.8155  [1.7s]
   median nu  = 1.952
   median |eta| = 0.007
  rho=0.03628 (27/27)  [extra 7/50]
    fp=0.3006 tp=0.8155  [1.7s]
   median nu  = 2.066
   median |eta| = 0.005
  FPR 0.3006 >= fp_end=0.3; stopping after 27 fits
  grid extended by 7 points down to rho=0.03628, ending at FPR 0.3006
  graphical_lasso rho_max = max|S_ij| (off-diag) = 2.46933
  rho grid: [2.46933162 2.18749887 1.93783261 1.71666155 1.52073346 1.34716727
 1.19341074 1.05720294 0.93654098 0.82965055 0.73495987 0.65107654
 0.57676709 0.51093881 0.45262372 0.40096432 0.35520098 0.31466075
 0.27874751 0.24693316]
Running graphical_lasso over 20 rho values, extending until FPR >= 0.3...
  rho=2.46933 (1/20)
    fp=0.0000 tp=0.0000  [0.0s]
  rho=2.18750 (2/20)
    fp=0.0002 tp=0.0000  [0.0s]
  rho=1.93783 (3/20)
    fp=0.0004 tp=0.0097  [0.0s]
  rho=1.71666 (4/20)
    fp=0.0008 tp=0.0097  [4.9s]
  rho=1.52073 (5/20)
    fp=0.0017 tp=0.0194  [4.9s]
  rho=1.34717 (6/20)
    fp=0.0025 tp=0.0194  [4.9s]
  rho=1.19341 (7/20)
    fp=0.0047 tp=0.0291  [4.9s]
  rho=1.05720 (8/20)
    fp=0.0056 tp=0.0291  [4.9s]
  rho=0.93654 (9/20)
    fp=0.0068 tp=0.0485  [5.0s]
  rho=0.82965 (10/20)
    fp=0.0103 tp=0.0583  [4.9s]
  rho=0.73496 (11/20)
    fp=0.0159 tp=0.0777  [5.0s]
  rho=0.65108 (12/20)
    fp=0.0243 tp=0.1262  [4.9s]
  rho=0.57677 (13/20)
    fp=0.0355 tp=0.1650  [4.9s]
  rho=0.51094 (14/20)
    fp=0.0439 tp=0.1845  [5.0s]
  rho=0.45262 (15/20)
    fp=0.0580 tp=0.2427  [4.9s]
  rho=0.40096 (16/20)
    fp=0.0813 tp=0.3010  [0.0s]
  rho=0.35520 (17/20)
    fp=0.1040 tp=0.3301  [5.0s]
  rho=0.31466 (18/20)
    fp=0.1289 tp=0.4757  [0.0s]
  rho=0.27875 (19/20)
    fp=0.1603 tp=0.6019  [0.1s]
  rho=0.24693 (20/20)
    fp=0.1898 tp=0.6505  [0.0s]
  rho=0.21875 (21/21)  [extra 1/50]
    fp=0.2234 tp=0.6699  [0.0s]
  rho=0.19378 (22/22)  [extra 2/50]
    fp=0.2538 tp=0.6893  [0.2s]
  rho=0.17167 (23/23)  [extra 3/50]
    fp=0.2878 tp=0.6990  [0.1s]
  rho=0.15207 (24/24)  [extra 4/50]
    fp=0.3196 tp=0.7476  [0.1s]
  FPR 0.3196 >= fp_end=0.3; stopping after 24 fits
  [note] 13/24 fits hit a glasso ConvergenceWarning (suppressed)
  grid extended by 4 points down to rho=0.15207, ending at FPR 0.3196

(p=100, n=50) over 43 replicates
  t+lasso  (run_em_diagonal):    AUC = 0.196 (SE 0.002)
  ~t+lasso (run_em_exact):       AUC = 0.196 (SE 0.002)
  tlasso   (run_tlasso):         AUC = 0.145 (SE 0.002)
  t*lasso  (run_tstar_varlasso): AUC = 0.193 (SE 0.002)
  glasso   (graphical_lasso):    AUC = 0.144 (SE 0.002)
Replicate 44/50
  Theta: 104/4950 edges
  pilot fit of run_tlasso at rho=30.34854
  -> rho_max = max|S_ij| (off-diag) = 29.32763
  [warn] pilot rho 30.34854 > rho_max 29.32763: it falls off the top of this method's grid
  rho grid: [29.32762524 25.98036924 23.01514631 20.38835379 18.06136554 15.99996392
 14.17383668 12.55613121 11.12305966  9.85354916  8.72893197  7.73267094
  6.85011639  6.06829062  5.37569714  4.76215157  4.21863192  3.73714592
  3.31061346  2.93276252]
Running run_tlasso over 20 rho values, extending until FPR >= 0.3...
  rho=29.32763 (1/20)
    fp=0.0000 tp=0.0000  [0.0s]
   nu  = 3.0000
  rho=25.98037 (2/20)
    fp=0.0004 tp=0.0000  [0.1s]
   nu  = 3.0000
  rho=23.01515 (3/20)
    fp=0.0004 tp=0.0000  [0.1s]
   nu  = 3.0000
  rho=20.38835 (4/20)
    fp=0.0004 tp=0.0000  [0.1s]
   nu  = 3.0000
  rho=18.06137 (5/20)
    fp=0.0010 tp=0.0000  [0.1s]
   nu  = 3.0000
  rho=15.99996 (6/20)
    fp=0.0012 tp=0.0000  [0.1s]
   nu  = 3.0000
  rho=14.17384 (7/20)
    fp=0.0017 tp=0.0000  [0.1s]
   nu  = 3.0000
  rho=12.55613 (8/20)
    fp=0.0025 tp=0.0096  [0.1s]
   nu  = 3.0000
  rho=11.12306 (9/20)
    fp=0.0037 tp=0.0192  [0.1s]
   nu  = 3.0000
  rho=9.85355 (10/20)
    fp=0.0054 tp=0.0385  [0.1s]
   nu  = 3.0000
  rho=8.72893 (11/20)
    fp=0.0097 tp=0.0673  [0.1s]
   nu  = 3.0000
  rho=7.73267 (12/20)
    fp=0.0138 tp=0.0769  [0.1s]
   nu  = 3.0000
  rho=6.85012 (13/20)
    fp=0.0188 tp=0.1154  [0.1s]
   nu  = 3.0000
  rho=6.06829 (14/20)
    fp=0.0246 tp=0.1346  [0.1s]
   nu  = 3.0000
  rho=5.37570 (15/20)
    fp=0.0330 tp=0.1923  [0.1s]
   nu  = 3.0000
  rho=4.76215 (16/20)
    fp=0.0483 tp=0.2596  [0.1s]
   nu  = 3.0000
  rho=4.21863 (17/20)
    fp=0.0689 tp=0.3365  [0.1s]
   nu  = 3.0000
  rho=3.73715 (18/20)
    fp=0.0949 tp=0.3558  [0.1s]
   nu  = 3.0000
  rho=3.31061 (19/20)
    fp=0.1240 tp=0.4038  [0.2s]
   nu  = 3.0000
  rho=2.93276 (20/20)
    fp=0.1603 tp=0.4808  [0.2s]
   nu  = 3.0000
  rho=2.59804 (21/21)  [extra 1/50]
    fp=0.2049 tp=0.5288  [0.3s]
   nu  = 3.0000
  rho=2.30151 (22/22)  [extra 2/50]
    fp=0.2534 tp=0.5673  [0.3s]
   nu  = 3.0000
  rho=2.03884 (23/23)  [extra 3/50]
    fp=0.2986 tp=0.6250  [0.3s]
   nu  = 3.0000
  rho=1.80614 (24/24)  [extra 4/50]
    fp=0.3428 tp=0.6923  [0.4s]
   nu  = 3.0000
  FPR 0.3428 >= fp_end=0.3; stopping after 24 fits
  grid extended by 4 points down to rho=1.80614, ending at FPR 0.3428
  pilot fit of run_tstar_varlasso at rho=0.30349
  -> rho_max = max|S_ij| (off-diag) = 0.47266
  rho grid: [0.4726597  0.41871353 0.37092441 0.32858962 0.29108663 0.25786398
 0.22843314 0.20236133 0.17926518 0.15880507 0.14068014 0.12462386
 0.11040014 0.09779982 0.08663761 0.07674938 0.06798973 0.06022984
 0.05335562 0.04726597]
Running run_tstar_varlasso over 20 rho values, extending until FPR >= 0.3...
  rho=0.47266 (1/20)
    fp=0.0002 tp=0.0192  [0.1s]
   nu  = 3.0000
  rho=0.41871 (2/20)
    fp=0.0017 tp=0.0673  [0.1s]
   nu  = 3.0000
  rho=0.37092 (3/20)
    fp=0.0021 tp=0.0769  [0.1s]
   nu  = 3.0000
  rho=0.32859 (4/20)
    fp=0.0045 tp=0.0962  [0.0s]
   nu  = 3.0000
  rho=0.29109 (5/20)
    fp=0.0087 tp=0.1442  [0.1s]
   nu  = 3.0000
  rho=0.25786 (6/20)
    fp=0.0144 tp=0.1731  [0.1s]
   nu  = 3.0000
  rho=0.22843 (7/20)
    fp=0.0219 tp=0.2788  [0.1s]
   nu  = 3.0000
  rho=0.20236 (8/20)
    fp=0.0338 tp=0.3365  [0.1s]
   nu  = 3.0000
  rho=0.17927 (9/20)
    fp=0.0495 tp=0.4038  [0.1s]
   nu  = 3.0000
  rho=0.15881 (10/20)
    fp=0.0656 tp=0.4808  [0.1s]
   nu  = 3.0000
  rho=0.14068 (11/20)
    fp=0.0840 tp=0.5288  [0.1s]
   nu  = 3.0000
  rho=0.12462 (12/20)
    fp=0.1059 tp=0.5769  [0.1s]
   nu  = 3.0000
  rho=0.11040 (13/20)
    fp=0.1343 tp=0.6250  [0.1s]
   nu  = 3.0000
  rho=0.09780 (14/20)
    fp=0.1591 tp=0.6731  [0.1s]
   nu  = 3.0000
  rho=0.08664 (15/20)
    fp=0.1863 tp=0.7115  [0.1s]
   nu  = 3.0000
  rho=0.07675 (16/20)
    fp=0.2121 tp=0.7404  [0.1s]
   nu  = 3.0000
  rho=0.06799 (17/20)
    fp=0.2355 tp=0.7500  [0.1s]
   nu  = 3.0000
  rho=0.06023 (18/20)
    fp=0.2584 tp=0.7885  [0.1s]
   nu  = 3.0000
  rho=0.05336 (19/20)
    fp=0.2850 tp=0.8173  [0.1s]
   nu  = 3.0000
  rho=0.04727 (20/20)
    fp=0.3116 tp=0.8365  [0.1s]
   nu  = 3.0000
  FPR 0.3116 >= fp_end=0.3; stopping after 20 fits
  pilot fit of run_em_diagonal at rho=0.30349
  -> rho_max = max|S_ij| (off-diag) = 0.57198
  rho grid: [0.57197518 0.50669382 0.44886322 0.39763302 0.35224989 0.31204648
 0.27643161 0.24488159 0.21693247 0.19217327 0.17023991 0.15080989
 0.13359747 0.11834956 0.10484195 0.092876   0.08227576 0.07288537
 0.06456673 0.05719752]
Running run_em_diagonal over 20 rho values, extending until FPR >= 0.3...
  rho=0.57198 (1/20)
    fp=0.0012 tp=0.0385  [6.2s]
   median nu  = 0.155
   median |eta| = 1.811
  rho=0.50669 (2/20)
    fp=0.0017 tp=0.0577  [6.3s]
   median nu  = 0.183
   median |eta| = 1.606
  rho=0.44886 (3/20)
    fp=0.0031 tp=0.1154  [6.2s]
   median nu  = 0.212
   median |eta| = 1.528
  rho=0.39763 (4/20)
    fp=0.0064 tp=0.1250  [6.2s]
   median nu  = 0.249
   median |eta| = 1.411
  rho=0.35225 (5/20)
    fp=0.0107 tp=0.1731  [6.1s]
   median nu  = 0.286
   median |eta| = 1.331
  rho=0.31205 (6/20)
    fp=0.0169 tp=0.2115  [6.1s]
   median nu  = 0.317
   median |eta| = 1.296
  rho=0.27643 (7/20)
    fp=0.0270 tp=0.2885  [6.0s]
   median nu  = 0.369
   median |eta| = 1.077
  rho=0.24488 (8/20)
    fp=0.0404 tp=0.3558  [6.0s]
   median nu  = 0.413
   median |eta| = 0.853
  rho=0.21693 (9/20)
    fp=0.0522 tp=0.4038  [6.5s]
   median nu  = 0.46
   median |eta| = 0.67
  rho=0.19217 (10/20)
    fp=0.0718 tp=0.4808  [6.6s]
   median nu  = 0.492
   median |eta| = 0.578
  rho=0.17024 (11/20)
    fp=0.0910 tp=0.5865  [6.4s]
   median nu  = 0.544
   median |eta| = 0.507
  rho=0.15081 (12/20)
    fp=0.1110 tp=0.5962  [6.4s]
   median nu  = 0.621
   median |eta| = 0.439
  rho=0.13360 (13/20)
    fp=0.1308 tp=0.6346  [6.2s]
   median nu  = 0.678
   median |eta| = 0.384
  rho=0.11835 (14/20)
    fp=0.1496 tp=0.6635  [6.2s]
   median nu  = 0.737
   median |eta| = 0.306
  rho=0.10484 (15/20)
    fp=0.1676 tp=0.7115  [6.5s]
   median nu  = 0.796
   median |eta| = 0.245
  rho=0.09288 (16/20)
    fp=0.1865 tp=0.7308  [6.5s]
   median nu  = 0.912
   median |eta| = 0.182
  rho=0.08228 (17/20)
    fp=0.2018 tp=0.7500  [6.4s]
   median nu  = 0.983
   median |eta| = 0.156
  rho=0.07289 (18/20)
    fp=0.2204 tp=0.7500  [6.2s]
   median nu  = 1.069
   median |eta| = 0.125
  rho=0.06457 (19/20)
    fp=0.2383 tp=0.7692  [6.2s]
   median nu  = 1.158
   median |eta| = 0.1
  rho=0.05720 (20/20)
    fp=0.2538 tp=0.7788  [6.1s]
   median nu  = 1.222
   median |eta| = 0.074
  rho=0.05067 (21/21)  [extra 1/50]
    fp=0.2697 tp=0.7981  [5.9s]
   median nu  = 1.336
   median |eta| = 0.058
  rho=0.04489 (22/22)  [extra 2/50]
    fp=0.2831 tp=0.8077  [5.6s]
   median nu  = 1.431
   median |eta| = 0.045
  rho=0.03976 (23/23)  [extra 3/50]
    fp=0.2961 tp=0.8077  [5.9s]
   median nu  = 1.535
   median |eta| = 0.036
  rho=0.03522 (24/24)  [extra 4/50]
    fp=0.3128 tp=0.8173  [5.9s]
   median nu  = 1.649
   median |eta| = 0.028
  FPR 0.3128 >= fp_end=0.3; stopping after 24 fits
  grid extended by 4 points down to rho=0.03522, ending at FPR 0.3128
  pilot fit of run_em_exact at rho=0.30349
  -> rho_max = max|S_ij| (off-diag) = 0.59065
  rho grid: [0.59065076 0.52323789 0.46351907 0.41061615 0.36375121 0.32223512
 0.28545739 0.25287722 0.22401553 0.19844792 0.17579842 0.15573398
 0.13795956 0.1222138  0.10826514 0.0959085  0.08496215 0.07526515
 0.0666749  0.05906508]
Running run_em_exact over 20 rho values, extending until FPR >= 0.3...
  rho=0.59065 (1/20)
    fp=0.0010 tp=0.0288  [6.7s]
   median nu  = 0.147
   median |eta| = 1.846
  rho=0.52324 (2/20)
    fp=0.0014 tp=0.0481  [6.6s]
   median nu  = 0.177
   median |eta| = 1.678
  rho=0.46352 (3/20)
    fp=0.0027 tp=0.1058  [6.6s]
   median nu  = 0.204
   median |eta| = 1.546
  rho=0.41062 (4/20)
    fp=0.0056 tp=0.1250  [6.5s]
   median nu  = 0.246
   median |eta| = 1.317
  rho=0.36375 (5/20)
    fp=0.0103 tp=0.1731  [6.4s]
   median nu  = 0.286
   median |eta| = 1.174
  rho=0.32224 (6/20)
    fp=0.0167 tp=0.2115  [6.5s]
   median nu  = 0.344
   median |eta| = 0.938
  rho=0.28546 (7/20)
    fp=0.0262 tp=0.2596  [6.1s]
   median nu  = 0.4
   median |eta| = 0.708
  rho=0.25288 (8/20)
    fp=0.0388 tp=0.3558  [5.9s]
   median nu  = 0.459
   median |eta| = 0.526
  rho=0.22402 (9/20)
    fp=0.0530 tp=0.3846  [5.8s]
   median nu  = 0.518
   median |eta| = 0.415
  rho=0.19845 (10/20)
    fp=0.0693 tp=0.4615  [5.6s]
   median nu  = 0.58
   median |eta| = 0.33
  rho=0.17580 (11/20)
    fp=0.0887 tp=0.5865  [5.3s]
   median nu  = 0.668
   median |eta| = 0.246
  rho=0.15573 (12/20)
    fp=0.1106 tp=0.5962  [5.2s]
   median nu  = 0.727
   median |eta| = 0.172
  rho=0.13796 (13/20)
    fp=0.1302 tp=0.6346  [5.0s]
   median nu  = 0.805
   median |eta| = 0.123
  rho=0.12221 (14/20)
    fp=0.1506 tp=0.6731  [4.9s]
   median nu  = 0.908
   median |eta| = 0.095
  rho=0.10827 (15/20)
    fp=0.1711 tp=0.7115  [4.7s]
   median nu  = 1.002
   median |eta| = 0.072
  rho=0.09591 (16/20)
    fp=0.1874 tp=0.7500  [5.1s]
   median nu  = 1.076
   median |eta| = 0.055
  rho=0.08496 (17/20)
    fp=0.2012 tp=0.7596  [5.2s]
   median nu  = 1.15
   median |eta| = 0.04
  rho=0.07527 (18/20)
    fp=0.2179 tp=0.7692  [5.1s]
   median nu  = 1.268
   median |eta| = 0.029
  rho=0.06667 (19/20)
    fp=0.2355 tp=0.7885  [4.4s]
   median nu  = 1.374
   median |eta| = 0.021
  rho=0.05907 (20/20)
    fp=0.2511 tp=0.7885  [3.5s]
   median nu  = 1.464
   median |eta| = 0.017
  rho=0.05232 (21/21)  [extra 1/50]
    fp=0.2662 tp=0.8173  [2.5s]
   median nu  = 1.567
   median |eta| = 0.014
  rho=0.04635 (22/22)  [extra 2/50]
    fp=0.2829 tp=0.8269  [2.1s]
   median nu  = 1.676
   median |eta| = 0.011
  rho=0.04106 (23/23)  [extra 3/50]
    fp=0.2992 tp=0.8365  [1.9s]
   median nu  = 1.796
   median |eta| = 0.008
  rho=0.03638 (24/24)  [extra 4/50]
    fp=0.3145 tp=0.8365  [1.9s]
   median nu  = 1.91
   median |eta| = 0.006
  FPR 0.3145 >= fp_end=0.3; stopping after 24 fits
  grid extended by 4 points down to rho=0.03638, ending at FPR 0.3145
  graphical_lasso rho_max = max|S_ij| (off-diag) = 2.09158
  rho grid: [2.09158314 1.85286404 1.64139072 1.45405353 1.28809773 1.141083
 1.01084754 0.89547626 0.79327268 0.70273393 0.62252865 0.55147746
 0.48853556 0.43277743 0.38338315 0.3396264  0.30086375 0.26652521
 0.23610583 0.20915831]
Running graphical_lasso over 20 rho values, extending until FPR >= 0.3...
  rho=2.09158 (1/20)
    fp=0.0000 tp=0.0000  [0.0s]
  rho=1.85286 (2/20)
    fp=0.0002 tp=0.0000  [0.0s]
  rho=1.64139 (3/20)
    fp=0.0006 tp=0.0000  [5.3s]
  rho=1.45405 (4/20)
    fp=0.0010 tp=0.0000  [0.0s]
  rho=1.28810 (5/20)
    fp=0.0012 tp=0.0000  [5.3s]
  rho=1.14108 (6/20)
    fp=0.0023 tp=0.0000  [0.0s]
  rho=1.01085 (7/20)
    fp=0.0031 tp=0.0000  [0.0s]
  rho=0.89548 (8/20)
    fp=0.0045 tp=0.0096  [5.3s]
  rho=0.79327 (9/20)
    fp=0.0074 tp=0.0385  [5.3s]
  rho=0.70273 (10/20)
    fp=0.0124 tp=0.0577  [5.3s]
  rho=0.62253 (11/20)
    fp=0.0196 tp=0.1058  [5.3s]
  rho=0.55148 (12/20)
    fp=0.0268 tp=0.1346  [5.4s]
  rho=0.48854 (13/20)
    fp=0.0396 tp=0.1731  [5.4s]
  rho=0.43278 (14/20)
    fp=0.0545 tp=0.2885  [5.4s]
  rho=0.38338 (15/20)
    fp=0.0739 tp=0.3365  [0.0s]
  rho=0.33963 (16/20)
    fp=0.1015 tp=0.3558  [0.1s]
  rho=0.30086 (17/20)
    fp=0.1248 tp=0.4038  [0.0s]
  rho=0.26653 (18/20)
    fp=0.1537 tp=0.4519  [0.0s]
  rho=0.23611 (19/20)
    fp=0.1896 tp=0.5192  [0.1s]
  rho=0.20916 (20/20)
    fp=0.2237 tp=0.5481  [0.0s]
  rho=0.18529 (21/21)  [extra 1/50]
    fp=0.2650 tp=0.5962  [0.0s]
  rho=0.16414 (22/22)  [extra 2/50]
    fp=0.2990 tp=0.6442  [0.2s]
  rho=0.14541 (23/23)  [extra 3/50]
    fp=0.3359 tp=0.6731  [0.2s]
  FPR 0.3359 >= fp_end=0.3; stopping after 23 fits
  [note] 9/23 fits hit a glasso ConvergenceWarning (suppressed)
  grid extended by 3 points down to rho=0.14541, ending at FPR 0.3359

(p=100, n=50) over 44 replicates
  t+lasso  (run_em_diagonal):    AUC = 0.196 (SE 0.002)
  ~t+lasso (run_em_exact):       AUC = 0.196 (SE 0.002)
  tlasso   (run_tlasso):         AUC = 0.145 (SE 0.002)
  t*lasso  (run_tstar_varlasso): AUC = 0.192 (SE 0.002)
  glasso   (graphical_lasso):    AUC = 0.144 (SE 0.002)
Replicate 45/50
  Theta: 107/4950 edges
  pilot fit of run_tlasso at rho=30.34854
  -> rho_max = max|S_ij| (off-diag) = 39.29339
  rho grid: [39.29339269 34.80871167 30.83588169 27.31648354 24.1987656  21.43688281
 18.99022257 16.82280752 14.9027665  13.20186593 11.6950946  10.36029592
  9.17784209  8.13034552  7.20240309  6.38036971  5.65215763  5.00705874
  4.43558706  3.92933927]
Running run_tlasso over 20 rho values, extending until FPR >= 0.3...
  rho=39.29339 (1/20)
    fp=0.0002 tp=0.0000  [0.1s]
   nu  = 3.0000
  rho=34.80871 (2/20)
    fp=0.0004 tp=0.0000  [0.1s]
   nu  = 3.0000
  rho=30.83588 (3/20)
    fp=0.0004 tp=0.0000  [0.1s]
   nu  = 3.0000
  rho=27.31648 (4/20)
    fp=0.0006 tp=0.0000  [0.1s]
   nu  = 3.0000
  rho=24.19877 (5/20)
    fp=0.0008 tp=0.0000  [0.1s]
   nu  = 3.0000
  rho=21.43688 (6/20)
    fp=0.0008 tp=0.0000  [0.1s]
   nu  = 3.0000
  rho=18.99022 (7/20)
    fp=0.0014 tp=0.0093  [0.1s]
   nu  = 3.0000
  rho=16.82281 (8/20)
    fp=0.0021 tp=0.0093  [0.1s]
   nu  = 3.0000
  rho=14.90277 (9/20)
    fp=0.0031 tp=0.0187  [0.1s]
   nu  = 3.0000
  rho=13.20187 (10/20)
    fp=0.0045 tp=0.0374  [0.1s]
   nu  = 3.0000
  rho=11.69509 (11/20)
    fp=0.0066 tp=0.0374  [0.1s]
   nu  = 3.0000
  rho=10.36030 (12/20)
    fp=0.0085 tp=0.0467  [0.1s]
   nu  = 3.0000
  rho=9.17784 (13/20)
    fp=0.0107 tp=0.0561  [0.1s]
   nu  = 3.0000
  rho=8.13035 (14/20)
    fp=0.0149 tp=0.0561  [0.1s]
   nu  = 3.0000
  rho=7.20240 (15/20)
    fp=0.0186 tp=0.1028  [0.1s]
   nu  = 3.0000
  rho=6.38037 (16/20)
    fp=0.0279 tp=0.1495  [0.1s]
   nu  = 3.0000
  rho=5.65216 (17/20)
    fp=0.0382 tp=0.1869  [0.1s]
   nu  = 3.0000
  rho=5.00706 (18/20)
    fp=0.0562 tp=0.2150  [0.1s]
   nu  = 3.0000
  rho=4.43559 (19/20)
    fp=0.0735 tp=0.2897  [0.1s]
   nu  = 3.0000
  rho=3.92934 (20/20)
    fp=0.0954 tp=0.3271  [0.2s]
   nu  = 3.0000
  rho=3.48087 (21/21)  [extra 1/50]
    fp=0.1284 tp=0.3832  [0.3s]
   nu  = 3.0000
  rho=3.08359 (22/22)  [extra 2/50]
    fp=0.1662 tp=0.4673  [0.3s]
   nu  = 3.0000
  rho=2.73165 (23/23)  [extra 3/50]
    fp=0.2079 tp=0.5888  [0.3s]
   nu  = 3.0000
  rho=2.41988 (24/24)  [extra 4/50]
    fp=0.2486 tp=0.6355  [0.4s]
   nu  = 3.0000
  rho=2.14369 (25/25)  [extra 5/50]
    fp=0.2878 tp=0.6542  [0.4s]
   nu  = 3.0000
  rho=1.89902 (26/26)  [extra 6/50]
    fp=0.3273 tp=0.7290  [0.4s]
   nu  = 3.0000
  FPR 0.3273 >= fp_end=0.3; stopping after 26 fits
  grid extended by 6 points down to rho=1.89902, ending at FPR 0.3273
  pilot fit of run_tstar_varlasso at rho=0.30349
  -> rho_max = max|S_ij| (off-diag) = 0.59875
  rho grid: [0.59875134 0.53041393 0.46987608 0.41624762 0.36873994 0.32665447
 0.28937234 0.25634535 0.22708783 0.20116957 0.17820944 0.15786983
 0.13985164 0.12388992 0.10974997 0.09722385 0.08612738 0.07629739
 0.06758932 0.05987513]
Running run_tstar_varlasso over 20 rho values, extending until FPR >= 0.3...
  rho=0.59875 (1/20)
    fp=0.0000 tp=0.0187  [0.1s]
   nu  = 3.0000
  rho=0.53041 (2/20)
    fp=0.0000 tp=0.0280  [0.1s]
   nu  = 3.0000
  rho=0.46988 (3/20)
    fp=0.0000 tp=0.0280  [0.1s]
   nu  = 3.0000
  rho=0.41625 (4/20)
    fp=0.0010 tp=0.0561  [0.1s]
   nu  = 3.0000
  rho=0.36874 (5/20)
    fp=0.0027 tp=0.0654  [0.1s]
   nu  = 3.0000
  rho=0.32665 (6/20)
    fp=0.0052 tp=0.1121  [0.1s]
   nu  = 3.0000
  rho=0.28937 (7/20)
    fp=0.0066 tp=0.1402  [0.1s]
   nu  = 3.0000
  rho=0.25635 (8/20)
    fp=0.0151 tp=0.1869  [0.1s]
   nu  = 3.0000
  rho=0.22709 (9/20)
    fp=0.0275 tp=0.2336  [0.1s]
   nu  = 3.0000
  rho=0.20117 (10/20)
    fp=0.0370 tp=0.3551  [0.1s]
   nu  = 3.0000
  rho=0.17821 (11/20)
    fp=0.0502 tp=0.3832  [0.1s]
   nu  = 3.0000
  rho=0.15787 (12/20)
    fp=0.0721 tp=0.4860  [0.1s]
   nu  = 3.0000
  rho=0.13985 (13/20)
    fp=0.0946 tp=0.5701  [0.1s]
   nu  = 3.0000
  rho=0.12389 (14/20)
    fp=0.1185 tp=0.6355  [0.1s]
   nu  = 3.0000
  rho=0.10975 (15/20)
    fp=0.1412 tp=0.6822  [0.1s]
   nu  = 3.0000
  rho=0.09722 (16/20)
    fp=0.1664 tp=0.6916  [0.1s]
   nu  = 3.0000
  rho=0.08613 (17/20)
    fp=0.1910 tp=0.7196  [0.1s]
   nu  = 3.0000
  rho=0.07630 (18/20)
    fp=0.2108 tp=0.7196  [0.1s]
   nu  = 3.0000
  rho=0.06759 (19/20)
    fp=0.2344 tp=0.7850  [0.1s]
   nu  = 3.0000
  rho=0.05988 (20/20)
    fp=0.2589 tp=0.7850  [0.1s]
   nu  = 3.0000
  rho=0.05304 (21/21)  [extra 1/50]
    fp=0.2810 tp=0.8224  [0.2s]
   nu  = 3.0000
  rho=0.04699 (22/22)  [extra 2/50]
    fp=0.3046 tp=0.8411  [0.2s]
   nu  = 3.0000
  FPR 0.3046 >= fp_end=0.3; stopping after 22 fits
  grid extended by 2 points down to rho=0.04699, ending at FPR 0.3046
  pilot fit of run_em_diagonal at rho=0.30349
  -> rho_max = max|S_ij| (off-diag) = 0.81179
  rho grid: [0.8117932  0.71914063 0.6370628  0.56435278 0.49994139 0.44288147
 0.39233399 0.34755565 0.30788801 0.27274776 0.24161819 0.21404153
 0.18961228 0.16797122 0.14880013 0.13181709 0.11677238 0.10344478
 0.09163829 0.08117932]
Running run_em_diagonal over 20 rho values, extending until FPR >= 0.3...
  rho=0.81179 (1/20)
    fp=0.0000 tp=0.0187  [6.3s]
   median nu  = 0.1
   median |eta| = 2.104
  rho=0.71914 (2/20)
    fp=0.0002 tp=0.0187  [6.3s]
   median nu  = 0.125
   median |eta| = 1.811
  rho=0.63706 (3/20)
    fp=0.0004 tp=0.0280  [6.5s]
   median nu  = 0.153
   median |eta| = 1.571
  rho=0.56435 (4/20)
    fp=0.0008 tp=0.0374  [6.2s]
   median nu  = 0.188
   median |eta| = 1.42
  rho=0.49994 (5/20)
    fp=0.0019 tp=0.0654  [6.1s]
   median nu  = 0.231
   median |eta| = 1.251
  rho=0.44288 (6/20)
    fp=0.0043 tp=0.0935  [6.1s]
   median nu  = 0.281
   median |eta| = 1.12
  rho=0.39233 (7/20)
    fp=0.0074 tp=0.1402  [5.9s]
   median nu  = 0.337
   median |eta| = 0.997
  rho=0.34756 (8/20)
    fp=0.0112 tp=0.1682  [5.8s]
   median nu  = 0.374
   median |eta| = 0.863
  rho=0.30789 (9/20)
    fp=0.0200 tp=0.2430  [5.8s]
   median nu  = 0.419
   median |eta| = 0.693
  rho=0.27275 (10/20)
    fp=0.0310 tp=0.2897  [5.6s]
   median nu  = 0.468
   median |eta| = 0.562
  rho=0.24162 (11/20)
    fp=0.0429 tp=0.3458  [5.6s]
   median nu  = 0.508
   median |eta| = 0.463
  rho=0.21404 (12/20)
    fp=0.0570 tp=0.4206  [5.9s]
   median nu  = 0.547
   median |eta| = 0.378
  rho=0.18961 (13/20)
    fp=0.0737 tp=0.5047  [5.3s]
   median nu  = 0.597
   median |eta| = 0.305
  rho=0.16797 (14/20)
    fp=0.0902 tp=0.5981  [5.5s]
   median nu  = 0.673
   median |eta| = 0.257
  rho=0.14880 (15/20)
    fp=0.1057 tp=0.6542  [5.3s]
   median nu  = 0.732
   median |eta| = 0.224
  rho=0.13182 (16/20)
    fp=0.1255 tp=0.7009  [5.2s]
   median nu  = 0.765
   median |eta| = 0.186
  rho=0.11677 (17/20)
    fp=0.1476 tp=0.7103  [5.4s]
   median nu  = 0.85
   median |eta| = 0.155
  rho=0.10344 (18/20)
    fp=0.1652 tp=0.7383  [5.6s]
   median nu  = 0.945
   median |eta| = 0.128
  rho=0.09164 (19/20)
    fp=0.1823 tp=0.7477  [5.5s]
   median nu  = 1.027
   median |eta| = 0.098
  rho=0.08118 (20/20)
    fp=0.1966 tp=0.7664  [5.2s]
   median nu  = 1.109
   median |eta| = 0.083
  rho=0.07191 (21/21)  [extra 1/50]
    fp=0.2085 tp=0.7944  [5.3s]
   median nu  = 1.2
   median |eta| = 0.069
  rho=0.06371 (22/22)  [extra 2/50]
    fp=0.2267 tp=0.8224  [5.6s]
   median nu  = 1.3
   median |eta| = 0.056
  rho=0.05644 (23/23)  [extra 3/50]
    fp=0.2424 tp=0.8505  [5.4s]
   median nu  = 1.406
   median |eta| = 0.044
  rho=0.04999 (24/24)  [extra 4/50]
    fp=0.2595 tp=0.8505  [5.2s]
   median nu  = 1.505
   median |eta| = 0.036
  rho=0.04429 (25/25)  [extra 5/50]
    fp=0.2736 tp=0.8598  [5.6s]
   median nu  = 1.6
   median |eta| = 0.026
  rho=0.03923 (26/26)  [extra 6/50]
    fp=0.2866 tp=0.8692  [5.6s]
   median nu  = 1.718
   median |eta| = 0.023
  rho=0.03476 (27/27)  [extra 7/50]
    fp=0.2975 tp=0.8879  [5.6s]
   median nu  = 1.839
   median |eta| = 0.018
  rho=0.03079 (28/28)  [extra 8/50]
    fp=0.3079 tp=0.8972  [5.8s]
   median nu  = 1.959
   median |eta| = 0.015
  FPR 0.3079 >= fp_end=0.3; stopping after 28 fits
  grid extended by 8 points down to rho=0.03079, ending at FPR 0.3079
  pilot fit of run_em_exact at rho=0.30349
  -> rho_max = max|S_ij| (off-diag) = 0.81674
  rho grid: [0.8167383  0.72352134 0.64094353 0.56779058 0.50298682 0.44557932
 0.39472392 0.34967282 0.30976353 0.27440923 0.24309002 0.21534538
 0.19076732 0.16899443 0.14970656 0.13262007 0.11748371 0.10407492
 0.09219651 0.08167383]
Running run_em_exact over 20 rho values, extending until FPR >= 0.3...
  rho=0.81674 (1/20)
    fp=0.0000 tp=0.0093  [6.5s]
   median nu  = 0.099
   median |eta| = 2.125
  rho=0.72352 (2/20)
    fp=0.0002 tp=0.0187  [6.4s]
   median nu  = 0.123
   median |eta| = 1.82
  rho=0.64094 (3/20)
    fp=0.0004 tp=0.0280  [6.3s]
   median nu  = 0.152
   median |eta| = 1.579
  rho=0.56779 (4/20)
    fp=0.0008 tp=0.0374  [6.3s]
   median nu  = 0.186
   median |eta| = 1.426
  rho=0.50299 (5/20)
    fp=0.0019 tp=0.0654  [6.3s]
   median nu  = 0.228
   median |eta| = 1.253
  rho=0.44558 (6/20)
    fp=0.0041 tp=0.0935  [6.2s]
   median nu  = 0.277
   median |eta| = 1.072
  rho=0.39472 (7/20)
    fp=0.0072 tp=0.1402  [6.1s]
   median nu  = 0.35
   median |eta| = 0.928
  rho=0.34967 (8/20)
    fp=0.0109 tp=0.1682  [6.0s]
   median nu  = 0.399
   median |eta| = 0.814
  rho=0.30976 (9/20)
    fp=0.0194 tp=0.2430  [6.1s]
   median nu  = 0.461
   median |eta| = 0.66
  rho=0.27441 (10/20)
    fp=0.0328 tp=0.2897  [6.5s]
   median nu  = 0.505
   median |eta| = 0.48
  rho=0.24309 (11/20)
    fp=0.0427 tp=0.3551  [5.8s]
   median nu  = 0.548
   median |eta| = 0.37
  rho=0.21535 (12/20)
    fp=0.0566 tp=0.4206  [5.7s]
   median nu  = 0.593
   median |eta| = 0.289
  rho=0.19077 (13/20)
    fp=0.0739 tp=0.4953  [5.5s]
   median nu  = 0.639
   median |eta| = 0.228
  rho=0.16899 (14/20)
    fp=0.0898 tp=0.6075  [5.4s]
   median nu  = 0.712
   median |eta| = 0.17
  rho=0.14971 (15/20)
    fp=0.1096 tp=0.6729  [5.4s]
   median nu  = 0.798
   median |eta| = 0.13
  rho=0.13262 (16/20)
    fp=0.1307 tp=0.7009  [5.2s]
   median nu  = 0.896
   median |eta| = 0.107
  rho=0.11748 (17/20)
    fp=0.1493 tp=0.7103  [5.3s]
   median nu  = 0.997
   median |eta| = 0.084
  rho=0.10407 (18/20)
    fp=0.1679 tp=0.7290  [5.1s]
   median nu  = 1.08
   median |eta| = 0.063
  rho=0.09220 (19/20)
    fp=0.1852 tp=0.7477  [5.0s]
   median nu  = 1.157
   median |eta| = 0.049
  rho=0.08167 (20/20)
    fp=0.1995 tp=0.7757  [5.0s]
   median nu  = 1.25
   median |eta| = 0.037
  rho=0.07235 (21/21)  [extra 1/50]
    fp=0.2145 tp=0.7944  [4.9s]
   median nu  = 1.35
   median |eta| = 0.028
  rho=0.06409 (22/22)  [extra 2/50]
    fp=0.2292 tp=0.8224  [5.4s]
   median nu  = 1.448
   median |eta| = 0.021
  rho=0.05678 (23/23)  [extra 3/50]
    fp=0.2465 tp=0.8411  [4.2s]
   median nu  = 1.563
   median |eta| = 0.016
  rho=0.05030 (24/24)  [extra 4/50]
    fp=0.2614 tp=0.8505  [3.0s]
   median nu  = 1.691
   median |eta| = 0.012
  rho=0.04456 (25/25)  [extra 5/50]
    fp=0.2773 tp=0.8598  [2.0s]
   median nu  = 1.804
   median |eta| = 0.009
  rho=0.03947 (26/26)  [extra 6/50]
    fp=0.2893 tp=0.8785  [1.9s]
   median nu  = 1.915
   median |eta| = 0.007
  rho=0.03497 (27/27)  [extra 7/50]
    fp=0.3006 tp=0.8972  [1.9s]
   median nu  = 2.057
   median |eta| = 0.006
  FPR 0.3006 >= fp_end=0.3; stopping after 27 fits
  grid extended by 7 points down to rho=0.03497, ending at FPR 0.3006
  graphical_lasso rho_max = max|S_ij| (off-diag) = 3.32940
  rho grid: [3.32939806 2.94940318 2.61277832 2.31457355 2.05040384 1.81638467
 1.60907486 1.42542598 1.26273754 1.11861725 0.99094587 0.87784604
 0.77765465 0.68889843 0.61027224 0.54061991 0.47891723 0.42425687
 0.37583507 0.33293981]
Running graphical_lasso over 20 rho values, extending until FPR >= 0.3...
  rho=3.32940 (1/20)
    fp=0.0000 tp=0.0000  [0.0s]
  rho=2.94940 (2/20)
    fp=0.0004 tp=0.0000  [0.0s]
  rho=2.61278 (3/20)
    fp=0.0004 tp=0.0000  [5.5s]
  rho=2.31457 (4/20)
    fp=0.0004 tp=0.0000  [0.0s]
  rho=2.05040 (5/20)
    fp=0.0006 tp=0.0000  [0.0s]
  rho=1.81638 (6/20)
    fp=0.0014 tp=0.0000  [0.0s]
  rho=1.60907 (7/20)
    fp=0.0021 tp=0.0000  [5.5s]
  rho=1.42543 (8/20)
    fp=0.0029 tp=0.0000  [0.0s]
  rho=1.26274 (9/20)
    fp=0.0037 tp=0.0093  [0.0s]
  rho=1.11862 (10/20)
    fp=0.0047 tp=0.0187  [0.0s]
  rho=0.99095 (11/20)
    fp=0.0066 tp=0.0374  [0.0s]
  rho=0.87785 (12/20)
    fp=0.0095 tp=0.0374  [5.5s]
  rho=0.77765 (13/20)
    fp=0.0130 tp=0.0467  [5.5s]
  rho=0.68890 (14/20)
    fp=0.0190 tp=0.0654  [5.5s]
  rho=0.61027 (15/20)
    fp=0.0270 tp=0.1215  [0.0s]
  rho=0.54062 (16/20)
    fp=0.0407 tp=0.1495  [5.7s]
  rho=0.47892 (17/20)
    fp=0.0541 tp=0.1869  [0.0s]
  rho=0.42426 (18/20)
    fp=0.0737 tp=0.2430  [0.1s]
  rho=0.37584 (19/20)
    fp=0.0937 tp=0.2991  [0.1s]
  rho=0.33294 (20/20)
    fp=0.1167 tp=0.3738  [0.0s]
  rho=0.29494 (21/21)  [extra 1/50]
    fp=0.1437 tp=0.4299  [0.0s]
  rho=0.26128 (22/22)  [extra 2/50]
    fp=0.1712 tp=0.4860  [0.0s]
  rho=0.23146 (23/23)  [extra 3/50]
    fp=0.2030 tp=0.5794  [0.1s]
  rho=0.20504 (24/24)  [extra 4/50]
    fp=0.2339 tp=0.6355  [0.0s]
  rho=0.18164 (25/25)  [extra 5/50]
    fp=0.2660 tp=0.6542  [0.0s]
  rho=0.16091 (26/26)  [extra 6/50]
    fp=0.3021 tp=0.7009  [0.0s]
  FPR 0.3021 >= fp_end=0.3; stopping after 26 fits
  [note] 6/26 fits hit a glasso ConvergenceWarning (suppressed)
  grid extended by 6 points down to rho=0.16091, ending at FPR 0.3021

(p=100, n=50) over 45 replicates
  t+lasso  (run_em_diagonal):    AUC = 0.195 (SE 0.002)
  ~t+lasso (run_em_exact):       AUC = 0.196 (SE 0.002)
  tlasso   (run_tlasso):         AUC = 0.144 (SE 0.002)
  t*lasso  (run_tstar_varlasso): AUC = 0.192 (SE 0.002)
  glasso   (graphical_lasso):    AUC = 0.143 (SE 0.002)
Replicate 46/50
  Theta: 111/4950 edges
  pilot fit of run_tlasso at rho=30.34854
  -> rho_max = max|S_ij| (off-diag) = 31.69519
  rho grid: [31.69518965 28.07771593 24.87311609 22.03426752 19.51942585 17.29161113
 15.31806405 13.56976423 12.02100349 10.64900778  9.43360234  8.35691503
  7.40311349  6.55817239  5.80966713  5.14659117  4.5591942   4.03883873
  3.57787311  3.16951897]
Running run_tlasso over 20 rho values, extending until FPR >= 0.3...
  rho=31.69519 (1/20)
    fp=0.0002 tp=0.0000  [0.1s]
   nu  = 3.0000
  rho=28.07772 (2/20)
    fp=0.0006 tp=0.0000  [0.1s]
   nu  = 3.0000
  rho=24.87312 (3/20)
    fp=0.0008 tp=0.0000  [0.1s]
   nu  = 3.0000
  rho=22.03427 (4/20)
    fp=0.0012 tp=0.0000  [0.1s]
   nu  = 3.0000
  rho=19.51943 (5/20)
    fp=0.0017 tp=0.0000  [0.1s]
   nu  = 3.0000
  rho=17.29161 (6/20)
    fp=0.0021 tp=0.0000  [0.1s]
   nu  = 3.0000
  rho=15.31806 (7/20)
    fp=0.0029 tp=0.0000  [0.1s]
   nu  = 3.0000
  rho=13.56976 (8/20)
    fp=0.0035 tp=0.0270  [0.1s]
   nu  = 3.0000
  rho=12.02100 (9/20)
    fp=0.0050 tp=0.0450  [0.1s]
   nu  = 3.0000
  rho=10.64901 (10/20)
    fp=0.0072 tp=0.0450  [0.1s]
   nu  = 3.0000
  rho=9.43360 (11/20)
    fp=0.0116 tp=0.0541  [0.1s]
   nu  = 3.0000
  rho=8.35692 (12/20)
    fp=0.0157 tp=0.0811  [0.1s]
   nu  = 3.0000
  rho=7.40311 (13/20)
    fp=0.0219 tp=0.1081  [0.1s]
   nu  = 3.0000
  rho=6.55817 (14/20)
    fp=0.0289 tp=0.1441  [0.1s]
   nu  = 3.0000
  rho=5.80967 (15/20)
    fp=0.0382 tp=0.1712  [0.1s]
   nu  = 3.0000
  rho=5.14659 (16/20)
    fp=0.0513 tp=0.2252  [0.1s]
   nu  = 3.0000
  rho=4.55919 (17/20)
    fp=0.0694 tp=0.2342  [0.1s]
   nu  = 3.0000
  rho=4.03884 (18/20)
    fp=0.0911 tp=0.3063  [0.1s]
   nu  = 3.0000
  rho=3.57787 (19/20)
    fp=0.1250 tp=0.3874  [0.2s]
   nu  = 3.0000
  rho=3.16952 (20/20)
    fp=0.1585 tp=0.4685  [0.3s]
   nu  = 3.0000
  rho=2.80777 (21/21)  [extra 1/50]
    fp=0.1988 tp=0.5135  [0.3s]
   nu  = 3.0000
  rho=2.48731 (22/22)  [extra 2/50]
    fp=0.2408 tp=0.5766  [0.3s]
   nu  = 3.0000
  rho=2.20343 (23/23)  [extra 3/50]
    fp=0.2810 tp=0.6306  [0.3s]
   nu  = 3.0000
  rho=1.95194 (24/24)  [extra 4/50]
    fp=0.3174 tp=0.6757  [0.3s]
   nu  = 3.0000
  FPR 0.3174 >= fp_end=0.3; stopping after 24 fits
  grid extended by 4 points down to rho=1.95194, ending at FPR 0.3174
  pilot fit of run_tstar_varlasso at rho=0.30349
  -> rho_max = max|S_ij| (off-diag) = 0.57224
  rho grid: [0.5722446  0.50693248 0.44907465 0.39782032 0.35241581 0.31219346
 0.27656182 0.24499693 0.21703465 0.19226379 0.1703201  0.15088092
 0.1336604  0.11840531 0.10489133 0.09291975 0.08231452 0.0729197
 0.06459714 0.05722446]
Running run_tstar_varlasso over 20 rho values, extending until FPR >= 0.3...
  rho=0.57224 (1/20)
    fp=0.0002 tp=0.0000  [0.1s]
   nu  = 3.0000
  rho=0.50693 (2/20)
    fp=0.0002 tp=0.0180  [0.1s]
   nu  = 3.0000
  rho=0.44907 (3/20)
    fp=0.0006 tp=0.0360  [0.1s]
   nu  = 3.0000
  rho=0.39782 (4/20)
    fp=0.0019 tp=0.0450  [0.1s]
   nu  = 3.0000
  rho=0.35242 (5/20)
    fp=0.0033 tp=0.0811  [0.1s]
   nu  = 3.0000
  rho=0.31219 (6/20)
    fp=0.0072 tp=0.1081  [0.1s]
   nu  = 3.0000
  rho=0.27656 (7/20)
    fp=0.0128 tp=0.1892  [0.1s]
   nu  = 3.0000
  rho=0.24500 (8/20)
    fp=0.0211 tp=0.2432  [0.1s]
   nu  = 3.0000
  rho=0.21703 (9/20)
    fp=0.0322 tp=0.2703  [0.1s]
   nu  = 3.0000
  rho=0.19226 (10/20)
    fp=0.0434 tp=0.3514  [0.1s]
   nu  = 3.0000
  rho=0.17032 (11/20)
    fp=0.0645 tp=0.3874  [0.1s]
   nu  = 3.0000
  rho=0.15088 (12/20)
    fp=0.0802 tp=0.4324  [0.1s]
   nu  = 3.0000
  rho=0.13366 (13/20)
    fp=0.1091 tp=0.5135  [0.1s]
   nu  = 3.0000
  rho=0.11841 (14/20)
    fp=0.1318 tp=0.6216  [0.1s]
   nu  = 3.0000
  rho=0.10489 (15/20)
    fp=0.1535 tp=0.6577  [0.1s]
   nu  = 3.0000
  rho=0.09292 (16/20)
    fp=0.1798 tp=0.7027  [0.1s]
   nu  = 3.0000
  rho=0.08231 (17/20)
    fp=0.2058 tp=0.7387  [0.1s]
   nu  = 3.0000
  rho=0.07292 (18/20)
    fp=0.2310 tp=0.7477  [0.1s]
   nu  = 3.0000
  rho=0.06460 (19/20)
    fp=0.2534 tp=0.7748  [0.1s]
   nu  = 3.0000
  rho=0.05722 (20/20)
    fp=0.2753 tp=0.8018  [0.1s]
   nu  = 3.0000
  rho=0.05069 (21/21)  [extra 1/50]
    fp=0.2976 tp=0.8108  [0.1s]
   nu  = 3.0000
  rho=0.04491 (22/22)  [extra 2/50]
    fp=0.3185 tp=0.8108  [0.1s]
   nu  = 3.0000
  FPR 0.3185 >= fp_end=0.3; stopping after 22 fits
  grid extended by 2 points down to rho=0.04491, ending at FPR 0.3185
  pilot fit of run_em_diagonal at rho=0.30349
  -> rho_max = max|S_ij| (off-diag) = 0.73953
  rho grid: [0.73952691 0.65512233 0.58035111 0.51411378 0.45543632 0.40345591
 0.3574082  0.31661605 0.28047964 0.2484676  0.2201092  0.19498743
 0.17273289 0.15301833 0.13555386 0.12008266 0.10637724 0.09423606
 0.0834806  0.07395269]
Running run_em_diagonal over 20 rho values, extending until FPR >= 0.3...
  rho=0.73953 (1/20)
    fp=0.0004 tp=0.0090  [6.9s]
   median nu  = 0.061
   median |eta| = 2.154
  rho=0.65512 (2/20)
    fp=0.0004 tp=0.0180  [6.8s]
   median nu  = 0.069
   median |eta| = 2.144
  rho=0.58035 (3/20)
    fp=0.0004 tp=0.0360  [6.8s]
   median nu  = 0.079
   median |eta| = 1.84
  rho=0.51411 (4/20)
    fp=0.0008 tp=0.0631  [6.8s]
   median nu  = 0.09
   median |eta| = 1.859
  rho=0.45544 (5/20)
    fp=0.0033 tp=0.0991  [6.7s]
   median nu  = 0.105
   median |eta| = 1.924
  rho=0.40346 (6/20)
    fp=0.0072 tp=0.1171  [6.7s]
   median nu  = 0.123
   median |eta| = 1.763
  rho=0.35741 (7/20)
    fp=0.0136 tp=0.1802  [6.8s]
   median nu  = 0.152
   median |eta| = 1.615
  rho=0.31662 (8/20)
    fp=0.0217 tp=0.2162  [6.6s]
   median nu  = 0.192
   median |eta| = 1.431
  rho=0.28048 (9/20)
    fp=0.0314 tp=0.2883  [6.6s]
   median nu  = 0.236
   median |eta| = 1.31
  rho=0.24847 (10/20)
    fp=0.0446 tp=0.3604  [6.5s]
   median nu  = 0.272
   median |eta| = 1.172
  rho=0.22011 (11/20)
    fp=0.0593 tp=0.4234  [6.5s]
   median nu  = 0.329
   median |eta| = 0.944
  rho=0.19499 (12/20)
    fp=0.0750 tp=0.4595  [6.4s]
   median nu  = 0.382
   median |eta| = 0.682
  rho=0.17273 (13/20)
    fp=0.0905 tp=0.5045  [6.8s]
   median nu  = 0.424
   median |eta| = 0.58
  rho=0.15302 (14/20)
    fp=0.1120 tp=0.5946  [6.8s]
   median nu  = 0.493
   median |eta| = 0.452
  rho=0.13555 (15/20)
    fp=0.1323 tp=0.6667  [6.7s]
   median nu  = 0.588
   median |eta| = 0.342
  rho=0.12008 (16/20)
    fp=0.1523 tp=0.6937  [6.8s]
   median nu  = 0.685
   median |eta| = 0.261
  rho=0.10638 (17/20)
    fp=0.1670 tp=0.7207  [6.6s]
   median nu  = 0.737
   median |eta| = 0.211
  rho=0.09424 (18/20)
    fp=0.1858 tp=0.7387  [6.5s]
   median nu  = 0.821
   median |eta| = 0.15
  rho=0.08348 (19/20)
    fp=0.2036 tp=0.7748  [6.4s]
   median nu  = 0.906
   median |eta| = 0.105
  rho=0.07395 (20/20)
    fp=0.2209 tp=0.7838  [6.2s]
   median nu  = 1.035
   median |eta| = 0.077
  rho=0.06551 (21/21)  [extra 1/50]
    fp=0.2352 tp=0.7928  [6.1s]
   median nu  = 1.139
   median |eta| = 0.067
  rho=0.05804 (22/22)  [extra 2/50]
    fp=0.2472 tp=0.8108  [5.7s]
   median nu  = 1.225
   median |eta| = 0.052
  rho=0.05141 (23/23)  [extra 3/50]
    fp=0.2604 tp=0.8108  [5.6s]
   median nu  = 1.339
   median |eta| = 0.039
  rho=0.04554 (24/24)  [extra 4/50]
    fp=0.2691 tp=0.8198  [5.7s]
   median nu  = 1.442
   median |eta| = 0.03
  rho=0.04035 (25/25)  [extra 5/50]
    fp=0.2848 tp=0.8378  [5.7s]
   median nu  = 1.514
   median |eta| = 0.024
  rho=0.03574 (26/26)  [extra 6/50]
    fp=0.2965 tp=0.8378  [6.0s]
   median nu  = 1.608
   median |eta| = 0.02
  rho=0.03166 (27/27)  [extra 7/50]
    fp=0.3050 tp=0.8378  [5.8s]
   median nu  = 1.74
   median |eta| = 0.016
  FPR 0.3050 >= fp_end=0.3; stopping after 27 fits
  grid extended by 7 points down to rho=0.03166, ending at FPR 0.3050
  pilot fit of run_em_exact at rho=0.30349
  -> rho_max = max|S_ij| (off-diag) = 0.76015
  rho grid: [0.76015241 0.67339377 0.59653718 0.52845248 0.4681385  0.41470835
 0.36737636 0.32544651 0.28830226 0.2553974  0.22624807 0.20042565
 0.17755043 0.15728603 0.13933447 0.12343178 0.10934411 0.09686432
 0.08580888 0.07601524]
Running run_em_exact over 20 rho values, extending until FPR >= 0.3...
  rho=0.76015 (1/20)
    fp=0.0004 tp=0.0090  [6.9s]
   median nu  = 0.059
   median |eta| = 2.154
  rho=0.67339 (2/20)
    fp=0.0004 tp=0.0180  [7.0s]
   median nu  = 0.067
   median |eta| = 2.153
  rho=0.59654 (3/20)
    fp=0.0004 tp=0.0360  [6.9s]
   median nu  = 0.077
   median |eta| = 1.912
  rho=0.52845 (4/20)
    fp=0.0006 tp=0.0631  [6.8s]
   median nu  = 0.087
   median |eta| = 1.826
  rho=0.46814 (5/20)
    fp=0.0023 tp=0.0901  [6.8s]
   median nu  = 0.101
   median |eta| = 1.809
  rho=0.41471 (6/20)
    fp=0.0062 tp=0.1081  [6.7s]
   median nu  = 0.12
   median |eta| = 1.711
  rho=0.36738 (7/20)
    fp=0.0116 tp=0.1532  [6.7s]
   median nu  = 0.145
   median |eta| = 1.562
  rho=0.32545 (8/20)
    fp=0.0194 tp=0.2072  [6.6s]
   median nu  = 0.183
   median |eta| = 1.368
  rho=0.28830 (9/20)
    fp=0.0298 tp=0.2883  [6.4s]
   median nu  = 0.229
   median |eta| = 1.047
  rho=0.25540 (10/20)
    fp=0.0422 tp=0.3333  [6.2s]
   median nu  = 0.266
   median |eta| = 0.718
  rho=0.22625 (11/20)
    fp=0.0562 tp=0.3964  [6.1s]
   median nu  = 0.327
   median |eta| = 0.504
  rho=0.20043 (12/20)
    fp=0.0705 tp=0.4505  [5.9s]
   median nu  = 0.413
   median |eta| = 0.382
  rho=0.17755 (13/20)
    fp=0.0909 tp=0.4865  [6.5s]
   median nu  = 0.511
   median |eta| = 0.287
  rho=0.15729 (14/20)
    fp=0.1120 tp=0.5766  [5.9s]
   median nu  = 0.615
   median |eta| = 0.212
  rho=0.13933 (15/20)
    fp=0.1318 tp=0.6667  [5.8s]
   median nu  = 0.724
   median |eta| = 0.145
  rho=0.12343 (16/20)
    fp=0.1527 tp=0.6757  [5.7s]
   median nu  = 0.799
   median |eta| = 0.109
  rho=0.10934 (17/20)
    fp=0.1692 tp=0.7027  [5.8s]
   median nu  = 0.888
   median |eta| = 0.078
  rho=0.09686 (18/20)
    fp=0.1854 tp=0.7387  [5.6s]
   median nu  = 0.991
   median |eta| = 0.058
  rho=0.08581 (19/20)
    fp=0.2033 tp=0.7568  [5.7s]
   median nu  = 1.107
   median |eta| = 0.039
  rho=0.07602 (20/20)
    fp=0.2184 tp=0.7658  [5.5s]
   median nu  = 1.191
   median |eta| = 0.026
  rho=0.06734 (21/21)  [extra 1/50]
    fp=0.2333 tp=0.7838  [4.0s]
   median nu  = 1.31
   median |eta| = 0.019
  rho=0.05965 (22/22)  [extra 2/50]
    fp=0.2459 tp=0.7928  [3.5s]
   median nu  = 1.425
   median |eta| = 0.015
  rho=0.05285 (23/23)  [extra 3/50]
    fp=0.2637 tp=0.8018  [2.6s]
   median nu  = 1.56
   median |eta| = 0.01
  rho=0.04681 (24/24)  [extra 4/50]
    fp=0.2732 tp=0.8108  [2.0s]
   median nu  = 1.667
   median |eta| = 0.008
  rho=0.04147 (25/25)  [extra 5/50]
    fp=0.2868 tp=0.8288  [1.9s]
   median nu  = 1.777
   median |eta| = 0.006
  rho=0.03674 (26/26)  [extra 6/50]
    fp=0.2972 tp=0.8288  [1.9s]
   median nu  = 1.907
   median |eta| = 0.005
  rho=0.03254 (27/27)  [extra 7/50]
    fp=0.3094 tp=0.8288  [1.8s]
   median nu  = 2.054
   median |eta| = 0.004
  FPR 0.3094 >= fp_end=0.3; stopping after 27 fits
  grid extended by 7 points down to rho=0.03254, ending at FPR 0.3094
  graphical_lasso rho_max = max|S_ij| (off-diag) = 2.60481
  rho grid: [2.60480701 2.30751202 2.04414827 1.81084307 1.60416573 1.42107715
 1.25888505 1.11520446 0.9879226  0.87516782 0.77528211 0.68679667
 0.60841036 0.53897054 0.4774561  0.4229625  0.37468843 0.33192404
 0.29404048 0.2604807 ]
Running graphical_lasso over 20 rho values, extending until FPR >= 0.3...
  rho=2.60481 (1/20)
    fp=0.0000 tp=0.0000  [0.0s]
  rho=2.30751 (2/20)
    fp=0.0002 tp=0.0000  [0.0s]
  rho=2.04415 (3/20)
    fp=0.0004 tp=0.0000  [5.5s]
  rho=1.81084 (4/20)
    fp=0.0006 tp=0.0000  [0.0s]
  rho=1.60417 (5/20)
    fp=0.0012 tp=0.0000  [5.5s]
  rho=1.42108 (6/20)
    fp=0.0017 tp=0.0000  [5.5s]
  rho=1.25889 (7/20)
    fp=0.0021 tp=0.0000  [5.5s]
  rho=1.11520 (8/20)
    fp=0.0031 tp=0.0090  [5.7s]
  rho=0.98792 (9/20)
    fp=0.0052 tp=0.0270  [0.0s]
  rho=0.87517 (10/20)
    fp=0.0081 tp=0.0360  [5.6s]
  rho=0.77528 (11/20)
    fp=0.0141 tp=0.0631  [5.5s]
  rho=0.68680 (12/20)
    fp=0.0186 tp=0.0811  [5.6s]
  rho=0.60841 (13/20)
    fp=0.0275 tp=0.1171  [5.5s]
  rho=0.53897 (14/20)
    fp=0.0364 tp=0.1622  [5.6s]
  rho=0.47746 (15/20)
    fp=0.0506 tp=0.1892  [5.6s]
  rho=0.42296 (16/20)
    fp=0.0674 tp=0.2432  [0.0s]
  rho=0.37469 (17/20)
    fp=0.0893 tp=0.2793  [0.0s]
  rho=0.33192 (18/20)
    fp=0.1110 tp=0.3243  [0.0s]
  rho=0.29404 (19/20)
    fp=0.1403 tp=0.4054  [0.0s]
  rho=0.26048 (20/20)
    fp=0.1703 tp=0.4955  [0.0s]
  rho=0.23075 (21/21)  [extra 1/50]
    fp=0.2000 tp=0.5045  [0.0s]
  rho=0.20441 (22/22)  [extra 2/50]
    fp=0.2337 tp=0.5495  [0.1s]
  rho=0.18108 (23/23)  [extra 3/50]
    fp=0.2656 tp=0.6216  [0.1s]
  rho=0.16042 (24/24)  [extra 4/50]
    fp=0.2961 tp=0.6757  [0.0s]
  rho=0.14211 (25/25)  [extra 5/50]
    fp=0.3240 tp=0.6937  [0.1s]
  FPR 0.3240 >= fp_end=0.3; stopping after 25 fits
  [note] 11/25 fits hit a glasso ConvergenceWarning (suppressed)
  grid extended by 5 points down to rho=0.14211, ending at FPR 0.3240

(p=100, n=50) over 46 replicates
  t+lasso  (run_em_diagonal):    AUC = 0.195 (SE 0.002)
  ~t+lasso (run_em_exact):       AUC = 0.196 (SE 0.002)
  tlasso   (run_tlasso):         AUC = 0.144 (SE 0.002)
  t*lasso  (run_tstar_varlasso): AUC = 0.192 (SE 0.002)
  glasso   (graphical_lasso):    AUC = 0.143 (SE 0.002)
Replicate 47/50
  Theta: 115/4950 edges
  pilot fit of run_tlasso at rho=30.34854
  -> rho_max = max|S_ij| (off-diag) = 27.50042
  [warn] pilot rho 30.34854 > rho_max 27.50042: it falls off the top of this method's grid
  rho grid: [27.50041722 24.36170633 21.5812266  19.11809194 16.93608275 15.00311326
 13.29075979 11.77384272 10.43005626  9.23964046  8.18509064  7.25089998
  6.42333149  5.69021605  5.04077343  4.46545378  3.95579721  3.50430938
  3.1043513   2.75004172]
Running run_tlasso over 20 rho values, extending until FPR >= 0.3...
  rho=27.50042 (1/20)
    fp=0.0000 tp=0.0000  [0.1s]
   nu  = 3.0000
  rho=24.36171 (2/20)
    fp=0.0000 tp=0.0087  [0.1s]
   nu  = 3.0000
  rho=21.58123 (3/20)
    fp=0.0002 tp=0.0087  [0.1s]
   nu  = 3.0000
  rho=19.11809 (4/20)
    fp=0.0004 tp=0.0087  [0.1s]
   nu  = 3.0000
  rho=16.93608 (5/20)
    fp=0.0008 tp=0.0087  [0.1s]
   nu  = 3.0000
  rho=15.00311 (6/20)
    fp=0.0012 tp=0.0174  [0.1s]
   nu  = 3.0000
  rho=13.29076 (7/20)
    fp=0.0025 tp=0.0348  [0.1s]
   nu  = 3.0000
  rho=11.77384 (8/20)
    fp=0.0039 tp=0.0522  [0.1s]
   nu  = 3.0000
  rho=10.43006 (9/20)
    fp=0.0050 tp=0.0609  [0.1s]
   nu  = 3.0000
  rho=9.23964 (10/20)
    fp=0.0072 tp=0.0957  [0.1s]
   nu  = 3.0000
  rho=8.18509 (11/20)
    fp=0.0120 tp=0.1043  [0.1s]
   nu  = 3.0000
  rho=7.25090 (12/20)
    fp=0.0174 tp=0.1304  [0.1s]
   nu  = 3.0000
  rho=6.42333 (13/20)
    fp=0.0230 tp=0.1826  [0.1s]
   nu  = 3.0000
  rho=5.69022 (14/20)
    fp=0.0314 tp=0.2174  [0.1s]
   nu  = 3.0000
  rho=5.04077 (15/20)
    fp=0.0418 tp=0.2609  [0.1s]
   nu  = 3.0000
  rho=4.46545 (16/20)
    fp=0.0581 tp=0.2957  [0.1s]
   nu  = 3.0000
  rho=3.95580 (17/20)
    fp=0.0788 tp=0.4000  [0.2s]
   nu  = 3.0000
  rho=3.50431 (18/20)
    fp=0.1073 tp=0.4609  [0.3s]
   nu  = 3.0000
  rho=3.10435 (19/20)
    fp=0.1452 tp=0.5217  [0.2s]
   nu  = 3.0000
  rho=2.75004 (20/20)
    fp=0.1886 tp=0.5652  [0.3s]
   nu  = 3.0000
  rho=2.43617 (21/21)  [extra 1/50]
    fp=0.2325 tp=0.5913  [0.3s]
   nu  = 3.0000
  rho=2.15812 (22/22)  [extra 2/50]
    fp=0.2782 tp=0.6696  [0.4s]
   nu  = 3.0000
  rho=1.91181 (23/23)  [extra 3/50]
    fp=0.3162 tp=0.7043  [0.4s]
   nu  = 3.0000
  FPR 0.3162 >= fp_end=0.3; stopping after 23 fits
  grid extended by 3 points down to rho=1.91181, ending at FPR 0.3162
  pilot fit of run_tstar_varlasso at rho=0.30349
  -> rho_max = max|S_ij| (off-diag) = 0.61902
  rho grid: [0.61901949 0.54836881 0.48578172 0.43033789 0.38122205 0.33771195
 0.2991678  0.26502282 0.23477491 0.2079793  0.18424196 0.16321383
 0.14458571 0.12808368 0.11346508 0.10051494 0.08904285 0.07888011
 0.06987727 0.06190195]
Running run_tstar_varlasso over 20 rho values, extending until FPR >= 0.3...
  rho=0.61902 (1/20)
    fp=0.0002 tp=0.0261  [0.1s]
   nu  = 3.0000
  rho=0.54837 (2/20)
    fp=0.0004 tp=0.0522  [0.1s]
   nu  = 3.0000
  rho=0.48578 (3/20)
    fp=0.0008 tp=0.0696  [0.1s]
   nu  = 3.0000
  rho=0.43034 (4/20)
    fp=0.0017 tp=0.0783  [0.1s]
   nu  = 3.0000
  rho=0.38122 (5/20)
    fp=0.0029 tp=0.0870  [0.1s]
   nu  = 3.0000
  rho=0.33771 (6/20)
    fp=0.0050 tp=0.1130  [0.1s]
   nu  = 3.0000
  rho=0.29917 (7/20)
    fp=0.0097 tp=0.1391  [0.1s]
   nu  = 3.0000
  rho=0.26502 (8/20)
    fp=0.0153 tp=0.2000  [0.1s]
   nu  = 3.0000
  rho=0.23477 (9/20)
    fp=0.0234 tp=0.3304  [0.1s]
   nu  = 3.0000
  rho=0.20798 (10/20)
    fp=0.0358 tp=0.3739  [0.1s]
   nu  = 3.0000
  rho=0.18424 (11/20)
    fp=0.0501 tp=0.4348  [0.1s]
   nu  = 3.0000
  rho=0.16321 (12/20)
    fp=0.0656 tp=0.4783  [0.1s]
   nu  = 3.0000
  rho=0.14459 (13/20)
    fp=0.0825 tp=0.4957  [0.1s]
   nu  = 3.0000
  rho=0.12808 (14/20)
    fp=0.1053 tp=0.5652  [0.1s]
   nu  = 3.0000
  rho=0.11347 (15/20)
    fp=0.1291 tp=0.6000  [0.1s]
   nu  = 3.0000
  rho=0.10051 (16/20)
    fp=0.1588 tp=0.6522  [0.1s]
   nu  = 3.0000
  rho=0.08904 (17/20)
    fp=0.1839 tp=0.6783  [0.1s]
   nu  = 3.0000
  rho=0.07888 (18/20)
    fp=0.2079 tp=0.7217  [0.1s]
   nu  = 3.0000
  rho=0.06988 (19/20)
    fp=0.2283 tp=0.7478  [0.1s]
   nu  = 3.0000
  rho=0.06190 (20/20)
    fp=0.2517 tp=0.7739  [0.1s]
   nu  = 3.0000
  rho=0.05484 (21/21)  [extra 1/50]
    fp=0.2745 tp=0.7826  [0.1s]
   nu  = 3.0000
  rho=0.04858 (22/22)  [extra 2/50]
    fp=0.2964 tp=0.8000  [0.1s]
   nu  = 3.0000
  rho=0.04303 (23/23)  [extra 3/50]
    fp=0.3226 tp=0.8087  [0.2s]
   nu  = 3.0000
  FPR 0.3226 >= fp_end=0.3; stopping after 23 fits
  grid extended by 3 points down to rho=0.04303, ending at FPR 0.3226
  pilot fit of run_em_diagonal at rho=0.30349
  -> rho_max = max|S_ij| (off-diag) = 0.82066
  rho grid: [0.8206617  0.72699694 0.64402245 0.5705181  0.50540304 0.44771977
 0.39662007 0.35135255 0.31125156 0.27572742 0.24425776 0.21637984
 0.19168371 0.16980624 0.15042571 0.13325714 0.11804807 0.10457487
 0.0926394  0.08206617]
Running run_em_diagonal over 20 rho values, extending until FPR >= 0.3...
  rho=0.82066 (1/20)
    fp=0.0002 tp=0.0261  [7.1s]
   median nu  = 0.076
   median |eta| = 2.747
  rho=0.72700 (2/20)
    fp=0.0002 tp=0.0348  [7.1s]
   median nu  = 0.093
   median |eta| = 2.742
  rho=0.64402 (3/20)
    fp=0.0010 tp=0.0435  [7.1s]
   median nu  = 0.117
   median |eta| = 2.73
  rho=0.57052 (4/20)
    fp=0.0019 tp=0.0783  [7.0s]
   median nu  = 0.149
   median |eta| = 2.34
  rho=0.50540 (5/20)
    fp=0.0039 tp=0.0870  [6.8s]
   median nu  = 0.18
   median |eta| = 2.123
  rho=0.44772 (6/20)
    fp=0.0077 tp=0.1043  [6.8s]
   median nu  = 0.216
   median |eta| = 1.847
  rho=0.39662 (7/20)
    fp=0.0118 tp=0.1565  [6.7s]
   median nu  = 0.25
   median |eta| = 1.547
  rho=0.35135 (8/20)
    fp=0.0170 tp=0.1826  [6.7s]
   median nu  = 0.284
   median |eta| = 1.317
  rho=0.31125 (9/20)
    fp=0.0246 tp=0.2522  [6.7s]
   median nu  = 0.317
   median |eta| = 1.113
  rho=0.27573 (10/20)
    fp=0.0339 tp=0.3565  [6.7s]
   median nu  = 0.367
   median |eta| = 0.926
  rho=0.24426 (11/20)
    fp=0.0453 tp=0.4261  [6.7s]
   median nu  = 0.443
   median |eta| = 0.776
  rho=0.21638 (12/20)
    fp=0.0560 tp=0.4522  [6.5s]
   median nu  = 0.517
   median |eta| = 0.693
  rho=0.19168 (13/20)
    fp=0.0697 tp=0.4957  [6.4s]
   median nu  = 0.548
   median |eta| = 0.568
  rho=0.16981 (14/20)
    fp=0.0846 tp=0.5217  [6.4s]
   median nu  = 0.605
   median |eta| = 0.469
  rho=0.15043 (15/20)
    fp=0.1022 tp=0.5652  [6.4s]
   median nu  = 0.646
   median |eta| = 0.381
  rho=0.13326 (16/20)
    fp=0.1187 tp=0.6174  [6.2s]
   median nu  = 0.688
   median |eta| = 0.328
  rho=0.11805 (17/20)
    fp=0.1411 tp=0.6348  [6.1s]
   median nu  = 0.743
   median |eta| = 0.293
  rho=0.10457 (18/20)
    fp=0.1584 tp=0.6783  [6.0s]
   median nu  = 0.822
   median |eta| = 0.251
  rho=0.09264 (19/20)
    fp=0.1762 tp=0.7478  [5.9s]
   median nu  = 0.926
   median |eta| = 0.179
  rho=0.08207 (20/20)
    fp=0.1870 tp=0.7652  [6.0s]
   median nu  = 0.994
   median |eta| = 0.135
  rho=0.07270 (21/21)  [extra 1/50]
    fp=0.2043 tp=0.7739  [5.7s]
   median nu  = 1.125
   median |eta| = 0.09
  rho=0.06440 (22/22)  [extra 2/50]
    fp=0.2161 tp=0.7913  [5.7s]
   median nu  = 1.227
   median |eta| = 0.068
  rho=0.05705 (23/23)  [extra 3/50]
    fp=0.2331 tp=0.7913  [6.3s]
   median nu  = 1.326
   median |eta| = 0.055
  rho=0.05054 (24/24)  [extra 4/50]
    fp=0.2480 tp=0.8174  [6.1s]
   median nu  = 1.443
   median |eta| = 0.041
  rho=0.04477 (25/25)  [extra 5/50]
    fp=0.2598 tp=0.8174  [5.9s]
   median nu  = 1.552
   median |eta| = 0.032
  rho=0.03966 (26/26)  [extra 6/50]
    fp=0.2722 tp=0.8261  [6.1s]
   median nu  = 1.663
   median |eta| = 0.025
  rho=0.03514 (27/27)  [extra 7/50]
    fp=0.2883 tp=0.8261  [6.0s]
   median nu  = 1.79
   median |eta| = 0.02
  rho=0.03113 (28/28)  [extra 8/50]
    fp=0.2976 tp=0.8261  [5.9s]
   median nu  = 1.922
   median |eta| = 0.015
  rho=0.02757 (29/29)  [extra 9/50]
    fp=0.3121 tp=0.8174  [5.9s]
   median nu  = 2.058
   median |eta| = 0.012
  FPR 0.3121 >= fp_end=0.3; stopping after 29 fits
  grid extended by 9 points down to rho=0.02757, ending at FPR 0.3121
  pilot fit of run_em_exact at rho=0.30349
  -> rho_max = max|S_ij| (off-diag) = 0.81992
  rho grid: [0.81991986 0.72633977 0.64344028 0.57000238 0.50494618 0.44731505
 0.39626155 0.35103495 0.3109702  0.27547817 0.24403697 0.21618424
 0.19151044 0.16965274 0.15028973 0.13313668 0.11794136 0.10448034
 0.09255566 0.08199199]
Running run_em_exact over 20 rho values, extending until FPR >= 0.3...
  rho=0.81992 (1/20)
    fp=0.0002 tp=0.0348  [7.1s]
   median nu  = 0.076
   median |eta| = 2.745
  rho=0.72634 (2/20)
    fp=0.0002 tp=0.0348  [7.0s]
   median nu  = 0.093
   median |eta| = 2.664
  rho=0.64344 (3/20)
    fp=0.0010 tp=0.0435  [7.0s]
   median nu  = 0.117
   median |eta| = 2.496
  rho=0.57000 (4/20)
    fp=0.0019 tp=0.0783  [7.0s]
   median nu  = 0.149
   median |eta| = 2.237
  rho=0.50495 (5/20)
    fp=0.0039 tp=0.0870  [6.9s]
   median nu  = 0.182
   median |eta| = 2.03
  rho=0.44732 (6/20)
    fp=0.0079 tp=0.1043  [6.8s]
   median nu  = 0.216
   median |eta| = 1.686
  rho=0.39626 (7/20)
    fp=0.0118 tp=0.1565  [6.7s]
   median nu  = 0.251
   median |eta| = 1.534
  rho=0.35103 (8/20)
    fp=0.0182 tp=0.1913  [6.6s]
   median nu  = 0.291
   median |eta| = 1.193
  rho=0.31097 (9/20)
    fp=0.0256 tp=0.2522  [6.6s]
   median nu  = 0.34
   median |eta| = 0.945
  rho=0.27548 (10/20)
    fp=0.0356 tp=0.3565  [6.3s]
   median nu  = 0.403
   median |eta| = 0.788
  rho=0.24404 (11/20)
    fp=0.0453 tp=0.4348  [6.2s]
   median nu  = 0.477
   median |eta| = 0.662
  rho=0.21618 (12/20)
    fp=0.0581 tp=0.4522  [6.0s]
   median nu  = 0.565
   median |eta| = 0.467
  rho=0.19151 (13/20)
    fp=0.0697 tp=0.4957  [5.8s]
   median nu  = 0.64
   median |eta| = 0.347
  rho=0.16965 (14/20)
    fp=0.0906 tp=0.5217  [5.7s]
   median nu  = 0.728
   median |eta| = 0.283
  rho=0.15029 (15/20)
    fp=0.1061 tp=0.5739  [5.6s]
   median nu  = 0.803
   median |eta| = 0.199
  rho=0.13314 (16/20)
    fp=0.1251 tp=0.6261  [5.4s]
   median nu  = 0.87
   median |eta| = 0.128
  rho=0.11794 (17/20)
    fp=0.1448 tp=0.6435  [5.3s]
   median nu  = 0.976
   median |eta| = 0.092
  rho=0.10448 (18/20)
    fp=0.1613 tp=0.6783  [5.1s]
   median nu  = 1.074
   median |eta| = 0.071
  rho=0.09256 (19/20)
    fp=0.1766 tp=0.7391  [5.3s]
   median nu  = 1.161
   median |eta| = 0.054
  rho=0.08199 (20/20)
    fp=0.1952 tp=0.7739  [4.9s]
   median nu  = 1.266
   median |eta| = 0.041
  rho=0.07263 (21/21)  [extra 1/50]
    fp=0.2122 tp=0.7826  [3.7s]
   median nu  = 1.357
   median |eta| = 0.03
  rho=0.06434 (22/22)  [extra 2/50]
    fp=0.2244 tp=0.7913  [3.0s]
   median nu  = 1.448
   median |eta| = 0.024
  rho=0.05700 (23/23)  [extra 3/50]
    fp=0.2416 tp=0.8000  [2.6s]
   median nu  = 1.542
   median |eta| = 0.017
  rho=0.05049 (24/24)  [extra 4/50]
    fp=0.2538 tp=0.8087  [2.1s]
   median nu  = 1.665
   median |eta| = 0.014
  rho=0.04473 (25/25)  [extra 5/50]
    fp=0.2654 tp=0.8087  [1.9s]
   median nu  = 1.759
   median |eta| = 0.01
  rho=0.03963 (26/26)  [extra 6/50]
    fp=0.2782 tp=0.8261  [1.8s]
   median nu  = 1.876
   median |eta| = 0.008
  rho=0.03510 (27/27)  [extra 7/50]
    fp=0.2910 tp=0.8261  [1.7s]
   median nu  = 1.99
   median |eta| = 0.006
  rho=0.03110 (28/28)  [extra 8/50]
    fp=0.3034 tp=0.8348  [1.7s]
   median nu  = 2.105
   median |eta| = 0.005
  FPR 0.3034 >= fp_end=0.3; stopping after 28 fits
  grid extended by 8 points down to rho=0.03110, ending at FPR 0.3034
  graphical_lasso rho_max = max|S_ij| (off-diag) = 1.55399
  rho grid: [1.55399058 1.37662864 1.2195096  1.08032305 0.95702232 0.84779429
 0.7510328  0.66531502 0.58938048 0.5221126  0.46252221 0.40973306
 0.36296892 0.32154211 0.28484348 0.25233338 0.22353376 0.19802113
 0.17542034 0.15539906]
Running graphical_lasso over 20 rho values, extending until FPR >= 0.3...
  rho=1.55399 (1/20)
    fp=0.0000 tp=0.0000  [0.0s]
  rho=1.37663 (2/20)
    fp=0.0004 tp=0.0087  [0.0s]
  rho=1.21951 (3/20)
    fp=0.0014 tp=0.0087  [5.5s]
  rho=1.08032 (4/20)
    fp=0.0019 tp=0.0087  [5.5s]
  rho=0.95702 (5/20)
    fp=0.0031 tp=0.0348  [5.6s]
  rho=0.84779 (6/20)
    fp=0.0052 tp=0.0609  [5.9s]
  rho=0.75103 (7/20)
    fp=0.0093 tp=0.0870  [5.7s]
  rho=0.66532 (8/20)
    fp=0.0147 tp=0.1130  [5.6s]
  rho=0.58938 (9/20)
    fp=0.0219 tp=0.1652  [6.7s]
  rho=0.52211 (10/20)
    fp=0.0310 tp=0.2174  [5.7s]
  rho=0.46252 (11/20)
    fp=0.0422 tp=0.2522  [5.8s]
  rho=0.40973 (12/20)
    fp=0.0598 tp=0.2870  [5.5s]
  rho=0.36297 (13/20)
    fp=0.0790 tp=0.3565  [5.5s]
  rho=0.32154 (14/20)
    fp=0.1032 tp=0.4522  [5.5s]
  rho=0.28484 (15/20)
    fp=0.1315 tp=0.4696  [5.6s]
  rho=0.25233 (16/20)
    fp=0.1609 tp=0.5304  [0.0s]
  rho=0.22353 (17/20)
    fp=0.1944 tp=0.5652  [0.1s]
  rho=0.19802 (18/20)
    fp=0.2304 tp=0.5826  [0.2s]
  rho=0.17542 (19/20)
    fp=0.2629 tp=0.6522  [0.1s]
  rho=0.15540 (20/20)
    fp=0.2941 tp=0.6870  [0.0s]
  rho=0.13766 (21/21)  [extra 1/50]
    fp=0.3324 tp=0.7043  [0.0s]
  FPR 0.3324 >= fp_end=0.3; stopping after 21 fits
  [note] 13/21 fits hit a glasso ConvergenceWarning (suppressed)
  grid extended by 1 points down to rho=0.13766, ending at FPR 0.3324

(p=100, n=50) over 47 replicates
  t+lasso  (run_em_diagonal):    AUC = 0.195 (SE 0.002)
  ~t+lasso (run_em_exact):       AUC = 0.195 (SE 0.002)
  tlasso   (run_tlasso):         AUC = 0.144 (SE 0.002)
  t*lasso  (run_tstar_varlasso): AUC = 0.191 (SE 0.002)
  glasso   (graphical_lasso):    AUC = 0.143 (SE 0.002)
Replicate 48/50
  Theta: 95/4950 edges
  pilot fit of run_tlasso at rho=30.34854
  -> rho_max = max|S_ij| (off-diag) = 36.42532
  rho grid: [36.42532185 32.26798296 28.5851345  25.32262135 22.4324693  19.87217958
 17.60410394 15.59489106 13.81499609 12.23824624 10.84145592  9.60408576
  8.50794063  7.53690206  6.67669123  5.91465903  5.23960002  4.64158765
  4.11182835  3.64253219]
Running run_tlasso over 20 rho values, extending until FPR >= 0.3...
  rho=36.42532 (1/20)
    fp=0.0002 tp=0.0000  [0.1s]
   nu  = 3.0000
  rho=32.26798 (2/20)
    fp=0.0002 tp=0.0000  [0.1s]
   nu  = 3.0000
  rho=28.58513 (3/20)
    fp=0.0002 tp=0.0000  [0.1s]
   nu  = 3.0000
  rho=25.32262 (4/20)
    fp=0.0004 tp=0.0000  [0.1s]
   nu  = 3.0000
  rho=22.43247 (5/20)
    fp=0.0004 tp=0.0000  [0.1s]
   nu  = 3.0000
  rho=19.87218 (6/20)
    fp=0.0012 tp=0.0105  [0.1s]
   nu  = 3.0000
  rho=17.60410 (7/20)
    fp=0.0023 tp=0.0211  [0.1s]
   nu  = 3.0000
  rho=15.59489 (8/20)
    fp=0.0029 tp=0.0316  [0.1s]
   nu  = 3.0000
  rho=13.81500 (9/20)
    fp=0.0045 tp=0.0316  [0.1s]
   nu  = 3.0000
  rho=12.23825 (10/20)
    fp=0.0068 tp=0.0526  [0.1s]
   nu  = 3.0000
  rho=10.84146 (11/20)
    fp=0.0103 tp=0.0842  [0.1s]
   nu  = 3.0000
  rho=9.60409 (12/20)
    fp=0.0138 tp=0.1158  [0.1s]
   nu  = 3.0000
  rho=8.50794 (13/20)
    fp=0.0179 tp=0.1368  [0.1s]
   nu  = 3.0000
  rho=7.53690 (14/20)
    fp=0.0239 tp=0.1579  [0.1s]
   nu  = 3.0000
  rho=6.67669 (15/20)
    fp=0.0323 tp=0.1895  [0.1s]
   nu  = 3.0000
  rho=5.91466 (16/20)
    fp=0.0433 tp=0.2632  [0.1s]
   nu  = 3.0000
  rho=5.23960 (17/20)
    fp=0.0577 tp=0.3053  [0.1s]
   nu  = 3.0000
  rho=4.64159 (18/20)
    fp=0.0793 tp=0.3579  [0.1s]
   nu  = 3.0000
  rho=4.11183 (19/20)
    fp=0.1022 tp=0.4842  [0.2s]
   nu  = 3.0000
  rho=3.64253 (20/20)
    fp=0.1347 tp=0.6000  [0.2s]
   nu  = 3.0000
  rho=3.22680 (21/21)  [extra 1/50]
    fp=0.1771 tp=0.6632  [0.2s]
   nu  = 3.0000
  rho=2.85851 (22/22)  [extra 2/50]
    fp=0.2169 tp=0.7474  [0.3s]
   nu  = 3.0000
  rho=2.53226 (23/23)  [extra 3/50]
    fp=0.2581 tp=0.7789  [0.3s]
   nu  = 3.0000
  rho=2.24325 (24/24)  [extra 4/50]
    fp=0.2993 tp=0.8316  [0.3s]
   nu  = 3.0000
  rho=1.98722 (25/25)  [extra 5/50]
    fp=0.3361 tp=0.8632  [0.2s]
   nu  = 3.0000
  FPR 0.3361 >= fp_end=0.3; stopping after 25 fits
  grid extended by 5 points down to rho=1.98722, ending at FPR 0.3361
  pilot fit of run_tstar_varlasso at rho=0.30349
  -> rho_max = max|S_ij| (off-diag) = 0.60116
  rho grid: [0.6011605  0.53254812 0.47176669 0.41792245 0.37022362 0.32796881
 0.29053667 0.25737679 0.22800155 0.201979   0.17892649 0.15850504
 0.14041435 0.12438841 0.11019156 0.09761504 0.08647392 0.07660438
 0.06786127 0.06011605]
Running run_tstar_varlasso over 20 rho values, extending until FPR >= 0.3...
  rho=0.60116 (1/20)
    fp=0.0004 tp=0.0211  [0.1s]
   nu  = 3.0000
  rho=0.53255 (2/20)
    fp=0.0006 tp=0.0316  [0.1s]
   nu  = 3.0000
  rho=0.47177 (3/20)
    fp=0.0012 tp=0.0737  [0.1s]
   nu  = 3.0000
  rho=0.41792 (4/20)
    fp=0.0027 tp=0.1368  [0.1s]
   nu  = 3.0000
  rho=0.37022 (5/20)
    fp=0.0054 tp=0.1474  [0.1s]
   nu  = 3.0000
  rho=0.32797 (6/20)
    fp=0.0089 tp=0.2105  [0.1s]
   nu  = 3.0000
  rho=0.29054 (7/20)
    fp=0.0154 tp=0.2737  [0.1s]
   nu  = 3.0000
  rho=0.25738 (8/20)
    fp=0.0229 tp=0.3474  [0.1s]
   nu  = 3.0000
  rho=0.22800 (9/20)
    fp=0.0338 tp=0.4526  [0.1s]
   nu  = 3.0000
  rho=0.20198 (10/20)
    fp=0.0480 tp=0.5053  [0.1s]
   nu  = 3.0000
  rho=0.17893 (11/20)
    fp=0.0659 tp=0.5895  [0.2s]
   nu  = 3.0000
  rho=0.15851 (12/20)
    fp=0.0853 tp=0.6632  [0.1s]
   nu  = 3.0000
  rho=0.14041 (13/20)
    fp=0.1102 tp=0.7368  [0.1s]
   nu  = 3.0000
  rho=0.12439 (14/20)
    fp=0.1331 tp=0.7895  [0.1s]
   nu  = 3.0000
  rho=0.11019 (15/20)
    fp=0.1551 tp=0.8421  [0.1s]
   nu  = 3.0000
  rho=0.09762 (16/20)
    fp=0.1808 tp=0.8526  [0.1s]
   nu  = 3.0000
  rho=0.08647 (17/20)
    fp=0.2084 tp=0.8737  [0.1s]
   nu  = 3.0000
  rho=0.07660 (18/20)
    fp=0.2311 tp=0.8947  [0.1s]
   nu  = 3.0000
  rho=0.06786 (19/20)
    fp=0.2579 tp=0.8947  [0.1s]
   nu  = 3.0000
  rho=0.06012 (20/20)
    fp=0.2777 tp=0.9158  [0.1s]
   nu  = 3.0000
  rho=0.05325 (21/21)  [extra 1/50]
    fp=0.3034 tp=0.9158  [0.1s]
   nu  = 3.0000
  FPR 0.3034 >= fp_end=0.3; stopping after 21 fits
  grid extended by 1 points down to rho=0.05325, ending at FPR 0.3034
  pilot fit of run_em_diagonal at rho=0.30349
  -> rho_max = max|S_ij| (off-diag) = 0.61650
  rho grid: [0.61650113 0.54613788 0.48380541 0.42858714 0.37967112 0.33633803
 0.29795069 0.26394463 0.23381978 0.20713318 0.1834924  0.16254983
 0.14399749 0.1275626  0.11300347 0.10010602 0.0886806  0.0785592
 0.06959298 0.06165011]
Running run_em_diagonal over 20 rho values, extending until FPR >= 0.3...
  rho=0.61650 (1/20)
    fp=0.0012 tp=0.1053  [6.7s]
   median nu  = 0.113
   median |eta| = 1.887
  rho=0.54614 (2/20)
    fp=0.0029 tp=0.1263  [6.9s]
   median nu  = 0.139
   median |eta| = 1.654
  rho=0.48381 (3/20)
    fp=0.0058 tp=0.1579  [6.6s]
   median nu  = 0.173
   median |eta| = 1.497
  rho=0.42859 (4/20)
    fp=0.0095 tp=0.1789  [6.5s]
   median nu  = 0.212
   median |eta| = 1.271
  rho=0.37967 (5/20)
    fp=0.0150 tp=0.2737  [6.4s]
   median nu  = 0.265
   median |eta| = 1.205
  rho=0.33634 (6/20)
    fp=0.0235 tp=0.3579  [6.4s]
   median nu  = 0.332
   median |eta| = 1.014
  rho=0.29795 (7/20)
    fp=0.0363 tp=0.4526  [6.4s]
   median nu  = 0.393
   median |eta| = 0.833
  rho=0.26394 (8/20)
    fp=0.0470 tp=0.5053  [6.2s]
   median nu  = 0.42
   median |eta| = 0.725
  rho=0.23382 (9/20)
    fp=0.0614 tp=0.5579  [6.4s]
   median nu  = 0.458
   median |eta| = 0.653
  rho=0.20713 (10/20)
    fp=0.0754 tp=0.6632  [6.6s]
   median nu  = 0.505
   median |eta| = 0.556
  rho=0.18349 (11/20)
    fp=0.0945 tp=0.6947  [6.9s]
   median nu  = 0.559
   median |eta| = 0.518
  rho=0.16255 (12/20)
    fp=0.1139 tp=0.7579  [6.7s]
   median nu  = 0.626
   median |eta| = 0.451
  rho=0.14400 (13/20)
    fp=0.1312 tp=0.8105  [6.6s]
   median nu  = 0.687
   median |eta| = 0.321
  rho=0.12756 (14/20)
    fp=0.1518 tp=0.8211  [6.4s]
   median nu  = 0.771
   median |eta| = 0.222
  rho=0.11300 (15/20)
    fp=0.1679 tp=0.8526  [5.9s]
   median nu  = 0.846
   median |eta| = 0.161
  rho=0.10011 (16/20)
    fp=0.1819 tp=0.8526  [5.8s]
   median nu  = 0.938
   median |eta| = 0.118
  rho=0.08868 (17/20)
    fp=0.1967 tp=0.8632  [6.2s]
   median nu  = 1.042
   median |eta| = 0.086
  rho=0.07856 (18/20)
    fp=0.2152 tp=0.8842  [6.1s]
   median nu  = 1.151
   median |eta| = 0.068
  rho=0.06959 (19/20)
    fp=0.2280 tp=0.8842  [6.2s]
   median nu  = 1.252
   median |eta| = 0.054
  rho=0.06165 (20/20)
    fp=0.2443 tp=0.8842  [6.0s]
   median nu  = 1.333
   median |eta| = 0.047
  rho=0.05461 (21/21)  [extra 1/50]
    fp=0.2618 tp=0.8737  [5.8s]
   median nu  = 1.418
   median |eta| = 0.036
  rho=0.04838 (22/22)  [extra 2/50]
    fp=0.2709 tp=0.8737  [5.9s]
   median nu  = 1.506
   median |eta| = 0.032
  rho=0.04286 (23/23)  [extra 3/50]
    fp=0.2921 tp=0.8737  [5.9s]
   median nu  = 1.662
   median |eta| = 0.024
  rho=0.03797 (24/24)  [extra 4/50]
    fp=0.2987 tp=0.8737  [5.8s]
   median nu  = 1.736
   median |eta| = 0.022
  rho=0.03363 (25/25)  [extra 5/50]
    fp=0.3153 tp=0.8632  [5.8s]
   median nu  = 1.888
   median |eta| = 0.016
  FPR 0.3153 >= fp_end=0.3; stopping after 25 fits
  grid extended by 5 points down to rho=0.03363, ending at FPR 0.3153
  pilot fit of run_em_exact at rho=0.30349
  -> rho_max = max|S_ij| (off-diag) = 0.62625
  rho grid: [0.62624688 0.55477131 0.49145348 0.43536232 0.38567302 0.34165492
 0.30266075 0.2681171  0.23751604 0.21040757 0.18639308 0.16511944
 0.14627383 0.12957913 0.11478984 0.10168851 0.09008247 0.07980107
 0.07069312 0.06262469]
Running run_em_exact over 20 rho values, extending until FPR >= 0.3...
  rho=0.62625 (1/20)
    fp=0.0010 tp=0.0947  [6.7s]
   median nu  = 0.11
   median |eta| = 1.906
  rho=0.55477 (2/20)
    fp=0.0027 tp=0.1263  [6.8s]
   median nu  = 0.135
   median |eta| = 1.683
  rho=0.49145 (3/20)
    fp=0.0049 tp=0.1474  [6.7s]
   median nu  = 0.167
   median |eta| = 1.401
  rho=0.43536 (4/20)
    fp=0.0087 tp=0.1789  [6.8s]
   median nu  = 0.205
   median |eta| = 1.226
  rho=0.38567 (5/20)
    fp=0.0136 tp=0.2737  [6.5s]
   median nu  = 0.256
   median |eta| = 1.127
  rho=0.34165 (6/20)
    fp=0.0222 tp=0.3474  [6.4s]
   median nu  = 0.325
   median |eta| = 0.914
  rho=0.30266 (7/20)
    fp=0.0346 tp=0.4421  [6.2s]
   median nu  = 0.385
   median |eta| = 0.702
  rho=0.26812 (8/20)
    fp=0.0470 tp=0.5053  [6.0s]
   median nu  = 0.46
   median |eta| = 0.575
  rho=0.23752 (9/20)
    fp=0.0591 tp=0.5474  [5.9s]
   median nu  = 0.509
   median |eta| = 0.44
  rho=0.21041 (10/20)
    fp=0.0760 tp=0.6316  [6.4s]
   median nu  = 0.567
   median |eta| = 0.348
  rho=0.18639 (11/20)
    fp=0.0962 tp=0.6737  [6.2s]
   median nu  = 0.634
   median |eta| = 0.254
  rho=0.16512 (12/20)
    fp=0.1147 tp=0.7474  [6.0s]
   median nu  = 0.71
   median |eta| = 0.179
  rho=0.14627 (13/20)
    fp=0.1329 tp=0.8000  [5.9s]
   median nu  = 0.788
   median |eta| = 0.134
  rho=0.12958 (14/20)
    fp=0.1524 tp=0.8316  [6.0s]
   median nu  = 0.877
   median |eta| = 0.093
  rho=0.11479 (15/20)
    fp=0.1718 tp=0.8632  [5.2s]
   median nu  = 0.977
   median |eta| = 0.066
  rho=0.10169 (16/20)
    fp=0.1862 tp=0.8737  [5.2s]
   median nu  = 1.07
   median |eta| = 0.049
  rho=0.09008 (17/20)
    fp=0.2004 tp=0.8842  [5.7s]
   median nu  = 1.179
   median |eta| = 0.038
  rho=0.07980 (18/20)
    fp=0.2165 tp=0.9053  [5.3s]
   median nu  = 1.298
   median |eta| = 0.027
  rho=0.07069 (19/20)
    fp=0.2309 tp=0.9053  [3.6s]
   median nu  = 1.396
   median |eta| = 0.021
  rho=0.06262 (20/20)
    fp=0.2465 tp=0.9053  [2.3s]
   median nu  = 1.476
   median |eta| = 0.017
  rho=0.05548 (21/21)  [extra 1/50]
    fp=0.2614 tp=0.9053  [2.1s]
   median nu  = 1.581
   median |eta| = 0.015
  rho=0.04915 (22/22)  [extra 2/50]
    fp=0.2752 tp=0.9053  [2.0s]
   median nu  = 1.719
   median |eta| = 0.011
  rho=0.04354 (23/23)  [extra 3/50]
    fp=0.2884 tp=0.9053  [1.9s]
   median nu  = 1.857
   median |eta| = 0.009
  rho=0.03857 (24/24)  [extra 4/50]
    fp=0.3055 tp=0.9053  [1.6s]
   median nu  = 1.993
   median |eta| = 0.007
  FPR 0.3055 >= fp_end=0.3; stopping after 24 fits
  grid extended by 4 points down to rho=0.03857, ending at FPR 0.3055
  graphical_lasso rho_max = max|S_ij| (off-diag) = 2.67769
  rho grid: [2.67768518 2.37207238 2.10134015 1.86150745 1.64904763 1.46083653
 1.29410657 1.14640603 1.01556303 0.89965356 0.79697322 0.7060121
 0.62543268 0.55405004 0.49081453 0.43479629 0.3851716  0.34121072
 0.30226725 0.26776852]
Running graphical_lasso over 20 rho values, extending until FPR >= 0.3...
  rho=2.67769 (1/20)
    fp=0.0000 tp=0.0000  [0.0s]
  rho=2.37207 (2/20)
    fp=0.0002 tp=0.0000  [0.0s]
  rho=2.10134 (3/20)
    fp=0.0006 tp=0.0000  [0.0s]
  rho=1.86151 (4/20)
    fp=0.0008 tp=0.0000  [5.6s]
  rho=1.64905 (5/20)
    fp=0.0012 tp=0.0000  [0.0s]
  rho=1.46084 (6/20)
    fp=0.0014 tp=0.0000  [0.0s]
  rho=1.29411 (7/20)
    fp=0.0023 tp=0.0105  [0.0s]
  rho=1.14641 (8/20)
    fp=0.0033 tp=0.0211  [0.0s]
  rho=1.01556 (9/20)
    fp=0.0062 tp=0.0316  [5.6s]
  rho=0.89965 (10/20)
    fp=0.0095 tp=0.0632  [5.5s]
  rho=0.79697 (11/20)
    fp=0.0146 tp=0.1053  [5.6s]
  rho=0.70601 (12/20)
    fp=0.0204 tp=0.1474  [6.6s]
  rho=0.62543 (13/20)
    fp=0.0301 tp=0.1789  [5.6s]
  rho=0.55405 (14/20)
    fp=0.0404 tp=0.2421  [5.6s]
  rho=0.49081 (15/20)
    fp=0.0568 tp=0.2842  [0.0s]
  rho=0.43480 (16/20)
    fp=0.0756 tp=0.3263  [0.0s]
  rho=0.38517 (17/20)
    fp=0.0960 tp=0.4632  [0.0s]
  rho=0.34121 (18/20)
    fp=0.1226 tp=0.5263  [0.0s]
  rho=0.30227 (19/20)
    fp=0.1528 tp=0.6421  [0.0s]
  rho=0.26777 (20/20)
    fp=0.1821 tp=0.7053  [0.1s]
  rho=0.23721 (21/21)  [extra 1/50]
    fp=0.2132 tp=0.7474  [0.1s]
  rho=0.21013 (22/22)  [extra 2/50]
    fp=0.2449 tp=0.7684  [0.0s]
  rho=0.18615 (23/23)  [extra 3/50]
    fp=0.2795 tp=0.7895  [0.0s]
  rho=0.16490 (24/24)  [extra 4/50]
    fp=0.3118 tp=0.8421  [0.2s]
  FPR 0.3118 >= fp_end=0.3; stopping after 24 fits
  [note] 7/24 fits hit a glasso ConvergenceWarning (suppressed)
  grid extended by 4 points down to rho=0.16490, ending at FPR 0.3118

(p=100, n=50) over 48 replicates
  t+lasso  (run_em_diagonal):    AUC = 0.196 (SE 0.002)
  ~t+lasso (run_em_exact):       AUC = 0.196 (SE 0.002)
  tlasso   (run_tlasso):         AUC = 0.144 (SE 0.002)
  t*lasso  (run_tstar_varlasso): AUC = 0.192 (SE 0.002)
  glasso   (graphical_lasso):    AUC = 0.143 (SE 0.002)
Replicate 49/50
  Theta: 78/4950 edges
  pilot fit of run_tlasso at rho=30.34854
  -> rho_max = max|S_ij| (off-diag) = 40.55380
  rho grid: [40.55380298 35.92526729 31.82500123 28.19271169 24.97498702 22.12451159
 19.59937007 17.36243106 15.38080108 13.62534088 12.070237   10.69262211
  9.47223883  8.39114181  7.43343386  6.5850322   5.83346134  5.16766967
  4.57786695  4.0553803 ]
Running run_tlasso over 20 rho values, extending until FPR >= 0.3...
  rho=40.55380 (1/20)
    fp=0.0004 tp=0.0000  [0.1s]
   nu  = 3.0000
  rho=35.92527 (2/20)
    fp=0.0006 tp=0.0000  [0.1s]
   nu  = 3.0000
  rho=31.82500 (3/20)
    fp=0.0012 tp=0.0000  [0.1s]
   nu  = 3.0000
  rho=28.19271 (4/20)
    fp=0.0018 tp=0.0000  [0.1s]
   nu  = 3.0000
  rho=24.97499 (5/20)
    fp=0.0023 tp=0.0000  [0.1s]
   nu  = 3.0000
  rho=22.12451 (6/20)
    fp=0.0027 tp=0.0128  [0.1s]
   nu  = 3.0000
  rho=19.59937 (7/20)
    fp=0.0047 tp=0.0128  [0.1s]
   nu  = 3.0000
  rho=17.36243 (8/20)
    fp=0.0064 tp=0.0256  [0.1s]
   nu  = 3.0000
  rho=15.38080 (9/20)
    fp=0.0082 tp=0.0385  [0.1s]
   nu  = 3.0000
  rho=13.62534 (10/20)
    fp=0.0105 tp=0.0385  [0.1s]
   nu  = 3.0000
  rho=12.07024 (11/20)
    fp=0.0129 tp=0.0385  [0.1s]
   nu  = 3.0000
  rho=10.69262 (12/20)
    fp=0.0154 tp=0.0641  [0.1s]
   nu  = 3.0000
  rho=9.47224 (13/20)
    fp=0.0205 tp=0.0769  [0.1s]
   nu  = 3.0000
  rho=8.39114 (14/20)
    fp=0.0267 tp=0.1282  [0.1s]
   nu  = 3.0000
  rho=7.43343 (15/20)
    fp=0.0328 tp=0.1667  [0.1s]
   nu  = 3.0000
  rho=6.58503 (16/20)
    fp=0.0429 tp=0.1923  [0.1s]
   nu  = 3.0000
  rho=5.83346 (17/20)
    fp=0.0562 tp=0.2179  [0.1s]
   nu  = 3.0000
  rho=5.16767 (18/20)
    fp=0.0745 tp=0.2692  [0.1s]
   nu  = 3.0000
  rho=4.57787 (19/20)
    fp=0.0987 tp=0.3718  [0.1s]
   nu  = 3.0000
  rho=4.05538 (20/20)
    fp=0.1268 tp=0.4487  [0.2s]
   nu  = 3.0000
  rho=3.59253 (21/21)  [extra 1/50]
    fp=0.1685 tp=0.5385  [0.2s]
   nu  = 3.0000
  rho=3.18250 (22/22)  [extra 2/50]
    fp=0.2102 tp=0.6538  [0.3s]
   nu  = 3.0000
  rho=2.81927 (23/23)  [extra 3/50]
    fp=0.2541 tp=0.7051  [0.3s]
   nu  = 3.0000
  rho=2.49750 (24/24)  [extra 4/50]
    fp=0.2958 tp=0.7436  [0.3s]
   nu  = 3.0000
  rho=2.21245 (25/25)  [extra 5/50]
    fp=0.3339 tp=0.7821  [0.3s]
   nu  = 3.0000
  FPR 0.3339 >= fp_end=0.3; stopping after 25 fits
  grid extended by 5 points down to rho=2.21245, ending at FPR 0.3339
  pilot fit of run_tstar_varlasso at rho=0.30349
  -> rho_max = max|S_ij| (off-diag) = 0.71728
  rho grid: [0.71728085 0.63541529 0.5628933  0.49864848 0.44173613 0.39131937
 0.34665683 0.30709178 0.27204241 0.24099333 0.21348799 0.18912192
 0.16753683 0.14841531 0.1314762  0.1164704  0.10317726 0.0914013
 0.08096938 0.07172809]
Running run_tstar_varlasso over 20 rho values, extending until FPR >= 0.3...
  rho=0.71728 (1/20)
    fp=0.0002 tp=0.0128  [0.1s]
   nu  = 3.0000
  rho=0.63542 (2/20)
    fp=0.0002 tp=0.0128  [0.1s]
   nu  = 3.0000
  rho=0.56289 (3/20)
    fp=0.0004 tp=0.0256  [0.1s]
   nu  = 3.0000
  rho=0.49865 (4/20)
    fp=0.0008 tp=0.0256  [0.1s]
   nu  = 3.0000
  rho=0.44174 (5/20)
    fp=0.0021 tp=0.0769  [0.1s]
   nu  = 3.0000
  rho=0.39132 (6/20)
    fp=0.0037 tp=0.0897  [0.1s]
   nu  = 3.0000
  rho=0.34666 (7/20)
    fp=0.0068 tp=0.1410  [0.1s]
   nu  = 3.0000
  rho=0.30709 (8/20)
    fp=0.0138 tp=0.2051  [0.1s]
   nu  = 3.0000
  rho=0.27204 (9/20)
    fp=0.0226 tp=0.2949  [0.1s]
   nu  = 3.0000
  rho=0.24099 (10/20)
    fp=0.0357 tp=0.3333  [0.1s]
   nu  = 3.0000
  rho=0.21349 (11/20)
    fp=0.0470 tp=0.4487  [0.1s]
   nu  = 3.0000
  rho=0.18912 (12/20)
    fp=0.0653 tp=0.5256  [0.1s]
   nu  = 3.0000
  rho=0.16754 (13/20)
    fp=0.0903 tp=0.6026  [0.1s]
   nu  = 3.0000
  rho=0.14842 (14/20)
    fp=0.1135 tp=0.6667  [0.1s]
   nu  = 3.0000
  rho=0.13148 (15/20)
    fp=0.1402 tp=0.7051  [0.1s]
   nu  = 3.0000
  rho=0.11647 (16/20)
    fp=0.1624 tp=0.7051  [0.1s]
   nu  = 3.0000
  rho=0.10318 (17/20)
    fp=0.1907 tp=0.7564  [0.1s]
   nu  = 3.0000
  rho=0.09140 (18/20)
    fp=0.2161 tp=0.8077  [0.1s]
   nu  = 3.0000
  rho=0.08097 (19/20)
    fp=0.2385 tp=0.8333  [0.1s]
   nu  = 3.0000
  rho=0.07173 (20/20)
    fp=0.2662 tp=0.8462  [0.1s]
   nu  = 3.0000
  rho=0.06354 (21/21)  [extra 1/50]
    fp=0.2931 tp=0.8590  [0.1s]
   nu  = 3.0000
  rho=0.05629 (22/22)  [extra 2/50]
    fp=0.3163 tp=0.8590  [0.1s]
   nu  = 3.0000
  FPR 0.3163 >= fp_end=0.3; stopping after 22 fits
  grid extended by 2 points down to rho=0.05629, ending at FPR 0.3163
  pilot fit of run_em_diagonal at rho=0.30349
  -> rho_max = max|S_ij| (off-diag) = 0.92521
  rho grid: [0.92520505 0.81960843 0.72606389 0.64319588 0.56978587 0.50475438
 0.44714515 0.39611104 0.35090161 0.31085208 0.27537354 0.24394427
 0.21610213 0.1914377  0.1695883  0.15023264 0.13308611 0.11789657
 0.10444065 0.0925205 ]
Running run_em_diagonal over 20 rho values, extending until FPR >= 0.3...
  rho=0.92521 (1/20)
    fp=0.0002 tp=0.0000  [6.8s]
   median nu  = 0.089
   median |eta| = 2.176
  rho=0.81961 (2/20)
    fp=0.0004 tp=0.0256  [6.7s]
   median nu  = 0.105
   median |eta| = 1.904
  rho=0.72606 (3/20)
    fp=0.0008 tp=0.0256  [6.6s]
   median nu  = 0.125
   median |eta| = 1.788
  rho=0.64320 (4/20)
    fp=0.0016 tp=0.0256  [6.5s]
   median nu  = 0.156
   median |eta| = 1.625
  rho=0.56979 (5/20)
    fp=0.0031 tp=0.0641  [6.5s]
   median nu  = 0.193
   median |eta| = 1.421
  rho=0.50475 (6/20)
    fp=0.0041 tp=0.1026  [6.4s]
   median nu  = 0.243
   median |eta| = 1.205
  rho=0.44715 (7/20)
    fp=0.0080 tp=0.1667  [6.4s]
   median nu  = 0.3
   median |eta| = 1.097
  rho=0.39611 (8/20)
    fp=0.0129 tp=0.2179  [6.3s]
   median nu  = 0.359
   median |eta| = 0.875
  rho=0.35090 (9/20)
    fp=0.0199 tp=0.2692  [6.5s]
   median nu  = 0.413
   median |eta| = 0.754
  rho=0.31085 (10/20)
    fp=0.0351 tp=0.3462  [6.1s]
   median nu  = 0.473
   median |eta| = 0.607
  rho=0.27537 (11/20)
    fp=0.0452 tp=0.4615  [6.0s]
   median nu  = 0.517
   median |eta| = 0.494
  rho=0.24394 (12/20)
    fp=0.0624 tp=0.5385  [6.0s]
   median nu  = 0.581
   median |eta| = 0.413
  rho=0.21610 (13/20)
    fp=0.0784 tp=0.6026  [5.9s]
   median nu  = 0.638
   median |eta| = 0.362
  rho=0.19144 (14/20)
    fp=0.0979 tp=0.6410  [5.8s]
   median nu  = 0.671
   median |eta| = 0.305
  rho=0.16959 (15/20)
    fp=0.1184 tp=0.7051  [5.9s]
   median nu  = 0.735
   median |eta| = 0.25
  rho=0.15023 (16/20)
    fp=0.1388 tp=0.7179  [5.7s]
   median nu  = 0.805
   median |eta| = 0.206
  rho=0.13309 (17/20)
    fp=0.1558 tp=0.7436  [5.7s]
   median nu  = 0.878
   median |eta| = 0.149
  rho=0.11790 (18/20)
    fp=0.1790 tp=0.7564  [5.6s]
   median nu  = 0.988
   median |eta| = 0.122
  rho=0.10444 (19/20)
    fp=0.1977 tp=0.7949  [5.6s]
   median nu  = 1.053
   median |eta| = 0.099
  rho=0.09252 (20/20)
    fp=0.2139 tp=0.8205  [5.5s]
   median nu  = 1.135
   median |eta| = 0.077
  rho=0.08196 (21/21)  [extra 1/50]
    fp=0.2282 tp=0.8462  [5.9s]
   median nu  = 1.202
   median |eta| = 0.06
  rho=0.07261 (22/22)  [extra 2/50]
    fp=0.2432 tp=0.8462  [6.1s]
   median nu  = 1.325
   median |eta| = 0.043
  rho=0.06432 (23/23)  [extra 3/50]
    fp=0.2594 tp=0.8590  [5.9s]
   median nu  = 1.417
   median |eta| = 0.028
  rho=0.05698 (24/24)  [extra 4/50]
    fp=0.2759 tp=0.8718  [6.1s]
   median nu  = 1.493
   median |eta| = 0.025
  rho=0.05048 (25/25)  [extra 5/50]
    fp=0.2933 tp=0.8718  [5.3s]
   median nu  = 1.622
   median |eta| = 0.02
  rho=0.04471 (26/26)  [extra 6/50]
    fp=0.3083 tp=0.8718  [5.5s]
   median nu  = 1.727
   median |eta| = 0.016
  FPR 0.3083 >= fp_end=0.3; stopping after 26 fits
  grid extended by 6 points down to rho=0.04471, ending at FPR 0.3083
  pilot fit of run_em_exact at rho=0.30349
  -> rho_max = max|S_ij| (off-diag) = 0.91833
  rho grid: [0.91833232 0.8135201  0.72067044 0.63841801 0.56555332 0.5010049
 0.4438236  0.39316859 0.348295   0.30854297 0.27332797 0.24213217
 0.21449685 0.19001564 0.16832854 0.14911667 0.1320975  0.11702079
 0.10366483 0.09183323]
Running run_em_exact over 20 rho values, extending until FPR >= 0.3...
  rho=0.91833 (1/20)
    fp=0.0002 tp=0.0000  [6.5s]
   median nu  = 0.09
   median |eta| = 2.166
  rho=0.81352 (2/20)
    fp=0.0006 tp=0.0256  [6.6s]
   median nu  = 0.106
   median |eta| = 1.883
  rho=0.72067 (3/20)
    fp=0.0008 tp=0.0256  [6.5s]
   median nu  = 0.126
   median |eta| = 1.75
  rho=0.63842 (4/20)
    fp=0.0016 tp=0.0256  [6.4s]
   median nu  = 0.158
   median |eta| = 1.587
  rho=0.56555 (5/20)
    fp=0.0031 tp=0.0641  [6.3s]
   median nu  = 0.196
   median |eta| = 1.353
  rho=0.50100 (6/20)
    fp=0.0045 tp=0.1154  [6.3s]
   median nu  = 0.247
   median |eta| = 1.092
  rho=0.44382 (7/20)
    fp=0.0088 tp=0.1667  [6.2s]
   median nu  = 0.305
   median |eta| = 0.914
  rho=0.39317 (8/20)
    fp=0.0138 tp=0.2179  [6.2s]
   median nu  = 0.366
   median |eta| = 0.784
  rho=0.34829 (9/20)
    fp=0.0211 tp=0.2692  [6.0s]
   median nu  = 0.424
   median |eta| = 0.611
  rho=0.30854 (10/20)
    fp=0.0355 tp=0.3590  [5.9s]
   median nu  = 0.494
   median |eta| = 0.517
  rho=0.27333 (11/20)
    fp=0.0486 tp=0.4615  [5.8s]
   median nu  = 0.561
   median |eta| = 0.392
  rho=0.24213 (12/20)
    fp=0.0649 tp=0.5385  [5.5s]
   median nu  = 0.629
   median |eta| = 0.287
  rho=0.21450 (13/20)
    fp=0.0798 tp=0.6026  [5.7s]
   median nu  = 0.693
   median |eta| = 0.213
  rho=0.19002 (14/20)
    fp=0.1014 tp=0.6795  [5.3s]
   median nu  = 0.767
   median |eta| = 0.161
  rho=0.16833 (15/20)
    fp=0.1225 tp=0.7051  [5.2s]
   median nu  = 0.839
   median |eta| = 0.117
  rho=0.14912 (16/20)
    fp=0.1398 tp=0.7179  [5.1s]
   median nu  = 0.904
   median |eta| = 0.085
  rho=0.13210 (17/20)
    fp=0.1589 tp=0.7308  [5.1s]
   median nu  = 0.98
   median |eta| = 0.063
  rho=0.11702 (18/20)
    fp=0.1775 tp=0.7821  [5.3s]
   median nu  = 1.078
   median |eta| = 0.044
  rho=0.10366 (19/20)
    fp=0.1981 tp=0.7949  [5.9s]
   median nu  = 1.173
   median |eta| = 0.031
  rho=0.09183 (20/20)
    fp=0.2133 tp=0.8205  [4.1s]
   median nu  = 1.262
   median |eta| = 0.024
  rho=0.08135 (21/21)  [extra 1/50]
    fp=0.2301 tp=0.8205  [2.9s]
   median nu  = 1.352
   median |eta| = 0.019
  rho=0.07207 (22/22)  [extra 2/50]
    fp=0.2445 tp=0.8590  [2.3s]
   median nu  = 1.444
   median |eta| = 0.016
  rho=0.06384 (23/23)  [extra 3/50]
    fp=0.2599 tp=0.8718  [2.0s]
   median nu  = 1.544
   median |eta| = 0.013
  rho=0.05656 (24/24)  [extra 4/50]
    fp=0.2748 tp=0.8718  [1.9s]
   median nu  = 1.649
   median |eta| = 0.01
  rho=0.05010 (25/25)  [extra 5/50]
    fp=0.2919 tp=0.8846  [1.8s]
   median nu  = 1.743
   median |eta| = 0.009
  rho=0.04438 (26/26)  [extra 6/50]
    fp=0.3040 tp=0.8846  [1.6s]
   median nu  = 1.86
   median |eta| = 0.007
  FPR 0.3040 >= fp_end=0.3; stopping after 26 fits
  grid extended by 6 points down to rho=0.04438, ending at FPR 0.3040
  graphical_lasso rho_max = max|S_ij| (off-diag) = 3.12228
  rho grid: [3.12227792 2.76592232 2.45023873 2.17058512 1.92284927 1.70338831
 1.50897514 1.33675096 1.18418328 1.04902865 0.92929964 0.82323569
 0.72927716 0.64604241 0.57230752 0.50698823 0.44912403 0.39786407
 0.35245456 0.31222779]
Running graphical_lasso over 20 rho values, extending until FPR >= 0.3...
  rho=3.12228 (1/20)
    fp=0.0000 tp=0.0000  [0.0s]
  rho=2.76592 (2/20)
    fp=0.0004 tp=0.0000  [0.0s]
  rho=2.45024 (3/20)
    fp=0.0014 tp=0.0000  [0.0s]
  rho=2.17059 (4/20)
    fp=0.0023 tp=0.0000  [5.4s]
  rho=1.92285 (5/20)
    fp=0.0025 tp=0.0000  [5.4s]
  rho=1.70339 (6/20)
    fp=0.0035 tp=0.0000  [0.0s]
  rho=1.50898 (7/20)
    fp=0.0045 tp=0.0128  [0.0s]
  rho=1.33675 (8/20)
    fp=0.0062 tp=0.0128  [5.4s]
  rho=1.18418 (9/20)
    fp=0.0078 tp=0.0385  [5.4s]
  rho=1.04903 (10/20)
    fp=0.0109 tp=0.0385  [5.5s]
  rho=0.92930 (11/20)
    fp=0.0144 tp=0.0513  [5.5s]
  rho=0.82324 (12/20)
    fp=0.0197 tp=0.0897  [5.5s]
  rho=0.72928 (13/20)
    fp=0.0252 tp=0.1154  [5.5s]
  rho=0.64604 (14/20)
    fp=0.0365 tp=0.1795  [5.5s]
  rho=0.57231 (15/20)
    fp=0.0517 tp=0.2179  [5.5s]
  rho=0.50699 (16/20)
    fp=0.0714 tp=0.2564  [5.5s]
  rho=0.44912 (17/20)
    fp=0.0901 tp=0.3590  [5.4s]
  rho=0.39786 (18/20)
    fp=0.1123 tp=0.4359  [0.0s]
  rho=0.35245 (19/20)
    fp=0.1431 tp=0.5128  [0.3s]
  rho=0.31223 (20/20)
    fp=0.1730 tp=0.5897  [0.0s]
  rho=0.27659 (21/21)  [extra 1/50]
    fp=0.2063 tp=0.6410  [0.1s]
  rho=0.24502 (22/22)  [extra 2/50]
    fp=0.2432 tp=0.7051  [0.2s]
  rho=0.21706 (23/23)  [extra 3/50]
    fp=0.2757 tp=0.7436  [0.1s]
  rho=0.19228 (24/24)  [extra 4/50]
    fp=0.3040 tp=0.7821  [0.1s]
  FPR 0.3040 >= fp_end=0.3; stopping after 24 fits
  [note] 12/24 fits hit a glasso ConvergenceWarning (suppressed)
  grid extended by 4 points down to rho=0.19228, ending at FPR 0.3040

(p=100, n=50) over 49 replicates
  t+lasso  (run_em_diagonal):    AUC = 0.196 (SE 0.002)
  ~t+lasso (run_em_exact):       AUC = 0.196 (SE 0.002)
  tlasso   (run_tlasso):         AUC = 0.144 (SE 0.002)
  t*lasso  (run_tstar_varlasso): AUC = 0.192 (SE 0.002)
  glasso   (graphical_lasso):    AUC = 0.143 (SE 0.002)
Replicate 50/50
  Theta: 100/4950 edges
  pilot fit of run_tlasso at rho=30.34854
  -> rho_max = max|S_ij| (off-diag) = 35.64269
  rho grid: [35.64269138 31.57467662 27.97095743 24.77854229 21.95048773 19.44520811
 17.2258641  15.25982094 13.5181686  11.97529663 10.60851759  9.39773343
  8.32513995  7.37496501  6.53323658  5.78757732  5.12702254  4.54185901
  4.02348206  3.56426914]
Running run_tlasso over 20 rho values, extending until FPR >= 0.3...
  rho=35.64269 (1/20)
    fp=0.0004 tp=0.0000  [0.1s]
   nu  = 3.0000
  rho=31.57468 (2/20)
    fp=0.0004 tp=0.0000  [0.1s]
   nu  = 3.0000
  rho=27.97096 (3/20)
    fp=0.0004 tp=0.0000  [0.1s]
   nu  = 3.0000
  rho=24.77854 (4/20)
    fp=0.0004 tp=0.0000  [0.1s]
   nu  = 3.0000
  rho=21.95049 (5/20)
    fp=0.0004 tp=0.0000  [0.1s]
   nu  = 3.0000
  rho=19.44521 (6/20)
    fp=0.0006 tp=0.0000  [0.1s]
   nu  = 3.0000
  rho=17.22586 (7/20)
    fp=0.0012 tp=0.0000  [0.1s]
   nu  = 3.0000
  rho=15.25982 (8/20)
    fp=0.0012 tp=0.0000  [0.1s]
   nu  = 3.0000
  rho=13.51817 (9/20)
    fp=0.0019 tp=0.0200  [0.1s]
   nu  = 3.0000
  rho=11.97530 (10/20)
    fp=0.0027 tp=0.0500  [0.1s]
   nu  = 3.0000
  rho=10.60852 (11/20)
    fp=0.0041 tp=0.0700  [0.1s]
   nu  = 3.0000
  rho=9.39773 (12/20)
    fp=0.0062 tp=0.1000  [0.1s]
   nu  = 3.0000
  rho=8.32514 (13/20)
    fp=0.0091 tp=0.1400  [0.1s]
   nu  = 3.0000
  rho=7.37497 (14/20)
    fp=0.0134 tp=0.1600  [0.1s]
   nu  = 3.0000
  rho=6.53324 (15/20)
    fp=0.0231 tp=0.2300  [0.1s]
   nu  = 3.0000
  rho=5.78758 (16/20)
    fp=0.0322 tp=0.3000  [0.1s]
   nu  = 3.0000
  rho=5.12702 (17/20)
    fp=0.0456 tp=0.3400  [0.1s]
   nu  = 3.0000
  rho=4.54186 (18/20)
    fp=0.0652 tp=0.3700  [0.1s]
   nu  = 3.0000
  rho=4.02348 (19/20)
    fp=0.0936 tp=0.5000  [0.2s]
   nu  = 3.0000
  rho=3.56427 (20/20)
    fp=0.1212 tp=0.6000  [0.3s]
   nu  = 3.0000
  rho=3.15747 (21/21)  [extra 1/50]
    fp=0.1602 tp=0.6400  [0.3s]
   nu  = 3.0000
  rho=2.79710 (22/22)  [extra 2/50]
    fp=0.1953 tp=0.7100  [0.2s]
   nu  = 3.0000
  rho=2.47785 (23/23)  [extra 3/50]
    fp=0.2332 tp=0.7300  [0.3s]
   nu  = 3.0000
  rho=2.19505 (24/24)  [extra 4/50]
    fp=0.2765 tp=0.7600  [0.3s]
   nu  = 3.0000
  rho=1.94452 (25/25)  [extra 5/50]
    fp=0.3171 tp=0.7900  [0.3s]
   nu  = 3.0000
  FPR 0.3171 >= fp_end=0.3; stopping after 25 fits
  grid extended by 5 points down to rho=1.94452, ending at FPR 0.3171
  pilot fit of run_tstar_varlasso at rho=0.30349
  -> rho_max = max|S_ij| (off-diag) = 0.58745
  rho grid: [0.5874507  0.52040307 0.46100779 0.40839149 0.36178046 0.3204893
 0.28391082 0.25150717 0.22280185 0.19737276 0.17484597 0.15489024
 0.13721212 0.12155166 0.10767858 0.09538888 0.08450184 0.07485737
 0.06631366 0.05874507]
Running run_tstar_varlasso over 20 rho values, extending until FPR >= 0.3...
  rho=0.58745 (1/20)
    fp=0.0000 tp=0.0100  [0.1s]
   nu  = 3.0000
  rho=0.52040 (2/20)
    fp=0.0002 tp=0.0100  [0.1s]
   nu  = 3.0000
  rho=0.46101 (3/20)
    fp=0.0006 tp=0.0500  [0.1s]
   nu  = 3.0000
  rho=0.40839 (4/20)
    fp=0.0012 tp=0.0900  [0.1s]
   nu  = 3.0000
  rho=0.36178 (5/20)
    fp=0.0033 tp=0.1600  [0.1s]
   nu  = 3.0000
  rho=0.32049 (6/20)
    fp=0.0068 tp=0.2100  [0.1s]
   nu  = 3.0000
  rho=0.28391 (7/20)
    fp=0.0118 tp=0.2700  [0.1s]
   nu  = 3.0000
  rho=0.25151 (8/20)
    fp=0.0171 tp=0.3500  [0.1s]
   nu  = 3.0000
  rho=0.22280 (9/20)
    fp=0.0272 tp=0.4100  [0.1s]
   nu  = 3.0000
  rho=0.19737 (10/20)
    fp=0.0423 tp=0.5100  [0.1s]
   nu  = 3.0000
  rho=0.17485 (11/20)
    fp=0.0575 tp=0.5800  [0.1s]
   nu  = 3.0000
  rho=0.15489 (12/20)
    fp=0.0771 tp=0.6400  [0.1s]
   nu  = 3.0000
  rho=0.13721 (13/20)
    fp=0.0986 tp=0.6800  [0.1s]
   nu  = 3.0000
  rho=0.12155 (14/20)
    fp=0.1219 tp=0.7100  [0.1s]
   nu  = 3.0000
  rho=0.10768 (15/20)
    fp=0.1416 tp=0.7600  [0.1s]
   nu  = 3.0000
  rho=0.09539 (16/20)
    fp=0.1689 tp=0.7900  [0.1s]
   nu  = 3.0000
  rho=0.08450 (17/20)
    fp=0.1938 tp=0.8200  [0.1s]
   nu  = 3.0000
  rho=0.07486 (18/20)
    fp=0.2214 tp=0.8300  [0.1s]
   nu  = 3.0000
  rho=0.06631 (19/20)
    fp=0.2489 tp=0.8700  [0.1s]
   nu  = 3.0000
  rho=0.05875 (20/20)
    fp=0.2720 tp=0.8800  [0.1s]
   nu  = 3.0000
  rho=0.05204 (21/21)  [extra 1/50]
    fp=0.2957 tp=0.8900  [0.1s]
   nu  = 3.0000
  rho=0.04610 (22/22)  [extra 2/50]
    fp=0.3190 tp=0.9100  [0.1s]
   nu  = 3.0000
  FPR 0.3190 >= fp_end=0.3; stopping after 22 fits
  grid extended by 2 points down to rho=0.04610, ending at FPR 0.3190
  pilot fit of run_em_diagonal at rho=0.30349
  -> rho_max = max|S_ij| (off-diag) = 0.69071
  rho grid: [0.69071192 0.61187875 0.54204307 0.48017795 0.4253737  0.37682444
 0.33381625 0.29571673 0.26196563 0.23206665 0.20558014 0.18211662
 0.16133107 0.14291783 0.12660616 0.1121562  0.09935545 0.08801569
 0.07797018 0.06907119]
Running run_em_diagonal over 20 rho values, extending until FPR >= 0.3...
  rho=0.69071 (1/20)
    fp=0.0002 tp=0.0200  [6.7s]
   median nu  = 0.17
   median |eta| = 2.121
  rho=0.61188 (2/20)
    fp=0.0006 tp=0.0600  [6.6s]
   median nu  = 0.207
   median |eta| = 1.857
  rho=0.54204 (3/20)
    fp=0.0021 tp=0.1000  [6.5s]
   median nu  = 0.242
   median |eta| = 1.732
  rho=0.48018 (4/20)
    fp=0.0041 tp=0.1600  [6.6s]
   median nu  = 0.277
   median |eta| = 1.5
  rho=0.42537 (5/20)
    fp=0.0074 tp=0.1900  [6.4s]
   median nu  = 0.308
   median |eta| = 1.262
  rho=0.37682 (6/20)
    fp=0.0118 tp=0.2600  [6.3s]
   median nu  = 0.327
   median |eta| = 1.075
  rho=0.33382 (7/20)
    fp=0.0186 tp=0.3200  [6.4s]
   median nu  = 0.345
   median |eta| = 0.95
  rho=0.29572 (8/20)
    fp=0.0256 tp=0.3900  [6.3s]
   median nu  = 0.374
   median |eta| = 0.814
  rho=0.26197 (9/20)
    fp=0.0402 tp=0.4900  [6.2s]
   median nu  = 0.404
   median |eta| = 0.611
  rho=0.23207 (10/20)
    fp=0.0548 tp=0.5300  [6.3s]
   median nu  = 0.449
   median |eta| = 0.531
  rho=0.20558 (11/20)
    fp=0.0695 tp=0.6000  [6.2s]
   median nu  = 0.507
   median |eta| = 0.463
  rho=0.18212 (12/20)
    fp=0.0847 tp=0.6800  [6.1s]
   median nu  = 0.58
   median |eta| = 0.41
  rho=0.16133 (13/20)
    fp=0.1010 tp=0.7300  [6.3s]
   median nu  = 0.651
   median |eta| = 0.331
  rho=0.14292 (14/20)
    fp=0.1184 tp=0.7500  [5.9s]
   median nu  = 0.685
   median |eta| = 0.279
  rho=0.12661 (15/20)
    fp=0.1365 tp=0.7600  [6.0s]
   median nu  = 0.734
   median |eta| = 0.248
  rho=0.11216 (16/20)
    fp=0.1526 tp=0.7800  [6.4s]
   median nu  = 0.798
   median |eta| = 0.223
  rho=0.09936 (17/20)
    fp=0.1732 tp=0.8000  [6.4s]
   median nu  = 0.902
   median |eta| = 0.181
  rho=0.08802 (18/20)
    fp=0.1870 tp=0.8200  [6.3s]
   median nu  = 0.987
   median |eta| = 0.144
  rho=0.07797 (19/20)
    fp=0.2037 tp=0.8600  [6.2s]
   median nu  = 1.093
   median |eta| = 0.099
  rho=0.06907 (20/20)
    fp=0.2210 tp=0.8700  [6.1s]
   median nu  = 1.163
   median |eta| = 0.078
  rho=0.06119 (21/21)  [extra 1/50]
    fp=0.2371 tp=0.9100  [6.0s]
   median nu  = 1.273
   median |eta| = 0.057
  rho=0.05420 (22/22)  [extra 2/50]
    fp=0.2526 tp=0.9100  [5.9s]
   median nu  = 1.385
   median |eta| = 0.041
  rho=0.04802 (23/23)  [extra 3/50]
    fp=0.2718 tp=0.9100  [5.9s]
   median nu  = 1.506
   median |eta| = 0.031
  rho=0.04254 (24/24)  [extra 4/50]
    fp=0.2843 tp=0.9100  [5.9s]
   median nu  = 1.586
   median |eta| = 0.026
  rho=0.03768 (25/25)  [extra 5/50]
    fp=0.3008 tp=0.9300  [5.2s]
   median nu  = 1.726
   median |eta| = 0.02
  FPR 0.3008 >= fp_end=0.3; stopping after 25 fits
  grid extended by 5 points down to rho=0.03768, ending at FPR 0.3008
  pilot fit of run_em_exact at rho=0.30349
  -> rho_max = max|S_ij| (off-diag) = 0.71890
  rho grid: [0.71890426 0.63685341 0.56416729 0.49977706 0.4427359  0.39220503
 0.34744141 0.30778681 0.27265811 0.24153877 0.21397117 0.18954996
 0.16791601 0.14875122 0.13177376 0.116734   0.10341078 0.09160817
 0.08115264 0.07189043]
Running run_em_exact over 20 rho values, extending until FPR >= 0.3...
  rho=0.71890 (1/20)
    fp=0.0002 tp=0.0200  [6.7s]
   median nu  = 0.157
   median |eta| = 2.242
  rho=0.63685 (2/20)
    fp=0.0006 tp=0.0400  [6.9s]
   median nu  = 0.194
   median |eta| = 1.957
  rho=0.56417 (3/20)
    fp=0.0012 tp=0.0900  [7.4s]
   median nu  = 0.229
   median |eta| = 1.751
  rho=0.49978 (4/20)
    fp=0.0029 tp=0.1600  [6.7s]
   median nu  = 0.266
   median |eta| = 1.487
  rho=0.44274 (5/20)
    fp=0.0064 tp=0.1800  [6.8s]
   median nu  = 0.298
   median |eta| = 1.263
  rho=0.39221 (6/20)
    fp=0.0099 tp=0.2300  [6.8s]
   median nu  = 0.328
   median |eta| = 1.057
  rho=0.34744 (7/20)
    fp=0.0163 tp=0.3100  [6.5s]
   median nu  = 0.372
   median |eta| = 0.867
  rho=0.30779 (8/20)
    fp=0.0229 tp=0.3700  [6.4s]
   median nu  = 0.411
   median |eta| = 0.704
  rho=0.27266 (9/20)
    fp=0.0359 tp=0.4800  [6.1s]
   median nu  = 0.436
   median |eta| = 0.499
  rho=0.24154 (10/20)
    fp=0.0501 tp=0.5200  [6.0s]
   median nu  = 0.476
   median |eta| = 0.383
  rho=0.21397 (11/20)
    fp=0.0656 tp=0.5900  [5.9s]
   median nu  = 0.535
   median |eta| = 0.323
  rho=0.18955 (12/20)
    fp=0.0827 tp=0.6600  [5.8s]
   median nu  = 0.6
   median |eta| = 0.233
  rho=0.16792 (13/20)
    fp=0.1002 tp=0.7200  [5.6s]
   median nu  = 0.69
   median |eta| = 0.182
  rho=0.14875 (14/20)
    fp=0.1171 tp=0.7500  [5.4s]
   median nu  = 0.782
   median |eta| = 0.145
  rho=0.13177 (15/20)
    fp=0.1330 tp=0.7600  [5.2s]
   median nu  = 0.868
   median |eta| = 0.109
  rho=0.11673 (16/20)
    fp=0.1509 tp=0.7800  [5.7s]
   median nu  = 0.954
   median |eta| = 0.079
  rho=0.10341 (17/20)
    fp=0.1709 tp=0.7900  [5.7s]
   median nu  = 1.051
   median |eta| = 0.059
  rho=0.09161 (18/20)
    fp=0.1885 tp=0.8200  [4.9s]
   median nu  = 1.148
   median |eta| = 0.047
  rho=0.08115 (19/20)
    fp=0.2029 tp=0.8200  [3.5s]
   median nu  = 1.238
   median |eta| = 0.034
  rho=0.07189 (20/20)
    fp=0.2221 tp=0.8600  [2.8s]
   median nu  = 1.332
   median |eta| = 0.027
  rho=0.06369 (21/21)  [extra 1/50]
    fp=0.2390 tp=0.8900  [2.1s]
   median nu  = 1.433
   median |eta| = 0.021
  rho=0.05642 (22/22)  [extra 2/50]
    fp=0.2581 tp=0.8900  [2.0s]
   median nu  = 1.534
   median |eta| = 0.016
  rho=0.04998 (23/23)  [extra 3/50]
    fp=0.2742 tp=0.9000  [2.0s]
   median nu  = 1.648
   median |eta| = 0.012
  rho=0.04427 (24/24)  [extra 4/50]
    fp=0.2872 tp=0.9100  [1.8s]
   median nu  = 1.781
   median |eta| = 0.01
  rho=0.03922 (25/25)  [extra 5/50]
    fp=0.3002 tp=0.9100  [1.7s]
   median nu  = 1.893
   median |eta| = 0.008
  FPR 0.3002 >= fp_end=0.3; stopping after 25 fits
  grid extended by 5 points down to rho=0.03922, ending at FPR 0.3002
  graphical_lasso rho_max = max|S_ij| (off-diag) = 2.84828
  rho grid: [2.84827737 2.52319434 2.23521407 1.98010191 1.75410653 1.55390472
 1.37655258 1.21944222 1.08026337 0.95696944 0.84774745 0.75099131
 0.66527826 0.58934792 0.52208375 0.46249665 0.40971043 0.36294886
 0.32152434 0.28482774]
Running graphical_lasso over 20 rho values, extending until FPR >= 0.3...
  rho=2.84828 (1/20)
    fp=0.0000 tp=0.0000  [0.0s]
  rho=2.52319 (2/20)
    fp=0.0002 tp=0.0000  [0.0s]
  rho=2.23521 (3/20)
    fp=0.0002 tp=0.0000  [5.5s]
  rho=1.98010 (4/20)
    fp=0.0004 tp=0.0000  [0.0s]
  rho=1.75411 (5/20)
    fp=0.0004 tp=0.0000  [0.0s]
  rho=1.55390 (6/20)
    fp=0.0006 tp=0.0000  [5.5s]
  rho=1.37655 (7/20)
    fp=0.0008 tp=0.0000  [5.5s]
  rho=1.21944 (8/20)
    fp=0.0014 tp=0.0000  [0.0s]
  rho=1.08026 (9/20)
    fp=0.0019 tp=0.0000  [0.0s]
  rho=0.95697 (10/20)
    fp=0.0029 tp=0.0500  [0.0s]
  rho=0.84775 (11/20)
    fp=0.0054 tp=0.0600  [0.0s]
  rho=0.75099 (12/20)
    fp=0.0099 tp=0.1000  [5.4s]
  rho=0.66528 (13/20)
    fp=0.0163 tp=0.1600  [5.5s]
  rho=0.58935 (14/20)
    fp=0.0249 tp=0.2200  [5.6s]
  rho=0.52208 (15/20)
    fp=0.0386 tp=0.2700  [0.4s]
  rho=0.46250 (16/20)
    fp=0.0536 tp=0.3200  [0.0s]
  rho=0.40971 (17/20)
    fp=0.0705 tp=0.3900  [0.1s]
  rho=0.36295 (18/20)
    fp=0.0930 tp=0.4700  [0.1s]
  rho=0.32152 (19/20)
    fp=0.1173 tp=0.5700  [0.0s]
  rho=0.28483 (20/20)
    fp=0.1439 tp=0.6300  [0.1s]
  rho=0.25232 (21/21)  [extra 1/50]
    fp=0.1728 tp=0.6600  [0.0s]
  rho=0.22352 (22/22)  [extra 2/50]
    fp=0.2023 tp=0.7200  [0.0s]
  rho=0.19801 (23/23)  [extra 3/50]
    fp=0.2390 tp=0.7200  [0.0s]
  rho=0.17541 (24/24)  [extra 4/50]
    fp=0.2757 tp=0.7500  [0.1s]
  rho=0.15539 (25/25)  [extra 5/50]
    fp=0.3095 tp=0.7700  [0.3s]
  FPR 0.3095 >= fp_end=0.3; stopping after 25 fits
  [note] 6/25 fits hit a glasso ConvergenceWarning (suppressed)
  grid extended by 5 points down to rho=0.15539, ending at FPR 0.3095

(p=100, n=50) over 50 replicates
  t+lasso  (run_em_diagonal):    AUC = 0.196 (SE 0.002)
  ~t+lasso (run_em_exact):       AUC = 0.196 (SE 0.002)
  tlasso   (run_tlasso):         AUC = 0.145 (SE 0.002)
  t*lasso  (run_tstar_varlasso): AUC = 0.192 (SE 0.002)
  glasso   (graphical_lasso):    AUC = 0.144 (SE 0.002)
