==============================================================================
ROC run: contaminated_normal_fixed_nu
==============================================================================
  started : 2026-08-18 02:59:39
  outputs : results\simulations\roc\contaminated_normal_fixed_nu/   (per-replicate figures, JSON, this log)
  commit  : 38604bb (dirty working tree)

[design]
  replicates       : 50
  p, n             : 100, 50
  rho grid         : 20 points, min_ratio 0.01, rebuilt per method and replicate off that method's own converged S_tau
  theoretical rho  : sqrt(log p / n) = 0.30349  (pilot only; not a point on the curve)
  FP_end, max_extra: 0.3, 50

[true parameters]  simulate_aat_data
  mu_true : all 0   (length 100)
  eta_true: min -2.6   median 0.14   max 2.6   (length 100)
            [-2.6000,  0.7500,  0.4200, -0.1400, -2.6000,  0.7500, -0.4200,
             -0.1400,  2.6000,  0.7500,  0.4200, -0.1400,  2.6000, -0.7500,
              0.4200,  0.1400,  2.6000, -0.7500, -0.4200,  0.1400,  2.6000,
             -0.7500, -0.4200,  0.1400, -2.6000, -0.7500, -0.4200,  0.1400,
             -2.6000,  0.7500,  0.4200,  0.1400,  2.6000, -0.7500,  0.4200,
             -0.1400,  2.6000, -0.7500,  0.4200, -0.1400, -2.6000,  0.7500,
             -0.4200,  0.1400,  2.6000, -0.7500, -0.4200,  0.1400,  2.6000,
             -0.7500,  0.4200,  0.1400, -2.6000, -0.7500,  0.4200, -0.1400,
             -2.6000,  0.7500,  0.4200,  0.1400, -2.6000,  0.7500,  0.4200,
              0.1400,  2.6000, -0.7500, -0.4200,  0.1400, -2.6000, -0.7500,
             -0.4200,  0.1400,  2.6000,  0.7500, -0.4200,  0.1400,  2.6000,
             -0.7500, -0.4200,  0.1400,  2.6000,  0.7500,  0.4200,  0.1400,
             -2.6000, -0.7500,  0.4200,  0.1400, -2.6000, -0.7500,  0.4200,
             -0.1400,  2.6000,  0.7500, -0.4200,  0.1400, -2.6000,  0.7500,
              0.4200, -0.1400]
  nu_true : min 0.15   median 0.775   max 1.85   (length 100)
            [0.1500, 0.5500, 1.0000, 1.8500, 0.1500, 0.5500, 1.0000, 1.8500,
             0.1500, 0.5500, 1.0000, 1.8500, 0.1500, 0.5500, 1.0000, 1.8500,
             0.1500, 0.5500, 1.0000, 1.8500, 0.1500, 0.5500, 1.0000, 1.8500,
             0.1500, 0.5500, 1.0000, 1.8500, 0.1500, 0.5500, 1.0000, 1.8500,
             0.1500, 0.5500, 1.0000, 1.8500, 0.1500, 0.5500, 1.0000, 1.8500,
             0.1500, 0.5500, 1.0000, 1.8500, 0.1500, 0.5500, 1.0000, 1.8500,
             0.1500, 0.5500, 1.0000, 1.8500, 0.1500, 0.5500, 1.0000, 1.8500,
             0.1500, 0.5500, 1.0000, 1.8500, 0.1500, 0.5500, 1.0000, 1.8500,
             0.1500, 0.5500, 1.0000, 1.8500, 0.1500, 0.5500, 1.0000, 1.8500,
             0.1500, 0.5500, 1.0000, 1.8500, 0.1500, 0.5500, 1.0000, 1.8500,
             0.1500, 0.5500, 1.0000, 1.8500, 0.1500, 0.5500, 1.0000, 1.8500,
             0.1500, 0.5500, 1.0000, 1.8500, 0.1500, 0.5500, 1.0000, 1.8500,
             0.1500, 0.5500, 1.0000, 1.8500]
  Theta   : REDRAWN EVERY REPLICATE -- make_true_theta(p=100), prob=0.01, min_eig=0.6
            (~1% of the 4950 pairs are edges; the exact count is logged per replicate)
            NOTE: this is the SUPPORT of Theta, which is the target of the ROC curves;
            it is not the conditional independence graph of Y in this model.
  rng     : entropy 20260814
            (np.random.default_rng(20260814) replays the same draws)

[methods]  nu treatment for this run
  tlasso    (run_tlasso)
      nu   : FIXED at nu = 3, not estimated
      args : n_iter=200, verbose=False, tol=1e-05
  t*lasso   (run_tstar_varlasso)
      nu   : FIXED at nu = 3, not estimated
      args : n_iter=200, verbose=False, tol=1e-05
  t+lasso   (run_em_diagonal)
      nu   : ESTIMATED per coordinate (nu_j), bracket [0.0001, 100], nu_j = 0 meaning that coordinate went Gaussian
      args : n_iter=200, verbose=False, tol=1e-05
  glasso    (graphical_lasso)
      nu   : not a parameter of this model
      args : max_iter=2000, verbose=False
  ~t+lasso  (run_em_exact)
      nu   : ESTIMATED per coordinate (nu_j), bracket [0.0001, 100], nu_j = 0 meaning that coordinate went Gaussian
      args : n_iter=200, verbose=False, tol=1e-05
  Reading the per-rho nu lines below: tlasso and t*lasso print a scalar `nu`,
  run_em_diagonal a `median nu`/`median eta` over coordinates. The two nu's are NOT
  comparable -- tau ~ Gamma(nu/2, nu/2) for the t models, so small nu is the heavy
  tail, while EM_algorithm's tau_j ~ Inv-Gamma(2/nu_j, 2/nu_j) puts the heavy tail at
  large nu_j.
==============================================================================

[parallel] 10 worker processes, 1 BLAS thread each; data pre-drawn serially, so the numbers match a serial run

Replicate 1/50
  Theta: 84/4950 edges
  pilot fit of run_tlasso at rho=30.34854
  -> rho_max = max|S_ij| (off-diag) = 13.78147
  [warn] pilot rho 30.34854 > rho_max 13.78147: it falls off the top of this method's grid
  rho grid: [13.78147365 12.20854983 10.81514885  9.5807812   8.48729589  7.51861357
  6.66049007  5.90030697  5.22688599  4.63032472  4.1018509   3.63369349
  3.21896839  2.85157719  2.52611754  2.23780363  1.98239592  1.75613871
  1.55570497  1.37814737]
Running run_tlasso over 20 rho values, extending until FPR >= 0.3...
  rho=13.78147 (1/20)
    fp=0.0000 tp=0.0000  [0.2s]
   nu  = 3.0000
  rho=12.20855 (2/20)
    fp=0.0000 tp=0.0000  [0.1s]
   nu  = 3.0000
  rho=10.81515 (3/20)
    fp=0.0000 tp=0.0000  [0.1s]
   nu  = 3.0000
  rho=9.58078 (4/20)
    fp=0.0002 tp=0.0000  [0.2s]
   nu  = 3.0000
  rho=8.48730 (5/20)
    fp=0.0004 tp=0.0119  [0.2s]
   nu  = 3.0000
  rho=7.51861 (6/20)
    fp=0.0008 tp=0.0357  [0.3s]
   nu  = 3.0000
  rho=6.66049 (7/20)
    fp=0.0012 tp=0.0357  [0.2s]
   nu  = 3.0000
  rho=5.90031 (8/20)
    fp=0.0021 tp=0.0476  [0.3s]
   nu  = 3.0000
  rho=5.22689 (9/20)
    fp=0.0031 tp=0.0595  [0.3s]
   nu  = 3.0000
  rho=4.63032 (10/20)
    fp=0.0053 tp=0.0833  [0.4s]
   nu  = 3.0000
  rho=4.10185 (11/20)
    fp=0.0084 tp=0.1071  [0.3s]
   nu  = 3.0000
  rho=3.63369 (12/20)
    fp=0.0138 tp=0.1429  [0.4s]
   nu  = 3.0000
  rho=3.21897 (13/20)
    fp=0.0224 tp=0.1905  [0.5s]
   nu  = 3.0000
  rho=2.85158 (14/20)
    fp=0.0356 tp=0.2024  [0.4s]
   nu  = 3.0000
  rho=2.52612 (15/20)
    fp=0.0528 tp=0.2619  [0.4s]
   nu  = 3.0000
  rho=2.23780 (16/20)
    fp=0.0754 tp=0.3810  [0.5s]
   nu  = 3.0000
  rho=1.98240 (17/20)
    fp=0.1136 tp=0.4643  [1.0s]
   nu  = 3.0000
  rho=1.75614 (18/20)
    fp=0.1630 tp=0.5714  [1.1s]
   nu  = 3.0000
  rho=1.55570 (19/20)
    fp=0.2141 tp=0.6548  [1.0s]
   nu  = 3.0000
  rho=1.37815 (20/20)
    fp=0.2594 tp=0.7262  [0.9s]
   nu  = 3.0000
  rho=1.22085 (21/21)  [extra 1/50]
    fp=0.3056 tp=0.7500  [1.1s]
   nu  = 3.0000
  FPR 0.3056 >= fp_end=0.3; stopping after 21 fits
  grid extended by 1 points down to rho=1.22085, ending at FPR 0.3056
  pilot fit of run_tstar_varlasso at rho=0.30349
  -> rho_max = max|S_ij| (off-diag) = 0.45379
  rho grid: [0.45378538 0.4019934  0.3561126  0.31546833 0.27946291 0.24756691
 0.21931131 0.1942806  0.17210674 0.15246364 0.13506248 0.11964736
 0.10599163 0.09389446 0.08317798 0.07368461 0.06527475 0.05782474
 0.05122501 0.04537854]
Running run_tstar_varlasso over 20 rho values, extending until FPR >= 0.3...
  rho=0.45379 (1/20)
    fp=0.0000 tp=0.0119  [0.2s]
   nu  = 3.0000
  rho=0.40199 (2/20)
    fp=0.0000 tp=0.0119  [0.2s]
   nu  = 3.0000
  rho=0.35611 (3/20)
    fp=0.0002 tp=0.0357  [0.2s]
   nu  = 3.0000
  rho=0.31547 (4/20)
    fp=0.0008 tp=0.0476  [0.3s]
   nu  = 3.0000
  rho=0.27946 (5/20)
    fp=0.0033 tp=0.0595  [0.2s]
   nu  = 3.0000
  rho=0.24757 (6/20)
    fp=0.0058 tp=0.1190  [0.2s]
   nu  = 3.0000
  rho=0.21931 (7/20)
    fp=0.0082 tp=0.1548  [0.2s]
   nu  = 3.0000
  rho=0.19428 (8/20)
    fp=0.0148 tp=0.2024  [0.2s]
   nu  = 3.0000
  rho=0.17211 (9/20)
    fp=0.0257 tp=0.2500  [0.2s]
   nu  = 3.0000
  rho=0.15246 (10/20)
    fp=0.0374 tp=0.3333  [0.3s]
   nu  = 3.0000
  rho=0.13506 (11/20)
    fp=0.0534 tp=0.4167  [0.2s]
   nu  = 3.0000
  rho=0.11965 (12/20)
    fp=0.0744 tp=0.5238  [0.3s]
   nu  = 3.0000
  rho=0.10599 (13/20)
    fp=0.0962 tp=0.5714  [0.2s]
   nu  = 3.0000
  rho=0.09389 (14/20)
    fp=0.1225 tp=0.6071  [0.4s]
   nu  = 3.0000
  rho=0.08318 (15/20)
    fp=0.1488 tp=0.7143  [0.2s]
   nu  = 3.0000
  rho=0.07368 (16/20)
    fp=0.1769 tp=0.7381  [0.2s]
   nu  = 3.0000
  rho=0.06527 (17/20)
    fp=0.2051 tp=0.7738  [0.4s]
   nu  = 3.0000
  rho=0.05782 (18/20)
    fp=0.2287 tp=0.8214  [0.4s]
   nu  = 3.0000
  rho=0.05123 (19/20)
    fp=0.2546 tp=0.8333  [0.3s]
   nu  = 3.0000
  rho=0.04538 (20/20)
    fp=0.2789 tp=0.8690  [0.5s]
   nu  = 3.0000
  rho=0.04020 (21/21)  [extra 1/50]
    fp=0.3025 tp=0.8690  [0.3s]
   nu  = 3.0000
  FPR 0.3025 >= fp_end=0.3; stopping after 21 fits
  grid extended by 1 points down to rho=0.04020, ending at FPR 0.3025
  pilot fit of run_em_diagonal at rho=0.30349
  -> rho_max = max|S_ij| (off-diag) = 0.59140
  rho grid: [0.59139672 0.52389872 0.46410448 0.41113474 0.36421061 0.32264209
 0.28581791 0.2531966  0.22429846 0.19869855 0.17602045 0.15593067
 0.1381338  0.12236815 0.10840188 0.09602962 0.08506946 0.07536021
 0.0667591  0.05913967]
Running run_em_diagonal over 20 rho values, extending until FPR >= 0.3...
  rho=0.59140 (1/20)
    fp=0.0002 tp=0.0119  [19.4s]
   median nu  = 0.038
   median |eta| = 4.254
  rho=0.52390 (2/20)
    fp=0.0002 tp=0.0238  [19.8s]
   median nu  = 0.04
   median |eta| = 3.99
  rho=0.46410 (3/20)
    fp=0.0008 tp=0.0357  [18.3s]
   median nu  = 0.043
   median |eta| = 3.801
  rho=0.41113 (4/20)
    fp=0.0021 tp=0.0476  [18.6s]
   median nu  = 0.046
   median |eta| = 3.535
  rho=0.36421 (5/20)
    fp=0.0039 tp=0.0714  [27.4s]
   median nu  = 0.05
   median |eta| = 3.257
  rho=0.32264 (6/20)
    fp=0.0072 tp=0.1190  [27.9s]
   median nu  = 0.054
   median |eta| = 3.029
  rho=0.28582 (7/20)
    fp=0.0125 tp=0.1548  [27.4s]
   median nu  = 0.061
   median |eta| = 2.953
  rho=0.25320 (8/20)
    fp=0.0208 tp=0.2143  [39.8s]
   median nu  = 0.068
   median |eta| = 2.927
  rho=0.22430 (9/20)
    fp=0.0314 tp=0.2500  [23.3s]
   median nu  = 0.079
   median |eta| = 2.938
  rho=0.19870 (10/20)
    fp=0.0462 tp=0.3571  [38.8s]
   median nu  = 0.091
   median |eta| = 2.809
  rho=0.17602 (11/20)
    fp=0.0623 tp=0.4167  [34.5s]
   median nu  = 0.105
   median |eta| = 2.511
  rho=0.15593 (12/20)
    fp=0.0818 tp=0.4762  [18.5s]
   median nu  = 0.124
   median |eta| = 2.494
  rho=0.13813 (13/20)
    fp=0.1042 tp=0.5476  [20.6s]
   median nu  = 0.146
   median |eta| = 2.445
  rho=0.12237 (14/20)
    fp=0.1225 tp=0.6190  [19.8s]
   median nu  = 0.175
   median |eta| = 2.38
  rho=0.10840 (15/20)
    fp=0.1404 tp=0.6548  [19.9s]
   median nu  = 0.211
   median |eta| = 2.414
  rho=0.09603 (16/20)
    fp=0.1632 tp=0.7024  [20.1s]
   median nu  = 0.244
   median |eta| = 2.045
  rho=0.08507 (17/20)
    fp=0.1786 tp=0.7976  [18.9s]
   median nu  = 0.269
   median |eta| = 1.821
  rho=0.07536 (18/20)
    fp=0.1934 tp=0.8214  [17.1s]
   median nu  = 0.319
   median |eta| = 1.702
  rho=0.06676 (19/20)
    fp=0.2121 tp=0.8571  [17.2s]
   median nu  = 0.341
   median |eta| = 1.618
  rho=0.05914 (20/20)
    fp=0.2259 tp=0.8929  [16.4s]
   median nu  = 0.361
   median |eta| = 1.449
  rho=0.05239 (21/21)  [extra 1/50]
    fp=0.2402 tp=0.9048  [17.2s]
   median nu  = 0.374
   median |eta| = 1.092
  rho=0.04641 (22/22)  [extra 2/50]
    fp=0.2491 tp=0.9048  [17.3s]
   median nu  = 0.418
   median |eta| = 0.984
  rho=0.04111 (23/23)  [extra 3/50]
    fp=0.2602 tp=0.9167  [17.8s]
   median nu  = 0.396
   median |eta| = 1.347
  rho=0.03642 (24/24)  [extra 4/50]
    fp=0.2729 tp=0.9048  [17.8s]
   median nu  = 0.46
   median |eta| = 0.793
  rho=0.03226 (25/25)  [extra 5/50]
    fp=0.2887 tp=0.9167  [18.3s]
   median nu  = 0.69
   median |eta| = 0.279
  rho=0.02858 (26/26)  [extra 6/50]
    fp=0.3023 tp=0.8929  [17.1s]
   median nu  = 0.625
   median |eta| = 0.363
  FPR 0.3023 >= fp_end=0.3; stopping after 26 fits
  grid extended by 6 points down to rho=0.02858, ending at FPR 0.3023
  pilot fit of run_em_exact at rho=0.30349
  -> rho_max = max|S_ij| (off-diag) = 0.60199
  rho grid: [0.60199044 0.53328334 0.472418   0.41849942 0.37073474 0.32842159
 0.29093778 0.25773212 0.22831632 0.20225785 0.17917351 0.15872386
 0.1406082  0.12456013 0.11034369 0.09774981 0.08659331 0.07671014
 0.06795496 0.06019904]
Running run_em_exact over 20 rho values, extending until FPR >= 0.3...
  rho=0.60199 (1/20)
    fp=0.0002 tp=0.0119  [18.3s]
   median nu  = 0.037
   median |eta| = 4.189
  rho=0.53328 (2/20)
    fp=0.0002 tp=0.0238  [19.0s]
   median nu  = 0.039
   median |eta| = 4.081
  rho=0.47242 (3/20)
    fp=0.0008 tp=0.0357  [18.8s]
   median nu  = 0.042
   median |eta| = 3.891
  rho=0.41850 (4/20)
    fp=0.0016 tp=0.0476  [19.2s]
   median nu  = 0.046
   median |eta| = 3.515
  rho=0.37073 (5/20)
    fp=0.0039 tp=0.0595  [19.6s]
   median nu  = 0.049
   median |eta| = 3.206
  rho=0.32842 (6/20)
    fp=0.0064 tp=0.1190  [18.3s]
   median nu  = 0.053
   median |eta| = 2.945
  rho=0.29094 (7/20)
    fp=0.0117 tp=0.1548  [31.6s]
   median nu  = 0.06
   median |eta| = 2.749
  rho=0.25773 (8/20)
    fp=0.0214 tp=0.2024  [30.9s]
   median nu  = 0.068
   median |eta| = 2.409
  rho=0.22832 (9/20)
    fp=0.0325 tp=0.2500  [31.4s]
   median nu  = 0.078
   median |eta| = 2.169
  rho=0.20226 (10/20)
    fp=0.0456 tp=0.3214  [30.8s]
   median nu  = 0.093
   median |eta| = 1.946
  rho=0.17917 (11/20)
    fp=0.0651 tp=0.4167  [32.0s]
   median nu  = 0.114
   median |eta| = 1.576
  rho=0.15872 (12/20)
    fp=0.0863 tp=0.4762  [30.6s]
   median nu  = 0.146
   median |eta| = 1.17
  rho=0.14061 (13/20)
    fp=0.1118 tp=0.5476  [33.4s]
   median nu  = 0.193
   median |eta| = 0.904
  rho=0.12456 (14/20)
    fp=0.1328 tp=0.6190  [31.3s]
   median nu  = 0.257
   median |eta| = 0.632
  rho=0.11034 (15/20)
    fp=0.1576 tp=0.6786  [29.3s]
   median nu  = 0.335
   median |eta| = 0.476
  rho=0.09775 (16/20)
    fp=0.1798 tp=0.7143  [31.3s]
   median nu  = 0.43
   median |eta| = 0.354
  rho=0.08659 (17/20)
    fp=0.2014 tp=0.7976  [82.5s]
   median nu  = 0.497
   median |eta| = 0.237
  rho=0.07671 (18/20)
    fp=0.2226 tp=0.8333  [93.6s]
   median nu  = 0.599
   median |eta| = 0.158
  rho=0.06795 (19/20)
    fp=0.2435 tp=0.8452  [80.0s]
   median nu  = 0.707
   median |eta| = 0.113
  rho=0.06020 (20/20)
    fp=0.2604 tp=0.8810  [74.7s]
   median nu  = 0.808
   median |eta| = 0.082
  rho=0.05333 (21/21)  [extra 1/50]
    fp=0.2750 tp=0.8929  [65.2s]
   median nu  = 0.902
   median |eta| = 0.06
  rho=0.04724 (22/22)  [extra 2/50]
    fp=0.2898 tp=0.8929  [53.7s]
   median nu  = 0.997
   median |eta| = 0.042
  rho=0.04185 (23/23)  [extra 3/50]
    fp=0.3029 tp=0.9048  [41.0s]
   median nu  = 1.117
   median |eta| = 0.032
  FPR 0.3029 >= fp_end=0.3; stopping after 23 fits
  grid extended by 3 points down to rho=0.04185, ending at FPR 0.3029
  graphical_lasso rho_max = max|S_ij| (off-diag) = 0.67024
  rho grid: [0.67023999 0.59374335 0.52597752 0.46594601 0.4127661  0.36565578
 0.32392231 0.28695202 0.25420126 0.22518846 0.19948698 0.17671889
 0.15654939 0.13868191 0.1228537  0.10883201 0.09641066 0.08540701
 0.07565923 0.067024  ]
Running graphical_lasso over 20 rho values, extending until FPR >= 0.3...
  rho=0.67024 (1/20)
    fp=0.0000 tp=0.0000  [0.0s]
  rho=0.59374 (2/20)
    fp=0.0004 tp=0.0119  [0.0s]
  rho=0.52598 (3/20)
    fp=0.0010 tp=0.0357  [38.5s]
  rho=0.46595 (4/20)
    fp=0.0021 tp=0.0476  [35.7s]
  rho=0.41277 (5/20)
    fp=0.0041 tp=0.0476  [38.3s]
  rho=0.36566 (6/20)
    fp=0.0078 tp=0.0952  [39.7s]
  rho=0.32392 (7/20)
    fp=0.0150 tp=0.1548  [34.8s]
  rho=0.28695 (8/20)
    fp=0.0284 tp=0.2143  [34.1s]
  rho=0.25420 (9/20)
    fp=0.0452 tp=0.2500  [35.6s]
  rho=0.22519 (10/20)
    fp=0.0660 tp=0.3571  [39.5s]
  rho=0.19949 (11/20)
    fp=0.0945 tp=0.4286  [38.9s]
  rho=0.17672 (12/20)
    fp=0.1286 tp=0.5000  [0.1s]
  rho=0.15655 (13/20)
    fp=0.1638 tp=0.5833  [0.2s]
  rho=0.13868 (14/20)
    fp=0.1942 tp=0.6310  [0.1s]
  rho=0.12285 (15/20)
    fp=0.2318 tp=0.6667  [36.7s]
  rho=0.10883 (16/20)
    fp=0.2667 tp=0.7381  [0.1s]
  rho=0.09641 (17/20)
    fp=0.2998 tp=0.7500  [1.1s]
  rho=0.08541 (18/20)
    fp=0.3335 tp=0.7738  [0.1s]
  FPR 0.3335 >= fp_end=0.3; stopping after 18 fits
  [note] 10/18 fits hit a glasso ConvergenceWarning (suppressed)
  grid stopped 2 points early at rho=0.08541, ending at FPR 0.3335

(p=100, n=50) over 1 replicates
  t+lasso  (run_em_diagonal):    AUC = 0.192 (SE 0.000)
  ~t+lasso (run_em_exact):       AUC = 0.184 (SE 0.000)
  tlasso   (run_tlasso):         AUC = 0.151 (SE 0.000)
  t*lasso  (run_tstar_varlasso): AUC = 0.189 (SE 0.000)
  glasso   (graphical_lasso):    AUC = 0.152 (SE 0.000)
Replicate 2/50
  Theta: 113/4950 edges
  pilot fit of run_tlasso at rho=30.34854
  -> rho_max = max|S_ij| (off-diag) = 16.74584
  [warn] pilot rho 30.34854 > rho_max 16.74584: it falls off the top of this method's grid
  rho grid: [16.74584302 14.83458621 13.14146727 11.64158943 10.31289746  9.13585338
  8.09314911  7.16945203  6.35117945  5.62629896  4.9841514   4.4152942
  3.91136251  3.46494615  3.06948072  2.71915104  2.4088056   2.13388089
  1.89033421  1.6745843 ]
Running run_tlasso over 20 rho values, extending until FPR >= 0.3...
  rho=16.74584 (1/20)
    fp=0.0000 tp=0.0000  [0.2s]
   nu  = 3.0000
  rho=14.83459 (2/20)
    fp=0.0000 tp=0.0000  [0.1s]
   nu  = 3.0000
  rho=13.14147 (3/20)
    fp=0.0000 tp=0.0088  [0.1s]
   nu  = 3.0000
  rho=11.64159 (4/20)
    fp=0.0000 tp=0.0088  [0.2s]
   nu  = 3.0000
  rho=10.31290 (5/20)
    fp=0.0000 tp=0.0088  [0.2s]
   nu  = 3.0000
  rho=9.13585 (6/20)
    fp=0.0000 tp=0.0088  [0.2s]
   nu  = 3.0000
  rho=8.09315 (7/20)
    fp=0.0000 tp=0.0088  [0.2s]
   nu  = 3.0000
  rho=7.16945 (8/20)
    fp=0.0002 tp=0.0177  [0.2s]
   nu  = 3.0000
  rho=6.35118 (9/20)
    fp=0.0010 tp=0.0265  [0.3s]
   nu  = 3.0000
  rho=5.62630 (10/20)
    fp=0.0014 tp=0.0354  [0.3s]
   nu  = 3.0000
  rho=4.98415 (11/20)
    fp=0.0025 tp=0.0708  [0.2s]
   nu  = 3.0000
  rho=4.41529 (12/20)
    fp=0.0052 tp=0.0973  [0.3s]
   nu  = 3.0000
  rho=3.91136 (13/20)
    fp=0.0081 tp=0.1239  [0.4s]
   nu  = 3.0000
  rho=3.46495 (14/20)
    fp=0.0110 tp=0.1327  [0.4s]
   nu  = 3.0000
  rho=3.06948 (15/20)
    fp=0.0172 tp=0.1858  [0.4s]
   nu  = 3.0000
  rho=2.71915 (16/20)
    fp=0.0260 tp=0.2301  [0.4s]
   nu  = 3.0000
  rho=2.40881 (17/20)
    fp=0.0432 tp=0.2920  [0.4s]
   nu  = 3.0000
  rho=2.13388 (18/20)
    fp=0.0662 tp=0.4159  [0.6s]
   nu  = 3.0000
  rho=1.89033 (19/20)
    fp=0.0978 tp=0.4779  [0.5s]
   nu  = 3.0000
  rho=1.67458 (20/20)
    fp=0.1387 tp=0.6195  [0.9s]
   nu  = 3.0000
  rho=1.48346 (21/21)  [extra 1/50]
    fp=0.1879 tp=0.7168  [0.9s]
   nu  = 3.0000
  rho=1.31415 (22/22)  [extra 2/50]
    fp=0.2334 tp=0.7522  [0.9s]
   nu  = 3.0000
  rho=1.16416 (23/23)  [extra 3/50]
    fp=0.2748 tp=0.7699  [0.9s]
   nu  = 3.0000
  rho=1.03129 (24/24)  [extra 4/50]
    fp=0.3140 tp=0.7876  [0.6s]
   nu  = 3.0000
  FPR 0.3140 >= fp_end=0.3; stopping after 24 fits
  grid extended by 4 points down to rho=1.03129, ending at FPR 0.3140
  pilot fit of run_tstar_varlasso at rho=0.30349
  -> rho_max = max|S_ij| (off-diag) = 0.50469
  rho grid: [0.50468627 0.4470848  0.39605758 0.35085426 0.31081013 0.27533638
 0.24391135 0.21607297 0.19141187 0.16956541 0.15021237 0.13306815
 0.11788065 0.10442656 0.09250802 0.08194978 0.07259659 0.06431091
 0.0569709  0.05046863]
Running run_tstar_varlasso over 20 rho values, extending until FPR >= 0.3...
  rho=0.50469 (1/20)
    fp=0.0000 tp=0.0088  [0.1s]
   nu  = 3.0000
  rho=0.44708 (2/20)
    fp=0.0000 tp=0.0088  [0.2s]
   nu  = 3.0000
  rho=0.39606 (3/20)
    fp=0.0000 tp=0.0088  [0.2s]
   nu  = 3.0000
  rho=0.35085 (4/20)
    fp=0.0002 tp=0.0177  [0.2s]
   nu  = 3.0000
  rho=0.31081 (5/20)
    fp=0.0006 tp=0.0354  [0.2s]
   nu  = 3.0000
  rho=0.27534 (6/20)
    fp=0.0008 tp=0.0619  [0.2s]
   nu  = 3.0000
  rho=0.24391 (7/20)
    fp=0.0019 tp=0.0708  [0.2s]
   nu  = 3.0000
  rho=0.21607 (8/20)
    fp=0.0045 tp=0.1150  [0.2s]
   nu  = 3.0000
  rho=0.19141 (9/20)
    fp=0.0085 tp=0.1504  [0.2s]
   nu  = 3.0000
  rho=0.16957 (10/20)
    fp=0.0147 tp=0.2655  [0.2s]
   nu  = 3.0000
  rho=0.15021 (11/20)
    fp=0.0242 tp=0.2743  [0.2s]
   nu  = 3.0000
  rho=0.13307 (12/20)
    fp=0.0349 tp=0.3805  [0.2s]
   nu  = 3.0000
  rho=0.11788 (13/20)
    fp=0.0529 tp=0.4867  [0.2s]
   nu  = 3.0000
  rho=0.10443 (14/20)
    fp=0.0691 tp=0.5398  [0.2s]
   nu  = 3.0000
  rho=0.09251 (15/20)
    fp=0.0914 tp=0.6283  [0.2s]
   nu  = 3.0000
  rho=0.08195 (16/20)
    fp=0.1139 tp=0.6814  [0.4s]
   nu  = 3.0000
  rho=0.07260 (17/20)
    fp=0.1358 tp=0.7168  [0.3s]
   nu  = 3.0000
  rho=0.06431 (18/20)
    fp=0.1629 tp=0.7345  [0.3s]
   nu  = 3.0000
  rho=0.05697 (19/20)
    fp=0.1885 tp=0.7788  [0.4s]
   nu  = 3.0000
  rho=0.05047 (20/20)
    fp=0.2187 tp=0.7876  [0.4s]
   nu  = 3.0000
  rho=0.04471 (21/21)  [extra 1/50]
    fp=0.2409 tp=0.8319  [0.4s]
   nu  = 3.0000
  rho=0.03961 (22/22)  [extra 2/50]
    fp=0.2667 tp=0.8496  [0.4s]
   nu  = 3.0000
  rho=0.03509 (23/23)  [extra 3/50]
    fp=0.2907 tp=0.8850  [0.5s]
   nu  = 3.0000
  rho=0.03108 (24/24)  [extra 4/50]
    fp=0.3116 tp=0.8938  [0.5s]
   nu  = 3.0000
  FPR 0.3116 >= fp_end=0.3; stopping after 24 fits
  grid extended by 4 points down to rho=0.03108, ending at FPR 0.3116
  pilot fit of run_em_diagonal at rho=0.30349
  -> rho_max = max|S_ij| (off-diag) = 0.68253
  rho grid: [0.68252505 0.60462628 0.53561834 0.4744865  0.42033183 0.37235801
 0.3298596  0.29221166 0.25886061 0.22931602 0.20314344 0.17995803
 0.15941884 0.14122386 0.12510553 0.11082683 0.09817781 0.08697246
 0.07704601 0.06825251]
Running run_em_diagonal over 20 rho values, extending until FPR >= 0.3...
  rho=0.68253 (1/20)
    fp=0.0000 tp=0.0088  [19.6s]
   median nu  = 0.038
   median |eta| = 3.551
  rho=0.60463 (2/20)
    fp=0.0000 tp=0.0088  [19.2s]
   median nu  = 0.041
   median |eta| = 3.673
  rho=0.53562 (3/20)
    fp=0.0000 tp=0.0088  [18.0s]
   median nu  = 0.044
   median |eta| = 3.559
  rho=0.47449 (4/20)
    fp=0.0000 tp=0.0177  [17.7s]
   median nu  = 0.048
   median |eta| = 3.56
  rho=0.42033 (5/20)
    fp=0.0006 tp=0.0354  [27.5s]
   median nu  = 0.052
   median |eta| = 3.361
  rho=0.37236 (6/20)
    fp=0.0019 tp=0.0619  [26.1s]
   median nu  = 0.059
   median |eta| = 3.317
  rho=0.32986 (7/20)
    fp=0.0041 tp=0.0885  [26.9s]
   median nu  = 0.066
   median |eta| = 3.168
  rho=0.29221 (8/20)
    fp=0.0070 tp=0.1062  [39.4s]
   median nu  = 0.075
   median |eta| = 2.922
  rho=0.25886 (9/20)
    fp=0.0105 tp=0.1593  [24.2s]
   median nu  = 0.086
   median |eta| = 2.56
  rho=0.22932 (10/20)
    fp=0.0161 tp=0.2212  [37.4s]
   median nu  = 0.098
   median |eta| = 2.548
  rho=0.20314 (11/20)
    fp=0.0234 tp=0.2655  [36.9s]
   median nu  = 0.111
   median |eta| = 2.373
  rho=0.17996 (12/20)
    fp=0.0358 tp=0.3540  [18.4s]
   median nu  = 0.134
   median |eta| = 2.272
  rho=0.15942 (13/20)
    fp=0.0500 tp=0.4159  [18.0s]
   median nu  = 0.157
   median |eta| = 2.165
  rho=0.14122 (14/20)
    fp=0.0653 tp=0.5133  [17.9s]
   median nu  = 0.199
   median |eta| = 1.875
  rho=0.12511 (15/20)
    fp=0.0850 tp=0.6195  [17.2s]
   median nu  = 0.25
   median |eta| = 1.827
  rho=0.11083 (16/20)
    fp=0.1009 tp=0.6637  [17.2s]
   median nu  = 0.274
   median |eta| = 1.86
  rho=0.09818 (17/20)
    fp=0.1176 tp=0.6991  [17.8s]
   median nu  = 0.297
   median |eta| = 1.865
  rho=0.08697 (18/20)
    fp=0.1352 tp=0.7257  [16.3s]
   median nu  = 0.311
   median |eta| = 1.739
  rho=0.07705 (19/20)
    fp=0.1520 tp=0.7611  [17.2s]
   median nu  = 0.331
   median |eta| = 1.761
  rho=0.06825 (20/20)
    fp=0.1675 tp=0.8053  [17.4s]
   median nu  = 0.341
   median |eta| = 1.799
  rho=0.06046 (21/21)  [extra 1/50]
    fp=0.1848 tp=0.8407  [16.3s]
   median nu  = 0.345
   median |eta| = 1.596
  rho=0.05356 (22/22)  [extra 2/50]
    fp=0.1985 tp=0.8584  [18.4s]
   median nu  = 0.367
   median |eta| = 1.683
  rho=0.04745 (23/23)  [extra 3/50]
    fp=0.2117 tp=0.8938  [18.2s]
   median nu  = 0.372
   median |eta| = 1.708
  rho=0.04203 (24/24)  [extra 4/50]
    fp=0.2247 tp=0.8938  [19.0s]
   median nu  = 0.396
   median |eta| = 1.602
  rho=0.03724 (25/25)  [extra 5/50]
    fp=0.2417 tp=0.8850  [18.7s]
   median nu  = 0.467
   median |eta| = 0.868
  rho=0.03299 (26/26)  [extra 6/50]
    fp=0.2547 tp=0.8850  [17.9s]
   median nu  = 0.518
   median |eta| = 0.914
  rho=0.02922 (27/27)  [extra 7/50]
    fp=0.2679 tp=0.8850  [17.7s]
   median nu  = 0.572
   median |eta| = 0.765
  rho=0.02589 (28/28)  [extra 8/50]
    fp=0.2783 tp=0.8938  [18.1s]
   median nu  = 0.64
   median |eta| = 0.507
  rho=0.02293 (29/29)  [extra 9/50]
    fp=0.2911 tp=0.8850  [18.7s]
   median nu  = 0.857
   median |eta| = 0.122
  rho=0.02031 (30/30)  [extra 10/50]
    fp=0.3000 tp=0.8938  [18.5s]
   median nu  = 0.944
   median |eta| = 0.108
  rho=0.01800 (31/31)  [extra 11/50]
    fp=0.3101 tp=0.8938  [18.6s]
   median nu  = 1.064
   median |eta| = 0.067
  FPR 0.3101 >= fp_end=0.3; stopping after 31 fits
  grid extended by 11 points down to rho=0.01800, ending at FPR 0.3101
  pilot fit of run_em_exact at rho=0.30349
  -> rho_max = max|S_ij| (off-diag) = 0.70735
  rho grid: [0.70735449 0.62662185 0.55510349 0.49174774 0.43562299 0.38590394
 0.34185949 0.30284197 0.26827764 0.23765825 0.21053355 0.18650468
 0.16521831 0.14636141 0.12965671 0.11485858 0.1017494  0.09013641
 0.07984885 0.07073545]
Running run_em_exact over 20 rho values, extending until FPR >= 0.3...
  rho=0.70735 (1/20)
    fp=0.0000 tp=0.0088  [18.8s]
   median nu  = 0.038
   median |eta| = 3.488
  rho=0.62662 (2/20)
    fp=0.0000 tp=0.0088  [23.3s]
   median nu  = 0.04
   median |eta| = 3.586
  rho=0.55510 (3/20)
    fp=0.0000 tp=0.0088  [31.8s]
   median nu  = 0.043
   median |eta| = 3.519
  rho=0.49175 (4/20)
    fp=0.0000 tp=0.0088  [31.0s]
   median nu  = 0.046
   median |eta| = 3.529
  rho=0.43562 (5/20)
    fp=0.0006 tp=0.0265  [32.1s]
   median nu  = 0.051
   median |eta| = 3.354
  rho=0.38590 (6/20)
    fp=0.0012 tp=0.0442  [32.2s]
   median nu  = 0.057
   median |eta| = 3.294
  rho=0.34186 (7/20)
    fp=0.0033 tp=0.0796  [31.4s]
   median nu  = 0.064
   median |eta| = 3.191
  rho=0.30284 (8/20)
    fp=0.0064 tp=0.0973  [30.8s]
   median nu  = 0.073
   median |eta| = 2.762
  rho=0.26828 (9/20)
    fp=0.0101 tp=0.1504  [30.9s]
   median nu  = 0.085
   median |eta| = 2.411
  rho=0.23766 (10/20)
    fp=0.0149 tp=0.1947  [30.6s]
   median nu  = 0.099
   median |eta| = 2.117
  rho=0.21053 (11/20)
    fp=0.0225 tp=0.2566  [30.5s]
   median nu  = 0.117
   median |eta| = 1.786
  rho=0.18650 (12/20)
    fp=0.0339 tp=0.3363  [52.2s]
   median nu  = 0.145
   median |eta| = 1.451
  rho=0.16522 (13/20)
    fp=0.0496 tp=0.3894  [77.7s]
   median nu  = 0.188
   median |eta| = 1.177
  rho=0.14636 (14/20)
    fp=0.0657 tp=0.5044  [82.7s]
   median nu  = 0.243
   median |eta| = 0.963
  rho=0.12966 (15/20)
    fp=0.0856 tp=0.5752  [80.6s]
   median nu  = 0.312
   median |eta| = 0.777
  rho=0.11486 (16/20)
    fp=0.1069 tp=0.6637  [87.6s]
   median nu  = 0.386
   median |eta| = 0.599
  rho=0.10175 (17/20)
    fp=0.1292 tp=0.7080  [68.3s]
   median nu  = 0.434
   median |eta| = 0.443
  rho=0.09014 (18/20)
    fp=0.1480 tp=0.7257  [50.8s]
   median nu  = 0.505
   median |eta| = 0.33
  rho=0.07985 (19/20)
    fp=0.1722 tp=0.7522  [36.6s]
   median nu  = 0.573
   median |eta| = 0.237
  rho=0.07074 (20/20)
    fp=0.1941 tp=0.7965  [30.9s]
   median nu  = 0.644
   median |eta| = 0.161
  rho=0.06266 (21/21)  [extra 1/50]
    fp=0.2144 tp=0.8319  [31.0s]
   median nu  = 0.74
   median |eta| = 0.119
  rho=0.05551 (22/22)  [extra 2/50]
    fp=0.2322 tp=0.8496  [34.6s]
   median nu  = 0.84
   median |eta| = 0.091
  rho=0.04917 (23/23)  [extra 3/50]
    fp=0.2473 tp=0.8584  [32.6s]
   median nu  = 0.941
   median |eta| = 0.068
  rho=0.04356 (24/24)  [extra 4/50]
    fp=0.2615 tp=0.8761  [29.1s]
   median nu  = 1.064
   median |eta| = 0.047
  rho=0.03859 (25/25)  [extra 5/50]
    fp=0.2752 tp=0.8850  [25.8s]
   median nu  = 1.177
   median |eta| = 0.031
  rho=0.03419 (26/26)  [extra 6/50]
    fp=0.2930 tp=0.8850  [23.1s]
   median nu  = 1.291
   median |eta| = 0.023
  rho=0.03028 (27/27)  [extra 7/50]
    fp=0.3062 tp=0.9027  [18.0s]
   median nu  = 1.417
   median |eta| = 0.017
  FPR 0.3062 >= fp_end=0.3; stopping after 27 fits
  grid extended by 7 points down to rho=0.03028, ending at FPR 0.3062
  graphical_lasso rho_max = max|S_ij| (off-diag) = 0.76779
  rho grid: [0.76779085 0.68016042 0.60253153 0.53376267 0.47284262 0.41887558
 0.37106796 0.32871679 0.29119928 0.25796377 0.22852154 0.20243964
 0.17933456 0.15886653 0.14073458 0.12467209 0.11044287 0.09783767
 0.08667114 0.07677909]
Running graphical_lasso over 20 rho values, extending until FPR >= 0.3...
  rho=0.76779 (1/20)
    fp=0.0000 tp=0.0000  [0.0s]
  rho=0.68016 (2/20)
    fp=0.0000 tp=0.0088  [0.1s]
  rho=0.60253 (3/20)
    fp=0.0000 tp=0.0088  [37.5s]
  rho=0.53376 (4/20)
    fp=0.0000 tp=0.0088  [0.0s]
  rho=0.47284 (5/20)
    fp=0.0010 tp=0.0265  [0.0s]
  rho=0.41888 (6/20)
    fp=0.0012 tp=0.0354  [39.9s]
  rho=0.37107 (7/20)
    fp=0.0045 tp=0.0885  [35.9s]
  rho=0.32872 (8/20)
    fp=0.0079 tp=0.1150  [36.6s]
  rho=0.29120 (9/20)
    fp=0.0143 tp=0.1416  [33.2s]
  rho=0.25796 (10/20)
    fp=0.0232 tp=0.2301  [35.5s]
  rho=0.22852 (11/20)
    fp=0.0405 tp=0.3009  [44.7s]
  rho=0.20244 (12/20)
    fp=0.0659 tp=0.4071  [0.0s]
  rho=0.17933 (13/20)
    fp=0.0908 tp=0.4690  [0.0s]
  rho=0.15887 (14/20)
    fp=0.1183 tp=0.5310  [0.1s]
  rho=0.14073 (15/20)
    fp=0.1484 tp=0.6549  [0.1s]
  rho=0.12467 (16/20)
    fp=0.1859 tp=0.7080  [0.4s]
  rho=0.11044 (17/20)
    fp=0.2179 tp=0.7257  [53.2s]
  rho=0.09784 (18/20)
    fp=0.2555 tp=0.7522  [3.3s]
  rho=0.08667 (19/20)
    fp=0.2874 tp=0.7699  [0.9s]
  rho=0.07678 (20/20)
    fp=0.3227 tp=0.7965  [0.2s]
  FPR 0.3227 >= fp_end=0.3; stopping after 20 fits
  [note] 8/20 fits hit a glasso ConvergenceWarning (suppressed)

(p=100, n=50) over 2 replicates
  t+lasso  (run_em_diagonal):    AUC = 0.199 (SE 0.007)
  ~t+lasso (run_em_exact):       AUC = 0.191 (SE 0.007)
  tlasso   (run_tlasso):         AUC = 0.161 (SE 0.010)
  t*lasso  (run_tstar_varlasso): AUC = 0.194 (SE 0.005)
  glasso   (graphical_lasso):    AUC = 0.161 (SE 0.009)
Replicate 3/50
  Theta: 107/4950 edges
  pilot fit of run_tlasso at rho=30.34854
  -> rho_max = max|S_ij| (off-diag) = 16.38512
  [warn] pilot rho 30.34854 > rho_max 16.38512: it falls off the top of this method's grid
  rho grid: [16.3851246  14.51503774 12.8583899  11.39082059 10.09074967  8.93906003
  7.91881641  7.01501648  6.21437013  5.50510413  4.87678892  4.32018535
  3.82710873  3.39030853  3.00336173  2.66057842  2.35691807  2.08791544
  1.84961495  1.63851246]
Running run_tlasso over 20 rho values, extending until FPR >= 0.3...
  rho=16.38512 (1/20)
    fp=0.0000 tp=0.0000  [0.1s]
   nu  = 3.0000
  rho=14.51504 (2/20)
    fp=0.0000 tp=0.0000  [0.1s]
   nu  = 3.0000
  rho=12.85839 (3/20)
    fp=0.0000 tp=0.0093  [0.2s]
   nu  = 3.0000
  rho=11.39082 (4/20)
    fp=0.0000 tp=0.0093  [0.2s]
   nu  = 3.0000
  rho=10.09075 (5/20)
    fp=0.0000 tp=0.0093  [0.2s]
   nu  = 3.0000
  rho=8.93906 (6/20)
    fp=0.0000 tp=0.0093  [0.2s]
   nu  = 3.0000
  rho=7.91882 (7/20)
    fp=0.0000 tp=0.0187  [0.3s]
   nu  = 3.0000
  rho=7.01502 (8/20)
    fp=0.0004 tp=0.0280  [0.3s]
   nu  = 3.0000
  rho=6.21437 (9/20)
    fp=0.0008 tp=0.0374  [0.3s]
   nu  = 3.0000
  rho=5.50510 (10/20)
    fp=0.0019 tp=0.0467  [0.3s]
   nu  = 3.0000
  rho=4.87679 (11/20)
    fp=0.0033 tp=0.0561  [0.3s]
   nu  = 3.0000
  rho=4.32019 (12/20)
    fp=0.0064 tp=0.1028  [0.4s]
   nu  = 3.0000
  rho=3.82711 (13/20)
    fp=0.0083 tp=0.1121  [0.4s]
   nu  = 3.0000
  rho=3.39031 (14/20)
    fp=0.0138 tp=0.1589  [0.3s]
   nu  = 3.0000
  rho=3.00336 (15/20)
    fp=0.0194 tp=0.1682  [0.3s]
   nu  = 3.0000
  rho=2.66058 (16/20)
    fp=0.0293 tp=0.2150  [0.4s]
   nu  = 3.0000
  rho=2.35692 (17/20)
    fp=0.0450 tp=0.2897  [0.5s]
   nu  = 3.0000
  rho=2.08792 (18/20)
    fp=0.0681 tp=0.3271  [0.5s]
   nu  = 3.0000
  rho=1.84961 (19/20)
    fp=0.1047 tp=0.3925  [0.7s]
   nu  = 3.0000
  rho=1.63851 (20/20)
    fp=0.1578 tp=0.5234  [1.0s]
   nu  = 3.0000
  rho=1.45150 (21/21)  [extra 1/50]
    fp=0.2096 tp=0.5701  [0.8s]
   nu  = 3.0000
  rho=1.28584 (22/22)  [extra 2/50]
    fp=0.2507 tp=0.6822  [0.8s]
   nu  = 3.0000
  rho=1.13908 (23/23)  [extra 3/50]
    fp=0.2924 tp=0.7009  [0.9s]
   nu  = 3.0000
  rho=1.00907 (24/24)  [extra 4/50]
    fp=0.3341 tp=0.7196  [1.0s]
   nu  = 3.0000
  FPR 0.3341 >= fp_end=0.3; stopping after 24 fits
  grid extended by 4 points down to rho=1.00907, ending at FPR 0.3341
  pilot fit of run_tstar_varlasso at rho=0.30349
  -> rho_max = max|S_ij| (off-diag) = 0.47771
  rho grid: [0.47771034 0.42318773 0.37488795 0.33210079 0.29419706 0.2606194
 0.23087408 0.20452368 0.18118073 0.16050199 0.14218339 0.12595554
 0.11157983 0.09884487 0.08756338 0.07756949 0.06871624 0.06087343
 0.05392575 0.04777103]
Running run_tstar_varlasso over 20 rho values, extending until FPR >= 0.3...
  rho=0.47771 (1/20)
    fp=0.0000 tp=0.0093  [0.2s]
   nu  = 3.0000
  rho=0.42319 (2/20)
    fp=0.0000 tp=0.0093  [0.2s]
   nu  = 3.0000
  rho=0.37489 (3/20)
    fp=0.0000 tp=0.0187  [0.2s]
   nu  = 3.0000
  rho=0.33210 (4/20)
    fp=0.0002 tp=0.0280  [0.2s]
   nu  = 3.0000
  rho=0.29420 (5/20)
    fp=0.0004 tp=0.0561  [0.2s]
   nu  = 3.0000
  rho=0.26062 (6/20)
    fp=0.0012 tp=0.0654  [0.2s]
   nu  = 3.0000
  rho=0.23087 (7/20)
    fp=0.0033 tp=0.1028  [0.2s]
   nu  = 3.0000
  rho=0.20452 (8/20)
    fp=0.0064 tp=0.1402  [0.2s]
   nu  = 3.0000
  rho=0.18118 (9/20)
    fp=0.0107 tp=0.1776  [0.2s]
   nu  = 3.0000
  rho=0.16050 (10/20)
    fp=0.0182 tp=0.2243  [0.2s]
   nu  = 3.0000
  rho=0.14218 (11/20)
    fp=0.0287 tp=0.2710  [0.3s]
   nu  = 3.0000
  rho=0.12596 (12/20)
    fp=0.0432 tp=0.3271  [0.3s]
   nu  = 3.0000
  rho=0.11158 (13/20)
    fp=0.0622 tp=0.3925  [0.3s]
   nu  = 3.0000
  rho=0.09884 (14/20)
    fp=0.0871 tp=0.4766  [0.3s]
   nu  = 3.0000
  rho=0.08756 (15/20)
    fp=0.1098 tp=0.5794  [0.3s]
   nu  = 3.0000
  rho=0.07757 (16/20)
    fp=0.1367 tp=0.5981  [0.2s]
   nu  = 3.0000
  rho=0.06872 (17/20)
    fp=0.1621 tp=0.6168  [0.3s]
   nu  = 3.0000
  rho=0.06087 (18/20)
    fp=0.1889 tp=0.6449  [0.3s]
   nu  = 3.0000
  rho=0.05393 (19/20)
    fp=0.2174 tp=0.7290  [0.2s]
   nu  = 3.0000
  rho=0.04777 (20/20)
    fp=0.2445 tp=0.7477  [0.3s]
   nu  = 3.0000
  rho=0.04232 (21/21)  [extra 1/50]
    fp=0.2688 tp=0.7477  [0.3s]
   nu  = 3.0000
  rho=0.03749 (22/22)  [extra 2/50]
    fp=0.2922 tp=0.7664  [0.4s]
   nu  = 3.0000
  rho=0.03321 (23/23)  [extra 3/50]
    fp=0.3174 tp=0.7664  [0.4s]
   nu  = 3.0000
  FPR 0.3174 >= fp_end=0.3; stopping after 23 fits
  grid extended by 3 points down to rho=0.03321, ending at FPR 0.3174
  pilot fit of run_em_diagonal at rho=0.30349
  -> rho_max = max|S_ij| (off-diag) = 0.65985
  rho grid: [0.65984819 0.5845376  0.51782245 0.45872171 0.40636633 0.35998643
 0.31890003 0.28250294 0.25025998 0.221697   0.19639401 0.17397893
 0.15412216 0.1365317  0.1209489  0.10714461 0.09491586 0.0840828
 0.07448616 0.06598482]
Running run_em_diagonal over 20 rho values, extending until FPR >= 0.3...
  rho=0.65985 (1/20)
    fp=0.0000 tp=0.0093  [19.7s]
   median nu  = 0.039
   median |eta| = 4.841
  rho=0.58454 (2/20)
    fp=0.0000 tp=0.0093  [19.2s]
   median nu  = 0.042
   median |eta| = 4.908
  rho=0.51782 (3/20)
    fp=0.0000 tp=0.0093  [18.7s]
   median nu  = 0.046
   median |eta| = 4.985
  rho=0.45872 (4/20)
    fp=0.0004 tp=0.0280  [17.4s]
   median nu  = 0.051
   median |eta| = 4.674
  rho=0.40637 (5/20)
    fp=0.0017 tp=0.0467  [27.4s]
   median nu  = 0.057
   median |eta| = 4.413
  rho=0.35999 (6/20)
    fp=0.0023 tp=0.0748  [25.7s]
   median nu  = 0.066
   median |eta| = 3.888
  rho=0.31890 (7/20)
    fp=0.0050 tp=0.0935  [27.3s]
   median nu  = 0.076
   median |eta| = 3.618
  rho=0.28250 (8/20)
    fp=0.0072 tp=0.1495  [39.6s]
   median nu  = 0.088
   median |eta| = 3.334
  rho=0.25026 (9/20)
    fp=0.0151 tp=0.1963  [23.8s]
   median nu  = 0.103
   median |eta| = 3.172
  rho=0.22170 (10/20)
    fp=0.0213 tp=0.2243  [37.1s]
   median nu  = 0.122
   median |eta| = 3.063
  rho=0.19639 (11/20)
    fp=0.0285 tp=0.2523  [37.2s]
   median nu  = 0.139
   median |eta| = 2.901
  rho=0.17398 (12/20)
    fp=0.0415 tp=0.2991  [18.5s]
   median nu  = 0.159
   median |eta| = 2.723
  rho=0.15412 (13/20)
    fp=0.0588 tp=0.3645  [18.1s]
   median nu  = 0.184
   median |eta| = 2.421
  rho=0.13653 (14/20)
    fp=0.0768 tp=0.4206  [17.8s]
   median nu  = 0.208
   median |eta| = 2.25
  rho=0.12095 (15/20)
    fp=0.0964 tp=0.5514  [17.2s]
   median nu  = 0.23
   median |eta| = 2.154
  rho=0.10714 (16/20)
    fp=0.1142 tp=0.5888  [17.6s]
   median nu  = 0.259
   median |eta| = 2.11
  rho=0.09492 (17/20)
    fp=0.1305 tp=0.6075  [17.5s]
   median nu  = 0.283
   median |eta| = 1.978
  rho=0.08408 (18/20)
    fp=0.1478 tp=0.6729  [17.6s]
   median nu  = 0.294
   median |eta| = 2.083
  rho=0.07449 (19/20)
    fp=0.1691 tp=0.7290  [19.2s]
   median nu  = 0.303
   median |eta| = 2.188
  rho=0.06598 (20/20)
    fp=0.1846 tp=0.7383  [16.8s]
   median nu  = 0.321
   median |eta| = 2.181
  rho=0.05845 (21/21)  [extra 1/50]
    fp=0.2034 tp=0.7477  [16.8s]
   median nu  = 0.322
   median |eta| = 2.346
  rho=0.05178 (22/22)  [extra 2/50]
    fp=0.2183 tp=0.7477  [18.7s]
   median nu  = 0.302
   median |eta| = 2.581
  rho=0.04587 (23/23)  [extra 3/50]
    fp=0.2339 tp=0.7570  [18.6s]
   median nu  = 0.286
   median |eta| = 2.876
  rho=0.04064 (24/24)  [extra 4/50]
    fp=0.2494 tp=0.7664  [19.5s]
   median nu  = 0.292
   median |eta| = 3.253
  rho=0.03600 (25/25)  [extra 5/50]
    fp=0.2624 tp=0.7664  [18.8s]
   median nu  = 0.281
   median |eta| = 3.948
  rho=0.03189 (26/26)  [extra 6/50]
    fp=0.2785 tp=0.7570  [17.6s]
   median nu  = 0.402
   median |eta| = 2.285
  rho=0.02825 (27/27)  [extra 7/50]
    fp=0.2932 tp=0.7850  [17.8s]
   median nu  = 0.356
   median |eta| = 2.509
  rho=0.02503 (28/28)  [extra 8/50]
    fp=0.3048 tp=0.7944  [18.5s]
   median nu  = 0.607
   median |eta| = 0.489
  FPR 0.3048 >= fp_end=0.3; stopping after 28 fits
  grid extended by 8 points down to rho=0.02503, ending at FPR 0.3048
  pilot fit of run_em_exact at rho=0.30349
  -> rho_max = max|S_ij| (off-diag) = 0.68053
  rho grid: [0.68052649 0.60285582 0.53404995 0.47309711 0.41910102 0.37126768
 0.3288937  0.29135601 0.25810261 0.22864453 0.2025486  0.17943108
 0.15895203 0.14081033 0.12473919 0.11050231 0.09789033 0.08671779
 0.07682041 0.06805265]
Running run_em_exact over 20 rho values, extending until FPR >= 0.3...
  rho=0.68053 (1/20)
    fp=0.0000 tp=0.0093  [18.2s]
   median nu  = 0.038
   median |eta| = 4.817
  rho=0.60286 (2/20)
    fp=0.0000 tp=0.0093  [19.3s]
   median nu  = 0.041
   median |eta| = 4.849
  rho=0.53405 (3/20)
    fp=0.0000 tp=0.0093  [18.9s]
   median nu  = 0.045
   median |eta| = 4.921
  rho=0.47310 (4/20)
    fp=0.0002 tp=0.0280  [19.3s]
   median nu  = 0.05
   median |eta| = 4.701
  rho=0.41910 (5/20)
    fp=0.0014 tp=0.0374  [27.7s]
   median nu  = 0.056
   median |eta| = 4.403
  rho=0.37127 (6/20)
    fp=0.0021 tp=0.0654  [31.2s]
   median nu  = 0.063
   median |eta| = 3.994
  rho=0.32889 (7/20)
    fp=0.0043 tp=0.0935  [31.5s]
   median nu  = 0.073
   median |eta| = 3.551
  rho=0.29136 (8/20)
    fp=0.0066 tp=0.1402  [31.8s]
   median nu  = 0.085
   median |eta| = 3.15
  rho=0.25810 (9/20)
    fp=0.0140 tp=0.1776  [32.0s]
   median nu  = 0.101
   median |eta| = 2.831
  rho=0.22864 (10/20)
    fp=0.0200 tp=0.2056  [30.5s]
   median nu  = 0.12
   median |eta| = 2.406
  rho=0.20255 (11/20)
    fp=0.0301 tp=0.2430  [30.8s]
   median nu  = 0.148
   median |eta| = 1.824
  rho=0.17943 (12/20)
    fp=0.0425 tp=0.2710  [30.0s]
   median nu  = 0.18
   median |eta| = 1.501
  rho=0.15895 (13/20)
    fp=0.0626 tp=0.3551  [29.9s]
   median nu  = 0.235
   median |eta| = 1.199
  rho=0.14081 (14/20)
    fp=0.0811 tp=0.4299  [30.5s]
   median nu  = 0.299
   median |eta| = 0.905
  rho=0.12474 (15/20)
    fp=0.1012 tp=0.4860  [61.4s]
   median nu  = 0.347
   median |eta| = 0.697
  rho=0.11050 (16/20)
    fp=0.1251 tp=0.5981  [90.8s]
   median nu  = 0.402
   median |eta| = 0.49
  rho=0.09789 (17/20)
    fp=0.1468 tp=0.6355  [96.8s]
   median nu  = 0.472
   median |eta| = 0.348
  rho=0.08672 (18/20)
    fp=0.1681 tp=0.6822  [90.6s]
   median nu  = 0.543
   median |eta| = 0.253
  rho=0.07682 (19/20)
    fp=0.1929 tp=0.7103  [78.9s]
   median nu  = 0.612
   median |eta| = 0.187
  rho=0.06805 (20/20)
    fp=0.2119 tp=0.7383  [53.1s]
   median nu  = 0.708
   median |eta| = 0.142
  rho=0.06029 (21/21)  [extra 1/50]
    fp=0.2304 tp=0.7477  [43.4s]
   median nu  = 0.803
   median |eta| = 0.109
  rho=0.05340 (22/22)  [extra 2/50]
    fp=0.2505 tp=0.7570  [31.8s]
   median nu  = 0.897
   median |eta| = 0.076
  rho=0.04731 (23/23)  [extra 3/50]
    fp=0.2647 tp=0.7664  [30.2s]
   median nu  = 0.992
   median |eta| = 0.054
  rho=0.04191 (24/24)  [extra 4/50]
    fp=0.2823 tp=0.7757  [32.4s]
   median nu  = 1.094
   median |eta| = 0.039
  rho=0.03713 (25/25)  [extra 5/50]
    fp=0.2994 tp=0.8037  [33.2s]
   median nu  = 1.186
   median |eta| = 0.028
  rho=0.03289 (26/26)  [extra 6/50]
    fp=0.3145 tp=0.7944  [30.0s]
   median nu  = 1.291
   median |eta| = 0.021
  FPR 0.3145 >= fp_end=0.3; stopping after 26 fits
  grid extended by 6 points down to rho=0.03289, ending at FPR 0.3145
  graphical_lasso rho_max = max|S_ij| (off-diag) = 0.73550
  rho grid: [0.73550437 0.65155889 0.57719439 0.51131734 0.45295905 0.40126138
 0.35546413 0.31489387 0.27895402 0.2471161  0.21891195 0.19392682
 0.17179333 0.15218601 0.13481653 0.11942949 0.10579862 0.09372348
 0.08302652 0.07355044]
Running graphical_lasso over 20 rho values, extending until FPR >= 0.3...
  rho=0.73550 (1/20)
    fp=0.0000 tp=0.0000  [0.0s]
  rho=0.65156 (2/20)
    fp=0.0000 tp=0.0093  [0.0s]
  rho=0.57719 (3/20)
    fp=0.0000 tp=0.0093  [34.6s]
  rho=0.51132 (4/20)
    fp=0.0004 tp=0.0280  [0.0s]
  rho=0.45296 (5/20)
    fp=0.0021 tp=0.0374  [34.5s]
  rho=0.40126 (6/20)
    fp=0.0029 tp=0.0748  [36.4s]
  rho=0.35546 (7/20)
    fp=0.0064 tp=0.1028  [41.2s]
  rho=0.31489 (8/20)
    fp=0.0128 tp=0.1495  [37.1s]
  rho=0.27895 (9/20)
    fp=0.0209 tp=0.1869  [36.5s]
  rho=0.24712 (10/20)
    fp=0.0335 tp=0.2243  [32.7s]
  rho=0.21891 (11/20)
    fp=0.0529 tp=0.3084  [33.8s]
  rho=0.19393 (12/20)
    fp=0.0772 tp=0.3458  [44.2s]
  rho=0.17179 (13/20)
    fp=0.1082 tp=0.3832  [0.1s]
  rho=0.15219 (14/20)
    fp=0.1423 tp=0.4393  [50.5s]
  rho=0.13482 (15/20)
    fp=0.1811 tp=0.5234  [0.1s]
  rho=0.11943 (16/20)
    fp=0.2137 tp=0.6449  [0.2s]
  rho=0.10580 (17/20)
    fp=0.2490 tp=0.6729  [0.5s]
  rho=0.09372 (18/20)
    fp=0.2816 tp=0.7009  [1.0s]
  rho=0.08303 (19/20)
    fp=0.3124 tp=0.7009  [0.1s]
  FPR 0.3124 >= fp_end=0.3; stopping after 19 fits
  [note] 10/19 fits hit a glasso ConvergenceWarning (suppressed)
  grid stopped 1 points early at rho=0.08303, ending at FPR 0.3124

(p=100, n=50) over 3 replicates
  t+lasso  (run_em_diagonal):    AUC = 0.191 (SE 0.009)
  ~t+lasso (run_em_exact):       AUC = 0.184 (SE 0.008)
  tlasso   (run_tlasso):         AUC = 0.154 (SE 0.009)
  t*lasso  (run_tstar_varlasso): AUC = 0.186 (SE 0.009)
  glasso   (graphical_lasso):    AUC = 0.154 (SE 0.009)
Replicate 4/50
  Theta: 114/4950 edges
  pilot fit of run_tlasso at rho=30.34854
  -> rho_max = max|S_ij| (off-diag) = 12.84505
  [warn] pilot rho 30.34854 > rho_max 12.84505: it falls off the top of this method's grid
  rho grid: [12.84505167 11.37900469 10.08028237  8.92978739  7.91060209  7.00773968
  6.20792386  5.49939359  4.87173015  4.31570395  3.82313881  3.3867917
  3.0002463   2.65781856  2.35447319  2.08574961  1.84769631  1.6368128
  1.4499981   1.28450517]
Running run_tlasso over 20 rho values, extending until FPR >= 0.3...
  rho=12.84505 (1/20)
    fp=0.0000 tp=0.0000  [0.2s]
   nu  = 3.0000
  rho=11.37900 (2/20)
    fp=0.0000 tp=0.0000  [0.1s]
   nu  = 3.0000
  rho=10.08028 (3/20)
    fp=0.0000 tp=0.0000  [0.1s]
   nu  = 3.0000
  rho=8.92979 (4/20)
    fp=0.0000 tp=0.0000  [0.1s]
   nu  = 3.0000
  rho=7.91060 (5/20)
    fp=0.0000 tp=0.0088  [0.2s]
   nu  = 3.0000
  rho=7.00774 (6/20)
    fp=0.0000 tp=0.0263  [0.3s]
   nu  = 3.0000
  rho=6.20792 (7/20)
    fp=0.0000 tp=0.0351  [0.2s]
   nu  = 3.0000
  rho=5.49939 (8/20)
    fp=0.0006 tp=0.0439  [0.3s]
   nu  = 3.0000
  rho=4.87173 (9/20)
    fp=0.0010 tp=0.0789  [0.3s]
   nu  = 3.0000
  rho=4.31570 (10/20)
    fp=0.0014 tp=0.0877  [0.3s]
   nu  = 3.0000
  rho=3.82314 (11/20)
    fp=0.0031 tp=0.1228  [0.3s]
   nu  = 3.0000
  rho=3.38679 (12/20)
    fp=0.0064 tp=0.1842  [0.4s]
   nu  = 3.0000
  rho=3.00025 (13/20)
    fp=0.0126 tp=0.2281  [0.5s]
   nu  = 3.0000
  rho=2.65782 (14/20)
    fp=0.0236 tp=0.2895  [0.4s]
   nu  = 3.0000
  rho=2.35447 (15/20)
    fp=0.0422 tp=0.3421  [0.4s]
   nu  = 3.0000
  rho=2.08575 (16/20)
    fp=0.0649 tp=0.4123  [0.5s]
   nu  = 3.0000
  rho=1.84770 (17/20)
    fp=0.0999 tp=0.4649  [0.7s]
   nu  = 3.0000
  rho=1.63681 (18/20)
    fp=0.1429 tp=0.5702  [0.9s]
   nu  = 3.0000
  rho=1.45000 (19/20)
    fp=0.1931 tp=0.6228  [0.9s]
   nu  = 3.0000
  rho=1.28451 (20/20)
    fp=0.2366 tp=0.6842  [0.9s]
   nu  = 3.0000
  rho=1.13790 (21/21)  [extra 1/50]
    fp=0.2821 tp=0.7193  [0.9s]
   nu  = 3.0000
  rho=1.00803 (22/22)  [extra 2/50]
    fp=0.3234 tp=0.7719  [0.8s]
   nu  = 3.0000
  FPR 0.3234 >= fp_end=0.3; stopping after 22 fits
  grid extended by 2 points down to rho=1.00803, ending at FPR 0.3234
  pilot fit of run_tstar_varlasso at rho=0.30349
  -> rho_max = max|S_ij| (off-diag) = 0.35549
  rho grid: [0.35548851 0.31491546 0.27897315 0.24713305 0.21892696 0.19394012
 0.17180512 0.15219645 0.13482578 0.11943768 0.10580587 0.09372991
 0.08303221 0.07355548 0.06516036 0.0577234  0.05113524 0.04529901
 0.04012889 0.03554885]
Running run_tstar_varlasso over 20 rho values, extending until FPR >= 0.3...
  rho=0.35549 (1/20)
    fp=0.0000 tp=0.0175  [0.2s]
   nu  = 3.0000
  rho=0.31492 (2/20)
    fp=0.0000 tp=0.0351  [0.2s]
   nu  = 3.0000
  rho=0.27897 (3/20)
    fp=0.0002 tp=0.0526  [0.2s]
   nu  = 3.0000
  rho=0.24713 (4/20)
    fp=0.0004 tp=0.0965  [0.2s]
   nu  = 3.0000
  rho=0.21893 (5/20)
    fp=0.0019 tp=0.1228  [0.2s]
   nu  = 3.0000
  rho=0.19394 (6/20)
    fp=0.0041 tp=0.1842  [0.2s]
   nu  = 3.0000
  rho=0.17181 (7/20)
    fp=0.0083 tp=0.2632  [0.2s]
   nu  = 3.0000
  rho=0.15220 (8/20)
    fp=0.0159 tp=0.3246  [0.2s]
   nu  = 3.0000
  rho=0.13483 (9/20)
    fp=0.0289 tp=0.3772  [0.2s]
   nu  = 3.0000
  rho=0.11944 (10/20)
    fp=0.0418 tp=0.4211  [0.2s]
   nu  = 3.0000
  rho=0.10581 (11/20)
    fp=0.0600 tp=0.5088  [0.3s]
   nu  = 3.0000
  rho=0.09373 (12/20)
    fp=0.0811 tp=0.5702  [0.3s]
   nu  = 3.0000
  rho=0.08303 (13/20)
    fp=0.1067 tp=0.6053  [0.4s]
   nu  = 3.0000
  rho=0.07356 (14/20)
    fp=0.1305 tp=0.6316  [0.3s]
   nu  = 3.0000
  rho=0.06516 (15/20)
    fp=0.1613 tp=0.6667  [0.3s]
   nu  = 3.0000
  rho=0.05772 (16/20)
    fp=0.1873 tp=0.7105  [0.4s]
   nu  = 3.0000
  rho=0.05114 (17/20)
    fp=0.2142 tp=0.7281  [0.3s]
   nu  = 3.0000
  rho=0.04530 (18/20)
    fp=0.2413 tp=0.7807  [0.3s]
   nu  = 3.0000
  rho=0.04013 (19/20)
    fp=0.2688 tp=0.8246  [0.3s]
   nu  = 3.0000
  rho=0.03555 (20/20)
    fp=0.2889 tp=0.8333  [0.5s]
   nu  = 3.0000
  rho=0.03149 (21/21)  [extra 1/50]
    fp=0.3120 tp=0.8421  [0.6s]
   nu  = 3.0000
  FPR 0.3120 >= fp_end=0.3; stopping after 21 fits
  grid extended by 1 points down to rho=0.03149, ending at FPR 0.3120
  pilot fit of run_em_diagonal at rho=0.30349
  -> rho_max = max|S_ij| (off-diag) = 0.48094
  rho grid: [0.48093933 0.42604818 0.37742194 0.33434556 0.29618563 0.26238101
 0.23243462 0.20590611 0.18240539 0.16158688 0.14314445 0.12680691
 0.11233403 0.09951299 0.08815525 0.07809381 0.06918071 0.0612849
 0.05429025 0.04809393]
Running run_em_diagonal over 20 rho values, extending until FPR >= 0.3...
  rho=0.48094 (1/20)
    fp=0.0000 tp=0.0351  [18.8s]
   median nu  = 0.045
   median |eta| = 3.87
  rho=0.42605 (2/20)
    fp=0.0000 tp=0.0351  [19.4s]
   median nu  = 0.049
   median |eta| = 3.652
  rho=0.37742 (3/20)
    fp=0.0002 tp=0.0526  [18.0s]
   median nu  = 0.054
   median |eta| = 3.551
  rho=0.33435 (4/20)
    fp=0.0006 tp=0.0965  [17.8s]
   median nu  = 0.061
   median |eta| = 3.452
  rho=0.29619 (5/20)
    fp=0.0021 tp=0.1316  [27.3s]
   median nu  = 0.071
   median |eta| = 3.247
  rho=0.26238 (6/20)
    fp=0.0056 tp=0.1667  [24.6s]
   median nu  = 0.083
   median |eta| = 3.055
  rho=0.23243 (7/20)
    fp=0.0116 tp=0.2544  [27.7s]
   median nu  = 0.099
   median |eta| = 2.899
  rho=0.20591 (8/20)
    fp=0.0199 tp=0.2807  [36.5s]
   median nu  = 0.117
   median |eta| = 2.641
  rho=0.18241 (9/20)
    fp=0.0304 tp=0.3509  [27.0s]
   median nu  = 0.135
   median |eta| = 2.567
  rho=0.16159 (10/20)
    fp=0.0443 tp=0.4386  [33.6s]
   median nu  = 0.152
   median |eta| = 2.444
  rho=0.14314 (11/20)
    fp=0.0600 tp=0.4825  [40.1s]
   median nu  = 0.183
   median |eta| = 2.194
  rho=0.12681 (12/20)
    fp=0.0782 tp=0.5702  [21.2s]
   median nu  = 0.212
   median |eta| = 2.027
  rho=0.11233 (13/20)
    fp=0.0966 tp=0.5965  [20.1s]
   median nu  = 0.25
   median |eta| = 1.925
  rho=0.09951 (14/20)
    fp=0.1166 tp=0.6228  [19.7s]
   median nu  = 0.278
   median |eta| = 1.864
  rho=0.08816 (15/20)
    fp=0.1342 tp=0.6579  [19.7s]
   median nu  = 0.306
   median |eta| = 1.591
  rho=0.07809 (16/20)
    fp=0.1541 tp=0.6930  [19.3s]
   median nu  = 0.348
   median |eta| = 1.566
  rho=0.06918 (17/20)
    fp=0.1731 tp=0.7456  [18.5s]
   median nu  = 0.371
   median |eta| = 1.631
  rho=0.06128 (18/20)
    fp=0.1861 tp=0.7719  [19.3s]
   median nu  = 0.379
   median |eta| = 1.626
  rho=0.05429 (19/20)
    fp=0.2031 tp=0.7895  [18.4s]
   median nu  = 0.391
   median |eta| = 1.732
  rho=0.04809 (20/20)
    fp=0.2140 tp=0.8333  [18.0s]
   median nu  = 0.408
   median |eta| = 1.323
  rho=0.04260 (21/21)  [extra 1/50]
    fp=0.2297 tp=0.8509  [18.7s]
   median nu  = 0.479
   median |eta| = 1.018
  rho=0.03774 (22/22)  [extra 2/50]
    fp=0.2405 tp=0.8509  [18.2s]
   median nu  = 0.533
   median |eta| = 0.876
  rho=0.03343 (23/23)  [extra 3/50]
    fp=0.2574 tp=0.8772  [18.2s]
   median nu  = 0.668
   median |eta| = 0.394
  rho=0.02962 (24/24)  [extra 4/50]
    fp=0.2713 tp=0.8684  [18.4s]
   median nu  = 0.852
   median |eta| = 0.197
  rho=0.02624 (25/25)  [extra 5/50]
    fp=0.2779 tp=0.8684  [17.9s]
   median nu  = 0.874
   median |eta| = 0.172
  rho=0.02324 (26/26)  [extra 6/50]
    fp=0.2943 tp=0.8684  [17.8s]
   median nu  = 1.047
   median |eta| = 0.082
  rho=0.02059 (27/27)  [extra 7/50]
    fp=0.2980 tp=0.8509  [17.9s]
   median nu  = 1.161
   median |eta| = 0.052
  rho=0.01824 (28/28)  [extra 8/50]
    fp=0.3112 tp=0.8509  [17.9s]
   median nu  = 1.356
   median |eta| = 0.04
  FPR 0.3112 >= fp_end=0.3; stopping after 28 fits
  grid extended by 8 points down to rho=0.01824, ending at FPR 0.3112
  pilot fit of run_em_exact at rho=0.30349
  -> rho_max = max|S_ij| (off-diag) = 0.48215
  rho grid: [0.48215243 0.42712283 0.37837393 0.3351889  0.29693271 0.26304283
 0.23302091 0.20642548 0.18286548 0.16199446 0.14350551 0.12712676
 0.11261738 0.099764   0.08837761 0.07829079 0.06935521 0.06143948
 0.05442719 0.04821524]
Running run_em_exact over 20 rho values, extending until FPR >= 0.3...
  rho=0.48215 (1/20)
    fp=0.0000 tp=0.0351  [18.5s]
   median nu  = 0.044
   median |eta| = 3.786
  rho=0.42712 (2/20)
    fp=0.0000 tp=0.0351  [18.9s]
   median nu  = 0.049
   median |eta| = 3.654
  rho=0.37837 (3/20)
    fp=0.0002 tp=0.0526  [19.2s]
   median nu  = 0.054
   median |eta| = 3.516
  rho=0.33519 (4/20)
    fp=0.0006 tp=0.0965  [20.0s]
   median nu  = 0.061
   median |eta| = 3.348
  rho=0.29693 (5/20)
    fp=0.0023 tp=0.1316  [31.7s]
   median nu  = 0.07
   median |eta| = 3.11
  rho=0.26304 (6/20)
    fp=0.0056 tp=0.1667  [31.2s]
   median nu  = 0.083
   median |eta| = 2.802
  rho=0.23302 (7/20)
    fp=0.0116 tp=0.2544  [31.2s]
   median nu  = 0.098
   median |eta| = 2.304
  rho=0.20643 (8/20)
    fp=0.0201 tp=0.2719  [31.0s]
   median nu  = 0.117
   median |eta| = 1.913
  rho=0.18287 (9/20)
    fp=0.0321 tp=0.3421  [31.9s]
   median nu  = 0.14
   median |eta| = 1.619
  rho=0.16199 (10/20)
    fp=0.0474 tp=0.4386  [30.1s]
   median nu  = 0.176
   median |eta| = 1.276
  rho=0.14351 (11/20)
    fp=0.0664 tp=0.4825  [30.1s]
   median nu  = 0.23
   median |eta| = 1.008
  rho=0.12713 (12/20)
    fp=0.0860 tp=0.5702  [33.2s]
   median nu  = 0.306
   median |eta| = 0.758
  rho=0.11262 (13/20)
    fp=0.1059 tp=0.5965  [33.0s]
   median nu  = 0.375
   median |eta| = 0.568
  rho=0.09976 (14/20)
    fp=0.1307 tp=0.6404  [51.5s]
   median nu  = 0.439
   median |eta| = 0.439
  rho=0.08838 (15/20)
    fp=0.1538 tp=0.6579  [90.2s]
   median nu  = 0.502
   median |eta| = 0.298
  rho=0.07829 (16/20)
    fp=0.1776 tp=0.6930  [94.5s]
   median nu  = 0.579
   median |eta| = 0.21
  rho=0.06936 (17/20)
    fp=0.1987 tp=0.7105  [92.2s]
   median nu  = 0.666
   median |eta| = 0.157
  rho=0.06144 (18/20)
    fp=0.2171 tp=0.7456  [80.3s]
   median nu  = 0.759
   median |eta| = 0.109
  rho=0.05443 (19/20)
    fp=0.2339 tp=0.7719  [57.3s]
   median nu  = 0.85
   median |eta| = 0.07
  rho=0.04822 (20/20)
    fp=0.2479 tp=0.7895  [49.0s]
   median nu  = 0.943
   median |eta| = 0.05
  rho=0.04271 (21/21)  [extra 1/50]
    fp=0.2645 tp=0.8070  [36.2s]
   median nu  = 1.076
   median |eta| = 0.034
  rho=0.03784 (22/22)  [extra 2/50]
    fp=0.2794 tp=0.8421  [33.0s]
   median nu  = 1.201
   median |eta| = 0.026
  rho=0.03352 (23/23)  [extra 3/50]
    fp=0.2938 tp=0.8772  [34.7s]
   median nu  = 1.313
   median |eta| = 0.02
  rho=0.02969 (24/24)  [extra 4/50]
    fp=0.3075 tp=0.8860  [31.0s]
   median nu  = 1.437
   median |eta| = 0.015
  FPR 0.3075 >= fp_end=0.3; stopping after 24 fits
  grid extended by 4 points down to rho=0.02969, ending at FPR 0.3075
  graphical_lasso rho_max = max|S_ij| (off-diag) = 0.59681
  rho grid: [0.59680982 0.528694   0.46835246 0.41489789 0.36754426 0.32559525
 0.28843402 0.25551412 0.22635148 0.20051725 0.17763158 0.15735791
 0.13939815 0.12348819 0.10939409 0.09690859 0.0858481  0.07604998
 0.06737015 0.05968098]
Running graphical_lasso over 20 rho values, extending until FPR >= 0.3...
  rho=0.59681 (1/20)
    fp=0.0000 tp=0.0000  [0.0s]
  rho=0.52869 (2/20)
    fp=0.0000 tp=0.0088  [0.0s]
  rho=0.46835 (3/20)
    fp=0.0000 tp=0.0351  [35.6s]
  rho=0.41490 (4/20)
    fp=0.0006 tp=0.0439  [32.8s]
  rho=0.36754 (5/20)
    fp=0.0017 tp=0.0965  [33.7s]
  rho=0.32560 (6/20)
    fp=0.0048 tp=0.1316  [35.9s]
  rho=0.28843 (7/20)
    fp=0.0101 tp=0.1842  [41.1s]
  rho=0.25551 (8/20)
    fp=0.0230 tp=0.2544  [36.4s]
  rho=0.22635 (9/20)
    fp=0.0426 tp=0.3246  [34.9s]
  rho=0.20052 (10/20)
    fp=0.0606 tp=0.3860  [33.9s]
  rho=0.17763 (11/20)
    fp=0.0858 tp=0.4474  [33.4s]
  rho=0.15736 (12/20)
    fp=0.1164 tp=0.5000  [43.2s]
  rho=0.13940 (13/20)
    fp=0.1493 tp=0.5789  [48.1s]
  rho=0.12349 (14/20)
    fp=0.1851 tp=0.6140  [0.5s]
  rho=0.10939 (15/20)
    fp=0.2200 tp=0.6667  [45.5s]
  rho=0.09691 (16/20)
    fp=0.2548 tp=0.6842  [0.1s]
  rho=0.08585 (17/20)
    fp=0.2897 tp=0.7018  [0.4s]
  rho=0.07605 (18/20)
    fp=0.3261 tp=0.7456  [0.1s]
  FPR 0.3261 >= fp_end=0.3; stopping after 18 fits
  [note] 12/18 fits hit a glasso ConvergenceWarning (suppressed)
  grid stopped 2 points early at rho=0.07605, ending at FPR 0.3261

(p=100, n=50) over 4 replicates
  t+lasso  (run_em_diagonal):    AUC = 0.193 (SE 0.006)
  ~t+lasso (run_em_exact):       AUC = 0.184 (SE 0.006)
  tlasso   (run_tlasso):         AUC = 0.156 (SE 0.006)
  t*lasso  (run_tstar_varlasso): AUC = 0.187 (SE 0.006)
  glasso   (graphical_lasso):    AUC = 0.155 (SE 0.006)
Replicate 5/50
  Theta: 86/4950 edges
  pilot fit of run_tlasso at rho=30.34854
  -> rho_max = max|S_ij| (off-diag) = 14.02793
  [warn] pilot rho 30.34854 > rho_max 14.02793: it falls off the top of this method's grid
  rho grid: [14.02792977 12.42687712 11.00855775  9.75211572  8.63907545  7.65307004
  6.7796006   6.00582302  5.32035916  4.7131295   4.1752049   3.69867536
  3.27653367  2.90257237  2.57129247  2.27782261  2.0178474   1.787544
  1.58352587  1.40279298]
Running run_tlasso over 20 rho values, extending until FPR >= 0.3...
  rho=14.02793 (1/20)
    fp=0.0000 tp=0.0000  [0.2s]
   nu  = 3.0000
  rho=12.42688 (2/20)
    fp=0.0000 tp=0.0000  [0.1s]
   nu  = 3.0000
  rho=11.00856 (3/20)
    fp=0.0000 tp=0.0000  [0.1s]
   nu  = 3.0000
  rho=9.75212 (4/20)
    fp=0.0000 tp=0.0116  [0.2s]
   nu  = 3.0000
  rho=8.63908 (5/20)
    fp=0.0002 tp=0.0116  [0.2s]
   nu  = 3.0000
  rho=7.65307 (6/20)
    fp=0.0004 tp=0.0116  [0.2s]
   nu  = 3.0000
  rho=6.77960 (7/20)
    fp=0.0004 tp=0.0349  [0.2s]
   nu  = 3.0000
  rho=6.00582 (8/20)
    fp=0.0008 tp=0.0465  [0.3s]
   nu  = 3.0000
  rho=5.32036 (9/20)
    fp=0.0014 tp=0.0814  [0.3s]
   nu  = 3.0000
  rho=4.71313 (10/20)
    fp=0.0039 tp=0.1395  [0.3s]
   nu  = 3.0000
  rho=4.17520 (11/20)
    fp=0.0066 tp=0.1860  [0.4s]
   nu  = 3.0000
  rho=3.69868 (12/20)
    fp=0.0109 tp=0.2093  [0.4s]
   nu  = 3.0000
  rho=3.27653 (13/20)
    fp=0.0185 tp=0.2558  [0.4s]
   nu  = 3.0000
  rho=2.90257 (14/20)
    fp=0.0296 tp=0.3256  [0.4s]
   nu  = 3.0000
  rho=2.57129 (15/20)
    fp=0.0518 tp=0.3721  [0.4s]
   nu  = 3.0000
  rho=2.27782 (16/20)
    fp=0.0818 tp=0.4884  [0.6s]
   nu  = 3.0000
  rho=2.01785 (17/20)
    fp=0.1219 tp=0.5930  [0.9s]
   nu  = 3.0000
  rho=1.78754 (18/20)
    fp=0.1678 tp=0.6628  [0.9s]
   nu  = 3.0000
  rho=1.58353 (19/20)
    fp=0.2109 tp=0.7093  [0.9s]
   nu  = 3.0000
  rho=1.40279 (20/20)
    fp=0.2492 tp=0.7442  [0.8s]
   nu  = 3.0000
  rho=1.24269 (21/21)  [extra 1/50]
    fp=0.2895 tp=0.7907  [1.0s]
   nu  = 3.0000
  rho=1.10086 (22/22)  [extra 2/50]
    fp=0.3310 tp=0.8023  [1.0s]
   nu  = 3.0000
  FPR 0.3310 >= fp_end=0.3; stopping after 22 fits
  grid extended by 2 points down to rho=1.10086, ending at FPR 0.3310
  pilot fit of run_tstar_varlasso at rho=0.30349
  -> rho_max = max|S_ij| (off-diag) = 0.44281
  rho grid: [0.44281286 0.39227321 0.34750181 0.30784031 0.27270551 0.24158076
 0.21400837 0.18958291 0.1679452  0.14877708 0.13179667 0.11675429
 0.10342875 0.0916241  0.08116674 0.07190292 0.06369641 0.05642654
 0.04998639 0.04428129]
Running run_tstar_varlasso over 20 rho values, extending until FPR >= 0.3...
  rho=0.44281 (1/20)
    fp=0.0000 tp=0.0116  [0.2s]
   nu  = 3.0000
  rho=0.39227 (2/20)
    fp=0.0002 tp=0.0233  [0.2s]
   nu  = 3.0000
  rho=0.34750 (3/20)
    fp=0.0004 tp=0.0349  [0.2s]
   nu  = 3.0000
  rho=0.30784 (4/20)
    fp=0.0006 tp=0.0814  [0.2s]
   nu  = 3.0000
  rho=0.27271 (5/20)
    fp=0.0029 tp=0.1628  [0.3s]
   nu  = 3.0000
  rho=0.24158 (6/20)
    fp=0.0049 tp=0.2093  [0.2s]
   nu  = 3.0000
  rho=0.21401 (7/20)
    fp=0.0093 tp=0.2674  [0.2s]
   nu  = 3.0000
  rho=0.18958 (8/20)
    fp=0.0171 tp=0.2907  [0.3s]
   nu  = 3.0000
  rho=0.16795 (9/20)
    fp=0.0257 tp=0.3256  [0.3s]
   nu  = 3.0000
  rho=0.14878 (10/20)
    fp=0.0401 tp=0.4070  [0.2s]
   nu  = 3.0000
  rho=0.13180 (11/20)
    fp=0.0557 tp=0.5000  [0.3s]
   nu  = 3.0000
  rho=0.11675 (12/20)
    fp=0.0763 tp=0.5814  [0.2s]
   nu  = 3.0000
  rho=0.10343 (13/20)
    fp=0.0993 tp=0.6628  [0.2s]
   nu  = 3.0000
  rho=0.09162 (14/20)
    fp=0.1252 tp=0.7209  [0.2s]
   nu  = 3.0000
  rho=0.08117 (15/20)
    fp=0.1528 tp=0.7674  [0.3s]
   nu  = 3.0000
  rho=0.07190 (16/20)
    fp=0.1782 tp=0.7907  [0.3s]
   nu  = 3.0000
  rho=0.06370 (17/20)
    fp=0.2037 tp=0.8023  [0.3s]
   nu  = 3.0000
  rho=0.05643 (18/20)
    fp=0.2292 tp=0.8023  [0.4s]
   nu  = 3.0000
  rho=0.04999 (19/20)
    fp=0.2529 tp=0.8140  [0.3s]
   nu  = 3.0000
  rho=0.04428 (20/20)
    fp=0.2767 tp=0.8256  [0.4s]
   nu  = 3.0000
  rho=0.03923 (21/21)  [extra 1/50]
    fp=0.2991 tp=0.8372  [0.4s]
   nu  = 3.0000
  rho=0.03475 (22/22)  [extra 2/50]
    fp=0.3220 tp=0.8605  [0.4s]
   nu  = 3.0000
  FPR 0.3220 >= fp_end=0.3; stopping after 22 fits
  grid extended by 2 points down to rho=0.03475, ending at FPR 0.3220
  pilot fit of run_em_diagonal at rho=0.30349
  -> rho_max = max|S_ij| (off-diag) = 0.62826
  rho grid: [0.6282595  0.55655423 0.49303291 0.43676148 0.38691249 0.34275292
 0.30363343 0.26897877 0.23827936 0.21108378 0.18699211 0.1656501
 0.14674392 0.12999557 0.11515875 0.10201532 0.09037198 0.08005754
 0.07092031 0.06282595]
Running run_em_diagonal over 20 rho values, extending until FPR >= 0.3...
  rho=0.62826 (1/20)
    fp=0.0000 tp=0.0116  [18.9s]
   median nu  = 0.038
   median |eta| = 4.735
  rho=0.55655 (2/20)
    fp=0.0000 tp=0.0116  [19.2s]
   median nu  = 0.04
   median |eta| = 4.757
  rho=0.49303 (3/20)
    fp=0.0006 tp=0.0116  [18.6s]
   median nu  = 0.043
   median |eta| = 4.703
  rho=0.43676 (4/20)
    fp=0.0008 tp=0.0581  [17.5s]
   median nu  = 0.047
   median |eta| = 4.863
  rho=0.38691 (5/20)
    fp=0.0023 tp=0.1047  [27.7s]
   median nu  = 0.05
   median |eta| = 4.61
  rho=0.34275 (6/20)
    fp=0.0051 tp=0.1628  [25.4s]
   median nu  = 0.055
   median |eta| = 4.343
  rho=0.30363 (7/20)
    fp=0.0097 tp=0.2209  [27.2s]
   median nu  = 0.061
   median |eta| = 4.302
  rho=0.26898 (8/20)
    fp=0.0175 tp=0.2791  [38.7s]
   median nu  = 0.071
   median |eta| = 4.232
  rho=0.23828 (9/20)
    fp=0.0290 tp=0.3256  [24.8s]
   median nu  = 0.084
   median |eta| = 4.184
  rho=0.21108 (10/20)
    fp=0.0446 tp=0.3721  [36.1s]
   median nu  = 0.097
   median |eta| = 3.823
  rho=0.18699 (11/20)
    fp=0.0611 tp=0.4651  [37.9s]
   median nu  = 0.116
   median |eta| = 3.609
  rho=0.16565 (12/20)
    fp=0.0777 tp=0.6047  [18.9s]
   median nu  = 0.142
   median |eta| = 3.399
  rho=0.14674 (13/20)
    fp=0.0993 tp=0.6512  [17.7s]
   median nu  = 0.175
   median |eta| = 3.078
  rho=0.13000 (14/20)
    fp=0.1197 tp=0.6860  [17.3s]
   median nu  = 0.205
   median |eta| = 2.956
  rho=0.11516 (15/20)
    fp=0.1347 tp=0.7093  [17.6s]
   median nu  = 0.213
   median |eta| = 2.29
  rho=0.10202 (16/20)
    fp=0.1505 tp=0.7442  [17.3s]
   median nu  = 0.245
   median |eta| = 2.136
  rho=0.09037 (17/20)
    fp=0.1680 tp=0.7791  [19.5s]
   median nu  = 0.265
   median |eta| = 1.949
  rho=0.08006 (18/20)
    fp=0.1828 tp=0.8023  [18.2s]
   median nu  = 0.287
   median |eta| = 1.609
  rho=0.07092 (19/20)
    fp=0.1978 tp=0.8023  [18.8s]
   median nu  = 0.341
   median |eta| = 1.102
  rho=0.06283 (20/20)
    fp=0.2124 tp=0.8140  [18.4s]
   median nu  = 0.35
   median |eta| = 1.003
  rho=0.05566 (21/21)  [extra 1/50]
    fp=0.2251 tp=0.8488  [18.3s]
   median nu  = 0.381
   median |eta| = 0.918
  rho=0.04930 (22/22)  [extra 2/50]
    fp=0.2405 tp=0.8488  [18.7s]
   median nu  = 0.523
   median |eta| = 0.619
  rho=0.04368 (23/23)  [extra 3/50]
    fp=0.2539 tp=0.8488  [18.1s]
   median nu  = 0.674
   median |eta| = 0.32
  rho=0.03869 (24/24)  [extra 4/50]
    fp=0.2599 tp=0.8721  [18.8s]
   median nu  = 0.702
   median |eta| = 0.282
  rho=0.03428 (25/25)  [extra 5/50]
    fp=0.2771 tp=0.8605  [18.5s]
   median nu  = 0.942
   median |eta| = 0.104
  rho=0.03036 (26/26)  [extra 6/50]
    fp=0.2872 tp=0.8837  [16.9s]
   median nu  = 1.069
   median |eta| = 0.072
  rho=0.02690 (27/27)  [extra 7/50]
    fp=0.2973 tp=0.8837  [16.5s]
   median nu  = 1.197
   median |eta| = 0.06
  rho=0.02383 (28/28)  [extra 8/50]
    fp=0.3115 tp=0.8953  [18.0s]
   median nu  = 1.347
   median |eta| = 0.036
  FPR 0.3115 >= fp_end=0.3; stopping after 28 fits
  grid extended by 8 points down to rho=0.02383, ending at FPR 0.3115
  pilot fit of run_em_exact at rho=0.30349
  -> rho_max = max|S_ij| (off-diag) = 0.62984
  rho grid: [0.62983811 0.55795267 0.49427174 0.43785892 0.38788468 0.34361415
 0.30439637 0.26965463 0.23887808 0.21161416 0.18746196 0.16606632
 0.14711264 0.1303222  0.11544811 0.10227165 0.09059906 0.0802587
 0.07109851 0.06298381]
Running run_em_exact over 20 rho values, extending until FPR >= 0.3...
  rho=0.62984 (1/20)
    fp=0.0000 tp=0.0116  [17.4s]
   median nu  = 0.038
   median |eta| = 4.73
  rho=0.55795 (2/20)
    fp=0.0000 tp=0.0116  [19.1s]
   median nu  = 0.04
   median |eta| = 4.754
  rho=0.49427 (3/20)
    fp=0.0006 tp=0.0116  [19.1s]
   median nu  = 0.043
   median |eta| = 4.695
  rho=0.43786 (4/20)
    fp=0.0008 tp=0.0581  [19.0s]
   median nu  = 0.047
   median |eta| = 4.754
  rho=0.38788 (5/20)
    fp=0.0023 tp=0.1047  [26.5s]
   median nu  = 0.05
   median |eta| = 4.549
  rho=0.34361 (6/20)
    fp=0.0053 tp=0.1628  [31.6s]
   median nu  = 0.055
   median |eta| = 4.181
  rho=0.30440 (7/20)
    fp=0.0099 tp=0.2209  [31.2s]
   median nu  = 0.061
   median |eta| = 3.738
  rho=0.26965 (8/20)
    fp=0.0179 tp=0.2791  [31.5s]
   median nu  = 0.071
   median |eta| = 3.476
  rho=0.23888 (9/20)
    fp=0.0304 tp=0.3256  [32.4s]
   median nu  = 0.084
   median |eta| = 2.794
  rho=0.21161 (10/20)
    fp=0.0477 tp=0.3721  [30.4s]
   median nu  = 0.105
   median |eta| = 2.367
  rho=0.18746 (11/20)
    fp=0.0660 tp=0.4767  [30.2s]
   median nu  = 0.13
   median |eta| = 1.818
  rho=0.16607 (12/20)
    fp=0.0863 tp=0.6047  [29.9s]
   median nu  = 0.167
   median |eta| = 1.274
  rho=0.14711 (13/20)
    fp=0.1055 tp=0.6512  [29.3s]
   median nu  = 0.222
   median |eta| = 0.889
  rho=0.13032 (14/20)
    fp=0.1289 tp=0.6977  [29.4s]
   median nu  = 0.289
   median |eta| = 0.566
  rho=0.11545 (15/20)
    fp=0.1501 tp=0.7093  [65.1s]
   median nu  = 0.391
   median |eta| = 0.402
  rho=0.10227 (16/20)
    fp=0.1715 tp=0.7558  [90.0s]
   median nu  = 0.482
   median |eta| = 0.279
  rho=0.09060 (17/20)
    fp=0.1885 tp=0.7907  [95.3s]
   median nu  = 0.581
   median |eta| = 0.187
  rho=0.08026 (18/20)
    fp=0.2066 tp=0.8023  [89.9s]
   median nu  = 0.665
   median |eta| = 0.132
  rho=0.07110 (19/20)
    fp=0.2245 tp=0.8140  [78.8s]
   median nu  = 0.743
   median |eta| = 0.09
  rho=0.06298 (20/20)
    fp=0.2428 tp=0.8256  [54.1s]
   median nu  = 0.84
   median |eta| = 0.063
  rho=0.05580 (21/21)  [extra 1/50]
    fp=0.2611 tp=0.8372  [43.8s]
   median nu  = 0.935
   median |eta| = 0.045
  rho=0.04943 (22/22)  [extra 2/50]
    fp=0.2755 tp=0.8488  [27.9s]
   median nu  = 1.065
   median |eta| = 0.032
  rho=0.04379 (23/23)  [extra 3/50]
    fp=0.2864 tp=0.8372  [22.8s]
   median nu  = 1.204
   median |eta| = 0.023
  rho=0.03879 (24/24)  [extra 4/50]
    fp=0.3004 tp=0.8488  [20.7s]
   median nu  = 1.333
   median |eta| = 0.016
  FPR 0.3004 >= fp_end=0.3; stopping after 24 fits
  grid extended by 4 points down to rho=0.03879, ending at FPR 0.3004
  graphical_lasso rho_max = max|S_ij| (off-diag) = 0.65943
  rho grid: [0.65942937 0.58416658 0.51749378 0.45843055 0.4061084  0.35975795
 0.31869762 0.28232363 0.25010113 0.22155629 0.19626936 0.17386851
 0.15402433 0.13644504 0.12087213 0.10707661 0.09485561 0.08402944
 0.07443889 0.06594294]
Running graphical_lasso over 20 rho values, extending until FPR >= 0.3...
  rho=0.65943 (1/20)
    fp=0.0000 tp=0.0000  [0.0s]
  rho=0.58417 (2/20)
    fp=0.0000 tp=0.0116  [0.0s]
  rho=0.51749 (3/20)
    fp=0.0006 tp=0.0116  [39.1s]
  rho=0.45843 (4/20)
    fp=0.0010 tp=0.0581  [0.0s]
  rho=0.40611 (5/20)
    fp=0.0033 tp=0.1163  [38.2s]
  rho=0.35976 (6/20)
    fp=0.0076 tp=0.1628  [34.4s]
  rho=0.31870 (7/20)
    fp=0.0146 tp=0.2326  [33.5s]
  rho=0.28232 (8/20)
    fp=0.0261 tp=0.2791  [36.5s]
  rho=0.25010 (9/20)
    fp=0.0432 tp=0.3488  [39.6s]
  rho=0.22156 (10/20)
    fp=0.0705 tp=0.4302  [37.0s]
  rho=0.19627 (11/20)
    fp=0.0950 tp=0.5000  [0.1s]
  rho=0.17387 (12/20)
    fp=0.1250 tp=0.6047  [0.2s]
  rho=0.15402 (13/20)
    fp=0.1583 tp=0.6628  [35.4s]
  rho=0.13645 (14/20)
    fp=0.1974 tp=0.7093  [0.1s]
  rho=0.12087 (15/20)
    fp=0.2309 tp=0.7209  [35.0s]
  rho=0.10708 (16/20)
    fp=0.2607 tp=0.7558  [0.1s]
  rho=0.09486 (17/20)
    fp=0.2975 tp=0.7907  [1.1s]
  rho=0.08403 (18/20)
    fp=0.3320 tp=0.8023  [0.5s]
  FPR 0.3320 >= fp_end=0.3; stopping after 18 fits
  [note] 9/18 fits hit a glasso ConvergenceWarning (suppressed)
  grid stopped 2 points early at rho=0.08403, ending at FPR 0.3320

(p=100, n=50) over 5 replicates
  t+lasso  (run_em_diagonal):    AUC = 0.194 (SE 0.005)
  ~t+lasso (run_em_exact):       AUC = 0.187 (SE 0.005)
  tlasso   (run_tlasso):         AUC = 0.159 (SE 0.006)
  t*lasso  (run_tstar_varlasso): AUC = 0.189 (SE 0.006)
  glasso   (graphical_lasso):    AUC = 0.159 (SE 0.006)
Replicate 6/50
  Theta: 113/4950 edges
  pilot fit of run_tlasso at rho=30.34854
  -> rho_max = max|S_ij| (off-diag) = 16.01406
  [warn] pilot rho 30.34854 > rho_max 16.01406: it falls off the top of this method's grid
  rho grid: [16.01405658 14.1863209  12.56719056 11.13285677  9.86222809  8.73662035
  7.73948183  6.85614993  6.07363553  5.38043201  4.76634604  4.22234767
  3.74043758  3.31352943  2.93534568  2.60032526  2.30354179  2.04063117
  1.80772739  1.60140566]
Running run_tlasso over 20 rho values, extending until FPR >= 0.3...
  rho=16.01406 (1/20)
    fp=0.0000 tp=0.0000  [0.2s]
   nu  = 3.0000
  rho=14.18632 (2/20)
    fp=0.0000 tp=0.0000  [0.1s]
   nu  = 3.0000
  rho=12.56719 (3/20)
    fp=0.0000 tp=0.0000  [0.1s]
   nu  = 3.0000
  rho=11.13286 (4/20)
    fp=0.0004 tp=0.0088  [0.2s]
   nu  = 3.0000
  rho=9.86223 (5/20)
    fp=0.0004 tp=0.0177  [0.2s]
   nu  = 3.0000
  rho=8.73662 (6/20)
    fp=0.0006 tp=0.0265  [0.2s]
   nu  = 3.0000
  rho=7.73948 (7/20)
    fp=0.0006 tp=0.0265  [0.2s]
   nu  = 3.0000
  rho=6.85615 (8/20)
    fp=0.0008 tp=0.0354  [0.2s]
   nu  = 3.0000
  rho=6.07364 (9/20)
    fp=0.0012 tp=0.0354  [0.3s]
   nu  = 3.0000
  rho=5.38043 (10/20)
    fp=0.0019 tp=0.0531  [0.3s]
   nu  = 3.0000
  rho=4.76635 (11/20)
    fp=0.0029 tp=0.0619  [0.3s]
   nu  = 3.0000
  rho=4.22235 (12/20)
    fp=0.0043 tp=0.0796  [0.3s]
   nu  = 3.0000
  rho=3.74044 (13/20)
    fp=0.0066 tp=0.0885  [0.4s]
   nu  = 3.0000
  rho=3.31353 (14/20)
    fp=0.0101 tp=0.1327  [0.5s]
   nu  = 3.0000
  rho=2.93535 (15/20)
    fp=0.0167 tp=0.1504  [0.4s]
   nu  = 3.0000
  rho=2.60033 (16/20)
    fp=0.0308 tp=0.2124  [0.3s]
   nu  = 3.0000
  rho=2.30354 (17/20)
    fp=0.0471 tp=0.2832  [0.3s]
   nu  = 3.0000
  rho=2.04063 (18/20)
    fp=0.0744 tp=0.4425  [0.5s]
   nu  = 3.0000
  rho=1.80773 (19/20)
    fp=0.1141 tp=0.5929  [1.0s]
   nu  = 3.0000
  rho=1.60141 (20/20)
    fp=0.1598 tp=0.6814  [1.0s]
   nu  = 3.0000
  rho=1.41863 (21/21)  [extra 1/50]
    fp=0.2080 tp=0.7257  [0.9s]
   nu  = 3.0000
  rho=1.25672 (22/22)  [extra 2/50]
    fp=0.2497 tp=0.7611  [0.8s]
   nu  = 3.0000
  rho=1.11329 (23/23)  [extra 3/50]
    fp=0.2909 tp=0.7788  [0.8s]
   nu  = 3.0000
  rho=0.98622 (24/24)  [extra 4/50]
    fp=0.3289 tp=0.8053  [1.2s]
   nu  = 3.0000
  FPR 0.3289 >= fp_end=0.3; stopping after 24 fits
  grid extended by 4 points down to rho=0.98622, ending at FPR 0.3289
  pilot fit of run_tstar_varlasso at rho=0.30349
  -> rho_max = max|S_ij| (off-diag) = 0.46979
  rho grid: [0.46979393 0.41617484 0.36867547 0.32659736 0.28932175 0.25630053
 0.22704813 0.2011344  0.17817828 0.15784222 0.13982718 0.12386826
 0.10973078 0.09720685 0.08611232 0.07628405 0.0675775  0.05986467
 0.05303212 0.04697939]
Running run_tstar_varlasso over 20 rho values, extending until FPR >= 0.3...
  rho=0.46979 (1/20)
    fp=0.0000 tp=0.0088  [0.2s]
   nu  = 3.0000
  rho=0.41617 (2/20)
    fp=0.0000 tp=0.0088  [0.2s]
   nu  = 3.0000
  rho=0.36868 (3/20)
    fp=0.0004 tp=0.0354  [0.2s]
   nu  = 3.0000
  rho=0.32660 (4/20)
    fp=0.0004 tp=0.0354  [0.2s]
   nu  = 3.0000
  rho=0.28932 (5/20)
    fp=0.0006 tp=0.0442  [0.2s]
   nu  = 3.0000
  rho=0.25630 (6/20)
    fp=0.0021 tp=0.0796  [0.2s]
   nu  = 3.0000
  rho=0.22705 (7/20)
    fp=0.0027 tp=0.1062  [0.2s]
   nu  = 3.0000
  rho=0.20113 (8/20)
    fp=0.0052 tp=0.1504  [0.2s]
   nu  = 3.0000
  rho=0.17818 (9/20)
    fp=0.0093 tp=0.2035  [0.2s]
   nu  = 3.0000
  rho=0.15784 (10/20)
    fp=0.0184 tp=0.2478  [0.2s]
   nu  = 3.0000
  rho=0.13983 (11/20)
    fp=0.0320 tp=0.3717  [0.2s]
   nu  = 3.0000
  rho=0.12387 (12/20)
    fp=0.0442 tp=0.4690  [0.2s]
   nu  = 3.0000
  rho=0.10973 (13/20)
    fp=0.0637 tp=0.5221  [0.2s]
   nu  = 3.0000
  rho=0.09721 (14/20)
    fp=0.0875 tp=0.6106  [0.2s]
   nu  = 3.0000
  rho=0.08611 (15/20)
    fp=0.1077 tp=0.6726  [0.2s]
   nu  = 3.0000
  rho=0.07628 (16/20)
    fp=0.1323 tp=0.7168  [0.3s]
   nu  = 3.0000
  rho=0.06758 (17/20)
    fp=0.1608 tp=0.7522  [0.3s]
   nu  = 3.0000
  rho=0.05986 (18/20)
    fp=0.1838 tp=0.7965  [0.3s]
   nu  = 3.0000
  rho=0.05303 (19/20)
    fp=0.2103 tp=0.8053  [0.2s]
   nu  = 3.0000
  rho=0.04698 (20/20)
    fp=0.2338 tp=0.8407  [0.3s]
   nu  = 3.0000
  rho=0.04162 (21/21)  [extra 1/50]
    fp=0.2562 tp=0.8761  [0.3s]
   nu  = 3.0000
  rho=0.03687 (22/22)  [extra 2/50]
    fp=0.2801 tp=0.8850  [0.4s]
   nu  = 3.0000
  rho=0.03266 (23/23)  [extra 3/50]
    fp=0.3006 tp=0.8850  [0.5s]
   nu  = 3.0000
  FPR 0.3006 >= fp_end=0.3; stopping after 23 fits
  grid extended by 3 points down to rho=0.03266, ending at FPR 0.3006
  pilot fit of run_em_diagonal at rho=0.30349
  -> rho_max = max|S_ij| (off-diag) = 0.58893
  rho grid: [0.58892862 0.5217123  0.4621676  0.40941893 0.36269064 0.32129559
 0.28462509 0.25213992 0.22336238 0.19786931 0.17528585 0.15527992
 0.13755732 0.12185746 0.10794948 0.09562886 0.08471443 0.0750457
 0.06648049 0.05889286]
Running run_em_diagonal over 20 rho values, extending until FPR >= 0.3...
  rho=0.58893 (1/20)
    fp=0.0004 tp=0.0177  [19.9s]
   median nu  = 0.036
   median |eta| = 4.057
  rho=0.52171 (2/20)
    fp=0.0004 tp=0.0265  [19.0s]
   median nu  = 0.037
   median |eta| = 4.422
  rho=0.46217 (3/20)
    fp=0.0004 tp=0.0265  [18.3s]
   median nu  = 0.04
   median |eta| = 4.336
  rho=0.40942 (4/20)
    fp=0.0008 tp=0.0442  [18.1s]
   median nu  = 0.042
   median |eta| = 4.017
  rho=0.36269 (5/20)
    fp=0.0012 tp=0.0619  [27.4s]
   median nu  = 0.045
   median |eta| = 3.761
  rho=0.32130 (6/20)
    fp=0.0023 tp=0.0973  [26.2s]
   median nu  = 0.05
   median |eta| = 3.621
  rho=0.28463 (7/20)
    fp=0.0041 tp=0.1150  [27.3s]
   median nu  = 0.055
   median |eta| = 3.401
  rho=0.25214 (8/20)
    fp=0.0085 tp=0.1416  [39.6s]
   median nu  = 0.064
   median |eta| = 3.18
  rho=0.22336 (9/20)
    fp=0.0151 tp=0.2035  [23.4s]
   median nu  = 0.074
   median |eta| = 2.995
  rho=0.19787 (10/20)
    fp=0.0246 tp=0.3186  [38.1s]
   median nu  = 0.09
   median |eta| = 2.967
  rho=0.17529 (11/20)
    fp=0.0393 tp=0.4159  [36.1s]
   median nu  = 0.109
   median |eta| = 2.888
  rho=0.15528 (12/20)
    fp=0.0531 tp=0.5221  [18.6s]
   median nu  = 0.128
   median |eta| = 2.717
  rho=0.13756 (13/20)
    fp=0.0734 tp=0.5929  [18.2s]
   median nu  = 0.152
   median |eta| = 2.517
  rho=0.12186 (14/20)
    fp=0.0932 tp=0.6637  [17.7s]
   median nu  = 0.172
   median |eta| = 2.473
  rho=0.10795 (15/20)
    fp=0.1087 tp=0.7080  [17.8s]
   median nu  = 0.193
   median |eta| = 2.294
  rho=0.09563 (16/20)
    fp=0.1305 tp=0.7345  [18.5s]
   median nu  = 0.198
   median |eta| = 2.256
  rho=0.08471 (17/20)
    fp=0.1517 tp=0.7611  [17.3s]
   median nu  = 0.217
   median |eta| = 2.229
  rho=0.07505 (18/20)
    fp=0.1689 tp=0.7876  [19.1s]
   median nu  = 0.226
   median |eta| = 2.449
  rho=0.06648 (19/20)
    fp=0.1873 tp=0.8230  [18.6s]
   median nu  = 0.233
   median |eta| = 2.564
  rho=0.05889 (20/20)
    fp=0.1985 tp=0.8407  [18.1s]
   median nu  = 0.236
   median |eta| = 2.564
  rho=0.05217 (21/21)  [extra 1/50]
    fp=0.2092 tp=0.8496  [18.0s]
   median nu  = 0.244
   median |eta| = 2.895
  rho=0.04622 (22/22)  [extra 2/50]
    fp=0.2185 tp=0.8850  [17.8s]
   median nu  = 0.232
   median |eta| = 3.274
  rho=0.04094 (23/23)  [extra 3/50]
    fp=0.2309 tp=0.8850  [18.2s]
   median nu  = 0.224
   median |eta| = 3.685
  rho=0.03627 (24/24)  [extra 4/50]
    fp=0.2440 tp=0.8938  [18.8s]
   median nu  = 0.296
   median |eta| = 4.023
  rho=0.03213 (25/25)  [extra 5/50]
    fp=0.2530 tp=0.9027  [18.1s]
   median nu  = 0.262
   median |eta| = 4.668
  rho=0.02846 (26/26)  [extra 6/50]
    fp=0.2630 tp=0.9027  [17.3s]
   median nu  = 0.325
   median |eta| = 3.264
  rho=0.02521 (27/27)  [extra 7/50]
    fp=0.2750 tp=0.9204  [18.2s]
   median nu  = 0.363
   median |eta| = 2.667
  rho=0.02234 (28/28)  [extra 8/50]
    fp=0.2855 tp=0.9027  [18.3s]
   median nu  = 0.527
   median |eta| = 0.927
  rho=0.01979 (29/29)  [extra 9/50]
    fp=0.2971 tp=0.9115  [18.2s]
   median nu  = 0.522
   median |eta| = 0.981
  rho=0.01753 (30/30)  [extra 10/50]
    fp=0.3087 tp=0.8938  [17.5s]
   median nu  = 0.909
   median |eta| = 0.245
  FPR 0.3087 >= fp_end=0.3; stopping after 30 fits
  grid extended by 10 points down to rho=0.01753, ending at FPR 0.3087
  pilot fit of run_em_exact at rho=0.30349
  -> rho_max = max|S_ij| (off-diag) = 0.61445
  rho grid: [0.61444781 0.54431891 0.48219405 0.42715969 0.37840659 0.33521783
 0.29695834 0.26306553 0.23304102 0.2064433  0.18288126 0.16200844
 0.14351789 0.12713774 0.1126271  0.09977261 0.08838524 0.07829755
 0.0693612  0.06144478]
Running run_em_exact over 20 rho values, extending until FPR >= 0.3...
  rho=0.61445 (1/20)
    fp=0.0004 tp=0.0177  [19.0s]
   median nu  = 0.035
   median |eta| = 3.95
  rho=0.54432 (2/20)
    fp=0.0004 tp=0.0177  [19.3s]
   median nu  = 0.037
   median |eta| = 4.325
  rho=0.48219 (3/20)
    fp=0.0004 tp=0.0265  [28.6s]
   median nu  = 0.039
   median |eta| = 4.183
  rho=0.42716 (4/20)
    fp=0.0008 tp=0.0354  [31.4s]
   median nu  = 0.041
   median |eta| = 4.008
  rho=0.37841 (5/20)
    fp=0.0010 tp=0.0531  [31.6s]
   median nu  = 0.044
   median |eta| = 3.793
  rho=0.33522 (6/20)
    fp=0.0023 tp=0.0796  [32.0s]
   median nu  = 0.048
   median |eta| = 3.539
  rho=0.29696 (7/20)
    fp=0.0035 tp=0.1150  [32.5s]
   median nu  = 0.053
   median |eta| = 3.293
  rho=0.26307 (8/20)
    fp=0.0074 tp=0.1327  [30.8s]
   median nu  = 0.061
   median |eta| = 3.078
  rho=0.23304 (9/20)
    fp=0.0147 tp=0.1947  [31.4s]
   median nu  = 0.071
   median |eta| = 2.614
  rho=0.20644 (10/20)
    fp=0.0221 tp=0.2743  [30.7s]
   median nu  = 0.085
   median |eta| = 2.296
  rho=0.18288 (11/20)
    fp=0.0364 tp=0.3894  [30.8s]
   median nu  = 0.104
   median |eta| = 1.849
  rho=0.16201 (12/20)
    fp=0.0523 tp=0.4956  [31.1s]
   median nu  = 0.135
   median |eta| = 1.435
  rho=0.14352 (13/20)
    fp=0.0736 tp=0.5841  [72.3s]
   median nu  = 0.184
   median |eta| = 1.255
  rho=0.12714 (14/20)
    fp=0.0959 tp=0.6726  [79.4s]
   median nu  = 0.224
   median |eta| = 0.97
  rho=0.11263 (15/20)
    fp=0.1149 tp=0.6991  [82.2s]
   median nu  = 0.288
   median |eta| = 0.731
  rho=0.09977 (16/20)
    fp=0.1393 tp=0.7257  [79.3s]
   median nu  = 0.362
   median |eta| = 0.553
  rho=0.08839 (17/20)
    fp=0.1642 tp=0.7699  [81.5s]
   median nu  = 0.433
   median |eta| = 0.39
  rho=0.07830 (18/20)
    fp=0.1819 tp=0.7876  [56.1s]
   median nu  = 0.515
   median |eta| = 0.293
  rho=0.06936 (19/20)
    fp=0.2010 tp=0.8230  [45.0s]
   median nu  = 0.596
   median |eta| = 0.188
  rho=0.06144 (20/20)
    fp=0.2202 tp=0.8584  [30.4s]
   median nu  = 0.675
   median |eta| = 0.115
  rho=0.05443 (21/21)  [extra 1/50]
    fp=0.2386 tp=0.8850  [30.4s]
   median nu  = 0.789
   median |eta| = 0.083
  rho=0.04822 (22/22)  [extra 2/50]
    fp=0.2549 tp=0.8938  [30.9s]
   median nu  = 0.879
   median |eta| = 0.066
  rho=0.04272 (23/23)  [extra 3/50]
    fp=0.2661 tp=0.8938  [34.1s]
   median nu  = 0.999
   median |eta| = 0.046
  rho=0.03784 (24/24)  [extra 4/50]
    fp=0.2828 tp=0.9027  [32.2s]
   median nu  = 1.115
   median |eta| = 0.034
  rho=0.03352 (25/25)  [extra 5/50]
    fp=0.2950 tp=0.9027  [26.0s]
   median nu  = 1.208
   median |eta| = 0.024
  rho=0.02970 (26/26)  [extra 6/50]
    fp=0.3103 tp=0.9115  [19.9s]
   median nu  = 1.308
   median |eta| = 0.018
  FPR 0.3103 >= fp_end=0.3; stopping after 26 fits
  grid extended by 6 points down to rho=0.02970, ending at FPR 0.3103
  graphical_lasso rho_max = max|S_ij| (off-diag) = 0.76130
  rho grid: [0.76129795 0.67440857 0.59743616 0.52924885 0.46884398 0.41533331
 0.36792999 0.32593696 0.28873673 0.25578228 0.22658903 0.20072769
 0.177818   0.15752306 0.13954445 0.12361779 0.1095089  0.09701029
 0.0859382  0.0761298 ]
Running graphical_lasso over 20 rho values, extending until FPR >= 0.3...
  rho=0.76130 (1/20)
    fp=0.0000 tp=0.0000  [0.0s]
  rho=0.67441 (2/20)
    fp=0.0004 tp=0.0088  [0.0s]
  rho=0.59744 (3/20)
    fp=0.0006 tp=0.0177  [33.7s]
  rho=0.52925 (4/20)
    fp=0.0006 tp=0.0265  [35.8s]
  rho=0.46884 (5/20)
    fp=0.0010 tp=0.0265  [40.7s]
  rho=0.41533 (6/20)
    fp=0.0021 tp=0.0531  [0.1s]
  rho=0.36793 (7/20)
    fp=0.0033 tp=0.0619  [35.7s]
  rho=0.32594 (8/20)
    fp=0.0066 tp=0.0973  [35.4s]
  rho=0.28874 (9/20)
    fp=0.0112 tp=0.1416  [33.9s]
  rho=0.25578 (10/20)
    fp=0.0244 tp=0.1858  [34.2s]
  rho=0.22659 (11/20)
    fp=0.0424 tp=0.2743  [42.7s]
  rho=0.20073 (12/20)
    fp=0.0643 tp=0.4071  [0.1s]
  rho=0.17782 (13/20)
    fp=0.0895 tp=0.5044  [48.3s]
  rho=0.15752 (14/20)
    fp=0.1226 tp=0.5929  [0.2s]
  rho=0.13954 (15/20)
    fp=0.1524 tp=0.6460  [0.2s]
  rho=0.12362 (16/20)
    fp=0.1877 tp=0.7080  [0.1s]
  rho=0.10951 (17/20)
    fp=0.2237 tp=0.7168  [0.6s]
  rho=0.09701 (18/20)
    fp=0.2549 tp=0.7522  [0.2s]
  rho=0.08594 (19/20)
    fp=0.2867 tp=0.7876  [0.8s]
  rho=0.07613 (20/20)
    fp=0.3192 tp=0.8142  [0.5s]
  FPR 0.3192 >= fp_end=0.3; stopping after 20 fits
  [note] 9/20 fits hit a glasso ConvergenceWarning (suppressed)

(p=100, n=50) over 6 replicates
  t+lasso  (run_em_diagonal):    AUC = 0.197 (SE 0.005)
  ~t+lasso (run_em_exact):       AUC = 0.190 (SE 0.005)
  tlasso   (run_tlasso):         AUC = 0.161 (SE 0.005)
  t*lasso  (run_tstar_varlasso): AUC = 0.192 (SE 0.005)
  glasso   (graphical_lasso):    AUC = 0.160 (SE 0.005)
Replicate 7/50
  Theta: 104/4950 edges
  pilot fit of run_tlasso at rho=30.34854
  -> rho_max = max|S_ij| (off-diag) = 14.63242
  [warn] pilot rho 30.34854 > rho_max 14.63242: it falls off the top of this method's grid
  rho grid: [14.63242103 12.96237586 11.4829383  10.17235369  9.01135032  7.98285598
  7.07174701  6.26462582  5.54962397  4.91622758  4.35512274  3.85805861
  3.417726    3.02764996  2.68209455  2.37597849  2.10480044  1.86457281
  1.65176313  1.4632421 ]
Running run_tlasso over 20 rho values, extending until FPR >= 0.3...
  rho=14.63242 (1/20)
    fp=0.0000 tp=0.0000  [0.2s]
   nu  = 3.0000
  rho=12.96238 (2/20)
    fp=0.0000 tp=0.0000  [0.1s]
   nu  = 3.0000
  rho=11.48294 (3/20)
    fp=0.0000 tp=0.0000  [0.1s]
   nu  = 3.0000
  rho=10.17235 (4/20)
    fp=0.0000 tp=0.0096  [0.2s]
   nu  = 3.0000
  rho=9.01135 (5/20)
    fp=0.0000 tp=0.0192  [0.2s]
   nu  = 3.0000
  rho=7.98286 (6/20)
    fp=0.0000 tp=0.0192  [0.2s]
   nu  = 3.0000
  rho=7.07175 (7/20)
    fp=0.0002 tp=0.0192  [0.2s]
   nu  = 3.0000
  rho=6.26463 (8/20)
    fp=0.0010 tp=0.0192  [0.3s]
   nu  = 3.0000
  rho=5.54962 (9/20)
    fp=0.0023 tp=0.0385  [0.3s]
   nu  = 3.0000
  rho=4.91623 (10/20)
    fp=0.0031 tp=0.0769  [0.3s]
   nu  = 3.0000
  rho=4.35512 (11/20)
    fp=0.0045 tp=0.1250  [0.3s]
   nu  = 3.0000
  rho=3.85806 (12/20)
    fp=0.0066 tp=0.1442  [0.4s]
   nu  = 3.0000
  rho=3.41773 (13/20)
    fp=0.0095 tp=0.1731  [0.5s]
   nu  = 3.0000
  rho=3.02765 (14/20)
    fp=0.0169 tp=0.2019  [0.3s]
   nu  = 3.0000
  rho=2.68209 (15/20)
    fp=0.0279 tp=0.2500  [0.4s]
   nu  = 3.0000
  rho=2.37598 (16/20)
    fp=0.0437 tp=0.3462  [0.4s]
   nu  = 3.0000
  rho=2.10480 (17/20)
    fp=0.0714 tp=0.3942  [0.5s]
   nu  = 3.0000
  rho=1.86457 (18/20)
    fp=0.1114 tp=0.5192  [0.7s]
   nu  = 3.0000
  rho=1.65176 (19/20)
    fp=0.1690 tp=0.6635  [1.0s]
   nu  = 3.0000
  rho=1.46324 (20/20)
    fp=0.2119 tp=0.7308  [0.9s]
   nu  = 3.0000
  rho=1.29624 (21/21)  [extra 1/50]
    fp=0.2577 tp=0.7404  [1.0s]
   nu  = 3.0000
  rho=1.14829 (22/22)  [extra 2/50]
    fp=0.2986 tp=0.7692  [1.0s]
   nu  = 3.0000
  rho=1.01724 (23/23)  [extra 3/50]
    fp=0.3368 tp=0.8077  [1.1s]
   nu  = 3.0000
  FPR 0.3368 >= fp_end=0.3; stopping after 23 fits
  grid extended by 3 points down to rho=1.01724, ending at FPR 0.3368
  pilot fit of run_tstar_varlasso at rho=0.30349
  -> rho_max = max|S_ij| (off-diag) = 0.40147
  rho grid: [0.40147244 0.3556511  0.3150595  0.27910075 0.24724608 0.2190271
 0.19402883 0.1718837  0.15226606 0.13488744 0.11949231 0.10585427
 0.09377278 0.08307019 0.07358912 0.06519016 0.0577498  0.05115863
 0.04531973 0.04014724]
Running run_tstar_varlasso over 20 rho values, extending until FPR >= 0.3...
  rho=0.40147 (1/20)
    fp=0.0000 tp=0.0096  [0.2s]
   nu  = 3.0000
  rho=0.35565 (2/20)
    fp=0.0000 tp=0.0192  [0.2s]
   nu  = 3.0000
  rho=0.31506 (3/20)
    fp=0.0006 tp=0.0385  [0.2s]
   nu  = 3.0000
  rho=0.27910 (4/20)
    fp=0.0010 tp=0.0481  [0.2s]
   nu  = 3.0000
  rho=0.24725 (5/20)
    fp=0.0021 tp=0.1058  [0.2s]
   nu  = 3.0000
  rho=0.21903 (6/20)
    fp=0.0047 tp=0.1635  [0.2s]
   nu  = 3.0000
  rho=0.19403 (7/20)
    fp=0.0085 tp=0.2019  [0.2s]
   nu  = 3.0000
  rho=0.17188 (8/20)
    fp=0.0140 tp=0.2404  [0.2s]
   nu  = 3.0000
  rho=0.15227 (9/20)
    fp=0.0243 tp=0.2885  [0.2s]
   nu  = 3.0000
  rho=0.13489 (10/20)
    fp=0.0359 tp=0.3558  [0.2s]
   nu  = 3.0000
  rho=0.11949 (11/20)
    fp=0.0563 tp=0.4615  [0.2s]
   nu  = 3.0000
  rho=0.10585 (12/20)
    fp=0.0807 tp=0.5769  [0.2s]
   nu  = 3.0000
  rho=0.09377 (13/20)
    fp=0.1048 tp=0.6635  [0.3s]
   nu  = 3.0000
  rho=0.08307 (14/20)
    fp=0.1312 tp=0.7212  [0.4s]
   nu  = 3.0000
  rho=0.07359 (15/20)
    fp=0.1585 tp=0.7596  [0.4s]
   nu  = 3.0000
  rho=0.06519 (16/20)
    fp=0.1785 tp=0.7981  [0.4s]
   nu  = 3.0000
  rho=0.05775 (17/20)
    fp=0.2037 tp=0.8269  [0.3s]
   nu  = 3.0000
  rho=0.05116 (18/20)
    fp=0.2266 tp=0.8462  [0.4s]
   nu  = 3.0000
  rho=0.04532 (19/20)
    fp=0.2530 tp=0.8558  [0.4s]
   nu  = 3.0000
  rho=0.04015 (20/20)
    fp=0.2782 tp=0.8654  [0.5s]
   nu  = 3.0000
  rho=0.03557 (21/21)  [extra 1/50]
    fp=0.2986 tp=0.8846  [0.4s]
   nu  = 3.0000
  rho=0.03151 (22/22)  [extra 2/50]
    fp=0.3219 tp=0.8846  [0.5s]
   nu  = 3.0000
  FPR 0.3219 >= fp_end=0.3; stopping after 22 fits
  grid extended by 2 points down to rho=0.03151, ending at FPR 0.3219
  pilot fit of run_em_diagonal at rho=0.30349
  -> rho_max = max|S_ij| (off-diag) = 0.59210
  rho grid: [0.59209787 0.52451984 0.4646547  0.41162217 0.36464241 0.3230246
 0.28615677 0.25349678 0.22456438 0.19893412 0.17622913 0.15611554
 0.13829757 0.12251322 0.1085304  0.09614347 0.08517031 0.07544955
 0.06683825 0.05920979]
Running run_em_diagonal over 20 rho values, extending until FPR >= 0.3...
  rho=0.59210 (1/20)
    fp=0.0000 tp=0.0096  [19.5s]
   median nu  = 0.039
   median |eta| = 4.336
  rho=0.52452 (2/20)
    fp=0.0000 tp=0.0096  [19.2s]
   median nu  = 0.041
   median |eta| = 4.354
  rho=0.46465 (3/20)
    fp=0.0002 tp=0.0192  [18.1s]
   median nu  = 0.045
   median |eta| = 4.307
  rho=0.41162 (4/20)
    fp=0.0006 tp=0.0192  [17.4s]
   median nu  = 0.048
   median |eta| = 4.033
  rho=0.36464 (5/20)
    fp=0.0014 tp=0.0769  [27.5s]
   median nu  = 0.053
   median |eta| = 3.781
  rho=0.32302 (6/20)
    fp=0.0037 tp=0.1250  [25.2s]
   median nu  = 0.059
   median |eta| = 3.447
  rho=0.28616 (7/20)
    fp=0.0056 tp=0.1731  [27.4s]
   median nu  = 0.066
   median |eta| = 3.172
  rho=0.25350 (8/20)
    fp=0.0105 tp=0.2115  [38.5s]
   median nu  = 0.075
   median |eta| = 3.1
  rho=0.22456 (9/20)
    fp=0.0194 tp=0.2500  [25.1s]
   median nu  = 0.085
   median |eta| = 2.979
  rho=0.19893 (10/20)
    fp=0.0314 tp=0.3462  [35.9s]
   median nu  = 0.099
   median |eta| = 3.013
  rho=0.17623 (11/20)
    fp=0.0481 tp=0.4327  [38.0s]
   median nu  = 0.118
   median |eta| = 2.956
  rho=0.15612 (12/20)
    fp=0.0640 tp=0.4904  [18.9s]
   median nu  = 0.141
   median |eta| = 2.961
  rho=0.13830 (13/20)
    fp=0.0867 tp=0.6058  [19.9s]
   median nu  = 0.167
   median |eta| = 2.919
  rho=0.12251 (14/20)
    fp=0.1061 tp=0.6731  [19.6s]
   median nu  = 0.196
   median |eta| = 2.718
  rho=0.10853 (15/20)
    fp=0.1284 tp=0.7115  [20.1s]
   median nu  = 0.231
   median |eta| = 2.599
  rho=0.09614 (16/20)
    fp=0.1469 tp=0.7788  [19.6s]
   median nu  = 0.236
   median |eta| = 2.625
  rho=0.08517 (17/20)
    fp=0.1669 tp=0.7885  [18.9s]
   median nu  = 0.259
   median |eta| = 2.53
  rho=0.07545 (18/20)
    fp=0.1826 tp=0.8365  [19.8s]
   median nu  = 0.277
   median |eta| = 2.267
  rho=0.06684 (19/20)
    fp=0.1954 tp=0.8558  [18.7s]
   median nu  = 0.302
   median |eta| = 1.986
  rho=0.05921 (20/20)
    fp=0.2088 tp=0.8750  [16.3s]
   median nu  = 0.34
   median |eta| = 1.45
  rho=0.05245 (21/21)  [extra 1/50]
    fp=0.2231 tp=0.8750  [17.1s]
   median nu  = 0.405
   median |eta| = 1.201
  rho=0.04647 (22/22)  [extra 2/50]
    fp=0.2416 tp=0.8750  [18.5s]
   median nu  = 0.425
   median |eta| = 1.031
  rho=0.04116 (23/23)  [extra 3/50]
    fp=0.2530 tp=0.8942  [17.6s]
   median nu  = 0.512
   median |eta| = 0.758
  rho=0.03646 (24/24)  [extra 4/50]
    fp=0.2705 tp=0.8942  [17.4s]
   median nu  = 0.644
   median |eta| = 0.377
  rho=0.03230 (25/25)  [extra 5/50]
    fp=0.2755 tp=0.9038  [18.3s]
   median nu  = 0.656
   median |eta| = 0.248
  rho=0.02862 (26/26)  [extra 6/50]
    fp=0.2908 tp=0.9135  [17.2s]
   median nu  = 0.72
   median |eta| = 0.18
  rho=0.02535 (27/27)  [extra 7/50]
    fp=0.3025 tp=0.9038  [17.1s]
   median nu  = 0.929
   median |eta| = 0.094
  FPR 0.3025 >= fp_end=0.3; stopping after 27 fits
  grid extended by 7 points down to rho=0.02535, ending at FPR 0.3025
  pilot fit of run_em_exact at rho=0.30349
  -> rho_max = max|S_ij| (off-diag) = 0.59983
  rho grid: [0.59983316 0.53137228 0.47072505 0.41699969 0.36940618 0.32724467
 0.28989518 0.25680852 0.22749814 0.20153304 0.17853143 0.15815506
 0.14010432 0.12411376 0.10994826 0.09739951 0.08628299 0.07643524
 0.06771144 0.05998332]
Running run_em_exact over 20 rho values, extending until FPR >= 0.3...
  rho=0.59983 (1/20)
    fp=0.0000 tp=0.0096  [18.8s]
   median nu  = 0.039
   median |eta| = 4.329
  rho=0.53137 (2/20)
    fp=0.0000 tp=0.0096  [18.6s]
   median nu  = 0.041
   median |eta| = 4.356
  rho=0.47073 (3/20)
    fp=0.0002 tp=0.0192  [19.0s]
   median nu  = 0.044
   median |eta| = 4.294
  rho=0.41700 (4/20)
    fp=0.0006 tp=0.0192  [19.3s]
   median nu  = 0.048
   median |eta| = 3.817
  rho=0.36941 (5/20)
    fp=0.0014 tp=0.0769  [18.8s]
   median nu  = 0.052
   median |eta| = 3.577
  rho=0.32724 (6/20)
    fp=0.0037 tp=0.1250  [31.5s]
   median nu  = 0.058
   median |eta| = 3.26
  rho=0.28990 (7/20)
    fp=0.0054 tp=0.1731  [31.1s]
   median nu  = 0.065
   median |eta| = 3.097
  rho=0.25681 (8/20)
    fp=0.0101 tp=0.2019  [31.7s]
   median nu  = 0.074
   median |eta| = 2.771
  rho=0.22750 (9/20)
    fp=0.0200 tp=0.2500  [31.2s]
   median nu  = 0.084
   median |eta| = 2.563
  rho=0.20153 (10/20)
    fp=0.0322 tp=0.3462  [32.7s]
   median nu  = 0.1
   median |eta| = 2.209
  rho=0.17853 (11/20)
    fp=0.0481 tp=0.4038  [30.4s]
   median nu  = 0.125
   median |eta| = 1.846
  rho=0.15816 (12/20)
    fp=0.0687 tp=0.4808  [31.1s]
   median nu  = 0.159
   median |eta| = 1.414
  rho=0.14010 (13/20)
    fp=0.0924 tp=0.6058  [33.1s]
   median nu  = 0.203
   median |eta| = 0.982
  rho=0.12411 (14/20)
    fp=0.1156 tp=0.6827  [33.3s]
   median nu  = 0.26
   median |eta| = 0.716
  rho=0.10995 (15/20)
    fp=0.1424 tp=0.7308  [50.4s]
   median nu  = 0.31
   median |eta| = 0.544
  rho=0.09740 (16/20)
    fp=0.1608 tp=0.7692  [90.4s]
   median nu  = 0.405
   median |eta| = 0.396
  rho=0.08628 (17/20)
    fp=0.1801 tp=0.7885  [95.5s]
   median nu  = 0.496
   median |eta| = 0.278
  rho=0.07644 (18/20)
    fp=0.2010 tp=0.8269  [93.0s]
   median nu  = 0.598
   median |eta| = 0.194
  rho=0.06771 (19/20)
    fp=0.2173 tp=0.8462  [81.0s]
   median nu  = 0.678
   median |eta| = 0.126
  rho=0.05998 (20/20)
    fp=0.2330 tp=0.8558  [57.3s]
   median nu  = 0.774
   median |eta| = 0.087
  rho=0.05314 (21/21)  [extra 1/50]
    fp=0.2476 tp=0.8558  [49.5s]
   median nu  = 0.883
   median |eta| = 0.065
  rho=0.04707 (22/22)  [extra 2/50]
    fp=0.2658 tp=0.8654  [26.0s]
   median nu  = 0.998
   median |eta| = 0.044
  rho=0.04170 (23/23)  [extra 3/50]
    fp=0.2800 tp=0.8750  [14.6s]
   median nu  = 1.11
   median |eta| = 0.032
  rho=0.03694 (24/24)  [extra 4/50]
    fp=0.2959 tp=0.8942  [12.8s]
   median nu  = 1.235
   median |eta| = 0.023
  rho=0.03272 (25/25)  [extra 5/50]
    fp=0.3079 tp=0.8942  [11.4s]
   median nu  = 1.347
   median |eta| = 0.016
  FPR 0.3079 >= fp_end=0.3; stopping after 25 fits
  grid extended by 5 points down to rho=0.03272, ending at FPR 0.3079
  graphical_lasso rho_max = max|S_ij| (off-diag) = 0.67923
  rho grid: [0.67923416 0.60171098 0.53303578 0.47219869 0.41830514 0.37056263
 0.32826913 0.29080272 0.25761247 0.22821033 0.20216396 0.17909034
 0.15865018 0.14054293 0.12450231 0.11029246 0.09770443 0.08655311
 0.07667453 0.06792342]
Running graphical_lasso over 20 rho values, extending until FPR >= 0.3...
  rho=0.67923 (1/20)
    fp=0.0000 tp=0.0000  [0.0s]
  rho=0.60171 (2/20)
    fp=0.0000 tp=0.0096  [0.0s]
  rho=0.53304 (3/20)
    fp=0.0002 tp=0.0192  [37.8s]
  rho=0.47220 (4/20)
    fp=0.0004 tp=0.0192  [40.2s]
  rho=0.41831 (5/20)
    fp=0.0023 tp=0.0288  [35.0s]
  rho=0.37056 (6/20)
    fp=0.0035 tp=0.1058  [33.3s]
  rho=0.32827 (7/20)
    fp=0.0070 tp=0.1538  [35.0s]
  rho=0.29080 (8/20)
    fp=0.0132 tp=0.2308  [36.4s]
  rho=0.25761 (9/20)
    fp=0.0258 tp=0.2500  [40.3s]
  rho=0.22821 (10/20)
    fp=0.0425 tp=0.3077  [35.4s]
  rho=0.20216 (11/20)
    fp=0.0660 tp=0.3942  [0.1s]
  rho=0.17909 (12/20)
    fp=0.0962 tp=0.4904  [0.0s]
  rho=0.15865 (13/20)
    fp=0.1277 tp=0.5577  [0.1s]
  rho=0.14054 (14/20)
    fp=0.1655 tp=0.6346  [36.3s]
  rho=0.12450 (15/20)
    fp=0.2018 tp=0.6923  [33.4s]
  rho=0.11029 (16/20)
    fp=0.2348 tp=0.7212  [0.1s]
  rho=0.09770 (17/20)
    fp=0.2730 tp=0.7500  [0.7s]
  rho=0.08655 (18/20)
    fp=0.3040 tp=0.7692  [0.2s]
  FPR 0.3040 >= fp_end=0.3; stopping after 18 fits
  [note] 10/18 fits hit a glasso ConvergenceWarning (suppressed)
  grid stopped 2 points early at rho=0.08655, ending at FPR 0.3040

(p=100, n=50) over 7 replicates
  t+lasso  (run_em_diagonal):    AUC = 0.199 (SE 0.004)
  ~t+lasso (run_em_exact):       AUC = 0.191 (SE 0.005)
  tlasso   (run_tlasso):         AUC = 0.162 (SE 0.005)
  t*lasso  (run_tstar_varlasso): AUC = 0.193 (SE 0.005)
  glasso   (graphical_lasso):    AUC = 0.161 (SE 0.005)
Replicate 8/50
  Theta: 95/4950 edges
  pilot fit of run_tlasso at rho=30.34854
  -> rho_max = max|S_ij| (off-diag) = 13.07261
  [warn] pilot rho 30.34854 > rho_max 13.07261: it falls off the top of this method's grid
  rho grid: [13.07260779 11.58058911 10.2588593   9.08798276  8.05074212  7.13188509
  6.31790015  5.59681793  4.95803513  4.39215867  3.89086751  3.44679031
  3.05339707  2.70490306  2.39618379  2.12269965  1.88042912  1.66580971
  1.4756855   1.30726078]
Running run_tlasso over 20 rho values, extending until FPR >= 0.3...
  rho=13.07261 (1/20)
    fp=0.0000 tp=0.0000  [0.2s]
   nu  = 3.0000
  rho=11.58059 (2/20)
    fp=0.0000 tp=0.0000  [0.1s]
   nu  = 3.0000
  rho=10.25886 (3/20)
    fp=0.0000 tp=0.0000  [0.1s]
   nu  = 3.0000
  rho=9.08798 (4/20)
    fp=0.0000 tp=0.0105  [0.2s]
   nu  = 3.0000
  rho=8.05074 (5/20)
    fp=0.0000 tp=0.0211  [0.2s]
   nu  = 3.0000
  rho=7.13189 (6/20)
    fp=0.0004 tp=0.0316  [0.2s]
   nu  = 3.0000
  rho=6.31790 (7/20)
    fp=0.0008 tp=0.0421  [0.3s]
   nu  = 3.0000
  rho=5.59682 (8/20)
    fp=0.0016 tp=0.0632  [0.3s]
   nu  = 3.0000
  rho=4.95804 (9/20)
    fp=0.0025 tp=0.0842  [0.3s]
   nu  = 3.0000
  rho=4.39216 (10/20)
    fp=0.0035 tp=0.1053  [0.3s]
   nu  = 3.0000
  rho=3.89087 (11/20)
    fp=0.0076 tp=0.1474  [0.3s]
   nu  = 3.0000
  rho=3.44679 (12/20)
    fp=0.0124 tp=0.1789  [0.5s]
   nu  = 3.0000
  rho=3.05340 (13/20)
    fp=0.0202 tp=0.2211  [0.4s]
   nu  = 3.0000
  rho=2.70490 (14/20)
    fp=0.0346 tp=0.2842  [0.4s]
   nu  = 3.0000
  rho=2.39618 (15/20)
    fp=0.0544 tp=0.3368  [0.2s]
   nu  = 3.0000
  rho=2.12270 (16/20)
    fp=0.0884 tp=0.4105  [0.8s]
   nu  = 3.0000
  rho=1.88043 (17/20)
    fp=0.1361 tp=0.4842  [1.1s]
   nu  = 3.0000
  rho=1.66581 (18/20)
    fp=0.1831 tp=0.5368  [1.0s]
   nu  = 3.0000
  rho=1.47569 (19/20)
    fp=0.2299 tp=0.5895  [0.9s]
   nu  = 3.0000
  rho=1.30726 (20/20)
    fp=0.2727 tp=0.6421  [0.7s]
   nu  = 3.0000
  rho=1.15806 (21/21)  [extra 1/50]
    fp=0.3147 tp=0.6737  [1.0s]
   nu  = 3.0000
  FPR 0.3147 >= fp_end=0.3; stopping after 21 fits
  grid extended by 1 points down to rho=1.15806, ending at FPR 0.3147
  pilot fit of run_tstar_varlasso at rho=0.30349
  -> rho_max = max|S_ij| (off-diag) = 0.44202
  rho grid: [0.44202211 0.39157271 0.34688126 0.30729059 0.27221852 0.24114935
 0.2136262  0.18924436 0.16764529 0.1485114  0.13156131 0.1165458
 0.10324405 0.09146048 0.0810218  0.07177452 0.06358267 0.05632577
 0.04989713 0.04420221]
Running run_tstar_varlasso over 20 rho values, extending until FPR >= 0.3...
  rho=0.44202 (1/20)
    fp=0.0000 tp=0.0105  [0.2s]
   nu  = 3.0000
  rho=0.39157 (2/20)
    fp=0.0000 tp=0.0316  [0.2s]
   nu  = 3.0000
  rho=0.34688 (3/20)
    fp=0.0002 tp=0.0421  [0.1s]
   nu  = 3.0000
  rho=0.30729 (4/20)
    fp=0.0008 tp=0.0737  [0.2s]
   nu  = 3.0000
  rho=0.27222 (5/20)
    fp=0.0010 tp=0.0947  [0.2s]
   nu  = 3.0000
  rho=0.24115 (6/20)
    fp=0.0039 tp=0.1368  [0.2s]
   nu  = 3.0000
  rho=0.21363 (7/20)
    fp=0.0078 tp=0.1789  [0.2s]
   nu  = 3.0000
  rho=0.18924 (8/20)
    fp=0.0142 tp=0.2316  [0.2s]
   nu  = 3.0000
  rho=0.16765 (9/20)
    fp=0.0229 tp=0.2632  [0.2s]
   nu  = 3.0000
  rho=0.14851 (10/20)
    fp=0.0352 tp=0.3474  [0.2s]
   nu  = 3.0000
  rho=0.13156 (11/20)
    fp=0.0556 tp=0.4211  [0.3s]
   nu  = 3.0000
  rho=0.11655 (12/20)
    fp=0.0750 tp=0.4632  [0.3s]
   nu  = 3.0000
  rho=0.10324 (13/20)
    fp=0.0982 tp=0.4947  [0.3s]
   nu  = 3.0000
  rho=0.09146 (14/20)
    fp=0.1221 tp=0.5895  [0.3s]
   nu  = 3.0000
  rho=0.08102 (15/20)
    fp=0.1493 tp=0.6105  [0.3s]
   nu  = 3.0000
  rho=0.07177 (16/20)
    fp=0.1794 tp=0.6632  [0.3s]
   nu  = 3.0000
  rho=0.06358 (17/20)
    fp=0.2035 tp=0.6947  [0.4s]
   nu  = 3.0000
  rho=0.05633 (18/20)
    fp=0.2307 tp=0.7158  [0.4s]
   nu  = 3.0000
  rho=0.04990 (19/20)
    fp=0.2560 tp=0.7158  [0.4s]
   nu  = 3.0000
  rho=0.04420 (20/20)
    fp=0.2818 tp=0.7895  [0.4s]
   nu  = 3.0000
  rho=0.03916 (21/21)  [extra 1/50]
    fp=0.3063 tp=0.7895  [0.4s]
   nu  = 3.0000
  FPR 0.3063 >= fp_end=0.3; stopping after 21 fits
  grid extended by 1 points down to rho=0.03916, ending at FPR 0.3063
  pilot fit of run_em_diagonal at rho=0.30349
  -> rho_max = max|S_ij| (off-diag) = 0.55563
  rho grid: [0.55563214 0.49221606 0.43603786 0.38627146 0.34218506 0.30313038
 0.26853314 0.23788459 0.21073406 0.1866823  0.16537565 0.1465008
 0.12978019 0.11496796 0.1018463  0.09022225 0.0799249  0.07080281
 0.06272186 0.05556321]
Running run_em_diagonal over 20 rho values, extending until FPR >= 0.3...
  rho=0.55563 (1/20)
    fp=0.0000 tp=0.0211  [19.2s]
   median nu  = 0.044
   median |eta| = 4.758
  rho=0.49222 (2/20)
    fp=0.0004 tp=0.0421  [19.3s]
   median nu  = 0.047
   median |eta| = 4.49
  rho=0.43604 (3/20)
    fp=0.0014 tp=0.0421  [18.7s]
   median nu  = 0.052
   median |eta| = 4.245
  rho=0.38627 (4/20)
    fp=0.0016 tp=0.0526  [17.5s]
   median nu  = 0.058
   median |eta| = 4.009
  rho=0.34219 (5/20)
    fp=0.0035 tp=0.1158  [27.3s]
   median nu  = 0.063
   median |eta| = 3.675
  rho=0.30313 (6/20)
    fp=0.0070 tp=0.1579  [25.1s]
   median nu  = 0.07
   median |eta| = 3.367
  rho=0.26853 (7/20)
    fp=0.0144 tp=0.1895  [27.5s]
   median nu  = 0.079
   median |eta| = 3.189
  rho=0.23788 (8/20)
    fp=0.0220 tp=0.2211  [37.4s]
   median nu  = 0.092
   median |eta| = 3.131
  rho=0.21073 (9/20)
    fp=0.0367 tp=0.2947  [25.9s]
   median nu  = 0.115
   median |eta| = 3.303
  rho=0.18668 (10/20)
    fp=0.0511 tp=0.3789  [34.6s]
   median nu  = 0.143
   median |eta| = 3.091
  rho=0.16538 (11/20)
    fp=0.0682 tp=0.4105  [39.3s]
   median nu  = 0.166
   median |eta| = 2.951
  rho=0.14650 (12/20)
    fp=0.0855 tp=0.4842  [18.5s]
   median nu  = 0.19
   median |eta| = 2.8
  rho=0.12978 (13/20)
    fp=0.1038 tp=0.5158  [18.1s]
   median nu  = 0.204
   median |eta| = 2.58
  rho=0.11497 (14/20)
    fp=0.1191 tp=0.5368  [17.6s]
   median nu  = 0.213
   median |eta| = 2.521
  rho=0.10185 (15/20)
    fp=0.1364 tp=0.5895  [17.8s]
   median nu  = 0.217
   median |eta| = 2.331
  rho=0.09022 (16/20)
    fp=0.1549 tp=0.6211  [19.0s]
   median nu  = 0.231
   median |eta| = 2.424
  rho=0.07992 (17/20)
    fp=0.1718 tp=0.6526  [18.3s]
   median nu  = 0.262
   median |eta| = 2.334
  rho=0.07080 (18/20)
    fp=0.1876 tp=0.6737  [16.8s]
   median nu  = 0.264
   median |eta| = 2.672
  rho=0.06272 (19/20)
    fp=0.2025 tp=0.7368  [17.4s]
   median nu  = 0.259
   median |eta| = 3.404
  rho=0.05556 (20/20)
    fp=0.2175 tp=0.7684  [18.2s]
   median nu  = 0.268
   median |eta| = 1.733
  rho=0.04922 (21/21)  [extra 1/50]
    fp=0.2346 tp=0.7895  [17.6s]
   median nu  = 0.261
   median |eta| = 2.553
  rho=0.04360 (22/22)  [extra 2/50]
    fp=0.2474 tp=0.7789  [18.1s]
   median nu  = 0.349
   median |eta| = 1.273
  rho=0.03863 (23/23)  [extra 3/50]
    fp=0.2581 tp=0.7895  [17.3s]
   median nu  = 0.351
   median |eta| = 1.378
  rho=0.03422 (24/24)  [extra 4/50]
    fp=0.2706 tp=0.8000  [18.5s]
   median nu  = 0.373
   median |eta| = 1.144
  rho=0.03031 (25/25)  [extra 5/50]
    fp=0.2853 tp=0.8000  [18.6s]
   median nu  = 0.432
   median |eta| = 1.096
  rho=0.02685 (26/26)  [extra 6/50]
    fp=0.2943 tp=0.8000  [18.2s]
   median nu  = 0.549
   median |eta| = 1.095
  rho=0.02379 (27/27)  [extra 7/50]
    fp=0.3088 tp=0.8105  [16.8s]
   median nu  = 0.673
   median |eta| = 0.512
  FPR 0.3088 >= fp_end=0.3; stopping after 27 fits
  grid extended by 7 points down to rho=0.02379, ending at FPR 0.3088
  pilot fit of run_em_exact at rho=0.30349
  -> rho_max = max|S_ij| (off-diag) = 0.56608
  rho grid: [0.56608232 0.50147353 0.44423874 0.39353635 0.34862078 0.30883157
 0.27358364 0.24235866 0.21469749 0.19019337 0.16848599 0.14925615
 0.13222106 0.11713025 0.1037618  0.09191913 0.0814281  0.07213445
 0.06390152 0.05660823]
Running run_em_exact over 20 rho values, extending until FPR >= 0.3...
  rho=0.56608 (1/20)
    fp=0.0000 tp=0.0211  [18.4s]
   median nu  = 0.043
   median |eta| = 4.736
  rho=0.50147 (2/20)
    fp=0.0004 tp=0.0316  [18.9s]
   median nu  = 0.046
   median |eta| = 4.556
  rho=0.44424 (3/20)
    fp=0.0012 tp=0.0421  [19.4s]
   median nu  = 0.051
   median |eta| = 4.268
  rho=0.39354 (4/20)
    fp=0.0016 tp=0.0526  [19.0s]
   median nu  = 0.057
   median |eta| = 3.987
  rho=0.34862 (5/20)
    fp=0.0033 tp=0.0947  [19.0s]
   median nu  = 0.062
   median |eta| = 3.604
  rho=0.30883 (6/20)
    fp=0.0074 tp=0.1474  [24.9s]
   median nu  = 0.069
   median |eta| = 3.223
  rho=0.27358 (7/20)
    fp=0.0132 tp=0.1895  [31.5s]
   median nu  = 0.077
   median |eta| = 2.845
  rho=0.24236 (8/20)
    fp=0.0214 tp=0.2211  [31.2s]
   median nu  = 0.092
   median |eta| = 2.474
  rho=0.21470 (9/20)
    fp=0.0371 tp=0.2737  [31.2s]
   median nu  = 0.117
   median |eta| = 2.157
  rho=0.19019 (10/20)
    fp=0.0523 tp=0.3684  [32.1s]
   median nu  = 0.154
   median |eta| = 1.765
  rho=0.16849 (11/20)
    fp=0.0727 tp=0.4105  [30.6s]
   median nu  = 0.201
   median |eta| = 1.324
  rho=0.14926 (12/20)
    fp=0.0921 tp=0.4737  [31.8s]
   median nu  = 0.262
   median |eta| = 1.001
  rho=0.13222 (13/20)
    fp=0.1156 tp=0.5053  [33.8s]
   median nu  = 0.336
   median |eta| = 0.742
  rho=0.11713 (14/20)
    fp=0.1366 tp=0.5368  [32.8s]
   median nu  = 0.376
   median |eta| = 0.559
  rho=0.10376 (15/20)
    fp=0.1567 tp=0.6000  [33.9s]
   median nu  = 0.445
   median |eta| = 0.436
  rho=0.09192 (16/20)
    fp=0.1755 tp=0.6421  [80.5s]
   median nu  = 0.502
   median |eta| = 0.302
  rho=0.08143 (17/20)
    fp=0.1992 tp=0.6842  [91.6s]
   median nu  = 0.558
   median |eta| = 0.204
  rho=0.07213 (18/20)
    fp=0.2214 tp=0.7053  [93.7s]
   median nu  = 0.652
   median |eta| = 0.152
  rho=0.06390 (19/20)
    fp=0.2395 tp=0.7263  [88.0s]
   median nu  = 0.751
   median |eta| = 0.105
  rho=0.05661 (20/20)
    fp=0.2564 tp=0.7263  [76.8s]
   median nu  = 0.832
   median |eta| = 0.077
  rho=0.05015 (21/21)  [extra 1/50]
    fp=0.2752 tp=0.7684  [48.8s]
   median nu  = 0.935
   median |eta| = 0.061
  rho=0.04442 (22/22)  [extra 2/50]
    fp=0.2890 tp=0.7789  [34.3s]
   median nu  = 1.05
   median |eta| = 0.044
  rho=0.03935 (23/23)  [extra 3/50]
    fp=0.3022 tp=0.8000  [30.2s]
   median nu  = 1.152
   median |eta| = 0.033
  FPR 0.3022 >= fp_end=0.3; stopping after 23 fits
  grid extended by 3 points down to rho=0.03935, ending at FPR 0.3022
  graphical_lasso rho_max = max|S_ij| (off-diag) = 0.60249
  rho grid: [0.60249088 0.53372666 0.47281072 0.41884732 0.37104293 0.32869461
 0.29117964 0.25794637 0.22850612 0.20242599 0.17932246 0.15885581
 0.14072509 0.12466368 0.11043542 0.09783107 0.08666529 0.07677391
 0.06801145 0.06024909]
Running graphical_lasso over 20 rho values, extending until FPR >= 0.3...
  rho=0.60249 (1/20)
    fp=0.0000 tp=0.0000  [0.0s]
  rho=0.53373 (2/20)
    fp=0.0004 tp=0.0316  [0.0s]
  rho=0.47281 (3/20)
    fp=0.0010 tp=0.0421  [35.0s]
  rho=0.41885 (4/20)
    fp=0.0023 tp=0.0526  [39.0s]
  rho=0.37104 (5/20)
    fp=0.0045 tp=0.1053  [38.3s]
  rho=0.32869 (6/20)
    fp=0.0103 tp=0.1579  [34.0s]
  rho=0.29118 (7/20)
    fp=0.0212 tp=0.2000  [33.1s]
  rho=0.25795 (8/20)
    fp=0.0358 tp=0.2947  [35.0s]
  rho=0.22851 (9/20)
    fp=0.0587 tp=0.3368  [0.0s]
  rho=0.20243 (10/20)
    fp=0.0851 tp=0.4000  [0.0s]
  rho=0.17932 (11/20)
    fp=0.1195 tp=0.4526  [38.9s]
  rho=0.15886 (12/20)
    fp=0.1530 tp=0.4842  [38.2s]
  rho=0.14073 (13/20)
    fp=0.1862 tp=0.5263  [0.2s]
  rho=0.12466 (14/20)
    fp=0.2208 tp=0.5789  [36.6s]
  rho=0.11044 (15/20)
    fp=0.2542 tp=0.6211  [1.0s]
  rho=0.09783 (16/20)
    fp=0.2894 tp=0.6421  [1.4s]
  rho=0.08667 (17/20)
    fp=0.3230 tp=0.6526  [0.4s]
  FPR 0.3230 >= fp_end=0.3; stopping after 17 fits
  [note] 9/17 fits hit a glasso ConvergenceWarning (suppressed)
  grid stopped 3 points early at rho=0.08667, ending at FPR 0.3230

(p=100, n=50) over 8 replicates
  t+lasso  (run_em_diagonal):    AUC = 0.195 (SE 0.005)
  ~t+lasso (run_em_exact):       AUC = 0.188 (SE 0.005)
  tlasso   (run_tlasso):         AUC = 0.160 (SE 0.005)
  t*lasso  (run_tstar_varlasso): AUC = 0.190 (SE 0.005)
  glasso   (graphical_lasso):    AUC = 0.158 (SE 0.005)
Replicate 9/50
  Theta: 119/4950 edges
  pilot fit of run_tlasso at rho=30.34854
  -> rho_max = max|S_ij| (off-diag) = 14.41568
  [warn] pilot rho 30.34854 > rho_max 14.41568: it falls off the top of this method's grid
  rho grid: [14.4156839  12.77037562 11.31285167 10.0216796   8.87787314  7.86461298
  6.96699946  6.17183345  5.46742229  4.84340784  4.29061415  3.80091259
  3.36710224  2.98280405  2.64236705  2.34078522  2.07362389  1.83695454
  1.62729702  1.44156839]
Running run_tlasso over 20 rho values, extending until FPR >= 0.3...
  rho=14.41568 (1/20)
    fp=0.0000 tp=0.0000  [0.1s]
   nu  = 3.0000
  rho=12.77038 (2/20)
    fp=0.0000 tp=0.0000  [0.1s]
   nu  = 3.0000
  rho=11.31285 (3/20)
    fp=0.0000 tp=0.0000  [0.1s]
   nu  = 3.0000
  rho=10.02168 (4/20)
    fp=0.0000 tp=0.0084  [0.2s]
   nu  = 3.0000
  rho=8.87787 (5/20)
    fp=0.0000 tp=0.0168  [0.2s]
   nu  = 3.0000
  rho=7.86461 (6/20)
    fp=0.0000 tp=0.0168  [0.2s]
   nu  = 3.0000
  rho=6.96700 (7/20)
    fp=0.0006 tp=0.0168  [0.3s]
   nu  = 3.0000
  rho=6.17183 (8/20)
    fp=0.0006 tp=0.0168  [0.2s]
   nu  = 3.0000
  rho=5.46742 (9/20)
    fp=0.0014 tp=0.0168  [0.2s]
   nu  = 3.0000
  rho=4.84341 (10/20)
    fp=0.0019 tp=0.0420  [0.3s]
   nu  = 3.0000
  rho=4.29061 (11/20)
    fp=0.0033 tp=0.0504  [0.3s]
   nu  = 3.0000
  rho=3.80091 (12/20)
    fp=0.0072 tp=0.0504  [0.3s]
   nu  = 3.0000
  rho=3.36710 (13/20)
    fp=0.0130 tp=0.0756  [0.4s]
   nu  = 3.0000
  rho=2.98280 (14/20)
    fp=0.0186 tp=0.1176  [0.4s]
   nu  = 3.0000
  rho=2.64237 (15/20)
    fp=0.0296 tp=0.1681  [0.4s]
   nu  = 3.0000
  rho=2.34079 (16/20)
    fp=0.0441 tp=0.2101  [0.4s]
   nu  = 3.0000
  rho=2.07362 (17/20)
    fp=0.0677 tp=0.3109  [0.4s]
   nu  = 3.0000
  rho=1.83695 (18/20)
    fp=0.0954 tp=0.4118  [0.6s]
   nu  = 3.0000
  rho=1.62730 (19/20)
    fp=0.1360 tp=0.5042  [0.6s]
   nu  = 3.0000
  rho=1.44157 (20/20)
    fp=0.1749 tp=0.5378  [0.8s]
   nu  = 3.0000
  rho=1.27704 (21/21)  [extra 1/50]
    fp=0.2248 tp=0.5966  [0.9s]
   nu  = 3.0000
  rho=1.13129 (22/22)  [extra 2/50]
    fp=0.2656 tp=0.6303  [0.9s]
   nu  = 3.0000
  rho=1.00217 (23/23)  [extra 3/50]
    fp=0.3103 tp=0.6723  [1.1s]
   nu  = 3.0000
  FPR 0.3103 >= fp_end=0.3; stopping after 23 fits
  grid extended by 3 points down to rho=1.00217, ending at FPR 0.3103
  pilot fit of run_tstar_varlasso at rho=0.30349
  -> rho_max = max|S_ij| (off-diag) = 0.45150
  rho grid: [0.45150318 0.39997167 0.35432162 0.31388176 0.27805743 0.24632184
 0.21820834 0.19330352 0.17124117 0.15169686 0.13438321 0.11904563
 0.10545857 0.09342224 0.08275966 0.07331404 0.06494647 0.05753392
 0.05096739 0.04515032]
Running run_tstar_varlasso over 20 rho values, extending until FPR >= 0.3...
  rho=0.45150 (1/20)
    fp=0.0000 tp=0.0084  [0.2s]
   nu  = 3.0000
  rho=0.39997 (2/20)
    fp=0.0000 tp=0.0084  [0.2s]
   nu  = 3.0000
  rho=0.35432 (3/20)
    fp=0.0000 tp=0.0168  [0.2s]
   nu  = 3.0000
  rho=0.31388 (4/20)
    fp=0.0000 tp=0.0168  [0.2s]
   nu  = 3.0000
  rho=0.27806 (5/20)
    fp=0.0010 tp=0.0252  [0.3s]
   nu  = 3.0000
  rho=0.24632 (6/20)
    fp=0.0023 tp=0.0420  [0.2s]
   nu  = 3.0000
  rho=0.21821 (7/20)
    fp=0.0048 tp=0.0588  [0.2s]
   nu  = 3.0000
  rho=0.19330 (8/20)
    fp=0.0079 tp=0.1176  [0.2s]
   nu  = 3.0000
  rho=0.17124 (9/20)
    fp=0.0130 tp=0.1429  [0.3s]
   nu  = 3.0000
  rho=0.15170 (10/20)
    fp=0.0203 tp=0.1933  [0.2s]
   nu  = 3.0000
  rho=0.13438 (11/20)
    fp=0.0315 tp=0.2605  [0.2s]
   nu  = 3.0000
  rho=0.11905 (12/20)
    fp=0.0474 tp=0.3782  [0.3s]
   nu  = 3.0000
  rho=0.10546 (13/20)
    fp=0.0648 tp=0.4538  [0.4s]
   nu  = 3.0000
  rho=0.09342 (14/20)
    fp=0.0865 tp=0.5294  [0.4s]
   nu  = 3.0000
  rho=0.08276 (15/20)
    fp=0.1076 tp=0.5714  [0.3s]
   nu  = 3.0000
  rho=0.07331 (16/20)
    fp=0.1331 tp=0.6303  [0.4s]
   nu  = 3.0000
  rho=0.06495 (17/20)
    fp=0.1573 tp=0.6471  [0.4s]
   nu  = 3.0000
  rho=0.05753 (18/20)
    fp=0.1836 tp=0.6891  [0.4s]
   nu  = 3.0000
  rho=0.05097 (19/20)
    fp=0.2076 tp=0.7143  [0.3s]
   nu  = 3.0000
  rho=0.04515 (20/20)
    fp=0.2358 tp=0.7311  [0.3s]
   nu  = 3.0000
  rho=0.04000 (21/21)  [extra 1/50]
    fp=0.2604 tp=0.7563  [0.4s]
   nu  = 3.0000
  rho=0.03543 (22/22)  [extra 2/50]
    fp=0.2857 tp=0.7815  [0.3s]
   nu  = 3.0000
  rho=0.03139 (23/23)  [extra 3/50]
    fp=0.3097 tp=0.7983  [0.4s]
   nu  = 3.0000
  FPR 0.3097 >= fp_end=0.3; stopping after 23 fits
  grid extended by 3 points down to rho=0.03139, ending at FPR 0.3097
  pilot fit of run_em_diagonal at rho=0.30349
  -> rho_max = max|S_ij| (off-diag) = 0.60677
  rho grid: [0.60676737 0.53751506 0.47616674 0.42182031 0.3736766  0.33102769
 0.29324644 0.25977728 0.23012807 0.20386281 0.18059529 0.15998337
 0.14172396 0.12554855 0.11121929 0.09852547 0.08728045 0.07731885
 0.0684942  0.06067674]
Running run_em_diagonal over 20 rho values, extending until FPR >= 0.3...
  rho=0.60677 (1/20)
    fp=0.0000 tp=0.0084  [19.1s]
   median nu  = 0.037
   median |eta| = 3.748
  rho=0.53752 (2/20)
    fp=0.0000 tp=0.0168  [19.4s]
   median nu  = 0.039
   median |eta| = 3.54
  rho=0.47617 (3/20)
    fp=0.0000 tp=0.0168  [18.5s]
   median nu  = 0.041
   median |eta| = 3.402
  rho=0.42182 (4/20)
    fp=0.0004 tp=0.0168  [17.7s]
   median nu  = 0.044
   median |eta| = 3.163
  rho=0.37368 (5/20)
    fp=0.0010 tp=0.0252  [27.8s]
   median nu  = 0.047
   median |eta| = 3.265
  rho=0.33103 (6/20)
    fp=0.0012 tp=0.0420  [25.7s]
   median nu  = 0.052
   median |eta| = 3.05
  rho=0.29325 (7/20)
    fp=0.0062 tp=0.0588  [27.1s]
   median nu  = 0.059
   median |eta| = 3.061
  rho=0.25978 (8/20)
    fp=0.0089 tp=0.0924  [39.8s]
   median nu  = 0.068
   median |eta| = 2.858
  rho=0.23013 (9/20)
    fp=0.0139 tp=0.1429  [24.1s]
   median nu  = 0.078
   median |eta| = 2.594
  rho=0.20386 (10/20)
    fp=0.0215 tp=0.1681  [37.6s]
   median nu  = 0.091
   median |eta| = 2.397
  rho=0.18060 (11/20)
    fp=0.0329 tp=0.2353  [36.8s]
   median nu  = 0.103
   median |eta| = 2.306
  rho=0.15998 (12/20)
    fp=0.0460 tp=0.3025  [18.9s]
   median nu  = 0.117
   median |eta| = 2.381
  rho=0.14172 (13/20)
    fp=0.0580 tp=0.4286  [18.3s]
   median nu  = 0.132
   median |eta| = 2.561
  rho=0.12555 (14/20)
    fp=0.0768 tp=0.4874  [19.7s]
   median nu  = 0.148
   median |eta| = 2.427
  rho=0.11122 (15/20)
    fp=0.0963 tp=0.5546  [19.8s]
   median nu  = 0.162
   median |eta| = 2.623
  rho=0.09853 (16/20)
    fp=0.1116 tp=0.6050  [20.0s]
   median nu  = 0.156
   median |eta| = 2.744
  rho=0.08728 (17/20)
    fp=0.1292 tp=0.6639  [19.4s]
   median nu  = 0.155
   median |eta| = 2.912
  rho=0.07732 (18/20)
    fp=0.1453 tp=0.6807  [19.7s]
   median nu  = 0.174
   median |eta| = 2.952
  rho=0.06849 (19/20)
    fp=0.1627 tp=0.7059  [18.6s]
   median nu  = 0.187
   median |eta| = 2.742
  rho=0.06068 (20/20)
    fp=0.1803 tp=0.7311  [18.8s]
   median nu  = 0.229
   median |eta| = 2.769
  rho=0.05375 (21/21)  [extra 1/50]
    fp=0.1923 tp=0.7563  [19.1s]
   median nu  = 0.236
   median |eta| = 2.907
  rho=0.04762 (22/22)  [extra 2/50]
    fp=0.2051 tp=0.7899  [18.5s]
   median nu  = 0.232
   median |eta| = 2.542
  rho=0.04218 (23/23)  [extra 3/50]
    fp=0.2205 tp=0.7983  [18.9s]
   median nu  = 0.221
   median |eta| = 3.16
  rho=0.03737 (24/24)  [extra 4/50]
    fp=0.2325 tp=0.8067  [18.8s]
   median nu  = 0.283
   median |eta| = 2.842
  rho=0.03310 (25/25)  [extra 5/50]
    fp=0.2430 tp=0.8151  [18.5s]
   median nu  = 0.217
   median |eta| = 3.778
  rho=0.02932 (26/26)  [extra 6/50]
    fp=0.2581 tp=0.8067  [17.9s]
   median nu  = 0.262
   median |eta| = 3.708
  rho=0.02598 (27/27)  [extra 7/50]
    fp=0.2633 tp=0.8235  [18.3s]
   median nu  = 0.244
   median |eta| = 4.937
  rho=0.02301 (28/28)  [extra 8/50]
    fp=0.2784 tp=0.8067  [18.4s]
   median nu  = 0.274
   median |eta| = 4.544
  rho=0.02039 (29/29)  [extra 9/50]
    fp=0.2794 tp=0.8151  [18.3s]
   median nu  = 0.215
   median |eta| = 6.676
  rho=0.01806 (30/30)  [extra 10/50]
    fp=0.2958 tp=0.8235  [19.0s]
   median nu  = 0.237
   median |eta| = 5.663
  rho=0.01600 (31/31)  [extra 11/50]
    fp=0.2956 tp=0.8235  [18.3s]
   median nu  = 0.187
   median |eta| = 8.578
  rho=0.01417 (32/32)  [extra 12/50]
    fp=0.3097 tp=0.8235  [17.8s]
   median nu  = 0.184
   median |eta| = 9.123
  FPR 0.3097 >= fp_end=0.3; stopping after 32 fits
  [note] 2/32 fits hit a glasso ConvergenceWarning (suppressed)
  grid extended by 12 points down to rho=0.01417, ending at FPR 0.3097
  pilot fit of run_em_exact at rho=0.30349
  -> rho_max = max|S_ij| (off-diag) = 0.61930
  rho grid: [0.61929755 0.54861514 0.48599993 0.4305312  0.38139329 0.33786365
 0.29930219 0.26514187 0.23488038 0.20807272 0.18432472 0.16328714
 0.14465066 0.12814122 0.11351605 0.1005601  0.08908285 0.07891554
 0.06990865 0.06192976]
Running run_em_exact over 20 rho values, extending until FPR >= 0.3...
  rho=0.61930 (1/20)
    fp=0.0000 tp=0.0084  [30.2s]
   median nu  = 0.037
   median |eta| = 3.821
  rho=0.54862 (2/20)
    fp=0.0000 tp=0.0084  [31.6s]
   median nu  = 0.039
   median |eta| = 3.494
  rho=0.48600 (3/20)
    fp=0.0000 tp=0.0168  [32.4s]
   median nu  = 0.041
   median |eta| = 3.465
  rho=0.43053 (4/20)
    fp=0.0004 tp=0.0168  [32.8s]
   median nu  = 0.044
   median |eta| = 3.134
  rho=0.38139 (5/20)
    fp=0.0010 tp=0.0168  [31.8s]
   median nu  = 0.047
   median |eta| = 3.292
  rho=0.33786 (6/20)
    fp=0.0012 tp=0.0420  [31.4s]
   median nu  = 0.051
   median |eta| = 3.129
  rho=0.29930 (7/20)
    fp=0.0052 tp=0.0588  [31.4s]
   median nu  = 0.058
   median |eta| = 2.866
  rho=0.26514 (8/20)
    fp=0.0083 tp=0.0924  [31.1s]
   median nu  = 0.067
   median |eta| = 2.468
  rho=0.23488 (9/20)
    fp=0.0137 tp=0.1345  [31.6s]
   median nu  = 0.077
   median |eta| = 2.269
  rho=0.20807 (10/20)
    fp=0.0207 tp=0.1681  [57.0s]
   median nu  = 0.091
   median |eta| = 2.058
  rho=0.18432 (11/20)
    fp=0.0339 tp=0.2437  [79.9s]
   median nu  = 0.106
   median |eta| = 1.894
  rho=0.16329 (12/20)
    fp=0.0478 tp=0.2941  [85.2s]
   median nu  = 0.129
   median |eta| = 1.57
  rho=0.14465 (13/20)
    fp=0.0642 tp=0.4118  [96.0s]
   median nu  = 0.162
   median |eta| = 1.357
  rho=0.12814 (14/20)
    fp=0.0830 tp=0.4874  [84.1s]
   median nu  = 0.203
   median |eta| = 0.971
  rho=0.11352 (15/20)
    fp=0.1052 tp=0.5462  [59.0s]
   median nu  = 0.273
   median |eta| = 0.755
  rho=0.10056 (16/20)
    fp=0.1246 tp=0.5966  [51.2s]
   median nu  = 0.352
   median |eta| = 0.571
  rho=0.08908 (17/20)
    fp=0.1486 tp=0.6639  [34.1s]
   median nu  = 0.419
   median |eta| = 0.411
  rho=0.07892 (18/20)
    fp=0.1704 tp=0.6807  [31.2s]
   median nu  = 0.501
   median |eta| = 0.278
  rho=0.06991 (19/20)
    fp=0.1902 tp=0.6975  [34.1s]
   median nu  = 0.57
   median |eta| = 0.215
  rho=0.06193 (20/20)
    fp=0.2107 tp=0.7227  [34.9s]
   median nu  = 0.66
   median |eta| = 0.151
  rho=0.05486 (21/21)  [extra 1/50]
    fp=0.2331 tp=0.7479  [31.4s]
   median nu  = 0.754
   median |eta| = 0.107
  rho=0.04860 (22/22)  [extra 2/50]
    fp=0.2540 tp=0.7563  [30.0s]
   median nu  = 0.843
   median |eta| = 0.079
  rho=0.04305 (23/23)  [extra 3/50]
    fp=0.2720 tp=0.7731  [29.5s]
   median nu  = 0.951
   median |eta| = 0.059
  rho=0.03814 (24/24)  [extra 4/50]
    fp=0.2881 tp=0.7983  [32.1s]
   median nu  = 1.047
   median |eta| = 0.044
  rho=0.03379 (25/25)  [extra 5/50]
    fp=0.3026 tp=0.7983  [33.7s]
   median nu  = 1.149
   median |eta| = 0.032
  FPR 0.3026 >= fp_end=0.3; stopping after 25 fits
  grid extended by 5 points down to rho=0.03379, ending at FPR 0.3026
  graphical_lasso rho_max = max|S_ij| (off-diag) = 0.64999
  rho grid: [0.64999298 0.57580719 0.51008847 0.45187044 0.40029701 0.35460983
 0.31413707 0.2782836  0.2465222  0.21838583 0.19346075 0.17138046
 0.15182026 0.13449252 0.11914246 0.10554435 0.09349823 0.08282698
 0.07337367 0.0649993 ]
Running graphical_lasso over 20 rho values, extending until FPR >= 0.3...
  rho=0.64999 (1/20)
    fp=0.0000 tp=0.0000  [0.0s]
  rho=0.57581 (2/20)
    fp=0.0000 tp=0.0168  [0.0s]
  rho=0.51009 (3/20)
    fp=0.0002 tp=0.0168  [38.5s]
  rho=0.45187 (4/20)
    fp=0.0008 tp=0.0168  [35.4s]
  rho=0.40030 (5/20)
    fp=0.0021 tp=0.0252  [34.7s]
  rho=0.35461 (6/20)
    fp=0.0035 tp=0.0504  [33.7s]
  rho=0.31414 (7/20)
    fp=0.0089 tp=0.0756  [34.2s]
  rho=0.27828 (8/20)
    fp=0.0197 tp=0.1176  [44.9s]
  rho=0.24652 (9/20)
    fp=0.0315 tp=0.1597  [52.5s]
  rho=0.21839 (10/20)
    fp=0.0501 tp=0.2185  [0.1s]
  rho=0.19346 (11/20)
    fp=0.0712 tp=0.3109  [41.9s]
  rho=0.17138 (12/20)
    fp=0.0967 tp=0.3866  [34.7s]
  rho=0.15182 (13/20)
    fp=0.1209 tp=0.4706  [0.1s]
  rho=0.13449 (14/20)
    fp=0.1526 tp=0.5294  [0.1s]
  rho=0.11914 (15/20)
    fp=0.1826 tp=0.5630  [0.1s]
  rho=0.10554 (16/20)
    fp=0.2155 tp=0.5966  [0.1s]
  rho=0.09350 (17/20)
    fp=0.2519 tp=0.6218  [0.2s]
  rho=0.08283 (18/20)
    fp=0.2871 tp=0.6723  [0.4s]
  rho=0.07337 (19/20)
    fp=0.3192 tp=0.6975  [0.2s]
  FPR 0.3192 >= fp_end=0.3; stopping after 19 fits
  [note] 9/19 fits hit a glasso ConvergenceWarning (suppressed)
  grid stopped 1 points early at rho=0.07337, ending at FPR 0.3192

(p=100, n=50) over 9 replicates
  t+lasso  (run_em_diagonal):    AUC = 0.194 (SE 0.005)
  ~t+lasso (run_em_exact):       AUC = 0.186 (SE 0.005)
  tlasso   (run_tlasso):         AUC = 0.157 (SE 0.005)
  t*lasso  (run_tstar_varlasso): AUC = 0.189 (SE 0.005)
  glasso   (graphical_lasso):    AUC = 0.156 (SE 0.005)
Replicate 10/50
  Theta: 97/4950 edges
  pilot fit of run_tlasso at rho=30.34854
  -> rho_max = max|S_ij| (off-diag) = 14.19645
  [warn] pilot rho 30.34854 > rho_max 14.19645: it falls off the top of this method's grid
  rho grid: [14.19644988 12.57616349 11.14080559  9.86926969  8.74285826  7.74500779
  6.86104519  6.07797208  5.38427362  4.76974919  4.22536241  3.74310823
  3.31589528  2.93744151  2.60218188  2.30518651  2.04208817  1.8090181
  1.60254906  1.41964499]
Running run_tlasso over 20 rho values, extending until FPR >= 0.3...
  rho=14.19645 (1/20)
    fp=0.0000 tp=0.0000  [0.1s]
   nu  = 3.0000
  rho=12.57616 (2/20)
    fp=0.0000 tp=0.0000  [0.1s]
   nu  = 3.0000
  rho=11.14081 (3/20)
    fp=0.0000 tp=0.0000  [0.1s]
   nu  = 3.0000
  rho=9.86927 (4/20)
    fp=0.0000 tp=0.0103  [0.2s]
   nu  = 3.0000
  rho=8.74286 (5/20)
    fp=0.0000 tp=0.0103  [0.2s]
   nu  = 3.0000
  rho=7.74501 (6/20)
    fp=0.0000 tp=0.0206  [0.2s]
   nu  = 3.0000
  rho=6.86105 (7/20)
    fp=0.0002 tp=0.0206  [0.2s]
   nu  = 3.0000
  rho=6.07797 (8/20)
    fp=0.0006 tp=0.0309  [0.3s]
   nu  = 3.0000
  rho=5.38427 (9/20)
    fp=0.0016 tp=0.0515  [0.3s]
   nu  = 3.0000
  rho=4.76975 (10/20)
    fp=0.0035 tp=0.0722  [0.3s]
   nu  = 3.0000
  rho=4.22536 (11/20)
    fp=0.0060 tp=0.1443  [0.3s]
   nu  = 3.0000
  rho=3.74311 (12/20)
    fp=0.0095 tp=0.2165  [0.4s]
   nu  = 3.0000
  rho=3.31590 (13/20)
    fp=0.0152 tp=0.2371  [0.5s]
   nu  = 3.0000
  rho=2.93744 (14/20)
    fp=0.0237 tp=0.2887  [0.4s]
   nu  = 3.0000
  rho=2.60218 (15/20)
    fp=0.0400 tp=0.3402  [0.4s]
   nu  = 3.0000
  rho=2.30519 (16/20)
    fp=0.0610 tp=0.3918  [0.6s]
   nu  = 3.0000
  rho=2.04209 (17/20)
    fp=0.0925 tp=0.4639  [0.7s]
   nu  = 3.0000
  rho=1.80902 (18/20)
    fp=0.1387 tp=0.5155  [0.8s]
   nu  = 3.0000
  rho=1.60255 (19/20)
    fp=0.1834 tp=0.5979  [0.9s]
   nu  = 3.0000
  rho=1.41964 (20/20)
    fp=0.2293 tp=0.6701  [0.9s]
   nu  = 3.0000
  rho=1.25762 (21/21)  [extra 1/50]
    fp=0.2687 tp=0.7732  [1.0s]
   nu  = 3.0000
  rho=1.11408 (22/22)  [extra 2/50]
    fp=0.3101 tp=0.7938  [1.1s]
   nu  = 3.0000
  FPR 0.3101 >= fp_end=0.3; stopping after 22 fits
  grid extended by 2 points down to rho=1.11408, ending at FPR 0.3101
  pilot fit of run_tstar_varlasso at rho=0.30349
  -> rho_max = max|S_ij| (off-diag) = 0.42348
  rho grid: [0.4234804  0.37514723 0.33233047 0.29440053 0.26079965 0.23103375
 0.20466513 0.18130604 0.160613   0.14228172 0.12604265 0.111657
 0.09891323 0.08762394 0.07762314 0.06876376 0.06091553 0.05396305
 0.04780407 0.04234804]
Running run_tstar_varlasso over 20 rho values, extending until FPR >= 0.3...
  rho=0.42348 (1/20)
    fp=0.0000 tp=0.0206  [0.2s]
   nu  = 3.0000
  rho=0.37515 (2/20)
    fp=0.0000 tp=0.0309  [0.2s]
   nu  = 3.0000
  rho=0.33233 (3/20)
    fp=0.0002 tp=0.0412  [0.1s]
   nu  = 3.0000
  rho=0.29440 (4/20)
    fp=0.0006 tp=0.0515  [0.2s]
   nu  = 3.0000
  rho=0.26080 (5/20)
    fp=0.0019 tp=0.0928  [0.2s]
   nu  = 3.0000
  rho=0.23103 (6/20)
    fp=0.0047 tp=0.1753  [0.2s]
   nu  = 3.0000
  rho=0.20467 (7/20)
    fp=0.0097 tp=0.2268  [0.2s]
   nu  = 3.0000
  rho=0.18131 (8/20)
    fp=0.0163 tp=0.3093  [0.2s]
   nu  = 3.0000
  rho=0.16061 (9/20)
    fp=0.0237 tp=0.3299  [0.2s]
   nu  = 3.0000
  rho=0.14228 (10/20)
    fp=0.0379 tp=0.3814  [0.2s]
   nu  = 3.0000
  rho=0.12604 (11/20)
    fp=0.0544 tp=0.4639  [0.3s]
   nu  = 3.0000
  rho=0.11166 (12/20)
    fp=0.0750 tp=0.5258  [0.3s]
   nu  = 3.0000
  rho=0.09891 (13/20)
    fp=0.0997 tp=0.5670  [0.2s]
   nu  = 3.0000
  rho=0.08762 (14/20)
    fp=0.1210 tp=0.6907  [0.3s]
   nu  = 3.0000
  rho=0.07762 (15/20)
    fp=0.1461 tp=0.7423  [0.3s]
   nu  = 3.0000
  rho=0.06876 (16/20)
    fp=0.1743 tp=0.7526  [0.3s]
   nu  = 3.0000
  rho=0.06092 (17/20)
    fp=0.1991 tp=0.7835  [0.3s]
   nu  = 3.0000
  rho=0.05396 (18/20)
    fp=0.2244 tp=0.7938  [0.3s]
   nu  = 3.0000
  rho=0.04780 (19/20)
    fp=0.2524 tp=0.8247  [0.4s]
   nu  = 3.0000
  rho=0.04235 (20/20)
    fp=0.2807 tp=0.8557  [0.4s]
   nu  = 3.0000
  rho=0.03751 (21/21)  [extra 1/50]
    fp=0.3072 tp=0.8763  [0.4s]
   nu  = 3.0000
  FPR 0.3072 >= fp_end=0.3; stopping after 21 fits
  grid extended by 1 points down to rho=0.03751, ending at FPR 0.3072
  pilot fit of run_em_diagonal at rho=0.30349
  -> rho_max = max|S_ij| (off-diag) = 0.60892
  rho grid: [0.60891884 0.53942098 0.47785513 0.42331599 0.37500158 0.33220144
 0.29428623 0.26069839 0.23094405 0.20458566 0.18123565 0.16055064
 0.14222648 0.12599372 0.11161365 0.09887482 0.08758992 0.077593
 0.06873707 0.06089188]
Running run_em_diagonal over 20 rho values, extending until FPR >= 0.3...
  rho=0.60892 (1/20)
    fp=0.0000 tp=0.0103  [18.5s]
   median nu  = 0.038
   median |eta| = 3.918
  rho=0.53942 (2/20)
    fp=0.0000 tp=0.0206  [19.5s]
   median nu  = 0.041
   median |eta| = 3.862
  rho=0.47786 (3/20)
    fp=0.0000 tp=0.0206  [18.3s]
   median nu  = 0.044
   median |eta| = 4.103
  rho=0.42332 (4/20)
    fp=0.0012 tp=0.0515  [17.8s]
   median nu  = 0.047
   median |eta| = 4.268
  rho=0.37500 (5/20)
    fp=0.0021 tp=0.0722  [27.4s]
   median nu  = 0.051
   median |eta| = 4.141
  rho=0.33220 (6/20)
    fp=0.0045 tp=0.1649  [24.2s]
   median nu  = 0.058
   median |eta| = 3.836
  rho=0.29429 (7/20)
    fp=0.0078 tp=0.2474  [28.0s]
   median nu  = 0.067
   median |eta| = 3.607
  rho=0.26070 (8/20)
    fp=0.0124 tp=0.2680  [37.0s]
   median nu  = 0.079
   median |eta| = 3.216
  rho=0.23094 (9/20)
    fp=0.0249 tp=0.3093  [26.5s]
   median nu  = 0.095
   median |eta| = 2.926
  rho=0.20459 (10/20)
    fp=0.0373 tp=0.3608  [34.0s]
   median nu  = 0.114
   median |eta| = 2.633
  rho=0.18124 (11/20)
    fp=0.0519 tp=0.3918  [39.9s]
   median nu  = 0.129
   median |eta| = 2.588
  rho=0.16055 (12/20)
    fp=0.0668 tp=0.4433  [19.0s]
   median nu  = 0.152
   median |eta| = 2.645
  rho=0.14223 (13/20)
    fp=0.0839 tp=0.5155  [18.3s]
   median nu  = 0.168
   median |eta| = 2.6
  rho=0.12599 (14/20)
    fp=0.1026 tp=0.5876  [17.5s]
   median nu  = 0.184
   median |eta| = 2.503
  rho=0.11161 (15/20)
    fp=0.1193 tp=0.6598  [17.4s]
   median nu  = 0.214
   median |eta| = 2.309
  rho=0.09887 (16/20)
    fp=0.1360 tp=0.7010  [17.8s]
   median nu  = 0.252
   median |eta| = 2.082
  rho=0.08759 (17/20)
    fp=0.1543 tp=0.7526  [18.3s]
   median nu  = 0.259
   median |eta| = 1.957
  rho=0.07759 (18/20)
    fp=0.1702 tp=0.8041  [18.7s]
   median nu  = 0.286
   median |eta| = 1.824
  rho=0.06874 (19/20)
    fp=0.1877 tp=0.8247  [18.4s]
   median nu  = 0.328
   median |eta| = 1.724
  rho=0.06089 (20/20)
    fp=0.2015 tp=0.8144  [18.6s]
   median nu  = 0.334
   median |eta| = 1.679
  rho=0.05394 (21/21)  [extra 1/50]
    fp=0.2149 tp=0.8351  [17.9s]
   median nu  = 0.373
   median |eta| = 1.293
  rho=0.04779 (22/22)  [extra 2/50]
    fp=0.2254 tp=0.8763  [18.3s]
   median nu  = 0.398
   median |eta| = 1.243
  rho=0.04233 (23/23)  [extra 3/50]
    fp=0.2394 tp=0.8866  [18.5s]
   median nu  = 0.418
   median |eta| = 0.999
  rho=0.03750 (24/24)  [extra 4/50]
    fp=0.2479 tp=0.8969  [18.8s]
   median nu  = 0.433
   median |eta| = 1.185
  rho=0.03322 (25/25)  [extra 5/50]
    fp=0.2633 tp=0.8969  [18.5s]
   median nu  = 0.526
   median |eta| = 0.608
  rho=0.02943 (26/26)  [extra 6/50]
    fp=0.2671 tp=0.8969  [17.7s]
   median nu  = 0.436
   median |eta| = 1.179
  rho=0.02607 (27/27)  [extra 7/50]
    fp=0.2850 tp=0.8866  [17.8s]
   median nu  = 0.512
   median |eta| = 0.393
  rho=0.02309 (28/28)  [extra 8/50]
    fp=0.2973 tp=0.8969  [17.9s]
   median nu  = 0.82
   median |eta| = 0.145
  rho=0.02046 (29/29)  [extra 9/50]
    fp=0.3029 tp=0.8763  [18.3s]
   median nu  = 0.784
   median |eta| = 0.177
  FPR 0.3029 >= fp_end=0.3; stopping after 29 fits
  grid extended by 9 points down to rho=0.02046, ending at FPR 0.3029
  pilot fit of run_em_exact at rho=0.30349
  -> rho_max = max|S_ij| (off-diag) = 0.61796
  rho grid: [0.61795689 0.54742748 0.48494783 0.42959918 0.38056764 0.33713224
 0.29865425 0.26456788 0.2343719  0.20762228 0.18392569 0.16293366
 0.14433752 0.12786381 0.11327031 0.1003424  0.08889    0.0787447
 0.06975731 0.06179569]
Running run_em_exact over 20 rho values, extending until FPR >= 0.3...
  rho=0.61796 (1/20)
    fp=0.0000 tp=0.0103  [18.5s]
   median nu  = 0.038
   median |eta| = 3.968
  rho=0.54743 (2/20)
    fp=0.0000 tp=0.0206  [19.1s]
   median nu  = 0.04
   median |eta| = 3.836
  rho=0.48495 (3/20)
    fp=0.0000 tp=0.0206  [18.7s]
   median nu  = 0.043
   median |eta| = 4.065
  rho=0.42960 (4/20)
    fp=0.0012 tp=0.0515  [26.8s]
   median nu  = 0.047
   median |eta| = 4.294
  rho=0.38057 (5/20)
    fp=0.0019 tp=0.0619  [31.1s]
   median nu  = 0.05
   median |eta| = 4.128
  rho=0.33713 (6/20)
    fp=0.0041 tp=0.1546  [31.3s]
   median nu  = 0.057
   median |eta| = 3.76
  rho=0.29865 (7/20)
    fp=0.0074 tp=0.2371  [31.1s]
   median nu  = 0.066
   median |eta| = 3.344
  rho=0.26457 (8/20)
    fp=0.0124 tp=0.2577  [32.6s]
   median nu  = 0.078
   median |eta| = 2.815
  rho=0.23437 (9/20)
    fp=0.0243 tp=0.2990  [30.4s]
   median nu  = 0.093
   median |eta| = 2.482
  rho=0.20762 (10/20)
    fp=0.0381 tp=0.3608  [30.4s]
   median nu  = 0.113
   median |eta| = 2.04
  rho=0.18393 (11/20)
    fp=0.0540 tp=0.3918  [29.8s]
   median nu  = 0.138
   median |eta| = 1.506
  rho=0.16293 (12/20)
    fp=0.0721 tp=0.4433  [29.8s]
   median nu  = 0.173
   median |eta| = 1.14
  rho=0.14434 (13/20)
    fp=0.0907 tp=0.5258  [30.7s]
   median nu  = 0.223
   median |eta| = 0.842
  rho=0.12786 (14/20)
    fp=0.1123 tp=0.5876  [55.8s]
   median nu  = 0.27
   median |eta| = 0.665
  rho=0.11327 (15/20)
    fp=0.1337 tp=0.6701  [76.2s]
   median nu  = 0.326
   median |eta| = 0.495
  rho=0.10034 (16/20)
    fp=0.1562 tp=0.7320  [84.7s]
   median nu  = 0.417
   median |eta| = 0.37
  rho=0.08889 (17/20)
    fp=0.1764 tp=0.7732  [79.6s]
   median nu  = 0.494
   median |eta| = 0.295
  rho=0.07874 (18/20)
    fp=0.1966 tp=0.7938  [76.2s]
   median nu  = 0.584
   median |eta| = 0.214
  rho=0.06976 (19/20)
    fp=0.2172 tp=0.8351  [65.4s]
   median nu  = 0.68
   median |eta| = 0.163
  rho=0.06180 (20/20)
    fp=0.2384 tp=0.8454  [41.7s]
   median nu  = 0.765
   median |eta| = 0.116
  rho=0.05474 (21/21)  [extra 1/50]
    fp=0.2590 tp=0.8557  [41.1s]
   median nu  = 0.858
   median |eta| = 0.076
  rho=0.04849 (22/22)  [extra 2/50]
    fp=0.2730 tp=0.8557  [31.4s]
   median nu  = 0.959
   median |eta| = 0.054
  rho=0.04296 (23/23)  [extra 3/50]
    fp=0.2862 tp=0.8969  [29.6s]
   median nu  = 1.063
   median |eta| = 0.037
  rho=0.03806 (24/24)  [extra 4/50]
    fp=0.3013 tp=0.8969  [32.0s]
   median nu  = 1.176
   median |eta| = 0.027
  FPR 0.3013 >= fp_end=0.3; stopping after 24 fits
  grid extended by 4 points down to rho=0.03806, ending at FPR 0.3013
  graphical_lasso rho_max = max|S_ij| (off-diag) = 0.65026
  rho grid: [0.65025731 0.57604135 0.51029591 0.4520542  0.4004598  0.35475404
 0.31426482 0.27839677 0.24662245 0.21847464 0.19353943 0.17145015
 0.151882   0.13454722 0.11919091 0.10558727 0.09353626 0.08286066
 0.07340351 0.06502573]
Running graphical_lasso over 20 rho values, extending until FPR >= 0.3...
  rho=0.65026 (1/20)
    fp=0.0000 tp=0.0000  [0.0s]
  rho=0.57604 (2/20)
    fp=0.0000 tp=0.0206  [0.1s]
  rho=0.51030 (3/20)
    fp=0.0000 tp=0.0206  [38.9s]
  rho=0.45205 (4/20)
    fp=0.0008 tp=0.0515  [34.4s]
  rho=0.40046 (5/20)
    fp=0.0031 tp=0.0619  [33.5s]
  rho=0.35475 (6/20)
    fp=0.0066 tp=0.1443  [35.0s]
  rho=0.31426 (7/20)
    fp=0.0126 tp=0.2371  [36.9s]
  rho=0.27840 (8/20)
    fp=0.0229 tp=0.2577  [40.2s]
  rho=0.24662 (9/20)
    fp=0.0429 tp=0.3196  [35.7s]
  rho=0.21847 (10/20)
    fp=0.0637 tp=0.3918  [0.1s]
  rho=0.19354 (11/20)
    fp=0.0868 tp=0.4330  [36.3s]
  rho=0.17145 (12/20)
    fp=0.1191 tp=0.4639  [33.8s]
  rho=0.15188 (13/20)
    fp=0.1539 tp=0.5567  [34.5s]
  rho=0.13455 (14/20)
    fp=0.1840 tp=0.5670  [44.8s]
  rho=0.11919 (15/20)
    fp=0.2178 tp=0.6598  [1.6s]
  rho=0.10559 (16/20)
    fp=0.2508 tp=0.7526  [0.5s]
  rho=0.09354 (17/20)
    fp=0.2852 tp=0.7835  [0.7s]
  rho=0.08286 (18/20)
    fp=0.3161 tp=0.7938  [0.5s]
  FPR 0.3161 >= fp_end=0.3; stopping after 18 fits
  [note] 11/18 fits hit a glasso ConvergenceWarning (suppressed)
  grid stopped 2 points early at rho=0.08286, ending at FPR 0.3161

(p=100, n=50) over 10 replicates
  t+lasso  (run_em_diagonal):    AUC = 0.195 (SE 0.004)
  ~t+lasso (run_em_exact):       AUC = 0.187 (SE 0.005)
  tlasso   (run_tlasso):         AUC = 0.157 (SE 0.004)
  t*lasso  (run_tstar_varlasso): AUC = 0.189 (SE 0.004)
  glasso   (graphical_lasso):    AUC = 0.156 (SE 0.004)
Replicate 11/50
  Theta: 86/4950 edges
  pilot fit of run_tlasso at rho=30.34854
  -> rho_max = max|S_ij| (off-diag) = 14.83850
  [warn] pilot rho 30.34854 > rho_max 14.83850: it falls off the top of this method's grid
  rho grid: [14.83850434 13.14493821 11.64466422 10.31562132  9.13826635  8.09528668
  7.17134563  6.35285694  5.62778499  4.98546782  4.41646038  3.91239558
  3.46586132  3.07029144  2.71986922  2.40944182  2.13444449  1.89083349
  1.6750266   1.48385043]
Running run_tlasso over 20 rho values, extending until FPR >= 0.3...
  rho=14.83850 (1/20)
    fp=0.0000 tp=0.0000  [0.3s]
   nu  = 3.0000
  rho=13.14494 (2/20)
    fp=0.0000 tp=0.0000  [0.2s]
   nu  = 3.0000
  rho=11.64466 (3/20)
    fp=0.0000 tp=0.0000  [0.2s]
   nu  = 3.0000
  rho=10.31562 (4/20)
    fp=0.0002 tp=0.0000  [0.4s]
   nu  = 3.0000
  rho=9.13827 (5/20)
    fp=0.0002 tp=0.0000  [0.4s]
   nu  = 3.0000
  rho=8.09529 (6/20)
    fp=0.0004 tp=0.0000  [0.5s]
   nu  = 3.0000
  rho=7.17135 (7/20)
    fp=0.0006 tp=0.0116  [0.4s]
   nu  = 3.0000
  rho=6.35286 (8/20)
    fp=0.0010 tp=0.0349  [0.4s]
   nu  = 3.0000
  rho=5.62778 (9/20)
    fp=0.0016 tp=0.0465  [0.5s]
   nu  = 3.0000
  rho=4.98547 (10/20)
    fp=0.0023 tp=0.0698  [0.5s]
   nu  = 3.0000
  rho=4.41646 (11/20)
    fp=0.0060 tp=0.1163  [0.6s]
   nu  = 3.0000
  rho=3.91240 (12/20)
    fp=0.0117 tp=0.1395  [0.6s]
   nu  = 3.0000
  rho=3.46586 (13/20)
    fp=0.0191 tp=0.1744  [0.7s]
   nu  = 3.0000
  rho=3.07029 (14/20)
    fp=0.0278 tp=0.2442  [0.7s]
   nu  = 3.0000
  rho=2.71987 (15/20)
    fp=0.0448 tp=0.3140  [0.7s]
   nu  = 3.0000
  rho=2.40944 (16/20)
    fp=0.0650 tp=0.4186  [0.9s]
   nu  = 3.0000
  rho=2.13444 (17/20)
    fp=0.0991 tp=0.4884  [1.1s]
   nu  = 3.0000
  rho=1.89083 (18/20)
    fp=0.1476 tp=0.5814  [1.9s]
   nu  = 3.0000
  rho=1.67503 (19/20)
    fp=0.1887 tp=0.6744  [1.3s]
   nu  = 3.0000
  rho=1.48385 (20/20)
    fp=0.2333 tp=0.6977  [1.7s]
   nu  = 3.0000
  rho=1.31449 (21/21)  [extra 1/50]
    fp=0.2730 tp=0.7326  [1.4s]
   nu  = 3.0000
  rho=1.16447 (22/22)  [extra 2/50]
    fp=0.3113 tp=0.7907  [1.7s]
   nu  = 3.0000
  FPR 0.3113 >= fp_end=0.3; stopping after 22 fits
  grid extended by 2 points down to rho=1.16447, ending at FPR 0.3113
  pilot fit of run_tstar_varlasso at rho=0.30349
  -> rho_max = max|S_ij| (off-diag) = 0.39450
  rho grid: [0.39449597 0.34947088 0.30958464 0.27425076 0.24294964 0.21522101
 0.19065715 0.16889684 0.1496201  0.13254348 0.11741586 0.10401481
 0.09214327 0.08162666 0.07231035 0.06405734 0.05674627 0.05026963
 0.0445322  0.0394496 ]
Running run_tstar_varlasso over 20 rho values, extending until FPR >= 0.3...
  rho=0.39450 (1/20)
    fp=0.0002 tp=0.0000  [0.4s]
   nu  = 3.0000
  rho=0.34947 (2/20)
    fp=0.0002 tp=0.0465  [0.2s]
   nu  = 3.0000
  rho=0.30958 (3/20)
    fp=0.0010 tp=0.0698  [0.3s]
   nu  = 3.0000
  rho=0.27425 (4/20)
    fp=0.0021 tp=0.0814  [0.4s]
   nu  = 3.0000
  rho=0.24295 (5/20)
    fp=0.0049 tp=0.1163  [0.2s]
   nu  = 3.0000
  rho=0.21522 (6/20)
    fp=0.0086 tp=0.1744  [0.3s]
   nu  = 3.0000
  rho=0.19066 (7/20)
    fp=0.0158 tp=0.2209  [0.3s]
   nu  = 3.0000
  rho=0.16890 (8/20)
    fp=0.0245 tp=0.3372  [0.3s]
   nu  = 3.0000
  rho=0.14962 (9/20)
    fp=0.0366 tp=0.4419  [0.4s]
   nu  = 3.0000
  rho=0.13254 (10/20)
    fp=0.0539 tp=0.4651  [0.3s]
   nu  = 3.0000
  rho=0.11742 (11/20)
    fp=0.0757 tp=0.5349  [0.5s]
   nu  = 3.0000
  rho=0.10401 (12/20)
    fp=0.0997 tp=0.5930  [0.4s]
   nu  = 3.0000
  rho=0.09214 (13/20)
    fp=0.1266 tp=0.6628  [0.6s]
   nu  = 3.0000
  rho=0.08163 (14/20)
    fp=0.1509 tp=0.6744  [0.5s]
   nu  = 3.0000
  rho=0.07231 (15/20)
    fp=0.1737 tp=0.7442  [0.6s]
   nu  = 3.0000
  rho=0.06406 (16/20)
    fp=0.1988 tp=0.8256  [0.7s]
   nu  = 3.0000
  rho=0.05675 (17/20)
    fp=0.2255 tp=0.8256  [0.6s]
   nu  = 3.0000
  rho=0.05027 (18/20)
    fp=0.2506 tp=0.8605  [0.8s]
   nu  = 3.0000
  rho=0.04453 (19/20)
    fp=0.2771 tp=0.8721  [0.6s]
   nu  = 3.0000
  rho=0.03945 (20/20)
    fp=0.3008 tp=0.8721  [0.8s]
   nu  = 3.0000
  FPR 0.3008 >= fp_end=0.3; stopping after 20 fits
  pilot fit of run_em_diagonal at rho=0.30349
  -> rho_max = max|S_ij| (off-diag) = 0.53238
  rho grid: [0.53237677 0.4716149  0.41778798 0.37010449 0.32786328 0.29044319
 0.25729398 0.22792819 0.20191401 0.17886892 0.15845404 0.14036917
 0.12434838 0.1101561  0.09758363 0.0864461  0.07657973 0.06783944
 0.06009671 0.05323768]
Running run_em_diagonal over 20 rho values, extending until FPR >= 0.3...
  rho=0.53238 (1/20)
    fp=0.0004 tp=0.0000  [29.2s]
   median nu  = 0.046
   median |eta| = 4.157
  rho=0.47161 (2/20)
    fp=0.0008 tp=0.0116  [35.9s]
   median nu  = 0.05
   median |eta| = 4.315
  rho=0.41779 (3/20)
    fp=0.0016 tp=0.0465  [37.4s]
   median nu  = 0.055
   median |eta| = 4.238
  rho=0.37010 (4/20)
    fp=0.0027 tp=0.0814  [38.7s]
   median nu  = 0.062
   median |eta| = 4.068
  rho=0.32786 (5/20)
    fp=0.0060 tp=0.1279  [34.2s]
   median nu  = 0.07
   median |eta| = 4.226
  rho=0.29044 (6/20)
    fp=0.0119 tp=0.1512  [29.2s]
   median nu  = 0.079
   median |eta| = 4.315
  rho=0.25729 (7/20)
    fp=0.0218 tp=0.2326  [28.9s]
   median nu  = 0.093
   median |eta| = 3.917
  rho=0.22793 (8/20)
    fp=0.0321 tp=0.2791  [28.3s]
   median nu  = 0.108
   median |eta| = 3.823
  rho=0.20191 (9/20)
    fp=0.0430 tp=0.3837  [28.8s]
   median nu  = 0.123
   median |eta| = 3.621
  rho=0.17887 (10/20)
    fp=0.0578 tp=0.4419  [28.8s]
   median nu  = 0.138
   median |eta| = 3.321
  rho=0.15845 (11/20)
    fp=0.0767 tp=0.5233  [31.6s]
   median nu  = 0.152
   median |eta| = 3.442
  rho=0.14037 (12/20)
    fp=0.0903 tp=0.5814  [29.7s]
   median nu  = 0.179
   median |eta| = 3.593
  rho=0.12435 (13/20)
    fp=0.1106 tp=0.6163  [31.9s]
   median nu  = 0.185
   median |eta| = 3.576
  rho=0.11016 (14/20)
    fp=0.1303 tp=0.6744  [30.8s]
   median nu  = 0.199
   median |eta| = 3.19
  rho=0.09758 (15/20)
    fp=0.1468 tp=0.7442  [30.3s]
   median nu  = 0.208
   median |eta| = 2.756
  rho=0.08645 (16/20)
    fp=0.1639 tp=0.7558  [29.2s]
   median nu  = 0.223
   median |eta| = 2.712
  rho=0.07658 (17/20)
    fp=0.1838 tp=0.8023  [29.5s]
   median nu  = 0.26
   median |eta| = 2.407
  rho=0.06784 (18/20)
    fp=0.1990 tp=0.8256  [31.7s]
   median nu  = 0.311
   median |eta| = 2.124
  rho=0.06010 (19/20)
    fp=0.2120 tp=0.8372  [33.2s]
   median nu  = 0.34
   median |eta| = 2.029
  rho=0.05324 (20/20)
    fp=0.2272 tp=0.8372  [31.3s]
   median nu  = 0.354
   median |eta| = 2.091
  rho=0.04716 (21/21)  [extra 1/50]
    fp=0.2379 tp=0.8372  [30.9s]
   median nu  = 0.358
   median |eta| = 2.181
  rho=0.04178 (22/22)  [extra 2/50]
    fp=0.2547 tp=0.8488  [52.3s]
   median nu  = 0.339
   median |eta| = 2.17
  rho=0.03701 (23/23)  [extra 3/50]
    fp=0.2646 tp=0.8488  [31.1s]
   median nu  = 0.37
   median |eta| = 1.931
  rho=0.03279 (24/24)  [extra 4/50]
    fp=0.2771 tp=0.8721  [30.6s]
   median nu  = 0.36
   median |eta| = 2.026
  rho=0.02904 (25/25)  [extra 5/50]
    fp=0.2854 tp=0.8605  [29.0s]
   median nu  = 0.431
   median |eta| = 2.038
  rho=0.02573 (26/26)  [extra 6/50]
    fp=0.2981 tp=0.8721  [29.1s]
   median nu  = 0.452
   median |eta| = 1.727
  rho=0.02279 (27/27)  [extra 7/50]
    fp=0.3045 tp=0.8721  [28.1s]
   median nu  = 0.502
   median |eta| = 1.323
  FPR 0.3045 >= fp_end=0.3; stopping after 27 fits
  grid extended by 7 points down to rho=0.02279, ending at FPR 0.3045
  pilot fit of run_em_exact at rho=0.30349
  -> rho_max = max|S_ij| (off-diag) = 0.53307
  rho grid: [0.5330695  0.47222857 0.4183316  0.37058608 0.3282899  0.29082112
 0.25762877 0.22822477 0.20217675 0.17910166 0.15866022 0.14055182
 0.12451019 0.11029944 0.09771061 0.08655859 0.07667938 0.06792771
 0.0601749  0.05330695]
Running run_em_exact over 20 rho values, extending until FPR >= 0.3...
  rho=0.53307 (1/20)
    fp=0.0004 tp=0.0000  [33.5s]
   median nu  = 0.046
   median |eta| = 4.163
  rho=0.47223 (2/20)
    fp=0.0008 tp=0.0116  [30.6s]
   median nu  = 0.05
   median |eta| = 4.23
  rho=0.41833 (3/20)
    fp=0.0016 tp=0.0465  [30.7s]
   median nu  = 0.055
   median |eta| = 4.237
  rho=0.37059 (4/20)
    fp=0.0031 tp=0.0930  [30.3s]
   median nu  = 0.062
   median |eta| = 4.07
  rho=0.32829 (5/20)
    fp=0.0060 tp=0.1279  [30.9s]
   median nu  = 0.07
   median |eta| = 3.899
  rho=0.29082 (6/20)
    fp=0.0130 tp=0.1512  [55.1s]
   median nu  = 0.08
   median |eta| = 3.78
  rho=0.25763 (7/20)
    fp=0.0226 tp=0.2326  [67.1s]
   median nu  = 0.093
   median |eta| = 3.274
  rho=0.22822 (8/20)
    fp=0.0329 tp=0.2791  [37.2s]
   median nu  = 0.113
   median |eta| = 2.648
  rho=0.20218 (9/20)
    fp=0.0458 tp=0.3837  [54.8s]
   median nu  = 0.139
   median |eta| = 2.225
  rho=0.17910 (10/20)
    fp=0.0613 tp=0.4419  [55.4s]
   median nu  = 0.172
   median |eta| = 1.908
  rho=0.15866 (11/20)
    fp=0.0833 tp=0.5233  [55.7s]
   median nu  = 0.208
   median |eta| = 1.273
  rho=0.14055 (12/20)
    fp=0.1028 tp=0.5814  [40.6s]
   median nu  = 0.26
   median |eta| = 0.927
  rho=0.12451 (13/20)
    fp=0.1279 tp=0.6279  [32.8s]
   median nu  = 0.343
   median |eta| = 0.66
  rho=0.11030 (14/20)
    fp=0.1482 tp=0.6977  [35.5s]
   median nu  = 0.401
   median |eta| = 0.444
  rho=0.09771 (15/20)
    fp=0.1721 tp=0.7326  [36.2s]
   median nu  = 0.49
   median |eta| = 0.297
  rho=0.08656 (16/20)
    fp=0.1889 tp=0.7558  [36.9s]
   median nu  = 0.566
   median |eta| = 0.202
  rho=0.07668 (17/20)
    fp=0.2064 tp=0.8256  [32.9s]
   median nu  = 0.659
   median |eta| = 0.136
  rho=0.06793 (18/20)
    fp=0.2251 tp=0.8372  [58.1s]
   median nu  = 0.741
   median |eta| = 0.09
  rho=0.06017 (19/20)
    fp=0.2440 tp=0.8372  [60.6s]
   median nu  = 0.826
   median |eta| = 0.068
  rho=0.05331 (20/20)
    fp=0.2601 tp=0.8488  [61.0s]
   median nu  = 0.92
   median |eta| = 0.051
  rho=0.04722 (21/21)  [extra 1/50]
    fp=0.2794 tp=0.8605  [60.0s]
   median nu  = 1.042
   median |eta| = 0.037
  rho=0.04183 (22/22)  [extra 2/50]
    fp=0.2985 tp=0.8605  [58.8s]
   median nu  = 1.178
   median |eta| = 0.027
  rho=0.03706 (23/23)  [extra 3/50]
    fp=0.3121 tp=0.8953  [55.6s]
   median nu  = 1.301
   median |eta| = 0.019
  FPR 0.3121 >= fp_end=0.3; stopping after 23 fits
  grid extended by 3 points down to rho=0.03706, ending at FPR 0.3121
  graphical_lasso rho_max = max|S_ij| (off-diag) = 0.67490
  rho grid: [0.67490485 0.59787579 0.52963831 0.46918899 0.41563894 0.36820074
 0.32617681 0.2889492  0.2559705  0.22675577 0.2008754  0.17794885
 0.15763897 0.13964713 0.12370876 0.10958948 0.09708168 0.08600144
 0.07618582 0.06749048]
Running graphical_lasso over 20 rho values, extending until FPR >= 0.3...
  rho=0.67490 (1/20)
    fp=0.0000 tp=0.0000  [0.1s]
  rho=0.59788 (2/20)
    fp=0.0002 tp=0.0000  [0.1s]
  rho=0.52964 (3/20)
    fp=0.0006 tp=0.0116  [88.5s]
  rho=0.46919 (4/20)
    fp=0.0014 tp=0.0349  [89.5s]
  rho=0.41564 (5/20)
    fp=0.0031 tp=0.0698  [99.2s]
  rho=0.36820 (6/20)
    fp=0.0084 tp=0.1279  [105.1s]
  rho=0.32618 (7/20)
    fp=0.0162 tp=0.1744  [107.8s]
  rho=0.28895 (8/20)
    fp=0.0292 tp=0.2558  [105.6s]
  rho=0.25597 (9/20)
    fp=0.0440 tp=0.3256  [81.4s]
  rho=0.22676 (10/20)
    fp=0.0658 tp=0.4070  [0.2s]
  rho=0.20088 (11/20)
    fp=0.0925 tp=0.4767  [0.1s]
  rho=0.17795 (12/20)
    fp=0.1260 tp=0.5233  [0.1s]
  rho=0.15764 (13/20)
    fp=0.1610 tp=0.6047  [0.4s]
  rho=0.13965 (14/20)
    fp=0.1928 tp=0.6512  [116.0s]
  rho=0.12371 (15/20)
    fp=0.2257 tp=0.6977  [0.2s]
  rho=0.10959 (16/20)
    fp=0.2584 tp=0.7326  [1.8s]
  rho=0.09708 (17/20)
    fp=0.2893 tp=0.7674  [2.3s]
  rho=0.08600 (18/20)
    fp=0.3226 tp=0.8023  [0.2s]
  FPR 0.3226 >= fp_end=0.3; stopping after 18 fits
  [note] 8/18 fits hit a glasso ConvergenceWarning (suppressed)
  grid stopped 2 points early at rho=0.08600, ending at FPR 0.3226

(p=100, n=50) over 11 replicates
  t+lasso  (run_em_diagonal):    AUC = 0.195 (SE 0.004)
  ~t+lasso (run_em_exact):       AUC = 0.187 (SE 0.004)
  tlasso   (run_tlasso):         AUC = 0.158 (SE 0.004)
  t*lasso  (run_tstar_varlasso): AUC = 0.190 (SE 0.004)
  glasso   (graphical_lasso):    AUC = 0.157 (SE 0.004)
Replicate 12/50
  Theta: 97/4950 edges
  pilot fit of run_tlasso at rho=30.34854
  -> rho_max = max|S_ij| (off-diag) = 12.61129
  [warn] pilot rho 30.34854 > rho_max 12.61129: it falls off the top of this method's grid
  rho grid: [12.61128519 11.17191873  9.89683179  8.76727461  7.76663742  6.88020617
  6.09494615  5.39931039  4.78306976  4.23716266  3.75356169  3.32515564
  2.94564496  2.60944904  2.31162425  2.04779115  1.81407018  1.60702453
  1.42360966  1.26112852]
Running run_tlasso over 20 rho values, extending until FPR >= 0.3...
  rho=12.61129 (1/20)
    fp=0.0000 tp=0.0000  [0.2s]
   nu  = 3.0000
  rho=11.17192 (2/20)
    fp=0.0000 tp=0.0000  [0.2s]
   nu  = 3.0000
  rho=9.89683 (3/20)
    fp=0.0000 tp=0.0000  [0.2s]
   nu  = 3.0000
  rho=8.76727 (4/20)
    fp=0.0000 tp=0.0000  [0.2s]
   nu  = 3.0000
  rho=7.76664 (5/20)
    fp=0.0002 tp=0.0309  [0.4s]
   nu  = 3.0000
  rho=6.88021 (6/20)
    fp=0.0006 tp=0.0412  [0.4s]
   nu  = 3.0000
  rho=6.09495 (7/20)
    fp=0.0010 tp=0.0619  [0.5s]
   nu  = 3.0000
  rho=5.39931 (8/20)
    fp=0.0021 tp=0.0722  [0.4s]
   nu  = 3.0000
  rho=4.78307 (9/20)
    fp=0.0029 tp=0.0825  [0.5s]
   nu  = 3.0000
  rho=4.23716 (10/20)
    fp=0.0049 tp=0.1031  [0.5s]
   nu  = 3.0000
  rho=3.75356 (11/20)
    fp=0.0076 tp=0.1237  [0.5s]
   nu  = 3.0000
  rho=3.32516 (12/20)
    fp=0.0124 tp=0.1649  [0.6s]
   nu  = 3.0000
  rho=2.94564 (13/20)
    fp=0.0216 tp=0.2062  [0.7s]
   nu  = 3.0000
  rho=2.60945 (14/20)
    fp=0.0361 tp=0.3093  [0.8s]
   nu  = 3.0000
  rho=2.31162 (15/20)
    fp=0.0538 tp=0.3814  [0.7s]
   nu  = 3.0000
  rho=2.04779 (16/20)
    fp=0.0810 tp=0.4742  [1.0s]
   nu  = 3.0000
  rho=1.81407 (17/20)
    fp=0.1302 tp=0.5876  [1.8s]
   nu  = 3.0000
  rho=1.60702 (18/20)
    fp=0.1807 tp=0.6701  [2.2s]
   nu  = 3.0000
  rho=1.42361 (19/20)
    fp=0.2310 tp=0.7320  [1.8s]
   nu  = 3.0000
  rho=1.26113 (20/20)
    fp=0.2658 tp=0.8144  [1.5s]
   nu  = 3.0000
  rho=1.11719 (21/21)  [extra 1/50]
    fp=0.3118 tp=0.8351  [1.2s]
   nu  = 3.0000
  FPR 0.3118 >= fp_end=0.3; stopping after 21 fits
  grid extended by 1 points down to rho=1.11719, ending at FPR 0.3118
  pilot fit of run_tstar_varlasso at rho=0.30349
  -> rho_max = max|S_ij| (off-diag) = 0.39066
  rho grid: [0.39066268 0.34607509 0.30657643 0.27158588 0.24058891 0.21312973
 0.18880455 0.16725568 0.14816625 0.13125556 0.11627494 0.10300411
 0.09124792 0.0808335  0.07160772 0.0634349  0.05619487 0.04978117
 0.04409948 0.03906627]
Running run_tstar_varlasso over 20 rho values, extending until FPR >= 0.3...
  rho=0.39066 (1/20)
    fp=0.0000 tp=0.0206  [0.3s]
   nu  = 3.0000
  rho=0.34608 (2/20)
    fp=0.0000 tp=0.0412  [0.3s]
   nu  = 3.0000
  rho=0.30658 (3/20)
    fp=0.0006 tp=0.0412  [0.3s]
   nu  = 3.0000
  rho=0.27159 (4/20)
    fp=0.0021 tp=0.0619  [0.3s]
   nu  = 3.0000
  rho=0.24059 (5/20)
    fp=0.0035 tp=0.1031  [0.3s]
   nu  = 3.0000
  rho=0.21313 (6/20)
    fp=0.0056 tp=0.1856  [0.3s]
   nu  = 3.0000
  rho=0.18880 (7/20)
    fp=0.0107 tp=0.2474  [0.4s]
   nu  = 3.0000
  rho=0.16726 (8/20)
    fp=0.0177 tp=0.2887  [0.4s]
   nu  = 3.0000
  rho=0.14817 (9/20)
    fp=0.0309 tp=0.3608  [0.4s]
   nu  = 3.0000
  rho=0.13126 (10/20)
    fp=0.0492 tp=0.4639  [0.5s]
   nu  = 3.0000
  rho=0.11627 (11/20)
    fp=0.0637 tp=0.5361  [0.4s]
   nu  = 3.0000
  rho=0.10300 (12/20)
    fp=0.0880 tp=0.5773  [0.3s]
   nu  = 3.0000
  rho=0.09125 (13/20)
    fp=0.1123 tp=0.6701  [0.5s]
   nu  = 3.0000
  rho=0.08083 (14/20)
    fp=0.1399 tp=0.6907  [0.3s]
   nu  = 3.0000
  rho=0.07161 (15/20)
    fp=0.1638 tp=0.7629  [0.4s]
   nu  = 3.0000
  rho=0.06343 (16/20)
    fp=0.1908 tp=0.7938  [0.6s]
   nu  = 3.0000
  rho=0.05619 (17/20)
    fp=0.2178 tp=0.8247  [0.6s]
   nu  = 3.0000
  rho=0.04978 (18/20)
    fp=0.2431 tp=0.8454  [0.6s]
   nu  = 3.0000
  rho=0.04410 (19/20)
    fp=0.2660 tp=0.8866  [0.7s]
   nu  = 3.0000
  rho=0.03907 (20/20)
    fp=0.2912 tp=0.8969  [0.8s]
   nu  = 3.0000
  rho=0.03461 (21/21)  [extra 1/50]
    fp=0.3165 tp=0.9072  [0.7s]
   nu  = 3.0000
  FPR 0.3165 >= fp_end=0.3; stopping after 21 fits
  grid extended by 1 points down to rho=0.03461, ending at FPR 0.3165
  pilot fit of run_em_diagonal at rho=0.30349
  -> rho_max = max|S_ij| (off-diag) = 0.53556
  rho grid: [0.53556049 0.47443526 0.42028644 0.3723178  0.32982397 0.2921801
 0.25883265 0.22929125 0.2031215  0.17993859 0.15940162 0.14120861
 0.12509201 0.11081486 0.09816721 0.08696307 0.07703769 0.06824513
 0.0604561  0.05355605]
Running run_em_diagonal over 20 rho values, extending until FPR >= 0.3...
  rho=0.53556 (1/20)
    fp=0.0000 tp=0.0103  [27.8s]
   median nu  = 0.042
   median |eta| = 3.995
  rho=0.47444 (2/20)
    fp=0.0002 tp=0.0619  [36.0s]
   median nu  = 0.045
   median |eta| = 3.916
  rho=0.42029 (3/20)
    fp=0.0008 tp=0.0619  [36.5s]
   median nu  = 0.049
   median |eta| = 3.779
  rho=0.37232 (4/20)
    fp=0.0021 tp=0.0722  [39.3s]
   median nu  = 0.054
   median |eta| = 3.623
  rho=0.32982 (5/20)
    fp=0.0033 tp=0.0825  [34.2s]
   median nu  = 0.06
   median |eta| = 3.566
  rho=0.29218 (6/20)
    fp=0.0064 tp=0.1340  [29.3s]
   median nu  = 0.068
   median |eta| = 3.403
  rho=0.25883 (7/20)
    fp=0.0140 tp=0.1856  [28.5s]
   median nu  = 0.078
   median |eta| = 3.431
  rho=0.22929 (8/20)
    fp=0.0227 tp=0.2680  [28.5s]
   median nu  = 0.09
   median |eta| = 3.308
  rho=0.20312 (9/20)
    fp=0.0326 tp=0.3505  [28.3s]
   median nu  = 0.107
   median |eta| = 3.135
  rho=0.17994 (10/20)
    fp=0.0455 tp=0.4124  [28.6s]
   median nu  = 0.125
   median |eta| = 2.78
  rho=0.15940 (11/20)
    fp=0.0596 tp=0.4845  [31.6s]
   median nu  = 0.15
   median |eta| = 2.664
  rho=0.14121 (12/20)
    fp=0.0773 tp=0.5464  [29.6s]
   median nu  = 0.172
   median |eta| = 2.552
  rho=0.12509 (13/20)
    fp=0.0997 tp=0.6082  [31.5s]
   median nu  = 0.214
   median |eta| = 2.261
  rho=0.11081 (14/20)
    fp=0.1193 tp=0.6804  [31.7s]
   median nu  = 0.263
   median |eta| = 2.277
  rho=0.09817 (15/20)
    fp=0.1397 tp=0.7010  [29.0s]
   median nu  = 0.287
   median |eta| = 2.142
  rho=0.08696 (16/20)
    fp=0.1607 tp=0.7423  [27.5s]
   median nu  = 0.319
   median |eta| = 1.987
  rho=0.07704 (17/20)
    fp=0.1805 tp=0.7732  [30.3s]
   median nu  = 0.323
   median |eta| = 1.794
  rho=0.06825 (18/20)
    fp=0.1943 tp=0.7835  [30.7s]
   median nu  = 0.33
   median |eta| = 1.66
  rho=0.06046 (19/20)
    fp=0.2157 tp=0.7938  [33.6s]
   median nu  = 0.349
   median |eta| = 1.571
  rho=0.05356 (20/20)
    fp=0.2308 tp=0.8247  [31.7s]
   median nu  = 0.362
   median |eta| = 1.537
  rho=0.04744 (21/21)  [extra 1/50]
    fp=0.2396 tp=0.8454  [31.4s]
   median nu  = 0.36
   median |eta| = 1.643
  rho=0.04203 (22/22)  [extra 2/50]
    fp=0.2508 tp=0.8660  [50.7s]
   median nu  = 0.368
   median |eta| = 1.892
  rho=0.03723 (23/23)  [extra 3/50]
    fp=0.2642 tp=0.8660  [32.3s]
   median nu  = 0.432
   median |eta| = 1.56
  rho=0.03298 (24/24)  [extra 4/50]
    fp=0.2753 tp=0.8351  [28.5s]
   median nu  = 0.444
   median |eta| = 1.587
  rho=0.02922 (25/25)  [extra 5/50]
    fp=0.2885 tp=0.8557  [28.8s]
   median nu  = 0.404
   median |eta| = 2.083
  rho=0.02588 (26/26)  [extra 6/50]
    fp=0.2994 tp=0.8351  [28.2s]
   median nu  = 0.623
   median |eta| = 0.531
  rho=0.02293 (27/27)  [extra 7/50]
    fp=0.3097 tp=0.8660  [26.2s]
   median nu  = 0.43
   median |eta| = 2.219
  FPR 0.3097 >= fp_end=0.3; stopping after 27 fits
  grid extended by 7 points down to rho=0.02293, ending at FPR 0.3097
  pilot fit of run_em_exact at rho=0.30349
  -> rho_max = max|S_ij| (off-diag) = 0.53588
  rho grid: [0.53588351 0.47472141 0.42053993 0.37254236 0.3300229  0.29235633
 0.25898876 0.22942954 0.20324401 0.18004712 0.15949777 0.14129377
 0.12516746 0.1108817  0.09822641 0.08701552 0.07708416 0.0682863
 0.06049256 0.05358835]
Running run_em_exact over 20 rho values, extending until FPR >= 0.3...
  rho=0.53588 (1/20)
    fp=0.0000 tp=0.0103  [32.5s]
   median nu  = 0.042
   median |eta| = 4.003
  rho=0.47472 (2/20)
    fp=0.0002 tp=0.0619  [31.3s]
   median nu  = 0.045
   median |eta| = 3.973
  rho=0.42054 (3/20)
    fp=0.0008 tp=0.0619  [30.5s]
   median nu  = 0.049
   median |eta| = 3.902
  rho=0.37254 (4/20)
    fp=0.0021 tp=0.0722  [30.6s]
   median nu  = 0.054
   median |eta| = 3.716
  rho=0.33002 (5/20)
    fp=0.0033 tp=0.0825  [30.6s]
   median nu  = 0.06
   median |eta| = 3.446
  rho=0.29236 (6/20)
    fp=0.0068 tp=0.1340  [43.3s]
   median nu  = 0.068
   median |eta| = 3.279
  rho=0.25899 (7/20)
    fp=0.0144 tp=0.1856  [67.2s]
   median nu  = 0.077
   median |eta| = 2.921
  rho=0.22943 (8/20)
    fp=0.0245 tp=0.2680  [48.5s]
   median nu  = 0.089
   median |eta| = 2.632
  rho=0.20324 (9/20)
    fp=0.0354 tp=0.3505  [46.4s]
   median nu  = 0.111
   median |eta| = 2.264
  rho=0.18005 (10/20)
    fp=0.0503 tp=0.4124  [54.6s]
   median nu  = 0.138
   median |eta| = 1.766
  rho=0.15950 (11/20)
    fp=0.0684 tp=0.4742  [56.8s]
   median nu  = 0.184
   median |eta| = 1.307
  rho=0.14129 (12/20)
    fp=0.0878 tp=0.5670  [46.0s]
   median nu  = 0.245
   median |eta| = 0.987
  rho=0.12517 (13/20)
    fp=0.1131 tp=0.6289  [34.3s]
   median nu  = 0.307
   median |eta| = 0.763
  rho=0.11088 (14/20)
    fp=0.1376 tp=0.6701  [35.1s]
   median nu  = 0.397
   median |eta| = 0.545
  rho=0.09823 (15/20)
    fp=0.1618 tp=0.7320  [36.1s]
   median nu  = 0.487
   median |eta| = 0.372
  rho=0.08702 (16/20)
    fp=0.1840 tp=0.7526  [33.6s]
   median nu  = 0.578
   median |eta| = 0.267
  rho=0.07708 (17/20)
    fp=0.2065 tp=0.8041  [30.4s]
   median nu  = 0.661
   median |eta| = 0.183
  rho=0.06829 (18/20)
    fp=0.2256 tp=0.8351  [39.4s]
   median nu  = 0.735
   median |eta| = 0.129
  rho=0.06049 (19/20)
    fp=0.2431 tp=0.8557  [61.5s]
   median nu  = 0.825
   median |eta| = 0.094
  rho=0.05359 (20/20)
    fp=0.2594 tp=0.8866  [60.2s]
   median nu  = 0.953
   median |eta| = 0.07
  rho=0.04747 (21/21)  [extra 1/50]
    fp=0.2728 tp=0.8866  [59.6s]
   median nu  = 1.058
   median |eta| = 0.049
  rho=0.04205 (22/22)  [extra 2/50]
    fp=0.2877 tp=0.8866  [52.0s]
   median nu  = 1.169
   median |eta| = 0.036
  rho=0.03725 (23/23)  [extra 3/50]
    fp=0.3033 tp=0.9072  [52.7s]
   median nu  = 1.3
   median |eta| = 0.027
  FPR 0.3033 >= fp_end=0.3; stopping after 23 fits
  grid extended by 3 points down to rho=0.03725, ending at FPR 0.3033
  graphical_lasso rho_max = max|S_ij| (off-diag) = 0.57898
  rho grid: [0.57898084 0.5128999  0.45436099 0.40250331 0.35656432 0.31586849
 0.2798174  0.24788094 0.2195895  0.19452704 0.17232505 0.15265704
 0.1352338  0.11979913 0.10612607 0.09401356 0.08328349 0.07377808
 0.06535755 0.05789808]
Running graphical_lasso over 20 rho values, extending until FPR >= 0.3...
  rho=0.57898 (1/20)
    fp=0.0000 tp=0.0000  [0.0s]
  rho=0.51290 (2/20)
    fp=0.0006 tp=0.0412  [0.1s]
  rho=0.45436 (3/20)
    fp=0.0014 tp=0.0619  [88.9s]
  rho=0.40250 (4/20)
    fp=0.0025 tp=0.0825  [91.3s]
  rho=0.35656 (5/20)
    fp=0.0049 tp=0.1031  [93.9s]
  rho=0.31587 (6/20)
    fp=0.0107 tp=0.1340  [98.7s]
  rho=0.27982 (7/20)
    fp=0.0202 tp=0.2165  [105.8s]
  rho=0.24788 (8/20)
    fp=0.0365 tp=0.2887  [107.2s]
  rho=0.21959 (9/20)
    fp=0.0567 tp=0.3918  [105.8s]
  rho=0.19453 (10/20)
    fp=0.0814 tp=0.4639  [78.6s]
  rho=0.17233 (11/20)
    fp=0.1104 tp=0.5361  [0.3s]
  rho=0.15266 (12/20)
    fp=0.1461 tp=0.6392  [0.3s]
  rho=0.13523 (13/20)
    fp=0.1787 tp=0.6598  [115.9s]
  rho=0.11980 (14/20)
    fp=0.2129 tp=0.7423  [85.3s]
  rho=0.10613 (15/20)
    fp=0.2407 tp=0.7526  [1.8s]
  rho=0.09401 (16/20)
    fp=0.2767 tp=0.8144  [1.5s]
  rho=0.08328 (17/20)
    fp=0.3118 tp=0.8247  [1.0s]
  FPR 0.3118 >= fp_end=0.3; stopping after 17 fits
  [note] 10/17 fits hit a glasso ConvergenceWarning (suppressed)
  grid stopped 3 points early at rho=0.08328, ending at FPR 0.3118

(p=100, n=50) over 12 replicates
  t+lasso  (run_em_diagonal):    AUC = 0.195 (SE 0.003)
  ~t+lasso (run_em_exact):       AUC = 0.188 (SE 0.004)
  tlasso   (run_tlasso):         AUC = 0.159 (SE 0.004)
  t*lasso  (run_tstar_varlasso): AUC = 0.191 (SE 0.004)
  glasso   (graphical_lasso):    AUC = 0.158 (SE 0.004)
Replicate 13/50
  Theta: 72/4950 edges
  pilot fit of run_tlasso at rho=30.34854
  -> rho_max = max|S_ij| (off-diag) = 13.48357
  [warn] pilot rho 30.34854 > rho_max 13.48357: it falls off the top of this method's grid
  rho grid: [13.48357301 11.94464955 10.58136836  9.37368283  8.30383432  7.35609106
  6.51651677  5.7727658   5.11390151  4.53023552  4.0131852   3.55514749
  3.1493871   2.78993744  2.47151292  2.18943122  1.93954441  1.71817798
  1.52207681  1.3483573 ]
Running run_tlasso over 20 rho values, extending until FPR >= 0.3...
  rho=13.48357 (1/20)
    fp=0.0000 tp=0.0000  [0.2s]
   nu  = 3.0000
  rho=11.94465 (2/20)
    fp=0.0000 tp=0.0000  [0.2s]
   nu  = 3.0000
  rho=10.58137 (3/20)
    fp=0.0000 tp=0.0000  [0.2s]
   nu  = 3.0000
  rho=9.37368 (4/20)
    fp=0.0000 tp=0.0139  [0.4s]
   nu  = 3.0000
  rho=8.30383 (5/20)
    fp=0.0000 tp=0.0139  [0.4s]
   nu  = 3.0000
  rho=7.35609 (6/20)
    fp=0.0002 tp=0.0139  [0.4s]
   nu  = 3.0000
  rho=6.51652 (7/20)
    fp=0.0008 tp=0.0417  [0.4s]
   nu  = 3.0000
  rho=5.77277 (8/20)
    fp=0.0018 tp=0.0556  [0.5s]
   nu  = 3.0000
  rho=5.11390 (9/20)
    fp=0.0027 tp=0.0556  [0.4s]
   nu  = 3.0000
  rho=4.53024 (10/20)
    fp=0.0043 tp=0.0833  [0.5s]
   nu  = 3.0000
  rho=4.01319 (11/20)
    fp=0.0074 tp=0.1250  [0.5s]
   nu  = 3.0000
  rho=3.55515 (12/20)
    fp=0.0168 tp=0.2361  [0.5s]
   nu  = 3.0000
  rho=3.14939 (13/20)
    fp=0.0264 tp=0.3333  [0.6s]
   nu  = 3.0000
  rho=2.78994 (14/20)
    fp=0.0435 tp=0.4444  [0.5s]
   nu  = 3.0000
  rho=2.47151 (15/20)
    fp=0.0687 tp=0.5833  [1.4s]
   nu  = 3.0000
  rho=2.18943 (16/20)
    fp=0.1164 tp=0.6944  [1.9s]
   nu  = 3.0000
  rho=1.93954 (17/20)
    fp=0.1663 tp=0.7917  [1.5s]
   nu  = 3.0000
  rho=1.71818 (18/20)
    fp=0.2165 tp=0.8472  [1.5s]
   nu  = 3.0000
  rho=1.52208 (19/20)
    fp=0.2616 tp=0.8889  [1.3s]
   nu  = 3.0000
  rho=1.34836 (20/20)
    fp=0.3016 tp=0.9028  [1.6s]
   nu  = 3.0000
  FPR 0.3016 >= fp_end=0.3; stopping after 20 fits
  pilot fit of run_tstar_varlasso at rho=0.30349
  -> rho_max = max|S_ij| (off-diag) = 0.42677
  rho grid: [0.42676812 0.37805971 0.33491054 0.29668612 0.26282438 0.23282739
 0.20625406 0.18271362 0.16185993 0.14338633 0.12702119 0.11252386
 0.09968115 0.08830422 0.07822577 0.06929762 0.06138846 0.05438199
 0.0481752  0.04267681]
Running run_tstar_varlasso over 20 rho values, extending until FPR >= 0.3...
  rho=0.42677 (1/20)
    fp=0.0000 tp=0.0139  [0.3s]
   nu  = 3.0000
  rho=0.37806 (2/20)
    fp=0.0002 tp=0.0139  [0.3s]
   nu  = 3.0000
  rho=0.33491 (3/20)
    fp=0.0010 tp=0.0278  [0.3s]
   nu  = 3.0000
  rho=0.29669 (4/20)
    fp=0.0016 tp=0.0556  [0.4s]
   nu  = 3.0000
  rho=0.26282 (5/20)
    fp=0.0037 tp=0.0833  [0.4s]
   nu  = 3.0000
  rho=0.23283 (6/20)
    fp=0.0070 tp=0.2639  [0.4s]
   nu  = 3.0000
  rho=0.20625 (7/20)
    fp=0.0158 tp=0.3889  [0.4s]
   nu  = 3.0000
  rho=0.18271 (8/20)
    fp=0.0252 tp=0.5000  [0.3s]
   nu  = 3.0000
  rho=0.16186 (9/20)
    fp=0.0404 tp=0.5556  [0.3s]
   nu  = 3.0000
  rho=0.14339 (10/20)
    fp=0.0584 tp=0.6667  [0.4s]
   nu  = 3.0000
  rho=0.12702 (11/20)
    fp=0.0853 tp=0.7222  [0.7s]
   nu  = 3.0000
  rho=0.11252 (12/20)
    fp=0.1144 tp=0.7778  [0.5s]
   nu  = 3.0000
  rho=0.09968 (13/20)
    fp=0.1402 tp=0.8472  [0.6s]
   nu  = 3.0000
  rho=0.08830 (14/20)
    fp=0.1648 tp=0.8889  [0.7s]
   nu  = 3.0000
  rho=0.07823 (15/20)
    fp=0.1894 tp=0.9306  [0.7s]
   nu  = 3.0000
  rho=0.06930 (16/20)
    fp=0.2120 tp=0.9306  [0.6s]
   nu  = 3.0000
  rho=0.06139 (17/20)
    fp=0.2329 tp=0.9306  [0.5s]
   nu  = 3.0000
  rho=0.05438 (18/20)
    fp=0.2583 tp=0.9444  [0.7s]
   nu  = 3.0000
  rho=0.04818 (19/20)
    fp=0.2815 tp=0.9444  [0.7s]
   nu  = 3.0000
  rho=0.04268 (20/20)
    fp=0.3073 tp=0.9444  [0.7s]
   nu  = 3.0000
  FPR 0.3073 >= fp_end=0.3; stopping after 20 fits
  pilot fit of run_em_diagonal at rho=0.30349
  -> rho_max = max|S_ij| (off-diag) = 0.59714
  rho grid: [0.59713797 0.5289847  0.46860998 0.41512602 0.36774635 0.32577428
 0.28859262 0.25565461 0.22647593 0.20062751 0.17772925 0.15744444
 0.1394748  0.12355609 0.10945424 0.09696187 0.0858953  0.0760918
 0.0674072  0.0597138 ]
Running run_em_diagonal over 20 rho values, extending until FPR >= 0.3...
  rho=0.59714 (1/20)
    fp=0.0000 tp=0.0139  [34.9s]
   median nu  = 0.038
   median |eta| = 5.546
  rho=0.52898 (2/20)
    fp=0.0000 tp=0.0139  [38.5s]
   median nu  = 0.04
   median |eta| = 5.462
  rho=0.46861 (3/20)
    fp=0.0004 tp=0.0417  [38.6s]
   median nu  = 0.043
   median |eta| = 4.954
  rho=0.41513 (4/20)
    fp=0.0012 tp=0.0556  [33.7s]
   median nu  = 0.047
   median |eta| = 4.957
  rho=0.36775 (5/20)
    fp=0.0029 tp=0.0972  [29.2s]
   median nu  = 0.052
   median |eta| = 4.682
  rho=0.32577 (6/20)
    fp=0.0082 tp=0.1806  [29.0s]
   median nu  = 0.058
   median |eta| = 4.578
  rho=0.28859 (7/20)
    fp=0.0164 tp=0.3194  [28.9s]
   median nu  = 0.064
   median |eta| = 4.468
  rho=0.25565 (8/20)
    fp=0.0273 tp=0.4167  [28.6s]
   median nu  = 0.072
   median |eta| = 4.141
  rho=0.22648 (9/20)
    fp=0.0404 tp=0.5139  [29.8s]
   median nu  = 0.084
   median |eta| = 3.888
  rho=0.20063 (10/20)
    fp=0.0562 tp=0.5972  [31.8s]
   median nu  = 0.102
   median |eta| = 3.751
  rho=0.17773 (11/20)
    fp=0.0763 tp=0.6944  [33.2s]
   median nu  = 0.127
   median |eta| = 3.472
  rho=0.15744 (12/20)
    fp=0.1005 tp=0.7639  [37.2s]
   median nu  = 0.143
   median |eta| = 3.267
  rho=0.13947 (13/20)
    fp=0.1232 tp=0.8472  [33.6s]
   median nu  = 0.181
   median |eta| = 3.172
  rho=0.12356 (14/20)
    fp=0.1433 tp=0.8750  [32.4s]
   median nu  = 0.199
   median |eta| = 3.176
  rho=0.10945 (15/20)
    fp=0.1597 tp=0.9028  [31.1s]
   median nu  = 0.223
   median |eta| = 3.069
  rho=0.09696 (16/20)
    fp=0.1751 tp=0.9444  [30.9s]
   median nu  = 0.237
   median |eta| = 3.085
  rho=0.08590 (17/20)
    fp=0.1886 tp=0.9722  [33.0s]
   median nu  = 0.237
   median |eta| = 3.479
  rho=0.07609 (18/20)
    fp=0.1991 tp=0.9861  [28.2s]
   median nu  = 0.251
   median |eta| = 3.818
  rho=0.06741 (19/20)
    fp=0.2118 tp=1.0000  [28.0s]
   median nu  = 0.258
   median |eta| = 3.442
  rho=0.05971 (20/20)
    fp=0.2247 tp=1.0000  [35.1s]
   median nu  = 0.265
   median |eta| = 3.803
  rho=0.05290 (21/21)  [extra 1/50]
    fp=0.2339 tp=1.0000  [42.7s]
   median nu  = 0.268
   median |eta| = 3.813
  rho=0.04686 (22/22)  [extra 2/50]
    fp=0.2476 tp=1.0000  [31.4s]
   median nu  = 0.281
   median |eta| = 4.001
  rho=0.04151 (23/23)  [extra 3/50]
    fp=0.2567 tp=1.0000  [30.9s]
   median nu  = 0.268
   median |eta| = 4.717
  rho=0.03677 (24/24)  [extra 4/50]
    fp=0.2673 tp=1.0000  [29.5s]
   median nu  = 0.334
   median |eta| = 3.595
  rho=0.03258 (25/25)  [extra 5/50]
    fp=0.2774 tp=0.9722  [30.4s]
   median nu  = 0.306
   median |eta| = 4.38
  rho=0.02886 (26/26)  [extra 6/50]
    fp=0.2850 tp=0.9861  [28.4s]
   median nu  = 0.297
   median |eta| = 4.703
  rho=0.02557 (27/27)  [extra 7/50]
    fp=0.2964 tp=0.9583  [33.4s]
   median nu  = 0.349
   median |eta| = 3.424
  rho=0.02265 (28/28)  [extra 8/50]
    fp=0.3104 tp=0.9861  [29.7s]
   median nu  = 0.816
   median |eta| = 0.327
  FPR 0.3104 >= fp_end=0.3; stopping after 28 fits
  grid extended by 8 points down to rho=0.02265, ending at FPR 0.3104
  pilot fit of run_em_exact at rho=0.30349
  -> rho_max = max|S_ij| (off-diag) = 0.59924
  rho grid: [0.59923855 0.53084553 0.47025843 0.41658632 0.36903999 0.32692027
 0.28960781 0.25655394 0.22727262 0.20133326 0.17835445 0.15799829
 0.13996543 0.12399073 0.10983927 0.09730296 0.08619746 0.07635947
 0.06764432 0.05992385]
Running run_em_exact over 20 rho values, extending until FPR >= 0.3...
  rho=0.59924 (1/20)
    fp=0.0000 tp=0.0139  [29.3s]
   median nu  = 0.038
   median |eta| = 5.542
  rho=0.53085 (2/20)
    fp=0.0000 tp=0.0139  [30.9s]
   median nu  = 0.04
   median |eta| = 5.458
  rho=0.47026 (3/20)
    fp=0.0004 tp=0.0417  [33.7s]
   median nu  = 0.043
   median |eta| = 4.936
  rho=0.41659 (4/20)
    fp=0.0012 tp=0.0556  [67.8s]
   median nu  = 0.047
   median |eta| = 4.941
  rho=0.36904 (5/20)
    fp=0.0025 tp=0.0972  [58.8s]
   median nu  = 0.053
   median |eta| = 4.531
  rho=0.32692 (6/20)
    fp=0.0082 tp=0.1667  [42.3s]
   median nu  = 0.058
   median |eta| = 4.184
  rho=0.28961 (7/20)
    fp=0.0162 tp=0.3194  [55.0s]
   median nu  = 0.066
   median |eta| = 3.581
  rho=0.25655 (8/20)
    fp=0.0285 tp=0.4167  [57.8s]
   median nu  = 0.076
   median |eta| = 2.928
  rho=0.22727 (9/20)
    fp=0.0420 tp=0.5139  [50.7s]
   median nu  = 0.088
   median |eta| = 2.751
  rho=0.20133 (10/20)
    fp=0.0621 tp=0.5972  [39.2s]
   median nu  = 0.111
   median |eta| = 2.179
  rho=0.17835 (11/20)
    fp=0.0859 tp=0.7083  [37.0s]
   median nu  = 0.151
   median |eta| = 1.606
  rho=0.15800 (12/20)
    fp=0.1115 tp=0.7778  [37.5s]
   median nu  = 0.199
   median |eta| = 1.085
  rho=0.13997 (13/20)
    fp=0.1376 tp=0.8472  [37.4s]
   median nu  = 0.266
   median |eta| = 0.791
  rho=0.12399 (14/20)
    fp=0.1615 tp=0.8889  [33.9s]
   median nu  = 0.34
   median |eta| = 0.545
  rho=0.10984 (15/20)
    fp=0.1812 tp=0.9444  [53.0s]
   median nu  = 0.41
   median |eta| = 0.377
  rho=0.09730 (16/20)
    fp=0.2021 tp=0.9583  [62.0s]
   median nu  = 0.492
   median |eta| = 0.268
  rho=0.08620 (17/20)
    fp=0.2245 tp=0.9583  [62.0s]
   median nu  = 0.578
   median |eta| = 0.205
  rho=0.07636 (18/20)
    fp=0.2411 tp=0.9722  [61.6s]
   median nu  = 0.65
   median |eta| = 0.135
  rho=0.06764 (19/20)
    fp=0.2575 tp=0.9722  [61.7s]
   median nu  = 0.739
   median |eta| = 0.097
  rho=0.05992 (20/20)
    fp=0.2712 tp=0.9722  [71.7s]
   median nu  = 0.838
   median |eta| = 0.069
  rho=0.05308 (21/21)  [extra 1/50]
    fp=0.2860 tp=0.9722  [59.8s]
   median nu  = 0.934
   median |eta| = 0.047
  rho=0.04703 (22/22)  [extra 2/50]
    fp=0.3032 tp=0.9722  [50.7s]
   median nu  = 1.067
   median |eta| = 0.034
  FPR 0.3032 >= fp_end=0.3; stopping after 22 fits
  grid extended by 2 points down to rho=0.04703, ending at FPR 0.3032
  graphical_lasso rho_max = max|S_ij| (off-diag) = 0.62800
  rho grid: [0.62799581 0.55632063 0.49282597 0.43657816 0.38675009 0.34260906
 0.30350599 0.26886588 0.23817935 0.21099518 0.18691362 0.16558057
 0.14668233 0.129941   0.11511042 0.1019725  0.09033405 0.08002393
 0.07089055 0.06279958]
Running graphical_lasso over 20 rho values, extending until FPR >= 0.3...
  rho=0.62800 (1/20)
    fp=0.0000 tp=0.0000  [0.1s]
  rho=0.55632 (2/20)
    fp=0.0000 tp=0.0139  [0.1s]
  rho=0.49283 (3/20)
    fp=0.0008 tp=0.0417  [95.5s]
  rho=0.43658 (4/20)
    fp=0.0029 tp=0.0556  [97.1s]
  rho=0.38675 (5/20)
    fp=0.0055 tp=0.0833  [107.1s]
  rho=0.34261 (6/20)
    fp=0.0125 tp=0.1944  [107.3s]
  rho=0.30351 (7/20)
    fp=0.0267 tp=0.3194  [107.8s]
  rho=0.26887 (8/20)
    fp=0.0435 tp=0.4583  [78.4s]
  rho=0.23818 (9/20)
    fp=0.0650 tp=0.5556  [116.7s]
  rho=0.21100 (10/20)
    fp=0.0937 tp=0.6250  [88.1s]
  rho=0.18691 (11/20)
    fp=0.1275 tp=0.7500  [0.2s]
  rho=0.16558 (12/20)
    fp=0.1626 tp=0.7917  [0.1s]
  rho=0.14668 (13/20)
    fp=0.1968 tp=0.8056  [0.1s]
  rho=0.12994 (14/20)
    fp=0.2343 tp=0.8611  [104.9s]
  rho=0.11511 (15/20)
    fp=0.2673 tp=0.8889  [1.7s]
  rho=0.10197 (16/20)
    fp=0.3055 tp=0.9028  [6.3s]
  FPR 0.3055 >= fp_end=0.3; stopping after 16 fits
  [note] 9/16 fits hit a glasso ConvergenceWarning (suppressed)
  grid stopped 4 points early at rho=0.10197, ending at FPR 0.3055

(p=100, n=50) over 13 replicates
  t+lasso  (run_em_diagonal):    AUC = 0.198 (SE 0.005)
  ~t+lasso (run_em_exact):       AUC = 0.191 (SE 0.005)
  tlasso   (run_tlasso):         AUC = 0.163 (SE 0.005)
  t*lasso  (run_tstar_varlasso): AUC = 0.194 (SE 0.005)
  glasso   (graphical_lasso):    AUC = 0.162 (SE 0.005)
Replicate 14/50
  Theta: 86/4950 edges
  pilot fit of run_tlasso at rho=30.34854
  -> rho_max = max|S_ij| (off-diag) = 17.75150
  [warn] pilot rho 30.34854 > rho_max 17.75150: it falls off the top of this method's grid
  rho grid: [17.75149623 15.72546099 13.93066366 12.3407123  10.9322272   9.68449702
  8.57917429  7.60000559  6.73259256  5.96418016  5.28346914  4.68044985
  4.14625509  3.67302969  3.25381502  2.88244667  2.55346378  2.26202876
  2.00385616  1.77514962]
Running run_tlasso over 20 rho values, extending until FPR >= 0.3...
  rho=17.75150 (1/20)
    fp=0.0000 tp=0.0000  [0.2s]
   nu  = 3.0000
  rho=15.72546 (2/20)
    fp=0.0000 tp=0.0000  [0.1s]
   nu  = 3.0000
  rho=13.93066 (3/20)
    fp=0.0000 tp=0.0116  [0.3s]
   nu  = 3.0000
  rho=12.34071 (4/20)
    fp=0.0000 tp=0.0116  [0.2s]
   nu  = 3.0000
  rho=10.93223 (5/20)
    fp=0.0000 tp=0.0349  [0.3s]
   nu  = 3.0000
  rho=9.68450 (6/20)
    fp=0.0000 tp=0.0465  [0.3s]
   nu  = 3.0000
  rho=8.57917 (7/20)
    fp=0.0002 tp=0.0581  [0.4s]
   nu  = 3.0000
  rho=7.60001 (8/20)
    fp=0.0004 tp=0.0698  [0.4s]
   nu  = 3.0000
  rho=6.73259 (9/20)
    fp=0.0010 tp=0.0814  [0.4s]
   nu  = 3.0000
  rho=5.96418 (10/20)
    fp=0.0014 tp=0.0930  [0.4s]
   nu  = 3.0000
  rho=5.28347 (11/20)
    fp=0.0027 tp=0.1512  [0.5s]
   nu  = 3.0000
  rho=4.68045 (12/20)
    fp=0.0056 tp=0.1860  [0.5s]
   nu  = 3.0000
  rho=4.14626 (13/20)
    fp=0.0088 tp=0.1977  [0.5s]
   nu  = 3.0000
  rho=3.67303 (14/20)
    fp=0.0183 tp=0.2791  [0.7s]
   nu  = 3.0000
  rho=3.25382 (15/20)
    fp=0.0312 tp=0.3372  [0.7s]
   nu  = 3.0000
  rho=2.88245 (16/20)
    fp=0.0508 tp=0.4535  [0.6s]
   nu  = 3.0000
  rho=2.55346 (17/20)
    fp=0.0789 tp=0.5116  [1.4s]
   nu  = 3.0000
  rho=2.26203 (18/20)
    fp=0.1168 tp=0.5698  [1.6s]
   nu  = 3.0000
  rho=2.00386 (19/20)
    fp=0.1544 tp=0.6047  [1.4s]
   nu  = 3.0000
  rho=1.77515 (20/20)
    fp=0.1968 tp=0.6860  [1.4s]
   nu  = 3.0000
  rho=1.57255 (21/21)  [extra 1/50]
    fp=0.2383 tp=0.7326  [1.4s]
   nu  = 3.0000
  rho=1.39307 (22/22)  [extra 2/50]
    fp=0.2728 tp=0.7558  [1.6s]
   nu  = 3.0000
  rho=1.23407 (23/23)  [extra 3/50]
    fp=0.3113 tp=0.7558  [1.6s]
   nu  = 3.0000
  FPR 0.3113 >= fp_end=0.3; stopping after 23 fits
  grid extended by 3 points down to rho=1.23407, ending at FPR 0.3113
  pilot fit of run_tstar_varlasso at rho=0.30349
  -> rho_max = max|S_ij| (off-diag) = 0.57656
  rho grid: [0.57656275 0.51075779 0.45246337 0.40082227 0.35507514 0.31454927
 0.27864876 0.24684568 0.21867239 0.19371461 0.17160534 0.15201947
 0.134669   0.11929879 0.10568284 0.09362092 0.08293566 0.07346995
 0.06508459 0.05765628]
Running run_tstar_varlasso over 20 rho values, extending until FPR >= 0.3...
  rho=0.57656 (1/20)
    fp=0.0000 tp=0.0233  [0.4s]
   nu  = 3.0000
  rho=0.51076 (2/20)
    fp=0.0000 tp=0.0233  [0.3s]
   nu  = 3.0000
  rho=0.45246 (3/20)
    fp=0.0000 tp=0.0465  [0.3s]
   nu  = 3.0000
  rho=0.40082 (4/20)
    fp=0.0002 tp=0.0581  [0.2s]
   nu  = 3.0000
  rho=0.35508 (5/20)
    fp=0.0006 tp=0.0814  [0.4s]
   nu  = 3.0000
  rho=0.31455 (6/20)
    fp=0.0010 tp=0.1279  [0.3s]
   nu  = 3.0000
  rho=0.27865 (7/20)
    fp=0.0023 tp=0.1628  [0.3s]
   nu  = 3.0000
  rho=0.24685 (8/20)
    fp=0.0047 tp=0.2442  [0.3s]
   nu  = 3.0000
  rho=0.21867 (9/20)
    fp=0.0097 tp=0.3256  [0.3s]
   nu  = 3.0000
  rho=0.19371 (10/20)
    fp=0.0187 tp=0.3721  [0.4s]
   nu  = 3.0000
  rho=0.17161 (11/20)
    fp=0.0312 tp=0.4302  [0.4s]
   nu  = 3.0000
  rho=0.15202 (12/20)
    fp=0.0452 tp=0.5116  [0.3s]
   nu  = 3.0000
  rho=0.13467 (13/20)
    fp=0.0641 tp=0.5698  [0.3s]
   nu  = 3.0000
  rho=0.11930 (14/20)
    fp=0.0857 tp=0.6395  [0.5s]
   nu  = 3.0000
  rho=0.10568 (15/20)
    fp=0.1094 tp=0.6744  [0.5s]
   nu  = 3.0000
  rho=0.09362 (16/20)
    fp=0.1289 tp=0.7209  [0.6s]
   nu  = 3.0000
  rho=0.08294 (17/20)
    fp=0.1579 tp=0.7791  [0.5s]
   nu  = 3.0000
  rho=0.07347 (18/20)
    fp=0.1811 tp=0.7907  [0.6s]
   nu  = 3.0000
  rho=0.06508 (19/20)
    fp=0.2079 tp=0.8023  [0.6s]
   nu  = 3.0000
  rho=0.05766 (20/20)
    fp=0.2323 tp=0.8372  [0.7s]
   nu  = 3.0000
  rho=0.05108 (21/21)  [extra 1/50]
    fp=0.2553 tp=0.8605  [0.8s]
   nu  = 3.0000
  rho=0.04525 (22/22)  [extra 2/50]
    fp=0.2804 tp=0.8721  [0.7s]
   nu  = 3.0000
  rho=0.04008 (23/23)  [extra 3/50]
    fp=0.3055 tp=0.8721  [1.1s]
   nu  = 3.0000
  FPR 0.3055 >= fp_end=0.3; stopping after 23 fits
  grid extended by 3 points down to rho=0.04008, ending at FPR 0.3055
  pilot fit of run_em_diagonal at rho=0.30349
  -> rho_max = max|S_ij| (off-diag) = 0.70611
  rho grid: [0.70610757 0.62551725 0.55412496 0.4908809  0.43485509 0.38522368
 0.34125686 0.30230812 0.26780473 0.23723931 0.21016243 0.18617592
 0.16492706 0.14610341 0.12942816 0.11465611 0.10157004 0.08997752
 0.0797081  0.07061076]
Running run_em_diagonal over 20 rho values, extending until FPR >= 0.3...
  rho=0.70611 (1/20)
    fp=0.0000 tp=0.0116  [35.6s]
   median nu  = 0.038
   median |eta| = 4.889
  rho=0.62552 (2/20)
    fp=0.0000 tp=0.0465  [40.8s]
   median nu  = 0.04
   median |eta| = 5.0
  rho=0.55412 (3/20)
    fp=0.0002 tp=0.0581  [34.7s]
   median nu  = 0.043
   median |eta| = 4.785
  rho=0.49088 (4/20)
    fp=0.0008 tp=0.0814  [29.9s]
   median nu  = 0.046
   median |eta| = 4.728
  rho=0.43486 (5/20)
    fp=0.0012 tp=0.1047  [28.8s]
   median nu  = 0.05
   median |eta| = 4.755
  rho=0.38522 (6/20)
    fp=0.0037 tp=0.1744  [28.9s]
   median nu  = 0.055
   median |eta| = 4.685
  rho=0.34126 (7/20)
    fp=0.0072 tp=0.1977  [28.6s]
   median nu  = 0.062
   median |eta| = 4.218
  rho=0.30231 (8/20)
    fp=0.0167 tp=0.2674  [29.1s]
   median nu  = 0.072
   median |eta| = 3.923
  rho=0.26780 (9/20)
    fp=0.0257 tp=0.3488  [31.5s]
   median nu  = 0.084
   median |eta| = 3.616
  rho=0.23724 (10/20)
    fp=0.0372 tp=0.4419  [29.4s]
   median nu  = 0.102
   median |eta| = 3.236
  rho=0.21016 (11/20)
    fp=0.0495 tp=0.5116  [32.0s]
   median nu  = 0.123
   median |eta| = 3.024
  rho=0.18618 (12/20)
    fp=0.0678 tp=0.5349  [30.9s]
   median nu  = 0.148
   median |eta| = 2.79
  rho=0.16493 (13/20)
    fp=0.0849 tp=0.5814  [28.9s]
   median nu  = 0.181
   median |eta| = 2.621
  rho=0.14610 (14/20)
    fp=0.1018 tp=0.6512  [31.0s]
   median nu  = 0.203
   median |eta| = 2.691
  rho=0.12943 (15/20)
    fp=0.1190 tp=0.6977  [31.1s]
   median nu  = 0.24
   median |eta| = 2.66
  rho=0.11466 (16/20)
    fp=0.1410 tp=0.7093  [31.4s]
   median nu  = 0.241
   median |eta| = 2.318
  rho=0.10157 (17/20)
    fp=0.1546 tp=0.7674  [34.0s]
   median nu  = 0.295
   median |eta| = 2.133
  rho=0.08998 (18/20)
    fp=0.1706 tp=0.8140  [32.0s]
   median nu  = 0.321
   median |eta| = 1.756
  rho=0.07971 (19/20)
    fp=0.1856 tp=0.8372  [33.3s]
   median nu  = 0.38
   median |eta| = 1.582
  rho=0.07061 (20/20)
    fp=0.2019 tp=0.8605  [51.0s]
   median nu  = 0.465
   median |eta| = 0.673
  rho=0.06255 (21/21)  [extra 1/50]
    fp=0.2148 tp=0.8837  [31.7s]
   median nu  = 0.514
   median |eta| = 0.568
  rho=0.05541 (22/22)  [extra 2/50]
    fp=0.2278 tp=0.8721  [31.0s]
   median nu  = 0.596
   median |eta| = 0.346
  rho=0.04909 (23/23)  [extra 3/50]
    fp=0.2403 tp=0.8837  [29.4s]
   median nu  = 0.681
   median |eta| = 0.253
  rho=0.04349 (24/24)  [extra 4/50]
    fp=0.2525 tp=0.8953  [29.3s]
   median nu  = 0.806
   median |eta| = 0.174
  rho=0.03852 (25/25)  [extra 5/50]
    fp=0.2638 tp=0.8953  [30.0s]
   median nu  = 0.935
   median |eta| = 0.13
  rho=0.03413 (26/26)  [extra 6/50]
    fp=0.2751 tp=0.9186  [34.1s]
   median nu  = 1.048
   median |eta| = 0.086
  rho=0.03023 (27/27)  [extra 7/50]
    fp=0.2850 tp=0.9186  [32.2s]
   median nu  = 1.193
   median |eta| = 0.075
  rho=0.02678 (28/28)  [extra 8/50]
    fp=0.2969 tp=0.9186  [29.7s]
   median nu  = 1.38
   median |eta| = 0.038
  rho=0.02372 (29/29)  [extra 9/50]
    fp=0.3080 tp=0.9302  [30.5s]
   median nu  = 1.463
   median |eta| = 0.035
  FPR 0.3080 >= fp_end=0.3; stopping after 29 fits
  grid extended by 9 points down to rho=0.02372, ending at FPR 0.3080
  pilot fit of run_em_exact at rho=0.30349
  -> rho_max = max|S_ij| (off-diag) = 0.73961
  rho grid: [0.7396111  0.65519691 0.58041719 0.51417231 0.45548817 0.40350185
 0.35744889 0.3166521  0.28051158 0.24849589 0.22013426 0.19500963
 0.17275255 0.15303575 0.13556929 0.12009633 0.10638935 0.09424679
 0.0834901  0.07396111]
Running run_em_exact over 20 rho values, extending until FPR >= 0.3...
  rho=0.73961 (1/20)
    fp=0.0000 tp=0.0116  [31.9s]
   median nu  = 0.037
   median |eta| = 4.857
  rho=0.65520 (2/20)
    fp=0.0000 tp=0.0465  [63.7s]
   median nu  = 0.039
   median |eta| = 5.047
  rho=0.58042 (3/20)
    fp=0.0002 tp=0.0581  [63.0s]
   median nu  = 0.042
   median |eta| = 4.667
  rho=0.51417 (4/20)
    fp=0.0006 tp=0.0698  [38.3s]
   median nu  = 0.045
   median |eta| = 4.797
  rho=0.45549 (5/20)
    fp=0.0012 tp=0.1047  [55.2s]
   median nu  = 0.048
   median |eta| = 4.584
  rho=0.40350 (6/20)
    fp=0.0021 tp=0.1395  [57.5s]
   median nu  = 0.053
   median |eta| = 4.341
  rho=0.35745 (7/20)
    fp=0.0064 tp=0.1860  [53.4s]
   median nu  = 0.059
   median |eta| = 3.691
  rho=0.31665 (8/20)
    fp=0.0121 tp=0.2558  [37.2s]
   median nu  = 0.068
   median |eta| = 3.441
  rho=0.28051 (9/20)
    fp=0.0228 tp=0.3140  [33.1s]
   median nu  = 0.083
   median |eta| = 2.809
  rho=0.24850 (10/20)
    fp=0.0339 tp=0.3837  [32.8s]
   median nu  = 0.102
   median |eta| = 2.316
  rho=0.22013 (11/20)
    fp=0.0471 tp=0.4767  [33.1s]
   median nu  = 0.132
   median |eta| = 1.934
  rho=0.19501 (12/20)
    fp=0.0648 tp=0.5233  [33.6s]
   median nu  = 0.176
   median |eta| = 1.523
  rho=0.17275 (13/20)
    fp=0.0833 tp=0.5814  [33.2s]
   median nu  = 0.244
   median |eta| = 1.089
  rho=0.15304 (14/20)
    fp=0.1022 tp=0.6395  [61.1s]
   median nu  = 0.299
   median |eta| = 0.778
  rho=0.13557 (15/20)
    fp=0.1256 tp=0.6744  [62.3s]
   median nu  = 0.374
   median |eta| = 0.541
  rho=0.12010 (16/20)
    fp=0.1460 tp=0.7093  [62.0s]
   median nu  = 0.455
   median |eta| = 0.387
  rho=0.10639 (17/20)
    fp=0.1669 tp=0.7558  [62.0s]
   median nu  = 0.538
   median |eta| = 0.289
  rho=0.09425 (18/20)
    fp=0.1867 tp=0.7791  [60.7s]
   median nu  = 0.631
   median |eta| = 0.198
  rho=0.08349 (19/20)
    fp=0.2064 tp=0.7907  [62.3s]
   median nu  = 0.741
   median |eta| = 0.134
  rho=0.07396 (20/20)
    fp=0.2251 tp=0.8256  [57.5s]
   median nu  = 0.845
   median |eta| = 0.087
  rho=0.06552 (21/21)  [extra 1/50]
    fp=0.2410 tp=0.8837  [61.7s]
   median nu  = 0.949
   median |eta| = 0.059
  rho=0.05804 (22/22)  [extra 2/50]
    fp=0.2547 tp=0.8837  [59.8s]
   median nu  = 1.039
   median |eta| = 0.04
  rho=0.05142 (23/23)  [extra 3/50]
    fp=0.2718 tp=0.8837  [65.1s]
   median nu  = 1.141
   median |eta| = 0.029
  rho=0.04555 (24/24)  [extra 4/50]
    fp=0.2895 tp=0.8953  [65.3s]
   median nu  = 1.264
   median |eta| = 0.022
  rho=0.04035 (25/25)  [extra 5/50]
    fp=0.2989 tp=0.9070  [67.9s]
   median nu  = 1.38
   median |eta| = 0.016
  rho=0.03574 (26/26)  [extra 6/50]
    fp=0.3106 tp=0.9070  [63.9s]
   median nu  = 1.529
   median |eta| = 0.012
  FPR 0.3106 >= fp_end=0.3; stopping after 26 fits
  grid extended by 6 points down to rho=0.03574, ending at FPR 0.3106
  graphical_lasso rho_max = max|S_ij| (off-diag) = 0.84872
  rho grid: [0.84871569 0.75184905 0.6660381  0.59002103 0.52268004 0.46302489
 0.41017837 0.3633634  0.32189157 0.28515305 0.25260762 0.2237767
 0.19823635 0.175611   0.15556795 0.13781248 0.1220835  0.10814972
 0.09580624 0.08487157]
Running graphical_lasso over 20 rho values, extending until FPR >= 0.3...
  rho=0.84872 (1/20)
    fp=0.0000 tp=0.0000  [0.1s]
  rho=0.75185 (2/20)
    fp=0.0000 tp=0.0116  [0.1s]
  rho=0.66604 (3/20)
    fp=0.0000 tp=0.0465  [108.5s]
  rho=0.59002 (4/20)
    fp=0.0002 tp=0.0581  [92.6s]
  rho=0.52268 (5/20)
    fp=0.0006 tp=0.0814  [92.4s]
  rho=0.46302 (6/20)
    fp=0.0012 tp=0.1047  [113.6s]
  rho=0.41018 (7/20)
    fp=0.0045 tp=0.1744  [84.2s]
  rho=0.36336 (8/20)
    fp=0.0103 tp=0.2093  [109.5s]
  rho=0.32189 (9/20)
    fp=0.0212 tp=0.3023  [104.6s]
  rho=0.28515 (10/20)
    fp=0.0389 tp=0.3953  [105.5s]
  rho=0.25261 (11/20)
    fp=0.0590 tp=0.4535  [110.1s]
  rho=0.22378 (12/20)
    fp=0.0853 tp=0.5000  [0.3s]
  rho=0.19824 (13/20)
    fp=0.1143 tp=0.5814  [0.2s]
  rho=0.17561 (14/20)
    fp=0.1460 tp=0.6047  [0.2s]
  rho=0.15557 (15/20)
    fp=0.1778 tp=0.6744  [0.3s]
  rho=0.13781 (16/20)
    fp=0.2120 tp=0.6977  [2.8s]
  rho=0.12208 (17/20)
    fp=0.2436 tp=0.7326  [2.1s]
  rho=0.10815 (18/20)
    fp=0.2745 tp=0.7442  [0.5s]
  rho=0.09581 (19/20)
    fp=0.3072 tp=0.7442  [0.4s]
  FPR 0.3072 >= fp_end=0.3; stopping after 19 fits
  [note] 9/19 fits hit a glasso ConvergenceWarning (suppressed)
  grid stopped 1 points early at rho=0.09581, ending at FPR 0.3072

(p=100, n=50) over 14 replicates
  t+lasso  (run_em_diagonal):    AUC = 0.199 (SE 0.004)
  ~t+lasso (run_em_exact):       AUC = 0.192 (SE 0.005)
  tlasso   (run_tlasso):         AUC = 0.164 (SE 0.005)
  t*lasso  (run_tstar_varlasso): AUC = 0.196 (SE 0.005)
  glasso   (graphical_lasso):    AUC = 0.163 (SE 0.005)
Replicate 15/50
  Theta: 88/4950 edges
  pilot fit of run_tlasso at rho=30.34854
  -> rho_max = max|S_ij| (off-diag) = 13.00514
  [warn] pilot rho 30.34854 > rho_max 13.00514: it falls off the top of this method's grid
  rho grid: [13.00514444 11.52082556 10.20591676  9.04108273  8.00919494  7.09507981
  6.28529558  5.56793462  4.93244837  4.36949221  3.87078804  3.42900258
  3.03763951  2.69094396  2.38381789  2.1117451   1.87072486  1.65721302
  1.46806998  1.30051444]
Running run_tlasso over 20 rho values, extending until FPR >= 0.3...
  rho=13.00514 (1/20)
    fp=0.0000 tp=0.0000  [0.3s]
   nu  = 3.0000
  rho=11.52083 (2/20)
    fp=0.0000 tp=0.0000  [0.2s]
   nu  = 3.0000
  rho=10.20592 (3/20)
    fp=0.0000 tp=0.0000  [0.2s]
   nu  = 3.0000
  rho=9.04108 (4/20)
    fp=0.0000 tp=0.0000  [0.3s]
   nu  = 3.0000
  rho=8.00919 (5/20)
    fp=0.0006 tp=0.0000  [0.5s]
   nu  = 3.0000
  rho=7.09508 (6/20)
    fp=0.0010 tp=0.0114  [0.5s]
   nu  = 3.0000
  rho=6.28530 (7/20)
    fp=0.0010 tp=0.0455  [0.5s]
   nu  = 3.0000
  rho=5.56793 (8/20)
    fp=0.0014 tp=0.0795  [0.5s]
   nu  = 3.0000
  rho=4.93245 (9/20)
    fp=0.0033 tp=0.1023  [0.5s]
   nu  = 3.0000
  rho=4.36949 (10/20)
    fp=0.0070 tp=0.1477  [0.6s]
   nu  = 3.0000
  rho=3.87079 (11/20)
    fp=0.0115 tp=0.2045  [0.6s]
   nu  = 3.0000
  rho=3.42900 (12/20)
    fp=0.0187 tp=0.2386  [0.6s]
   nu  = 3.0000
  rho=3.03764 (13/20)
    fp=0.0296 tp=0.2841  [0.7s]
   nu  = 3.0000
  rho=2.69094 (14/20)
    fp=0.0452 tp=0.3182  [0.6s]
   nu  = 3.0000
  rho=2.38382 (15/20)
    fp=0.0693 tp=0.3750  [0.9s]
   nu  = 3.0000
  rho=2.11175 (16/20)
    fp=0.1018 tp=0.4091  [1.4s]
   nu  = 3.0000
  rho=1.87072 (17/20)
    fp=0.1434 tp=0.4659  [4.7s]
   nu  = 3.0000
  rho=1.65721 (18/20)
    fp=0.1857 tp=0.5682  [4.3s]
   nu  = 3.0000
  rho=1.46807 (19/20)
    fp=0.2318 tp=0.6136  [1.7s]
   nu  = 3.0000
  rho=1.30051 (20/20)
    fp=0.2733 tp=0.7159  [1.8s]
   nu  = 3.0000
  rho=1.15208 (21/21)  [extra 1/50]
    fp=0.3161 tp=0.7500  [1.7s]
   nu  = 3.0000
  FPR 0.3161 >= fp_end=0.3; stopping after 21 fits
  grid extended by 1 points down to rho=1.15208, ending at FPR 0.3161
  pilot fit of run_tstar_varlasso at rho=0.30349
  -> rho_max = max|S_ij| (off-diag) = 0.41147
  rho grid: [0.41146646 0.36450447 0.32290241 0.28604852 0.25340089 0.22447943
 0.19885887 0.17616247 0.15605648 0.13824525 0.12246688 0.10848934
 0.09610711 0.08513809 0.07542101 0.06681297 0.05918739 0.05243214
 0.04644789 0.04114665]
Running run_tstar_varlasso over 20 rho values, extending until FPR >= 0.3...
  rho=0.41147 (1/20)
    fp=0.0002 tp=0.0000  [0.4s]
   nu  = 3.0000
  rho=0.36450 (2/20)
    fp=0.0010 tp=0.0114  [0.5s]
   nu  = 3.0000
  rho=0.32290 (3/20)
    fp=0.0010 tp=0.0455  [0.5s]
   nu  = 3.0000
  rho=0.28605 (4/20)
    fp=0.0016 tp=0.1136  [0.8s]
   nu  = 3.0000
  rho=0.25340 (5/20)
    fp=0.0031 tp=0.1705  [1.1s]
   nu  = 3.0000
  rho=0.22448 (6/20)
    fp=0.0064 tp=0.2273  [1.0s]
   nu  = 3.0000
  rho=0.19886 (7/20)
    fp=0.0121 tp=0.2500  [0.9s]
   nu  = 3.0000
  rho=0.17616 (8/20)
    fp=0.0239 tp=0.3295  [0.5s]
   nu  = 3.0000
  rho=0.15606 (9/20)
    fp=0.0368 tp=0.3750  [0.5s]
   nu  = 3.0000
  rho=0.13825 (10/20)
    fp=0.0522 tp=0.4432  [0.6s]
   nu  = 3.0000
  rho=0.12247 (11/20)
    fp=0.0718 tp=0.5000  [0.5s]
   nu  = 3.0000
  rho=0.10849 (12/20)
    fp=0.0954 tp=0.5682  [0.5s]
   nu  = 3.0000
  rho=0.09611 (13/20)
    fp=0.1191 tp=0.6136  [0.5s]
   nu  = 3.0000
  rho=0.08514 (14/20)
    fp=0.1405 tp=0.6818  [0.5s]
   nu  = 3.0000
  rho=0.07542 (15/20)
    fp=0.1643 tp=0.7273  [0.6s]
   nu  = 3.0000
  rho=0.06681 (16/20)
    fp=0.1890 tp=0.7500  [0.6s]
   nu  = 3.0000
  rho=0.05919 (17/20)
    fp=0.2137 tp=0.7727  [0.7s]
   nu  = 3.0000
  rho=0.05243 (18/20)
    fp=0.2392 tp=0.8068  [0.8s]
   nu  = 3.0000
  rho=0.04645 (19/20)
    fp=0.2624 tp=0.8295  [0.8s]
   nu  = 3.0000
  rho=0.04115 (20/20)
    fp=0.2828 tp=0.8409  [0.9s]
   nu  = 3.0000
  rho=0.03645 (21/21)  [extra 1/50]
    fp=0.3097 tp=0.8636  [1.1s]
   nu  = 3.0000
  FPR 0.3097 >= fp_end=0.3; stopping after 21 fits
  grid extended by 1 points down to rho=0.03645, ending at FPR 0.3097
  pilot fit of run_em_diagonal at rho=0.30349
  -> rho_max = max|S_ij| (off-diag) = 0.55883
  rho grid: [0.55882786 0.49504704 0.43854573 0.3884931  0.34415314 0.30487383
 0.2700776  0.23925278 0.21194609 0.18775601 0.16632681 0.1473434
 0.13052662 0.1156292  0.10243207 0.09074117 0.08038459 0.07121004
 0.06308261 0.05588279]
Running run_em_diagonal over 20 rho values, extending until FPR >= 0.3...
  rho=0.55883 (1/20)
    fp=0.0006 tp=0.0000  [31.5s]
   median nu  = 0.041
   median |eta| = 4.965
  rho=0.49505 (2/20)
    fp=0.0010 tp=0.0114  [29.4s]
   median nu  = 0.044
   median |eta| = 4.838
  rho=0.43855 (3/20)
    fp=0.0012 tp=0.0682  [28.9s]
   median nu  = 0.048
   median |eta| = 4.905
  rho=0.38849 (4/20)
    fp=0.0031 tp=0.1136  [28.9s]
   median nu  = 0.052
   median |eta| = 4.814
  rho=0.34415 (5/20)
    fp=0.0058 tp=0.1591  [28.7s]
   median nu  = 0.059
   median |eta| = 4.644
  rho=0.30487 (6/20)
    fp=0.0097 tp=0.2159  [31.5s]
   median nu  = 0.068
   median |eta| = 4.368
  rho=0.27008 (7/20)
    fp=0.0177 tp=0.2500  [30.8s]
   median nu  = 0.08
   median |eta| = 4.048
  rho=0.23925 (8/20)
    fp=0.0276 tp=0.2614  [30.4s]
   median nu  = 0.094
   median |eta| = 3.696
  rho=0.21195 (9/20)
    fp=0.0393 tp=0.3409  [33.3s]
   median nu  = 0.114
   median |eta| = 3.557
  rho=0.18776 (10/20)
    fp=0.0535 tp=0.4205  [30.1s]
   median nu  = 0.146
   median |eta| = 3.289
  rho=0.16633 (11/20)
    fp=0.0681 tp=0.4432  [29.4s]
   median nu  = 0.172
   median |eta| = 3.107
  rho=0.14734 (12/20)
    fp=0.0860 tp=0.5000  [27.6s]
   median nu  = 0.197
   median |eta| = 3.122
  rho=0.13053 (13/20)
    fp=0.1014 tp=0.5341  [27.6s]
   median nu  = 0.221
   median |eta| = 3.24
  rho=0.11563 (14/20)
    fp=0.1199 tp=0.6250  [29.0s]
   median nu  = 0.24
   median |eta| = 3.018
  rho=0.10243 (15/20)
    fp=0.1376 tp=0.6932  [30.6s]
   median nu  = 0.251
   median |eta| = 2.719
  rho=0.09074 (16/20)
    fp=0.1512 tp=0.7386  [29.0s]
   median nu  = 0.264
   median |eta| = 2.647
  rho=0.08038 (17/20)
    fp=0.1674 tp=0.7727  [33.5s]
   median nu  = 0.278
   median |eta| = 2.718
  rho=0.07121 (18/20)
    fp=0.1820 tp=0.7727  [47.9s]
   median nu  = 0.287
   median |eta| = 2.716
  rho=0.06308 (19/20)
    fp=0.1983 tp=0.8295  [30.5s]
   median nu  = 0.287
   median |eta| = 2.876
  rho=0.05588 (20/20)
    fp=0.2071 tp=0.8409  [28.0s]
   median nu  = 0.278
   median |eta| = 3.226
  rho=0.04950 (21/21)  [extra 1/50]
    fp=0.2207 tp=0.8523  [27.4s]
   median nu  = 0.262
   median |eta| = 3.263
  rho=0.04385 (22/22)  [extra 2/50]
    fp=0.2363 tp=0.8636  [26.7s]
   median nu  = 0.28
   median |eta| = 2.981
  rho=0.03885 (23/23)  [extra 3/50]
    fp=0.2478 tp=0.8636  [26.4s]
   median nu  = 0.424
   median |eta| = 1.747
  rho=0.03442 (24/24)  [extra 4/50]
    fp=0.2552 tp=0.8864  [30.6s]
   median nu  = 0.359
   median |eta| = 2.201
  rho=0.03049 (25/25)  [extra 5/50]
    fp=0.2686 tp=0.8977  [34.9s]
   median nu  = 0.409
   median |eta| = 1.39
  rho=0.02701 (26/26)  [extra 6/50]
    fp=0.2842 tp=0.8977  [30.3s]
   median nu  = 0.418
   median |eta| = 1.166
  rho=0.02393 (27/27)  [extra 7/50]
    fp=0.2842 tp=0.8977  [30.2s]
   median nu  = 0.46
   median |eta| = 1.182
  rho=0.02119 (28/28)  [extra 8/50]
    fp=0.3036 tp=0.8977  [29.5s]
   median nu  = 0.614
   median |eta| = 0.17
  FPR 0.3036 >= fp_end=0.3; stopping after 28 fits
  grid extended by 8 points down to rho=0.02119, ending at FPR 0.3036
  pilot fit of run_em_exact at rho=0.30349
  -> rho_max = max|S_ij| (off-diag) = 0.56375
  rho grid: [0.56374821 0.49940581 0.44240702 0.39191369 0.34718332 0.30755818
 0.27245557 0.24135935 0.21381223 0.18940915 0.16779128 0.14864072
 0.13167588 0.11664729 0.10333396 0.09154012 0.08109235 0.07183702
 0.06363803 0.05637482]
Running run_em_exact over 20 rho values, extending until FPR >= 0.3...
  rho=0.56375 (1/20)
    fp=0.0006 tp=0.0000  [46.9s]
   median nu  = 0.041
   median |eta| = 4.954
  rho=0.49941 (2/20)
    fp=0.0010 tp=0.0114  [68.4s]
   median nu  = 0.044
   median |eta| = 4.844
  rho=0.44241 (3/20)
    fp=0.0012 tp=0.0568  [44.0s]
   median nu  = 0.048
   median |eta| = 4.439
  rho=0.39191 (4/20)
    fp=0.0025 tp=0.1136  [50.9s]
   median nu  = 0.052
   median |eta| = 4.516
  rho=0.34718 (5/20)
    fp=0.0058 tp=0.1591  [56.1s]
   median nu  = 0.059
   median |eta| = 4.087
  rho=0.30756 (6/20)
    fp=0.0097 tp=0.2159  [57.9s]
   median nu  = 0.068
   median |eta| = 3.793
  rho=0.27246 (7/20)
    fp=0.0171 tp=0.2500  [43.5s]
   median nu  = 0.082
   median |eta| = 3.281
  rho=0.24136 (8/20)
    fp=0.0278 tp=0.2727  [33.9s]
   median nu  = 0.102
   median |eta| = 2.876
  rho=0.21381 (9/20)
    fp=0.0407 tp=0.3523  [32.7s]
   median nu  = 0.126
   median |eta| = 2.36
  rho=0.18941 (10/20)
    fp=0.0590 tp=0.4205  [33.5s]
   median nu  = 0.164
   median |eta| = 1.843
  rho=0.16779 (11/20)
    fp=0.0771 tp=0.4205  [34.0s]
   median nu  = 0.207
   median |eta| = 1.365
  rho=0.14864 (12/20)
    fp=0.0977 tp=0.5000  [31.0s]
   median nu  = 0.269
   median |eta| = 1.053
  rho=0.13168 (13/20)
    fp=0.1183 tp=0.5455  [40.4s]
   median nu  = 0.327
   median |eta| = 0.836
  rho=0.11665 (14/20)
    fp=0.1399 tp=0.6364  [63.0s]
   median nu  = 0.379
   median |eta| = 0.571
  rho=0.10333 (15/20)
    fp=0.1629 tp=0.7045  [62.4s]
   median nu  = 0.449
   median |eta| = 0.376
  rho=0.09154 (16/20)
    fp=0.1808 tp=0.7500  [61.9s]
   median nu  = 0.533
   median |eta| = 0.258
  rho=0.08109 (17/20)
    fp=0.1991 tp=0.7727  [61.5s]
   median nu  = 0.615
   median |eta| = 0.187
  rho=0.07184 (18/20)
    fp=0.2164 tp=0.7955  [61.1s]
   median nu  = 0.706
   median |eta| = 0.135
  rho=0.06364 (19/20)
    fp=0.2376 tp=0.8409  [51.4s]
   median nu  = 0.809
   median |eta| = 0.098
  rho=0.05637 (20/20)
    fp=0.2542 tp=0.8409  [59.8s]
   median nu  = 0.912
   median |eta| = 0.072
  rho=0.04994 (21/21)  [extra 1/50]
    fp=0.2676 tp=0.8523  [61.0s]
   median nu  = 1.009
   median |eta| = 0.051
  rho=0.04424 (22/22)  [extra 2/50]
    fp=0.2867 tp=0.8750  [63.3s]
   median nu  = 1.146
   median |eta| = 0.037
  rho=0.03919 (23/23)  [extra 3/50]
    fp=0.3019 tp=0.8864  [61.4s]
   median nu  = 1.25
   median |eta| = 0.028
  FPR 0.3019 >= fp_end=0.3; stopping after 23 fits
  grid extended by 3 points down to rho=0.03919, ending at FPR 0.3019
  graphical_lasso rho_max = max|S_ij| (off-diag) = 0.62254
  rho grid: [0.62254162 0.55148895 0.48854575 0.43278645 0.38339115 0.33963348
 0.30087002 0.26653076 0.23611075 0.20916267 0.18529027 0.16414249
 0.14540838 0.12881246 0.11411068 0.10108686 0.08954949 0.07932892
 0.07027486 0.06225416]
Running graphical_lasso over 20 rho values, extending until FPR >= 0.3...
  rho=0.62254 (1/20)
    fp=0.0000 tp=0.0000  [0.1s]
  rho=0.55149 (2/20)
    fp=0.0008 tp=0.0114  [0.1s]
  rho=0.48855 (3/20)
    fp=0.0010 tp=0.0455  [104.4s]
  rho=0.43279 (4/20)
    fp=0.0025 tp=0.1023  [107.0s]
  rho=0.38339 (5/20)
    fp=0.0053 tp=0.1477  [104.7s]
  rho=0.33963 (6/20)
    fp=0.0117 tp=0.2045  [80.8s]
  rho=0.30087 (7/20)
    fp=0.0237 tp=0.2614  [114.1s]
  rho=0.26653 (8/20)
    fp=0.0374 tp=0.2841  [107.5s]
  rho=0.23611 (9/20)
    fp=0.0607 tp=0.3295  [0.1s]
  rho=0.20916 (10/20)
    fp=0.0849 tp=0.3864  [88.9s]
  rho=0.18529 (11/20)
    fp=0.1148 tp=0.4205  [107.5s]
  rho=0.16414 (12/20)
    fp=0.1452 tp=0.4886  [105.4s]
  rho=0.14541 (13/20)
    fp=0.1787 tp=0.5114  [0.1s]
  rho=0.12881 (14/20)
    fp=0.2137 tp=0.5682  [0.5s]
  rho=0.11411 (15/20)
    fp=0.2470 tp=0.6364  [0.2s]
  rho=0.10109 (16/20)
    fp=0.2824 tp=0.7045  [0.2s]
  rho=0.08955 (17/20)
    fp=0.3186 tp=0.7159  [0.3s]
  FPR 0.3186 >= fp_end=0.3; stopping after 17 fits
  [note] 9/17 fits hit a glasso ConvergenceWarning (suppressed)
  grid stopped 3 points early at rho=0.08955, ending at FPR 0.3186

(p=100, n=50) over 15 replicates
  t+lasso  (run_em_diagonal):    AUC = 0.199 (SE 0.004)
  ~t+lasso (run_em_exact):       AUC = 0.191 (SE 0.004)
  tlasso   (run_tlasso):         AUC = 0.162 (SE 0.005)
  t*lasso  (run_tstar_varlasso): AUC = 0.195 (SE 0.004)
  glasso   (graphical_lasso):    AUC = 0.161 (SE 0.005)
Replicate 16/50
  Theta: 84/4950 edges
  pilot fit of run_tlasso at rho=30.34854
  -> rho_max = max|S_ij| (off-diag) = 19.44065
  [warn] pilot rho 30.34854 > rho_max 19.44065: it falls off the top of this method's grid
  rho grid: [19.44065297 17.22182885 15.25624625 13.5150019  11.97249135 10.60603249
  9.39553196  8.32318974  7.37323738  6.53170613  5.78622155  5.12582151
  4.54079505  4.02253954  3.56343419  3.15672801  2.79644051  2.47727378
  2.19453457  1.9440653 ]
Running run_tlasso over 20 rho values, extending until FPR >= 0.3...
  rho=19.44065 (1/20)
    fp=0.0000 tp=0.0000  [0.2s]
   nu  = 3.0000
  rho=17.22183 (2/20)
    fp=0.0000 tp=0.0000  [0.2s]
   nu  = 3.0000
  rho=15.25625 (3/20)
    fp=0.0000 tp=0.0119  [0.4s]
   nu  = 3.0000
  rho=13.51500 (4/20)
    fp=0.0000 tp=0.0119  [0.3s]
   nu  = 3.0000
  rho=11.97249 (5/20)
    fp=0.0000 tp=0.0119  [0.4s]
   nu  = 3.0000
  rho=10.60603 (6/20)
    fp=0.0000 tp=0.0119  [0.4s]
   nu  = 3.0000
  rho=9.39553 (7/20)
    fp=0.0000 tp=0.0119  [0.4s]
   nu  = 3.0000
  rho=8.32319 (8/20)
    fp=0.0002 tp=0.0238  [0.4s]
   nu  = 3.0000
  rho=7.37324 (9/20)
    fp=0.0002 tp=0.0357  [0.5s]
   nu  = 3.0000
  rho=6.53171 (10/20)
    fp=0.0004 tp=0.0476  [0.5s]
   nu  = 3.0000
  rho=5.78622 (11/20)
    fp=0.0008 tp=0.0595  [0.5s]
   nu  = 3.0000
  rho=5.12582 (12/20)
    fp=0.0012 tp=0.0595  [0.5s]
   nu  = 3.0000
  rho=4.54080 (13/20)
    fp=0.0037 tp=0.0833  [0.6s]
   nu  = 3.0000
  rho=4.02254 (14/20)
    fp=0.0049 tp=0.1071  [0.7s]
   nu  = 3.0000
  rho=3.56343 (15/20)
    fp=0.0076 tp=0.1905  [0.8s]
   nu  = 3.0000
  rho=3.15673 (16/20)
    fp=0.0146 tp=0.2500  [1.0s]
   nu  = 3.0000
  rho=2.79644 (17/20)
    fp=0.0251 tp=0.2857  [0.9s]
   nu  = 3.0000
  rho=2.47727 (18/20)
    fp=0.0442 tp=0.3452  [0.9s]
   nu  = 3.0000
  rho=2.19453 (19/20)
    fp=0.0717 tp=0.5000  [1.4s]
   nu  = 3.0000
  rho=1.94407 (20/20)
    fp=0.1141 tp=0.5595  [1.7s]
   nu  = 3.0000
  rho=1.72218 (21/21)  [extra 1/50]
    fp=0.1621 tp=0.6667  [1.6s]
   nu  = 3.0000
  rho=1.52562 (22/22)  [extra 2/50]
    fp=0.2078 tp=0.7143  [1.5s]
   nu  = 3.0000
  rho=1.35150 (23/23)  [extra 3/50]
    fp=0.2559 tp=0.7857  [1.8s]
   nu  = 3.0000
  rho=1.19725 (24/24)  [extra 4/50]
    fp=0.3019 tp=0.8095  [3.2s]
   nu  = 3.0000
  FPR 0.3019 >= fp_end=0.3; stopping after 24 fits
  grid extended by 4 points down to rho=1.19725, ending at FPR 0.3019
  pilot fit of run_tstar_varlasso at rho=0.30349
  -> rho_max = max|S_ij| (off-diag) = 0.67378
  rho grid: [0.67378258 0.59688161 0.5287576  0.4684088  0.4149478  0.36758847
 0.32563442 0.28846872 0.25554486 0.2263787  0.20054138 0.17765294
 0.15737684 0.13941492 0.12350305 0.10940725 0.09692025 0.08585843
 0.07605913 0.06737826]
Running run_tstar_varlasso over 20 rho values, extending until FPR >= 0.3...
  rho=0.67378 (1/20)
    fp=0.0000 tp=0.0119  [0.4s]
   nu  = 3.0000
  rho=0.59688 (2/20)
    fp=0.0000 tp=0.0119  [0.4s]
   nu  = 3.0000
  rho=0.52876 (3/20)
    fp=0.0000 tp=0.0119  [0.3s]
   nu  = 3.0000
  rho=0.46841 (4/20)
    fp=0.0000 tp=0.0119  [0.3s]
   nu  = 3.0000
  rho=0.41495 (5/20)
    fp=0.0000 tp=0.0357  [0.4s]
   nu  = 3.0000
  rho=0.36759 (6/20)
    fp=0.0002 tp=0.0357  [0.4s]
   nu  = 3.0000
  rho=0.32563 (7/20)
    fp=0.0002 tp=0.0595  [0.3s]
   nu  = 3.0000
  rho=0.28847 (8/20)
    fp=0.0004 tp=0.0714  [0.3s]
   nu  = 3.0000
  rho=0.25554 (9/20)
    fp=0.0010 tp=0.0714  [0.4s]
   nu  = 3.0000
  rho=0.22638 (10/20)
    fp=0.0037 tp=0.1905  [0.4s]
   nu  = 3.0000
  rho=0.20054 (11/20)
    fp=0.0078 tp=0.2738  [0.4s]
   nu  = 3.0000
  rho=0.17765 (12/20)
    fp=0.0144 tp=0.3690  [0.4s]
   nu  = 3.0000
  rho=0.15738 (13/20)
    fp=0.0292 tp=0.4167  [0.5s]
   nu  = 3.0000
  rho=0.13941 (14/20)
    fp=0.0432 tp=0.5476  [0.5s]
   nu  = 3.0000
  rho=0.12350 (15/20)
    fp=0.0600 tp=0.5952  [0.5s]
   nu  = 3.0000
  rho=0.10941 (16/20)
    fp=0.0810 tp=0.6310  [0.4s]
   nu  = 3.0000
  rho=0.09692 (17/20)
    fp=0.1079 tp=0.6548  [0.5s]
   nu  = 3.0000
  rho=0.08586 (18/20)
    fp=0.1342 tp=0.6905  [0.5s]
   nu  = 3.0000
  rho=0.07606 (19/20)
    fp=0.1630 tp=0.7738  [0.5s]
   nu  = 3.0000
  rho=0.06738 (20/20)
    fp=0.1909 tp=0.8214  [0.7s]
   nu  = 3.0000
  rho=0.05969 (21/21)  [extra 1/50]
    fp=0.2205 tp=0.8929  [0.7s]
   nu  = 3.0000
  rho=0.05288 (22/22)  [extra 2/50]
    fp=0.2460 tp=0.9048  [0.7s]
   nu  = 3.0000
  rho=0.04684 (23/23)  [extra 3/50]
    fp=0.2715 tp=0.9167  [0.8s]
   nu  = 3.0000
  rho=0.04149 (24/24)  [extra 4/50]
    fp=0.2959 tp=0.9167  [0.9s]
   nu  = 3.0000
  rho=0.03676 (25/25)  [extra 5/50]
    fp=0.3173 tp=0.9286  [0.8s]
   nu  = 3.0000
  FPR 0.3173 >= fp_end=0.3; stopping after 25 fits
  grid extended by 5 points down to rho=0.03676, ending at FPR 0.3173
  pilot fit of run_em_diagonal at rho=0.30349
  -> rho_max = max|S_ij| (off-diag) = 0.85664
  rho grid: [0.85663941 0.75886841 0.67225632 0.59552955 0.52755985 0.46734775
 0.41400785 0.36675581 0.32489679 0.28781528 0.254966   0.22586591
 0.20008711 0.17725052 0.15702035 0.13909912 0.12322329 0.10915942
 0.0967007  0.08566394]
Running run_em_diagonal over 20 rho values, extending until FPR >= 0.3...
  rho=0.85664 (1/20)
    fp=0.0000 tp=0.0119  [27.6s]
   median nu  = 0.033
   median |eta| = 4.684
  rho=0.75887 (2/20)
    fp=0.0000 tp=0.0119  [29.1s]
   median nu  = 0.035
   median |eta| = 4.679
  rho=0.67226 (3/20)
    fp=0.0000 tp=0.0119  [29.4s]
   median nu  = 0.036
   median |eta| = 4.798
  rho=0.59553 (4/20)
    fp=0.0000 tp=0.0119  [29.0s]
   median nu  = 0.038
   median |eta| = 4.855
  rho=0.52756 (5/20)
    fp=0.0002 tp=0.0357  [30.7s]
   median nu  = 0.041
   median |eta| = 4.523
  rho=0.46735 (6/20)
    fp=0.0002 tp=0.0476  [32.2s]
   median nu  = 0.044
   median |eta| = 4.484
  rho=0.41401 (7/20)
    fp=0.0004 tp=0.0595  [30.7s]
   median nu  = 0.047
   median |eta| = 4.625
  rho=0.36676 (8/20)
    fp=0.0021 tp=0.0714  [33.4s]
   median nu  = 0.052
   median |eta| = 4.534
  rho=0.32490 (9/20)
    fp=0.0045 tp=0.1190  [31.2s]
   median nu  = 0.057
   median |eta| = 4.416
  rho=0.28782 (10/20)
    fp=0.0080 tp=0.2381  [29.9s]
   median nu  = 0.063
   median |eta| = 4.528
  rho=0.25497 (11/20)
    fp=0.0158 tp=0.3095  [28.5s]
   median nu  = 0.072
   median |eta| = 4.269
  rho=0.22587 (12/20)
    fp=0.0288 tp=0.3690  [28.4s]
   median nu  = 0.082
   median |eta| = 4.37
  rho=0.20009 (13/20)
    fp=0.0423 tp=0.4524  [29.4s]
   median nu  = 0.095
   median |eta| = 4.447
  rho=0.17725 (14/20)
    fp=0.0588 tp=0.5119  [30.9s]
   median nu  = 0.113
   median |eta| = 4.448
  rho=0.15702 (15/20)
    fp=0.0775 tp=0.5595  [29.1s]
   median nu  = 0.133
   median |eta| = 3.859
  rho=0.13910 (16/20)
    fp=0.0958 tp=0.6548  [28.8s]
   median nu  = 0.159
   median |eta| = 3.652
  rho=0.12322 (17/20)
    fp=0.1130 tp=0.6786  [49.4s]
   median nu  = 0.183
   median |eta| = 3.779
  rho=0.10916 (18/20)
    fp=0.1360 tp=0.7262  [31.5s]
   median nu  = 0.201
   median |eta| = 3.991
  rho=0.09670 (19/20)
    fp=0.1533 tp=0.7738  [31.8s]
   median nu  = 0.213
   median |eta| = 3.781
  rho=0.08566 (20/20)
    fp=0.1718 tp=0.8214  [29.0s]
   median nu  = 0.219
   median |eta| = 3.807
  rho=0.07589 (21/21)  [extra 1/50]
    fp=0.1876 tp=0.8452  [30.1s]
   median nu  = 0.212
   median |eta| = 4.188
  rho=0.06723 (22/22)  [extra 2/50]
    fp=0.2030 tp=0.8571  [30.7s]
   median nu  = 0.218
   median |eta| = 4.728
  rho=0.05955 (23/23)  [extra 3/50]
    fp=0.2148 tp=0.8810  [35.1s]
   median nu  = 0.212
   median |eta| = 5.64
  rho=0.05276 (24/24)  [extra 4/50]
    fp=0.2269 tp=0.9048  [33.5s]
   median nu  = 0.219
   median |eta| = 6.161
  rho=0.04673 (25/25)  [extra 5/50]
    fp=0.2365 tp=0.9167  [31.4s]
   median nu  = 0.226
   median |eta| = 4.966
  rho=0.04140 (26/26)  [extra 6/50]
    fp=0.2513 tp=0.9167  [30.8s]
   median nu  = 0.25
   median |eta| = 5.144
  rho=0.03668 (27/27)  [extra 7/50]
    fp=0.2600 tp=0.9286  [30.1s]
   median nu  = 0.277
   median |eta| = 5.105
  rho=0.03249 (28/28)  [extra 8/50]
    fp=0.2688 tp=0.9167  [31.9s]
   median nu  = 0.334
   median |eta| = 3.034
  rho=0.02878 (29/29)  [extra 9/50]
    fp=0.2770 tp=0.9048  [67.1s]
   median nu  = 0.296
   median |eta| = 4.14
  rho=0.02550 (30/30)  [extra 10/50]
    fp=0.2926 tp=0.9167  [62.9s]
   median nu  = 0.81
   median |eta| = 0.366
  rho=0.02259 (31/31)  [extra 11/50]
    fp=0.2994 tp=0.8929  [39.4s]
   median nu  = 0.799
   median |eta| = 0.507
  rho=0.02001 (32/32)  [extra 12/50]
    fp=0.3157 tp=0.9286  [57.9s]
   median nu  = 1.163
   median |eta| = 0.103
  FPR 0.3157 >= fp_end=0.3; stopping after 32 fits
  grid extended by 12 points down to rho=0.02001, ending at FPR 0.3157
  pilot fit of run_em_exact at rho=0.30349
  -> rho_max = max|S_ij| (off-diag) = 0.86011
  rho grid: [0.8601145  0.76194687 0.67498343 0.59794541 0.52969998 0.46924362
 0.41568734 0.36824361 0.32621478 0.28898284 0.2560003  0.22678217
 0.20089879 0.17796957 0.15765733 0.13966339 0.12372316 0.10960224
 0.09709298 0.08601145]
Running run_em_exact over 20 rho values, extending until FPR >= 0.3...
  rho=0.86011 (1/20)
    fp=0.0000 tp=0.0119  [46.8s]
   median nu  = 0.033
   median |eta| = 4.681
  rho=0.76195 (2/20)
    fp=0.0000 tp=0.0119  [38.7s]
   median nu  = 0.035
   median |eta| = 4.68
  rho=0.67498 (3/20)
    fp=0.0000 tp=0.0119  [33.8s]
   median nu  = 0.036
   median |eta| = 4.784
  rho=0.59795 (4/20)
    fp=0.0000 tp=0.0119  [34.6s]
   median nu  = 0.038
   median |eta| = 4.858
  rho=0.52970 (5/20)
    fp=0.0002 tp=0.0357  [34.7s]
   median nu  = 0.041
   median |eta| = 4.51
  rho=0.46924 (6/20)
    fp=0.0002 tp=0.0476  [33.8s]
   median nu  = 0.044
   median |eta| = 4.486
  rho=0.41569 (7/20)
    fp=0.0004 tp=0.0595  [35.4s]
   median nu  = 0.047
   median |eta| = 4.514
  rho=0.36824 (8/20)
    fp=0.0021 tp=0.0714  [56.5s]
   median nu  = 0.052
   median |eta| = 4.231
  rho=0.32621 (9/20)
    fp=0.0045 tp=0.1071  [56.1s]
   median nu  = 0.057
   median |eta| = 4.079
  rho=0.28898 (10/20)
    fp=0.0078 tp=0.2381  [56.0s]
   median nu  = 0.063
   median |eta| = 3.914
  rho=0.25600 (11/20)
    fp=0.0169 tp=0.3095  [56.2s]
   median nu  = 0.073
   median |eta| = 3.803
  rho=0.22678 (12/20)
    fp=0.0302 tp=0.3690  [55.9s]
   median nu  = 0.083
   median |eta| = 3.219
  rho=0.20090 (13/20)
    fp=0.0460 tp=0.4524  [55.9s]
   median nu  = 0.1
   median |eta| = 2.679
  rho=0.17797 (14/20)
    fp=0.0637 tp=0.5238  [52.9s]
   median nu  = 0.126
   median |eta| = 2.091
  rho=0.15766 (15/20)
    fp=0.0849 tp=0.5833  [54.6s]
   median nu  = 0.171
   median |eta| = 1.485
  rho=0.13966 (16/20)
    fp=0.1089 tp=0.6667  [54.7s]
   median nu  = 0.224
   median |eta| = 1.038
  rho=0.12372 (17/20)
    fp=0.1352 tp=0.6786  [56.1s]
   median nu  = 0.287
   median |eta| = 0.673
  rho=0.10960 (18/20)
    fp=0.1582 tp=0.7262  [54.5s]
   median nu  = 0.357
   median |eta| = 0.429
  rho=0.09709 (19/20)
    fp=0.1796 tp=0.7500  [63.9s]
   median nu  = 0.434
   median |eta| = 0.303
  rho=0.08601 (20/20)
    fp=0.2024 tp=0.7976  [70.2s]
   median nu  = 0.507
   median |eta| = 0.205
  rho=0.07619 (21/21)  [extra 1/50]
    fp=0.2244 tp=0.8333  [70.7s]
   median nu  = 0.588
   median |eta| = 0.149
  rho=0.06750 (22/22)  [extra 2/50]
    fp=0.2421 tp=0.8571  [71.5s]
   median nu  = 0.687
   median |eta| = 0.115
  rho=0.05979 (23/23)  [extra 3/50]
    fp=0.2561 tp=0.8929  [69.2s]
   median nu  = 0.793
   median |eta| = 0.086
  rho=0.05297 (24/24)  [extra 4/50]
    fp=0.2698 tp=0.9167  [58.3s]
   median nu  = 0.901
   median |eta| = 0.066
  rho=0.04692 (25/25)  [extra 5/50]
    fp=0.2832 tp=0.9167  [67.0s]
   median nu  = 1.031
   median |eta| = 0.052
  rho=0.04157 (26/26)  [extra 6/50]
    fp=0.2982 tp=0.9167  [78.2s]
   median nu  = 1.142
   median |eta| = 0.036
  rho=0.03682 (27/27)  [extra 7/50]
    fp=0.3095 tp=0.9405  [77.4s]
   median nu  = 1.274
   median |eta| = 0.027
  FPR 0.3095 >= fp_end=0.3; stopping after 27 fits
  grid extended by 7 points down to rho=0.03682, ending at FPR 0.3095
  graphical_lasso rho_max = max|S_ij| (off-diag) = 0.88596
  rho grid: [0.88595942 0.78484202 0.69526548 0.6159126  0.54561652 0.48334356
 0.428178   0.37930867 0.33601696 0.29766626 0.26369266 0.23359657
 0.20693544 0.18331724 0.16239465 0.14386003 0.12744082 0.11289559
 0.10001046 0.08859594]
Running graphical_lasso over 20 rho values, extending until FPR >= 0.3...
  rho=0.88596 (1/20)
    fp=0.0000 tp=0.0000  [0.1s]
  rho=0.78484 (2/20)
    fp=0.0000 tp=0.0119  [0.1s]
  rho=0.69527 (3/20)
    fp=0.0000 tp=0.0119  [82.7s]
  rho=0.61591 (4/20)
    fp=0.0000 tp=0.0119  [0.1s]
  rho=0.54562 (5/20)
    fp=0.0002 tp=0.0357  [0.1s]
  rho=0.48334 (6/20)
    fp=0.0004 tp=0.0476  [106.7s]
  rho=0.42818 (7/20)
    fp=0.0006 tp=0.0595  [105.9s]
  rho=0.37931 (8/20)
    fp=0.0035 tp=0.0833  [110.3s]
  rho=0.33602 (9/20)
    fp=0.0072 tp=0.1667  [105.6s]
  rho=0.29767 (10/20)
    fp=0.0148 tp=0.2500  [99.5s]
  rho=0.26369 (11/20)
    fp=0.0298 tp=0.3214  [85.5s]
  rho=0.23360 (12/20)
    fp=0.0491 tp=0.3810  [103.4s]
  rho=0.20694 (13/20)
    fp=0.0736 tp=0.5119  [101.6s]
  rho=0.18332 (14/20)
    fp=0.1046 tp=0.5595  [0.3s]
  rho=0.16239 (15/20)
    fp=0.1373 tp=0.5952  [103.5s]
  rho=0.14386 (16/20)
    fp=0.1720 tp=0.6667  [0.1s]
  rho=0.12744 (17/20)
    fp=0.2063 tp=0.7024  [0.2s]
  rho=0.11290 (18/20)
    fp=0.2400 tp=0.7381  [8.9s]
  rho=0.10001 (19/20)
    fp=0.2746 tp=0.7738  [0.2s]
  rho=0.08860 (20/20)
    fp=0.3120 tp=0.8095  [0.2s]
  FPR 0.3120 >= fp_end=0.3; stopping after 20 fits
  [note] 10/20 fits hit a glasso ConvergenceWarning (suppressed)

(p=100, n=50) over 16 replicates
  t+lasso  (run_em_diagonal):    AUC = 0.200 (SE 0.004)
  ~t+lasso (run_em_exact):       AUC = 0.192 (SE 0.004)
  tlasso   (run_tlasso):         AUC = 0.163 (SE 0.004)
  t*lasso  (run_tstar_varlasso): AUC = 0.196 (SE 0.004)
  glasso   (graphical_lasso):    AUC = 0.162 (SE 0.005)
Replicate 17/50
  Theta: 92/4950 edges
  pilot fit of run_tlasso at rho=30.34854
  -> rho_max = max|S_ij| (off-diag) = 13.89823
  [warn] pilot rho 30.34854 > rho_max 13.89823: it falls off the top of this method's grid
  rho grid: [13.89823321 12.31198324 10.90677708  9.66195161  8.55920206  7.58231286
  6.71691915  5.95029561  5.27116928  4.66955381  4.13660264  3.66447891
  3.24624017  2.87573636  2.54751934  2.25676278  1.9991912   1.77101709
  1.56888523  1.38982332]
Running run_tlasso over 20 rho values, extending until FPR >= 0.3...
  rho=13.89823 (1/20)
    fp=0.0000 tp=0.0000  [0.3s]
   nu  = 3.0000
  rho=12.31198 (2/20)
    fp=0.0000 tp=0.0000  [0.3s]
   nu  = 3.0000
  rho=10.90678 (3/20)
    fp=0.0000 tp=0.0000  [0.3s]
   nu  = 3.0000
  rho=9.66195 (4/20)
    fp=0.0002 tp=0.0000  [0.5s]
   nu  = 3.0000
  rho=8.55920 (5/20)
    fp=0.0002 tp=0.0000  [0.5s]
   nu  = 3.0000
  rho=7.58231 (6/20)
    fp=0.0006 tp=0.0000  [0.5s]
   nu  = 3.0000
  rho=6.71692 (7/20)
    fp=0.0010 tp=0.0109  [0.5s]
   nu  = 3.0000
  rho=5.95030 (8/20)
    fp=0.0016 tp=0.0109  [0.6s]
   nu  = 3.0000
  rho=5.27117 (9/20)
    fp=0.0025 tp=0.0435  [0.7s]
   nu  = 3.0000
  rho=4.66955 (10/20)
    fp=0.0029 tp=0.0435  [0.5s]
   nu  = 3.0000
  rho=4.13660 (11/20)
    fp=0.0056 tp=0.0870  [0.7s]
   nu  = 3.0000
  rho=3.66448 (12/20)
    fp=0.0091 tp=0.1848  [0.8s]
   nu  = 3.0000
  rho=3.24624 (13/20)
    fp=0.0142 tp=0.2609  [0.7s]
   nu  = 3.0000
  rho=2.87574 (14/20)
    fp=0.0222 tp=0.3043  [0.8s]
   nu  = 3.0000
  rho=2.54752 (15/20)
    fp=0.0377 tp=0.3804  [0.9s]
   nu  = 3.0000
  rho=2.25676 (16/20)
    fp=0.0603 tp=0.4783  [0.9s]
   nu  = 3.0000
  rho=1.99919 (17/20)
    fp=0.0972 tp=0.5978  [1.5s]
   nu  = 3.0000
  rho=1.77102 (18/20)
    fp=0.1404 tp=0.6848  [2.4s]
   nu  = 3.0000
  rho=1.56889 (19/20)
    fp=0.1844 tp=0.7609  [2.2s]
   nu  = 3.0000
  rho=1.38982 (20/20)
    fp=0.2328 tp=0.8043  [1.9s]
   nu  = 3.0000
  rho=1.23120 (21/21)  [extra 1/50]
    fp=0.2812 tp=0.8478  [2.1s]
   nu  = 3.0000
  rho=1.09068 (22/22)  [extra 2/50]
    fp=0.3234 tp=0.8587  [2.2s]
   nu  = 3.0000
  FPR 0.3234 >= fp_end=0.3; stopping after 22 fits
  grid extended by 2 points down to rho=1.09068, ending at FPR 0.3234
  pilot fit of run_tstar_varlasso at rho=0.30349
  -> rho_max = max|S_ij| (off-diag) = 0.36738
  rho grid: [0.36737862 0.32544852 0.28830403 0.25539897 0.22624946 0.20042689
 0.17755152 0.157287   0.13933533 0.12343254 0.10934479 0.09686492
 0.08580941 0.07601571 0.06733979 0.05965409 0.05284557 0.04681414
 0.04147109 0.03673786]
Running run_tstar_varlasso over 20 rho values, extending until FPR >= 0.3...
  rho=0.36738 (1/20)
    fp=0.0002 tp=0.0000  [0.4s]
   nu  = 3.0000
  rho=0.32545 (2/20)
    fp=0.0006 tp=0.0217  [0.4s]
   nu  = 3.0000
  rho=0.28830 (3/20)
    fp=0.0010 tp=0.0326  [0.4s]
   nu  = 3.0000
  rho=0.25540 (4/20)
    fp=0.0025 tp=0.0761  [0.4s]
   nu  = 3.0000
  rho=0.22625 (5/20)
    fp=0.0051 tp=0.1196  [0.4s]
   nu  = 3.0000
  rho=0.20043 (6/20)
    fp=0.0086 tp=0.1848  [0.4s]
   nu  = 3.0000
  rho=0.17755 (7/20)
    fp=0.0163 tp=0.2717  [0.4s]
   nu  = 3.0000
  rho=0.15729 (8/20)
    fp=0.0237 tp=0.4348  [0.4s]
   nu  = 3.0000
  rho=0.13934 (9/20)
    fp=0.0342 tp=0.5326  [0.5s]
   nu  = 3.0000
  rho=0.12343 (10/20)
    fp=0.0500 tp=0.6196  [0.5s]
   nu  = 3.0000
  rho=0.10934 (11/20)
    fp=0.0706 tp=0.6630  [0.4s]
   nu  = 3.0000
  rho=0.09686 (12/20)
    fp=0.0951 tp=0.7065  [0.4s]
   nu  = 3.0000
  rho=0.08581 (13/20)
    fp=0.1206 tp=0.7826  [0.6s]
   nu  = 3.0000
  rho=0.07602 (14/20)
    fp=0.1433 tp=0.7935  [0.8s]
   nu  = 3.0000
  rho=0.06734 (15/20)
    fp=0.1721 tp=0.7935  [0.8s]
   nu  = 3.0000
  rho=0.05965 (16/20)
    fp=0.2011 tp=0.8261  [0.8s]
   nu  = 3.0000
  rho=0.05285 (17/20)
    fp=0.2258 tp=0.8478  [0.8s]
   nu  = 3.0000
  rho=0.04681 (18/20)
    fp=0.2522 tp=0.8696  [1.0s]
   nu  = 3.0000
  rho=0.04147 (19/20)
    fp=0.2800 tp=0.8804  [0.8s]
   nu  = 3.0000
  rho=0.03674 (20/20)
    fp=0.3061 tp=0.8913  [1.1s]
   nu  = 3.0000
  FPR 0.3061 >= fp_end=0.3; stopping after 20 fits
  pilot fit of run_em_diagonal at rho=0.30349
  -> rho_max = max|S_ij| (off-diag) = 0.48633
  rho grid: [0.48632881 0.43082254 0.38165138 0.33809229 0.29950473 0.26532129
 0.23503932 0.20821353 0.18444945 0.16339764 0.14474855 0.12822793
 0.11359286 0.10062815 0.08914313 0.07896894 0.06995596 0.06197166
 0.05489864 0.04863288]
Running run_em_diagonal over 20 rho values, extending until FPR >= 0.3...
  rho=0.48633 (1/20)
    fp=0.0006 tp=0.0109  [28.2s]
   median nu  = 0.046
   median |eta| = 3.428
  rho=0.43082 (2/20)
    fp=0.0010 tp=0.0109  [29.0s]
   median nu  = 0.051
   median |eta| = 3.417
  rho=0.38165 (3/20)
    fp=0.0021 tp=0.0543  [29.2s]
   median nu  = 0.056
   median |eta| = 3.193
  rho=0.33809 (4/20)
    fp=0.0039 tp=0.0652  [28.8s]
   median nu  = 0.063
   median |eta| = 2.963
  rho=0.29950 (5/20)
    fp=0.0058 tp=0.1522  [31.4s]
   median nu  = 0.071
   median |eta| = 3.119
  rho=0.26532 (6/20)
    fp=0.0103 tp=0.2500  [31.0s]
   median nu  = 0.082
   median |eta| = 2.953
  rho=0.23504 (7/20)
    fp=0.0167 tp=0.3152  [29.7s]
   median nu  = 0.096
   median |eta| = 2.595
  rho=0.20821 (8/20)
    fp=0.0255 tp=0.3913  [33.7s]
   median nu  = 0.114
   median |eta| = 2.51
  rho=0.18445 (9/20)
    fp=0.0381 tp=0.5217  [30.2s]
   median nu  = 0.129
   median |eta| = 2.479
  rho=0.16340 (10/20)
    fp=0.0548 tp=0.5652  [29.1s]
   median nu  = 0.147
   median |eta| = 2.202
  rho=0.14475 (11/20)
    fp=0.0727 tp=0.6087  [28.0s]
   median nu  = 0.172
   median |eta| = 2.346
  rho=0.12823 (12/20)
    fp=0.0916 tp=0.7826  [28.1s]
   median nu  = 0.185
   median |eta| = 2.486
  rho=0.11359 (13/20)
    fp=0.1159 tp=0.7935  [29.0s]
   median nu  = 0.192
   median |eta| = 2.313
  rho=0.10063 (14/20)
    fp=0.1336 tp=0.8478  [31.0s]
   median nu  = 0.199
   median |eta| = 2.166
  rho=0.08914 (15/20)
    fp=0.1534 tp=0.8696  [32.2s]
   median nu  = 0.228
   median |eta| = 2.105
  rho=0.07897 (16/20)
    fp=0.1739 tp=0.8696  [39.5s]
   median nu  = 0.275
   median |eta| = 2.101
  rho=0.06996 (17/20)
    fp=0.1935 tp=0.8696  [45.9s]
   median nu  = 0.276
   median |eta| = 1.938
  rho=0.06197 (18/20)
    fp=0.2112 tp=0.8913  [31.6s]
   median nu  = 0.313
   median |eta| = 1.758
  rho=0.05490 (19/20)
    fp=0.2231 tp=0.8913  [31.1s]
   median nu  = 0.324
   median |eta| = 1.869
  rho=0.04863 (20/20)
    fp=0.2359 tp=0.9022  [29.5s]
   median nu  = 0.339
   median |eta| = 1.839
  rho=0.04308 (21/21)  [extra 1/50]
    fp=0.2450 tp=0.9022  [30.5s]
   median nu  = 0.379
   median |eta| = 1.865
  rho=0.03817 (22/22)  [extra 2/50]
    fp=0.2587 tp=0.9022  [30.9s]
   median nu  = 0.364
   median |eta| = 2.129
  rho=0.03381 (23/23)  [extra 3/50]
    fp=0.2719 tp=0.9022  [35.3s]
   median nu  = 0.36
   median |eta| = 2.022
  rho=0.02995 (24/24)  [extra 4/50]
    fp=0.2843 tp=0.9022  [31.0s]
   median nu  = 0.401
   median |eta| = 2.368
  rho=0.02653 (25/25)  [extra 5/50]
    fp=0.2958 tp=0.9130  [30.3s]
   median nu  = 0.452
   median |eta| = 1.377
  rho=0.02350 (26/26)  [extra 6/50]
    fp=0.3119 tp=0.9239  [30.2s]
   median nu  = 0.528
   median |eta| = 0.64
  FPR 0.3119 >= fp_end=0.3; stopping after 26 fits
  grid extended by 6 points down to rho=0.02350, ending at FPR 0.3119
  pilot fit of run_em_exact at rho=0.30349
  -> rho_max = max|S_ij| (off-diag) = 0.48575
  rho grid: [0.48575167 0.43031128 0.38119847 0.33769106 0.2991493  0.26500643
 0.2347604  0.20796644 0.18423056 0.16320374 0.14457677 0.12807576
 0.11345806 0.10050873 0.08903734 0.07887523 0.06987294 0.06189812
 0.05483349 0.04857517]
Running run_em_exact over 20 rho values, extending until FPR >= 0.3...
  rho=0.48575 (1/20)
    fp=0.0006 tp=0.0109  [38.1s]
   median nu  = 0.046
   median |eta| = 3.426
  rho=0.43031 (2/20)
    fp=0.0012 tp=0.0109  [68.2s]
   median nu  = 0.051
   median |eta| = 3.415
  rho=0.38120 (3/20)
    fp=0.0021 tp=0.0543  [53.2s]
   median nu  = 0.056
   median |eta| = 3.171
  rho=0.33769 (4/20)
    fp=0.0041 tp=0.0652  [45.4s]
   median nu  = 0.063
   median |eta| = 2.938
  rho=0.29915 (5/20)
    fp=0.0058 tp=0.1630  [55.6s]
   median nu  = 0.072
   median |eta| = 2.951
  rho=0.26501 (6/20)
    fp=0.0111 tp=0.2500  [58.1s]
   median nu  = 0.083
   median |eta| = 2.569
  rho=0.23476 (7/20)
    fp=0.0171 tp=0.3261  [48.1s]
   median nu  = 0.098
   median |eta| = 2.207
  rho=0.20797 (8/20)
    fp=0.0280 tp=0.3913  [35.0s]
   median nu  = 0.118
   median |eta| = 1.791
  rho=0.18423 (9/20)
    fp=0.0422 tp=0.5326  [32.9s]
   median nu  = 0.146
   median |eta| = 1.507
  rho=0.16320 (10/20)
    fp=0.0613 tp=0.5652  [33.5s]
   median nu  = 0.18
   median |eta| = 1.229
  rho=0.14458 (11/20)
    fp=0.0832 tp=0.6304  [33.8s]
   median nu  = 0.225
   median |eta| = 0.99
  rho=0.12808 (12/20)
    fp=0.1058 tp=0.7717  [32.5s]
   median nu  = 0.278
   median |eta| = 0.748
  rho=0.11346 (13/20)
    fp=0.1278 tp=0.8152  [42.8s]
   median nu  = 0.336
   median |eta| = 0.536
  rho=0.10051 (14/20)
    fp=0.1523 tp=0.8478  [63.1s]
   median nu  = 0.412
   median |eta| = 0.374
  rho=0.08904 (15/20)
    fp=0.1766 tp=0.8696  [62.3s]
   median nu  = 0.523
   median |eta| = 0.254
  rho=0.07888 (16/20)
    fp=0.1974 tp=0.8696  [62.1s]
   median nu  = 0.608
   median |eta| = 0.17
  rho=0.06987 (17/20)
    fp=0.2174 tp=0.8913  [61.5s]
   median nu  = 0.691
   median |eta| = 0.129
  rho=0.06190 (18/20)
    fp=0.2367 tp=0.8913  [60.9s]
   median nu  = 0.813
   median |eta| = 0.1
  rho=0.05483 (19/20)
    fp=0.2567 tp=0.8913  [59.3s]
   median nu  = 0.916
   median |eta| = 0.072
  rho=0.04858 (20/20)
    fp=0.2711 tp=0.9022  [59.9s]
   median nu  = 1.009
   median |eta| = 0.047
  rho=0.04303 (21/21)  [extra 1/50]
    fp=0.2869 tp=0.9130  [60.3s]
   median nu  = 1.1
   median |eta| = 0.035
  rho=0.03812 (22/22)  [extra 2/50]
    fp=0.3026 tp=0.9130  [62.0s]
   median nu  = 1.228
   median |eta| = 0.025
  FPR 0.3026 >= fp_end=0.3; stopping after 22 fits
  grid extended by 2 points down to rho=0.03812, ending at FPR 0.3026
  graphical_lasso rho_max = max|S_ij| (off-diag) = 0.64329
  rho grid: [0.64329432 0.56987307 0.50483163 0.44721357 0.39617165 0.35095531
 0.31089966 0.27541568 0.2439816  0.2161352  0.191467   0.16961425
 0.15025563 0.13310648 0.11791461 0.10445663 0.09253466 0.08197339
 0.0726175  0.06432943]
Running graphical_lasso over 20 rho values, extending until FPR >= 0.3...
  rho=0.64329 (1/20)
    fp=0.0000 tp=0.0000  [0.1s]
  rho=0.56987 (2/20)
    fp=0.0004 tp=0.0000  [0.1s]
  rho=0.50483 (3/20)
    fp=0.0008 tp=0.0109  [97.3s]
  rho=0.44721 (4/20)
    fp=0.0021 tp=0.0217  [106.1s]
  rho=0.39617 (5/20)
    fp=0.0035 tp=0.0652  [106.7s]
  rho=0.35096 (6/20)
    fp=0.0060 tp=0.1087  [107.4s]
  rho=0.31090 (7/20)
    fp=0.0117 tp=0.2391  [80.3s]
  rho=0.27542 (8/20)
    fp=0.0220 tp=0.3261  [116.4s]
  rho=0.24398 (9/20)
    fp=0.0395 tp=0.3913  [84.9s]
  rho=0.21614 (10/20)
    fp=0.0607 tp=0.4783  [106.4s]
  rho=0.19147 (11/20)
    fp=0.0854 tp=0.5761  [106.5s]
  rho=0.16961 (12/20)
    fp=0.1155 tp=0.6413  [106.3s]
  rho=0.15026 (13/20)
    fp=0.1470 tp=0.7065  [0.2s]
  rho=0.13311 (14/20)
    fp=0.1797 tp=0.7717  [109.9s]
  rho=0.11791 (15/20)
    fp=0.2184 tp=0.8043  [0.2s]
  rho=0.10446 (16/20)
    fp=0.2552 tp=0.8261  [0.5s]
  rho=0.09253 (17/20)
    fp=0.2904 tp=0.8587  [0.3s]
  rho=0.08197 (18/20)
    fp=0.3259 tp=0.8587  [0.4s]
  FPR 0.3259 >= fp_end=0.3; stopping after 18 fits
  [note] 11/18 fits hit a glasso ConvergenceWarning (suppressed)
  grid stopped 2 points early at rho=0.08197, ending at FPR 0.3259

(p=100, n=50) over 17 replicates
  t+lasso  (run_em_diagonal):    AUC = 0.201 (SE 0.004)
  ~t+lasso (run_em_exact):       AUC = 0.194 (SE 0.004)
  tlasso   (run_tlasso):         AUC = 0.165 (SE 0.005)
  t*lasso  (run_tstar_varlasso): AUC = 0.198 (SE 0.004)
  glasso   (graphical_lasso):    AUC = 0.164 (SE 0.005)
Replicate 18/50
  Theta: 101/4950 edges
  pilot fit of run_tlasso at rho=30.34854
  -> rho_max = max|S_ij| (off-diag) = 13.02030
  [warn] pilot rho 30.34854 > rho_max 13.02030: it falls off the top of this method's grid
  rho grid: [13.02029539 11.53424729 10.21780663  9.05161556  8.01852563  7.10334556
  6.29261793  5.57442125  4.93819466  4.37458266  3.8752975   3.43299736
  3.04117835  2.6940789   2.38659503  2.11420528  1.87290425  1.65914367
  1.46978028  1.30202954]
Running run_tlasso over 20 rho values, extending until FPR >= 0.3...
  rho=13.02030 (1/20)
    fp=0.0000 tp=0.0000  [0.3s]
   nu  = 3.0000
  rho=11.53425 (2/20)
    fp=0.0000 tp=0.0000  [0.2s]
   nu  = 3.0000
  rho=10.21781 (3/20)
    fp=0.0000 tp=0.0000  [0.2s]
   nu  = 3.0000
  rho=9.05162 (4/20)
    fp=0.0000 tp=0.0000  [0.3s]
   nu  = 3.0000
  rho=8.01853 (5/20)
    fp=0.0000 tp=0.0099  [0.4s]
   nu  = 3.0000
  rho=7.10335 (6/20)
    fp=0.0004 tp=0.0297  [0.5s]
   nu  = 3.0000
  rho=6.29262 (7/20)
    fp=0.0004 tp=0.0297  [0.4s]
   nu  = 3.0000
  rho=5.57442 (8/20)
    fp=0.0008 tp=0.0594  [0.5s]
   nu  = 3.0000
  rho=4.93819 (9/20)
    fp=0.0031 tp=0.0693  [0.5s]
   nu  = 3.0000
  rho=4.37458 (10/20)
    fp=0.0052 tp=0.0693  [0.6s]
   nu  = 3.0000
  rho=3.87530 (11/20)
    fp=0.0091 tp=0.1188  [0.6s]
   nu  = 3.0000
  rho=3.43300 (12/20)
    fp=0.0142 tp=0.1485  [0.8s]
   nu  = 3.0000
  rho=3.04118 (13/20)
    fp=0.0229 tp=0.1980  [0.8s]
   nu  = 3.0000
  rho=2.69408 (14/20)
    fp=0.0340 tp=0.2673  [0.8s]
   nu  = 3.0000
  rho=2.38660 (15/20)
    fp=0.0524 tp=0.2970  [0.6s]
   nu  = 3.0000
  rho=2.11421 (16/20)
    fp=0.0858 tp=0.3663  [1.7s]
   nu  = 3.0000
  rho=1.87290 (17/20)
    fp=0.1211 tp=0.4851  [2.1s]
   nu  = 3.0000
  rho=1.65914 (18/20)
    fp=0.1697 tp=0.5842  [2.3s]
   nu  = 3.0000
  rho=1.46978 (19/20)
    fp=0.2174 tp=0.6436  [2.2s]
   nu  = 3.0000
  rho=1.30203 (20/20)
    fp=0.2638 tp=0.6733  [2.7s]
   nu  = 3.0000
  rho=1.15342 (21/21)  [extra 1/50]
    fp=0.3069 tp=0.6931  [2.3s]
   nu  = 3.0000
  FPR 0.3069 >= fp_end=0.3; stopping after 21 fits
  grid extended by 1 points down to rho=1.15342, ending at FPR 0.3069
  pilot fit of run_tstar_varlasso at rho=0.30349
  -> rho_max = max|S_ij| (off-diag) = 0.37611
  rho grid: [0.3761132  0.3331862  0.29515859 0.26147119 0.23162864 0.20519212
 0.18177289 0.16102656 0.14264809 0.1263672  0.11194451 0.09916792
 0.08784957 0.07782302 0.06894082 0.06107239 0.054102   0.04792716
 0.04245708 0.03761132]
Running run_tstar_varlasso over 20 rho values, extending until FPR >= 0.3...
  rho=0.37611 (1/20)
    fp=0.0000 tp=0.0099  [0.4s]
   nu  = 3.0000
  rho=0.33319 (2/20)
    fp=0.0002 tp=0.0198  [0.3s]
   nu  = 3.0000
  rho=0.29516 (3/20)
    fp=0.0002 tp=0.0396  [0.4s]
   nu  = 3.0000
  rho=0.26147 (4/20)
    fp=0.0014 tp=0.0693  [0.4s]
   nu  = 3.0000
  rho=0.23163 (5/20)
    fp=0.0031 tp=0.1188  [0.4s]
   nu  = 3.0000
  rho=0.20519 (6/20)
    fp=0.0066 tp=0.1584  [0.4s]
   nu  = 3.0000
  rho=0.18177 (7/20)
    fp=0.0140 tp=0.1980  [0.4s]
   nu  = 3.0000
  rho=0.16103 (8/20)
    fp=0.0252 tp=0.2574  [0.4s]
   nu  = 3.0000
  rho=0.14265 (9/20)
    fp=0.0369 tp=0.3168  [0.5s]
   nu  = 3.0000
  rho=0.12637 (10/20)
    fp=0.0534 tp=0.4059  [0.4s]
   nu  = 3.0000
  rho=0.11194 (11/20)
    fp=0.0740 tp=0.4851  [0.5s]
   nu  = 3.0000
  rho=0.09917 (12/20)
    fp=0.0980 tp=0.5347  [0.7s]
   nu  = 3.0000
  rho=0.08785 (13/20)
    fp=0.1248 tp=0.6040  [0.7s]
   nu  = 3.0000
  rho=0.07782 (14/20)
    fp=0.1483 tp=0.6337  [0.7s]
   nu  = 3.0000
  rho=0.06894 (15/20)
    fp=0.1741 tp=0.6337  [0.7s]
   nu  = 3.0000
  rho=0.06107 (16/20)
    fp=0.2050 tp=0.6436  [0.7s]
   nu  = 3.0000
  rho=0.05410 (17/20)
    fp=0.2332 tp=0.7327  [0.6s]
   nu  = 3.0000
  rho=0.04793 (18/20)
    fp=0.2601 tp=0.7525  [0.7s]
   nu  = 3.0000
  rho=0.04246 (19/20)
    fp=0.2805 tp=0.7525  [0.7s]
   nu  = 3.0000
  rho=0.03761 (20/20)
    fp=0.3044 tp=0.7723  [1.0s]
   nu  = 3.0000
  FPR 0.3044 >= fp_end=0.3; stopping after 20 fits
  pilot fit of run_em_diagonal at rho=0.30349
  -> rho_max = max|S_ij| (off-diag) = 0.55668
  rho grid: [0.55668438 0.49314821 0.43686362 0.38700297 0.34283308 0.30370444
 0.26904168 0.23833509 0.21113314 0.18703584 0.16568884 0.14677824
 0.13002597 0.11518569 0.10203917 0.09039312 0.08007626 0.0709369
 0.06284064 0.05566844]
Running run_em_diagonal over 20 rho values, extending until FPR >= 0.3...
  rho=0.55668 (1/20)
    fp=0.0000 tp=0.0099  [28.6s]
   median nu  = 0.037
   median |eta| = 4.1
  rho=0.49315 (2/20)
    fp=0.0000 tp=0.0099  [28.5s]
   median nu  = 0.039
   median |eta| = 3.617
  rho=0.43686 (3/20)
    fp=0.0004 tp=0.0198  [29.2s]
   median nu  = 0.042
   median |eta| = 3.529
  rho=0.38700 (4/20)
    fp=0.0014 tp=0.0495  [29.6s]
   median nu  = 0.044
   median |eta| = 3.207
  rho=0.34283 (5/20)
    fp=0.0039 tp=0.0693  [31.9s]
   median nu  = 0.048
   median |eta| = 2.908
  rho=0.30370 (6/20)
    fp=0.0066 tp=0.1089  [30.0s]
   median nu  = 0.053
   median |eta| = 2.767
  rho=0.26904 (7/20)
    fp=0.0126 tp=0.1683  [32.4s]
   median nu  = 0.058
   median |eta| = 2.762
  rho=0.23834 (8/20)
    fp=0.0194 tp=0.2079  [31.8s]
   median nu  = 0.065
   median |eta| = 2.657
  rho=0.21113 (9/20)
    fp=0.0311 tp=0.2475  [29.7s]
   median nu  = 0.073
   median |eta| = 2.683
  rho=0.18704 (10/20)
    fp=0.0448 tp=0.3267  [28.6s]
   median nu  = 0.085
   median |eta| = 2.723
  rho=0.16569 (11/20)
    fp=0.0588 tp=0.3861  [28.2s]
   median nu  = 0.099
   median |eta| = 2.894
  rho=0.14678 (12/20)
    fp=0.0751 tp=0.4455  [32.2s]
   median nu  = 0.12
   median |eta| = 2.665
  rho=0.13003 (13/20)
    fp=0.0940 tp=0.5050  [35.1s]
   median nu  = 0.139
   median |eta| = 2.262
  rho=0.11519 (14/20)
    fp=0.1107 tp=0.6040  [29.8s]
   median nu  = 0.157
   median |eta| = 1.984
  rho=0.10204 (15/20)
    fp=0.1330 tp=0.6436  [28.3s]
   median nu  = 0.185
   median |eta| = 1.864
  rho=0.09039 (16/20)
    fp=0.1520 tp=0.6634  [47.3s]
   median nu  = 0.228
   median |eta| = 1.973
  rho=0.08008 (17/20)
    fp=0.1695 tp=0.6832  [30.9s]
   median nu  = 0.271
   median |eta| = 1.757
  rho=0.07094 (18/20)
    fp=0.1846 tp=0.7030  [30.8s]
   median nu  = 0.316
   median |eta| = 1.429
  rho=0.06284 (19/20)
    fp=0.2002 tp=0.7129  [30.2s]
   median nu  = 0.348
   median |eta| = 1.228
  rho=0.05567 (20/20)
    fp=0.2170 tp=0.7525  [29.8s]
   median nu  = 0.411
   median |eta| = 1.014
  rho=0.04931 (21/21)  [extra 1/50]
    fp=0.2316 tp=0.7822  [29.8s]
   median nu  = 0.398
   median |eta| = 1.106
  rho=0.04369 (22/22)  [extra 2/50]
    fp=0.2442 tp=0.8020  [33.1s]
   median nu  = 0.515
   median |eta| = 0.823
  rho=0.03870 (23/23)  [extra 3/50]
    fp=0.2613 tp=0.8020  [34.2s]
   median nu  = 0.551
   median |eta| = 0.719
  rho=0.03428 (24/24)  [extra 4/50]
    fp=0.2689 tp=0.8218  [30.0s]
   median nu  = 0.564
   median |eta| = 0.646
  rho=0.03037 (25/25)  [extra 5/50]
    fp=0.2844 tp=0.8317  [30.5s]
   median nu  = 0.599
   median |eta| = 0.416
  rho=0.02690 (26/26)  [extra 6/50]
    fp=0.2947 tp=0.8416  [30.3s]
   median nu  = 0.739
   median |eta| = 0.251
  rho=0.02383 (27/27)  [extra 7/50]
    fp=0.3029 tp=0.8416  [30.8s]
   median nu  = 0.682
   median |eta| = 0.23
  FPR 0.3029 >= fp_end=0.3; stopping after 27 fits
  grid extended by 7 points down to rho=0.02383, ending at FPR 0.3029
  pilot fit of run_em_exact at rho=0.30349
  -> rho_max = max|S_ij| (off-diag) = 0.56006
  rho grid: [0.56005987 0.49613844 0.43951256 0.38934958 0.34491187 0.30554597
 0.27067303 0.23978024 0.21241336 0.18816994 0.1666935  0.14766823
 0.13081439 0.11588412 0.10265789 0.09094122 0.08056181 0.07136703
 0.06322168 0.05600599]
Running run_em_exact over 20 rho values, extending until FPR >= 0.3...
  rho=0.56006 (1/20)
    fp=0.0000 tp=0.0099  [64.8s]
   median nu  = 0.037
   median |eta| = 4.125
  rho=0.49614 (2/20)
    fp=0.0000 tp=0.0099  [40.9s]
   median nu  = 0.039
   median |eta| = 3.648
  rho=0.43951 (3/20)
    fp=0.0004 tp=0.0198  [53.9s]
   median nu  = 0.042
   median |eta| = 3.515
  rho=0.38935 (4/20)
    fp=0.0012 tp=0.0495  [55.9s]
   median nu  = 0.044
   median |eta| = 3.201
  rho=0.34491 (5/20)
    fp=0.0037 tp=0.0693  [57.3s]
   median nu  = 0.048
   median |eta| = 2.895
  rho=0.30555 (6/20)
    fp=0.0066 tp=0.1089  [42.1s]
   median nu  = 0.053
   median |eta| = 2.649
  rho=0.27067 (7/20)
    fp=0.0128 tp=0.1683  [33.8s]
   median nu  = 0.058
   median |eta| = 2.567
  rho=0.23978 (8/20)
    fp=0.0198 tp=0.1980  [33.0s]
   median nu  = 0.065
   median |eta| = 2.398
  rho=0.21241 (9/20)
    fp=0.0340 tp=0.2475  [33.5s]
   median nu  = 0.075
   median |eta| = 2.066
  rho=0.18817 (10/20)
    fp=0.0474 tp=0.3267  [34.0s]
   median nu  = 0.089
   median |eta| = 1.642
  rho=0.16669 (11/20)
    fp=0.0623 tp=0.3861  [32.6s]
   median nu  = 0.108
   median |eta| = 1.274
  rho=0.14767 (12/20)
    fp=0.0829 tp=0.4455  [55.1s]
   median nu  = 0.138
   median |eta| = 1.09
  rho=0.13081 (13/20)
    fp=0.1060 tp=0.5347  [63.1s]
   median nu  = 0.186
   median |eta| = 0.804
  rho=0.11588 (14/20)
    fp=0.1287 tp=0.6040  [55.1s]
   median nu  = 0.26
   median |eta| = 0.63
  rho=0.10266 (15/20)
    fp=0.1520 tp=0.6535  [53.3s]
   median nu  = 0.337
   median |eta| = 0.464
  rho=0.09094 (16/20)
    fp=0.1722 tp=0.6634  [53.0s]
   median nu  = 0.422
   median |eta| = 0.311
  rho=0.08056 (17/20)
    fp=0.1932 tp=0.6931  [61.8s]
   median nu  = 0.515
   median |eta| = 0.217
  rho=0.07137 (18/20)
    fp=0.2157 tp=0.7228  [60.1s]
   median nu  = 0.596
   median |eta| = 0.16
  rho=0.06322 (19/20)
    fp=0.2367 tp=0.7624  [61.1s]
   median nu  = 0.703
   median |eta| = 0.116
  rho=0.05601 (20/20)
    fp=0.2543 tp=0.7723  [61.8s]
   median nu  = 0.794
   median |eta| = 0.082
  rho=0.04961 (21/21)  [extra 1/50]
    fp=0.2708 tp=0.7921  [63.9s]
   median nu  = 0.909
   median |eta| = 0.066
  rho=0.04395 (22/22)  [extra 2/50]
    fp=0.2877 tp=0.8218  [64.0s]
   median nu  = 1.012
   median |eta| = 0.05
  rho=0.03893 (23/23)  [extra 3/50]
    fp=0.3021 tp=0.8317  [79.8s]
   median nu  = 1.134
   median |eta| = 0.036
  FPR 0.3021 >= fp_end=0.3; stopping after 23 fits
  grid extended by 3 points down to rho=0.03893, ending at FPR 0.3021
  graphical_lasso rho_max = max|S_ij| (off-diag) = 0.61256
  rho grid: [0.61255717 0.54264405 0.48071034 0.42584533 0.37724223 0.33418637
 0.2960446  0.26225608 0.23232396 0.20580808 0.18231854 0.16150994
 0.14307629 0.12674654 0.11228055 0.09946561 0.08811328 0.07805663
 0.06914777 0.06125572]
Running graphical_lasso over 20 rho values, extending until FPR >= 0.3...
  rho=0.61256 (1/20)
    fp=0.0000 tp=0.0000  [0.1s]
  rho=0.54264 (2/20)
    fp=0.0000 tp=0.0099  [0.1s]
  rho=0.48071 (3/20)
    fp=0.0004 tp=0.0297  [106.0s]
  rho=0.42585 (4/20)
    fp=0.0012 tp=0.0693  [107.5s]
  rho=0.37724 (5/20)
    fp=0.0043 tp=0.0693  [87.6s]
  rho=0.33419 (6/20)
    fp=0.0097 tp=0.1089  [107.5s]
  rho=0.29604 (7/20)
    fp=0.0184 tp=0.1683  [111.2s]
  rho=0.26226 (8/20)
    fp=0.0299 tp=0.2178  [84.4s]
  rho=0.23232 (9/20)
    fp=0.0499 tp=0.2772  [107.8s]
  rho=0.20581 (10/20)
    fp=0.0714 tp=0.3564  [107.2s]
  rho=0.18232 (11/20)
    fp=0.1021 tp=0.4257  [110.9s]
  rho=0.16151 (12/20)
    fp=0.1310 tp=0.4752  [0.2s]
  rho=0.14308 (13/20)
    fp=0.1629 tp=0.5446  [0.2s]
  rho=0.12675 (14/20)
    fp=0.1988 tp=0.6238  [106.0s]
  rho=0.11228 (15/20)
    fp=0.2353 tp=0.6535  [0.3s]
  rho=0.09947 (16/20)
    fp=0.2743 tp=0.6733  [0.4s]
  rho=0.08811 (17/20)
    fp=0.3042 tp=0.6832  [0.2s]
  FPR 0.3042 >= fp_end=0.3; stopping after 17 fits
  [note] 10/17 fits hit a glasso ConvergenceWarning (suppressed)
  grid stopped 3 points early at rho=0.08811, ending at FPR 0.3042

(p=100, n=50) over 18 replicates
  t+lasso  (run_em_diagonal):    AUC = 0.200 (SE 0.004)
  ~t+lasso (run_em_exact):       AUC = 0.193 (SE 0.004)
  tlasso   (run_tlasso):         AUC = 0.164 (SE 0.004)
  t*lasso  (run_tstar_varlasso): AUC = 0.196 (SE 0.004)
  glasso   (graphical_lasso):    AUC = 0.163 (SE 0.005)
Replicate 19/50
  Theta: 90/4950 edges
  pilot fit of run_tlasso at rho=30.34854
  -> rho_max = max|S_ij| (off-diag) = 17.41937
  [warn] pilot rho 30.34854 > rho_max 17.41937: it falls off the top of this method's grid
  rho grid: [17.4193703  15.43124166 13.67002452 12.10982075 10.72768804  9.50330257
  8.41866015  7.45781144  6.60662749  5.85259189  5.18461679  4.59287984
  4.06867972  3.60430824  3.19293698  2.82851683  2.50568913  2.21970678
  1.96636452  1.74193703]
Running run_tlasso over 20 rho values, extending until FPR >= 0.3...
  rho=17.41937 (1/20)
    fp=0.0000 tp=0.0000  [0.3s]
   nu  = 3.0000
  rho=15.43124 (2/20)
    fp=0.0000 tp=0.0000  [0.2s]
   nu  = 3.0000
  rho=13.67002 (3/20)
    fp=0.0000 tp=0.0111  [0.4s]
   nu  = 3.0000
  rho=12.10982 (4/20)
    fp=0.0000 tp=0.0111  [0.4s]
   nu  = 3.0000
  rho=10.72769 (5/20)
    fp=0.0000 tp=0.0111  [0.5s]
   nu  = 3.0000
  rho=9.50330 (6/20)
    fp=0.0000 tp=0.0111  [0.5s]
   nu  = 3.0000
  rho=8.41866 (7/20)
    fp=0.0004 tp=0.0111  [0.5s]
   nu  = 3.0000
  rho=7.45781 (8/20)
    fp=0.0010 tp=0.0111  [0.5s]
   nu  = 3.0000
  rho=6.60663 (9/20)
    fp=0.0019 tp=0.0111  [0.5s]
   nu  = 3.0000
  rho=5.85259 (10/20)
    fp=0.0025 tp=0.0111  [0.5s]
   nu  = 3.0000
  rho=5.18462 (11/20)
    fp=0.0041 tp=0.0444  [0.5s]
   nu  = 3.0000
  rho=4.59288 (12/20)
    fp=0.0060 tp=0.0667  [0.6s]
   nu  = 3.0000
  rho=4.06868 (13/20)
    fp=0.0103 tp=0.1222  [0.6s]
   nu  = 3.0000
  rho=3.60431 (14/20)
    fp=0.0152 tp=0.1667  [0.8s]
   nu  = 3.0000
  rho=3.19294 (15/20)
    fp=0.0263 tp=0.2222  [0.7s]
   nu  = 3.0000
  rho=2.82852 (16/20)
    fp=0.0374 tp=0.2889  [0.8s]
   nu  = 3.0000
  rho=2.50569 (17/20)
    fp=0.0586 tp=0.3667  [0.8s]
   nu  = 3.0000
  rho=2.21971 (18/20)
    fp=0.0912 tp=0.5111  [1.2s]
   nu  = 3.0000
  rho=1.96636 (19/20)
    fp=0.1323 tp=0.5778  [1.9s]
   nu  = 3.0000
  rho=1.74194 (20/20)
    fp=0.1767 tp=0.6333  [1.5s]
   nu  = 3.0000
  rho=1.54312 (21/21)  [extra 1/50]
    fp=0.2198 tp=0.6778  [1.5s]
   nu  = 3.0000
  rho=1.36700 (22/22)  [extra 2/50]
    fp=0.2628 tp=0.7000  [1.5s]
   nu  = 3.0000
  rho=1.21098 (23/23)  [extra 3/50]
    fp=0.3045 tp=0.7111  [1.6s]
   nu  = 3.0000
  FPR 0.3045 >= fp_end=0.3; stopping after 23 fits
  grid extended by 3 points down to rho=1.21098, ending at FPR 0.3045
  pilot fit of run_tstar_varlasso at rho=0.30349
  -> rho_max = max|S_ij| (off-diag) = 0.48265
  rho grid: [0.48265207 0.42756544 0.37876603 0.33553624 0.29724042 0.26331541
 0.23326238 0.2066394  0.18305498 0.16216233 0.14365422 0.1272585
 0.11273408 0.09986738 0.08846919 0.07837192 0.06942708 0.06150315
 0.05448359 0.04826521]
Running run_tstar_varlasso over 20 rho values, extending until FPR >= 0.3...
  rho=0.48265 (1/20)
    fp=0.0000 tp=0.0111  [0.4s]
   nu  = 3.0000
  rho=0.42757 (2/20)
    fp=0.0002 tp=0.0111  [0.5s]
   nu  = 3.0000
  rho=0.37877 (3/20)
    fp=0.0004 tp=0.0111  [0.3s]
   nu  = 3.0000
  rho=0.33554 (4/20)
    fp=0.0012 tp=0.0333  [0.4s]
   nu  = 3.0000
  rho=0.29724 (5/20)
    fp=0.0025 tp=0.0556  [0.4s]
   nu  = 3.0000
  rho=0.26332 (6/20)
    fp=0.0041 tp=0.0778  [0.3s]
   nu  = 3.0000
  rho=0.23326 (7/20)
    fp=0.0066 tp=0.1444  [0.3s]
   nu  = 3.0000
  rho=0.20664 (8/20)
    fp=0.0109 tp=0.1778  [0.4s]
   nu  = 3.0000
  rho=0.18305 (9/20)
    fp=0.0187 tp=0.2444  [0.4s]
   nu  = 3.0000
  rho=0.16216 (10/20)
    fp=0.0274 tp=0.3222  [0.5s]
   nu  = 3.0000
  rho=0.14365 (11/20)
    fp=0.0416 tp=0.4667  [0.4s]
   nu  = 3.0000
  rho=0.12726 (12/20)
    fp=0.0570 tp=0.5222  [0.5s]
   nu  = 3.0000
  rho=0.11273 (13/20)
    fp=0.0784 tp=0.5667  [0.4s]
   nu  = 3.0000
  rho=0.09987 (14/20)
    fp=0.1025 tp=0.6556  [0.4s]
   nu  = 3.0000
  rho=0.08847 (15/20)
    fp=0.1237 tp=0.6667  [0.4s]
   nu  = 3.0000
  rho=0.07837 (16/20)
    fp=0.1459 tp=0.6778  [0.7s]
   nu  = 3.0000
  rho=0.06943 (17/20)
    fp=0.1714 tp=0.6889  [0.5s]
   nu  = 3.0000
  rho=0.06150 (18/20)
    fp=0.2037 tp=0.7222  [0.5s]
   nu  = 3.0000
  rho=0.05448 (19/20)
    fp=0.2302 tp=0.7333  [0.4s]
   nu  = 3.0000
  rho=0.04827 (20/20)
    fp=0.2572 tp=0.7667  [0.7s]
   nu  = 3.0000
  rho=0.04276 (21/21)  [extra 1/50]
    fp=0.2842 tp=0.7889  [0.6s]
   nu  = 3.0000
  rho=0.03788 (22/22)  [extra 2/50]
    fp=0.3084 tp=0.8111  [0.7s]
   nu  = 3.0000
  FPR 0.3084 >= fp_end=0.3; stopping after 22 fits
  grid extended by 2 points down to rho=0.03788, ending at FPR 0.3084
  pilot fit of run_em_diagonal at rho=0.30349
  -> rho_max = max|S_ij| (off-diag) = 0.69797
  rho grid: [0.69797267 0.6183108  0.54774101 0.48522557 0.42984522 0.3807856
 0.33732532 0.2988253  0.26471941 0.23450613 0.20774119 0.18403103
 0.16302697 0.14442018 0.12793704 0.11333518 0.10039987 0.08894091
 0.0787898  0.06979727]
Running run_em_diagonal over 20 rho values, extending until FPR >= 0.3...
  rho=0.69797 (1/20)
    fp=0.0000 tp=0.0111  [29.2s]
   median nu  = 0.038
   median |eta| = 4.986
  rho=0.61831 (2/20)
    fp=0.0000 tp=0.0111  [29.6s]
   median nu  = 0.04
   median |eta| = 4.76
  rho=0.54774 (3/20)
    fp=0.0002 tp=0.0111  [29.1s]
   median nu  = 0.043
   median |eta| = 4.488
  rho=0.48523 (4/20)
    fp=0.0010 tp=0.0111  [31.7s]
   median nu  = 0.046
   median |eta| = 4.197
  rho=0.42985 (5/20)
    fp=0.0019 tp=0.0222  [31.0s]
   median nu  = 0.051
   median |eta| = 4.039
  rho=0.38079 (6/20)
    fp=0.0031 tp=0.0444  [30.5s]
   median nu  = 0.056
   median |eta| = 3.787
  rho=0.33733 (7/20)
    fp=0.0066 tp=0.1000  [33.6s]
   median nu  = 0.063
   median |eta| = 3.543
  rho=0.29883 (8/20)
    fp=0.0101 tp=0.1222  [30.6s]
   median nu  = 0.071
   median |eta| = 3.477
  rho=0.26472 (9/20)
    fp=0.0148 tp=0.1889  [29.5s]
   median nu  = 0.08
   median |eta| = 3.364
  rho=0.23451 (10/20)
    fp=0.0235 tp=0.2444  [28.4s]
   median nu  = 0.098
   median |eta| = 3.244
  rho=0.20774 (11/20)
    fp=0.0331 tp=0.3111  [28.7s]
   median nu  = 0.116
   median |eta| = 2.995
  rho=0.18403 (12/20)
    fp=0.0486 tp=0.4444  [30.1s]
   median nu  = 0.134
   median |eta| = 2.867
  rho=0.16303 (13/20)
    fp=0.0611 tp=0.5444  [30.0s]
   median nu  = 0.154
   median |eta| = 2.774
  rho=0.14442 (14/20)
    fp=0.0796 tp=0.5778  [28.3s]
   median nu  = 0.174
   median |eta| = 2.863
  rho=0.12794 (15/20)
    fp=0.0986 tp=0.6444  [33.4s]
   median nu  = 0.195
   median |eta| = 2.725
  rho=0.11334 (16/20)
    fp=0.1160 tp=0.6778  [43.6s]
   median nu  = 0.235
   median |eta| = 2.491
  rho=0.10040 (17/20)
    fp=0.1348 tp=0.7000  [29.1s]
   median nu  = 0.248
   median |eta| = 2.642
  rho=0.08894 (18/20)
    fp=0.1506 tp=0.7111  [29.8s]
   median nu  = 0.255
   median |eta| = 2.523
  rho=0.07879 (19/20)
    fp=0.1654 tp=0.7333  [30.4s]
   median nu  = 0.264
   median |eta| = 2.254
  rho=0.06980 (20/20)
    fp=0.1805 tp=0.7444  [29.9s]
   median nu  = 0.28
   median |eta| = 2.146
  rho=0.06183 (21/21)  [extra 1/50]
    fp=0.1953 tp=0.7667  [30.3s]
   median nu  = 0.31
   median |eta| = 2.262
  rho=0.05477 (22/22)  [extra 2/50]
    fp=0.2060 tp=0.8111  [34.8s]
   median nu  = 0.297
   median |eta| = 2.374
  rho=0.04852 (23/23)  [extra 3/50]
    fp=0.2226 tp=0.8222  [33.6s]
   median nu  = 0.317
   median |eta| = 2.115
  rho=0.04298 (24/24)  [extra 4/50]
    fp=0.2340 tp=0.8222  [30.5s]
   median nu  = 0.303
   median |eta| = 2.386
  rho=0.03808 (25/25)  [extra 5/50]
    fp=0.2455 tp=0.8333  [30.6s]
   median nu  = 0.303
   median |eta| = 2.201
  rho=0.03373 (26/26)  [extra 6/50]
    fp=0.2582 tp=0.8556  [27.3s]
   median nu  = 0.285
   median |eta| = 2.539
  rho=0.02988 (27/27)  [extra 7/50]
    fp=0.2737 tp=0.8778  [28.2s]
   median nu  = 0.341
   median |eta| = 2.465
  rho=0.02647 (28/28)  [extra 8/50]
    fp=0.2877 tp=0.8778  [55.9s]
   median nu  = 0.376
   median |eta| = 2.569
  rho=0.02345 (29/29)  [extra 9/50]
    fp=0.2947 tp=0.8667  [63.9s]
   median nu  = 0.402
   median |eta| = 2.319
  rho=0.02077 (30/30)  [extra 10/50]
    fp=0.3082 tp=0.8778  [37.9s]
   median nu  = 0.352
   median |eta| = 3.063
  FPR 0.3082 >= fp_end=0.3; stopping after 30 fits
  grid extended by 10 points down to rho=0.02077, ending at FPR 0.3082
  pilot fit of run_em_exact at rho=0.30349
  -> rho_max = max|S_ij| (off-diag) = 0.69799
  rho grid: [0.69798962 0.61832583 0.54775432 0.48523736 0.42985566 0.38079485
 0.33733352 0.29883256 0.26472584 0.23451183 0.20774624 0.1840355
 0.16303093 0.14442369 0.12794015 0.11333793 0.10040231 0.08894307
 0.07879171 0.06979896]
Running run_em_exact over 20 rho values, extending until FPR >= 0.3...
  rho=0.69799 (1/20)
    fp=0.0000 tp=0.0111  [56.0s]
   median nu  = 0.038
   median |eta| = 4.986
  rho=0.61833 (2/20)
    fp=0.0000 tp=0.0111  [58.0s]
   median nu  = 0.04
   median |eta| = 4.76
  rho=0.54775 (3/20)
    fp=0.0002 tp=0.0111  [40.4s]
   median nu  = 0.043
   median |eta| = 4.488
  rho=0.48524 (4/20)
    fp=0.0010 tp=0.0111  [34.3s]
   median nu  = 0.046
   median |eta| = 4.197
  rho=0.42986 (5/20)
    fp=0.0019 tp=0.0222  [33.8s]
   median nu  = 0.051
   median |eta| = 4.039
  rho=0.38079 (6/20)
    fp=0.0031 tp=0.0444  [34.2s]
   median nu  = 0.056
   median |eta| = 3.787
  rho=0.33733 (7/20)
    fp=0.0068 tp=0.1000  [34.9s]
   median nu  = 0.063
   median |eta| = 3.412
  rho=0.29883 (8/20)
    fp=0.0105 tp=0.1222  [31.6s]
   median nu  = 0.071
   median |eta| = 3.189
  rho=0.26473 (9/20)
    fp=0.0156 tp=0.1889  [52.4s]
   median nu  = 0.082
   median |eta| = 2.829
  rho=0.23451 (10/20)
    fp=0.0245 tp=0.2444  [56.0s]
   median nu  = 0.103
   median |eta| = 2.496
  rho=0.20775 (11/20)
    fp=0.0372 tp=0.3222  [55.6s]
   median nu  = 0.126
   median |eta| = 1.968
  rho=0.18404 (12/20)
    fp=0.0537 tp=0.4333  [61.1s]
   median nu  = 0.155
   median |eta| = 1.621
  rho=0.16303 (13/20)
    fp=0.0720 tp=0.5556  [64.0s]
   median nu  = 0.187
   median |eta| = 1.35
  rho=0.14442 (14/20)
    fp=0.0905 tp=0.5889  [64.4s]
   median nu  = 0.238
   median |eta| = 0.931
  rho=0.12794 (15/20)
    fp=0.1167 tp=0.6556  [59.3s]
   median nu  = 0.323
   median |eta| = 0.651
  rho=0.11334 (16/20)
    fp=0.1374 tp=0.6778  [59.6s]
   median nu  = 0.378
   median |eta| = 0.475
  rho=0.10040 (17/20)
    fp=0.1591 tp=0.7111  [60.4s]
   median nu  = 0.428
   median |eta| = 0.345
  rho=0.08894 (18/20)
    fp=0.1792 tp=0.7333  [67.1s]
   median nu  = 0.491
   median |eta| = 0.253
  rho=0.07879 (19/20)
    fp=0.1986 tp=0.7444  [54.9s]
   median nu  = 0.593
   median |eta| = 0.173
  rho=0.06980 (20/20)
    fp=0.2212 tp=0.7556  [69.9s]
   median nu  = 0.704
   median |eta| = 0.117
  rho=0.06183 (21/21)  [extra 1/50]
    fp=0.2403 tp=0.7778  [69.9s]
   median nu  = 0.827
   median |eta| = 0.082
  rho=0.05478 (22/22)  [extra 2/50]
    fp=0.2584 tp=0.7889  [69.8s]
   median nu  = 0.92
   median |eta| = 0.063
  rho=0.04852 (23/23)  [extra 3/50]
    fp=0.2774 tp=0.8000  [67.1s]
   median nu  = 1.033
   median |eta| = 0.045
  rho=0.04299 (24/24)  [extra 4/50]
    fp=0.2928 tp=0.8222  [47.6s]
   median nu  = 1.114
   median |eta| = 0.033
  rho=0.03808 (25/25)  [extra 5/50]
    fp=0.3088 tp=0.8222  [37.0s]
   median nu  = 1.212
   median |eta| = 0.024
  FPR 0.3088 >= fp_end=0.3; stopping after 25 fits
  grid extended by 5 points down to rho=0.03808, ending at FPR 0.3088
  graphical_lasso rho_max = max|S_ij| (off-diag) = 0.80964
  rho grid: [0.80963624 0.71722986 0.63537012 0.56285328 0.49861303 0.44170473
 0.39129155 0.34663219 0.30706994 0.27202307 0.2409762  0.21347281
 0.18910848 0.16752492 0.14840476 0.13146685 0.11646212 0.10316992
 0.09139481 0.08096362]
Running graphical_lasso over 20 rho values, extending until FPR >= 0.3...
  rho=0.80964 (1/20)
    fp=0.0000 tp=0.0000  [0.0s]
  rho=0.71723 (2/20)
    fp=0.0000 tp=0.0111  [0.1s]
  rho=0.63537 (3/20)
    fp=0.0002 tp=0.0111  [92.0s]
  rho=0.56285 (4/20)
    fp=0.0004 tp=0.0111  [0.2s]
  rho=0.49861 (5/20)
    fp=0.0019 tp=0.0111  [0.2s]
  rho=0.44170 (6/20)
    fp=0.0033 tp=0.0222  [0.2s]
  rho=0.39129 (7/20)
    fp=0.0062 tp=0.0556  [113.4s]
  rho=0.34663 (8/20)
    fp=0.0128 tp=0.1333  [84.5s]
  rho=0.30707 (9/20)
    fp=0.0214 tp=0.2000  [109.4s]
  rho=0.27202 (10/20)
    fp=0.0344 tp=0.2333  [104.3s]
  rho=0.24098 (11/20)
    fp=0.0547 tp=0.3333  [105.1s]
  rho=0.21347 (12/20)
    fp=0.0815 tp=0.4556  [110.2s]
  rho=0.18911 (13/20)
    fp=0.1066 tp=0.5222  [103.6s]
  rho=0.16752 (14/20)
    fp=0.1356 tp=0.5778  [0.2s]
  rho=0.14840 (15/20)
    fp=0.1706 tp=0.6111  [0.1s]
  rho=0.13147 (16/20)
    fp=0.2023 tp=0.6556  [0.2s]
  rho=0.11646 (17/20)
    fp=0.2344 tp=0.7000  [0.2s]
  rho=0.10317 (18/20)
    fp=0.2710 tp=0.7111  [0.4s]
  rho=0.09139 (19/20)
    fp=0.3084 tp=0.7333  [0.3s]
  FPR 0.3084 >= fp_end=0.3; stopping after 19 fits
  [note] 8/19 fits hit a glasso ConvergenceWarning (suppressed)
  grid stopped 1 points early at rho=0.09139, ending at FPR 0.3084

(p=100, n=50) over 19 replicates
  t+lasso  (run_em_diagonal):    AUC = 0.200 (SE 0.004)
  ~t+lasso (run_em_exact):       AUC = 0.192 (SE 0.004)
  tlasso   (run_tlasso):         AUC = 0.164 (SE 0.004)
  t*lasso  (run_tstar_varlasso): AUC = 0.196 (SE 0.004)
  glasso   (graphical_lasso):    AUC = 0.163 (SE 0.004)
Replicate 20/50
  Theta: 112/4950 edges
  pilot fit of run_tlasso at rho=30.34854
  -> rho_max = max|S_ij| (off-diag) = 13.61124
  [warn] pilot rho 30.34854 > rho_max 13.61124: it falls off the top of this method's grid
  rho grid: [13.61124335 12.05774846 10.68155893  9.46243833  8.38245987  7.42574282
  6.57821896  5.82742572  5.16232291  4.57313043  4.05118438  3.5888097
  3.17920733  2.8163542   2.49491465  2.21016203  1.95790915  1.73444669
  1.53648872  1.36112434]
Running run_tlasso over 20 rho values, extending until FPR >= 0.3...
  rho=13.61124 (1/20)
    fp=0.0000 tp=0.0000  [0.3s]
   nu  = 3.0000
  rho=12.05775 (2/20)
    fp=0.0000 tp=0.0000  [0.2s]
   nu  = 3.0000
  rho=10.68156 (3/20)
    fp=0.0000 tp=0.0000  [0.3s]
   nu  = 3.0000
  rho=9.46244 (4/20)
    fp=0.0000 tp=0.0089  [0.3s]
   nu  = 3.0000
  rho=8.38246 (5/20)
    fp=0.0000 tp=0.0089  [0.3s]
   nu  = 3.0000
  rho=7.42574 (6/20)
    fp=0.0000 tp=0.0089  [0.3s]
   nu  = 3.0000
  rho=6.57822 (7/20)
    fp=0.0002 tp=0.0089  [0.3s]
   nu  = 3.0000
  rho=5.82743 (8/20)
    fp=0.0017 tp=0.0268  [0.4s]
   nu  = 3.0000
  rho=5.16232 (9/20)
    fp=0.0033 tp=0.0268  [0.5s]
   nu  = 3.0000
  rho=4.57313 (10/20)
    fp=0.0064 tp=0.0446  [0.5s]
   nu  = 3.0000
  rho=4.05118 (11/20)
    fp=0.0087 tp=0.0714  [0.6s]
   nu  = 3.0000
  rho=3.58881 (12/20)
    fp=0.0120 tp=0.0893  [0.5s]
   nu  = 3.0000
  rho=3.17921 (13/20)
    fp=0.0190 tp=0.1429  [0.6s]
   nu  = 3.0000
  rho=2.81635 (14/20)
    fp=0.0271 tp=0.2411  [0.7s]
   nu  = 3.0000
  rho=2.49491 (15/20)
    fp=0.0422 tp=0.2946  [0.7s]
   nu  = 3.0000
  rho=2.21016 (16/20)
    fp=0.0639 tp=0.3571  [0.8s]
   nu  = 3.0000
  rho=1.95791 (17/20)
    fp=0.0922 tp=0.5000  [0.9s]
   nu  = 3.0000
  rho=1.73445 (18/20)
    fp=0.1321 tp=0.6071  [1.3s]
   nu  = 3.0000
  rho=1.53649 (19/20)
    fp=0.1821 tp=0.6964  [1.6s]
   nu  = 3.0000
  rho=1.36112 (20/20)
    fp=0.2278 tp=0.7054  [1.7s]
   nu  = 3.0000
  rho=1.20577 (21/21)  [extra 1/50]
    fp=0.2774 tp=0.7321  [1.5s]
   nu  = 3.0000
  rho=1.06816 (22/22)  [extra 2/50]
    fp=0.3127 tp=0.7411  [1.7s]
   nu  = 3.0000
  FPR 0.3127 >= fp_end=0.3; stopping after 22 fits
  grid extended by 2 points down to rho=1.06816, ending at FPR 0.3127
  pilot fit of run_tstar_varlasso at rho=0.30349
  -> rho_max = max|S_ij| (off-diag) = 0.43166
  rho grid: [0.43166095 0.3823941  0.33875024 0.30008759 0.26583763 0.23549673
 0.20861873 0.1848084  0.16371563 0.14503024 0.12847747 0.11381392
 0.10082398 0.08931661 0.07912262 0.0700921  0.06209227 0.05500548
 0.04872752 0.0431661 ]
Running run_tstar_varlasso over 20 rho values, extending until FPR >= 0.3...
  rho=0.43166 (1/20)
    fp=0.0000 tp=0.0089  [0.3s]
   nu  = 3.0000
  rho=0.38239 (2/20)
    fp=0.0000 tp=0.0089  [0.3s]
   nu  = 3.0000
  rho=0.33875 (3/20)
    fp=0.0004 tp=0.0089  [0.3s]
   nu  = 3.0000
  rho=0.30009 (4/20)
    fp=0.0006 tp=0.0179  [0.4s]
   nu  = 3.0000
  rho=0.26584 (5/20)
    fp=0.0019 tp=0.0536  [0.3s]
   nu  = 3.0000
  rho=0.23550 (6/20)
    fp=0.0035 tp=0.0625  [0.3s]
   nu  = 3.0000
  rho=0.20862 (7/20)
    fp=0.0064 tp=0.1071  [0.3s]
   nu  = 3.0000
  rho=0.18481 (8/20)
    fp=0.0118 tp=0.1607  [0.3s]
   nu  = 3.0000
  rho=0.16372 (9/20)
    fp=0.0186 tp=0.2768  [0.3s]
   nu  = 3.0000
  rho=0.14503 (10/20)
    fp=0.0296 tp=0.3214  [0.4s]
   nu  = 3.0000
  rho=0.12848 (11/20)
    fp=0.0451 tp=0.4018  [0.4s]
   nu  = 3.0000
  rho=0.11381 (12/20)
    fp=0.0632 tp=0.5179  [0.4s]
   nu  = 3.0000
  rho=0.10082 (13/20)
    fp=0.0852 tp=0.5446  [0.5s]
   nu  = 3.0000
  rho=0.08932 (14/20)
    fp=0.1112 tp=0.6071  [0.4s]
   nu  = 3.0000
  rho=0.07912 (15/20)
    fp=0.1370 tp=0.6607  [0.4s]
   nu  = 3.0000
  rho=0.07009 (16/20)
    fp=0.1645 tp=0.6875  [0.5s]
   nu  = 3.0000
  rho=0.06209 (17/20)
    fp=0.1902 tp=0.7321  [0.4s]
   nu  = 3.0000
  rho=0.05501 (18/20)
    fp=0.2189 tp=0.7411  [0.3s]
   nu  = 3.0000
  rho=0.04873 (19/20)
    fp=0.2441 tp=0.7589  [0.5s]
   nu  = 3.0000
  rho=0.04317 (20/20)
    fp=0.2683 tp=0.7679  [0.6s]
   nu  = 3.0000
  rho=0.03824 (21/21)  [extra 1/50]
    fp=0.2939 tp=0.8036  [0.7s]
   nu  = 3.0000
  rho=0.03388 (22/22)  [extra 2/50]
    fp=0.3191 tp=0.8125  [0.8s]
   nu  = 3.0000
  FPR 0.3191 >= fp_end=0.3; stopping after 22 fits
  grid extended by 2 points down to rho=0.03388, ending at FPR 0.3191
  pilot fit of run_em_diagonal at rho=0.30349
  -> rho_max = max|S_ij| (off-diag) = 0.56257
  rho grid: [0.56256667 0.49835913 0.4414798  0.39109229 0.34645568 0.30691358
 0.27188455 0.24085349 0.21336411 0.18901218 0.16743961 0.14832919
 0.1313999  0.11640281 0.10311738 0.09134827 0.0809224  0.07168646
 0.06350466 0.05625667]
Running run_em_diagonal over 20 rho values, extending until FPR >= 0.3...
  rho=0.56257 (1/20)
    fp=0.0000 tp=0.0089  [28.5s]
   median nu  = 0.044
   median |eta| = 4.687
  rho=0.49836 (2/20)
    fp=0.0000 tp=0.0089  [31.0s]
   median nu  = 0.049
   median |eta| = 4.25
  rho=0.44148 (3/20)
    fp=0.0004 tp=0.0089  [31.9s]
   median nu  = 0.054
   median |eta| = 3.938
  rho=0.39109 (4/20)
    fp=0.0008 tp=0.0268  [30.6s]
   median nu  = 0.059
   median |eta| = 3.507
  rho=0.34646 (5/20)
    fp=0.0025 tp=0.0536  [33.6s]
   median nu  = 0.067
   median |eta| = 3.583
  rho=0.30691 (6/20)
    fp=0.0058 tp=0.0714  [30.6s]
   median nu  = 0.076
   median |eta| = 3.519
  rho=0.27188 (7/20)
    fp=0.0087 tp=0.0982  [29.7s]
   median nu  = 0.085
   median |eta| = 3.238
  rho=0.24085 (8/20)
    fp=0.0134 tp=0.1518  [29.2s]
   median nu  = 0.1
   median |eta| = 2.954
  rho=0.21336 (9/20)
    fp=0.0225 tp=0.2500  [28.0s]
   median nu  = 0.121
   median |eta| = 2.567
  rho=0.18901 (10/20)
    fp=0.0329 tp=0.3036  [29.6s]
   median nu  = 0.143
   median |eta| = 2.254
  rho=0.16744 (11/20)
    fp=0.0469 tp=0.4286  [30.9s]
   median nu  = 0.165
   median |eta| = 2.078
  rho=0.14833 (12/20)
    fp=0.0635 tp=0.5268  [28.7s]
   median nu  = 0.192
   median |eta| = 2.168
  rho=0.13140 (13/20)
    fp=0.0806 tp=0.5536  [29.9s]
   median nu  = 0.199
   median |eta| = 2.306
  rho=0.11640 (14/20)
    fp=0.1033 tp=0.6071  [49.7s]
   median nu  = 0.227
   median |eta| = 2.258
  rho=0.10312 (15/20)
    fp=0.1207 tp=0.6339  [29.5s]
   median nu  = 0.248
   median |eta| = 2.142
  rho=0.09135 (16/20)
    fp=0.1385 tp=0.7143  [32.1s]
   median nu  = 0.257
   median |eta| = 2.065
  rho=0.08092 (17/20)
    fp=0.1565 tp=0.7500  [28.4s]
   median nu  = 0.298
   median |eta| = 2.114
  rho=0.07169 (18/20)
    fp=0.1753 tp=0.7679  [27.4s]
   median nu  = 0.306
   median |eta| = 2.045
  rho=0.06350 (19/20)
    fp=0.1889 tp=0.7857  [30.0s]
   median nu  = 0.3
   median |eta| = 2.038
  rho=0.05626 (20/20)
    fp=0.2030 tp=0.7946  [31.5s]
   median nu  = 0.259
   median |eta| = 2.258
  rho=0.04984 (21/21)  [extra 1/50]
    fp=0.2148 tp=0.7946  [34.6s]
   median nu  = 0.302
   median |eta| = 2.303
  rho=0.04415 (22/22)  [extra 2/50]
    fp=0.2294 tp=0.8036  [31.3s]
   median nu  = 0.335
   median |eta| = 2.165
  rho=0.03911 (23/23)  [extra 3/50]
    fp=0.2414 tp=0.8036  [31.1s]
   median nu  = 0.332
   median |eta| = 2.098
  rho=0.03465 (24/24)  [extra 4/50]
    fp=0.2501 tp=0.8393  [30.8s]
   median nu  = 0.358
   median |eta| = 2.379
  rho=0.03069 (25/25)  [extra 5/50]
    fp=0.2631 tp=0.8393  [31.9s]
   median nu  = 0.391
   median |eta| = 2.439
  rho=0.02719 (26/26)  [extra 6/50]
    fp=0.2712 tp=0.8661  [64.2s]
   median nu  = 0.388
   median |eta| = 2.08
  rho=0.02409 (27/27)  [extra 7/50]
    fp=0.2850 tp=0.8571  [66.2s]
   median nu  = 0.395
   median |eta| = 1.948
  rho=0.02134 (28/28)  [extra 8/50]
    fp=0.2937 tp=0.8750  [40.3s]
   median nu  = 0.343
   median |eta| = 2.742
  rho=0.01890 (29/29)  [extra 9/50]
    fp=0.3016 tp=0.8661  [58.3s]
   median nu  = 0.577
   median |eta| = 1.283
  FPR 0.3016 >= fp_end=0.3; stopping after 29 fits
  [note] 1/29 fits hit a glasso ConvergenceWarning (suppressed)
  grid extended by 9 points down to rho=0.01890, ending at FPR 0.3016
  pilot fit of run_em_exact at rho=0.30349
  -> rho_max = max|S_ij| (off-diag) = 0.57180
  rho grid: [0.57180346 0.50654169 0.44872846 0.39751364 0.35214414 0.3119528
 0.27634862 0.24480807 0.21686734 0.19211557 0.1701888  0.15076461
 0.13355736 0.11831403 0.10481047 0.09284812 0.08225106 0.07286348
 0.06454734 0.05718035]
Running run_em_exact over 20 rho values, extending until FPR >= 0.3...
  rho=0.57180 (1/20)
    fp=0.0000 tp=0.0089  [51.2s]
   median nu  = 0.044
   median |eta| = 4.745
  rho=0.50654 (2/20)
    fp=0.0000 tp=0.0089  [37.5s]
   median nu  = 0.048
   median |eta| = 4.315
  rho=0.44873 (3/20)
    fp=0.0000 tp=0.0089  [33.9s]
   median nu  = 0.053
   median |eta| = 3.994
  rho=0.39751 (4/20)
    fp=0.0008 tp=0.0268  [34.3s]
   median nu  = 0.059
   median |eta| = 3.538
  rho=0.35214 (5/20)
    fp=0.0021 tp=0.0536  [34.1s]
   median nu  = 0.066
   median |eta| = 3.567
  rho=0.31195 (6/20)
    fp=0.0058 tp=0.0625  [33.8s]
   median nu  = 0.075
   median |eta| = 3.34
  rho=0.27635 (7/20)
    fp=0.0085 tp=0.0982  [34.6s]
   median nu  = 0.087
   median |eta| = 2.859
  rho=0.24481 (8/20)
    fp=0.0138 tp=0.1518  [56.2s]
   median nu  = 0.103
   median |eta| = 2.502
  rho=0.21687 (9/20)
    fp=0.0229 tp=0.2500  [55.7s]
   median nu  = 0.128
   median |eta| = 2.07
  rho=0.19212 (10/20)
    fp=0.0345 tp=0.3036  [56.0s]
   median nu  = 0.163
   median |eta| = 1.633
  rho=0.17019 (11/20)
    fp=0.0477 tp=0.4107  [55.3s]
   median nu  = 0.211
   median |eta| = 1.37
  rho=0.15076 (12/20)
    fp=0.0697 tp=0.5179  [54.7s]
   median nu  = 0.254
   median |eta| = 1.108
  rho=0.13356 (13/20)
    fp=0.0899 tp=0.5536  [58.3s]
   median nu  = 0.305
   median |eta| = 0.861
  rho=0.11831 (14/20)
    fp=0.1158 tp=0.6071  [60.3s]
   median nu  = 0.349
   median |eta| = 0.657
  rho=0.10481 (15/20)
    fp=0.1375 tp=0.6518  [53.5s]
   median nu  = 0.419
   median |eta| = 0.498
  rho=0.09285 (16/20)
    fp=0.1612 tp=0.6964  [53.3s]
   median nu  = 0.502
   median |eta| = 0.388
  rho=0.08225 (17/20)
    fp=0.1840 tp=0.7321  [55.2s]
   median nu  = 0.544
   median |eta| = 0.298
  rho=0.07286 (18/20)
    fp=0.2086 tp=0.7589  [55.2s]
   median nu  = 0.641
   median |eta| = 0.219
  rho=0.06455 (19/20)
    fp=0.2301 tp=0.7768  [57.7s]
   median nu  = 0.722
   median |eta| = 0.142
  rho=0.05718 (20/20)
    fp=0.2491 tp=0.7946  [68.1s]
   median nu  = 0.803
   median |eta| = 0.102
  rho=0.05065 (21/21)  [extra 1/50]
    fp=0.2675 tp=0.7946  [69.7s]
   median nu  = 0.889
   median |eta| = 0.074
  rho=0.04487 (22/22)  [extra 2/50]
    fp=0.2830 tp=0.8125  [70.8s]
   median nu  = 1.004
   median |eta| = 0.056
  rho=0.03975 (23/23)  [extra 3/50]
    fp=0.2956 tp=0.8214  [65.7s]
   median nu  = 1.108
   median |eta| = 0.041
  rho=0.03521 (24/24)  [extra 4/50]
    fp=0.3125 tp=0.8304  [63.7s]
   median nu  = 1.211
   median |eta| = 0.031
  FPR 0.3125 >= fp_end=0.3; stopping after 24 fits
  grid extended by 4 points down to rho=0.03521, ending at FPR 0.3125
  graphical_lasso rho_max = max|S_ij| (off-diag) = 0.61804
  rho grid: [0.61804071 0.54750174 0.48501361 0.42965745 0.38061926 0.33717797
 0.29869476 0.26460377 0.23440369 0.20765045 0.18395063 0.16295576
 0.14435709 0.12788116 0.11328567 0.10035601 0.08890206 0.07875538
 0.06976678 0.06180407]
Running graphical_lasso over 20 rho values, extending until FPR >= 0.3...
  rho=0.61804 (1/20)
    fp=0.0000 tp=0.0000  [0.0s]
  rho=0.54750 (2/20)
    fp=0.0000 tp=0.0089  [0.1s]
  rho=0.48501 (3/20)
    fp=0.0000 tp=0.0179  [100.5s]
  rho=0.42966 (4/20)
    fp=0.0025 tp=0.0268  [111.0s]
  rho=0.38062 (5/20)
    fp=0.0054 tp=0.0446  [84.3s]
  rho=0.33718 (6/20)
    fp=0.0095 tp=0.0714  [108.8s]
  rho=0.29869 (7/20)
    fp=0.0159 tp=0.1518  [103.8s]
  rho=0.26460 (8/20)
    fp=0.0285 tp=0.2232  [106.5s]
  rho=0.23440 (9/20)
    fp=0.0430 tp=0.2946  [0.5s]
  rho=0.20765 (10/20)
    fp=0.0632 tp=0.4018  [108.7s]
  rho=0.18395 (11/20)
    fp=0.0881 tp=0.4821  [101.5s]
  rho=0.16296 (12/20)
    fp=0.1199 tp=0.5446  [0.2s]
  rho=0.14436 (13/20)
    fp=0.1499 tp=0.6429  [0.1s]
  rho=0.12788 (14/20)
    fp=0.1852 tp=0.6875  [0.1s]
  rho=0.11329 (15/20)
    fp=0.2199 tp=0.7054  [83.7s]
  rho=0.10036 (16/20)
    fp=0.2563 tp=0.7143  [0.9s]
  rho=0.08890 (17/20)
    fp=0.2908 tp=0.7321  [0.4s]
  rho=0.07876 (18/20)
    fp=0.3191 tp=0.7500  [0.3s]
  FPR 0.3191 >= fp_end=0.3; stopping after 18 fits
  [note] 9/18 fits hit a glasso ConvergenceWarning (suppressed)
  grid stopped 2 points early at rho=0.07876, ending at FPR 0.3191

(p=100, n=50) over 20 replicates
  t+lasso  (run_em_diagonal):    AUC = 0.199 (SE 0.004)
  ~t+lasso (run_em_exact):       AUC = 0.192 (SE 0.004)
  tlasso   (run_tlasso):         AUC = 0.164 (SE 0.004)
  t*lasso  (run_tstar_varlasso): AUC = 0.195 (SE 0.004)
  glasso   (graphical_lasso):    AUC = 0.163 (SE 0.004)
Replicate 21/50
  Theta: 112/4950 edges
  pilot fit of run_tlasso at rho=30.34854
  -> rho_max = max|S_ij| (off-diag) = 12.83219
  [warn] pilot rho 30.34854 > rho_max 12.83219: it falls off the top of this method's grid
  rho grid: [12.83218788 11.36760909 10.07018738  8.92084457  7.90267995  7.00072172
  6.20170688  5.49388617  4.86685131  4.31138195  3.81931009  3.38339997
  2.99724167  2.65515686  2.35211529  2.08366082  1.84584592  1.6351736
  1.44854599  1.28321879]
Running run_tlasso over 20 rho values, extending until FPR >= 0.3...
  rho=12.83219 (1/20)
    fp=0.0000 tp=0.0000  [0.8s]
   nu  = 3.0000
  rho=11.36761 (2/20)
    fp=0.0000 tp=0.0000  [0.7s]
   nu  = 3.0000
  rho=10.07019 (3/20)
    fp=0.0000 tp=0.0000  [0.7s]
   nu  = 3.0000
  rho=8.92084 (4/20)
    fp=0.0000 tp=0.0000  [0.8s]
   nu  = 3.0000
  rho=7.90268 (5/20)
    fp=0.0000 tp=0.0179  [1.0s]
   nu  = 3.0000
  rho=7.00072 (6/20)
    fp=0.0002 tp=0.0268  [1.1s]
   nu  = 3.0000
  rho=6.20171 (7/20)
    fp=0.0004 tp=0.0357  [1.2s]
   nu  = 3.0000
  rho=5.49389 (8/20)
    fp=0.0006 tp=0.0536  [1.5s]
   nu  = 3.0000
  rho=4.86685 (9/20)
    fp=0.0019 tp=0.0804  [1.4s]
   nu  = 3.0000
  rho=4.31138 (10/20)
    fp=0.0035 tp=0.0982  [1.6s]
   nu  = 3.0000
  rho=3.81931 (11/20)
    fp=0.0062 tp=0.1250  [1.8s]
   nu  = 3.0000
  rho=3.38340 (12/20)
    fp=0.0093 tp=0.1696  [2.0s]
   nu  = 3.0000
  rho=2.99724 (13/20)
    fp=0.0151 tp=0.1875  [2.0s]
   nu  = 3.0000
  rho=2.65516 (14/20)
    fp=0.0285 tp=0.2054  [2.0s]
   nu  = 3.0000
  rho=2.35212 (15/20)
    fp=0.0477 tp=0.2589  [2.0s]
   nu  = 3.0000
  rho=2.08366 (16/20)
    fp=0.0757 tp=0.3214  [2.7s]
   nu  = 3.0000
  rho=1.84585 (17/20)
    fp=0.1195 tp=0.4464  [3.6s]
   nu  = 3.0000
  rho=1.63517 (18/20)
    fp=0.1757 tp=0.5179  [5.0s]
   nu  = 3.0000
  rho=1.44855 (19/20)
    fp=0.2230 tp=0.5893  [3.3s]
   nu  = 3.0000
  rho=1.28322 (20/20)
    fp=0.2679 tp=0.6250  [4.2s]
   nu  = 3.0000
  rho=1.13676 (21/21)  [extra 1/50]
    fp=0.3115 tp=0.6607  [4.5s]
   nu  = 3.0000
  FPR 0.3115 >= fp_end=0.3; stopping after 21 fits
  grid extended by 1 points down to rho=1.13676, ending at FPR 0.3115
  pilot fit of run_tstar_varlasso at rho=0.30349
  -> rho_max = max|S_ij| (off-diag) = 0.41646
  rho grid: [0.41645648 0.36892496 0.32681837 0.28951754 0.25647398 0.22720178
 0.20127051 0.17829886 0.15794904 0.13992181 0.12395208 0.10980504
 0.09727263 0.0861706  0.07633567 0.06762323 0.05990518 0.05306801
 0.04701119 0.04164565]
Running run_tstar_varlasso over 20 rho values, extending until FPR >= 0.3...
  rho=0.41646 (1/20)
    fp=0.0000 tp=0.0089  [1.1s]
   nu  = 3.0000
  rho=0.36892 (2/20)
    fp=0.0000 tp=0.0268  [1.1s]
   nu  = 3.0000
  rho=0.32682 (3/20)
    fp=0.0000 tp=0.0536  [1.1s]
   nu  = 3.0000
  rho=0.28952 (4/20)
    fp=0.0008 tp=0.0625  [1.0s]
   nu  = 3.0000
  rho=0.25647 (5/20)
    fp=0.0012 tp=0.0714  [1.0s]
   nu  = 3.0000
  rho=0.22720 (6/20)
    fp=0.0023 tp=0.1161  [1.0s]
   nu  = 3.0000
  rho=0.20127 (7/20)
    fp=0.0054 tp=0.1518  [1.0s]
   nu  = 3.0000
  rho=0.17830 (8/20)
    fp=0.0114 tp=0.1875  [0.9s]
   nu  = 3.0000
  rho=0.15795 (9/20)
    fp=0.0186 tp=0.2411  [1.0s]
   nu  = 3.0000
  rho=0.13992 (10/20)
    fp=0.0316 tp=0.3214  [1.2s]
   nu  = 3.0000
  rho=0.12395 (11/20)
    fp=0.0504 tp=0.3929  [1.2s]
   nu  = 3.0000
  rho=0.10981 (12/20)
    fp=0.0719 tp=0.4732  [1.2s]
   nu  = 3.0000
  rho=0.09727 (13/20)
    fp=0.0965 tp=0.5268  [1.5s]
   nu  = 3.0000
  rho=0.08617 (14/20)
    fp=0.1199 tp=0.5893  [1.1s]
   nu  = 3.0000
  rho=0.07634 (15/20)
    fp=0.1445 tp=0.6518  [1.1s]
   nu  = 3.0000
  rho=0.06762 (16/20)
    fp=0.1695 tp=0.6696  [1.2s]
   nu  = 3.0000
  rho=0.05991 (17/20)
    fp=0.2003 tp=0.7054  [1.3s]
   nu  = 3.0000
  rho=0.05307 (18/20)
    fp=0.2259 tp=0.7411  [1.6s]
   nu  = 3.0000
  rho=0.04701 (19/20)
    fp=0.2501 tp=0.7857  [1.8s]
   nu  = 3.0000
  rho=0.04165 (20/20)
    fp=0.2764 tp=0.8036  [1.9s]
   nu  = 3.0000
  rho=0.03689 (21/21)  [extra 1/50]
    fp=0.2960 tp=0.8304  [1.9s]
   nu  = 3.0000
  rho=0.03268 (22/22)  [extra 2/50]
    fp=0.3229 tp=0.8393  [1.5s]
   nu  = 3.0000
  FPR 0.3229 >= fp_end=0.3; stopping after 22 fits
  grid extended by 2 points down to rho=0.03268, ending at FPR 0.3229
  pilot fit of run_em_diagonal at rho=0.30349
  -> rho_max = max|S_ij| (off-diag) = 0.57124
  rho grid: [0.57123963 0.50604222 0.44828599 0.39712167 0.3517969  0.31164519
 0.27607613 0.24456667 0.21665349 0.19192613 0.17002099 0.15061595
 0.13342567 0.11819737 0.10470712 0.09275656 0.08216996 0.07279164
 0.06448369 0.05712396]
Running run_em_diagonal over 20 rho values, extending until FPR >= 0.3...
  rho=0.57124 (1/20)
    fp=0.0000 tp=0.0089  [59.0s]
   median nu  = 0.041
   median |eta| = 3.961
  rho=0.50604 (2/20)
    fp=0.0000 tp=0.0179  [65.7s]
   median nu  = 0.045
   median |eta| = 3.668
  rho=0.44829 (3/20)
    fp=0.0002 tp=0.0357  [61.7s]
   median nu  = 0.048
   median |eta| = 3.743
  rho=0.39712 (4/20)
    fp=0.0008 tp=0.0536  [63.3s]
   median nu  = 0.053
   median |eta| = 3.429
  rho=0.35180 (5/20)
    fp=0.0017 tp=0.0714  [63.9s]
   median nu  = 0.059
   median |eta| = 3.321
  rho=0.31165 (6/20)
    fp=0.0033 tp=0.1071  [67.5s]
   median nu  = 0.066
   median |eta| = 3.008
  rho=0.27608 (7/20)
    fp=0.0066 tp=0.1339  [62.2s]
   median nu  = 0.076
   median |eta| = 2.957
  rho=0.24457 (8/20)
    fp=0.0126 tp=0.1696  [62.5s]
   median nu  = 0.087
   median |eta| = 2.836
  rho=0.21665 (9/20)
    fp=0.0213 tp=0.2054  [60.9s]
   median nu  = 0.101
   median |eta| = 2.899
  rho=0.19193 (10/20)
    fp=0.0329 tp=0.2589  [52.0s]
   median nu  = 0.119
   median |eta| = 2.605
  rho=0.17002 (11/20)
    fp=0.0465 tp=0.3393  [56.7s]
   median nu  = 0.142
   median |eta| = 2.442
  rho=0.15062 (12/20)
    fp=0.0630 tp=0.4196  [63.1s]
   median nu  = 0.166
   median |eta| = 2.183
  rho=0.13343 (13/20)
    fp=0.0819 tp=0.4732  [59.5s]
   median nu  = 0.198
   median |eta| = 1.996
  rho=0.11820 (14/20)
    fp=0.1005 tp=0.5268  [60.6s]
   median nu  = 0.215
   median |eta| = 2.044
  rho=0.10471 (15/20)
    fp=0.1172 tp=0.5714  [69.0s]
   median nu  = 0.249
   median |eta| = 1.764
  rho=0.09276 (16/20)
    fp=0.1389 tp=0.6071  [69.2s]
   median nu  = 0.281
   median |eta| = 1.774
  rho=0.08217 (17/20)
    fp=0.1550 tp=0.6964  [71.3s]
   median nu  = 0.3
   median |eta| = 1.784
  rho=0.07279 (18/20)
    fp=0.1747 tp=0.7411  [71.1s]
   median nu  = 0.329
   median |eta| = 1.783
  rho=0.06448 (19/20)
    fp=0.1928 tp=0.7679  [73.7s]
   median nu  = 0.351
   median |eta| = 1.702
  rho=0.05712 (20/20)
    fp=0.2075 tp=0.8304  [71.0s]
   median nu  = 0.344
   median |eta| = 1.738
  rho=0.05060 (21/21)  [extra 1/50]
    fp=0.2210 tp=0.8482  [70.7s]
   median nu  = 0.336
   median |eta| = 1.857
  rho=0.04483 (22/22)  [extra 2/50]
    fp=0.2391 tp=0.8839  [71.3s]
   median nu  = 0.334
   median |eta| = 2.08
  rho=0.03971 (23/23)  [extra 3/50]
    fp=0.2623 tp=0.9018  [70.0s]
   median nu  = 0.37
   median |eta| = 2.103
  rho=0.03518 (24/24)  [extra 4/50]
    fp=0.2695 tp=0.9018  [71.8s]
   median nu  = 0.343
   median |eta| = 2.566
  rho=0.03116 (25/25)  [extra 5/50]
    fp=0.2857 tp=0.9107  [68.4s]
   median nu  = 0.357
   median |eta| = 2.58
  rho=0.02761 (26/26)  [extra 6/50]
    fp=0.2898 tp=0.9107  [68.8s]
   median nu  = 0.33
   median |eta| = 3.066
  rho=0.02446 (27/27)  [extra 7/50]
    fp=0.3022 tp=0.9107  [68.9s]
   median nu  = 0.336
   median |eta| = 2.629
  FPR 0.3022 >= fp_end=0.3; stopping after 27 fits
  grid extended by 7 points down to rho=0.02446, ending at FPR 0.3022
  pilot fit of run_em_exact at rho=0.30349
  -> rho_max = max|S_ij| (off-diag) = 0.57301
  rho grid: [0.57301023 0.50761073 0.44967549 0.39835258 0.35288732 0.31261116
 0.27693185 0.24532472 0.21732503 0.19252102 0.17054798 0.15108279
 0.13383923 0.11856373 0.10503167 0.09304407 0.08242465 0.07301726
 0.06468357 0.05730102]
Running run_em_exact over 20 rho values, extending until FPR >= 0.3...
  rho=0.57301 (1/20)
    fp=0.0000 tp=0.0089  [56.2s]
   median nu  = 0.041
   median |eta| = 3.965
  rho=0.50761 (2/20)
    fp=0.0000 tp=0.0179  [62.7s]
   median nu  = 0.044
   median |eta| = 3.707
  rho=0.44968 (3/20)
    fp=0.0002 tp=0.0357  [64.4s]
   median nu  = 0.048
   median |eta| = 3.759
  rho=0.39835 (4/20)
    fp=0.0006 tp=0.0536  [66.2s]
   median nu  = 0.053
   median |eta| = 3.432
  rho=0.35289 (5/20)
    fp=0.0017 tp=0.0714  [71.0s]
   median nu  = 0.059
   median |eta| = 3.237
  rho=0.31261 (6/20)
    fp=0.0033 tp=0.1071  [75.7s]
   median nu  = 0.066
   median |eta| = 2.922
  rho=0.27693 (7/20)
    fp=0.0068 tp=0.1339  [66.5s]
   median nu  = 0.075
   median |eta| = 2.693
  rho=0.24532 (8/20)
    fp=0.0130 tp=0.1696  [62.9s]
   median nu  = 0.087
   median |eta| = 2.488
  rho=0.21733 (9/20)
    fp=0.0213 tp=0.2054  [64.9s]
   median nu  = 0.102
   median |eta| = 2.106
  rho=0.19252 (10/20)
    fp=0.0347 tp=0.2589  [63.0s]
   median nu  = 0.128
   median |eta| = 1.819
  rho=0.17055 (11/20)
    fp=0.0504 tp=0.3482  [60.9s]
   median nu  = 0.161
   median |eta| = 1.36
  rho=0.15108 (12/20)
    fp=0.0676 tp=0.4286  [61.7s]
   median nu  = 0.206
   median |eta| = 1.021
  rho=0.13384 (13/20)
    fp=0.0912 tp=0.4732  [58.4s]
   median nu  = 0.258
   median |eta| = 0.798
  rho=0.11856 (14/20)
    fp=0.1141 tp=0.5268  [55.4s]
   median nu  = 0.32
   median |eta| = 0.64
  rho=0.10503 (15/20)
    fp=0.1356 tp=0.5893  [70.3s]
   median nu  = 0.382
   median |eta| = 0.441
  rho=0.09304 (16/20)
    fp=0.1565 tp=0.6250  [93.0s]
   median nu  = 0.44
   median |eta| = 0.319
  rho=0.08242 (17/20)
    fp=0.1821 tp=0.6875  [89.1s]
   median nu  = 0.509
   median |eta| = 0.233
  rho=0.07302 (18/20)
    fp=0.2061 tp=0.7232  [75.6s]
   median nu  = 0.596
   median |eta| = 0.182
  rho=0.06468 (19/20)
    fp=0.2278 tp=0.7679  [77.2s]
   median nu  = 0.689
   median |eta| = 0.133
  rho=0.05730 (20/20)
    fp=0.2435 tp=0.8036  [81.0s]
   median nu  = 0.801
   median |eta| = 0.094
  rho=0.05076 (21/21)  [extra 1/50]
    fp=0.2623 tp=0.8482  [82.0s]
   median nu  = 0.906
   median |eta| = 0.065
  rho=0.04497 (22/22)  [extra 2/50]
    fp=0.2801 tp=0.8750  [69.5s]
   median nu  = 1.022
   median |eta| = 0.043
  rho=0.03984 (23/23)  [extra 3/50]
    fp=0.2939 tp=0.8750  [79.8s]
   median nu  = 1.149
   median |eta| = 0.031
  rho=0.03529 (24/24)  [extra 4/50]
    fp=0.3084 tp=0.8839  [91.7s]
   median nu  = 1.266
   median |eta| = 0.024
  FPR 0.3084 >= fp_end=0.3; stopping after 24 fits
  grid extended by 4 points down to rho=0.03529, ending at FPR 0.3084
  graphical_lasso rho_max = max|S_ij| (off-diag) = 0.59760
  rho grid: [0.59760132 0.52939516 0.46897359 0.41544813 0.3680317  0.32602706
 0.28881655 0.25585299 0.22665167 0.20078318 0.17786715 0.15756661
 0.13958302 0.12365196 0.10953917 0.09703711 0.08596196 0.07615084
 0.0674595  0.05976013]
Running graphical_lasso over 20 rho values, extending until FPR >= 0.3...
  rho=0.59760 (1/20)
    fp=0.0000 tp=0.0000  [0.1s]
  rho=0.52940 (2/20)
    fp=0.0002 tp=0.0179  [0.1s]
  rho=0.46897 (3/20)
    fp=0.0002 tp=0.0357  [131.7s]
  rho=0.41545 (4/20)
    fp=0.0008 tp=0.0625  [130.5s]
  rho=0.36803 (5/20)
    fp=0.0029 tp=0.0893  [134.1s]
  rho=0.32603 (6/20)
    fp=0.0074 tp=0.1429  [142.0s]
  rho=0.28882 (7/20)
    fp=0.0122 tp=0.1875  [120.6s]
  rho=0.25585 (8/20)
    fp=0.0263 tp=0.1964  [92.7s]
  rho=0.22665 (9/20)
    fp=0.0486 tp=0.2768  [99.2s]
  rho=0.20078 (10/20)
    fp=0.0717 tp=0.3125  [0.1s]
  rho=0.17787 (11/20)
    fp=0.1023 tp=0.3929  [0.4s]
  rho=0.15757 (12/20)
    fp=0.1387 tp=0.4643  [0.2s]
  rho=0.13958 (13/20)
    fp=0.1761 tp=0.5000  [0.2s]
  rho=0.12365 (14/20)
    fp=0.2075 tp=0.5446  [106.3s]
  rho=0.10954 (15/20)
    fp=0.2402 tp=0.6161  [1.0s]
  rho=0.09704 (16/20)
    fp=0.2755 tp=0.6339  [0.2s]
  rho=0.08596 (17/20)
    fp=0.3092 tp=0.6518  [2.3s]
  FPR 0.3092 >= fp_end=0.3; stopping after 17 fits
  [note] 8/17 fits hit a glasso ConvergenceWarning (suppressed)
  grid stopped 3 points early at rho=0.08596, ending at FPR 0.3092

(p=100, n=50) over 21 replicates
  t+lasso  (run_em_diagonal):    AUC = 0.199 (SE 0.003)
  ~t+lasso (run_em_exact):       AUC = 0.191 (SE 0.004)
  tlasso   (run_tlasso):         AUC = 0.163 (SE 0.004)
  t*lasso  (run_tstar_varlasso): AUC = 0.194 (SE 0.004)
  glasso   (graphical_lasso):    AUC = 0.162 (SE 0.004)
Replicate 22/50
  Theta: 100/4950 edges
  pilot fit of run_tlasso at rho=30.34854
  -> rho_max = max|S_ij| (off-diag) = 15.48663
  [warn] pilot rho 30.34854 > rho_max 15.48663: it falls off the top of this method's grid
  rho grid: [15.4866297  13.71909095 12.15328707 10.76619341  9.5374132   8.44887762
  7.4845801   6.63034095  5.87359886  5.20322617  4.60936526  4.08328361
  3.61724535  3.20439753  2.83866935  2.51468291  2.22767408  1.97342248
  1.74818944  1.54866297]
Running run_tlasso over 20 rho values, extending until FPR >= 0.3...
  rho=15.48663 (1/20)
    fp=0.0000 tp=0.0000  [0.7s]
   nu  = 3.0000
  rho=13.71909 (2/20)
    fp=0.0000 tp=0.0000  [0.5s]
   nu  = 3.0000
  rho=12.15329 (3/20)
    fp=0.0000 tp=0.0000  [0.6s]
   nu  = 3.0000
  rho=10.76619 (4/20)
    fp=0.0000 tp=0.0100  [1.0s]
   nu  = 3.0000
  rho=9.53741 (5/20)
    fp=0.0000 tp=0.0100  [1.0s]
   nu  = 3.0000
  rho=8.44888 (6/20)
    fp=0.0002 tp=0.0100  [1.0s]
   nu  = 3.0000
  rho=7.48458 (7/20)
    fp=0.0004 tp=0.0100  [1.1s]
   nu  = 3.0000
  rho=6.63034 (8/20)
    fp=0.0012 tp=0.0100  [1.0s]
   nu  = 3.0000
  rho=5.87360 (9/20)
    fp=0.0025 tp=0.0300  [1.3s]
   nu  = 3.0000
  rho=5.20323 (10/20)
    fp=0.0035 tp=0.0400  [1.1s]
   nu  = 3.0000
  rho=4.60937 (11/20)
    fp=0.0054 tp=0.0500  [1.4s]
   nu  = 3.0000
  rho=4.08328 (12/20)
    fp=0.0074 tp=0.0600  [1.4s]
   nu  = 3.0000
  rho=3.61725 (13/20)
    fp=0.0118 tp=0.1100  [1.6s]
   nu  = 3.0000
  rho=3.20440 (14/20)
    fp=0.0157 tp=0.1300  [1.8s]
   nu  = 3.0000
  rho=2.83867 (15/20)
    fp=0.0239 tp=0.1800  [1.9s]
   nu  = 3.0000
  rho=2.51468 (16/20)
    fp=0.0363 tp=0.2500  [2.0s]
   nu  = 3.0000
  rho=2.22767 (17/20)
    fp=0.0561 tp=0.2900  [1.4s]
   nu  = 3.0000
  rho=1.97342 (18/20)
    fp=0.0864 tp=0.4100  [3.1s]
   nu  = 3.0000
  rho=1.74819 (19/20)
    fp=0.1266 tp=0.5400  [4.9s]
   nu  = 3.0000
  rho=1.54866 (20/20)
    fp=0.1736 tp=0.6200  [4.4s]
   nu  = 3.0000
  rho=1.37191 (21/21)  [extra 1/50]
    fp=0.2239 tp=0.6700  [5.2s]
   nu  = 3.0000
  rho=1.21533 (22/22)  [extra 2/50]
    fp=0.2746 tp=0.7200  [5.1s]
   nu  = 3.0000
  rho=1.07662 (23/23)  [extra 3/50]
    fp=0.3235 tp=0.7300  [4.6s]
   nu  = 3.0000
  FPR 0.3235 >= fp_end=0.3; stopping after 23 fits
  grid extended by 3 points down to rho=1.07662, ending at FPR 0.3235
  pilot fit of run_tstar_varlasso at rho=0.30349
  -> rho_max = max|S_ij| (off-diag) = 0.47708
  rho grid: [0.47708242 0.42263147 0.37439519 0.33166426 0.29381036 0.26027684
 0.23057061 0.20425484 0.18094258 0.16029102 0.1419965  0.12578998
 0.11143317 0.09871494 0.08744829 0.07746753 0.06862592 0.06079342
 0.05385487 0.04770824]
Running run_tstar_varlasso over 20 rho values, extending until FPR >= 0.3...
  rho=0.47708 (1/20)
    fp=0.0000 tp=0.0100  [1.0s]
   nu  = 3.0000
  rho=0.42263 (2/20)
    fp=0.0000 tp=0.0100  [0.8s]
   nu  = 3.0000
  rho=0.37440 (3/20)
    fp=0.0002 tp=0.0100  [0.8s]
   nu  = 3.0000
  rho=0.33166 (4/20)
    fp=0.0010 tp=0.0300  [0.9s]
   nu  = 3.0000
  rho=0.29381 (5/20)
    fp=0.0023 tp=0.0300  [0.9s]
   nu  = 3.0000
  rho=0.26028 (6/20)
    fp=0.0033 tp=0.0400  [1.1s]
   nu  = 3.0000
  rho=0.23057 (7/20)
    fp=0.0047 tp=0.0800  [1.1s]
   nu  = 3.0000
  rho=0.20425 (8/20)
    fp=0.0087 tp=0.1200  [1.0s]
   nu  = 3.0000
  rho=0.18094 (9/20)
    fp=0.0136 tp=0.1900  [1.0s]
   nu  = 3.0000
  rho=0.16029 (10/20)
    fp=0.0204 tp=0.2800  [1.0s]
   nu  = 3.0000
  rho=0.14200 (11/20)
    fp=0.0293 tp=0.3200  [1.0s]
   nu  = 3.0000
  rho=0.12579 (12/20)
    fp=0.0431 tp=0.4000  [1.0s]
   nu  = 3.0000
  rho=0.11143 (13/20)
    fp=0.0596 tp=0.4800  [1.1s]
   nu  = 3.0000
  rho=0.09871 (14/20)
    fp=0.0827 tp=0.5700  [1.0s]
   nu  = 3.0000
  rho=0.08745 (15/20)
    fp=0.1101 tp=0.6300  [1.2s]
   nu  = 3.0000
  rho=0.07747 (16/20)
    fp=0.1336 tp=0.6800  [1.2s]
   nu  = 3.0000
  rho=0.06863 (17/20)
    fp=0.1629 tp=0.7300  [1.8s]
   nu  = 3.0000
  rho=0.06079 (18/20)
    fp=0.1893 tp=0.7600  [1.8s]
   nu  = 3.0000
  rho=0.05385 (19/20)
    fp=0.2151 tp=0.7700  [1.9s]
   nu  = 3.0000
  rho=0.04771 (20/20)
    fp=0.2437 tp=0.8000  [1.9s]
   nu  = 3.0000
  rho=0.04226 (21/21)  [extra 1/50]
    fp=0.2742 tp=0.8100  [2.1s]
   nu  = 3.0000
  rho=0.03744 (22/22)  [extra 2/50]
    fp=0.3035 tp=0.8400  [2.1s]
   nu  = 3.0000
  FPR 0.3035 >= fp_end=0.3; stopping after 22 fits
  grid extended by 2 points down to rho=0.03744, ending at FPR 0.3035
  pilot fit of run_em_diagonal at rho=0.30349
  -> rho_max = max|S_ij| (off-diag) = 0.65114
  rho grid: [0.65114306 0.57682601 0.51099101 0.45266996 0.40100529 0.35523727
 0.3146929  0.27877599 0.24695839 0.21877224 0.19380306 0.17168369
 0.15208888 0.13473049 0.11935327 0.1057311  0.09366367 0.08297353
 0.0735035  0.06511431]
Running run_em_diagonal over 20 rho values, extending until FPR >= 0.3...
  rho=0.65114 (1/20)
    fp=0.0000 tp=0.0100  [61.1s]
   median nu  = 0.04
   median |eta| = 4.451
  rho=0.57683 (2/20)
    fp=0.0000 tp=0.0100  [63.5s]
   median nu  = 0.043
   median |eta| = 4.316
  rho=0.51099 (3/20)
    fp=0.0002 tp=0.0100  [62.6s]
   median nu  = 0.047
   median |eta| = 4.112
  rho=0.45267 (4/20)
    fp=0.0010 tp=0.0200  [66.9s]
   median nu  = 0.051
   median |eta| = 3.749
  rho=0.40101 (5/20)
    fp=0.0023 tp=0.0300  [62.3s]
   median nu  = 0.058
   median |eta| = 3.476
  rho=0.35524 (6/20)
    fp=0.0041 tp=0.0500  [62.6s]
   median nu  = 0.066
   median |eta| = 3.044
  rho=0.31469 (7/20)
    fp=0.0066 tp=0.0700  [56.6s]
   median nu  = 0.077
   median |eta| = 2.86
  rho=0.27878 (8/20)
    fp=0.0095 tp=0.1200  [50.3s]
   median nu  = 0.089
   median |eta| = 2.595
  rho=0.24696 (9/20)
    fp=0.0144 tp=0.1800  [60.4s]
   median nu  = 0.104
   median |eta| = 2.563
  rho=0.21877 (10/20)
    fp=0.0223 tp=0.1900  [62.0s]
   median nu  = 0.122
   median |eta| = 2.443
  rho=0.19380 (11/20)
    fp=0.0344 tp=0.2800  [59.6s]
   median nu  = 0.14
   median |eta| = 2.188
  rho=0.17168 (12/20)
    fp=0.0456 tp=0.3400  [60.9s]
   median nu  = 0.156
   median |eta| = 2.104
  rho=0.15209 (13/20)
    fp=0.0598 tp=0.4200  [60.4s]
   median nu  = 0.18
   median |eta| = 1.816
  rho=0.13473 (14/20)
    fp=0.0753 tp=0.5200  [61.6s]
   median nu  = 0.205
   median |eta| = 1.831
  rho=0.11935 (15/20)
    fp=0.0951 tp=0.5800  [59.8s]
   median nu  = 0.233
   median |eta| = 1.687
  rho=0.10573 (16/20)
    fp=0.1132 tp=0.6100  [60.3s]
   median nu  = 0.261
   median |eta| = 1.46
  rho=0.09366 (17/20)
    fp=0.1324 tp=0.6400  [70.8s]
   median nu  = 0.298
   median |eta| = 1.362
  rho=0.08297 (18/20)
    fp=0.1468 tp=0.6900  [68.4s]
   median nu  = 0.312
   median |eta| = 1.275
  rho=0.07350 (19/20)
    fp=0.1664 tp=0.7700  [63.6s]
   median nu  = 0.334
   median |eta| = 1.106
  rho=0.06511 (20/20)
    fp=0.1843 tp=0.8200  [60.5s]
   median nu  = 0.35
   median |eta| = 1.044
  rho=0.05768 (21/21)  [extra 1/50]
    fp=0.2010 tp=0.8300  [64.2s]
   median nu  = 0.401
   median |eta| = 1.013
  rho=0.05110 (22/22)  [extra 2/50]
    fp=0.2148 tp=0.8400  [64.3s]
   median nu  = 0.52
   median |eta| = 0.704
  rho=0.04527 (23/23)  [extra 3/50]
    fp=0.2293 tp=0.8700  [70.6s]
   median nu  = 0.54
   median |eta| = 0.602
  rho=0.04010 (24/24)  [extra 4/50]
    fp=0.2443 tp=0.8600  [62.6s]
   median nu  = 0.678
   median |eta| = 0.421
  rho=0.03552 (25/25)  [extra 5/50]
    fp=0.2563 tp=0.8900  [68.4s]
   median nu  = 0.7
   median |eta| = 0.36
  rho=0.03147 (26/26)  [extra 6/50]
    fp=0.2699 tp=0.9100  [62.3s]
   median nu  = 0.791
   median |eta| = 0.288
  rho=0.02788 (27/27)  [extra 7/50]
    fp=0.2804 tp=0.9000  [69.1s]
   median nu  = 0.859
   median |eta| = 0.22
  rho=0.02470 (28/28)  [extra 8/50]
    fp=0.2907 tp=0.9200  [57.9s]
   median nu  = 0.953
   median |eta| = 0.197
  rho=0.02188 (29/29)  [extra 9/50]
    fp=0.2998 tp=0.9100  [65.7s]
   median nu  = 1.031
   median |eta| = 0.165
  rho=0.01938 (30/30)  [extra 10/50]
    fp=0.3157 tp=0.9200  [64.2s]
   median nu  = 1.182
   median |eta| = 0.073
  FPR 0.3157 >= fp_end=0.3; stopping after 30 fits
  grid extended by 10 points down to rho=0.01938, ending at FPR 0.3157
  pilot fit of run_em_exact at rho=0.30349
  -> rho_max = max|S_ij| (off-diag) = 0.65365
  rho grid: [0.65364514 0.57904252 0.51295454 0.45440939 0.40254619 0.3566023
 0.31590214 0.27984721 0.24790735 0.21961289 0.19454777 0.1723434
 0.1526733  0.1352482  0.11981189 0.10613738 0.09402358 0.08329237
 0.07378594 0.06536451]
Running run_em_exact over 20 rho values, extending until FPR >= 0.3...
  rho=0.65365 (1/20)
    fp=0.0000 tp=0.0100  [70.9s]
   median nu  = 0.04
   median |eta| = 4.448
  rho=0.57904 (2/20)
    fp=0.0000 tp=0.0100  [74.3s]
   median nu  = 0.043
   median |eta| = 4.327
  rho=0.51295 (3/20)
    fp=0.0002 tp=0.0100  [66.5s]
   median nu  = 0.047
   median |eta| = 4.129
  rho=0.45441 (4/20)
    fp=0.0006 tp=0.0200  [63.1s]
   median nu  = 0.051
   median |eta| = 3.762
  rho=0.40255 (5/20)
    fp=0.0023 tp=0.0300  [64.5s]
   median nu  = 0.058
   median |eta| = 3.47
  rho=0.35660 (6/20)
    fp=0.0041 tp=0.0500  [62.8s]
   median nu  = 0.066
   median |eta| = 3.018
  rho=0.31590 (7/20)
    fp=0.0064 tp=0.0700  [61.7s]
   median nu  = 0.077
   median |eta| = 2.587
  rho=0.27985 (8/20)
    fp=0.0097 tp=0.1200  [62.9s]
   median nu  = 0.091
   median |eta| = 2.259
  rho=0.24791 (9/20)
    fp=0.0144 tp=0.1800  [58.1s]
   median nu  = 0.109
   median |eta| = 2.204
  rho=0.21961 (10/20)
    fp=0.0227 tp=0.1900  [55.5s]
   median nu  = 0.129
   median |eta| = 1.914
  rho=0.19455 (11/20)
    fp=0.0371 tp=0.2800  [75.7s]
   median nu  = 0.152
   median |eta| = 1.559
  rho=0.17234 (12/20)
    fp=0.0495 tp=0.3400  [80.2s]
   median nu  = 0.185
   median |eta| = 1.226
  rho=0.15267 (13/20)
    fp=0.0647 tp=0.4400  [79.7s]
   median nu  = 0.241
   median |eta| = 0.983
  rho=0.13525 (14/20)
    fp=0.0839 tp=0.5300  [63.7s]
   median nu  = 0.301
   median |eta| = 0.773
  rho=0.11981 (15/20)
    fp=0.1056 tp=0.5900  [62.5s]
   median nu  = 0.352
   median |eta| = 0.525
  rho=0.10614 (16/20)
    fp=0.1285 tp=0.6100  [80.4s]
   median nu  = 0.41
   median |eta| = 0.381
  rho=0.09402 (17/20)
    fp=0.1546 tp=0.6700  [80.2s]
   median nu  = 0.478
   median |eta| = 0.281
  rho=0.08329 (18/20)
    fp=0.1784 tp=0.7300  [82.6s]
   median nu  = 0.56
   median |eta| = 0.216
  rho=0.07379 (19/20)
    fp=0.2000 tp=0.7800  [81.7s]
   median nu  = 0.64
   median |eta| = 0.152
  rho=0.06536 (20/20)
    fp=0.2221 tp=0.8100  [80.5s]
   median nu  = 0.727
   median |eta| = 0.113
  rho=0.05790 (21/21)  [extra 1/50]
    fp=0.2375 tp=0.8300  [81.9s]
   median nu  = 0.814
   median |eta| = 0.087
  rho=0.05130 (22/22)  [extra 2/50]
    fp=0.2594 tp=0.8500  [83.3s]
   median nu  = 0.908
   median |eta| = 0.065
  rho=0.04544 (23/23)  [extra 3/50]
    fp=0.2763 tp=0.8600  [81.1s]
   median nu  = 0.991
   median |eta| = 0.05
  rho=0.04025 (24/24)  [extra 4/50]
    fp=0.2948 tp=0.8600  [81.6s]
   median nu  = 1.105
   median |eta| = 0.039
  rho=0.03566 (25/25)  [extra 5/50]
    fp=0.3093 tp=0.8700  [81.9s]
   median nu  = 1.223
   median |eta| = 0.029
  FPR 0.3093 >= fp_end=0.3; stopping after 25 fits
  grid extended by 5 points down to rho=0.03566, ending at FPR 0.3093
  graphical_lasso rho_max = max|S_ij| (off-diag) = 0.70269
  rho grid: [0.70268894 0.6224888  0.55144215 0.48850429 0.43274973 0.38335861
 0.33960466 0.30084449 0.26650814 0.23609071 0.20914492 0.18527454
 0.16412856 0.14539604 0.12880153 0.114101   0.10107828 0.08954189
 0.07932219 0.07026889]
Running graphical_lasso over 20 rho values, extending until FPR >= 0.3...
  rho=0.70269 (1/20)
    fp=0.0002 tp=0.0000  [0.1s]
  rho=0.62249 (2/20)
    fp=0.0000 tp=0.0100  [0.1s]
  rho=0.55144 (3/20)
    fp=0.0004 tp=0.0100  [136.7s]
  rho=0.48850 (4/20)
    fp=0.0008 tp=0.0200  [0.2s]
  rho=0.43275 (5/20)
    fp=0.0025 tp=0.0400  [129.2s]
  rho=0.38336 (6/20)
    fp=0.0043 tp=0.0400  [92.7s]
  rho=0.33960 (7/20)
    fp=0.0080 tp=0.0800  [99.1s]
  rho=0.30084 (8/20)
    fp=0.0157 tp=0.1300  [103.6s]
  rho=0.26651 (9/20)
    fp=0.0247 tp=0.2100  [103.7s]
  rho=0.23609 (10/20)
    fp=0.0402 tp=0.2500  [98.2s]
  rho=0.20914 (11/20)
    fp=0.0647 tp=0.3100  [0.1s]
  rho=0.18527 (12/20)
    fp=0.0934 tp=0.4300  [0.5s]
  rho=0.16413 (13/20)
    fp=0.1216 tp=0.4900  [0.1s]
  rho=0.14540 (14/20)
    fp=0.1544 tp=0.5800  [0.2s]
  rho=0.12880 (15/20)
    fp=0.1889 tp=0.6300  [0.2s]
  rho=0.11410 (16/20)
    fp=0.2338 tp=0.6900  [0.3s]
  rho=0.10108 (17/20)
    fp=0.2672 tp=0.7200  [1.1s]
  rho=0.08954 (18/20)
    fp=0.3008 tp=0.7300  [0.3s]
  FPR 0.3008 >= fp_end=0.3; stopping after 18 fits
  [note] 7/18 fits hit a glasso ConvergenceWarning (suppressed)
  grid stopped 2 points early at rho=0.08954, ending at FPR 0.3008

(p=100, n=50) over 22 replicates
  t+lasso  (run_em_diagonal):    AUC = 0.199 (SE 0.003)
  ~t+lasso (run_em_exact):       AUC = 0.191 (SE 0.004)
  tlasso   (run_tlasso):         AUC = 0.162 (SE 0.004)
  t*lasso  (run_tstar_varlasso): AUC = 0.194 (SE 0.004)
  glasso   (graphical_lasso):    AUC = 0.161 (SE 0.004)
Replicate 23/50
  Theta: 89/4950 edges
  pilot fit of run_tlasso at rho=30.34854
  -> rho_max = max|S_ij| (off-diag) = 14.61206
  [warn] pilot rho 30.34854 > rho_max 14.61206: it falls off the top of this method's grid
  rho grid: [14.61206176 12.94434026 11.46696116 10.15820008  8.9988121   7.97174879
  7.06190752  6.25590934  5.54190233  4.90938723  4.34906311  3.85269058
  3.41297064  3.02343734  2.67836274  2.3726726   2.10187186  1.86197848
  1.6494649   1.46120618]
Running run_tlasso over 20 rho values, extending until FPR >= 0.3...
  rho=14.61206 (1/20)
    fp=0.0000 tp=0.0000  [0.8s]
   nu  = 3.0000
  rho=12.94434 (2/20)
    fp=0.0000 tp=0.0000  [0.6s]
   nu  = 3.0000
  rho=11.46696 (3/20)
    fp=0.0000 tp=0.0000  [0.6s]
   nu  = 3.0000
  rho=10.15820 (4/20)
    fp=0.0000 tp=0.0112  [1.1s]
   nu  = 3.0000
  rho=8.99881 (5/20)
    fp=0.0000 tp=0.0112  [1.1s]
   nu  = 3.0000
  rho=7.97175 (6/20)
    fp=0.0002 tp=0.0112  [1.1s]
   nu  = 3.0000
  rho=7.06191 (7/20)
    fp=0.0004 tp=0.0225  [1.2s]
   nu  = 3.0000
  rho=6.25591 (8/20)
    fp=0.0006 tp=0.0449  [1.2s]
   nu  = 3.0000
  rho=5.54190 (9/20)
    fp=0.0012 tp=0.0562  [1.2s]
   nu  = 3.0000
  rho=4.90939 (10/20)
    fp=0.0021 tp=0.0899  [1.2s]
   nu  = 3.0000
  rho=4.34906 (11/20)
    fp=0.0035 tp=0.1124  [1.3s]
   nu  = 3.0000
  rho=3.85269 (12/20)
    fp=0.0062 tp=0.1573  [1.5s]
   nu  = 3.0000
  rho=3.41297 (13/20)
    fp=0.0134 tp=0.1910  [1.7s]
   nu  = 3.0000
  rho=3.02344 (14/20)
    fp=0.0239 tp=0.2360  [1.8s]
   nu  = 3.0000
  rho=2.67836 (15/20)
    fp=0.0372 tp=0.3371  [2.0s]
   nu  = 3.0000
  rho=2.37267 (16/20)
    fp=0.0607 tp=0.4494  [2.1s]
   nu  = 3.0000
  rho=2.10187 (17/20)
    fp=0.0940 tp=0.5730  [4.4s]
   nu  = 3.0000
  rho=1.86198 (18/20)
    fp=0.1389 tp=0.6742  [3.9s]
   nu  = 3.0000
  rho=1.64946 (19/20)
    fp=0.1872 tp=0.7191  [4.7s]
   nu  = 3.0000
  rho=1.46121 (20/20)
    fp=0.2331 tp=0.7191  [4.0s]
   nu  = 3.0000
  rho=1.29443 (21/21)  [extra 1/50]
    fp=0.2750 tp=0.7753  [3.8s]
   nu  = 3.0000
  rho=1.14670 (22/22)  [extra 2/50]
    fp=0.3168 tp=0.7978  [3.6s]
   nu  = 3.0000
  FPR 0.3168 >= fp_end=0.3; stopping after 22 fits
  grid extended by 2 points down to rho=1.14670, ending at FPR 0.3168
  pilot fit of run_tstar_varlasso at rho=0.30349
  -> rho_max = max|S_ij| (off-diag) = 0.45507
  rho grid: [0.45507047 0.40313181 0.35712109 0.31636171 0.28025433 0.24826801
 0.21993238 0.19483079 0.17259413 0.15289541 0.13544496 0.1199862
 0.10629179 0.09416036 0.08341354 0.07389328 0.06545961 0.05798849
 0.05137008 0.04550705]
Running run_tstar_varlasso over 20 rho values, extending until FPR >= 0.3...
  rho=0.45507 (1/20)
    fp=0.0000 tp=0.0112  [0.9s]
   nu  = 3.0000
  rho=0.40313 (2/20)
    fp=0.0000 tp=0.0112  [0.8s]
   nu  = 3.0000
  rho=0.35712 (3/20)
    fp=0.0000 tp=0.0225  [0.8s]
   nu  = 3.0000
  rho=0.31636 (4/20)
    fp=0.0006 tp=0.0449  [0.8s]
   nu  = 3.0000
  rho=0.28025 (5/20)
    fp=0.0010 tp=0.0787  [0.9s]
   nu  = 3.0000
  rho=0.24827 (6/20)
    fp=0.0016 tp=0.1348  [0.9s]
   nu  = 3.0000
  rho=0.21993 (7/20)
    fp=0.0039 tp=0.1910  [0.9s]
   nu  = 3.0000
  rho=0.19483 (8/20)
    fp=0.0109 tp=0.2360  [1.0s]
   nu  = 3.0000
  rho=0.17259 (9/20)
    fp=0.0195 tp=0.3034  [0.9s]
   nu  = 3.0000
  rho=0.15290 (10/20)
    fp=0.0323 tp=0.3596  [1.4s]
   nu  = 3.0000
  rho=0.13544 (11/20)
    fp=0.0485 tp=0.4382  [1.5s]
   nu  = 3.0000
  rho=0.11999 (12/20)
    fp=0.0656 tp=0.5393  [1.4s]
   nu  = 3.0000
  rho=0.10629 (13/20)
    fp=0.0883 tp=0.6292  [1.3s]
   nu  = 3.0000
  rho=0.09416 (14/20)
    fp=0.1142 tp=0.7079  [1.6s]
   nu  = 3.0000
  rho=0.08341 (15/20)
    fp=0.1360 tp=0.7528  [1.5s]
   nu  = 3.0000
  rho=0.07389 (16/20)
    fp=0.1656 tp=0.7865  [1.1s]
   nu  = 3.0000
  rho=0.06546 (17/20)
    fp=0.1899 tp=0.7978  [1.6s]
   nu  = 3.0000
  rho=0.05799 (18/20)
    fp=0.2135 tp=0.7978  [1.6s]
   nu  = 3.0000
  rho=0.05137 (19/20)
    fp=0.2390 tp=0.7978  [1.6s]
   nu  = 3.0000
  rho=0.04551 (20/20)
    fp=0.2654 tp=0.8090  [1.7s]
   nu  = 3.0000
  rho=0.04031 (21/21)  [extra 1/50]
    fp=0.2886 tp=0.8202  [1.6s]
   nu  = 3.0000
  rho=0.03571 (22/22)  [extra 2/50]
    fp=0.3125 tp=0.8202  [1.8s]
   nu  = 3.0000
  FPR 0.3125 >= fp_end=0.3; stopping after 22 fits
  grid extended by 2 points down to rho=0.03571, ending at FPR 0.3125
  pilot fit of run_em_diagonal at rho=0.30349
  -> rho_max = max|S_ij| (off-diag) = 0.60581
  rho grid: [0.60581118 0.53666801 0.47541637 0.42115557 0.37308773 0.33050603
 0.29278432 0.25936791 0.22976541 0.20354155 0.1803107  0.15973126
 0.14150062 0.1253507  0.11104402 0.09837021 0.0871429  0.077197
 0.06838626 0.06058112]
Running run_em_diagonal over 20 rho values, extending until FPR >= 0.3...
  rho=0.60581 (1/20)
    fp=0.0000 tp=0.0112  [63.0s]
   median nu  = 0.042
   median |eta| = 4.709
  rho=0.53667 (2/20)
    fp=0.0002 tp=0.0112  [67.4s]
   median nu  = 0.046
   median |eta| = 4.599
  rho=0.47542 (3/20)
    fp=0.0006 tp=0.0337  [62.5s]
   median nu  = 0.05
   median |eta| = 4.276
  rho=0.42116 (4/20)
    fp=0.0010 tp=0.0562  [62.7s]
   median nu  = 0.056
   median |eta| = 3.993
  rho=0.37309 (5/20)
    fp=0.0016 tp=0.0674  [61.5s]
   median nu  = 0.063
   median |eta| = 3.955
  rho=0.33051 (6/20)
    fp=0.0041 tp=0.1348  [51.2s]
   median nu  = 0.072
   median |eta| = 3.881
  rho=0.29278 (7/20)
    fp=0.0088 tp=0.1910  [56.5s]
   median nu  = 0.083
   median |eta| = 3.718
  rho=0.25937 (8/20)
    fp=0.0179 tp=0.2247  [62.8s]
   median nu  = 0.098
   median |eta| = 3.276
  rho=0.22977 (9/20)
    fp=0.0284 tp=0.3483  [58.9s]
   median nu  = 0.116
   median |eta| = 3.071
  rho=0.20354 (10/20)
    fp=0.0430 tp=0.4045  [60.6s]
   median nu  = 0.139
   median |eta| = 2.562
  rho=0.18031 (11/20)
    fp=0.0555 tp=0.4944  [62.3s]
   median nu  = 0.163
   median |eta| = 2.426
  rho=0.15973 (12/20)
    fp=0.0736 tp=0.5730  [59.7s]
   median nu  = 0.188
   median |eta| = 2.393
  rho=0.14150 (13/20)
    fp=0.0907 tp=0.5955  [62.4s]
   median nu  = 0.212
   median |eta| = 2.211
  rho=0.12535 (14/20)
    fp=0.1082 tp=0.6517  [60.1s]
   median nu  = 0.236
   median |eta| = 2.163
  rho=0.11104 (15/20)
    fp=0.1269 tp=0.7079  [60.5s]
   median nu  = 0.254
   median |eta| = 2.125
  rho=0.09837 (16/20)
    fp=0.1448 tp=0.7528  [62.5s]
   median nu  = 0.285
   median |eta| = 1.818
  rho=0.08714 (17/20)
    fp=0.1621 tp=0.7753  [63.8s]
   median nu  = 0.292
   median |eta| = 1.634
  rho=0.07720 (18/20)
    fp=0.1782 tp=0.7865  [70.7s]
   median nu  = 0.294
   median |eta| = 1.481
  rho=0.06839 (19/20)
    fp=0.1926 tp=0.8090  [71.5s]
   median nu  = 0.32
   median |eta| = 1.469
  rho=0.06058 (20/20)
    fp=0.2053 tp=0.8315  [70.1s]
   median nu  = 0.365
   median |eta| = 1.091
  rho=0.05367 (21/21)  [extra 1/50]
    fp=0.2209 tp=0.8315  [71.4s]
   median nu  = 0.41
   median |eta| = 0.857
  rho=0.04754 (22/22)  [extra 2/50]
    fp=0.2327 tp=0.8315  [65.8s]
   median nu  = 0.467
   median |eta| = 0.881
  rho=0.04212 (23/23)  [extra 3/50]
    fp=0.2436 tp=0.8427  [64.8s]
   median nu  = 0.536
   median |eta| = 0.735
  rho=0.03731 (24/24)  [extra 4/50]
    fp=0.2561 tp=0.8539  [64.2s]
   median nu  = 0.574
   median |eta| = 0.425
  rho=0.03305 (25/25)  [extra 5/50]
    fp=0.2707 tp=0.8539  [69.8s]
   median nu  = 0.664
   median |eta| = 0.186
  rho=0.02928 (26/26)  [extra 6/50]
    fp=0.2790 tp=0.8652  [63.8s]
   median nu  = 0.778
   median |eta| = 0.141
  rho=0.02594 (27/27)  [extra 7/50]
    fp=0.2855 tp=0.8539  [63.2s]
   median nu  = 0.931
   median |eta| = 0.09
  rho=0.02298 (28/28)  [extra 8/50]
    fp=0.2966 tp=0.8539  [64.8s]
   median nu  = 1.107
   median |eta| = 0.067
  rho=0.02035 (29/29)  [extra 9/50]
    fp=0.3043 tp=0.8764  [66.0s]
   median nu  = 1.163
   median |eta| = 0.058
  FPR 0.3043 >= fp_end=0.3; stopping after 29 fits
  grid extended by 9 points down to rho=0.02035, ending at FPR 0.3043
  pilot fit of run_em_exact at rho=0.30349
  -> rho_max = max|S_ij| (off-diag) = 0.61486
  rho grid: [0.61485798 0.54468226 0.48251593 0.42744484 0.37865919 0.3354416
 0.29715657 0.26324114 0.23319658 0.20658111 0.18300334 0.16211658
 0.1436137  0.12722261 0.11270228 0.09983921 0.08844424 0.07834981
 0.0694075  0.0614858 ]
Running run_em_exact over 20 rho values, extending until FPR >= 0.3...
  rho=0.61486 (1/20)
    fp=0.0000 tp=0.0112  [74.1s]
   median nu  = 0.041
   median |eta| = 4.697
  rho=0.54468 (2/20)
    fp=0.0002 tp=0.0112  [66.9s]
   median nu  = 0.045
   median |eta| = 4.576
  rho=0.48252 (3/20)
    fp=0.0004 tp=0.0112  [63.4s]
   median nu  = 0.05
   median |eta| = 4.308
  rho=0.42744 (4/20)
    fp=0.0008 tp=0.0562  [65.3s]
   median nu  = 0.055
   median |eta| = 4.051
  rho=0.37866 (5/20)
    fp=0.0014 tp=0.0674  [63.3s]
   median nu  = 0.062
   median |eta| = 3.749
  rho=0.33544 (6/20)
    fp=0.0039 tp=0.1236  [61.6s]
   median nu  = 0.071
   median |eta| = 3.83
  rho=0.29716 (7/20)
    fp=0.0088 tp=0.1910  [62.6s]
   median nu  = 0.083
   median |eta| = 3.359
  rho=0.26324 (8/20)
    fp=0.0179 tp=0.2247  [59.4s]
   median nu  = 0.099
   median |eta| = 2.856
  rho=0.23320 (9/20)
    fp=0.0288 tp=0.3483  [56.3s]
   median nu  = 0.117
   median |eta| = 2.216
  rho=0.20658 (10/20)
    fp=0.0430 tp=0.3933  [75.4s]
   median nu  = 0.146
   median |eta| = 1.848
  rho=0.18300 (11/20)
    fp=0.0586 tp=0.4831  [81.1s]
   median nu  = 0.188
   median |eta| = 1.553
  rho=0.16212 (12/20)
    fp=0.0790 tp=0.5730  [80.6s]
   median nu  = 0.24
   median |eta| = 1.222
  rho=0.14361 (13/20)
    fp=0.0992 tp=0.5955  [67.3s]
   median nu  = 0.309
   median |eta| = 0.912
  rho=0.12722 (14/20)
    fp=0.1181 tp=0.6629  [68.5s]
   median nu  = 0.368
   median |eta| = 0.634
  rho=0.11270 (15/20)
    fp=0.1413 tp=0.7191  [72.5s]
   median nu  = 0.414
   median |eta| = 0.516
  rho=0.09984 (16/20)
    fp=0.1619 tp=0.7640  [68.0s]
   median nu  = 0.48
   median |eta| = 0.375
  rho=0.08844 (17/20)
    fp=0.1804 tp=0.7865  [80.0s]
   median nu  = 0.541
   median |eta| = 0.282
  rho=0.07835 (18/20)
    fp=0.2004 tp=0.7978  [81.7s]
   median nu  = 0.619
   median |eta| = 0.194
  rho=0.06941 (19/20)
    fp=0.2199 tp=0.8202  [80.6s]
   median nu  = 0.698
   median |eta| = 0.138
  rho=0.06149 (20/20)
    fp=0.2370 tp=0.8315  [80.0s]
   median nu  = 0.798
   median |eta| = 0.099
  rho=0.05447 (21/21)  [extra 1/50]
    fp=0.2557 tp=0.8427  [85.4s]
   median nu  = 0.904
   median |eta| = 0.072
  rho=0.04825 (22/22)  [extra 2/50]
    fp=0.2722 tp=0.8427  [81.0s]
   median nu  = 1.012
   median |eta| = 0.052
  rho=0.04274 (23/23)  [extra 3/50]
    fp=0.2876 tp=0.8539  [63.0s]
   median nu  = 1.133
   median |eta| = 0.034
  rho=0.03787 (24/24)  [extra 4/50]
    fp=0.3018 tp=0.8539  [46.4s]
   median nu  = 1.241
   median |eta| = 0.026
  FPR 0.3018 >= fp_end=0.3; stopping after 24 fits
  grid extended by 4 points down to rho=0.03787, ending at FPR 0.3018
  graphical_lasso rho_max = max|S_ij| (off-diag) = 0.66127
  rho grid: [0.66127422 0.58580087 0.51894154 0.45971308 0.40724455 0.36076442
 0.31958922 0.28311347 0.25080083 0.22217612 0.19681845 0.17435493
 0.15445524 0.13682677 0.12121029 0.10737617 0.09512098 0.08426452
 0.07464714 0.06612742]
Running graphical_lasso over 20 rho values, extending until FPR >= 0.3...
  rho=0.66127 (1/20)
    fp=0.0000 tp=0.0000  [0.1s]
  rho=0.58580 (2/20)
    fp=0.0002 tp=0.0112  [0.1s]
  rho=0.51894 (3/20)
    fp=0.0004 tp=0.0225  [138.3s]
  rho=0.45971 (4/20)
    fp=0.0008 tp=0.0449  [138.9s]
  rho=0.40724 (5/20)
    fp=0.0021 tp=0.0787  [106.9s]
  rho=0.36076 (6/20)
    fp=0.0053 tp=0.1124  [93.9s]
  rho=0.31959 (7/20)
    fp=0.0128 tp=0.1798  [103.3s]
  rho=0.28311 (8/20)
    fp=0.0241 tp=0.2360  [105.5s]
  rho=0.25080 (9/20)
    fp=0.0413 tp=0.3820  [99.2s]
  rho=0.22218 (10/20)
    fp=0.0632 tp=0.4831  [101.4s]
  rho=0.19682 (11/20)
    fp=0.0893 tp=0.5730  [0.3s]
  rho=0.17435 (12/20)
    fp=0.1243 tp=0.6404  [99.3s]
  rho=0.15446 (13/20)
    fp=0.1568 tp=0.6966  [99.6s]
  rho=0.13683 (14/20)
    fp=0.1897 tp=0.7191  [0.2s]
  rho=0.12121 (15/20)
    fp=0.2226 tp=0.7303  [59.7s]
  rho=0.10738 (16/20)
    fp=0.2551 tp=0.7416  [0.1s]
  rho=0.09512 (17/20)
    fp=0.2886 tp=0.7865  [0.2s]
  rho=0.08426 (18/20)
    fp=0.3230 tp=0.7978  [0.1s]
  FPR 0.3230 >= fp_end=0.3; stopping after 18 fits
  [note] 11/18 fits hit a glasso ConvergenceWarning (suppressed)
  grid stopped 2 points early at rho=0.08426, ending at FPR 0.3230

(p=100, n=50) over 23 replicates
  t+lasso  (run_em_diagonal):    AUC = 0.199 (SE 0.003)
  ~t+lasso (run_em_exact):       AUC = 0.191 (SE 0.003)
  tlasso   (run_tlasso):         AUC = 0.163 (SE 0.004)
  t*lasso  (run_tstar_varlasso): AUC = 0.194 (SE 0.003)
  glasso   (graphical_lasso):    AUC = 0.162 (SE 0.004)
Replicate 24/50
  Theta: 108/4950 edges
  pilot fit of run_tlasso at rho=30.34854
  -> rho_max = max|S_ij| (off-diag) = 14.50544
  [warn] pilot rho 30.34854 > rho_max 14.50544: it falls off the top of this method's grid
  rho grid: [14.50543967 12.84988729 11.38328841 10.08407717  8.93314907  7.9135801
  7.0103778   6.21026088  5.50146388  4.87356415  4.31732863  3.82457805
  3.38806669  3.00137576  2.65881911  2.35535955  2.08653481  1.84839189
  1.63742899  1.45054397]
Running run_tlasso over 20 rho values, extending until FPR >= 0.3...
  rho=14.50544 (1/20)
    fp=0.0000 tp=0.0000  [0.5s]
   nu  = 3.0000
  rho=12.84989 (2/20)
    fp=0.0000 tp=0.0000  [0.5s]
   nu  = 3.0000
  rho=11.38329 (3/20)
    fp=0.0000 tp=0.0000  [0.5s]
   nu  = 3.0000
  rho=10.08408 (4/20)
    fp=0.0002 tp=0.0000  [0.9s]
   nu  = 3.0000
  rho=8.93315 (5/20)
    fp=0.0002 tp=0.0093  [0.9s]
   nu  = 3.0000
  rho=7.91358 (6/20)
    fp=0.0002 tp=0.0185  [1.0s]
   nu  = 3.0000
  rho=7.01038 (7/20)
    fp=0.0004 tp=0.0185  [1.2s]
   nu  = 3.0000
  rho=6.21026 (8/20)
    fp=0.0008 tp=0.0278  [1.1s]
   nu  = 3.0000
  rho=5.50146 (9/20)
    fp=0.0021 tp=0.0370  [1.2s]
   nu  = 3.0000
  rho=4.87356 (10/20)
    fp=0.0035 tp=0.0463  [1.4s]
   nu  = 3.0000
  rho=4.31733 (11/20)
    fp=0.0050 tp=0.0648  [1.2s]
   nu  = 3.0000
  rho=3.82458 (12/20)
    fp=0.0087 tp=0.0926  [1.4s]
   nu  = 3.0000
  rho=3.38807 (13/20)
    fp=0.0126 tp=0.1019  [2.0s]
   nu  = 3.0000
  rho=3.00138 (14/20)
    fp=0.0192 tp=0.1204  [2.2s]
   nu  = 3.0000
  rho=2.65882 (15/20)
    fp=0.0297 tp=0.1944  [1.8s]
   nu  = 3.0000
  rho=2.35536 (16/20)
    fp=0.0465 tp=0.2593  [2.1s]
   nu  = 3.0000
  rho=2.08653 (17/20)
    fp=0.0764 tp=0.3519  [2.8s]
   nu  = 3.0000
  rho=1.84839 (18/20)
    fp=0.1150 tp=0.4444  [4.7s]
   nu  = 3.0000
  rho=1.63743 (19/20)
    fp=0.1646 tp=0.5556  [5.0s]
   nu  = 3.0000
  rho=1.45054 (20/20)
    fp=0.2053 tp=0.6296  [4.5s]
   nu  = 3.0000
  rho=1.28499 (21/21)  [extra 1/50]
    fp=0.2489 tp=0.6944  [4.7s]
   nu  = 3.0000
  rho=1.13833 (22/22)  [extra 2/50]
    fp=0.2879 tp=0.7315  [4.3s]
   nu  = 3.0000
  rho=1.00841 (23/23)  [extra 3/50]
    fp=0.3259 tp=0.7593  [3.8s]
   nu  = 3.0000
  FPR 0.3259 >= fp_end=0.3; stopping after 23 fits
  grid extended by 3 points down to rho=1.00841, ending at FPR 0.3259
  pilot fit of run_tstar_varlasso at rho=0.30349
  -> rho_max = max|S_ij| (off-diag) = 0.45607
  rho grid: [0.45606833 0.40401579 0.35790417 0.31705542 0.28086887 0.2488124
 0.22041464 0.19525801 0.17297259 0.15323067 0.13574196 0.1202493
 0.10652486 0.09436684 0.08359645 0.07405531 0.06560314 0.05811565
 0.05148272 0.04560683]
Running run_tstar_varlasso over 20 rho values, extending until FPR >= 0.3...
  rho=0.45607 (1/20)
    fp=0.0000 tp=0.0093  [0.8s]
   nu  = 3.0000
  rho=0.40402 (2/20)
    fp=0.0000 tp=0.0093  [0.8s]
   nu  = 3.0000
  rho=0.35790 (3/20)
    fp=0.0000 tp=0.0278  [0.8s]
   nu  = 3.0000
  rho=0.31706 (4/20)
    fp=0.0004 tp=0.0370  [0.8s]
   nu  = 3.0000
  rho=0.28087 (5/20)
    fp=0.0014 tp=0.0463  [0.9s]
   nu  = 3.0000
  rho=0.24881 (6/20)
    fp=0.0019 tp=0.0648  [0.9s]
   nu  = 3.0000
  rho=0.22041 (7/20)
    fp=0.0035 tp=0.0833  [0.9s]
   nu  = 3.0000
  rho=0.19526 (8/20)
    fp=0.0081 tp=0.1296  [0.9s]
   nu  = 3.0000
  rho=0.17297 (9/20)
    fp=0.0153 tp=0.1944  [1.0s]
   nu  = 3.0000
  rho=0.15323 (10/20)
    fp=0.0252 tp=0.2407  [1.0s]
   nu  = 3.0000
  rho=0.13574 (11/20)
    fp=0.0394 tp=0.3241  [1.0s]
   nu  = 3.0000
  rho=0.12025 (12/20)
    fp=0.0564 tp=0.4074  [1.0s]
   nu  = 3.0000
  rho=0.10652 (13/20)
    fp=0.0789 tp=0.5185  [1.1s]
   nu  = 3.0000
  rho=0.09437 (14/20)
    fp=0.0991 tp=0.5833  [1.1s]
   nu  = 3.0000
  rho=0.08360 (15/20)
    fp=0.1237 tp=0.6667  [1.2s]
   nu  = 3.0000
  rho=0.07406 (16/20)
    fp=0.1495 tp=0.7222  [1.2s]
   nu  = 3.0000
  rho=0.06560 (17/20)
    fp=0.1743 tp=0.7593  [1.7s]
   nu  = 3.0000
  rho=0.05812 (18/20)
    fp=0.1989 tp=0.7778  [1.8s]
   nu  = 3.0000
  rho=0.05148 (19/20)
    fp=0.2235 tp=0.8148  [1.6s]
   nu  = 3.0000
  rho=0.04561 (20/20)
    fp=0.2464 tp=0.8333  [1.7s]
   nu  = 3.0000
  rho=0.04040 (21/21)  [extra 1/50]
    fp=0.2695 tp=0.8333  [2.0s]
   nu  = 3.0000
  rho=0.03579 (22/22)  [extra 2/50]
    fp=0.2939 tp=0.8426  [2.1s]
   nu  = 3.0000
  rho=0.03171 (23/23)  [extra 3/50]
    fp=0.3141 tp=0.8426  [4.1s]
   nu  = 3.0000
  FPR 0.3141 >= fp_end=0.3; stopping after 23 fits
  grid extended by 3 points down to rho=0.03171, ending at FPR 0.3141
  pilot fit of run_em_diagonal at rho=0.30349
  -> rho_max = max|S_ij| (off-diag) = 0.55964
  rho grid: [0.55964143 0.49576776 0.43918419 0.38905869 0.34465417 0.30531769
 0.2704708  0.2396011  0.21225466 0.18802935 0.16656896 0.14755791
 0.13071665 0.11579754 0.10258119 0.09087327 0.08050162 0.07131371
 0.06317445 0.05596414]
Running run_em_diagonal over 20 rho values, extending until FPR >= 0.3...
  rho=0.55964 (1/20)
    fp=0.0002 tp=0.0093  [62.0s]
   median nu  = 0.042
   median |eta| = 4.409
  rho=0.49577 (2/20)
    fp=0.0002 tp=0.0185  [63.5s]
   median nu  = 0.046
   median |eta| = 4.101
  rho=0.43918 (3/20)
    fp=0.0002 tp=0.0278  [52.5s]
   median nu  = 0.05
   median |eta| = 4.044
  rho=0.38906 (4/20)
    fp=0.0012 tp=0.0370  [54.8s]
   median nu  = 0.056
   median |eta| = 3.638
  rho=0.34465 (5/20)
    fp=0.0025 tp=0.0556  [60.7s]
   median nu  = 0.062
   median |eta| = 3.565
  rho=0.30532 (6/20)
    fp=0.0058 tp=0.0833  [62.1s]
   median nu  = 0.07
   median |eta| = 3.279
  rho=0.27047 (7/20)
    fp=0.0095 tp=0.1204  [60.4s]
   median nu  = 0.081
   median |eta| = 3.183
  rho=0.23960 (8/20)
    fp=0.0167 tp=0.1759  [61.9s]
   median nu  = 0.097
   median |eta| = 2.935
  rho=0.21225 (9/20)
    fp=0.0264 tp=0.2222  [61.5s]
   median nu  = 0.12
   median |eta| = 2.739
  rho=0.18803 (10/20)
    fp=0.0384 tp=0.2963  [62.9s]
   median nu  = 0.146
   median |eta| = 2.581
  rho=0.16657 (11/20)
    fp=0.0531 tp=0.3611  [61.1s]
   median nu  = 0.17
   median |eta| = 2.483
  rho=0.14756 (12/20)
    fp=0.0719 tp=0.4352  [60.9s]
   median nu  = 0.184
   median |eta| = 2.223
  rho=0.13072 (13/20)
    fp=0.0915 tp=0.5463  [64.0s]
   median nu  = 0.204
   median |eta| = 1.975
  rho=0.11580 (14/20)
    fp=0.1144 tp=0.6204  [61.4s]
   median nu  = 0.235
   median |eta| = 2.187
  rho=0.10258 (15/20)
    fp=0.1338 tp=0.6852  [60.6s]
   median nu  = 0.257
   median |eta| = 2.245
  rho=0.09087 (16/20)
    fp=0.1545 tp=0.7407  [59.7s]
   median nu  = 0.278
   median |eta| = 1.781
  rho=0.08050 (17/20)
    fp=0.1720 tp=0.7870  [65.5s]
   median nu  = 0.308
   median |eta| = 1.564
  rho=0.07131 (18/20)
    fp=0.1871 tp=0.8056  [73.1s]
   median nu  = 0.318
   median |eta| = 1.725
  rho=0.06317 (19/20)
    fp=0.2005 tp=0.8241  [70.0s]
   median nu  = 0.319
   median |eta| = 1.789
  rho=0.05596 (20/20)
    fp=0.2156 tp=0.8426  [68.6s]
   median nu  = 0.312
   median |eta| = 1.42
  rho=0.04958 (21/21)  [extra 1/50]
    fp=0.2274 tp=0.8333  [70.2s]
   median nu  = 0.328
   median |eta| = 1.428
  rho=0.04392 (22/22)  [extra 2/50]
    fp=0.2394 tp=0.8611  [74.4s]
   median nu  = 0.45
   median |eta| = 0.926
  rho=0.03891 (23/23)  [extra 3/50]
    fp=0.2499 tp=0.8519  [66.9s]
   median nu  = 0.478
   median |eta| = 0.887
  rho=0.03447 (24/24)  [extra 4/50]
    fp=0.2594 tp=0.8519  [69.1s]
   median nu  = 0.513
   median |eta| = 0.872
  rho=0.03053 (25/25)  [extra 5/50]
    fp=0.2759 tp=0.8611  [67.2s]
   median nu  = 0.682
   median |eta| = 0.276
  rho=0.02705 (26/26)  [extra 6/50]
    fp=0.2865 tp=0.8611  [70.7s]
   median nu  = 0.774
   median |eta| = 0.195
  rho=0.02396 (27/27)  [extra 7/50]
    fp=0.3024 tp=0.8611  [76.0s]
   median nu  = 0.964
   median |eta| = 0.094
  FPR 0.3024 >= fp_end=0.3; stopping after 27 fits
  grid extended by 7 points down to rho=0.02396, ending at FPR 0.3024
  pilot fit of run_em_exact at rho=0.30349
  -> rho_max = max|S_ij| (off-diag) = 0.56805
  rho grid: [0.56805329 0.50321954 0.44578548 0.39490655 0.3498346  0.30990685
 0.27453619 0.24320249 0.21544501 0.19085558 0.16907262 0.14977582
 0.13268143 0.11753807 0.10412307 0.09223917 0.08171162 0.07238561
 0.06412401 0.05680533]
Running run_em_exact over 20 rho values, extending until FPR >= 0.3...
  rho=0.56805 (1/20)
    fp=0.0002 tp=0.0093  [64.3s]
   median nu  = 0.042
   median |eta| = 4.477
  rho=0.50322 (2/20)
    fp=0.0002 tp=0.0185  [63.5s]
   median nu  = 0.045
   median |eta| = 4.109
  rho=0.44579 (3/20)
    fp=0.0002 tp=0.0278  [64.9s]
   median nu  = 0.05
   median |eta| = 4.028
  rho=0.39491 (4/20)
    fp=0.0012 tp=0.0370  [63.3s]
   median nu  = 0.055
   median |eta| = 3.71
  rho=0.34983 (5/20)
    fp=0.0025 tp=0.0556  [62.0s]
   median nu  = 0.061
   median |eta| = 3.461
  rho=0.30991 (6/20)
    fp=0.0056 tp=0.0833  [63.4s]
   median nu  = 0.069
   median |eta| = 3.337
  rho=0.27454 (7/20)
    fp=0.0093 tp=0.1019  [58.7s]
   median nu  = 0.081
   median |eta| = 3.218
  rho=0.24320 (8/20)
    fp=0.0167 tp=0.1759  [55.8s]
   median nu  = 0.096
   median |eta| = 2.668
  rho=0.21545 (9/20)
    fp=0.0266 tp=0.2130  [75.7s]
   median nu  = 0.118
   median |eta| = 2.288
  rho=0.19086 (10/20)
    fp=0.0386 tp=0.2963  [81.1s]
   median nu  = 0.151
   median |eta| = 1.828
  rho=0.16907 (11/20)
    fp=0.0566 tp=0.3704  [80.1s]
   median nu  = 0.19
   median |eta| = 1.484
  rho=0.14978 (12/20)
    fp=0.0768 tp=0.4352  [65.4s]
   median nu  = 0.232
   median |eta| = 1.075
  rho=0.13268 (13/20)
    fp=0.0985 tp=0.5370  [63.6s]
   median nu  = 0.287
   median |eta| = 0.77
  rho=0.11754 (14/20)
    fp=0.1212 tp=0.6204  [71.1s]
   median nu  = 0.355
   median |eta| = 0.525
  rho=0.10412 (15/20)
    fp=0.1411 tp=0.6852  [67.5s]
   median nu  = 0.435
   median |eta| = 0.355
  rho=0.09224 (16/20)
    fp=0.1619 tp=0.7685  [83.5s]
   median nu  = 0.505
   median |eta| = 0.251
  rho=0.08171 (17/20)
    fp=0.1828 tp=0.7870  [83.4s]
   median nu  = 0.582
   median |eta| = 0.173
  rho=0.07239 (18/20)
    fp=0.2028 tp=0.8056  [81.6s]
   median nu  = 0.664
   median |eta| = 0.121
  rho=0.06412 (19/20)
    fp=0.2206 tp=0.8148  [80.6s]
   median nu  = 0.759
   median |eta| = 0.082
  rho=0.05681 (20/20)
    fp=0.2381 tp=0.8241  [85.1s]
   median nu  = 0.847
   median |eta| = 0.063
  rho=0.05032 (21/21)  [extra 1/50]
    fp=0.2536 tp=0.8333  [81.0s]
   median nu  = 0.942
   median |eta| = 0.042
  rho=0.04458 (22/22)  [extra 2/50]
    fp=0.2687 tp=0.8519  [81.4s]
   median nu  = 1.014
   median |eta| = 0.033
  rho=0.03949 (23/23)  [extra 3/50]
    fp=0.2819 tp=0.8611  [76.4s]
   median nu  = 1.132
   median |eta| = 0.023
  rho=0.03498 (24/24)  [extra 4/50]
    fp=0.2947 tp=0.8519  [57.1s]
   median nu  = 1.226
   median |eta| = 0.017
  rho=0.03099 (25/25)  [extra 5/50]
    fp=0.3073 tp=0.8704  [53.1s]
   median nu  = 1.333
   median |eta| = 0.013
  FPR 0.3073 >= fp_end=0.3; stopping after 25 fits
  grid extended by 5 points down to rho=0.03099, ending at FPR 0.3073
  graphical_lasso rho_max = max|S_ij| (off-diag) = 0.62175
  rho grid: [0.62174981 0.55078751 0.48792436 0.43223599 0.38290351 0.3392015
 0.30048735 0.26619176 0.23581044 0.20889664 0.1850546  0.16393372
 0.14522344 0.12864862 0.11396554 0.10095829 0.08943559 0.07922802
 0.07018547 0.06217498]
Running graphical_lasso over 20 rho values, extending until FPR >= 0.3...
  rho=0.62175 (1/20)
    fp=0.0000 tp=0.0000  [0.1s]
  rho=0.55079 (2/20)
    fp=0.0002 tp=0.0185  [0.1s]
  rho=0.48792 (3/20)
    fp=0.0004 tp=0.0278  [141.2s]
  rho=0.43224 (4/20)
    fp=0.0017 tp=0.0278  [97.5s]
  rho=0.38290 (5/20)
    fp=0.0041 tp=0.0556  [94.9s]
  rho=0.33920 (6/20)
    fp=0.0085 tp=0.0833  [102.2s]
  rho=0.30049 (7/20)
    fp=0.0138 tp=0.1204  [105.8s]
  rho=0.26619 (8/20)
    fp=0.0250 tp=0.1667  [99.0s]
  rho=0.23581 (9/20)
    fp=0.0399 tp=0.2315  [101.6s]
  rho=0.20890 (10/20)
    fp=0.0624 tp=0.2870  [97.4s]
  rho=0.18505 (11/20)
    fp=0.0925 tp=0.3704  [0.3s]
  rho=0.16393 (12/20)
    fp=0.1221 tp=0.4722  [0.2s]
  rho=0.14522 (13/20)
    fp=0.1547 tp=0.5370  [0.2s]
  rho=0.12865 (14/20)
    fp=0.1838 tp=0.5926  [0.5s]
  rho=0.11397 (15/20)
    fp=0.2154 tp=0.6667  [0.2s]
  rho=0.10096 (16/20)
    fp=0.2482 tp=0.6759  [2.0s]
  rho=0.08944 (17/20)
    fp=0.2821 tp=0.6944  [0.1s]
  rho=0.07923 (18/20)
    fp=0.3170 tp=0.7315  [0.2s]
  FPR 0.3170 >= fp_end=0.3; stopping after 18 fits
  [note] 8/18 fits hit a glasso ConvergenceWarning (suppressed)
  grid stopped 2 points early at rho=0.07923, ending at FPR 0.3170

(p=100, n=50) over 24 replicates
  t+lasso  (run_em_diagonal):    AUC = 0.198 (SE 0.003)
  ~t+lasso (run_em_exact):       AUC = 0.191 (SE 0.003)
  tlasso   (run_tlasso):         AUC = 0.162 (SE 0.004)
  t*lasso  (run_tstar_varlasso): AUC = 0.194 (SE 0.003)
  glasso   (graphical_lasso):    AUC = 0.161 (SE 0.004)
Replicate 25/50
  Theta: 87/4950 edges
  pilot fit of run_tlasso at rho=30.34854
  -> rho_max = max|S_ij| (off-diag) = 14.73234
  [warn] pilot rho 30.34854 > rho_max 14.73234: it falls off the top of this method's grid
  rho grid: [14.73233917 13.05089002 11.56135005 10.24181606  9.07288472  8.03736727
  7.12003675  6.3074041   5.58751983  4.94979825  4.38486189  3.88440353
  3.44106409  3.0483244   2.70040935  2.39220297  2.11917316  1.87730513
  1.66304227  1.47323392]
Running run_tlasso over 20 rho values, extending until FPR >= 0.3...
  rho=14.73234 (1/20)
    fp=0.0000 tp=0.0000  [0.7s]
   nu  = 3.0000
  rho=13.05089 (2/20)
    fp=0.0000 tp=0.0000  [0.6s]
   nu  = 3.0000
  rho=11.56135 (3/20)
    fp=0.0000 tp=0.0000  [0.6s]
   nu  = 3.0000
  rho=10.24182 (4/20)
    fp=0.0002 tp=0.0115  [1.0s]
   nu  = 3.0000
  rho=9.07288 (5/20)
    fp=0.0002 tp=0.0115  [1.0s]
   nu  = 3.0000
  rho=8.03737 (6/20)
    fp=0.0002 tp=0.0230  [1.1s]
   nu  = 3.0000
  rho=7.12004 (7/20)
    fp=0.0004 tp=0.0345  [1.1s]
   nu  = 3.0000
  rho=6.30740 (8/20)
    fp=0.0010 tp=0.0460  [1.2s]
   nu  = 3.0000
  rho=5.58752 (9/20)
    fp=0.0021 tp=0.0690  [1.1s]
   nu  = 3.0000
  rho=4.94980 (10/20)
    fp=0.0035 tp=0.1034  [1.4s]
   nu  = 3.0000
  rho=4.38486 (11/20)
    fp=0.0066 tp=0.1149  [1.4s]
   nu  = 3.0000
  rho=3.88440 (12/20)
    fp=0.0103 tp=0.1494  [1.5s]
   nu  = 3.0000
  rho=3.44106 (13/20)
    fp=0.0148 tp=0.1609  [1.8s]
   nu  = 3.0000
  rho=3.04832 (14/20)
    fp=0.0265 tp=0.2299  [1.9s]
   nu  = 3.0000
  rho=2.70041 (15/20)
    fp=0.0440 tp=0.2874  [2.0s]
   nu  = 3.0000
  rho=2.39220 (16/20)
    fp=0.0683 tp=0.3678  [2.4s]
   nu  = 3.0000
  rho=2.11917 (17/20)
    fp=0.1069 tp=0.4943  [5.5s]
   nu  = 3.0000
  rho=1.87731 (18/20)
    fp=0.1526 tp=0.6207  [5.1s]
   nu  = 3.0000
  rho=1.66304 (19/20)
    fp=0.1945 tp=0.7011  [4.3s]
   nu  = 3.0000
  rho=1.47323 (20/20)
    fp=0.2379 tp=0.7816  [4.4s]
   nu  = 3.0000
  rho=1.30509 (21/21)  [extra 1/50]
    fp=0.2803 tp=0.8161  [3.8s]
   nu  = 3.0000
  rho=1.15614 (22/22)  [extra 2/50]
    fp=0.3183 tp=0.8391  [4.7s]
   nu  = 3.0000
  FPR 0.3183 >= fp_end=0.3; stopping after 22 fits
  grid extended by 2 points down to rho=1.15614, ending at FPR 0.3183
  pilot fit of run_tstar_varlasso at rho=0.30349
  -> rho_max = max|S_ij| (off-diag) = 0.46902
  rho grid: [0.46902422 0.41549298 0.36807144 0.32606226 0.28884773 0.25588061
 0.22667614 0.20080486 0.17788636 0.15758362 0.13959809 0.12366531
 0.10955099 0.09704759 0.08597124 0.07615906 0.06746678 0.05976658
 0.05294523 0.04690242]
Running run_tstar_varlasso over 20 rho values, extending until FPR >= 0.3...
  rho=0.46902 (1/20)
    fp=0.0000 tp=0.0115  [1.0s]
   nu  = 3.0000
  rho=0.41549 (2/20)
    fp=0.0000 tp=0.0230  [0.8s]
   nu  = 3.0000
  rho=0.36807 (3/20)
    fp=0.0004 tp=0.0230  [0.8s]
   nu  = 3.0000
  rho=0.32606 (4/20)
    fp=0.0010 tp=0.0460  [1.0s]
   nu  = 3.0000
  rho=0.28885 (5/20)
    fp=0.0016 tp=0.0920  [0.9s]
   nu  = 3.0000
  rho=0.25588 (6/20)
    fp=0.0035 tp=0.1494  [0.9s]
   nu  = 3.0000
  rho=0.22668 (7/20)
    fp=0.0076 tp=0.1609  [0.9s]
   nu  = 3.0000
  rho=0.20080 (8/20)
    fp=0.0134 tp=0.2069  [0.9s]
   nu  = 3.0000
  rho=0.17789 (9/20)
    fp=0.0228 tp=0.2644  [0.9s]
   nu  = 3.0000
  rho=0.15758 (10/20)
    fp=0.0337 tp=0.3563  [0.9s]
   nu  = 3.0000
  rho=0.13960 (11/20)
    fp=0.0498 tp=0.4253  [1.0s]
   nu  = 3.0000
  rho=0.12367 (12/20)
    fp=0.0709 tp=0.5287  [1.1s]
   nu  = 3.0000
  rho=0.10955 (13/20)
    fp=0.0909 tp=0.5862  [1.1s]
   nu  = 3.0000
  rho=0.09705 (14/20)
    fp=0.1166 tp=0.6207  [1.7s]
   nu  = 3.0000
  rho=0.08597 (15/20)
    fp=0.1396 tp=0.6667  [1.7s]
   nu  = 3.0000
  rho=0.07616 (16/20)
    fp=0.1594 tp=0.7011  [1.7s]
   nu  = 3.0000
  rho=0.06747 (17/20)
    fp=0.1882 tp=0.7931  [1.7s]
   nu  = 3.0000
  rho=0.05977 (18/20)
    fp=0.2134 tp=0.8276  [1.7s]
   nu  = 3.0000
  rho=0.05295 (19/20)
    fp=0.2369 tp=0.8506  [1.6s]
   nu  = 3.0000
  rho=0.04690 (20/20)
    fp=0.2616 tp=0.8621  [1.4s]
   nu  = 3.0000
  rho=0.04155 (21/21)  [extra 1/50]
    fp=0.2848 tp=0.8736  [1.8s]
   nu  = 3.0000
  rho=0.03681 (22/22)  [extra 2/50]
    fp=0.3089 tp=0.8851  [1.8s]
   nu  = 3.0000
  FPR 0.3089 >= fp_end=0.3; stopping after 22 fits
  grid extended by 2 points down to rho=0.03681, ending at FPR 0.3089
  pilot fit of run_em_diagonal at rho=0.30349
  -> rho_max = max|S_ij| (off-diag) = 0.59450
  rho grid: [0.5945049  0.52665214 0.46654364 0.41329552 0.36612478 0.32433778
 0.28732007 0.25452731 0.22547729 0.19974284 0.17694555 0.15675019
 0.13885979 0.12301127 0.1089716  0.09653432 0.08551655 0.07575627
 0.06710997 0.05945049]
Running run_em_diagonal over 20 rho values, extending until FPR >= 0.3...
  rho=0.59450 (1/20)
    fp=0.0002 tp=0.0115  [52.4s]
   median nu  = 0.04
   median |eta| = 4.502
  rho=0.52665 (2/20)
    fp=0.0002 tp=0.0230  [57.4s]
   median nu  = 0.043
   median |eta| = 4.551
  rho=0.46654 (3/20)
    fp=0.0006 tp=0.0230  [63.6s]
   median nu  = 0.047
   median |eta| = 4.432
  rho=0.41330 (4/20)
    fp=0.0016 tp=0.0575  [60.3s]
   median nu  = 0.052
   median |eta| = 4.569
  rho=0.36612 (5/20)
    fp=0.0037 tp=0.0920  [61.6s]
   median nu  = 0.057
   median |eta| = 4.061
  rho=0.32434 (6/20)
    fp=0.0070 tp=0.1379  [63.6s]
   median nu  = 0.064
   median |eta| = 3.559
  rho=0.28732 (7/20)
    fp=0.0117 tp=0.1609  [61.7s]
   median nu  = 0.072
   median |eta| = 3.167
  rho=0.25453 (8/20)
    fp=0.0210 tp=0.2069  [63.7s]
   median nu  = 0.082
   median |eta| = 2.898
  rho=0.22548 (9/20)
    fp=0.0327 tp=0.2644  [62.0s]
   median nu  = 0.095
   median |eta| = 2.726
  rho=0.19974 (10/20)
    fp=0.0481 tp=0.3678  [63.4s]
   median nu  = 0.114
   median |eta| = 2.787
  rho=0.17695 (11/20)
    fp=0.0646 tp=0.4713  [63.7s]
   median nu  = 0.137
   median |eta| = 2.966
  rho=0.15675 (12/20)
    fp=0.0862 tp=0.5287  [62.6s]
   median nu  = 0.159
   median |eta| = 2.771
  rho=0.13886 (13/20)
    fp=0.1055 tp=0.5862  [61.3s]
   median nu  = 0.184
   median |eta| = 2.454
  rho=0.12301 (14/20)
    fp=0.1203 tp=0.6552  [62.4s]
   median nu  = 0.222
   median |eta| = 2.161
  rho=0.10897 (15/20)
    fp=0.1388 tp=0.7241  [60.9s]
   median nu  = 0.263
   median |eta| = 2.092
  rho=0.09653 (16/20)
    fp=0.1530 tp=0.7471  [63.1s]
   median nu  = 0.285
   median |eta| = 2.028
  rho=0.08552 (17/20)
    fp=0.1653 tp=0.7816  [64.4s]
   median nu  = 0.294
   median |eta| = 1.864
  rho=0.07576 (18/20)
    fp=0.1847 tp=0.8161  [66.3s]
   median nu  = 0.313
   median |eta| = 2.057
  rho=0.06711 (19/20)
    fp=0.1964 tp=0.8276  [62.1s]
   median nu  = 0.311
   median |eta| = 2.133
  rho=0.05945 (20/20)
    fp=0.2124 tp=0.8391  [74.5s]
   median nu  = 0.335
   median |eta| = 1.979
  rho=0.05267 (21/21)  [extra 1/50]
    fp=0.2274 tp=0.8736  [67.8s]
   median nu  = 0.357
   median |eta| = 2.037
  rho=0.04665 (22/22)  [extra 2/50]
    fp=0.2416 tp=0.8851  [69.6s]
   median nu  = 0.361
   median |eta| = 1.643
  rho=0.04133 (23/23)  [extra 3/50]
    fp=0.2538 tp=0.8851  [69.9s]
   median nu  = 0.377
   median |eta| = 1.361
  rho=0.03661 (24/24)  [extra 4/50]
    fp=0.2659 tp=0.8851  [70.1s]
   median nu  = 0.515
   median |eta| = 1.074
  rho=0.03243 (25/25)  [extra 5/50]
    fp=0.2727 tp=0.8736  [78.2s]
   median nu  = 0.515
   median |eta| = 1.218
  rho=0.02873 (26/26)  [extra 6/50]
    fp=0.2881 tp=0.8851  [70.5s]
   median nu  = 0.48
   median |eta| = 1.743
  rho=0.02545 (27/27)  [extra 7/50]
    fp=0.2955 tp=0.8736  [67.4s]
   median nu  = 0.897
   median |eta| = 0.222
  rho=0.02255 (28/28)  [extra 8/50]
    fp=0.3048 tp=0.8851  [60.2s]
   median nu  = 0.656
   median |eta| = 0.825
  FPR 0.3048 >= fp_end=0.3; stopping after 28 fits
  grid extended by 8 points down to rho=0.02255, ending at FPR 0.3048
  pilot fit of run_em_exact at rho=0.30349
  -> rho_max = max|S_ij| (off-diag) = 0.61019
  rho grid: [0.61018785 0.54054515 0.478851   0.4241982  0.3757831  0.33289376
 0.29489953 0.2612417  0.23142535 0.20501203 0.18161335 0.16088523
 0.14252289 0.12625629 0.11184626 0.09908088 0.08777246 0.07775471
 0.06888032 0.06101878]
Running run_em_exact over 20 rho values, extending until FPR >= 0.3...
  rho=0.61019 (1/20)
    fp=0.0002 tp=0.0115  [62.6s]
   median nu  = 0.04
   median |eta| = 4.618
  rho=0.54055 (2/20)
    fp=0.0002 tp=0.0115  [62.9s]
   median nu  = 0.043
   median |eta| = 4.473
  rho=0.47885 (3/20)
    fp=0.0006 tp=0.0230  [64.2s]
   median nu  = 0.046
   median |eta| = 4.401
  rho=0.42420 (4/20)
    fp=0.0016 tp=0.0460  [58.8s]
   median nu  = 0.05
   median |eta| = 4.422
  rho=0.37578 (5/20)
    fp=0.0037 tp=0.0805  [55.7s]
   median nu  = 0.056
   median |eta| = 4.018
  rho=0.33289 (6/20)
    fp=0.0064 tp=0.1379  [82.8s]
   median nu  = 0.063
   median |eta| = 3.474
  rho=0.29490 (7/20)
    fp=0.0105 tp=0.1609  [83.0s]
   median nu  = 0.071
   median |eta| = 3.048
  rho=0.26124 (8/20)
    fp=0.0191 tp=0.2069  [79.0s]
   median nu  = 0.081
   median |eta| = 2.615
  rho=0.23143 (9/20)
    fp=0.0311 tp=0.2759  [67.4s]
   median nu  = 0.098
   median |eta| = 2.212
  rho=0.20501 (10/20)
    fp=0.0471 tp=0.3678  [67.3s]
   median nu  = 0.116
   median |eta| = 1.85
  rho=0.18161 (11/20)
    fp=0.0666 tp=0.4713  [72.1s]
   median nu  = 0.14
   median |eta| = 1.521
  rho=0.16089 (12/20)
    fp=0.0895 tp=0.5057  [70.4s]
   median nu  = 0.179
   median |eta| = 1.128
  rho=0.14252 (13/20)
    fp=0.1112 tp=0.5862  [71.8s]
   median nu  = 0.24
   median |eta| = 0.839
  rho=0.12626 (14/20)
    fp=0.1310 tp=0.6667  [71.2s]
   median nu  = 0.314
   median |eta| = 0.604
  rho=0.11185 (15/20)
    fp=0.1501 tp=0.7126  [71.9s]
   median nu  = 0.386
   median |eta| = 0.414
  rho=0.09908 (16/20)
    fp=0.1696 tp=0.7586  [70.9s]
   median nu  = 0.468
   median |eta| = 0.284
  rho=0.08777 (17/20)
    fp=0.1914 tp=0.8046  [84.0s]
   median nu  = 0.534
   median |eta| = 0.195
  rho=0.07775 (18/20)
    fp=0.2112 tp=0.8276  [83.7s]
   median nu  = 0.627
   median |eta| = 0.14
  rho=0.06888 (19/20)
    fp=0.2280 tp=0.8391  [83.7s]
   median nu  = 0.717
   median |eta| = 0.104
  rho=0.06102 (20/20)
    fp=0.2424 tp=0.8506  [85.8s]
   median nu  = 0.821
   median |eta| = 0.073
  rho=0.05405 (21/21)  [extra 1/50]
    fp=0.2572 tp=0.8621  [88.0s]
   median nu  = 0.938
   median |eta| = 0.05
  rho=0.04789 (22/22)  [extra 2/50]
    fp=0.2762 tp=0.8851  [85.3s]
   median nu  = 1.072
   median |eta| = 0.037
  rho=0.04242 (23/23)  [extra 3/50]
    fp=0.2910 tp=0.8851  [85.9s]
   median nu  = 1.186
   median |eta| = 0.027
  rho=0.03758 (24/24)  [extra 4/50]
    fp=0.3035 tp=0.8736  [54.3s]
   median nu  = 1.293
   median |eta| = 0.02
  FPR 0.3035 >= fp_end=0.3; stopping after 24 fits
  grid extended by 4 points down to rho=0.03758, ending at FPR 0.3035
  graphical_lasso rho_max = max|S_ij| (off-diag) = 0.70571
  rho grid: [0.70571321 0.6251679  0.55381548 0.49060674 0.43461222 0.38500853
 0.34106627 0.30213928 0.26765516 0.23710681 0.21004505 0.18607194
 0.16483495 0.14602181 0.12935587 0.11459207 0.10151331 0.08992727
 0.07966358 0.07057132]
Running graphical_lasso over 20 rho values, extending until FPR >= 0.3...
  rho=0.70571 (1/20)
    fp=0.0000 tp=0.0000  [0.1s]
  rho=0.62517 (2/20)
    fp=0.0002 tp=0.0115  [0.1s]
  rho=0.55382 (3/20)
    fp=0.0004 tp=0.0230  [91.3s]
  rho=0.49061 (4/20)
    fp=0.0010 tp=0.0345  [98.3s]
  rho=0.43461 (5/20)
    fp=0.0031 tp=0.0805  [104.2s]
  rho=0.38501 (6/20)
    fp=0.0058 tp=0.1034  [104.2s]
  rho=0.34107 (7/20)
    fp=0.0115 tp=0.1494  [98.6s]
  rho=0.30214 (8/20)
    fp=0.0210 tp=0.2069  [101.1s]
  rho=0.26766 (9/20)
    fp=0.0352 tp=0.2529  [99.0s]
  rho=0.23711 (10/20)
    fp=0.0605 tp=0.3793  [78.9s]
  rho=0.21005 (11/20)
    fp=0.0895 tp=0.4483  [43.0s]
  rho=0.18607 (12/20)
    fp=0.1197 tp=0.5402  [0.1s]
  rho=0.16483 (13/20)
    fp=0.1483 tp=0.6207  [0.3s]
  rho=0.14602 (14/20)
    fp=0.1783 tp=0.6667  [0.1s]
  rho=0.12936 (15/20)
    fp=0.2087 tp=0.7241  [1.0s]
  rho=0.11459 (16/20)
    fp=0.2426 tp=0.7816  [1.2s]
  rho=0.10151 (17/20)
    fp=0.2751 tp=0.8161  [1.1s]
  rho=0.08993 (18/20)
    fp=0.3105 tp=0.8391  [0.1s]
  FPR 0.3105 >= fp_end=0.3; stopping after 18 fits
  [note] 9/18 fits hit a glasso ConvergenceWarning (suppressed)
  grid stopped 2 points early at rho=0.08993, ending at FPR 0.3105

(p=100, n=50) over 25 replicates
  t+lasso  (run_em_diagonal):    AUC = 0.198 (SE 0.003)
  ~t+lasso (run_em_exact):       AUC = 0.191 (SE 0.003)
  tlasso   (run_tlasso):         AUC = 0.163 (SE 0.003)
  t*lasso  (run_tstar_varlasso): AUC = 0.194 (SE 0.003)
  glasso   (graphical_lasso):    AUC = 0.162 (SE 0.004)
Replicate 26/50
  Theta: 92/4950 edges
  pilot fit of run_tlasso at rho=30.34854
  -> rho_max = max|S_ij| (off-diag) = 11.66799
  [warn] pilot rho 30.34854 > rho_max 11.66799: it falls off the top of this method's grid
  rho grid: [11.66798586 10.33628118  9.15656824  8.11149971  7.18570822  6.36558028
  5.63905617  4.99545259  4.42530555  3.92023123  3.47280265  3.07644054
  2.72531651  2.41426739  2.1387193   1.8946204   1.6783813   1.48682225
  1.31712646  1.16679859]
Running run_tlasso over 20 rho values, extending until FPR >= 0.3...
  rho=11.66799 (1/20)
    fp=0.0000 tp=0.0000  [0.8s]
   nu  = 3.0000
  rho=10.33628 (2/20)
    fp=0.0000 tp=0.0000  [0.7s]
   nu  = 3.0000
  rho=9.15657 (3/20)
    fp=0.0000 tp=0.0000  [0.6s]
   nu  = 3.0000
  rho=8.11150 (4/20)
    fp=0.0000 tp=0.0000  [0.6s]
   nu  = 3.0000
  rho=7.18571 (5/20)
    fp=0.0002 tp=0.0000  [1.1s]
   nu  = 3.0000
  rho=6.36558 (6/20)
    fp=0.0004 tp=0.0000  [1.0s]
   nu  = 3.0000
  rho=5.63906 (7/20)
    fp=0.0004 tp=0.0109  [1.3s]
   nu  = 3.0000
  rho=4.99545 (8/20)
    fp=0.0008 tp=0.0217  [1.3s]
   nu  = 3.0000
  rho=4.42531 (9/20)
    fp=0.0014 tp=0.0543  [1.3s]
   nu  = 3.0000
  rho=3.92023 (10/20)
    fp=0.0037 tp=0.1087  [1.4s]
   nu  = 3.0000
  rho=3.47280 (11/20)
    fp=0.0082 tp=0.1413  [1.5s]
   nu  = 3.0000
  rho=3.07644 (12/20)
    fp=0.0148 tp=0.1522  [1.9s]
   nu  = 3.0000
  rho=2.72532 (13/20)
    fp=0.0270 tp=0.2283  [2.1s]
   nu  = 3.0000
  rho=2.41427 (14/20)
    fp=0.0449 tp=0.3261  [1.8s]
   nu  = 3.0000
  rho=2.13872 (15/20)
    fp=0.0731 tp=0.4239  [2.9s]
   nu  = 3.0000
  rho=1.89462 (16/20)
    fp=0.1171 tp=0.5000  [3.6s]
   nu  = 3.0000
  rho=1.67838 (17/20)
    fp=0.1612 tp=0.5761  [4.6s]
   nu  = 3.0000
  rho=1.48682 (18/20)
    fp=0.2116 tp=0.6630  [4.7s]
   nu  = 3.0000
  rho=1.31713 (19/20)
    fp=0.2594 tp=0.6957  [4.1s]
   nu  = 3.0000
  rho=1.16680 (20/20)
    fp=0.3047 tp=0.7500  [4.8s]
   nu  = 3.0000
  FPR 0.3047 >= fp_end=0.3; stopping after 20 fits
  pilot fit of run_tstar_varlasso at rho=0.30349
  -> rho_max = max|S_ij| (off-diag) = 0.33731
  rho grid: [0.33731498 0.29881614 0.26471129 0.23449894 0.20773483 0.18402538
 0.16302198 0.14441575 0.12793312 0.1133317  0.10039679 0.08893818
 0.07878738 0.06979513 0.06182918 0.05477242 0.04852107 0.0429832
 0.03807739 0.0337315 ]
Running run_tstar_varlasso over 20 rho values, extending until FPR >= 0.3...
  rho=0.33731 (1/20)
    fp=0.0002 tp=0.0000  [0.8s]
   nu  = 3.0000
  rho=0.29882 (2/20)
    fp=0.0004 tp=0.0109  [0.9s]
   nu  = 3.0000
  rho=0.26471 (3/20)
    fp=0.0010 tp=0.0543  [0.9s]
   nu  = 3.0000
  rho=0.23450 (4/20)
    fp=0.0031 tp=0.0870  [1.2s]
   nu  = 3.0000
  rho=0.20773 (5/20)
    fp=0.0066 tp=0.1304  [1.0s]
   nu  = 3.0000
  rho=0.18403 (6/20)
    fp=0.0126 tp=0.1957  [0.6s]
   nu  = 3.0000
  rho=0.16302 (7/20)
    fp=0.0226 tp=0.3261  [0.3s]
   nu  = 3.0000
  rho=0.14442 (8/20)
    fp=0.0362 tp=0.3804  [0.8s]
   nu  = 3.0000
  rho=0.12793 (9/20)
    fp=0.0533 tp=0.4457  [1.1s]
   nu  = 3.0000
  rho=0.11333 (10/20)
    fp=0.0762 tp=0.5217  [1.2s]
   nu  = 3.0000
  rho=0.10040 (11/20)
    fp=0.1025 tp=0.6304  [1.4s]
   nu  = 3.0000
  rho=0.08894 (12/20)
    fp=0.1278 tp=0.6739  [1.5s]
   nu  = 3.0000
  rho=0.07879 (13/20)
    fp=0.1538 tp=0.6848  [1.4s]
   nu  = 3.0000
  rho=0.06980 (14/20)
    fp=0.1820 tp=0.7391  [1.4s]
   nu  = 3.0000
  rho=0.06183 (15/20)
    fp=0.2106 tp=0.7500  [1.8s]
   nu  = 3.0000
  rho=0.05477 (16/20)
    fp=0.2343 tp=0.7826  [1.8s]
   nu  = 3.0000
  rho=0.04852 (17/20)
    fp=0.2602 tp=0.7935  [1.9s]
   nu  = 3.0000
  rho=0.04298 (18/20)
    fp=0.2851 tp=0.8152  [1.9s]
   nu  = 3.0000
  rho=0.03808 (19/20)
    fp=0.3094 tp=0.8370  [2.2s]
   nu  = 3.0000
  FPR 0.3094 >= fp_end=0.3; stopping after 19 fits
  grid stopped 1 points early at rho=0.03808, ending at FPR 0.3094
  pilot fit of run_em_diagonal at rho=0.30349
  -> rho_max = max|S_ij| (off-diag) = 0.47428
  rho grid: [0.47427855 0.42014762 0.37219482 0.32971503 0.2920836  0.25874716
 0.22921551 0.20305441 0.17987916 0.15934897 0.14116196 0.1250507
 0.11077826 0.09813478 0.08693434 0.07701225 0.06822259 0.06043613
 0.05353836 0.04742785]
Running run_em_diagonal over 20 rho values, extending until FPR >= 0.3...
  rho=0.47428 (1/20)
    fp=0.0002 tp=0.0000  [45.3s]
   median nu  = 0.044
   median |eta| = 4.349
  rho=0.42015 (2/20)
    fp=0.0004 tp=0.0000  [61.0s]
   median nu  = 0.047
   median |eta| = 4.272
  rho=0.37219 (3/20)
    fp=0.0012 tp=0.0326  [62.8s]
   median nu  = 0.051
   median |eta| = 4.257
  rho=0.32972 (4/20)
    fp=0.0029 tp=0.0978  [60.7s]
   median nu  = 0.056
   median |eta| = 3.982
  rho=0.29208 (5/20)
    fp=0.0060 tp=0.1087  [62.1s]
   median nu  = 0.063
   median |eta| = 3.76
  rho=0.25875 (6/20)
    fp=0.0130 tp=0.1522  [62.3s]
   median nu  = 0.071
   median |eta| = 3.538
  rho=0.22922 (7/20)
    fp=0.0243 tp=0.2283  [62.5s]
   median nu  = 0.081
   median |eta| = 3.379
  rho=0.20305 (8/20)
    fp=0.0375 tp=0.3370  [62.0s]
   median nu  = 0.098
   median |eta| = 3.413
  rho=0.17988 (9/20)
    fp=0.0537 tp=0.4239  [61.7s]
   median nu  = 0.115
   median |eta| = 3.268
  rho=0.15935 (10/20)
    fp=0.0725 tp=0.4783  [64.3s]
   median nu  = 0.135
   median |eta| = 2.77
  rho=0.14116 (11/20)
    fp=0.0926 tp=0.5435  [61.4s]
   median nu  = 0.15
   median |eta| = 2.364
  rho=0.12505 (12/20)
    fp=0.1157 tp=0.6196  [61.6s]
   median nu  = 0.187
   median |eta| = 2.329
  rho=0.11078 (13/20)
    fp=0.1373 tp=0.6739  [62.4s]
   median nu  = 0.211
   median |eta| = 2.382
  rho=0.09813 (14/20)
    fp=0.1562 tp=0.6848  [62.3s]
   median nu  = 0.228
   median |eta| = 2.421
  rho=0.08693 (15/20)
    fp=0.1760 tp=0.7065  [62.3s]
   median nu  = 0.236
   median |eta| = 2.183
  rho=0.07701 (16/20)
    fp=0.1966 tp=0.7717  [66.5s]
   median nu  = 0.265
   median |eta| = 2.219
  rho=0.06822 (17/20)
    fp=0.2155 tp=0.7826  [64.2s]
   median nu  = 0.271
   median |eta| = 2.084
  rho=0.06044 (18/20)
    fp=0.2285 tp=0.8152  [66.3s]
   median nu  = 0.302
   median |eta| = 2.322
  rho=0.05354 (19/20)
    fp=0.2417 tp=0.8370  [68.4s]
   median nu  = 0.316
   median |eta| = 2.8
  rho=0.04743 (20/20)
    fp=0.2555 tp=0.8587  [69.9s]
   median nu  = 0.282
   median |eta| = 3.442
  rho=0.04201 (21/21)  [extra 1/50]
    fp=0.2684 tp=0.8913  [68.4s]
   median nu  = 0.291
   median |eta| = 4.23
  rho=0.03722 (22/22)  [extra 2/50]
    fp=0.2746 tp=0.9130  [68.0s]
   median nu  = 0.278
   median |eta| = 4.685
  rho=0.03297 (23/23)  [extra 3/50]
    fp=0.2865 tp=0.9022  [61.6s]
   median nu  = 0.382
   median |eta| = 2.372
  rho=0.02921 (24/24)  [extra 4/50]
    fp=0.2935 tp=0.9130  [68.9s]
   median nu  = 0.236
   median |eta| = 6.229
  rho=0.02587 (25/25)  [extra 5/50]
    fp=0.3044 tp=0.9022  [77.3s]
   median nu  = 0.304
   median |eta| = 3.963
  FPR 0.3044 >= fp_end=0.3; stopping after 25 fits
  grid extended by 5 points down to rho=0.02587, ending at FPR 0.3044
  pilot fit of run_em_exact at rho=0.30349
  -> rho_max = max|S_ij| (off-diag) = 0.47571
  rho grid: [0.47571376 0.42141902 0.37332112 0.33071278 0.29296747 0.25953015
 0.22990914 0.20366887 0.18042349 0.15983118 0.14158913 0.12542911
 0.11111348 0.09843175 0.08719741 0.07724529 0.06842904 0.06061901
 0.05370037 0.04757138]
Running run_em_exact over 20 rho values, extending until FPR >= 0.3...
  rho=0.47571 (1/20)
    fp=0.0002 tp=0.0000  [58.1s]
   median nu  = 0.043
   median |eta| = 4.355
  rho=0.42142 (2/20)
    fp=0.0004 tp=0.0000  [64.1s]
   median nu  = 0.047
   median |eta| = 4.265
  rho=0.37332 (3/20)
    fp=0.0012 tp=0.0326  [64.8s]
   median nu  = 0.051
   median |eta| = 4.231
  rho=0.33071 (4/20)
    fp=0.0029 tp=0.0978  [63.5s]
   median nu  = 0.056
   median |eta| = 3.803
  rho=0.29297 (5/20)
    fp=0.0060 tp=0.1087  [62.1s]
   median nu  = 0.063
   median |eta| = 3.509
  rho=0.25953 (6/20)
    fp=0.0132 tp=0.1522  [63.4s]
   median nu  = 0.071
   median |eta| = 3.145
  rho=0.22991 (7/20)
    fp=0.0251 tp=0.2391  [57.8s]
   median nu  = 0.082
   median |eta| = 2.772
  rho=0.20367 (8/20)
    fp=0.0393 tp=0.3370  [55.0s]
   median nu  = 0.101
   median |eta| = 2.395
  rho=0.18042 (9/20)
    fp=0.0572 tp=0.4348  [81.6s]
   median nu  = 0.129
   median |eta| = 1.877
  rho=0.15983 (10/20)
    fp=0.0770 tp=0.4891  [80.8s]
   median nu  = 0.159
   median |eta| = 1.423
  rho=0.14159 (11/20)
    fp=0.1040 tp=0.5543  [73.6s]
   median nu  = 0.204
   median |eta| = 1.076
  rho=0.12543 (12/20)
    fp=0.1284 tp=0.6304  [67.2s]
   median nu  = 0.26
   median |eta| = 0.715
  rho=0.11111 (13/20)
    fp=0.1554 tp=0.6848  [69.6s]
   median nu  = 0.335
   median |eta| = 0.506
  rho=0.09843 (14/20)
    fp=0.1776 tp=0.6848  [73.8s]
   median nu  = 0.419
   median |eta| = 0.328
  rho=0.08720 (15/20)
    fp=0.2023 tp=0.7283  [70.1s]
   median nu  = 0.488
   median |eta| = 0.238
  rho=0.07725 (16/20)
    fp=0.2223 tp=0.7500  [83.1s]
   median nu  = 0.591
   median |eta| = 0.16
  rho=0.06843 (17/20)
    fp=0.2448 tp=0.7935  [81.9s]
   median nu  = 0.676
   median |eta| = 0.114
  rho=0.06062 (18/20)
    fp=0.2651 tp=0.8152  [81.1s]
   median nu  = 0.763
   median |eta| = 0.083
  rho=0.05370 (19/20)
    fp=0.2806 tp=0.8152  [83.0s]
   median nu  = 0.895
   median |eta| = 0.058
  rho=0.04757 (20/20)
    fp=0.2942 tp=0.8370  [84.1s]
   median nu  = 0.997
   median |eta| = 0.044
  rho=0.04214 (21/21)  [extra 1/50]
    fp=0.3079 tp=0.8696  [82.9s]
   median nu  = 1.093
   median |eta| = 0.032
  FPR 0.3079 >= fp_end=0.3; stopping after 21 fits
  grid extended by 1 points down to rho=0.04214, ending at FPR 0.3079
  graphical_lasso rho_max = max|S_ij| (off-diag) = 0.52222
  rho grid: [0.52221865 0.46261616 0.40981629 0.36304264 0.32160742 0.28490133
 0.25238463 0.22357916 0.19806135 0.17545598 0.15543062 0.13769083
 0.12197573 0.10805425 0.09572167 0.08479665 0.07511854 0.06654502
 0.05895002 0.05222186]
Running graphical_lasso over 20 rho values, extending until FPR >= 0.3...
  rho=0.52222 (1/20)
    fp=0.0000 tp=0.0000  [0.1s]
  rho=0.46262 (2/20)
    fp=0.0004 tp=0.0000  [0.2s]
  rho=0.40982 (3/20)
    fp=0.0008 tp=0.0217  [130.8s]
  rho=0.36304 (4/20)
    fp=0.0037 tp=0.0978  [133.5s]
  rho=0.32161 (5/20)
    fp=0.0084 tp=0.1304  [141.2s]
  rho=0.28490 (6/20)
    fp=0.0189 tp=0.1739  [93.2s]
  rho=0.25238 (7/20)
    fp=0.0350 tp=0.2717  [95.1s]
  rho=0.22358 (8/20)
    fp=0.0566 tp=0.3696  [102.7s]
  rho=0.19806 (9/20)
    fp=0.0817 tp=0.4565  [104.6s]
  rho=0.17546 (10/20)
    fp=0.1124 tp=0.5000  [0.2s]
  rho=0.15543 (11/20)
    fp=0.1427 tp=0.5435  [0.2s]
  rho=0.13769 (12/20)
    fp=0.1744 tp=0.6087  [0.1s]
  rho=0.12198 (13/20)
    fp=0.2116 tp=0.6739  [0.2s]
  rho=0.10805 (14/20)
    fp=0.2485 tp=0.7065  [0.2s]
  rho=0.09572 (15/20)
    fp=0.2845 tp=0.7283  [4.4s]
  rho=0.08480 (16/20)
    fp=0.3172 tp=0.7391  [3.7s]
  FPR 0.3172 >= fp_end=0.3; stopping after 16 fits
  [note] 7/16 fits hit a glasso ConvergenceWarning (suppressed)
  grid stopped 4 points early at rho=0.08480, ending at FPR 0.3172

(p=100, n=50) over 26 replicates
  t+lasso  (run_em_diagonal):    AUC = 0.198 (SE 0.003)
  ~t+lasso (run_em_exact):       AUC = 0.190 (SE 0.003)
  tlasso   (run_tlasso):         AUC = 0.162 (SE 0.003)
  t*lasso  (run_tstar_varlasso): AUC = 0.194 (SE 0.003)
  glasso   (graphical_lasso):    AUC = 0.161 (SE 0.003)
Replicate 27/50
  Theta: 92/4950 edges
  pilot fit of run_tlasso at rho=30.34854
  -> rho_max = max|S_ij| (off-diag) = 12.64181
  [warn] pilot rho 30.34854 > rho_max 12.64181: it falls off the top of this method's grid
  rho grid: [12.64181265 11.19896199  9.92078852  8.78849708  7.7854377   6.89686071
  6.10969986  5.41238021  4.79464788  4.24741933  3.76264773  3.33320467
  2.95277532  2.6157656   2.31721987  2.05274813  1.8184614   1.61091456
  1.42705571  1.26418126]
Running run_tlasso over 20 rho values, extending until FPR >= 0.3...
  rho=12.64181 (1/20)
    fp=0.0000 tp=0.0000  [0.7s]
   nu  = 3.0000
  rho=11.19896 (2/20)
    fp=0.0000 tp=0.0000  [0.5s]
   nu  = 3.0000
  rho=9.92079 (3/20)
    fp=0.0000 tp=0.0000  [0.5s]
   nu  = 3.0000
  rho=8.78850 (4/20)
    fp=0.0000 tp=0.0000  [0.5s]
   nu  = 3.0000
  rho=7.78544 (5/20)
    fp=0.0002 tp=0.0326  [1.1s]
   nu  = 3.0000
  rho=6.89686 (6/20)
    fp=0.0008 tp=0.0435  [1.0s]
   nu  = 3.0000
  rho=6.10970 (7/20)
    fp=0.0012 tp=0.0761  [1.3s]
   nu  = 3.0000
  rho=5.41238 (8/20)
    fp=0.0021 tp=0.0761  [1.3s]
   nu  = 3.0000
  rho=4.79465 (9/20)
    fp=0.0035 tp=0.0761  [1.4s]
   nu  = 3.0000
  rho=4.24742 (10/20)
    fp=0.0056 tp=0.1196  [1.5s]
   nu  = 3.0000
  rho=3.76265 (11/20)
    fp=0.0115 tp=0.1630  [1.6s]
   nu  = 3.0000
  rho=3.33320 (12/20)
    fp=0.0193 tp=0.1848  [1.8s]
   nu  = 3.0000
  rho=2.95278 (13/20)
    fp=0.0315 tp=0.2500  [1.9s]
   nu  = 3.0000
  rho=2.61577 (14/20)
    fp=0.0455 tp=0.3152  [1.9s]
   nu  = 3.0000
  rho=2.31722 (15/20)
    fp=0.0650 tp=0.4239  [1.7s]
   nu  = 3.0000
  rho=2.05275 (16/20)
    fp=0.0953 tp=0.5109  [2.7s]
   nu  = 3.0000
  rho=1.81846 (17/20)
    fp=0.1400 tp=0.5543  [5.0s]
   nu  = 3.0000
  rho=1.61091 (18/20)
    fp=0.1879 tp=0.5978  [3.3s]
   nu  = 3.0000
  rho=1.42706 (19/20)
    fp=0.2384 tp=0.6304  [5.5s]
   nu  = 3.0000
  rho=1.26418 (20/20)
    fp=0.2814 tp=0.6630  [4.5s]
   nu  = 3.0000
  rho=1.11990 (21/21)  [extra 1/50]
    fp=0.3213 tp=0.7065  [4.5s]
   nu  = 3.0000
  FPR 0.3213 >= fp_end=0.3; stopping after 21 fits
  grid extended by 1 points down to rho=1.11990, ending at FPR 0.3213
  pilot fit of run_tstar_varlasso at rho=0.30349
  -> rho_max = max|S_ij| (off-diag) = 0.40178
  rho grid: [0.40178258 0.35592584 0.31530288 0.27931635 0.24743708 0.21919629
 0.19417872 0.17201648 0.15238368 0.13499164 0.11958461 0.10593604
 0.09384522 0.08313436 0.07364597 0.06524052 0.05779441 0.05119815
 0.04535474 0.04017826]
Running run_tstar_varlasso over 20 rho values, extending until FPR >= 0.3...
  rho=0.40178 (1/20)
    fp=0.0000 tp=0.0326  [1.0s]
   nu  = 3.0000
  rho=0.35593 (2/20)
    fp=0.0002 tp=0.0652  [1.0s]
   nu  = 3.0000
  rho=0.31530 (3/20)
    fp=0.0006 tp=0.0761  [1.0s]
   nu  = 3.0000
  rho=0.27932 (4/20)
    fp=0.0014 tp=0.0870  [1.0s]
   nu  = 3.0000
  rho=0.24744 (5/20)
    fp=0.0037 tp=0.1196  [1.0s]
   nu  = 3.0000
  rho=0.21920 (6/20)
    fp=0.0074 tp=0.1522  [1.1s]
   nu  = 3.0000
  rho=0.19418 (7/20)
    fp=0.0148 tp=0.2065  [1.2s]
   nu  = 3.0000
  rho=0.17202 (8/20)
    fp=0.0237 tp=0.2717  [1.0s]
   nu  = 3.0000
  rho=0.15238 (9/20)
    fp=0.0352 tp=0.3478  [1.3s]
   nu  = 3.0000
  rho=0.13499 (10/20)
    fp=0.0459 tp=0.4565  [1.4s]
   nu  = 3.0000
  rho=0.11958 (11/20)
    fp=0.0624 tp=0.5109  [1.0s]
   nu  = 3.0000
  rho=0.10594 (12/20)
    fp=0.0869 tp=0.5435  [1.0s]
   nu  = 3.0000
  rho=0.09385 (13/20)
    fp=0.1112 tp=0.6087  [1.0s]
   nu  = 3.0000
  rho=0.08313 (14/20)
    fp=0.1352 tp=0.6304  [1.0s]
   nu  = 3.0000
  rho=0.07365 (15/20)
    fp=0.1608 tp=0.6522  [1.1s]
   nu  = 3.0000
  rho=0.06524 (16/20)
    fp=0.1896 tp=0.6739  [1.1s]
   nu  = 3.0000
  rho=0.05779 (17/20)
    fp=0.2172 tp=0.6848  [1.0s]
   nu  = 3.0000
  rho=0.05120 (18/20)
    fp=0.2474 tp=0.7283  [1.2s]
   nu  = 3.0000
  rho=0.04535 (19/20)
    fp=0.2736 tp=0.7826  [1.7s]
   nu  = 3.0000
  rho=0.04018 (20/20)
    fp=0.2997 tp=0.8043  [1.8s]
   nu  = 3.0000
  rho=0.03559 (21/21)  [extra 1/50]
    fp=0.3232 tp=0.8261  [1.7s]
   nu  = 3.0000
  FPR 0.3232 >= fp_end=0.3; stopping after 21 fits
  grid extended by 1 points down to rho=0.03559, ending at FPR 0.3232
  pilot fit of run_em_diagonal at rho=0.30349
  -> rho_max = max|S_ij| (off-diag) = 0.54854
  rho grid: [0.54853516 0.48592908 0.43046843 0.38133769 0.33781439 0.29925855
 0.26510321 0.23484613 0.20804239 0.18429784 0.16326334 0.14462957
 0.12812253 0.1134995  0.10054544 0.08906986 0.07890403 0.06989846
 0.06192073 0.05485352]
Running run_em_diagonal over 20 rho values, extending until FPR >= 0.3...
  rho=0.54854 (1/20)
    fp=0.0000 tp=0.0217  [54.5s]
   median nu  = 0.04
   median |eta| = 4.533
  rho=0.48593 (2/20)
    fp=0.0002 tp=0.0435  [61.4s]
   median nu  = 0.043
   median |eta| = 4.447
  rho=0.43047 (3/20)
    fp=0.0010 tp=0.0652  [62.5s]
   median nu  = 0.047
   median |eta| = 4.076
  rho=0.38134 (4/20)
    fp=0.0021 tp=0.0761  [61.4s]
   median nu  = 0.051
   median |eta| = 3.906
  rho=0.33781 (5/20)
    fp=0.0056 tp=0.1304  [62.9s]
   median nu  = 0.057
   median |eta| = 3.573
  rho=0.29926 (6/20)
    fp=0.0101 tp=0.1630  [60.8s]
   median nu  = 0.066
   median |eta| = 3.567
  rho=0.26510 (7/20)
    fp=0.0161 tp=0.1848  [63.8s]
   median nu  = 0.075
   median |eta| = 3.651
  rho=0.23485 (8/20)
    fp=0.0251 tp=0.2174  [61.2s]
   median nu  = 0.089
   median |eta| = 3.821
  rho=0.20804 (9/20)
    fp=0.0375 tp=0.3043  [61.7s]
   median nu  = 0.104
   median |eta| = 3.873
  rho=0.18430 (10/20)
    fp=0.0519 tp=0.3913  [63.8s]
   median nu  = 0.125
   median |eta| = 3.664
  rho=0.16326 (11/20)
    fp=0.0648 tp=0.4565  [61.9s]
   median nu  = 0.146
   median |eta| = 3.361
  rho=0.14463 (12/20)
    fp=0.0832 tp=0.5326  [61.1s]
   median nu  = 0.17
   median |eta| = 3.102
  rho=0.12812 (13/20)
    fp=0.1023 tp=0.5761  [60.2s]
   median nu  = 0.195
   median |eta| = 2.691
  rho=0.11350 (14/20)
    fp=0.1227 tp=0.6196  [62.0s]
   median nu  = 0.224
   median |eta| = 2.357
  rho=0.10055 (15/20)
    fp=0.1445 tp=0.6522  [62.1s]
   median nu  = 0.231
   median |eta| = 1.983
  rho=0.08907 (16/20)
    fp=0.1624 tp=0.6739  [60.8s]
   median nu  = 0.257
   median |eta| = 1.843
  rho=0.07890 (17/20)
    fp=0.1807 tp=0.7283  [59.8s]
   median nu  = 0.294
   median |eta| = 1.707
  rho=0.06990 (18/20)
    fp=0.1962 tp=0.7500  [62.4s]
   median nu  = 0.309
   median |eta| = 1.795
  rho=0.06192 (19/20)
    fp=0.2131 tp=0.7609  [64.0s]
   median nu  = 0.319
   median |eta| = 2.017
  rho=0.05485 (20/20)
    fp=0.2268 tp=0.7935  [68.0s]
   median nu  = 0.317
   median |eta| = 1.891
  rho=0.04859 (21/21)  [extra 1/50]
    fp=0.2439 tp=0.8043  [63.1s]
   median nu  = 0.354
   median |eta| = 1.841
  rho=0.04305 (22/22)  [extra 2/50]
    fp=0.2569 tp=0.8370  [64.9s]
   median nu  = 0.375
   median |eta| = 1.216
  rho=0.03813 (23/23)  [extra 3/50]
    fp=0.2657 tp=0.8587  [66.7s]
   median nu  = 0.513
   median |eta| = 0.949
  rho=0.03378 (24/24)  [extra 4/50]
    fp=0.2779 tp=0.8587  [67.5s]
   median nu  = 0.593
   median |eta| = 0.715
  rho=0.02993 (25/25)  [extra 5/50]
    fp=0.2867 tp=0.8804  [79.6s]
   median nu  = 0.574
   median |eta| = 0.823
  rho=0.02651 (26/26)  [extra 6/50]
    fp=0.3014 tp=0.8587  [76.0s]
   median nu  = 0.569
   median |eta| = 0.513
  FPR 0.3014 >= fp_end=0.3; stopping after 26 fits
  grid extended by 6 points down to rho=0.02651, ending at FPR 0.3014
  pilot fit of run_em_exact at rho=0.30349
  -> rho_max = max|S_ij| (off-diag) = 0.56388
  rho grid: [0.56388036 0.49952289 0.44251074 0.39200557 0.34726471 0.30763028
 0.27251945 0.24141593 0.21386235 0.18945356 0.16783061 0.14867557
 0.13170675 0.11667463 0.10335818 0.09156158 0.08111136 0.07185386
 0.06365295 0.05638804]
Running run_em_exact over 20 rho values, extending until FPR >= 0.3...
  rho=0.56388 (1/20)
    fp=0.0000 tp=0.0109  [61.1s]
   median nu  = 0.039
   median |eta| = 4.503
  rho=0.49952 (2/20)
    fp=0.0002 tp=0.0435  [64.4s]
   median nu  = 0.042
   median |eta| = 4.301
  rho=0.44251 (3/20)
    fp=0.0010 tp=0.0652  [63.5s]
   median nu  = 0.046
   median |eta| = 3.948
  rho=0.39201 (4/20)
    fp=0.0019 tp=0.0761  [63.1s]
   median nu  = 0.05
   median |eta| = 3.763
  rho=0.34726 (5/20)
    fp=0.0047 tp=0.1087  [64.4s]
   median nu  = 0.056
   median |eta| = 3.414
  rho=0.30763 (6/20)
    fp=0.0086 tp=0.1413  [55.3s]
   median nu  = 0.064
   median |eta| = 3.244
  rho=0.27252 (7/20)
    fp=0.0159 tp=0.1848  [59.6s]
   median nu  = 0.074
   median |eta| = 3.156
  rho=0.24142 (8/20)
    fp=0.0251 tp=0.1957  [80.2s]
   median nu  = 0.088
   median |eta| = 2.865
  rho=0.21386 (9/20)
    fp=0.0368 tp=0.2717  [83.2s]
   median nu  = 0.107
   median |eta| = 2.419
  rho=0.18945 (10/20)
    fp=0.0527 tp=0.3804  [75.1s]
   median nu  = 0.131
   median |eta| = 1.88
  rho=0.16783 (11/20)
    fp=0.0665 tp=0.4674  [64.4s]
   median nu  = 0.165
   median |eta| = 1.243
  rho=0.14868 (12/20)
    fp=0.0875 tp=0.5000  [66.6s]
   median nu  = 0.218
   median |eta| = 0.986
  rho=0.13171 (13/20)
    fp=0.1103 tp=0.5435  [69.8s]
   median nu  = 0.288
   median |eta| = 0.713
  rho=0.11667 (14/20)
    fp=0.1328 tp=0.6087  [69.9s]
   median nu  = 0.378
   median |eta| = 0.539
  rho=0.10336 (15/20)
    fp=0.1591 tp=0.6522  [83.0s]
   median nu  = 0.448
   median |eta| = 0.414
  rho=0.09156 (16/20)
    fp=0.1834 tp=0.6739  [70.2s]
   median nu  = 0.523
   median |eta| = 0.289
  rho=0.08111 (17/20)
    fp=0.2028 tp=0.7283  [69.8s]
   median nu  = 0.624
   median |eta| = 0.197
  rho=0.07185 (18/20)
    fp=0.2215 tp=0.7283  [68.3s]
   median nu  = 0.715
   median |eta| = 0.135
  rho=0.06365 (19/20)
    fp=0.2423 tp=0.7609  [71.6s]
   median nu  = 0.822
   median |eta| = 0.094
  rho=0.05639 (20/20)
    fp=0.2602 tp=0.7935  [82.8s]
   median nu  = 0.91
   median |eta| = 0.068
  rho=0.04995 (21/21)  [extra 1/50]
    fp=0.2734 tp=0.7935  [82.4s]
   median nu  = 1.016
   median |eta| = 0.043
  rho=0.04425 (22/22)  [extra 2/50]
    fp=0.2929 tp=0.8152  [84.4s]
   median nu  = 1.117
   median |eta| = 0.032
  rho=0.03920 (23/23)  [extra 3/50]
    fp=0.3108 tp=0.8261  [82.5s]
   median nu  = 1.239
   median |eta| = 0.024
  FPR 0.3108 >= fp_end=0.3; stopping after 23 fits
  grid extended by 3 points down to rho=0.03920, ending at FPR 0.3108
  graphical_lasso rho_max = max|S_ij| (off-diag) = 0.60730
  rho grid: [0.60730311 0.53798966 0.47658717 0.42219275 0.37400653 0.33131997
 0.29350536 0.26000665 0.23033126 0.20404281 0.18075475 0.16012463
 0.14184909 0.1256594  0.11131749 0.09861247 0.08735751 0.07738712
 0.06855468 0.06073031]
Running graphical_lasso over 20 rho values, extending until FPR >= 0.3...
  rho=0.60730 (1/20)
    fp=0.0000 tp=0.0000  [0.1s]
  rho=0.53799 (2/20)
    fp=0.0002 tp=0.0326  [0.1s]
  rho=0.47659 (3/20)
    fp=0.0008 tp=0.0543  [142.8s]
  rho=0.42219 (4/20)
    fp=0.0025 tp=0.0761  [113.3s]
  rho=0.37401 (5/20)
    fp=0.0045 tp=0.0978  [92.6s]
  rho=0.33132 (6/20)
    fp=0.0128 tp=0.1739  [101.3s]
  rho=0.29351 (7/20)
    fp=0.0222 tp=0.2174  [105.9s]
  rho=0.26001 (8/20)
    fp=0.0385 tp=0.2826  [0.4s]
  rho=0.23033 (9/20)
    fp=0.0552 tp=0.3370  [99.5s]
  rho=0.20404 (10/20)
    fp=0.0803 tp=0.4783  [98.6s]
  rho=0.18075 (11/20)
    fp=0.1066 tp=0.5109  [100.9s]
  rho=0.16012 (12/20)
    fp=0.1383 tp=0.5652  [0.4s]
  rho=0.14185 (13/20)
    fp=0.1741 tp=0.5761  [0.2s]
  rho=0.12566 (14/20)
    fp=0.2147 tp=0.6196  [99.1s]
  rho=0.11132 (15/20)
    fp=0.2511 tp=0.6413  [0.2s]
  rho=0.09861 (16/20)
    fp=0.2828 tp=0.6522  [1.4s]
  rho=0.08736 (17/20)
    fp=0.3189 tp=0.7065  [0.2s]
  FPR 0.3189 >= fp_end=0.3; stopping after 17 fits
  [note] 9/17 fits hit a glasso ConvergenceWarning (suppressed)
  grid stopped 3 points early at rho=0.08736, ending at FPR 0.3189

(p=100, n=50) over 27 replicates
  t+lasso  (run_em_diagonal):    AUC = 0.197 (SE 0.003)
  ~t+lasso (run_em_exact):       AUC = 0.190 (SE 0.003)
  tlasso   (run_tlasso):         AUC = 0.162 (SE 0.003)
  t*lasso  (run_tstar_varlasso): AUC = 0.193 (SE 0.003)
  glasso   (graphical_lasso):    AUC = 0.161 (SE 0.003)
Replicate 28/50
  Theta: 89/4950 edges
  pilot fit of run_tlasso at rho=30.34854
  -> rho_max = max|S_ij| (off-diag) = 14.03918
  [warn] pilot rho 30.34854 > rho_max 14.03918: it falls off the top of this method's grid
  rho grid: [14.03917918 12.4368426  11.01738584  9.75993623  8.64600338  7.65920727
  6.78503736  6.01063927  5.32462572  4.71690909  4.17855312  3.70164144
  3.27916122  2.90490003  2.57335446  2.27964926  2.01946557  1.78897748
  1.58479574  1.40391792]
Running run_tlasso over 20 rho values, extending until FPR >= 0.3...
  rho=14.03918 (1/20)
    fp=0.0000 tp=0.0000  [0.5s]
   nu  = 3.0000
  rho=12.43684 (2/20)
    fp=0.0000 tp=0.0000  [0.4s]
   nu  = 3.0000
  rho=11.01739 (3/20)
    fp=0.0000 tp=0.0000  [0.4s]
   nu  = 3.0000
  rho=9.75994 (4/20)
    fp=0.0002 tp=0.0112  [0.8s]
   nu  = 3.0000
  rho=8.64600 (5/20)
    fp=0.0004 tp=0.0225  [0.8s]
   nu  = 3.0000
  rho=7.65921 (6/20)
    fp=0.0006 tp=0.0449  [0.9s]
   nu  = 3.0000
  rho=6.78504 (7/20)
    fp=0.0014 tp=0.0674  [1.0s]
   nu  = 3.0000
  rho=6.01064 (8/20)
    fp=0.0029 tp=0.0787  [0.9s]
   nu  = 3.0000
  rho=5.32463 (9/20)
    fp=0.0039 tp=0.1011  [1.1s]
   nu  = 3.0000
  rho=4.71691 (10/20)
    fp=0.0058 tp=0.1348  [1.1s]
   nu  = 3.0000
  rho=4.17855 (11/20)
    fp=0.0113 tp=0.1910  [1.3s]
   nu  = 3.0000
  rho=3.70164 (12/20)
    fp=0.0181 tp=0.2135  [1.4s]
   nu  = 3.0000
  rho=3.27916 (13/20)
    fp=0.0267 tp=0.2809  [1.5s]
   nu  = 3.0000
  rho=2.90490 (14/20)
    fp=0.0420 tp=0.3371  [1.5s]
   nu  = 3.0000
  rho=2.57335 (15/20)
    fp=0.0623 tp=0.3708  [1.5s]
   nu  = 3.0000
  rho=2.27965 (16/20)
    fp=0.0965 tp=0.4270  [2.2s]
   nu  = 3.0000
  rho=2.01947 (17/20)
    fp=0.1374 tp=0.5169  [2.4s]
   nu  = 3.0000
  rho=1.78898 (18/20)
    fp=0.1767 tp=0.5393  [2.6s]
   nu  = 3.0000
  rho=1.58480 (19/20)
    fp=0.2179 tp=0.5843  [3.2s]
   nu  = 3.0000
  rho=1.40392 (20/20)
    fp=0.2604 tp=0.6067  [3.1s]
   nu  = 3.0000
  rho=1.24368 (21/21)  [extra 1/50]
    fp=0.3055 tp=0.6854  [3.1s]
   nu  = 3.0000
  FPR 0.3055 >= fp_end=0.3; stopping after 21 fits
  grid extended by 1 points down to rho=1.24368, ending at FPR 0.3055
  pilot fit of run_tstar_varlasso at rho=0.30349
  -> rho_max = max|S_ij| (off-diag) = 0.45299
  rho grid: [0.45299045 0.4012892  0.35548877 0.3149157  0.27897336 0.24713324
 0.21892713 0.19394027 0.17180524 0.15219656 0.13482588 0.11943777
 0.10580595 0.09372998 0.08303228 0.07355554 0.06516041 0.05772344
 0.05113528 0.04529905]
Running run_tstar_varlasso over 20 rho values, extending until FPR >= 0.3...
  rho=0.45299 (1/20)
    fp=0.0002 tp=0.0000  [0.8s]
   nu  = 3.0000
  rho=0.40129 (2/20)
    fp=0.0002 tp=0.0112  [0.7s]
   nu  = 3.0000
  rho=0.35549 (3/20)
    fp=0.0006 tp=0.0674  [0.7s]
   nu  = 3.0000
  rho=0.31492 (4/20)
    fp=0.0012 tp=0.0899  [0.8s]
   nu  = 3.0000
  rho=0.27897 (5/20)
    fp=0.0033 tp=0.1124  [0.8s]
   nu  = 3.0000
  rho=0.24713 (6/20)
    fp=0.0062 tp=0.1685  [0.5s]
   nu  = 3.0000
  rho=0.21893 (7/20)
    fp=0.0103 tp=0.2247  [0.4s]
   nu  = 3.0000
  rho=0.19394 (8/20)
    fp=0.0179 tp=0.2809  [0.5s]
   nu  = 3.0000
  rho=0.17181 (9/20)
    fp=0.0288 tp=0.3258  [0.5s]
   nu  = 3.0000
  rho=0.15220 (10/20)
    fp=0.0422 tp=0.4157  [0.6s]
   nu  = 3.0000
  rho=0.13483 (11/20)
    fp=0.0640 tp=0.5056  [0.6s]
   nu  = 3.0000
  rho=0.11944 (12/20)
    fp=0.0850 tp=0.5281  [0.7s]
   nu  = 3.0000
  rho=0.10581 (13/20)
    fp=0.1053 tp=0.5506  [0.8s]
   nu  = 3.0000
  rho=0.09373 (14/20)
    fp=0.1302 tp=0.5955  [0.9s]
   nu  = 3.0000
  rho=0.08303 (15/20)
    fp=0.1559 tp=0.6292  [0.7s]
   nu  = 3.0000
  rho=0.07356 (16/20)
    fp=0.1856 tp=0.6629  [0.6s]
   nu  = 3.0000
  rho=0.06516 (17/20)
    fp=0.2123 tp=0.6966  [0.7s]
   nu  = 3.0000
  rho=0.05772 (18/20)
    fp=0.2372 tp=0.7416  [0.9s]
   nu  = 3.0000
  rho=0.05114 (19/20)
    fp=0.2606 tp=0.7865  [0.8s]
   nu  = 3.0000
  rho=0.04530 (20/20)
    fp=0.2845 tp=0.7978  [1.7s]
   nu  = 3.0000
  rho=0.04013 (21/21)  [extra 1/50]
    fp=0.3082 tp=0.8090  [1.8s]
   nu  = 3.0000
  FPR 0.3082 >= fp_end=0.3; stopping after 21 fits
  grid extended by 1 points down to rho=0.04013, ending at FPR 0.3082
  pilot fit of run_em_diagonal at rho=0.30349
  -> rho_max = max|S_ij| (off-diag) = 0.58748
  rho grid: [0.58748209 0.52043087 0.46103243 0.40841332 0.36179979 0.32050642
 0.283926   0.25152061 0.22281376 0.19738331 0.17485532 0.15489852
 0.13721945 0.12155816 0.10768433 0.09539398 0.08450635 0.07486137
 0.0663172  0.05874821]
Running run_em_diagonal over 20 rho values, extending until FPR >= 0.3...
  rho=0.58748 (1/20)
    fp=0.0004 tp=0.0000  [57.8s]
   median nu  = 0.04
   median |eta| = 5.139
  rho=0.52043 (2/20)
    fp=0.0006 tp=0.0562  [62.3s]
   median nu  = 0.043
   median |eta| = 4.569
  rho=0.46103 (3/20)
    fp=0.0014 tp=0.0674  [61.6s]
   median nu  = 0.046
   median |eta| = 4.367
  rho=0.40841 (4/20)
    fp=0.0025 tp=0.0899  [63.1s]
   median nu  = 0.05
   median |eta| = 4.409
  rho=0.36180 (5/20)
    fp=0.0047 tp=0.1236  [61.1s]
   median nu  = 0.055
   median |eta| = 4.111
  rho=0.32051 (6/20)
    fp=0.0107 tp=0.1910  [63.7s]
   median nu  = 0.06
   median |eta| = 3.993
  rho=0.28393 (7/20)
    fp=0.0152 tp=0.2247  [61.6s]
   median nu  = 0.068
   median |eta| = 3.782
  rho=0.25152 (8/20)
    fp=0.0259 tp=0.2921  [61.8s]
   median nu  = 0.079
   median |eta| = 3.671
  rho=0.22281 (9/20)
    fp=0.0364 tp=0.3258  [64.0s]
   median nu  = 0.089
   median |eta| = 3.649
  rho=0.19738 (10/20)
    fp=0.0502 tp=0.3708  [61.7s]
   median nu  = 0.103
   median |eta| = 3.52
  rho=0.17486 (11/20)
    fp=0.0654 tp=0.4382  [62.1s]
   median nu  = 0.12
   median |eta| = 3.338
  rho=0.15490 (12/20)
    fp=0.0811 tp=0.5056  [60.9s]
   median nu  = 0.136
   median |eta| = 3.27
  rho=0.13722 (13/20)
    fp=0.0983 tp=0.5843  [61.8s]
   median nu  = 0.162
   median |eta| = 3.035
  rho=0.12156 (14/20)
    fp=0.1162 tp=0.5955  [62.9s]
   median nu  = 0.189
   median |eta| = 2.844
  rho=0.10768 (15/20)
    fp=0.1347 tp=0.6180  [61.6s]
   median nu  = 0.204
   median |eta| = 2.904
  rho=0.09539 (16/20)
    fp=0.1555 tp=0.6966  [61.3s]
   median nu  = 0.211
   median |eta| = 2.979
  rho=0.08451 (17/20)
    fp=0.1740 tp=0.7528  [60.5s]
   median nu  = 0.211
   median |eta| = 3.19
  rho=0.07486 (18/20)
    fp=0.1880 tp=0.8090  [62.1s]
   median nu  = 0.216
   median |eta| = 3.081
  rho=0.06632 (19/20)
    fp=0.2014 tp=0.8090  [72.8s]
   median nu  = 0.233
   median |eta| = 3.194
  rho=0.05875 (20/20)
    fp=0.2137 tp=0.8202  [69.8s]
   median nu  = 0.249
   median |eta| = 3.535
  rho=0.05204 (21/21)  [extra 1/50]
    fp=0.2253 tp=0.8315  [68.6s]
   median nu  = 0.252
   median |eta| = 4.096
  rho=0.04610 (22/22)  [extra 2/50]
    fp=0.2388 tp=0.8315  [70.4s]
   median nu  = 0.248
   median |eta| = 4.196
  rho=0.04084 (23/23)  [extra 3/50]
    fp=0.2510 tp=0.8539  [71.9s]
   median nu  = 0.231
   median |eta| = 4.968
  rho=0.03618 (24/24)  [extra 4/50]
    fp=0.2590 tp=0.8539  [88.4s]
   median nu  = 0.229
   median |eta| = 5.104
  rho=0.03205 (25/25)  [extra 5/50]
    fp=0.2744 tp=0.8539  [72.0s]
   median nu  = 0.294
   median |eta| = 3.979
  rho=0.02839 (26/26)  [extra 6/50]
    fp=0.2806 tp=0.8764  [68.2s]
   median nu  = 0.233
   median |eta| = 5.537
  rho=0.02515 (27/27)  [extra 7/50]
    fp=0.2923 tp=0.8539  [69.9s]
   median nu  = 0.284
   median |eta| = 3.928
  rho=0.02228 (28/28)  [extra 8/50]
    fp=0.3028 tp=0.8539  [67.6s]
   median nu  = 0.34
   median |eta| = 3.035
  FPR 0.3028 >= fp_end=0.3; stopping after 28 fits
  grid extended by 8 points down to rho=0.02228, ending at FPR 0.3028
  pilot fit of run_em_exact at rho=0.30349
  -> rho_max = max|S_ij| (off-diag) = 0.59836
  rho grid: [0.59835857 0.53006598 0.46956785 0.41597456 0.36849805 0.32644019
 0.28918252 0.25617719 0.22693887 0.20103761 0.17809254 0.15776627
 0.13975989 0.12380865 0.10967797 0.09716007 0.08607088 0.07624734
 0.06754498 0.05983586]
Running run_em_exact over 20 rho values, extending until FPR >= 0.3...
  rho=0.59836 (1/20)
    fp=0.0004 tp=0.0000  [56.8s]
   median nu  = 0.039
   median |eta| = 5.226
  rho=0.53007 (2/20)
    fp=0.0006 tp=0.0562  [59.9s]
   median nu  = 0.042
   median |eta| = 4.661
  rho=0.46957 (3/20)
    fp=0.0012 tp=0.0674  [56.9s]
   median nu  = 0.045
   median |eta| = 4.233
  rho=0.41597 (4/20)
    fp=0.0025 tp=0.0899  [76.0s]
   median nu  = 0.049
   median |eta| = 4.272
  rho=0.36850 (5/20)
    fp=0.0041 tp=0.1124  [82.1s]
   median nu  = 0.054
   median |eta| = 4.089
  rho=0.32644 (6/20)
    fp=0.0091 tp=0.1910  [80.8s]
   median nu  = 0.06
   median |eta| = 3.809
  rho=0.28918 (7/20)
    fp=0.0152 tp=0.2247  [67.7s]
   median nu  = 0.068
   median |eta| = 3.409
  rho=0.25618 (8/20)
    fp=0.0263 tp=0.2809  [66.4s]
   median nu  = 0.081
   median |eta| = 3.013
  rho=0.22694 (9/20)
    fp=0.0381 tp=0.3146  [73.9s]
   median nu  = 0.095
   median |eta| = 2.563
  rho=0.20104 (10/20)
    fp=0.0543 tp=0.3820  [70.9s]
   median nu  = 0.116
   median |eta| = 2.132
  rho=0.17809 (11/20)
    fp=0.0732 tp=0.4382  [72.4s]
   median nu  = 0.151
   median |eta| = 1.565
  rho=0.15777 (12/20)
    fp=0.0934 tp=0.4944  [83.2s]
   median nu  = 0.203
   median |eta| = 1.14
  rho=0.13976 (13/20)
    fp=0.1138 tp=0.5730  [71.3s]
   median nu  = 0.252
   median |eta| = 0.914
  rho=0.12381 (14/20)
    fp=0.1409 tp=0.5955  [69.1s]
   median nu  = 0.318
   median |eta| = 0.698
  rho=0.10968 (15/20)
    fp=0.1648 tp=0.6067  [82.5s]
   median nu  = 0.382
   median |eta| = 0.485
  rho=0.09716 (16/20)
    fp=0.1856 tp=0.6517  [84.3s]
   median nu  = 0.441
   median |eta| = 0.324
  rho=0.08607 (17/20)
    fp=0.2067 tp=0.7303  [84.6s]
   median nu  = 0.535
   median |eta| = 0.224
  rho=0.07625 (18/20)
    fp=0.2306 tp=0.7865  [86.2s]
   median nu  = 0.633
   median |eta| = 0.152
  rho=0.06754 (19/20)
    fp=0.2473 tp=0.8090  [88.5s]
   median nu  = 0.721
   median |eta| = 0.104
  rho=0.05984 (20/20)
    fp=0.2660 tp=0.8202  [77.3s]
   median nu  = 0.818
   median |eta| = 0.067
  rho=0.05301 (21/21)  [extra 1/50]
    fp=0.2837 tp=0.8427  [78.0s]
   median nu  = 0.909
   median |eta| = 0.043
  rho=0.04696 (22/22)  [extra 2/50]
    fp=0.3020 tp=0.8427  [63.3s]
   median nu  = 1.011
   median |eta| = 0.031
  FPR 0.3020 >= fp_end=0.3; stopping after 22 fits
  grid extended by 2 points down to rho=0.04696, ending at FPR 0.3020
  graphical_lasso rho_max = max|S_ij| (off-diag) = 0.65971
  rho grid: [0.65971094 0.58441601 0.51771473 0.45862629 0.4062818  0.35991155
 0.31883369 0.28244418 0.25020792 0.22165089 0.19635316 0.17394274
 0.1540901  0.1365033  0.12092374 0.10712233 0.09489611 0.08406531
 0.07447067 0.06597109]
Running graphical_lasso over 20 rho values, extending until FPR >= 0.3...
  rho=0.65971 (1/20)
    fp=0.0000 tp=0.0000  [0.1s]
  rho=0.58442 (2/20)
    fp=0.0006 tp=0.0225  [0.2s]
  rho=0.51771 (3/20)
    fp=0.0008 tp=0.0562  [89.7s]
  rho=0.45863 (4/20)
    fp=0.0027 tp=0.0899  [98.4s]
  rho=0.40628 (5/20)
    fp=0.0049 tp=0.1348  [104.3s]
  rho=0.35991 (6/20)
    fp=0.0107 tp=0.1685  [102.6s]
  rho=0.31883 (7/20)
    fp=0.0206 tp=0.2022  [98.6s]
  rho=0.28244 (8/20)
    fp=0.0344 tp=0.2809  [101.6s]
  rho=0.25021 (9/20)
    fp=0.0514 tp=0.3596  [98.3s]
  rho=0.22165 (10/20)
    fp=0.0732 tp=0.3933  [0.1s]
  rho=0.19635 (11/20)
    fp=0.1024 tp=0.4382  [84.1s]
  rho=0.17394 (12/20)
    fp=0.1378 tp=0.4944  [42.5s]
  rho=0.15409 (13/20)
    fp=0.1677 tp=0.5506  [0.9s]
  rho=0.13650 (14/20)
    fp=0.2002 tp=0.5730  [0.1s]
  rho=0.12092 (15/20)
    fp=0.2343 tp=0.6180  [0.1s]
  rho=0.10712 (16/20)
    fp=0.2691 tp=0.6404  [0.1s]
  rho=0.09490 (17/20)
    fp=0.3065 tp=0.6742  [0.3s]
  FPR 0.3065 >= fp_end=0.3; stopping after 17 fits
  [note] 9/17 fits hit a glasso ConvergenceWarning (suppressed)
  grid stopped 3 points early at rho=0.09490, ending at FPR 0.3065

(p=100, n=50) over 28 replicates
  t+lasso  (run_em_diagonal):    AUC = 0.197 (SE 0.003)
  ~t+lasso (run_em_exact):       AUC = 0.189 (SE 0.003)
  tlasso   (run_tlasso):         AUC = 0.161 (SE 0.003)
  t*lasso  (run_tstar_varlasso): AUC = 0.193 (SE 0.003)
  glasso   (graphical_lasso):    AUC = 0.161 (SE 0.003)
Replicate 29/50
  Theta: 92/4950 edges
  pilot fit of run_tlasso at rho=30.34854
  -> rho_max = max|S_ij| (off-diag) = 19.16811
  [warn] pilot rho 30.34854 > rho_max 19.16811: it falls off the top of this method's grid
  rho grid: [19.16810713 16.98038954 15.04236318 13.32552999 11.80464449 10.45734252
  9.26381246  8.20650381  7.26986919  6.44013568  5.70510233  5.05396069
  4.47713593  3.96614604  3.51347706  3.11247265  2.75723616  2.44254394
  2.16376856  1.91681071]
Running run_tlasso over 20 rho values, extending until FPR >= 0.3...
  rho=19.16811 (1/20)
    fp=0.0000 tp=0.0000  [0.5s]
   nu  = 3.0000
  rho=16.98039 (2/20)
    fp=0.0000 tp=0.0000  [0.5s]
   nu  = 3.0000
  rho=15.04236 (3/20)
    fp=0.0000 tp=0.0109  [0.8s]
   nu  = 3.0000
  rho=13.32553 (4/20)
    fp=0.0000 tp=0.0109  [0.7s]
   nu  = 3.0000
  rho=11.80464 (5/20)
    fp=0.0000 tp=0.0109  [0.8s]
   nu  = 3.0000
  rho=10.45734 (6/20)
    fp=0.0000 tp=0.0109  [0.8s]
   nu  = 3.0000
  rho=9.26381 (7/20)
    fp=0.0000 tp=0.0109  [0.8s]
   nu  = 3.0000
  rho=8.20650 (8/20)
    fp=0.0000 tp=0.0109  [0.9s]
   nu  = 3.0000
  rho=7.26987 (9/20)
    fp=0.0002 tp=0.0109  [1.0s]
   nu  = 3.0000
  rho=6.44014 (10/20)
    fp=0.0006 tp=0.0326  [1.1s]
   nu  = 3.0000
  rho=5.70510 (11/20)
    fp=0.0010 tp=0.0652  [1.1s]
   nu  = 3.0000
  rho=5.05396 (12/20)
    fp=0.0014 tp=0.1196  [1.3s]
   nu  = 3.0000
  rho=4.47714 (13/20)
    fp=0.0031 tp=0.1304  [1.2s]
   nu  = 3.0000
  rho=3.96615 (14/20)
    fp=0.0058 tp=0.1304  [1.4s]
   nu  = 3.0000
  rho=3.51348 (15/20)
    fp=0.0093 tp=0.1522  [1.4s]
   nu  = 3.0000
  rho=3.11247 (16/20)
    fp=0.0204 tp=0.2391  [1.8s]
   nu  = 3.0000
  rho=2.75724 (17/20)
    fp=0.0333 tp=0.2935  [2.0s]
   nu  = 3.0000
  rho=2.44254 (18/20)
    fp=0.0531 tp=0.3913  [1.9s]
   nu  = 3.0000
  rho=2.16377 (19/20)
    fp=0.0825 tp=0.5217  [2.9s]
   nu  = 3.0000
  rho=1.91681 (20/20)
    fp=0.1254 tp=0.6739  [5.4s]
   nu  = 3.0000
  rho=1.69804 (21/21)  [extra 1/50]
    fp=0.1717 tp=0.7391  [4.7s]
   nu  = 3.0000
  rho=1.50424 (22/22)  [extra 2/50]
    fp=0.2157 tp=0.8043  [3.9s]
   nu  = 3.0000
  rho=1.33255 (23/23)  [extra 3/50]
    fp=0.2536 tp=0.8261  [3.7s]
   nu  = 3.0000
  rho=1.18046 (24/24)  [extra 4/50]
    fp=0.2927 tp=0.8370  [3.5s]
   nu  = 3.0000
  rho=1.04573 (25/25)  [extra 5/50]
    fp=0.3357 tp=0.8478  [4.0s]
   nu  = 3.0000
  FPR 0.3357 >= fp_end=0.3; stopping after 25 fits
  grid extended by 5 points down to rho=1.04573, ending at FPR 0.3357
  pilot fit of run_tstar_varlasso at rho=0.30349
  -> rho_max = max|S_ij| (off-diag) = 0.60605
  rho grid: [0.6060524  0.53688169 0.47560566 0.42132326 0.37323629 0.33063763
 0.2929009  0.25947118 0.2298569  0.20362259 0.18038249 0.15979486
 0.14155696 0.12540061 0.11108824 0.09840938 0.0871776  0.07722774
 0.06841349 0.06060524]
Running run_tstar_varlasso over 20 rho values, extending until FPR >= 0.3...
  rho=0.60605 (1/20)
    fp=0.0000 tp=0.0109  [1.0s]
   nu  = 3.0000
  rho=0.53688 (2/20)
    fp=0.0000 tp=0.0109  [0.7s]
   nu  = 3.0000
  rho=0.47561 (3/20)
    fp=0.0000 tp=0.0109  [0.8s]
   nu  = 3.0000
  rho=0.42132 (4/20)
    fp=0.0000 tp=0.0109  [0.9s]
   nu  = 3.0000
  rho=0.37324 (5/20)
    fp=0.0000 tp=0.0217  [0.8s]
   nu  = 3.0000
  rho=0.33064 (6/20)
    fp=0.0008 tp=0.0435  [0.7s]
   nu  = 3.0000
  rho=0.29290 (7/20)
    fp=0.0010 tp=0.0978  [0.8s]
   nu  = 3.0000
  rho=0.25947 (8/20)
    fp=0.0019 tp=0.1304  [1.0s]
   nu  = 3.0000
  rho=0.22986 (9/20)
    fp=0.0049 tp=0.1630  [1.1s]
   nu  = 3.0000
  rho=0.20362 (10/20)
    fp=0.0091 tp=0.2174  [1.1s]
   nu  = 3.0000
  rho=0.18038 (11/20)
    fp=0.0165 tp=0.2935  [1.0s]
   nu  = 3.0000
  rho=0.15979 (12/20)
    fp=0.0251 tp=0.3370  [0.9s]
   nu  = 3.0000
  rho=0.14156 (13/20)
    fp=0.0399 tp=0.4348  [1.0s]
   nu  = 3.0000
  rho=0.12540 (14/20)
    fp=0.0576 tp=0.5326  [1.1s]
   nu  = 3.0000
  rho=0.11109 (15/20)
    fp=0.0813 tp=0.5978  [1.5s]
   nu  = 3.0000
  rho=0.09841 (16/20)
    fp=0.1054 tp=0.7391  [1.4s]
   nu  = 3.0000
  rho=0.08718 (17/20)
    fp=0.1293 tp=0.8152  [1.5s]
   nu  = 3.0000
  rho=0.07723 (18/20)
    fp=0.1521 tp=0.8696  [1.4s]
   nu  = 3.0000
  rho=0.06841 (19/20)
    fp=0.1758 tp=0.8913  [1.1s]
   nu  = 3.0000
  rho=0.06061 (20/20)
    fp=0.1982 tp=0.9130  [1.1s]
   nu  = 3.0000
  rho=0.05369 (21/21)  [extra 1/50]
    fp=0.2215 tp=0.9130  [1.1s]
   nu  = 3.0000
  rho=0.04756 (22/22)  [extra 2/50]
    fp=0.2474 tp=0.9130  [1.8s]
   nu  = 3.0000
  rho=0.04213 (23/23)  [extra 3/50]
    fp=0.2723 tp=0.9130  [2.3s]
   nu  = 3.0000
  rho=0.03732 (24/24)  [extra 4/50]
    fp=0.2983 tp=0.9239  [2.3s]
   nu  = 3.0000
  rho=0.03306 (25/25)  [extra 5/50]
    fp=0.3199 tp=0.9239  [2.5s]
   nu  = 3.0000
  FPR 0.3199 >= fp_end=0.3; stopping after 25 fits
  grid extended by 5 points down to rho=0.03306, ending at FPR 0.3199
  pilot fit of run_em_diagonal at rho=0.30349
  -> rho_max = max|S_ij| (off-diag) = 0.82080
  rho grid: [0.82079973 0.72711923 0.64413078 0.57061406 0.50548805 0.44779508
 0.39668679 0.35141165 0.31130391 0.2757738  0.24429885 0.21641624
 0.19171596 0.1698348  0.15045101 0.13327955 0.11806793 0.10459246
 0.09265498 0.08207997]
Running run_em_diagonal over 20 rho values, extending until FPR >= 0.3...
  rho=0.82080 (1/20)
    fp=0.0000 tp=0.0109  [61.0s]
   median nu  = 0.033
   median |eta| = 4.626
  rho=0.72712 (2/20)
    fp=0.0000 tp=0.0109  [63.6s]
   median nu  = 0.034
   median |eta| = 4.781
  rho=0.64413 (3/20)
    fp=0.0000 tp=0.0109  [61.5s]
   median nu  = 0.036
   median |eta| = 4.939
  rho=0.57061 (4/20)
    fp=0.0000 tp=0.0109  [64.3s]
   median nu  = 0.038
   median |eta| = 4.843
  rho=0.50549 (5/20)
    fp=0.0000 tp=0.0109  [62.3s]
   median nu  = 0.04
   median |eta| = 5.02
  rho=0.44780 (6/20)
    fp=0.0006 tp=0.0435  [63.6s]
   median nu  = 0.043
   median |eta| = 4.858
  rho=0.39669 (7/20)
    fp=0.0014 tp=0.1087  [64.6s]
   median nu  = 0.047
   median |eta| = 5.02
  rho=0.35141 (8/20)
    fp=0.0033 tp=0.1304  [62.6s]
   median nu  = 0.051
   median |eta| = 4.693
  rho=0.31130 (9/20)
    fp=0.0062 tp=0.1413  [62.0s]
   median nu  = 0.056
   median |eta| = 4.364
  rho=0.27577 (10/20)
    fp=0.0128 tp=0.1739  [63.4s]
   median nu  = 0.065
   median |eta| = 3.966
  rho=0.24430 (11/20)
    fp=0.0212 tp=0.2609  [62.1s]
   median nu  = 0.073
   median |eta| = 3.443
  rho=0.21642 (12/20)
    fp=0.0307 tp=0.3587  [63.8s]
   median nu  = 0.082
   median |eta| = 3.215
  rho=0.19172 (13/20)
    fp=0.0447 tp=0.4239  [62.0s]
   median nu  = 0.101
   median |eta| = 3.324
  rho=0.16983 (14/20)
    fp=0.0591 tp=0.5435  [65.8s]
   median nu  = 0.124
   median |eta| = 3.192
  rho=0.15045 (15/20)
    fp=0.0803 tp=0.6087  [72.0s]
   median nu  = 0.152
   median |eta| = 2.514
  rho=0.13328 (16/20)
    fp=0.0988 tp=0.6739  [74.9s]
   median nu  = 0.166
   median |eta| = 2.509
  rho=0.11807 (17/20)
    fp=0.1155 tp=0.7391  [67.7s]
   median nu  = 0.174
   median |eta| = 2.795
  rho=0.10459 (18/20)
    fp=0.1301 tp=0.8370  [60.4s]
   median nu  = 0.182
   median |eta| = 3.056
  rho=0.09265 (19/20)
    fp=0.1480 tp=0.8804  [70.6s]
   median nu  = 0.194
   median |eta| = 2.902
  rho=0.08208 (20/20)
    fp=0.1645 tp=0.9022  [73.0s]
   median nu  = 0.213
   median |eta| = 2.922
  rho=0.07271 (21/21)  [extra 1/50]
    fp=0.1789 tp=0.9022  [81.5s]
   median nu  = 0.218
   median |eta| = 2.781
  rho=0.06441 (22/22)  [extra 2/50]
    fp=0.1918 tp=0.9130  [79.9s]
   median nu  = 0.258
   median |eta| = 3.223
  rho=0.05706 (23/23)  [extra 3/50]
    fp=0.2100 tp=0.8913  [71.9s]
   median nu  = 0.267
   median |eta| = 3.559
  rho=0.05055 (24/24)  [extra 4/50]
    fp=0.2196 tp=0.9022  [71.3s]
   median nu  = 0.235
   median |eta| = 4.822
  rho=0.04478 (25/25)  [extra 5/50]
    fp=0.2373 tp=0.9022  [68.9s]
   median nu  = 0.257
   median |eta| = 3.845
  rho=0.03967 (26/26)  [extra 6/50]
    fp=0.2413 tp=0.9239  [67.2s]
   median nu  = 0.223
   median |eta| = 6.307
  rho=0.03514 (27/27)  [extra 7/50]
    fp=0.2552 tp=0.9239  [62.8s]
   median nu  = 0.289
   median |eta| = 3.641
  rho=0.03113 (28/28)  [extra 8/50]
    fp=0.2649 tp=0.9239  [64.3s]
   median nu  = 0.222
   median |eta| = 6.266
  rho=0.02758 (29/29)  [extra 9/50]
    fp=0.2758 tp=0.9239  [53.5s]
   median nu  = 0.383
   median |eta| = 2.198
  rho=0.02443 (30/30)  [extra 10/50]
    fp=0.2810 tp=0.9239  [74.4s]
   median nu  = 0.232
   median |eta| = 5.588
  rho=0.02164 (31/31)  [extra 11/50]
    fp=0.2970 tp=0.9348  [84.8s]
   median nu  = 0.369
   median |eta| = 3.096
  rho=0.01917 (32/32)  [extra 12/50]
    fp=0.3007 tp=0.9348  [86.7s]
   median nu  = 0.242
   median |eta| = 6.287
  FPR 0.3007 >= fp_end=0.3; stopping after 32 fits
  grid extended by 12 points down to rho=0.01917, ending at FPR 0.3007
  pilot fit of run_em_exact at rho=0.30349
  -> rho_max = max|S_ij| (off-diag) = 0.84515
  rho grid: [0.84515129 0.74869146 0.6632409  0.58754309 0.52048491 0.4610803
 0.40845572 0.36183736 0.3205397  0.28395548 0.25154673 0.22283689
 0.1974038  0.17487347 0.1549146  0.1372337  0.12157078 0.10769552
 0.09540388 0.08451513]
Running run_em_exact over 20 rho values, extending until FPR >= 0.3...
  rho=0.84515 (1/20)
    fp=0.0000 tp=0.0109  [64.0s]
   median nu  = 0.033
   median |eta| = 4.557
  rho=0.74869 (2/20)
    fp=0.0000 tp=0.0109  [75.2s]
   median nu  = 0.034
   median |eta| = 4.786
  rho=0.66324 (3/20)
    fp=0.0000 tp=0.0109  [71.3s]
   median nu  = 0.036
   median |eta| = 4.863
  rho=0.58754 (4/20)
    fp=0.0000 tp=0.0109  [74.2s]
   median nu  = 0.037
   median |eta| = 4.856
  rho=0.52048 (5/20)
    fp=0.0000 tp=0.0109  [76.5s]
   median nu  = 0.04
   median |eta| = 4.968
  rho=0.46108 (6/20)
    fp=0.0006 tp=0.0435  [75.5s]
   median nu  = 0.042
   median |eta| = 4.853
  rho=0.40846 (7/20)
    fp=0.0012 tp=0.0870  [72.3s]
   median nu  = 0.046
   median |eta| = 4.896
  rho=0.36184 (8/20)
    fp=0.0029 tp=0.1304  [76.9s]
   median nu  = 0.05
   median |eta| = 4.644
  rho=0.32054 (9/20)
    fp=0.0049 tp=0.1413  [75.4s]
   median nu  = 0.055
   median |eta| = 4.326
  rho=0.28396 (10/20)
    fp=0.0109 tp=0.1739  [77.9s]
   median nu  = 0.063
   median |eta| = 3.746
  rho=0.25155 (11/20)
    fp=0.0204 tp=0.2391  [74.2s]
   median nu  = 0.071
   median |eta| = 3.061
  rho=0.22284 (12/20)
    fp=0.0301 tp=0.3587  [78.9s]
   median nu  = 0.084
   median |eta| = 2.562
  rho=0.19740 (13/20)
    fp=0.0443 tp=0.4130  [77.9s]
   median nu  = 0.104
   median |eta| = 2.083
  rho=0.17487 (14/20)
    fp=0.0622 tp=0.5217  [82.4s]
   median nu  = 0.141
   median |eta| = 1.641
  rho=0.15491 (15/20)
    fp=0.0846 tp=0.5978  [87.0s]
   median nu  = 0.195
   median |eta| = 1.335
  rho=0.13723 (16/20)
    fp=0.1077 tp=0.6739  [68.7s]
   median nu  = 0.256
   median |eta| = 0.884
  rho=0.12157 (17/20)
    fp=0.1270 tp=0.7609  [64.7s]
   median nu  = 0.309
   median |eta| = 0.672
  rho=0.10770 (18/20)
    fp=0.1472 tp=0.8370  [68.4s]
   median nu  = 0.383
   median |eta| = 0.481
  rho=0.09540 (19/20)
    fp=0.1686 tp=0.8913  [59.8s]
   median nu  = 0.456
   median |eta| = 0.346
  rho=0.08452 (20/20)
    fp=0.1888 tp=0.9130  [72.4s]
   median nu  = 0.539
   median |eta| = 0.258
  rho=0.07487 (21/21)  [extra 1/50]
    fp=0.2096 tp=0.9130  [68.4s]
   median nu  = 0.639
   median |eta| = 0.181
  rho=0.06632 (22/22)  [extra 2/50]
    fp=0.2273 tp=0.9130  [65.5s]
   median nu  = 0.754
   median |eta| = 0.132
  rho=0.05875 (23/23)  [extra 3/50]
    fp=0.2470 tp=0.9239  [66.0s]
   median nu  = 0.864
   median |eta| = 0.083
  rho=0.05205 (24/24)  [extra 4/50]
    fp=0.2625 tp=0.9239  [68.4s]
   median nu  = 0.981
   median |eta| = 0.063
  rho=0.04611 (25/25)  [extra 5/50]
    fp=0.2769 tp=0.9239  [64.4s]
   median nu  = 1.074
   median |eta| = 0.047
  rho=0.04085 (26/26)  [extra 6/50]
    fp=0.2915 tp=0.9239  [59.1s]
   median nu  = 1.17
   median |eta| = 0.032
  rho=0.03618 (27/27)  [extra 7/50]
    fp=0.3053 tp=0.9239  [48.7s]
   median nu  = 1.291
   median |eta| = 0.024
  FPR 0.3053 >= fp_end=0.3; stopping after 27 fits
  grid extended by 7 points down to rho=0.03618, ending at FPR 0.3053
  graphical_lasso rho_max = max|S_ij| (off-diag) = 0.89554
  rho grid: [0.8955436  0.79333233 0.70278677 0.62257546 0.55151892 0.4885723
 0.43280997 0.38341198 0.33965194 0.30088638 0.26654525 0.23612358
 0.20917404 0.18530034 0.16415141 0.14541629 0.12881946 0.11411688
 0.10109235 0.08955436]
Running graphical_lasso over 20 rho values, extending until FPR >= 0.3...
  rho=0.89554 (1/20)
    fp=0.0000 tp=0.0000  [0.1s]
  rho=0.79333 (2/20)
    fp=0.0000 tp=0.0109  [0.1s]
  rho=0.70279 (3/20)
    fp=0.0000 tp=0.0109  [52.1s]
  rho=0.62258 (4/20)
    fp=0.0000 tp=0.0109  [0.0s]
  rho=0.55152 (5/20)
    fp=0.0000 tp=0.0109  [0.0s]
  rho=0.48857 (6/20)
    fp=0.0006 tp=0.0435  [0.1s]
  rho=0.43281 (7/20)
    fp=0.0012 tp=0.0870  [42.4s]
  rho=0.38341 (8/20)
    fp=0.0031 tp=0.1304  [43.1s]
  rho=0.33965 (9/20)
    fp=0.0068 tp=0.1413  [41.5s]
  rho=0.30089 (10/20)
    fp=0.0146 tp=0.1957  [40.2s]
  rho=0.26655 (11/20)
    fp=0.0305 tp=0.2609  [78.5s]
  rho=0.23612 (12/20)
    fp=0.0492 tp=0.3804  [105.2s]
  rho=0.20917 (13/20)
    fp=0.0708 tp=0.4783  [109.7s]
  rho=0.18530 (14/20)
    fp=0.0994 tp=0.5761  [0.1s]
  rho=0.16415 (15/20)
    fp=0.1301 tp=0.7065  [0.2s]
  rho=0.14542 (16/20)
    fp=0.1595 tp=0.7391  [93.6s]
  rho=0.12882 (17/20)
    fp=0.1956 tp=0.7826  [0.1s]
  rho=0.11412 (18/20)
    fp=0.2299 tp=0.8043  [0.1s]
  rho=0.10109 (19/20)
    fp=0.2604 tp=0.8261  [0.4s]
  rho=0.08955 (20/20)
    fp=0.2909 tp=0.8370  [0.3s]
  rho=0.07933 (21/21)  [extra 1/50]
    fp=0.3283 tp=0.8587  [1.8s]
  FPR 0.3283 >= fp_end=0.3; stopping after 21 fits
  [note] 9/21 fits hit a glasso ConvergenceWarning (suppressed)
  grid extended by 1 points down to rho=0.07933, ending at FPR 0.3283

(p=100, n=50) over 29 replicates
  t+lasso  (run_em_diagonal):    AUC = 0.198 (SE 0.003)
  ~t+lasso (run_em_exact):       AUC = 0.190 (SE 0.003)
  tlasso   (run_tlasso):         AUC = 0.162 (SE 0.003)
  t*lasso  (run_tstar_varlasso): AUC = 0.194 (SE 0.003)
  glasso   (graphical_lasso):    AUC = 0.162 (SE 0.003)
Replicate 30/50
  Theta: 110/4950 edges
  pilot fit of run_tlasso at rho=30.34854
  -> rho_max = max|S_ij| (off-diag) = 16.53056
  [warn] pilot rho 30.34854 > rho_max 16.53056: it falls off the top of this method's grid
  rho grid: [16.5305648  14.64387838 12.97252554 11.49192956 10.18031876  9.0184063
  7.98910665  7.07728426  6.26953109  5.55396939  4.92007704  4.35853285
  3.86107951  3.42040211  3.03002064  2.68419466  2.37783891  2.10644852
  1.86603279  1.65305648]
Running run_tlasso over 20 rho values, extending until FPR >= 0.3...
  rho=16.53056 (1/20)
    fp=0.0000 tp=0.0000  [0.6s]
   nu  = 3.0000
  rho=14.64388 (2/20)
    fp=0.0000 tp=0.0000  [0.7s]
   nu  = 3.0000
  rho=12.97253 (3/20)
    fp=0.0000 tp=0.0091  [0.8s]
   nu  = 3.0000
  rho=11.49193 (4/20)
    fp=0.0000 tp=0.0091  [1.0s]
   nu  = 3.0000
  rho=10.18032 (5/20)
    fp=0.0000 tp=0.0091  [1.0s]
   nu  = 3.0000
  rho=9.01841 (6/20)
    fp=0.0000 tp=0.0091  [1.2s]
   nu  = 3.0000
  rho=7.98911 (7/20)
    fp=0.0000 tp=0.0273  [1.2s]
   nu  = 3.0000
  rho=7.07728 (8/20)
    fp=0.0006 tp=0.0273  [1.3s]
   nu  = 3.0000
  rho=6.26953 (9/20)
    fp=0.0014 tp=0.0364  [1.2s]
   nu  = 3.0000
  rho=5.55397 (10/20)
    fp=0.0021 tp=0.0545  [1.2s]
   nu  = 3.0000
  rho=4.92008 (11/20)
    fp=0.0029 tp=0.0636  [1.3s]
   nu  = 3.0000
  rho=4.35853 (12/20)
    fp=0.0041 tp=0.1000  [1.3s]
   nu  = 3.0000
  rho=3.86108 (13/20)
    fp=0.0066 tp=0.1273  [1.4s]
   nu  = 3.0000
  rho=3.42040 (14/20)
    fp=0.0103 tp=0.1455  [1.5s]
   nu  = 3.0000
  rho=3.03002 (15/20)
    fp=0.0161 tp=0.2182  [1.6s]
   nu  = 3.0000
  rho=2.68419 (16/20)
    fp=0.0285 tp=0.2636  [2.0s]
   nu  = 3.0000
  rho=2.37784 (17/20)
    fp=0.0444 tp=0.3091  [2.2s]
   nu  = 3.0000
  rho=2.10645 (18/20)
    fp=0.0698 tp=0.4364  [2.8s]
   nu  = 3.0000
  rho=1.86603 (19/20)
    fp=0.1116 tp=0.5091  [3.4s]
   nu  = 3.0000
  rho=1.65306 (20/20)
    fp=0.1583 tp=0.6091  [3.1s]
   nu  = 3.0000
  rho=1.46439 (21/21)  [extra 1/50]
    fp=0.2095 tp=0.6818  [4.1s]
   nu  = 3.0000
  rho=1.29725 (22/22)  [extra 2/50]
    fp=0.2506 tp=0.7727  [3.8s]
   nu  = 3.0000
  rho=1.14919 (23/23)  [extra 3/50]
    fp=0.2897 tp=0.8000  [3.6s]
   nu  = 3.0000
  rho=1.01803 (24/24)  [extra 4/50]
    fp=0.3258 tp=0.8000  [4.6s]
   nu  = 3.0000
  FPR 0.3258 >= fp_end=0.3; stopping after 24 fits
  grid extended by 4 points down to rho=1.01803, ending at FPR 0.3258
  pilot fit of run_tstar_varlasso at rho=0.30349
  -> rho_max = max|S_ij| (off-diag) = 0.50467
  rho grid: [0.50466775 0.4470684  0.39604305 0.35084138 0.31079873 0.27532627
 0.2439024  0.21606504 0.19140484 0.16955919 0.15020686 0.13306327
 0.11787633 0.10442273 0.09250462 0.08194677 0.07259393 0.06430855
 0.05696881 0.05046677]
Running run_tstar_varlasso over 20 rho values, extending until FPR >= 0.3...
  rho=0.50467 (1/20)
    fp=0.0000 tp=0.0091  [0.9s]
   nu  = 3.0000
  rho=0.44707 (2/20)
    fp=0.0000 tp=0.0091  [0.8s]
   nu  = 3.0000
  rho=0.39604 (3/20)
    fp=0.0000 tp=0.0182  [0.8s]
   nu  = 3.0000
  rho=0.35084 (4/20)
    fp=0.0002 tp=0.0364  [0.8s]
   nu  = 3.0000
  rho=0.31080 (5/20)
    fp=0.0006 tp=0.0455  [0.8s]
   nu  = 3.0000
  rho=0.27533 (6/20)
    fp=0.0014 tp=0.0727  [0.9s]
   nu  = 3.0000
  rho=0.24390 (7/20)
    fp=0.0023 tp=0.1091  [1.0s]
   nu  = 3.0000
  rho=0.21607 (8/20)
    fp=0.0043 tp=0.1455  [0.9s]
   nu  = 3.0000
  rho=0.19140 (9/20)
    fp=0.0068 tp=0.1818  [1.0s]
   nu  = 3.0000
  rho=0.16956 (10/20)
    fp=0.0126 tp=0.2727  [1.0s]
   nu  = 3.0000
  rho=0.15021 (11/20)
    fp=0.0233 tp=0.3091  [0.9s]
   nu  = 3.0000
  rho=0.13306 (12/20)
    fp=0.0380 tp=0.3818  [1.0s]
   nu  = 3.0000
  rho=0.11788 (13/20)
    fp=0.0531 tp=0.4636  [1.1s]
   nu  = 3.0000
  rho=0.10442 (14/20)
    fp=0.0717 tp=0.5364  [1.1s]
   nu  = 3.0000
  rho=0.09250 (15/20)
    fp=0.0973 tp=0.6000  [1.0s]
   nu  = 3.0000
  rho=0.08195 (16/20)
    fp=0.1236 tp=0.6636  [1.1s]
   nu  = 3.0000
  rho=0.07259 (17/20)
    fp=0.1508 tp=0.7273  [1.5s]
   nu  = 3.0000
  rho=0.06431 (18/20)
    fp=0.1787 tp=0.7727  [1.6s]
   nu  = 3.0000
  rho=0.05697 (19/20)
    fp=0.2037 tp=0.8273  [1.1s]
   nu  = 3.0000
  rho=0.05047 (20/20)
    fp=0.2244 tp=0.8364  [1.1s]
   nu  = 3.0000
  rho=0.04471 (21/21)  [extra 1/50]
    fp=0.2521 tp=0.8545  [1.6s]
   nu  = 3.0000
  rho=0.03960 (22/22)  [extra 2/50]
    fp=0.2783 tp=0.8545  [1.7s]
   nu  = 3.0000
  rho=0.03508 (23/23)  [extra 3/50]
    fp=0.3037 tp=0.8636  [1.8s]
   nu  = 3.0000
  FPR 0.3037 >= fp_end=0.3; stopping after 23 fits
  grid extended by 3 points down to rho=0.03508, ending at FPR 0.3037
  pilot fit of run_em_diagonal at rho=0.30349
  -> rho_max = max|S_ij| (off-diag) = 0.69981
  rho grid: [0.69980877 0.61993735 0.54918191 0.48650202 0.43097598 0.38178731
 0.3382127  0.2996114  0.26541579 0.23512303 0.20828768 0.18451514
 0.16345584 0.1448001  0.1282736  0.11363332 0.10066398 0.08917488
 0.07899707 0.06998088]
Running run_em_diagonal over 20 rho values, extending until FPR >= 0.3...
  rho=0.69981 (1/20)
    fp=0.0000 tp=0.0091  [62.7s]
   median nu  = 0.034
   median |eta| = 4.279
  rho=0.61994 (2/20)
    fp=0.0000 tp=0.0091  [63.9s]
   median nu  = 0.036
   median |eta| = 4.25
  rho=0.54918 (3/20)
    fp=0.0000 tp=0.0091  [63.2s]
   median nu  = 0.038
   median |eta| = 4.176
  rho=0.48650 (4/20)
    fp=0.0002 tp=0.0273  [61.9s]
   median nu  = 0.041
   median |eta| = 4.038
  rho=0.43098 (5/20)
    fp=0.0010 tp=0.0364  [63.0s]
   median nu  = 0.044
   median |eta| = 4.098
  rho=0.38179 (6/20)
    fp=0.0019 tp=0.0545  [62.8s]
   median nu  = 0.049
   median |eta| = 3.948
  rho=0.33821 (7/20)
    fp=0.0025 tp=0.1091  [64.6s]
   median nu  = 0.054
   median |eta| = 3.621
  rho=0.29961 (8/20)
    fp=0.0048 tp=0.1364  [61.4s]
   median nu  = 0.061
   median |eta| = 3.251
  rho=0.26542 (9/20)
    fp=0.0093 tp=0.1727  [60.6s]
   median nu  = 0.069
   median |eta| = 3.332
  rho=0.23512 (10/20)
    fp=0.0147 tp=0.2273  [62.2s]
   median nu  = 0.08
   median |eta| = 3.188
  rho=0.20829 (11/20)
    fp=0.0229 tp=0.2818  [66.6s]
   median nu  = 0.096
   median |eta| = 3.217
  rho=0.18452 (12/20)
    fp=0.0322 tp=0.3545  [60.0s]
   median nu  = 0.116
   median |eta| = 3.03
  rho=0.16346 (13/20)
    fp=0.0461 tp=0.4364  [62.0s]
   median nu  = 0.136
   median |eta| = 2.965
  rho=0.14480 (14/20)
    fp=0.0628 tp=0.4818  [61.0s]
   median nu  = 0.147
   median |eta| = 3.148
  rho=0.12827 (15/20)
    fp=0.0820 tp=0.5727  [62.3s]
   median nu  = 0.166
   median |eta| = 3.045
  rho=0.11363 (16/20)
    fp=0.1025 tp=0.6091  [62.3s]
   median nu  = 0.165
   median |eta| = 2.797
  rho=0.10066 (17/20)
    fp=0.1202 tp=0.6636  [77.3s]
   median nu  = 0.19
   median |eta| = 2.665
  rho=0.08917 (18/20)
    fp=0.1397 tp=0.7091  [73.2s]
   median nu  = 0.218
   median |eta| = 2.684
  rho=0.07900 (19/20)
    fp=0.1564 tp=0.7909  [69.8s]
   median nu  = 0.241
   median |eta| = 2.34
  rho=0.06998 (20/20)
    fp=0.1727 tp=0.8091  [62.3s]
   median nu  = 0.259
   median |eta| = 1.73
  rho=0.06199 (21/21)  [extra 1/50]
    fp=0.1884 tp=0.8455  [59.4s]
   median nu  = 0.338
   median |eta| = 1.579
  rho=0.05492 (22/22)  [extra 2/50]
    fp=0.2039 tp=0.8727  [59.5s]
   median nu  = 0.358
   median |eta| = 1.632
  rho=0.04865 (23/23)  [extra 3/50]
    fp=0.2180 tp=0.8909  [68.5s]
   median nu  = 0.405
   median |eta| = 1.619
  rho=0.04310 (24/24)  [extra 4/50]
    fp=0.2295 tp=0.8909  [60.1s]
   median nu  = 0.377
   median |eta| = 1.79
  rho=0.03818 (25/25)  [extra 5/50]
    fp=0.2428 tp=0.9182  [59.1s]
   median nu  = 0.399
   median |eta| = 1.689
  rho=0.03382 (26/26)  [extra 6/50]
    fp=0.2541 tp=0.9273  [73.4s]
   median nu  = 0.417
   median |eta| = 1.595
  rho=0.02996 (27/27)  [extra 7/50]
    fp=0.2612 tp=0.9273  [78.3s]
   median nu  = 0.418
   median |eta| = 1.792
  rho=0.02654 (28/28)  [extra 8/50]
    fp=0.2775 tp=0.9273  [89.5s]
   median nu  = 0.397
   median |eta| = 1.71
  rho=0.02351 (29/29)  [extra 9/50]
    fp=0.2820 tp=0.9273  [74.4s]
   median nu  = 0.396
   median |eta| = 1.915
  rho=0.02083 (30/30)  [extra 10/50]
    fp=0.2938 tp=0.9091  [70.3s]
   median nu  = 0.438
   median |eta| = 1.88
  rho=0.01845 (31/31)  [extra 11/50]
    fp=0.3031 tp=0.9000  [79.6s]
   median nu  = 0.376
   median |eta| = 2.401
  FPR 0.3031 >= fp_end=0.3; stopping after 31 fits
  grid extended by 11 points down to rho=0.01845, ending at FPR 0.3031
  pilot fit of run_em_exact at rho=0.30349
  -> rho_max = max|S_ij| (off-diag) = 0.71731
  rho grid: [0.71731116 0.63544213 0.56291708 0.49866955 0.44175479 0.3913359
 0.34667148 0.30710475 0.2720539  0.24100352 0.21349701 0.18912991
 0.16754391 0.14842158 0.13148175 0.11647532 0.10318162 0.09140517
 0.0809728  0.07173112]
Running run_em_exact over 20 rho values, extending until FPR >= 0.3...
  rho=0.71731 (1/20)
    fp=0.0000 tp=0.0091  [69.4s]
   median nu  = 0.034
   median |eta| = 4.281
  rho=0.63544 (2/20)
    fp=0.0000 tp=0.0091  [76.1s]
   median nu  = 0.036
   median |eta| = 4.313
  rho=0.56292 (3/20)
    fp=0.0000 tp=0.0091  [75.4s]
   median nu  = 0.038
   median |eta| = 4.288
  rho=0.49867 (4/20)
    fp=0.0002 tp=0.0182  [72.2s]
   median nu  = 0.04
   median |eta| = 3.957
  rho=0.44175 (5/20)
    fp=0.0008 tp=0.0364  [76.7s]
   median nu  = 0.044
   median |eta| = 4.057
  rho=0.39134 (6/20)
    fp=0.0017 tp=0.0545  [75.3s]
   median nu  = 0.048
   median |eta| = 4.04
  rho=0.34667 (7/20)
    fp=0.0025 tp=0.0818  [78.0s]
   median nu  = 0.053
   median |eta| = 3.633
  rho=0.30710 (8/20)
    fp=0.0043 tp=0.1273  [74.3s]
   median nu  = 0.059
   median |eta| = 3.282
  rho=0.27205 (9/20)
    fp=0.0083 tp=0.1636  [79.8s]
   median nu  = 0.068
   median |eta| = 3.019
  rho=0.24100 (10/20)
    fp=0.0140 tp=0.2273  [78.2s]
   median nu  = 0.08
   median |eta| = 3.0
  rho=0.21350 (11/20)
    fp=0.0227 tp=0.2727  [83.3s]
   median nu  = 0.097
   median |eta| = 2.532
  rho=0.18913 (12/20)
    fp=0.0324 tp=0.3364  [78.7s]
   median nu  = 0.122
   median |eta| = 2.131
  rho=0.16754 (13/20)
    fp=0.0492 tp=0.4364  [60.5s]
   median nu  = 0.161
   median |eta| = 1.687
  rho=0.14842 (14/20)
    fp=0.0688 tp=0.4818  [54.0s]
   median nu  = 0.218
   median |eta| = 1.173
  rho=0.13148 (15/20)
    fp=0.0913 tp=0.5636  [58.1s]
   median nu  = 0.278
   median |eta| = 0.897
  rho=0.11648 (16/20)
    fp=0.1161 tp=0.6000  [59.2s]
   median nu  = 0.34
   median |eta| = 0.654
  rho=0.10318 (17/20)
    fp=0.1386 tp=0.6727  [71.6s]
   median nu  = 0.412
   median |eta| = 0.494
  rho=0.09141 (18/20)
    fp=0.1607 tp=0.7545  [69.9s]
   median nu  = 0.497
   median |eta| = 0.358
  rho=0.08097 (19/20)
    fp=0.1829 tp=0.8000  [66.9s]
   median nu  = 0.57
   median |eta| = 0.247
  rho=0.07173 (20/20)
    fp=0.2027 tp=0.8182  [65.3s]
   median nu  = 0.63
   median |eta| = 0.158
  rho=0.06354 (21/21)  [extra 1/50]
    fp=0.2236 tp=0.8545  [67.7s]
   median nu  = 0.703
   median |eta| = 0.115
  rho=0.05629 (22/22)  [extra 2/50]
    fp=0.2384 tp=0.8636  [65.7s]
   median nu  = 0.811
   median |eta| = 0.084
  rho=0.04987 (23/23)  [extra 3/50]
    fp=0.2564 tp=0.8818  [64.1s]
   median nu  = 0.901
   median |eta| = 0.064
  rho=0.04418 (24/24)  [extra 4/50]
    fp=0.2740 tp=0.9000  [56.2s]
   median nu  = 0.995
   median |eta| = 0.048
  rho=0.03913 (25/25)  [extra 5/50]
    fp=0.2884 tp=0.9091  [35.7s]
   median nu  = 1.108
   median |eta| = 0.035
  rho=0.03467 (26/26)  [extra 6/50]
    fp=0.3019 tp=0.9091  [18.8s]
   median nu  = 1.207
   median |eta| = 0.024
  FPR 0.3019 >= fp_end=0.3; stopping after 26 fits
  grid extended by 6 points down to rho=0.03467, ending at FPR 0.3019
  graphical_lasso rho_max = max|S_ij| (off-diag) = 0.75549
  rho grid: [0.7554937  0.66926678 0.59288121 0.52521378 0.46526944 0.41216675
 0.36512483 0.32345196 0.28653535 0.25383215 0.22486148 0.19919731
 0.17646228 0.15632208 0.13848054 0.12267531 0.10867398 0.09627067
 0.08528299 0.07554937]
Running graphical_lasso over 20 rho values, extending until FPR >= 0.3...
  rho=0.75549 (1/20)
    fp=0.0000 tp=0.0000  [0.0s]
  rho=0.66927 (2/20)
    fp=0.0000 tp=0.0091  [0.0s]
  rho=0.59288 (3/20)
    fp=0.0000 tp=0.0091  [42.7s]
  rho=0.52521 (4/20)
    fp=0.0002 tp=0.0273  [0.1s]
  rho=0.46527 (5/20)
    fp=0.0012 tp=0.0364  [0.0s]
  rho=0.41217 (6/20)
    fp=0.0021 tp=0.0455  [42.9s]
  rho=0.36512 (7/20)
    fp=0.0039 tp=0.0818  [41.8s]
  rho=0.32345 (8/20)
    fp=0.0076 tp=0.1182  [40.4s]
  rho=0.28654 (9/20)
    fp=0.0147 tp=0.1909  [48.1s]
  rho=0.25383 (10/20)
    fp=0.0242 tp=0.2545  [107.6s]
  rho=0.22486 (11/20)
    fp=0.0397 tp=0.3091  [111.0s]
  rho=0.19920 (12/20)
    fp=0.0678 tp=0.3909  [96.2s]
  rho=0.17646 (13/20)
    fp=0.0948 tp=0.4727  [0.3s]
  rho=0.15632 (14/20)
    fp=0.1256 tp=0.5091  [95.6s]
  rho=0.13848 (15/20)
    fp=0.1607 tp=0.6091  [97.4s]
  rho=0.12268 (16/20)
    fp=0.1936 tp=0.6545  [109.4s]
  rho=0.10867 (17/20)
    fp=0.2339 tp=0.7000  [0.2s]
  rho=0.09627 (18/20)
    fp=0.2620 tp=0.7636  [0.3s]
  rho=0.08528 (19/20)
    fp=0.2950 tp=0.7818  [0.3s]
  rho=0.07555 (20/20)
    fp=0.3248 tp=0.8000  [1.3s]
  FPR 0.3248 >= fp_end=0.3; stopping after 20 fits
  [note] 11/20 fits hit a glasso ConvergenceWarning (suppressed)

(p=100, n=50) over 30 replicates
  t+lasso  (run_em_diagonal):    AUC = 0.198 (SE 0.003)
  ~t+lasso (run_em_exact):       AUC = 0.190 (SE 0.003)
  tlasso   (run_tlasso):         AUC = 0.162 (SE 0.003)
  t*lasso  (run_tstar_varlasso): AUC = 0.194 (SE 0.003)
  glasso   (graphical_lasso):    AUC = 0.162 (SE 0.003)
Replicate 31/50
  Theta: 94/4950 edges
  pilot fit of run_tlasso at rho=30.34854
  -> rho_max = max|S_ij| (off-diag) = 13.94341
  [warn] pilot rho 30.34854 > rho_max 13.94341: it falls off the top of this method's grid
  rho grid: [13.94341141 12.35200511 10.94223112  9.69335917  8.58702497  7.60696025
  6.73875346  5.9696379   5.28830397  4.68473286  4.15004926  3.67639082
  3.25679254  2.88508435  2.55580042  2.26409871  2.00568986  1.77677404
  1.57398511  1.39434114]
Running run_tlasso over 20 rho values, extending until FPR >= 0.3...
  rho=13.94341 (1/20)
    fp=0.0000 tp=0.0000  [0.9s]
   nu  = 3.0000
  rho=12.35201 (2/20)
    fp=0.0000 tp=0.0000  [0.6s]
   nu  = 3.0000
  rho=10.94223 (3/20)
    fp=0.0000 tp=0.0000  [0.6s]
   nu  = 3.0000
  rho=9.69336 (4/20)
    fp=0.0002 tp=0.0000  [1.2s]
   nu  = 3.0000
  rho=8.58702 (5/20)
    fp=0.0002 tp=0.0000  [1.2s]
   nu  = 3.0000
  rho=7.60696 (6/20)
    fp=0.0002 tp=0.0106  [1.2s]
   nu  = 3.0000
  rho=6.73875 (7/20)
    fp=0.0004 tp=0.0106  [1.0s]
   nu  = 3.0000
  rho=5.96964 (8/20)
    fp=0.0016 tp=0.0106  [1.1s]
   nu  = 3.0000
  rho=5.28830 (9/20)
    fp=0.0025 tp=0.0213  [1.1s]
   nu  = 3.0000
  rho=4.68473 (10/20)
    fp=0.0043 tp=0.0957  [1.1s]
   nu  = 3.0000
  rho=4.15005 (11/20)
    fp=0.0070 tp=0.1383  [1.3s]
   nu  = 3.0000
  rho=3.67639 (12/20)
    fp=0.0107 tp=0.2021  [1.7s]
   nu  = 3.0000
  rho=3.25679 (13/20)
    fp=0.0189 tp=0.2660  [2.0s]
   nu  = 3.0000
  rho=2.88508 (14/20)
    fp=0.0288 tp=0.2979  [2.1s]
   nu  = 3.0000
  rho=2.55580 (15/20)
    fp=0.0426 tp=0.3723  [1.8s]
   nu  = 3.0000
  rho=2.26410 (16/20)
    fp=0.0638 tp=0.4255  [2.0s]
   nu  = 3.0000
  rho=2.00569 (17/20)
    fp=0.0964 tp=0.4787  [3.6s]
   nu  = 3.0000
  rho=1.77677 (18/20)
    fp=0.1386 tp=0.5745  [4.1s]
   nu  = 3.0000
  rho=1.57399 (19/20)
    fp=0.1860 tp=0.6702  [4.4s]
   nu  = 3.0000
  rho=1.39434 (20/20)
    fp=0.2306 tp=0.7128  [3.8s]
   nu  = 3.0000
  rho=1.23520 (21/21)  [extra 1/50]
    fp=0.2704 tp=0.7447  [4.8s]
   nu  = 3.0000
  rho=1.09422 (22/22)  [extra 2/50]
    fp=0.3138 tp=0.7766  [5.3s]
   nu  = 3.0000
  FPR 0.3138 >= fp_end=0.3; stopping after 22 fits
  grid extended by 2 points down to rho=1.09422, ending at FPR 0.3138
  pilot fit of run_tstar_varlasso at rho=0.30349
  -> rho_max = max|S_ij| (off-diag) = 0.44442
  rho grid: [0.44442386 0.39370034 0.34876606 0.30896027 0.27369764 0.24245965
 0.21478695 0.19027263 0.1685562  0.14931834 0.13227616 0.11717906
 0.10380504 0.09195743 0.08146204 0.07216451 0.06392815 0.05663182
 0.05016825 0.04444239]
Running run_tstar_varlasso over 20 rho values, extending until FPR >= 0.3...
  rho=0.44442 (1/20)
    fp=0.0002 tp=0.0000  [0.8s]
   nu  = 3.0000
  rho=0.39370 (2/20)
    fp=0.0002 tp=0.0106  [0.8s]
   nu  = 3.0000
  rho=0.34877 (3/20)
    fp=0.0006 tp=0.0106  [0.8s]
   nu  = 3.0000
  rho=0.30896 (4/20)
    fp=0.0006 tp=0.0213  [0.7s]
   nu  = 3.0000
  rho=0.27370 (5/20)
    fp=0.0016 tp=0.0638  [0.9s]
   nu  = 3.0000
  rho=0.24246 (6/20)
    fp=0.0033 tp=0.1277  [0.9s]
   nu  = 3.0000
  rho=0.21479 (7/20)
    fp=0.0068 tp=0.2128  [0.8s]
   nu  = 3.0000
  rho=0.19027 (8/20)
    fp=0.0124 tp=0.2660  [0.9s]
   nu  = 3.0000
  rho=0.16856 (9/20)
    fp=0.0220 tp=0.3511  [1.0s]
   nu  = 3.0000
  rho=0.14932 (10/20)
    fp=0.0352 tp=0.3936  [1.0s]
   nu  = 3.0000
  rho=0.13228 (11/20)
    fp=0.0500 tp=0.4149  [1.0s]
   nu  = 3.0000
  rho=0.11718 (12/20)
    fp=0.0696 tp=0.5319  [1.2s]
   nu  = 3.0000
  rho=0.10381 (13/20)
    fp=0.0902 tp=0.5745  [1.2s]
   nu  = 3.0000
  rho=0.09196 (14/20)
    fp=0.1147 tp=0.6383  [1.3s]
   nu  = 3.0000
  rho=0.08146 (15/20)
    fp=0.1423 tp=0.7234  [1.2s]
   nu  = 3.0000
  rho=0.07216 (16/20)
    fp=0.1701 tp=0.7660  [1.1s]
   nu  = 3.0000
  rho=0.06393 (17/20)
    fp=0.1956 tp=0.7766  [1.0s]
   nu  = 3.0000
  rho=0.05663 (18/20)
    fp=0.2193 tp=0.7766  [1.2s]
   nu  = 3.0000
  rho=0.05017 (19/20)
    fp=0.2465 tp=0.7979  [1.6s]
   nu  = 3.0000
  rho=0.04444 (20/20)
    fp=0.2700 tp=0.8191  [1.9s]
   nu  = 3.0000
  rho=0.03937 (21/21)  [extra 1/50]
    fp=0.2902 tp=0.8191  [2.7s]
   nu  = 3.0000
  rho=0.03488 (22/22)  [extra 2/50]
    fp=0.3136 tp=0.8298  [2.3s]
   nu  = 3.0000
  FPR 0.3136 >= fp_end=0.3; stopping after 22 fits
  grid extended by 2 points down to rho=0.03488, ending at FPR 0.3136
  pilot fit of run_em_diagonal at rho=0.30349
  -> rho_max = max|S_ij| (off-diag) = 0.56148
  rho grid: [0.56148188 0.49739815 0.4406285  0.39033816 0.34578761 0.30632176
 0.27136027 0.24038906 0.21295268 0.18864771 0.16711674 0.14804317
 0.13114653 0.11617835 0.10291855 0.09117212 0.08076635 0.07154823
 0.0633822  0.05614819]
Running run_em_diagonal over 20 rho values, extending until FPR >= 0.3...
  rho=0.56148 (1/20)
    fp=0.0002 tp=0.0000  [59.6s]
   median nu  = 0.038
   median |eta| = 4.946
  rho=0.49740 (2/20)
    fp=0.0004 tp=0.0106  [62.8s]
   median nu  = 0.04
   median |eta| = 4.77
  rho=0.44063 (3/20)
    fp=0.0006 tp=0.0106  [60.9s]
   median nu  = 0.044
   median |eta| = 4.62
  rho=0.39034 (4/20)
    fp=0.0019 tp=0.0213  [61.3s]
   median nu  = 0.047
   median |eta| = 4.61
  rho=0.34579 (5/20)
    fp=0.0045 tp=0.1064  [60.2s]
   median nu  = 0.053
   median |eta| = 4.843
  rho=0.30632 (6/20)
    fp=0.0066 tp=0.1596  [44.7s]
   median nu  = 0.058
   median |eta| = 4.693
  rho=0.27136 (7/20)
    fp=0.0121 tp=0.2447  [36.7s]
   median nu  = 0.065
   median |eta| = 4.476
  rho=0.24039 (8/20)
    fp=0.0208 tp=0.2979  [37.1s]
   median nu  = 0.074
   median |eta| = 4.222
  rho=0.21295 (9/20)
    fp=0.0323 tp=0.3511  [36.5s]
   median nu  = 0.085
   median |eta| = 3.934
  rho=0.18865 (10/20)
    fp=0.0449 tp=0.4468  [35.0s]
   median nu  = 0.096
   median |eta| = 3.698
  rho=0.16712 (11/20)
    fp=0.0593 tp=0.4787  [34.6s]
   median nu  = 0.112
   median |eta| = 3.724
  rho=0.14804 (12/20)
    fp=0.0768 tp=0.5319  [47.5s]
   median nu  = 0.134
   median |eta| = 3.406
  rho=0.13115 (13/20)
    fp=0.0968 tp=0.5851  [64.5s]
   median nu  = 0.15
   median |eta| = 3.16
  rho=0.11618 (14/20)
    fp=0.1209 tp=0.6277  [62.6s]
   median nu  = 0.169
   median |eta| = 3.082
  rho=0.10292 (15/20)
    fp=0.1380 tp=0.6809  [81.1s]
   median nu  = 0.193
   median |eta| = 3.122
  rho=0.09117 (16/20)
    fp=0.1573 tp=0.7234  [68.0s]
   median nu  = 0.21
   median |eta| = 3.245
  rho=0.08077 (17/20)
    fp=0.1742 tp=0.7766  [65.9s]
   median nu  = 0.219
   median |eta| = 3.169
  rho=0.07155 (18/20)
    fp=0.1942 tp=0.7979  [69.1s]
   median nu  = 0.25
   median |eta| = 2.984
  rho=0.06338 (19/20)
    fp=0.2070 tp=0.7979  [67.3s]
   median nu  = 0.242
   median |eta| = 3.087
  rho=0.05615 (20/20)
    fp=0.2245 tp=0.7979  [71.9s]
   median nu  = 0.265
   median |eta| = 2.94
  rho=0.04974 (21/21)  [extra 1/50]
    fp=0.2376 tp=0.7979  [70.4s]
   median nu  = 0.276
   median |eta| = 3.138
  rho=0.04406 (22/22)  [extra 2/50]
    fp=0.2498 tp=0.8191  [59.4s]
   median nu  = 0.243
   median |eta| = 3.942
  rho=0.03903 (23/23)  [extra 3/50]
    fp=0.2582 tp=0.8404  [57.6s]
   median nu  = 0.24
   median |eta| = 4.436
  rho=0.03458 (24/24)  [extra 4/50]
    fp=0.2712 tp=0.8404  [56.9s]
   median nu  = 0.206
   median |eta| = 4.946
  rho=0.03063 (25/25)  [extra 5/50]
    fp=0.2768 tp=0.8511  [55.6s]
   median nu  = 0.264
   median |eta| = 4.211
  rho=0.02714 (26/26)  [extra 6/50]
    fp=0.2937 tp=0.8404  [53.4s]
   median nu  = 0.238
   median |eta| = 5.565
  rho=0.02404 (27/27)  [extra 7/50]
    fp=0.2986 tp=0.8617  [54.1s]
   median nu  = 0.327
   median |eta| = 3.085
  rho=0.02130 (28/28)  [extra 8/50]
    fp=0.3130 tp=0.8404  [52.9s]
   median nu  = 0.251
   median |eta| = 4.696
  FPR 0.3130 >= fp_end=0.3; stopping after 28 fits
  grid extended by 8 points down to rho=0.02130, ending at FPR 0.3130
  pilot fit of run_em_exact at rho=0.30349
  -> rho_max = max|S_ij| (off-diag) = 0.57880
  rho grid: [0.5787959  0.51273607 0.45421586 0.40237474 0.35645042 0.31576759
 0.27972802 0.24780177 0.21951936 0.19446491 0.17227    0.15260827
 0.1351906  0.11976086 0.10609217 0.09398353 0.08325689 0.07375451
 0.06533667 0.05787959]
Running run_em_exact over 20 rho values, extending until FPR >= 0.3...
  rho=0.57880 (1/20)
    fp=0.0002 tp=0.0000  [51.8s]
   median nu  = 0.037
   median |eta| = 4.89
  rho=0.51274 (2/20)
    fp=0.0004 tp=0.0106  [53.2s]
   median nu  = 0.04
   median |eta| = 4.868
  rho=0.45422 (3/20)
    fp=0.0004 tp=0.0106  [55.8s]
   median nu  = 0.043
   median |eta| = 4.628
  rho=0.40237 (4/20)
    fp=0.0016 tp=0.0106  [58.1s]
   median nu  = 0.046
   median |eta| = 4.549
  rho=0.35645 (5/20)
    fp=0.0037 tp=0.0745  [59.9s]
   median nu  = 0.051
   median |eta| = 4.734
  rho=0.31577 (6/20)
    fp=0.0058 tp=0.1277  [55.8s]
   median nu  = 0.057
   median |eta| = 4.364
  rho=0.27973 (7/20)
    fp=0.0113 tp=0.2234  [54.4s]
   median nu  = 0.063
   median |eta| = 3.995
  rho=0.24780 (8/20)
    fp=0.0189 tp=0.2979  [52.9s]
   median nu  = 0.072
   median |eta| = 3.564
  rho=0.21952 (9/20)
    fp=0.0327 tp=0.3511  [52.7s]
   median nu  = 0.084
   median |eta| = 3.144
  rho=0.19446 (10/20)
    fp=0.0441 tp=0.4043  [51.6s]
   median nu  = 0.1
   median |eta| = 2.465
  rho=0.17227 (11/20)
    fp=0.0612 tp=0.4681  [55.9s]
   median nu  = 0.124
   median |eta| = 1.84
  rho=0.15261 (12/20)
    fp=0.0828 tp=0.5319  [53.0s]
   median nu  = 0.158
   median |eta| = 1.544
  rho=0.13519 (13/20)
    fp=0.1063 tp=0.5745  [50.3s]
   median nu  = 0.208
   median |eta| = 1.064
  rho=0.11976 (14/20)
    fp=0.1310 tp=0.6170  [50.0s]
   median nu  = 0.266
   median |eta| = 0.762
  rho=0.10609 (15/20)
    fp=0.1534 tp=0.6915  [53.5s]
   median nu  = 0.324
   median |eta| = 0.58
  rho=0.09398 (16/20)
    fp=0.1808 tp=0.7340  [51.7s]
   median nu  = 0.399
   median |eta| = 0.393
  rho=0.08326 (17/20)
    fp=0.2004 tp=0.7660  [50.2s]
   median nu  = 0.488
   median |eta| = 0.28
  rho=0.07375 (18/20)
    fp=0.2210 tp=0.7979  [48.8s]
   median nu  = 0.579
   median |eta| = 0.206
  rho=0.06534 (19/20)
    fp=0.2422 tp=0.7979  [56.8s]
   median nu  = 0.674
   median |eta| = 0.134
  rho=0.05788 (20/20)
    fp=0.2562 tp=0.8085  [56.4s]
   median nu  = 0.765
   median |eta| = 0.1
  rho=0.05127 (21/21)  [extra 1/50]
    fp=0.2724 tp=0.8191  [60.5s]
   median nu  = 0.861
   median |eta| = 0.074
  rho=0.04542 (22/22)  [extra 2/50]
    fp=0.2900 tp=0.8298  [62.9s]
   median nu  = 0.965
   median |eta| = 0.056
  rho=0.04024 (23/23)  [extra 3/50]
    fp=0.3058 tp=0.8404  [2947.2s]
   median nu  = 1.052
   median |eta| = 0.04
  FPR 0.3058 >= fp_end=0.3; stopping after 23 fits
  grid extended by 3 points down to rho=0.04024, ending at FPR 0.3058
  graphical_lasso rho_max = max|S_ij| (off-diag) = 0.63421
  rho grid: [0.63421205 0.5618274  0.49770423 0.44089965 0.39057836 0.3460004
 0.30651026 0.27152726 0.24053698 0.21308373 0.1887638  0.16721958
 0.14813427 0.13122723 0.11624985 0.10298188 0.09122823 0.08081606
 0.07159226 0.06342121]
Running graphical_lasso over 20 rho values, extending until FPR >= 0.3...
  rho=0.63421 (1/20)
    fp=0.0000 tp=0.0000  [0.0s]
  rho=0.56183 (2/20)
    fp=0.0002 tp=0.0000  [0.1s]
  rho=0.49770 (3/20)
    fp=0.0006 tp=0.0106  [0.1s]
  rho=0.44090 (4/20)
    fp=0.0019 tp=0.0106  [129.8s]
  rho=0.39058 (5/20)
    fp=0.0037 tp=0.0638  [98.2s]
  rho=0.34600 (6/20)
    fp=0.0080 tp=0.1915  [99.4s]
  rho=0.30651 (7/20)
    fp=0.0165 tp=0.2660  [96.8s]
  rho=0.27153 (8/20)
    fp=0.0272 tp=0.2979  [0.3s]
  rho=0.24054 (9/20)
    fp=0.0432 tp=0.3404  [92.3s]
  rho=0.21308 (10/20)
    fp=0.0624 tp=0.4255  [90.7s]
  rho=0.18876 (11/20)
    fp=0.0916 tp=0.4894  [0.1s]
  rho=0.16722 (12/20)
    fp=0.1211 tp=0.5319  [0.1s]
  rho=0.14813 (13/20)
    fp=0.1557 tp=0.6383  [84.8s]
  rho=0.13123 (14/20)
    fp=0.1907 tp=0.6489  [0.1s]
  rho=0.11625 (15/20)
    fp=0.2224 tp=0.7021  [0.8s]
  rho=0.10298 (16/20)
    fp=0.2554 tp=0.7447  [0.2s]
  rho=0.09123 (17/20)
    fp=0.2883 tp=0.7660  [0.5s]
  rho=0.08082 (18/20)
    fp=0.3198 tp=0.7660  [0.2s]
  FPR 0.3198 >= fp_end=0.3; stopping after 18 fits
  [note] 7/18 fits hit a glasso ConvergenceWarning (suppressed)
  grid stopped 2 points early at rho=0.08082, ending at FPR 0.3198

(p=100, n=50) over 31 replicates
  t+lasso  (run_em_diagonal):    AUC = 0.198 (SE 0.003)
  ~t+lasso (run_em_exact):       AUC = 0.190 (SE 0.003)
  tlasso   (run_tlasso):         AUC = 0.163 (SE 0.003)
  t*lasso  (run_tstar_varlasso): AUC = 0.194 (SE 0.003)
  glasso   (graphical_lasso):    AUC = 0.162 (SE 0.003)
Replicate 32/50
  Theta: 107/4950 edges
  pilot fit of run_tlasso at rho=30.34854
  -> rho_max = max|S_ij| (off-diag) = 12.81764
  [warn] pilot rho 30.34854 > rho_max 12.81764: it falls off the top of this method's grid
  rho grid: [12.81763655 11.35471855 10.05876808  8.91072859  7.89371854  6.99278311
  6.19467433  5.48765626  4.86133244  4.30649297  3.8149791   3.37956329
  2.99384289  2.65214599  2.34944806  2.08129801  1.84375279  1.63331936
  1.44690338  1.28176365]
Running run_tlasso over 20 rho values, extending until FPR >= 0.3...
  rho=12.81764 (1/20)
    fp=0.0000 tp=0.0000  [0.6s]
   nu  = 3.0000
  rho=11.35472 (2/20)
    fp=0.0000 tp=0.0000  [0.4s]
   nu  = 3.0000
  rho=10.05877 (3/20)
    fp=0.0000 tp=0.0000  [0.6s]
   nu  = 3.0000
  rho=8.91073 (4/20)
    fp=0.0000 tp=0.0000  [0.6s]
   nu  = 3.0000
  rho=7.89372 (5/20)
    fp=0.0000 tp=0.0187  [0.9s]
   nu  = 3.0000
  rho=6.99278 (6/20)
    fp=0.0002 tp=0.0280  [1.0s]
   nu  = 3.0000
  rho=6.19467 (7/20)
    fp=0.0004 tp=0.0374  [1.1s]
   nu  = 3.0000
  rho=5.48766 (8/20)
    fp=0.0017 tp=0.0467  [1.4s]
   nu  = 3.0000
  rho=4.86133 (9/20)
    fp=0.0027 tp=0.0561  [1.4s]
   nu  = 3.0000
  rho=4.30649 (10/20)
    fp=0.0050 tp=0.0841  [1.2s]
   nu  = 3.0000
  rho=3.81498 (11/20)
    fp=0.0083 tp=0.1215  [1.3s]
   nu  = 3.0000
  rho=3.37956 (12/20)
    fp=0.0134 tp=0.1869  [1.5s]
   nu  = 3.0000
  rho=2.99384 (13/20)
    fp=0.0217 tp=0.2617  [1.6s]
   nu  = 3.0000
  rho=2.65215 (14/20)
    fp=0.0312 tp=0.3178  [1.7s]
   nu  = 3.0000
  rho=2.34945 (15/20)
    fp=0.0508 tp=0.3738  [1.2s]
   nu  = 3.0000
  rho=2.08130 (16/20)
    fp=0.0764 tp=0.4766  [2.4s]
   nu  = 3.0000
  rho=1.84375 (17/20)
    fp=0.1090 tp=0.5514  [2.6s]
   nu  = 3.0000
  rho=1.63332 (18/20)
    fp=0.1445 tp=0.5607  [2.5s]
   nu  = 3.0000
  rho=1.44690 (19/20)
    fp=0.1850 tp=0.6262  [3.9s]
   nu  = 3.0000
  rho=1.28176 (20/20)
    fp=0.2282 tp=0.6729  [3.9s]
   nu  = 3.0000
  rho=1.13547 (21/21)  [extra 1/50]
    fp=0.2759 tp=0.7383  [4.9s]
   nu  = 3.0000
  rho=1.00588 (22/22)  [extra 2/50]
    fp=0.3211 tp=0.7570  [4.8s]
   nu  = 3.0000
  FPR 0.3211 >= fp_end=0.3; stopping after 22 fits
  grid extended by 2 points down to rho=1.00588, ending at FPR 0.3211
  pilot fit of run_tstar_varlasso at rho=0.30349
  -> rho_max = max|S_ij| (off-diag) = 0.42823
  rho grid: [0.42822615 0.37935132 0.33605474 0.29769973 0.26372231 0.23362283
 0.20695871 0.18333785 0.16241291 0.1438762  0.12745515 0.11290829
 0.1000217  0.0886059  0.07849303 0.06953437 0.06159819 0.05456779
 0.04833979 0.04282261]
Running run_tstar_varlasso over 20 rho values, extending until FPR >= 0.3...
  rho=0.42823 (1/20)
    fp=0.0000 tp=0.0093  [0.8s]
   nu  = 3.0000
  rho=0.37935 (2/20)
    fp=0.0000 tp=0.0187  [0.8s]
   nu  = 3.0000
  rho=0.33605 (3/20)
    fp=0.0000 tp=0.0280  [0.7s]
   nu  = 3.0000
  rho=0.29770 (4/20)
    fp=0.0006 tp=0.0561  [0.8s]
   nu  = 3.0000
  rho=0.26372 (5/20)
    fp=0.0012 tp=0.0748  [0.9s]
   nu  = 3.0000
  rho=0.23362 (6/20)
    fp=0.0025 tp=0.0841  [0.8s]
   nu  = 3.0000
  rho=0.20696 (7/20)
    fp=0.0060 tp=0.1963  [0.9s]
   nu  = 3.0000
  rho=0.18334 (8/20)
    fp=0.0091 tp=0.2523  [0.9s]
   nu  = 3.0000
  rho=0.16241 (9/20)
    fp=0.0169 tp=0.2897  [0.9s]
   nu  = 3.0000
  rho=0.14388 (10/20)
    fp=0.0283 tp=0.3832  [0.8s]
   nu  = 3.0000
  rho=0.12746 (11/20)
    fp=0.0411 tp=0.4486  [1.0s]
   nu  = 3.0000
  rho=0.11291 (12/20)
    fp=0.0615 tp=0.5047  [1.0s]
   nu  = 3.0000
  rho=0.10002 (13/20)
    fp=0.0793 tp=0.5514  [1.1s]
   nu  = 3.0000
  rho=0.08861 (14/20)
    fp=0.0997 tp=0.6075  [1.0s]
   nu  = 3.0000
  rho=0.07849 (15/20)
    fp=0.1231 tp=0.6542  [1.0s]
   nu  = 3.0000
  rho=0.06953 (16/20)
    fp=0.1493 tp=0.6822  [1.4s]
   nu  = 3.0000
  rho=0.06160 (17/20)
    fp=0.1780 tp=0.7103  [1.6s]
   nu  = 3.0000
  rho=0.05457 (18/20)
    fp=0.2061 tp=0.7477  [1.5s]
   nu  = 3.0000
  rho=0.04834 (19/20)
    fp=0.2325 tp=0.7850  [1.6s]
   nu  = 3.0000
  rho=0.04282 (20/20)
    fp=0.2558 tp=0.8037  [1.8s]
   nu  = 3.0000
  rho=0.03794 (21/21)  [extra 1/50]
    fp=0.2798 tp=0.8131  [1.7s]
   nu  = 3.0000
  rho=0.03361 (22/22)  [extra 2/50]
    fp=0.3023 tp=0.8411  [1.2s]
   nu  = 3.0000
  FPR 0.3023 >= fp_end=0.3; stopping after 22 fits
  grid extended by 2 points down to rho=0.03361, ending at FPR 0.3023
  pilot fit of run_em_diagonal at rho=0.30349
  -> rho_max = max|S_ij| (off-diag) = 0.54733
  rho grid: [0.54732771 0.48485944 0.42952088 0.38049828 0.33707079 0.29859982
 0.26451966 0.23432919 0.20758444 0.18389216 0.16290396 0.14431121
 0.12784051 0.11324966 0.10032411 0.0888738  0.07873035 0.0697446
 0.06178443 0.05473277]
Running run_em_diagonal over 20 rho values, extending until FPR >= 0.3...
  rho=0.54733 (1/20)
    fp=0.0000 tp=0.0187  [60.6s]
   median nu  = 0.039
   median |eta| = 3.73
  rho=0.48486 (2/20)
    fp=0.0000 tp=0.0280  [59.0s]
   median nu  = 0.042
   median |eta| = 3.557
  rho=0.42952 (3/20)
    fp=0.0004 tp=0.0280  [58.6s]
   median nu  = 0.045
   median |eta| = 3.466
  rho=0.38050 (4/20)
    fp=0.0012 tp=0.0561  [62.1s]
   median nu  = 0.049
   median |eta| = 3.326
  rho=0.33707 (5/20)
    fp=0.0031 tp=0.0841  [47.7s]
   median nu  = 0.055
   median |eta| = 3.171
  rho=0.29860 (6/20)
    fp=0.0054 tp=0.1215  [36.6s]
   median nu  = 0.062
   median |eta| = 2.984
  rho=0.26452 (7/20)
    fp=0.0087 tp=0.2056  [36.4s]
   median nu  = 0.07
   median |eta| = 2.752
  rho=0.23433 (8/20)
    fp=0.0161 tp=0.2710  [36.5s]
   median nu  = 0.081
   median |eta| = 2.558
  rho=0.20758 (9/20)
    fp=0.0248 tp=0.3364  [34.9s]
   median nu  = 0.093
   median |eta| = 2.457
  rho=0.18389 (10/20)
    fp=0.0361 tp=0.4299  [34.4s]
   median nu  = 0.116
   median |eta| = 2.487
  rho=0.16290 (11/20)
    fp=0.0504 tp=0.4860  [41.9s]
   median nu  = 0.136
   median |eta| = 2.517
  rho=0.14431 (12/20)
    fp=0.0657 tp=0.5140  [64.4s]
   median nu  = 0.16
   median |eta| = 2.308
  rho=0.12784 (13/20)
    fp=0.0826 tp=0.5607  [71.1s]
   median nu  = 0.189
   median |eta| = 2.045
  rho=0.11325 (14/20)
    fp=0.0993 tp=0.6075  [80.2s]
   median nu  = 0.204
   median |eta| = 2.074
  rho=0.10032 (15/20)
    fp=0.1132 tp=0.6449  [66.8s]
   median nu  = 0.22
   median |eta| = 2.002
  rho=0.08887 (16/20)
    fp=0.1313 tp=0.7009  [62.9s]
   median nu  = 0.227
   median |eta| = 2.016
  rho=0.07873 (17/20)
    fp=0.1472 tp=0.7103  [64.2s]
   median nu  = 0.239
   median |eta| = 2.662
  rho=0.06974 (18/20)
    fp=0.1635 tp=0.7383  [61.3s]
   median nu  = 0.28
   median |eta| = 3.052
  rho=0.06178 (19/20)
    fp=0.1776 tp=0.7664  [63.3s]
   median nu  = 0.293
   median |eta| = 2.49
  rho=0.05473 (20/20)
    fp=0.1941 tp=0.8224  [68.5s]
   median nu  = 0.342
   median |eta| = 2.277
  rho=0.04849 (21/21)  [extra 1/50]
    fp=0.2100 tp=0.8318  [54.5s]
   median nu  = 0.405
   median |eta| = 1.49
  rho=0.04295 (22/22)  [extra 2/50]
    fp=0.2234 tp=0.8318  [61.0s]
   median nu  = 0.366
   median |eta| = 2.173
  rho=0.03805 (23/23)  [extra 3/50]
    fp=0.2335 tp=0.8411  [56.0s]
   median nu  = 0.44
   median |eta| = 1.256
  rho=0.03371 (24/24)  [extra 4/50]
    fp=0.2579 tp=0.8411  [55.6s]
   median nu  = 0.442
   median |eta| = 1.167
  rho=0.02986 (25/25)  [extra 5/50]
    fp=0.2631 tp=0.8411  [54.9s]
   median nu  = 0.455
   median |eta| = 1.124
  rho=0.02645 (26/26)  [extra 6/50]
    fp=0.2775 tp=0.8131  [54.3s]
   median nu  = 0.563
   median |eta| = 0.453
  rho=0.02343 (27/27)  [extra 7/50]
    fp=0.2849 tp=0.8318  [55.0s]
   median nu  = 0.425
   median |eta| = 0.834
  rho=0.02076 (28/28)  [extra 8/50]
    fp=0.3004 tp=0.8131  [55.5s]
   median nu  = 0.897
   median |eta| = 0.141
  FPR 0.3004 >= fp_end=0.3; stopping after 28 fits
  grid extended by 8 points down to rho=0.02076, ending at FPR 0.3004
  pilot fit of run_em_exact at rho=0.30349
  -> rho_max = max|S_ij| (off-diag) = 0.55556
  rho grid: [0.55556024 0.49215237 0.43598144 0.38622148 0.34214078 0.30309116
 0.26849839 0.23785381 0.21070679 0.18665815 0.16535425 0.14648184
 0.1297634  0.11495309 0.10183312 0.09021058 0.07991456 0.07079365
 0.06271375 0.05555602]
Running run_em_exact over 20 rho values, extending until FPR >= 0.3...
  rho=0.55556 (1/20)
    fp=0.0000 tp=0.0093  [48.4s]
   median nu  = 0.039
   median |eta| = 3.784
  rho=0.49215 (2/20)
    fp=0.0000 tp=0.0187  [54.0s]
   median nu  = 0.041
   median |eta| = 3.566
  rho=0.43598 (3/20)
    fp=0.0002 tp=0.0280  [57.5s]
   median nu  = 0.044
   median |eta| = 3.384
  rho=0.38622 (4/20)
    fp=0.0012 tp=0.0561  [57.7s]
   median nu  = 0.048
   median |eta| = 3.319
  rho=0.34214 (5/20)
    fp=0.0027 tp=0.0841  [58.2s]
   median nu  = 0.054
   median |eta| = 3.123
  rho=0.30309 (6/20)
    fp=0.0054 tp=0.1028  [51.8s]
   median nu  = 0.061
   median |eta| = 2.827
  rho=0.26850 (7/20)
    fp=0.0081 tp=0.2056  [55.2s]
   median nu  = 0.069
   median |eta| = 2.554
  rho=0.23785 (8/20)
    fp=0.0157 tp=0.2617  [51.1s]
   median nu  = 0.08
   median |eta| = 2.248
  rho=0.21071 (9/20)
    fp=0.0248 tp=0.3178  [51.1s]
   median nu  = 0.093
   median |eta| = 1.858
  rho=0.18666 (10/20)
    fp=0.0363 tp=0.4019  [51.1s]
   median nu  = 0.117
   median |eta| = 1.534
  rho=0.16535 (11/20)
    fp=0.0520 tp=0.4860  [55.2s]
   median nu  = 0.145
   median |eta| = 1.146
  rho=0.14648 (12/20)
    fp=0.0712 tp=0.5140  [51.6s]
   median nu  = 0.181
   median |eta| = 0.833
  rho=0.12976 (13/20)
    fp=0.0886 tp=0.5514  [49.5s]
   median nu  = 0.239
   median |eta| = 0.69
  rho=0.11495 (14/20)
    fp=0.1086 tp=0.5981  [49.7s]
   median nu  = 0.318
   median |eta| = 0.511
  rho=0.10183 (15/20)
    fp=0.1274 tp=0.6542  [56.9s]
   median nu  = 0.387
   median |eta| = 0.406
  rho=0.09021 (16/20)
    fp=0.1514 tp=0.6729  [57.4s]
   median nu  = 0.428
   median |eta| = 0.335
  rho=0.07991 (17/20)
    fp=0.1714 tp=0.6916  [57.8s]
   median nu  = 0.492
   median |eta| = 0.227
  rho=0.07079 (18/20)
    fp=0.1889 tp=0.7290  [56.7s]
   median nu  = 0.592
   median |eta| = 0.151
  rho=0.06271 (19/20)
    fp=0.2075 tp=0.7477  [54.9s]
   median nu  = 0.677
   median |eta| = 0.086
  rho=0.05556 (20/20)
    fp=0.2275 tp=0.7944  [57.1s]
   median nu  = 0.776
   median |eta| = 0.06
  rho=0.04922 (21/21)  [extra 1/50]
    fp=0.2447 tp=0.8224  [53.1s]
   median nu  = 0.887
   median |eta| = 0.042
  rho=0.04360 (22/22)  [extra 2/50]
    fp=0.2655 tp=0.8505  [2944.0s]
   median nu  = 1.016
   median |eta| = 0.032
  rho=0.03862 (23/23)  [extra 3/50]
    fp=0.2847 tp=0.8598  [68.1s]
   median nu  = 1.152
   median |eta| = 0.023
  rho=0.03421 (24/24)  [extra 4/50]
    fp=0.2975 tp=0.8598  [86.8s]
   median nu  = 1.284
   median |eta| = 0.016
  rho=0.03031 (25/25)  [extra 5/50]
    fp=0.3145 tp=0.8692  [50.7s]
   median nu  = 1.415
   median |eta| = 0.012
  FPR 0.3145 >= fp_end=0.3; stopping after 25 fits
  grid extended by 5 points down to rho=0.03031, ending at FPR 0.3145
  graphical_lasso rho_max = max|S_ij| (off-diag) = 0.58552
  rho grid: [0.585518   0.51869096 0.45949109 0.4070479  0.36059022 0.3194349
 0.28297677 0.25067972 0.22206884 0.19672341 0.17427074 0.15438066
 0.1367607  0.12115176 0.10732432 0.09507505 0.08422383 0.07461109
 0.06609549 0.0585518 ]
Running graphical_lasso over 20 rho values, extending until FPR >= 0.3...
  rho=0.58552 (1/20)
    fp=0.0000 tp=0.0000  [0.1s]
  rho=0.51869 (2/20)
    fp=0.0000 tp=0.0280  [0.1s]
  rho=0.45949 (3/20)
    fp=0.0010 tp=0.0374  [96.4s]
  rho=0.40705 (4/20)
    fp=0.0021 tp=0.0561  [96.2s]
  rho=0.36059 (5/20)
    fp=0.0052 tp=0.0748  [97.2s]
  rho=0.31943 (6/20)
    fp=0.0107 tp=0.1589  [89.7s]
  rho=0.28298 (7/20)
    fp=0.0196 tp=0.2336  [88.3s]
  rho=0.25068 (8/20)
    fp=0.0299 tp=0.3178  [83.1s]
  rho=0.22207 (9/20)
    fp=0.0491 tp=0.3832  [0.2s]
  rho=0.19672 (10/20)
    fp=0.0710 tp=0.4579  [82.0s]
  rho=0.17427 (11/20)
    fp=0.0944 tp=0.5421  [0.2s]
  rho=0.15438 (12/20)
    fp=0.1208 tp=0.5421  [87.3s]
  rho=0.13676 (13/20)
    fp=0.1493 tp=0.5888  [0.2s]
  rho=0.12115 (14/20)
    fp=0.1807 tp=0.6262  [0.1s]
  rho=0.10732 (15/20)
    fp=0.2168 tp=0.6636  [1.5s]
  rho=0.09508 (16/20)
    fp=0.2509 tp=0.7009  [0.7s]
  rho=0.08422 (17/20)
    fp=0.2897 tp=0.7477  [0.2s]
  rho=0.07461 (18/20)
    fp=0.3291 tp=0.7477  [1.0s]
  FPR 0.3291 >= fp_end=0.3; stopping after 18 fits
  [note] 8/18 fits hit a glasso ConvergenceWarning (suppressed)
  grid stopped 2 points early at rho=0.07461, ending at FPR 0.3291

(p=100, n=50) over 32 replicates
  t+lasso  (run_em_diagonal):    AUC = 0.198 (SE 0.002)
  ~t+lasso (run_em_exact):       AUC = 0.190 (SE 0.003)
  tlasso   (run_tlasso):         AUC = 0.163 (SE 0.003)
  t*lasso  (run_tstar_varlasso): AUC = 0.194 (SE 0.003)
  glasso   (graphical_lasso):    AUC = 0.162 (SE 0.003)
Replicate 33/50
  Theta: 101/4950 edges
  pilot fit of run_tlasso at rho=30.34854
  -> rho_max = max|S_ij| (off-diag) = 14.84424
  [warn] pilot rho 30.34854 > rho_max 14.84424: it falls off the top of this method's grid
  rho grid: [14.84423624 13.15001591 11.64916239 10.3196061   9.14179633  8.09841377
  7.17411582  6.35531095  5.62995892  4.98739364  4.41816639  3.91390688
  3.46720013  3.07147745  2.72091987  2.41037255  2.135269    1.89156389
  1.67567363  1.48442362]
Running run_tlasso over 20 rho values, extending until FPR >= 0.3...
  rho=14.84424 (1/20)
    fp=0.0000 tp=0.0000  [0.6s]
   nu  = 3.0000
  rho=13.15002 (2/20)
    fp=0.0000 tp=0.0000  [0.4s]
   nu  = 3.0000
  rho=11.64916 (3/20)
    fp=0.0000 tp=0.0000  [0.4s]
   nu  = 3.0000
  rho=10.31961 (4/20)
    fp=0.0002 tp=0.0099  [0.9s]
   nu  = 3.0000
  rho=9.14180 (5/20)
    fp=0.0002 tp=0.0099  [0.9s]
   nu  = 3.0000
  rho=8.09841 (6/20)
    fp=0.0004 tp=0.0099  [1.1s]
   nu  = 3.0000
  rho=7.17412 (7/20)
    fp=0.0010 tp=0.0099  [1.0s]
   nu  = 3.0000
  rho=6.35531 (8/20)
    fp=0.0019 tp=0.0297  [1.0s]
   nu  = 3.0000
  rho=5.62996 (9/20)
    fp=0.0033 tp=0.0495  [1.1s]
   nu  = 3.0000
  rho=4.98739 (10/20)
    fp=0.0049 tp=0.0594  [1.2s]
   nu  = 3.0000
  rho=4.41817 (11/20)
    fp=0.0062 tp=0.0594  [1.2s]
   nu  = 3.0000
  rho=3.91391 (12/20)
    fp=0.0099 tp=0.0891  [1.2s]
   nu  = 3.0000
  rho=3.46720 (13/20)
    fp=0.0153 tp=0.1089  [1.5s]
   nu  = 3.0000
  rho=3.07148 (14/20)
    fp=0.0219 tp=0.1287  [1.9s]
   nu  = 3.0000
  rho=2.72092 (15/20)
    fp=0.0330 tp=0.1584  [2.2s]
   nu  = 3.0000
  rho=2.41037 (16/20)
    fp=0.0547 tp=0.2277  [1.9s]
   nu  = 3.0000
  rho=2.13527 (17/20)
    fp=0.0829 tp=0.3267  [2.5s]
   nu  = 3.0000
  rho=1.89156 (18/20)
    fp=0.1281 tp=0.4455  [3.3s]
   nu  = 3.0000
  rho=1.67567 (19/20)
    fp=0.1708 tp=0.5248  [4.5s]
   nu  = 3.0000
  rho=1.48442 (20/20)
    fp=0.2155 tp=0.6139  [4.3s]
   nu  = 3.0000
  rho=1.31500 (21/21)  [extra 1/50]
    fp=0.2574 tp=0.6535  [3.9s]
   nu  = 3.0000
  rho=1.16492 (22/22)  [extra 2/50]
    fp=0.3015 tp=0.6832  [3.9s]
   nu  = 3.0000
  FPR 0.3015 >= fp_end=0.3; stopping after 22 fits
  grid extended by 2 points down to rho=1.16492, ending at FPR 0.3015
  pilot fit of run_tstar_varlasso at rho=0.30349
  -> rho_max = max|S_ij| (off-diag) = 0.42336
  rho grid: [0.42335847 0.37503921 0.33223478 0.29431576 0.26072456 0.23096723
 0.2046062  0.18125383 0.16056675 0.14224075 0.12600636 0.11162485
 0.09888475 0.08759871 0.07760079 0.06874396 0.06089799 0.05394751
 0.04779031 0.04233585]
Running run_tstar_varlasso over 20 rho values, extending until FPR >= 0.3...
  rho=0.42336 (1/20)
    fp=0.0000 tp=0.0099  [0.9s]
   nu  = 3.0000
  rho=0.37504 (2/20)
    fp=0.0002 tp=0.0099  [1.0s]
   nu  = 3.0000
  rho=0.33223 (3/20)
    fp=0.0008 tp=0.0297  [0.6s]
   nu  = 3.0000
  rho=0.29432 (4/20)
    fp=0.0027 tp=0.0495  [0.6s]
   nu  = 3.0000
  rho=0.26072 (5/20)
    fp=0.0045 tp=0.0693  [1.1s]
   nu  = 3.0000
  rho=0.23097 (6/20)
    fp=0.0056 tp=0.0891  [1.1s]
   nu  = 3.0000
  rho=0.20461 (7/20)
    fp=0.0105 tp=0.0990  [1.3s]
   nu  = 3.0000
  rho=0.18125 (8/20)
    fp=0.0161 tp=0.1683  [1.3s]
   nu  = 3.0000
  rho=0.16057 (9/20)
    fp=0.0252 tp=0.1881  [1.2s]
   nu  = 3.0000
  rho=0.14224 (10/20)
    fp=0.0415 tp=0.2673  [1.0s]
   nu  = 3.0000
  rho=0.12601 (11/20)
    fp=0.0575 tp=0.3564  [1.1s]
   nu  = 3.0000
  rho=0.11162 (12/20)
    fp=0.0782 tp=0.4752  [1.0s]
   nu  = 3.0000
  rho=0.09888 (13/20)
    fp=0.1011 tp=0.5248  [1.1s]
   nu  = 3.0000
  rho=0.08760 (14/20)
    fp=0.1252 tp=0.5941  [1.6s]
   nu  = 3.0000
  rho=0.07760 (15/20)
    fp=0.1520 tp=0.6535  [1.2s]
   nu  = 3.0000
  rho=0.06874 (16/20)
    fp=0.1809 tp=0.6931  [1.2s]
   nu  = 3.0000
  rho=0.06090 (17/20)
    fp=0.2019 tp=0.7129  [1.2s]
   nu  = 3.0000
  rho=0.05395 (18/20)
    fp=0.2304 tp=0.7327  [1.8s]
   nu  = 3.0000
  rho=0.04779 (19/20)
    fp=0.2535 tp=0.7426  [1.7s]
   nu  = 3.0000
  rho=0.04234 (20/20)
    fp=0.2782 tp=0.7921  [1.7s]
   nu  = 3.0000
  rho=0.03750 (21/21)  [extra 1/50]
    fp=0.3019 tp=0.8020  [1.3s]
   nu  = 3.0000
  FPR 0.3019 >= fp_end=0.3; stopping after 21 fits
  grid extended by 1 points down to rho=0.03750, ending at FPR 0.3019
  pilot fit of run_em_diagonal at rho=0.30349
  -> rho_max = max|S_ij| (off-diag) = 0.64177
  rho grid: [0.64176836 0.56852128 0.50363412 0.44615274 0.3952319  0.35012281
 0.31016217 0.27476237 0.24340286 0.21562251 0.19101282 0.16921191
 0.14989921 0.13279074 0.1176349  0.10420885 0.09231516 0.08177894
 0.07244524 0.06417684]
Running run_em_diagonal over 20 rho values, extending until FPR >= 0.3...
  rho=0.64177 (1/20)
    fp=0.0000 tp=0.0099  [55.4s]
   median nu  = 0.039
   median |eta| = 3.754
  rho=0.56852 (2/20)
    fp=0.0002 tp=0.0099  [62.3s]
   median nu  = 0.041
   median |eta| = 3.884
  rho=0.50363 (3/20)
    fp=0.0006 tp=0.0099  [50.7s]
   median nu  = 0.044
   median |eta| = 3.763
  rho=0.44615 (4/20)
    fp=0.0021 tp=0.0297  [36.7s]
   median nu  = 0.048
   median |eta| = 3.748
  rho=0.39523 (5/20)
    fp=0.0033 tp=0.0495  [36.5s]
   median nu  = 0.052
   median |eta| = 3.91
  rho=0.35012 (6/20)
    fp=0.0058 tp=0.0594  [36.9s]
   median nu  = 0.056
   median |eta| = 3.623
  rho=0.31016 (7/20)
    fp=0.0082 tp=0.0693  [35.2s]
   median nu  = 0.064
   median |eta| = 3.315
  rho=0.27476 (8/20)
    fp=0.0130 tp=0.0990  [34.6s]
   median nu  = 0.071
   median |eta| = 2.959
  rho=0.24340 (9/20)
    fp=0.0204 tp=0.1386  [40.2s]
   median nu  = 0.081
   median |eta| = 2.706
  rho=0.21562 (10/20)
    fp=0.0316 tp=0.1782  [64.0s]
   median nu  = 0.094
   median |eta| = 2.646
  rho=0.19101 (11/20)
    fp=0.0458 tp=0.2475  [60.9s]
   median nu  = 0.11
   median |eta| = 2.535
  rho=0.16921 (12/20)
    fp=0.0641 tp=0.3267  [67.9s]
   median nu  = 0.125
   median |eta| = 2.379
  rho=0.14990 (13/20)
    fp=0.0784 tp=0.4554  [63.2s]
   median nu  = 0.145
   median |eta| = 2.196
  rho=0.13279 (14/20)
    fp=0.0965 tp=0.4851  [56.9s]
   median nu  = 0.179
   median |eta| = 2.127
  rho=0.11763 (15/20)
    fp=0.1157 tp=0.5743  [57.5s]
   median nu  = 0.208
   median |eta| = 2.002
  rho=0.10421 (16/20)
    fp=0.1361 tp=0.5941  [56.7s]
   median nu  = 0.255
   median |eta| = 2.059
  rho=0.09232 (17/20)
    fp=0.1493 tp=0.6535  [59.5s]
   median nu  = 0.287
   median |eta| = 2.054
  rho=0.08178 (18/20)
    fp=0.1660 tp=0.7030  [56.6s]
   median nu  = 0.303
   median |eta| = 1.952
  rho=0.07245 (19/20)
    fp=0.1840 tp=0.7228  [67.1s]
   median nu  = 0.337
   median |eta| = 1.983
  rho=0.06418 (20/20)
    fp=0.1994 tp=0.7525  [52.3s]
   median nu  = 0.325
   median |eta| = 2.04
  rho=0.05685 (21/21)  [extra 1/50]
    fp=0.2126 tp=0.7624  [60.4s]
   median nu  = 0.351
   median |eta| = 1.978
  rho=0.05036 (22/22)  [extra 2/50]
    fp=0.2262 tp=0.7624  [52.6s]
   median nu  = 0.373
   median |eta| = 2.056
  rho=0.04462 (23/23)  [extra 3/50]
    fp=0.2392 tp=0.7822  [55.1s]
   median nu  = 0.362
   median |eta| = 2.382
  rho=0.03952 (24/24)  [extra 4/50]
    fp=0.2520 tp=0.8020  [54.1s]
   median nu  = 0.359
   median |eta| = 2.388
  rho=0.03501 (25/25)  [extra 5/50]
    fp=0.2623 tp=0.8020  [54.0s]
   median nu  = 0.326
   median |eta| = 2.89
  rho=0.03102 (26/26)  [extra 6/50]
    fp=0.2708 tp=0.8119  [54.5s]
   median nu  = 0.38
   median |eta| = 2.128
  rho=0.02748 (27/27)  [extra 7/50]
    fp=0.2844 tp=0.7921  [52.4s]
   median nu  = 0.507
   median |eta| = 1.045
  rho=0.02434 (28/28)  [extra 8/50]
    fp=0.2931 tp=0.8218  [54.6s]
   median nu  = 0.553
   median |eta| = 0.697
  rho=0.02156 (29/29)  [extra 9/50]
    fp=0.3017 tp=0.8119  [54.6s]
   median nu  = 0.868
   median |eta| = 0.11
  FPR 0.3017 >= fp_end=0.3; stopping after 29 fits
  grid extended by 9 points down to rho=0.02156, ending at FPR 0.3017
  pilot fit of run_em_exact at rho=0.30349
  -> rho_max = max|S_ij| (off-diag) = 0.64238
  rho grid: [0.64238465 0.56906722 0.50411776 0.44658118 0.39561143 0.35045903
 0.31046002 0.27502622 0.24363659 0.21582957 0.19119625 0.16937441
 0.15004316 0.13291825 0.11774787 0.10430892 0.09240381 0.08185747
 0.07251481 0.06423846]
Running run_em_exact over 20 rho values, extending until FPR >= 0.3...
  rho=0.64238 (1/20)
    fp=0.0000 tp=0.0099  [54.5s]
   median nu  = 0.039
   median |eta| = 3.751
  rho=0.56907 (2/20)
    fp=0.0002 tp=0.0099  [58.0s]
   median nu  = 0.041
   median |eta| = 3.886
  rho=0.50412 (3/20)
    fp=0.0004 tp=0.0099  [58.2s]
   median nu  = 0.044
   median |eta| = 3.764
  rho=0.44658 (4/20)
    fp=0.0023 tp=0.0297  [52.3s]
   median nu  = 0.048
   median |eta| = 3.75
  rho=0.39561 (5/20)
    fp=0.0033 tp=0.0495  [55.4s]
   median nu  = 0.052
   median |eta| = 3.867
  rho=0.35046 (6/20)
    fp=0.0058 tp=0.0594  [50.5s]
   median nu  = 0.057
   median |eta| = 3.481
  rho=0.31046 (7/20)
    fp=0.0085 tp=0.0693  [52.3s]
   median nu  = 0.065
   median |eta| = 3.105
  rho=0.27503 (8/20)
    fp=0.0136 tp=0.0990  [51.5s]
   median nu  = 0.072
   median |eta| = 2.797
  rho=0.24364 (9/20)
    fp=0.0210 tp=0.1386  [56.2s]
   median nu  = 0.083
   median |eta| = 2.491
  rho=0.21583 (10/20)
    fp=0.0340 tp=0.1782  [52.4s]
   median nu  = 0.1
   median |eta| = 2.287
  rho=0.19120 (11/20)
    fp=0.0499 tp=0.2673  [50.7s]
   median nu  = 0.125
   median |eta| = 1.94
  rho=0.16937 (12/20)
    fp=0.0707 tp=0.3465  [50.8s]
   median nu  = 0.164
   median |eta| = 1.432
  rho=0.15004 (13/20)
    fp=0.0874 tp=0.4455  [53.5s]
   median nu  = 0.217
   median |eta| = 1.165
  rho=0.13292 (14/20)
    fp=0.1074 tp=0.5149  [50.3s]
   median nu  = 0.276
   median |eta| = 0.874
  rho=0.11775 (15/20)
    fp=0.1330 tp=0.5842  [51.3s]
   median nu  = 0.327
   median |eta| = 0.682
  rho=0.10431 (16/20)
    fp=0.1549 tp=0.6040  [57.3s]
   median nu  = 0.401
   median |eta| = 0.469
  rho=0.09240 (17/20)
    fp=0.1751 tp=0.6832  [56.6s]
   median nu  = 0.469
   median |eta| = 0.348
  rho=0.08186 (18/20)
    fp=0.1974 tp=0.7228  [57.4s]
   median nu  = 0.565
   median |eta| = 0.216
  rho=0.07251 (19/20)
    fp=0.2170 tp=0.7327  [63.6s]
   median nu  = 0.651
   median |eta| = 0.136
  rho=0.06424 (20/20)
    fp=0.2335 tp=0.7525  [61.0s]
   median nu  = 0.759
   median |eta| = 0.099
  rho=0.05691 (21/21)  [extra 1/50]
    fp=0.2502 tp=0.7624  [2952.1s]
   median nu  = 0.884
   median |eta| = 0.069
  rho=0.05041 (22/22)  [extra 2/50]
    fp=0.2700 tp=0.8020  [89.1s]
   median nu  = 0.997
   median |eta| = 0.054
  rho=0.04466 (23/23)  [extra 3/50]
    fp=0.2842 tp=0.8020  [64.9s]
   median nu  = 1.098
   median |eta| = 0.042
  rho=0.03956 (24/24)  [extra 4/50]
    fp=0.2976 tp=0.8020  [51.0s]
   median nu  = 1.19
   median |eta| = 0.032
  rho=0.03505 (25/25)  [extra 5/50]
    fp=0.3135 tp=0.8119  [37.0s]
   median nu  = 1.286
   median |eta| = 0.025
  FPR 0.3135 >= fp_end=0.3; stopping after 25 fits
  grid extended by 5 points down to rho=0.03505, ending at FPR 0.3135
  graphical_lasso rho_max = max|S_ij| (off-diag) = 0.68432
  rho grid: [0.68431599 0.60621281 0.5370238  0.47573155 0.42143478 0.37333507
 0.33072514 0.29297842 0.25953985 0.22991774 0.20367649 0.18043024
 0.15983715 0.14159443 0.1254338  0.11111764 0.09843543 0.08720067
 0.07724818 0.0684316 ]
Running graphical_lasso over 20 rho values, extending until FPR >= 0.3...
  rho=0.68432 (1/20)
    fp=0.0000 tp=0.0000  [0.0s]
  rho=0.60621 (2/20)
    fp=0.0002 tp=0.0099  [0.1s]
  rho=0.53702 (3/20)
    fp=0.0006 tp=0.0099  [95.8s]
  rho=0.47573 (4/20)
    fp=0.0021 tp=0.0297  [95.6s]
  rho=0.42143 (5/20)
    fp=0.0043 tp=0.0495  [89.2s]
  rho=0.37334 (6/20)
    fp=0.0068 tp=0.0594  [88.5s]
  rho=0.33073 (7/20)
    fp=0.0109 tp=0.0891  [82.5s]
  rho=0.29298 (8/20)
    fp=0.0214 tp=0.1287  [81.6s]
  rho=0.25954 (9/20)
    fp=0.0322 tp=0.1683  [86.9s]
  rho=0.22992 (10/20)
    fp=0.0540 tp=0.2178  [86.2s]
  rho=0.20368 (11/20)
    fp=0.0800 tp=0.2970  [83.6s]
  rho=0.18043 (12/20)
    fp=0.1099 tp=0.4059  [0.2s]
  rho=0.15984 (13/20)
    fp=0.1458 tp=0.4455  [81.8s]
  rho=0.14159 (14/20)
    fp=0.1780 tp=0.5248  [0.4s]
  rho=0.12543 (15/20)
    fp=0.2114 tp=0.5545  [0.7s]
  rho=0.11112 (16/20)
    fp=0.2458 tp=0.6436  [1.5s]
  rho=0.09844 (17/20)
    fp=0.2794 tp=0.6535  [1.4s]
  rho=0.08720 (18/20)
    fp=0.3135 tp=0.6733  [0.2s]
  FPR 0.3135 >= fp_end=0.3; stopping after 18 fits
  [note] 10/18 fits hit a glasso ConvergenceWarning (suppressed)
  grid stopped 2 points early at rho=0.08720, ending at FPR 0.3135

(p=100, n=50) over 33 replicates
  t+lasso  (run_em_diagonal):    AUC = 0.197 (SE 0.003)
  ~t+lasso (run_em_exact):       AUC = 0.190 (SE 0.003)
  tlasso   (run_tlasso):         AUC = 0.162 (SE 0.003)
  t*lasso  (run_tstar_varlasso): AUC = 0.193 (SE 0.003)
  glasso   (graphical_lasso):    AUC = 0.161 (SE 0.003)
Replicate 34/50
  Theta: 103/4950 edges
  pilot fit of run_tlasso at rho=30.34854
  -> rho_max = max|S_ij| (off-diag) = 12.10765
  [warn] pilot rho 30.34854 > rho_max 12.10765: it falls off the top of this method's grid
  rho grid: [12.10765281 10.72576753  9.50160126  8.41715301  7.45647632  6.60544475
  5.85154414  5.18368862  4.5920576   4.06795133  3.60366299  3.19236537
  2.82801046  2.50524055  2.21930941  1.9660125   1.74162518  1.54284791
  1.36675773  1.21076528]
Running run_tlasso over 20 rho values, extending until FPR >= 0.3...
  rho=12.10765 (1/20)
    fp=0.0000 tp=0.0000  [0.6s]
   nu  = 3.0000
  rho=10.72577 (2/20)
    fp=0.0000 tp=0.0000  [0.5s]
   nu  = 3.0000
  rho=9.50160 (3/20)
    fp=0.0000 tp=0.0000  [0.4s]
   nu  = 3.0000
  rho=8.41715 (4/20)
    fp=0.0000 tp=0.0000  [0.5s]
   nu  = 3.0000
  rho=7.45648 (5/20)
    fp=0.0002 tp=0.0000  [1.0s]
   nu  = 3.0000
  rho=6.60544 (6/20)
    fp=0.0004 tp=0.0097  [0.9s]
   nu  = 3.0000
  rho=5.85154 (7/20)
    fp=0.0014 tp=0.0291  [1.0s]
   nu  = 3.0000
  rho=5.18369 (8/20)
    fp=0.0021 tp=0.0485  [1.1s]
   nu  = 3.0000
  rho=4.59206 (9/20)
    fp=0.0050 tp=0.0971  [1.1s]
   nu  = 3.0000
  rho=4.06795 (10/20)
    fp=0.0078 tp=0.1068  [1.2s]
   nu  = 3.0000
  rho=3.60366 (11/20)
    fp=0.0120 tp=0.1553  [1.3s]
   nu  = 3.0000
  rho=3.19237 (12/20)
    fp=0.0190 tp=0.1748  [1.5s]
   nu  = 3.0000
  rho=2.82801 (13/20)
    fp=0.0289 tp=0.2816  [1.8s]
   nu  = 3.0000
  rho=2.50524 (14/20)
    fp=0.0450 tp=0.3495  [1.2s]
   nu  = 3.0000
  rho=2.21931 (15/20)
    fp=0.0673 tp=0.4175  [3.0s]
   nu  = 3.0000
  rho=1.96601 (16/20)
    fp=0.1017 tp=0.4757  [4.4s]
   nu  = 3.0000
  rho=1.74163 (17/20)
    fp=0.1543 tp=0.5631  [6.1s]
   nu  = 3.0000
  rho=1.54285 (18/20)
    fp=0.1979 tp=0.5922  [4.6s]
   nu  = 3.0000
  rho=1.36676 (19/20)
    fp=0.2397 tp=0.6214  [4.1s]
   nu  = 3.0000
  rho=1.21077 (20/20)
    fp=0.2845 tp=0.6602  [5.3s]
   nu  = 3.0000
  rho=1.07258 (21/21)  [extra 1/50]
    fp=0.3262 tp=0.6990  [4.5s]
   nu  = 3.0000
  FPR 0.3262 >= fp_end=0.3; stopping after 21 fits
  grid extended by 1 points down to rho=1.07258, ending at FPR 0.3262
  pilot fit of run_tstar_varlasso at rho=0.30349
  -> rho_max = max|S_ij| (off-diag) = 0.38374
  rho grid: [0.38373793 0.33994069 0.30114216 0.26677184 0.23632432 0.20935186
 0.18545786 0.16429096 0.14553991 0.12892897 0.11421389 0.1011783
 0.08963049 0.07940068 0.07033842 0.06231047 0.05519878 0.04889876
 0.04331779 0.03837379]
Running run_tstar_varlasso over 20 rho values, extending until FPR >= 0.3...
  rho=0.38374 (1/20)
    fp=0.0002 tp=0.0000  [0.8s]
   nu  = 3.0000
  rho=0.33994 (2/20)
    fp=0.0002 tp=0.0097  [0.7s]
   nu  = 3.0000
  rho=0.30114 (3/20)
    fp=0.0006 tp=0.0680  [0.8s]
   nu  = 3.0000
  rho=0.26677 (4/20)
    fp=0.0019 tp=0.0680  [0.8s]
   nu  = 3.0000
  rho=0.23632 (5/20)
    fp=0.0039 tp=0.1165  [0.9s]
   nu  = 3.0000
  rho=0.20935 (6/20)
    fp=0.0076 tp=0.1845  [0.8s]
   nu  = 3.0000
  rho=0.18546 (7/20)
    fp=0.0126 tp=0.2816  [0.8s]
   nu  = 3.0000
  rho=0.16429 (8/20)
    fp=0.0233 tp=0.3495  [0.8s]
   nu  = 3.0000
  rho=0.14554 (9/20)
    fp=0.0342 tp=0.4078  [0.9s]
   nu  = 3.0000
  rho=0.12893 (10/20)
    fp=0.0477 tp=0.4369  [1.3s]
   nu  = 3.0000
  rho=0.11421 (11/20)
    fp=0.0666 tp=0.5049  [1.4s]
   nu  = 3.0000
  rho=0.10118 (12/20)
    fp=0.0867 tp=0.5825  [1.3s]
   nu  = 3.0000
  rho=0.08963 (13/20)
    fp=0.1129 tp=0.6214  [1.2s]
   nu  = 3.0000
  rho=0.07940 (14/20)
    fp=0.1384 tp=0.6699  [1.6s]
   nu  = 3.0000
  rho=0.07034 (15/20)
    fp=0.1688 tp=0.7087  [1.7s]
   nu  = 3.0000
  rho=0.06231 (16/20)
    fp=0.1985 tp=0.7184  [1.7s]
   nu  = 3.0000
  rho=0.05520 (17/20)
    fp=0.2199 tp=0.7476  [1.8s]
   nu  = 3.0000
  rho=0.04890 (18/20)
    fp=0.2432 tp=0.7864  [1.7s]
   nu  = 3.0000
  rho=0.04332 (19/20)
    fp=0.2666 tp=0.8155  [1.6s]
   nu  = 3.0000
  rho=0.03837 (20/20)
    fp=0.2905 tp=0.8350  [1.9s]
   nu  = 3.0000
  rho=0.03399 (21/21)  [extra 1/50]
    fp=0.3105 tp=0.8350  [2.1s]
   nu  = 3.0000
  FPR 0.3105 >= fp_end=0.3; stopping after 21 fits
  grid extended by 1 points down to rho=0.03399, ending at FPR 0.3105
  pilot fit of run_em_diagonal at rho=0.30349
  -> rho_max = max|S_ij| (off-diag) = 0.48170
  rho grid: [0.48170059 0.42672255 0.37801934 0.33487478 0.29665444 0.26279632
 0.23280253 0.20623203 0.18269411 0.16184264 0.14337102 0.12700763
 0.11251184 0.0996705  0.08829479 0.07821742 0.06929022 0.0613819
 0.05437619 0.04817006]
Running run_em_diagonal over 20 rho values, extending until FPR >= 0.3...
  rho=0.48170 (1/20)
    fp=0.0002 tp=0.0097  [36.0s]
   median nu  = 0.045
   median |eta| = 3.948
  rho=0.42672 (2/20)
    fp=0.0006 tp=0.0194  [36.9s]
   median nu  = 0.049
   median |eta| = 3.798
  rho=0.37802 (3/20)
    fp=0.0027 tp=0.0583  [37.5s]
   median nu  = 0.055
   median |eta| = 3.728
  rho=0.33487 (4/20)
    fp=0.0052 tp=0.0777  [35.3s]
   median nu  = 0.062
   median |eta| = 3.761
  rho=0.29665 (5/20)
    fp=0.0089 tp=0.1456  [34.7s]
   median nu  = 0.07
   median |eta| = 3.621
  rho=0.26280 (6/20)
    fp=0.0142 tp=0.1845  [40.5s]
   median nu  = 0.081
   median |eta| = 3.584
  rho=0.23280 (7/20)
    fp=0.0213 tp=0.3010  [64.9s]
   median nu  = 0.094
   median |eta| = 3.559
  rho=0.20623 (8/20)
    fp=0.0314 tp=0.3495  [62.4s]
   median nu  = 0.112
   median |eta| = 3.396
  rho=0.18269 (9/20)
    fp=0.0439 tp=0.3981  [68.8s]
   median nu  = 0.135
   median |eta| = 3.4
  rho=0.16184 (10/20)
    fp=0.0571 tp=0.4369  [71.3s]
   median nu  = 0.157
   median |eta| = 2.922
  rho=0.14337 (11/20)
    fp=0.0741 tp=0.4951  [66.3s]
   median nu  = 0.179
   median |eta| = 2.691
  rho=0.12701 (12/20)
    fp=0.0926 tp=0.5631  [68.9s]
   median nu  = 0.212
   median |eta| = 2.427
  rho=0.11251 (13/20)
    fp=0.1110 tp=0.6019  [68.3s]
   median nu  = 0.237
   median |eta| = 2.066
  rho=0.09967 (14/20)
    fp=0.1283 tp=0.6408  [68.0s]
   median nu  = 0.26
   median |eta| = 1.943
  rho=0.08829 (15/20)
    fp=0.1485 tp=0.6796  [77.2s]
   median nu  = 0.281
   median |eta| = 1.717
  rho=0.07822 (16/20)
    fp=0.1653 tp=0.7184  [62.2s]
   median nu  = 0.324
   median |eta| = 1.605
  rho=0.06929 (17/20)
    fp=0.1774 tp=0.7476  [60.2s]
   median nu  = 0.353
   median |eta| = 1.638
  rho=0.06138 (18/20)
    fp=0.1931 tp=0.7573  [58.0s]
   median nu  = 0.358
   median |eta| = 1.744
  rho=0.05438 (19/20)
    fp=0.2053 tp=0.7573  [56.7s]
   median nu  = 0.34
   median |eta| = 1.704
  rho=0.04817 (20/20)
    fp=0.2181 tp=0.7670  [57.0s]
   median nu  = 0.362
   median |eta| = 1.528
  rho=0.04267 (21/21)  [extra 1/50]
    fp=0.2346 tp=0.7961  [55.7s]
   median nu  = 0.343
   median |eta| = 1.852
  rho=0.03780 (22/22)  [extra 2/50]
    fp=0.2455 tp=0.8155  [57.4s]
   median nu  = 0.334
   median |eta| = 2.079
  rho=0.03349 (23/23)  [extra 3/50]
    fp=0.2589 tp=0.8350  [57.8s]
   median nu  = 0.37
   median |eta| = 2.699
  rho=0.02967 (24/24)  [extra 4/50]
    fp=0.2630 tp=0.8252  [56.8s]
   median nu  = 0.311
   median |eta| = 3.507
  rho=0.02628 (25/25)  [extra 5/50]
    fp=0.2736 tp=0.8447  [56.1s]
   median nu  = 0.331
   median |eta| = 3.903
  rho=0.02328 (26/26)  [extra 6/50]
    fp=0.2866 tp=0.8447  [59.2s]
   median nu  = 0.313
   median |eta| = 3.42
  rho=0.02062 (27/27)  [extra 7/50]
    fp=0.2868 tp=0.8447  [62.4s]
   median nu  = 0.305
   median |eta| = 4.026
  rho=0.01827 (28/28)  [extra 8/50]
    fp=0.3014 tp=0.8447  [62.2s]
   median nu  = 0.31
   median |eta| = 4.077
  FPR 0.3014 >= fp_end=0.3; stopping after 28 fits
  grid extended by 8 points down to rho=0.01827, ending at FPR 0.3014
  pilot fit of run_em_exact at rho=0.30349
  -> rho_max = max|S_ij| (off-diag) = 0.49545
  rho grid: [0.49544978 0.4389025  0.38880915 0.34443312 0.30512186 0.27029732
 0.23944742 0.21211852 0.18790875 0.16646212 0.14746327 0.13063281
 0.11572327 0.1025154  0.09081499 0.08044998 0.07126797 0.06313393
 0.05592825 0.04954498]
Running run_em_exact over 20 rho values, extending until FPR >= 0.3...
  rho=0.49545 (1/20)
    fp=0.0002 tp=0.0000  [52.2s]
   median nu  = 0.044
   median |eta| = 3.922
  rho=0.43890 (2/20)
    fp=0.0006 tp=0.0097  [50.6s]
   median nu  = 0.048
   median |eta| = 3.905
  rho=0.38881 (3/20)
    fp=0.0021 tp=0.0485  [53.0s]
   median nu  = 0.054
   median |eta| = 3.716
  rho=0.34443 (4/20)
    fp=0.0041 tp=0.0777  [51.9s]
   median nu  = 0.06
   median |eta| = 3.614
  rho=0.30512 (5/20)
    fp=0.0083 tp=0.1262  [56.7s]
   median nu  = 0.068
   median |eta| = 3.508
  rho=0.27030 (6/20)
    fp=0.0134 tp=0.1748  [53.2s]
   median nu  = 0.079
   median |eta| = 3.326
  rho=0.23945 (7/20)
    fp=0.0200 tp=0.2621  [51.6s]
   median nu  = 0.093
   median |eta| = 3.062
  rho=0.21212 (8/20)
    fp=0.0307 tp=0.3495  [52.1s]
   median nu  = 0.11
   median |eta| = 2.521
  rho=0.18791 (9/20)
    fp=0.0437 tp=0.3981  [58.5s]
   median nu  = 0.135
   median |eta| = 2.057
  rho=0.16646 (10/20)
    fp=0.0584 tp=0.4175  [61.2s]
   median nu  = 0.18
   median |eta| = 1.479
  rho=0.14746 (11/20)
    fp=0.0790 tp=0.5049  [58.7s]
   median nu  = 0.222
   median |eta| = 1.105
  rho=0.13063 (12/20)
    fp=0.1032 tp=0.5728  [57.8s]
   median nu  = 0.275
   median |eta| = 0.813
  rho=0.11572 (13/20)
    fp=0.1238 tp=0.6019  [57.0s]
   median nu  = 0.333
   median |eta| = 0.583
  rho=0.10252 (14/20)
    fp=0.1490 tp=0.6505  [61.5s]
   median nu  = 0.398
   median |eta| = 0.431
  rho=0.09081 (15/20)
    fp=0.1694 tp=0.6796  [60.9s]
   median nu  = 0.462
   median |eta| = 0.314
  rho=0.08045 (16/20)
    fp=0.1908 tp=0.7282  [2951.0s]
   median nu  = 0.528
   median |eta| = 0.23
  rho=0.07127 (17/20)
    fp=0.2096 tp=0.7379  [79.2s]
   median nu  = 0.62
   median |eta| = 0.175
  rho=0.06313 (18/20)
    fp=0.2296 tp=0.7476  [81.8s]
   median nu  = 0.721
   median |eta| = 0.132
  rho=0.05593 (19/20)
    fp=0.2459 tp=0.7961  [62.3s]
   median nu  = 0.84
   median |eta| = 0.094
  rho=0.04954 (20/20)
    fp=0.2622 tp=0.8252  [67.3s]
   median nu  = 0.952
   median |eta| = 0.068
  rho=0.04389 (21/21)  [extra 1/50]
    fp=0.2769 tp=0.8544  [54.3s]
   median nu  = 1.066
   median |eta| = 0.048
  rho=0.03888 (22/22)  [extra 2/50]
    fp=0.2926 tp=0.8641  [38.2s]
   median nu  = 1.163
   median |eta| = 0.033
  rho=0.03444 (23/23)  [extra 3/50]
    fp=0.3053 tp=0.8738  [30.4s]
   median nu  = 1.274
   median |eta| = 0.024
  FPR 0.3053 >= fp_end=0.3; stopping after 23 fits
  grid extended by 3 points down to rho=0.03444, ending at FPR 0.3053
  graphical_lasso rho_max = max|S_ij| (off-diag) = 0.54293
  rho grid: [0.54293262 0.48096598 0.42607179 0.37744285 0.33436408 0.29620204
 0.26239555 0.2324475  0.20591752 0.1824155  0.16159583 0.14315238
 0.12681394 0.11234026 0.0995185  0.08816014 0.07809814 0.06918455
 0.06128829 0.05429326]
Running graphical_lasso over 20 rho values, extending until FPR >= 0.3...
  rho=0.54293 (1/20)
    fp=0.0000 tp=0.0000  [0.1s]
  rho=0.48097 (2/20)
    fp=0.0002 tp=0.0097  [0.1s]
  rho=0.42607 (3/20)
    fp=0.0012 tp=0.0291  [93.7s]
  rho=0.37744 (4/20)
    fp=0.0047 tp=0.0874  [91.7s]
  rho=0.33436 (5/20)
    fp=0.0105 tp=0.1165  [84.4s]
  rho=0.29620 (6/20)
    fp=0.0182 tp=0.1845  [79.8s]
  rho=0.26240 (7/20)
    fp=0.0299 tp=0.2621  [82.8s]
  rho=0.23245 (8/20)
    fp=0.0483 tp=0.3495  [91.1s]
  rho=0.20592 (9/20)
    fp=0.0662 tp=0.3883  [84.8s]
  rho=0.18242 (10/20)
    fp=0.0970 tp=0.4466  [0.3s]
  rho=0.16160 (11/20)
    fp=0.1289 tp=0.5049  [0.2s]
  rho=0.14315 (12/20)
    fp=0.1667 tp=0.5728  [0.2s]
  rho=0.12681 (13/20)
    fp=0.1991 tp=0.6019  [81.1s]
  rho=0.11234 (14/20)
    fp=0.2315 tp=0.6311  [0.7s]
  rho=0.09952 (15/20)
    fp=0.2684 tp=0.6602  [0.6s]
  rho=0.08816 (16/20)
    fp=0.3053 tp=0.6893  [0.3s]
  FPR 0.3053 >= fp_end=0.3; stopping after 16 fits
  [note] 8/16 fits hit a glasso ConvergenceWarning (suppressed)
  grid stopped 4 points early at rho=0.08816, ending at FPR 0.3053

(p=100, n=50) over 34 replicates
  t+lasso  (run_em_diagonal):    AUC = 0.197 (SE 0.002)
  ~t+lasso (run_em_exact):       AUC = 0.189 (SE 0.003)
  tlasso   (run_tlasso):         AUC = 0.161 (SE 0.003)
  t*lasso  (run_tstar_varlasso): AUC = 0.193 (SE 0.003)
  glasso   (graphical_lasso):    AUC = 0.161 (SE 0.003)
Replicate 35/50
  Theta: 86/4950 edges
  pilot fit of run_tlasso at rho=30.34854
  -> rho_max = max|S_ij| (off-diag) = 16.58049
  [warn] pilot rho 30.34854 > rho_max 16.58049: it falls off the top of this method's grid
  rho grid: [16.58049387 14.68810889 13.01170788 11.5266399  10.21106749  9.04564558
  8.01323702  7.09866056  6.28846765  5.57074465  4.93493768  4.37169741
  3.87274155  3.43073313  3.03917254  2.69230203  2.38502096  2.11281086
  1.87166897  1.65804939]
Running run_tlasso over 20 rho values, extending until FPR >= 0.3...
  rho=16.58049 (1/20)
    fp=0.0000 tp=0.0000  [0.6s]
   nu  = 3.0000
  rho=14.68811 (2/20)
    fp=0.0000 tp=0.0000  [0.5s]
   nu  = 3.0000
  rho=13.01171 (3/20)
    fp=0.0000 tp=0.0000  [0.5s]
   nu  = 3.0000
  rho=11.52664 (4/20)
    fp=0.0000 tp=0.0116  [0.9s]
   nu  = 3.0000
  rho=10.21107 (5/20)
    fp=0.0000 tp=0.0116  [0.9s]
   nu  = 3.0000
  rho=9.04565 (6/20)
    fp=0.0000 tp=0.0116  [1.0s]
   nu  = 3.0000
  rho=8.01324 (7/20)
    fp=0.0002 tp=0.0116  [1.1s]
   nu  = 3.0000
  rho=7.09866 (8/20)
    fp=0.0006 tp=0.0233  [1.0s]
   nu  = 3.0000
  rho=6.28847 (9/20)
    fp=0.0010 tp=0.0581  [1.1s]
   nu  = 3.0000
  rho=5.57074 (10/20)
    fp=0.0023 tp=0.0581  [1.1s]
   nu  = 3.0000
  rho=4.93494 (11/20)
    fp=0.0039 tp=0.1047  [1.2s]
   nu  = 3.0000
  rho=4.37170 (12/20)
    fp=0.0066 tp=0.1395  [1.2s]
   nu  = 3.0000
  rho=3.87274 (13/20)
    fp=0.0095 tp=0.1977  [1.5s]
   nu  = 3.0000
  rho=3.43073 (14/20)
    fp=0.0140 tp=0.1977  [1.5s]
   nu  = 3.0000
  rho=3.03917 (15/20)
    fp=0.0253 tp=0.2209  [1.6s]
   nu  = 3.0000
  rho=2.69230 (16/20)
    fp=0.0391 tp=0.2907  [1.7s]
   nu  = 3.0000
  rho=2.38502 (17/20)
    fp=0.0627 tp=0.4302  [2.3s]
   nu  = 3.0000
  rho=2.11281 (18/20)
    fp=0.1009 tp=0.4767  [3.3s]
   nu  = 3.0000
  rho=1.87167 (19/20)
    fp=0.1462 tp=0.5233  [3.1s]
   nu  = 3.0000
  rho=1.65805 (20/20)
    fp=0.1976 tp=0.5814  [4.1s]
   nu  = 3.0000
  rho=1.46881 (21/21)  [extra 1/50]
    fp=0.2461 tp=0.6163  [3.9s]
   nu  = 3.0000
  rho=1.30117 (22/22)  [extra 2/50]
    fp=0.2847 tp=0.7093  [4.3s]
   nu  = 3.0000
  rho=1.15266 (23/23)  [extra 3/50]
    fp=0.3228 tp=0.7209  [3.5s]
   nu  = 3.0000
  FPR 0.3228 >= fp_end=0.3; stopping after 23 fits
  grid extended by 3 points down to rho=1.15266, ending at FPR 0.3228
  pilot fit of run_tstar_varlasso at rho=0.30349
  -> rho_max = max|S_ij| (off-diag) = 0.51296
  rho grid: [0.51296444 0.45441816 0.40255396 0.35660918 0.31590823 0.27985261
 0.24791214 0.21961713 0.19455152 0.17234673 0.15267625 0.13525082
 0.11981421 0.10613943 0.09402539 0.08329397 0.07378736 0.06536578
 0.05790537 0.05129644]
Running run_tstar_varlasso over 20 rho values, extending until FPR >= 0.3...
  rho=0.51296 (1/20)
    fp=0.0000 tp=0.0116  [0.4s]
   nu  = 3.0000
  rho=0.45442 (2/20)
    fp=0.0002 tp=0.0116  [0.4s]
   nu  = 3.0000
  rho=0.40255 (3/20)
    fp=0.0002 tp=0.0116  [0.5s]
   nu  = 3.0000
  rho=0.35661 (4/20)
    fp=0.0002 tp=0.0465  [0.6s]
   nu  = 3.0000
  rho=0.31591 (5/20)
    fp=0.0010 tp=0.0814  [0.7s]
   nu  = 3.0000
  rho=0.27985 (6/20)
    fp=0.0019 tp=0.1047  [0.6s]
   nu  = 3.0000
  rho=0.24791 (7/20)
    fp=0.0037 tp=0.1395  [0.6s]
   nu  = 3.0000
  rho=0.21962 (8/20)
    fp=0.0074 tp=0.1744  [0.5s]
   nu  = 3.0000
  rho=0.19455 (9/20)
    fp=0.0134 tp=0.2093  [0.5s]
   nu  = 3.0000
  rho=0.17235 (10/20)
    fp=0.0220 tp=0.2558  [0.4s]
   nu  = 3.0000
  rho=0.15268 (11/20)
    fp=0.0339 tp=0.3953  [0.5s]
   nu  = 3.0000
  rho=0.13525 (12/20)
    fp=0.0506 tp=0.4535  [0.5s]
   nu  = 3.0000
  rho=0.11981 (13/20)
    fp=0.0752 tp=0.5349  [0.5s]
   nu  = 3.0000
  rho=0.10614 (14/20)
    fp=0.0979 tp=0.5349  [0.5s]
   nu  = 3.0000
  rho=0.09403 (15/20)
    fp=0.1223 tp=0.5814  [0.5s]
   nu  = 3.0000
  rho=0.08329 (16/20)
    fp=0.1495 tp=0.6047  [0.5s]
   nu  = 3.0000
  rho=0.07379 (17/20)
    fp=0.1803 tp=0.6628  [0.5s]
   nu  = 3.0000
  rho=0.06537 (18/20)
    fp=0.2089 tp=0.7326  [0.6s]
   nu  = 3.0000
  rho=0.05791 (19/20)
    fp=0.2327 tp=0.7558  [0.6s]
   nu  = 3.0000
  rho=0.05130 (20/20)
    fp=0.2568 tp=0.8023  [0.6s]
   nu  = 3.0000
  rho=0.04544 (21/21)  [extra 1/50]
    fp=0.2808 tp=0.8372  [0.7s]
   nu  = 3.0000
  rho=0.04026 (22/22)  [extra 2/50]
    fp=0.3045 tp=0.8488  [0.8s]
   nu  = 3.0000
  FPR 0.3045 >= fp_end=0.3; stopping after 22 fits
  grid extended by 2 points down to rho=0.04026, ending at FPR 0.3045
  pilot fit of run_em_diagonal at rho=0.30349
  -> rho_max = max|S_ij| (off-diag) = 0.73674
  rho grid: [0.73674001 0.65265351 0.57816407 0.51217635 0.45372002 0.4019355
 0.35606131 0.31542289 0.27942266 0.24753126 0.21927972 0.19425262
 0.17208195 0.15244168 0.13504302 0.11963013 0.10597636 0.09388094
 0.083166   0.073674  ]
Running run_em_diagonal over 20 rho values, extending until FPR >= 0.3...
  rho=0.73674 (1/20)
    fp=0.0000 tp=0.0116  [37.0s]
   median nu  = 0.034
   median |eta| = 4.621
  rho=0.65265 (2/20)
    fp=0.0000 tp=0.0116  [37.9s]
   median nu  = 0.036
   median |eta| = 4.441
  rho=0.57816 (3/20)
    fp=0.0002 tp=0.0116  [36.0s]
   median nu  = 0.038
   median |eta| = 4.512
  rho=0.51218 (4/20)
    fp=0.0004 tp=0.0233  [35.9s]
   median nu  = 0.041
   median |eta| = 4.641
  rho=0.45372 (5/20)
    fp=0.0006 tp=0.0581  [43.5s]
   median nu  = 0.044
   median |eta| = 4.64
  rho=0.40194 (6/20)
    fp=0.0021 tp=0.0930  [65.5s]
   median nu  = 0.048
   median |eta| = 4.494
  rho=0.35606 (7/20)
    fp=0.0043 tp=0.1395  [63.1s]
   median nu  = 0.053
   median |eta| = 4.377
  rho=0.31542 (8/20)
    fp=0.0078 tp=0.1512  [71.5s]
   median nu  = 0.058
   median |eta| = 4.353
  rho=0.27942 (9/20)
    fp=0.0121 tp=0.1977  [60.0s]
   median nu  = 0.065
   median |eta| = 4.034
  rho=0.24753 (10/20)
    fp=0.0214 tp=0.2442  [58.1s]
   median nu  = 0.074
   median |eta| = 3.89
  rho=0.21928 (11/20)
    fp=0.0312 tp=0.3837  [59.4s]
   median nu  = 0.086
   median |eta| = 3.658
  rho=0.19425 (12/20)
    fp=0.0465 tp=0.4419  [60.5s]
   median nu  = 0.103
   median |eta| = 3.578
  rho=0.17208 (13/20)
    fp=0.0648 tp=0.4651  [58.2s]
   median nu  = 0.124
   median |eta| = 3.177
  rho=0.15244 (14/20)
    fp=0.0849 tp=0.5233  [62.3s]
   median nu  = 0.151
   median |eta| = 3.366
  rho=0.13504 (15/20)
    fp=0.1046 tp=0.5465  [65.9s]
   median nu  = 0.172
   median |eta| = 3.241
  rho=0.11963 (16/20)
    fp=0.1266 tp=0.6047  [52.5s]
   median nu  = 0.191
   median |eta| = 3.098
  rho=0.10598 (17/20)
    fp=0.1474 tp=0.6279  [53.9s]
   median nu  = 0.228
   median |eta| = 2.719
  rho=0.09388 (18/20)
    fp=0.1663 tp=0.6628  [52.8s]
   median nu  = 0.237
   median |eta| = 2.698
  rho=0.08317 (19/20)
    fp=0.1815 tp=0.6977  [52.8s]
   median nu  = 0.253
   median |eta| = 2.897
  rho=0.07367 (20/20)
    fp=0.1974 tp=0.7326  [57.7s]
   median nu  = 0.269
   median |eta| = 2.609
  rho=0.06527 (21/21)  [extra 1/50]
    fp=0.2118 tp=0.7674  [56.4s]
   median nu  = 0.287
   median |eta| = 2.268
  rho=0.05782 (22/22)  [extra 2/50]
    fp=0.2212 tp=0.8256  [57.9s]
   median nu  = 0.345
   median |eta| = 2.098
  rho=0.05122 (23/23)  [extra 3/50]
    fp=0.2338 tp=0.8721  [58.2s]
   median nu  = 0.323
   median |eta| = 2.61
  rho=0.04537 (24/24)  [extra 4/50]
    fp=0.2477 tp=0.8721  [56.6s]
   median nu  = 0.334
   median |eta| = 2.869
  rho=0.04019 (25/25)  [extra 5/50]
    fp=0.2572 tp=0.8605  [57.3s]
   median nu  = 0.335
   median |eta| = 2.697
  rho=0.03561 (26/26)  [extra 6/50]
    fp=0.2693 tp=0.8488  [57.1s]
   median nu  = 0.35
   median |eta| = 2.859
  rho=0.03154 (27/27)  [extra 7/50]
    fp=0.2833 tp=0.8488  [61.1s]
   median nu  = 0.683
   median |eta| = 0.344
  rho=0.02794 (28/28)  [extra 8/50]
    fp=0.2889 tp=0.8721  [63.5s]
   median nu  = 0.689
   median |eta| = 0.328
  rho=0.02475 (29/29)  [extra 9/50]
    fp=0.3024 tp=0.8605  [56.3s]
   median nu  = 0.905
   median |eta| = 0.126
  FPR 0.3024 >= fp_end=0.3; stopping after 29 fits
  grid extended by 9 points down to rho=0.02475, ending at FPR 0.3024
  pilot fit of run_em_exact at rho=0.30349
  -> rho_max = max|S_ij| (off-diag) = 0.75127
  rho grid: [0.75126503 0.66552074 0.58956272 0.52227403 0.46266522 0.40985976
 0.36308115 0.32164153 0.28493155 0.2524114  0.22360287 0.19808236
 0.17547458 0.15544711 0.13770543 0.12198867 0.10806571 0.09573182
 0.08480564 0.0751265 ]
Running run_em_exact over 20 rho values, extending until FPR >= 0.3...
  rho=0.75127 (1/20)
    fp=0.0000 tp=0.0116  [47.3s]
   median nu  = 0.034
   median |eta| = 4.579
  rho=0.66552 (2/20)
    fp=0.0000 tp=0.0116  [52.7s]
   median nu  = 0.036
   median |eta| = 4.416
  rho=0.58956 (3/20)
    fp=0.0000 tp=0.0116  [52.4s]
   median nu  = 0.038
   median |eta| = 4.574
  rho=0.52227 (4/20)
    fp=0.0002 tp=0.0116  [56.4s]
   median nu  = 0.04
   median |eta| = 4.607
  rho=0.46267 (5/20)
    fp=0.0006 tp=0.0581  [54.6s]
   median nu  = 0.043
   median |eta| = 4.66
  rho=0.40986 (6/20)
    fp=0.0019 tp=0.0814  [52.1s]
   median nu  = 0.047
   median |eta| = 4.538
  rho=0.36308 (7/20)
    fp=0.0039 tp=0.1163  [51.9s]
   median nu  = 0.052
   median |eta| = 4.297
  rho=0.32164 (8/20)
    fp=0.0070 tp=0.1512  [55.7s]
   median nu  = 0.058
   median |eta| = 3.896
  rho=0.28493 (9/20)
    fp=0.0115 tp=0.1977  [52.6s]
   median nu  = 0.064
   median |eta| = 3.313
  rho=0.25241 (10/20)
    fp=0.0210 tp=0.2442  [53.1s]
   median nu  = 0.074
   median |eta| = 2.801
  rho=0.22360 (11/20)
    fp=0.0321 tp=0.3488  [51.3s]
   median nu  = 0.085
   median |eta| = 2.485
  rho=0.19808 (12/20)
    fp=0.0495 tp=0.4302  [51.0s]
   median nu  = 0.104
   median |eta| = 1.921
  rho=0.17547 (13/20)
    fp=0.0695 tp=0.4651  [50.6s]
   median nu  = 0.133
   median |eta| = 1.444
  rho=0.15545 (14/20)
    fp=0.0923 tp=0.5233  [54.0s]
   median nu  = 0.181
   median |eta| = 0.929
  rho=0.13771 (15/20)
    fp=0.1176 tp=0.5581  [54.3s]
   median nu  = 0.241
   median |eta| = 0.684
  rho=0.12199 (16/20)
    fp=0.1431 tp=0.5930  [2950.5s]
   median nu  = 0.313
   median |eta| = 0.504
  rho=0.10807 (17/20)
    fp=0.1657 tp=0.6279  [71.8s]
   median nu  = 0.397
   median |eta| = 0.383
  rho=0.09573 (18/20)
    fp=0.1891 tp=0.6744  [74.1s]
   median nu  = 0.502
   median |eta| = 0.287
  rho=0.08481 (19/20)
    fp=0.2089 tp=0.7209  [62.4s]
   median nu  = 0.597
   median |eta| = 0.205
  rho=0.07513 (20/20)
    fp=0.2292 tp=0.7674  [70.1s]
   median nu  = 0.701
   median |eta| = 0.145
  rho=0.06655 (21/21)  [extra 1/50]
    fp=0.2449 tp=0.8140  [64.5s]
   median nu  = 0.794
   median |eta| = 0.098
  rho=0.05896 (22/22)  [extra 2/50]
    fp=0.2603 tp=0.8721  [64.9s]
   median nu  = 0.88
   median |eta| = 0.071
  rho=0.05223 (23/23)  [extra 3/50]
    fp=0.2718 tp=0.8837  [63.3s]
   median nu  = 0.988
   median |eta| = 0.052
  rho=0.04627 (24/24)  [extra 4/50]
    fp=0.2889 tp=0.9070  [51.1s]
   median nu  = 1.115
   median |eta| = 0.039
  rho=0.04099 (25/25)  [extra 5/50]
    fp=0.3028 tp=0.9070  [58.5s]
   median nu  = 1.21
   median |eta| = 0.026
  FPR 0.3028 >= fp_end=0.3; stopping after 25 fits
  grid extended by 5 points down to rho=0.04099, ending at FPR 0.3028
  graphical_lasso rho_max = max|S_ij| (off-diag) = 0.78497
  rho grid: [0.78496671 0.69537594 0.61601045 0.5457032  0.48342035 0.42824603
 0.37936894 0.33607034 0.29771355 0.26373455 0.23363368 0.20696832
 0.18334636 0.16242045 0.14388288 0.12746107 0.11291353 0.10002634
 0.08861002 0.07849667]
Running graphical_lasso over 20 rho values, extending until FPR >= 0.3...
  rho=0.78497 (1/20)
    fp=0.0000 tp=0.0000  [0.1s]
  rho=0.69538 (2/20)
    fp=0.0000 tp=0.0116  [0.1s]
  rho=0.61601 (3/20)
    fp=0.0000 tp=0.0116  [88.4s]
  rho=0.54570 (4/20)
    fp=0.0004 tp=0.0233  [0.1s]
  rho=0.48342 (5/20)
    fp=0.0010 tp=0.0581  [80.6s]
  rho=0.42825 (6/20)
    fp=0.0027 tp=0.0814  [82.1s]
  rho=0.37937 (7/20)
    fp=0.0056 tp=0.1628  [0.1s]
  rho=0.33607 (8/20)
    fp=0.0115 tp=0.1860  [92.5s]
  rho=0.29771 (9/20)
    fp=0.0224 tp=0.1977  [83.9s]
  rho=0.26373 (10/20)
    fp=0.0364 tp=0.2791  [83.6s]
  rho=0.23363 (11/20)
    fp=0.0580 tp=0.3721  [0.1s]
  rho=0.20697 (12/20)
    fp=0.0835 tp=0.4535  [84.6s]
  rho=0.18335 (13/20)
    fp=0.1137 tp=0.4767  [0.2s]
  rho=0.16242 (14/20)
    fp=0.1474 tp=0.5465  [83.1s]
  rho=0.14388 (15/20)
    fp=0.1848 tp=0.5930  [0.1s]
  rho=0.12746 (16/20)
    fp=0.2198 tp=0.6047  [0.1s]
  rho=0.11291 (17/20)
    fp=0.2514 tp=0.6395  [2.7s]
  rho=0.10003 (18/20)
    fp=0.2808 tp=0.6977  [7.2s]
  rho=0.08861 (19/20)
    fp=0.3141 tp=0.7209  [2.8s]
  FPR 0.3141 >= fp_end=0.3; stopping after 19 fits
  [note] 8/19 fits hit a glasso ConvergenceWarning (suppressed)
  grid stopped 1 points early at rho=0.08861, ending at FPR 0.3141

(p=100, n=50) over 35 replicates
  t+lasso  (run_em_diagonal):    AUC = 0.197 (SE 0.002)
  ~t+lasso (run_em_exact):       AUC = 0.189 (SE 0.003)
  tlasso   (run_tlasso):         AUC = 0.161 (SE 0.003)
  t*lasso  (run_tstar_varlasso): AUC = 0.193 (SE 0.003)
  glasso   (graphical_lasso):    AUC = 0.160 (SE 0.003)
Replicate 36/50
  Theta: 100/4950 edges
  pilot fit of run_tlasso at rho=30.34854
  -> rho_max = max|S_ij| (off-diag) = 13.50514
  [warn] pilot rho 30.34854 > rho_max 13.50514: it falls off the top of this method's grid
  rho grid: [13.50513947 11.96375456 10.59829285  9.38867567  8.31711598  7.36785684
  6.52693969  5.78199912  5.122081    4.53748146  4.01960413  3.56083381
  3.15442442  2.79439984  2.47546602  2.19293313  1.94264664  1.72092614
  1.52451132  1.35051395]
Running run_tlasso over 20 rho values, extending until FPR >= 0.3...
  rho=13.50514 (1/20)
    fp=0.0000 tp=0.0000  [0.4s]
   nu  = 3.0000
  rho=11.96375 (2/20)
    fp=0.0000 tp=0.0000  [0.2s]
   nu  = 3.0000
  rho=10.59829 (3/20)
    fp=0.0000 tp=0.0000  [0.3s]
   nu  = 3.0000
  rho=9.38868 (4/20)
    fp=0.0000 tp=0.0100  [0.5s]
   nu  = 3.0000
  rho=8.31712 (5/20)
    fp=0.0000 tp=0.0100  [0.4s]
   nu  = 3.0000
  rho=7.36786 (6/20)
    fp=0.0000 tp=0.0400  [0.5s]
   nu  = 3.0000
  rho=6.52694 (7/20)
    fp=0.0006 tp=0.0800  [0.5s]
   nu  = 3.0000
  rho=5.78200 (8/20)
    fp=0.0014 tp=0.0900  [0.5s]
   nu  = 3.0000
  rho=5.12208 (9/20)
    fp=0.0023 tp=0.1000  [0.6s]
   nu  = 3.0000
  rho=4.53748 (10/20)
    fp=0.0037 tp=0.1200  [0.6s]
   nu  = 3.0000
  rho=4.01960 (11/20)
    fp=0.0072 tp=0.1200  [0.6s]
   nu  = 3.0000
  rho=3.56083 (12/20)
    fp=0.0140 tp=0.1600  [0.7s]
   nu  = 3.0000
  rho=3.15442 (13/20)
    fp=0.0227 tp=0.2400  [0.8s]
   nu  = 3.0000
  rho=2.79440 (14/20)
    fp=0.0348 tp=0.2800  [0.8s]
   nu  = 3.0000
  rho=2.47547 (15/20)
    fp=0.0518 tp=0.4100  [0.9s]
   nu  = 3.0000
  rho=2.19293 (16/20)
    fp=0.0825 tp=0.4700  [1.7s]
   nu  = 3.0000
  rho=1.94265 (17/20)
    fp=0.1204 tp=0.5600  [1.9s]
   nu  = 3.0000
  rho=1.72093 (18/20)
    fp=0.1658 tp=0.6000  [1.8s]
   nu  = 3.0000
  rho=1.52451 (19/20)
    fp=0.2066 tp=0.6500  [1.7s]
   nu  = 3.0000
  rho=1.35051 (20/20)
    fp=0.2573 tp=0.7100  [2.3s]
   nu  = 3.0000
  rho=1.19638 (21/21)  [extra 1/50]
    fp=0.3010 tp=0.7600  [2.2s]
   nu  = 3.0000
  FPR 0.3010 >= fp_end=0.3; stopping after 21 fits
  grid extended by 1 points down to rho=1.19638, ending at FPR 0.3010
  pilot fit of run_tstar_varlasso at rho=0.30349
  -> rho_max = max|S_ij| (off-diag) = 0.40087
  rho grid: [0.40087456 0.35512146 0.31459031 0.27868511 0.24687788 0.21870092
 0.19373988 0.17162772 0.1520393  0.13468657 0.11931436 0.10569663
 0.09363313 0.08294648 0.07347953 0.06509308 0.0576638  0.05108244
 0.04525224 0.04008746]
Running run_tstar_varlasso over 20 rho values, extending until FPR >= 0.3...
  rho=0.40087 (1/20)
    fp=0.0000 tp=0.0200  [0.4s]
   nu  = 3.0000
  rho=0.35512 (2/20)
    fp=0.0004 tp=0.0500  [0.4s]
   nu  = 3.0000
  rho=0.31459 (3/20)
    fp=0.0006 tp=0.0800  [0.4s]
   nu  = 3.0000
  rho=0.27869 (4/20)
    fp=0.0016 tp=0.0900  [0.4s]
   nu  = 3.0000
  rho=0.24688 (5/20)
    fp=0.0025 tp=0.1000  [0.4s]
   nu  = 3.0000
  rho=0.21870 (6/20)
    fp=0.0052 tp=0.1600  [0.4s]
   nu  = 3.0000
  rho=0.19374 (7/20)
    fp=0.0105 tp=0.2000  [0.4s]
   nu  = 3.0000
  rho=0.17163 (8/20)
    fp=0.0200 tp=0.3000  [0.4s]
   nu  = 3.0000
  rho=0.15204 (9/20)
    fp=0.0307 tp=0.3800  [0.4s]
   nu  = 3.0000
  rho=0.13469 (10/20)
    fp=0.0487 tp=0.4400  [0.5s]
   nu  = 3.0000
  rho=0.11931 (11/20)
    fp=0.0674 tp=0.5300  [0.5s]
   nu  = 3.0000
  rho=0.10570 (12/20)
    fp=0.0839 tp=0.5700  [0.7s]
   nu  = 3.0000
  rho=0.09363 (13/20)
    fp=0.1082 tp=0.6200  [0.7s]
   nu  = 3.0000
  rho=0.08295 (14/20)
    fp=0.1355 tp=0.6900  [0.7s]
   nu  = 3.0000
  rho=0.07348 (15/20)
    fp=0.1658 tp=0.7200  [0.7s]
   nu  = 3.0000
  rho=0.06509 (16/20)
    fp=0.1944 tp=0.7400  [0.5s]
   nu  = 3.0000
  rho=0.05766 (17/20)
    fp=0.2155 tp=0.7800  [0.5s]
   nu  = 3.0000
  rho=0.05108 (18/20)
    fp=0.2435 tp=0.8200  [0.6s]
   nu  = 3.0000
  rho=0.04525 (19/20)
    fp=0.2656 tp=0.8300  [0.9s]
   nu  = 3.0000
  rho=0.04009 (20/20)
    fp=0.2920 tp=0.8400  [1.0s]
   nu  = 3.0000
  rho=0.03551 (21/21)  [extra 1/50]
    fp=0.3179 tp=0.8500  [1.0s]
   nu  = 3.0000
  FPR 0.3179 >= fp_end=0.3; stopping after 21 fits
  grid extended by 1 points down to rho=0.03551, ending at FPR 0.3179
  pilot fit of run_em_diagonal at rho=0.30349
  -> rho_max = max|S_ij| (off-diag) = 0.57193
  rho grid: [0.57193021 0.50665398 0.44882794 0.39760176 0.3522222  0.31202195
 0.27640988 0.24486234 0.21691541 0.19215816 0.17022653 0.15079803
 0.13358697 0.11834026 0.1048337  0.0928687  0.0822693  0.07287964
 0.06456165 0.05719302]
Running run_em_diagonal over 20 rho values, extending until FPR >= 0.3...
  rho=0.57193 (1/20)
    fp=0.0000 tp=0.0100  [36.3s]
   median nu  = 0.041
   median |eta| = 4.383
  rho=0.50665 (2/20)
    fp=0.0000 tp=0.0200  [36.0s]
   median nu  = 0.044
   median |eta| = 4.007
  rho=0.44883 (3/20)
    fp=0.0010 tp=0.0700  [35.7s]
   median nu  = 0.048
   median |eta| = 3.936
  rho=0.39760 (4/20)
    fp=0.0012 tp=0.0900  [52.1s]
   median nu  = 0.052
   median |eta| = 3.638
  rho=0.35222 (5/20)
    fp=0.0023 tp=0.1000  [66.2s]
   median nu  = 0.057
   median |eta| = 3.698
  rho=0.31202 (6/20)
    fp=0.0064 tp=0.1100  [62.0s]
   median nu  = 0.064
   median |eta| = 3.531
  rho=0.27641 (7/20)
    fp=0.0118 tp=0.1700  [70.8s]
   median nu  = 0.072
   median |eta| = 3.542
  rho=0.24486 (8/20)
    fp=0.0206 tp=0.2100  [59.9s]
   median nu  = 0.081
   median |eta| = 3.452
  rho=0.21692 (9/20)
    fp=0.0295 tp=0.2900  [56.8s]
   median nu  = 0.093
   median |eta| = 3.191
  rho=0.19216 (10/20)
    fp=0.0416 tp=0.3900  [60.6s]
   median nu  = 0.113
   median |eta| = 3.103
  rho=0.17023 (11/20)
    fp=0.0567 tp=0.4600  [58.8s]
   median nu  = 0.139
   median |eta| = 2.875
  rho=0.15080 (12/20)
    fp=0.0736 tp=0.5000  [55.4s]
   median nu  = 0.17
   median |eta| = 2.68
  rho=0.13359 (13/20)
    fp=0.0924 tp=0.5500  [83.1s]
   median nu  = 0.192
   median |eta| = 2.283
  rho=0.11834 (14/20)
    fp=0.1109 tp=0.6300  [62.6s]
   median nu  = 0.222
   median |eta| = 1.91
  rho=0.10483 (15/20)
    fp=0.1311 tp=0.6900  [63.2s]
   median nu  = 0.241
   median |eta| = 1.767
  rho=0.09287 (16/20)
    fp=0.1501 tp=0.7400  [51.7s]
   median nu  = 0.256
   median |eta| = 2.062
  rho=0.08227 (17/20)
    fp=0.1666 tp=0.7700  [49.9s]
   median nu  = 0.264
   median |eta| = 2.254
  rho=0.07288 (18/20)
    fp=0.1827 tp=0.7700  [48.4s]
   median nu  = 0.276
   median |eta| = 2.145
  rho=0.06456 (19/20)
    fp=0.1986 tp=0.8000  [54.0s]
   median nu  = 0.292
   median |eta| = 2.284
  rho=0.05719 (20/20)
    fp=0.2155 tp=0.8300  [56.9s]
   median nu  = 0.284
   median |eta| = 2.67
  rho=0.05067 (21/21)  [extra 1/50]
    fp=0.2268 tp=0.8600  [49.7s]
   median nu  = 0.257
   median |eta| = 3.021
  rho=0.04488 (22/22)  [extra 2/50]
    fp=0.2348 tp=0.8500  [48.3s]
   median nu  = 0.309
   median |eta| = 2.888
  rho=0.03976 (23/23)  [extra 3/50]
    fp=0.2478 tp=0.8400  [52.7s]
   median nu  = 0.23
   median |eta| = 3.802
  rho=0.03522 (24/24)  [extra 4/50]
    fp=0.2584 tp=0.8400  [53.2s]
   median nu  = 0.262
   median |eta| = 3.99
  rho=0.03120 (25/25)  [extra 5/50]
    fp=0.2678 tp=0.8400  [52.1s]
   median nu  = 0.228
   median |eta| = 4.788
  rho=0.02764 (26/26)  [extra 6/50]
    fp=0.2777 tp=0.8500  [52.5s]
   median nu  = 0.231
   median |eta| = 5.535
  rho=0.02449 (27/27)  [extra 7/50]
    fp=0.2874 tp=0.8300  [56.5s]
   median nu  = 0.282
   median |eta| = 4.841
  rho=0.02169 (28/28)  [extra 8/50]
    fp=0.2994 tp=0.8300  [52.9s]
   median nu  = 0.269
   median |eta| = 5.208
  rho=0.01922 (29/29)  [extra 9/50]
    fp=0.3052 tp=0.8300  [54.5s]
   median nu  = 0.312
   median |eta| = 4.355
  FPR 0.3052 >= fp_end=0.3; stopping after 29 fits
  grid extended by 9 points down to rho=0.01922, ending at FPR 0.3052
  pilot fit of run_em_exact at rho=0.30349
  -> rho_max = max|S_ij| (off-diag) = 0.57455
  rho grid: [0.57455302 0.50897744 0.45088621 0.39942512 0.35383745 0.31345284
 0.27767747 0.24598524 0.21791016 0.19303937 0.17100717 0.15148957
 0.13419958 0.11888295 0.10531446 0.09329458 0.08264657 0.07321385
 0.06485772 0.0574553 ]
Running run_em_exact over 20 rho values, extending until FPR >= 0.3...
  rho=0.57455 (1/20)
    fp=0.0000 tp=0.0100  [49.3s]
   median nu  = 0.041
   median |eta| = 4.393
  rho=0.50898 (2/20)
    fp=0.0000 tp=0.0200  [53.5s]
   median nu  = 0.044
   median |eta| = 3.971
  rho=0.45089 (3/20)
    fp=0.0010 tp=0.0700  [53.4s]
   median nu  = 0.047
   median |eta| = 3.821
  rho=0.39943 (4/20)
    fp=0.0012 tp=0.0900  [56.9s]
   median nu  = 0.052
   median |eta| = 3.581
  rho=0.35384 (5/20)
    fp=0.0021 tp=0.1000  [52.8s]
   median nu  = 0.057
   median |eta| = 3.377
  rho=0.31345 (6/20)
    fp=0.0066 tp=0.1100  [51.5s]
   median nu  = 0.064
   median |eta| = 3.478
  rho=0.27768 (7/20)
    fp=0.0115 tp=0.1700  [56.0s]
   median nu  = 0.072
   median |eta| = 3.027
  rho=0.24599 (8/20)
    fp=0.0212 tp=0.2100  [52.5s]
   median nu  = 0.082
   median |eta| = 2.654
  rho=0.21791 (9/20)
    fp=0.0305 tp=0.2900  [52.6s]
   median nu  = 0.099
   median |eta| = 2.105
  rho=0.19304 (10/20)
    fp=0.0447 tp=0.3900  [50.8s]
   median nu  = 0.13
   median |eta| = 1.614
  rho=0.17101 (11/20)
    fp=0.0602 tp=0.4600  [50.3s]
   median nu  = 0.17
   median |eta| = 1.243
  rho=0.15149 (12/20)
    fp=0.0827 tp=0.5000  [57.6s]
   median nu  = 0.216
   median |eta| = 0.985
  rho=0.13420 (13/20)
    fp=0.1043 tp=0.5500  [62.4s]
   median nu  = 0.254
   median |eta| = 0.776
  rho=0.11888 (14/20)
    fp=0.1247 tp=0.6100  [62.6s]
   median nu  = 0.313
   median |eta| = 0.54
  rho=0.10531 (15/20)
    fp=0.1503 tp=0.7000  [2948.7s]
   median nu  = 0.391
   median |eta| = 0.364
  rho=0.09329 (16/20)
    fp=0.1713 tp=0.7600  [87.3s]
   median nu  = 0.474
   median |eta| = 0.281
  rho=0.08265 (17/20)
    fp=0.1953 tp=0.7800  [69.9s]
   median nu  = 0.54
   median |eta| = 0.183
  rho=0.07321 (18/20)
    fp=0.2157 tp=0.7800  [54.5s]
   median nu  = 0.631
   median |eta| = 0.135
  rho=0.06486 (19/20)
    fp=0.2324 tp=0.8000  [68.2s]
   median nu  = 0.718
   median |eta| = 0.101
  rho=0.05746 (20/20)
    fp=0.2528 tp=0.8300  [64.8s]
   median nu  = 0.797
   median |eta| = 0.068
  rho=0.05090 (21/21)  [extra 1/50]
    fp=0.2751 tp=0.8400  [65.2s]
   median nu  = 0.893
   median |eta| = 0.051
  rho=0.04509 (22/22)  [extra 2/50]
    fp=0.2852 tp=0.8400  [63.4s]
   median nu  = 0.999
   median |eta| = 0.038
  rho=0.03994 (23/23)  [extra 3/50]
    fp=0.2992 tp=0.8700  [60.2s]
   median nu  = 1.078
   median |eta| = 0.029
  rho=0.03538 (24/24)  [extra 4/50]
    fp=0.3163 tp=0.8700  [62.2s]
   median nu  = 1.257
   median |eta| = 0.02
  FPR 0.3163 >= fp_end=0.3; stopping after 24 fits
  grid extended by 4 points down to rho=0.03538, ending at FPR 0.3163
  graphical_lasso rho_max = max|S_ij| (off-diag) = 0.62292
  rho grid: [0.62292234 0.55182621 0.48884452 0.43305112 0.38362561 0.33984119
 0.30105402 0.26669376 0.23625514 0.20929059 0.18540358 0.16424287
 0.14549731 0.12889123 0.11418046 0.10114868 0.08960426 0.07937744
 0.07031783 0.06229223]
Running graphical_lasso over 20 rho values, extending until FPR >= 0.3...
  rho=0.62292 (1/20)
    fp=0.0000 tp=0.0000  [0.0s]
  rho=0.55183 (2/20)
    fp=0.0000 tp=0.0200  [0.1s]
  rho=0.48884 (3/20)
    fp=0.0008 tp=0.0700  [84.2s]
  rho=0.43305 (4/20)
    fp=0.0016 tp=0.0900  [80.4s]
  rho=0.38363 (5/20)
    fp=0.0035 tp=0.1100  [84.6s]
  rho=0.33984 (6/20)
    fp=0.0103 tp=0.1500  [91.4s]
  rho=0.30105 (7/20)
    fp=0.0192 tp=0.2000  [85.8s]
  rho=0.26669 (8/20)
    fp=0.0326 tp=0.2600  [81.0s]
  rho=0.23626 (9/20)
    fp=0.0472 tp=0.3400  [0.1s]
  rho=0.20929 (10/20)
    fp=0.0695 tp=0.4700  [85.0s]
  rho=0.18540 (11/20)
    fp=0.0969 tp=0.5200  [85.0s]
  rho=0.16424 (12/20)
    fp=0.1301 tp=0.5700  [84.2s]
  rho=0.14550 (13/20)
    fp=0.1610 tp=0.5900  [85.1s]
  rho=0.12889 (14/20)
    fp=0.1973 tp=0.6100  [83.5s]
  rho=0.11418 (15/20)
    fp=0.2295 tp=0.6800  [78.4s]
  rho=0.10115 (16/20)
    fp=0.2662 tp=0.7100  [0.3s]
  rho=0.08960 (17/20)
    fp=0.3019 tp=0.7500  [1.3s]
  FPR 0.3019 >= fp_end=0.3; stopping after 17 fits
  [note] 12/17 fits hit a glasso ConvergenceWarning (suppressed)
  grid stopped 3 points early at rho=0.08960, ending at FPR 0.3019

(p=100, n=50) over 36 replicates
  t+lasso  (run_em_diagonal):    AUC = 0.197 (SE 0.002)
  ~t+lasso (run_em_exact):       AUC = 0.189 (SE 0.003)
  tlasso   (run_tlasso):         AUC = 0.161 (SE 0.003)
  t*lasso  (run_tstar_varlasso): AUC = 0.193 (SE 0.003)
  glasso   (graphical_lasso):    AUC = 0.160 (SE 0.003)
Replicate 37/50
  Theta: 88/4950 edges
  pilot fit of run_tlasso at rho=30.34854
  -> rho_max = max|S_ij| (off-diag) = 15.30106
  [warn] pilot rho 30.34854 > rho_max 15.30106: it falls off the top of this method's grid
  rho grid: [15.30105782 13.55469898 12.00765768 10.63718517  9.42312909  8.34763712
  7.3948945   6.55089146  5.80321719  5.14087739  4.55413255  4.03435479
  3.57390093  3.16600014  2.80465438  2.48455018  2.20098049  1.94977552
  1.72724139  1.53010578]
Running run_tlasso over 20 rho values, extending until FPR >= 0.3...
  rho=15.30106 (1/20)
    fp=0.0000 tp=0.0000  [0.3s]
   nu  = 3.0000
  rho=13.55470 (2/20)
    fp=0.0000 tp=0.0000  [0.2s]
   nu  = 3.0000
  rho=12.00766 (3/20)
    fp=0.0000 tp=0.0000  [0.2s]
   nu  = 3.0000
  rho=10.63719 (4/20)
    fp=0.0000 tp=0.0114  [0.4s]
   nu  = 3.0000
  rho=9.42313 (5/20)
    fp=0.0000 tp=0.0114  [0.4s]
   nu  = 3.0000
  rho=8.34764 (6/20)
    fp=0.0000 tp=0.0114  [0.4s]
   nu  = 3.0000
  rho=7.39489 (7/20)
    fp=0.0002 tp=0.0227  [0.5s]
   nu  = 3.0000
  rho=6.55089 (8/20)
    fp=0.0002 tp=0.0227  [0.5s]
   nu  = 3.0000
  rho=5.80322 (9/20)
    fp=0.0008 tp=0.0455  [0.5s]
   nu  = 3.0000
  rho=5.14088 (10/20)
    fp=0.0023 tp=0.0795  [0.6s]
   nu  = 3.0000
  rho=4.55413 (11/20)
    fp=0.0043 tp=0.1364  [0.6s]
   nu  = 3.0000
  rho=4.03435 (12/20)
    fp=0.0074 tp=0.1705  [0.7s]
   nu  = 3.0000
  rho=3.57390 (13/20)
    fp=0.0121 tp=0.2045  [0.8s]
   nu  = 3.0000
  rho=3.16600 (14/20)
    fp=0.0204 tp=0.2841  [0.9s]
   nu  = 3.0000
  rho=2.80465 (15/20)
    fp=0.0317 tp=0.3636  [1.0s]
   nu  = 3.0000
  rho=2.48455 (16/20)
    fp=0.0518 tp=0.4318  [0.9s]
   nu  = 3.0000
  rho=2.20098 (17/20)
    fp=0.0825 tp=0.5000  [1.9s]
   nu  = 3.0000
  rho=1.94978 (18/20)
    fp=0.1220 tp=0.5682  [2.1s]
   nu  = 3.0000
  rho=1.72724 (19/20)
    fp=0.1604 tp=0.6364  [1.7s]
   nu  = 3.0000
  rho=1.53011 (20/20)
    fp=0.2059 tp=0.6591  [1.8s]
   nu  = 3.0000
  rho=1.35547 (21/21)  [extra 1/50]
    fp=0.2522 tp=0.6591  [1.8s]
   nu  = 3.0000
  rho=1.20077 (22/22)  [extra 2/50]
    fp=0.2933 tp=0.6818  [2.2s]
   nu  = 3.0000
  rho=1.06372 (23/23)  [extra 3/50]
    fp=0.3285 tp=0.6932  [2.0s]
   nu  = 3.0000
  FPR 0.3285 >= fp_end=0.3; stopping after 23 fits
  grid extended by 3 points down to rho=1.06372, ending at FPR 0.3285
  pilot fit of run_tstar_varlasso at rho=0.30349
  -> rho_max = max|S_ij| (off-diag) = 0.45270
  rho grid: [0.45270472 0.40103608 0.35526454 0.31471706 0.27879739 0.24697735
 0.21878903 0.19381794 0.17169688 0.15210056 0.13474084 0.11936243
 0.10573921 0.09367086 0.0829799  0.07350914 0.06511931 0.05768703
 0.05110302 0.04527047]
Running run_tstar_varlasso over 20 rho values, extending until FPR >= 0.3...
  rho=0.45270 (1/20)
    fp=0.0000 tp=0.0114  [0.4s]
   nu  = 3.0000
  rho=0.40104 (2/20)
    fp=0.0000 tp=0.0114  [0.3s]
   nu  = 3.0000
  rho=0.35526 (3/20)
    fp=0.0002 tp=0.0227  [0.3s]
   nu  = 3.0000
  rho=0.31472 (4/20)
    fp=0.0004 tp=0.0455  [0.4s]
   nu  = 3.0000
  rho=0.27880 (5/20)
    fp=0.0008 tp=0.0795  [0.4s]
   nu  = 3.0000
  rho=0.24698 (6/20)
    fp=0.0023 tp=0.1591  [0.4s]
   nu  = 3.0000
  rho=0.21879 (7/20)
    fp=0.0056 tp=0.2045  [0.4s]
   nu  = 3.0000
  rho=0.19382 (8/20)
    fp=0.0123 tp=0.3068  [0.4s]
   nu  = 3.0000
  rho=0.17170 (9/20)
    fp=0.0212 tp=0.3409  [0.4s]
   nu  = 3.0000
  rho=0.15210 (10/20)
    fp=0.0309 tp=0.4205  [0.4s]
   nu  = 3.0000
  rho=0.13474 (11/20)
    fp=0.0490 tp=0.4545  [0.5s]
   nu  = 3.0000
  rho=0.11936 (12/20)
    fp=0.0668 tp=0.5568  [0.5s]
   nu  = 3.0000
  rho=0.10574 (13/20)
    fp=0.0864 tp=0.6136  [0.5s]
   nu  = 3.0000
  rho=0.09367 (14/20)
    fp=0.1102 tp=0.6591  [0.5s]
   nu  = 3.0000
  rho=0.08298 (15/20)
    fp=0.1349 tp=0.6818  [0.5s]
   nu  = 3.0000
  rho=0.07351 (16/20)
    fp=0.1582 tp=0.6932  [0.7s]
   nu  = 3.0000
  rho=0.06512 (17/20)
    fp=0.1810 tp=0.7727  [0.7s]
   nu  = 3.0000
  rho=0.05769 (18/20)
    fp=0.2063 tp=0.7727  [0.7s]
   nu  = 3.0000
  rho=0.05110 (19/20)
    fp=0.2322 tp=0.7841  [0.7s]
   nu  = 3.0000
  rho=0.04527 (20/20)
    fp=0.2602 tp=0.8182  [0.9s]
   nu  = 3.0000
  rho=0.04010 (21/21)  [extra 1/50]
    fp=0.2855 tp=0.8295  [0.7s]
   nu  = 3.0000
  rho=0.03553 (22/22)  [extra 2/50]
    fp=0.3071 tp=0.8409  [0.9s]
   nu  = 3.0000
  FPR 0.3071 >= fp_end=0.3; stopping after 22 fits
  grid extended by 2 points down to rho=0.03553, ending at FPR 0.3071
  pilot fit of run_em_diagonal at rho=0.30349
  -> rho_max = max|S_ij| (off-diag) = 0.62672
  rho grid: [0.62672245 0.55519261 0.49182669 0.43569294 0.3859659  0.34191438
 0.30289059 0.26832071 0.23769641 0.21056736 0.18653463 0.16524483
 0.14638491 0.12967753 0.11487702 0.10176573 0.09015088 0.07986167
 0.07074681 0.06267225]
Running run_em_diagonal over 20 rho values, extending until FPR >= 0.3...
  rho=0.62672 (1/20)
    fp=0.0000 tp=0.0114  [35.5s]
   median nu  = 0.04
   median |eta| = 4.453
  rho=0.55519 (2/20)
    fp=0.0000 tp=0.0114  [35.7s]
   median nu  = 0.042
   median |eta| = 4.214
  rho=0.49183 (3/20)
    fp=0.0002 tp=0.0227  [43.9s]
   median nu  = 0.045
   median |eta| = 4.178
  rho=0.43569 (4/20)
    fp=0.0004 tp=0.0568  [64.9s]
   median nu  = 0.049
   median |eta| = 4.301
  rho=0.38597 (5/20)
    fp=0.0012 tp=0.0795  [63.0s]
   median nu  = 0.053
   median |eta| = 4.349
  rho=0.34191 (6/20)
    fp=0.0043 tp=0.1477  [71.4s]
   median nu  = 0.058
   median |eta| = 3.972
  rho=0.30289 (7/20)
    fp=0.0074 tp=0.2159  [59.5s]
   median nu  = 0.065
   median |eta| = 4.263
  rho=0.26832 (8/20)
    fp=0.0146 tp=0.2614  [57.9s]
   median nu  = 0.073
   median |eta| = 3.886
  rho=0.23770 (9/20)
    fp=0.0218 tp=0.3409  [59.0s]
   median nu  = 0.084
   median |eta| = 3.533
  rho=0.21057 (10/20)
    fp=0.0350 tp=0.4205  [60.2s]
   median nu  = 0.098
   median |eta| = 3.305
  rho=0.18653 (11/20)
    fp=0.0490 tp=0.4773  [57.9s]
   median nu  = 0.114
   median |eta| = 3.022
  rho=0.16524 (12/20)
    fp=0.0644 tp=0.5341  [61.8s]
   median nu  = 0.132
   median |eta| = 2.725
  rho=0.14638 (13/20)
    fp=0.0831 tp=0.5795  [65.7s]
   median nu  = 0.158
   median |eta| = 2.731
  rho=0.12968 (14/20)
    fp=0.1045 tp=0.6136  [51.7s]
   median nu  = 0.197
   median |eta| = 2.824
  rho=0.11488 (15/20)
    fp=0.1216 tp=0.6364  [60.7s]
   median nu  = 0.216
   median |eta| = 2.376
  rho=0.10177 (16/20)
    fp=0.1390 tp=0.6818  [58.4s]
   median nu  = 0.246
   median |eta| = 2.058
  rho=0.09015 (17/20)
    fp=0.1538 tp=0.7045  [57.0s]
   median nu  = 0.279
   median |eta| = 1.876
  rho=0.07986 (18/20)
    fp=0.1687 tp=0.7500  [57.4s]
   median nu  = 0.319
   median |eta| = 1.725
  rho=0.07075 (19/20)
    fp=0.1839 tp=0.7841  [57.1s]
   median nu  = 0.373
   median |eta| = 1.807
  rho=0.06267 (20/20)
    fp=0.1993 tp=0.7841  [56.9s]
   median nu  = 0.372
   median |eta| = 1.867
  rho=0.05552 (21/21)  [extra 1/50]
    fp=0.2118 tp=0.8068  [57.5s]
   median nu  = 0.357
   median |eta| = 1.903
  rho=0.04918 (22/22)  [extra 2/50]
    fp=0.2221 tp=0.8182  [56.9s]
   median nu  = 0.348
   median |eta| = 1.976
  rho=0.04357 (23/23)  [extra 3/50]
    fp=0.2347 tp=0.8068  [56.1s]
   median nu  = 0.345
   median |eta| = 2.077
  rho=0.03860 (24/24)  [extra 4/50]
    fp=0.2439 tp=0.8295  [59.4s]
   median nu  = 0.42
   median |eta| = 1.757
  rho=0.03419 (25/25)  [extra 5/50]
    fp=0.2587 tp=0.8182  [61.3s]
   median nu  = 0.425
   median |eta| = 1.968
  rho=0.03029 (26/26)  [extra 6/50]
    fp=0.2694 tp=0.8409  [54.5s]
   median nu  = 0.602
   median |eta| = 0.519
  rho=0.02683 (27/27)  [extra 7/50]
    fp=0.2803 tp=0.8295  [52.9s]
   median nu  = 0.624
   median |eta| = 0.909
  rho=0.02377 (28/28)  [extra 8/50]
    fp=0.2888 tp=0.8523  [53.9s]
   median nu  = 0.604
   median |eta| = 0.567
  rho=0.02106 (29/29)  [extra 9/50]
    fp=0.2966 tp=0.8409  [50.4s]
   median nu  = 0.852
   median |eta| = 0.146
  rho=0.01865 (30/30)  [extra 10/50]
    fp=0.3118 tp=0.8523  [54.2s]
   median nu  = 1.037
   median |eta| = 0.094
  FPR 0.3118 >= fp_end=0.3; stopping after 30 fits
  grid extended by 10 points down to rho=0.01865, ending at FPR 0.3118
  pilot fit of run_em_exact at rho=0.30349
  -> rho_max = max|S_ij| (off-diag) = 0.62875
  rho grid: [0.62875336 0.55699172 0.49342047 0.43710481 0.38721663 0.34302236
 0.30387211 0.26919021 0.23846667 0.2112497  0.1871391  0.16578031
 0.14685927 0.13009775 0.11524928 0.10209551 0.09044302 0.08012047
 0.07097606 0.06287534]
Running run_em_exact over 20 rho values, extending until FPR >= 0.3...
  rho=0.62875 (1/20)
    fp=0.0000 tp=0.0114  [55.7s]
   median nu  = 0.04
   median |eta| = 4.447
  rho=0.55699 (2/20)
    fp=0.0000 tp=0.0114  [53.8s]
   median nu  = 0.042
   median |eta| = 4.227
  rho=0.49342 (3/20)
    fp=0.0002 tp=0.0227  [52.0s]
   median nu  = 0.045
   median |eta| = 4.172
  rho=0.43710 (4/20)
    fp=0.0004 tp=0.0568  [52.3s]
   median nu  = 0.049
   median |eta| = 4.264
  rho=0.38722 (5/20)
    fp=0.0012 tp=0.0795  [55.0s]
   median nu  = 0.053
   median |eta| = 4.29
  rho=0.34302 (6/20)
    fp=0.0043 tp=0.1477  [52.4s]
   median nu  = 0.059
   median |eta| = 3.886
  rho=0.30387 (7/20)
    fp=0.0072 tp=0.2045  [52.8s]
   median nu  = 0.066
   median |eta| = 3.666
  rho=0.26919 (8/20)
    fp=0.0148 tp=0.2500  [51.4s]
   median nu  = 0.073
   median |eta| = 3.283
  rho=0.23847 (9/20)
    fp=0.0232 tp=0.3409  [51.1s]
   median nu  = 0.087
   median |eta| = 2.911
  rho=0.21125 (10/20)
    fp=0.0372 tp=0.4205  [51.0s]
   median nu  = 0.109
   median |eta| = 2.394
  rho=0.18714 (11/20)
    fp=0.0518 tp=0.4773  [54.0s]
   median nu  = 0.137
   median |eta| = 1.92
  rho=0.16578 (12/20)
    fp=0.0689 tp=0.5341  [54.6s]
   median nu  = 0.169
   median |eta| = 1.581
  rho=0.14686 (13/20)
    fp=0.0915 tp=0.5795  [2943.7s]
   median nu  = 0.208
   median |eta| = 1.161
  rho=0.13010 (14/20)
    fp=0.1137 tp=0.6136  [68.8s]
   median nu  = 0.252
   median |eta| = 0.74
  rho=0.11525 (15/20)
    fp=0.1335 tp=0.6250  [84.4s]
   median nu  = 0.348
   median |eta| = 0.528
  rho=0.10210 (16/20)
    fp=0.1520 tp=0.6705  [63.2s]
   median nu  = 0.427
   median |eta| = 0.372
  rho=0.09044 (17/20)
    fp=0.1756 tp=0.6932  [69.1s]
   median nu  = 0.488
   median |eta| = 0.25
  rho=0.08012 (18/20)
    fp=0.1956 tp=0.7614  [64.9s]
   median nu  = 0.572
   median |eta| = 0.162
  rho=0.07098 (19/20)
    fp=0.2121 tp=0.7841  [65.1s]
   median nu  = 0.654
   median |eta| = 0.115
  rho=0.06288 (20/20)
    fp=0.2306 tp=0.7841  [63.4s]
   median nu  = 0.784
   median |eta| = 0.085
  rho=0.05570 (21/21)  [extra 1/50]
    fp=0.2493 tp=0.8295  [60.2s]
   median nu  = 0.917
   median |eta| = 0.064
  rho=0.04934 (22/22)  [extra 2/50]
    fp=0.2666 tp=0.8750  [62.1s]
   median nu  = 1.041
   median |eta| = 0.047
  rho=0.04371 (23/23)  [extra 3/50]
    fp=0.2795 tp=0.8977  [55.1s]
   median nu  = 1.158
   median |eta| = 0.034
  rho=0.03872 (24/24)  [extra 4/50]
    fp=0.2921 tp=0.8977  [53.7s]
   median nu  = 1.279
   median |eta| = 0.024
  rho=0.03430 (25/25)  [extra 5/50]
    fp=0.3005 tp=0.8977  [44.1s]
   median nu  = 1.401
   median |eta| = 0.016
  FPR 0.3005 >= fp_end=0.3; stopping after 25 fits
  grid extended by 5 points down to rho=0.03430, ending at FPR 0.3005
  graphical_lasso rho_max = max|S_ij| (off-diag) = 0.70023
  rho grid: [0.70023374 0.62031382 0.54951541 0.48679745 0.4312377  0.38201916
 0.33841808 0.29979334 0.26557697 0.23526581 0.20841417 0.18462719
 0.1635551  0.14488803 0.12835149 0.11370233 0.10072512 0.08922903
 0.07904504 0.07002337]
Running graphical_lasso over 20 rho values, extending until FPR >= 0.3...
  rho=0.70023 (1/20)
    fp=0.0000 tp=0.0000  [0.0s]
  rho=0.62031 (2/20)
    fp=0.0000 tp=0.0114  [0.1s]
  rho=0.54952 (3/20)
    fp=0.0002 tp=0.0227  [81.5s]
  rho=0.48680 (4/20)
    fp=0.0004 tp=0.0341  [0.1s]
  rho=0.43124 (5/20)
    fp=0.0023 tp=0.0568  [91.7s]
  rho=0.38202 (6/20)
    fp=0.0045 tp=0.1364  [83.6s]
  rho=0.33842 (7/20)
    fp=0.0101 tp=0.1818  [82.9s]
  rho=0.29979 (8/20)
    fp=0.0175 tp=0.2727  [84.9s]
  rho=0.26558 (9/20)
    fp=0.0306 tp=0.3523  [82.6s]
  rho=0.23527 (10/20)
    fp=0.0506 tp=0.4318  [85.3s]
  rho=0.20841 (11/20)
    fp=0.0749 tp=0.4886  [0.2s]
  rho=0.18463 (12/20)
    fp=0.1030 tp=0.5341  [83.9s]
  rho=0.16356 (13/20)
    fp=0.1298 tp=0.5682  [83.0s]
  rho=0.14489 (14/20)
    fp=0.1647 tp=0.6591  [0.1s]
  rho=0.12835 (15/20)
    fp=0.1981 tp=0.6591  [0.3s]
  rho=0.11370 (16/20)
    fp=0.2320 tp=0.6705  [1.0s]
  rho=0.10073 (17/20)
    fp=0.2676 tp=0.6705  [3.9s]
  rho=0.08923 (18/20)
    fp=0.3001 tp=0.6818  [1.3s]
  FPR 0.3001 >= fp_end=0.3; stopping after 18 fits
  [note] 9/18 fits hit a glasso ConvergenceWarning (suppressed)
  grid stopped 2 points early at rho=0.08923, ending at FPR 0.3001

(p=100, n=50) over 37 replicates
  t+lasso  (run_em_diagonal):    AUC = 0.197 (SE 0.002)
  ~t+lasso (run_em_exact):       AUC = 0.189 (SE 0.002)
  tlasso   (run_tlasso):         AUC = 0.161 (SE 0.003)
  t*lasso  (run_tstar_varlasso): AUC = 0.193 (SE 0.002)
  glasso   (graphical_lasso):    AUC = 0.161 (SE 0.003)
Replicate 38/50
  Theta: 106/4950 edges
  pilot fit of run_tlasso at rho=30.34854
  -> rho_max = max|S_ij| (off-diag) = 11.99844
  [warn] pilot rho 30.34854 > rho_max 11.99844: it falls off the top of this method's grid
  rho grid: [11.99844339 10.62902254  9.41589808  8.34123141  7.3892199   6.54586452
  5.79876399  5.13693244  4.55063786  4.03125895  3.57115843  3.16357066
  2.80250218  2.48264361  2.19929153  1.94827933  1.72591596  1.52893163
  1.35442975  1.19984434]
Running run_tlasso over 20 rho values, extending until FPR >= 0.3...
  rho=11.99844 (1/20)
    fp=0.0000 tp=0.0000  [0.3s]
   nu  = 3.0000
  rho=10.62902 (2/20)
    fp=0.0000 tp=0.0000  [0.2s]
   nu  = 3.0000
  rho=9.41590 (3/20)
    fp=0.0000 tp=0.0000  [0.3s]
   nu  = 3.0000
  rho=8.34123 (4/20)
    fp=0.0000 tp=0.0000  [0.3s]
   nu  = 3.0000
  rho=7.38922 (5/20)
    fp=0.0004 tp=0.0189  [0.5s]
   nu  = 3.0000
  rho=6.54586 (6/20)
    fp=0.0006 tp=0.0377  [0.5s]
   nu  = 3.0000
  rho=5.79876 (7/20)
    fp=0.0010 tp=0.0472  [0.5s]
   nu  = 3.0000
  rho=5.13693 (8/20)
    fp=0.0017 tp=0.0566  [0.6s]
   nu  = 3.0000
  rho=4.55064 (9/20)
    fp=0.0027 tp=0.0660  [0.6s]
   nu  = 3.0000
  rho=4.03126 (10/20)
    fp=0.0037 tp=0.0849  [0.6s]
   nu  = 3.0000
  rho=3.57116 (11/20)
    fp=0.0060 tp=0.1132  [0.7s]
   nu  = 3.0000
  rho=3.16357 (12/20)
    fp=0.0103 tp=0.1509  [0.7s]
   nu  = 3.0000
  rho=2.80250 (13/20)
    fp=0.0180 tp=0.2170  [0.8s]
   nu  = 3.0000
  rho=2.48264 (14/20)
    fp=0.0279 tp=0.2453  [0.9s]
   nu  = 3.0000
  rho=2.19929 (15/20)
    fp=0.0448 tp=0.2830  [0.8s]
   nu  = 3.0000
  rho=1.94828 (16/20)
    fp=0.0685 tp=0.3491  [1.4s]
   nu  = 3.0000
  rho=1.72592 (17/20)
    fp=0.1125 tp=0.4245  [1.6s]
   nu  = 3.0000
  rho=1.52893 (18/20)
    fp=0.1594 tp=0.5189  [1.6s]
   nu  = 3.0000
  rho=1.35443 (19/20)
    fp=0.2066 tp=0.6132  [2.0s]
   nu  = 3.0000
  rho=1.19984 (20/20)
    fp=0.2545 tp=0.6698  [1.9s]
   nu  = 3.0000
  rho=1.06290 (21/21)  [extra 1/50]
    fp=0.3008 tp=0.6792  [2.3s]
   nu  = 3.0000
  FPR 0.3008 >= fp_end=0.3; stopping after 21 fits
  grid extended by 1 points down to rho=1.06290, ending at FPR 0.3008
  pilot fit of run_tstar_varlasso at rho=0.30349
  -> rho_max = max|S_ij| (off-diag) = 0.38874
  rho grid: [0.38873577 0.34436811 0.30506427 0.2702463  0.23940223 0.21207848
 0.18787328 0.1664307  0.14743543 0.13060815 0.11570143 0.10249605
 0.09079785 0.0804348  0.07125452 0.06312201 0.05591769 0.04953563
 0.04388197 0.03887358]
Running run_tstar_varlasso over 20 rho values, extending until FPR >= 0.3...
  rho=0.38874 (1/20)
    fp=0.0000 tp=0.0094  [0.4s]
   nu  = 3.0000
  rho=0.34437 (2/20)
    fp=0.0000 tp=0.0189  [0.4s]
   nu  = 3.0000
  rho=0.30506 (3/20)
    fp=0.0002 tp=0.0377  [0.4s]
   nu  = 3.0000
  rho=0.27025 (4/20)
    fp=0.0004 tp=0.0566  [0.4s]
   nu  = 3.0000
  rho=0.23940 (5/20)
    fp=0.0019 tp=0.1038  [0.4s]
   nu  = 3.0000
  rho=0.21208 (6/20)
    fp=0.0033 tp=0.1321  [0.4s]
   nu  = 3.0000
  rho=0.18787 (7/20)
    fp=0.0068 tp=0.1887  [0.4s]
   nu  = 3.0000
  rho=0.16643 (8/20)
    fp=0.0122 tp=0.2264  [0.4s]
   nu  = 3.0000
  rho=0.14744 (9/20)
    fp=0.0200 tp=0.2642  [0.4s]
   nu  = 3.0000
  rho=0.13061 (10/20)
    fp=0.0293 tp=0.3302  [0.4s]
   nu  = 3.0000
  rho=0.11570 (11/20)
    fp=0.0444 tp=0.4057  [0.4s]
   nu  = 3.0000
  rho=0.10250 (12/20)
    fp=0.0632 tp=0.4811  [0.5s]
   nu  = 3.0000
  rho=0.09080 (13/20)
    fp=0.0859 tp=0.5472  [0.5s]
   nu  = 3.0000
  rho=0.08043 (14/20)
    fp=0.1104 tp=0.6132  [0.7s]
   nu  = 3.0000
  rho=0.07125 (15/20)
    fp=0.1354 tp=0.6321  [0.5s]
   nu  = 3.0000
  rho=0.06312 (16/20)
    fp=0.1610 tp=0.6509  [0.5s]
   nu  = 3.0000
  rho=0.05592 (17/20)
    fp=0.1877 tp=0.6981  [0.6s]
   nu  = 3.0000
  rho=0.04954 (18/20)
    fp=0.2135 tp=0.7264  [0.6s]
   nu  = 3.0000
  rho=0.04388 (19/20)
    fp=0.2397 tp=0.7358  [0.6s]
   nu  = 3.0000
  rho=0.03887 (20/20)
    fp=0.2678 tp=0.7547  [0.7s]
   nu  = 3.0000
  rho=0.03444 (21/21)  [extra 1/50]
    fp=0.2925 tp=0.7736  [0.9s]
   nu  = 3.0000
  rho=0.03051 (22/22)  [extra 2/50]
    fp=0.3152 tp=0.8019  [0.9s]
   nu  = 3.0000
  FPR 0.3152 >= fp_end=0.3; stopping after 22 fits
  grid extended by 2 points down to rho=0.03051, ending at FPR 0.3152
  pilot fit of run_em_diagonal at rho=0.30349
  -> rho_max = max|S_ij| (off-diag) = 0.48395
  rho grid: [0.48395232 0.42871729 0.37978641 0.33644017 0.29804117 0.26402478
 0.23389078 0.20719608 0.18354812 0.16259919 0.14404122 0.12760133
 0.11303778 0.10013642 0.08870753 0.07858305 0.06961412 0.06166883
 0.05463037 0.04839523]
Running run_em_diagonal over 20 rho values, extending until FPR >= 0.3...
  rho=0.48395 (1/20)
    fp=0.0002 tp=0.0189  [35.6s]
   median nu  = 0.042
   median |eta| = 4.077
  rho=0.42872 (2/20)
    fp=0.0004 tp=0.0377  [35.3s]
   median nu  = 0.045
   median |eta| = 3.769
  rho=0.37979 (3/20)
    fp=0.0010 tp=0.0566  [45.9s]
   median nu  = 0.049
   median |eta| = 3.536
  rho=0.33644 (4/20)
    fp=0.0023 tp=0.0755  [64.7s]
   median nu  = 0.056
   median |eta| = 3.225
  rho=0.29804 (5/20)
    fp=0.0037 tp=0.1226  [63.7s]
   median nu  = 0.063
   median |eta| = 3.254
  rho=0.26402 (6/20)
    fp=0.0060 tp=0.1792  [71.6s]
   median nu  = 0.071
   median |eta| = 3.144
  rho=0.23389 (7/20)
    fp=0.0111 tp=0.1981  [59.4s]
   median nu  = 0.081
   median |eta| = 3.196
  rho=0.20720 (8/20)
    fp=0.0171 tp=0.2264  [57.9s]
   median nu  = 0.097
   median |eta| = 2.938
  rho=0.18355 (9/20)
    fp=0.0231 tp=0.2736  [59.4s]
   median nu  = 0.118
   median |eta| = 3.047
  rho=0.16260 (10/20)
    fp=0.0334 tp=0.3302  [60.1s]
   median nu  = 0.138
   median |eta| = 2.857
  rho=0.14404 (11/20)
    fp=0.0526 tp=0.4151  [58.8s]
   median nu  = 0.153
   median |eta| = 2.74
  rho=0.12760 (12/20)
    fp=0.0702 tp=0.4623  [76.6s]
   median nu  = 0.167
   median |eta| = 2.651
  rho=0.11304 (13/20)
    fp=0.0910 tp=0.5849  [66.3s]
   median nu  = 0.176
   median |eta| = 2.631
  rho=0.10014 (14/20)
    fp=0.1109 tp=0.6321  [63.7s]
   median nu  = 0.206
   median |eta| = 2.521
  rho=0.08871 (15/20)
    fp=0.1301 tp=0.6698  [54.9s]
   median nu  = 0.219
   median |eta| = 2.319
  rho=0.07858 (16/20)
    fp=0.1480 tp=0.6887  [50.4s]
   median nu  = 0.224
   median |eta| = 2.272
  rho=0.06961 (17/20)
    fp=0.1674 tp=0.7075  [49.5s]
   median nu  = 0.238
   median |eta| = 2.402
  rho=0.06167 (18/20)
    fp=0.1879 tp=0.7358  [50.1s]
   median nu  = 0.288
   median |eta| = 2.454
  rho=0.05463 (19/20)
    fp=0.2056 tp=0.7642  [52.5s]
   median nu  = 0.283
   median |eta| = 2.35
  rho=0.04840 (20/20)
    fp=0.2186 tp=0.7925  [56.3s]
   median nu  = 0.271
   median |eta| = 2.528
  rho=0.04287 (21/21)  [extra 1/50]
    fp=0.2335 tp=0.8019  [54.2s]
   median nu  = 0.261
   median |eta| = 2.714
  rho=0.03798 (22/22)  [extra 2/50]
    fp=0.2453 tp=0.8208  [55.3s]
   median nu  = 0.287
   median |eta| = 1.625
  rho=0.03364 (23/23)  [extra 3/50]
    fp=0.2543 tp=0.8302  [55.0s]
   median nu  = 0.277
   median |eta| = 1.511
  rho=0.02980 (24/24)  [extra 4/50]
    fp=0.2649 tp=0.8302  [59.0s]
   median nu  = 0.289
   median |eta| = 1.697
  rho=0.02640 (25/25)  [extra 5/50]
    fp=0.2803 tp=0.8585  [60.6s]
   median nu  = 0.548
   median |eta| = 0.593
  rho=0.02339 (26/26)  [extra 6/50]
    fp=0.2884 tp=0.8396  [58.5s]
   median nu  = 0.639
   median |eta| = 0.241
  rho=0.02072 (27/27)  [extra 7/50]
    fp=0.2969 tp=0.8585  [53.8s]
   median nu  = 0.738
   median |eta| = 0.217
  rho=0.01835 (28/28)  [extra 8/50]
    fp=0.3074 tp=0.8585  [58.6s]
   median nu  = 0.745
   median |eta| = 0.133
  FPR 0.3074 >= fp_end=0.3; stopping after 28 fits
  [note] 1/28 fits hit a glasso ConvergenceWarning (suppressed)
  grid extended by 8 points down to rho=0.01835, ending at FPR 0.3074
  pilot fit of run_em_exact at rho=0.30349
  -> rho_max = max|S_ij| (off-diag) = 0.49771
  rho grid: [0.4977068  0.44090192 0.39058037 0.34600218 0.30651184 0.27152866
 0.24053822 0.21308482 0.18876477 0.16722044 0.14813503 0.13122791
 0.11625045 0.10298241 0.0912287  0.08081647 0.07159263 0.06342153
 0.05618303 0.04977068]
Running run_em_exact over 20 rho values, extending until FPR >= 0.3...
  rho=0.49771 (1/20)
    fp=0.0000 tp=0.0094  [51.6s]
   median nu  = 0.041
   median |eta| = 4.065
  rho=0.44090 (2/20)
    fp=0.0004 tp=0.0283  [52.4s]
   median nu  = 0.044
   median |eta| = 3.729
  rho=0.39058 (3/20)
    fp=0.0010 tp=0.0472  [57.2s]
   median nu  = 0.048
   median |eta| = 3.604
  rho=0.34600 (4/20)
    fp=0.0017 tp=0.0660  [53.5s]
   median nu  = 0.054
   median |eta| = 3.253
  rho=0.30651 (5/20)
    fp=0.0033 tp=0.1226  [52.1s]
   median nu  = 0.062
   median |eta| = 3.297
  rho=0.27153 (6/20)
    fp=0.0058 tp=0.1509  [53.4s]
   median nu  = 0.069
   median |eta| = 3.04
  rho=0.24054 (7/20)
    fp=0.0099 tp=0.1981  [54.2s]
   median nu  = 0.079
   median |eta| = 2.725
  rho=0.21308 (8/20)
    fp=0.0167 tp=0.2264  [52.2s]
   median nu  = 0.094
   median |eta| = 2.354
  rho=0.18876 (9/20)
    fp=0.0235 tp=0.2642  [52.8s]
   median nu  = 0.116
   median |eta| = 2.007
  rho=0.16722 (10/20)
    fp=0.0336 tp=0.3208  [51.1s]
   median nu  = 0.14
   median |eta| = 1.562
  rho=0.14814 (11/20)
    fp=0.0570 tp=0.3868  [54.3s]
   median nu  = 0.167
   median |eta| = 1.19
  rho=0.13123 (12/20)
    fp=0.0760 tp=0.4528  [59.2s]
   median nu  = 0.207
   median |eta| = 0.912
  rho=0.11625 (13/20)
    fp=0.0993 tp=0.5755  [65.7s]
   median nu  = 0.266
   median |eta| = 0.712
  rho=0.10298 (14/20)
    fp=0.1247 tp=0.6132  [2955.9s]
   median nu  = 0.33
   median |eta| = 0.525
  rho=0.09123 (15/20)
    fp=0.1503 tp=0.6509  [66.0s]
   median nu  = 0.447
   median |eta| = 0.407
  rho=0.08082 (16/20)
    fp=0.1674 tp=0.6981  [77.3s]
   median nu  = 0.511
   median |eta| = 0.279
  rho=0.07159 (17/20)
    fp=0.1887 tp=0.6981  [58.4s]
   median nu  = 0.592
   median |eta| = 0.201
  rho=0.06342 (18/20)
    fp=0.2122 tp=0.7170  [67.3s]
   median nu  = 0.692
   median |eta| = 0.132
  rho=0.05618 (19/20)
    fp=0.2318 tp=0.7264  [64.7s]
   median nu  = 0.811
   median |eta| = 0.096
  rho=0.04977 (20/20)
    fp=0.2500 tp=0.7642  [66.5s]
   median nu  = 0.906
   median |eta| = 0.07
  rho=0.04409 (21/21)  [extra 1/50]
    fp=0.2694 tp=0.7925  [63.4s]
   median nu  = 1.003
   median |eta| = 0.05
  rho=0.03906 (22/22)  [extra 2/50]
    fp=0.2872 tp=0.8113  [61.8s]
   median nu  = 1.128
   median |eta| = 0.037
  rho=0.03460 (23/23)  [extra 3/50]
    fp=0.3016 tp=0.8113  [58.9s]
   median nu  = 1.227
   median |eta| = 0.027
  FPR 0.3016 >= fp_end=0.3; stopping after 23 fits
  grid extended by 3 points down to rho=0.03460, ending at FPR 0.3016
  graphical_lasso rho_max = max|S_ij| (off-diag) = 0.55669
  rho grid: [0.55668744 0.49315092 0.43686602 0.3870051  0.34283497 0.30370611
 0.26904316 0.2383364  0.2111343  0.18703687 0.16568975 0.14677904
 0.13002668 0.11518632 0.10203973 0.09039361 0.0800767  0.07093729
 0.06284099 0.05566874]
Running graphical_lasso over 20 rho values, extending until FPR >= 0.3...
  rho=0.55669 (1/20)
    fp=0.0000 tp=0.0000  [0.1s]
  rho=0.49315 (2/20)
    fp=0.0006 tp=0.0283  [0.1s]
  rho=0.43687 (3/20)
    fp=0.0006 tp=0.0377  [89.3s]
  rho=0.38701 (4/20)
    fp=0.0019 tp=0.0566  [81.8s]
  rho=0.34283 (5/20)
    fp=0.0035 tp=0.0943  [81.9s]
  rho=0.30371 (6/20)
    fp=0.0078 tp=0.1321  [90.1s]
  rho=0.26904 (7/20)
    fp=0.0167 tp=0.2075  [84.7s]
  rho=0.23834 (8/20)
    fp=0.0279 tp=0.2453  [83.7s]
  rho=0.21113 (9/20)
    fp=0.0458 tp=0.3113  [83.4s]
  rho=0.18704 (10/20)
    fp=0.0687 tp=0.3585  [85.1s]
  rho=0.16569 (11/20)
    fp=0.0979 tp=0.4340  [85.7s]
  rho=0.14678 (12/20)
    fp=0.1334 tp=0.5000  [84.7s]
  rho=0.13003 (13/20)
    fp=0.1680 tp=0.5283  [0.3s]
  rho=0.11519 (14/20)
    fp=0.1992 tp=0.5755  [0.6s]
  rho=0.10204 (15/20)
    fp=0.2360 tp=0.6509  [2.3s]
  rho=0.09039 (16/20)
    fp=0.2694 tp=0.6792  [0.2s]
  rho=0.08008 (17/20)
    fp=0.3039 tp=0.6981  [0.5s]
  FPR 0.3039 >= fp_end=0.3; stopping after 17 fits
  [note] 10/17 fits hit a glasso ConvergenceWarning (suppressed)
  grid stopped 3 points early at rho=0.08008, ending at FPR 0.3039

(p=100, n=50) over 38 replicates
  t+lasso  (run_em_diagonal):    AUC = 0.196 (SE 0.002)
  ~t+lasso (run_em_exact):       AUC = 0.189 (SE 0.002)
  tlasso   (run_tlasso):         AUC = 0.161 (SE 0.003)
  t*lasso  (run_tstar_varlasso): AUC = 0.193 (SE 0.002)
  glasso   (graphical_lasso):    AUC = 0.160 (SE 0.003)
Replicate 39/50
  Theta: 110/4950 edges
  pilot fit of run_tlasso at rho=30.34854
  -> rho_max = max|S_ij| (off-diag) = 14.04714
  [warn] pilot rho 30.34854 > rho_max 14.04714: it falls off the top of this method's grid
  rho grid: [14.04714419 12.44389854 11.02363646  9.76547345  8.65090862  7.66355265
  6.78888679  6.01404935  5.3276466   4.71958519  4.18092379  3.70374154
  3.28102163  2.9065481   2.57481443  2.2809426   2.0206113   1.78999245
  1.58569486  1.40471442]
Running run_tlasso over 20 rho values, extending until FPR >= 0.3...
  rho=14.04714 (1/20)
    fp=0.0000 tp=0.0000  [0.7s]
   nu  = 3.0000
  rho=12.44390 (2/20)
    fp=0.0000 tp=0.0000  [0.5s]
   nu  = 3.0000
  rho=11.02364 (3/20)
    fp=0.0000 tp=0.0000  [0.6s]
   nu  = 3.0000
  rho=9.76547 (4/20)
    fp=0.0002 tp=0.0000  [1.1s]
   nu  = 3.0000
  rho=8.65091 (5/20)
    fp=0.0002 tp=0.0000  [0.9s]
   nu  = 3.0000
  rho=7.66355 (6/20)
    fp=0.0004 tp=0.0000  [1.3s]
   nu  = 3.0000
  rho=6.78889 (7/20)
    fp=0.0006 tp=0.0091  [1.5s]
   nu  = 3.0000
  rho=6.01405 (8/20)
    fp=0.0010 tp=0.0182  [1.3s]
   nu  = 3.0000
  rho=5.32765 (9/20)
    fp=0.0014 tp=0.0455  [1.1s]
   nu  = 3.0000
  rho=4.71959 (10/20)
    fp=0.0025 tp=0.0545  [1.1s]
   nu  = 3.0000
  rho=4.18092 (11/20)
    fp=0.0054 tp=0.0727  [1.4s]
   nu  = 3.0000
  rho=3.70374 (12/20)
    fp=0.0076 tp=0.1000  [1.3s]
   nu  = 3.0000
  rho=3.28102 (13/20)
    fp=0.0136 tp=0.1091  [1.5s]
   nu  = 3.0000
  rho=2.90655 (14/20)
    fp=0.0221 tp=0.1909  [1.5s]
   nu  = 3.0000
  rho=2.57481 (15/20)
    fp=0.0320 tp=0.2273  [1.7s]
   nu  = 3.0000
  rho=2.28094 (16/20)
    fp=0.0504 tp=0.2636  [1.6s]
   nu  = 3.0000
  rho=2.02061 (17/20)
    fp=0.0760 tp=0.3455  [2.6s]
   nu  = 3.0000
  rho=1.78999 (18/20)
    fp=0.1120 tp=0.4455  [3.1s]
   nu  = 3.0000
  rho=1.58569 (19/20)
    fp=0.1595 tp=0.5364  [4.3s]
   nu  = 3.0000
  rho=1.40471 (20/20)
    fp=0.2110 tp=0.6000  [4.8s]
   nu  = 3.0000
  rho=1.24439 (21/21)  [extra 1/50]
    fp=0.2494 tp=0.6818  [3.6s]
   nu  = 3.0000
  rho=1.10236 (22/22)  [extra 2/50]
    fp=0.2919 tp=0.7000  [4.3s]
   nu  = 3.0000
  rho=0.97655 (23/23)  [extra 3/50]
    fp=0.3269 tp=0.7000  [4.1s]
   nu  = 3.0000
  FPR 0.3269 >= fp_end=0.3; stopping after 23 fits
  grid extended by 3 points down to rho=0.97655, ending at FPR 0.3269
  pilot fit of run_tstar_varlasso at rho=0.30349
  -> rho_max = max|S_ij| (off-diag) = 0.42141
  rho grid: [0.42141237 0.37331522 0.33070756 0.29296284 0.25952605 0.22990551
 0.20366566 0.18042064 0.15982866 0.1415869  0.12542713 0.11111173
 0.09843019 0.08719604 0.07724407 0.06842796 0.06061806 0.05369952
 0.04757063 0.04214124]
Running run_tstar_varlasso over 20 rho values, extending until FPR >= 0.3...
  rho=0.42141 (1/20)
    fp=0.0002 tp=0.0000  [0.9s]
   nu  = 3.0000
  rho=0.37332 (2/20)
    fp=0.0002 tp=0.0091  [0.7s]
   nu  = 3.0000
  rho=0.33071 (3/20)
    fp=0.0002 tp=0.0182  [0.6s]
   nu  = 3.0000
  rho=0.29296 (4/20)
    fp=0.0006 tp=0.0273  [0.9s]
   nu  = 3.0000
  rho=0.25953 (5/20)
    fp=0.0014 tp=0.0636  [0.9s]
   nu  = 3.0000
  rho=0.22991 (6/20)
    fp=0.0025 tp=0.1000  [0.8s]
   nu  = 3.0000
  rho=0.20367 (7/20)
    fp=0.0054 tp=0.1273  [0.8s]
   nu  = 3.0000
  rho=0.18042 (8/20)
    fp=0.0095 tp=0.1818  [0.8s]
   nu  = 3.0000
  rho=0.15983 (9/20)
    fp=0.0182 tp=0.2091  [0.8s]
   nu  = 3.0000
  rho=0.14159 (10/20)
    fp=0.0269 tp=0.2818  [0.9s]
   nu  = 3.0000
  rho=0.12543 (11/20)
    fp=0.0395 tp=0.3818  [1.0s]
   nu  = 3.0000
  rho=0.11111 (12/20)
    fp=0.0581 tp=0.4364  [1.0s]
   nu  = 3.0000
  rho=0.09843 (13/20)
    fp=0.0783 tp=0.5636  [0.9s]
   nu  = 3.0000
  rho=0.08720 (14/20)
    fp=0.1021 tp=0.5909  [1.0s]
   nu  = 3.0000
  rho=0.07724 (15/20)
    fp=0.1233 tp=0.6455  [1.0s]
   nu  = 3.0000
  rho=0.06843 (16/20)
    fp=0.1498 tp=0.6727  [1.2s]
   nu  = 3.0000
  rho=0.06062 (17/20)
    fp=0.1752 tp=0.6909  [1.7s]
   nu  = 3.0000
  rho=0.05370 (18/20)
    fp=0.2014 tp=0.7182  [1.9s]
   nu  = 3.0000
  rho=0.04757 (19/20)
    fp=0.2337 tp=0.7727  [1.7s]
   nu  = 3.0000
  rho=0.04214 (20/20)
    fp=0.2581 tp=0.7727  [2.6s]
   nu  = 3.0000
  rho=0.03733 (21/21)  [extra 1/50]
    fp=0.2798 tp=0.8000  [1.8s]
   nu  = 3.0000
  rho=0.03307 (22/22)  [extra 2/50]
    fp=0.3033 tp=0.8455  [2.1s]
   nu  = 3.0000
  FPR 0.3033 >= fp_end=0.3; stopping after 22 fits
  grid extended by 2 points down to rho=0.03307, ending at FPR 0.3033
  pilot fit of run_em_diagonal at rho=0.30349
  -> rho_max = max|S_ij| (off-diag) = 0.61065
  rho grid: [0.61064723 0.5409521  0.4792115  0.42451755 0.376066   0.33314438
 0.29512154 0.26143837 0.23159957 0.20516637 0.18175007 0.16100636
 0.14263018 0.12635134 0.11193046 0.09915548 0.08783854 0.07781325
 0.06893217 0.06106472]
Running run_em_diagonal over 20 rho values, extending until FPR >= 0.3...
  rho=0.61065 (1/20)
    fp=0.0002 tp=0.0000  [58.3s]
   median nu  = 0.039
   median |eta| = 4.308
  rho=0.54095 (2/20)
    fp=0.0002 tp=0.0000  [69.4s]
   median nu  = 0.042
   median |eta| = 4.148
  rho=0.47921 (3/20)
    fp=0.0004 tp=0.0091  [54.5s]
   median nu  = 0.046
   median |eta| = 3.891
  rho=0.42452 (4/20)
    fp=0.0006 tp=0.0273  [54.2s]
   median nu  = 0.05
   median |eta| = 3.753
  rho=0.37607 (5/20)
    fp=0.0010 tp=0.0273  [51.5s]
   median nu  = 0.056
   median |eta| = 3.759
  rho=0.33314 (6/20)
    fp=0.0021 tp=0.0727  [51.5s]
   median nu  = 0.062
   median |eta| = 3.461
  rho=0.29512 (7/20)
    fp=0.0045 tp=0.1000  [50.3s]
   median nu  = 0.071
   median |eta| = 3.239
  rho=0.26144 (8/20)
    fp=0.0103 tp=0.1636  [51.2s]
   median nu  = 0.081
   median |eta| = 2.962
  rho=0.23160 (9/20)
    fp=0.0176 tp=0.1909  [51.7s]
   median nu  = 0.092
   median |eta| = 2.633
  rho=0.20517 (10/20)
    fp=0.0248 tp=0.2364  [51.1s]
   median nu  = 0.106
   median |eta| = 2.473
  rho=0.18175 (11/20)
    fp=0.0355 tp=0.2636  [51.0s]
   median nu  = 0.124
   median |eta| = 2.338
  rho=0.16101 (12/20)
    fp=0.0502 tp=0.3364  [51.6s]
   median nu  = 0.14
   median |eta| = 2.238
  rho=0.14263 (13/20)
    fp=0.0653 tp=0.4273  [51.1s]
   median nu  = 0.171
   median |eta| = 2.222
  rho=0.12635 (14/20)
    fp=0.0802 tp=0.5273  [53.5s]
   median nu  = 0.196
   median |eta| = 1.996
  rho=0.11193 (15/20)
    fp=0.1000 tp=0.5636  [54.8s]
   median nu  = 0.245
   median |eta| = 1.777
  rho=0.09916 (16/20)
    fp=0.1157 tp=0.6182  [56.8s]
   median nu  = 0.272
   median |eta| = 1.667
  rho=0.08784 (17/20)
    fp=0.1335 tp=0.6818  [54.1s]
   median nu  = 0.293
   median |eta| = 1.55
  rho=0.07781 (18/20)
    fp=0.1521 tp=0.7182  [53.8s]
   median nu  = 0.316
   median |eta| = 1.419
  rho=0.06893 (19/20)
    fp=0.1717 tp=0.7364  [52.3s]
   median nu  = 0.36
   median |eta| = 1.123
  rho=0.06106 (20/20)
    fp=0.1820 tp=0.7545  [56.2s]
   median nu  = 0.401
   median |eta| = 1.174
  rho=0.05410 (21/21)  [extra 1/50]
    fp=0.2000 tp=0.7727  [49.1s]
   median nu  = 0.455
   median |eta| = 0.874
  rho=0.04792 (22/22)  [extra 2/50]
    fp=0.2143 tp=0.7727  [50.4s]
   median nu  = 0.5
   median |eta| = 0.733
  rho=0.04245 (23/23)  [extra 3/50]
    fp=0.2287 tp=0.7909  [52.2s]
   median nu  = 0.564
   median |eta| = 0.586
  rho=0.03761 (24/24)  [extra 4/50]
    fp=0.2442 tp=0.8000  [54.6s]
   median nu  = 0.571
   median |eta| = 0.669
  rho=0.03331 (25/25)  [extra 5/50]
    fp=0.2519 tp=0.8091  [49.3s]
   median nu  = 0.673
   median |eta| = 0.438
  rho=0.02951 (26/26)  [extra 6/50]
    fp=0.2647 tp=0.8364  [58.9s]
   median nu  = 0.761
   median |eta| = 0.366
  rho=0.02614 (27/27)  [extra 7/50]
    fp=0.2727 tp=0.8182  [51.1s]
   median nu  = 0.844
   median |eta| = 0.274
  rho=0.02316 (28/28)  [extra 8/50]
    fp=0.2862 tp=0.8364  [51.0s]
   median nu  = 1.048
   median |eta| = 0.087
  rho=0.02052 (29/29)  [extra 9/50]
    fp=0.2961 tp=0.8182  [51.2s]
   median nu  = 1.095
   median |eta| = 0.07
  rho=0.01818 (30/30)  [extra 10/50]
    fp=0.3031 tp=0.7909  [51.5s]
   median nu  = 1.165
   median |eta| = 0.058
  FPR 0.3031 >= fp_end=0.3; stopping after 30 fits
  [note] 1/30 fits hit a glasso ConvergenceWarning (suppressed)
  grid extended by 10 points down to rho=0.01818, ending at FPR 0.3031
  pilot fit of run_em_exact at rho=0.30349
  -> rho_max = max|S_ij| (off-diag) = 0.61969
  rho grid: [0.61969253 0.54896503 0.48630989 0.43080578 0.38163653 0.33807913
 0.29949308 0.26531097 0.23503018 0.20820543 0.18444227 0.16339129
 0.14474291 0.12822294 0.11358845 0.10062423 0.08913966 0.07896587
 0.06995324 0.06196925]
Running run_em_exact over 20 rho values, extending until FPR >= 0.3...
  rho=0.61969 (1/20)
    fp=0.0002 tp=0.0000  [48.8s]
   median nu  = 0.039
   median |eta| = 4.36
  rho=0.54897 (2/20)
    fp=0.0002 tp=0.0000  [58.4s]
   median nu  = 0.042
   median |eta| = 4.119
  rho=0.48631 (3/20)
    fp=0.0004 tp=0.0091  [2944.2s]
   median nu  = 0.045
   median |eta| = 3.855
  rho=0.43081 (4/20)
    fp=0.0006 tp=0.0182  [62.3s]
   median nu  = 0.049
   median |eta| = 3.753
  rho=0.38164 (5/20)
    fp=0.0010 tp=0.0273  [82.9s]
   median nu  = 0.055
   median |eta| = 3.768
  rho=0.33808 (6/20)
    fp=0.0021 tp=0.0636  [63.4s]
   median nu  = 0.062
   median |eta| = 3.444
  rho=0.29949 (7/20)
    fp=0.0043 tp=0.1000  [58.6s]
   median nu  = 0.07
   median |eta| = 3.124
  rho=0.26531 (8/20)
    fp=0.0093 tp=0.1636  [60.7s]
   median nu  = 0.08
   median |eta| = 2.907
  rho=0.23503 (9/20)
    fp=0.0163 tp=0.1909  [58.3s]
   median nu  = 0.091
   median |eta| = 2.499
  rho=0.20821 (10/20)
    fp=0.0254 tp=0.2364  [59.9s]
   median nu  = 0.106
   median |eta| = 2.224
  rho=0.18444 (11/20)
    fp=0.0370 tp=0.2636  [57.9s]
   median nu  = 0.13
   median |eta| = 1.931
  rho=0.16339 (12/20)
    fp=0.0529 tp=0.3182  [55.2s]
   median nu  = 0.164
   median |eta| = 1.524
  rho=0.14474 (13/20)
    fp=0.0711 tp=0.4091  [54.8s]
   median nu  = 0.207
   median |eta| = 1.196
  rho=0.12822 (14/20)
    fp=0.0911 tp=0.5273  [51.9s]
   median nu  = 0.275
   median |eta| = 0.861
  rho=0.11359 (15/20)
    fp=0.1114 tp=0.5636  [50.6s]
   median nu  = 0.326
   median |eta| = 0.568
  rho=0.10062 (16/20)
    fp=0.1293 tp=0.6455  [47.3s]
   median nu  = 0.397
   median |eta| = 0.391
  rho=0.08914 (17/20)
    fp=0.1500 tp=0.6636  [46.9s]
   median nu  = 0.466
   median |eta| = 0.274
  rho=0.07897 (18/20)
    fp=0.1740 tp=0.7091  [50.2s]
   median nu  = 0.541
   median |eta| = 0.191
  rho=0.06995 (19/20)
    fp=0.1919 tp=0.7455  [61.7s]
   median nu  = 0.622
   median |eta| = 0.134
  rho=0.06197 (20/20)
    fp=0.2132 tp=0.7455  [59.2s]
   median nu  = 0.732
   median |eta| = 0.095
  rho=0.05490 (21/21)  [extra 1/50]
    fp=0.2337 tp=0.7636  [57.1s]
   median nu  = 0.826
   median |eta| = 0.063
  rho=0.04863 (22/22)  [extra 2/50]
    fp=0.2500 tp=0.7818  [56.1s]
   median nu  = 0.904
   median |eta| = 0.047
  rho=0.04308 (23/23)  [extra 3/50]
    fp=0.2634 tp=0.8364  [53.8s]
   median nu  = 1.004
   median |eta| = 0.035
  rho=0.03816 (24/24)  [extra 4/50]
    fp=0.2767 tp=0.8364  [57.7s]
   median nu  = 1.131
   median |eta| = 0.027
  rho=0.03381 (25/25)  [extra 5/50]
    fp=0.2884 tp=0.8273  [49.5s]
   median nu  = 1.244
   median |eta| = 0.02
  rho=0.02995 (26/26)  [extra 6/50]
    fp=0.3025 tp=0.8364  [44.1s]
   median nu  = 1.371
   median |eta| = 0.015
  FPR 0.3025 >= fp_end=0.3; stopping after 26 fits
  grid extended by 6 points down to rho=0.02995, ending at FPR 0.3025
  graphical_lasso rho_max = max|S_ij| (off-diag) = 0.65633
  rho grid: [0.65632753 0.58141876 0.51505957 0.45627417 0.40419814 0.35806571
 0.31719852 0.28099563 0.2489247  0.22051412 0.19534614 0.17305066
 0.15329983 0.13580323 0.12030357 0.10657294 0.09440943 0.08363418
 0.07408874 0.06563275]
Running graphical_lasso over 20 rho values, extending until FPR >= 0.3...
  rho=0.65633 (1/20)
    fp=0.0000 tp=0.0000  [0.0s]
  rho=0.58142 (2/20)
    fp=0.0002 tp=0.0000  [0.1s]
  rho=0.51506 (3/20)
    fp=0.0002 tp=0.0091  [0.1s]
  rho=0.45627 (4/20)
    fp=0.0010 tp=0.0273  [83.6s]
  rho=0.40420 (5/20)
    fp=0.0017 tp=0.0545  [84.6s]
  rho=0.35807 (6/20)
    fp=0.0056 tp=0.0818  [83.6s]
  rho=0.31720 (7/20)
    fp=0.0103 tp=0.1091  [77.8s]
  rho=0.28100 (8/20)
    fp=0.0192 tp=0.1818  [80.7s]
  rho=0.24892 (9/20)
    fp=0.0289 tp=0.2000  [82.5s]
  rho=0.22051 (10/20)
    fp=0.0473 tp=0.2545  [83.6s]
  rho=0.19535 (11/20)
    fp=0.0719 tp=0.3182  [81.9s]
  rho=0.17305 (12/20)
    fp=0.0994 tp=0.4000  [0.1s]
  rho=0.15330 (13/20)
    fp=0.1304 tp=0.4636  [0.2s]
  rho=0.13580 (14/20)
    fp=0.1626 tp=0.5455  [0.4s]
  rho=0.12030 (15/20)
    fp=0.1946 tp=0.5909  [85.0s]
  rho=0.10657 (16/20)
    fp=0.2289 tp=0.6364  [2.6s]
  rho=0.09441 (17/20)
    fp=0.2628 tp=0.6818  [3.2s]
  rho=0.08363 (18/20)
    fp=0.2969 tp=0.6909  [0.2s]
  rho=0.07409 (19/20)
    fp=0.3209 tp=0.7000  [0.2s]
  FPR 0.3209 >= fp_end=0.3; stopping after 19 fits
  [note] 9/19 fits hit a glasso ConvergenceWarning (suppressed)
  grid stopped 1 points early at rho=0.07409, ending at FPR 0.3209

(p=100, n=50) over 39 replicates
  t+lasso  (run_em_diagonal):    AUC = 0.196 (SE 0.002)
  ~t+lasso (run_em_exact):       AUC = 0.189 (SE 0.002)
  tlasso   (run_tlasso):         AUC = 0.160 (SE 0.003)
  t*lasso  (run_tstar_varlasso): AUC = 0.192 (SE 0.002)
  glasso   (graphical_lasso):    AUC = 0.160 (SE 0.003)
Replicate 40/50
  Theta: 99/4950 edges
  pilot fit of run_tlasso at rho=30.34854
  -> rho_max = max|S_ij| (off-diag) = 16.72124
  [warn] pilot rho 30.34854 > rho_max 16.72124: it falls off the top of this method's grid
  rho grid: [16.72123669 14.81278828 13.12215721 11.62448329 10.2977437   9.12242916
  8.08125704  7.15891724  6.34184704  5.61803168  4.97682769  4.40880638
  3.90561515  3.45985476  3.06497043  2.71515552  2.40526611  2.13074536
  1.88755656  1.67212367]
Running run_tlasso over 20 rho values, extending until FPR >= 0.3...
  rho=16.72124 (1/20)
    fp=0.0000 tp=0.0000  [0.8s]
   nu  = 3.0000
  rho=14.81279 (2/20)
    fp=0.0000 tp=0.0000  [0.6s]
   nu  = 3.0000
  rho=13.12216 (3/20)
    fp=0.0000 tp=0.0101  [0.6s]
   nu  = 3.0000
  rho=11.62448 (4/20)
    fp=0.0000 tp=0.0101  [1.0s]
   nu  = 3.0000
  rho=10.29774 (5/20)
    fp=0.0000 tp=0.0101  [0.9s]
   nu  = 3.0000
  rho=9.12243 (6/20)
    fp=0.0002 tp=0.0101  [0.9s]
   nu  = 3.0000
  rho=8.08126 (7/20)
    fp=0.0004 tp=0.0202  [1.1s]
   nu  = 3.0000
  rho=7.15892 (8/20)
    fp=0.0006 tp=0.0404  [1.0s]
   nu  = 3.0000
  rho=6.34185 (9/20)
    fp=0.0016 tp=0.0505  [1.0s]
   nu  = 3.0000
  rho=5.61803 (10/20)
    fp=0.0025 tp=0.0707  [1.2s]
   nu  = 3.0000
  rho=4.97683 (11/20)
    fp=0.0039 tp=0.0808  [1.0s]
   nu  = 3.0000
  rho=4.40881 (12/20)
    fp=0.0076 tp=0.1212  [1.1s]
   nu  = 3.0000
  rho=3.90562 (13/20)
    fp=0.0138 tp=0.1414  [1.1s]
   nu  = 3.0000
  rho=3.45985 (14/20)
    fp=0.0210 tp=0.1616  [1.3s]
   nu  = 3.0000
  rho=3.06497 (15/20)
    fp=0.0287 tp=0.2121  [1.3s]
   nu  = 3.0000
  rho=2.71516 (16/20)
    fp=0.0472 tp=0.2828  [1.5s]
   nu  = 3.0000
  rho=2.40527 (17/20)
    fp=0.0713 tp=0.3737  [1.8s]
   nu  = 3.0000
  rho=2.13075 (18/20)
    fp=0.1060 tp=0.4949  [2.3s]
   nu  = 3.0000
  rho=1.88756 (19/20)
    fp=0.1459 tp=0.5758  [2.2s]
   nu  = 3.0000
  rho=1.67212 (20/20)
    fp=0.1892 tp=0.6667  [2.4s]
   nu  = 3.0000
  rho=1.48128 (21/21)  [extra 1/50]
    fp=0.2344 tp=0.6869  [3.2s]
   nu  = 3.0000
  rho=1.31222 (22/22)  [extra 2/50]
    fp=0.2709 tp=0.7374  [3.2s]
   nu  = 3.0000
  rho=1.16245 (23/23)  [extra 3/50]
    fp=0.3100 tp=0.7576  [2.9s]
   nu  = 3.0000
  FPR 0.3100 >= fp_end=0.3; stopping after 23 fits
  grid extended by 3 points down to rho=1.16245, ending at FPR 0.3100
  pilot fit of run_tstar_varlasso at rho=0.30349
  -> rho_max = max|S_ij| (off-diag) = 0.50461
  rho grid: [0.50461452 0.44702125 0.39600128 0.35080438 0.31076595 0.27529724
 0.24387668 0.21604225 0.19138466 0.16954131 0.15019102 0.13304923
 0.1178639  0.10441171 0.09249487 0.08193813 0.07258627 0.06430177
 0.0569628  0.05046145]
Running run_tstar_varlasso over 20 rho values, extending until FPR >= 0.3...
  rho=0.50461 (1/20)
    fp=0.0000 tp=0.0101  [0.7s]
   nu  = 3.0000
  rho=0.44702 (2/20)
    fp=0.0000 tp=0.0101  [0.6s]
   nu  = 3.0000
  rho=0.39600 (3/20)
    fp=0.0000 tp=0.0303  [0.6s]
   nu  = 3.0000
  rho=0.35080 (4/20)
    fp=0.0006 tp=0.0505  [0.7s]
   nu  = 3.0000
  rho=0.31077 (5/20)
    fp=0.0014 tp=0.0707  [0.8s]
   nu  = 3.0000
  rho=0.27530 (6/20)
    fp=0.0033 tp=0.0808  [0.7s]
   nu  = 3.0000
  rho=0.24388 (7/20)
    fp=0.0056 tp=0.1111  [0.7s]
   nu  = 3.0000
  rho=0.21604 (8/20)
    fp=0.0105 tp=0.1818  [0.7s]
   nu  = 3.0000
  rho=0.19138 (9/20)
    fp=0.0173 tp=0.2323  [0.7s]
   nu  = 3.0000
  rho=0.16954 (10/20)
    fp=0.0272 tp=0.3232  [0.8s]
   nu  = 3.0000
  rho=0.15019 (11/20)
    fp=0.0431 tp=0.3838  [0.8s]
   nu  = 3.0000
  rho=0.13305 (12/20)
    fp=0.0583 tp=0.4747  [0.8s]
   nu  = 3.0000
  rho=0.11786 (13/20)
    fp=0.0763 tp=0.5859  [0.8s]
   nu  = 3.0000
  rho=0.10441 (14/20)
    fp=0.0961 tp=0.6162  [1.5s]
   nu  = 3.0000
  rho=0.09249 (15/20)
    fp=0.1218 tp=0.6869  [1.9s]
   nu  = 3.0000
  rho=0.08194 (16/20)
    fp=0.1437 tp=0.7273  [2.1s]
   nu  = 3.0000
  rho=0.07259 (17/20)
    fp=0.1664 tp=0.7475  [1.7s]
   nu  = 3.0000
  rho=0.06430 (18/20)
    fp=0.1907 tp=0.7677  [1.7s]
   nu  = 3.0000
  rho=0.05696 (19/20)
    fp=0.2169 tp=0.7879  [1.7s]
   nu  = 3.0000
  rho=0.05046 (20/20)
    fp=0.2397 tp=0.8283  [1.2s]
   nu  = 3.0000
  rho=0.04470 (21/21)  [extra 1/50]
    fp=0.2670 tp=0.8283  [1.4s]
   nu  = 3.0000
  rho=0.03960 (22/22)  [extra 2/50]
    fp=0.2927 tp=0.8283  [1.7s]
   nu  = 3.0000
  rho=0.03508 (23/23)  [extra 3/50]
    fp=0.3150 tp=0.8485  [2.2s]
   nu  = 3.0000
  FPR 0.3150 >= fp_end=0.3; stopping after 23 fits
  grid extended by 3 points down to rho=0.03508, ending at FPR 0.3150
  pilot fit of run_em_diagonal at rho=0.30349
  -> rho_max = max|S_ij| (off-diag) = 0.66594
  rho grid: [0.66594484 0.58993842 0.52260685 0.46296005 0.41012094 0.36331252
 0.32184649 0.28511312 0.25257225 0.22374536 0.19820859 0.17558641
 0.15554617 0.13779318 0.1220664  0.10813457 0.09579283 0.08485968
 0.07517438 0.06659448]
Running run_em_diagonal over 20 rho values, extending until FPR >= 0.3...
  rho=0.66594 (1/20)
    fp=0.0000 tp=0.0101  [51.7s]
   median nu  = 0.039
   median |eta| = 4.867
  rho=0.58994 (2/20)
    fp=0.0000 tp=0.0101  [50.7s]
   median nu  = 0.042
   median |eta| = 4.6
  rho=0.52261 (3/20)
    fp=0.0000 tp=0.0202  [51.3s]
   median nu  = 0.045
   median |eta| = 4.47
  rho=0.46296 (4/20)
    fp=0.0004 tp=0.0404  [51.1s]
   median nu  = 0.048
   median |eta| = 4.271
  rho=0.41012 (5/20)
    fp=0.0016 tp=0.0606  [52.1s]
   median nu  = 0.053
   median |eta| = 4.291
  rho=0.36331 (6/20)
    fp=0.0039 tp=0.0808  [52.1s]
   median nu  = 0.059
   median |eta| = 4.075
  rho=0.32185 (7/20)
    fp=0.0076 tp=0.1313  [51.7s]
   median nu  = 0.065
   median |eta| = 3.853
  rho=0.28511 (8/20)
    fp=0.0140 tp=0.1515  [51.3s]
   median nu  = 0.072
   median |eta| = 3.614
  rho=0.25257 (9/20)
    fp=0.0237 tp=0.2323  [52.1s]
   median nu  = 0.083
   median |eta| = 3.471
  rho=0.22375 (10/20)
    fp=0.0342 tp=0.2727  [55.6s]
   median nu  = 0.1
   median |eta| = 3.163
  rho=0.19821 (11/20)
    fp=0.0470 tp=0.3737  [57.6s]
   median nu  = 0.122
   median |eta| = 2.951
  rho=0.17559 (12/20)
    fp=0.0616 tp=0.5051  [57.8s]
   median nu  = 0.15
   median |eta| = 2.928
  rho=0.15555 (13/20)
    fp=0.0804 tp=0.5960  [51.3s]
   median nu  = 0.173
   median |eta| = 2.761
  rho=0.13779 (14/20)
    fp=0.0963 tp=0.6364  [60.2s]
   median nu  = 0.203
   median |eta| = 2.669
  rho=0.12207 (15/20)
    fp=0.1171 tp=0.6667  [58.0s]
   median nu  = 0.228
   median |eta| = 2.38
  rho=0.10813 (16/20)
    fp=0.1361 tp=0.6970  [58.4s]
   median nu  = 0.243
   median |eta| = 2.049
  rho=0.09579 (17/20)
    fp=0.1550 tp=0.7475  [58.7s]
   median nu  = 0.281
   median |eta| = 2.088
  rho=0.08486 (18/20)
    fp=0.1740 tp=0.7677  [63.0s]
   median nu  = 0.318
   median |eta| = 1.805
  rho=0.07517 (19/20)
    fp=0.1903 tp=0.8283  [58.4s]
   median nu  = 0.332
   median |eta| = 1.694
  rho=0.06659 (20/20)
    fp=0.2086 tp=0.8384  [57.0s]
   median nu  = 0.348
   median |eta| = 1.711
  rho=0.05899 (21/21)  [extra 1/50]
    fp=0.2189 tp=0.8384  [61.2s]
   median nu  = 0.351
   median |eta| = 1.836
  rho=0.05226 (22/22)  [extra 2/50]
    fp=0.2311 tp=0.8586  [57.0s]
   median nu  = 0.377
   median |eta| = 1.771
  rho=0.04630 (23/23)  [extra 3/50]
    fp=0.2393 tp=0.8889  [57.5s]
   median nu  = 0.377
   median |eta| = 1.929
  rho=0.04101 (24/24)  [extra 4/50]
    fp=0.2529 tp=0.8990  [55.8s]
   median nu  = 0.395
   median |eta| = 2.052
  rho=0.03633 (25/25)  [extra 5/50]
    fp=0.2604 tp=0.9091  [55.2s]
   median nu  = 0.392
   median |eta| = 2.254
  rho=0.03218 (26/26)  [extra 6/50]
    fp=0.2742 tp=0.8889  [55.8s]
   median nu  = 0.489
   median |eta| = 1.329
  rho=0.02851 (27/27)  [extra 7/50]
    fp=0.2826 tp=0.9192  [62.4s]
   median nu  = 0.58
   median |eta| = 1.258
  rho=0.02526 (28/28)  [extra 8/50]
    fp=0.2925 tp=0.9192  [55.6s]
   median nu  = 0.447
   median |eta| = 1.487
  rho=0.02237 (29/29)  [extra 9/50]
    fp=0.3080 tp=0.9293  [2938.0s]
   median nu  = 0.9
   median |eta| = 0.189
  FPR 0.3080 >= fp_end=0.3; stopping after 29 fits
  grid extended by 9 points down to rho=0.02237, ending at FPR 0.3080
  pilot fit of run_em_exact at rho=0.30349
  -> rho_max = max|S_ij| (off-diag) = 0.70045
  rho grid: [0.70044796 0.62050358 0.54968352 0.48694637 0.43136962 0.38213602
 0.33852161 0.29988505 0.26565821 0.23533779 0.20847793 0.18468367
 0.16360513 0.14493235 0.12839076 0.11373711 0.10075593 0.08925633
 0.07906922 0.0700448 ]
Running run_em_exact over 20 rho values, extending until FPR >= 0.3...
  rho=0.70045 (1/20)
    fp=0.0000 tp=0.0101  [64.1s]
   median nu  = 0.038
   median |eta| = 4.744
  rho=0.62050 (2/20)
    fp=0.0000 tp=0.0101  [57.2s]
   median nu  = 0.041
   median |eta| = 4.637
  rho=0.54968 (3/20)
    fp=0.0000 tp=0.0202  [62.5s]
   median nu  = 0.044
   median |eta| = 4.595
  rho=0.48695 (4/20)
    fp=0.0002 tp=0.0404  [59.9s]
   median nu  = 0.047
   median |eta| = 4.382
  rho=0.43137 (5/20)
    fp=0.0016 tp=0.0505  [60.4s]
   median nu  = 0.051
   median |eta| = 4.235
  rho=0.38214 (6/20)
    fp=0.0029 tp=0.0707  [59.7s]
   median nu  = 0.056
   median |eta| = 4.212
  rho=0.33852 (7/20)
    fp=0.0066 tp=0.1111  [56.4s]
   median nu  = 0.063
   median |eta| = 4.021
  rho=0.29989 (8/20)
    fp=0.0118 tp=0.1515  [55.6s]
   median nu  = 0.071
   median |eta| = 3.441
  rho=0.26566 (9/20)
    fp=0.0210 tp=0.1919  [55.1s]
   median nu  = 0.08
   median |eta| = 2.997
  rho=0.23534 (10/20)
    fp=0.0315 tp=0.2727  [52.8s]
   median nu  = 0.096
   median |eta| = 2.503
  rho=0.20848 (11/20)
    fp=0.0456 tp=0.3434  [49.7s]
   median nu  = 0.121
   median |eta| = 2.016
  rho=0.18468 (12/20)
    fp=0.0614 tp=0.4545  [49.2s]
   median nu  = 0.162
   median |eta| = 1.598
  rho=0.16361 (13/20)
    fp=0.0794 tp=0.5657  [50.8s]
   median nu  = 0.201
   median |eta| = 1.261
  rho=0.14493 (14/20)
    fp=0.1002 tp=0.6162  [55.3s]
   median nu  = 0.258
   median |eta| = 0.912
  rho=0.12839 (15/20)
    fp=0.1231 tp=0.6667  [61.0s]
   median nu  = 0.326
   median |eta| = 0.691
  rho=0.11374 (16/20)
    fp=0.1445 tp=0.7172  [58.7s]
   median nu  = 0.393
   median |eta| = 0.477
  rho=0.10076 (17/20)
    fp=0.1641 tp=0.7475  [57.5s]
   median nu  = 0.469
   median |eta| = 0.305
  rho=0.08926 (18/20)
    fp=0.1822 tp=0.7778  [55.2s]
   median nu  = 0.545
   median |eta| = 0.215
  rho=0.07907 (19/20)
    fp=0.2024 tp=0.8283  [59.5s]
   median nu  = 0.627
   median |eta| = 0.159
  rho=0.07004 (20/20)
    fp=0.2216 tp=0.8384  [57.4s]
   median nu  = 0.715
   median |eta| = 0.113
  rho=0.06205 (21/21)  [extra 1/50]
    fp=0.2391 tp=0.8586  [58.6s]
   median nu  = 0.814
   median |eta| = 0.083
  rho=0.05497 (22/22)  [extra 2/50]
    fp=0.2571 tp=0.8586  [54.4s]
   median nu  = 0.928
   median |eta| = 0.062
  rho=0.04869 (23/23)  [extra 3/50]
    fp=0.2686 tp=0.8687  [66.3s]
   median nu  = 1.04
   median |eta| = 0.044
  rho=0.04314 (24/24)  [extra 4/50]
    fp=0.2804 tp=0.8788  [64.9s]
   median nu  = 1.142
   median |eta| = 0.032
  rho=0.03821 (25/25)  [extra 5/50]
    fp=0.2913 tp=0.8990  [50.5s]
   median nu  = 1.247
   median |eta| = 0.024
  rho=0.03385 (26/26)  [extra 6/50]
    fp=0.3049 tp=0.9091  [44.8s]
   median nu  = 1.37
   median |eta| = 0.017
  FPR 0.3049 >= fp_end=0.3; stopping after 26 fits
  grid extended by 6 points down to rho=0.03385, ending at FPR 0.3049
  graphical_lasso rho_max = max|S_ij| (off-diag) = 0.76675
  rho grid: [0.76674508 0.679234   0.60171085 0.53303566 0.47219859 0.41830505
 0.37056255 0.32826906 0.29080265 0.25761241 0.22821028 0.20216391
 0.17909029 0.15865014 0.14054289 0.12450228 0.11029244 0.09770441
 0.08655309 0.07667451]
Running graphical_lasso over 20 rho values, extending until FPR >= 0.3...
  rho=0.76675 (1/20)
    fp=0.0000 tp=0.0000  [0.0s]
  rho=0.67923 (2/20)
    fp=0.0000 tp=0.0101  [0.1s]
  rho=0.60171 (3/20)
    fp=0.0000 tp=0.0101  [78.3s]
  rho=0.53304 (4/20)
    fp=0.0004 tp=0.0202  [0.1s]
  rho=0.47220 (5/20)
    fp=0.0014 tp=0.0606  [83.3s]
  rho=0.41831 (6/20)
    fp=0.0037 tp=0.0707  [81.1s]
  rho=0.37056 (7/20)
    fp=0.0089 tp=0.1111  [82.5s]
  rho=0.32827 (8/20)
    fp=0.0165 tp=0.1414  [85.0s]
  rho=0.29080 (9/20)
    fp=0.0282 tp=0.2222  [80.9s]
  rho=0.25761 (10/20)
    fp=0.0464 tp=0.3030  [79.4s]
  rho=0.22821 (11/20)
    fp=0.0678 tp=0.3636  [78.7s]
  rho=0.20216 (12/20)
    fp=0.0930 tp=0.4545  [82.7s]
  rho=0.17909 (13/20)
    fp=0.1216 tp=0.5455  [81.3s]
  rho=0.15865 (14/20)
    fp=0.1563 tp=0.6061  [0.2s]
  rho=0.14054 (15/20)
    fp=0.1892 tp=0.6465  [0.1s]
  rho=0.12450 (16/20)
    fp=0.2233 tp=0.6869  [0.2s]
  rho=0.11029 (17/20)
    fp=0.2509 tp=0.7172  [0.4s]
  rho=0.09770 (18/20)
    fp=0.2876 tp=0.7475  [0.3s]
  rho=0.08655 (19/20)
    fp=0.3168 tp=0.7677  [0.7s]
  FPR 0.3168 >= fp_end=0.3; stopping after 19 fits
  [note] 10/19 fits hit a glasso ConvergenceWarning (suppressed)
  grid stopped 1 points early at rho=0.08655, ending at FPR 0.3168

(p=100, n=50) over 40 replicates
  t+lasso  (run_em_diagonal):    AUC = 0.196 (SE 0.002)
  ~t+lasso (run_em_exact):       AUC = 0.189 (SE 0.002)
  tlasso   (run_tlasso):         AUC = 0.160 (SE 0.003)
  t*lasso  (run_tstar_varlasso): AUC = 0.192 (SE 0.002)
  glasso   (graphical_lasso):    AUC = 0.160 (SE 0.003)
Replicate 41/50
  Theta: 106/4950 edges
  pilot fit of run_tlasso at rho=30.34854
  -> rho_max = max|S_ij| (off-diag) = 12.42337
  [warn] pilot rho 30.34854 > rho_max 12.42337: it falls off the top of this method's grid
  rho grid: [12.42337162 11.00545235  9.74936475  8.63663846  7.65091119  6.77768814
  6.00412884  5.31885834  4.71179997  4.17402712  3.697632    3.2756094
  2.90175358  2.57056713  2.27718005  2.01727819  1.78703975  1.58307917
  1.40239726  1.24233716]
Running run_tlasso over 20 rho values, extending until FPR >= 0.3...
  rho=12.42337 (1/20)
    fp=0.0000 tp=0.0000  [0.7s]
   nu  = 3.0000
  rho=11.00545 (2/20)
    fp=0.0000 tp=0.0000  [0.3s]
   nu  = 3.0000
  rho=9.74936 (3/20)
    fp=0.0000 tp=0.0000  [0.4s]
   nu  = 3.0000
  rho=8.63664 (4/20)
    fp=0.0000 tp=0.0000  [0.4s]
   nu  = 3.0000
  rho=7.65091 (5/20)
    fp=0.0002 tp=0.0094  [0.7s]
   nu  = 3.0000
  rho=6.77769 (6/20)
    fp=0.0004 tp=0.0094  [0.8s]
   nu  = 3.0000
  rho=6.00413 (7/20)
    fp=0.0004 tp=0.0189  [0.9s]
   nu  = 3.0000
  rho=5.31886 (8/20)
    fp=0.0012 tp=0.0283  [0.9s]
   nu  = 3.0000
  rho=4.71180 (9/20)
    fp=0.0017 tp=0.0566  [0.9s]
   nu  = 3.0000
  rho=4.17403 (10/20)
    fp=0.0033 tp=0.0755  [1.1s]
   nu  = 3.0000
  rho=3.69763 (11/20)
    fp=0.0062 tp=0.1226  [1.2s]
   nu  = 3.0000
  rho=3.27561 (12/20)
    fp=0.0116 tp=0.1604  [1.2s]
   nu  = 3.0000
  rho=2.90175 (13/20)
    fp=0.0171 tp=0.2170  [1.4s]
   nu  = 3.0000
  rho=2.57057 (14/20)
    fp=0.0266 tp=0.2642  [1.6s]
   nu  = 3.0000
  rho=2.27718 (15/20)
    fp=0.0425 tp=0.4057  [1.0s]
   nu  = 3.0000
  rho=2.01728 (16/20)
    fp=0.0716 tp=0.4528  [3.1s]
   nu  = 3.0000
  rho=1.78704 (17/20)
    fp=0.1135 tp=0.5472  [3.7s]
   nu  = 3.0000
  rho=1.58308 (18/20)
    fp=0.1571 tp=0.6321  [2.7s]
   nu  = 3.0000
  rho=1.40240 (19/20)
    fp=0.2005 tp=0.7358  [3.4s]
   nu  = 3.0000
  rho=1.24234 (20/20)
    fp=0.2500 tp=0.7453  [3.1s]
   nu  = 3.0000
  rho=1.10055 (21/21)  [extra 1/50]
    fp=0.2890 tp=0.7736  [2.8s]
   nu  = 3.0000
  rho=0.97494 (22/22)  [extra 2/50]
    fp=0.3262 tp=0.8019  [2.7s]
   nu  = 3.0000
  FPR 0.3262 >= fp_end=0.3; stopping after 22 fits
  grid extended by 2 points down to rho=0.97494, ending at FPR 0.3262
  pilot fit of run_tstar_varlasso at rho=0.30349
  -> rho_max = max|S_ij| (off-diag) = 0.37692
  rho grid: [0.37691638 0.3338977  0.29578888 0.26202955 0.23212328 0.2056303
 0.18216106 0.16137043 0.1429527  0.12663705 0.11218356 0.09937969
 0.08803717 0.0779892  0.06908804 0.0612028  0.05421753 0.04802951
 0.04254775 0.03769164]
Running run_tstar_varlasso over 20 rho values, extending until FPR >= 0.3...
  rho=0.37692 (1/20)
    fp=0.0002 tp=0.0094  [0.7s]
   nu  = 3.0000
  rho=0.33390 (2/20)
    fp=0.0002 tp=0.0094  [0.6s]
   nu  = 3.0000
  rho=0.29579 (3/20)
    fp=0.0006 tp=0.0283  [0.6s]
   nu  = 3.0000
  rho=0.26203 (4/20)
    fp=0.0014 tp=0.0660  [0.7s]
   nu  = 3.0000
  rho=0.23212 (5/20)
    fp=0.0025 tp=0.1132  [0.7s]
   nu  = 3.0000
  rho=0.20563 (6/20)
    fp=0.0047 tp=0.1604  [0.8s]
   nu  = 3.0000
  rho=0.18216 (7/20)
    fp=0.0083 tp=0.1981  [0.8s]
   nu  = 3.0000
  rho=0.16137 (8/20)
    fp=0.0136 tp=0.2642  [0.7s]
   nu  = 3.0000
  rho=0.14295 (9/20)
    fp=0.0242 tp=0.3679  [0.7s]
   nu  = 3.0000
  rho=0.12664 (10/20)
    fp=0.0394 tp=0.4434  [0.8s]
   nu  = 3.0000
  rho=0.11218 (11/20)
    fp=0.0564 tp=0.5566  [0.9s]
   nu  = 3.0000
  rho=0.09938 (12/20)
    fp=0.0768 tp=0.6415  [0.9s]
   nu  = 3.0000
  rho=0.08804 (13/20)
    fp=0.1012 tp=0.6792  [1.2s]
   nu  = 3.0000
  rho=0.07799 (14/20)
    fp=0.1286 tp=0.7358  [1.2s]
   nu  = 3.0000
  rho=0.06909 (15/20)
    fp=0.1538 tp=0.7453  [0.9s]
   nu  = 3.0000
  rho=0.06120 (16/20)
    fp=0.1792 tp=0.7642  [1.3s]
   nu  = 3.0000
  rho=0.05422 (17/20)
    fp=0.2054 tp=0.7830  [1.2s]
   nu  = 3.0000
  rho=0.04803 (18/20)
    fp=0.2320 tp=0.8019  [1.4s]
   nu  = 3.0000
  rho=0.04255 (19/20)
    fp=0.2614 tp=0.8113  [1.0s]
   nu  = 3.0000
  rho=0.03769 (20/20)
    fp=0.2863 tp=0.8585  [1.5s]
   nu  = 3.0000
  rho=0.03339 (21/21)  [extra 1/50]
    fp=0.3113 tp=0.8585  [1.5s]
   nu  = 3.0000
  FPR 0.3113 >= fp_end=0.3; stopping after 21 fits
  grid extended by 1 points down to rho=0.03339, ending at FPR 0.3113
  pilot fit of run_em_diagonal at rho=0.30349
  -> rho_max = max|S_ij| (off-diag) = 0.51338
  rho grid: [0.51337898 0.45478539 0.40287928 0.35689737 0.31616353 0.28007877
 0.24811248 0.21979461 0.19470874 0.17248601 0.15279963 0.13536012
 0.11991103 0.1062252  0.09410138 0.08336129 0.07384699 0.0654186
 0.05795216 0.0513379 ]
Running run_em_diagonal over 20 rho values, extending until FPR >= 0.3...
  rho=0.51338 (1/20)
    fp=0.0000 tp=0.0094  [48.3s]
   median nu  = 0.04
   median |eta| = 4.327
  rho=0.45479 (2/20)
    fp=0.0004 tp=0.0094  [55.9s]
   median nu  = 0.043
   median |eta| = 4.029
  rho=0.40288 (3/20)
    fp=0.0004 tp=0.0283  [53.1s]
   median nu  = 0.046
   median |eta| = 3.623
  rho=0.35690 (4/20)
    fp=0.0012 tp=0.0566  [52.7s]
   median nu  = 0.051
   median |eta| = 3.56
  rho=0.31616 (5/20)
    fp=0.0033 tp=0.1132  [50.5s]
   median nu  = 0.057
   median |eta| = 3.204
  rho=0.28008 (6/20)
    fp=0.0052 tp=0.1415  [49.7s]
   median nu  = 0.065
   median |eta| = 2.909
  rho=0.24811 (7/20)
    fp=0.0097 tp=0.1792  [53.5s]
   median nu  = 0.076
   median |eta| = 2.743
  rho=0.21979 (8/20)
    fp=0.0165 tp=0.2736  [52.7s]
   median nu  = 0.086
   median |eta| = 2.714
  rho=0.19471 (9/20)
    fp=0.0275 tp=0.3868  [50.3s]
   median nu  = 0.097
   median |eta| = 2.634
  rho=0.17249 (10/20)
    fp=0.0407 tp=0.4151  [53.0s]
   median nu  = 0.112
   median |eta| = 2.455
  rho=0.15280 (11/20)
    fp=0.0572 tp=0.4623  [50.2s]
   median nu  = 0.135
   median |eta| = 2.41
  rho=0.13536 (12/20)
    fp=0.0720 tp=0.5755  [51.5s]
   median nu  = 0.162
   median |eta| = 2.301
  rho=0.11991 (13/20)
    fp=0.0937 tp=0.6415  [50.4s]
   median nu  = 0.179
   median |eta| = 2.463
  rho=0.10623 (14/20)
    fp=0.1107 tp=0.6887  [49.5s]
   median nu  = 0.204
   median |eta| = 2.538
  rho=0.09410 (15/20)
    fp=0.1307 tp=0.7170  [55.0s]
   median nu  = 0.208
   median |eta| = 2.622
  rho=0.08336 (16/20)
    fp=0.1513 tp=0.7547  [55.7s]
   median nu  = 0.22
   median |eta| = 2.429
  rho=0.07385 (17/20)
    fp=0.1695 tp=0.7830  [58.8s]
   median nu  = 0.218
   median |eta| = 2.614
  rho=0.06542 (18/20)
    fp=0.1874 tp=0.7925  [55.9s]
   median nu  = 0.241
   median |eta| = 2.842
  rho=0.05795 (19/20)
    fp=0.2056 tp=0.7925  [55.6s]
   median nu  = 0.253
   median |eta| = 2.762
  rho=0.05134 (20/20)
    fp=0.2184 tp=0.8208  [58.0s]
   median nu  = 0.281
   median |eta| = 2.863
  rho=0.04548 (21/21)  [extra 1/50]
    fp=0.2318 tp=0.8396  [51.5s]
   median nu  = 0.313
   median |eta| = 2.592
  rho=0.04029 (22/22)  [extra 2/50]
    fp=0.2428 tp=0.8491  [50.7s]
   median nu  = 0.249
   median |eta| = 3.589
  rho=0.03569 (23/23)  [extra 3/50]
    fp=0.2547 tp=0.8491  [55.9s]
   median nu  = 0.262
   median |eta| = 3.593
  rho=0.03162 (24/24)  [extra 4/50]
    fp=0.2657 tp=0.8585  [51.6s]
   median nu  = 0.233
   median |eta| = 5.161
  rho=0.02801 (25/25)  [extra 5/50]
    fp=0.2795 tp=0.8679  [54.5s]
   median nu  = 0.265
   median |eta| = 4.856
  rho=0.02481 (26/26)  [extra 6/50]
    fp=0.2921 tp=0.8774  [51.1s]
   median nu  = 0.255
   median |eta| = 4.747
  rho=0.02198 (27/27)  [extra 7/50]
    fp=0.3047 tp=0.8774  [54.0s]
   median nu  = 0.365
   median |eta| = 2.094
  FPR 0.3047 >= fp_end=0.3; stopping after 27 fits
  grid extended by 7 points down to rho=0.02198, ending at FPR 0.3047
  pilot fit of run_em_exact at rho=0.30349
  -> rho_max = max|S_ij| (off-diag) = 0.51580
  rho grid: [0.51579756 0.45692793 0.40477728 0.35857875 0.317653   0.28139825
 0.24928136 0.22083008 0.19562603 0.17329861 0.15351948 0.13599781
 0.12047594 0.10672564 0.0945447  0.08375401 0.07419489 0.06572679
 0.05822518 0.05157976]
Running run_em_exact over 20 rho values, extending until FPR >= 0.3...
  rho=0.51580 (1/20)
    fp=0.0000 tp=0.0094  [46.9s]
   median nu  = 0.039
   median |eta| = 4.318
  rho=0.45693 (2/20)
    fp=0.0004 tp=0.0094  [50.8s]
   median nu  = 0.042
   median |eta| = 4.035
  rho=0.40478 (3/20)
    fp=0.0004 tp=0.0283  [49.9s]
   median nu  = 0.046
   median |eta| = 3.63
  rho=0.35858 (4/20)
    fp=0.0012 tp=0.0472  [49.4s]
   median nu  = 0.051
   median |eta| = 3.56
  rho=0.31765 (5/20)
    fp=0.0033 tp=0.1038  [50.4s]
   median nu  = 0.057
   median |eta| = 3.22
  rho=0.28140 (6/20)
    fp=0.0050 tp=0.1415  [53.0s]
   median nu  = 0.066
   median |eta| = 2.917
  rho=0.24928 (7/20)
    fp=0.0101 tp=0.1792  [51.8s]
   median nu  = 0.076
   median |eta| = 2.671
  rho=0.22083 (8/20)
    fp=0.0169 tp=0.2642  [54.5s]
   median nu  = 0.087
   median |eta| = 2.416
  rho=0.19563 (9/20)
    fp=0.0297 tp=0.3868  [55.5s]
   median nu  = 0.101
   median |eta| = 2.151
  rho=0.17330 (10/20)
    fp=0.0444 tp=0.4151  [51.5s]
   median nu  = 0.126
   median |eta| = 1.75
  rho=0.15352 (11/20)
    fp=0.0632 tp=0.4717  [48.9s]
   median nu  = 0.161
   median |eta| = 1.343
  rho=0.13600 (12/20)
    fp=0.0832 tp=0.5849  [48.6s]
   median nu  = 0.217
   median |eta| = 0.993
  rho=0.12048 (13/20)
    fp=0.1047 tp=0.6415  [52.1s]
   median nu  = 0.278
   median |eta| = 0.708
  rho=0.10673 (14/20)
    fp=0.1272 tp=0.6981  [48.2s]
   median nu  = 0.339
   median |eta| = 0.51
  rho=0.09454 (15/20)
    fp=0.1509 tp=0.7358  [56.7s]
   median nu  = 0.421
   median |eta| = 0.369
  rho=0.08375 (16/20)
    fp=0.1738 tp=0.7642  [57.7s]
   median nu  = 0.5
   median |eta| = 0.279
  rho=0.07419 (17/20)
    fp=0.1943 tp=0.7830  [57.3s]
   median nu  = 0.582
   median |eta| = 0.206
  rho=0.06573 (18/20)
    fp=0.2157 tp=0.7830  [58.1s]
   median nu  = 0.677
   median |eta| = 0.147
  rho=0.05823 (19/20)
    fp=0.2341 tp=0.8113  [56.9s]
   median nu  = 0.765
   median |eta| = 0.106
  rho=0.05158 (20/20)
    fp=0.2543 tp=0.8302  [59.4s]
   median nu  = 0.862
   median |eta| = 0.074
  rho=0.04569 (21/21)  [extra 1/50]
    fp=0.2715 tp=0.8491  [56.5s]
   median nu  = 0.956
   median |eta| = 0.057
  rho=0.04048 (22/22)  [extra 2/50]
    fp=0.2890 tp=0.8491  [54.7s]
   median nu  = 1.06
   median |eta| = 0.041
  rho=0.03586 (23/23)  [extra 3/50]
    fp=0.3031 tp=0.8491  [49.5s]
   median nu  = 1.166
   median |eta| = 0.03
  FPR 0.3031 >= fp_end=0.3; stopping after 23 fits
  grid extended by 3 points down to rho=0.03586, ending at FPR 0.3031
  graphical_lasso rho_max = max|S_ij| (off-diag) = 0.56756
  rho grid: [0.56756179 0.50278414 0.44539977 0.39456487 0.34953191 0.30963871
 0.27429865 0.24299207 0.2152586  0.19069045 0.16892633 0.14964623
 0.13256663 0.11743637 0.10403298 0.09215936 0.08164092 0.07232298
 0.06406853 0.05675618]
Running graphical_lasso over 20 rho values, extending until FPR >= 0.3...
  rho=0.56756 (1/20)
    fp=0.0000 tp=0.0000  [0.1s]
  rho=0.50278 (2/20)
    fp=0.0002 tp=0.0094  [0.1s]
  rho=0.44540 (3/20)
    fp=0.0004 tp=0.0189  [80.9s]
  rho=0.39456 (4/20)
    fp=0.0014 tp=0.0472  [80.8s]
  rho=0.34953 (5/20)
    fp=0.0035 tp=0.0755  [80.0s]
  rho=0.30964 (6/20)
    fp=0.0070 tp=0.1415  [85.6s]
  rho=0.27430 (7/20)
    fp=0.0171 tp=0.1792  [83.8s]
  rho=0.24299 (8/20)
    fp=0.0287 tp=0.2547  [79.9s]
  rho=0.21526 (9/20)
    fp=0.0450 tp=0.3868  [0.2s]
  rho=0.19069 (10/20)
    fp=0.0673 tp=0.4528  [95.5s]
  rho=0.16893 (11/20)
    fp=0.0970 tp=0.5189  [0.3s]
  rho=0.14965 (12/20)
    fp=0.1305 tp=0.5943  [0.2s]
  rho=0.13257 (13/20)
    fp=0.1600 tp=0.6792  [0.2s]
  rho=0.11744 (14/20)
    fp=0.1926 tp=0.7358  [84.7s]
  rho=0.10403 (15/20)
    fp=0.2277 tp=0.7453  [81.2s]
  rho=0.09216 (16/20)
    fp=0.2659 tp=0.7642  [1.5s]
  rho=0.08164 (17/20)
    fp=0.2993 tp=0.7925  [0.3s]
  rho=0.07232 (18/20)
    fp=0.3291 tp=0.7925  [0.3s]
  FPR 0.3291 >= fp_end=0.3; stopping after 18 fits
  [note] 9/18 fits hit a glasso ConvergenceWarning (suppressed)
  grid stopped 2 points early at rho=0.07232, ending at FPR 0.3291

(p=100, n=50) over 41 replicates
  t+lasso  (run_em_diagonal):    AUC = 0.196 (SE 0.002)
  ~t+lasso (run_em_exact):       AUC = 0.189 (SE 0.002)
  tlasso   (run_tlasso):         AUC = 0.161 (SE 0.003)
  t*lasso  (run_tstar_varlasso): AUC = 0.193 (SE 0.002)
  glasso   (graphical_lasso):    AUC = 0.160 (SE 0.003)
Replicate 42/50
  Theta: 89/4950 edges
  pilot fit of run_tlasso at rho=30.34854
  -> rho_max = max|S_ij| (off-diag) = 14.01514
  [warn] pilot rho 30.34854 > rho_max 14.01514: it falls off the top of this method's grid
  rho grid: [14.01513624 12.41554376 10.9985179   9.74322175  8.63119658  7.64609041
  6.77341757  6.00034569  5.31550698  4.7088311   4.1713971   3.69530216
  3.27354546  2.89992521  2.56894744  2.27574522  2.01600712  1.78591375
  1.58208168  1.40151362]
Running run_tlasso over 20 rho values, extending until FPR >= 0.3...
  rho=14.01514 (1/20)
    fp=0.0000 tp=0.0000  [0.8s]
   nu  = 3.0000
  rho=12.41554 (2/20)
    fp=0.0000 tp=0.0000  [0.5s]
   nu  = 3.0000
  rho=10.99852 (3/20)
    fp=0.0000 tp=0.0000  [0.5s]
   nu  = 3.0000
  rho=9.74322 (4/20)
    fp=0.0002 tp=0.0000  [0.9s]
   nu  = 3.0000
  rho=8.63120 (5/20)
    fp=0.0002 tp=0.0000  [1.0s]
   nu  = 3.0000
  rho=7.64609 (6/20)
    fp=0.0002 tp=0.0000  [1.2s]
   nu  = 3.0000
  rho=6.77342 (7/20)
    fp=0.0002 tp=0.0112  [1.0s]
   nu  = 3.0000
  rho=6.00035 (8/20)
    fp=0.0010 tp=0.0225  [1.2s]
   nu  = 3.0000
  rho=5.31551 (9/20)
    fp=0.0025 tp=0.0562  [1.3s]
   nu  = 3.0000
  rho=4.70883 (10/20)
    fp=0.0066 tp=0.0674  [1.1s]
   nu  = 3.0000
  rho=4.17140 (11/20)
    fp=0.0117 tp=0.1011  [1.2s]
   nu  = 3.0000
  rho=3.69530 (12/20)
    fp=0.0187 tp=0.1573  [1.4s]
   nu  = 3.0000
  rho=3.27355 (13/20)
    fp=0.0290 tp=0.2022  [1.4s]
   nu  = 3.0000
  rho=2.89993 (14/20)
    fp=0.0434 tp=0.2247  [1.6s]
   nu  = 3.0000
  rho=2.56895 (15/20)
    fp=0.0646 tp=0.4045  [1.7s]
   nu  = 3.0000
  rho=2.27575 (16/20)
    fp=0.0913 tp=0.4494  [2.4s]
   nu  = 3.0000
  rho=2.01601 (17/20)
    fp=0.1275 tp=0.5056  [3.0s]
   nu  = 3.0000
  rho=1.78591 (18/20)
    fp=0.1736 tp=0.5618  [4.2s]
   nu  = 3.0000
  rho=1.58208 (19/20)
    fp=0.2240 tp=0.6292  [3.5s]
   nu  = 3.0000
  rho=1.40151 (20/20)
    fp=0.2720 tp=0.7303  [3.5s]
   nu  = 3.0000
  rho=1.24155 (21/21)  [extra 1/50]
    fp=0.3088 tp=0.7978  [3.0s]
   nu  = 3.0000
  FPR 0.3088 >= fp_end=0.3; stopping after 21 fits
  grid extended by 1 points down to rho=1.24155, ending at FPR 0.3088
  pilot fit of run_tstar_varlasso at rho=0.30349
  -> rho_max = max|S_ij| (off-diag) = 0.43755
  rho grid: [0.43754777 0.38760904 0.34336997 0.30418006 0.26946301 0.23870833
 0.21146378 0.18732874 0.16594831 0.1470081  0.13022959 0.11536607
 0.10219897 0.09053467 0.08020166 0.07104799 0.06293905 0.05575562
 0.04939205 0.04375478]
Running run_tstar_varlasso over 20 rho values, extending until FPR >= 0.3...
  rho=0.43755 (1/20)
    fp=0.0002 tp=0.0000  [0.7s]
   nu  = 3.0000
  rho=0.38761 (2/20)
    fp=0.0002 tp=0.0000  [0.7s]
   nu  = 3.0000
  rho=0.34337 (3/20)
    fp=0.0004 tp=0.0337  [0.6s]
   nu  = 3.0000
  rho=0.30418 (4/20)
    fp=0.0021 tp=0.0337  [0.8s]
   nu  = 3.0000
  rho=0.26946 (5/20)
    fp=0.0045 tp=0.0449  [0.7s]
   nu  = 3.0000
  rho=0.23871 (6/20)
    fp=0.0086 tp=0.1236  [0.7s]
   nu  = 3.0000
  rho=0.21146 (7/20)
    fp=0.0165 tp=0.1910  [0.7s]
   nu  = 3.0000
  rho=0.18733 (8/20)
    fp=0.0226 tp=0.2584  [0.8s]
   nu  = 3.0000
  rho=0.16595 (9/20)
    fp=0.0358 tp=0.3146  [0.8s]
   nu  = 3.0000
  rho=0.14701 (10/20)
    fp=0.0533 tp=0.4045  [0.8s]
   nu  = 3.0000
  rho=0.13023 (11/20)
    fp=0.0704 tp=0.4831  [1.2s]
   nu  = 3.0000
  rho=0.11537 (12/20)
    fp=0.0913 tp=0.5506  [1.3s]
   nu  = 3.0000
  rho=0.10220 (13/20)
    fp=0.1160 tp=0.6292  [1.2s]
   nu  = 3.0000
  rho=0.09053 (14/20)
    fp=0.1409 tp=0.6629  [0.8s]
   nu  = 3.0000
  rho=0.08020 (15/20)
    fp=0.1697 tp=0.7640  [0.9s]
   nu  = 3.0000
  rho=0.07105 (16/20)
    fp=0.1958 tp=0.7640  [1.3s]
   nu  = 3.0000
  rho=0.06294 (17/20)
    fp=0.2197 tp=0.8202  [1.4s]
   nu  = 3.0000
  rho=0.05576 (18/20)
    fp=0.2493 tp=0.8539  [1.4s]
   nu  = 3.0000
  rho=0.04939 (19/20)
    fp=0.2709 tp=0.8539  [1.2s]
   nu  = 3.0000
  rho=0.04375 (20/20)
    fp=0.2962 tp=0.8652  [1.6s]
   nu  = 3.0000
  rho=0.03876 (21/21)  [extra 1/50]
    fp=0.3158 tp=0.8876  [2.3s]
   nu  = 3.0000
  FPR 0.3158 >= fp_end=0.3; stopping after 21 fits
  grid extended by 1 points down to rho=0.03876, ending at FPR 0.3158
  pilot fit of run_em_diagonal at rho=0.30349
  -> rho_max = max|S_ij| (off-diag) = 0.62395
  rho grid: [0.62395455 0.55274061 0.48965455 0.43376871 0.38426129 0.34040432
 0.30155288 0.26713568 0.23664663 0.20963739 0.1857108  0.16451503
 0.1457384  0.12910481 0.11436966 0.10131629 0.08975273 0.07950897
 0.07043435 0.06239545]
Running run_em_diagonal over 20 rho values, extending until FPR >= 0.3...
  rho=0.62395 (1/20)
    fp=0.0002 tp=0.0000  [47.9s]
   median nu  = 0.038
   median |eta| = 4.314
  rho=0.55274 (2/20)
    fp=0.0002 tp=0.0000  [50.1s]
   median nu  = 0.04
   median |eta| = 4.184
  rho=0.48965 (3/20)
    fp=0.0002 tp=0.0112  [52.3s]
   median nu  = 0.042
   median |eta| = 4.043
  rho=0.43377 (4/20)
    fp=0.0012 tp=0.0225  [52.9s]
   median nu  = 0.045
   median |eta| = 3.656
  rho=0.38426 (5/20)
    fp=0.0039 tp=0.0337  [50.3s]
   median nu  = 0.048
   median |eta| = 3.422
  rho=0.34040 (6/20)
    fp=0.0091 tp=0.0899  [54.8s]
   median nu  = 0.051
   median |eta| = 3.443
  rho=0.30155 (7/20)
    fp=0.0167 tp=0.1798  [49.2s]
   median nu  = 0.056
   median |eta| = 3.325
  rho=0.26714 (8/20)
    fp=0.0259 tp=0.1798  [53.6s]
   median nu  = 0.064
   median |eta| = 3.457
  rho=0.23665 (9/20)
    fp=0.0376 tp=0.2584  [51.1s]
   median nu  = 0.075
   median |eta| = 3.723
  rho=0.20964 (10/20)
    fp=0.0496 tp=0.3371  [50.3s]
   median nu  = 0.088
   median |eta| = 3.539
  rho=0.18571 (11/20)
    fp=0.0673 tp=0.4270  [48.1s]
   median nu  = 0.105
   median |eta| = 3.645
  rho=0.16452 (12/20)
    fp=0.0878 tp=0.4607  [56.0s]
   median nu  = 0.126
   median |eta| = 3.495
  rho=0.14574 (13/20)
    fp=0.1066 tp=0.5281  [57.8s]
   median nu  = 0.154
   median |eta| = 2.996
  rho=0.12910 (14/20)
    fp=0.1251 tp=0.5618  [58.9s]
   median nu  = 0.175
   median |eta| = 2.86
  rho=0.11437 (15/20)
    fp=0.1438 tp=0.6517  [56.7s]
   median nu  = 0.199
   median |eta| = 2.567
  rho=0.10132 (16/20)
    fp=0.1607 tp=0.7303  [57.1s]
   median nu  = 0.218
   median |eta| = 2.438
  rho=0.08975 (17/20)
    fp=0.1771 tp=0.7753  [48.0s]
   median nu  = 0.233
   median |eta| = 2.38
  rho=0.07951 (18/20)
    fp=0.1936 tp=0.8090  [50.9s]
   median nu  = 0.288
   median |eta| = 2.223
  rho=0.07043 (19/20)
    fp=0.2067 tp=0.8090  [51.5s]
   median nu  = 0.339
   median |eta| = 2.028
  rho=0.06240 (20/20)
    fp=0.2242 tp=0.8090  [47.2s]
   median nu  = 0.401
   median |eta| = 1.687
  rho=0.05527 (21/21)  [extra 1/50]
    fp=0.2358 tp=0.8315  [55.1s]
   median nu  = 0.356
   median |eta| = 2.155
  rho=0.04897 (22/22)  [extra 2/50]
    fp=0.2510 tp=0.8539  [50.5s]
   median nu  = 0.418
   median |eta| = 1.645
  rho=0.04338 (23/23)  [extra 3/50]
    fp=0.2619 tp=0.8539  [53.9s]
   median nu  = 0.4
   median |eta| = 1.844
  rho=0.03843 (24/24)  [extra 4/50]
    fp=0.2757 tp=0.8539  [53.9s]
   median nu  = 0.471
   median |eta| = 1.382
  rho=0.03404 (25/25)  [extra 5/50]
    fp=0.2853 tp=0.8652  [56.7s]
   median nu  = 0.412
   median |eta| = 2.135
  rho=0.03016 (26/26)  [extra 6/50]
    fp=0.2960 tp=0.8539  [54.9s]
   median nu  = 0.55
   median |eta| = 0.275
  rho=0.02671 (27/27)  [extra 7/50]
    fp=0.3090 tp=0.8539  [52.9s]
   median nu  = 0.722
   median |eta| = 0.148
  FPR 0.3090 >= fp_end=0.3; stopping after 27 fits
  grid extended by 7 points down to rho=0.02671, ending at FPR 0.3090
  pilot fit of run_em_exact at rho=0.30349
  -> rho_max = max|S_ij| (off-diag) = 0.63220
  rho grid: [0.63219679 0.56004214 0.49612274 0.43949866 0.38933726 0.34490095
 0.3055363  0.27066446 0.23977266 0.21240663 0.18816398 0.16668822
 0.14766356 0.13081025 0.11588045 0.10265464 0.09093834 0.08055926
 0.07136477 0.06321968]
Running run_em_exact over 20 rho values, extending until FPR >= 0.3...
  rho=0.63220 (1/20)
    fp=0.0002 tp=0.0000  [42.4s]
   median nu  = 0.037
   median |eta| = 4.329
  rho=0.56004 (2/20)
    fp=0.0002 tp=0.0000  [51.9s]
   median nu  = 0.039
   median |eta| = 4.229
  rho=0.49612 (3/20)
    fp=0.0002 tp=0.0112  [53.0s]
   median nu  = 0.042
   median |eta| = 4.027
  rho=0.43950 (4/20)
    fp=0.0012 tp=0.0225  [53.2s]
   median nu  = 0.044
   median |eta| = 3.67
  rho=0.38934 (5/20)
    fp=0.0035 tp=0.0337  [56.3s]
   median nu  = 0.047
   median |eta| = 3.429
  rho=0.34490 (6/20)
    fp=0.0082 tp=0.0899  [53.4s]
   median nu  = 0.051
   median |eta| = 3.417
  rho=0.30554 (7/20)
    fp=0.0160 tp=0.1798  [50.9s]
   median nu  = 0.056
   median |eta| = 3.21
  rho=0.27066 (8/20)
    fp=0.0247 tp=0.1798  [49.8s]
   median nu  = 0.064
   median |eta| = 2.961
  rho=0.23977 (9/20)
    fp=0.0368 tp=0.2584  [52.0s]
   median nu  = 0.075
   median |eta| = 2.521
  rho=0.21241 (10/20)
    fp=0.0510 tp=0.3258  [51.4s]
   median nu  = 0.091
   median |eta| = 2.076
  rho=0.18816 (11/20)
    fp=0.0716 tp=0.4157  [48.4s]
   median nu  = 0.122
   median |eta| = 1.54
  rho=0.16669 (12/20)
    fp=0.0924 tp=0.4719  [58.7s]
   median nu  = 0.166
   median |eta| = 1.198
  rho=0.14766 (13/20)
    fp=0.1171 tp=0.5281  [58.9s]
   median nu  = 0.212
   median |eta| = 0.956
  rho=0.13081 (14/20)
    fp=0.1397 tp=0.5506  [60.3s]
   median nu  = 0.28
   median |eta| = 0.711
  rho=0.11588 (15/20)
    fp=0.1648 tp=0.6517  [57.7s]
   median nu  = 0.362
   median |eta| = 0.505
  rho=0.10265 (16/20)
    fp=0.1845 tp=0.7416  [51.1s]
   median nu  = 0.431
   median |eta| = 0.371
  rho=0.09094 (17/20)
    fp=0.2065 tp=0.7978  [56.0s]
   median nu  = 0.517
   median |eta| = 0.265
  rho=0.08056 (18/20)
    fp=0.2261 tp=0.8315  [58.3s]
   median nu  = 0.611
   median |eta| = 0.192
  rho=0.07136 (19/20)
    fp=0.2417 tp=0.8539  [54.2s]
   median nu  = 0.707
   median |eta| = 0.138
  rho=0.06322 (20/20)
    fp=0.2580 tp=0.8876  [54.8s]
   median nu  = 0.805
   median |eta| = 0.097
  rho=0.05600 (21/21)  [extra 1/50]
    fp=0.2736 tp=0.8876  [54.7s]
   median nu  = 0.913
   median |eta| = 0.064
  rho=0.04961 (22/22)  [extra 2/50]
    fp=0.2853 tp=0.8764  [54.9s]
   median nu  = 1.036
   median |eta| = 0.046
  rho=0.04395 (23/23)  [extra 3/50]
    fp=0.3008 tp=0.8989  [53.9s]
   median nu  = 1.161
   median |eta| = 0.034
  FPR 0.3008 >= fp_end=0.3; stopping after 23 fits
  grid extended by 3 points down to rho=0.04395, ending at FPR 0.3008
  graphical_lasso rho_max = max|S_ij| (off-diag) = 0.65829
  rho grid: [0.65829159 0.58315866 0.51660089 0.45763957 0.4054077  0.35913722
 0.31814773 0.28183651 0.24966961 0.22117401 0.19593071 0.17356851
 0.15375858 0.13620962 0.12066358 0.10689186 0.09469195 0.08388445
 0.07431045 0.06582916]
Running graphical_lasso over 20 rho values, extending until FPR >= 0.3...
  rho=0.65829 (1/20)
    fp=0.0000 tp=0.0000  [0.1s]
  rho=0.58316 (2/20)
    fp=0.0002 tp=0.0000  [0.1s]
  rho=0.51660 (3/20)
    fp=0.0002 tp=0.0112  [0.1s]
  rho=0.45764 (4/20)
    fp=0.0016 tp=0.0225  [81.6s]
  rho=0.40541 (5/20)
    fp=0.0058 tp=0.0674  [83.4s]
  rho=0.35914 (6/20)
    fp=0.0132 tp=0.1011  [80.7s]
  rho=0.31815 (7/20)
    fp=0.0232 tp=0.1685  [86.8s]
  rho=0.28184 (8/20)
    fp=0.0385 tp=0.2022  [91.9s]
  rho=0.24967 (9/20)
    fp=0.0578 tp=0.3483  [81.2s]
  rho=0.22117 (10/20)
    fp=0.0796 tp=0.4382  [75.3s]
  rho=0.19593 (11/20)
    fp=0.1035 tp=0.4719  [0.2s]
  rho=0.17357 (12/20)
    fp=0.1360 tp=0.4944  [0.2s]
  rho=0.15376 (13/20)
    fp=0.1773 tp=0.5506  [0.2s]
  rho=0.13621 (14/20)
    fp=0.2102 tp=0.5955  [80.2s]
  rho=0.12066 (15/20)
    fp=0.2438 tp=0.6517  [0.9s]
  rho=0.10689 (16/20)
    fp=0.2775 tp=0.7528  [0.7s]
  rho=0.09469 (17/20)
    fp=0.3106 tp=0.7865  [1.7s]
  FPR 0.3106 >= fp_end=0.3; stopping after 17 fits
  [note] 8/17 fits hit a glasso ConvergenceWarning (suppressed)
  grid stopped 3 points early at rho=0.09469, ending at FPR 0.3106

(p=100, n=50) over 42 replicates
  t+lasso  (run_em_diagonal):    AUC = 0.196 (SE 0.002)
  ~t+lasso (run_em_exact):       AUC = 0.189 (SE 0.002)
  tlasso   (run_tlasso):         AUC = 0.160 (SE 0.002)
  t*lasso  (run_tstar_varlasso): AUC = 0.193 (SE 0.002)
  glasso   (graphical_lasso):    AUC = 0.160 (SE 0.003)
Replicate 43/50
  Theta: 103/4950 edges
  pilot fit of run_tlasso at rho=30.34854
  -> rho_max = max|S_ij| (off-diag) = 13.42037
  [warn] pilot rho 30.34854 > rho_max 13.42037: it falls off the top of this method's grid
  rho grid: [13.42036714 11.88865756 10.53176692  9.32974256  8.26490909  7.32160849
  6.48596982  5.74570526  5.08992948  4.50899949  3.99437291  3.53848231
  3.13462396  2.77685927  2.45992741  2.179168    1.93045256  1.71012381
  1.51494189  1.34203671]
Running run_tlasso over 20 rho values, extending until FPR >= 0.3...
  rho=13.42037 (1/20)
    fp=0.0000 tp=0.0000  [0.5s]
   nu  = 3.0000
  rho=11.88866 (2/20)
    fp=0.0000 tp=0.0000  [0.4s]
   nu  = 3.0000
  rho=10.53177 (3/20)
    fp=0.0000 tp=0.0000  [0.4s]
   nu  = 3.0000
  rho=9.32974 (4/20)
    fp=0.0000 tp=0.0097  [0.7s]
   nu  = 3.0000
  rho=8.26491 (5/20)
    fp=0.0000 tp=0.0194  [0.7s]
   nu  = 3.0000
  rho=7.32161 (6/20)
    fp=0.0002 tp=0.0194  [0.9s]
   nu  = 3.0000
  rho=6.48597 (7/20)
    fp=0.0006 tp=0.0291  [0.8s]
   nu  = 3.0000
  rho=5.74571 (8/20)
    fp=0.0023 tp=0.0291  [0.9s]
   nu  = 3.0000
  rho=5.08993 (9/20)
    fp=0.0033 tp=0.0388  [0.9s]
   nu  = 3.0000
  rho=4.50900 (10/20)
    fp=0.0062 tp=0.0777  [1.1s]
   nu  = 3.0000
  rho=3.99437 (11/20)
    fp=0.0103 tp=0.0874  [1.1s]
   nu  = 3.0000
  rho=3.53848 (12/20)
    fp=0.0153 tp=0.0971  [1.1s]
   nu  = 3.0000
  rho=3.13462 (13/20)
    fp=0.0213 tp=0.1359  [1.4s]
   nu  = 3.0000
  rho=2.77686 (14/20)
    fp=0.0303 tp=0.1942  [1.4s]
   nu  = 3.0000
  rho=2.45993 (15/20)
    fp=0.0458 tp=0.2233  [1.5s]
   nu  = 3.0000
  rho=2.17917 (16/20)
    fp=0.0654 tp=0.2913  [1.3s]
   nu  = 3.0000
  rho=1.93045 (17/20)
    fp=0.0947 tp=0.3495  [2.9s]
   nu  = 3.0000
  rho=1.71012 (18/20)
    fp=0.1368 tp=0.4369  [3.3s]
   nu  = 3.0000
  rho=1.51494 (19/20)
    fp=0.1799 tp=0.5437  [3.6s]
   nu  = 3.0000
  rho=1.34204 (20/20)
    fp=0.2292 tp=0.5922  [3.6s]
   nu  = 3.0000
  rho=1.18887 (21/21)  [extra 1/50]
    fp=0.2767 tp=0.6505  [3.3s]
   nu  = 3.0000
  rho=1.05318 (22/22)  [extra 2/50]
    fp=0.3194 tp=0.6990  [3.2s]
   nu  = 3.0000
  FPR 0.3194 >= fp_end=0.3; stopping after 22 fits
  grid extended by 2 points down to rho=1.05318, ending at FPR 0.3194
  pilot fit of run_tstar_varlasso at rho=0.30349
  -> rho_max = max|S_ij| (off-diag) = 0.37598
  rho grid: [0.37597881 0.33306714 0.29505312 0.26137776 0.23154588 0.2051188
 0.18170794 0.16096903 0.14259711 0.12632205 0.11190451 0.09913249
 0.08781818 0.07779521 0.06891619 0.06105056 0.05408267 0.04791004
 0.04244191 0.03759788]
Running run_tstar_varlasso over 20 rho values, extending until FPR >= 0.3...
  rho=0.37598 (1/20)
    fp=0.0000 tp=0.0291  [0.9s]
   nu  = 3.0000
  rho=0.33307 (2/20)
    fp=0.0002 tp=0.0291  [0.9s]
   nu  = 3.0000
  rho=0.29505 (3/20)
    fp=0.0006 tp=0.0485  [1.0s]
   nu  = 3.0000
  rho=0.26138 (4/20)
    fp=0.0027 tp=0.0485  [1.1s]
   nu  = 3.0000
  rho=0.23155 (5/20)
    fp=0.0056 tp=0.0777  [0.8s]
   nu  = 3.0000
  rho=0.20512 (6/20)
    fp=0.0093 tp=0.1262  [0.7s]
   nu  = 3.0000
  rho=0.18171 (7/20)
    fp=0.0140 tp=0.1650  [0.8s]
   nu  = 3.0000
  rho=0.16097 (8/20)
    fp=0.0233 tp=0.1748  [1.0s]
   nu  = 3.0000
  rho=0.14260 (9/20)
    fp=0.0365 tp=0.2621  [1.0s]
   nu  = 3.0000
  rho=0.12632 (10/20)
    fp=0.0503 tp=0.3398  [1.1s]
   nu  = 3.0000
  rho=0.11190 (11/20)
    fp=0.0664 tp=0.3786  [1.0s]
   nu  = 3.0000
  rho=0.09913 (12/20)
    fp=0.0867 tp=0.4272  [0.9s]
   nu  = 3.0000
  rho=0.08782 (13/20)
    fp=0.1060 tp=0.4466  [0.9s]
   nu  = 3.0000
  rho=0.07780 (14/20)
    fp=0.1345 tp=0.5146  [1.3s]
   nu  = 3.0000
  rho=0.06892 (15/20)
    fp=0.1642 tp=0.5728  [1.4s]
   nu  = 3.0000
  rho=0.06105 (16/20)
    fp=0.1880 tp=0.6505  [1.2s]
   nu  = 3.0000
  rho=0.05408 (17/20)
    fp=0.2164 tp=0.7282  [1.7s]
   nu  = 3.0000
  rho=0.04791 (18/20)
    fp=0.2391 tp=0.7864  [1.5s]
   nu  = 3.0000
  rho=0.04244 (19/20)
    fp=0.2647 tp=0.8058  [1.8s]
   nu  = 3.0000
  rho=0.03760 (20/20)
    fp=0.2893 tp=0.8447  [1.9s]
   nu  = 3.0000
  rho=0.03331 (21/21)  [extra 1/50]
    fp=0.3177 tp=0.8544  [1.9s]
   nu  = 3.0000
  FPR 0.3177 >= fp_end=0.3; stopping after 21 fits
  grid extended by 1 points down to rho=0.03331, ending at FPR 0.3177
  pilot fit of run_em_diagonal at rho=0.30349
  -> rho_max = max|S_ij| (off-diag) = 0.52612
  rho grid: [0.52612025 0.46607246 0.41287811 0.36575501 0.32401022 0.28702989
 0.25427025 0.22524957 0.19954111 0.17676684 0.15659188 0.13871954
 0.12288704 0.10886154 0.09643683 0.08543018 0.07567976 0.06704219
 0.05939045 0.05261203]
Running run_em_diagonal over 20 rho values, extending until FPR >= 0.3...
  rho=0.52612 (1/20)
    fp=0.0000 tp=0.0194  [49.3s]
   median nu  = 0.04
   median |eta| = 4.243
  rho=0.46607 (2/20)
    fp=0.0002 tp=0.0291  [54.4s]
   median nu  = 0.043
   median |eta| = 3.73
  rho=0.41288 (3/20)
    fp=0.0010 tp=0.0291  [50.2s]
   median nu  = 0.047
   median |eta| = 3.31
  rho=0.36576 (4/20)
    fp=0.0027 tp=0.0485  [52.8s]
   median nu  = 0.051
   median |eta| = 3.202
  rho=0.32401 (5/20)
    fp=0.0058 tp=0.0680  [51.2s]
   median nu  = 0.056
   median |eta| = 3.24
  rho=0.28703 (6/20)
    fp=0.0107 tp=0.0874  [50.5s]
   median nu  = 0.062
   median |eta| = 3.229
  rho=0.25427 (7/20)
    fp=0.0153 tp=0.1456  [48.3s]
   median nu  = 0.071
   median |eta| = 3.407
  rho=0.22525 (8/20)
    fp=0.0229 tp=0.1845  [48.4s]
   median nu  = 0.08
   median |eta| = 3.116
  rho=0.19954 (9/20)
    fp=0.0353 tp=0.2330  [49.2s]
   median nu  = 0.092
   median |eta| = 2.955
  rho=0.17677 (10/20)
    fp=0.0485 tp=0.3010  [52.4s]
   median nu  = 0.11
   median |eta| = 2.973
  rho=0.15659 (11/20)
    fp=0.0623 tp=0.3592  [48.7s]
   median nu  = 0.125
   median |eta| = 2.823
  rho=0.13872 (12/20)
    fp=0.0767 tp=0.3883  [50.3s]
   median nu  = 0.137
   median |eta| = 3.042
  rho=0.12289 (13/20)
    fp=0.0949 tp=0.4466  [51.0s]
   median nu  = 0.153
   median |eta| = 2.936
  rho=0.10886 (14/20)
    fp=0.1147 tp=0.5146  [58.1s]
   median nu  = 0.161
   median |eta| = 2.805
  rho=0.09644 (15/20)
    fp=0.1316 tp=0.5728  [59.3s]
   median nu  = 0.178
   median |eta| = 2.702
  rho=0.08543 (16/20)
    fp=0.1533 tp=0.6699  [57.6s]
   median nu  = 0.193
   median |eta| = 2.734
  rho=0.07568 (17/20)
    fp=0.1702 tp=0.7184  [56.8s]
   median nu  = 0.202
   median |eta| = 2.896
  rho=0.06704 (18/20)
    fp=0.1882 tp=0.7087  [54.8s]
   median nu  = 0.204
   median |eta| = 2.947
  rho=0.05939 (19/20)
    fp=0.2055 tp=0.7961  [55.1s]
   median nu  = 0.206
   median |eta| = 2.848
  rho=0.05261 (20/20)
    fp=0.2172 tp=0.8252  [55.2s]
   median nu  = 0.259
   median |eta| = 2.722
  rho=0.04661 (21/21)  [extra 1/50]
    fp=0.2278 tp=0.8155  [57.7s]
   median nu  = 0.253
   median |eta| = 2.401
  rho=0.04129 (22/22)  [extra 2/50]
    fp=0.2418 tp=0.8252  [56.5s]
   median nu  = 0.253
   median |eta| = 2.676
  rho=0.03658 (23/23)  [extra 3/50]
    fp=0.2585 tp=0.8155  [54.0s]
   median nu  = 0.344
   median |eta| = 2.351
  rho=0.03240 (24/24)  [extra 4/50]
    fp=0.2717 tp=0.8252  [53.1s]
   median nu  = 0.385
   median |eta| = 1.776
  rho=0.02870 (25/25)  [extra 5/50]
    fp=0.2843 tp=0.8447  [54.3s]
   median nu  = 0.4
   median |eta| = 1.444
  rho=0.02543 (26/26)  [extra 6/50]
    fp=0.2928 tp=0.8447  [54.0s]
   median nu  = 0.411
   median |eta| = 1.758
  rho=0.02252 (27/27)  [extra 7/50]
    fp=0.3070 tp=0.8641  [53.4s]
   median nu  = 0.573
   median |eta| = 0.969
  FPR 0.3070 >= fp_end=0.3; stopping after 27 fits
  grid extended by 7 points down to rho=0.02252, ending at FPR 0.3070
  pilot fit of run_em_exact at rho=0.30349
  -> rho_max = max|S_ij| (off-diag) = 0.52657
  rho grid: [0.52656655 0.46646782 0.41322835 0.36606527 0.32428507 0.28727337
 0.25448594 0.22544064 0.19971038 0.17691679 0.15672471 0.13883722
 0.12299128 0.10895389 0.09651863 0.08550265 0.07574396 0.06709906
 0.05944083 0.05265666]
Running run_em_exact over 20 rho values, extending until FPR >= 0.3...
  rho=0.52657 (1/20)
    fp=0.0000 tp=0.0194  [54.2s]
   median nu  = 0.04
   median |eta| = 4.245
  rho=0.46647 (2/20)
    fp=0.0002 tp=0.0291  [52.6s]
   median nu  = 0.043
   median |eta| = 3.734
  rho=0.41323 (3/20)
    fp=0.0010 tp=0.0291  [49.9s]
   median nu  = 0.047
   median |eta| = 3.29
  rho=0.36607 (4/20)
    fp=0.0027 tp=0.0485  [51.7s]
   median nu  = 0.051
   median |eta| = 3.191
  rho=0.32429 (5/20)
    fp=0.0058 tp=0.0680  [52.7s]
   median nu  = 0.056
   median |eta| = 3.135
  rho=0.28727 (6/20)
    fp=0.0109 tp=0.0874  [50.6s]
   median nu  = 0.062
   median |eta| = 2.912
  rho=0.25449 (7/20)
    fp=0.0159 tp=0.1456  [51.4s]
   median nu  = 0.072
   median |eta| = 2.579
  rho=0.22544 (8/20)
    fp=0.0237 tp=0.1845  [51.6s]
   median nu  = 0.083
   median |eta| = 2.291
  rho=0.19971 (9/20)
    fp=0.0380 tp=0.2330  [51.7s]
   median nu  = 0.099
   median |eta| = 2.072
  rho=0.17692 (10/20)
    fp=0.0530 tp=0.3010  [52.3s]
   median nu  = 0.123
   median |eta| = 1.708
  rho=0.15672 (11/20)
    fp=0.0681 tp=0.3592  [51.0s]
   median nu  = 0.169
   median |eta| = 1.248
  rho=0.13884 (12/20)
    fp=0.0867 tp=0.3981  [52.2s]
   median nu  = 0.212
   median |eta| = 0.965
  rho=0.12299 (13/20)
    fp=0.1093 tp=0.4563  [58.1s]
   median nu  = 0.257
   median |eta| = 0.739
  rho=0.10895 (14/20)
    fp=0.1337 tp=0.5049  [59.6s]
   median nu  = 0.315
   median |eta| = 0.55
  rho=0.09652 (15/20)
    fp=0.1572 tp=0.5534  [55.2s]
   median nu  = 0.402
   median |eta| = 0.41
  rho=0.08550 (16/20)
    fp=0.1776 tp=0.6602  [55.2s]
   median nu  = 0.482
   median |eta| = 0.309
  rho=0.07574 (17/20)
    fp=0.1985 tp=0.7282  [55.9s]
   median nu  = 0.55
   median |eta| = 0.215
  rho=0.06710 (18/20)
    fp=0.2220 tp=0.7282  [54.7s]
   median nu  = 0.622
   median |eta| = 0.144
  rho=0.05944 (19/20)
    fp=0.2399 tp=0.7864  [54.2s]
   median nu  = 0.716
   median |eta| = 0.098
  rho=0.05266 (20/20)
    fp=0.2575 tp=0.8058  [53.2s]
   median nu  = 0.815
   median |eta| = 0.063
  rho=0.04665 (21/21)  [extra 1/50]
    fp=0.2732 tp=0.8350  [52.8s]
   median nu  = 0.918
   median |eta| = 0.041
  rho=0.04132 (22/22)  [extra 2/50]
    fp=0.2886 tp=0.8641  [55.4s]
   median nu  = 1.03
   median |eta| = 0.029
  rho=0.03661 (23/23)  [extra 3/50]
    fp=0.3060 tp=0.8641  [54.0s]
   median nu  = 1.159
   median |eta| = 0.022
  FPR 0.3060 >= fp_end=0.3; stopping after 23 fits
  grid extended by 3 points down to rho=0.03661, ending at FPR 0.3060
  graphical_lasso rho_max = max|S_ij| (off-diag) = 0.60995
  rho grid: [0.60995088 0.54033523 0.47866504 0.42403346 0.37563716 0.33276448
 0.29478501 0.26114025 0.23133547 0.20493241 0.18154282 0.16082275
 0.14246754 0.12620726 0.11180282 0.09904241 0.08773838 0.07772452
 0.06885357 0.06099509]
Running graphical_lasso over 20 rho values, extending until FPR >= 0.3...
  rho=0.60995 (1/20)
    fp=0.0000 tp=0.0000  [0.0s]
  rho=0.54034 (2/20)
    fp=0.0000 tp=0.0194  [0.1s]
  rho=0.47867 (3/20)
    fp=0.0010 tp=0.0291  [80.3s]
  rho=0.42403 (4/20)
    fp=0.0023 tp=0.0291  [95.1s]
  rho=0.37564 (5/20)
    fp=0.0052 tp=0.0485  [83.8s]
  rho=0.33276 (6/20)
    fp=0.0109 tp=0.0874  [78.9s]
  rho=0.29479 (7/20)
    fp=0.0188 tp=0.1165  [76.3s]
  rho=0.26114 (8/20)
    fp=0.0289 tp=0.2039  [75.7s]
  rho=0.23134 (9/20)
    fp=0.0450 tp=0.2427  [67.0s]
  rho=0.20493 (10/20)
    fp=0.0656 tp=0.2913  [0.1s]
  rho=0.18154 (11/20)
    fp=0.0873 tp=0.3398  [68.3s]
  rho=0.16082 (12/20)
    fp=0.1201 tp=0.4272  [58.9s]
  rho=0.14247 (13/20)
    fp=0.1595 tp=0.4951  [0.1s]
  rho=0.12621 (14/20)
    fp=0.1898 tp=0.5243  [0.2s]
  rho=0.11180 (15/20)
    fp=0.2276 tp=0.5922  [0.3s]
  rho=0.09904 (16/20)
    fp=0.2579 tp=0.6408  [0.1s]
  rho=0.08774 (17/20)
    fp=0.2895 tp=0.6699  [0.1s]
  rho=0.07772 (18/20)
    fp=0.3254 tp=0.7184  [0.1s]
  FPR 0.3254 >= fp_end=0.3; stopping after 18 fits
  [note] 9/18 fits hit a glasso ConvergenceWarning (suppressed)
  grid stopped 2 points early at rho=0.07772, ending at FPR 0.3254

(p=100, n=50) over 43 replicates
  t+lasso  (run_em_diagonal):    AUC = 0.196 (SE 0.002)
  ~t+lasso (run_em_exact):       AUC = 0.188 (SE 0.002)
  tlasso   (run_tlasso):         AUC = 0.160 (SE 0.002)
  t*lasso  (run_tstar_varlasso): AUC = 0.192 (SE 0.002)
  glasso   (graphical_lasso):    AUC = 0.159 (SE 0.003)
Replicate 44/50
  Theta: 100/4950 edges
  pilot fit of run_tlasso at rho=30.34854
  -> rho_max = max|S_ij| (off-diag) = 13.20497
  [warn] pilot rho 30.34854 > rho_max 13.20497: it falls off the top of this method's grid
  rho grid: [13.20496532 11.69784025 10.3627282   9.17999677  8.13225427  7.20409399
  6.38186762  5.65348459  5.00823425  4.4366284   3.93026176  3.48168837
  3.0843121   2.73228966  2.42044467  2.14419155  1.89946809  1.6826757
  1.49062652  1.32049653]
Running run_tlasso over 20 rho values, extending until FPR >= 0.3...
  rho=13.20497 (1/20)
    fp=0.0000 tp=0.0000  [0.6s]
   nu  = 3.0000
  rho=11.69784 (2/20)
    fp=0.0000 tp=0.0000  [0.4s]
   nu  = 3.0000
  rho=10.36273 (3/20)
    fp=0.0000 tp=0.0000  [0.4s]
   nu  = 3.0000
  rho=9.18000 (4/20)
    fp=0.0002 tp=0.0100  [0.8s]
   nu  = 3.0000
  rho=8.13225 (5/20)
    fp=0.0002 tp=0.0100  [0.7s]
   nu  = 3.0000
  rho=7.20409 (6/20)
    fp=0.0002 tp=0.0200  [0.8s]
   nu  = 3.0000
  rho=6.38187 (7/20)
    fp=0.0002 tp=0.0200  [1.1s]
   nu  = 3.0000
  rho=5.65348 (8/20)
    fp=0.0004 tp=0.0200  [1.0s]
   nu  = 3.0000
  rho=5.00823 (9/20)
    fp=0.0004 tp=0.0400  [1.1s]
   nu  = 3.0000
  rho=4.43663 (10/20)
    fp=0.0023 tp=0.0500  [1.3s]
   nu  = 3.0000
  rho=3.93026 (11/20)
    fp=0.0041 tp=0.0700  [1.5s]
   nu  = 3.0000
  rho=3.48169 (12/20)
    fp=0.0097 tp=0.1400  [1.4s]
   nu  = 3.0000
  rho=3.08431 (13/20)
    fp=0.0146 tp=0.1700  [1.6s]
   nu  = 3.0000
  rho=2.73229 (14/20)
    fp=0.0214 tp=0.2200  [1.5s]
   nu  = 3.0000
  rho=2.42044 (15/20)
    fp=0.0377 tp=0.3000  [1.5s]
   nu  = 3.0000
  rho=2.14419 (16/20)
    fp=0.0604 tp=0.3600  [1.9s]
   nu  = 3.0000
  rho=1.89947 (17/20)
    fp=0.0994 tp=0.5300  [4.4s]
   nu  = 3.0000
  rho=1.68268 (18/20)
    fp=0.1439 tp=0.6000  [4.2s]
   nu  = 3.0000
  rho=1.49063 (19/20)
    fp=0.1924 tp=0.6500  [3.5s]
   nu  = 3.0000
  rho=1.32050 (20/20)
    fp=0.2367 tp=0.7100  [3.1s]
   nu  = 3.0000
  rho=1.16978 (21/21)  [extra 1/50]
    fp=0.2802 tp=0.7300  [3.9s]
   nu  = 3.0000
  rho=1.03627 (22/22)  [extra 2/50]
    fp=0.3249 tp=0.7600  [3.8s]
   nu  = 3.0000
  FPR 0.3249 >= fp_end=0.3; stopping after 22 fits
  grid extended by 2 points down to rho=1.03627, ending at FPR 0.3249
  pilot fit of run_tstar_varlasso at rho=0.30349
  -> rho_max = max|S_ij| (off-diag) = 0.44695
  rho grid: [0.44695251 0.39594038 0.35075044 0.31071816 0.2752549  0.24383918
 0.21600903 0.19135523 0.16951524 0.15016792 0.13302877 0.11784577
 0.10439566 0.09248065 0.08192553 0.07257511 0.06429188 0.05695404
 0.05045369 0.04469525]
Running run_tstar_varlasso over 20 rho values, extending until FPR >= 0.3...
  rho=0.44695 (1/20)
    fp=0.0000 tp=0.0100  [0.7s]
   nu  = 3.0000
  rho=0.39594 (2/20)
    fp=0.0000 tp=0.0100  [0.7s]
   nu  = 3.0000
  rho=0.35075 (3/20)
    fp=0.0000 tp=0.0200  [0.7s]
   nu  = 3.0000
  rho=0.31072 (4/20)
    fp=0.0002 tp=0.0200  [0.6s]
   nu  = 3.0000
  rho=0.27525 (5/20)
    fp=0.0004 tp=0.0400  [0.9s]
   nu  = 3.0000
  rho=0.24384 (6/20)
    fp=0.0008 tp=0.0600  [1.1s]
   nu  = 3.0000
  rho=0.21601 (7/20)
    fp=0.0016 tp=0.1100  [0.8s]
   nu  = 3.0000
  rho=0.19136 (8/20)
    fp=0.0052 tp=0.1500  [0.9s]
   nu  = 3.0000
  rho=0.16952 (9/20)
    fp=0.0099 tp=0.2400  [1.0s]
   nu  = 3.0000
  rho=0.15017 (10/20)
    fp=0.0206 tp=0.3300  [1.0s]
   nu  = 3.0000
  rho=0.13303 (11/20)
    fp=0.0344 tp=0.3900  [1.0s]
   nu  = 3.0000
  rho=0.11785 (12/20)
    fp=0.0548 tp=0.4500  [0.9s]
   nu  = 3.0000
  rho=0.10440 (13/20)
    fp=0.0777 tp=0.5900  [0.9s]
   nu  = 3.0000
  rho=0.09248 (14/20)
    fp=0.1012 tp=0.6600  [1.3s]
   nu  = 3.0000
  rho=0.08193 (15/20)
    fp=0.1268 tp=0.6900  [1.2s]
   nu  = 3.0000
  rho=0.07258 (16/20)
    fp=0.1546 tp=0.7000  [1.3s]
   nu  = 3.0000
  rho=0.06429 (17/20)
    fp=0.1798 tp=0.7300  [1.3s]
   nu  = 3.0000
  rho=0.05695 (18/20)
    fp=0.2082 tp=0.7300  [1.6s]
   nu  = 3.0000
  rho=0.05045 (19/20)
    fp=0.2328 tp=0.7700  [1.3s]
   nu  = 3.0000
  rho=0.04470 (20/20)
    fp=0.2588 tp=0.7700  [1.1s]
   nu  = 3.0000
  rho=0.03959 (21/21)  [extra 1/50]
    fp=0.2841 tp=0.7900  [1.7s]
   nu  = 3.0000
  rho=0.03508 (22/22)  [extra 2/50]
    fp=0.3134 tp=0.8100  [2.1s]
   nu  = 3.0000
  FPR 0.3134 >= fp_end=0.3; stopping after 22 fits
  grid extended by 2 points down to rho=0.03508, ending at FPR 0.3134
  pilot fit of run_em_diagonal at rho=0.30349
  -> rho_max = max|S_ij| (off-diag) = 0.54555
  rho grid: [0.54555339 0.48328763 0.42812846 0.37926478 0.33597808 0.29763182
 0.26366215 0.23356954 0.2069115  0.18329602 0.16237586 0.14384338
 0.12742608 0.11288253 0.09999888 0.08858569 0.07847512 0.0695185
 0.06158413 0.05455534]
Running run_em_diagonal over 20 rho values, extending until FPR >= 0.3...
  rho=0.54555 (1/20)
    fp=0.0000 tp=0.0100  [53.6s]
   median nu  = 0.043
   median |eta| = 3.977
  rho=0.48329 (2/20)
    fp=0.0002 tp=0.0200  [50.0s]
   median nu  = 0.047
   median |eta| = 3.699
  rho=0.42813 (3/20)
    fp=0.0004 tp=0.0200  [53.0s]
   median nu  = 0.052
   median |eta| = 3.479
  rho=0.37926 (4/20)
    fp=0.0004 tp=0.0300  [51.0s]
   median nu  = 0.058
   median |eta| = 3.265
  rho=0.33598 (5/20)
    fp=0.0010 tp=0.0500  [50.4s]
   median nu  = 0.065
   median |eta| = 3.039
  rho=0.29763 (6/20)
    fp=0.0033 tp=0.0700  [48.3s]
   median nu  = 0.076
   median |eta| = 2.773
  rho=0.26366 (7/20)
    fp=0.0060 tp=0.1100  [48.3s]
   median nu  = 0.087
   median |eta| = 2.674
  rho=0.23357 (8/20)
    fp=0.0126 tp=0.2000  [49.1s]
   median nu  = 0.102
   median |eta| = 2.661
  rho=0.20691 (9/20)
    fp=0.0227 tp=0.2600  [52.1s]
   median nu  = 0.119
   median |eta| = 2.532
  rho=0.18330 (10/20)
    fp=0.0363 tp=0.3800  [48.6s]
   median nu  = 0.14
   median |eta| = 2.484
  rho=0.16238 (11/20)
    fp=0.0526 tp=0.4700  [50.2s]
   median nu  = 0.159
   median |eta| = 2.367
  rho=0.14384 (12/20)
    fp=0.0705 tp=0.5300  [51.1s]
   median nu  = 0.172
   median |eta| = 2.262
  rho=0.12743 (13/20)
    fp=0.0903 tp=0.6000  [48.2s]
   median nu  = 0.184
   median |eta| = 2.203
  rho=0.11288 (14/20)
    fp=0.1130 tp=0.6500  [59.6s]
   median nu  = 0.223
   median |eta| = 2.124
  rho=0.10000 (15/20)
    fp=0.1303 tp=0.6800  [59.2s]
   median nu  = 0.236
   median |eta| = 2.092
  rho=0.08859 (16/20)
    fp=0.1507 tp=0.7300  [54.0s]
   median nu  = 0.261
   median |eta| = 2.267
  rho=0.07848 (17/20)
    fp=0.1709 tp=0.7600  [51.6s]
   median nu  = 0.277
   median |eta| = 2.171
  rho=0.06952 (18/20)
    fp=0.1885 tp=0.7800  [46.6s]
   median nu  = 0.305
   median |eta| = 2.119
  rho=0.06158 (19/20)
    fp=0.2035 tp=0.7900  [51.2s]
   median nu  = 0.282
   median |eta| = 2.355
  rho=0.05456 (20/20)
    fp=0.2181 tp=0.8000  [58.7s]
   median nu  = 0.304
   median |eta| = 1.598
  rho=0.04833 (21/21)  [extra 1/50]
    fp=0.2295 tp=0.8300  [56.3s]
   median nu  = 0.371
   median |eta| = 1.609
  rho=0.04281 (22/22)  [extra 2/50]
    fp=0.2416 tp=0.8400  [54.7s]
   median nu  = 0.369
   median |eta| = 1.409
  rho=0.03793 (23/23)  [extra 3/50]
    fp=0.2515 tp=0.8500  [52.6s]
   median nu  = 0.417
   median |eta| = 1.619
  rho=0.03360 (24/24)  [extra 4/50]
    fp=0.2619 tp=0.8600  [53.5s]
   median nu  = 0.373
   median |eta| = 1.998
  rho=0.02976 (25/25)  [extra 5/50]
    fp=0.2711 tp=0.8600  [54.6s]
   median nu  = 0.403
   median |eta| = 2.058
  rho=0.02637 (26/26)  [extra 6/50]
    fp=0.2849 tp=0.8600  [55.5s]
   median nu  = 0.388
   median |eta| = 2.252
  rho=0.02336 (27/27)  [extra 7/50]
    fp=0.3000 tp=0.8300  [56.6s]
   median nu  = 0.535
   median |eta| = 1.172
  FPR 0.3000 >= fp_end=0.3; stopping after 27 fits
  grid extended by 7 points down to rho=0.02336, ending at FPR 0.3000
  pilot fit of run_em_exact at rho=0.30349
  -> rho_max = max|S_ij| (off-diag) = 0.55577
  rho grid: [0.55577035 0.4923385  0.43614632 0.38636754 0.34227018 0.30320578
 0.26859993 0.23794376 0.21078648 0.18672874 0.16541679 0.14653724
 0.12981247 0.11499656 0.10187163 0.0902447  0.07994478 0.07082043
 0.06273746 0.05557704]
Running run_em_exact over 20 rho values, extending until FPR >= 0.3...
  rho=0.55577 (1/20)
    fp=0.0000 tp=0.0100  [51.8s]
   median nu  = 0.043
   median |eta| = 4.041
  rho=0.49234 (2/20)
    fp=0.0002 tp=0.0200  [50.8s]
   median nu  = 0.047
   median |eta| = 3.717
  rho=0.43615 (3/20)
    fp=0.0004 tp=0.0200  [50.1s]
   median nu  = 0.051
   median |eta| = 3.501
  rho=0.38637 (4/20)
    fp=0.0004 tp=0.0300  [52.9s]
   median nu  = 0.057
   median |eta| = 3.334
  rho=0.34227 (5/20)
    fp=0.0010 tp=0.0400  [51.4s]
   median nu  = 0.064
   median |eta| = 2.906
  rho=0.30321 (6/20)
    fp=0.0033 tp=0.0700  [49.4s]
   median nu  = 0.074
   median |eta| = 2.675
  rho=0.26860 (7/20)
    fp=0.0060 tp=0.1000  [51.9s]
   median nu  = 0.085
   median |eta| = 2.67
  rho=0.23794 (8/20)
    fp=0.0120 tp=0.2000  [52.2s]
   median nu  = 0.099
   median |eta| = 2.371
  rho=0.21079 (9/20)
    fp=0.0219 tp=0.2600  [52.4s]
   median nu  = 0.121
   median |eta| = 2.107
  rho=0.18673 (10/20)
    fp=0.0365 tp=0.3600  [51.7s]
   median nu  = 0.144
   median |eta| = 1.89
  rho=0.16542 (11/20)
    fp=0.0546 tp=0.4500  [52.0s]
   median nu  = 0.173
   median |eta| = 1.495
  rho=0.14654 (12/20)
    fp=0.0730 tp=0.5300  [51.7s]
   median nu  = 0.21
   median |eta| = 1.117
  rho=0.12981 (13/20)
    fp=0.0975 tp=0.6100  [58.9s]
   median nu  = 0.267
   median |eta| = 0.912
  rho=0.11500 (14/20)
    fp=0.1214 tp=0.6500  [57.0s]
   median nu  = 0.319
   median |eta| = 0.667
  rho=0.10187 (15/20)
    fp=0.1441 tp=0.6600  [56.3s]
   median nu  = 0.374
   median |eta| = 0.485
  rho=0.09024 (16/20)
    fp=0.1695 tp=0.7200  [55.3s]
   median nu  = 0.458
   median |eta| = 0.338
  rho=0.07994 (17/20)
    fp=0.1940 tp=0.7400  [55.7s]
   median nu  = 0.536
   median |eta| = 0.265
  rho=0.07082 (18/20)
    fp=0.2124 tp=0.7600  [47.3s]
   median nu  = 0.624
   median |eta| = 0.189
  rho=0.06274 (19/20)
    fp=0.2276 tp=0.7700  [46.1s]
   median nu  = 0.703
   median |eta| = 0.133
  rho=0.05558 (20/20)
    fp=0.2515 tp=0.7700  [46.4s]
   median nu  = 0.813
   median |eta| = 0.09
  rho=0.04923 (21/21)  [extra 1/50]
    fp=0.2701 tp=0.7900  [50.9s]
   median nu  = 0.917
   median |eta| = 0.061
  rho=0.04361 (22/22)  [extra 2/50]
    fp=0.2932 tp=0.8100  [55.1s]
   median nu  = 1.009
   median |eta| = 0.041
  rho=0.03864 (23/23)  [extra 3/50]
    fp=0.3058 tp=0.8200  [45.5s]
   median nu  = 1.098
   median |eta| = 0.03
  FPR 0.3058 >= fp_end=0.3; stopping after 23 fits
  grid extended by 3 points down to rho=0.03864, ending at FPR 0.3058
  graphical_lasso rho_max = max|S_ij| (off-diag) = 0.59974
  rho grid: [0.59973707 0.53128715 0.47064965 0.41693289 0.369347   0.32719224
 0.28984874 0.25676738 0.22746169 0.20150076 0.17850283 0.15812973
 0.14008188 0.12409388 0.10993065 0.09738391 0.08626917 0.07642299
 0.06770059 0.05997371]
Running graphical_lasso over 20 rho values, extending until FPR >= 0.3...
  rho=0.59974 (1/20)
    fp=0.0000 tp=0.0000  [0.0s]
  rho=0.53129 (2/20)
    fp=0.0002 tp=0.0100  [0.1s]
  rho=0.47065 (3/20)
    fp=0.0002 tp=0.0200  [80.4s]
  rho=0.41693 (4/20)
    fp=0.0004 tp=0.0300  [94.9s]
  rho=0.36935 (5/20)
    fp=0.0019 tp=0.0500  [83.8s]
  rho=0.32719 (6/20)
    fp=0.0074 tp=0.1000  [0.1s]
  rho=0.28985 (7/20)
    fp=0.0146 tp=0.1600  [79.7s]
  rho=0.25677 (8/20)
    fp=0.0252 tp=0.2200  [75.0s]
  rho=0.22746 (9/20)
    fp=0.0427 tp=0.3200  [76.7s]
  rho=0.20150 (10/20)
    fp=0.0645 tp=0.3800  [0.2s]
  rho=0.17850 (11/20)
    fp=0.0957 tp=0.5000  [0.2s]
  rho=0.15813 (12/20)
    fp=0.1256 tp=0.5700  [67.7s]
  rho=0.14008 (13/20)
    fp=0.1563 tp=0.6100  [0.2s]
  rho=0.12409 (14/20)
    fp=0.1901 tp=0.6600  [67.0s]
  rho=0.10993 (15/20)
    fp=0.2260 tp=0.6700  [0.8s]
  rho=0.09738 (16/20)
    fp=0.2621 tp=0.7000  [1.0s]
  rho=0.08627 (17/20)
    fp=0.2946 tp=0.7300  [3.5s]
  rho=0.07642 (18/20)
    fp=0.3293 tp=0.7600  [2.7s]
  FPR 0.3293 >= fp_end=0.3; stopping after 18 fits
  [note] 8/18 fits hit a glasso ConvergenceWarning (suppressed)
  grid stopped 2 points early at rho=0.07642, ending at FPR 0.3293

(p=100, n=50) over 44 replicates
  t+lasso  (run_em_diagonal):    AUC = 0.196 (SE 0.002)
  ~t+lasso (run_em_exact):       AUC = 0.188 (SE 0.002)
  tlasso   (run_tlasso):         AUC = 0.160 (SE 0.002)
  t*lasso  (run_tstar_varlasso): AUC = 0.192 (SE 0.002)
  glasso   (graphical_lasso):    AUC = 0.159 (SE 0.003)
Replicate 45/50
  Theta: 114/4950 edges
  pilot fit of run_tlasso at rho=30.34854
  -> rho_max = max|S_ij| (off-diag) = 12.97323
  [warn] pilot rho 30.34854 > rho_max 12.97323: it falls off the top of this method's grid
  rho grid: [12.97323285 11.49255614 10.18087383  9.01889802  7.98954224  7.07767014
  6.26987293  5.55427221  4.9203453   4.3587705   3.86129003  3.4205886
  3.03018585  2.68434101  2.37796856  2.10656337  1.86613453  1.65314661
  1.46446768  1.29732328]
Running run_tlasso over 20 rho values, extending until FPR >= 0.3...
  rho=12.97323 (1/20)
    fp=0.0000 tp=0.0000  [0.5s]
   nu  = 3.0000
  rho=11.49256 (2/20)
    fp=0.0000 tp=0.0000  [0.4s]
   nu  = 3.0000
  rho=10.18087 (3/20)
    fp=0.0000 tp=0.0000  [0.4s]
   nu  = 3.0000
  rho=9.01890 (4/20)
    fp=0.0000 tp=0.0088  [0.8s]
   nu  = 3.0000
  rho=7.98954 (5/20)
    fp=0.0000 tp=0.0088  [0.7s]
   nu  = 3.0000
  rho=7.07767 (6/20)
    fp=0.0002 tp=0.0263  [0.8s]
   nu  = 3.0000
  rho=6.26987 (7/20)
    fp=0.0008 tp=0.0439  [1.0s]
   nu  = 3.0000
  rho=5.55427 (8/20)
    fp=0.0010 tp=0.0439  [0.9s]
   nu  = 3.0000
  rho=4.92035 (9/20)
    fp=0.0023 tp=0.0526  [1.5s]
   nu  = 3.0000
  rho=4.35877 (10/20)
    fp=0.0050 tp=0.1053  [1.7s]
   nu  = 3.0000
  rho=3.86129 (11/20)
    fp=0.0085 tp=0.1316  [1.6s]
   nu  = 3.0000
  rho=3.42059 (12/20)
    fp=0.0143 tp=0.1579  [1.7s]
   nu  = 3.0000
  rho=3.03019 (13/20)
    fp=0.0219 tp=0.1842  [1.6s]
   nu  = 3.0000
  rho=2.68434 (14/20)
    fp=0.0339 tp=0.2719  [1.5s]
   nu  = 3.0000
  rho=2.37797 (15/20)
    fp=0.0546 tp=0.3246  [1.1s]
   nu  = 3.0000
  rho=2.10656 (16/20)
    fp=0.0788 tp=0.4386  [2.0s]
   nu  = 3.0000
  rho=1.86613 (17/20)
    fp=0.1168 tp=0.5351  [2.4s]
   nu  = 3.0000
  rho=1.65315 (18/20)
    fp=0.1557 tp=0.6053  [3.6s]
   nu  = 3.0000
  rho=1.46447 (19/20)
    fp=0.2029 tp=0.6491  [3.1s]
   nu  = 3.0000
  rho=1.29732 (20/20)
    fp=0.2483 tp=0.6930  [4.8s]
   nu  = 3.0000
  rho=1.14926 (21/21)  [extra 1/50]
    fp=0.2880 tp=0.7632  [3.5s]
   nu  = 3.0000
  rho=1.01809 (22/22)  [extra 2/50]
    fp=0.3255 tp=0.7719  [3.5s]
   nu  = 3.0000
  FPR 0.3255 >= fp_end=0.3; stopping after 22 fits
  grid extended by 2 points down to rho=1.01809, ending at FPR 0.3255
  pilot fit of run_tstar_varlasso at rho=0.30349
  -> rho_max = max|S_ij| (off-diag) = 0.40165
  rho grid: [0.40165248 0.35581059 0.31520079 0.27922591 0.24735696 0.21912532
 0.19411584 0.17196078 0.15233434 0.13494794 0.11954589 0.10590174
 0.09381483 0.08310744 0.07362213 0.0652194  0.0577757  0.05118157
 0.04534005 0.04016525]
Running run_tstar_varlasso over 20 rho values, extending until FPR >= 0.3...
  rho=0.40165 (1/20)
    fp=0.0000 tp=0.0088  [0.7s]
   nu  = 3.0000
  rho=0.35581 (2/20)
    fp=0.0000 tp=0.0088  [0.6s]
   nu  = 3.0000
  rho=0.31520 (3/20)
    fp=0.0002 tp=0.0439  [0.7s]
   nu  = 3.0000
  rho=0.27923 (4/20)
    fp=0.0006 tp=0.0702  [0.9s]
   nu  = 3.0000
  rho=0.24736 (5/20)
    fp=0.0014 tp=0.1053  [0.7s]
   nu  = 3.0000
  rho=0.21913 (6/20)
    fp=0.0031 tp=0.1316  [0.7s]
   nu  = 3.0000
  rho=0.19412 (7/20)
    fp=0.0072 tp=0.1842  [0.7s]
   nu  = 3.0000
  rho=0.17196 (8/20)
    fp=0.0151 tp=0.2368  [0.7s]
   nu  = 3.0000
  rho=0.15233 (9/20)
    fp=0.0240 tp=0.3070  [0.8s]
   nu  = 3.0000
  rho=0.13495 (10/20)
    fp=0.0352 tp=0.4035  [0.8s]
   nu  = 3.0000
  rho=0.11955 (11/20)
    fp=0.0533 tp=0.4912  [0.8s]
   nu  = 3.0000
  rho=0.10590 (12/20)
    fp=0.0718 tp=0.5526  [0.8s]
   nu  = 3.0000
  rho=0.09381 (13/20)
    fp=0.0935 tp=0.6053  [1.2s]
   nu  = 3.0000
  rho=0.08311 (14/20)
    fp=0.1152 tp=0.6228  [1.2s]
   nu  = 3.0000
  rho=0.07362 (15/20)
    fp=0.1390 tp=0.6754  [1.3s]
   nu  = 3.0000
  rho=0.06522 (16/20)
    fp=0.1646 tp=0.7193  [1.5s]
   nu  = 3.0000
  rho=0.05778 (17/20)
    fp=0.1876 tp=0.7368  [0.9s]
   nu  = 3.0000
  rho=0.05118 (18/20)
    fp=0.2091 tp=0.7632  [1.3s]
   nu  = 3.0000
  rho=0.04534 (19/20)
    fp=0.2355 tp=0.8070  [1.3s]
   nu  = 3.0000
  rho=0.04017 (20/20)
    fp=0.2614 tp=0.8421  [1.0s]
   nu  = 3.0000
  rho=0.03558 (21/21)  [extra 1/50]
    fp=0.2872 tp=0.8684  [1.5s]
   nu  = 3.0000
  rho=0.03152 (22/22)  [extra 2/50]
    fp=0.3114 tp=0.8684  [1.5s]
   nu  = 3.0000
  FPR 0.3114 >= fp_end=0.3; stopping after 22 fits
  grid extended by 2 points down to rho=0.03152, ending at FPR 0.3114
  pilot fit of run_em_diagonal at rho=0.30349
  -> rho_max = max|S_ij| (off-diag) = 0.49728
  rho grid: [0.49728202 0.44052563 0.39024702 0.34570688 0.30625024 0.27129692
 0.24033293 0.21290296 0.18860366 0.16707772 0.14800861 0.13111591
 0.11615123 0.10289452 0.09115084 0.0807475  0.07153153 0.0633674
 0.05613508 0.0497282 ]
Running run_em_diagonal over 20 rho values, extending until FPR >= 0.3...
  rho=0.49728 (1/20)
    fp=0.0000 tp=0.0175  [49.8s]
   median nu  = 0.044
   median |eta| = 3.083
  rho=0.44053 (2/20)
    fp=0.0004 tp=0.0439  [52.2s]
   median nu  = 0.047
   median |eta| = 2.775
  rho=0.39025 (3/20)
    fp=0.0008 tp=0.0526  [48.5s]
   median nu  = 0.052
   median |eta| = 2.757
  rho=0.34571 (4/20)
    fp=0.0017 tp=0.0789  [48.0s]
   median nu  = 0.059
   median |eta| = 2.616
  rho=0.30625 (5/20)
    fp=0.0045 tp=0.1316  [48.5s]
   median nu  = 0.068
   median |eta| = 2.478
  rho=0.27130 (6/20)
    fp=0.0093 tp=0.1491  [49.8s]
   median nu  = 0.078
   median |eta| = 2.282
  rho=0.24033 (7/20)
    fp=0.0155 tp=0.2193  [50.8s]
   median nu  = 0.091
   median |eta| = 2.21
  rho=0.21290 (8/20)
    fp=0.0254 tp=0.2982  [48.6s]
   median nu  = 0.105
   median |eta| = 2.276
  rho=0.18860 (9/20)
    fp=0.0374 tp=0.3509  [51.6s]
   median nu  = 0.132
   median |eta| = 2.369
  rho=0.16708 (10/20)
    fp=0.0529 tp=0.4211  [49.7s]
   median nu  = 0.148
   median |eta| = 2.132
  rho=0.14801 (11/20)
    fp=0.0687 tp=0.4825  [50.2s]
   median nu  = 0.176
   median |eta| = 1.954
  rho=0.13112 (12/20)
    fp=0.0815 tp=0.5965  [55.0s]
   median nu  = 0.202
   median |eta| = 1.885
  rho=0.11615 (13/20)
    fp=0.0999 tp=0.6228  [57.5s]
   median nu  = 0.23
   median |eta| = 1.748
  rho=0.10289 (14/20)
    fp=0.1191 tp=0.6579  [56.7s]
   median nu  = 0.272
   median |eta| = 1.548
  rho=0.09115 (15/20)
    fp=0.1369 tp=0.7193  [47.0s]
   median nu  = 0.304
   median |eta| = 1.366
  rho=0.08075 (16/20)
    fp=0.1530 tp=0.7456  [54.1s]
   median nu  = 0.36
   median |eta| = 1.139
  rho=0.07153 (17/20)
    fp=0.1673 tp=0.7544  [55.6s]
   median nu  = 0.37
   median |eta| = 1.139
  rho=0.06337 (18/20)
    fp=0.1828 tp=0.7982  [58.0s]
   median nu  = 0.41
   median |eta| = 0.957
  rho=0.05614 (19/20)
    fp=0.1989 tp=0.8158  [56.3s]
   median nu  = 0.441
   median |eta| = 0.879
  rho=0.04973 (20/20)
    fp=0.2155 tp=0.8158  [54.5s]
   median nu  = 0.471
   median |eta| = 0.711
  rho=0.04405 (21/21)  [extra 1/50]
    fp=0.2275 tp=0.8509  [52.9s]
   median nu  = 0.568
   median |eta| = 0.4
  rho=0.03902 (22/22)  [extra 2/50]
    fp=0.2475 tp=0.8509  [53.4s]
   median nu  = 0.615
   median |eta| = 0.234
  rho=0.03457 (23/23)  [extra 3/50]
    fp=0.2651 tp=0.8509  [56.7s]
   median nu  = 0.778
   median |eta| = 0.125
  rho=0.03063 (24/24)  [extra 4/50]
    fp=0.2746 tp=0.8684  [54.5s]
   median nu  = 0.882
   median |eta| = 0.098
  rho=0.02713 (25/25)  [extra 5/50]
    fp=0.2837 tp=0.8684  [58.1s]
   median nu  = 1.061
   median |eta| = 0.077
  rho=0.02403 (26/26)  [extra 6/50]
    fp=0.2990 tp=0.8684  [55.0s]
   median nu  = 1.178
   median |eta| = 0.059
  rho=0.02129 (27/27)  [extra 7/50]
    fp=0.3089 tp=0.8596  [49.9s]
   median nu  = 1.33
   median |eta| = 0.042
  FPR 0.3089 >= fp_end=0.3; stopping after 27 fits
  grid extended by 7 points down to rho=0.02129, ending at FPR 0.3089
  pilot fit of run_em_exact at rho=0.30349
  -> rho_max = max|S_ij| (off-diag) = 0.49777
  rho grid: [0.49776568 0.44095409 0.39062658 0.34604312 0.3065481  0.27156079
 0.24056668 0.21311003 0.1887871  0.16724022 0.14815256 0.13124343
 0.1162642  0.10299459 0.09123949 0.08082603 0.0716011  0.06342904
 0.05618968 0.04977657]
Running run_em_exact over 20 rho values, extending until FPR >= 0.3...
  rho=0.49777 (1/20)
    fp=0.0000 tp=0.0175  [48.7s]
   median nu  = 0.044
   median |eta| = 3.087
  rho=0.44095 (2/20)
    fp=0.0004 tp=0.0439  [53.7s]
   median nu  = 0.047
   median |eta| = 2.774
  rho=0.39063 (3/20)
    fp=0.0008 tp=0.0526  [50.3s]
   median nu  = 0.052
   median |eta| = 2.675
  rho=0.34604 (4/20)
    fp=0.0019 tp=0.0789  [50.8s]
   median nu  = 0.059
   median |eta| = 2.577
  rho=0.30655 (5/20)
    fp=0.0048 tp=0.1228  [51.9s]
   median nu  = 0.068
   median |eta| = 2.472
  rho=0.27156 (6/20)
    fp=0.0093 tp=0.1491  [51.8s]
   median nu  = 0.078
   median |eta| = 2.171
  rho=0.24057 (7/20)
    fp=0.0172 tp=0.2281  [52.4s]
   median nu  = 0.091
   median |eta| = 1.925
  rho=0.21311 (8/20)
    fp=0.0273 tp=0.2982  [50.6s]
   median nu  = 0.106
   median |eta| = 1.825
  rho=0.18879 (9/20)
    fp=0.0395 tp=0.3509  [52.8s]
   median nu  = 0.134
   median |eta| = 1.436
  rho=0.16724 (10/20)
    fp=0.0562 tp=0.4298  [50.4s]
   median nu  = 0.172
   median |eta| = 1.148
  rho=0.14815 (11/20)
    fp=0.0744 tp=0.4912  [50.3s]
   median nu  = 0.225
   median |eta| = 0.953
  rho=0.13124 (12/20)
    fp=0.0889 tp=0.5965  [51.3s]
   median nu  = 0.296
   median |eta| = 0.714
  rho=0.11626 (13/20)
    fp=0.1096 tp=0.6228  [49.1s]
   median nu  = 0.368
   median |eta| = 0.466
  rho=0.10299 (14/20)
    fp=0.1361 tp=0.6667  [47.2s]
   median nu  = 0.442
   median |eta| = 0.341
  rho=0.09124 (15/20)
    fp=0.1536 tp=0.7193  [54.6s]
   median nu  = 0.512
   median |eta| = 0.259
  rho=0.08083 (16/20)
    fp=0.1700 tp=0.7456  [53.7s]
   median nu  = 0.602
   median |eta| = 0.188
  rho=0.07160 (17/20)
    fp=0.1894 tp=0.7544  [54.2s]
   median nu  = 0.673
   median |eta| = 0.129
  rho=0.06343 (18/20)
    fp=0.2051 tp=0.7632  [52.9s]
   median nu  = 0.788
   median |eta| = 0.107
  rho=0.05619 (19/20)
    fp=0.2242 tp=0.7895  [58.1s]
   median nu  = 0.911
   median |eta| = 0.076
  rho=0.04978 (20/20)
    fp=0.2405 tp=0.8158  [56.7s]
   median nu  = 1.001
   median |eta| = 0.056
  rho=0.04410 (21/21)  [extra 1/50]
    fp=0.2541 tp=0.8421  [52.6s]
   median nu  = 1.103
   median |eta| = 0.043
  rho=0.03906 (22/22)  [extra 2/50]
    fp=0.2713 tp=0.8684  [52.9s]
   median nu  = 1.2
   median |eta| = 0.032
  rho=0.03460 (23/23)  [extra 3/50]
    fp=0.2845 tp=0.8772  [52.1s]
   median nu  = 1.303
   median |eta| = 0.023
  rho=0.03065 (24/24)  [extra 4/50]
    fp=0.2988 tp=0.8772  [58.1s]
   median nu  = 1.412
   median |eta| = 0.016
  rho=0.02716 (25/25)  [extra 5/50]
    fp=0.3133 tp=0.8772  [35.0s]
   median nu  = 1.517
   median |eta| = 0.012
  FPR 0.3133 >= fp_end=0.3; stopping after 25 fits
  grid extended by 5 points down to rho=0.02716, ending at FPR 0.3133
  graphical_lasso rho_max = max|S_ij| (off-diag) = 0.58949
  rho grid: [0.58948552 0.52220564 0.46260464 0.40980608 0.3630336  0.32159941
 0.28489424 0.25237834 0.22357359 0.19805642 0.17545161 0.15542675
 0.1376874  0.12197269 0.10805156 0.09571929 0.08479454 0.07511666
 0.06654336 0.05894855]
Running graphical_lasso over 20 rho values, extending until FPR >= 0.3...
  rho=0.58949 (1/20)
    fp=0.0000 tp=0.0000  [0.1s]
  rho=0.52221 (2/20)
    fp=0.0000 tp=0.0175  [0.1s]
  rho=0.46260 (3/20)
    fp=0.0006 tp=0.0439  [81.0s]
  rho=0.40981 (4/20)
    fp=0.0019 tp=0.0526  [74.4s]
  rho=0.36303 (5/20)
    fp=0.0052 tp=0.0965  [82.7s]
  rho=0.32160 (6/20)
    fp=0.0112 tp=0.1404  [67.9s]
  rho=0.28489 (7/20)
    fp=0.0207 tp=0.1667  [67.4s]
  rho=0.25238 (8/20)
    fp=0.0333 tp=0.2456  [65.9s]
  rho=0.22357 (9/20)
    fp=0.0527 tp=0.2982  [57.8s]
  rho=0.19806 (10/20)
    fp=0.0759 tp=0.4123  [61.0s]
  rho=0.17545 (11/20)
    fp=0.1024 tp=0.4912  [60.0s]
  rho=0.15543 (12/20)
    fp=0.1319 tp=0.5702  [0.1s]
  rho=0.13769 (13/20)
    fp=0.1609 tp=0.6228  [0.2s]
  rho=0.12197 (14/20)
    fp=0.1952 tp=0.6404  [0.1s]
  rho=0.10805 (15/20)
    fp=0.2318 tp=0.6754  [0.1s]
  rho=0.09572 (16/20)
    fp=0.2670 tp=0.7456  [0.5s]
  rho=0.08479 (17/20)
    fp=0.3000 tp=0.7632  [0.1s]
  FPR 0.3000 >= fp_end=0.3; stopping after 17 fits
  [note] 9/17 fits hit a glasso ConvergenceWarning (suppressed)
  grid stopped 3 points early at rho=0.08479, ending at FPR 0.3000

(p=100, n=50) over 45 replicates
  t+lasso  (run_em_diagonal):    AUC = 0.196 (SE 0.002)
  ~t+lasso (run_em_exact):       AUC = 0.188 (SE 0.002)
  tlasso   (run_tlasso):         AUC = 0.160 (SE 0.002)
  t*lasso  (run_tstar_varlasso): AUC = 0.192 (SE 0.002)
  glasso   (graphical_lasso):    AUC = 0.159 (SE 0.002)
Replicate 46/50
  Theta: 102/4950 edges
  pilot fit of run_tlasso at rho=30.34854
  -> rho_max = max|S_ij| (off-diag) = 17.81631
  [warn] pilot rho 30.34854 > rho_max 17.81631: it falls off the top of this method's grid
  rho grid: [17.81631461 15.78288144 13.98153053 12.38577357 10.97214548  9.7198593
  8.61050056  7.6277565   6.75717617  5.98595796  5.30276137  4.69754019
  4.16139485  3.6864415   3.2656961   2.89297172  2.56278758  2.27028841
  2.0111731   1.78163146]
Running run_tlasso over 20 rho values, extending until FPR >= 0.3...
  rho=17.81631 (1/20)
    fp=0.0000 tp=0.0000  [0.5s]
   nu  = 3.0000
  rho=15.78288 (2/20)
    fp=0.0000 tp=0.0000  [0.4s]
   nu  = 3.0000
  rho=13.98153 (3/20)
    fp=0.0000 tp=0.0098  [0.6s]
   nu  = 3.0000
  rho=12.38577 (4/20)
    fp=0.0000 tp=0.0196  [0.6s]
   nu  = 3.0000
  rho=10.97215 (5/20)
    fp=0.0000 tp=0.0196  [0.8s]
   nu  = 3.0000
  rho=9.71986 (6/20)
    fp=0.0000 tp=0.0196  [0.7s]
   nu  = 3.0000
  rho=8.61050 (7/20)
    fp=0.0002 tp=0.0196  [0.7s]
   nu  = 3.0000
  rho=7.62776 (8/20)
    fp=0.0010 tp=0.0294  [0.8s]
   nu  = 3.0000
  rho=6.75718 (9/20)
    fp=0.0014 tp=0.0392  [0.8s]
   nu  = 3.0000
  rho=5.98596 (10/20)
    fp=0.0019 tp=0.0490  [0.9s]
   nu  = 3.0000
  rho=5.30276 (11/20)
    fp=0.0031 tp=0.0490  [0.9s]
   nu  = 3.0000
  rho=4.69754 (12/20)
    fp=0.0050 tp=0.0784  [1.0s]
   nu  = 3.0000
  rho=4.16139 (13/20)
    fp=0.0068 tp=0.0882  [1.0s]
   nu  = 3.0000
  rho=3.68644 (14/20)
    fp=0.0118 tp=0.1176  [1.2s]
   nu  = 3.0000
  rho=3.26570 (15/20)
    fp=0.0190 tp=0.1275  [1.5s]
   nu  = 3.0000
  rho=2.89297 (16/20)
    fp=0.0278 tp=0.2255  [1.5s]
   nu  = 3.0000
  rho=2.56279 (17/20)
    fp=0.0402 tp=0.2941  [1.5s]
   nu  = 3.0000
  rho=2.27029 (18/20)
    fp=0.0611 tp=0.3627  [1.1s]
   nu  = 3.0000
  rho=2.01117 (19/20)
    fp=0.0924 tp=0.4706  [2.3s]
   nu  = 3.0000
  rho=1.78163 (20/20)
    fp=0.1256 tp=0.5588  [3.4s]
   nu  = 3.0000
  rho=1.57829 (21/21)  [extra 1/50]
    fp=0.1689 tp=0.6373  [3.5s]
   nu  = 3.0000
  rho=1.39815 (22/22)  [extra 2/50]
    fp=0.2129 tp=0.7157  [3.5s]
   nu  = 3.0000
  rho=1.23858 (23/23)  [extra 3/50]
    fp=0.2622 tp=0.7451  [3.4s]
   nu  = 3.0000
  rho=1.09721 (24/24)  [extra 4/50]
    fp=0.3098 tp=0.7745  [3.2s]
   nu  = 3.0000
  FPR 0.3098 >= fp_end=0.3; stopping after 24 fits
  grid extended by 4 points down to rho=1.09721, ending at FPR 0.3098
  pilot fit of run_tstar_varlasso at rho=0.30349
  -> rho_max = max|S_ij| (off-diag) = 0.51609
  rho grid: [0.51609332 0.45718993 0.40500938 0.35878436 0.31783515 0.2815596
 0.2494243  0.22095671 0.19573821 0.17339798 0.15360751 0.13607579
 0.12054502 0.10678683 0.09459891 0.08380203 0.07423744 0.06576448
 0.05825857 0.05160933]
Running run_tstar_varlasso over 20 rho values, extending until FPR >= 0.3...
  rho=0.51609 (1/20)
    fp=0.0000 tp=0.0196  [0.9s]
   nu  = 3.0000
  rho=0.45719 (2/20)
    fp=0.0000 tp=0.0196  [0.7s]
   nu  = 3.0000
  rho=0.40501 (3/20)
    fp=0.0000 tp=0.0294  [0.9s]
   nu  = 3.0000
  rho=0.35878 (4/20)
    fp=0.0000 tp=0.0294  [0.7s]
   nu  = 3.0000
  rho=0.31784 (5/20)
    fp=0.0008 tp=0.0392  [1.0s]
   nu  = 3.0000
  rho=0.28156 (6/20)
    fp=0.0017 tp=0.0490  [1.0s]
   nu  = 3.0000
  rho=0.24942 (7/20)
    fp=0.0031 tp=0.0784  [1.0s]
   nu  = 3.0000
  rho=0.22096 (8/20)
    fp=0.0062 tp=0.1471  [0.9s]
   nu  = 3.0000
  rho=0.19574 (9/20)
    fp=0.0103 tp=0.1765  [0.9s]
   nu  = 3.0000
  rho=0.17340 (10/20)
    fp=0.0177 tp=0.2353  [0.9s]
   nu  = 3.0000
  rho=0.15361 (11/20)
    fp=0.0272 tp=0.2745  [0.8s]
   nu  = 3.0000
  rho=0.13608 (12/20)
    fp=0.0398 tp=0.3431  [0.8s]
   nu  = 3.0000
  rho=0.12055 (13/20)
    fp=0.0561 tp=0.4118  [0.9s]
   nu  = 3.0000
  rho=0.10679 (14/20)
    fp=0.0767 tp=0.5392  [0.8s]
   nu  = 3.0000
  rho=0.09460 (15/20)
    fp=0.0961 tp=0.6569  [0.9s]
   nu  = 3.0000
  rho=0.08380 (16/20)
    fp=0.1209 tp=0.6961  [1.1s]
   nu  = 3.0000
  rho=0.07424 (17/20)
    fp=0.1465 tp=0.7157  [0.8s]
   nu  = 3.0000
  rho=0.06576 (18/20)
    fp=0.1708 tp=0.7647  [1.1s]
   nu  = 3.0000
  rho=0.05826 (19/20)
    fp=0.2013 tp=0.8039  [1.3s]
   nu  = 3.0000
  rho=0.05161 (20/20)
    fp=0.2290 tp=0.8137  [1.3s]
   nu  = 3.0000
  rho=0.04572 (21/21)  [extra 1/50]
    fp=0.2543 tp=0.8333  [1.5s]
   nu  = 3.0000
  rho=0.04050 (22/22)  [extra 2/50]
    fp=0.2832 tp=0.8529  [1.5s]
   nu  = 3.0000
  rho=0.03588 (23/23)  [extra 3/50]
    fp=0.3084 tp=0.8529  [1.5s]
   nu  = 3.0000
  FPR 0.3084 >= fp_end=0.3; stopping after 23 fits
  grid extended by 3 points down to rho=0.03588, ending at FPR 0.3084
  pilot fit of run_em_diagonal at rho=0.30349
  -> rho_max = max|S_ij| (off-diag) = 0.64188
  rho grid: [0.64187862 0.56861895 0.50372065 0.44622939 0.3952998  0.35018297
 0.31021546 0.27480957 0.24344468 0.21565955 0.19104564 0.16924098
 0.14992497 0.13281355 0.11765511 0.10422676 0.09233102 0.08179299
 0.07245769 0.06418786]
Running run_em_diagonal over 20 rho values, extending until FPR >= 0.3...
  rho=0.64188 (1/20)
    fp=0.0000 tp=0.0196  [49.0s]
   median nu  = 0.041
   median |eta| = 4.494
  rho=0.56862 (2/20)
    fp=0.0000 tp=0.0196  [49.3s]
   median nu  = 0.044
   median |eta| = 4.33
  rho=0.50372 (3/20)
    fp=0.0004 tp=0.0294  [50.0s]
   median nu  = 0.048
   median |eta| = 4.171
  rho=0.44623 (4/20)
    fp=0.0010 tp=0.0392  [53.3s]
   median nu  = 0.053
   median |eta| = 3.832
  rho=0.39530 (5/20)
    fp=0.0019 tp=0.0588  [49.8s]
   median nu  = 0.058
   median |eta| = 3.403
  rho=0.35018 (6/20)
    fp=0.0031 tp=0.0784  [52.1s]
   median nu  = 0.064
   median |eta| = 3.165
  rho=0.31022 (7/20)
    fp=0.0074 tp=0.1176  [51.2s]
   median nu  = 0.072
   median |eta| = 2.974
  rho=0.27481 (8/20)
    fp=0.0103 tp=0.1373  [51.1s]
   median nu  = 0.082
   median |eta| = 2.561
  rho=0.24344 (9/20)
    fp=0.0179 tp=0.2451  [51.9s]
   median nu  = 0.095
   median |eta| = 2.354
  rho=0.21566 (10/20)
    fp=0.0268 tp=0.2549  [50.8s]
   median nu  = 0.115
   median |eta| = 2.385
  rho=0.19105 (11/20)
    fp=0.0402 tp=0.3431  [49.4s]
   median nu  = 0.137
   median |eta| = 2.285
  rho=0.16924 (12/20)
    fp=0.0528 tp=0.4412  [48.9s]
   median nu  = 0.155
   median |eta| = 2.085
  rho=0.14992 (13/20)
    fp=0.0677 tp=0.4804  [48.1s]
   median nu  = 0.175
   median |eta| = 2.009
  rho=0.13281 (14/20)
    fp=0.0856 tp=0.5686  [48.4s]
   median nu  = 0.212
   median |eta| = 1.964
  rho=0.11766 (15/20)
    fp=0.1033 tp=0.6176  [56.3s]
   median nu  = 0.239
   median |eta| = 1.712
  rho=0.10423 (16/20)
    fp=0.1200 tp=0.6961  [58.4s]
   median nu  = 0.262
   median |eta| = 1.555
  rho=0.09233 (17/20)
    fp=0.1407 tp=0.7157  [56.8s]
   median nu  = 0.276
   median |eta| = 1.665
  rho=0.08179 (18/20)
    fp=0.1551 tp=0.7451  [50.3s]
   median nu  = 0.314
   median |eta| = 1.593
  rho=0.07246 (19/20)
    fp=0.1722 tp=0.7941  [47.6s]
   median nu  = 0.328
   median |eta| = 1.539
  rho=0.06419 (20/20)
    fp=0.1904 tp=0.8333  [47.7s]
   median nu  = 0.328
   median |eta| = 1.298
  rho=0.05686 (21/21)  [extra 1/50]
    fp=0.2079 tp=0.8431  [57.1s]
   median nu  = 0.313
   median |eta| = 1.241
  rho=0.05037 (22/22)  [extra 2/50]
    fp=0.2213 tp=0.8627  [55.2s]
   median nu  = 0.329
   median |eta| = 1.353
  rho=0.04462 (23/23)  [extra 3/50]
    fp=0.2341 tp=0.8824  [61.0s]
   median nu  = 0.377
   median |eta| = 1.254
  rho=0.03953 (24/24)  [extra 4/50]
    fp=0.2502 tp=0.8725  [54.5s]
   median nu  = 0.387
   median |eta| = 1.191
  rho=0.03502 (25/25)  [extra 5/50]
    fp=0.2552 tp=0.8725  [54.3s]
   median nu  = 0.477
   median |eta| = 0.85
  rho=0.03102 (26/26)  [extra 6/50]
    fp=0.2710 tp=0.8725  [47.6s]
   median nu  = 0.508
   median |eta| = 0.902
  rho=0.02748 (27/27)  [extra 7/50]
    fp=0.2828 tp=0.8627  [51.9s]
   median nu  = 0.716
   median |eta| = 0.426
  rho=0.02434 (28/28)  [extra 8/50]
    fp=0.2923 tp=0.8529  [55.3s]
   median nu  = 0.7
   median |eta| = 0.615
  rho=0.02157 (29/29)  [extra 9/50]
    fp=0.3012 tp=0.8627  [49.3s]
   median nu  = 0.895
   median |eta| = 0.257
  FPR 0.3012 >= fp_end=0.3; stopping after 29 fits
  grid extended by 9 points down to rho=0.02157, ending at FPR 0.3012
  pilot fit of run_em_exact at rho=0.30349
  -> rho_max = max|S_ij| (off-diag) = 0.66469
  rho grid: [0.66469342 0.58882983 0.52162479 0.46209008 0.40935025 0.36262979
 0.32124169 0.28457735 0.25209762 0.22332491 0.19783612 0.17525645
 0.15525387 0.13753425 0.12183702 0.10793137 0.09561282 0.08470022
 0.07503311 0.06646934]
Running run_em_exact over 20 rho values, extending until FPR >= 0.3...
  rho=0.66469 (1/20)
    fp=0.0000 tp=0.0196  [53.2s]
   median nu  = 0.04
   median |eta| = 4.439
  rho=0.58883 (2/20)
    fp=0.0000 tp=0.0196  [52.8s]
   median nu  = 0.043
   median |eta| = 4.43
  rho=0.52162 (3/20)
    fp=0.0002 tp=0.0294  [53.9s]
   median nu  = 0.047
   median |eta| = 4.222
  rho=0.46209 (4/20)
    fp=0.0010 tp=0.0392  [54.0s]
   median nu  = 0.051
   median |eta| = 3.941
  rho=0.40935 (5/20)
    fp=0.0019 tp=0.0490  [53.9s]
   median nu  = 0.056
   median |eta| = 3.403
  rho=0.36263 (6/20)
    fp=0.0031 tp=0.0588  [53.1s]
   median nu  = 0.063
   median |eta| = 3.077
  rho=0.32124 (7/20)
    fp=0.0066 tp=0.1078  [51.5s]
   median nu  = 0.07
   median |eta| = 2.801
  rho=0.28458 (8/20)
    fp=0.0101 tp=0.1275  [50.1s]
   median nu  = 0.08
   median |eta| = 2.428
  rho=0.25210 (9/20)
    fp=0.0165 tp=0.2157  [49.8s]
   median nu  = 0.096
   median |eta| = 2.111
  rho=0.22332 (10/20)
    fp=0.0248 tp=0.2549  [50.3s]
   median nu  = 0.116
   median |eta| = 1.736
  rho=0.19784 (11/20)
    fp=0.0369 tp=0.3333  [49.4s]
   median nu  = 0.143
   median |eta| = 1.499
  rho=0.17526 (12/20)
    fp=0.0509 tp=0.4118  [49.3s]
   median nu  = 0.17
   median |eta| = 1.183
  rho=0.15525 (13/20)
    fp=0.0695 tp=0.4706  [48.0s]
   median nu  = 0.219
   median |eta| = 0.938
  rho=0.13753 (14/20)
    fp=0.0895 tp=0.5490  [52.8s]
   median nu  = 0.266
   median |eta| = 0.743
  rho=0.12184 (15/20)
    fp=0.1062 tp=0.6275  [48.3s]
   median nu  = 0.302
   median |eta| = 0.588
  rho=0.10793 (16/20)
    fp=0.1262 tp=0.7059  [53.9s]
   median nu  = 0.375
   median |eta| = 0.452
  rho=0.09561 (17/20)
    fp=0.1493 tp=0.7255  [52.5s]
   median nu  = 0.436
   median |eta| = 0.341
  rho=0.08470 (18/20)
    fp=0.1706 tp=0.7549  [55.7s]
   median nu  = 0.526
   median |eta| = 0.264
  rho=0.07503 (19/20)
    fp=0.1920 tp=0.7843  [67.7s]
   median nu  = 0.615
   median |eta| = 0.207
  rho=0.06647 (20/20)
    fp=0.2156 tp=0.8431  [59.0s]
   median nu  = 0.715
   median |eta| = 0.158
  rho=0.05888 (21/21)  [extra 1/50]
    fp=0.2347 tp=0.8529  [53.2s]
   median nu  = 0.806
   median |eta| = 0.118
  rho=0.05216 (22/22)  [extra 2/50]
    fp=0.2547 tp=0.8725  [53.3s]
   median nu  = 0.874
   median |eta| = 0.08
  rho=0.04621 (23/23)  [extra 3/50]
    fp=0.2723 tp=0.9020  [42.0s]
   median nu  = 0.992
   median |eta| = 0.06
  rho=0.04094 (24/24)  [extra 4/50]
    fp=0.2898 tp=0.9118  [43.5s]
   median nu  = 1.115
   median |eta| = 0.045
  rho=0.03626 (25/25)  [extra 5/50]
    fp=0.3040 tp=0.9118  [54.1s]
   median nu  = 1.223
   median |eta| = 0.033
  FPR 0.3040 >= fp_end=0.3; stopping after 25 fits
  grid extended by 5 points down to rho=0.03626, ending at FPR 0.3040
  graphical_lasso rho_max = max|S_ij| (off-diag) = 0.80482
  rho grid: [0.80482229 0.71296534 0.63159232 0.55950666 0.49564837 0.43907843
 0.388965   0.34457118 0.30524416 0.27040567 0.2395434  0.21220354
 0.18798407 0.16652885 0.14752237 0.13068517 0.11576965 0.10255649
 0.09085139 0.08048223]
Running graphical_lasso over 20 rho values, extending until FPR >= 0.3...
  rho=0.80482 (1/20)
    fp=0.0000 tp=0.0000  [0.1s]
  rho=0.71297 (2/20)
    fp=0.0000 tp=0.0196  [0.1s]
  rho=0.63159 (3/20)
    fp=0.0000 tp=0.0196  [67.3s]
  rho=0.55951 (4/20)
    fp=0.0000 tp=0.0196  [66.5s]
  rho=0.49565 (5/20)
    fp=0.0014 tp=0.0392  [0.1s]
  rho=0.43908 (6/20)
    fp=0.0023 tp=0.0490  [65.8s]
  rho=0.38897 (7/20)
    fp=0.0047 tp=0.0784  [58.2s]
  rho=0.34457 (8/20)
    fp=0.0095 tp=0.0980  [61.3s]
  rho=0.30524 (9/20)
    fp=0.0179 tp=0.1569  [59.6s]
  rho=0.27041 (10/20)
    fp=0.0309 tp=0.2451  [60.8s]
  rho=0.23954 (11/20)
    fp=0.0491 tp=0.3137  [62.5s]
  rho=0.21220 (12/20)
    fp=0.0675 tp=0.3627  [0.1s]
  rho=0.18798 (13/20)
    fp=0.0947 tp=0.4608  [0.2s]
  rho=0.16653 (14/20)
    fp=0.1236 tp=0.5490  [61.2s]
  rho=0.14752 (15/20)
    fp=0.1531 tp=0.6275  [0.2s]
  rho=0.13069 (16/20)
    fp=0.1842 tp=0.6863  [66.6s]
  rho=0.11577 (17/20)
    fp=0.2178 tp=0.7255  [0.3s]
  rho=0.10256 (18/20)
    fp=0.2554 tp=0.7451  [0.3s]
  rho=0.09085 (19/20)
    fp=0.2927 tp=0.7941  [0.3s]
  rho=0.08048 (20/20)
    fp=0.3253 tp=0.8039  [0.6s]
  FPR 0.3253 >= fp_end=0.3; stopping after 20 fits
  [note] 10/20 fits hit a glasso ConvergenceWarning (suppressed)

(p=100, n=50) over 46 replicates
  t+lasso  (run_em_diagonal):    AUC = 0.196 (SE 0.002)
  ~t+lasso (run_em_exact):       AUC = 0.188 (SE 0.002)
  tlasso   (run_tlasso):         AUC = 0.160 (SE 0.002)
  t*lasso  (run_tstar_varlasso): AUC = 0.192 (SE 0.002)
  glasso   (graphical_lasso):    AUC = 0.159 (SE 0.002)
Replicate 47/50
  Theta: 83/4950 edges
  pilot fit of run_tlasso at rho=30.34854
  -> rho_max = max|S_ij| (off-diag) = 11.81009
  [warn] pilot rho 30.34854 > rho_max 11.81009: it falls off the top of this method's grid
  rho grid: [11.8100879  10.46216466  9.26808423  8.21028803  7.27322151  6.44310539
  5.70773309  5.0562912   4.47920045  3.96797493  3.51509722  3.11390789
  2.75850759  2.44367026  2.16476633  1.9176946   1.69882196  1.50492996
  1.33316747  1.18100879]
Running run_tlasso over 20 rho values, extending until FPR >= 0.3...
  rho=11.81009 (1/20)
    fp=0.0000 tp=0.0000  [0.5s]
   nu  = 3.0000
  rho=10.46216 (2/20)
    fp=0.0000 tp=0.0000  [0.4s]
   nu  = 3.0000
  rho=9.26808 (3/20)
    fp=0.0000 tp=0.0000  [0.4s]
   nu  = 3.0000
  rho=8.21029 (4/20)
    fp=0.0000 tp=0.0000  [0.5s]
   nu  = 3.0000
  rho=7.27322 (5/20)
    fp=0.0000 tp=0.0120  [0.9s]
   nu  = 3.0000
  rho=6.44311 (6/20)
    fp=0.0008 tp=0.0241  [0.9s]
   nu  = 3.0000
  rho=5.70773 (7/20)
    fp=0.0023 tp=0.0361  [0.9s]
   nu  = 3.0000
  rho=5.05629 (8/20)
    fp=0.0031 tp=0.0602  [1.0s]
   nu  = 3.0000
  rho=4.47920 (9/20)
    fp=0.0045 tp=0.0723  [1.2s]
   nu  = 3.0000
  rho=3.96797 (10/20)
    fp=0.0080 tp=0.1325  [1.2s]
   nu  = 3.0000
  rho=3.51510 (11/20)
    fp=0.0129 tp=0.1928  [1.2s]
   nu  = 3.0000
  rho=3.11391 (12/20)
    fp=0.0205 tp=0.2169  [1.5s]
   nu  = 3.0000
  rho=2.75851 (13/20)
    fp=0.0339 tp=0.2651  [1.4s]
   nu  = 3.0000
  rho=2.44367 (14/20)
    fp=0.0573 tp=0.3373  [1.5s]
   nu  = 3.0000
  rho=2.16477 (15/20)
    fp=0.0966 tp=0.4819  [2.6s]
   nu  = 3.0000
  rho=1.91769 (16/20)
    fp=0.1461 tp=0.6386  [4.5s]
   nu  = 3.0000
  rho=1.69882 (17/20)
    fp=0.1946 tp=0.6988  [3.8s]
   nu  = 3.0000
  rho=1.50493 (18/20)
    fp=0.2373 tp=0.7590  [3.1s]
   nu  = 3.0000
  rho=1.33317 (19/20)
    fp=0.2757 tp=0.7831  [2.8s]
   nu  = 3.0000
  rho=1.18101 (20/20)
    fp=0.3176 tp=0.7952  [3.0s]
   nu  = 3.0000
  FPR 0.3176 >= fp_end=0.3; stopping after 20 fits
  pilot fit of run_tstar_varlasso at rho=0.30349
  -> rho_max = max|S_ij| (off-diag) = 0.34253
  rho grid: [0.34252649 0.30343284 0.26880108 0.23812195 0.21094433 0.18686857
 0.16554066 0.14664698 0.12990969 0.11508268 0.10194792 0.09031228
 0.08000465 0.07087346 0.06278445 0.05561865 0.04927072 0.04364729
 0.03866569 0.03425265]
Running run_tstar_varlasso over 20 rho values, extending until FPR >= 0.3...
  rho=0.34253 (1/20)
    fp=0.0000 tp=0.0120  [0.6s]
   nu  = 3.0000
  rho=0.30343 (2/20)
    fp=0.0006 tp=0.0602  [0.8s]
   nu  = 3.0000
  rho=0.26880 (3/20)
    fp=0.0012 tp=0.0843  [0.7s]
   nu  = 3.0000
  rho=0.23812 (4/20)
    fp=0.0039 tp=0.1325  [0.7s]
   nu  = 3.0000
  rho=0.21094 (5/20)
    fp=0.0097 tp=0.1928  [0.7s]
   nu  = 3.0000
  rho=0.18687 (6/20)
    fp=0.0179 tp=0.2892  [0.7s]
   nu  = 3.0000
  rho=0.16554 (7/20)
    fp=0.0290 tp=0.3494  [0.8s]
   nu  = 3.0000
  rho=0.14665 (8/20)
    fp=0.0468 tp=0.4819  [0.8s]
   nu  = 3.0000
  rho=0.12991 (9/20)
    fp=0.0705 tp=0.5301  [0.8s]
   nu  = 3.0000
  rho=0.11508 (10/20)
    fp=0.0925 tp=0.6506  [0.8s]
   nu  = 3.0000
  rho=0.10195 (11/20)
    fp=0.1196 tp=0.6988  [1.3s]
   nu  = 3.0000
  rho=0.09031 (12/20)
    fp=0.1451 tp=0.7349  [1.2s]
   nu  = 3.0000
  rho=0.08000 (13/20)
    fp=0.1720 tp=0.7711  [1.2s]
   nu  = 3.0000
  rho=0.07087 (14/20)
    fp=0.1981 tp=0.7952  [1.3s]
   nu  = 3.0000
  rho=0.06278 (15/20)
    fp=0.2258 tp=0.8434  [1.2s]
   nu  = 3.0000
  rho=0.05562 (16/20)
    fp=0.2519 tp=0.8434  [0.9s]
   nu  = 3.0000
  rho=0.04927 (17/20)
    fp=0.2772 tp=0.8795  [1.1s]
   nu  = 3.0000
  rho=0.04365 (18/20)
    fp=0.3006 tp=0.8795  [1.5s]
   nu  = 3.0000
  FPR 0.3006 >= fp_end=0.3; stopping after 18 fits
  grid stopped 2 points early at rho=0.04365, ending at FPR 0.3006
  pilot fit of run_em_diagonal at rho=0.30349
  -> rho_max = max|S_ij| (off-diag) = 0.49916
  rho grid: [0.49915799 0.44218749 0.39171921 0.34701104 0.30740556 0.27232037
 0.24123957 0.21370613 0.18931516 0.16770801 0.14856696 0.13161054
 0.1165894  0.10328268 0.0914947  0.08105211 0.07180138 0.06360645
 0.05634685 0.0499158 ]
Running run_em_diagonal over 20 rho values, extending until FPR >= 0.3...
  rho=0.49916 (1/20)
    fp=0.0000 tp=0.0120  [47.7s]
   median nu  = 0.041
   median |eta| = 4.37
  rho=0.44219 (2/20)
    fp=0.0008 tp=0.0361  [53.2s]
   median nu  = 0.045
   median |eta| = 4.417
  rho=0.39172 (3/20)
    fp=0.0027 tp=0.0723  [49.3s]
   median nu  = 0.048
   median |eta| = 4.403
  rho=0.34701 (4/20)
    fp=0.0043 tp=0.1084  [50.9s]
   median nu  = 0.053
   median |eta| = 4.397
  rho=0.30741 (5/20)
    fp=0.0103 tp=0.1687  [51.9s]
   median nu  = 0.059
   median |eta| = 4.54
  rho=0.27232 (6/20)
    fp=0.0158 tp=0.2048  [49.1s]
   median nu  = 0.066
   median |eta| = 4.275
  rho=0.24124 (7/20)
    fp=0.0263 tp=0.3012  [52.3s]
   median nu  = 0.075
   median |eta| = 4.148
  rho=0.21371 (8/20)
    fp=0.0452 tp=0.3373  [52.5s]
   median nu  = 0.086
   median |eta| = 3.923
  rho=0.18932 (9/20)
    fp=0.0703 tp=0.4578  [49.3s]
   median nu  = 0.104
   median |eta| = 3.713
  rho=0.16771 (10/20)
    fp=0.0875 tp=0.5181  [49.6s]
   median nu  = 0.131
   median |eta| = 3.538
  rho=0.14857 (11/20)
    fp=0.1064 tp=0.6506  [54.4s]
   median nu  = 0.161
   median |eta| = 3.442
  rho=0.13161 (12/20)
    fp=0.1229 tp=0.6867  [55.9s]
   median nu  = 0.179
   median |eta| = 3.402
  rho=0.11659 (13/20)
    fp=0.1391 tp=0.7229  [57.3s]
   median nu  = 0.19
   median |eta| = 3.31
  rho=0.10328 (14/20)
    fp=0.1584 tp=0.7590  [50.3s]
   median nu  = 0.207
   median |eta| = 3.35
  rho=0.09149 (15/20)
    fp=0.1742 tp=0.7952  [48.2s]
   median nu  = 0.213
   median |eta| = 3.308
  rho=0.08105 (16/20)
    fp=0.1935 tp=0.8434  [47.1s]
   median nu  = 0.208
   median |eta| = 3.394
  rho=0.07180 (17/20)
    fp=0.2104 tp=0.8675  [49.0s]
   median nu  = 0.218
   median |eta| = 3.585
  rho=0.06361 (18/20)
    fp=0.2219 tp=0.9157  [52.3s]
   median nu  = 0.209
   median |eta| = 4.414
  rho=0.05635 (19/20)
    fp=0.2361 tp=0.9277  [58.0s]
   median nu  = 0.213
   median |eta| = 4.234
  rho=0.04992 (20/20)
    fp=0.2449 tp=0.9277  [52.8s]
   median nu  = 0.192
   median |eta| = 5.862
  rho=0.04422 (21/21)  [extra 1/50]
    fp=0.2607 tp=0.9277  [58.1s]
   median nu  = 0.2
   median |eta| = 3.762
  rho=0.03917 (22/22)  [extra 2/50]
    fp=0.2700 tp=0.9277  [54.3s]
   median nu  = 0.255
   median |eta| = 4.301
  rho=0.03470 (23/23)  [extra 3/50]
    fp=0.2778 tp=0.9277  [55.5s]
   median nu  = 0.267
   median |eta| = 3.217
  rho=0.03074 (24/24)  [extra 4/50]
    fp=0.2930 tp=0.9036  [52.5s]
   median nu  = 0.37
   median |eta| = 1.933
  rho=0.02723 (25/25)  [extra 5/50]
    fp=0.2938 tp=0.8916  [54.4s]
   median nu  = 0.381
   median |eta| = 2.175
  rho=0.02412 (26/26)  [extra 6/50]
    fp=0.3047 tp=0.8916  [51.5s]
   median nu  = 0.488
   median |eta| = 0.26
  FPR 0.3047 >= fp_end=0.3; stopping after 26 fits
  grid extended by 6 points down to rho=0.02412, ending at FPR 0.3047
  pilot fit of run_em_exact at rho=0.30349
  -> rho_max = max|S_ij| (off-diag) = 0.50824
  rho grid: [0.50824334 0.4502359  0.39884903 0.35332711 0.31300075 0.27727697
 0.24563046 0.21759587 0.19276095 0.17076053 0.15127108 0.13400603
 0.11871149 0.10516257 0.09316002 0.08252737 0.07310826 0.06476418
 0.05737243 0.05082433]
Running run_em_exact over 20 rho values, extending until FPR >= 0.3...
  rho=0.50824 (1/20)
    fp=0.0000 tp=0.0120  [49.4s]
   median nu  = 0.041
   median |eta| = 4.372
  rho=0.45024 (2/20)
    fp=0.0006 tp=0.0361  [51.7s]
   median nu  = 0.044
   median |eta| = 4.415
  rho=0.39885 (3/20)
    fp=0.0025 tp=0.0723  [52.4s]
   median nu  = 0.048
   median |eta| = 4.415
  rho=0.35333 (4/20)
    fp=0.0041 tp=0.1084  [53.8s]
   median nu  = 0.052
   median |eta| = 4.355
  rho=0.31300 (5/20)
    fp=0.0101 tp=0.1687  [52.4s]
   median nu  = 0.058
   median |eta| = 3.92
  rho=0.27728 (6/20)
    fp=0.0150 tp=0.2048  [55.1s]
   median nu  = 0.065
   median |eta| = 3.261
  rho=0.24563 (7/20)
    fp=0.0255 tp=0.3012  [50.2s]
   median nu  = 0.075
   median |eta| = 3.043
  rho=0.21760 (8/20)
    fp=0.0448 tp=0.3373  [53.4s]
   median nu  = 0.088
   median |eta| = 2.732
  rho=0.19276 (9/20)
    fp=0.0709 tp=0.4578  [49.4s]
   median nu  = 0.109
   median |eta| = 1.84
  rho=0.17076 (10/20)
    fp=0.0912 tp=0.5301  [54.8s]
   median nu  = 0.147
   median |eta| = 1.27
  rho=0.15127 (11/20)
    fp=0.1132 tp=0.6386  [56.2s]
   median nu  = 0.196
   median |eta| = 1.013
  rho=0.13401 (12/20)
    fp=0.1336 tp=0.6988  [56.6s]
   median nu  = 0.263
   median |eta| = 0.711
  rho=0.11871 (13/20)
    fp=0.1578 tp=0.7470  [55.8s]
   median nu  = 0.336
   median |eta| = 0.524
  rho=0.10516 (14/20)
    fp=0.1837 tp=0.7590  [54.4s]
   median nu  = 0.398
   median |eta| = 0.355
  rho=0.09316 (15/20)
    fp=0.2040 tp=0.8072  [51.2s]
   median nu  = 0.459
   median |eta| = 0.235
  rho=0.08253 (16/20)
    fp=0.2213 tp=0.8313  [47.4s]
   median nu  = 0.549
   median |eta| = 0.168
  rho=0.07311 (17/20)
    fp=0.2439 tp=0.8795  [50.5s]
   median nu  = 0.64
   median |eta| = 0.123
  rho=0.06476 (18/20)
    fp=0.2632 tp=0.8916  [46.6s]
   median nu  = 0.74
   median |eta| = 0.089
  rho=0.05737 (19/20)
    fp=0.2774 tp=0.9036  [54.5s]
   median nu  = 0.856
   median |eta| = 0.065
  rho=0.05082 (20/20)
    fp=0.2942 tp=0.9157  [66.1s]
   median nu  = 0.972
   median |eta| = 0.049
  rho=0.04502 (21/21)  [extra 1/50]
    fp=0.3053 tp=0.9157  [59.0s]
   median nu  = 1.084
   median |eta| = 0.034
  FPR 0.3053 >= fp_end=0.3; stopping after 21 fits
  grid extended by 1 points down to rho=0.04502, ending at FPR 0.3053
  graphical_lasso rho_max = max|S_ij| (off-diag) = 0.55894
  rho grid: [0.55893506 0.49514201 0.43862986 0.38856763 0.34421916 0.30493232
 0.27012942 0.23929868 0.21198675 0.18779202 0.16635872 0.14737166
 0.13055166 0.11565138 0.10245172 0.09075858 0.08040001 0.0712237
 0.06309471 0.05589351]
Running graphical_lasso over 20 rho values, extending until FPR >= 0.3...
  rho=0.55894 (1/20)
    fp=0.0000 tp=0.0000  [0.1s]
  rho=0.49514 (2/20)
    fp=0.0010 tp=0.0241  [0.1s]
  rho=0.43863 (3/20)
    fp=0.0029 tp=0.0602  [80.8s]
  rho=0.38857 (4/20)
    fp=0.0051 tp=0.0843  [74.8s]
  rho=0.34422 (5/20)
    fp=0.0095 tp=0.1566  [80.8s]
  rho=0.30493 (6/20)
    fp=0.0164 tp=0.2048  [69.1s]
  rho=0.27013 (7/20)
    fp=0.0345 tp=0.3133  [67.9s]
  rho=0.23930 (8/20)
    fp=0.0610 tp=0.3373  [66.4s]
  rho=0.21199 (9/20)
    fp=0.0906 tp=0.4217  [57.2s]
  rho=0.18779 (10/20)
    fp=0.1186 tp=0.5060  [61.1s]
  rho=0.16636 (11/20)
    fp=0.1486 tp=0.5904  [59.5s]
  rho=0.14737 (12/20)
    fp=0.1790 tp=0.6506  [60.3s]
  rho=0.13055 (13/20)
    fp=0.2104 tp=0.7229  [62.5s]
  rho=0.11565 (14/20)
    fp=0.2439 tp=0.7590  [0.3s]
  rho=0.10245 (15/20)
    fp=0.2782 tp=0.7711  [0.2s]
  rho=0.09076 (16/20)
    fp=0.3107 tp=0.7831  [0.4s]
  FPR 0.3107 >= fp_end=0.3; stopping after 16 fits
  [note] 11/16 fits hit a glasso ConvergenceWarning (suppressed)
  grid stopped 4 points early at rho=0.09076, ending at FPR 0.3107

(p=100, n=50) over 47 replicates
  t+lasso  (run_em_diagonal):    AUC = 0.196 (SE 0.002)
  ~t+lasso (run_em_exact):       AUC = 0.188 (SE 0.002)
  tlasso   (run_tlasso):         AUC = 0.160 (SE 0.002)
  t*lasso  (run_tstar_varlasso): AUC = 0.192 (SE 0.002)
  glasso   (graphical_lasso):    AUC = 0.159 (SE 0.002)
Replicate 48/50
  Theta: 113/4950 edges
  pilot fit of run_tlasso at rho=30.34854
  -> rho_max = max|S_ij| (off-diag) = 13.69664
  [warn] pilot rho 30.34854 > rho_max 13.69664: it falls off the top of this method's grid
  rho grid: [13.69663832 12.13339703 10.74857349  9.5218043   8.43505021  7.47233086
  6.61948975  5.86398614  5.19471058  4.60182159  4.07660092  3.61132537
  3.19915322  2.83402359  2.51056739  2.22402827  1.97019279  1.74532836
  1.54612843  1.36966383]
Running run_tlasso over 20 rho values, extending until FPR >= 0.3...
  rho=13.69664 (1/20)
    fp=0.0000 tp=0.0000  [0.5s]
   nu  = 3.0000
  rho=12.13340 (2/20)
    fp=0.0000 tp=0.0000  [0.4s]
   nu  = 3.0000
  rho=10.74857 (3/20)
    fp=0.0000 tp=0.0000  [0.4s]
   nu  = 3.0000
  rho=9.52180 (4/20)
    fp=0.0000 tp=0.0088  [0.6s]
   nu  = 3.0000
  rho=8.43505 (5/20)
    fp=0.0000 tp=0.0177  [0.8s]
   nu  = 3.0000
  rho=7.47233 (6/20)
    fp=0.0000 tp=0.0265  [0.9s]
   nu  = 3.0000
  rho=6.61949 (7/20)
    fp=0.0000 tp=0.0442  [0.9s]
   nu  = 3.0000
  rho=5.86399 (8/20)
    fp=0.0002 tp=0.0442  [0.8s]
   nu  = 3.0000
  rho=5.19471 (9/20)
    fp=0.0006 tp=0.0442  [0.8s]
   nu  = 3.0000
  rho=4.60182 (10/20)
    fp=0.0029 tp=0.0531  [1.0s]
   nu  = 3.0000
  rho=4.07660 (11/20)
    fp=0.0050 tp=0.0796  [1.0s]
   nu  = 3.0000
  rho=3.61133 (12/20)
    fp=0.0074 tp=0.1239  [1.1s]
   nu  = 3.0000
  rho=3.19915 (13/20)
    fp=0.0114 tp=0.1239  [1.2s]
   nu  = 3.0000
  rho=2.83402 (14/20)
    fp=0.0184 tp=0.1504  [1.5s]
   nu  = 3.0000
  rho=2.51057 (15/20)
    fp=0.0318 tp=0.2212  [1.5s]
   nu  = 3.0000
  rho=2.22403 (16/20)
    fp=0.0488 tp=0.3451  [1.2s]
   nu  = 3.0000
  rho=1.97019 (17/20)
    fp=0.0790 tp=0.4425  [2.1s]
   nu  = 3.0000
  rho=1.74533 (18/20)
    fp=0.1137 tp=0.4779  [2.6s]
   nu  = 3.0000
  rho=1.54613 (19/20)
    fp=0.1551 tp=0.5133  [2.7s]
   nu  = 3.0000
  rho=1.36966 (20/20)
    fp=0.2022 tp=0.5929  [3.4s]
   nu  = 3.0000
  rho=1.21334 (21/21)  [extra 1/50]
    fp=0.2497 tp=0.6814  [3.3s]
   nu  = 3.0000
  rho=1.07486 (22/22)  [extra 2/50]
    fp=0.3002 tp=0.7257  [3.3s]
   nu  = 3.0000
  FPR 0.3002 >= fp_end=0.3; stopping after 22 fits
  grid extended by 2 points down to rho=1.07486, ending at FPR 0.3002
  pilot fit of run_tstar_varlasso at rho=0.30349
  -> rho_max = max|S_ij| (off-diag) = 0.42529
  rho grid: [0.42528953 0.37674987 0.3337502  0.29565822 0.2619138  0.23202074
 0.20553946 0.18208059 0.16129914 0.14288955 0.12658111 0.112134
 0.09933579 0.08799828 0.07795475 0.06905753 0.06117577 0.05419358
 0.04800829 0.04252895]
Running run_tstar_varlasso over 20 rho values, extending until FPR >= 0.3...
  rho=0.42529 (1/20)
    fp=0.0000 tp=0.0088  [0.8s]
   nu  = 3.0000
  rho=0.37675 (2/20)
    fp=0.0000 tp=0.0265  [0.6s]
   nu  = 3.0000
  rho=0.33375 (3/20)
    fp=0.0000 tp=0.0442  [0.6s]
   nu  = 3.0000
  rho=0.29566 (4/20)
    fp=0.0002 tp=0.0531  [0.6s]
   nu  = 3.0000
  rho=0.26191 (5/20)
    fp=0.0006 tp=0.0708  [0.8s]
   nu  = 3.0000
  rho=0.23202 (6/20)
    fp=0.0025 tp=0.1062  [0.7s]
   nu  = 3.0000
  rho=0.20554 (7/20)
    fp=0.0050 tp=0.1150  [0.7s]
   nu  = 3.0000
  rho=0.18208 (8/20)
    fp=0.0101 tp=0.1681  [0.7s]
   nu  = 3.0000
  rho=0.16130 (9/20)
    fp=0.0178 tp=0.2389  [0.7s]
   nu  = 3.0000
  rho=0.14289 (10/20)
    fp=0.0281 tp=0.3451  [0.7s]
   nu  = 3.0000
  rho=0.12658 (11/20)
    fp=0.0420 tp=0.3982  [0.9s]
   nu  = 3.0000
  rho=0.11213 (12/20)
    fp=0.0600 tp=0.4425  [0.8s]
   nu  = 3.0000
  rho=0.09934 (13/20)
    fp=0.0798 tp=0.4956  [0.8s]
   nu  = 3.0000
  rho=0.08800 (14/20)
    fp=0.1007 tp=0.5133  [0.8s]
   nu  = 3.0000
  rho=0.07795 (15/20)
    fp=0.1211 tp=0.6018  [1.3s]
   nu  = 3.0000
  rho=0.06906 (16/20)
    fp=0.1499 tp=0.6637  [1.3s]
   nu  = 3.0000
  rho=0.06118 (17/20)
    fp=0.1735 tp=0.7168  [1.2s]
   nu  = 3.0000
  rho=0.05419 (18/20)
    fp=0.2007 tp=0.7522  [1.3s]
   nu  = 3.0000
  rho=0.04801 (19/20)
    fp=0.2272 tp=0.8053  [0.9s]
   nu  = 3.0000
  rho=0.04253 (20/20)
    fp=0.2526 tp=0.8142  [1.0s]
   nu  = 3.0000
  rho=0.03767 (21/21)  [extra 1/50]
    fp=0.2855 tp=0.8319  [1.5s]
   nu  = 3.0000
  rho=0.03338 (22/22)  [extra 2/50]
    fp=0.3109 tp=0.8496  [1.5s]
   nu  = 3.0000
  FPR 0.3109 >= fp_end=0.3; stopping after 22 fits
  grid extended by 2 points down to rho=0.03338, ending at FPR 0.3109
  pilot fit of run_em_diagonal at rho=0.30349
  -> rho_max = max|S_ij| (off-diag) = 0.56905
  rho grid: [0.56904658 0.50409947 0.44656498 0.39559709 0.35044632 0.31044876
 0.27501624 0.24362776 0.21582174 0.19118931 0.16936826 0.15003772
 0.13291343 0.1177436  0.10430514 0.09240046 0.0818545  0.07251218
 0.06423613 0.05690466]
Running run_em_diagonal over 20 rho values, extending until FPR >= 0.3...
  rho=0.56905 (1/20)
    fp=0.0000 tp=0.0088  [48.7s]
   median nu  = 0.042
   median |eta| = 4.264
  rho=0.50410 (2/20)
    fp=0.0000 tp=0.0265  [51.7s]
   median nu  = 0.045
   median |eta| = 3.809
  rho=0.44656 (3/20)
    fp=0.0000 tp=0.0442  [52.1s]
   median nu  = 0.05
   median |eta| = 3.53
  rho=0.39560 (4/20)
    fp=0.0002 tp=0.0442  [49.4s]
   median nu  = 0.055
   median |eta| = 3.353
  rho=0.35045 (5/20)
    fp=0.0010 tp=0.0619  [52.6s]
   median nu  = 0.062
   median |eta| = 3.326
  rho=0.31045 (6/20)
    fp=0.0029 tp=0.0973  [52.6s]
   median nu  = 0.07
   median |eta| = 3.179
  rho=0.27502 (7/20)
    fp=0.0060 tp=0.1150  [49.2s]
   median nu  = 0.082
   median |eta| = 3.043
  rho=0.24363 (8/20)
    fp=0.0110 tp=0.1504  [49.8s]
   median nu  = 0.096
   median |eta| = 3.139
  rho=0.21582 (9/20)
    fp=0.0192 tp=0.2478  [48.3s]
   median nu  = 0.113
   median |eta| = 3.134
  rho=0.19119 (10/20)
    fp=0.0308 tp=0.3363  [48.7s]
   median nu  = 0.132
   median |eta| = 3.027
  rho=0.16937 (11/20)
    fp=0.0407 tp=0.3717  [48.8s]
   median nu  = 0.152
   median |eta| = 2.884
  rho=0.15004 (12/20)
    fp=0.0579 tp=0.4248  [51.9s]
   median nu  = 0.18
   median |eta| = 2.8
  rho=0.13291 (13/20)
    fp=0.0753 tp=0.4602  [56.4s]
   median nu  = 0.188
   median |eta| = 2.829
  rho=0.11774 (14/20)
    fp=0.0912 tp=0.5133  [56.5s]
   median nu  = 0.195
   median |eta| = 2.725
  rho=0.10431 (15/20)
    fp=0.1098 tp=0.5752  [55.3s]
   median nu  = 0.21
   median |eta| = 2.64
  rho=0.09240 (16/20)
    fp=0.1257 tp=0.6549  [56.7s]
   median nu  = 0.234
   median |eta| = 2.704
  rho=0.08185 (17/20)
    fp=0.1447 tp=0.7080  [59.3s]
   median nu  = 0.234
   median |eta| = 2.824
  rho=0.07251 (18/20)
    fp=0.1633 tp=0.7611  [56.8s]
   median nu  = 0.247
   median |eta| = 2.716
  rho=0.06424 (19/20)
    fp=0.1778 tp=0.7876  [63.3s]
   median nu  = 0.299
   median |eta| = 2.609
  rho=0.05690 (20/20)
    fp=0.1947 tp=0.8053  [59.0s]
   median nu  = 0.311
   median |eta| = 2.487
  rho=0.05041 (21/21)  [extra 1/50]
    fp=0.2113 tp=0.8142  [55.7s]
   median nu  = 0.328
   median |eta| = 2.572
  rho=0.04466 (22/22)  [extra 2/50]
    fp=0.2227 tp=0.8496  [54.6s]
   median nu  = 0.293
   median |eta| = 3.079
  rho=0.03956 (23/23)  [extra 3/50]
    fp=0.2363 tp=0.8673  [55.2s]
   median nu  = 0.318
   median |eta| = 3.292
  rho=0.03504 (24/24)  [extra 4/50]
    fp=0.2466 tp=0.8673  [50.1s]
   median nu  = 0.239
   median |eta| = 5.428
  rho=0.03104 (25/25)  [extra 5/50]
    fp=0.2588 tp=0.8761  [49.3s]
   median nu  = 0.291
   median |eta| = 4.325
  rho=0.02750 (26/26)  [extra 6/50]
    fp=0.2700 tp=0.8850  [53.4s]
   median nu  = 0.343
   median |eta| = 2.117
  rho=0.02436 (27/27)  [extra 7/50]
    fp=0.2770 tp=0.8938  [51.7s]
   median nu  = 0.319
   median |eta| = 2.315
  rho=0.02158 (28/28)  [extra 8/50]
    fp=0.2934 tp=0.9115  [55.5s]
   median nu  = 0.852
   median |eta| = 0.171
  rho=0.01912 (29/29)  [extra 9/50]
    fp=0.2992 tp=0.8938  [53.1s]
   median nu  = 0.894
   median |eta| = 0.164
  rho=0.01694 (30/30)  [extra 10/50]
    fp=0.3149 tp=0.9027  [56.2s]
   median nu  = 0.938
   median |eta| = 0.107
  FPR 0.3149 >= fp_end=0.3; stopping after 30 fits
  [note] 1/30 fits hit a glasso ConvergenceWarning (suppressed)
  grid extended by 10 points down to rho=0.01694, ending at FPR 0.3149
  pilot fit of run_em_exact at rho=0.30349
  -> rho_max = max|S_ij| (off-diag) = 0.58118
  rho grid: [0.58117709 0.51484548 0.45608451 0.40403012 0.35791687 0.31706667
 0.28087883 0.24882123 0.22042246 0.19526494 0.17297873 0.15323611
 0.13574678 0.12025356 0.10652864 0.09437018 0.08359941 0.07405794
 0.06560547 0.05811771]
Running run_em_exact over 20 rho values, extending until FPR >= 0.3...
  rho=0.58118 (1/20)
    fp=0.0000 tp=0.0088  [52.2s]
   median nu  = 0.041
   median |eta| = 4.329
  rho=0.51485 (2/20)
    fp=0.0000 tp=0.0265  [51.4s]
   median nu  = 0.045
   median |eta| = 3.899
  rho=0.45608 (3/20)
    fp=0.0000 tp=0.0442  [51.2s]
   median nu  = 0.049
   median |eta| = 3.58
  rho=0.40403 (4/20)
    fp=0.0002 tp=0.0442  [50.5s]
   median nu  = 0.054
   median |eta| = 3.429
  rho=0.35792 (5/20)
    fp=0.0010 tp=0.0619  [51.0s]
   median nu  = 0.061
   median |eta| = 3.326
  rho=0.31707 (6/20)
    fp=0.0025 tp=0.0885  [49.7s]
   median nu  = 0.069
   median |eta| = 3.171
  rho=0.28088 (7/20)
    fp=0.0056 tp=0.1062  [49.9s]
   median nu  = 0.08
   median |eta| = 2.98
  rho=0.24882 (8/20)
    fp=0.0103 tp=0.1504  [49.2s]
   median nu  = 0.094
   median |eta| = 2.937
  rho=0.22042 (9/20)
    fp=0.0182 tp=0.2212  [54.2s]
   median nu  = 0.111
   median |eta| = 2.611
  rho=0.19526 (10/20)
    fp=0.0312 tp=0.3363  [51.7s]
   median nu  = 0.131
   median |eta| = 2.279
  rho=0.17298 (11/20)
    fp=0.0420 tp=0.3717  [50.5s]
   median nu  = 0.157
   median |eta| = 1.746
  rho=0.15324 (12/20)
    fp=0.0604 tp=0.4159  [49.0s]
   median nu  = 0.192
   median |eta| = 1.344
  rho=0.13575 (13/20)
    fp=0.0815 tp=0.4513  [50.4s]
   median nu  = 0.244
   median |eta| = 0.933
  rho=0.12025 (14/20)
    fp=0.1003 tp=0.5133  [65.1s]
   median nu  = 0.313
   median |eta| = 0.726
  rho=0.10653 (15/20)
    fp=0.1209 tp=0.5752  [52.3s]
   median nu  = 0.384
   median |eta| = 0.51
  rho=0.09437 (16/20)
    fp=0.1418 tp=0.6549  [47.2s]
   median nu  = 0.445
   median |eta| = 0.394
  rho=0.08360 (17/20)
    fp=0.1615 tp=0.6991  [53.9s]
   median nu  = 0.514
   median |eta| = 0.319
  rho=0.07406 (18/20)
    fp=0.1877 tp=0.7434  [44.5s]
   median nu  = 0.586
   median |eta| = 0.232
  rho=0.06561 (19/20)
    fp=0.2069 tp=0.7876  [52.4s]
   median nu  = 0.691
   median |eta| = 0.156
  rho=0.05812 (20/20)
    fp=0.2274 tp=0.8053  [55.0s]
   median nu  = 0.776
   median |eta| = 0.107
  rho=0.05148 (21/21)  [extra 1/50]
    fp=0.2502 tp=0.8142  [45.7s]
   median nu  = 0.868
   median |eta| = 0.069
  rho=0.04561 (22/22)  [extra 2/50]
    fp=0.2712 tp=0.8319  [46.6s]
   median nu  = 0.952
   median |eta| = 0.051
  rho=0.04040 (23/23)  [extra 3/50]
    fp=0.2880 tp=0.8407  [44.4s]
   median nu  = 1.045
   median |eta| = 0.038
  rho=0.03579 (24/24)  [extra 4/50]
    fp=0.3051 tp=0.8938  [46.5s]
   median nu  = 1.138
   median |eta| = 0.027
  FPR 0.3051 >= fp_end=0.3; stopping after 24 fits
  grid extended by 4 points down to rho=0.03579, ending at FPR 0.3051
  graphical_lasso rho_max = max|S_ij| (off-diag) = 0.64433
  rho grid: [0.64433214 0.57079245 0.50564607 0.44793506 0.3968108  0.35152151
 0.31140123 0.27586001 0.24437522 0.21648389 0.19177589 0.16988789
 0.15049804 0.13332122 0.11810484 0.10462515 0.09268395 0.08210563
 0.07273465 0.06443321]
Running graphical_lasso over 20 rho values, extending until FPR >= 0.3...
  rho=0.64433 (1/20)
    fp=0.0000 tp=0.0000  [0.0s]
  rho=0.57079 (2/20)
    fp=0.0000 tp=0.0177  [0.1s]
  rho=0.50565 (3/20)
    fp=0.0000 tp=0.0265  [58.0s]
  rho=0.44794 (4/20)
    fp=0.0004 tp=0.0442  [0.1s]
  rho=0.39681 (5/20)
    fp=0.0012 tp=0.0531  [61.7s]
  rho=0.35152 (6/20)
    fp=0.0056 tp=0.0708  [60.0s]
  rho=0.31140 (7/20)
    fp=0.0087 tp=0.1150  [60.8s]
  rho=0.27586 (8/20)
    fp=0.0167 tp=0.1504  [63.0s]
  rho=0.24438 (9/20)
    fp=0.0306 tp=0.2124  [61.9s]
  rho=0.21648 (10/20)
    fp=0.0490 tp=0.3363  [66.4s]
  rho=0.19178 (11/20)
    fp=0.0715 tp=0.4159  [70.0s]
  rho=0.16989 (12/20)
    fp=0.1013 tp=0.4690  [0.1s]
  rho=0.15050 (13/20)
    fp=0.1302 tp=0.4779  [0.1s]
  rho=0.13332 (14/20)
    fp=0.1627 tp=0.5398  [0.1s]
  rho=0.11810 (15/20)
    fp=0.1999 tp=0.5841  [0.3s]
  rho=0.10463 (16/20)
    fp=0.2351 tp=0.6460  [56.8s]
  rho=0.09268 (17/20)
    fp=0.2723 tp=0.7080  [0.2s]
  rho=0.08211 (18/20)
    fp=0.3080 tp=0.7257  [0.4s]
  FPR 0.3080 >= fp_end=0.3; stopping after 18 fits
  [note] 9/18 fits hit a glasso ConvergenceWarning (suppressed)
  grid stopped 2 points early at rho=0.08211, ending at FPR 0.3080

(p=100, n=50) over 48 replicates
  t+lasso  (run_em_diagonal):    AUC = 0.196 (SE 0.002)
  ~t+lasso (run_em_exact):       AUC = 0.188 (SE 0.002)
  tlasso   (run_tlasso):         AUC = 0.160 (SE 0.002)
  t*lasso  (run_tstar_varlasso): AUC = 0.192 (SE 0.002)
  glasso   (graphical_lasso):    AUC = 0.159 (SE 0.002)
Replicate 49/50
  Theta: 81/4950 edges
  pilot fit of run_tlasso at rho=30.34854
  -> rho_max = max|S_ij| (off-diag) = 14.67019
  [warn] pilot rho 30.34854 > rho_max 14.67019: it falls off the top of this method's grid
  rho grid: [14.67018926 12.99583348 11.51257729 10.19860989  9.03460981  8.0034608
  7.09000013  6.28079566  5.56394829  4.92891701  4.3663639   3.86801677
  3.4265476   3.03546473  2.68901739  2.38211121  2.11023321  1.86938552
  1.65602655  1.46701893]
Running run_tlasso over 20 rho values, extending until FPR >= 0.3...
  rho=14.67019 (1/20)
    fp=0.0000 tp=0.0000  [0.6s]
   nu  = 3.0000
  rho=12.99583 (2/20)
    fp=0.0000 tp=0.0000  [0.3s]
   nu  = 3.0000
  rho=11.51258 (3/20)
    fp=0.0000 tp=0.0000  [0.4s]
   nu  = 3.0000
  rho=10.19861 (4/20)
    fp=0.0000 tp=0.0123  [0.7s]
   nu  = 3.0000
  rho=9.03461 (5/20)
    fp=0.0000 tp=0.0247  [0.7s]
   nu  = 3.0000
  rho=8.00346 (6/20)
    fp=0.0000 tp=0.0494  [0.9s]
   nu  = 3.0000
  rho=7.09000 (7/20)
    fp=0.0002 tp=0.0617  [0.8s]
   nu  = 3.0000
  rho=6.28080 (8/20)
    fp=0.0002 tp=0.0617  [0.9s]
   nu  = 3.0000
  rho=5.56395 (9/20)
    fp=0.0008 tp=0.0864  [0.9s]
   nu  = 3.0000
  rho=4.92892 (10/20)
    fp=0.0025 tp=0.0988  [1.0s]
   nu  = 3.0000
  rho=4.36636 (11/20)
    fp=0.0055 tp=0.1235  [1.1s]
   nu  = 3.0000
  rho=3.86802 (12/20)
    fp=0.0088 tp=0.1481  [1.1s]
   nu  = 3.0000
  rho=3.42655 (13/20)
    fp=0.0158 tp=0.1975  [1.4s]
   nu  = 3.0000
  rho=3.03546 (14/20)
    fp=0.0249 tp=0.2222  [1.6s]
   nu  = 3.0000
  rho=2.68902 (15/20)
    fp=0.0405 tp=0.3210  [1.5s]
   nu  = 3.0000
  rho=2.38211 (16/20)
    fp=0.0616 tp=0.4074  [1.6s]
   nu  = 3.0000
  rho=2.11023 (17/20)
    fp=0.0928 tp=0.5185  [3.6s]
   nu  = 3.0000
  rho=1.86939 (18/20)
    fp=0.1349 tp=0.6173  [3.8s]
   nu  = 3.0000
  rho=1.65603 (19/20)
    fp=0.1871 tp=0.7037  [3.7s]
   nu  = 3.0000
  rho=1.46702 (20/20)
    fp=0.2313 tp=0.7284  [3.3s]
   nu  = 3.0000
  rho=1.29958 (21/21)  [extra 1/50]
    fp=0.2799 tp=0.7901  [3.2s]
   nu  = 3.0000
  rho=1.15126 (22/22)  [extra 2/50]
    fp=0.3286 tp=0.8148  [2.5s]
   nu  = 3.0000
  FPR 0.3286 >= fp_end=0.3; stopping after 22 fits
  grid extended by 2 points down to rho=1.15126, ending at FPR 0.3286
  pilot fit of run_tstar_varlasso at rho=0.30349
  -> rho_max = max|S_ij| (off-diag) = 0.48184
  rho grid: [0.48183724 0.42684361 0.37812658 0.33496978 0.2967386  0.26287087
 0.23286858 0.20629054 0.18274594 0.16188856 0.1434117  0.12704366
 0.11254376 0.09969878 0.08831984 0.07823961 0.06930987 0.06139931
 0.05439161 0.04818372]
Running run_tstar_varlasso over 20 rho values, extending until FPR >= 0.3...
  rho=0.48184 (1/20)
    fp=0.0000 tp=0.0123  [0.6s]
   nu  = 3.0000
  rho=0.42684 (2/20)
    fp=0.0000 tp=0.0247  [0.6s]
   nu  = 3.0000
  rho=0.37813 (3/20)
    fp=0.0002 tp=0.0494  [0.6s]
   nu  = 3.0000
  rho=0.33497 (4/20)
    fp=0.0002 tp=0.0617  [0.8s]
   nu  = 3.0000
  rho=0.29674 (5/20)
    fp=0.0008 tp=0.0617  [0.7s]
   nu  = 3.0000
  rho=0.26287 (6/20)
    fp=0.0014 tp=0.0988  [0.7s]
   nu  = 3.0000
  rho=0.23287 (7/20)
    fp=0.0043 tp=0.1728  [0.7s]
   nu  = 3.0000
  rho=0.20629 (8/20)
    fp=0.0086 tp=0.2593  [0.8s]
   nu  = 3.0000
  rho=0.18275 (9/20)
    fp=0.0179 tp=0.2963  [0.8s]
   nu  = 3.0000
  rho=0.16189 (10/20)
    fp=0.0285 tp=0.3951  [0.9s]
   nu  = 3.0000
  rho=0.14341 (11/20)
    fp=0.0446 tp=0.4691  [0.8s]
   nu  = 3.0000
  rho=0.12704 (12/20)
    fp=0.0651 tp=0.5309  [0.8s]
   nu  = 3.0000
  rho=0.11254 (13/20)
    fp=0.0869 tp=0.6296  [0.9s]
   nu  = 3.0000
  rho=0.09970 (14/20)
    fp=0.1169 tp=0.6914  [0.8s]
   nu  = 3.0000
  rho=0.08832 (15/20)
    fp=0.1399 tp=0.7654  [1.2s]
   nu  = 3.0000
  rho=0.07824 (16/20)
    fp=0.1643 tp=0.8025  [1.2s]
   nu  = 3.0000
  rho=0.06931 (17/20)
    fp=0.1939 tp=0.8519  [1.4s]
   nu  = 3.0000
  rho=0.06140 (18/20)
    fp=0.2165 tp=0.8765  [1.3s]
   nu  = 3.0000
  rho=0.05439 (19/20)
    fp=0.2450 tp=0.8889  [1.3s]
   nu  = 3.0000
  rho=0.04818 (20/20)
    fp=0.2746 tp=0.8889  [1.6s]
   nu  = 3.0000
  rho=0.04268 (21/21)  [extra 1/50]
    fp=0.2992 tp=0.8889  [1.4s]
   nu  = 3.0000
  rho=0.03781 (22/22)  [extra 2/50]
    fp=0.3212 tp=0.9012  [1.5s]
   nu  = 3.0000
  FPR 0.3212 >= fp_end=0.3; stopping after 22 fits
  grid extended by 2 points down to rho=0.03781, ending at FPR 0.3212
  pilot fit of run_em_diagonal at rho=0.30349
  -> rho_max = max|S_ij| (off-diag) = 0.64411
  rho grid: [0.6441115  0.57059698 0.50547292 0.44778167 0.39667491 0.35140113
 0.31129459 0.27576554 0.24429154 0.21640976 0.19171022 0.16982972
 0.15044651 0.13327556 0.11806439 0.10458933 0.09265221 0.08207752
 0.07270975 0.06441115]
Running run_em_diagonal over 20 rho values, extending until FPR >= 0.3...
  rho=0.64411 (1/20)
    fp=0.0000 tp=0.0123  [46.2s]
   median nu  = 0.036
   median |eta| = 5.329
  rho=0.57060 (2/20)
    fp=0.0000 tp=0.0370  [49.8s]
   median nu  = 0.038
   median |eta| = 5.574
  rho=0.50547 (3/20)
    fp=0.0002 tp=0.0494  [50.4s]
   median nu  = 0.041
   median |eta| = 5.643
  rho=0.44778 (4/20)
    fp=0.0006 tp=0.0494  [52.6s]
   median nu  = 0.044
   median |eta| = 5.71
  rho=0.39667 (5/20)
    fp=0.0012 tp=0.0988  [51.9s]
   median nu  = 0.048
   median |eta| = 5.678
  rho=0.35140 (6/20)
    fp=0.0025 tp=0.1111  [50.0s]
   median nu  = 0.053
   median |eta| = 5.458
  rho=0.31129 (7/20)
    fp=0.0055 tp=0.1481  [48.8s]
   median nu  = 0.059
   median |eta| = 5.573
  rho=0.27577 (8/20)
    fp=0.0115 tp=0.2222  [49.5s]
   median nu  = 0.065
   median |eta| = 5.351
  rho=0.24429 (9/20)
    fp=0.0199 tp=0.2840  [51.4s]
   median nu  = 0.074
   median |eta| = 4.927
  rho=0.21641 (10/20)
    fp=0.0333 tp=0.4074  [51.9s]
   median nu  = 0.086
   median |eta| = 4.61
  rho=0.19171 (11/20)
    fp=0.0470 tp=0.4321  [52.6s]
   median nu  = 0.1
   median |eta| = 4.279
  rho=0.16983 (12/20)
    fp=0.0620 tp=0.5062  [54.3s]
   median nu  = 0.116
   median |eta| = 4.018
  rho=0.15045 (13/20)
    fp=0.0811 tp=0.5556  [51.9s]
   median nu  = 0.138
   median |eta| = 3.746
  rho=0.13328 (14/20)
    fp=0.1017 tp=0.6420  [49.3s]
   median nu  = 0.163
   median |eta| = 3.539
  rho=0.11806 (15/20)
    fp=0.1226 tp=0.7284  [48.5s]
   median nu  = 0.188
   median |eta| = 3.401
  rho=0.10459 (16/20)
    fp=0.1397 tp=0.7901  [57.1s]
   median nu  = 0.198
   median |eta| = 3.484
  rho=0.09265 (17/20)
    fp=0.1598 tp=0.8148  [53.3s]
   median nu  = 0.214
   median |eta| = 3.422
  rho=0.08208 (18/20)
    fp=0.1762 tp=0.8519  [56.7s]
   median nu  = 0.228
   median |eta| = 3.396
  rho=0.07271 (19/20)
    fp=0.1918 tp=0.8765  [57.9s]
   median nu  = 0.245
   median |eta| = 3.679
  rho=0.06441 (20/20)
    fp=0.2085 tp=0.8765  [57.8s]
   median nu  = 0.237
   median |eta| = 3.967
  rho=0.05706 (21/21)  [extra 1/50]
    fp=0.2212 tp=0.8889  [58.6s]
   median nu  = 0.23
   median |eta| = 4.167
  rho=0.05055 (22/22)  [extra 2/50]
    fp=0.2364 tp=0.9012  [57.3s]
   median nu  = 0.234
   median |eta| = 4.508
  rho=0.04478 (23/23)  [extra 3/50]
    fp=0.2489 tp=0.9012  [59.6s]
   median nu  = 0.239
   median |eta| = 4.957
  rho=0.03967 (24/24)  [extra 4/50]
    fp=0.2647 tp=0.9012  [56.5s]
   median nu  = 0.273
   median |eta| = 4.386
  rho=0.03514 (25/25)  [extra 5/50]
    fp=0.2721 tp=0.9012  [53.8s]
   median nu  = 0.293
   median |eta| = 4.707
  rho=0.03113 (26/26)  [extra 6/50]
    fp=0.2838 tp=0.9136  [53.1s]
   median nu  = 0.293
   median |eta| = 3.934
  rho=0.02758 (27/27)  [extra 7/50]
    fp=0.2962 tp=0.9136  [51.5s]
   median nu  = 0.426
   median |eta| = 2.126
  rho=0.02443 (28/28)  [extra 8/50]
    fp=0.3027 tp=0.9259  [52.7s]
   median nu  = 0.401
   median |eta| = 2.345
  FPR 0.3027 >= fp_end=0.3; stopping after 28 fits
  grid extended by 8 points down to rho=0.02443, ending at FPR 0.3027
  pilot fit of run_em_exact at rho=0.30349
  -> rho_max = max|S_ij| (off-diag) = 0.64724
  rho grid: [0.64724262 0.57337075 0.5079301  0.44995841 0.39860321 0.35310935
 0.31280784 0.27710608 0.24547908 0.21746176 0.19264215 0.17065528
 0.15117785 0.13392344 0.11863832 0.10509775 0.09310261 0.08247651
 0.0730632  0.06472426]
Running run_em_exact over 20 rho values, extending until FPR >= 0.3...
  rho=0.64724 (1/20)
    fp=0.0000 tp=0.0123  [46.4s]
   median nu  = 0.036
   median |eta| = 5.327
  rho=0.57337 (2/20)
    fp=0.0000 tp=0.0370  [50.3s]
   median nu  = 0.038
   median |eta| = 5.574
  rho=0.50793 (3/20)
    fp=0.0002 tp=0.0494  [55.2s]
   median nu  = 0.041
   median |eta| = 5.499
  rho=0.44996 (4/20)
    fp=0.0006 tp=0.0494  [51.2s]
   median nu  = 0.044
   median |eta| = 5.497
  rho=0.39860 (5/20)
    fp=0.0012 tp=0.0988  [53.2s]
   median nu  = 0.048
   median |eta| = 5.425
  rho=0.35311 (6/20)
    fp=0.0025 tp=0.1111  [50.6s]
   median nu  = 0.053
   median |eta| = 5.208
  rho=0.31281 (7/20)
    fp=0.0055 tp=0.1481  [51.2s]
   median nu  = 0.059
   median |eta| = 4.81
  rho=0.27711 (8/20)
    fp=0.0117 tp=0.2222  [62.9s]
   median nu  = 0.066
   median |eta| = 4.398
  rho=0.24548 (9/20)
    fp=0.0207 tp=0.2840  [55.3s]
   median nu  = 0.075
   median |eta| = 3.703
  rho=0.21746 (10/20)
    fp=0.0361 tp=0.4074  [50.5s]
   median nu  = 0.088
   median |eta| = 3.167
  rho=0.19264 (11/20)
    fp=0.0497 tp=0.4444  [50.5s]
   median nu  = 0.112
   median |eta| = 2.414
  rho=0.17066 (12/20)
    fp=0.0694 tp=0.5062  [46.4s]
   median nu  = 0.148
   median |eta| = 1.841
  rho=0.15118 (13/20)
    fp=0.0928 tp=0.5679  [51.3s]
   median nu  = 0.188
   median |eta| = 1.394
  rho=0.13392 (14/20)
    fp=0.1175 tp=0.6420  [57.9s]
   median nu  = 0.244
   median |eta| = 0.973
  rho=0.11864 (15/20)
    fp=0.1427 tp=0.7284  [47.1s]
   median nu  = 0.311
   median |eta| = 0.735
  rho=0.10510 (16/20)
    fp=0.1657 tp=0.7654  [47.8s]
   median nu  = 0.375
   median |eta| = 0.501
  rho=0.09310 (17/20)
    fp=0.1844 tp=0.8148  [45.4s]
   median nu  = 0.454
   median |eta| = 0.341
  rho=0.08248 (18/20)
    fp=0.2083 tp=0.8519  [47.4s]
   median nu  = 0.532
   median |eta| = 0.236
  rho=0.07306 (19/20)
    fp=0.2298 tp=0.8642  [40.3s]
   median nu  = 0.629
   median |eta| = 0.167
  rho=0.06472 (20/20)
    fp=0.2479 tp=0.8765  [39.8s]
   median nu  = 0.729
   median |eta| = 0.111
  rho=0.05734 (21/21)  [extra 1/50]
    fp=0.2668 tp=0.8765  [42.4s]
   median nu  = 0.823
   median |eta| = 0.082
  rho=0.05079 (22/22)  [extra 2/50]
    fp=0.2855 tp=0.8889  [40.9s]
   median nu  = 0.928
   median |eta| = 0.058
  rho=0.04500 (23/23)  [extra 3/50]
    fp=0.3029 tp=0.8889  [37.3s]
   median nu  = 1.027
   median |eta| = 0.044
  FPR 0.3029 >= fp_end=0.3; stopping after 23 fits
  grid extended by 3 points down to rho=0.04500, ending at FPR 0.3029
  graphical_lasso rho_max = max|S_ij| (off-diag) = 0.67377
  rho grid: [0.67377308 0.59687319 0.52875014 0.46840219 0.41494195 0.36758329
 0.32562983 0.28846465 0.25554125 0.22637551 0.20053855 0.17765044
 0.15737462 0.13941295 0.12350131 0.10940571 0.09691888 0.08585722
 0.07605806 0.06737731]
Running graphical_lasso over 20 rho values, extending until FPR >= 0.3...
  rho=0.67377 (1/20)
    fp=0.0000 tp=0.0000  [0.0s]
  rho=0.59687 (2/20)
    fp=0.0000 tp=0.0370  [0.1s]
  rho=0.52875 (3/20)
    fp=0.0002 tp=0.0617  [61.2s]
  rho=0.46840 (4/20)
    fp=0.0008 tp=0.0617  [62.4s]
  rho=0.41494 (5/20)
    fp=0.0023 tp=0.0988  [61.3s]
  rho=0.36758 (6/20)
    fp=0.0064 tp=0.1111  [72.6s]
  rho=0.32563 (7/20)
    fp=0.0148 tp=0.1728  [61.8s]
  rho=0.28846 (8/20)
    fp=0.0251 tp=0.2469  [56.2s]
  rho=0.25554 (9/20)
    fp=0.0419 tp=0.3333  [0.2s]
  rho=0.22638 (10/20)
    fp=0.0635 tp=0.4321  [55.6s]
  rho=0.20054 (11/20)
    fp=0.0902 tp=0.4815  [55.4s]
  rho=0.17765 (12/20)
    fp=0.1183 tp=0.5802  [54.2s]
  rho=0.15737 (13/20)
    fp=0.1503 tp=0.6420  [59.3s]
  rho=0.13941 (14/20)
    fp=0.1873 tp=0.6790  [0.1s]
  rho=0.12350 (15/20)
    fp=0.2253 tp=0.7037  [0.1s]
  rho=0.10941 (16/20)
    fp=0.2610 tp=0.7407  [0.1s]
  rho=0.09692 (17/20)
    fp=0.2990 tp=0.7778  [0.2s]
  rho=0.08586 (18/20)
    fp=0.3381 tp=0.7901  [0.2s]
  FPR 0.3381 >= fp_end=0.3; stopping after 18 fits
  [note] 10/18 fits hit a glasso ConvergenceWarning (suppressed)
  grid stopped 2 points early at rho=0.08586, ending at FPR 0.3381

(p=100, n=50) over 49 replicates
  t+lasso  (run_em_diagonal):    AUC = 0.196 (SE 0.002)
  ~t+lasso (run_em_exact):       AUC = 0.189 (SE 0.002)
  tlasso   (run_tlasso):         AUC = 0.160 (SE 0.002)
  t*lasso  (run_tstar_varlasso): AUC = 0.192 (SE 0.002)
  glasso   (graphical_lasso):    AUC = 0.159 (SE 0.002)
Replicate 50/50
  Theta: 99/4950 edges
  pilot fit of run_tlasso at rho=30.34854
  -> rho_max = max|S_ij| (off-diag) = 14.89186
  [warn] pilot rho 30.34854 > rho_max 14.89186: it falls off the top of this method's grid
  rho grid: [14.89185902 13.19220335 11.68653484 10.35271311  9.17112474  8.12439483
  7.19713158  6.37569985  5.64802076  5.00339402  4.43234061  3.92646335
  3.47832348  3.08133126  2.72964903  2.41810543  2.14211929  1.89763234
  1.68104947  1.4891859 ]
Running run_tlasso over 20 rho values, extending until FPR >= 0.3...
  rho=14.89186 (1/20)
    fp=0.0000 tp=0.0000  [0.5s]
   nu  = 3.0000
  rho=13.19220 (2/20)
    fp=0.0000 tp=0.0000  [0.3s]
   nu  = 3.0000
  rho=11.68653 (3/20)
    fp=0.0000 tp=0.0000  [0.4s]
   nu  = 3.0000
  rho=10.35271 (4/20)
    fp=0.0002 tp=0.0000  [0.8s]
   nu  = 3.0000
  rho=9.17112 (5/20)
    fp=0.0002 tp=0.0000  [0.7s]
   nu  = 3.0000
  rho=8.12439 (6/20)
    fp=0.0002 tp=0.0000  [0.7s]
   nu  = 3.0000
  rho=7.19713 (7/20)
    fp=0.0006 tp=0.0000  [0.8s]
   nu  = 3.0000
  rho=6.37570 (8/20)
    fp=0.0010 tp=0.0000  [0.8s]
   nu  = 3.0000
  rho=5.64802 (9/20)
    fp=0.0021 tp=0.0101  [0.9s]
   nu  = 3.0000
  rho=5.00339 (10/20)
    fp=0.0027 tp=0.0101  [0.9s]
   nu  = 3.0000
  rho=4.43234 (11/20)
    fp=0.0043 tp=0.0707  [1.0s]
   nu  = 3.0000
  rho=3.92646 (12/20)
    fp=0.0049 tp=0.0707  [1.0s]
   nu  = 3.0000
  rho=3.47832 (13/20)
    fp=0.0128 tp=0.0909  [1.3s]
   nu  = 3.0000
  rho=3.08133 (14/20)
    fp=0.0194 tp=0.1313  [1.3s]
   nu  = 3.0000
  rho=2.72965 (15/20)
    fp=0.0297 tp=0.2121  [1.5s]
   nu  = 3.0000
  rho=2.41811 (16/20)
    fp=0.0445 tp=0.3434  [1.5s]
   nu  = 3.0000
  rho=2.14212 (17/20)
    fp=0.0653 tp=0.4242  [1.8s]
   nu  = 3.0000
  rho=1.89763 (18/20)
    fp=0.0981 tp=0.4747  [2.4s]
   nu  = 3.0000
  rho=1.68105 (19/20)
    fp=0.1377 tp=0.5556  [3.5s]
   nu  = 3.0000
  rho=1.48919 (20/20)
    fp=0.1919 tp=0.6465  [2.8s]
   nu  = 3.0000
  rho=1.31922 (21/21)  [extra 1/50]
    fp=0.2484 tp=0.6768  [3.4s]
   nu  = 3.0000
  rho=1.16865 (22/22)  [extra 2/50]
    fp=0.2909 tp=0.7273  [3.1s]
   nu  = 3.0000
  rho=1.03527 (23/23)  [extra 3/50]
    fp=0.3286 tp=0.7677  [2.9s]
   nu  = 3.0000
  FPR 0.3286 >= fp_end=0.3; stopping after 23 fits
  grid extended by 3 points down to rho=1.03527, ending at FPR 0.3286
  pilot fit of run_tstar_varlasso at rho=0.30349
  -> rho_max = max|S_ij| (off-diag) = 0.43895
  rho grid: [0.43894645 0.38884809 0.34446761 0.30515241 0.27032439 0.2394714
 0.21213976 0.18792757 0.16647879 0.14747803 0.13064589 0.11573486
 0.10252567 0.09082408 0.08045804 0.0712751  0.06314025 0.05593385
 0.04954994 0.04389465]
Running run_tstar_varlasso over 20 rho values, extending until FPR >= 0.3...
  rho=0.43895 (1/20)
    fp=0.0002 tp=0.0000  [0.7s]
   nu  = 3.0000
  rho=0.38885 (2/20)
    fp=0.0002 tp=0.0000  [0.6s]
   nu  = 3.0000
  rho=0.34447 (3/20)
    fp=0.0002 tp=0.0000  [0.6s]
   nu  = 3.0000
  rho=0.30515 (4/20)
    fp=0.0006 tp=0.0000  [0.7s]
   nu  = 3.0000
  rho=0.27032 (5/20)
    fp=0.0012 tp=0.0202  [0.7s]
   nu  = 3.0000
  rho=0.23947 (6/20)
    fp=0.0037 tp=0.0606  [0.7s]
   nu  = 3.0000
  rho=0.21214 (7/20)
    fp=0.0060 tp=0.0808  [0.7s]
   nu  = 3.0000
  rho=0.18793 (8/20)
    fp=0.0122 tp=0.1818  [0.7s]
   nu  = 3.0000
  rho=0.16648 (9/20)
    fp=0.0204 tp=0.2424  [0.7s]
   nu  = 3.0000
  rho=0.14748 (10/20)
    fp=0.0295 tp=0.3333  [0.8s]
   nu  = 3.0000
  rho=0.13065 (11/20)
    fp=0.0476 tp=0.4141  [0.8s]
   nu  = 3.0000
  rho=0.11573 (12/20)
    fp=0.0641 tp=0.4848  [0.8s]
   nu  = 3.0000
  rho=0.10253 (13/20)
    fp=0.0847 tp=0.5253  [0.8s]
   nu  = 3.0000
  rho=0.09082 (14/20)
    fp=0.1095 tp=0.5960  [0.9s]
   nu  = 3.0000
  rho=0.08046 (15/20)
    fp=0.1313 tp=0.6465  [0.9s]
   nu  = 3.0000
  rho=0.07128 (16/20)
    fp=0.1563 tp=0.6869  [1.2s]
   nu  = 3.0000
  rho=0.06314 (17/20)
    fp=0.1851 tp=0.7273  [1.3s]
   nu  = 3.0000
  rho=0.05593 (18/20)
    fp=0.2109 tp=0.7576  [1.2s]
   nu  = 3.0000
  rho=0.04955 (19/20)
    fp=0.2416 tp=0.7677  [1.3s]
   nu  = 3.0000
  rho=0.04389 (20/20)
    fp=0.2690 tp=0.7980  [1.5s]
   nu  = 3.0000
  rho=0.03888 (21/21)  [extra 1/50]
    fp=0.2921 tp=0.8182  [1.4s]
   nu  = 3.0000
  rho=0.03445 (22/22)  [extra 2/50]
    fp=0.3162 tp=0.8384  [1.5s]
   nu  = 3.0000
  FPR 0.3162 >= fp_end=0.3; stopping after 22 fits
  grid extended by 2 points down to rho=0.03445, ending at FPR 0.3162
  pilot fit of run_em_diagonal at rho=0.30349
  -> rho_max = max|S_ij| (off-diag) = 0.58328
  rho grid: [0.58328389 0.51671183 0.45773785 0.40549476 0.35921434 0.31821606
 0.28189704 0.24972322 0.22122151 0.19597279 0.17360579 0.1537916
 0.13623887 0.12068949 0.10691481 0.09471228 0.08390247 0.07432641
 0.0658433  0.05832839]
Running run_em_diagonal over 20 rho values, extending until FPR >= 0.3...
  rho=0.58328 (1/20)
    fp=0.0002 tp=0.0000  [49.5s]
   median nu  = 0.038
   median |eta| = 4.21
  rho=0.51671 (2/20)
    fp=0.0002 tp=0.0000  [52.5s]
   median nu  = 0.041
   median |eta| = 4.329
  rho=0.45774 (3/20)
    fp=0.0002 tp=0.0000  [50.6s]
   median nu  = 0.044
   median |eta| = 4.449
  rho=0.40549 (4/20)
    fp=0.0010 tp=0.0101  [55.2s]
   median nu  = 0.047
   median |eta| = 4.272
  rho=0.35921 (5/20)
    fp=0.0023 tp=0.0404  [53.8s]
   median nu  = 0.051
   median |eta| = 4.205
  rho=0.31822 (6/20)
    fp=0.0041 tp=0.0606  [51.9s]
   median nu  = 0.055
   median |eta| = 3.941
  rho=0.28190 (7/20)
    fp=0.0091 tp=0.1212  [49.1s]
   median nu  = 0.061
   median |eta| = 3.616
  rho=0.24972 (8/20)
    fp=0.0159 tp=0.1919  [50.8s]
   median nu  = 0.069
   median |eta| = 3.46
  rho=0.22122 (9/20)
    fp=0.0223 tp=0.2727  [51.9s]
   median nu  = 0.082
   median |eta| = 3.617
  rho=0.19597 (10/20)
    fp=0.0344 tp=0.3737  [49.8s]
   median nu  = 0.101
   median |eta| = 3.402
  rho=0.17361 (11/20)
    fp=0.0493 tp=0.4242  [50.7s]
   median nu  = 0.124
   median |eta| = 3.183
  rho=0.15379 (12/20)
    fp=0.0651 tp=0.4747  [50.9s]
   median nu  = 0.145
   median |eta| = 2.799
  rho=0.13624 (13/20)
    fp=0.0820 tp=0.5253  [51.2s]
   median nu  = 0.174
   median |eta| = 2.929
  rho=0.12069 (14/20)
    fp=0.1041 tp=0.5354  [51.7s]
   median nu  = 0.203
   median |eta| = 2.838
  rho=0.10691 (15/20)
    fp=0.1231 tp=0.6061  [58.9s]
   median nu  = 0.214
   median |eta| = 2.832
  rho=0.09471 (16/20)
    fp=0.1420 tp=0.6465  [61.7s]
   median nu  = 0.235
   median |eta| = 2.792
  rho=0.08390 (17/20)
    fp=0.1602 tp=0.6869  [58.5s]
   median nu  = 0.242
   median |eta| = 2.708
  rho=0.07433 (18/20)
    fp=0.1789 tp=0.7475  [57.3s]
   median nu  = 0.276
   median |eta| = 2.957
  rho=0.06584 (19/20)
    fp=0.1944 tp=0.7778  [55.6s]
   median nu  = 0.282
   median |eta| = 2.788
  rho=0.05833 (20/20)
    fp=0.2136 tp=0.8081  [56.2s]
   median nu  = 0.328
   median |eta| = 2.236
  rho=0.05167 (21/21)  [extra 1/50]
    fp=0.2276 tp=0.8182  [56.0s]
   median nu  = 0.323
   median |eta| = 2.511
  rho=0.04577 (22/22)  [extra 2/50]
    fp=0.2391 tp=0.8485  [54.4s]
   median nu  = 0.33
   median |eta| = 2.303
  rho=0.04055 (23/23)  [extra 3/50]
    fp=0.2544 tp=0.8586  [54.7s]
   median nu  = 0.382
   median |eta| = 1.6
  rho=0.03592 (24/24)  [extra 4/50]
    fp=0.2628 tp=0.8586  [54.6s]
   median nu  = 0.37
   median |eta| = 2.414
  rho=0.03182 (25/25)  [extra 5/50]
    fp=0.2760 tp=0.8586  [56.9s]
   median nu  = 0.402
   median |eta| = 2.196
  rho=0.02819 (26/26)  [extra 6/50]
    fp=0.2872 tp=0.8788  [56.7s]
   median nu  = 0.331
   median |eta| = 3.22
  rho=0.02497 (27/27)  [extra 7/50]
    fp=0.2993 tp=0.8788  [52.2s]
   median nu  = 0.469
   median |eta| = 1.417
  rho=0.02212 (28/28)  [extra 8/50]
    fp=0.3082 tp=0.8687  [53.0s]
   median nu  = 0.408
   median |eta| = 1.93
  FPR 0.3082 >= fp_end=0.3; stopping after 28 fits
  grid extended by 8 points down to rho=0.02212, ending at FPR 0.3082
  pilot fit of run_em_exact at rho=0.30349
  -> rho_max = max|S_ij| (off-diag) = 0.59923
  rho grid: [0.59923087 0.53083873 0.4702524  0.41658098 0.36903526 0.32691608
 0.2896041  0.25655065 0.2272697  0.20133068 0.17835217 0.15799626
 0.13996364 0.12398914 0.10983786 0.09730171 0.08619636 0.07635849
 0.06764345 0.05992309]
Running run_em_exact over 20 rho values, extending until FPR >= 0.3...
  rho=0.59923 (1/20)
    fp=0.0002 tp=0.0000  [54.2s]
   median nu  = 0.038
   median |eta| = 4.171
  rho=0.53084 (2/20)
    fp=0.0002 tp=0.0000  [52.7s]
   median nu  = 0.04
   median |eta| = 4.303
  rho=0.47025 (3/20)
    fp=0.0002 tp=0.0000  [51.4s]
   median nu  = 0.043
   median |eta| = 4.429
  rho=0.41658 (4/20)
    fp=0.0006 tp=0.0000  [48.7s]
   median nu  = 0.046
   median |eta| = 4.258
  rho=0.36904 (5/20)
    fp=0.0019 tp=0.0202  [44.9s]
   median nu  = 0.05
   median |eta| = 4.203
  rho=0.32692 (6/20)
    fp=0.0037 tp=0.0606  [52.6s]
   median nu  = 0.054
   median |eta| = 3.998
  rho=0.28960 (7/20)
    fp=0.0072 tp=0.1010  [45.7s]
   median nu  = 0.06
   median |eta| = 3.562
  rho=0.25655 (8/20)
    fp=0.0148 tp=0.1717  [43.9s]
   median nu  = 0.068
   median |eta| = 3.138
  rho=0.22727 (9/20)
    fp=0.0219 tp=0.2525  [41.8s]
   median nu  = 0.08
   median |eta| = 2.541
  rho=0.20133 (10/20)
    fp=0.0346 tp=0.3434  [42.9s]
   median nu  = 0.098
   median |eta| = 2.115
  rho=0.17835 (11/20)
    fp=0.0491 tp=0.4242  [41.5s]
   median nu  = 0.127
   median |eta| = 1.709
  rho=0.15800 (12/20)
    fp=0.0678 tp=0.4545  [36.3s]
   median nu  = 0.162
   median |eta| = 1.309
  rho=0.13996 (13/20)
    fp=0.0880 tp=0.5253  [35.8s]
   median nu  = 0.203
   median |eta| = 1.022
  rho=0.12399 (14/20)
    fp=0.1109 tp=0.5455  [38.4s]
   median nu  = 0.267
   median |eta| = 0.789
  rho=0.10984 (15/20)
    fp=0.1367 tp=0.6263  [41.7s]
   median nu  = 0.335
   median |eta| = 0.544
  rho=0.09730 (16/20)
    fp=0.1577 tp=0.6667  [42.5s]
   median nu  = 0.409
   median |eta| = 0.372
  rho=0.08620 (17/20)
    fp=0.1810 tp=0.7071  [41.8s]
   median nu  = 0.469
   median |eta| = 0.277
  rho=0.07636 (18/20)
    fp=0.1998 tp=0.7374  [43.6s]
   median nu  = 0.559
   median |eta| = 0.201
  rho=0.06764 (19/20)
    fp=0.2220 tp=0.7677  [41.5s]
   median nu  = 0.649
   median |eta| = 0.139
  rho=0.05992 (20/20)
    fp=0.2400 tp=0.8081  [41.5s]
   median nu  = 0.746
   median |eta| = 0.099
  rho=0.05308 (21/21)  [extra 1/50]
    fp=0.2612 tp=0.8182  [45.0s]
   median nu  = 0.876
   median |eta| = 0.073
  rho=0.04703 (22/22)  [extra 2/50]
    fp=0.2781 tp=0.8182  [48.0s]
   median nu  = 0.964
   median |eta| = 0.05
  rho=0.04166 (23/23)  [extra 3/50]
    fp=0.2925 tp=0.8384  [41.7s]
   median nu  = 1.057
   median |eta| = 0.038
  rho=0.03690 (24/24)  [extra 4/50]
    fp=0.3032 tp=0.8384  [30.3s]
   median nu  = 1.155
   median |eta| = 0.029
  FPR 0.3032 >= fp_end=0.3; stopping after 24 fits
  grid extended by 4 points down to rho=0.03690, ending at FPR 0.3032
  graphical_lasso rho_max = max|S_ij| (off-diag) = 0.69305
  rho grid: [0.69304869 0.61394882 0.54387687 0.48180246 0.4268128  0.37809928
 0.3349456  0.29671718 0.2628519  0.23285177 0.20627565 0.18273275
 0.16187687 0.14340134 0.12703449 0.11253563 0.09969158 0.08831346
 0.07823396 0.06930487]
Running graphical_lasso over 20 rho values, extending until FPR >= 0.3...
  rho=0.69305 (1/20)
    fp=0.0000 tp=0.0000  [0.0s]
  rho=0.61395 (2/20)
    fp=0.0002 tp=0.0000  [0.1s]
  rho=0.54388 (3/20)
    fp=0.0002 tp=0.0000  [0.1s]
  rho=0.48180 (4/20)
    fp=0.0008 tp=0.0000  [54.5s]
  rho=0.42681 (5/20)
    fp=0.0023 tp=0.0101  [0.1s]
  rho=0.37810 (6/20)
    fp=0.0037 tp=0.0404  [54.9s]
  rho=0.33495 (7/20)
    fp=0.0070 tp=0.0707  [55.6s]
  rho=0.29672 (8/20)
    fp=0.0165 tp=0.1212  [54.4s]
  rho=0.26285 (9/20)
    fp=0.0260 tp=0.2020  [60.7s]
  rho=0.23285 (10/20)
    fp=0.0439 tp=0.3333  [56.9s]
  rho=0.20628 (11/20)
    fp=0.0643 tp=0.4242  [55.5s]
  rho=0.18273 (12/20)
    fp=0.0911 tp=0.4747  [54.9s]
  rho=0.16188 (13/20)
    fp=0.1216 tp=0.5253  [57.3s]
  rho=0.14340 (14/20)
    fp=0.1542 tp=0.5657  [57.6s]
  rho=0.12703 (15/20)
    fp=0.1892 tp=0.6364  [0.1s]
  rho=0.11254 (16/20)
    fp=0.2239 tp=0.6566  [55.3s]
  rho=0.09969 (17/20)
    fp=0.2608 tp=0.6667  [0.3s]
  rho=0.08831 (18/20)
    fp=0.2971 tp=0.7273  [0.1s]
  rho=0.07823 (19/20)
    fp=0.3296 tp=0.7677  [0.2s]
  FPR 0.3296 >= fp_end=0.3; stopping after 19 fits
  [note] 11/19 fits hit a glasso ConvergenceWarning (suppressed)
  grid stopped 1 points early at rho=0.07823, ending at FPR 0.3296

(p=100, n=50) over 50 replicates
  t+lasso  (run_em_diagonal):    AUC = 0.196 (SE 0.002)
  ~t+lasso (run_em_exact):       AUC = 0.188 (SE 0.002)
  tlasso   (run_tlasso):         AUC = 0.160 (SE 0.002)
  t*lasso  (run_tstar_varlasso): AUC = 0.192 (SE 0.002)
  glasso   (graphical_lasso):    AUC = 0.159 (SE 0.002)
