==============================================================================
ROC run: classical_t
==============================================================================
  started : 2026-08-16 07:03:16
  outputs : results\simulations\roc\classical_t/   (per-replicate figures, JSON, this log)
  commit  : d1bdb24 (dirty working tree)

[design]
  replicates       : 50
  p, n             : 100, 50
  rho grid         : 20 points, min_ratio 0.01, rebuilt per method and replicate off that method's own converged S_tau
  theoretical rho  : sqrt(log p / n) = 0.30349  (pilot only; not a point on the curve)
  FP_end, max_extra: 0.3, 50

[true parameters]  simulate_aat_data
  mu_true : all 0   (length 100)
  eta_true: min -2.6   median 0.14   max 2.6   (length 100)
            [-2.6000,  0.7500,  0.4200, -0.1400, -2.6000,  0.7500, -0.4200,
             -0.1400,  2.6000,  0.7500,  0.4200, -0.1400,  2.6000, -0.7500,
              0.4200,  0.1400,  2.6000, -0.7500, -0.4200,  0.1400,  2.6000,
             -0.7500, -0.4200,  0.1400, -2.6000, -0.7500, -0.4200,  0.1400,
             -2.6000,  0.7500,  0.4200,  0.1400,  2.6000, -0.7500,  0.4200,
             -0.1400,  2.6000, -0.7500,  0.4200, -0.1400, -2.6000,  0.7500,
             -0.4200,  0.1400,  2.6000, -0.7500, -0.4200,  0.1400,  2.6000,
             -0.7500,  0.4200,  0.1400, -2.6000, -0.7500,  0.4200, -0.1400,
             -2.6000,  0.7500,  0.4200,  0.1400, -2.6000,  0.7500,  0.4200,
              0.1400,  2.6000, -0.7500, -0.4200,  0.1400, -2.6000, -0.7500,
             -0.4200,  0.1400,  2.6000,  0.7500, -0.4200,  0.1400,  2.6000,
             -0.7500, -0.4200,  0.1400,  2.6000,  0.7500,  0.4200,  0.1400,
             -2.6000, -0.7500,  0.4200,  0.1400, -2.6000, -0.7500,  0.4200,
             -0.1400,  2.6000,  0.7500, -0.4200,  0.1400, -2.6000,  0.7500,
              0.4200, -0.1400]
  nu_true : min 0.15   median 0.775   max 1.85   (length 100)
            [0.1500, 0.5500, 1.0000, 1.8500, 0.1500, 0.5500, 1.0000, 1.8500,
             0.1500, 0.5500, 1.0000, 1.8500, 0.1500, 0.5500, 1.0000, 1.8500,
             0.1500, 0.5500, 1.0000, 1.8500, 0.1500, 0.5500, 1.0000, 1.8500,
             0.1500, 0.5500, 1.0000, 1.8500, 0.1500, 0.5500, 1.0000, 1.8500,
             0.1500, 0.5500, 1.0000, 1.8500, 0.1500, 0.5500, 1.0000, 1.8500,
             0.1500, 0.5500, 1.0000, 1.8500, 0.1500, 0.5500, 1.0000, 1.8500,
             0.1500, 0.5500, 1.0000, 1.8500, 0.1500, 0.5500, 1.0000, 1.8500,
             0.1500, 0.5500, 1.0000, 1.8500, 0.1500, 0.5500, 1.0000, 1.8500,
             0.1500, 0.5500, 1.0000, 1.8500, 0.1500, 0.5500, 1.0000, 1.8500,
             0.1500, 0.5500, 1.0000, 1.8500, 0.1500, 0.5500, 1.0000, 1.8500,
             0.1500, 0.5500, 1.0000, 1.8500, 0.1500, 0.5500, 1.0000, 1.8500,
             0.1500, 0.5500, 1.0000, 1.8500, 0.1500, 0.5500, 1.0000, 1.8500,
             0.1500, 0.5500, 1.0000, 1.8500]
  Theta   : REDRAWN EVERY REPLICATE -- make_true_theta(p=100), prob=0.01, min_eig=0.6
            (~1% of the 4950 pairs are edges; the exact count is logged per replicate)
            NOTE: this is the SUPPORT of Theta, which is the target of the ROC curves;
            it is not the conditional independence graph of Y in this model.
  rng     : entropy 20260814
            (np.random.default_rng(20260814) replays the same draws)

[methods]  nu treatment for this run
  tlasso    (run_tlasso)
      nu   : FIXED at nu = 3, not estimated
      args : n_iter=200, verbose=False, tol=1e-05
  t*lasso   (run_tstar_varlasso)
      nu   : FIXED at nu = 3, not estimated
      args : n_iter=200, verbose=False, tol=1e-05
  t+lasso   (run_em_diagonal)
      nu   : ESTIMATED per coordinate (nu_j), bracket [0.0001, 100], nu_j = 0 meaning that coordinate went Gaussian
      args : n_iter=200, verbose=False, tol=1e-05
  glasso    (graphical_lasso)
      nu   : not a parameter of this model
      args : max_iter=2000, verbose=False
  ~t+lasso  (run_em_exact)
      nu   : ESTIMATED per coordinate (nu_j), bracket [0.0001, 100], nu_j = 0 meaning that coordinate went Gaussian
      args : n_iter=200, verbose=False, tol=1e-05
  Reading the per-rho nu lines below: tlasso and t*lasso print a scalar `nu`,
  run_em_diagonal a `median nu`/`median eta` over coordinates. The two nu's are NOT
  comparable -- tau ~ Gamma(nu/2, nu/2) for the t models, so small nu is the heavy
  tail, while EM_algorithm's tau_j ~ Inv-Gamma(2/nu_j, 2/nu_j) puts the heavy tail at
  large nu_j.
==============================================================================

[parallel] 20 worker processes, 1 BLAS thread each; data pre-drawn serially, so the numbers match a serial run

Replicate 1/50
  Theta: 84/4950 edges
  pilot fit of run_tlasso at rho=30.34854
  -> rho_max = max|S_ij| (off-diag) = 16.28672
  [warn] pilot rho 30.34854 > rho_max 16.28672: it falls off the top of this method's grid
  rho grid: [16.28671883 14.42786334 12.78116499 11.32240961 10.03014666  8.88537383
  7.87125759  6.9728857   6.17704788  5.47204158  4.84749991  4.29423918
  3.80412388  3.36994702  2.98532415  2.64459952  2.34276289  2.07537584
  1.83850653  1.62867188]
Running run_tlasso over 20 rho values, extending until FPR >= 0.3...
  rho=16.28672 (1/20)
    fp=0.0000 tp=0.0000  [0.2s]
   nu  = 3.0000
  rho=14.42786 (2/20)
    fp=0.0000 tp=0.0000  [0.2s]
   nu  = 3.0000
  rho=12.78116 (3/20)
    fp=0.0000 tp=0.0000  [0.2s]
   nu  = 3.0000
  rho=11.32241 (4/20)
    fp=0.0000 tp=0.0000  [0.2s]
   nu  = 3.0000
  rho=10.03015 (5/20)
    fp=0.0000 tp=0.0357  [0.4s]
   nu  = 3.0000
  rho=8.88537 (6/20)
    fp=0.0004 tp=0.0595  [0.3s]
   nu  = 3.0000
  rho=7.87126 (7/20)
    fp=0.0006 tp=0.1190  [0.4s]
   nu  = 3.0000
  rho=6.97289 (8/20)
    fp=0.0012 tp=0.1429  [0.4s]
   nu  = 3.0000
  rho=6.17705 (9/20)
    fp=0.0029 tp=0.1786  [0.4s]
   nu  = 3.0000
  rho=5.47204 (10/20)
    fp=0.0045 tp=0.2262  [0.4s]
   nu  = 3.0000
  rho=4.84750 (11/20)
    fp=0.0062 tp=0.2619  [0.5s]
   nu  = 3.0000
  rho=4.29424 (12/20)
    fp=0.0107 tp=0.3214  [0.5s]
   nu  = 3.0000
  rho=3.80412 (13/20)
    fp=0.0210 tp=0.3929  [0.6s]
   nu  = 3.0000
  rho=3.36995 (14/20)
    fp=0.0341 tp=0.5595  [0.3s]
   nu  = 3.0000
  rho=2.98532 (15/20)
    fp=0.0555 tp=0.6310  [1.0s]
   nu  = 3.0000
  rho=2.64460 (16/20)
    fp=0.1104 tp=0.7381  [2.9s]
   nu  = 3.0000
  rho=2.34276 (17/20)
    fp=0.2248 tp=0.8452  [10.2s]
   nu  = 3.0000
  rho=2.07538 (18/20)
    fp=0.2787 tp=0.8690  [7.3s]
   nu  = 3.0000
  rho=1.83851 (19/20)
    fp=0.3194 tp=0.9048  [6.9s]
   nu  = 3.0000
  FPR 0.3194 >= fp_end=0.3; stopping after 19 fits
  grid stopped 1 points early at rho=1.83851, ending at FPR 0.3194
  pilot fit of run_tstar_varlasso at rho=0.30349
  -> rho_max = max|S_ij| (off-diag) = 0.58600
  rho grid: [0.58600309 0.51912067 0.45987177 0.40738512 0.36088895 0.31969954
 0.2832112  0.2508874  0.22225282 0.19688639 0.17441511 0.15450856
 0.136874   0.12125213 0.10741324 0.09515382 0.08429361 0.07467291
 0.06615025 0.05860031]
Running run_tstar_varlasso over 20 rho values, extending until FPR >= 0.3...
  rho=0.58600 (1/20)
    fp=0.0002 tp=0.0833  [0.6s]
   nu  = 3.0000
  rho=0.51912 (2/20)
    fp=0.0008 tp=0.1310  [0.4s]
   nu  = 3.0000
  rho=0.45987 (3/20)
    fp=0.0012 tp=0.1667  [0.3s]
   nu  = 3.0000
  rho=0.40739 (4/20)
    fp=0.0055 tp=0.2024  [0.3s]
   nu  = 3.0000
  rho=0.36089 (5/20)
    fp=0.0107 tp=0.2738  [0.4s]
   nu  = 3.0000
  rho=0.31970 (6/20)
    fp=0.0212 tp=0.3810  [0.5s]
   nu  = 3.0000
  rho=0.28321 (7/20)
    fp=0.0294 tp=0.4762  [0.5s]
   nu  = 3.0000
  rho=0.25089 (8/20)
    fp=0.0417 tp=0.5238  [0.5s]
   nu  = 3.0000
  rho=0.22225 (9/20)
    fp=0.0608 tp=0.5714  [0.5s]
   nu  = 3.0000
  rho=0.19689 (10/20)
    fp=0.0812 tp=0.6071  [0.6s]
   nu  = 3.0000
  rho=0.17442 (11/20)
    fp=0.1019 tp=0.6905  [0.7s]
   nu  = 3.0000
  rho=0.15451 (12/20)
    fp=0.1247 tp=0.7381  [0.6s]
   nu  = 3.0000
  rho=0.13687 (13/20)
    fp=0.1443 tp=0.8214  [0.7s]
   nu  = 3.0000
  rho=0.12125 (14/20)
    fp=0.1691 tp=0.8452  [0.8s]
   nu  = 3.0000
  rho=0.10741 (15/20)
    fp=0.1940 tp=0.8571  [0.9s]
   nu  = 3.0000
  rho=0.09515 (16/20)
    fp=0.2176 tp=0.8571  [0.9s]
   nu  = 3.0000
  rho=0.08429 (17/20)
    fp=0.2376 tp=0.8571  [0.8s]
   nu  = 3.0000
  rho=0.07467 (18/20)
    fp=0.2581 tp=0.8690  [1.0s]
   nu  = 3.0000
  rho=0.06615 (19/20)
    fp=0.2781 tp=0.8690  [1.0s]
   nu  = 3.0000
  rho=0.05860 (20/20)
    fp=0.3013 tp=0.8929  [1.1s]
   nu  = 3.0000
  FPR 0.3013 >= fp_end=0.3; stopping after 20 fits
  pilot fit of run_em_diagonal at rho=0.30349
  -> rho_max = max|S_ij| (off-diag) = 0.76799
  rho grid: [0.76798996 0.6803368  0.60268778 0.53390109 0.47296524 0.4189842
 0.37116419 0.32880203 0.2912748  0.25803067 0.2285808  0.20249214
 0.17938106 0.15890773 0.14077108 0.12470442 0.11047151 0.09786304
 0.08669362 0.076799  ]
Running run_em_diagonal over 20 rho values, extending until FPR >= 0.3...
  rho=0.76799 (1/20)
    fp=0.0031 tp=0.1429  [29.4s]
   median nu  = 0.092
   median |eta| = 4.087
  rho=0.68034 (2/20)
    fp=0.0055 tp=0.1905  [23.2s]
   median nu  = 0.109
   median |eta| = 3.836
  rho=0.60269 (3/20)
    fp=0.0115 tp=0.2262  [23.8s]
   median nu  = 0.132
   median |eta| = 3.118
  rho=0.53390 (4/20)
    fp=0.0181 tp=0.2976  [24.8s]
   median nu  = 0.162
   median |eta| = 2.678
  rho=0.47297 (5/20)
    fp=0.0253 tp=0.3571  [53.0s]
   median nu  = 0.194
   median |eta| = 2.455
  rho=0.41898 (6/20)
    fp=0.0362 tp=0.4405  [82.7s]
   median nu  = 0.233
   median |eta| = 2.02
  rho=0.37116 (7/20)
    fp=0.0473 tp=0.4643  [80.3s]
   median nu  = 0.278
   median |eta| = 1.506
  rho=0.32880 (8/20)
    fp=0.0606 tp=0.5833  [82.3s]
   median nu  = 0.345
   median |eta| = 1.25
  rho=0.29127 (9/20)
    fp=0.0756 tp=0.6548  [51.0s]
   median nu  = 0.403
   median |eta| = 0.92
  rho=0.25803 (10/20)
    fp=0.0935 tp=0.6905  [74.3s]
   median nu  = 0.461
   median |eta| = 0.727
  rho=0.22858 (11/20)
    fp=0.1099 tp=0.7262  [91.3s]
   median nu  = 0.529
   median |eta| = 0.518
  rho=0.20249 (12/20)
    fp=0.1266 tp=0.7738  [22.0s]
   median nu  = 0.616
   median |eta| = 0.38
  rho=0.17938 (13/20)
    fp=0.1434 tp=0.7976  [25.5s]
   median nu  = 0.706
   median |eta| = 0.313
  rho=0.15891 (14/20)
    fp=0.1591 tp=0.8214  [106.1s]
   median nu  = 0.798
   median |eta| = 0.211
  rho=0.14077 (15/20)
    fp=0.1726 tp=0.8452  [70.7s]
   median nu  = 0.864
   median |eta| = 0.159
  rho=0.12470 (16/20)
    fp=0.1872 tp=0.8452  [51.6s]
   median nu  = 0.964
   median |eta| = 0.112
  rho=0.11047 (17/20)
    fp=0.1989 tp=0.8571  [115.9s]
   median nu  = 1.064
   median |eta| = 0.088
  rho=0.09786 (18/20)
    fp=0.2121 tp=0.8690  [77.9s]
   median nu  = 1.155
   median |eta| = 0.073
  rho=0.08669 (19/20)
    fp=0.2275 tp=0.8571  [92.7s]
   median nu  = 1.251
   median |eta| = 0.06
  rho=0.07680 (20/20)
    fp=0.2382 tp=0.8810  [94.1s]
   median nu  = 1.36
   median |eta| = 0.047
  rho=0.06803 (21/21)  [extra 1/50]
    fp=0.2509 tp=0.8690  [91.8s]
   median nu  = 1.455
   median |eta| = 0.037
  rho=0.06027 (22/22)  [extra 2/50]
    fp=0.2647 tp=0.8690  [87.5s]
   median nu  = 1.564
   median |eta| = 0.029
  rho=0.05339 (23/23)  [extra 3/50]
    fp=0.2764 tp=0.8810  [40.4s]
   median nu  = 1.675
   median |eta| = 0.022
  rho=0.04730 (24/24)  [extra 4/50]
    fp=0.2883 tp=0.9048  [33.1s]
   median nu  = 1.797
   median |eta| = 0.017
  rho=0.04190 (25/25)  [extra 5/50]
    fp=0.3044 tp=0.9167  [26.2s]
   median nu  = 1.925
   median |eta| = 0.013
  FPR 0.3044 >= fp_end=0.3; stopping after 25 fits
  grid extended by 5 points down to rho=0.04190, ending at FPR 0.3044
  pilot fit of run_em_exact at rho=0.30349
  -> rho_max = max|S_ij| (off-diag) = 0.76117
  rho grid: [0.76116865 0.67429403 0.59733468 0.52915896 0.46876435 0.41526277
 0.3678675  0.3258816  0.28868769 0.25573883 0.22655054 0.2006936
 0.1777878  0.1574963  0.13952074 0.12359679 0.1094903  0.09699382
 0.0859236  0.07611686]
Running run_em_exact over 20 rho values, extending until FPR >= 0.3...
  rho=0.76117 (1/20)
    fp=0.0033 tp=0.1429  [24.2s]
   median nu  = 0.093
   median |eta| = 3.817
  rho=0.67429 (2/20)
    fp=0.0062 tp=0.1905  [24.2s]
   median nu  = 0.113
   median |eta| = 3.388
  rho=0.59733 (3/20)
    fp=0.0123 tp=0.2381  [24.7s]
   median nu  = 0.14
   median |eta| = 2.665
  rho=0.52916 (4/20)
    fp=0.0187 tp=0.2976  [21.6s]
   median nu  = 0.173
   median |eta| = 2.157
  rho=0.46876 (5/20)
    fp=0.0261 tp=0.3571  [71.3s]
   median nu  = 0.214
   median |eta| = 1.615
  rho=0.41526 (6/20)
    fp=0.0372 tp=0.4524  [85.3s]
   median nu  = 0.267
   median |eta| = 1.117
  rho=0.36787 (7/20)
    fp=0.0499 tp=0.4762  [90.0s]
   median nu  = 0.324
   median |eta| = 0.753
  rho=0.32588 (8/20)
    fp=0.0627 tp=0.5833  [83.2s]
   median nu  = 0.397
   median |eta| = 0.506
  rho=0.28869 (9/20)
    fp=0.0791 tp=0.6667  [90.9s]
   median nu  = 0.487
   median |eta| = 0.349
  rho=0.25574 (10/20)
    fp=0.0972 tp=0.7024  [93.1s]
   median nu  = 0.562
   median |eta| = 0.227
  rho=0.22655 (11/20)
    fp=0.1147 tp=0.7500  [94.6s]
   median nu  = 0.636
   median |eta| = 0.16
  rho=0.20069 (12/20)
    fp=0.1280 tp=0.7738  [88.7s]
   median nu  = 0.728
   median |eta| = 0.113
  rho=0.17779 (13/20)
    fp=0.1447 tp=0.7976  [61.7s]
   median nu  = 0.816
   median |eta| = 0.085
  rho=0.15750 (14/20)
    fp=0.1624 tp=0.8333  [28.1s]
   median nu  = 0.902
   median |eta| = 0.069
  rho=0.13952 (15/20)
    fp=0.1769 tp=0.8571  [26.0s]
   median nu  = 0.996
   median |eta| = 0.053
  rho=0.12360 (16/20)
    fp=0.1926 tp=0.8571  [24.6s]
   median nu  = 1.084
   median |eta| = 0.042
  rho=0.10949 (17/20)
    fp=0.2055 tp=0.8690  [21.9s]
   median nu  = 1.183
   median |eta| = 0.032
  rho=0.09699 (18/20)
    fp=0.2180 tp=0.8810  [22.7s]
   median nu  = 1.285
   median |eta| = 0.026
  rho=0.08592 (19/20)
    fp=0.2283 tp=0.8929  [21.9s]
   median nu  = 1.398
   median |eta| = 0.021
  rho=0.07612 (20/20)
    fp=0.2378 tp=0.9048  [15.1s]
   median nu  = 1.507
   median |eta| = 0.017
  rho=0.06743 (21/21)  [extra 1/50]
    fp=0.2526 tp=0.9048  [9.3s]
   median nu  = 1.618
   median |eta| = 0.013
  rho=0.05973 (22/22)  [extra 2/50]
    fp=0.2670 tp=0.9048  [6.4s]
   median nu  = 1.727
   median |eta| = 0.01
  rho=0.05292 (23/23)  [extra 3/50]
    fp=0.2772 tp=0.9167  [8.4s]
   median nu  = 1.841
   median |eta| = 0.008
  rho=0.04688 (24/24)  [extra 4/50]
    fp=0.2889 tp=0.9167  [8.5s]
   median nu  = 1.958
   median |eta| = 0.006
  rho=0.04153 (25/25)  [extra 5/50]
    fp=0.3017 tp=0.9286  [23.6s]
   median nu  = 2.09
   median |eta| = 0.005
  FPR 0.3017 >= fp_end=0.3; stopping after 25 fits
  grid extended by 5 points down to rho=0.04153, ending at FPR 0.3017
  graphical_lasso rho_max = max|S_ij| (off-diag) = 1.41953
  rho grid: [1.41953214 1.25751638 1.113992   0.98684852 0.87421633 0.77443921
 0.68604998 0.6077489  0.53838456 0.47693701 0.42250265 0.37428107
 0.33156317 0.2937208  0.2601975  0.23050033 0.20419259 0.18088743
 0.16024217 0.14195321]
Running graphical_lasso over 20 rho values, extending until FPR >= 0.3...
  rho=1.41953 (1/20)
    fp=0.0000 tp=0.0000  [0.1s]
  rho=1.25752 (2/20)
    fp=0.0006 tp=0.0238  [0.2s]
  rho=1.11399 (3/20)
    fp=0.0039 tp=0.1071  [135.6s]
  rho=0.98685 (4/20)
    fp=0.0078 tp=0.1310  [135.2s]
  rho=0.87422 (5/20)
    fp=0.0150 tp=0.1905  [135.1s]
  rho=0.77444 (6/20)
    fp=0.0265 tp=0.2500  [136.2s]
  rho=0.68605 (7/20)
    fp=0.0399 tp=0.2976  [140.2s]
  rho=0.60775 (8/20)
    fp=0.0586 tp=0.3810  [124.1s]
  rho=0.53838 (9/20)
    fp=0.0797 tp=0.4286  [0.1s]
  rho=0.47694 (10/20)
    fp=0.1017 tp=0.5119  [31.6s]
  rho=0.42250 (11/20)
    fp=0.1219 tp=0.5595  [3.2s]
  rho=0.37428 (12/20)
    fp=0.1463 tp=0.6190  [1.7s]
  rho=0.33156 (13/20)
    fp=0.1726 tp=0.7024  [0.1s]
  rho=0.29372 (14/20)
    fp=0.1901 tp=0.7381  [0.5s]
  rho=0.26020 (15/20)
    fp=0.2111 tp=0.7500  [5.5s]
  rho=0.23050 (16/20)
    fp=0.2324 tp=0.7976  [0.7s]
  rho=0.20419 (17/20)
    fp=0.2530 tp=0.8214  [0.7s]
  rho=0.18089 (18/20)
    fp=0.2774 tp=0.8452  [1.3s]
  rho=0.16024 (19/20)
    fp=0.3005 tp=0.8452  [0.3s]
  FPR 0.3005 >= fp_end=0.3; stopping after 19 fits
  [note] 7/19 fits hit a glasso ConvergenceWarning (suppressed)
  grid stopped 1 points early at rho=0.16024, ending at FPR 0.3005

(p=100, n=50) over 1 replicates
  t+lasso  (run_em_diagonal):    AUC = 0.216 (SE 0.000)
  ~t+lasso (run_em_exact):       AUC = 0.218 (SE 0.000)
  tlasso   (run_tlasso):         AUC = 0.218 (SE 0.000)
  t*lasso  (run_tstar_varlasso): AUC = 0.216 (SE 0.000)
  glasso   (graphical_lasso):    AUC = 0.177 (SE 0.000)
Replicate 2/50
  Theta: 115/4950 edges
  pilot fit of run_tlasso at rho=30.34854
  -> rho_max = max|S_ij| (off-diag) = 21.43496
  [warn] pilot rho 30.34854 > rho_max 21.43496: it falls off the top of this method's grid
  rho grid: [21.43495824 18.98851765 16.82129719 14.90142855 13.20068068 11.69404463
 10.35936578  9.17701812  8.12961558  7.20175646  6.37979688  5.65165019
  5.00660921  4.43518884  3.9289865   3.48055866  3.08331133  2.73140311
  2.41965931  2.14349582]
Running run_tlasso over 20 rho values, extending until FPR >= 0.3...
  rho=21.43496 (1/20)
    fp=0.0000 tp=0.0000  [0.4s]
   nu  = 3.0000
  rho=18.98852 (2/20)
    fp=0.0000 tp=0.0000  [0.2s]
   nu  = 3.0000
  rho=16.82130 (3/20)
    fp=0.0000 tp=0.0087  [0.4s]
   nu  = 3.0000
  rho=14.90143 (4/20)
    fp=0.0000 tp=0.0087  [0.5s]
   nu  = 3.0000
  rho=13.20068 (5/20)
    fp=0.0000 tp=0.0087  [0.5s]
   nu  = 3.0000
  rho=11.69404 (6/20)
    fp=0.0000 tp=0.0087  [0.5s]
   nu  = 3.0000
  rho=10.35937 (7/20)
    fp=0.0002 tp=0.0348  [0.6s]
   nu  = 3.0000
  rho=9.17702 (8/20)
    fp=0.0002 tp=0.0348  [0.6s]
   nu  = 3.0000
  rho=8.12962 (9/20)
    fp=0.0002 tp=0.0435  [0.5s]
   nu  = 3.0000
  rho=7.20176 (10/20)
    fp=0.0006 tp=0.0522  [0.4s]
   nu  = 3.0000
  rho=6.37980 (11/20)
    fp=0.0014 tp=0.0609  [0.5s]
   nu  = 3.0000
  rho=5.65165 (12/20)
    fp=0.0021 tp=0.0696  [0.7s]
   nu  = 3.0000
  rho=5.00661 (13/20)
    fp=0.0033 tp=0.1043  [0.7s]
   nu  = 3.0000
  rho=4.43519 (14/20)
    fp=0.0050 tp=0.1217  [0.6s]
   nu  = 3.0000
  rho=3.92899 (15/20)
    fp=0.0085 tp=0.1739  [0.8s]
   nu  = 3.0000
  rho=3.48056 (16/20)
    fp=0.0132 tp=0.2261  [0.9s]
   nu  = 3.0000
  rho=3.08331 (17/20)
    fp=0.0219 tp=0.2348  [0.9s]
   nu  = 3.0000
  rho=2.73140 (18/20)
    fp=0.0356 tp=0.3217  [1.1s]
   nu  = 3.0000
  rho=2.41966 (19/20)
    fp=0.0573 tp=0.4261  [1.1s]
   nu  = 3.0000
  rho=2.14350 (20/20)
    fp=0.0993 tp=0.5652  [2.3s]
   nu  = 3.0000
  rho=1.89885 (21/21)  [extra 1/50]
    fp=0.1857 tp=0.7043  [13.9s]
   nu  = 3.0000
  rho=1.68213 (22/22)  [extra 2/50]
    fp=0.2798 tp=0.7652  [6.7s]
   nu  = 3.0000
  rho=1.49014 (23/23)  [extra 3/50]
    fp=0.3133 tp=0.7913  [4.0s]
   nu  = 3.0000
  FPR 0.3133 >= fp_end=0.3; stopping after 23 fits
  grid extended by 3 points down to rho=1.49014, ending at FPR 0.3133
  pilot fit of run_tstar_varlasso at rho=0.30349
  -> rho_max = max|S_ij| (off-diag) = 0.59897
  rho grid: [0.59896741 0.53060534 0.47004565 0.41639783 0.36887301 0.32677235
 0.28947677 0.25643786 0.22716978 0.20124217 0.17827375 0.1579268
 0.1399021  0.12393463 0.10978957 0.09725893 0.08615846 0.07632492
 0.06761371 0.05989674]
Running run_tstar_varlasso over 20 rho values, extending until FPR >= 0.3...
  rho=0.59897 (1/20)
    fp=0.0002 tp=0.0261  [0.3s]
   nu  = 3.0000
  rho=0.53061 (2/20)
    fp=0.0002 tp=0.0435  [0.3s]
   nu  = 3.0000
  rho=0.47005 (3/20)
    fp=0.0002 tp=0.0522  [0.3s]
   nu  = 3.0000
  rho=0.41640 (4/20)
    fp=0.0014 tp=0.0696  [0.4s]
   nu  = 3.0000
  rho=0.36887 (5/20)
    fp=0.0025 tp=0.0783  [0.4s]
   nu  = 3.0000
  rho=0.32677 (6/20)
    fp=0.0052 tp=0.1304  [0.6s]
   nu  = 3.0000
  rho=0.28948 (7/20)
    fp=0.0097 tp=0.1565  [0.4s]
   nu  = 3.0000
  rho=0.25644 (8/20)
    fp=0.0186 tp=0.2000  [0.6s]
   nu  = 3.0000
  rho=0.22717 (9/20)
    fp=0.0302 tp=0.2348  [0.4s]
   nu  = 3.0000
  rho=0.20124 (10/20)
    fp=0.0459 tp=0.2783  [0.5s]
   nu  = 3.0000
  rho=0.17827 (11/20)
    fp=0.0635 tp=0.3826  [0.4s]
   nu  = 3.0000
  rho=0.15793 (12/20)
    fp=0.0823 tp=0.4522  [0.4s]
   nu  = 3.0000
  rho=0.13990 (13/20)
    fp=0.1049 tp=0.5391  [0.3s]
   nu  = 3.0000
  rho=0.12393 (14/20)
    fp=0.1276 tp=0.5652  [0.3s]
   nu  = 3.0000
  rho=0.10979 (15/20)
    fp=0.1473 tp=0.6522  [0.6s]
   nu  = 3.0000
  rho=0.09726 (16/20)
    fp=0.1710 tp=0.7043  [0.6s]
   nu  = 3.0000
  rho=0.08616 (17/20)
    fp=0.1923 tp=0.7304  [0.6s]
   nu  = 3.0000
  rho=0.07632 (18/20)
    fp=0.2151 tp=0.7652  [0.7s]
   nu  = 3.0000
  rho=0.06761 (19/20)
    fp=0.2366 tp=0.7826  [0.7s]
   nu  = 3.0000
  rho=0.05990 (20/20)
    fp=0.2556 tp=0.8174  [0.7s]
   nu  = 3.0000
  rho=0.05306 (21/21)  [extra 1/50]
    fp=0.2790 tp=0.8348  [0.7s]
   nu  = 3.0000
  rho=0.04700 (22/22)  [extra 2/50]
    fp=0.2991 tp=0.8435  [0.4s]
   nu  = 3.0000
  rho=0.04164 (23/23)  [extra 3/50]
    fp=0.3181 tp=0.8609  [0.5s]
   nu  = 3.0000
  FPR 0.3181 >= fp_end=0.3; stopping after 23 fits
  grid extended by 3 points down to rho=0.04164, ending at FPR 0.3181
  pilot fit of run_em_diagonal at rho=0.30349
  -> rho_max = max|S_ij| (off-diag) = 0.76448
  rho grid: [0.76448204 0.67722925 0.5999349  0.53146241 0.4708049  0.41707042
 0.36946884 0.32730017 0.28994435 0.25685207 0.22753672 0.20156723
 0.17856171 0.15818189 0.14012808 0.12413482 0.10996691 0.09741603
 0.08629763 0.0764482 ]
Running run_em_diagonal over 20 rho values, extending until FPR >= 0.3...
  rho=0.76448 (1/20)
    fp=0.0002 tp=0.0348  [27.0s]
   median nu  = 0.061
   median |eta| = 3.198
  rho=0.67723 (2/20)
    fp=0.0006 tp=0.0522  [27.4s]
   median nu  = 0.072
   median |eta| = 2.967
  rho=0.59993 (3/20)
    fp=0.0023 tp=0.0870  [26.7s]
   median nu  = 0.087
   median |eta| = 2.771
  rho=0.53146 (4/20)
    fp=0.0048 tp=0.1043  [24.3s]
   median nu  = 0.107
   median |eta| = 2.558
  rho=0.47080 (5/20)
    fp=0.0085 tp=0.1391  [59.1s]
   median nu  = 0.135
   median |eta| = 2.362
  rho=0.41707 (6/20)
    fp=0.0145 tp=0.1565  [83.9s]
   median nu  = 0.162
   median |eta| = 2.025
  rho=0.36947 (7/20)
    fp=0.0250 tp=0.1739  [81.2s]
   median nu  = 0.189
   median |eta| = 1.793
  rho=0.32730 (8/20)
    fp=0.0335 tp=0.2174  [82.8s]
   median nu  = 0.239
   median |eta| = 1.596
  rho=0.28994 (9/20)
    fp=0.0457 tp=0.2870  [58.9s]
   median nu  = 0.283
   median |eta| = 1.366
  rho=0.25685 (10/20)
    fp=0.0616 tp=0.3739  [90.0s]
   median nu  = 0.321
   median |eta| = 1.141
  rho=0.22754 (11/20)
    fp=0.0763 tp=0.4261  [61.4s]
   median nu  = 0.37
   median |eta| = 1.065
  rho=0.20157 (12/20)
    fp=0.0922 tp=0.4609  [23.7s]
   median nu  = 0.41
   median |eta| = 0.938
  rho=0.17856 (13/20)
    fp=0.1086 tp=0.5217  [38.2s]
   median nu  = 0.477
   median |eta| = 0.801
  rho=0.15818 (14/20)
    fp=0.1257 tp=0.6000  [97.0s]
   median nu  = 0.526
   median |eta| = 0.653
  rho=0.14013 (15/20)
    fp=0.1437 tp=0.6348  [58.2s]
   median nu  = 0.594
   median |eta| = 0.524
  rho=0.12413 (16/20)
    fp=0.1582 tp=0.6783  [54.5s]
   median nu  = 0.642
   median |eta| = 0.318
  rho=0.10997 (17/20)
    fp=0.1744 tp=0.7130  [118.1s]
   median nu  = 0.712
   median |eta| = 0.251
  rho=0.09742 (18/20)
    fp=0.1897 tp=0.7478  [78.9s]
   median nu  = 0.802
   median |eta| = 0.212
  rho=0.08630 (19/20)
    fp=0.2077 tp=0.7652  [95.3s]
   median nu  = 0.902
   median |eta| = 0.155
  rho=0.07645 (20/20)
    fp=0.2207 tp=0.7652  [95.8s]
   median nu  = 1.04
   median |eta| = 0.122
  rho=0.06772 (21/21)  [extra 1/50]
    fp=0.2333 tp=0.7826  [91.1s]
   median nu  = 1.143
   median |eta| = 0.084
  rho=0.05999 (22/22)  [extra 2/50]
    fp=0.2451 tp=0.8000  [89.1s]
   median nu  = 1.231
   median |eta| = 0.062
  rho=0.05315 (23/23)  [extra 3/50]
    fp=0.2583 tp=0.8087  [39.1s]
   median nu  = 1.325
   median |eta| = 0.048
  rho=0.04708 (24/24)  [extra 4/50]
    fp=0.2707 tp=0.8348  [21.8s]
   median nu  = 1.418
   median |eta| = 0.037
  rho=0.04171 (25/25)  [extra 5/50]
    fp=0.2817 tp=0.8348  [27.6s]
   median nu  = 1.515
   median |eta| = 0.031
  rho=0.03695 (26/26)  [extra 6/50]
    fp=0.2931 tp=0.8435  [24.0s]
   median nu  = 1.622
   median |eta| = 0.025
  rho=0.03273 (27/27)  [extra 7/50]
    fp=0.3044 tp=0.8609  [22.4s]
   median nu  = 1.732
   median |eta| = 0.021
  FPR 0.3044 >= fp_end=0.3; stopping after 27 fits
  grid extended by 7 points down to rho=0.03273, ending at FPR 0.3044
  pilot fit of run_em_exact at rho=0.30349
  -> rho_max = max|S_ij| (off-diag) = 0.78764
  rho grid: [0.78763643 0.69774096 0.61810555 0.54755918 0.48506449 0.42970252
 0.38065919 0.33721334 0.2987261  0.26463153 0.23442828 0.20767223
 0.18396993 0.16297285 0.14437224 0.12789457 0.11329755 0.10036654
 0.08891139 0.07876364]
Running run_em_exact over 20 rho values, extending until FPR >= 0.3...
  rho=0.78764 (1/20)
    fp=0.0002 tp=0.0348  [25.7s]
   median nu  = 0.059
   median |eta| = 3.162
  rho=0.69774 (2/20)
    fp=0.0006 tp=0.0522  [28.0s]
   median nu  = 0.069
   median |eta| = 2.96
  rho=0.61811 (3/20)
    fp=0.0017 tp=0.0696  [78.6s]
   median nu  = 0.083
   median |eta| = 2.705
  rho=0.54756 (4/20)
    fp=0.0037 tp=0.1043  [91.0s]
   median nu  = 0.104
   median |eta| = 2.338
  rho=0.48506 (5/20)
    fp=0.0081 tp=0.1304  [90.2s]
   median nu  = 0.132
   median |eta| = 1.911
  rho=0.42970 (6/20)
    fp=0.0128 tp=0.1478  [84.6s]
   median nu  = 0.16
   median |eta| = 1.653
  rho=0.38066 (7/20)
    fp=0.0215 tp=0.1739  [82.0s]
   median nu  = 0.2
   median |eta| = 1.43
  rho=0.33721 (8/20)
    fp=0.0316 tp=0.2087  [75.4s]
   median nu  = 0.253
   median |eta| = 1.118
  rho=0.29873 (9/20)
    fp=0.0426 tp=0.2783  [83.8s]
   median nu  = 0.322
   median |eta| = 0.878
  rho=0.26463 (10/20)
    fp=0.0600 tp=0.3478  [78.7s]
   median nu  = 0.365
   median |eta| = 0.684
  rho=0.23443 (11/20)
    fp=0.0761 tp=0.4261  [79.6s]
   median nu  = 0.406
   median |eta| = 0.546
  rho=0.20767 (12/20)
    fp=0.0916 tp=0.4696  [25.4s]
   median nu  = 0.464
   median |eta| = 0.402
  rho=0.18397 (13/20)
    fp=0.1102 tp=0.5217  [29.1s]
   median nu  = 0.533
   median |eta| = 0.26
  rho=0.16297 (14/20)
    fp=0.1289 tp=0.6087  [24.1s]
   median nu  = 0.62
   median |eta| = 0.219
  rho=0.14437 (15/20)
    fp=0.1446 tp=0.6435  [24.3s]
   median nu  = 0.709
   median |eta| = 0.153
  rho=0.12789 (16/20)
    fp=0.1582 tp=0.6870  [20.1s]
   median nu  = 0.816
   median |eta| = 0.106
  rho=0.11330 (17/20)
    fp=0.1750 tp=0.7478  [24.0s]
   median nu  = 0.903
   median |eta| = 0.062
  rho=0.10037 (18/20)
    fp=0.1897 tp=0.7826  [25.1s]
   median nu  = 1.008
   median |eta| = 0.05
  rho=0.08891 (19/20)
    fp=0.2043 tp=0.7826  [24.8s]
   median nu  = 1.12
   median |eta| = 0.042
  rho=0.07876 (20/20)
    fp=0.2178 tp=0.8000  [68.7s]
   median nu  = 1.232
   median |eta| = 0.03
  rho=0.06977 (21/21)  [extra 1/50]
    fp=0.2314 tp=0.8000  [86.5s]
   median nu  = 1.315
   median |eta| = 0.022
  rho=0.06181 (22/22)  [extra 2/50]
    fp=0.2438 tp=0.8087  [85.9s]
   median nu  = 1.441
   median |eta| = 0.017
  rho=0.05476 (23/23)  [extra 3/50]
    fp=0.2550 tp=0.8348  [78.5s]
   median nu  = 1.546
   median |eta| = 0.014
  rho=0.04851 (24/24)  [extra 4/50]
    fp=0.2699 tp=0.8435  [64.1s]
   median nu  = 1.657
   median |eta| = 0.011
  rho=0.04297 (25/25)  [extra 5/50]
    fp=0.2817 tp=0.8435  [47.3s]
   median nu  = 1.78
   median |eta| = 0.009
  rho=0.03807 (26/26)  [extra 6/50]
    fp=0.2916 tp=0.8522  [32.7s]
   median nu  = 1.913
   median |eta| = 0.007
  rho=0.03372 (27/27)  [extra 7/50]
    fp=0.3032 tp=0.8609  [25.2s]
   median nu  = 2.028
   median |eta| = 0.006
  FPR 0.3032 >= fp_end=0.3; stopping after 27 fits
  grid extended by 7 points down to rho=0.03372, ending at FPR 0.3032
  graphical_lasso rho_max = max|S_ij| (off-diag) = 1.85298
  rho grid: [1.85298256 1.64149572 1.45414654 1.28818013 1.141156   1.0109122
 0.89553355 0.79332343 0.70277888 0.62256847 0.55151273 0.48856681
 0.43280512 0.38340768 0.33964813 0.300883   0.26654226 0.23612093
 0.20917169 0.18529826]
Running graphical_lasso over 20 rho values, extending until FPR >= 0.3...
  rho=1.85298 (1/20)
    fp=0.0000 tp=0.0000  [0.1s]
  rho=1.64150 (2/20)
    fp=0.0004 tp=0.0000  [0.2s]
  rho=1.45415 (3/20)
    fp=0.0008 tp=0.0000  [0.2s]
  rho=1.28818 (4/20)
    fp=0.0021 tp=0.0261  [0.2s]
  rho=1.14116 (5/20)
    fp=0.0033 tp=0.0435  [139.2s]
  rho=1.01091 (6/20)
    fp=0.0062 tp=0.0609  [136.1s]
  rho=0.89553 (7/20)
    fp=0.0118 tp=0.0696  [95.5s]
  rho=0.79332 (8/20)
    fp=0.0199 tp=0.1043  [49.4s]
  rho=0.70278 (9/20)
    fp=0.0269 tp=0.1217  [36.7s]
  rho=0.62257 (10/20)
    fp=0.0401 tp=0.1739  [0.1s]
  rho=0.55151 (11/20)
    fp=0.0554 tp=0.1826  [26.9s]
  rho=0.48857 (12/20)
    fp=0.0676 tp=0.2174  [3.8s]
  rho=0.43281 (13/20)
    fp=0.0838 tp=0.2609  [0.3s]
  rho=0.38341 (14/20)
    fp=0.1011 tp=0.3043  [0.7s]
  rho=0.33965 (15/20)
    fp=0.1189 tp=0.3652  [3.2s]
  rho=0.30088 (16/20)
    fp=0.1353 tp=0.4348  [0.2s]
  rho=0.26654 (17/20)
    fp=0.1535 tp=0.4870  [1.4s]
  rho=0.23612 (18/20)
    fp=0.1770 tp=0.5217  [0.8s]
  rho=0.20917 (19/20)
    fp=0.2014 tp=0.5739  [0.7s]
  rho=0.18530 (20/20)
    fp=0.2232 tp=0.6348  [0.1s]
  rho=0.16415 (21/21)  [extra 1/50]
    fp=0.2447 tp=0.6696  [0.3s]
  rho=0.14541 (22/22)  [extra 2/50]
    fp=0.2674 tp=0.7217  [1.3s]
  rho=0.12882 (23/23)  [extra 3/50]
    fp=0.2964 tp=0.7391  [1.9s]
  rho=0.11412 (24/24)  [extra 4/50]
    fp=0.3202 tp=0.7913  [0.8s]
  FPR 0.3202 >= fp_end=0.3; stopping after 24 fits
  [note] 6/24 fits hit a glasso ConvergenceWarning (suppressed)
  grid extended by 4 points down to rho=0.11412, ending at FPR 0.3202

(p=100, n=50) over 2 replicates
  t+lasso  (run_em_diagonal):    AUC = 0.195 (SE 0.020)
  ~t+lasso (run_em_exact):       AUC = 0.198 (SE 0.020)
  tlasso   (run_tlasso):         AUC = 0.197 (SE 0.021)
  t*lasso  (run_tstar_varlasso): AUC = 0.196 (SE 0.020)
  glasso   (graphical_lasso):    AUC = 0.154 (SE 0.023)
Replicate 3/50
  Theta: 107/4950 edges
  pilot fit of run_tlasso at rho=30.34854
  -> rho_max = max|S_ij| (off-diag) = 26.25435
  [warn] pilot rho 30.34854 > rho_max 26.25435: it falls off the top of this method's grid
  rho grid: [26.25434545 23.25785274 20.60335936 18.25183183 16.16869168 14.323307
 12.688542   11.24035798  9.95745985  8.82098299  7.81421589  6.92235435
  6.13228383  5.4323866   4.81237088  4.26311954  3.77655603  3.34552557
  2.96369     2.62543455]
Running run_tlasso over 20 rho values, extending until FPR >= 0.3...
  rho=26.25435 (1/20)
    fp=0.0000 tp=0.0000  [0.2s]
   nu  = 3.0000
  rho=23.25785 (2/20)
    fp=0.0000 tp=0.0093  [0.3s]
   nu  = 3.0000
  rho=20.60336 (3/20)
    fp=0.0000 tp=0.0093  [0.4s]
   nu  = 3.0000
  rho=18.25183 (4/20)
    fp=0.0002 tp=0.0187  [0.5s]
   nu  = 3.0000
  rho=16.16869 (5/20)
    fp=0.0002 tp=0.0374  [0.5s]
   nu  = 3.0000
  rho=14.32331 (6/20)
    fp=0.0002 tp=0.0374  [0.5s]
   nu  = 3.0000
  rho=12.68854 (7/20)
    fp=0.0006 tp=0.0467  [0.6s]
   nu  = 3.0000
  rho=11.24036 (8/20)
    fp=0.0008 tp=0.0467  [0.6s]
   nu  = 3.0000
  rho=9.95746 (9/20)
    fp=0.0008 tp=0.0561  [0.6s]
   nu  = 3.0000
  rho=8.82098 (10/20)
    fp=0.0012 tp=0.0748  [0.5s]
   nu  = 3.0000
  rho=7.81422 (11/20)
    fp=0.0021 tp=0.0841  [0.6s]
   nu  = 3.0000
  rho=6.92235 (12/20)
    fp=0.0035 tp=0.0935  [0.6s]
   nu  = 3.0000
  rho=6.13228 (13/20)
    fp=0.0068 tp=0.1215  [0.6s]
   nu  = 3.0000
  rho=5.43239 (14/20)
    fp=0.0112 tp=0.1869  [0.8s]
   nu  = 3.0000
  rho=4.81237 (15/20)
    fp=0.0157 tp=0.2710  [0.7s]
   nu  = 3.0000
  rho=4.26312 (16/20)
    fp=0.0258 tp=0.3178  [0.8s]
   nu  = 3.0000
  rho=3.77656 (17/20)
    fp=0.0368 tp=0.3925  [0.9s]
   nu  = 3.0000
  rho=3.34553 (18/20)
    fp=0.0607 tp=0.5047  [1.5s]
   nu  = 3.0000
  rho=2.96369 (19/20)
    fp=0.1086 tp=0.5794  [2.2s]
   nu  = 3.0000
  rho=2.62543 (20/20)
    fp=0.2849 tp=0.8037  [42.2s]
   nu  = 3.0000
  rho=2.32579 (21/21)  [extra 1/50]
    fp=0.3095 tp=0.8131  [10.0s]
   nu  = 3.0000
  FPR 0.3095 >= fp_end=0.3; stopping after 21 fits
  grid extended by 1 points down to rho=2.32579, ending at FPR 0.3095
  pilot fit of run_tstar_varlasso at rho=0.30349
  -> rho_max = max|S_ij| (off-diag) = 0.97634
  rho grid: [0.97633881 0.86490613 0.76619162 0.67874371 0.60127651 0.53265089
 0.47185774 0.4180031  0.37029506 0.3280321  0.29059274 0.25742646
 0.22804555 0.20201798 0.17896102 0.15853563 0.14044145 0.12441241
 0.11021282 0.09763388]
Running run_tstar_varlasso over 20 rho values, extending until FPR >= 0.3...
  rho=0.97634 (1/20)
    fp=0.0000 tp=0.0374  [0.7s]
   nu  = 3.0000
  rho=0.86491 (2/20)
    fp=0.0006 tp=0.0374  [0.4s]
   nu  = 3.0000
  rho=0.76619 (3/20)
    fp=0.0017 tp=0.0467  [0.4s]
   nu  = 3.0000
  rho=0.67874 (4/20)
    fp=0.0031 tp=0.0748  [0.4s]
   nu  = 3.0000
  rho=0.60128 (5/20)
    fp=0.0070 tp=0.1028  [0.4s]
   nu  = 3.0000
  rho=0.53265 (6/20)
    fp=0.0101 tp=0.1308  [0.3s]
   nu  = 3.0000
  rho=0.47186 (7/20)
    fp=0.0165 tp=0.1776  [0.3s]
   nu  = 3.0000
  rho=0.41800 (8/20)
    fp=0.0252 tp=0.2617  [0.3s]
   nu  = 3.0000
  rho=0.37030 (9/20)
    fp=0.0351 tp=0.3084  [0.3s]
   nu  = 3.0000
  rho=0.32803 (10/20)
    fp=0.0463 tp=0.3458  [0.5s]
   nu  = 3.0000
  rho=0.29059 (11/20)
    fp=0.0619 tp=0.3925  [0.4s]
   nu  = 3.0000
  rho=0.25743 (12/20)
    fp=0.0787 tp=0.4766  [0.7s]
   nu  = 3.0000
  rho=0.22805 (13/20)
    fp=0.1010 tp=0.4953  [0.7s]
   nu  = 3.0000
  rho=0.20202 (14/20)
    fp=0.1237 tp=0.5607  [0.6s]
   nu  = 3.0000
  rho=0.17896 (15/20)
    fp=0.1429 tp=0.5981  [0.7s]
   nu  = 3.0000
  rho=0.15854 (16/20)
    fp=0.1648 tp=0.6449  [0.7s]
   nu  = 3.0000
  rho=0.14044 (17/20)
    fp=0.1811 tp=0.6822  [0.7s]
   nu  = 3.0000
  rho=0.12441 (18/20)
    fp=0.2013 tp=0.7103  [0.5s]
   nu  = 3.0000
  rho=0.11021 (19/20)
    fp=0.2220 tp=0.7290  [0.6s]
   nu  = 3.0000
  rho=0.09763 (20/20)
    fp=0.2412 tp=0.7664  [0.8s]
   nu  = 3.0000
  rho=0.08649 (21/21)  [extra 1/50]
    fp=0.2587 tp=0.7757  [0.7s]
   nu  = 3.0000
  rho=0.07662 (22/22)  [extra 2/50]
    fp=0.2769 tp=0.7757  [0.6s]
   nu  = 3.0000
  rho=0.06787 (23/23)  [extra 3/50]
    fp=0.2940 tp=0.7850  [0.7s]
   nu  = 3.0000
  rho=0.06013 (24/24)  [extra 4/50]
    fp=0.3149 tp=0.8131  [0.7s]
   nu  = 3.0000
  FPR 0.3149 >= fp_end=0.3; stopping after 24 fits
  grid extended by 4 points down to rho=0.06013, ending at FPR 0.3149
  pilot fit of run_em_diagonal at rho=0.30349
  -> rho_max = max|S_ij| (off-diag) = 0.87475
  rho grid: [0.87474843 0.77491058 0.68646755 0.60811881 0.53871225 0.4772273
 0.42275981 0.37450888 0.33176498 0.29389958 0.26035587 0.23064062
 0.20431687 0.18099753 0.1603397  0.14203961 0.12582818 0.111467
 0.09874492 0.08747484]
Running run_em_diagonal over 20 rho values, extending until FPR >= 0.3...
  rho=0.87475 (1/20)
    fp=0.0054 tp=0.0935  [25.7s]
   median nu  = 0.489
   median |eta| = 0.929
  rho=0.77491 (2/20)
    fp=0.0091 tp=0.1308  [24.8s]
   median nu  = 0.533
   median |eta| = 0.823
  rho=0.68647 (3/20)
    fp=0.0149 tp=0.1589  [23.5s]
   median nu  = 0.572
   median |eta| = 0.716
  rho=0.60812 (4/20)
    fp=0.0225 tp=0.1776  [58.8s]
   median nu  = 0.602
   median |eta| = 0.642
  rho=0.53871 (5/20)
    fp=0.0318 tp=0.2430  [78.3s]
   median nu  = 0.639
   median |eta| = 0.546
  rho=0.47723 (6/20)
    fp=0.0415 tp=0.2710  [75.2s]
   median nu  = 0.703
   median |eta| = 0.451
  rho=0.42276 (7/20)
    fp=0.0529 tp=0.3271  [77.1s]
   median nu  = 0.748
   median |eta| = 0.387
  rho=0.37451 (8/20)
    fp=0.0630 tp=0.3551  [59.5s]
   median nu  = 0.782
   median |eta| = 0.316
  rho=0.33176 (9/20)
    fp=0.0725 tp=0.4019  [74.5s]
   median nu  = 0.835
   median |eta| = 0.235
  rho=0.29390 (10/20)
    fp=0.0820 tp=0.4766  [89.3s]
   median nu  = 0.909
   median |eta| = 0.191
  rho=0.26036 (11/20)
    fp=0.0937 tp=0.5327  [30.9s]
   median nu  = 0.992
   median |eta| = 0.149
  rho=0.23064 (12/20)
    fp=0.1086 tp=0.5514  [69.4s]
   median nu  = 1.068
   median |eta| = 0.119
  rho=0.20432 (13/20)
    fp=0.1239 tp=0.5701  [99.7s]
   median nu  = 1.155
   median |eta| = 0.096
  rho=0.18100 (14/20)
    fp=0.1371 tp=0.6168  [29.5s]
   median nu  = 1.241
   median |eta| = 0.075
  rho=0.16034 (15/20)
    fp=0.1522 tp=0.6449  [60.6s]
   median nu  = 1.302
   median |eta| = 0.062
  rho=0.14204 (16/20)
    fp=0.1646 tp=0.6542  [109.6s]
   median nu  = 1.357
   median |eta| = 0.049
  rho=0.12583 (17/20)
    fp=0.1776 tp=0.6916  [71.7s]
   median nu  = 1.454
   median |eta| = 0.038
  rho=0.11147 (18/20)
    fp=0.1889 tp=0.7103  [73.8s]
   median nu  = 1.544
   median |eta| = 0.03
  rho=0.09874 (19/20)
    fp=0.2040 tp=0.7290  [79.4s]
   median nu  = 1.622
   median |eta| = 0.023
  rho=0.08747 (20/20)
    fp=0.2141 tp=0.7383  [76.3s]
   median nu  = 1.716
   median |eta| = 0.018
  rho=0.07749 (21/21)  [extra 1/50]
    fp=0.2273 tp=0.7570  [70.4s]
   median nu  = 1.819
   median |eta| = 0.014
  rho=0.06865 (22/22)  [extra 2/50]
    fp=0.2403 tp=0.7664  [69.8s]
   median nu  = 1.904
   median |eta| = 0.012
  rho=0.06081 (23/23)  [extra 3/50]
    fp=0.2536 tp=0.7944  [41.5s]
   median nu  = 2.013
   median |eta| = 0.01
  rho=0.05387 (24/24)  [extra 4/50]
    fp=0.2666 tp=0.8037  [24.7s]
   median nu  = 2.119
   median |eta| = 0.008
  rho=0.04772 (25/25)  [extra 5/50]
    fp=0.2763 tp=0.8318  [18.4s]
   median nu  = 2.298
   median |eta| = 0.006
  rho=0.04228 (26/26)  [extra 6/50]
    fp=0.2878 tp=0.8224  [19.8s]
   median nu  = 2.444
   median |eta| = 0.005
  rho=0.03745 (27/27)  [extra 7/50]
    fp=0.2982 tp=0.8318  [24.1s]
   median nu  = 2.6
   median |eta| = 0.004
  rho=0.03318 (28/28)  [extra 8/50]
    fp=0.3077 tp=0.8411  [23.3s]
   median nu  = 2.716
   median |eta| = 0.003
  FPR 0.3077 >= fp_end=0.3; stopping after 28 fits
  grid extended by 8 points down to rho=0.03318, ending at FPR 0.3077
  pilot fit of run_em_exact at rho=0.30349
  -> rho_max = max|S_ij| (off-diag) = 0.88886
  rho grid: [0.8888628  0.78741404 0.69754395 0.61793102 0.54740457 0.48492753
 0.42958119 0.38055171 0.33711812 0.29864175 0.26455681 0.23436209
 0.20761359 0.18391799 0.16292684 0.14433147 0.12785846 0.11326556
 0.1003382  0.08888628]
Running run_em_exact over 20 rho values, extending until FPR >= 0.3...
  rho=0.88886 (1/20)
    fp=0.0047 tp=0.0841  [25.7s]
   median nu  = 0.484
   median |eta| = 0.854
  rho=0.78741 (2/20)
    fp=0.0089 tp=0.1308  [60.9s]
   median nu  = 0.531
   median |eta| = 0.746
  rho=0.69754 (3/20)
    fp=0.0142 tp=0.1589  [80.7s]
   median nu  = 0.574
   median |eta| = 0.565
  rho=0.61793 (4/20)
    fp=0.0219 tp=0.1776  [86.5s]
   median nu  = 0.633
   median |eta| = 0.51
  rho=0.54740 (5/20)
    fp=0.0308 tp=0.2243  [80.8s]
   median nu  = 0.672
   median |eta| = 0.405
  rho=0.48493 (6/20)
    fp=0.0394 tp=0.2710  [76.1s]
   median nu  = 0.715
   median |eta| = 0.286
  rho=0.42958 (7/20)
    fp=0.0496 tp=0.3364  [76.7s]
   median nu  = 0.771
   median |eta| = 0.243
  rho=0.38055 (8/20)
    fp=0.0578 tp=0.3551  [74.4s]
   median nu  = 0.83
   median |eta| = 0.169
  rho=0.33712 (9/20)
    fp=0.0702 tp=0.4019  [90.4s]
   median nu  = 0.898
   median |eta| = 0.146
  rho=0.29864 (10/20)
    fp=0.0789 tp=0.4579  [85.1s]
   median nu  = 0.955
   median |eta| = 0.096
  rho=0.26456 (11/20)
    fp=0.0898 tp=0.5327  [51.0s]
   median nu  = 1.031
   median |eta| = 0.072
  rho=0.23436 (12/20)
    fp=0.1026 tp=0.5701  [18.3s]
   median nu  = 1.123
   median |eta| = 0.055
  rho=0.20761 (13/20)
    fp=0.1179 tp=0.5981  [14.3s]
   median nu  = 1.189
   median |eta| = 0.041
  rho=0.18392 (14/20)
    fp=0.1311 tp=0.6262  [10.6s]
   median nu  = 1.284
   median |eta| = 0.032
  rho=0.16293 (15/20)
    fp=0.1447 tp=0.6449  [9.6s]
   median nu  = 1.38
   median |eta| = 0.025
  rho=0.14433 (16/20)
    fp=0.1571 tp=0.6729  [7.6s]
   median nu  = 1.467
   median |eta| = 0.02
  rho=0.12786 (17/20)
    fp=0.1685 tp=0.6729  [7.9s]
   median nu  = 1.542
   median |eta| = 0.015
  rho=0.11327 (18/20)
    fp=0.1819 tp=0.7103  [6.4s]
   median nu  = 1.627
   median |eta| = 0.013
  rho=0.10034 (19/20)
    fp=0.1939 tp=0.7196  [6.3s]
   median nu  = 1.75
   median |eta| = 0.01
  rho=0.08889 (20/20)
    fp=0.2069 tp=0.7477  [5.0s]
   median nu  = 1.862
   median |eta| = 0.008
  rho=0.07874 (21/21)  [extra 1/50]
    fp=0.2216 tp=0.7664  [4.8s]
   median nu  = 1.945
   median |eta| = 0.007
  rho=0.06975 (22/22)  [extra 2/50]
    fp=0.2375 tp=0.7664  [4.5s]
   median nu  = 2.057
   median |eta| = 0.005
  rho=0.06179 (23/23)  [extra 3/50]
    fp=0.2501 tp=0.7850  [4.3s]
   median nu  = 2.187
   median |eta| = 0.004
  rho=0.05474 (24/24)  [extra 4/50]
    fp=0.2610 tp=0.8037  [4.0s]
   median nu  = 2.321
   median |eta| = 0.003
  rho=0.04849 (25/25)  [extra 5/50]
    fp=0.2697 tp=0.8411  [3.8s]
   median nu  = 2.442
   median |eta| = 0.002
  rho=0.04296 (26/26)  [extra 6/50]
    fp=0.2808 tp=0.8411  [3.8s]
   median nu  = 2.549
   median |eta| = 0.002
  rho=0.03806 (27/27)  [extra 7/50]
    fp=0.2913 tp=0.8411  [3.7s]
   median nu  = 2.682
   median |eta| = 0.002
  rho=0.03371 (28/28)  [extra 8/50]
    fp=0.3000 tp=0.8411  [3.6s]
   median nu  = 2.803
   median |eta| = 0.001
  FPR 0.3000 >= fp_end=0.3; stopping after 28 fits
  grid extended by 8 points down to rho=0.03371, ending at FPR 0.3000
  graphical_lasso rho_max = max|S_ij| (off-diag) = 6.08489
  rho grid: [6.08488782 5.39040004 4.77517638 4.23017018 3.74736728 3.31966822
 2.94078383 2.60514274 2.30780943 2.04441174 1.81107646 1.60437249
 1.42126031 1.25904731 1.1153482  0.98804993 0.87528062 0.77538203
 0.68688519 0.60848878]
Running graphical_lasso over 20 rho values, extending until FPR >= 0.3...
  rho=6.08489 (1/20)
    fp=0.0000 tp=0.0000  [0.0s]
  rho=5.39040 (2/20)
    fp=0.0012 tp=0.0000  [0.0s]
  rho=4.77518 (3/20)
    fp=0.0019 tp=0.0000  [0.0s]
  rho=4.23017 (4/20)
    fp=0.0037 tp=0.0187  [0.1s]
  rho=3.74737 (5/20)
    fp=0.0064 tp=0.0280  [27.5s]
  rho=3.31967 (6/20)
    fp=0.0095 tp=0.0280  [27.8s]
  rho=2.94078 (7/20)
    fp=0.0157 tp=0.0467  [67.2s]
  rho=2.60514 (8/20)
    fp=0.0233 tp=0.0654  [134.3s]
  rho=2.30781 (9/20)
    fp=0.0289 tp=0.0654  [4.0s]
  rho=2.04441 (10/20)
    fp=0.0353 tp=0.0748  [47.2s]
  rho=1.81108 (11/20)
    fp=0.0450 tp=0.0748  [8.6s]
  rho=1.60437 (12/20)
    fp=0.0539 tp=0.0841  [0.4s]
  rho=1.42126 (13/20)
    fp=0.0652 tp=0.1121  [23.6s]
  rho=1.25905 (14/20)
    fp=0.0745 tp=0.1495  [50.6s]
  rho=1.11535 (15/20)
    fp=0.0865 tp=0.2150  [96.6s]
  rho=0.98805 (16/20)
    fp=0.0995 tp=0.2710  [0.2s]
  rho=0.87528 (17/20)
    fp=0.1113 tp=0.3551  [1.0s]
  rho=0.77538 (18/20)
    fp=0.1243 tp=0.3925  [54.6s]
  rho=0.68689 (19/20)
    fp=0.1392 tp=0.4393  [33.5s]
  rho=0.60849 (20/20)
    fp=0.1536 tp=0.4579  [8.1s]
  rho=0.53904 (21/21)  [extra 1/50]
    fp=0.1664 tp=0.5047  [23.1s]
  rho=0.47752 (22/22)  [extra 2/50]
    fp=0.1784 tp=0.5327  [156.8s]
  rho=0.42302 (23/23)  [extra 3/50]
    fp=0.1906 tp=0.5981  [112.0s]
  rho=0.37474 (24/24)  [extra 4/50]
    fp=0.2063 tp=0.6449  [79.0s]
  rho=0.33197 (25/25)  [extra 5/50]
    fp=0.2201 tp=0.6636  [13.6s]
  rho=0.29408 (26/26)  [extra 6/50]
    fp=0.2348 tp=0.7196  [45.1s]
  rho=0.26051 (27/27)  [extra 7/50]
    fp=0.2550 tp=0.7477  [0.5s]
  rho=0.23078 (28/28)  [extra 8/50]
    fp=0.2736 tp=0.7664  [1.0s]
  rho=0.20444 (29/29)  [extra 9/50]
    fp=0.2903 tp=0.7850  [12.0s]
  rho=0.18111 (30/30)  [extra 10/50]
    fp=0.3079 tp=0.7757  [3.6s]
  FPR 0.3079 >= fp_end=0.3; stopping after 30 fits
  [note] 6/30 fits hit a glasso ConvergenceWarning (suppressed)
  grid extended by 10 points down to rho=0.18111, ending at FPR 0.3079

(p=100, n=50) over 3 replicates
  t+lasso  (run_em_diagonal):    AUC = 0.188 (SE 0.014)
  ~t+lasso (run_em_exact):       AUC = 0.191 (SE 0.014)
  tlasso   (run_tlasso):         AUC = 0.191 (SE 0.013)
  t*lasso  (run_tstar_varlasso): AUC = 0.188 (SE 0.014)
  glasso   (graphical_lasso):    AUC = 0.146 (SE 0.015)
Replicate 4/50
  Theta: 115/4950 edges
  pilot fit of run_tlasso at rho=30.34854
  -> rho_max = max|S_ij| (off-diag) = 21.05871
  [warn] pilot rho 30.34854 > rho_max 21.05871: it falls off the top of this method's grid
  rho grid: [21.05871045 18.65521223 16.52603298 14.6398638  12.96896916 11.48877908
 10.17752785  9.01593393  7.98691645  7.07534404  6.26781232  5.55244678
  4.91872821  4.35733797  3.860021    3.41946442  3.02918997  2.6834588
  2.37718703  2.10587104]
Running run_tlasso over 20 rho values, extending until FPR >= 0.3...
  rho=21.05871 (1/20)
    fp=0.0000 tp=0.0000  [0.2s]
   nu  = 3.0000
  rho=18.65521 (2/20)
    fp=0.0000 tp=0.0000  [0.2s]
   nu  = 3.0000
  rho=16.52603 (3/20)
    fp=0.0000 tp=0.0000  [0.3s]
   nu  = 3.0000
  rho=14.63986 (4/20)
    fp=0.0000 tp=0.0087  [0.4s]
   nu  = 3.0000
  rho=12.96897 (5/20)
    fp=0.0002 tp=0.0174  [0.5s]
   nu  = 3.0000
  rho=11.48878 (6/20)
    fp=0.0002 tp=0.0261  [0.6s]
   nu  = 3.0000
  rho=10.17753 (7/20)
    fp=0.0002 tp=0.0261  [0.6s]
   nu  = 3.0000
  rho=9.01593 (8/20)
    fp=0.0008 tp=0.0435  [0.6s]
   nu  = 3.0000
  rho=7.98692 (9/20)
    fp=0.0021 tp=0.0522  [0.6s]
   nu  = 3.0000
  rho=7.07534 (10/20)
    fp=0.0027 tp=0.0696  [0.6s]
   nu  = 3.0000
  rho=6.26781 (11/20)
    fp=0.0048 tp=0.0870  [0.5s]
   nu  = 3.0000
  rho=5.55245 (12/20)
    fp=0.0068 tp=0.1130  [0.7s]
   nu  = 3.0000
  rho=4.91873 (13/20)
    fp=0.0093 tp=0.1739  [0.5s]
   nu  = 3.0000
  rho=4.35734 (14/20)
    fp=0.0145 tp=0.2435  [0.5s]
   nu  = 3.0000
  rho=3.86002 (15/20)
    fp=0.0217 tp=0.2957  [1.0s]
   nu  = 3.0000
  rho=3.41946 (16/20)
    fp=0.0337 tp=0.3217  [0.9s]
   nu  = 3.0000
  rho=3.02919 (17/20)
    fp=0.0527 tp=0.4261  [1.1s]
   nu  = 3.0000
  rho=2.68346 (18/20)
    fp=0.0902 tp=0.5478  [2.8s]
   nu  = 3.0000
  rho=2.37719 (19/20)
    fp=0.1921 tp=0.7304  [15.9s]
   nu  = 3.0000
  rho=2.10587 (20/20)
    fp=0.2465 tp=0.7739  [5.7s]
   nu  = 3.0000
  rho=1.86552 (21/21)  [extra 1/50]
    fp=0.2836 tp=0.7913  [3.8s]
   nu  = 3.0000
  rho=1.65260 (22/22)  [extra 2/50]
    fp=0.3164 tp=0.8087  [3.1s]
   nu  = 3.0000
  FPR 0.3164 >= fp_end=0.3; stopping after 22 fits
  grid extended by 2 points down to rho=1.65260, ending at FPR 0.3164
  pilot fit of run_tstar_varlasso at rho=0.30349
  -> rho_max = max|S_ij| (off-diag) = 0.68705
  rho grid: [0.68705073 0.60863542 0.53916991 0.47763272 0.42311896 0.37482704
 0.33204682 0.29414925 0.26057706 0.23083656 0.20449044 0.18115129
 0.16047591 0.14216028 0.12593507 0.1115617  0.0988288  0.08754916
 0.07755689 0.06870507]
Running run_tstar_varlasso over 20 rho values, extending until FPR >= 0.3...
  rho=0.68705 (1/20)
    fp=0.0002 tp=0.0261  [0.5s]
   nu  = 3.0000
  rho=0.60864 (2/20)
    fp=0.0008 tp=0.0435  [0.5s]
   nu  = 3.0000
  rho=0.53917 (3/20)
    fp=0.0017 tp=0.0522  [0.4s]
   nu  = 3.0000
  rho=0.47763 (4/20)
    fp=0.0041 tp=0.0609  [0.5s]
   nu  = 3.0000
  rho=0.42312 (5/20)
    fp=0.0079 tp=0.0957  [0.4s]
   nu  = 3.0000
  rho=0.37483 (6/20)
    fp=0.0124 tp=0.1913  [0.4s]
   nu  = 3.0000
  rho=0.33205 (7/20)
    fp=0.0182 tp=0.2609  [0.5s]
   nu  = 3.0000
  rho=0.29415 (8/20)
    fp=0.0267 tp=0.3130  [0.5s]
   nu  = 3.0000
  rho=0.26058 (9/20)
    fp=0.0383 tp=0.3565  [0.5s]
   nu  = 3.0000
  rho=0.23084 (10/20)
    fp=0.0517 tp=0.4087  [0.5s]
   nu  = 3.0000
  rho=0.20449 (11/20)
    fp=0.0705 tp=0.4522  [0.5s]
   nu  = 3.0000
  rho=0.18115 (12/20)
    fp=0.0904 tp=0.5478  [0.5s]
   nu  = 3.0000
  rho=0.16048 (13/20)
    fp=0.1094 tp=0.6000  [0.6s]
   nu  = 3.0000
  rho=0.14216 (14/20)
    fp=0.1289 tp=0.6522  [0.4s]
   nu  = 3.0000
  rho=0.12594 (15/20)
    fp=0.1491 tp=0.6696  [0.7s]
   nu  = 3.0000
  rho=0.11156 (16/20)
    fp=0.1704 tp=0.7043  [0.8s]
   nu  = 3.0000
  rho=0.09883 (17/20)
    fp=0.1919 tp=0.7130  [0.8s]
   nu  = 3.0000
  rho=0.08755 (18/20)
    fp=0.2153 tp=0.7478  [0.6s]
   nu  = 3.0000
  rho=0.07756 (19/20)
    fp=0.2356 tp=0.7565  [0.5s]
   nu  = 3.0000
  rho=0.06871 (20/20)
    fp=0.2558 tp=0.7652  [0.5s]
   nu  = 3.0000
  rho=0.06086 (21/21)  [extra 1/50]
    fp=0.2753 tp=0.7739  [0.6s]
   nu  = 3.0000
  rho=0.05392 (22/22)  [extra 2/50]
    fp=0.2999 tp=0.7826  [0.6s]
   nu  = 3.0000
  rho=0.04776 (23/23)  [extra 3/50]
    fp=0.3193 tp=0.8000  [0.7s]
   nu  = 3.0000
  FPR 0.3193 >= fp_end=0.3; stopping after 23 fits
  grid extended by 3 points down to rho=0.04776, ending at FPR 0.3193
  pilot fit of run_em_diagonal at rho=0.30349
  -> rho_max = max|S_ij| (off-diag) = 0.82927
  rho grid: [0.8292651  0.73461842 0.65077406 0.57649913 0.51070143 0.45241344
 0.40077804 0.35503596 0.31451456 0.27861801 0.24681844 0.21864826
 0.19369323 0.1715864  0.15200269 0.13465414 0.11928563 0.10567118
 0.09361059 0.08292651]
Running run_em_diagonal over 20 rho values, extending until FPR >= 0.3...
  rho=0.82927 (1/20)
    fp=0.0025 tp=0.0435  [27.0s]
   median nu  = 0.061
   median |eta| = 3.98
  rho=0.73462 (2/20)
    fp=0.0039 tp=0.0696  [23.7s]
   median nu  = 0.069
   median |eta| = 3.697
  rho=0.65077 (3/20)
    fp=0.0070 tp=0.1304  [27.4s]
   median nu  = 0.081
   median |eta| = 3.739
  rho=0.57650 (4/20)
    fp=0.0116 tp=0.1652  [23.0s]
   median nu  = 0.097
   median |eta| = 3.609
  rho=0.51070 (5/20)
    fp=0.0180 tp=0.2261  [61.6s]
   median nu  = 0.118
   median |eta| = 3.284
  rho=0.45241 (6/20)
    fp=0.0248 tp=0.2783  [82.9s]
   median nu  = 0.143
   median |eta| = 2.658
  rho=0.40078 (7/20)
    fp=0.0352 tp=0.3391  [80.7s]
   median nu  = 0.175
   median |eta| = 1.951
  rho=0.35504 (8/20)
    fp=0.0453 tp=0.4000  [82.0s]
   median nu  = 0.214
   median |eta| = 1.619
  rho=0.31451 (9/20)
    fp=0.0581 tp=0.4522  [60.3s]
   median nu  = 0.265
   median |eta| = 1.408
  rho=0.27862 (10/20)
    fp=0.0738 tp=0.5217  [98.6s]
   median nu  = 0.333
   median |eta| = 1.233
  rho=0.24682 (11/20)
    fp=0.0898 tp=0.5652  [56.7s]
   median nu  = 0.388
   median |eta| = 0.943
  rho=0.21865 (12/20)
    fp=0.1040 tp=0.5913  [23.5s]
   median nu  = 0.472
   median |eta| = 0.733
  rho=0.19369 (13/20)
    fp=0.1187 tp=0.6348  [59.9s]
   median nu  = 0.552
   median |eta| = 0.49
  rho=0.17159 (14/20)
    fp=0.1326 tp=0.6609  [94.2s]
   median nu  = 0.645
   median |eta| = 0.397
  rho=0.15200 (15/20)
    fp=0.1462 tp=0.6870  [38.1s]
   median nu  = 0.706
   median |eta| = 0.276
  rho=0.13465 (16/20)
    fp=0.1601 tp=0.6957  [47.5s]
   median nu  = 0.776
   median |eta| = 0.21
  rho=0.11929 (17/20)
    fp=0.1764 tp=0.7130  [117.0s]
   median nu  = 0.862
   median |eta| = 0.144
  rho=0.10567 (18/20)
    fp=0.1901 tp=0.7304  [92.7s]
   median nu  = 0.953
   median |eta| = 0.107
  rho=0.09361 (19/20)
    fp=0.2037 tp=0.7391  [93.2s]
   median nu  = 1.05
   median |eta| = 0.085
  rho=0.08293 (20/20)
    fp=0.2170 tp=0.7565  [93.9s]
   median nu  = 1.165
   median |eta| = 0.069
  rho=0.07346 (21/21)  [extra 1/50]
    fp=0.2273 tp=0.7565  [92.5s]
   median nu  = 1.262
   median |eta| = 0.058
  rho=0.06508 (22/22)  [extra 2/50]
    fp=0.2399 tp=0.7565  [87.2s]
   median nu  = 1.365
   median |eta| = 0.045
  rho=0.05765 (23/23)  [extra 3/50]
    fp=0.2509 tp=0.7565  [19.4s]
   median nu  = 1.479
   median |eta| = 0.034
  rho=0.05107 (24/24)  [extra 4/50]
    fp=0.2641 tp=0.7565  [34.2s]
   median nu  = 1.603
   median |eta| = 0.025
  rho=0.04524 (25/25)  [extra 5/50]
    fp=0.2678 tp=0.7739  [19.9s]
   median nu  = 1.708
   median |eta| = 0.019
  rho=0.04008 (26/26)  [extra 6/50]
    fp=0.2821 tp=0.7739  [26.7s]
   median nu  = 1.889
   median |eta| = 0.015
  rho=0.03550 (27/27)  [extra 7/50]
    fp=0.2898 tp=0.7739  [22.5s]
   median nu  = 1.969
   median |eta| = 0.012
  rho=0.03145 (28/28)  [extra 8/50]
    fp=0.3034 tp=0.7826  [23.8s]
   median nu  = 2.139
   median |eta| = 0.01
  FPR 0.3034 >= fp_end=0.3; stopping after 28 fits
  grid extended by 8 points down to rho=0.03145, ending at FPR 0.3034
  pilot fit of run_em_exact at rho=0.30349
  -> rho_max = max|S_ij| (off-diag) = 0.83291
  rho grid: [0.83291146 0.7378486  0.65363557 0.57903405 0.51294703 0.45440274
 0.4025403  0.35659708 0.31589751 0.27984311 0.24790372 0.21960967
 0.19454492 0.17234088 0.15267106 0.13524623 0.11981014 0.10613582
 0.0940222  0.08329115]
Running run_em_exact over 20 rho values, extending until FPR >= 0.3...
  rho=0.83291 (1/20)
    fp=0.0023 tp=0.0435  [25.1s]
   median nu  = 0.061
   median |eta| = 3.81
  rho=0.73785 (2/20)
    fp=0.0039 tp=0.0696  [59.2s]
   median nu  = 0.069
   median |eta| = 3.494
  rho=0.65364 (3/20)
    fp=0.0070 tp=0.1304  [86.3s]
   median nu  = 0.081
   median |eta| = 3.101
  rho=0.57903 (4/20)
    fp=0.0120 tp=0.1652  [92.6s]
   median nu  = 0.098
   median |eta| = 2.715
  rho=0.51295 (5/20)
    fp=0.0178 tp=0.2261  [86.4s]
   median nu  = 0.119
   median |eta| = 2.16
  rho=0.45440 (6/20)
    fp=0.0252 tp=0.2783  [81.4s]
   median nu  = 0.15
   median |eta| = 1.662
  rho=0.40254 (7/20)
    fp=0.0356 tp=0.3391  [82.2s]
   median nu  = 0.193
   median |eta| = 1.268
  rho=0.35660 (8/20)
    fp=0.0469 tp=0.4087  [82.5s]
   median nu  = 0.238
   median |eta| = 0.938
  rho=0.31590 (9/20)
    fp=0.0612 tp=0.4522  [79.2s]
   median nu  = 0.31
   median |eta| = 0.618
  rho=0.27984 (10/20)
    fp=0.0753 tp=0.5217  [77.6s]
   median nu  = 0.402
   median |eta| = 0.403
  rho=0.24790 (11/20)
    fp=0.0922 tp=0.6000  [28.5s]
   median nu  = 0.502
   median |eta| = 0.267
  rho=0.21961 (12/20)
    fp=0.1071 tp=0.6348  [20.6s]
   median nu  = 0.604
   median |eta| = 0.183
  rho=0.19454 (13/20)
    fp=0.1216 tp=0.6609  [28.0s]
   median nu  = 0.695
   median |eta| = 0.13
  rho=0.17234 (14/20)
    fp=0.1344 tp=0.6783  [23.5s]
   median nu  = 0.783
   median |eta| = 0.101
  rho=0.15267 (15/20)
    fp=0.1481 tp=0.7043  [23.3s]
   median nu  = 0.873
   median |eta| = 0.084
  rho=0.13525 (16/20)
    fp=0.1599 tp=0.7130  [25.5s]
   median nu  = 0.967
   median |eta| = 0.063
  rho=0.11981 (17/20)
    fp=0.1739 tp=0.7217  [19.9s]
   median nu  = 1.071
   median |eta| = 0.048
  rho=0.10614 (18/20)
    fp=0.1880 tp=0.7565  [16.5s]
   median nu  = 1.16
   median |eta| = 0.033
  rho=0.09402 (19/20)
    fp=0.2019 tp=0.7565  [14.0s]
   median nu  = 1.262
   median |eta| = 0.025
  rho=0.08329 (20/20)
    fp=0.2143 tp=0.7565  [10.9s]
   median nu  = 1.373
   median |eta| = 0.019
  rho=0.07378 (21/21)  [extra 1/50]
    fp=0.2246 tp=0.7565  [10.6s]
   median nu  = 1.484
   median |eta| = 0.015
  rho=0.06536 (22/22)  [extra 2/50]
    fp=0.2374 tp=0.7565  [9.9s]
   median nu  = 1.584
   median |eta| = 0.012
  rho=0.05790 (23/23)  [extra 3/50]
    fp=0.2469 tp=0.7565  [32.1s]
   median nu  = 1.684
   median |eta| = 0.009
  rho=0.05129 (24/24)  [extra 4/50]
    fp=0.2575 tp=0.7739  [33.4s]
   median nu  = 1.804
   median |eta| = 0.007
  rho=0.04544 (25/25)  [extra 5/50]
    fp=0.2720 tp=0.7913  [38.9s]
   median nu  = 1.928
   median |eta| = 0.006
  rho=0.04025 (26/26)  [extra 6/50]
    fp=0.2834 tp=0.8000  [42.1s]
   median nu  = 2.064
   median |eta| = 0.005
  rho=0.03566 (27/27)  [extra 7/50]
    fp=0.2968 tp=0.8174  [42.4s]
   median nu  = 2.181
   median |eta| = 0.004
  rho=0.03159 (28/28)  [extra 8/50]
    fp=0.3065 tp=0.8261  [38.7s]
   median nu  = 2.309
   median |eta| = 0.003
  FPR 0.3065 >= fp_end=0.3; stopping after 28 fits
  grid extended by 8 points down to rho=0.03159, ending at FPR 0.3065
  graphical_lasso rho_max = max|S_ij| (off-diag) = 3.12592
  rho grid: [3.12591798 2.76914693 2.4530953  2.17311566 1.925091   1.70537418
 1.51073435 1.33830939 1.18556385 1.05025164 0.93038305 0.82419544
 0.73012737 0.64679559 0.57297474 0.50757929 0.44964764 0.39832791
 0.35286547 0.3125918 ]
Running graphical_lasso over 20 rho values, extending until FPR >= 0.3...
  rho=3.12592 (1/20)
    fp=0.0000 tp=0.0000  [0.1s]
  rho=2.76915 (2/20)
    fp=0.0008 tp=0.0000  [0.2s]
  rho=2.45310 (3/20)
    fp=0.0014 tp=0.0000  [134.2s]
  rho=2.17312 (4/20)
    fp=0.0019 tp=0.0000  [135.8s]
  rho=1.92509 (5/20)
    fp=0.0023 tp=0.0000  [140.2s]
  rho=1.70537 (6/20)
    fp=0.0046 tp=0.0087  [0.2s]
  rho=1.51073 (7/20)
    fp=0.0070 tp=0.0174  [136.6s]
  rho=1.33831 (8/20)
    fp=0.0101 tp=0.0522  [80.8s]
  rho=1.18556 (9/20)
    fp=0.0137 tp=0.0609  [32.9s]
  rho=1.05025 (10/20)
    fp=0.0203 tp=0.0870  [40.5s]
  rho=0.93038 (11/20)
    fp=0.0275 tp=0.1304  [0.7s]
  rho=0.82420 (12/20)
    fp=0.0366 tp=0.1565  [0.0s]
  rho=0.73013 (13/20)
    fp=0.0457 tp=0.2174  [2.2s]
  rho=0.64680 (14/20)
    fp=0.0550 tp=0.2522  [1.6s]
  rho=0.57297 (15/20)
    fp=0.0683 tp=0.2957  [1.7s]
  rho=0.50758 (16/20)
    fp=0.0825 tp=0.3652  [9.1s]
  rho=0.44965 (17/20)
    fp=0.0978 tp=0.4522  [2.3s]
  rho=0.39833 (18/20)
    fp=0.1195 tp=0.5130  [1.0s]
  rho=0.35287 (19/20)
    fp=0.1390 tp=0.5826  [0.3s]
  rho=0.31259 (20/20)
    fp=0.1617 tp=0.5913  [2.1s]
  rho=0.27691 (21/21)  [extra 1/50]
    fp=0.1837 tp=0.6522  [3.1s]
  rho=0.24531 (22/22)  [extra 2/50]
    fp=0.2068 tp=0.6696  [6.4s]
  rho=0.21731 (23/23)  [extra 3/50]
    fp=0.2319 tp=0.7043  [0.6s]
  rho=0.19251 (24/24)  [extra 4/50]
    fp=0.2569 tp=0.7217  [0.5s]
  rho=0.17054 (25/25)  [extra 5/50]
    fp=0.2774 tp=0.7478  [6.8s]
  rho=0.15107 (26/26)  [extra 6/50]
    fp=0.2980 tp=0.7652  [4.1s]
  rho=0.13383 (27/27)  [extra 7/50]
    fp=0.3160 tp=0.7739  [16.0s]
  FPR 0.3160 >= fp_end=0.3; stopping after 27 fits
  [note] 7/27 fits hit a glasso ConvergenceWarning (suppressed)
  grid extended by 7 points down to rho=0.13383, ending at FPR 0.3160

(p=100, n=50) over 4 replicates
  t+lasso  (run_em_diagonal):    AUC = 0.187 (SE 0.010)
  ~t+lasso (run_em_exact):       AUC = 0.190 (SE 0.010)
  tlasso   (run_tlasso):         AUC = 0.189 (SE 0.010)
  t*lasso  (run_tstar_varlasso): AUC = 0.186 (SE 0.010)
  glasso   (graphical_lasso):    AUC = 0.147 (SE 0.011)
Replicate 5/50
  Theta: 90/4950 edges
  pilot fit of run_tlasso at rho=30.34854
  -> rho_max = max|S_ij| (off-diag) = 19.94500
  [warn] pilot rho 30.34854 > rho_max 19.94500: it falls off the top of this method's grid
  rho grid: [19.94499516 17.66860885 15.65203381 13.86561696 12.28308959 10.88118115
  9.63927702  8.5391154   7.56451875  6.70115595  5.93633151  5.25879894
  4.65859534  4.1268949   3.65587914  3.23862192  2.86898761  2.54154084
  2.25146663  1.99449952]
Running run_tlasso over 20 rho values, extending until FPR >= 0.3...
  rho=19.94500 (1/20)
    fp=0.0000 tp=0.0000  [0.2s]
   nu  = 3.0000
  rho=17.66861 (2/20)
    fp=0.0000 tp=0.0000  [0.2s]
   nu  = 3.0000
  rho=15.65203 (3/20)
    fp=0.0000 tp=0.0111  [0.5s]
   nu  = 3.0000
  rho=13.86562 (4/20)
    fp=0.0000 tp=0.0111  [0.4s]
   nu  = 3.0000
  rho=12.28309 (5/20)
    fp=0.0000 tp=0.0333  [0.5s]
   nu  = 3.0000
  rho=10.88118 (6/20)
    fp=0.0004 tp=0.0556  [0.7s]
   nu  = 3.0000
  rho=9.63928 (7/20)
    fp=0.0006 tp=0.0667  [0.6s]
   nu  = 3.0000
  rho=8.53912 (8/20)
    fp=0.0014 tp=0.1000  [0.7s]
   nu  = 3.0000
  rho=7.56452 (9/20)
    fp=0.0027 tp=0.1111  [0.7s]
   nu  = 3.0000
  rho=6.70116 (10/20)
    fp=0.0041 tp=0.1444  [0.7s]
   nu  = 3.0000
  rho=5.93633 (11/20)
    fp=0.0101 tp=0.1778  [0.5s]
   nu  = 3.0000
  rho=5.25880 (12/20)
    fp=0.0140 tp=0.2556  [0.8s]
   nu  = 3.0000
  rho=4.65860 (13/20)
    fp=0.0204 tp=0.3000  [0.8s]
   nu  = 3.0000
  rho=4.12689 (14/20)
    fp=0.0319 tp=0.4111  [0.9s]
   nu  = 3.0000
  rho=3.65588 (15/20)
    fp=0.0494 tp=0.5000  [1.0s]
   nu  = 3.0000
  rho=3.23862 (16/20)
    fp=0.0788 tp=0.6111  [2.6s]
   nu  = 3.0000
  rho=2.86899 (17/20)
    fp=0.1401 tp=0.7667  [5.3s]
   nu  = 3.0000
  rho=2.54154 (18/20)
    fp=0.2479 tp=0.8222  [14.9s]
   nu  = 3.0000
  rho=2.25147 (19/20)
    fp=0.2877 tp=0.8667  [3.6s]
   nu  = 3.0000
  rho=1.99450 (20/20)
    fp=0.3226 tp=0.8778  [4.1s]
   nu  = 3.0000
  FPR 0.3226 >= fp_end=0.3; stopping after 20 fits
  pilot fit of run_tstar_varlasso at rho=0.30349
  -> rho_max = max|S_ij| (off-diag) = 0.71267
  rho grid: [0.71266675 0.63132781 0.55927234 0.49544079 0.43889455 0.3888021
 0.34442687 0.30511633 0.27029242 0.23944308 0.21211467 0.18790534
 0.1664591  0.14746059 0.13063044 0.11572117 0.10251354 0.09081334
 0.08044852 0.07126668]
Running run_tstar_varlasso over 20 rho values, extending until FPR >= 0.3...
  rho=0.71267 (1/20)
    fp=0.0006 tp=0.0333  [0.3s]
   nu  = 3.0000
  rho=0.63133 (2/20)
    fp=0.0014 tp=0.0444  [0.2s]
   nu  = 3.0000
  rho=0.55927 (3/20)
    fp=0.0025 tp=0.0556  [0.3s]
   nu  = 3.0000
  rho=0.49544 (4/20)
    fp=0.0058 tp=0.1444  [0.3s]
   nu  = 3.0000
  rho=0.43889 (5/20)
    fp=0.0119 tp=0.2111  [0.5s]
   nu  = 3.0000
  rho=0.38880 (6/20)
    fp=0.0181 tp=0.2778  [0.5s]
   nu  = 3.0000
  rho=0.34443 (7/20)
    fp=0.0270 tp=0.3444  [0.5s]
   nu  = 3.0000
  rho=0.30512 (8/20)
    fp=0.0426 tp=0.4222  [0.5s]
   nu  = 3.0000
  rho=0.27029 (9/20)
    fp=0.0551 tp=0.5111  [0.5s]
   nu  = 3.0000
  rho=0.23944 (10/20)
    fp=0.0728 tp=0.5778  [0.5s]
   nu  = 3.0000
  rho=0.21211 (11/20)
    fp=0.0920 tp=0.6333  [0.5s]
   nu  = 3.0000
  rho=0.18791 (12/20)
    fp=0.1119 tp=0.6778  [0.5s]
   nu  = 3.0000
  rho=0.16646 (13/20)
    fp=0.1352 tp=0.7222  [0.3s]
   nu  = 3.0000
  rho=0.14746 (14/20)
    fp=0.1568 tp=0.7667  [0.4s]
   nu  = 3.0000
  rho=0.13063 (15/20)
    fp=0.1782 tp=0.7889  [0.6s]
   nu  = 3.0000
  rho=0.11572 (16/20)
    fp=0.2029 tp=0.8333  [0.6s]
   nu  = 3.0000
  rho=0.10251 (17/20)
    fp=0.2292 tp=0.8444  [0.6s]
   nu  = 3.0000
  rho=0.09081 (18/20)
    fp=0.2486 tp=0.8667  [0.8s]
   nu  = 3.0000
  rho=0.08045 (19/20)
    fp=0.2675 tp=0.8778  [0.8s]
   nu  = 3.0000
  rho=0.07127 (20/20)
    fp=0.2870 tp=0.8889  [0.9s]
   nu  = 3.0000
  rho=0.06313 (21/21)  [extra 1/50]
    fp=0.3099 tp=0.9000  [0.9s]
   nu  = 3.0000
  FPR 0.3099 >= fp_end=0.3; stopping after 21 fits
  grid extended by 1 points down to rho=0.06313, ending at FPR 0.3099
  pilot fit of run_em_diagonal at rho=0.30349
  -> rho_max = max|S_ij| (off-diag) = 0.96255
  rho grid: [0.96255142 0.85269234 0.75537183 0.66915882 0.59278557 0.52512905
 0.46519439 0.41210026 0.36506593 0.32339979 0.28648913 0.25379121
 0.2248252  0.19916518 0.17643382 0.15629686 0.1384582  0.12265552
 0.10865645 0.09625514]
Running run_em_diagonal over 20 rho values, extending until FPR >= 0.3...
  rho=0.96255 (1/20)
    fp=0.0027 tp=0.0444  [27.1s]
   median nu  = 0.065
   median |eta| = 4.423
  rho=0.85269 (2/20)
    fp=0.0051 tp=0.0667  [26.3s]
   median nu  = 0.075
   median |eta| = 3.891
  rho=0.75537 (3/20)
    fp=0.0091 tp=0.1000  [25.9s]
   median nu  = 0.088
   median |eta| = 3.636
  rho=0.66916 (4/20)
    fp=0.0142 tp=0.1556  [22.7s]
   median nu  = 0.105
   median |eta| = 3.662
  rho=0.59279 (5/20)
    fp=0.0212 tp=0.2222  [64.5s]
   median nu  = 0.127
   median |eta| = 3.678
  rho=0.52513 (6/20)
    fp=0.0305 tp=0.3222  [83.7s]
   median nu  = 0.155
   median |eta| = 3.299
  rho=0.46519 (7/20)
    fp=0.0395 tp=0.4111  [82.3s]
   median nu  = 0.202
   median |eta| = 2.789
  rho=0.41210 (8/20)
    fp=0.0535 tp=0.5000  [83.5s]
   median nu  = 0.252
   median |eta| = 2.433
  rho=0.36507 (9/20)
    fp=0.0683 tp=0.5333  [62.3s]
   median nu  = 0.282
   median |eta| = 2.205
  rho=0.32340 (10/20)
    fp=0.0796 tp=0.5778  [90.0s]
   median nu  = 0.31
   median |eta| = 1.852
  rho=0.28649 (11/20)
    fp=0.0932 tp=0.6222  [56.9s]
   median nu  = 0.357
   median |eta| = 1.314
  rho=0.25379 (12/20)
    fp=0.1095 tp=0.6889  [23.7s]
   median nu  = 0.419
   median |eta| = 1.096
  rho=0.22483 (13/20)
    fp=0.1230 tp=0.7333  [63.4s]
   median nu  = 0.484
   median |eta| = 0.992
  rho=0.19917 (14/20)
    fp=0.1364 tp=0.7667  [99.3s]
   median nu  = 0.538
   median |eta| = 0.813
  rho=0.17643 (15/20)
    fp=0.1500 tp=0.7778  [32.0s]
   median nu  = 0.611
   median |eta| = 0.563
  rho=0.15630 (16/20)
    fp=0.1636 tp=0.8000  [72.4s]
   median nu  = 0.663
   median |eta| = 0.428
  rho=0.13846 (17/20)
    fp=0.1759 tp=0.8444  [115.7s]
   median nu  = 0.76
   median |eta| = 0.326
  rho=0.12266 (18/20)
    fp=0.1926 tp=0.8667  [90.1s]
   median nu  = 0.856
   median |eta| = 0.242
  rho=0.10866 (19/20)
    fp=0.2062 tp=0.8778  [95.0s]
   median nu  = 0.978
   median |eta| = 0.168
  rho=0.09626 (20/20)
    fp=0.2154 tp=0.8778  [95.9s]
   median nu  = 1.095
   median |eta| = 0.145
  rho=0.08527 (21/21)  [extra 1/50]
    fp=0.2292 tp=0.8889  [89.8s]
   median nu  = 1.195
   median |eta| = 0.095
  rho=0.07554 (22/22)  [extra 2/50]
    fp=0.2434 tp=0.9000  [73.4s]
   median nu  = 1.307
   median |eta| = 0.064
  rho=0.06692 (23/23)  [extra 3/50]
    fp=0.2568 tp=0.9111  [35.6s]
   median nu  = 1.434
   median |eta| = 0.052
  rho=0.05928 (24/24)  [extra 4/50]
    fp=0.2675 tp=0.9111  [26.1s]
   median nu  = 1.557
   median |eta| = 0.043
  rho=0.05251 (25/25)  [extra 5/50]
    fp=0.2852 tp=0.9222  [26.1s]
   median nu  = 1.711
   median |eta| = 0.031
  rho=0.04652 (26/26)  [extra 6/50]
    fp=0.2909 tp=0.9333  [25.8s]
   median nu  = 1.805
   median |eta| = 0.024
  rho=0.04121 (27/27)  [extra 7/50]
    fp=0.3047 tp=0.9333  [24.5s]
   median nu  = 1.994
   median |eta| = 0.016
  FPR 0.3047 >= fp_end=0.3; stopping after 27 fits
  grid extended by 7 points down to rho=0.04121, ending at FPR 0.3047
  pilot fit of run_em_exact at rho=0.30349
  -> rho_max = max|S_ij| (off-diag) = 1.05058
  rho grid: [1.05057717 0.93067142 0.8244509  0.73035368 0.64699607 0.57315233
 0.50773661 0.44978701 0.39845137 0.35297484 0.31268869 0.27700052
 0.24538556 0.21737892 0.19256877 0.17059028 0.15112026 0.13387242
 0.11859313 0.10505772]
Running run_em_exact over 20 rho values, extending until FPR >= 0.3...
  rho=1.05058 (1/20)
    fp=0.0019 tp=0.0444  [23.8s]
   median nu  = 0.06
   median |eta| = 4.637
  rho=0.93067 (2/20)
    fp=0.0031 tp=0.0556  [72.6s]
   median nu  = 0.068
   median |eta| = 4.188
  rho=0.82445 (3/20)
    fp=0.0058 tp=0.0778  [88.9s]
   median nu  = 0.08
   median |eta| = 3.674
  rho=0.73035 (4/20)
    fp=0.0099 tp=0.1222  [92.9s]
   median nu  = 0.095
   median |eta| = 3.342
  rho=0.64700 (5/20)
    fp=0.0160 tp=0.1889  [85.2s]
   median nu  = 0.119
   median |eta| = 2.988
  rho=0.57315 (6/20)
    fp=0.0239 tp=0.2556  [83.0s]
   median nu  = 0.153
   median |eta| = 2.674
  rho=0.50774 (7/20)
    fp=0.0342 tp=0.3556  [82.7s]
   median nu  = 0.206
   median |eta| = 1.916
  rho=0.44979 (8/20)
    fp=0.0463 tp=0.4333  [84.2s]
   median nu  = 0.256
   median |eta| = 1.307
  rho=0.39845 (9/20)
    fp=0.0588 tp=0.5222  [79.3s]
   median nu  = 0.314
   median |eta| = 0.955
  rho=0.35297 (10/20)
    fp=0.0745 tp=0.5444  [73.2s]
   median nu  = 0.376
   median |eta| = 0.644
  rho=0.31269 (11/20)
    fp=0.0885 tp=0.6222  [30.5s]
   median nu  = 0.443
   median |eta| = 0.424
  rho=0.27700 (12/20)
    fp=0.1037 tp=0.6556  [26.4s]
   median nu  = 0.509
   median |eta| = 0.27
  rho=0.24539 (13/20)
    fp=0.1169 tp=0.7000  [20.7s]
   median nu  = 0.596
   median |eta| = 0.17
  rho=0.21738 (14/20)
    fp=0.1325 tp=0.7111  [22.8s]
   median nu  = 0.673
   median |eta| = 0.136
  rho=0.19257 (15/20)
    fp=0.1477 tp=0.7333  [20.8s]
   median nu  = 0.768
   median |eta| = 0.097
  rho=0.17059 (16/20)
    fp=0.1611 tp=0.7889  [21.0s]
   median nu  = 0.852
   median |eta| = 0.069
  rho=0.15112 (17/20)
    fp=0.1765 tp=0.8333  [22.6s]
   median nu  = 0.935
   median |eta| = 0.051
  rho=0.13387 (18/20)
    fp=0.1895 tp=0.8556  [18.3s]
   median nu  = 1.025
   median |eta| = 0.036
  rho=0.11859 (19/20)
    fp=0.2037 tp=0.8778  [12.2s]
   median nu  = 1.14
   median |eta| = 0.027
  rho=0.10506 (20/20)
    fp=0.2185 tp=0.8778  [12.3s]
   median nu  = 1.246
   median |eta| = 0.02
  rho=0.09307 (21/21)  [extra 1/50]
    fp=0.2335 tp=0.8778  [28.6s]
   median nu  = 1.363
   median |eta| = 0.016
  rho=0.08245 (22/22)  [extra 2/50]
    fp=0.2473 tp=0.8889  [30.0s]
   median nu  = 1.485
   median |eta| = 0.014
  rho=0.07304 (23/23)  [extra 3/50]
    fp=0.2619 tp=0.9222  [28.0s]
   median nu  = 1.605
   median |eta| = 0.012
  rho=0.06470 (24/24)  [extra 4/50]
    fp=0.2735 tp=0.9222  [26.9s]
   median nu  = 1.733
   median |eta| = 0.01
  rho=0.05732 (25/25)  [extra 5/50]
    fp=0.2874 tp=0.9222  [24.4s]
   median nu  = 1.858
   median |eta| = 0.007
  rho=0.05077 (26/26)  [extra 6/50]
    fp=0.2973 tp=0.9333  [23.3s]
   median nu  = 1.999
   median |eta| = 0.005
  rho=0.04498 (27/27)  [extra 7/50]
    fp=0.3091 tp=0.9333  [22.4s]
   median nu  = 2.133
   median |eta| = 0.005
  FPR 0.3091 >= fp_end=0.3; stopping after 27 fits
  grid extended by 7 points down to rho=0.04498, ending at FPR 0.3091
  graphical_lasso rho_max = max|S_ij| (off-diag) = 2.20962
  rho grid: [2.20961833 1.9574275  1.73402002 1.53611075 1.3607895  1.20547822
 1.06789312 0.94601105 0.83803978 0.74239161 0.65766007 0.58259922
 0.5161053  0.45720054 0.40501878 0.35879268 0.31784252 0.28156614
 0.24943009 0.22096183]
Running graphical_lasso over 20 rho values, extending until FPR >= 0.3...
  rho=2.20962 (1/20)
    fp=0.0000 tp=0.0000  [0.1s]
  rho=1.95743 (2/20)
    fp=0.0006 tp=0.0000  [0.1s]
  rho=1.73402 (3/20)
    fp=0.0010 tp=0.0000  [0.2s]
  rho=1.53611 (4/20)
    fp=0.0021 tp=0.0111  [0.3s]
  rho=1.36079 (5/20)
    fp=0.0033 tp=0.0444  [133.9s]
  rho=1.20548 (6/20)
    fp=0.0074 tp=0.0778  [133.7s]
  rho=1.06789 (7/20)
    fp=0.0146 tp=0.1111  [137.3s]
  rho=0.94601 (8/20)
    fp=0.0245 tp=0.1667  [137.2s]
  rho=0.83804 (9/20)
    fp=0.0372 tp=0.2222  [115.4s]
  rho=0.74239 (10/20)
    fp=0.0558 tp=0.3000  [44.5s]
  rho=0.65766 (11/20)
    fp=0.0743 tp=0.3556  [36.6s]
  rho=0.58260 (12/20)
    fp=0.0928 tp=0.4222  [3.4s]
  rho=0.51611 (13/20)
    fp=0.1148 tp=0.4778  [4.9s]
  rho=0.45720 (14/20)
    fp=0.1346 tp=0.5667  [2.2s]
  rho=0.40502 (15/20)
    fp=0.1508 tp=0.6000  [3.3s]
  rho=0.35879 (16/20)
    fp=0.1671 tp=0.6111  [0.7s]
  rho=0.31784 (17/20)
    fp=0.1874 tp=0.6444  [7.1s]
  rho=0.28157 (18/20)
    fp=0.2099 tp=0.7000  [1.0s]
  rho=0.24943 (19/20)
    fp=0.2317 tp=0.7667  [0.2s]
  rho=0.22096 (20/20)
    fp=0.2549 tp=0.7778  [1.8s]
  rho=0.19574 (21/21)  [extra 1/50]
    fp=0.2790 tp=0.8111  [5.8s]
  rho=0.17340 (22/22)  [extra 2/50]
    fp=0.3019 tp=0.8444  [0.8s]
  FPR 0.3019 >= fp_end=0.3; stopping after 22 fits
  [note] 7/22 fits hit a glasso ConvergenceWarning (suppressed)
  grid extended by 2 points down to rho=0.17340, ending at FPR 0.3019

(p=100, n=50) over 5 replicates
  t+lasso  (run_em_diagonal):    AUC = 0.191 (SE 0.009)
  ~t+lasso (run_em_exact):       AUC = 0.193 (SE 0.008)
  tlasso   (run_tlasso):         AUC = 0.192 (SE 0.008)
  t*lasso  (run_tstar_varlasso): AUC = 0.190 (SE 0.009)
  glasso   (graphical_lasso):    AUC = 0.150 (SE 0.009)
Replicate 6/50
  Theta: 104/4950 edges
  pilot fit of run_tlasso at rho=30.34854
  -> rho_max = max|S_ij| (off-diag) = 20.05153
  [warn] pilot rho 30.34854 > rho_max 20.05153: it falls off the top of this method's grid
  rho grid: [20.05152506 17.76298015 15.73563421 13.93967578 12.34869584 10.93929955
  9.69076218  8.58472439  7.60492224  6.73694806  5.96803855  5.28688716
  4.68347776  4.14893741  3.67540587  3.25592     2.8843114   2.55511568
  2.26349213  2.00515251]
Running run_tlasso over 20 rho values, extending until FPR >= 0.3...
  rho=20.05153 (1/20)
    fp=0.0000 tp=0.0000  [0.3s]
   nu  = 3.0000
  rho=17.76298 (2/20)
    fp=0.0000 tp=0.0000  [0.2s]
   nu  = 3.0000
  rho=15.73563 (3/20)
    fp=0.0000 tp=0.0000  [0.2s]
   nu  = 3.0000
  rho=13.93968 (4/20)
    fp=0.0000 tp=0.0000  [0.2s]
   nu  = 3.0000
  rho=12.34870 (5/20)
    fp=0.0002 tp=0.0096  [0.3s]
   nu  = 3.0000
  rho=10.93930 (6/20)
    fp=0.0004 tp=0.0096  [0.4s]
   nu  = 3.0000
  rho=9.69076 (7/20)
    fp=0.0010 tp=0.0288  [0.3s]
   nu  = 3.0000
  rho=8.58472 (8/20)
    fp=0.0012 tp=0.0385  [0.4s]
   nu  = 3.0000
  rho=7.60492 (9/20)
    fp=0.0021 tp=0.0577  [0.4s]
   nu  = 3.0000
  rho=6.73695 (10/20)
    fp=0.0027 tp=0.0865  [0.4s]
   nu  = 3.0000
  rho=5.96804 (11/20)
    fp=0.0047 tp=0.1250  [0.4s]
   nu  = 3.0000
  rho=5.28689 (12/20)
    fp=0.0068 tp=0.1538  [0.4s]
   nu  = 3.0000
  rho=4.68348 (13/20)
    fp=0.0097 tp=0.2115  [0.5s]
   nu  = 3.0000
  rho=4.14894 (14/20)
    fp=0.0157 tp=0.2404  [0.5s]
   nu  = 3.0000
  rho=3.67541 (15/20)
    fp=0.0246 tp=0.3269  [0.7s]
   nu  = 3.0000
  rho=3.25592 (16/20)
    fp=0.0367 tp=0.3942  [0.3s]
   nu  = 3.0000
  rho=2.88431 (17/20)
    fp=0.0658 tp=0.4808  [2.6s]
   nu  = 3.0000
  rho=2.55512 (18/20)
  [warn] glasso failed at iter 40: Non SPD result: the system is too ill-conditioned for this solver. The system is too ill-conditioned for this solver; keeping previous Theta
  [warn] glasso failed at iter 41: Non SPD result: the system is too ill-conditioned for this solver. The system is too ill-conditioned for this solver; keeping previous Theta
  [warn] glasso failed at iter 42: Non SPD result: the system is too ill-conditioned for this solver. The system is too ill-conditioned for this solver; keeping previous Theta
    fp=0.1828 tp=0.7212  [3.3s]  [STALE: glasso failed on 3 EM iters]
   nu  = 3.0000
  rho=2.26349 (19/20)
  [warn] glasso failed at iter 0: Non SPD result: the system is too ill-conditioned for this solver. The system is too ill-conditioned for this solver; keeping previous Theta
    fp=0.1828 tp=0.7212  [0.2s]  [STALE: glasso failed on 1 EM iters]
   nu  = 3.0000
  rho=2.00515 (20/20)
  [warn] glasso failed at iter 1: Non SPD result: the system is too ill-conditioned for this solver. The system is too ill-conditioned for this solver; keeping previous Theta
  [warn] glasso failed at iter 2: Non SPD result: the system is too ill-conditioned for this solver. The system is too ill-conditioned for this solver; keeping previous Theta
  [warn] glasso failed at iter 3: Non SPD result: the system is too ill-conditioned for this solver. The system is too ill-conditioned for this solver; keeping previous Theta
    fp=0.2295 tp=0.7885  [0.9s]  [STALE: glasso failed on 3 EM iters]
   nu  = 3.0000
  rho=1.77630 (21/21)  [extra 1/50]
  [warn] glasso failed at iter 0: Non SPD result: the system is too ill-conditioned for this solver. The system is too ill-conditioned for this solver; keeping previous Theta
    fp=0.2295 tp=0.7885  [0.2s]  [STALE: glasso failed on 1 EM iters]
   nu  = 3.0000
  rho=1.57356 (22/22)  [extra 2/50]
  [warn] glasso failed at iter 0: Non SPD result: the system is too ill-conditioned for this solver. The system is too ill-conditioned for this solver; keeping previous Theta
    fp=0.2295 tp=0.7885  [0.2s]  [STALE: glasso failed on 1 EM iters]
   nu  = 3.0000
  rho=1.39397 (23/23)  [extra 3/50]
  [warn] glasso failed at iter 0: Non SPD result: the system is too ill-conditioned for this solver. The system is too ill-conditioned for this solver; keeping previous Theta
    fp=0.2295 tp=0.7885  [0.2s]  [STALE: glasso failed on 1 EM iters]
   nu  = 3.0000
  rho=1.23487 (24/24)  [extra 4/50]
  [warn] glasso failed at iter 0: Non SPD result: the system is too ill-conditioned for this solver. The system is too ill-conditioned for this solver; keeping previous Theta
    fp=0.2295 tp=0.7885  [0.2s]  [STALE: glasso failed on 1 EM iters]
   nu  = 3.0000
  rho=1.09393 (25/25)  [extra 5/50]
  [warn] glasso failed at iter 0: Non SPD result: the system is too ill-conditioned for this solver. The system is too ill-conditioned for this solver; keeping previous Theta
    fp=0.2295 tp=0.7885  [0.1s]  [STALE: glasso failed on 1 EM iters]
   nu  = 3.0000
  rho=0.96908 (26/26)  [extra 6/50]
  [warn] glasso failed at iter 0: Non SPD result: the system is too ill-conditioned for this solver. The system is too ill-conditioned for this solver; keeping previous Theta
    fp=0.2295 tp=0.7885  [0.1s]  [STALE: glasso failed on 1 EM iters]
   nu  = 3.0000
  rho=0.85847 (27/27)  [extra 7/50]
  [warn] glasso failed at iter 0: Non SPD result: the system is too ill-conditioned for this solver. The system is too ill-conditioned for this solver; keeping previous Theta
    fp=0.2295 tp=0.7885  [0.2s]  [STALE: glasso failed on 1 EM iters]
   nu  = 3.0000
  rho=0.76049 (28/28)  [extra 8/50]
  [warn] glasso failed at iter 0: Non SPD result: the system is too ill-conditioned for this solver. The system is too ill-conditioned for this solver; keeping previous Theta
    fp=0.2295 tp=0.7885  [0.1s]  [STALE: glasso failed on 1 EM iters]
   nu  = 3.0000
  rho=0.67369 (29/29)  [extra 9/50]
  [warn] glasso failed at iter 0: Non SPD result: the system is too ill-conditioned for this solver. The system is too ill-conditioned for this solver; keeping previous Theta
    fp=0.2295 tp=0.7885  [0.1s]  [STALE: glasso failed on 1 EM iters]
   nu  = 3.0000
  rho=0.59680 (30/30)  [extra 10/50]
  [warn] glasso failed at iter 0: Non SPD result: the system is too ill-conditioned for this solver. The system is too ill-conditioned for this solver; keeping previous Theta
    fp=0.2295 tp=0.7885  [0.1s]  [STALE: glasso failed on 1 EM iters]
   nu  = 3.0000
  rho=0.52869 (31/31)  [extra 11/50]
  [warn] glasso failed at iter 0: Non SPD result: the system is too ill-conditioned for this solver. The system is too ill-conditioned for this solver; keeping previous Theta
    fp=0.2295 tp=0.7885  [0.2s]  [STALE: glasso failed on 1 EM iters]
   nu  = 3.0000
  rho=0.46835 (32/32)  [extra 12/50]
  [warn] glasso failed at iter 0: Non SPD result: the system is too ill-conditioned for this solver. The system is too ill-conditioned for this solver; keeping previous Theta
    fp=0.2295 tp=0.7885  [0.4s]  [STALE: glasso failed on 1 EM iters]
   nu  = 3.0000
  rho=0.41489 (33/33)  [extra 13/50]
  [warn] glasso failed at iter 0: Non SPD result: the system is too ill-conditioned for this solver. The system is too ill-conditioned for this solver; keeping previous Theta
    fp=0.2295 tp=0.7885  [0.3s]  [STALE: glasso failed on 1 EM iters]
   nu  = 3.0000
  rho=0.36754 (34/34)  [extra 14/50]
  [warn] glasso failed at iter 0: Non SPD result: the system is too ill-conditioned for this solver. The system is too ill-conditioned for this solver; keeping previous Theta
    fp=0.2295 tp=0.7885  [0.2s]  [STALE: glasso failed on 1 EM iters]
   nu  = 3.0000
  rho=0.32559 (35/35)  [extra 15/50]
  [warn] glasso failed at iter 0: Non SPD result: the system is too ill-conditioned for this solver. The system is too ill-conditioned for this solver; keeping previous Theta
    fp=0.2295 tp=0.7885  [0.2s]  [STALE: glasso failed on 1 EM iters]
   nu  = 3.0000
  rho=0.28843 (36/36)  [extra 16/50]
  [warn] glasso failed at iter 0: Non SPD result: the system is too ill-conditioned for this solver. The system is too ill-conditioned for this solver; keeping previous Theta
    fp=0.2295 tp=0.7885  [0.3s]  [STALE: glasso failed on 1 EM iters]
   nu  = 3.0000
  rho=0.25551 (37/37)  [extra 17/50]
  [warn] glasso failed at iter 0: Non SPD result: the system is too ill-conditioned for this solver. The system is too ill-conditioned for this solver; keeping previous Theta
    fp=0.2295 tp=0.7885  [0.2s]  [STALE: glasso failed on 1 EM iters]
   nu  = 3.0000
  rho=0.22635 (38/38)  [extra 18/50]
  [warn] glasso failed at iter 0: Non SPD result: the system is too ill-conditioned for this solver. The system is too ill-conditioned for this solver; keeping previous Theta
    fp=0.2295 tp=0.7885  [0.2s]  [STALE: glasso failed on 1 EM iters]
   nu  = 3.0000
  rho=0.20052 (39/39)  [extra 19/50]
  [warn] glasso failed at iter 0: Non SPD result: the system is too ill-conditioned for this solver. The system is too ill-conditioned for this solver; keeping previous Theta
    fp=0.2295 tp=0.7885  [0.2s]  [STALE: glasso failed on 1 EM iters]
   nu  = 3.0000
  rho=0.17763 (40/40)  [extra 20/50]
  [warn] glasso failed at iter 0: Non SPD result: the system is too ill-conditioned for this solver. The system is too ill-conditioned for this solver; keeping previous Theta
    fp=0.2295 tp=0.7885  [0.2s]  [STALE: glasso failed on 1 EM iters]
   nu  = 3.0000
  rho=0.15736 (41/41)  [extra 21/50]
  [warn] glasso failed at iter 0: Non SPD result: the system is too ill-conditioned for this solver. The system is too ill-conditioned for this solver; keeping previous Theta
    fp=0.2295 tp=0.7885  [0.2s]  [STALE: glasso failed on 1 EM iters]
   nu  = 3.0000
  rho=0.13940 (42/42)  [extra 22/50]
  [warn] glasso failed at iter 0: Non SPD result: the system is too ill-conditioned for this solver. The system is too ill-conditioned for this solver; keeping previous Theta
    fp=0.2295 tp=0.7885  [0.2s]  [STALE: glasso failed on 1 EM iters]
   nu  = 3.0000
  rho=0.12349 (43/43)  [extra 23/50]
  [warn] glasso failed at iter 0: Non SPD result: the system is too ill-conditioned for this solver. The system is too ill-conditioned for this solver; keeping previous Theta
    fp=0.2295 tp=0.7885  [0.3s]  [STALE: glasso failed on 1 EM iters]
   nu  = 3.0000
  rho=0.10939 (44/44)  [extra 24/50]
  [warn] glasso failed at iter 0: Non SPD result: the system is too ill-conditioned for this solver. The system is too ill-conditioned for this solver; keeping previous Theta
    fp=0.2295 tp=0.7885  [0.5s]  [STALE: glasso failed on 1 EM iters]
   nu  = 3.0000
  rho=0.09691 (45/45)  [extra 25/50]
  [warn] glasso failed at iter 0: Non SPD result: the system is too ill-conditioned for this solver. The system is too ill-conditioned for this solver; keeping previous Theta
    fp=0.2295 tp=0.7885  [0.2s]  [STALE: glasso failed on 1 EM iters]
   nu  = 3.0000
  rho=0.08585 (46/46)  [extra 26/50]
  [warn] glasso failed at iter 0: Non SPD result: the system is too ill-conditioned for this solver. The system is too ill-conditioned for this solver; keeping previous Theta
    fp=0.2295 tp=0.7885  [0.2s]  [STALE: glasso failed on 1 EM iters]
   nu  = 3.0000
  rho=0.07605 (47/47)  [extra 27/50]
  [warn] glasso failed at iter 0: Non SPD result: the system is too ill-conditioned for this solver. The system is too ill-conditioned for this solver; keeping previous Theta
    fp=0.2295 tp=0.7885  [0.2s]  [STALE: glasso failed on 1 EM iters]
   nu  = 3.0000
  rho=0.06737 (48/48)  [extra 28/50]
  [warn] glasso failed at iter 0: Non SPD result: the system is too ill-conditioned for this solver. The system is too ill-conditioned for this solver; keeping previous Theta
    fp=0.2295 tp=0.7885  [0.2s]  [STALE: glasso failed on 1 EM iters]
   nu  = 3.0000
  rho=0.05968 (49/49)  [extra 29/50]
  [warn] glasso failed at iter 0: Non SPD result: the system is too ill-conditioned for this solver. The system is too ill-conditioned for this solver; keeping previous Theta
    fp=0.2295 tp=0.7885  [0.2s]  [STALE: glasso failed on 1 EM iters]
   nu  = 3.0000
  rho=0.05287 (50/50)  [extra 30/50]
  [warn] glasso failed at iter 0: Non SPD result: the system is too ill-conditioned for this solver. The system is too ill-conditioned for this solver; keeping previous Theta
    fp=0.2295 tp=0.7885  [0.2s]  [STALE: glasso failed on 1 EM iters]
   nu  = 3.0000
  rho=0.04683 (51/51)  [extra 31/50]
  [warn] glasso failed at iter 0: Non SPD result: the system is too ill-conditioned for this solver. The system is too ill-conditioned for this solver; keeping previous Theta
    fp=0.2295 tp=0.7885  [0.2s]  [STALE: glasso failed on 1 EM iters]
   nu  = 3.0000
  rho=0.04149 (52/52)  [extra 32/50]
  [warn] glasso failed at iter 0: Non SPD result: the system is too ill-conditioned for this solver. The system is too ill-conditioned for this solver; keeping previous Theta
    fp=0.2295 tp=0.7885  [0.2s]  [STALE: glasso failed on 1 EM iters]
   nu  = 3.0000
  rho=0.03675 (53/53)  [extra 33/50]
  [warn] glasso failed at iter 0: Non SPD result: the system is too ill-conditioned for this solver. The system is too ill-conditioned for this solver; keeping previous Theta
    fp=0.2295 tp=0.7885  [0.2s]  [STALE: glasso failed on 1 EM iters]
   nu  = 3.0000
  rho=0.03256 (54/54)  [extra 34/50]
  [warn] glasso failed at iter 0: Non SPD result: the system is too ill-conditioned for this solver. The system is too ill-conditioned for this solver; keeping previous Theta
    fp=0.2295 tp=0.7885  [0.2s]  [STALE: glasso failed on 1 EM iters]
   nu  = 3.0000
  rho=0.02884 (55/55)  [extra 35/50]
  [warn] glasso failed at iter 0: Non SPD result: the system is too ill-conditioned for this solver. The system is too ill-conditioned for this solver; keeping previous Theta
    fp=0.2295 tp=0.7885  [0.2s]  [STALE: glasso failed on 1 EM iters]
   nu  = 3.0000
  rho=0.02555 (56/56)  [extra 36/50]
  [warn] glasso failed at iter 0: Non SPD result: the system is too ill-conditioned for this solver. The system is too ill-conditioned for this solver; keeping previous Theta
    fp=0.2295 tp=0.7885  [0.2s]  [STALE: glasso failed on 1 EM iters]
   nu  = 3.0000
  rho=0.02263 (57/57)  [extra 37/50]
  [warn] glasso failed at iter 0: Non SPD result: the system is too ill-conditioned for this solver. The system is too ill-conditioned for this solver; keeping previous Theta
    fp=0.2295 tp=0.7885  [0.2s]  [STALE: glasso failed on 1 EM iters]
   nu  = 3.0000
  rho=0.02005 (58/58)  [extra 38/50]
  [warn] glasso failed at iter 0: Non SPD result: the system is too ill-conditioned for this solver. The system is too ill-conditioned for this solver; keeping previous Theta
    fp=0.2295 tp=0.7885  [0.2s]  [STALE: glasso failed on 1 EM iters]
   nu  = 3.0000
  rho=0.01776 (59/59)  [extra 39/50]
  [warn] glasso failed at iter 0: Non SPD result: the system is too ill-conditioned for this solver. The system is too ill-conditioned for this solver; keeping previous Theta
    fp=0.2295 tp=0.7885  [0.2s]  [STALE: glasso failed on 1 EM iters]
   nu  = 3.0000
  rho=0.01574 (60/60)  [extra 40/50]
  [warn] glasso failed at iter 0: Non SPD result: the system is too ill-conditioned for this solver. The system is too ill-conditioned for this solver; keeping previous Theta
    fp=0.2295 tp=0.7885  [0.1s]  [STALE: glasso failed on 1 EM iters]
   nu  = 3.0000
  rho=0.01394 (61/61)  [extra 41/50]
  [warn] glasso failed at iter 0: Non SPD result: the system is too ill-conditioned for this solver. The system is too ill-conditioned for this solver; keeping previous Theta
    fp=0.2295 tp=0.7885  [0.2s]  [STALE: glasso failed on 1 EM iters]
   nu  = 3.0000
  rho=0.01235 (62/62)  [extra 42/50]
  [warn] glasso failed at iter 0: Non SPD result: the system is too ill-conditioned for this solver. The system is too ill-conditioned for this solver; keeping previous Theta
    fp=0.2295 tp=0.7885  [0.2s]  [STALE: glasso failed on 1 EM iters]
   nu  = 3.0000
  rho=0.01094 (63/63)  [extra 43/50]
  [warn] glasso failed at iter 0: Non SPD result: the system is too ill-conditioned for this solver. The system is too ill-conditioned for this solver; keeping previous Theta
    fp=0.2295 tp=0.7885  [0.2s]  [STALE: glasso failed on 1 EM iters]
   nu  = 3.0000
  rho=0.00969 (64/64)  [extra 44/50]
  [warn] glasso failed at iter 0: Non SPD result: the system is too ill-conditioned for this solver. The system is too ill-conditioned for this solver; keeping previous Theta
    fp=0.2295 tp=0.7885  [0.1s]  [STALE: glasso failed on 1 EM iters]
   nu  = 3.0000
  rho=0.00858 (65/65)  [extra 45/50]
  [warn] glasso failed at iter 0: Non SPD result: the system is too ill-conditioned for this solver. The system is too ill-conditioned for this solver; keeping previous Theta
    fp=0.2295 tp=0.7885  [0.2s]  [STALE: glasso failed on 1 EM iters]
   nu  = 3.0000
  rho=0.00760 (66/66)  [extra 46/50]
  [warn] glasso failed at iter 0: Non SPD result: the system is too ill-conditioned for this solver. The system is too ill-conditioned for this solver; keeping previous Theta
    fp=0.2295 tp=0.7885  [0.1s]  [STALE: glasso failed on 1 EM iters]
   nu  = 3.0000
  rho=0.00674 (67/67)  [extra 47/50]
  [warn] glasso failed at iter 0: Non SPD result: the system is too ill-conditioned for this solver. The system is too ill-conditioned for this solver; keeping previous Theta
    fp=0.2295 tp=0.7885  [0.1s]  [STALE: glasso failed on 1 EM iters]
   nu  = 3.0000
  rho=0.00597 (68/68)  [extra 48/50]
  [warn] glasso failed at iter 0: Non SPD result: the system is too ill-conditioned for this solver. The system is too ill-conditioned for this solver; keeping previous Theta
    fp=0.2295 tp=0.7885  [0.2s]  [STALE: glasso failed on 1 EM iters]
   nu  = 3.0000
  rho=0.00529 (69/69)  [extra 49/50]
  [warn] glasso failed at iter 0: Non SPD result: the system is too ill-conditioned for this solver. The system is too ill-conditioned for this solver; keeping previous Theta
    fp=0.2295 tp=0.7885  [0.2s]  [STALE: glasso failed on 1 EM iters]
   nu  = 3.0000
  rho=0.00468 (70/70)  [extra 50/50]
  [warn] glasso failed at iter 0: Non SPD result: the system is too ill-conditioned for this solver. The system is too ill-conditioned for this solver; keeping previous Theta
    fp=0.2295 tp=0.7885  [0.2s]  [STALE: glasso failed on 1 EM iters]
   nu  = 3.0000
  [note] 53/70 fits hit a glasso ConvergenceWarning (suppressed)
  [WARN] 53/70 points came from a fit whose glasso failed; those Thetas are stale, not estimates
  [warn] FPR stalled at 0.2295 < fp_end=0.3 after 50 extra fits (cap max_extra=50); the curve stops short of fp_end
  grid extended by 50 points down to rho=0.00468, ending at FPR 0.2295
  [warn] AUC integrates to fp_end=0.3 but the curve stops at FPR 0.2295; TPR held flat above that
  pilot fit of run_tstar_varlasso at rho=0.30349
  -> rho_max = max|S_ij| (off-diag) = 0.69036
  rho grid: [0.69036468 0.61157114 0.54177056 0.47993655 0.42515985 0.37663499
 0.33364843 0.29556807 0.26183393 0.23194999 0.20547679 0.18202506
 0.16124996 0.14284598 0.12654251 0.11209981 0.0993055  0.08797144
 0.07793098 0.06903647]
Running run_tstar_varlasso over 20 rho values, extending until FPR >= 0.3...
  rho=0.69036 (1/20)
    fp=0.0033 tp=0.0481  [0.4s]
   nu  = 3.0000
  rho=0.61157 (2/20)
    fp=0.0064 tp=0.1058  [0.3s]
   nu  = 3.0000
  rho=0.54177 (3/20)
    fp=0.0120 tp=0.1538  [0.3s]
   nu  = 3.0000
  rho=0.47994 (4/20)
    fp=0.0165 tp=0.2019  [0.3s]
   nu  = 3.0000
  rho=0.42516 (5/20)
    fp=0.0248 tp=0.2212  [0.4s]
   nu  = 3.0000
  rho=0.37663 (6/20)
    fp=0.0351 tp=0.2788  [0.5s]
   nu  = 3.0000
  rho=0.33365 (7/20)
    fp=0.0460 tp=0.3173  [0.5s]
   nu  = 3.0000
  rho=0.29557 (8/20)
    fp=0.0605 tp=0.3462  [0.5s]
   nu  = 3.0000
  rho=0.26183 (9/20)
    fp=0.0788 tp=0.4327  [0.8s]
   nu  = 3.0000
  rho=0.23195 (10/20)
    fp=0.0945 tp=0.4904  [0.6s]
   nu  = 3.0000
  rho=0.20548 (11/20)
    fp=0.1137 tp=0.5288  [0.8s]
   nu  = 3.0000
  rho=0.18203 (12/20)
    fp=0.1281 tp=0.5769  [0.8s]
   nu  = 3.0000
  rho=0.16125 (13/20)
    fp=0.1455 tp=0.6154  [0.8s]
   nu  = 3.0000
  rho=0.14285 (14/20)
    fp=0.1655 tp=0.6442  [0.7s]
   nu  = 3.0000
  rho=0.12654 (15/20)
    fp=0.1837 tp=0.6827  [0.8s]
   nu  = 3.0000
  rho=0.11210 (16/20)
    fp=0.2033 tp=0.7308  [0.9s]
   nu  = 3.0000
  rho=0.09931 (17/20)
    fp=0.2210 tp=0.7308  [0.8s]
   nu  = 3.0000
  rho=0.08797 (18/20)
    fp=0.2418 tp=0.7404  [0.7s]
   nu  = 3.0000
  rho=0.07793 (19/20)
    fp=0.2573 tp=0.7692  [1.0s]
   nu  = 3.0000
  rho=0.06904 (20/20)
    fp=0.2755 tp=0.7885  [1.1s]
   nu  = 3.0000
  rho=0.06116 (21/21)  [extra 1/50]
    fp=0.2918 tp=0.8077  [1.2s]
   nu  = 3.0000
  rho=0.05418 (22/22)  [extra 2/50]
    fp=0.3087 tp=0.8462  [1.1s]
   nu  = 3.0000
  FPR 0.3087 >= fp_end=0.3; stopping after 22 fits
  grid extended by 2 points down to rho=0.05418, ending at FPR 0.3087
  pilot fit of run_em_diagonal at rho=0.30349
  -> rho_max = max|S_ij| (off-diag) = 0.60849
  [note] pilot fit hit a glasso ConvergenceWarning (suppressed)
  rho grid: [0.60849219 0.53904302 0.47752031 0.42301939 0.37473883 0.33196868
 0.29408003 0.26051573 0.23078224 0.20444232 0.18110866 0.16043815
 0.14212683 0.12590544 0.11153544 0.09880555 0.08752855 0.07753864
 0.0686889  0.06084922]
Running run_em_diagonal over 20 rho values, extending until FPR >= 0.3...
  rho=0.60849 (1/20)
    fp=0.0027 tp=0.0481  [25.3s]
   median nu  = 1.284
   median |eta| = 0.211
  rho=0.53904 (2/20)
    fp=0.0039 tp=0.0673  [23.7s]
   median nu  = 1.312
   median |eta| = 0.192
  rho=0.47752 (3/20)
    fp=0.0074 tp=0.0962  [18.7s]
   median nu  = 1.346
   median |eta| = 0.174
  rho=0.42302 (4/20)
    fp=0.0140 tp=0.1731  [19.5s]
   median nu  = 1.372
   median |eta| = 0.158
  rho=0.37474 (5/20)
    fp=0.0186 tp=0.2115  [17.1s]
   median nu  = 1.397
   median |eta| = 0.147
  rho=0.33197 (6/20)
    fp=0.0254 tp=0.2981  [15.7s]
   median nu  = 1.438
   median |eta| = 0.134
  rho=0.29408 (7/20)
    fp=0.0347 tp=0.3462  [33.0s]
   median nu  = 1.482
   median |eta| = 0.121
  rho=0.26052 (8/20)
    fp=0.0433 tp=0.3942  [57.1s]
   median nu  = 1.514
   median |eta| = 0.108
  rho=0.23078 (9/20)
    fp=0.0551 tp=0.4231  [55.8s]
   median nu  = 1.562
   median |eta| = 0.096
  rho=0.20444 (10/20)
    fp=0.0706 tp=0.4712  [52.6s]
   median nu  = 1.602
   median |eta| = 0.085
  rho=0.18111 (11/20)
    fp=0.0858 tp=0.5481  [53.2s]
   median nu  = 1.667
   median |eta| = 0.074
  rho=0.16044 (12/20)
    fp=0.1017 tp=0.5673  [63.1s]
   median nu  = 1.721
   median |eta| = 0.063
  rho=0.14213 (13/20)
    fp=0.1162 tp=0.6058  [36.8s]
   median nu  = 1.785
   median |eta| = 0.054
  rho=0.12591 (14/20)
    fp=0.1333 tp=0.6442  [62.3s]
   median nu  = 1.853
   median |eta| = 0.045
  rho=0.11154 (15/20)
    fp=0.1486 tp=0.6538  [74.3s]
   median nu  = 1.927
   median |eta| = 0.039
  rho=0.09881 (16/20)
    fp=0.1647 tp=0.7212  [35.9s]
   median nu  = 2.013
   median |eta| = 0.033
  rho=0.08753 (17/20)
    fp=0.1806 tp=0.7308  [18.7s]
   median nu  = 2.087
   median |eta| = 0.028
  rho=0.07754 (18/20)
    fp=0.1934 tp=0.7404  [51.2s]
   median nu  = 2.205
   median |eta| = 0.023
  rho=0.06869 (19/20)
    fp=0.2072 tp=0.7692  [97.2s]
   median nu  = 2.309
   median |eta| = 0.019
  rho=0.06085 (20/20)
    fp=0.2198 tp=0.7692  [42.5s]
   median nu  = 2.41
   median |eta| = 0.016
  rho=0.05390 (21/21)  [extra 1/50]
    fp=0.2297 tp=0.7692  [41.0s]
   median nu  = 2.5
   median |eta| = 0.013
  rho=0.04775 (22/22)  [extra 2/50]
    fp=0.2416 tp=0.7788  [104.5s]
   median nu  = 2.608
   median |eta| = 0.011
  rho=0.04230 (23/23)  [extra 3/50]
    fp=0.2553 tp=0.7981  [91.2s]
   median nu  = 2.704
   median |eta| = 0.009
  rho=0.03747 (24/24)  [extra 4/50]
    fp=0.2693 tp=0.8077  [86.0s]
   median nu  = 2.804
   median |eta| = 0.008
  rho=0.03320 (25/25)  [extra 5/50]
    fp=0.2852 tp=0.8077  [88.6s]
   median nu  = 2.918
   median |eta| = 0.007
  rho=0.02941 (26/26)  [extra 6/50]
    fp=0.2967 tp=0.8173  [88.8s]
   median nu  = 3.039
   median |eta| = 0.006
  rho=0.02605 (27/27)  [extra 7/50]
    fp=0.3060 tp=0.8077  [80.9s]
   median nu  = 3.179
   median |eta| = 0.005
  FPR 0.3060 >= fp_end=0.3; stopping after 27 fits
  grid extended by 7 points down to rho=0.02605, ending at FPR 0.3060
  pilot fit of run_em_exact at rho=0.30349
  -> rho_max = max|S_ij| (off-diag) = 0.61474
  [note] pilot fit hit a glasso ConvergenceWarning (suppressed)
  rho grid: [0.6147409  0.54457855 0.48242405 0.42736345 0.37858708 0.33537773
 0.29709999 0.26319101 0.23315218 0.20654177 0.1829685  0.16208572
 0.14358635 0.12719838 0.11268082 0.0998202  0.0884274  0.0783349
 0.06939428 0.06147409]
Running run_em_exact over 20 rho values, extending until FPR >= 0.3...
  rho=0.61474 (1/20)
    fp=0.0025 tp=0.0481  [25.4s]
   median nu  = 1.282
   median |eta| = 0.209
  rho=0.54458 (2/20)
    fp=0.0037 tp=0.0673  [31.1s]
   median nu  = 1.308
   median |eta| = 0.189
  rho=0.48242 (3/20)
    fp=0.0070 tp=0.0865  [20.9s]
   median nu  = 1.34
   median |eta| = 0.174
  rho=0.42736 (4/20)
    fp=0.0136 tp=0.1635  [21.9s]
   median nu  = 1.382
   median |eta| = 0.155
  rho=0.37859 (5/20)
    fp=0.0177 tp=0.2115  [21.1s]
   median nu  = 1.424
   median |eta| = 0.131
  rho=0.33538 (6/20)
    fp=0.0241 tp=0.2885  [14.3s]
   median nu  = 1.479
   median |eta| = 0.112
  rho=0.29710 (7/20)
    fp=0.0330 tp=0.3462  [13.7s]
   median nu  = 1.531
   median |eta| = 0.095
  rho=0.26319 (8/20)
    fp=0.0415 tp=0.4038  [10.0s]
   median nu  = 1.583
   median |eta| = 0.08
  rho=0.23315 (9/20)
    fp=0.0508 tp=0.4135  [8.9s]
   median nu  = 1.639
   median |eta| = 0.066
  rho=0.20654 (10/20)
    fp=0.0627 tp=0.4423  [11.7s]
   median nu  = 1.708
   median |eta| = 0.053
  rho=0.18297 (11/20)
    fp=0.0776 tp=0.5192  [12.9s]
   median nu  = 1.779
   median |eta| = 0.043
  rho=0.16209 (12/20)
    fp=0.0924 tp=0.5577  [8.0s]
   median nu  = 1.86
   median |eta| = 0.035
  rho=0.14359 (13/20)
    fp=0.1081 tp=0.5962  [27.2s]
   median nu  = 1.935
   median |eta| = 0.026
  rho=0.12720 (14/20)
    fp=0.1228 tp=0.6154  [30.1s]
   median nu  = 2.005
   median |eta| = 0.021
  rho=0.11268 (15/20)
    fp=0.1356 tp=0.6250  [25.5s]
   median nu  = 2.078
   median |eta| = 0.017
  rho=0.09982 (16/20)
    fp=0.1513 tp=0.6827  [22.7s]
   median nu  = 2.172
   median |eta| = 0.014
  rho=0.08843 (17/20)
    fp=0.1657 tp=0.6923  [23.2s]
   median nu  = 2.282
   median |eta| = 0.01
  rho=0.07833 (18/20)
    fp=0.1791 tp=0.7500  [23.1s]
   median nu  = 2.381
   median |eta| = 0.008
  rho=0.06939 (19/20)
    fp=0.1925 tp=0.7596  [25.8s]
   median nu  = 2.477
   median |eta| = 0.006
  rho=0.06147 (20/20)
    fp=0.2051 tp=0.7596  [21.1s]
   median nu  = 2.56
   median |eta| = 0.004
  rho=0.05446 (21/21)  [extra 1/50]
    fp=0.2175 tp=0.7788  [25.1s]
   median nu  = 2.634
   median |eta| = 0.004
  rho=0.04824 (22/22)  [extra 2/50]
    fp=0.2291 tp=0.7885  [24.5s]
   median nu  = 2.726
   median |eta| = 0.003
  rho=0.04274 (23/23)  [extra 3/50]
    fp=0.2414 tp=0.7981  [22.9s]
   median nu  = 2.82
   median |eta| = 0.002
  rho=0.03786 (24/24)  [extra 4/50]
    fp=0.2540 tp=0.7981  [28.2s]
   median nu  = 2.921
   median |eta| = 0.002
  rho=0.03354 (25/25)  [extra 5/50]
    fp=0.2643 tp=0.7981  [34.2s]
   median nu  = 3.03
   median |eta| = 0.001
  rho=0.02971 (26/26)  [extra 6/50]
    fp=0.2738 tp=0.8077  [27.3s]
   median nu  = 3.184
   median |eta| = 0.001
  rho=0.02632 (27/27)  [extra 7/50]
    fp=0.2881 tp=0.7981  [24.9s]
   median nu  = 3.307
   median |eta| = 0.001
  rho=0.02332 (28/28)  [extra 8/50]
    fp=0.2947 tp=0.7981  [28.9s]
   median nu  = 3.428
   median |eta| = 0.001
  rho=0.02065 (29/29)  [extra 9/50]
    fp=0.3060 tp=0.8077  [33.6s]
   median nu  = 3.558
   median |eta| = 0.0
  FPR 0.3060 >= fp_end=0.3; stopping after 29 fits
  grid extended by 9 points down to rho=0.02065, ending at FPR 0.3060
  graphical_lasso rho_max = max|S_ij| (off-diag) = 271.98482
  rho grid: [271.98482159 240.94232094 213.44280053 189.08188864 167.50136581
 148.38389732 131.44836687 116.44574286 103.15541649  91.38195772
  80.95224158  71.71290243  63.52807871  56.27741518  49.85429316
  44.16426267  39.12365362  34.65834546  30.70267726  27.19848216]
Running graphical_lasso over 20 rho values, extending until FPR >= 0.3...
  rho=271.98482 (1/20)
    fp=0.0010 tp=0.0096  [131.6s]
  rho=240.94232 (2/20)
    fp=0.0012 tp=0.0096  [132.6s]
  rho=213.44280 (3/20)
    fp=0.0017 tp=0.0096  [55.4s]
  rho=189.08189 (4/20)
    fp=0.0031 tp=0.0000  [24.0s]
  rho=167.50137 (5/20)
    fp=0.0031 tp=0.0000  [25.9s]
  rho=148.38390 (6/20)
    fp=0.0052 tp=0.0000  [25.9s]
  rho=131.44837 (7/20)
    fp=0.0064 tp=0.0192  [30.3s]
  rho=116.44574 (8/20)
    fp=0.0087 tp=0.0192  [32.9s]
  rho=103.15542 (9/20)
    fp=0.0105 tp=0.0192  [33.9s]
  rho=91.38196 (10/20)
    [WARN] glasso failed: Non SPD result: the system is too ill-conditioned for this solver. The system is too ill-conditioned for this solver; reusing previous Theta
    fp=0.0105 tp=0.0192  [0.0s]
  rho=80.95224 (11/20)
    [WARN] glasso failed: Non SPD result: the system is too ill-conditioned for this solver. The system is too ill-conditioned for this solver; reusing previous Theta
    fp=0.0105 tp=0.0192  [0.1s]
  rho=71.71290 (12/20)
    [WARN] glasso failed: Non SPD result: the system is too ill-conditioned for this solver. The system is too ill-conditioned for this solver; reusing previous Theta
    fp=0.0105 tp=0.0192  [0.1s]
  rho=63.52808 (13/20)
    [WARN] glasso failed: Non SPD result: the system is too ill-conditioned for this solver. The system is too ill-conditioned for this solver; reusing previous Theta
    fp=0.0105 tp=0.0192  [0.2s]
  rho=56.27742 (14/20)
    [WARN] glasso failed: Non SPD result: the system is too ill-conditioned for this solver. The system is too ill-conditioned for this solver; reusing previous Theta
    fp=0.0105 tp=0.0192  [0.0s]
  rho=49.85429 (15/20)
    [WARN] glasso failed: Non SPD result: the system is too ill-conditioned for this solver. The system is too ill-conditioned for this solver; reusing previous Theta
    fp=0.0105 tp=0.0192  [0.0s]
  rho=44.16426 (16/20)
    [WARN] glasso failed: Non SPD result: the system is too ill-conditioned for this solver. The system is too ill-conditioned for this solver; reusing previous Theta
    fp=0.0105 tp=0.0192  [0.1s]
  rho=39.12365 (17/20)
    [WARN] glasso failed: Non SPD result: the system is too ill-conditioned for this solver. The system is too ill-conditioned for this solver; reusing previous Theta
    fp=0.0105 tp=0.0192  [0.1s]
  rho=34.65835 (18/20)
    [WARN] glasso failed: Non SPD result: the system is too ill-conditioned for this solver. The system is too ill-conditioned for this solver; reusing previous Theta
    fp=0.0105 tp=0.0192  [0.1s]
  rho=30.70268 (19/20)
    [WARN] glasso failed: Non SPD result: the system is too ill-conditioned for this solver. The system is too ill-conditioned for this solver; reusing previous Theta
    fp=0.0105 tp=0.0192  [0.1s]
  rho=27.19848 (20/20)
    [WARN] glasso failed: Non SPD result: the system is too ill-conditioned for this solver. The system is too ill-conditioned for this solver; reusing previous Theta
    fp=0.0105 tp=0.0192  [0.1s]
  rho=24.09423 (21/21)  [extra 1/50]
    [WARN] glasso failed: Non SPD result: the system is too ill-conditioned for this solver. The system is too ill-conditioned for this solver; reusing previous Theta
    fp=0.0105 tp=0.0192  [0.1s]
  rho=21.34428 (22/22)  [extra 2/50]
    [WARN] glasso failed: Non SPD result: the system is too ill-conditioned for this solver. The system is too ill-conditioned for this solver; reusing previous Theta
    fp=0.0105 tp=0.0192  [0.0s]
  rho=18.90819 (23/23)  [extra 3/50]
    [WARN] glasso failed: Non SPD result: the system is too ill-conditioned for this solver. The system is too ill-conditioned for this solver; reusing previous Theta
    fp=0.0105 tp=0.0192  [0.1s]
  rho=16.75014 (24/24)  [extra 4/50]
    [WARN] glasso failed: Non SPD result: the system is too ill-conditioned for this solver. The system is too ill-conditioned for this solver; reusing previous Theta
    fp=0.0105 tp=0.0192  [0.1s]
  rho=14.83839 (25/25)  [extra 5/50]
    [WARN] glasso failed: Non SPD result: the system is too ill-conditioned for this solver. The system is too ill-conditioned for this solver; reusing previous Theta
    fp=0.0105 tp=0.0192  [0.1s]
  rho=13.14484 (26/26)  [extra 6/50]
    [WARN] glasso failed: Non SPD result: the system is too ill-conditioned for this solver. The system is too ill-conditioned for this solver; reusing previous Theta
    fp=0.0105 tp=0.0192  [0.1s]
  rho=11.64457 (27/27)  [extra 7/50]
    [WARN] glasso failed: Non SPD result: the system is too ill-conditioned for this solver. The system is too ill-conditioned for this solver; reusing previous Theta
    fp=0.0105 tp=0.0192  [0.1s]
  rho=10.31554 (28/28)  [extra 8/50]
    [WARN] glasso failed: Non SPD result: the system is too ill-conditioned for this solver. The system is too ill-conditioned for this solver; reusing previous Theta
    fp=0.0105 tp=0.0192  [0.1s]
  rho=9.13820 (29/29)  [extra 9/50]
    [WARN] glasso failed: Non SPD result: the system is too ill-conditioned for this solver. The system is too ill-conditioned for this solver; reusing previous Theta
    fp=0.0105 tp=0.0192  [0.1s]
  rho=8.09522 (30/30)  [extra 10/50]
    [WARN] glasso failed: Non SPD result: the system is too ill-conditioned for this solver. The system is too ill-conditioned for this solver; reusing previous Theta
    fp=0.0105 tp=0.0192  [0.2s]
  rho=7.17129 (31/31)  [extra 11/50]
    [WARN] glasso failed: Non SPD result: the system is too ill-conditioned for this solver. The system is too ill-conditioned for this solver; reusing previous Theta
    fp=0.0105 tp=0.0192  [0.1s]
  rho=6.35281 (32/32)  [extra 12/50]
    [WARN] glasso failed: Non SPD result: the system is too ill-conditioned for this solver. The system is too ill-conditioned for this solver; reusing previous Theta
    fp=0.0105 tp=0.0192  [0.2s]
  rho=5.62774 (33/33)  [extra 13/50]
    [WARN] glasso failed: Non SPD result: the system is too ill-conditioned for this solver. The system is too ill-conditioned for this solver; reusing previous Theta
    fp=0.0105 tp=0.0192  [0.2s]
  rho=4.98543 (34/34)  [extra 14/50]
    [WARN] glasso failed: Non SPD result: the system is too ill-conditioned for this solver. The system is too ill-conditioned for this solver; reusing previous Theta
    fp=0.0105 tp=0.0192  [0.1s]
  rho=4.41643 (35/35)  [extra 15/50]
    [WARN] glasso failed: Non SPD result: the system is too ill-conditioned for this solver. The system is too ill-conditioned for this solver; reusing previous Theta
    fp=0.0105 tp=0.0192  [0.1s]
  rho=3.91237 (36/36)  [extra 16/50]
    [WARN] glasso failed: Non SPD result: the system is too ill-conditioned for this solver. The system is too ill-conditioned for this solver; reusing previous Theta
    fp=0.0105 tp=0.0192  [0.1s]
  rho=3.46583 (37/37)  [extra 17/50]
    [WARN] glasso failed: Non SPD result: the system is too ill-conditioned for this solver. The system is too ill-conditioned for this solver; reusing previous Theta
    fp=0.0105 tp=0.0192  [0.1s]
  rho=3.07027 (38/38)  [extra 18/50]
    [WARN] glasso failed: Non SPD result: the system is too ill-conditioned for this solver. The system is too ill-conditioned for this solver; reusing previous Theta
    fp=0.0105 tp=0.0192  [0.1s]
  rho=2.71985 (39/39)  [extra 19/50]
    [WARN] glasso failed: Non SPD result: the system is too ill-conditioned for this solver. The system is too ill-conditioned for this solver; reusing previous Theta
    fp=0.0105 tp=0.0192  [0.1s]
  rho=2.40942 (40/40)  [extra 20/50]
    [WARN] glasso failed: Non SPD result: the system is too ill-conditioned for this solver. The system is too ill-conditioned for this solver; reusing previous Theta
    fp=0.0105 tp=0.0192  [0.1s]
  rho=2.13443 (41/41)  [extra 21/50]
    [WARN] glasso failed: Non SPD result: the system is too ill-conditioned for this solver. The system is too ill-conditioned for this solver; reusing previous Theta
    fp=0.0105 tp=0.0192  [0.3s]
  rho=1.89082 (42/42)  [extra 22/50]
    [WARN] glasso failed: Non SPD result: the system is too ill-conditioned for this solver. The system is too ill-conditioned for this solver; reusing previous Theta
    fp=0.0105 tp=0.0192  [0.3s]
  rho=1.67501 (43/43)  [extra 23/50]
    [WARN] glasso failed: Non SPD result: the system is too ill-conditioned for this solver. The system is too ill-conditioned for this solver; reusing previous Theta
    fp=0.0105 tp=0.0192  [0.5s]
  rho=1.48384 (44/44)  [extra 24/50]
    [WARN] glasso failed: Non SPD result: the system is too ill-conditioned for this solver. The system is too ill-conditioned for this solver; reusing previous Theta
    fp=0.0105 tp=0.0192  [0.5s]
  rho=1.31448 (45/45)  [extra 25/50]
    [WARN] glasso failed: Non SPD result: the system is too ill-conditioned for this solver. The system is too ill-conditioned for this solver; reusing previous Theta
    fp=0.0105 tp=0.0192  [0.4s]
  rho=1.16446 (46/46)  [extra 26/50]
    [WARN] glasso failed: Non SPD result: the system is too ill-conditioned for this solver. The system is too ill-conditioned for this solver; reusing previous Theta
    fp=0.0105 tp=0.0192  [0.4s]
  rho=1.03155 (47/47)  [extra 27/50]
    [WARN] glasso failed: Non SPD result: the system is too ill-conditioned for this solver. The system is too ill-conditioned for this solver; reusing previous Theta
    fp=0.0105 tp=0.0192  [0.7s]
  rho=0.91382 (48/48)  [extra 28/50]
    [WARN] glasso failed: Non SPD result: the system is too ill-conditioned for this solver. The system is too ill-conditioned for this solver; reusing previous Theta
    fp=0.0105 tp=0.0192  [0.4s]
  rho=0.80952 (49/49)  [extra 29/50]
    [WARN] glasso failed: Non SPD result: the system is too ill-conditioned for this solver. The system is too ill-conditioned for this solver; reusing previous Theta
    fp=0.0105 tp=0.0192  [1.5s]
  rho=0.71713 (50/50)  [extra 30/50]
    [WARN] glasso failed: Non SPD result: the system is too ill-conditioned for this solver. The system is too ill-conditioned for this solver; reusing previous Theta
    fp=0.0105 tp=0.0192  [1.2s]
  rho=0.63528 (51/51)  [extra 31/50]
    [WARN] glasso failed: Non SPD result: the system is too ill-conditioned for this solver. The system is too ill-conditioned for this solver; reusing previous Theta
    fp=0.0105 tp=0.0192  [2.4s]
  rho=0.56277 (52/52)  [extra 32/50]
    [WARN] glasso failed: Non SPD result: the system is too ill-conditioned for this solver. The system is too ill-conditioned for this solver; reusing previous Theta
    fp=0.0105 tp=0.0192  [1.3s]
  rho=0.49854 (53/53)  [extra 33/50]
    [WARN] glasso failed: Non SPD result: the system is too ill-conditioned for this solver. The system is too ill-conditioned for this solver; reusing previous Theta
    fp=0.0105 tp=0.0192  [1.8s]
  rho=0.44164 (54/54)  [extra 34/50]
    [WARN] glasso failed: Non SPD result: the system is too ill-conditioned for this solver. The system is too ill-conditioned for this solver; reusing previous Theta
    fp=0.0105 tp=0.0192  [1.4s]
  rho=0.39124 (55/55)  [extra 35/50]
    [WARN] glasso failed: Non SPD result: the system is too ill-conditioned for this solver. The system is too ill-conditioned for this solver; reusing previous Theta
    fp=0.0105 tp=0.0192  [4.3s]
  rho=0.34658 (56/56)  [extra 36/50]
    [WARN] glasso failed: Non SPD result: the system is too ill-conditioned for this solver. The system is too ill-conditioned for this solver; reusing previous Theta
    fp=0.0105 tp=0.0192  [1.2s]
  rho=0.30703 (57/57)  [extra 37/50]
    [WARN] glasso failed: Non SPD result: the system is too ill-conditioned for this solver. The system is too ill-conditioned for this solver; reusing previous Theta
    fp=0.0105 tp=0.0192  [1.1s]
  rho=0.27198 (58/58)  [extra 38/50]
    [WARN] glasso failed: Non SPD result: the system is too ill-conditioned for this solver. The system is too ill-conditioned for this solver; reusing previous Theta
    fp=0.0105 tp=0.0192  [1.1s]
  rho=0.24094 (59/59)  [extra 39/50]
    [WARN] glasso failed: Non SPD result: the system is too ill-conditioned for this solver. The system is too ill-conditioned for this solver; reusing previous Theta
    fp=0.0105 tp=0.0192  [1.2s]
  rho=0.21344 (60/60)  [extra 40/50]
    [WARN] glasso failed: Non SPD result: the system is too ill-conditioned for this solver. The system is too ill-conditioned for this solver; reusing previous Theta
    fp=0.0105 tp=0.0192  [1.2s]
  rho=0.18908 (61/61)  [extra 41/50]
    [WARN] glasso failed: Non SPD result: the system is too ill-conditioned for this solver. The system is too ill-conditioned for this solver; reusing previous Theta
    fp=0.0105 tp=0.0192  [1.1s]
  rho=0.16750 (62/62)  [extra 42/50]
    [WARN] glasso failed: Non SPD result: the system is too ill-conditioned for this solver. The system is too ill-conditioned for this solver; reusing previous Theta
    fp=0.0105 tp=0.0192  [1.2s]
  rho=0.14838 (63/63)  [extra 43/50]
    [WARN] glasso failed: Non SPD result: the system is too ill-conditioned for this solver. The system is too ill-conditioned for this solver; reusing previous Theta
    fp=0.0105 tp=0.0192  [1.2s]
  rho=0.13145 (64/64)  [extra 44/50]
    [WARN] glasso failed: Non SPD result: the system is too ill-conditioned for this solver. The system is too ill-conditioned for this solver; reusing previous Theta
    fp=0.0105 tp=0.0192  [1.2s]
  rho=0.11645 (65/65)  [extra 45/50]
    [WARN] glasso failed: Non SPD result: the system is too ill-conditioned for this solver. The system is too ill-conditioned for this solver; reusing previous Theta
    fp=0.0105 tp=0.0192  [1.2s]
  rho=0.10316 (66/66)  [extra 46/50]
    [WARN] glasso failed: Non SPD result: the system is too ill-conditioned for this solver. The system is too ill-conditioned for this solver; reusing previous Theta
    fp=0.0105 tp=0.0192  [1.2s]
  rho=0.09138 (67/67)  [extra 47/50]
    [WARN] glasso failed: Non SPD result: the system is too ill-conditioned for this solver. The system is too ill-conditioned for this solver; reusing previous Theta
    fp=0.0105 tp=0.0192  [1.2s]
  rho=0.08095 (68/68)  [extra 48/50]
    [WARN] glasso failed: Non SPD result: the system is too ill-conditioned for this solver. The system is too ill-conditioned for this solver; reusing previous Theta
    fp=0.0105 tp=0.0192  [1.1s]
  rho=0.07171 (69/69)  [extra 49/50]
    [WARN] glasso failed: Non SPD result: the system is too ill-conditioned for this solver. The system is too ill-conditioned for this solver; reusing previous Theta
    fp=0.0105 tp=0.0192  [1.2s]
  rho=0.06353 (70/70)  [extra 50/50]
    [WARN] glasso failed: Non SPD result: the system is too ill-conditioned for this solver. The system is too ill-conditioned for this solver; reusing previous Theta
    fp=0.0105 tp=0.0192  [1.2s]
  [note] 41/70 fits hit a glasso ConvergenceWarning (suppressed)
  [WARN] 61/70 points reused the previous Theta after a glasso failure; those are not estimates
  [warn] FPR stalled at 0.0105 < fp_end=0.3 after 50 extra fits (cap max_extra=50); the curve stops short of fp_end
  grid extended by 50 points down to rho=0.06353, ending at FPR 0.0105
  [warn] AUC integrates to fp_end=0.3 but the curve stops at FPR 0.0105; TPR held flat above that
  [warn] mean_roc averages out to FPR 0.300 but the shortest replicate only reached 0.011; its TPR is held flat above that
  [warn] mean_roc averages out to FPR 0.300 but the shortest replicate only reached 0.229; its TPR is held flat above that

(p=100, n=50) over 6 replicates
  t+lasso  (run_em_diagonal):    AUC = 0.190 (SE 0.007)
  ~t+lasso (run_em_exact):       AUC = 0.192 (SE 0.007)
  tlasso   (run_tlasso):         AUC = 0.191 (SE 0.007)
  t*lasso  (run_tstar_varlasso): AUC = 0.186 (SE 0.008)
  glasso   (graphical_lasso):    AUC = 0.126 (SE 0.025)
Replicate 7/50
  Theta: 102/4950 edges
  pilot fit of run_tlasso at rho=30.34854
  -> rho_max = max|S_ij| (off-diag) = 14.17709
  [warn] pilot rho 30.34854 > rho_max 14.17709: it falls off the top of this method's grid
  rho grid: [14.1770895  12.55901277 11.12561233  9.85581049  8.73093521  7.73444555
  6.85168845  6.06968326  5.37693083  4.76324445  4.21960008  3.73800358
  3.31137323  2.93343558  2.59863316  2.30204282  2.03930328  1.80655105
  1.60036358  1.41770895]
Running run_tlasso over 20 rho values, extending until FPR >= 0.3...
  rho=14.17709 (1/20)
    fp=0.0000 tp=0.0000  [0.3s]
   nu  = 3.0000
  rho=12.55901 (2/20)
    fp=0.0000 tp=0.0000  [0.3s]
   nu  = 3.0000
  rho=11.12561 (3/20)
    fp=0.0000 tp=0.0000  [0.3s]
   nu  = 3.0000
  rho=9.85581 (4/20)
    fp=0.0000 tp=0.0000  [0.3s]
   nu  = 3.0000
  rho=8.73094 (5/20)
    fp=0.0000 tp=0.0294  [0.5s]
   nu  = 3.0000
  rho=7.73445 (6/20)
    fp=0.0000 tp=0.0490  [0.5s]
   nu  = 3.0000
  rho=6.85169 (7/20)
    fp=0.0002 tp=0.0490  [0.6s]
   nu  = 3.0000
  rho=6.06968 (8/20)
    fp=0.0002 tp=0.0784  [0.6s]
   nu  = 3.0000
  rho=5.37693 (9/20)
    fp=0.0002 tp=0.1078  [0.6s]
   nu  = 3.0000
  rho=4.76324 (10/20)
    fp=0.0008 tp=0.1373  [0.6s]
   nu  = 3.0000
  rho=4.21960 (11/20)
    fp=0.0021 tp=0.1667  [0.6s]
   nu  = 3.0000
  rho=3.73800 (12/20)
    fp=0.0047 tp=0.2059  [0.6s]
   nu  = 3.0000
  rho=3.31137 (13/20)
    fp=0.0089 tp=0.2647  [0.8s]
   nu  = 3.0000
  rho=2.93344 (14/20)
    fp=0.0146 tp=0.3235  [1.0s]
   nu  = 3.0000
  rho=2.59863 (15/20)
    fp=0.0235 tp=0.3824  [0.9s]
   nu  = 3.0000
  rho=2.30204 (16/20)
    fp=0.0423 tp=0.4804  [1.0s]
   nu  = 3.0000
  rho=2.03930 (17/20)
    fp=0.0728 tp=0.5980  [2.4s]
   nu  = 3.0000
  rho=1.80655 (18/20)
    fp=0.1116 tp=0.6667  [1.8s]
   nu  = 3.0000
  rho=1.60036 (19/20)
    fp=0.1584 tp=0.7647  [1.9s]
   nu  = 3.0000
  rho=1.41771 (20/20)
    fp=0.2065 tp=0.8039  [3.3s]
   nu  = 3.0000
  rho=1.25590 (21/21)  [extra 1/50]
    fp=0.2607 tp=0.8431  [4.7s]
   nu  = 3.0000
  rho=1.11256 (22/22)  [extra 2/50]
    fp=0.3003 tp=0.8529  [3.1s]
   nu  = 3.0000
  FPR 0.3003 >= fp_end=0.3; stopping after 22 fits
  grid extended by 2 points down to rho=1.11256, ending at FPR 0.3003
  pilot fit of run_tstar_varlasso at rho=0.30349
  -> rho_max = max|S_ij| (off-diag) = 0.47263
  rho grid: [0.47263415 0.4186909  0.37090436 0.32857186 0.29107089 0.25785004
 0.22842079 0.20235039 0.17925549 0.15879649 0.14067253 0.12461713
 0.11039417 0.09779453 0.08663293 0.07674523 0.06798605 0.06022659
 0.05335273 0.04726341]
Running run_tstar_varlasso over 20 rho values, extending until FPR >= 0.3...
  rho=0.47263 (1/20)
    fp=0.0000 tp=0.0196  [0.5s]
   nu  = 3.0000
  rho=0.41869 (2/20)
    fp=0.0000 tp=0.0392  [0.4s]
   nu  = 3.0000
  rho=0.37090 (3/20)
    fp=0.0002 tp=0.0686  [0.5s]
   nu  = 3.0000
  rho=0.32857 (4/20)
    fp=0.0006 tp=0.0980  [0.7s]
   nu  = 3.0000
  rho=0.29107 (5/20)
    fp=0.0014 tp=0.1373  [0.5s]
   nu  = 3.0000
  rho=0.25785 (6/20)
    fp=0.0025 tp=0.1569  [0.5s]
   nu  = 3.0000
  rho=0.22842 (7/20)
    fp=0.0080 tp=0.2157  [0.4s]
   nu  = 3.0000
  rho=0.20235 (8/20)
    fp=0.0142 tp=0.2745  [0.4s]
   nu  = 3.0000
  rho=0.17926 (9/20)
    fp=0.0256 tp=0.3824  [0.5s]
   nu  = 3.0000
  rho=0.15880 (10/20)
    fp=0.0402 tp=0.4412  [0.5s]
   nu  = 3.0000
  rho=0.14067 (11/20)
    fp=0.0588 tp=0.5196  [0.6s]
   nu  = 3.0000
  rho=0.12462 (12/20)
    fp=0.0755 tp=0.5882  [0.5s]
   nu  = 3.0000
  rho=0.11039 (13/20)
    fp=0.0941 tp=0.6569  [0.8s]
   nu  = 3.0000
  rho=0.09779 (14/20)
    fp=0.1180 tp=0.6765  [0.6s]
   nu  = 3.0000
  rho=0.08663 (15/20)
    fp=0.1401 tp=0.7353  [0.4s]
   nu  = 3.0000
  rho=0.07675 (16/20)
    fp=0.1617 tp=0.7549  [0.5s]
   nu  = 3.0000
  rho=0.06799 (17/20)
    fp=0.1842 tp=0.7745  [0.7s]
   nu  = 3.0000
  rho=0.06023 (18/20)
    fp=0.2069 tp=0.8137  [0.5s]
   nu  = 3.0000
  rho=0.05335 (19/20)
    fp=0.2277 tp=0.8235  [0.4s]
   nu  = 3.0000
  rho=0.04726 (20/20)
    fp=0.2535 tp=0.8333  [0.4s]
   nu  = 3.0000
  rho=0.04187 (21/21)  [extra 1/50]
    fp=0.2754 tp=0.8529  [0.5s]
   nu  = 3.0000
  rho=0.03709 (22/22)  [extra 2/50]
    fp=0.2983 tp=0.8627  [1.1s]
   nu  = 3.0000
  rho=0.03286 (23/23)  [extra 3/50]
    fp=0.3232 tp=0.8529  [0.9s]
   nu  = 3.0000
  FPR 0.3232 >= fp_end=0.3; stopping after 23 fits
  grid extended by 3 points down to rho=0.03286, ending at FPR 0.3232
  pilot fit of run_em_diagonal at rho=0.30349
  -> rho_max = max|S_ij| (off-diag) = 0.64421
  rho grid: [0.64421485 0.57068854 0.50555403 0.44785352 0.39673856 0.35145752
 0.31134454 0.27580979 0.24433073 0.21644448 0.19174098 0.16985697
 0.15047065 0.13329695 0.11808334 0.10460611 0.09266708 0.08209069
 0.07272141 0.06442148]
Running run_em_diagonal over 20 rho values, extending until FPR >= 0.3...
  rho=0.64421 (1/20)
    fp=0.0000 tp=0.0294  [29.2s]
   median nu  = 0.039
   median |eta| = 4.032
  rho=0.57069 (2/20)
    fp=0.0002 tp=0.0490  [25.6s]
   median nu  = 0.042
   median |eta| = 4.17
  rho=0.50555 (3/20)
    fp=0.0010 tp=0.1078  [26.5s]
   median nu  = 0.045
   median |eta| = 4.272
  rho=0.44785 (4/20)
    fp=0.0025 tp=0.1176  [20.5s]
   median nu  = 0.049
   median |eta| = 3.966
  rho=0.39674 (5/20)
    fp=0.0060 tp=0.1471  [39.8s]
   median nu  = 0.054
   median |eta| = 3.727
  rho=0.35146 (6/20)
    fp=0.0122 tp=0.2157  [85.5s]
   median nu  = 0.063
   median |eta| = 3.48
  rho=0.31134 (7/20)
    fp=0.0200 tp=0.2549  [83.6s]
   median nu  = 0.074
   median |eta| = 3.228
  rho=0.27581 (8/20)
    fp=0.0309 tp=0.3431  [85.6s]
   median nu  = 0.088
   median |eta| = 3.265
  rho=0.24433 (9/20)
    fp=0.0433 tp=0.4412  [58.5s]
   median nu  = 0.11
   median |eta| = 3.066
  rho=0.21644 (10/20)
    fp=0.0571 tp=0.4902  [71.4s]
   median nu  = 0.138
   median |eta| = 2.614
  rho=0.19174 (11/20)
    fp=0.0730 tp=0.5588  [98.2s]
   median nu  = 0.165
   median |eta| = 2.073
  rho=0.16986 (12/20)
    fp=0.0920 tp=0.6373  [35.5s]
   median nu  = 0.206
   median |eta| = 1.592
  rho=0.15047 (13/20)
    fp=0.1066 tp=0.6863  [51.1s]
   median nu  = 0.268
   median |eta| = 1.382
  rho=0.13330 (14/20)
    fp=0.1213 tp=0.7059  [95.4s]
   median nu  = 0.301
   median |eta| = 1.072
  rho=0.11808 (15/20)
    fp=0.1361 tp=0.7353  [48.5s]
   median nu  = 0.313
   median |eta| = 0.852
  rho=0.10461 (16/20)
    fp=0.1500 tp=0.7745  [58.2s]
   median nu  = 0.37
   median |eta| = 0.702
  rho=0.09267 (17/20)
    fp=0.1642 tp=0.7941  [118.6s]
   median nu  = 0.435
   median |eta| = 0.45
  rho=0.08209 (18/20)
    fp=0.1795 tp=0.8235  [77.5s]
   median nu  = 0.516
   median |eta| = 0.275
  rho=0.07272 (19/20)
    fp=0.1912 tp=0.8333  [93.9s]
   median nu  = 0.598
   median |eta| = 0.207
  rho=0.06442 (20/20)
    fp=0.2042 tp=0.8431  [92.0s]
   median nu  = 0.701
   median |eta| = 0.209
  rho=0.05707 (21/21)  [extra 1/50]
    fp=0.2178 tp=0.8431  [87.9s]
   median nu  = 0.806
   median |eta| = 0.148
  rho=0.05056 (22/22)  [extra 2/50]
    fp=0.2333 tp=0.8333  [88.2s]
   median nu  = 0.897
   median |eta| = 0.091
  rho=0.04479 (23/23)  [extra 3/50]
    fp=0.2490 tp=0.8333  [24.1s]
   median nu  = 1.049
   median |eta| = 0.066
  rho=0.03967 (24/24)  [extra 4/50]
    fp=0.2632 tp=0.8235  [26.2s]
   median nu  = 1.139
   median |eta| = 0.052
  rho=0.03515 (25/25)  [extra 5/50]
    fp=0.2729 tp=0.8235  [27.1s]
   median nu  = 1.284
   median |eta| = 0.034
  rho=0.03113 (26/26)  [extra 6/50]
    fp=0.2877 tp=0.8431  [25.2s]
   median nu  = 1.42
   median |eta| = 0.031
  rho=0.02758 (27/27)  [extra 7/50]
    fp=0.2999 tp=0.8333  [27.0s]
   median nu  = 1.578
   median |eta| = 0.023
  rho=0.02443 (28/28)  [extra 8/50]
    fp=0.3098 tp=0.8431  [23.8s]
   median nu  = 1.701
   median |eta| = 0.02
  FPR 0.3098 >= fp_end=0.3; stopping after 28 fits
  grid extended by 8 points down to rho=0.02443, ending at FPR 0.3098
  pilot fit of run_em_exact at rho=0.30349
  -> rho_max = max|S_ij| (off-diag) = 0.68811
  rho grid: [0.68811014 0.60957392 0.5400013  0.47836922 0.4237714  0.37540501
 0.33255883 0.29460283 0.26097886 0.2311925  0.20480576 0.18143062
 0.16072336 0.14237949 0.12612926 0.11173372 0.0989812  0.08768415
 0.07767648 0.06881101]
Running run_em_exact over 20 rho values, extending until FPR >= 0.3...
  rho=0.68811 (1/20)
    fp=0.0000 tp=0.0196  [25.1s]
   median nu  = 0.038
   median |eta| = 3.821
  rho=0.60957 (2/20)
    fp=0.0000 tp=0.0392  [78.4s]
   median nu  = 0.04
   median |eta| = 4.034
  rho=0.54000 (3/20)
    fp=0.0006 tp=0.1078  [93.0s]
   median nu  = 0.043
   median |eta| = 4.122
  rho=0.47837 (4/20)
    fp=0.0014 tp=0.1176  [91.4s]
   median nu  = 0.047
   median |eta| = 3.591
  rho=0.42377 (5/20)
    fp=0.0045 tp=0.1275  [86.8s]
   median nu  = 0.051
   median |eta| = 3.414
  rho=0.37541 (6/20)
    fp=0.0091 tp=0.1765  [84.5s]
   median nu  = 0.058
   median |eta| = 3.119
  rho=0.33256 (7/20)
    fp=0.0157 tp=0.2451  [77.6s]
   median nu  = 0.068
   median |eta| = 2.602
  rho=0.29460 (8/20)
    fp=0.0237 tp=0.2843  [86.2s]
   median nu  = 0.082
   median |eta| = 2.199
  rho=0.26098 (9/20)
    fp=0.0375 tp=0.3922  [80.4s]
   median nu  = 0.1
   median |eta| = 1.638
  rho=0.23119 (10/20)
    fp=0.0512 tp=0.4608  [72.5s]
   median nu  = 0.13
   median |eta| = 1.312
  rho=0.20481 (11/20)
    fp=0.0689 tp=0.5294  [29.2s]
   median nu  = 0.185
   median |eta| = 1.026
  rho=0.18143 (12/20)
    fp=0.0883 tp=0.5980  [28.1s]
   median nu  = 0.239
   median |eta| = 0.741
  rho=0.16072 (13/20)
    fp=0.1048 tp=0.6765  [25.7s]
   median nu  = 0.297
   median |eta| = 0.456
  rho=0.14238 (14/20)
    fp=0.1225 tp=0.7059  [25.7s]
   median nu  = 0.374
   median |eta| = 0.371
  rho=0.12613 (15/20)
    fp=0.1378 tp=0.7549  [24.8s]
   median nu  = 0.465
   median |eta| = 0.284
  rho=0.11173 (16/20)
    fp=0.1526 tp=0.7745  [24.5s]
   median nu  = 0.571
   median |eta| = 0.181
  rho=0.09898 (17/20)
    fp=0.1689 tp=0.7941  [25.1s]
   median nu  = 0.658
   median |eta| = 0.128
  rho=0.08768 (18/20)
    fp=0.1863 tp=0.8137  [52.0s]
   median nu  = 0.742
   median |eta| = 0.101
  rho=0.07768 (19/20)
    fp=0.1958 tp=0.8333  [76.5s]
   median nu  = 0.839
   median |eta| = 0.076
  rho=0.06881 (20/20)
    fp=0.2108 tp=0.8333  [75.3s]
   median nu  = 0.94
   median |eta| = 0.055
  rho=0.06096 (21/21)  [extra 1/50]
    fp=0.2279 tp=0.8333  [71.8s]
   median nu  = 1.045
   median |eta| = 0.041
  rho=0.05400 (22/22)  [extra 2/50]
    fp=0.2389 tp=0.8431  [52.3s]
   median nu  = 1.149
   median |eta| = 0.03
  rho=0.04784 (23/23)  [extra 3/50]
    fp=0.2506 tp=0.8529  [37.9s]
   median nu  = 1.252
   median |eta| = 0.023
  rho=0.04238 (24/24)  [extra 4/50]
    fp=0.2673 tp=0.8529  [30.3s]
   median nu  = 1.382
   median |eta| = 0.018
  rho=0.03754 (25/25)  [extra 5/50]
    fp=0.2836 tp=0.8627  [30.6s]
   median nu  = 1.502
   median |eta| = 0.014
  rho=0.03326 (26/26)  [extra 6/50]
    fp=0.2962 tp=0.8627  [28.2s]
   median nu  = 1.617
   median |eta| = 0.01
  rho=0.02946 (27/27)  [extra 7/50]
    fp=0.3067 tp=0.8627  [26.2s]
   median nu  = 1.718
   median |eta| = 0.008
  FPR 0.3067 >= fp_end=0.3; stopping after 27 fits
  grid extended by 7 points down to rho=0.02946, ending at FPR 0.3067
  graphical_lasso rho_max = max|S_ij| (off-diag) = 0.83690
  rho grid: [0.83690275 0.74138436 0.65676778 0.58180876 0.51540506 0.45658023
 0.40446926 0.35830589 0.31741129 0.28118412 0.24909167 0.22066204
 0.19547717 0.17316674 0.15340266 0.13589432 0.12038427 0.10664442
 0.09447275 0.08369028]
Running graphical_lasso over 20 rho values, extending until FPR >= 0.3...
  rho=0.83690 (1/20)
    fp=0.0000 tp=0.0000  [0.1s]
  rho=0.74138 (2/20)
    fp=0.0000 tp=0.0196  [0.2s]
  rho=0.65677 (3/20)
    fp=0.0004 tp=0.0490  [138.5s]
  rho=0.58181 (4/20)
    fp=0.0021 tp=0.0980  [136.3s]
  rho=0.51541 (5/20)
    fp=0.0041 tp=0.1275  [105.2s]
  rho=0.45658 (6/20)
    fp=0.0097 tp=0.1275  [28.6s]
  rho=0.40447 (7/20)
    fp=0.0186 tp=0.1667  [37.6s]
  rho=0.35831 (8/20)
    fp=0.0309 tp=0.2549  [31.3s]
  rho=0.31741 (9/20)
    fp=0.0456 tp=0.3627  [38.2s]
  rho=0.28118 (10/20)
    fp=0.0650 tp=0.4314  [35.0s]
  rho=0.24909 (11/20)
    fp=0.0860 tp=0.5098  [43.9s]
  rho=0.22066 (12/20)
    fp=0.1122 tp=0.5588  [0.1s]
  rho=0.19548 (13/20)
    fp=0.1349 tp=0.6176  [0.1s]
  rho=0.17317 (14/20)
    fp=0.1586 tp=0.6765  [1.8s]
  rho=0.15340 (15/20)
    fp=0.1856 tp=0.7353  [1.9s]
  rho=0.13589 (16/20)
    fp=0.2104 tp=0.7647  [2.0s]
  rho=0.12038 (17/20)
    fp=0.2378 tp=0.7941  [0.8s]
  rho=0.10664 (18/20)
    fp=0.2622 tp=0.8137  [0.6s]
  rho=0.09447 (19/20)
    fp=0.2900 tp=0.8333  [0.9s]
  rho=0.08369 (20/20)
    fp=0.3152 tp=0.8431  [1.3s]
  FPR 0.3152 >= fp_end=0.3; stopping after 20 fits
  [note] 9/20 fits hit a glasso ConvergenceWarning (suppressed)
  [warn] mean_roc averages out to FPR 0.300 but the shortest replicate only reached 0.011; its TPR is held flat above that
  [warn] mean_roc averages out to FPR 0.300 but the shortest replicate only reached 0.229; its TPR is held flat above that

(p=100, n=50) over 7 replicates
  t+lasso  (run_em_diagonal):    AUC = 0.192 (SE 0.007)
  ~t+lasso (run_em_exact):       AUC = 0.193 (SE 0.006)
  tlasso   (run_tlasso):         AUC = 0.193 (SE 0.006)
  t*lasso  (run_tstar_varlasso): AUC = 0.189 (SE 0.007)
  glasso   (graphical_lasso):    AUC = 0.134 (SE 0.023)
Replicate 8/50
  Theta: 94/4950 edges
  pilot fit of run_tlasso at rho=30.34854
  -> rho_max = max|S_ij| (off-diag) = 18.30332
  [warn] pilot rho 30.34854 > rho_max 18.30332: it falls off the top of this method's grid
  rho grid: [18.30332332 16.21430628 14.36371546 12.72433852 11.27206892  9.98555152
  8.84586847  7.83626111  6.94188348  6.14958404  5.44771227  4.82594739
  4.27514652  3.78721033  3.35496386  2.97205106  2.63284134  2.33234671
  2.06614849  1.83033233]
Running run_tlasso over 20 rho values, extending until FPR >= 0.3...
  rho=18.30332 (1/20)
    fp=0.0000 tp=0.0000  [0.4s]
   nu  = 3.0000
  rho=16.21431 (2/20)
    fp=0.0000 tp=0.0000  [0.3s]
   nu  = 3.0000
  rho=14.36372 (3/20)
    fp=0.0000 tp=0.0000  [0.3s]
   nu  = 3.0000
  rho=12.72434 (4/20)
    fp=0.0000 tp=0.0000  [0.3s]
   nu  = 3.0000
  rho=11.27207 (5/20)
    fp=0.0000 tp=0.0106  [0.7s]
   nu  = 3.0000
  rho=9.98555 (6/20)
    fp=0.0004 tp=0.0213  [0.7s]
   nu  = 3.0000
  rho=8.84587 (7/20)
    fp=0.0008 tp=0.0319  [0.7s]
   nu  = 3.0000
  rho=7.83626 (8/20)
    fp=0.0014 tp=0.0957  [0.6s]
   nu  = 3.0000
  rho=6.94188 (9/20)
    fp=0.0029 tp=0.1064  [0.7s]
   nu  = 3.0000
  rho=6.14958 (10/20)
    fp=0.0045 tp=0.1383  [0.8s]
   nu  = 3.0000
  rho=5.44771 (11/20)
    fp=0.0064 tp=0.1809  [0.6s]
   nu  = 3.0000
  rho=4.82595 (12/20)
    fp=0.0091 tp=0.2447  [0.8s]
   nu  = 3.0000
  rho=4.27515 (13/20)
    fp=0.0134 tp=0.3298  [0.7s]
   nu  = 3.0000
  rho=3.78721 (14/20)
    fp=0.0222 tp=0.4574  [0.7s]
   nu  = 3.0000
  rho=3.35496 (15/20)
    fp=0.0377 tp=0.5851  [1.2s]
   nu  = 3.0000
  rho=2.97205 (16/20)
    fp=0.0739 tp=0.6809  [3.4s]
   nu  = 3.0000
  rho=2.63284 (17/20)
    fp=0.2463 tp=0.8298  [577.0s]
   nu  = 3.0000
  rho=2.33235 (18/20)
    fp=0.2799 tp=0.8723  [1116.2s]
   nu  = 3.0000
  rho=2.06615 (19/20)
  [warn] glasso failed at iter 0: Non SPD result: the system is too ill-conditioned for this solver. The system is too ill-conditioned for this solver; keeping previous Theta
  [warn] glasso failed at iter 1: Non SPD result: the system is too ill-conditioned for this solver. The system is too ill-conditioned for this solver; keeping previous Theta
    fp=0.2799 tp=0.8723  [0.4s]  [STALE: glasso failed on 2 EM iters]
   nu  = 3.0000
  rho=1.83033 (20/20)
  [warn] glasso failed at iter 95: Non SPD result: the system is too ill-conditioned for this solver. The system is too ill-conditioned for this solver; keeping previous Theta
  [warn] glasso failed at iter 96: Non SPD result: the system is too ill-conditioned for this solver. The system is too ill-conditioned for this solver; keeping previous Theta
  [warn] glasso failed at iter 97: Non SPD result: the system is too ill-conditioned for this solver. The system is too ill-conditioned for this solver; keeping previous Theta
    fp=0.3324 tp=0.8936  [373.5s]  [STALE: glasso failed on 3 EM iters]
   nu  = 3.0000
  FPR 0.3324 >= fp_end=0.3; stopping after 20 fits
  [note] 4/20 fits hit a glasso ConvergenceWarning (suppressed)
  [WARN] 2/20 points came from a fit whose glasso failed; those Thetas are stale, not estimates
  pilot fit of run_tstar_varlasso at rho=0.30349
  -> rho_max = max|S_ij| (off-diag) = 0.65665
  rho grid: [0.65664983 0.58170427 0.5153125  0.45649823 0.40439662 0.35824154
 0.31735428 0.28113362 0.24904694 0.22062241 0.19544207 0.17313564
 0.15337511 0.13586992 0.12036265 0.10662527 0.09445579 0.08367524
 0.07412512 0.06566498]
Running run_tstar_varlasso over 20 rho values, extending until FPR >= 0.3...
  rho=0.65665 (1/20)
    fp=0.0023 tp=0.0745  [1.7s]
   nu  = 3.0000
  rho=0.58170 (2/20)
    fp=0.0037 tp=0.0851  [1.3s]
   nu  = 3.0000
  rho=0.51531 (3/20)
    fp=0.0051 tp=0.1277  [1.4s]
   nu  = 3.0000
  rho=0.45650 (4/20)
    fp=0.0107 tp=0.1702  [1.4s]
   nu  = 3.0000
  rho=0.40440 (5/20)
    fp=0.0173 tp=0.2979  [1.4s]
   nu  = 3.0000
  rho=0.35824 (6/20)
    fp=0.0257 tp=0.3723  [1.5s]
   nu  = 3.0000
  rho=0.31735 (7/20)
    fp=0.0395 tp=0.4787  [1.5s]
   nu  = 3.0000
  rho=0.28113 (8/20)
    fp=0.0517 tp=0.5106  [1.7s]
   nu  = 3.0000
  rho=0.24905 (9/20)
    fp=0.0688 tp=0.5851  [2.1s]
   nu  = 3.0000
  rho=0.22062 (10/20)
    fp=0.0840 tp=0.6596  [2.1s]
   nu  = 3.0000
  rho=0.19544 (11/20)
    fp=0.1044 tp=0.6915  [2.0s]
   nu  = 3.0000
  rho=0.17314 (12/20)
    fp=0.1244 tp=0.7128  [2.1s]
   nu  = 3.0000
  rho=0.15338 (13/20)
    fp=0.1454 tp=0.7553  [2.1s]
   nu  = 3.0000
  rho=0.13587 (14/20)
    fp=0.1635 tp=0.7660  [2.1s]
   nu  = 3.0000
  rho=0.12036 (15/20)
    fp=0.1853 tp=0.7872  [2.1s]
   nu  = 3.0000
  rho=0.10663 (16/20)
    fp=0.2053 tp=0.8298  [2.2s]
   nu  = 3.0000
  rho=0.09446 (17/20)
    fp=0.2253 tp=0.8404  [2.2s]
   nu  = 3.0000
  rho=0.08368 (18/20)
    fp=0.2463 tp=0.8511  [2.3s]
   nu  = 3.0000
  rho=0.07413 (19/20)
    fp=0.2657 tp=0.8936  [3.1s]
   nu  = 3.0000
  rho=0.06566 (20/20)
    fp=0.2829 tp=0.9149  [3.5s]
   nu  = 3.0000
  rho=0.05817 (21/21)  [extra 1/50]
    fp=0.3013 tp=0.9362  [3.4s]
   nu  = 3.0000
  FPR 0.3013 >= fp_end=0.3; stopping after 21 fits
  grid extended by 1 points down to rho=0.05817, ending at FPR 0.3013
  pilot fit of run_em_diagonal at rho=0.30349
  -> rho_max = max|S_ij| (off-diag) = 0.73084
  rho grid: [0.730835   0.64742246 0.57353005 0.50807123 0.45008343 0.39871396
 0.35320746 0.31289476 0.27718307 0.24554728 0.21752218 0.19269568
 0.1707027  0.15121985 0.13396065 0.11867129 0.10512695 0.09312848
 0.08249942 0.0730835 ]
Running run_em_diagonal over 20 rho values, extending until FPR >= 0.3...
  rho=0.73084 (1/20)
    fp=0.0045 tp=0.0638  [75.0s]
   median nu  = 0.714
   median |eta| = 0.472
  rho=0.64742 (2/20)
    fp=0.0060 tp=0.0851  [77.3s]
   median nu  = 0.766
   median |eta| = 0.435
  rho=0.57353 (3/20)
    fp=0.0099 tp=0.1383  [72.1s]
   median nu  = 0.838
   median |eta| = 0.395
  rho=0.50807 (4/20)
    fp=0.0150 tp=0.2234  [63.9s]
   median nu  = 0.855
   median |eta| = 0.364
  rho=0.45008 (5/20)
    fp=0.0198 tp=0.2872  [25.5s]
   median nu  = 0.886
   median |eta| = 0.338
  rho=0.39871 (6/20)
    fp=0.0259 tp=0.3404  [21.2s]
   median nu  = 0.924
   median |eta| = 0.268
  rho=0.35321 (7/20)
    fp=0.0352 tp=0.4787  [21.2s]
   median nu  = 0.981
   median |eta| = 0.224
  rho=0.31289 (8/20)
    fp=0.0435 tp=0.5319  [21.6s]
   median nu  = 1.047
   median |eta| = 0.217
  rho=0.27718 (9/20)
    fp=0.0570 tp=0.5745  [20.3s]
   median nu  = 1.083
   median |eta| = 0.185
  rho=0.24555 (10/20)
    fp=0.0675 tp=0.6383  [20.5s]
   median nu  = 1.122
   median |eta| = 0.157
  rho=0.21752 (11/20)
    fp=0.0797 tp=0.6596  [20.2s]
   median nu  = 1.186
   median |eta| = 0.134
  rho=0.19270 (12/20)
    fp=0.0937 tp=0.7234  [20.1s]
   median nu  = 1.251
   median |eta| = 0.12
  rho=0.17070 (13/20)
    fp=0.1058 tp=0.7447  [22.5s]
   median nu  = 1.32
   median |eta| = 0.103
  rho=0.15122 (14/20)
    fp=0.1207 tp=0.7447  [57.0s]
   median nu  = 1.373
   median |eta| = 0.087
  rho=0.13396 (15/20)
    fp=0.1345 tp=0.7660  [82.6s]
   median nu  = 1.428
   median |eta| = 0.068
  rho=0.11867 (16/20)
    fp=0.1501 tp=0.7872  [83.1s]
   median nu  = 1.487
   median |eta| = 0.052
  rho=0.10513 (17/20)
    fp=0.1682 tp=0.7979  [82.1s]
   median nu  = 1.573
   median |eta| = 0.042
  rho=0.09313 (18/20)
    fp=0.1855 tp=0.8085  [82.2s]
   median nu  = 1.654
   median |eta| = 0.033
  rho=0.08250 (19/20)
    fp=0.2024 tp=0.8511  [82.4s]
   median nu  = 1.741
   median |eta| = 0.026
  rho=0.07308 (20/20)
    fp=0.2171 tp=0.8617  [73.5s]
   median nu  = 1.84
   median |eta| = 0.022
  rho=0.06474 (21/21)  [extra 1/50]
    fp=0.2325 tp=0.8723  [76.5s]
   median nu  = 1.94
   median |eta| = 0.018
  rho=0.05735 (22/22)  [extra 2/50]
    fp=0.2463 tp=0.8830  [84.2s]
   median nu  = 2.041
   median |eta| = 0.015
  rho=0.05081 (23/23)  [extra 3/50]
    fp=0.2572 tp=0.8936  [82.9s]
   median nu  = 2.151
   median |eta| = 0.011
  rho=0.04501 (24/24)  [extra 4/50]
    fp=0.2681 tp=0.9362  [58.3s]
   median nu  = 2.253
   median |eta| = 0.009
  rho=0.03987 (25/25)  [extra 5/50]
    fp=0.2803 tp=0.9468  [33.7s]
   median nu  = 2.349
   median |eta| = 0.008
  rho=0.03532 (26/26)  [extra 6/50]
    fp=0.2930 tp=0.9468  [29.5s]
   median nu  = 2.466
   median |eta| = 0.006
  rho=0.03129 (27/27)  [extra 7/50]
    fp=0.3015 tp=0.9681  [23.2s]
   median nu  = 2.585
   median |eta| = 0.005
  FPR 0.3015 >= fp_end=0.3; stopping after 27 fits
  grid extended by 7 points down to rho=0.03129, ending at FPR 0.3015
  pilot fit of run_em_exact at rho=0.30349
  -> rho_max = max|S_ij| (off-diag) = 0.73352
  rho grid: [0.73351992 0.64980094 0.57563707 0.50993776 0.45173693 0.40017874
 0.35450506 0.31404426 0.27820138 0.24644936 0.21832131 0.1934036
 0.17132982 0.1517754  0.13445279 0.11910726 0.10551316 0.09347061
 0.08280251 0.07335199]
Running run_em_exact over 20 rho values, extending until FPR >= 0.3...
  rho=0.73352 (1/20)
    fp=0.0045 tp=0.0638  [20.4s]
   median nu  = 0.713
   median |eta| = 0.473
  rho=0.64980 (2/20)
    fp=0.0058 tp=0.0851  [21.6s]
   median nu  = 0.765
   median |eta| = 0.416
  rho=0.57564 (3/20)
    fp=0.0089 tp=0.1383  [19.8s]
   median nu  = 0.837
   median |eta| = 0.367
  rho=0.50994 (4/20)
    fp=0.0148 tp=0.2128  [20.0s]
   median nu  = 0.863
   median |eta| = 0.304
  rho=0.45174 (5/20)
    fp=0.0202 tp=0.2872  [23.6s]
   median nu  = 0.906
   median |eta| = 0.256
  rho=0.40018 (6/20)
    fp=0.0262 tp=0.3404  [29.4s]
   median nu  = 0.97
   median |eta| = 0.215
  rho=0.35451 (7/20)
    fp=0.0356 tp=0.4787  [21.6s]
   median nu  = 1.045
   median |eta| = 0.181
  rho=0.31404 (8/20)
    fp=0.0439 tp=0.5319  [19.0s]
   median nu  = 1.1
   median |eta| = 0.15
  rho=0.27820 (9/20)
    fp=0.0572 tp=0.5745  [14.0s]
   median nu  = 1.158
   median |eta| = 0.118
  rho=0.24645 (10/20)
    fp=0.0669 tp=0.6489  [13.8s]
   median nu  = 1.226
   median |eta| = 0.089
  rho=0.21832 (11/20)
    fp=0.0770 tp=0.6915  [14.2s]
   median nu  = 1.297
   median |eta| = 0.064
  rho=0.19340 (12/20)
    fp=0.0904 tp=0.7340  [13.5s]
   median nu  = 1.37
   median |eta| = 0.048
  rho=0.17133 (13/20)
    fp=0.1038 tp=0.7340  [10.8s]
   median nu  = 1.435
   median |eta| = 0.038
  rho=0.15178 (14/20)
    fp=0.1170 tp=0.7553  [10.3s]
   median nu  = 1.494
   median |eta| = 0.029
  rho=0.13445 (15/20)
    fp=0.1334 tp=0.7660  [8.0s]
   median nu  = 1.563
   median |eta| = 0.022
  rho=0.11911 (16/20)
    fp=0.1479 tp=0.7766  [5.7s]
   median nu  = 1.637
   median |eta| = 0.015
  rho=0.10551 (17/20)
    fp=0.1600 tp=0.7872  [4.7s]
   median nu  = 1.713
   median |eta| = 0.013
  rho=0.09347 (18/20)
    fp=0.1794 tp=0.8191  [4.7s]
   median nu  = 1.793
   median |eta| = 0.011
  rho=0.08280 (19/20)
    fp=0.1948 tp=0.8191  [4.7s]
   median nu  = 1.875
   median |eta| = 0.009
  rho=0.07335 (20/20)
    fp=0.2105 tp=0.8617  [4.5s]
   median nu  = 1.957
   median |eta| = 0.007
  rho=0.06498 (21/21)  [extra 1/50]
    fp=0.2245 tp=0.8936  [4.2s]
   median nu  = 2.046
   median |eta| = 0.006
  rho=0.05756 (22/22)  [extra 2/50]
    fp=0.2368 tp=0.9149  [4.1s]
   median nu  = 2.128
   median |eta| = 0.005
  rho=0.05099 (23/23)  [extra 3/50]
    fp=0.2516 tp=0.9255  [5.4s]
   median nu  = 2.24
   median |eta| = 0.004
  rho=0.04517 (24/24)  [extra 4/50]
    fp=0.2615 tp=0.9255  [5.0s]
   median nu  = 2.351
   median |eta| = 0.003
  rho=0.04002 (25/25)  [extra 5/50]
    fp=0.2720 tp=0.9362  [4.7s]
   median nu  = 2.47
   median |eta| = 0.002
  rho=0.03545 (26/26)  [extra 6/50]
    fp=0.2834 tp=0.9468  [5.0s]
   median nu  = 2.584
   median |eta| = 0.002
  rho=0.03140 (27/27)  [extra 7/50]
    fp=0.2951 tp=0.9468  [5.3s]
   median nu  = 2.701
   median |eta| = 0.002
  rho=0.02782 (28/28)  [extra 8/50]
    fp=0.3040 tp=0.9468  [4.6s]
   median nu  = 2.846
   median |eta| = 0.001
  FPR 0.3040 >= fp_end=0.3; stopping after 28 fits
  grid extended by 8 points down to rho=0.02782, ending at FPR 0.3040
  graphical_lasso rho_max = max|S_ij| (off-diag) = 21.29423
  rho grid: [21.29422761 18.86384907 16.71085743 14.80359363 13.11401198 11.6172677
 10.29135165  9.11676666  8.07624082  7.15447353  6.3379105   5.61454444
  4.97373846  4.40606973  3.90319085  3.45770715  3.06306793  2.71347016
  2.4037731   2.12942276]
Running graphical_lasso over 20 rho values, extending until FPR >= 0.3...
  rho=21.29423 (1/20)
    fp=0.0000 tp=0.0000  [0.0s]
  rho=18.86385 (2/20)
    fp=0.0002 tp=0.0000  [0.0s]
  rho=16.71086 (3/20)
    fp=0.0002 tp=0.0000  [24.5s]
  rho=14.80359 (4/20)
    fp=0.0008 tp=0.0000  [0.0s]
  rho=13.11401 (5/20)
    fp=0.0016 tp=0.0000  [27.0s]
  rho=11.61727 (6/20)
    fp=0.0027 tp=0.0000  [110.3s]
  rho=10.29135 (7/20)
    fp=0.0045 tp=0.0000  [129.3s]
  rho=9.11677 (8/20)
    fp=0.0070 tp=0.0000  [131.3s]
  rho=8.07624 (9/20)
    fp=0.0105 tp=0.0000  [131.0s]
  rho=7.15447 (10/20)
    fp=0.0126 tp=0.0000  [15.7s]
  rho=6.33791 (11/20)
    fp=0.0165 tp=0.0000  [5.8s]
  rho=5.61454 (12/20)
    fp=0.0200 tp=0.0000  [0.3s]
  rho=4.97374 (13/20)
    fp=0.0251 tp=0.0106  [14.9s]
  rho=4.40607 (14/20)
    fp=0.0301 tp=0.0106  [135.6s]
  rho=3.90319 (15/20)
    fp=0.0358 tp=0.0106  [137.8s]
  rho=3.45771 (16/20)
    fp=0.0387 tp=0.0319  [143.7s]
  rho=3.06307 (17/20)
    fp=0.0426 tp=0.0532  [146.4s]
  rho=2.71347 (18/20)
    fp=0.0480 tp=0.0638  [135.5s]
  rho=2.40377 (19/20)
    fp=0.0519 tp=0.1277  [30.6s]
  rho=2.12942 (20/20)
    fp=0.0558 tp=0.1489  [36.1s]
  rho=1.88638 (21/21)  [extra 1/50]
    fp=0.0624 tp=0.1596  [42.1s]
  rho=1.67109 (22/22)  [extra 2/50]
    [WARN] glasso failed: Non SPD result: the system is too ill-conditioned for this solver. The system is too ill-conditioned for this solver; reusing previous Theta
    fp=0.0624 tp=0.1596  [33.1s]
  rho=1.48036 (23/23)  [extra 3/50]
    [WARN] glasso failed: Non SPD result: the system is too ill-conditioned for this solver. The system is too ill-conditioned for this solver; reusing previous Theta
    fp=0.0624 tp=0.1596  [19.7s]
  rho=1.31140 (24/24)  [extra 4/50]
    [WARN] glasso failed: Non SPD result: the system is too ill-conditioned for this solver. The system is too ill-conditioned for this solver; reusing previous Theta
    fp=0.0624 tp=0.1596  [1.0s]
  rho=1.16173 (25/25)  [extra 5/50]
    [WARN] glasso failed: Non SPD result: the system is too ill-conditioned for this solver. The system is too ill-conditioned for this solver; reusing previous Theta
    fp=0.0624 tp=0.1596  [62.3s]
  rho=1.02914 (26/26)  [extra 6/50]
    [WARN] glasso failed: Non SPD result: the system is too ill-conditioned for this solver. The system is too ill-conditioned for this solver; reusing previous Theta
    fp=0.0624 tp=0.1596  [12.0s]
  rho=0.91168 (27/27)  [extra 7/50]
    [WARN] glasso failed: Non SPD result: the system is too ill-conditioned for this solver. The system is too ill-conditioned for this solver; reusing previous Theta
    fp=0.0624 tp=0.1596  [3.4s]
  rho=0.80762 (28/28)  [extra 8/50]
    [WARN] glasso failed: Non SPD result: the system is too ill-conditioned for this solver. The system is too ill-conditioned for this solver; reusing previous Theta
    fp=0.0624 tp=0.1596  [1.6s]
  rho=0.71545 (29/29)  [extra 9/50]
    [WARN] glasso failed: Non SPD result: the system is too ill-conditioned for this solver. The system is too ill-conditioned for this solver; reusing previous Theta
    fp=0.0624 tp=0.1596  [0.1s]
  rho=0.63379 (30/30)  [extra 10/50]
    [WARN] glasso failed: Non SPD result: the system is too ill-conditioned for this solver. The system is too ill-conditioned for this solver; reusing previous Theta
    fp=0.0624 tp=0.1596  [0.1s]
  rho=0.56145 (31/31)  [extra 11/50]
    [WARN] glasso failed: Non SPD result: the system is too ill-conditioned for this solver. The system is too ill-conditioned for this solver; reusing previous Theta
    fp=0.0624 tp=0.1596  [0.6s]
  rho=0.49737 (32/32)  [extra 12/50]
    [WARN] glasso failed: Non SPD result: the system is too ill-conditioned for this solver. The system is too ill-conditioned for this solver; reusing previous Theta
    fp=0.0624 tp=0.1596  [0.1s]
  rho=0.44061 (33/33)  [extra 13/50]
    [WARN] glasso failed: Non SPD result: the system is too ill-conditioned for this solver. The system is too ill-conditioned for this solver; reusing previous Theta
    fp=0.0624 tp=0.1596  [0.1s]
  rho=0.39032 (34/34)  [extra 14/50]
    [WARN] glasso failed: Non SPD result: the system is too ill-conditioned for this solver. The system is too ill-conditioned for this solver; reusing previous Theta
    fp=0.0624 tp=0.1596  [1.2s]
  rho=0.34577 (35/35)  [extra 15/50]
    [WARN] glasso failed: Non SPD result: the system is too ill-conditioned for this solver. The system is too ill-conditioned for this solver; reusing previous Theta
    fp=0.0624 tp=0.1596  [0.5s]
  rho=0.30631 (36/36)  [extra 16/50]
    [WARN] glasso failed: Non SPD result: the system is too ill-conditioned for this solver. The system is too ill-conditioned for this solver; reusing previous Theta
    fp=0.0624 tp=0.1596  [66.3s]
  rho=0.27135 (37/37)  [extra 17/50]
    fp=0.2313 tp=0.7660  [42.9s]
  rho=0.24038 (38/38)  [extra 18/50]
    [WARN] glasso failed: Non SPD result: the system is too ill-conditioned for this solver. The system is too ill-conditioned for this solver; reusing previous Theta
    fp=0.2313 tp=0.7660  [0.2s]
  rho=0.21294 (39/39)  [extra 19/50]
    [WARN] glasso failed: Non SPD result: the system is too ill-conditioned for this solver. The system is too ill-conditioned for this solver; reusing previous Theta
    fp=0.2313 tp=0.7660  [7.6s]
  rho=0.18864 (40/40)  [extra 20/50]
    fp=0.2797 tp=0.8191  [48.2s]
  rho=0.16711 (41/41)  [extra 21/50]
    fp=0.2988 tp=0.8511  [50.5s]
  rho=0.14804 (42/42)  [extra 22/50]
    fp=0.3217 tp=0.8617  [52.6s]
  FPR 0.3217 >= fp_end=0.3; stopping after 42 fits
  [note] 18/42 fits hit a glasso ConvergenceWarning (suppressed)
  [WARN] 17/42 points reused the previous Theta after a glasso failure; those are not estimates
  grid extended by 22 points down to rho=0.14804, ending at FPR 0.3217
  [warn] mean_roc averages out to FPR 0.300 but the shortest replicate only reached 0.011; its TPR is held flat above that
  [warn] mean_roc averages out to FPR 0.300 but the shortest replicate only reached 0.229; its TPR is held flat above that

(p=100, n=50) over 8 replicates
  t+lasso  (run_em_diagonal):    AUC = 0.195 (SE 0.006)
  ~t+lasso (run_em_exact):       AUC = 0.197 (SE 0.006)
  tlasso   (run_tlasso):         AUC = 0.195 (SE 0.006)
  t*lasso  (run_tstar_varlasso): AUC = 0.191 (SE 0.007)
  glasso   (graphical_lasso):    AUC = 0.134 (SE 0.020)
Replicate 9/50
  Theta: 105/4950 edges
  pilot fit of run_tlasso at rho=30.34854
  -> rho_max = max|S_ij| (off-diag) = 19.72382
  [warn] pilot rho 30.34854 > rho_max 19.72382: it falls off the top of this method's grid
  rho grid: [19.72381685 17.47267433 15.47846193 13.71185539 12.14687733 10.76051523
  9.53238309  8.44442161  7.48063267  6.62684405  5.87050107  5.20048194
  4.60693425  4.08113006  3.61533758  3.2027075   2.83717222  2.51335664
  2.22649918  1.97238169]
Running run_tlasso over 20 rho values, extending until FPR >= 0.3...
  rho=19.72382 (1/20)
    fp=0.0000 tp=0.0000  [0.2s]
   nu  = 3.0000
  rho=17.47267 (2/20)
    fp=0.0000 tp=0.0000  [0.1s]
   nu  = 3.0000
  rho=15.47846 (3/20)
    fp=0.0000 tp=0.0095  [0.2s]
   nu  = 3.0000
  rho=13.71186 (4/20)
    fp=0.0000 tp=0.0095  [0.3s]
   nu  = 3.0000
  rho=12.14688 (5/20)
    fp=0.0000 tp=0.0095  [0.3s]
   nu  = 3.0000
  rho=10.76052 (6/20)
    fp=0.0000 tp=0.0095  [0.3s]
   nu  = 3.0000
  rho=9.53238 (7/20)
    fp=0.0000 tp=0.0286  [0.3s]
   nu  = 3.0000
  rho=8.44442 (8/20)
    fp=0.0004 tp=0.0381  [0.3s]
   nu  = 3.0000
  rho=7.48063 (9/20)
    fp=0.0012 tp=0.0381  [0.3s]
   nu  = 3.0000
  rho=6.62684 (10/20)
    fp=0.0019 tp=0.0476  [0.3s]
   nu  = 3.0000
  rho=5.87050 (11/20)
    fp=0.0023 tp=0.0571  [0.3s]
   nu  = 3.0000
  rho=5.20048 (12/20)
    fp=0.0035 tp=0.0667  [0.4s]
   nu  = 3.0000
  rho=4.60693 (13/20)
    fp=0.0064 tp=0.0952  [0.4s]
   nu  = 3.0000
  rho=4.08113 (14/20)
    fp=0.0095 tp=0.1333  [0.4s]
   nu  = 3.0000
  rho=3.61534 (15/20)
    fp=0.0140 tp=0.1714  [0.4s]
   nu  = 3.0000
  rho=3.20271 (16/20)
    fp=0.0208 tp=0.1905  [0.5s]
   nu  = 3.0000
  rho=2.83717 (17/20)
    fp=0.0320 tp=0.2476  [1.0s]
   nu  = 3.0000
  rho=2.51336 (18/20)
    fp=0.0454 tp=0.3048  [1.1s]
   nu  = 3.0000
  rho=2.22650 (19/20)
    fp=0.0720 tp=0.4000  [1.9s]
   nu  = 3.0000
  rho=1.97238 (20/20)
    fp=0.1230 tp=0.5524  [3.2s]
   nu  = 3.0000
  rho=1.74727 (21/21)  [extra 1/50]
    fp=0.2023 tp=0.7333  [18.7s]
   nu  = 3.0000
  rho=1.54785 (22/22)  [extra 2/50]
    fp=0.2766 tp=0.7714  [5.9s]
   nu  = 3.0000
  rho=1.37119 (23/23)  [extra 3/50]
    fp=0.3063 tp=0.7905  [7.2s]
   nu  = 3.0000
  FPR 0.3063 >= fp_end=0.3; stopping after 23 fits
  grid extended by 3 points down to rho=1.37119, ending at FPR 0.3063
  pilot fit of run_tstar_varlasso at rho=0.30349
  -> rho_max = max|S_ij| (off-diag) = 0.63002
  rho grid: [0.63001583 0.5581101  0.4944112  0.43798247 0.38799412 0.34371111
 0.30448226 0.26973072 0.23894549 0.21167387 0.18751485 0.16611318
 0.14715415 0.13035897 0.11548069 0.10230051 0.09062462 0.08028134
 0.07111857 0.06300158]
Running run_tstar_varlasso over 20 rho values, extending until FPR >= 0.3...
  rho=0.63002 (1/20)
    fp=0.0000 tp=0.0095  [0.4s]
   nu  = 3.0000
  rho=0.55811 (2/20)
    fp=0.0000 tp=0.0190  [0.4s]
   nu  = 3.0000
  rho=0.49441 (3/20)
    fp=0.0006 tp=0.0190  [0.4s]
   nu  = 3.0000
  rho=0.43798 (4/20)
    fp=0.0008 tp=0.0190  [0.4s]
   nu  = 3.0000
  rho=0.38799 (5/20)
    fp=0.0014 tp=0.0381  [0.4s]
   nu  = 3.0000
  rho=0.34371 (6/20)
    fp=0.0035 tp=0.0667  [0.4s]
   nu  = 3.0000
  rho=0.30448 (7/20)
    fp=0.0064 tp=0.1238  [0.3s]
   nu  = 3.0000
  rho=0.26973 (8/20)
    fp=0.0111 tp=0.1619  [0.3s]
   nu  = 3.0000
  rho=0.23895 (9/20)
    fp=0.0198 tp=0.2095  [0.3s]
   nu  = 3.0000
  rho=0.21167 (10/20)
    fp=0.0295 tp=0.2571  [0.3s]
   nu  = 3.0000
  rho=0.18751 (11/20)
    fp=0.0409 tp=0.3143  [0.3s]
   nu  = 3.0000
  rho=0.16611 (12/20)
    fp=0.0607 tp=0.3524  [0.3s]
   nu  = 3.0000
  rho=0.14715 (13/20)
    fp=0.0844 tp=0.4286  [0.3s]
   nu  = 3.0000
  rho=0.13036 (14/20)
    fp=0.1046 tp=0.5143  [0.3s]
   nu  = 3.0000
  rho=0.11548 (15/20)
    fp=0.1265 tp=0.5905  [0.4s]
   nu  = 3.0000
  rho=0.10230 (16/20)
    fp=0.1517 tp=0.6190  [0.7s]
   nu  = 3.0000
  rho=0.09062 (17/20)
    fp=0.1767 tp=0.6762  [0.7s]
   nu  = 3.0000
  rho=0.08028 (18/20)
    fp=0.1955 tp=0.7048  [0.7s]
   nu  = 3.0000
  rho=0.07112 (19/20)
    fp=0.2198 tp=0.7048  [0.7s]
   nu  = 3.0000
  rho=0.06300 (20/20)
    fp=0.2425 tp=0.7429  [0.5s]
   nu  = 3.0000
  rho=0.05581 (21/21)  [extra 1/50]
    fp=0.2642 tp=0.7714  [0.5s]
   nu  = 3.0000
  rho=0.04944 (22/22)  [extra 2/50]
    fp=0.2859 tp=0.7810  [0.7s]
   nu  = 3.0000
  rho=0.04380 (23/23)  [extra 3/50]
    fp=0.3061 tp=0.7905  [0.7s]
   nu  = 3.0000
  FPR 0.3061 >= fp_end=0.3; stopping after 23 fits
  grid extended by 3 points down to rho=0.04380, ending at FPR 0.3061
  pilot fit of run_em_diagonal at rho=0.30349
  -> rho_max = max|S_ij| (off-diag) = 0.75835
  rho grid: [0.75834828 0.67179556 0.59512137 0.52719826 0.46702743 0.41372409
 0.36650443 0.32467411 0.28761801 0.25479124 0.2257111  0.19994997
 0.17712904 0.15691273 0.13900378 0.12313883 0.1090846  0.09663442
 0.08560523 0.07583483]
Running run_em_diagonal over 20 rho values, extending until FPR >= 0.3...
  rho=0.75835 (1/20)
    fp=0.0004 tp=0.0190  [29.1s]
   median nu  = 0.064
   median |eta| = 2.207
  rho=0.67180 (2/20)
    fp=0.0008 tp=0.0190  [27.6s]
   median nu  = 0.076
   median |eta| = 1.942
  rho=0.59512 (3/20)
    fp=0.0012 tp=0.0286  [22.6s]
   median nu  = 0.091
   median |eta| = 1.793
  rho=0.52720 (4/20)
    fp=0.0027 tp=0.0476  [20.7s]
   median nu  = 0.111
   median |eta| = 1.718
  rho=0.46703 (5/20)
    fp=0.0064 tp=0.0762  [55.3s]
   median nu  = 0.139
   median |eta| = 1.529
  rho=0.41372 (6/20)
    fp=0.0109 tp=0.1048  [82.8s]
   median nu  = 0.175
   median |eta| = 1.452
  rho=0.36650 (7/20)
    fp=0.0161 tp=0.1714  [79.9s]
   median nu  = 0.222
   median |eta| = 1.314
  rho=0.32467 (8/20)
    fp=0.0244 tp=0.2095  [82.2s]
   median nu  = 0.273
   median |eta| = 1.291
  rho=0.28762 (9/20)
    fp=0.0384 tp=0.2476  [48.5s]
   median nu  = 0.314
   median |eta| = 1.178
  rho=0.25479 (10/20)
    fp=0.0491 tp=0.3143  [62.1s]
   median nu  = 0.355
   median |eta| = 1.069
  rho=0.22571 (11/20)
    fp=0.0603 tp=0.3429  [98.5s]
   median nu  = 0.397
   median |eta| = 1.005
  rho=0.19995 (12/20)
    fp=0.0751 tp=0.4476  [35.3s]
   median nu  = 0.42
   median |eta| = 0.873
  rho=0.17713 (13/20)
    fp=0.0918 tp=0.4952  [53.2s]
   median nu  = 0.449
   median |eta| = 0.713
  rho=0.15691 (14/20)
    fp=0.1119 tp=0.5714  [93.9s]
   median nu  = 0.479
   median |eta| = 0.576
  rho=0.13900 (15/20)
    fp=0.1307 tp=0.6190  [50.5s]
   median nu  = 0.526
   median |eta| = 0.537
  rho=0.12314 (16/20)
    fp=0.1455 tp=0.6667  [42.4s]
   median nu  = 0.571
   median |eta| = 0.455
  rho=0.10908 (17/20)
    fp=0.1612 tp=0.6762  [116.8s]
   median nu  = 0.608
   median |eta| = 0.349
  rho=0.09663 (18/20)
    fp=0.1808 tp=0.6762  [96.6s]
   median nu  = 0.691
   median |eta| = 0.279
  rho=0.08561 (19/20)
    fp=0.1957 tp=0.6952  [95.6s]
   median nu  = 0.775
   median |eta| = 0.181
  rho=0.07583 (20/20)
    fp=0.2109 tp=0.7143  [96.3s]
   median nu  = 0.866
   median |eta| = 0.142
  rho=0.06718 (21/21)  [extra 1/50]
    fp=0.2241 tp=0.7238  [95.0s]
   median nu  = 0.936
   median |eta| = 0.112
  rho=0.05951 (22/22)  [extra 2/50]
    fp=0.2369 tp=0.7524  [85.4s]
   median nu  = 1.054
   median |eta| = 0.097
  rho=0.05272 (23/23)  [extra 3/50]
    fp=0.2504 tp=0.7619  [30.6s]
   median nu  = 1.12
   median |eta| = 0.075
  rho=0.04670 (24/24)  [extra 4/50]
    fp=0.2621 tp=0.7714  [21.7s]
   median nu  = 1.183
   median |eta| = 0.063
  rho=0.04137 (25/25)  [extra 5/50]
    fp=0.2722 tp=0.7714  [25.6s]
   median nu  = 1.314
   median |eta| = 0.048
  rho=0.03665 (26/26)  [extra 6/50]
    fp=0.2854 tp=0.8095  [20.9s]
   median nu  = 1.413
   median |eta| = 0.04
  rho=0.03247 (27/27)  [extra 7/50]
    fp=0.2974 tp=0.8190  [24.0s]
   median nu  = 1.538
   median |eta| = 0.029
  rho=0.02876 (28/28)  [extra 8/50]
    fp=0.3073 tp=0.8190  [25.7s]
   median nu  = 1.627
   median |eta| = 0.024
  FPR 0.3073 >= fp_end=0.3; stopping after 28 fits
  grid extended by 8 points down to rho=0.02876, ending at FPR 0.3073
  pilot fit of run_em_exact at rho=0.30349
  -> rho_max = max|S_ij| (off-diag) = 0.75602
  rho grid: [0.75601857 0.66973174 0.59329311 0.52557866 0.46559268 0.41245309
 0.3653785  0.32367668 0.28673442 0.2540085  0.22501769 0.1993357
 0.17658488 0.15643068 0.13857674 0.12276054 0.10874948 0.09633755
 0.08534224 0.07560186]
Running run_em_exact over 20 rho values, extending until FPR >= 0.3...
  rho=0.75602 (1/20)
    fp=0.0004 tp=0.0190  [29.0s]
   median nu  = 0.064
   median |eta| = 2.2
  rho=0.66973 (2/20)
    fp=0.0008 tp=0.0190  [82.6s]
   median nu  = 0.076
   median |eta| = 1.864
  rho=0.59329 (3/20)
    fp=0.0012 tp=0.0286  [91.5s]
   median nu  = 0.092
   median |eta| = 1.685
  rho=0.52558 (4/20)
    fp=0.0027 tp=0.0476  [87.9s]
   median nu  = 0.112
   median |eta| = 1.523
  rho=0.46559 (5/20)
    fp=0.0068 tp=0.0762  [84.0s]
   median nu  = 0.143
   median |eta| = 1.331
  rho=0.41245 (6/20)
    fp=0.0118 tp=0.1048  [81.9s]
   median nu  = 0.186
   median |eta| = 1.209
  rho=0.36538 (7/20)
    fp=0.0161 tp=0.1810  [81.9s]
   median nu  = 0.242
   median |eta| = 1.106
  rho=0.32368 (8/20)
    fp=0.0256 tp=0.2095  [83.5s]
   median nu  = 0.311
   median |eta| = 0.918
  rho=0.28673 (9/20)
    fp=0.0392 tp=0.2476  [78.4s]
   median nu  = 0.366
   median |eta| = 0.671
  rho=0.25401 (10/20)
    fp=0.0514 tp=0.3048  [69.3s]
   median nu  = 0.415
   median |eta| = 0.522
  rho=0.22502 (11/20)
    fp=0.0642 tp=0.3524  [27.0s]
   median nu  = 0.476
   median |eta| = 0.442
  rho=0.19934 (12/20)
    fp=0.0803 tp=0.4476  [19.3s]
   median nu  = 0.542
   median |eta| = 0.33
  rho=0.17658 (13/20)
    fp=0.0991 tp=0.4857  [22.2s]
   median nu  = 0.601
   median |eta| = 0.269
  rho=0.15643 (14/20)
    fp=0.1185 tp=0.6000  [20.1s]
   median nu  = 0.656
   median |eta| = 0.193
  rho=0.13858 (15/20)
    fp=0.1364 tp=0.6571  [22.6s]
   median nu  = 0.707
   median |eta| = 0.139
  rho=0.12276 (16/20)
    fp=0.1552 tp=0.6762  [26.2s]
   median nu  = 0.764
   median |eta| = 0.093
  rho=0.10875 (17/20)
    fp=0.1752 tp=0.6857  [25.6s]
   median nu  = 0.823
   median |eta| = 0.058
  rho=0.09634 (18/20)
    fp=0.1936 tp=0.6857  [27.1s]
   median nu  = 0.908
   median |eta| = 0.042
  rho=0.08534 (19/20)
    fp=0.2089 tp=0.6952  [56.1s]
   median nu  = 1.02
   median |eta| = 0.034
  rho=0.07560 (20/20)
    fp=0.2215 tp=0.7238  [73.9s]
   median nu  = 1.091
   median |eta| = 0.027
  rho=0.06697 (21/21)  [extra 1/50]
    fp=0.2369 tp=0.7429  [63.7s]
   median nu  = 1.177
   median |eta| = 0.021
  rho=0.05933 (22/22)  [extra 2/50]
    fp=0.2491 tp=0.7714  [39.5s]
   median nu  = 1.272
   median |eta| = 0.017
  rho=0.05256 (23/23)  [extra 3/50]
    fp=0.2621 tp=0.7714  [33.3s]
   median nu  = 1.369
   median |eta| = 0.015
  rho=0.04656 (24/24)  [extra 4/50]
    fp=0.2764 tp=0.7810  [34.1s]
   median nu  = 1.473
   median |eta| = 0.012
  rho=0.04125 (25/25)  [extra 5/50]
    fp=0.2894 tp=0.8000  [31.5s]
   median nu  = 1.581
   median |eta| = 0.01
  rho=0.03654 (26/26)  [extra 6/50]
    fp=0.2995 tp=0.8095  [29.5s]
   median nu  = 1.682
   median |eta| = 0.008
  rho=0.03237 (27/27)  [extra 7/50]
    fp=0.3119 tp=0.8095  [26.8s]
   median nu  = 1.816
   median |eta| = 0.006
  FPR 0.3119 >= fp_end=0.3; stopping after 27 fits
  grid extended by 7 points down to rho=0.03237, ending at FPR 0.3119
  graphical_lasso rho_max = max|S_ij| (off-diag) = 2.89438
  rho grid: [2.89438251 2.56403735 2.27139553 2.01215387 1.78250029 1.57905781
 1.39883488 1.23918136 1.09774962 0.97245993 0.86146996 0.76314763
 0.67604714 0.59888771 0.53053473 0.4699831  0.41634242 0.36882392
 0.32672887 0.28943825]
Running graphical_lasso over 20 rho values, extending until FPR >= 0.3...
  rho=2.89438 (1/20)
    fp=0.0000 tp=0.0000  [0.1s]
  rho=2.56404 (2/20)
    fp=0.0002 tp=0.0000  [0.2s]
  rho=2.27140 (3/20)
    fp=0.0008 tp=0.0000  [135.9s]
  rho=2.01215 (4/20)
    fp=0.0019 tp=0.0000  [0.2s]
  rho=1.78250 (5/20)
    fp=0.0029 tp=0.0190  [0.2s]
  rho=1.57906 (6/20)
    fp=0.0050 tp=0.0190  [139.2s]
  rho=1.39883 (7/20)
    fp=0.0076 tp=0.0286  [136.7s]
  rho=1.23918 (8/20)
    fp=0.0105 tp=0.0381  [0.1s]
  rho=1.09775 (9/20)
    fp=0.0132 tp=0.0381  [69.1s]
  rho=0.97246 (10/20)
    fp=0.0167 tp=0.0381  [0.0s]
  rho=0.86147 (11/20)
    fp=0.0235 tp=0.0571  [0.6s]
  rho=0.76315 (12/20)
    fp=0.0310 tp=0.0667  [1.8s]
  rho=0.67605 (13/20)
    fp=0.0390 tp=0.0952  [1.8s]
  rho=0.59889 (14/20)
    fp=0.0471 tp=0.1524  [1.2s]
  rho=0.53053 (15/20)
    fp=0.0584 tp=0.1905  [6.8s]
  rho=0.46998 (16/20)
    fp=0.0733 tp=0.2000  [0.6s]
  rho=0.41634 (17/20)
    fp=0.0863 tp=0.2381  [7.1s]
  rho=0.36882 (18/20)
    fp=0.0972 tp=0.2857  [2.1s]
  rho=0.32673 (19/20)
    fp=0.1150 tp=0.3619  [2.3s]
  rho=0.28944 (20/20)
    fp=0.1304 tp=0.4095  [10.8s]
  rho=0.25640 (21/21)  [extra 1/50]
    fp=0.1459 tp=0.4857  [0.5s]
  rho=0.22714 (22/22)  [extra 2/50]
    fp=0.1657 tp=0.5238  [28.4s]
  rho=0.20122 (23/23)  [extra 3/50]
    fp=0.1847 tp=0.6000  [8.5s]
  rho=0.17825 (24/24)  [extra 4/50]
    fp=0.2062 tp=0.6476  [10.8s]
  rho=0.15791 (25/25)  [extra 5/50]
    fp=0.2299 tp=0.6952  [0.5s]
  rho=0.13988 (26/26)  [extra 6/50]
    fp=0.2485 tp=0.7333  [2.5s]
  rho=0.12392 (27/27)  [extra 7/50]
    fp=0.2698 tp=0.7524  [2.1s]
  rho=0.10977 (28/28)  [extra 8/50]
    fp=0.2945 tp=0.7714  [1.9s]
  rho=0.09725 (29/29)  [extra 9/50]
    fp=0.3166 tp=0.7905  [5.1s]
  FPR 0.3166 >= fp_end=0.3; stopping after 29 fits
  [note] 4/29 fits hit a glasso ConvergenceWarning (suppressed)
  grid extended by 9 points down to rho=0.09725, ending at FPR 0.3166
  [warn] mean_roc averages out to FPR 0.300 but the shortest replicate only reached 0.011; its TPR is held flat above that
  [warn] mean_roc averages out to FPR 0.300 but the shortest replicate only reached 0.229; its TPR is held flat above that

(p=100, n=50) over 9 replicates
  t+lasso  (run_em_diagonal):    AUC = 0.192 (SE 0.006)
  ~t+lasso (run_em_exact):       AUC = 0.194 (SE 0.006)
  tlasso   (run_tlasso):         AUC = 0.192 (SE 0.006)
  t*lasso  (run_tstar_varlasso): AUC = 0.189 (SE 0.006)
  glasso   (graphical_lasso):    AUC = 0.134 (SE 0.017)
Replicate 10/50
  Theta: 108/4950 edges
  pilot fit of run_tlasso at rho=30.34854
  -> rho_max = max|S_ij| (off-diag) = 22.54029
  [warn] pilot rho 30.34854 > rho_max 22.54029: it falls off the top of this method's grid
  rho grid: [22.54028773 19.96769234 17.68871553 15.66984565 13.88139587 12.29706761
 10.89356381  9.65024641  8.54883282  7.57312709  6.70878179  5.94308699
  5.2647834   4.66389677  4.13159126  3.66003949  3.24230744  2.87225248
  2.54443309  2.25402877]
Running run_tlasso over 20 rho values, extending until FPR >= 0.3...
  rho=22.54029 (1/20)
    fp=0.0000 tp=0.0000  [0.4s]
   nu  = 3.0000
  rho=19.96769 (2/20)
    fp=0.0000 tp=0.0000  [0.3s]
   nu  = 3.0000
  rho=17.68872 (3/20)
    fp=0.0000 tp=0.0093  [0.5s]
   nu  = 3.0000
  rho=15.66985 (4/20)
    fp=0.0000 tp=0.0093  [0.6s]
   nu  = 3.0000
  rho=13.88140 (5/20)
    fp=0.0000 tp=0.0093  [0.5s]
   nu  = 3.0000
  rho=12.29707 (6/20)
    fp=0.0002 tp=0.0093  [0.5s]
   nu  = 3.0000
  rho=10.89356 (7/20)
    fp=0.0006 tp=0.0185  [0.6s]
   nu  = 3.0000
  rho=9.65025 (8/20)
    fp=0.0008 tp=0.0370  [0.5s]
   nu  = 3.0000
  rho=8.54883 (9/20)
    fp=0.0008 tp=0.0556  [0.7s]
   nu  = 3.0000
  rho=7.57313 (10/20)
    fp=0.0017 tp=0.0741  [0.7s]
   nu  = 3.0000
  rho=6.70878 (11/20)
    fp=0.0029 tp=0.1111  [0.7s]
   nu  = 3.0000
  rho=5.94309 (12/20)
    fp=0.0054 tp=0.1574  [0.7s]
   nu  = 3.0000
  rho=5.26478 (13/20)
    fp=0.0081 tp=0.1759  [0.6s]
   nu  = 3.0000
  rho=4.66390 (14/20)
    fp=0.0120 tp=0.2407  [0.6s]
   nu  = 3.0000
  rho=4.13159 (15/20)
    fp=0.0188 tp=0.2870  [0.9s]
   nu  = 3.0000
  rho=3.66004 (16/20)
    fp=0.0289 tp=0.3981  [1.0s]
   nu  = 3.0000
  rho=3.24231 (17/20)
    fp=0.0483 tp=0.5185  [1.1s]
   nu  = 3.0000
  rho=2.87225 (18/20)
    fp=0.0933 tp=0.7130  [1.7s]
   nu  = 3.0000
  rho=2.54443 (19/20)
    fp=0.1898 tp=0.8611  [13.9s]
   nu  = 3.0000
  rho=2.25403 (20/20)
    fp=0.2753 tp=0.8611  [5.5s]
   nu  = 3.0000
  rho=1.99677 (21/21)  [extra 1/50]
    fp=0.3214 tp=0.9074  [6.5s]
   nu  = 3.0000
  FPR 0.3214 >= fp_end=0.3; stopping after 21 fits
  grid extended by 1 points down to rho=1.99677, ending at FPR 0.3214
  pilot fit of run_tstar_varlasso at rho=0.30349
  -> rho_max = max|S_ij| (off-diag) = 0.71525
  rho grid: [0.71524655 0.63361316 0.56129686 0.49723425 0.44048331 0.39020953
 0.34567367 0.30622082 0.27127086 0.24030984 0.21288251 0.18858555
 0.16706167 0.14799439 0.13110331 0.11614007 0.10288463 0.09114208
 0.08073974 0.07152465]
Running run_tstar_varlasso over 20 rho values, extending until FPR >= 0.3...
  rho=0.71525 (1/20)
    fp=0.0008 tp=0.0185  [0.4s]
   nu  = 3.0000
  rho=0.63361 (2/20)
    fp=0.0014 tp=0.0278  [0.3s]
   nu  = 3.0000
  rho=0.56130 (3/20)
    fp=0.0023 tp=0.0741  [0.4s]
   nu  = 3.0000
  rho=0.49723 (4/20)
    fp=0.0043 tp=0.1204  [0.2s]
   nu  = 3.0000
  rho=0.44048 (5/20)
    fp=0.0083 tp=0.1759  [0.3s]
   nu  = 3.0000
  rho=0.39021 (6/20)
    fp=0.0134 tp=0.2130  [0.3s]
   nu  = 3.0000
  rho=0.34567 (7/20)
    fp=0.0223 tp=0.2778  [0.3s]
   nu  = 3.0000
  rho=0.30622 (8/20)
    fp=0.0333 tp=0.3519  [0.5s]
   nu  = 3.0000
  rho=0.27127 (9/20)
    fp=0.0496 tp=0.4815  [0.5s]
   nu  = 3.0000
  rho=0.24031 (10/20)
    fp=0.0677 tp=0.5278  [0.5s]
   nu  = 3.0000
  rho=0.21288 (11/20)
    fp=0.0869 tp=0.6204  [0.8s]
   nu  = 3.0000
  rho=0.18859 (12/20)
    fp=0.1084 tp=0.6944  [0.5s]
   nu  = 3.0000
  rho=0.16706 (13/20)
    fp=0.1307 tp=0.7500  [0.5s]
   nu  = 3.0000
  rho=0.14799 (14/20)
    fp=0.1551 tp=0.7593  [0.4s]
   nu  = 3.0000
  rho=0.13110 (15/20)
    fp=0.1819 tp=0.8148  [0.7s]
   nu  = 3.0000
  rho=0.11614 (16/20)
    fp=0.2063 tp=0.8519  [0.7s]
   nu  = 3.0000
  rho=0.10288 (17/20)
    fp=0.2301 tp=0.8796  [0.6s]
   nu  = 3.0000
  rho=0.09114 (18/20)
    fp=0.2534 tp=0.8796  [0.8s]
   nu  = 3.0000
  rho=0.08074 (19/20)
    fp=0.2753 tp=0.8796  [1.1s]
   nu  = 3.0000
  rho=0.07152 (20/20)
    fp=0.2918 tp=0.8889  [1.0s]
   nu  = 3.0000
  rho=0.06336 (21/21)  [extra 1/50]
    fp=0.3121 tp=0.9074  [0.7s]
   nu  = 3.0000
  FPR 0.3121 >= fp_end=0.3; stopping after 21 fits
  grid extended by 1 points down to rho=0.06336, ending at FPR 0.3121
  pilot fit of run_em_diagonal at rho=0.30349
  -> rho_max = max|S_ij| (off-diag) = 0.79765
  rho grid: [0.79765497 0.70661605 0.62596769 0.55452399 0.49123439 0.43516823
 0.38550108 0.34150261 0.30252582 0.26799757 0.23741015 0.21031377
 0.18630998 0.16504583 0.14620862 0.12952136 0.11473867 0.10164318
 0.09004232 0.0797655 ]
Running run_em_diagonal over 20 rho values, extending until FPR >= 0.3...
  rho=0.79765 (1/20)
    fp=0.0048 tp=0.1204  [23.2s]
   median nu  = 0.073
   median |eta| = 3.082
  rho=0.70662 (2/20)
    fp=0.0107 tp=0.1759  [27.3s]
   median nu  = 0.085
   median |eta| = 2.643
  rho=0.62597 (3/20)
    fp=0.0180 tp=0.2037  [23.6s]
   median nu  = 0.101
   median |eta| = 2.513
  rho=0.55452 (4/20)
    fp=0.0256 tp=0.2593  [25.0s]
   median nu  = 0.12
   median |eta| = 2.047
  rho=0.49123 (5/20)
    fp=0.0372 tp=0.3796  [67.1s]
   median nu  = 0.145
   median |eta| = 2.042
  rho=0.43517 (6/20)
    fp=0.0479 tp=0.4352  [81.6s]
   median nu  = 0.186
   median |eta| = 1.775
  rho=0.38550 (7/20)
    fp=0.0601 tp=0.4907  [88.9s]
   median nu  = 0.246
   median |eta| = 1.432
  rho=0.34150 (8/20)
    fp=0.0737 tp=0.6019  [95.7s]
   median nu  = 0.292
   median |eta| = 0.975
  rho=0.30253 (9/20)
    fp=0.0855 tp=0.6389  [79.3s]
   median nu  = 0.363
   median |eta| = 0.724
  rho=0.26800 (10/20)
    fp=0.1039 tp=0.6759  [93.8s]
   median nu  = 0.458
   median |eta| = 0.573
  rho=0.23741 (11/20)
    fp=0.1221 tp=0.7037  [31.8s]
   median nu  = 0.525
   median |eta| = 0.437
  rho=0.21031 (12/20)
    fp=0.1380 tp=0.7593  [35.0s]
   median nu  = 0.608
   median |eta| = 0.32
  rho=0.18631 (13/20)
    fp=0.1545 tp=0.7685  [102.6s]
   median nu  = 0.711
   median |eta| = 0.246
  rho=0.16505 (14/20)
    fp=0.1700 tp=0.7870  [57.0s]
   median nu  = 0.802
   median |eta| = 0.183
  rho=0.14621 (15/20)
    fp=0.1850 tp=0.8333  [44.1s]
   median nu  = 0.895
   median |eta| = 0.147
  rho=0.12952 (16/20)
    fp=0.1979 tp=0.8611  [104.3s]
   median nu  = 0.985
   median |eta| = 0.112
  rho=0.11474 (17/20)
    fp=0.2127 tp=0.8796  [73.1s]
   median nu  = 1.074
   median |eta| = 0.086
  rho=0.10164 (18/20)
    fp=0.2280 tp=0.8889  [89.9s]
   median nu  = 1.188
   median |eta| = 0.065
  rho=0.09004 (19/20)
    fp=0.2381 tp=0.8981  [91.5s]
   median nu  = 1.257
   median |eta| = 0.055
  rho=0.07977 (20/20)
    fp=0.2526 tp=0.9167  [92.6s]
   median nu  = 1.36
   median |eta| = 0.045
  rho=0.07066 (21/21)  [extra 1/50]
    fp=0.2646 tp=0.9259  [87.7s]
   median nu  = 1.461
   median |eta| = 0.038
  rho=0.06260 (22/22)  [extra 2/50]
    fp=0.2778 tp=0.9352  [64.8s]
   median nu  = 1.578
   median |eta| = 0.028
  rho=0.05545 (23/23)  [extra 3/50]
    fp=0.2871 tp=0.9537  [25.9s]
   median nu  = 1.713
   median |eta| = 0.024
  rho=0.04912 (24/24)  [extra 4/50]
    fp=0.2976 tp=0.9537  [31.3s]
   median nu  = 1.848
   median |eta| = 0.019
  rho=0.04352 (25/25)  [extra 5/50]
    fp=0.3116 tp=0.9352  [25.4s]
   median nu  = 1.97
   median |eta| = 0.014
  FPR 0.3116 >= fp_end=0.3; stopping after 25 fits
  grid extended by 5 points down to rho=0.04352, ending at FPR 0.3116
  pilot fit of run_em_exact at rho=0.30349
  -> rho_max = max|S_ij| (off-diag) = 0.89291
  rho grid: [0.89290525 0.79099511 0.7007163  0.6207413  0.5498941  0.48713292
 0.43153488 0.38228242 0.3386513  0.29999994 0.26575998 0.23542794
 0.2085578  0.18475443 0.16366781 0.14498788 0.12843995 0.11378068
 0.10079453 0.08929053]
Running run_em_exact over 20 rho values, extending until FPR >= 0.3...
  rho=0.89291 (1/20)
    fp=0.0029 tp=0.0926  [26.2s]
   median nu  = 0.064
   median |eta| = 2.903
  rho=0.79100 (2/20)
    fp=0.0060 tp=0.1204  [26.3s]
   median nu  = 0.074
   median |eta| = 2.703
  rho=0.70072 (3/20)
    fp=0.0122 tp=0.1759  [32.8s]
   median nu  = 0.087
   median |eta| = 2.38
  rho=0.62074 (4/20)
    fp=0.0190 tp=0.2315  [81.6s]
   median nu  = 0.104
   median |eta| = 1.965
  rho=0.54989 (5/20)
    fp=0.0279 tp=0.2685  [91.1s]
   median nu  = 0.128
   median |eta| = 1.665
  rho=0.48713 (6/20)
    fp=0.0386 tp=0.3889  [85.9s]
   median nu  = 0.166
   median |eta| = 1.039
  rho=0.43153 (7/20)
    fp=0.0504 tp=0.4352  [82.0s]
   median nu  = 0.221
   median |eta| = 0.825
  rho=0.38228 (8/20)
    fp=0.0628 tp=0.5000  [93.8s]
   median nu  = 0.281
   median |eta| = 0.573
  rho=0.33865 (9/20)
    fp=0.0754 tp=0.6019  [93.7s]
   median nu  = 0.375
   median |eta| = 0.373
  rho=0.30000 (10/20)
    fp=0.0909 tp=0.6481  [93.3s]
   median nu  = 0.469
   median |eta| = 0.268
  rho=0.26576 (11/20)
    fp=0.1072 tp=0.6852  [89.4s]
   median nu  = 0.544
   median |eta| = 0.179
  rho=0.23543 (12/20)
    fp=0.1235 tp=0.7037  [28.4s]
   median nu  = 0.641
   median |eta| = 0.139
  rho=0.20856 (13/20)
    fp=0.1417 tp=0.7315  [19.6s]
   median nu  = 0.732
   median |eta| = 0.104
  rho=0.18475 (14/20)
    fp=0.1565 tp=0.7685  [20.8s]
   median nu  = 0.827
   median |eta| = 0.077
  rho=0.16367 (15/20)
    fp=0.1718 tp=0.7963  [24.3s]
   median nu  = 0.927
   median |eta| = 0.063
  rho=0.14499 (16/20)
    fp=0.1867 tp=0.8333  [24.7s]
   median nu  = 1.027
   median |eta| = 0.052
  rho=0.12844 (17/20)
    fp=0.2022 tp=0.8611  [19.7s]
   median nu  = 1.125
   median |eta| = 0.037
  rho=0.11378 (18/20)
    fp=0.2175 tp=0.8704  [24.1s]
   median nu  = 1.227
   median |eta| = 0.026
  rho=0.10079 (19/20)
    fp=0.2309 tp=0.8704  [17.2s]
   median nu  = 1.342
   median |eta| = 0.023
  rho=0.08929 (20/20)
    fp=0.2437 tp=0.8796  [11.6s]
   median nu  = 1.451
   median |eta| = 0.016
  rho=0.07910 (21/21)  [extra 1/50]
    fp=0.2559 tp=0.8796  [7.1s]
   median nu  = 1.578
   median |eta| = 0.013
  rho=0.07007 (22/22)  [extra 2/50]
    fp=0.2683 tp=0.8889  [10.2s]
   median nu  = 1.698
   median |eta| = 0.011
  rho=0.06207 (23/23)  [extra 3/50]
    fp=0.2811 tp=0.8981  [8.8s]
   median nu  = 1.808
   median |eta| = 0.008
  rho=0.05499 (24/24)  [extra 4/50]
    fp=0.2914 tp=0.8981  [9.0s]
   median nu  = 1.93
   median |eta| = 0.006
  rho=0.04871 (25/25)  [extra 5/50]
    fp=0.3019 tp=0.8796  [24.2s]
   median nu  = 2.054
   median |eta| = 0.005
  FPR 0.3019 >= fp_end=0.3; stopping after 25 fits
  grid extended by 5 points down to rho=0.04871, ending at FPR 0.3019
  graphical_lasso rho_max = max|S_ij| (off-diag) = 1.86463
  rho grid: [1.86463113 1.65181479 1.46328787 1.29627813 1.14832975 1.01726719
 0.90116322 0.79831057 0.70719682 0.62648218 0.55497976 0.49163813
 0.4355259  0.38581793 0.34178329 0.30277447 0.26821784 0.23760528
 0.21048663 0.18646311]
Running graphical_lasso over 20 rho values, extending until FPR >= 0.3...
  rho=1.86463 (1/20)
    fp=0.0000 tp=0.0000  [0.1s]
  rho=1.65181 (2/20)
    fp=0.0012 tp=0.0000  [0.2s]
  rho=1.46329 (3/20)
    fp=0.0017 tp=0.0093  [133.9s]
  rho=1.29628 (4/20)
    fp=0.0037 tp=0.0185  [0.3s]
  rho=1.14833 (5/20)
    fp=0.0081 tp=0.0370  [133.7s]
  rho=1.01727 (6/20)
    fp=0.0134 tp=0.1111  [134.3s]
  rho=0.90116 (7/20)
    fp=0.0235 tp=0.1481  [134.3s]
  rho=0.79831 (8/20)
    fp=0.0355 tp=0.1944  [0.5s]
  rho=0.70720 (9/20)
    fp=0.0531 tp=0.2778  [139.8s]
  rho=0.62648 (10/20)
    fp=0.0696 tp=0.3426  [128.9s]
  rho=0.55498 (11/20)
    fp=0.0845 tp=0.4074  [0.1s]
  rho=0.49164 (12/20)
    fp=0.1080 tp=0.4537  [0.5s]
  rho=0.43553 (13/20)
    fp=0.1289 tp=0.5833  [0.5s]
  rho=0.38582 (14/20)
    fp=0.1481 tp=0.6111  [0.2s]
  rho=0.34178 (15/20)
    fp=0.1722 tp=0.7222  [0.3s]
  rho=0.30277 (16/20)
    fp=0.1968 tp=0.7778  [15.0s]
  rho=0.26822 (17/20)
    fp=0.2202 tp=0.8148  [0.8s]
  rho=0.23761 (18/20)
    fp=0.2429 tp=0.8333  [8.8s]
  rho=0.21049 (19/20)
    fp=0.2683 tp=0.8426  [4.7s]
  rho=0.18646 (20/20)
    fp=0.2914 tp=0.8611  [1.5s]
  rho=0.16518 (21/21)  [extra 1/50]
    fp=0.3129 tp=0.8796  [5.8s]
  FPR 0.3129 >= fp_end=0.3; stopping after 21 fits
  [note] 6/21 fits hit a glasso ConvergenceWarning (suppressed)
  grid extended by 1 points down to rho=0.16518, ending at FPR 0.3129
  [warn] mean_roc averages out to FPR 0.300 but the shortest replicate only reached 0.011; its TPR is held flat above that
  [warn] mean_roc averages out to FPR 0.300 but the shortest replicate only reached 0.229; its TPR is held flat above that

(p=100, n=50) over 10 replicates
  t+lasso  (run_em_diagonal):    AUC = 0.194 (SE 0.006)
  ~t+lasso (run_em_exact):       AUC = 0.195 (SE 0.006)
  tlasso   (run_tlasso):         AUC = 0.194 (SE 0.006)
  t*lasso  (run_tstar_varlasso): AUC = 0.190 (SE 0.006)
  glasso   (graphical_lasso):    AUC = 0.138 (SE 0.016)
Replicate 11/50
  Theta: 82/4950 edges
  pilot fit of run_tlasso at rho=30.34854
  -> rho_max = max|S_ij| (off-diag) = 18.42885
  [warn] pilot rho 30.34854 > rho_max 18.42885: it falls off the top of this method's grid
  rho grid: [18.42885482 16.32551047 14.46222756 12.81160711 11.34937727 10.05403642
  8.90653697  7.89000532  6.98949369  6.19176034  5.48507486  4.85904566
  4.30446718  3.81318453  3.37797354  2.99243458  2.65089842  2.34834287
  2.08031896  1.84288548]
Running run_tlasso over 20 rho values, extending until FPR >= 0.3...
  rho=18.42885 (1/20)
    fp=0.0000 tp=0.0000  [0.4s]
   nu  = 3.0000
  rho=16.32551 (2/20)
    fp=0.0000 tp=0.0000  [0.3s]
   nu  = 3.0000
  rho=14.46223 (3/20)
    fp=0.0000 tp=0.0000  [0.3s]
   nu  = 3.0000
  rho=12.81161 (4/20)
    fp=0.0002 tp=0.0000  [0.4s]
   nu  = 3.0000
  rho=11.34938 (5/20)
    fp=0.0002 tp=0.0122  [0.6s]
   nu  = 3.0000
  rho=10.05404 (6/20)
    fp=0.0004 tp=0.0122  [0.6s]
   nu  = 3.0000
  rho=8.90654 (7/20)
    fp=0.0006 tp=0.0122  [0.7s]
   nu  = 3.0000
  rho=7.89001 (8/20)
    fp=0.0014 tp=0.0122  [0.6s]
   nu  = 3.0000
  rho=6.98949 (9/20)
    fp=0.0023 tp=0.0366  [0.5s]
   nu  = 3.0000
  rho=6.19176 (10/20)
    fp=0.0033 tp=0.1220  [0.5s]
   nu  = 3.0000
  rho=5.48507 (11/20)
    fp=0.0053 tp=0.1463  [0.6s]
   nu  = 3.0000
  rho=4.85905 (12/20)
    fp=0.0084 tp=0.1707  [0.6s]
   nu  = 3.0000
  rho=4.30447 (13/20)
    fp=0.0123 tp=0.2195  [0.9s]
   nu  = 3.0000
  rho=3.81318 (14/20)
    fp=0.0177 tp=0.2927  [1.0s]
   nu  = 3.0000
  rho=3.37797 (15/20)
    fp=0.0269 tp=0.3902  [1.0s]
   nu  = 3.0000
  rho=2.99243 (16/20)
    fp=0.0470 tp=0.5000  [1.4s]
   nu  = 3.0000
  rho=2.65090 (17/20)
    fp=0.0754 tp=0.6220  [2.7s]
   nu  = 3.0000
  rho=2.34834 (18/20)
    fp=0.2118 tp=0.7683  [26.6s]
   nu  = 3.0000
  rho=2.08032 (19/20)
    fp=0.2798 tp=0.8171  [58.0s]
   nu  = 3.0000
  rho=1.84289 (20/20)
    fp=0.3118 tp=0.8293  [20.4s]
   nu  = 3.0000
  FPR 0.3118 >= fp_end=0.3; stopping after 20 fits
  pilot fit of run_tstar_varlasso at rho=0.30349
  -> rho_max = max|S_ij| (off-diag) = 0.73159
  rho grid: [0.7315921  0.64809314 0.57412419 0.50859756 0.45054969 0.399127
 0.35357336 0.3132189  0.27747022 0.24580165 0.21774752 0.1928953
 0.17087954 0.15137651 0.13409942 0.11879422 0.10523586 0.09322495
 0.08258489 0.07315921]
Running run_tstar_varlasso over 20 rho values, extending until FPR >= 0.3...
  rho=0.73159 (1/20)
    fp=0.0002 tp=0.0000  [0.3s]
   nu  = 3.0000
  rho=0.64809 (2/20)
    fp=0.0004 tp=0.0244  [0.2s]
   nu  = 3.0000
  rho=0.57412 (3/20)
    fp=0.0016 tp=0.0244  [0.3s]
   nu  = 3.0000
  rho=0.50860 (4/20)
    fp=0.0035 tp=0.0488  [0.2s]
   nu  = 3.0000
  rho=0.45055 (5/20)
    fp=0.0072 tp=0.1220  [0.3s]
   nu  = 3.0000
  rho=0.39913 (6/20)
    fp=0.0123 tp=0.2317  [0.4s]
   nu  = 3.0000
  rho=0.35357 (7/20)
    fp=0.0181 tp=0.2683  [0.4s]
   nu  = 3.0000
  rho=0.31322 (8/20)
    fp=0.0269 tp=0.3293  [0.3s]
   nu  = 3.0000
  rho=0.27747 (9/20)
    fp=0.0392 tp=0.3780  [0.3s]
   nu  = 3.0000
  rho=0.24580 (10/20)
    fp=0.0516 tp=0.4634  [0.5s]
   nu  = 3.0000
  rho=0.21775 (11/20)
    fp=0.0700 tp=0.5122  [0.4s]
   nu  = 3.0000
  rho=0.19290 (12/20)
    fp=0.0920 tp=0.5610  [0.4s]
   nu  = 3.0000
  rho=0.17088 (13/20)
    fp=0.1132 tp=0.6463  [0.4s]
   nu  = 3.0000
  rho=0.15138 (14/20)
    fp=0.1356 tp=0.6951  [0.3s]
   nu  = 3.0000
  rho=0.13410 (15/20)
    fp=0.1547 tp=0.7317  [0.3s]
   nu  = 3.0000
  rho=0.11879 (16/20)
    fp=0.1748 tp=0.7683  [0.4s]
   nu  = 3.0000
  rho=0.10524 (17/20)
    fp=0.1958 tp=0.7805  [0.4s]
   nu  = 3.0000
  rho=0.09322 (18/20)
    fp=0.2149 tp=0.8049  [0.4s]
   nu  = 3.0000
  rho=0.08258 (19/20)
    fp=0.2340 tp=0.8415  [0.4s]
   nu  = 3.0000
  rho=0.07316 (20/20)
    fp=0.2537 tp=0.8537  [0.4s]
   nu  = 3.0000
  rho=0.06481 (21/21)  [extra 1/50]
    fp=0.2765 tp=0.8537  [0.4s]
   nu  = 3.0000
  rho=0.05741 (22/22)  [extra 2/50]
    fp=0.2987 tp=0.8659  [0.6s]
   nu  = 3.0000
  rho=0.05086 (23/23)  [extra 3/50]
    fp=0.3170 tp=0.8659  [0.6s]
   nu  = 3.0000
  FPR 0.3170 >= fp_end=0.3; stopping after 23 fits
  grid extended by 3 points down to rho=0.05086, ending at FPR 0.3170
  pilot fit of run_em_diagonal at rho=0.30349
  -> rho_max = max|S_ij| (off-diag) = 0.92746
  rho grid: [0.92745933 0.82160542 0.72783295 0.64476304 0.57117417 0.50598423
 0.44823462 0.39707617 0.35175659 0.31160948 0.27604449 0.24453865
 0.21662867 0.19190414 0.17000151 0.15059869 0.13341038 0.11818382
 0.10469512 0.09274593]
Running run_em_diagonal over 20 rho values, extending until FPR >= 0.3...
  rho=0.92746 (1/20)
    fp=0.0021 tp=0.0366  [24.3s]
   median nu  = 0.108
   median |eta| = 2.494
  rho=0.82161 (2/20)
    fp=0.0031 tp=0.0366  [58.3s]
   median nu  = 0.131
   median |eta| = 2.137
  rho=0.72783 (3/20)
    fp=0.0066 tp=0.0732  [81.5s]
   median nu  = 0.17
   median |eta| = 1.901
  rho=0.64476 (4/20)
    fp=0.0111 tp=0.1585  [78.7s]
   median nu  = 0.208
   median |eta| = 1.672
  rho=0.57117 (5/20)
    fp=0.0179 tp=0.1829  [81.1s]
   median nu  = 0.249
   median |eta| = 1.49
  rho=0.50598 (6/20)
    fp=0.0255 tp=0.2073  [54.7s]
   median nu  = 0.293
   median |eta| = 1.311
  rho=0.44823 (7/20)
    fp=0.0359 tp=0.2805  [85.3s]
   median nu  = 0.327
   median |eta| = 1.174
  rho=0.39708 (8/20)
    fp=0.0458 tp=0.3415  [74.2s]
   median nu  = 0.374
   median |eta| = 1.018
  rho=0.35176 (9/20)
    fp=0.0588 tp=0.4146  [26.0s]
   median nu  = 0.415
   median |eta| = 0.802
  rho=0.31161 (10/20)
    fp=0.0727 tp=0.4634  [56.3s]
   median nu  = 0.457
   median |eta| = 0.671
  rho=0.27604 (11/20)
    fp=0.0865 tp=0.5366  [108.1s]
   median nu  = 0.516
   median |eta| = 0.552
  rho=0.24454 (12/20)
    fp=0.1009 tp=0.5854  [38.6s]
   median nu  = 0.576
   median |eta| = 0.438
  rho=0.21663 (13/20)
    fp=0.1169 tp=0.6098  [70.8s]
   median nu  = 0.654
   median |eta| = 0.335
  rho=0.19190 (14/20)
    fp=0.1309 tp=0.6707  [114.4s]
   median nu  = 0.738
   median |eta| = 0.259
  rho=0.17000 (15/20)
    fp=0.1419 tp=0.7195  [84.7s]
   median nu  = 0.821
   median |eta| = 0.217
  rho=0.15060 (16/20)
    fp=0.1565 tp=0.7317  [93.4s]
   median nu  = 0.887
   median |eta| = 0.167
  rho=0.13341 (17/20)
    fp=0.1709 tp=0.7561  [92.7s]
   median nu  = 0.955
   median |eta| = 0.132
  rho=0.11818 (18/20)
    fp=0.1826 tp=0.7683  [89.7s]
   median nu  = 1.063
   median |eta| = 0.097
  rho=0.10470 (19/20)
    fp=0.1962 tp=0.7683  [84.4s]
   median nu  = 1.14
   median |eta| = 0.077
  rho=0.09275 (20/20)
    fp=0.2097 tp=0.8049  [24.5s]
   median nu  = 1.203
   median |eta| = 0.062
  rho=0.08216 (21/21)  [extra 1/50]
    fp=0.2249 tp=0.8171  [26.9s]
   median nu  = 1.281
   median |eta| = 0.046
  rho=0.07278 (22/22)  [extra 2/50]
    fp=0.2389 tp=0.8171  [22.7s]
   median nu  = 1.406
   median |eta| = 0.037
  rho=0.06448 (23/23)  [extra 3/50]
    fp=0.2529 tp=0.8171  [19.5s]
   median nu  = 1.537
   median |eta| = 0.03
  rho=0.05712 (24/24)  [extra 4/50]
    fp=0.2662 tp=0.8415  [19.2s]
   median nu  = 1.662
   median |eta| = 0.024
  rho=0.05060 (25/25)  [extra 5/50]
    fp=0.2792 tp=0.8415  [19.1s]
   median nu  = 1.78
   median |eta| = 0.02
  rho=0.04482 (26/26)  [extra 6/50]
    fp=0.2901 tp=0.8780  [22.2s]
   median nu  = 1.904
   median |eta| = 0.016
  rho=0.03971 (27/27)  [extra 7/50]
    fp=0.3018 tp=0.8780  [25.4s]
   median nu  = 2.028
   median |eta| = 0.013
  FPR 0.3018 >= fp_end=0.3; stopping after 27 fits
  grid extended by 7 points down to rho=0.03971, ending at FPR 0.3018
  pilot fit of run_em_exact at rho=0.30349
  -> rho_max = max|S_ij| (off-diag) = 0.92403
  rho grid: [0.92402638 0.81856428 0.72513891 0.64237648 0.56905999 0.50411135
 0.4465755  0.39560641 0.35045458 0.31045607 0.27502272 0.2436335
 0.21582682 0.19119382 0.16937225 0.15004125 0.13291656 0.11774637
 0.1043076  0.09240264]
Running run_em_exact over 20 rho values, extending until FPR >= 0.3...
  rho=0.92403 (1/20)
    fp=0.0021 tp=0.0366  [83.5s]
   median nu  = 0.109
   median |eta| = 2.482
  rho=0.81856 (2/20)
    fp=0.0031 tp=0.0366  [90.4s]
   median nu  = 0.132
   median |eta| = 2.133
  rho=0.72514 (3/20)
    fp=0.0070 tp=0.0732  [86.6s]
   median nu  = 0.171
   median |eta| = 1.893
  rho=0.64238 (4/20)
    fp=0.0115 tp=0.1585  [80.5s]
   median nu  = 0.208
   median |eta| = 1.623
  rho=0.56906 (5/20)
    fp=0.0185 tp=0.1829  [81.3s]
   median nu  = 0.259
   median |eta| = 1.321
  rho=0.50411 (6/20)
    fp=0.0261 tp=0.2073  [78.7s]
   median nu  = 0.294
   median |eta| = 1.098
  rho=0.44658 (7/20)
    fp=0.0359 tp=0.2805  [80.4s]
   median nu  = 0.328
   median |eta| = 0.896
  rho=0.39561 (8/20)
    fp=0.0464 tp=0.3659  [77.1s]
   median nu  = 0.384
   median |eta| = 0.635
  rho=0.35045 (9/20)
    fp=0.0590 tp=0.4268  [55.9s]
   median nu  = 0.449
   median |eta| = 0.52
  rho=0.31046 (10/20)
    fp=0.0740 tp=0.4756  [31.0s]
   median nu  = 0.517
   median |eta| = 0.415
  rho=0.27502 (11/20)
    fp=0.0892 tp=0.5732  [26.6s]
   median nu  = 0.584
   median |eta| = 0.302
  rho=0.24363 (12/20)
    fp=0.1025 tp=0.6098  [24.8s]
   median nu  = 0.672
   median |eta| = 0.216
  rho=0.21583 (13/20)
    fp=0.1175 tp=0.6220  [25.1s]
   median nu  = 0.752
   median |eta| = 0.154
  rho=0.19119 (14/20)
    fp=0.1292 tp=0.6951  [26.0s]
   median nu  = 0.82
   median |eta| = 0.109
  rho=0.16937 (15/20)
    fp=0.1422 tp=0.7195  [24.1s]
   median nu  = 0.899
   median |eta| = 0.084
  rho=0.15004 (16/20)
    fp=0.1574 tp=0.7439  [26.2s]
   median nu  = 0.982
   median |eta| = 0.066
  rho=0.13292 (17/20)
    fp=0.1719 tp=0.7683  [45.0s]
   median nu  = 1.083
   median |eta| = 0.048
  rho=0.11775 (18/20)
    fp=0.1843 tp=0.7683  [83.3s]
   median nu  = 1.187
   median |eta| = 0.037
  rho=0.10431 (19/20)
    fp=0.1962 tp=0.7805  [69.9s]
   median nu  = 1.288
   median |eta| = 0.027
  rho=0.09240 (20/20)
    fp=0.2089 tp=0.8171  [61.6s]
   median nu  = 1.391
   median |eta| = 0.021
  rho=0.08186 (21/21)  [extra 1/50]
    fp=0.2212 tp=0.8293  [52.1s]
   median nu  = 1.518
   median |eta| = 0.015
  rho=0.07251 (22/22)  [extra 2/50]
    fp=0.2379 tp=0.8537  [47.4s]
   median nu  = 1.638
   median |eta| = 0.012
  rho=0.06424 (23/23)  [extra 3/50]
    fp=0.2500 tp=0.8659  [52.0s]
   median nu  = 1.743
   median |eta| = 0.01
  rho=0.05691 (24/24)  [extra 4/50]
    fp=0.2646 tp=0.8659  [54.0s]
   median nu  = 1.87
   median |eta| = 0.007
  rho=0.05041 (25/25)  [extra 5/50]
    fp=0.2775 tp=0.8659  [51.5s]
   median nu  = 1.984
   median |eta| = 0.005
  rho=0.04466 (26/26)  [extra 6/50]
    fp=0.2905 tp=0.8780  [40.7s]
   median nu  = 2.102
   median |eta| = 0.005
  rho=0.03956 (27/27)  [extra 7/50]
    fp=0.3038 tp=0.8780  [31.0s]
   median nu  = 2.23
   median |eta| = 0.004
  FPR 0.3038 >= fp_end=0.3; stopping after 27 fits
  grid extended by 7 points down to rho=0.03956, ending at FPR 0.3038
  graphical_lasso rho_max = max|S_ij| (off-diag) = 3.73169
  rho grid: [3.73169442 3.30578416 2.9284844  2.59424708 2.29815733 2.03586126
 1.80350188 1.59766242 1.41531608 1.25378152 1.11068341 0.98391755
 0.87161988 0.7721391  0.68401239 0.60594386 0.53678554 0.47552049
 0.42124781 0.37316944]
Running graphical_lasso over 20 rho values, extending until FPR >= 0.3...
  rho=3.73169 (1/20)
    fp=0.0000 tp=0.0000  [0.1s]
  rho=3.30578 (2/20)
    fp=0.0004 tp=0.0122  [0.2s]
  rho=2.92848 (3/20)
    fp=0.0008 tp=0.0122  [136.8s]
  rho=2.59425 (4/20)
    fp=0.0018 tp=0.0122  [125.3s]
  rho=2.29816 (5/20)
    fp=0.0027 tp=0.0122  [0.1s]
  rho=2.03586 (6/20)
    fp=0.0039 tp=0.0122  [0.1s]
  rho=1.80350 (7/20)
    fp=0.0051 tp=0.0244  [32.8s]
  rho=1.59766 (8/20)
    fp=0.0064 tp=0.0366  [0.2s]
  rho=1.41532 (9/20)
    fp=0.0107 tp=0.0610  [35.3s]
  rho=1.25378 (10/20)
    fp=0.0175 tp=0.0854  [0.1s]
  rho=1.11068 (11/20)
    fp=0.0230 tp=0.1220  [0.1s]
  rho=0.98392 (12/20)
    fp=0.0310 tp=0.1463  [0.4s]
  rho=0.87162 (13/20)
    fp=0.0415 tp=0.2073  [22.0s]
  rho=0.77214 (14/20)
    fp=0.0553 tp=0.2805  [22.5s]
  rho=0.68401 (15/20)
    fp=0.0684 tp=0.3537  [21.3s]
  rho=0.60594 (16/20)
    fp=0.0857 tp=0.4024  [9.0s]
  rho=0.53679 (17/20)
    fp=0.1035 tp=0.4268  [27.0s]
  rho=0.47552 (18/20)
    fp=0.1212 tp=0.4512  [28.2s]
  rho=0.42125 (19/20)
    fp=0.1426 tp=0.5000  [5.3s]
  rho=0.37317 (20/20)
    fp=0.1580 tp=0.5488  [0.2s]
  rho=0.33058 (21/21)  [extra 1/50]
    fp=0.1738 tp=0.6220  [0.7s]
  rho=0.29285 (22/22)  [extra 2/50]
    fp=0.1923 tp=0.6585  [1.0s]
  rho=0.25942 (23/23)  [extra 3/50]
    fp=0.2145 tp=0.6707  [20.2s]
  rho=0.22982 (24/24)  [extra 4/50]
    fp=0.2348 tp=0.6951  [8.5s]
  rho=0.20359 (25/25)  [extra 5/50]
    fp=0.2535 tp=0.7439  [4.2s]
  rho=0.18035 (26/26)  [extra 6/50]
    fp=0.2771 tp=0.7561  [18.9s]
  rho=0.15977 (27/27)  [extra 7/50]
    fp=0.3005 tp=0.7927  [1.8s]
  FPR 0.3005 >= fp_end=0.3; stopping after 27 fits
  [note] 5/27 fits hit a glasso ConvergenceWarning (suppressed)
  grid extended by 7 points down to rho=0.15977, ending at FPR 0.3005
  [warn] mean_roc averages out to FPR 0.300 but the shortest replicate only reached 0.011; its TPR is held flat above that
  [warn] mean_roc averages out to FPR 0.300 but the shortest replicate only reached 0.229; its TPR is held flat above that

(p=100, n=50) over 11 replicates
  t+lasso  (run_em_diagonal):    AUC = 0.193 (SE 0.005)
  ~t+lasso (run_em_exact):       AUC = 0.195 (SE 0.005)
  tlasso   (run_tlasso):         AUC = 0.195 (SE 0.005)
  t*lasso  (run_tstar_varlasso): AUC = 0.191 (SE 0.006)
  glasso   (graphical_lasso):    AUC = 0.139 (SE 0.014)
Replicate 12/50
  Theta: 92/4950 edges
  pilot fit of run_tlasso at rho=30.34854
  -> rho_max = max|S_ij| (off-diag) = 18.60673
  [warn] pilot rho 30.34854 > rho_max 18.60673: it falls off the top of this method's grid
  rho grid: [18.60673142 16.48308544 14.601818   12.93526564 11.45892226 10.15107868
  8.99250349  7.96616021  7.05695677  6.25152365  5.53801719  4.90594551
  4.3460142   3.84998965  3.41057798  3.02131777  2.67648507  2.37100924
  2.10039835  1.86067314]
Running run_tlasso over 20 rho values, extending until FPR >= 0.3...
  rho=18.60673 (1/20)
    fp=0.0000 tp=0.0000  [0.4s]
   nu  = 3.0000
  rho=16.48309 (2/20)
    fp=0.0000 tp=0.0000  [0.2s]
   nu  = 3.0000
  rho=14.60182 (3/20)
    fp=0.0000 tp=0.0000  [0.2s]
   nu  = 3.0000
  rho=12.93527 (4/20)
    fp=0.0000 tp=0.0109  [0.6s]
   nu  = 3.0000
  rho=11.45892 (5/20)
    fp=0.0000 tp=0.0217  [0.5s]
   nu  = 3.0000
  rho=10.15108 (6/20)
    fp=0.0002 tp=0.0435  [0.6s]
   nu  = 3.0000
  rho=8.99250 (7/20)
    fp=0.0008 tp=0.0543  [0.6s]
   nu  = 3.0000
  rho=7.96616 (8/20)
    fp=0.0016 tp=0.0652  [0.6s]
   nu  = 3.0000
  rho=7.05696 (9/20)
    fp=0.0027 tp=0.1087  [0.7s]
   nu  = 3.0000
  rho=6.25152 (10/20)
    fp=0.0043 tp=0.1630  [0.5s]
   nu  = 3.0000
  rho=5.53802 (11/20)
    fp=0.0072 tp=0.1739  [0.4s]
   nu  = 3.0000
  rho=4.90595 (12/20)
    fp=0.0105 tp=0.2283  [0.5s]
   nu  = 3.0000
  rho=4.34601 (13/20)
    fp=0.0152 tp=0.2826  [0.5s]
   nu  = 3.0000
  rho=3.84999 (14/20)
    fp=0.0280 tp=0.3152  [0.6s]
   nu  = 3.0000
  rho=3.41058 (15/20)
    fp=0.0441 tp=0.4457  [0.2s]
   nu  = 3.0000
  rho=3.02132 (16/20)
    fp=0.0688 tp=0.5435  [1.3s]
   nu  = 3.0000
  rho=2.67649 (17/20)
    fp=0.1124 tp=0.6413  [2.1s]
   nu  = 3.0000
  rho=2.37101 (18/20)
    fp=0.2456 tp=0.7609  [146.9s]
   nu  = 3.0000
  rho=2.10040 (19/20)
    fp=0.2802 tp=0.8043  [559.3s]
   nu  = 3.0000
  rho=1.86067 (20/20)
    fp=0.3131 tp=0.8370  [37.1s]
   nu  = 3.0000
  FPR 0.3131 >= fp_end=0.3; stopping after 20 fits
  [note] 3/20 fits hit a glasso ConvergenceWarning (suppressed)
  pilot fit of run_tstar_varlasso at rho=0.30349
  -> rho_max = max|S_ij| (off-diag) = 0.62711
  rho grid: [0.62711139 0.55553716 0.49213192 0.43596332 0.38620543 0.34212656
 0.30307856 0.26848723 0.23784392 0.21069803 0.18665039 0.16534738
 0.14647575 0.12975801 0.11494831 0.10182889 0.09020683 0.07991124
 0.07079071 0.06271114]
Running run_tstar_varlasso over 20 rho values, extending until FPR >= 0.3...
  rho=0.62711 (1/20)
    fp=0.0012 tp=0.0543  [2.0s]
   nu  = 3.0000
  rho=0.55554 (2/20)
    fp=0.0023 tp=0.0978  [1.5s]
   nu  = 3.0000
  rho=0.49213 (3/20)
    fp=0.0037 tp=0.1304  [1.6s]
   nu  = 3.0000
  rho=0.43596 (4/20)
    fp=0.0070 tp=0.1630  [2.0s]
   nu  = 3.0000
  rho=0.38621 (5/20)
    fp=0.0132 tp=0.2174  [2.4s]
   nu  = 3.0000
  rho=0.34213 (6/20)
    fp=0.0228 tp=0.2826  [1.9s]
   nu  = 3.0000
  rho=0.30308 (7/20)
    fp=0.0327 tp=0.3370  [2.0s]
   nu  = 3.0000
  rho=0.26849 (8/20)
    fp=0.0463 tp=0.4239  [2.0s]
   nu  = 3.0000
  rho=0.23784 (9/20)
    fp=0.0673 tp=0.4891  [1.9s]
   nu  = 3.0000
  rho=0.21070 (10/20)
    fp=0.0856 tp=0.5217  [2.7s]
   nu  = 3.0000
  rho=0.18665 (11/20)
    fp=0.1077 tp=0.6087  [2.8s]
   nu  = 3.0000
  rho=0.16535 (12/20)
    fp=0.1289 tp=0.6087  [2.8s]
   nu  = 3.0000
  rho=0.14648 (13/20)
    fp=0.1540 tp=0.6739  [2.1s]
   nu  = 3.0000
  rho=0.12976 (14/20)
    fp=0.1744 tp=0.6848  [2.2s]
   nu  = 3.0000
  rho=0.11495 (15/20)
    fp=0.1962 tp=0.7174  [2.6s]
   nu  = 3.0000
  rho=0.10183 (16/20)
    fp=0.2184 tp=0.7391  [2.7s]
   nu  = 3.0000
  rho=0.09021 (17/20)
    fp=0.2396 tp=0.7500  [3.3s]
   nu  = 3.0000
  rho=0.07991 (18/20)
    fp=0.2579 tp=0.7826  [3.9s]
   nu  = 3.0000
  rho=0.07079 (19/20)
    fp=0.2818 tp=0.8043  [3.8s]
   nu  = 3.0000
  rho=0.06271 (20/20)
    fp=0.3032 tp=0.8370  [3.7s]
   nu  = 3.0000
  FPR 0.3032 >= fp_end=0.3; stopping after 20 fits
  pilot fit of run_em_diagonal at rho=0.30349
  -> rho_max = max|S_ij| (off-diag) = 0.74253
  rho grid: [0.74253271 0.65778507 0.58270995 0.51620339 0.45728744 0.40509576
 0.35886088 0.31790293 0.28161965 0.2494775  0.22100383 0.19577995
 0.17343496 0.15364027 0.13610481 0.12057073 0.10680961 0.09461909
 0.08381991 0.07425327]
Running run_em_diagonal over 20 rho values, extending until FPR >= 0.3...
  rho=0.74253 (1/20)
    fp=0.0027 tp=0.0870  [27.4s]
   median nu  = 0.405
   median |eta| = 1.014
  rho=0.65779 (2/20)
    fp=0.0047 tp=0.0870  [53.9s]
   median nu  = 0.428
   median |eta| = 0.91
  rho=0.58271 (3/20)
    fp=0.0076 tp=0.1196  [98.3s]
   median nu  = 0.454
   median |eta| = 0.824
  rho=0.51620 (4/20)
    fp=0.0124 tp=0.2391  [69.1s]
   median nu  = 0.497
   median |eta| = 0.711
  rho=0.45729 (5/20)
    fp=0.0183 tp=0.2500  [79.5s]
   median nu  = 0.532
   median |eta| = 0.619
  rho=0.40510 (6/20)
    fp=0.0294 tp=0.3043  [81.2s]
   median nu  = 0.575
   median |eta| = 0.543
  rho=0.35886 (7/20)
    fp=0.0403 tp=0.3913  [80.7s]
   median nu  = 0.638
   median |eta| = 0.494
  rho=0.31790 (8/20)
    fp=0.0539 tp=0.4457  [75.6s]
   median nu  = 0.699
   median |eta| = 0.435
  rho=0.28162 (9/20)
    fp=0.0692 tp=0.4674  [86.1s]
   median nu  = 0.748
   median |eta| = 0.345
  rho=0.24948 (10/20)
    fp=0.0862 tp=0.4891  [35.5s]
   median nu  = 0.804
   median |eta| = 0.291
  rho=0.22100 (11/20)
    fp=0.1011 tp=0.5870  [28.6s]
   median nu  = 0.831
   median |eta| = 0.231
  rho=0.19578 (12/20)
    fp=0.1177 tp=0.6304  [24.9s]
   median nu  = 0.876
   median |eta| = 0.181
  rho=0.17343 (13/20)
    fp=0.1315 tp=0.6522  [20.1s]
   median nu  = 0.94
   median |eta| = 0.153
  rho=0.15364 (14/20)
    fp=0.1503 tp=0.6848  [22.8s]
   median nu  = 1.017
   median |eta| = 0.127
  rho=0.13610 (15/20)
    fp=0.1653 tp=0.7283  [20.2s]
   median nu  = 1.114
   median |eta| = 0.107
  rho=0.12057 (16/20)
    fp=0.1783 tp=0.7500  [17.5s]
   median nu  = 1.196
   median |eta| = 0.085
  rho=0.10681 (17/20)
    fp=0.1927 tp=0.7500  [17.2s]
   median nu  = 1.285
   median |eta| = 0.066
  rho=0.09462 (18/20)
    fp=0.2089 tp=0.7717  [40.9s]
   median nu  = 1.393
   median |eta| = 0.052
  rho=0.08382 (19/20)
    fp=0.2240 tp=0.7826  [73.7s]
   median nu  = 1.505
   median |eta| = 0.04
  rho=0.07425 (20/20)
    fp=0.2375 tp=0.8043  [96.3s]
   median nu  = 1.606
   median |eta| = 0.03
  rho=0.06578 (21/21)  [extra 1/50]
    fp=0.2526 tp=0.8152  [92.5s]
   median nu  = 1.715
   median |eta| = 0.023
  rho=0.05827 (22/22)  [extra 2/50]
    fp=0.2660 tp=0.8152  [84.5s]
   median nu  = 1.82
   median |eta| = 0.018
  rho=0.05162 (23/23)  [extra 3/50]
    fp=0.2802 tp=0.8043  [85.4s]
   median nu  = 1.918
   median |eta| = 0.015
  rho=0.04573 (24/24)  [extra 4/50]
    fp=0.2952 tp=0.8152  [78.3s]
   median nu  = 2.029
   median |eta| = 0.011
  rho=0.04051 (25/25)  [extra 5/50]
    fp=0.3098 tp=0.8261  [86.8s]
   median nu  = 2.123
   median |eta| = 0.01
  FPR 0.3098 >= fp_end=0.3; stopping after 25 fits
  grid extended by 5 points down to rho=0.04051, ending at FPR 0.3098
  pilot fit of run_em_exact at rho=0.30349
  -> rho_max = max|S_ij| (off-diag) = 0.81890
  rho grid: [0.81890462 0.7254404  0.64264356 0.56929659 0.50432094 0.44676117
 0.39577089 0.35060029 0.31058515 0.27513707 0.24373479 0.21591656
 0.19127331 0.16944267 0.15010364 0.13297183 0.11779533 0.10435097
 0.09244106 0.08189046]
Running run_em_exact over 20 rho values, extending until FPR >= 0.3...
  rho=0.81890 (1/20)
    fp=0.0014 tp=0.0652  [41.8s]
   median nu  = 0.385
   median |eta| = 1.058
  rho=0.72544 (2/20)
    fp=0.0029 tp=0.0870  [22.9s]
   median nu  = 0.409
   median |eta| = 0.957
  rho=0.64264 (3/20)
    fp=0.0051 tp=0.0870  [25.4s]
   median nu  = 0.432
   median |eta| = 0.833
  rho=0.56930 (4/20)
    fp=0.0082 tp=0.1304  [21.4s]
   median nu  = 0.467
   median |eta| = 0.705
  rho=0.50432 (5/20)
    fp=0.0138 tp=0.2391  [24.8s]
   median nu  = 0.529
   median |eta| = 0.583
  rho=0.44676 (6/20)
    fp=0.0200 tp=0.2717  [23.5s]
   median nu  = 0.596
   median |eta| = 0.483
  rho=0.39577 (7/20)
    fp=0.0315 tp=0.3261  [20.8s]
   median nu  = 0.656
   median |eta| = 0.371
  rho=0.35060 (8/20)
    fp=0.0447 tp=0.4022  [21.7s]
   median nu  = 0.703
   median |eta| = 0.314
  rho=0.31059 (9/20)
    fp=0.0593 tp=0.4565  [22.3s]
   median nu  = 0.754
   median |eta| = 0.253
  rho=0.27514 (10/20)
    fp=0.0751 tp=0.4783  [37.5s]
   median nu  = 0.806
   median |eta| = 0.203
  rho=0.24373 (11/20)
    fp=0.0897 tp=0.5326  [86.3s]
   median nu  = 0.875
   median |eta| = 0.138
  rho=0.21592 (12/20)
    fp=0.1054 tp=0.5870  [86.6s]
   median nu  = 0.957
   median |eta| = 0.105
  rho=0.19127 (13/20)
    fp=0.1208 tp=0.6522  [85.8s]
   median nu  = 1.044
   median |eta| = 0.076
  rho=0.16944 (14/20)
    fp=0.1394 tp=0.6739  [84.6s]
   median nu  = 1.125
   median |eta| = 0.049
  rho=0.15010 (15/20)
    fp=0.1548 tp=0.6848  [84.9s]
   median nu  = 1.208
   median |eta| = 0.033
  rho=0.13297 (16/20)
    fp=0.1680 tp=0.7065  [79.8s]
   median nu  = 1.291
   median |eta| = 0.024
  rho=0.11780 (17/20)
    fp=0.1834 tp=0.7174  [71.9s]
   median nu  = 1.38
   median |eta| = 0.02
  rho=0.10435 (18/20)
    fp=0.1995 tp=0.7391  [52.2s]
   median nu  = 1.473
   median |eta| = 0.014
  rho=0.09244 (19/20)
    fp=0.2163 tp=0.7500  [37.6s]
   median nu  = 1.566
   median |eta| = 0.01
  rho=0.08189 (20/20)
    fp=0.2293 tp=0.7935  [32.8s]
   median nu  = 1.664
   median |eta| = 0.008
  rho=0.07254 (21/21)  [extra 1/50]
    fp=0.2433 tp=0.8043  [29.8s]
   median nu  = 1.746
   median |eta| = 0.006
  rho=0.06426 (22/22)  [extra 2/50]
    fp=0.2575 tp=0.8152  [24.8s]
   median nu  = 1.859
   median |eta| = 0.004
  rho=0.05693 (23/23)  [extra 3/50]
    fp=0.2709 tp=0.8152  [22.6s]
   median nu  = 1.992
   median |eta| = 0.004
  rho=0.05043 (24/24)  [extra 4/50]
    fp=0.2834 tp=0.8370  [22.8s]
   median nu  = 2.131
   median |eta| = 0.003
  rho=0.04468 (25/25)  [extra 5/50]
    fp=0.2954 tp=0.8587  [14.4s]
   median nu  = 2.237
   median |eta| = 0.002
  rho=0.03958 (26/26)  [extra 6/50]
    fp=0.3108 tp=0.8587  [9.1s]
   median nu  = 2.322
   median |eta| = 0.002
  FPR 0.3108 >= fp_end=0.3; stopping after 26 fits
  grid extended by 6 points down to rho=0.03958, ending at FPR 0.3108
  graphical_lasso rho_max = max|S_ij| (off-diag) = 8.95177
  rho grid: [8.95177485 7.93008005 7.02499456 6.22320939 5.51293452 4.88372561
 4.32633033 3.83255237 3.39513086 3.00763368 2.6643628  2.36027052
 2.09088527 1.85224582 1.64084306 1.45356838 1.28766795 1.14070228
 1.01051026 0.89517748]
Running graphical_lasso over 20 rho values, extending until FPR >= 0.3...
  rho=8.95177 (1/20)
    fp=0.0000 tp=0.0000  [0.1s]
  rho=7.93008 (2/20)
    fp=0.0006 tp=0.0000  [0.1s]
  rho=7.02499 (3/20)
    fp=0.0012 tp=0.0000  [47.1s]
  rho=6.22321 (4/20)
    fp=0.0027 tp=0.0000  [36.8s]
  rho=5.51293 (5/20)
    fp=0.0056 tp=0.0000  [31.3s]
  rho=4.88373 (6/20)
    fp=0.0084 tp=0.0326  [34.5s]
  rho=4.32633 (7/20)
    fp=0.0124 tp=0.0435  [0.2s]
  rho=3.83255 (8/20)
    fp=0.0150 tp=0.0652  [35.5s]
  rho=3.39513 (9/20)
    fp=0.0196 tp=0.0652  [2.1s]
  rho=3.00763 (10/20)
    fp=0.0243 tp=0.0761  [1.8s]
  rho=2.66436 (11/20)
    fp=0.0294 tp=0.0870  [0.5s]
  rho=2.36027 (12/20)
    fp=0.0385 tp=0.0978  [4.6s]
  rho=2.09089 (13/20)
    fp=0.0438 tp=0.1304  [3.5s]
  rho=1.85225 (14/20)
    fp=0.0515 tp=0.1522  [0.4s]
  rho=1.64084 (15/20)
    fp=0.0562 tp=0.1630  [28.8s]
  rho=1.45357 (16/20)
    fp=0.0611 tp=0.1739  [9.7s]
  rho=1.28767 (17/20)
    fp=0.0673 tp=0.1848  [30.6s]
  rho=1.14070 (18/20)
    fp=0.0700 tp=0.2065  [18.6s]
  rho=1.01051 (19/20)
    fp=0.0770 tp=0.2174  [38.9s]
  rho=0.89518 (20/20)
    fp=0.0848 tp=0.2391  [5.7s]
  rho=0.79301 (21/21)  [extra 1/50]
    fp=0.0918 tp=0.2609  [42.0s]
  rho=0.70250 (22/22)  [extra 2/50]
    fp=0.1005 tp=0.3152  [23.9s]
  rho=0.62232 (23/23)  [extra 3/50]
    fp=0.1099 tp=0.3587  [34.9s]
  rho=0.55129 (24/24)  [extra 4/50]
    [WARN] glasso failed: Non SPD result: the system is too ill-conditioned for this solver. The system is too ill-conditioned for this solver; reusing previous Theta
    fp=0.1099 tp=0.3587  [18.8s]
  rho=0.48837 (25/25)  [extra 5/50]
    [WARN] glasso failed: Non SPD result: the system is too ill-conditioned for this solver. The system is too ill-conditioned for this solver; reusing previous Theta
    fp=0.1099 tp=0.3587  [11.1s]
  rho=0.43263 (26/26)  [extra 6/50]
    [WARN] glasso failed: Non SPD result: the system is too ill-conditioned for this solver. The system is too ill-conditioned for this solver; reusing previous Theta
    fp=0.1099 tp=0.3587  [1.6s]
  rho=0.38326 (27/27)  [extra 7/50]
    fp=0.1628 tp=0.5652  [96.7s]
  rho=0.33951 (28/28)  [extra 8/50]
    fp=0.1803 tp=0.6413  [20.9s]
  rho=0.30076 (29/29)  [extra 9/50]
    fp=0.2044 tp=0.6739  [165.6s]
  rho=0.26644 (30/30)  [extra 10/50]
    fp=0.2240 tp=0.7174  [52.7s]
  rho=0.23603 (31/31)  [extra 11/50]
    fp=0.2396 tp=0.7500  [13.5s]
  rho=0.20909 (32/32)  [extra 12/50]
    fp=0.2581 tp=0.7717  [172.9s]
  rho=0.18522 (33/33)  [extra 13/50]
    fp=0.2789 tp=0.8152  [140.6s]
  rho=0.16408 (34/34)  [extra 14/50]
    fp=0.3030 tp=0.8152  [1.9s]
  FPR 0.3030 >= fp_end=0.3; stopping after 34 fits
  [note] 10/34 fits hit a glasso ConvergenceWarning (suppressed)
  [WARN] 3/34 points reused the previous Theta after a glasso failure; those are not estimates
  grid extended by 14 points down to rho=0.16408, ending at FPR 0.3030
  [warn] mean_roc averages out to FPR 0.300 but the shortest replicate only reached 0.011; its TPR is held flat above that
  [warn] mean_roc averages out to FPR 0.300 but the shortest replicate only reached 0.229; its TPR is held flat above that

(p=100, n=50) over 12 replicates
  t+lasso  (run_em_diagonal):    AUC = 0.193 (SE 0.005)
  ~t+lasso (run_em_exact):       AUC = 0.194 (SE 0.005)
  tlasso   (run_tlasso):         AUC = 0.194 (SE 0.005)
  t*lasso  (run_tstar_varlasso): AUC = 0.190 (SE 0.005)
  glasso   (graphical_lasso):    AUC = 0.139 (SE 0.013)
Replicate 13/50
  Theta: 82/4950 edges
  pilot fit of run_tlasso at rho=30.34854
  -> rho_max = max|S_ij| (off-diag) = 18.29582
  [warn] pilot rho 30.34854 > rho_max 18.29582: it falls off the top of this method's grid
  rho grid: [18.29582497 16.20766374 14.35783106 12.71912572 11.26745108  9.98146072
  8.84224457  7.83305082  6.93903959  6.14706473  5.4454805   4.82397034
  4.27339512  3.78565882  3.35358943  2.9708335   2.63176274  2.33139121
  2.06530205  1.8295825 ]
Running run_tlasso over 20 rho values, extending until FPR >= 0.3...
  rho=18.29582 (1/20)
    fp=0.0000 tp=0.0000  [0.2s]
   nu  = 3.0000
  rho=16.20766 (2/20)
    fp=0.0000 tp=0.0000  [0.3s]
   nu  = 3.0000
  rho=14.35783 (3/20)
    fp=0.0000 tp=0.0000  [0.2s]
   nu  = 3.0000
  rho=12.71913 (4/20)
    fp=0.0000 tp=0.0122  [0.4s]
   nu  = 3.0000
  rho=11.26745 (5/20)
    fp=0.0000 tp=0.0122  [0.6s]
   nu  = 3.0000
  rho=9.98146 (6/20)
    fp=0.0000 tp=0.0244  [0.6s]
   nu  = 3.0000
  rho=8.84224 (7/20)
    fp=0.0002 tp=0.0610  [0.6s]
   nu  = 3.0000
  rho=7.83305 (8/20)
    fp=0.0010 tp=0.0610  [0.5s]
   nu  = 3.0000
  rho=6.93904 (9/20)
    fp=0.0021 tp=0.0732  [0.7s]
   nu  = 3.0000
  rho=6.14706 (10/20)
    fp=0.0035 tp=0.0854  [0.7s]
   nu  = 3.0000
  rho=5.44548 (11/20)
    fp=0.0066 tp=0.1098  [0.8s]
   nu  = 3.0000
  rho=4.82397 (12/20)
    fp=0.0099 tp=0.1951  [0.9s]
   nu  = 3.0000
  rho=4.27340 (13/20)
    fp=0.0150 tp=0.2927  [1.0s]
   nu  = 3.0000
  rho=3.78566 (14/20)
    fp=0.0232 tp=0.3537  [1.0s]
   nu  = 3.0000
  rho=3.35359 (15/20)
    fp=0.0359 tp=0.4146  [1.0s]
   nu  = 3.0000
  rho=2.97083 (16/20)
    fp=0.0573 tp=0.5854  [1.7s]
   nu  = 3.0000
  rho=2.63176 (17/20)
    fp=0.1054 tp=0.6341  [4.3s]
   nu  = 3.0000
  rho=2.33139 (18/20)
    fp=0.2477 tp=0.7195  [8.8s]
   nu  = 3.0000
  rho=2.06530 (19/20)
    fp=0.2962 tp=0.7561  [7.2s]
   nu  = 3.0000
  rho=1.82958 (20/20)
    fp=0.3303 tp=0.8049  [6.8s]
   nu  = 3.0000
  FPR 0.3303 >= fp_end=0.3; stopping after 20 fits
  pilot fit of run_tstar_varlasso at rho=0.30349
  -> rho_max = max|S_ij| (off-diag) = 0.59564
  rho grid: [0.5956394  0.52765716 0.46743395 0.41408422 0.36682346 0.32495672
 0.28786836 0.25501302 0.22590757 0.20012401 0.17728322 0.15704931
 0.13912477 0.12324602 0.10917955 0.09671854 0.08567974 0.07590084
 0.06723803 0.05956394]
Running run_tstar_varlasso over 20 rho values, extending until FPR >= 0.3...
  rho=0.59564 (1/20)
    fp=0.0014 tp=0.0366  [0.4s]
   nu  = 3.0000
  rho=0.52766 (2/20)
    fp=0.0018 tp=0.0610  [0.2s]
   nu  = 3.0000
  rho=0.46743 (3/20)
    fp=0.0058 tp=0.0976  [0.3s]
   nu  = 3.0000
  rho=0.41408 (4/20)
    fp=0.0111 tp=0.1341  [0.3s]
   nu  = 3.0000
  rho=0.36682 (5/20)
    fp=0.0166 tp=0.1829  [0.3s]
   nu  = 3.0000
  rho=0.32496 (6/20)
    fp=0.0244 tp=0.2683  [0.3s]
   nu  = 3.0000
  rho=0.28787 (7/20)
    fp=0.0362 tp=0.3659  [0.3s]
   nu  = 3.0000
  rho=0.25501 (8/20)
    fp=0.0522 tp=0.4390  [0.3s]
   nu  = 3.0000
  rho=0.22591 (9/20)
    fp=0.0657 tp=0.4878  [0.3s]
   nu  = 3.0000
  rho=0.20012 (10/20)
    fp=0.0848 tp=0.5610  [0.3s]
   nu  = 3.0000
  rho=0.17728 (11/20)
    fp=0.1060 tp=0.6098  [0.3s]
   nu  = 3.0000
  rho=0.15705 (12/20)
    fp=0.1261 tp=0.6098  [0.4s]
   nu  = 3.0000
  rho=0.13912 (13/20)
    fp=0.1465 tp=0.6463  [0.3s]
   nu  = 3.0000
  rho=0.12325 (14/20)
    fp=0.1687 tp=0.7317  [0.4s]
   nu  = 3.0000
  rho=0.10918 (15/20)
    fp=0.1939 tp=0.7561  [0.5s]
   nu  = 3.0000
  rho=0.09672 (16/20)
    fp=0.2145 tp=0.7805  [0.4s]
   nu  = 3.0000
  rho=0.08568 (17/20)
    fp=0.2364 tp=0.7805  [0.4s]
   nu  = 3.0000
  rho=0.07590 (18/20)
    fp=0.2568 tp=0.8171  [0.5s]
   nu  = 3.0000
  rho=0.06724 (19/20)
    fp=0.2818 tp=0.8293  [0.5s]
   nu  = 3.0000
  rho=0.05956 (20/20)
    fp=0.3077 tp=0.8415  [0.5s]
   nu  = 3.0000
  FPR 0.3077 >= fp_end=0.3; stopping after 20 fits
  pilot fit of run_em_diagonal at rho=0.30349
  -> rho_max = max|S_ij| (off-diag) = 0.70588
  rho grid: [0.70587559 0.62531175 0.55394291 0.49071963 0.43471222 0.38509712
 0.34114475 0.3022088  0.26771674 0.23716137 0.21009338 0.18611475
 0.16487288 0.14605541 0.12938563 0.11461844 0.10153667 0.08994796
 0.07968191 0.07058756]
Running run_em_diagonal over 20 rho values, extending until FPR >= 0.3...
  rho=0.70588 (1/20)
    fp=0.0070 tp=0.0732  [28.9s]
   median nu  = 0.236
   median |eta| = 1.627
  rho=0.62531 (2/20)
    fp=0.0107 tp=0.1098  [25.7s]
   median nu  = 0.263
   median |eta| = 1.45
  rho=0.55394 (3/20)
    fp=0.0152 tp=0.1463  [24.8s]
   median nu  = 0.293
   median |eta| = 1.146
  rho=0.49072 (4/20)
    fp=0.0203 tp=0.1951  [24.9s]
   median nu  = 0.321
   median |eta| = 0.989
  rho=0.43471 (5/20)
    fp=0.0304 tp=0.2195  [53.1s]
   median nu  = 0.36
   median |eta| = 0.921
  rho=0.38510 (6/20)
    fp=0.0372 tp=0.3049  [80.3s]
   median nu  = 0.395
   median |eta| = 0.861
  rho=0.34114 (7/20)
    fp=0.0495 tp=0.4146  [77.8s]
   median nu  = 0.441
   median |eta| = 0.804
  rho=0.30221 (8/20)
    fp=0.0633 tp=0.5122  [84.3s]
   median nu  = 0.486
   median |eta| = 0.669
  rho=0.26772 (9/20)
    fp=0.0772 tp=0.5488  [70.2s]
   median nu  = 0.52
   median |eta| = 0.548
  rho=0.23716 (10/20)
    fp=0.0922 tp=0.5854  [102.0s]
   median nu  = 0.549
   median |eta| = 0.457
  rho=0.21009 (11/20)
    fp=0.1093 tp=0.5976  [60.7s]
   median nu  = 0.582
   median |eta| = 0.39
  rho=0.18611 (12/20)
    fp=0.1243 tp=0.6220  [29.8s]
   median nu  = 0.648
   median |eta| = 0.326
  rho=0.16487 (13/20)
    fp=0.1374 tp=0.6585  [104.8s]
   median nu  = 0.721
   median |eta| = 0.26
  rho=0.14606 (14/20)
    fp=0.1532 tp=0.6951  [69.8s]
   median nu  = 0.8
   median |eta| = 0.211
  rho=0.12939 (15/20)
    fp=0.1713 tp=0.7439  [34.2s]
   median nu  = 0.873
   median |eta| = 0.16
  rho=0.11462 (16/20)
    fp=0.1888 tp=0.7683  [112.9s]
   median nu  = 0.981
   median |eta| = 0.117
  rho=0.10154 (17/20)
    fp=0.2023 tp=0.7805  [98.0s]
   median nu  = 1.078
   median |eta| = 0.091
  rho=0.08995 (18/20)
    fp=0.2188 tp=0.8049  [80.8s]
   median nu  = 1.191
   median |eta| = 0.066
  rho=0.07968 (19/20)
    fp=0.2313 tp=0.8049  [92.0s]
   median nu  = 1.271
   median |eta| = 0.051
  rho=0.07059 (20/20)
    fp=0.2469 tp=0.8171  [78.9s]
   median nu  = 1.404
   median |eta| = 0.039
  rho=0.06253 (21/21)  [extra 1/50]
    fp=0.2607 tp=0.8171  [78.1s]
   median nu  = 1.465
   median |eta| = 0.031
  rho=0.05539 (22/22)  [extra 2/50]
    fp=0.2786 tp=0.8293  [62.9s]
   median nu  = 1.598
   median |eta| = 0.024
  rho=0.04907 (23/23)  [extra 3/50]
    fp=0.2903 tp=0.8415  [29.5s]
   median nu  = 1.71
   median |eta| = 0.02
  rho=0.04347 (24/24)  [extra 4/50]
    fp=0.3038 tp=0.8293  [26.1s]
   median nu  = 1.846
   median |eta| = 0.016
  FPR 0.3038 >= fp_end=0.3; stopping after 24 fits
  grid extended by 4 points down to rho=0.04347, ending at FPR 0.3038
  pilot fit of run_em_exact at rho=0.30349
  -> rho_max = max|S_ij| (off-diag) = 0.73464
  rho grid: [0.73463535 0.65078906 0.57651242 0.5107132  0.45242387 0.40078728
 0.35504414 0.31452181 0.27862443 0.24682413 0.2186533  0.1936977
 0.17159036 0.1520062  0.13465724 0.11928838 0.10567361 0.09361275
 0.08292842 0.07346354]
Running run_em_exact over 20 rho values, extending until FPR >= 0.3...
  rho=0.73464 (1/20)
    fp=0.0066 tp=0.0610  [24.9s]
   median nu  = 0.226
   median |eta| = 1.703
  rho=0.65079 (2/20)
    fp=0.0094 tp=0.1098  [19.6s]
   median nu  = 0.256
   median |eta| = 1.411
  rho=0.57651 (3/20)
    fp=0.0140 tp=0.1341  [19.7s]
   median nu  = 0.291
   median |eta| = 1.13
  rho=0.51071 (4/20)
    fp=0.0197 tp=0.1707  [19.4s]
   median nu  = 0.328
   median |eta| = 0.961
  rho=0.45242 (5/20)
    fp=0.0283 tp=0.2195  [22.4s]
   median nu  = 0.374
   median |eta| = 0.872
  rho=0.40079 (6/20)
    fp=0.0362 tp=0.2927  [67.1s]
   median nu  = 0.424
   median |eta| = 0.699
  rho=0.35504 (7/20)
    fp=0.0466 tp=0.3902  [82.0s]
   median nu  = 0.483
   median |eta| = 0.541
  rho=0.31452 (8/20)
    fp=0.0604 tp=0.4878  [99.9s]
   median nu  = 0.549
   median |eta| = 0.408
  rho=0.27862 (9/20)
    fp=0.0754 tp=0.5366  [92.9s]
   median nu  = 0.613
   median |eta| = 0.273
  rho=0.24682 (10/20)
    fp=0.0881 tp=0.5854  [91.0s]
   median nu  = 0.69
   median |eta| = 0.189
  rho=0.21865 (11/20)
    fp=0.1056 tp=0.5976  [90.2s]
   median nu  = 0.761
   median |eta| = 0.145
  rho=0.19370 (12/20)
    fp=0.1216 tp=0.5976  [91.6s]
   median nu  = 0.843
   median |eta| = 0.101
  rho=0.17159 (13/20)
    fp=0.1368 tp=0.6341  [86.1s]
   median nu  = 0.931
   median |eta| = 0.074
  rho=0.15201 (14/20)
    fp=0.1504 tp=0.6951  [44.6s]
   median nu  = 1.009
   median |eta| = 0.057
  rho=0.13466 (15/20)
    fp=0.1670 tp=0.7317  [17.6s]
   median nu  = 1.081
   median |eta| = 0.044
  rho=0.11929 (16/20)
    fp=0.1822 tp=0.7683  [20.8s]
   median nu  = 1.173
   median |eta| = 0.033
  rho=0.10567 (17/20)
    fp=0.1986 tp=0.8171  [18.5s]
   median nu  = 1.277
   median |eta| = 0.025
  rho=0.09361 (18/20)
    fp=0.2120 tp=0.8293  [12.8s]
   median nu  = 1.379
   median |eta| = 0.02
  rho=0.08293 (19/20)
    fp=0.2264 tp=0.8415  [11.3s]
   median nu  = 1.477
   median |eta| = 0.016
  rho=0.07346 (20/20)
    fp=0.2399 tp=0.8537  [9.8s]
   median nu  = 1.579
   median |eta| = 0.012
  rho=0.06508 (21/21)  [extra 1/50]
    fp=0.2574 tp=0.8659  [9.1s]
   median nu  = 1.672
   median |eta| = 0.01
  rho=0.05765 (22/22)  [extra 2/50]
    fp=0.2734 tp=0.8659  [8.4s]
   median nu  = 1.769
   median |eta| = 0.009
  rho=0.05107 (23/23)  [extra 3/50]
    fp=0.2911 tp=0.8659  [7.8s]
   median nu  = 1.878
   median |eta| = 0.007
  rho=0.04524 (24/24)  [extra 4/50]
    fp=0.3036 tp=0.8659  [6.6s]
   median nu  = 1.973
   median |eta| = 0.006
  FPR 0.3036 >= fp_end=0.3; stopping after 24 fits
  grid extended by 4 points down to rho=0.04524, ending at FPR 0.3036
  graphical_lasso rho_max = max|S_ij| (off-diag) = 2.23558
  rho grid: [2.23557562 1.9804222  1.75439025 1.55415606 1.37677524 1.21963947
 1.0804381  0.95712423 0.84788457 0.75111278 0.66538587 0.58944325
 0.5221682  0.46257146 0.4097767  0.36300757 0.32157635 0.28487381
 0.25236025 0.22355756]
Running graphical_lasso over 20 rho values, extending until FPR >= 0.3...
  rho=2.23558 (1/20)
    fp=0.0000 tp=0.0000  [0.0s]
  rho=1.98042 (2/20)
    fp=0.0010 tp=0.0000  [0.0s]
  rho=1.75439 (3/20)
    fp=0.0023 tp=0.0122  [34.3s]
  rho=1.55416 (4/20)
    fp=0.0039 tp=0.0244  [30.3s]
  rho=1.37678 (5/20)
    fp=0.0074 tp=0.0488  [0.1s]
  rho=1.21964 (6/20)
    fp=0.0138 tp=0.0488  [77.5s]
  rho=1.08044 (7/20)
    fp=0.0228 tp=0.0976  [134.3s]
  rho=0.95712 (8/20)
    fp=0.0316 tp=0.1341  [133.3s]
  rho=0.84788 (9/20)
    fp=0.0472 tp=0.1585  [134.5s]
  rho=0.75111 (10/20)
    fp=0.0604 tp=0.1829  [0.3s]
  rho=0.66539 (11/20)
    fp=0.0721 tp=0.2439  [0.4s]
  rho=0.58944 (12/20)
    fp=0.0904 tp=0.3415  [2.8s]
  rho=0.52217 (13/20)
    fp=0.1091 tp=0.4268  [2.8s]
  rho=0.46257 (14/20)
    fp=0.1298 tp=0.5000  [3.9s]
  rho=0.40978 (15/20)
    fp=0.1446 tp=0.5488  [9.4s]
  rho=0.36301 (16/20)
    fp=0.1654 tp=0.6220  [9.1s]
  rho=0.32158 (17/20)
    fp=0.1851 tp=0.6585  [3.8s]
  rho=0.28487 (18/20)
    fp=0.2065 tp=0.6707  [10.6s]
  rho=0.25236 (19/20)
    fp=0.2288 tp=0.6829  [6.2s]
  rho=0.22356 (20/20)
    fp=0.2508 tp=0.6829  [1.3s]
  rho=0.19804 (21/21)  [extra 1/50]
    fp=0.2668 tp=0.7439  [2.0s]
  rho=0.17544 (22/22)  [extra 2/50]
    fp=0.2894 tp=0.7439  [17.3s]
  rho=0.15542 (23/23)  [extra 3/50]
    fp=0.3153 tp=0.7439  [22.6s]
  FPR 0.3153 >= fp_end=0.3; stopping after 23 fits
  [note] 6/23 fits hit a glasso ConvergenceWarning (suppressed)
  grid extended by 3 points down to rho=0.15542, ending at FPR 0.3153
  [warn] mean_roc averages out to FPR 0.300 but the shortest replicate only reached 0.011; its TPR is held flat above that
  [warn] mean_roc averages out to FPR 0.300 but the shortest replicate only reached 0.229; its TPR is held flat above that

(p=100, n=50) over 13 replicates
  t+lasso  (run_em_diagonal):    AUC = 0.192 (SE 0.005)
  ~t+lasso (run_em_exact):       AUC = 0.194 (SE 0.004)
  tlasso   (run_tlasso):         AUC = 0.193 (SE 0.005)
  t*lasso  (run_tstar_varlasso): AUC = 0.190 (SE 0.005)
  glasso   (graphical_lasso):    AUC = 0.139 (SE 0.012)
Replicate 14/50
  Theta: 87/4950 edges
  pilot fit of run_tlasso at rho=30.34854
  -> rho_max = max|S_ij| (off-diag) = 18.93220
  [warn] pilot rho 30.34854 > rho_max 18.93220: it falls off the top of this method's grid
  rho grid: [18.93219983 16.7714071  14.85723258 13.16152894 11.6593614  10.32864106
  9.1498001   8.10550405  7.18039686  6.36087512  5.63488803  4.99176017
  4.42203456  3.91733356  3.47023571  3.07416657  2.72330207  2.41248287
  2.13713845  1.89321998]
Running run_tlasso over 20 rho values, extending until FPR >= 0.3...
  rho=18.93220 (1/20)
    fp=0.0000 tp=0.0000  [0.4s]
   nu  = 3.0000
  rho=16.77141 (2/20)
    fp=0.0000 tp=0.0000  [0.2s]
   nu  = 3.0000
  rho=14.85723 (3/20)
    fp=0.0000 tp=0.0000  [0.3s]
   nu  = 3.0000
  rho=13.16153 (4/20)
    fp=0.0000 tp=0.0115  [0.5s]
   nu  = 3.0000
  rho=11.65936 (5/20)
    fp=0.0002 tp=0.0115  [0.6s]
   nu  = 3.0000
  rho=10.32864 (6/20)
    fp=0.0012 tp=0.0230  [0.6s]
   nu  = 3.0000
  rho=9.14980 (7/20)
    fp=0.0016 tp=0.0805  [0.5s]
   nu  = 3.0000
  rho=8.10550 (8/20)
    fp=0.0023 tp=0.0920  [0.6s]
   nu  = 3.0000
  rho=7.18040 (9/20)
    fp=0.0027 tp=0.1264  [0.5s]
   nu  = 3.0000
  rho=6.36088 (10/20)
    fp=0.0037 tp=0.1724  [0.4s]
   nu  = 3.0000
  rho=5.63489 (11/20)
    fp=0.0068 tp=0.1954  [0.4s]
   nu  = 3.0000
  rho=4.99176 (12/20)
    fp=0.0121 tp=0.2989  [0.5s]
   nu  = 3.0000
  rho=4.42203 (13/20)
    fp=0.0187 tp=0.3448  [0.5s]
   nu  = 3.0000
  rho=3.91733 (14/20)
    fp=0.0304 tp=0.4023  [0.6s]
   nu  = 3.0000
  rho=3.47024 (15/20)
    fp=0.0483 tp=0.4713  [0.7s]
   nu  = 3.0000
  rho=3.07417 (16/20)
    fp=0.0876 tp=0.5862  [2.1s]
   nu  = 3.0000
  rho=2.72330 (17/20)
    fp=0.2270 tp=0.7816  [8.6s]
   nu  = 3.0000
  rho=2.41248 (18/20)
    fp=0.2642 tp=0.7816  [6.5s]
   nu  = 3.0000
  rho=2.13714 (19/20)
    fp=0.2971 tp=0.8046  [5.9s]
   nu  = 3.0000
  rho=1.89322 (20/20)
    fp=0.3278 tp=0.8391  [4.4s]
   nu  = 3.0000
  FPR 0.3278 >= fp_end=0.3; stopping after 20 fits
  pilot fit of run_tstar_varlasso at rho=0.30349
  -> rho_max = max|S_ij| (off-diag) = 0.71588
  rho grid: [0.71587534 0.63417019 0.56179031 0.49767138 0.44087055 0.39055258
 0.34597756 0.30649003 0.27150934 0.24052111 0.21306966 0.18875134
 0.16720854 0.14812449 0.13121857 0.11624217 0.10297508 0.0912222
 0.08081072 0.07158753]
Running run_tstar_varlasso over 20 rho values, extending until FPR >= 0.3...
  rho=0.71588 (1/20)
    fp=0.0008 tp=0.0115  [0.5s]
   nu  = 3.0000
  rho=0.63417 (2/20)
    fp=0.0016 tp=0.0460  [0.4s]
   nu  = 3.0000
  rho=0.56179 (3/20)
    fp=0.0035 tp=0.0805  [0.4s]
   nu  = 3.0000
  rho=0.49767 (4/20)
    fp=0.0064 tp=0.1149  [0.5s]
   nu  = 3.0000
  rho=0.44087 (5/20)
    fp=0.0117 tp=0.1954  [0.4s]
   nu  = 3.0000
  rho=0.39055 (6/20)
    fp=0.0181 tp=0.2529  [0.3s]
   nu  = 3.0000
  rho=0.34598 (7/20)
    fp=0.0263 tp=0.3103  [0.3s]
   nu  = 3.0000
  rho=0.30649 (8/20)
    fp=0.0358 tp=0.3793  [0.3s]
   nu  = 3.0000
  rho=0.27151 (9/20)
    fp=0.0518 tp=0.4598  [0.4s]
   nu  = 3.0000
  rho=0.24052 (10/20)
    fp=0.0699 tp=0.5402  [0.6s]
   nu  = 3.0000
  rho=0.21307 (11/20)
    fp=0.0872 tp=0.5747  [0.6s]
   nu  = 3.0000
  rho=0.18875 (12/20)
    fp=0.1110 tp=0.6092  [0.4s]
   nu  = 3.0000
  rho=0.16721 (13/20)
    fp=0.1318 tp=0.6782  [0.4s]
   nu  = 3.0000
  rho=0.14812 (14/20)
    fp=0.1507 tp=0.7011  [0.7s]
   nu  = 3.0000
  rho=0.13122 (15/20)
    fp=0.1678 tp=0.7816  [0.7s]
   nu  = 3.0000
  rho=0.11624 (16/20)
    fp=0.1853 tp=0.8046  [0.6s]
   nu  = 3.0000
  rho=0.10298 (17/20)
    fp=0.2081 tp=0.8161  [0.7s]
   nu  = 3.0000
  rho=0.09122 (18/20)
    fp=0.2289 tp=0.8161  [0.8s]
   nu  = 3.0000
  rho=0.08081 (19/20)
    fp=0.2503 tp=0.8161  [0.7s]
   nu  = 3.0000
  rho=0.07159 (20/20)
    fp=0.2743 tp=0.8276  [0.5s]
   nu  = 3.0000
  rho=0.06342 (21/21)  [extra 1/50]
    fp=0.2953 tp=0.8506  [0.7s]
   nu  = 3.0000
  rho=0.05618 (22/22)  [extra 2/50]
    fp=0.3161 tp=0.8506  [0.9s]
   nu  = 3.0000
  FPR 0.3161 >= fp_end=0.3; stopping after 22 fits
  grid extended by 2 points down to rho=0.05618, ending at FPR 0.3161
  pilot fit of run_em_diagonal at rho=0.30349
  -> rho_max = max|S_ij| (off-diag) = 0.78425
  rho grid: [0.7842528  0.69474351 0.61545021 0.5452069  0.48298068 0.42785655
 0.37902391 0.33576469 0.29744279 0.26349469 0.2334212  0.20678009
 0.18317961 0.16227273 0.14375203 0.12734515 0.11281084 0.09993537
 0.08852943 0.07842528]
Running run_em_diagonal over 20 rho values, extending until FPR >= 0.3...
  rho=0.78425 (1/20)
    fp=0.0072 tp=0.1149  [22.1s]
   median nu  = 0.115
   median |eta| = 3.027
  rho=0.69474 (2/20)
    fp=0.0111 tp=0.1609  [26.9s]
   median nu  = 0.138
   median |eta| = 2.703
  rho=0.61545 (3/20)
    fp=0.0179 tp=0.2299  [26.1s]
   median nu  = 0.167
   median |eta| = 2.275
  rho=0.54521 (4/20)
    fp=0.0251 tp=0.3218  [24.7s]
   median nu  = 0.201
   median |eta| = 2.173
  rho=0.48298 (5/20)
    fp=0.0348 tp=0.3333  [52.1s]
   median nu  = 0.229
   median |eta| = 2.157
  rho=0.42786 (6/20)
    fp=0.0475 tp=0.4253  [80.4s]
   median nu  = 0.268
   median |eta| = 1.605
  rho=0.37902 (7/20)
    fp=0.0570 tp=0.4483  [78.7s]
   median nu  = 0.333
   median |eta| = 1.145
  rho=0.33576 (8/20)
    fp=0.0689 tp=0.5172  [91.6s]
   median nu  = 0.386
   median |eta| = 0.848
  rho=0.29744 (9/20)
    fp=0.0833 tp=0.5517  [63.0s]
   median nu  = 0.455
   median |eta| = 0.666
  rho=0.26349 (10/20)
    fp=0.0993 tp=0.5862  [102.2s]
   median nu  = 0.529
   median |eta| = 0.539
  rho=0.23342 (11/20)
    fp=0.1158 tp=0.6437  [63.6s]
   median nu  = 0.597
   median |eta| = 0.458
  rho=0.20678 (12/20)
    fp=0.1308 tp=0.6667  [29.6s]
   median nu  = 0.672
   median |eta| = 0.344
  rho=0.18318 (13/20)
    fp=0.1444 tp=0.7241  [102.5s]
   median nu  = 0.745
   median |eta| = 0.277
  rho=0.16227 (14/20)
    fp=0.1563 tp=0.7471  [69.7s]
   median nu  = 0.815
   median |eta| = 0.214
  rho=0.14375 (15/20)
    fp=0.1690 tp=0.7816  [24.0s]
   median nu  = 0.907
   median |eta| = 0.152
  rho=0.12735 (16/20)
    fp=0.1808 tp=0.7816  [99.4s]
   median nu  = 0.981
   median |eta| = 0.125
  rho=0.11281 (17/20)
    fp=0.1904 tp=0.8046  [101.3s]
   median nu  = 1.059
   median |eta| = 0.1
  rho=0.09994 (18/20)
    fp=0.2048 tp=0.8161  [91.7s]
   median nu  = 1.157
   median |eta| = 0.072
  rho=0.08853 (19/20)
    fp=0.2192 tp=0.8161  [93.0s]
   median nu  = 1.245
   median |eta| = 0.056
  rho=0.07843 (20/20)
    fp=0.2311 tp=0.8276  [92.3s]
   median nu  = 1.356
   median |eta| = 0.039
  rho=0.06947 (21/21)  [extra 1/50]
    fp=0.2422 tp=0.8276  [88.2s]
   median nu  = 1.449
   median |eta| = 0.032
  rho=0.06155 (22/22)  [extra 2/50]
    fp=0.2558 tp=0.8391  [65.7s]
   median nu  = 1.566
   median |eta| = 0.025
  rho=0.05452 (23/23)  [extra 3/50]
    fp=0.2694 tp=0.8506  [32.2s]
   median nu  = 1.658
   median |eta| = 0.018
  rho=0.04830 (24/24)  [extra 4/50]
    fp=0.2799 tp=0.8621  [19.4s]
   median nu  = 1.82
   median |eta| = 0.015
  rho=0.04279 (25/25)  [extra 5/50]
    fp=0.2951 tp=0.8621  [20.2s]
   median nu  = 1.884
   median |eta| = 0.011
  rho=0.03790 (26/26)  [extra 6/50]
    fp=0.3105 tp=0.8506  [19.0s]
   median nu  = 2.053
   median |eta| = 0.009
  FPR 0.3105 >= fp_end=0.3; stopping after 26 fits
  grid extended by 6 points down to rho=0.03790, ending at FPR 0.3105
  pilot fit of run_em_exact at rho=0.30349
  -> rho_max = max|S_ij| (off-diag) = 0.84749
  rho grid: [0.84749242 0.75076539 0.66507812 0.58917062 0.52192669 0.46235752
 0.40958717 0.36283967 0.32142762 0.28474205 0.25224353 0.22345416
 0.19795062 0.17535788 0.15534373 0.13761385 0.12190754 0.10799384
 0.09566816 0.08474924]
Running run_em_exact over 20 rho values, extending until FPR >= 0.3...
  rho=0.84749 (1/20)
    fp=0.0056 tp=0.0805  [23.4s]
   median nu  = 0.103
   median |eta| = 2.906
  rho=0.75077 (2/20)
    fp=0.0090 tp=0.1379  [24.5s]
   median nu  = 0.123
   median |eta| = 2.831
  rho=0.66508 (3/20)
    fp=0.0142 tp=0.2069  [52.2s]
   median nu  = 0.152
   median |eta| = 2.229
  rho=0.58917 (4/20)
    fp=0.0208 tp=0.2414  [82.9s]
   median nu  = 0.198
   median |eta| = 2.103
  rho=0.52193 (5/20)
    fp=0.0290 tp=0.3218  [89.4s]
   median nu  = 0.248
   median |eta| = 1.523
  rho=0.46236 (6/20)
    fp=0.0413 tp=0.3563  [85.2s]
   median nu  = 0.298
   median |eta| = 1.018
  rho=0.40959 (7/20)
    fp=0.0531 tp=0.4253  [79.4s]
   median nu  = 0.369
   median |eta| = 0.713
  rho=0.36284 (8/20)
    fp=0.0646 tp=0.4828  [87.1s]
   median nu  = 0.44
   median |eta| = 0.444
  rho=0.32143 (9/20)
    fp=0.0792 tp=0.5402  [91.6s]
   median nu  = 0.515
   median |eta| = 0.299
  rho=0.28474 (10/20)
    fp=0.0929 tp=0.5517  [90.8s]
   median nu  = 0.596
   median |eta| = 0.201
  rho=0.25224 (11/20)
    fp=0.1078 tp=0.6092  [87.1s]
   median nu  = 0.685
   median |eta| = 0.146
  rho=0.22345 (12/20)
    fp=0.1219 tp=0.6667  [34.9s]
   median nu  = 0.782
   median |eta| = 0.109
  rho=0.19795 (13/20)
    fp=0.1341 tp=0.6897  [23.8s]
   median nu  = 0.859
   median |eta| = 0.084
  rho=0.17536 (14/20)
    fp=0.1476 tp=0.7471  [18.7s]
   median nu  = 0.946
   median |eta| = 0.06
  rho=0.15534 (15/20)
    fp=0.1612 tp=0.7586  [19.9s]
   median nu  = 1.042
   median |eta| = 0.045
  rho=0.13761 (16/20)
    fp=0.1740 tp=0.7931  [21.2s]
   median nu  = 1.142
   median |eta| = 0.033
  rho=0.12191 (17/20)
    fp=0.1888 tp=0.8046  [20.5s]
   median nu  = 1.258
   median |eta| = 0.025
  rho=0.10799 (18/20)
    fp=0.2050 tp=0.8276  [19.4s]
   median nu  = 1.34
   median |eta| = 0.019
  rho=0.09567 (19/20)
    fp=0.2161 tp=0.8391  [20.3s]
   median nu  = 1.432
   median |eta| = 0.014
  rho=0.08475 (20/20)
    fp=0.2303 tp=0.8506  [19.9s]
   median nu  = 1.531
   median |eta| = 0.012
  rho=0.07508 (21/21)  [extra 1/50]
    fp=0.2445 tp=0.8506  [16.4s]
   median nu  = 1.653
   median |eta| = 0.009
  rho=0.06651 (22/22)  [extra 2/50]
    fp=0.2599 tp=0.8506  [44.9s]
   median nu  = 1.775
   median |eta| = 0.007
  rho=0.05892 (23/23)  [extra 3/50]
    fp=0.2712 tp=0.8506  [37.8s]
   median nu  = 1.878
   median |eta| = 0.006
  rho=0.05219 (24/24)  [extra 4/50]
    fp=0.2813 tp=0.8621  [30.7s]
   median nu  = 1.984
   median |eta| = 0.005
  rho=0.04624 (25/25)  [extra 5/50]
    fp=0.2922 tp=0.8736  [24.0s]
   median nu  = 2.095
   median |eta| = 0.004
  rho=0.04096 (26/26)  [extra 6/50]
    fp=0.3050 tp=0.8736  [21.6s]
   median nu  = 2.198
   median |eta| = 0.003
  FPR 0.3050 >= fp_end=0.3; stopping after 26 fits
  grid extended by 6 points down to rho=0.04096, ending at FPR 0.3050
  graphical_lasso rho_max = max|S_ij| (off-diag) = 2.71026
  rho grid: [2.71026263 2.40093166 2.12690562 1.88415505 1.66911039 1.47860946
 1.30985102 1.16035352 1.02791865 0.91059899 0.80666941 0.71460164
 0.63304186 0.56079076 0.49678591 0.44008614 0.3898577  0.34536199
 0.30594472 0.27102626]
Running graphical_lasso over 20 rho values, extending until FPR >= 0.3...
  rho=2.71026 (1/20)
    fp=0.0000 tp=0.0000  [0.1s]
  rho=2.40093 (2/20)
    fp=0.0002 tp=0.0000  [0.1s]
  rho=2.12691 (3/20)
    fp=0.0010 tp=0.0000  [134.3s]
  rho=1.88416 (4/20)
    fp=0.0012 tp=0.0000  [133.7s]
  rho=1.66911 (5/20)
    fp=0.0029 tp=0.0460  [134.1s]
  rho=1.47861 (6/20)
    fp=0.0060 tp=0.0690  [0.2s]
  rho=1.30985 (7/20)
    fp=0.0093 tp=0.0920  [140.4s]
  rho=1.16035 (8/20)
    fp=0.0175 tp=0.1034  [0.1s]
  rho=1.02792 (9/20)
    fp=0.0306 tp=0.1609  [0.5s]
  rho=0.91060 (10/20)
    fp=0.0426 tp=0.2069  [130.2s]
  rho=0.80667 (11/20)
    fp=0.0568 tp=0.2759  [31.2s]
  rho=0.71460 (12/20)
    fp=0.0709 tp=0.3448  [0.3s]
  rho=0.63304 (13/20)
    fp=0.0895 tp=0.3563  [0.2s]
  rho=0.56079 (14/20)
    fp=0.1078 tp=0.4483  [0.4s]
  rho=0.49679 (15/20)
    fp=0.1244 tp=0.4713  [3.6s]
  rho=0.44009 (16/20)
    fp=0.1413 tp=0.5402  [1.6s]
  rho=0.38986 (17/20)
    fp=0.1618 tp=0.5862  [2.9s]
  rho=0.34536 (18/20)
    fp=0.1814 tp=0.6092  [0.6s]
  rho=0.30594 (19/20)
    fp=0.1984 tp=0.6437  [1.3s]
  rho=0.27103 (20/20)
    fp=0.2182 tp=0.7011  [0.5s]
  rho=0.24009 (21/21)  [extra 1/50]
    fp=0.2385 tp=0.7126  [1.3s]
  rho=0.21269 (22/22)  [extra 2/50]
    fp=0.2583 tp=0.7356  [2.2s]
  rho=0.18842 (23/23)  [extra 3/50]
    fp=0.2793 tp=0.7701  [5.0s]
  rho=0.16691 (24/24)  [extra 4/50]
    fp=0.3015 tp=0.8046  [26.6s]
  FPR 0.3015 >= fp_end=0.3; stopping after 24 fits
  [note] 6/24 fits hit a glasso ConvergenceWarning (suppressed)
  grid extended by 4 points down to rho=0.16691, ending at FPR 0.3015
  [warn] mean_roc averages out to FPR 0.300 but the shortest replicate only reached 0.011; its TPR is held flat above that
  [warn] mean_roc averages out to FPR 0.300 but the shortest replicate only reached 0.229; its TPR is held flat above that

(p=100, n=50) over 14 replicates
  t+lasso  (run_em_diagonal):    AUC = 0.193 (SE 0.004)
  ~t+lasso (run_em_exact):       AUC = 0.194 (SE 0.004)
  tlasso   (run_tlasso):         AUC = 0.193 (SE 0.004)
  t*lasso  (run_tstar_varlasso): AUC = 0.190 (SE 0.004)
  glasso   (graphical_lasso):    AUC = 0.140 (SE 0.011)
Replicate 15/50
  Theta: 97/4950 edges
  pilot fit of run_tlasso at rho=30.34854
  -> rho_max = max|S_ij| (off-diag) = 25.02368
  [warn] pilot rho 30.34854 > rho_max 25.02368: it falls off the top of this method's grid
  rho grid: [25.02367737 22.16764475 19.63758031 17.39628024 15.41078694 13.65190437
 12.0937687  10.71346806  9.49070557  8.40750088  7.44792582  6.59787014
  5.84483405  5.17774438  4.58679179  4.06328652  3.59953059  3.18870461
  2.82476752  2.50236774]
Running run_tlasso over 20 rho values, extending until FPR >= 0.3...
  rho=25.02368 (1/20)
    fp=0.0000 tp=0.0000  [0.3s]
   nu  = 3.0000
  rho=22.16764 (2/20)
    fp=0.0000 tp=0.0000  [0.2s]
   nu  = 3.0000
  rho=19.63758 (3/20)
    fp=0.0002 tp=0.0000  [0.3s]
   nu  = 3.0000
  rho=17.39628 (4/20)
    fp=0.0002 tp=0.0000  [0.3s]
   nu  = 3.0000
  rho=15.41079 (5/20)
    fp=0.0002 tp=0.0000  [0.3s]
   nu  = 3.0000
  rho=13.65190 (6/20)
    fp=0.0002 tp=0.0103  [0.3s]
   nu  = 3.0000
  rho=12.09377 (7/20)
    fp=0.0002 tp=0.0206  [0.3s]
   nu  = 3.0000
  rho=10.71347 (8/20)
    fp=0.0008 tp=0.0206  [0.3s]
   nu  = 3.0000
  rho=9.49071 (9/20)
    fp=0.0008 tp=0.0309  [0.3s]
   nu  = 3.0000
  rho=8.40750 (10/20)
    fp=0.0014 tp=0.0619  [0.3s]
   nu  = 3.0000
  rho=7.44793 (11/20)
    fp=0.0023 tp=0.0825  [0.4s]
   nu  = 3.0000
  rho=6.59787 (12/20)
    fp=0.0033 tp=0.1237  [0.4s]
   nu  = 3.0000
  rho=5.84483 (13/20)
    fp=0.0043 tp=0.1959  [0.4s]
   nu  = 3.0000
  rho=5.17774 (14/20)
    fp=0.0070 tp=0.2474  [0.5s]
   nu  = 3.0000
  rho=4.58679 (15/20)
    fp=0.0113 tp=0.2784  [0.5s]
   nu  = 3.0000
  rho=4.06329 (16/20)
    fp=0.0190 tp=0.3608  [0.6s]
   nu  = 3.0000
  rho=3.59953 (17/20)
    fp=0.0293 tp=0.4330  [0.6s]
   nu  = 3.0000
  rho=3.18870 (18/20)
    fp=0.0497 tp=0.5155  [1.2s]
   nu  = 3.0000
  rho=2.82477 (19/20)
    fp=0.0837 tp=0.6392  [2.1s]
   nu  = 3.0000
  rho=2.50237 (20/20)
    fp=0.1449 tp=0.7732  [4.8s]
   nu  = 3.0000
  rho=2.21676 (21/21)  [extra 1/50]
    fp=0.2295 tp=0.8763  [7.1s]
   nu  = 3.0000
  rho=1.96376 (22/22)  [extra 2/50]
    fp=0.2689 tp=0.8866  [5.8s]
   nu  = 3.0000
  rho=1.73963 (23/23)  [extra 3/50]
    fp=0.3089 tp=0.9072  [4.8s]
   nu  = 3.0000
  FPR 0.3089 >= fp_end=0.3; stopping after 23 fits
  grid extended by 3 points down to rho=1.73963, ending at FPR 0.3089
  pilot fit of run_tstar_varlasso at rho=0.30349
  -> rho_max = max|S_ij| (off-diag) = 0.72975
  rho grid: [0.7297463  0.64645801 0.57267569 0.50731437 0.44941295 0.39812001
 0.3526813  0.31242865 0.27677016 0.2451815  0.21719815 0.19240862
 0.17044841 0.15099459 0.13376109 0.11849451 0.10497035 0.09298975
 0.08237653 0.07297463]
Running run_tstar_varlasso over 20 rho values, extending until FPR >= 0.3...
  rho=0.72975 (1/20)
    fp=0.0006 tp=0.0103  [0.3s]
   nu  = 3.0000
  rho=0.64646 (2/20)
    fp=0.0006 tp=0.0206  [0.2s]
   nu  = 3.0000
  rho=0.57268 (3/20)
    fp=0.0008 tp=0.0515  [0.3s]
   nu  = 3.0000
  rho=0.50731 (4/20)
    fp=0.0027 tp=0.1134  [0.3s]
   nu  = 3.0000
  rho=0.44941 (5/20)
    fp=0.0056 tp=0.1959  [0.3s]
   nu  = 3.0000
  rho=0.39812 (6/20)
    fp=0.0066 tp=0.2474  [0.3s]
   nu  = 3.0000
  rho=0.35268 (7/20)
    fp=0.0120 tp=0.2784  [0.3s]
   nu  = 3.0000
  rho=0.31243 (8/20)
    fp=0.0206 tp=0.3402  [0.3s]
   nu  = 3.0000
  rho=0.27677 (9/20)
    fp=0.0340 tp=0.3918  [0.3s]
   nu  = 3.0000
  rho=0.24518 (10/20)
    fp=0.0457 tp=0.4948  [0.3s]
   nu  = 3.0000
  rho=0.21720 (11/20)
    fp=0.0622 tp=0.5464  [0.4s]
   nu  = 3.0000
  rho=0.19241 (12/20)
    fp=0.0775 tp=0.6186  [0.4s]
   nu  = 3.0000
  rho=0.17045 (13/20)
    fp=0.0993 tp=0.6804  [0.5s]
   nu  = 3.0000
  rho=0.15099 (14/20)
    fp=0.1218 tp=0.6907  [0.5s]
   nu  = 3.0000
  rho=0.13376 (15/20)
    fp=0.1442 tp=0.7320  [0.4s]
   nu  = 3.0000
  rho=0.11849 (16/20)
    fp=0.1613 tp=0.7423  [0.4s]
   nu  = 3.0000
  rho=0.10497 (17/20)
    fp=0.1805 tp=0.7629  [0.4s]
   nu  = 3.0000
  rho=0.09299 (18/20)
    fp=0.2017 tp=0.8144  [0.5s]
   nu  = 3.0000
  rho=0.08238 (19/20)
    fp=0.2192 tp=0.8351  [0.5s]
   nu  = 3.0000
  rho=0.07297 (20/20)
    fp=0.2421 tp=0.8454  [0.5s]
   nu  = 3.0000
  rho=0.06465 (21/21)  [extra 1/50]
    fp=0.2609 tp=0.8557  [0.7s]
   nu  = 3.0000
  rho=0.05727 (22/22)  [extra 2/50]
    fp=0.2769 tp=0.8557  [0.7s]
   nu  = 3.0000
  rho=0.05073 (23/23)  [extra 3/50]
    fp=0.2957 tp=0.8660  [0.7s]
   nu  = 3.0000
  rho=0.04494 (24/24)  [extra 4/50]
    fp=0.3151 tp=0.8660  [0.7s]
   nu  = 3.0000
  FPR 0.3151 >= fp_end=0.3; stopping after 24 fits
  grid extended by 4 points down to rho=0.04494, ending at FPR 0.3151
  pilot fit of run_em_diagonal at rho=0.30349
  -> rho_max = max|S_ij| (off-diag) = 0.87193
  rho grid: [0.87193347 0.7724169  0.68425848 0.60616187 0.53697867 0.47569157
 0.42139936 0.3733037  0.33069735 0.2929538  0.25951804 0.22989842
 0.20365937 0.18041507 0.15982372 0.14158253 0.12542326 0.1111083
 0.09842715 0.08719335]
Running run_em_diagonal over 20 rho values, extending until FPR >= 0.3...
  rho=0.87193 (1/20)
    fp=0.0025 tp=0.0825  [30.7s]
   median nu  = 0.086
   median |eta| = 2.55
  rho=0.77242 (2/20)
    fp=0.0035 tp=0.1340  [25.7s]
   median nu  = 0.105
   median |eta| = 2.325
  rho=0.68426 (3/20)
    fp=0.0058 tp=0.1443  [25.1s]
   median nu  = 0.129
   median |eta| = 2.163
  rho=0.60616 (4/20)
    fp=0.0084 tp=0.2165  [23.9s]
   median nu  = 0.161
   median |eta| = 1.808
  rho=0.53698 (5/20)
    fp=0.0132 tp=0.2887  [51.4s]
   median nu  = 0.202
   median |eta| = 1.436
  rho=0.47569 (6/20)
    fp=0.0198 tp=0.3402  [81.0s]
   median nu  = 0.243
   median |eta| = 1.22
  rho=0.42140 (7/20)
    fp=0.0284 tp=0.3814  [78.4s]
   median nu  = 0.293
   median |eta| = 0.998
  rho=0.37330 (8/20)
    fp=0.0387 tp=0.4742  [81.1s]
   median nu  = 0.357
   median |eta| = 0.852
  rho=0.33070 (9/20)
    fp=0.0511 tp=0.5258  [62.3s]
   median nu  = 0.41
   median |eta| = 0.748
  rho=0.29295 (10/20)
    fp=0.0631 tp=0.5670  [97.5s]
   median nu  = 0.49
   median |eta| = 0.626
  rho=0.25952 (11/20)
    fp=0.0771 tp=0.6082  [72.5s]
   median nu  = 0.527
   median |eta| = 0.482
  rho=0.22990 (12/20)
    fp=0.0966 tp=0.6392  [24.1s]
   median nu  = 0.58
   median |eta| = 0.396
  rho=0.20366 (13/20)
    fp=0.1090 tp=0.6598  [61.7s]
   median nu  = 0.685
   median |eta| = 0.332
  rho=0.18042 (14/20)
    fp=0.1232 tp=0.7010  [104.7s]
   median nu  = 0.776
   median |eta| = 0.27
  rho=0.15982 (15/20)
    fp=0.1383 tp=0.7526  [32.0s]
   median nu  = 0.851
   median |eta| = 0.202
  rho=0.14158 (16/20)
    fp=0.1537 tp=0.7835  [72.6s]
   median nu  = 0.92
   median |eta| = 0.142
  rho=0.12542 (17/20)
    fp=0.1673 tp=0.7938  [113.1s]
   median nu  = 0.981
   median |eta| = 0.113
  rho=0.11111 (18/20)
    fp=0.1824 tp=0.8144  [73.2s]
   median nu  = 1.052
   median |eta| = 0.095
  rho=0.09843 (19/20)
    fp=0.1980 tp=0.8351  [92.6s]
   median nu  = 1.153
   median |eta| = 0.079
  rho=0.08719 (20/20)
    fp=0.2106 tp=0.8557  [91.9s]
   median nu  = 1.25
   median |eta| = 0.064
  rho=0.07724 (21/21)  [extra 1/50]
    fp=0.2209 tp=0.8557  [91.4s]
   median nu  = 1.333
   median |eta| = 0.052
  rho=0.06843 (22/22)  [extra 2/50]
    fp=0.2324 tp=0.8660  [87.4s]
   median nu  = 1.43
   median |eta| = 0.04
  rho=0.06062 (23/23)  [extra 3/50]
    fp=0.2462 tp=0.8660  [34.3s]
   median nu  = 1.545
   median |eta| = 0.032
  rho=0.05370 (24/24)  [extra 4/50]
    fp=0.2590 tp=0.8763  [28.0s]
   median nu  = 1.661
   median |eta| = 0.024
  rho=0.04757 (25/25)  [extra 5/50]
    fp=0.2743 tp=0.8763  [28.0s]
   median nu  = 1.778
   median |eta| = 0.018
  rho=0.04214 (26/26)  [extra 6/50]
    fp=0.2833 tp=0.8763  [22.6s]
   median nu  = 1.919
   median |eta| = 0.014
  rho=0.03733 (27/27)  [extra 7/50]
    fp=0.2922 tp=0.8763  [21.7s]
   median nu  = 2.031
   median |eta| = 0.012
  rho=0.03307 (28/28)  [extra 8/50]
    fp=0.3041 tp=0.8763  [22.5s]
   median nu  = 2.171
   median |eta| = 0.009
  FPR 0.3041 >= fp_end=0.3; stopping after 28 fits
  grid extended by 8 points down to rho=0.03307, ending at FPR 0.3041
  pilot fit of run_em_exact at rho=0.30349
  -> rho_max = max|S_ij| (off-diag) = 0.83545
  rho grid: [0.83544908 0.74009659 0.65562699 0.58079818 0.51450982 0.45578716
 0.40376671 0.35768352 0.31685995 0.28069571 0.24865901 0.22027876
 0.19513763 0.17286595 0.1531362  0.13565828 0.12017516 0.10645919
 0.09430866 0.08354491]
Running run_em_exact over 20 rho values, extending until FPR >= 0.3...
  rho=0.83545 (1/20)
    fp=0.0025 tp=0.0825  [51.9s]
   median nu  = 0.092
   median |eta| = 2.424
  rho=0.74010 (2/20)
    fp=0.0052 tp=0.1340  [83.6s]
   median nu  = 0.114
   median |eta| = 2.08
  rho=0.65563 (3/20)
    fp=0.0072 tp=0.1649  [90.6s]
   median nu  = 0.142
   median |eta| = 1.634
  rho=0.58080 (4/20)
    fp=0.0103 tp=0.2680  [86.8s]
   median nu  = 0.186
   median |eta| = 1.337
  rho=0.51451 (5/20)
    fp=0.0163 tp=0.3093  [80.7s]
   median nu  = 0.236
   median |eta| = 1.118
  rho=0.45579 (6/20)
    fp=0.0235 tp=0.3608  [80.9s]
   median nu  = 0.297
   median |eta| = 0.903
  rho=0.40377 (7/20)
    fp=0.0311 tp=0.4021  [72.9s]
   median nu  = 0.368
   median |eta| = 0.72
  rho=0.35768 (8/20)
    fp=0.0435 tp=0.4742  [81.2s]
   median nu  = 0.415
   median |eta| = 0.54
  rho=0.31686 (9/20)
    fp=0.0569 tp=0.5361  [87.6s]
   median nu  = 0.477
   median |eta| = 0.389
  rho=0.28070 (10/20)
    fp=0.0709 tp=0.5979  [51.8s]
   median nu  = 0.56
   median |eta| = 0.28
  rho=0.24866 (11/20)
    fp=0.0855 tp=0.6186  [22.5s]
   median nu  = 0.656
   median |eta| = 0.185
  rho=0.22028 (12/20)
    fp=0.1030 tp=0.6495  [28.1s]
   median nu  = 0.753
   median |eta| = 0.133
  rho=0.19514 (13/20)
    fp=0.1172 tp=0.7010  [25.3s]
   median nu  = 0.861
   median |eta| = 0.103
  rho=0.17287 (14/20)
    fp=0.1331 tp=0.7216  [21.3s]
   median nu  = 0.967
   median |eta| = 0.072
  rho=0.15314 (15/20)
    fp=0.1440 tp=0.7526  [22.4s]
   median nu  = 1.055
   median |eta| = 0.054
  rho=0.13566 (16/20)
    fp=0.1576 tp=0.7629  [20.6s]
   median nu  = 1.126
   median |eta| = 0.04
  rho=0.12018 (17/20)
    fp=0.1702 tp=0.8041  [19.8s]
   median nu  = 1.198
   median |eta| = 0.03
  rho=0.10646 (18/20)
    fp=0.1855 tp=0.8144  [16.8s]
   median nu  = 1.289
   median |eta| = 0.023
  rho=0.09431 (19/20)
    fp=0.1970 tp=0.8557  [14.7s]
   median nu  = 1.403
   median |eta| = 0.019
  rho=0.08354 (20/20)
    fp=0.2122 tp=0.8660  [36.5s]
   median nu  = 1.504
   median |eta| = 0.015
  rho=0.07401 (21/21)  [extra 1/50]
    fp=0.2248 tp=0.8763  [35.9s]
   median nu  = 1.609
   median |eta| = 0.012
  rho=0.06556 (22/22)  [extra 2/50]
    fp=0.2374 tp=0.8763  [30.6s]
   median nu  = 1.72
   median |eta| = 0.01
  rho=0.05808 (23/23)  [extra 3/50]
    fp=0.2512 tp=0.8866  [28.9s]
   median nu  = 1.833
   median |eta| = 0.007
  rho=0.05145 (24/24)  [extra 4/50]
    fp=0.2621 tp=0.8866  [27.8s]
   median nu  = 1.929
   median |eta| = 0.006
  rho=0.04558 (25/25)  [extra 5/50]
    fp=0.2712 tp=0.8969  [29.3s]
   median nu  = 2.041
   median |eta| = 0.005
  rho=0.04038 (26/26)  [extra 6/50]
    fp=0.2831 tp=0.8969  [27.3s]
   median nu  = 2.141
   median |eta| = 0.004
  rho=0.03577 (27/27)  [extra 7/50]
    fp=0.2943 tp=0.8969  [26.2s]
   median nu  = 2.25
   median |eta| = 0.003
  rho=0.03169 (28/28)  [extra 8/50]
    fp=0.3064 tp=0.8969  [21.1s]
   median nu  = 2.37
   median |eta| = 0.002
  FPR 0.3064 >= fp_end=0.3; stopping after 28 fits
  grid extended by 8 points down to rho=0.03169, ending at FPR 0.3064
  graphical_lasso rho_max = max|S_ij| (off-diag) = 2.09057
  rho grid: [2.09057175 1.85196808 1.64059702 1.45335042 1.28747487 1.14053123
 1.01035874 0.89504325 0.7928891  0.70239412 0.62222762 0.55121079
 0.48829933 0.43256816 0.38319777 0.33946218 0.30071827 0.26639633
 0.23599166 0.20905717]
Running graphical_lasso over 20 rho values, extending until FPR >= 0.3...
  rho=2.09057 (1/20)
    fp=0.0000 tp=0.0000  [0.1s]
  rho=1.85197 (2/20)
    fp=0.0002 tp=0.0103  [0.2s]
  rho=1.64060 (3/20)
    fp=0.0014 tp=0.0103  [133.4s]
  rho=1.45335 (4/20)
    fp=0.0039 tp=0.0206  [134.3s]
  rho=1.28747 (5/20)
    fp=0.0089 tp=0.0412  [138.9s]
  rho=1.14053 (6/20)
    fp=0.0136 tp=0.0722  [135.5s]
  rho=1.01036 (7/20)
    fp=0.0196 tp=0.1134  [0.6s]
  rho=0.89504 (8/20)
    fp=0.0288 tp=0.1856  [71.4s]
  rho=0.79289 (9/20)
    fp=0.0375 tp=0.2165  [0.3s]
  rho=0.70239 (10/20)
    fp=0.0492 tp=0.3196  [0.2s]
  rho=0.62223 (11/20)
    fp=0.0633 tp=0.3608  [0.7s]
  rho=0.55121 (12/20)
    fp=0.0806 tp=0.4330  [1.1s]
  rho=0.48830 (13/20)
    fp=0.0979 tp=0.4536  [1.7s]
  rho=0.43257 (14/20)
    fp=0.1154 tp=0.5155  [1.9s]
  rho=0.38320 (15/20)
    fp=0.1399 tp=0.6082  [0.4s]
  rho=0.33946 (16/20)
    fp=0.1593 tp=0.6186  [0.6s]
  rho=0.30072 (17/20)
    fp=0.1778 tp=0.6598  [1.4s]
  rho=0.26640 (18/20)
    fp=0.1984 tp=0.7113  [7.4s]
  rho=0.23599 (19/20)
    fp=0.2217 tp=0.7320  [2.9s]
  rho=0.20906 (20/20)
    fp=0.2434 tp=0.7732  [0.7s]
  rho=0.18520 (21/21)  [extra 1/50]
    fp=0.2617 tp=0.8041  [0.8s]
  rho=0.16406 (22/22)  [extra 2/50]
    fp=0.2815 tp=0.8454  [4.8s]
  rho=0.14534 (23/23)  [extra 3/50]
    fp=0.3041 tp=0.8660  [1.0s]
  FPR 0.3041 >= fp_end=0.3; stopping after 23 fits
  [note] 5/23 fits hit a glasso ConvergenceWarning (suppressed)
  grid extended by 3 points down to rho=0.14534, ending at FPR 0.3041
  [warn] mean_roc averages out to FPR 0.300 but the shortest replicate only reached 0.011; its TPR is held flat above that
  [warn] mean_roc averages out to FPR 0.300 but the shortest replicate only reached 0.229; its TPR is held flat above that

(p=100, n=50) over 15 replicates
  t+lasso  (run_em_diagonal):    AUC = 0.194 (SE 0.004)
  ~t+lasso (run_em_exact):       AUC = 0.195 (SE 0.004)
  tlasso   (run_tlasso):         AUC = 0.194 (SE 0.004)
  t*lasso  (run_tstar_varlasso): AUC = 0.191 (SE 0.004)
  glasso   (graphical_lasso):    AUC = 0.142 (SE 0.011)
Replicate 16/50
  Theta: 78/4950 edges
  pilot fit of run_tlasso at rho=30.34854
  -> rho_max = max|S_ij| (off-diag) = 18.92641
  [warn] pilot rho 30.34854 > rho_max 18.92641: it falls off the top of this method's grid
  rho grid: [18.92640757 16.76627592 14.85268704 13.1575022  11.65579424 10.32548103
  9.14700074  8.10302419  7.17820003  6.35892902  5.63316404  4.99023295
  4.42068165  3.91613506  3.469174    3.07322604  2.72246888  2.41174477
  2.1364846   1.89264076]
Running run_tlasso over 20 rho values, extending until FPR >= 0.3...
  rho=18.92641 (1/20)
    fp=0.0000 tp=0.0000  [0.2s]
   nu  = 3.0000
  rho=16.76628 (2/20)
    fp=0.0000 tp=0.0000  [0.2s]
   nu  = 3.0000
  rho=14.85269 (3/20)
    fp=0.0000 tp=0.0000  [0.2s]
   nu  = 3.0000
  rho=13.15750 (4/20)
    fp=0.0000 tp=0.0000  [0.2s]
   nu  = 3.0000
  rho=11.65579 (5/20)
    fp=0.0002 tp=0.0256  [0.3s]
   nu  = 3.0000
  rho=10.32548 (6/20)
    fp=0.0004 tp=0.0256  [0.3s]
   nu  = 3.0000
  rho=9.14700 (7/20)
    fp=0.0004 tp=0.0769  [0.3s]
   nu  = 3.0000
  rho=8.10302 (8/20)
    fp=0.0006 tp=0.1026  [0.4s]
   nu  = 3.0000
  rho=7.17820 (9/20)
    fp=0.0012 tp=0.1410  [0.4s]
   nu  = 3.0000
  rho=6.35893 (10/20)
    fp=0.0023 tp=0.1667  [0.4s]
   nu  = 3.0000
  rho=5.63316 (11/20)
    fp=0.0041 tp=0.1923  [0.4s]
   nu  = 3.0000
  rho=4.99023 (12/20)
    fp=0.0072 tp=0.2179  [0.5s]
   nu  = 3.0000
  rho=4.42068 (13/20)
    fp=0.0125 tp=0.2949  [0.5s]
   nu  = 3.0000
  rho=3.91614 (14/20)
    fp=0.0187 tp=0.3462  [0.5s]
   nu  = 3.0000
  rho=3.46917 (15/20)
    fp=0.0283 tp=0.3718  [0.7s]
   nu  = 3.0000
  rho=3.07323 (16/20)
    fp=0.0497 tp=0.4744  [1.4s]
   nu  = 3.0000
  rho=2.72247 (17/20)
    fp=0.0928 tp=0.5897  [3.4s]
   nu  = 3.0000
  rho=2.41174 (18/20)
    fp=0.2545 tp=0.8077  [46.2s]
   nu  = 3.0000
  rho=2.13648 (19/20)
    fp=0.3007 tp=0.8333  [8.9s]
   nu  = 3.0000
  FPR 0.3007 >= fp_end=0.3; stopping after 19 fits
  grid stopped 1 points early at rho=2.13648, ending at FPR 0.3007
  pilot fit of run_tstar_varlasso at rho=0.30349
  -> rho_max = max|S_ij| (off-diag) = 0.66563
  rho grid: [0.66562883 0.58965848 0.52235886 0.46274037 0.40992633 0.36314012
 0.32169377 0.28497783 0.25245239 0.22363919 0.19811453 0.17550309
 0.15547236 0.1377278  0.12200848 0.10808326 0.09574737 0.08481942
 0.0751387  0.06656288]
Running run_tstar_varlasso over 20 rho values, extending until FPR >= 0.3...
  rho=0.66563 (1/20)
    fp=0.0002 tp=0.0385  [0.3s]
   nu  = 3.0000
  rho=0.58966 (2/20)
    fp=0.0016 tp=0.0769  [0.2s]
   nu  = 3.0000
  rho=0.52236 (3/20)
    fp=0.0025 tp=0.1282  [0.2s]
   nu  = 3.0000
  rho=0.46274 (4/20)
    fp=0.0070 tp=0.1667  [0.3s]
   nu  = 3.0000
  rho=0.40993 (5/20)
    fp=0.0125 tp=0.2436  [0.3s]
   nu  = 3.0000
  rho=0.36314 (6/20)
    fp=0.0197 tp=0.3205  [0.3s]
   nu  = 3.0000
  rho=0.32169 (7/20)
    fp=0.0316 tp=0.3462  [0.3s]
   nu  = 3.0000
  rho=0.28498 (8/20)
    fp=0.0427 tp=0.4103  [0.3s]
   nu  = 3.0000
  rho=0.25245 (9/20)
    fp=0.0616 tp=0.4872  [0.3s]
   nu  = 3.0000
  rho=0.22364 (10/20)
    fp=0.0829 tp=0.5256  [0.4s]
   nu  = 3.0000
  rho=0.19811 (11/20)
    fp=0.1028 tp=0.5897  [0.4s]
   nu  = 3.0000
  rho=0.17550 (12/20)
    fp=0.1246 tp=0.6795  [0.4s]
   nu  = 3.0000
  rho=0.15547 (13/20)
    fp=0.1472 tp=0.7179  [0.3s]
   nu  = 3.0000
  rho=0.13773 (14/20)
    fp=0.1679 tp=0.7179  [0.4s]
   nu  = 3.0000
  rho=0.12201 (15/20)
    fp=0.1880 tp=0.7564  [0.5s]
   nu  = 3.0000
  rho=0.10808 (16/20)
    fp=0.2096 tp=0.7564  [0.5s]
   nu  = 3.0000
  rho=0.09575 (17/20)
    fp=0.2293 tp=0.8205  [0.4s]
   nu  = 3.0000
  rho=0.08482 (18/20)
    fp=0.2496 tp=0.8333  [0.4s]
   nu  = 3.0000
  rho=0.07514 (19/20)
    fp=0.2681 tp=0.8462  [0.6s]
   nu  = 3.0000
  rho=0.06656 (20/20)
    fp=0.2888 tp=0.8590  [0.6s]
   nu  = 3.0000
  rho=0.05897 (21/21)  [extra 1/50]
    fp=0.3073 tp=0.8590  [0.6s]
   nu  = 3.0000
  FPR 0.3073 >= fp_end=0.3; stopping after 21 fits
  grid extended by 1 points down to rho=0.05897, ending at FPR 0.3073
  pilot fit of run_em_diagonal at rho=0.30349
  -> rho_max = max|S_ij| (off-diag) = 0.68263
  rho grid: [0.68262597 0.60471568 0.53569754 0.47455666 0.42039398 0.37241307
 0.32990837 0.29225487 0.25889888 0.22934992 0.20317348 0.17998464
 0.15944241 0.14124474 0.12512402 0.11084322 0.09819233 0.08698532
 0.07705741 0.0682626 ]
Running run_em_diagonal over 20 rho values, extending until FPR >= 0.3...
  rho=0.68263 (1/20)
    fp=0.0133 tp=0.1410  [20.8s]
   median nu  = 0.372
   median |eta| = 0.846
  rho=0.60472 (2/20)
    fp=0.0174 tp=0.1795  [22.5s]
   median nu  = 0.415
   median |eta| = 0.732
  rho=0.53570 (3/20)
    fp=0.0234 tp=0.2949  [21.0s]
   median nu  = 0.464
   median |eta| = 0.584
  rho=0.47456 (4/20)
    fp=0.0330 tp=0.3205  [23.5s]
   median nu  = 0.513
   median |eta| = 0.466
  rho=0.42039 (5/20)
    fp=0.0413 tp=0.3974  [77.5s]
   median nu  = 0.572
   median |eta| = 0.393
  rho=0.37241 (6/20)
    fp=0.0515 tp=0.4744  [79.3s]
   median nu  = 0.652
   median |eta| = 0.319
  rho=0.32991 (7/20)
    fp=0.0628 tp=0.5000  [90.5s]
   median nu  = 0.698
   median |eta| = 0.274
  rho=0.29225 (8/20)
    fp=0.0761 tp=0.5769  [81.6s]
   median nu  = 0.746
   median |eta| = 0.226
  rho=0.25890 (9/20)
    fp=0.0895 tp=0.6154  [38.3s]
   median nu  = 0.824
   median |eta| = 0.196
  rho=0.22935 (10/20)
    fp=0.1067 tp=0.6538  [96.9s]
   median nu  = 0.883
   median |eta| = 0.16
  rho=0.20317 (11/20)
    fp=0.1217 tp=0.6795  [50.6s]
   median nu  = 0.949
   median |eta| = 0.126
  rho=0.17998 (12/20)
    fp=0.1351 tp=0.6923  [28.1s]
   median nu  = 1.011
   median |eta| = 0.102
  rho=0.15944 (13/20)
    fp=0.1496 tp=0.7051  [79.0s]
   median nu  = 1.078
   median |eta| = 0.084
  rho=0.14124 (14/20)
    fp=0.1593 tp=0.7179  [88.7s]
   median nu  = 1.168
   median |eta| = 0.072
  rho=0.12512 (15/20)
    fp=0.1751 tp=0.7436  [30.7s]
   median nu  = 1.262
   median |eta| = 0.058
  rho=0.11084 (16/20)
    fp=0.1878 tp=0.7564  [91.3s]
   median nu  = 1.347
   median |eta| = 0.05
  rho=0.09819 (17/20)
    fp=0.2038 tp=0.8077  [106.6s]
   median nu  = 1.432
   median |eta| = 0.04
  rho=0.08699 (18/20)
    fp=0.2167 tp=0.8205  [80.0s]
   median nu  = 1.519
   median |eta| = 0.033
  rho=0.07706 (19/20)
    fp=0.2309 tp=0.8205  [89.9s]
   median nu  = 1.61
   median |eta| = 0.027
  rho=0.06826 (20/20)
    fp=0.2451 tp=0.8333  [88.3s]
   median nu  = 1.707
   median |eta| = 0.022
  rho=0.06047 (21/21)  [extra 1/50]
    fp=0.2590 tp=0.8333  [82.5s]
   median nu  = 1.799
   median |eta| = 0.017
  rho=0.05357 (22/22)  [extra 2/50]
    fp=0.2736 tp=0.8718  [80.6s]
   median nu  = 1.925
   median |eta| = 0.015
  rho=0.04746 (23/23)  [extra 3/50]
    fp=0.2874 tp=0.8718  [29.9s]
   median nu  = 2.031
   median |eta| = 0.012
  rho=0.04204 (24/24)  [extra 4/50]
    fp=0.3003 tp=0.8718  [25.2s]
   median nu  = 2.148
   median |eta| = 0.01
  FPR 0.3003 >= fp_end=0.3; stopping after 24 fits
  grid extended by 4 points down to rho=0.04204, ending at FPR 0.3003
  pilot fit of run_em_exact at rho=0.30349
  -> rho_max = max|S_ij| (off-diag) = 0.71810
  rho grid: [0.71809796 0.63613913 0.56353453 0.49921653 0.44223934 0.39176515
 0.34705173 0.30744161 0.27235231 0.24126787 0.21373119 0.18933736
 0.16772768 0.14858438 0.13162597 0.11660308 0.10329479 0.09150543
 0.08106162 0.0718098 ]
Running run_em_exact over 20 rho values, extending until FPR >= 0.3...
  rho=0.71810 (1/20)
    fp=0.0117 tp=0.1282  [20.0s]
   median nu  = 0.349
   median |eta| = 0.884
  rho=0.63614 (2/20)
    fp=0.0158 tp=0.1538  [23.0s]
   median nu  = 0.397
   median |eta| = 0.719
  rho=0.56353 (3/20)
    fp=0.0203 tp=0.2308  [21.2s]
   median nu  = 0.445
   median |eta| = 0.552
  rho=0.49922 (4/20)
    fp=0.0300 tp=0.2949  [24.5s]
   median nu  = 0.507
   median |eta| = 0.456
  rho=0.44224 (5/20)
    fp=0.0380 tp=0.3462  [23.1s]
   median nu  = 0.56
   median |eta| = 0.353
  rho=0.39177 (6/20)
    fp=0.0468 tp=0.4231  [75.3s]
   median nu  = 0.637
   median |eta| = 0.259
  rho=0.34705 (7/20)
    fp=0.0593 tp=0.5000  [94.6s]
   median nu  = 0.704
   median |eta| = 0.205
  rho=0.30744 (8/20)
    fp=0.0714 tp=0.5256  [97.7s]
   median nu  = 0.765
   median |eta| = 0.16
  rho=0.27235 (9/20)
    fp=0.0856 tp=0.6026  [90.7s]
   median nu  = 0.823
   median |eta| = 0.118
  rho=0.24127 (10/20)
    fp=0.1018 tp=0.6282  [89.3s]
   median nu  = 0.903
   median |eta| = 0.083
  rho=0.21373 (11/20)
    fp=0.1172 tp=0.6923  [86.7s]
   median nu  = 0.971
   median |eta| = 0.063
  rho=0.18934 (12/20)
    fp=0.1307 tp=0.6923  [79.0s]
   median nu  = 1.046
   median |eta| = 0.049
  rho=0.16773 (13/20)
    fp=0.1461 tp=0.6923  [71.2s]
   median nu  = 1.121
   median |eta| = 0.04
  rho=0.14858 (14/20)
    fp=0.1574 tp=0.7308  [51.9s]
   median nu  = 1.206
   median |eta| = 0.032
  rho=0.13163 (15/20)
    fp=0.1691 tp=0.7308  [20.5s]
   median nu  = 1.298
   median |eta| = 0.026
  rho=0.11660 (16/20)
    fp=0.1856 tp=0.7564  [17.9s]
   median nu  = 1.393
   median |eta| = 0.022
  rho=0.10329 (17/20)
    fp=0.1995 tp=0.7821  [18.2s]
   median nu  = 1.496
   median |eta| = 0.019
  rho=0.09151 (18/20)
    fp=0.2139 tp=0.8590  [16.2s]
   median nu  = 1.596
   median |eta| = 0.015
  rho=0.08106 (19/20)
    fp=0.2252 tp=0.8590  [14.7s]
   median nu  = 1.682
   median |eta| = 0.012
  rho=0.07181 (20/20)
    fp=0.2397 tp=0.8590  [14.8s]
   median nu  = 1.765
   median |eta| = 0.009
  rho=0.06361 (21/21)  [extra 1/50]
    fp=0.2553 tp=0.8590  [17.3s]
   median nu  = 1.85
   median |eta| = 0.006
  rho=0.05635 (22/22)  [extra 2/50]
    fp=0.2724 tp=0.8718  [14.6s]
   median nu  = 1.947
   median |eta| = 0.005
  rho=0.04992 (23/23)  [extra 3/50]
    fp=0.2880 tp=0.8718  [10.7s]
   median nu  = 2.044
   median |eta| = 0.004
  rho=0.04422 (24/24)  [extra 4/50]
    fp=0.3003 tp=0.8718  [9.0s]
   median nu  = 2.163
   median |eta| = 0.004
  FPR 0.3003 >= fp_end=0.3; stopping after 24 fits
  grid extended by 4 points down to rho=0.04422, ending at FPR 0.3003
  graphical_lasso rho_max = max|S_ij| (off-diag) = 3.56185
  rho grid: [3.56184934 3.15532404 2.79519678 2.476172   2.19355855 1.94320067
 1.72141694 1.5249461  1.35089911 1.19671666 1.06013154 0.93913533
 0.8319488  0.73699581 0.65288011 0.57836481 0.51235418 0.45387755
 0.40207505 0.35618493]
Running graphical_lasso over 20 rho values, extending until FPR >= 0.3...
  rho=3.56185 (1/20)
    fp=0.0000 tp=0.0000  [0.0s]
  rho=3.15532 (2/20)
    fp=0.0010 tp=0.0000  [0.0s]
  rho=2.79520 (3/20)
    fp=0.0018 tp=0.0128  [0.0s]
  rho=2.47617 (4/20)
    fp=0.0023 tp=0.0128  [0.0s]
  rho=2.19356 (5/20)
    fp=0.0039 tp=0.0128  [0.0s]
  rho=1.94320 (6/20)
    fp=0.0078 tp=0.0385  [23.4s]
  rho=1.72142 (7/20)
    fp=0.0107 tp=0.0641  [0.1s]
  rho=1.52495 (8/20)
    fp=0.0174 tp=0.0897  [0.3s]
  rho=1.35090 (9/20)
    fp=0.0228 tp=0.1154  [0.7s]
  rho=1.19672 (10/20)
    fp=0.0349 tp=0.1410  [0.2s]
  rho=1.06013 (11/20)
    fp=0.0484 tp=0.1795  [1.3s]
  rho=0.93914 (12/20)
    fp=0.0630 tp=0.2308  [0.4s]
  rho=0.83195 (13/20)
    fp=0.0796 tp=0.2821  [3.8s]
  rho=0.73700 (14/20)
    fp=0.0942 tp=0.3205  [13.0s]
  rho=0.65288 (15/20)
    fp=0.1086 tp=0.4103  [2.7s]
  rho=0.57836 (16/20)
    fp=0.1275 tp=0.4487  [90.0s]
  rho=0.51235 (17/20)
    fp=0.1379 tp=0.5000  [138.7s]
  rho=0.45388 (18/20)
    fp=0.1541 tp=0.5256  [130.5s]
  rho=0.40208 (19/20)
    fp=0.1716 tp=0.5769  [95.9s]
  rho=0.35618 (20/20)
    fp=0.1870 tp=0.6154  [23.4s]
  rho=0.31553 (21/21)  [extra 1/50]
    fp=0.2075 tp=0.6923  [22.8s]
  rho=0.27952 (22/22)  [extra 2/50]
    fp=0.2276 tp=0.7308  [93.3s]
  rho=0.24762 (23/23)  [extra 3/50]
    fp=0.2469 tp=0.7308  [4.2s]
  rho=0.21936 (24/24)  [extra 4/50]
    fp=0.2666 tp=0.7436  [14.2s]
  rho=0.19432 (25/25)  [extra 5/50]
    fp=0.2874 tp=0.7692  [1.4s]
  rho=0.17214 (26/26)  [extra 6/50]
    fp=0.3036 tp=0.7949  [4.7s]
  FPR 0.3036 >= fp_end=0.3; stopping after 26 fits
  [note] 3/26 fits hit a glasso ConvergenceWarning (suppressed)
  grid extended by 6 points down to rho=0.17214, ending at FPR 0.3036
  [warn] mean_roc averages out to FPR 0.300 but the shortest replicate only reached 0.011; its TPR is held flat above that
  [warn] mean_roc averages out to FPR 0.300 but the shortest replicate only reached 0.229; its TPR is held flat above that

(p=100, n=50) over 16 replicates
  t+lasso  (run_em_diagonal):    AUC = 0.194 (SE 0.004)
  ~t+lasso (run_em_exact):       AUC = 0.195 (SE 0.004)
  tlasso   (run_tlasso):         AUC = 0.194 (SE 0.004)
  t*lasso  (run_tstar_varlasso): AUC = 0.191 (SE 0.004)
  glasso   (graphical_lasso):    AUC = 0.142 (SE 0.010)
Replicate 17/50
  Theta: 96/4950 edges
  pilot fit of run_tlasso at rho=30.34854
  -> rho_max = max|S_ij| (off-diag) = 21.21380
  [warn] pilot rho 30.34854 > rho_max 21.21380: it falls off the top of this method's grid
  rho grid: [21.21380366 18.79260416 16.64774393 14.74768349 13.06448304 11.57339166
 10.25248332  9.08233449  8.04573851  7.12745255  6.31397351  5.59333945
  4.95495367  4.3894289   3.88844929  3.44464809  3.05149935  2.70322194
  2.39469454  2.12138037]
Running run_tlasso over 20 rho values, extending until FPR >= 0.3...
  rho=21.21380 (1/20)
    fp=0.0000 tp=0.0000  [0.3s]
   nu  = 3.0000
  rho=18.79260 (2/20)
    fp=0.0000 tp=0.0000  [0.1s]
   nu  = 3.0000
  rho=16.64774 (3/20)
    fp=0.0000 tp=0.0104  [0.3s]
   nu  = 3.0000
  rho=14.74768 (4/20)
    fp=0.0000 tp=0.0208  [0.4s]
   nu  = 3.0000
  rho=13.06448 (5/20)
    fp=0.0000 tp=0.0208  [0.5s]
   nu  = 3.0000
  rho=11.57339 (6/20)
    fp=0.0000 tp=0.0208  [0.3s]
   nu  = 3.0000
  rho=10.25248 (7/20)
    fp=0.0000 tp=0.0312  [0.3s]
   nu  = 3.0000
  rho=9.08233 (8/20)
    fp=0.0000 tp=0.0729  [0.3s]
   nu  = 3.0000
  rho=8.04574 (9/20)
    fp=0.0002 tp=0.0833  [0.3s]
   nu  = 3.0000
  rho=7.12745 (10/20)
    fp=0.0004 tp=0.0833  [0.3s]
   nu  = 3.0000
  rho=6.31397 (11/20)
    fp=0.0004 tp=0.1250  [0.4s]
   nu  = 3.0000
  rho=5.59334 (12/20)
    fp=0.0010 tp=0.1562  [0.4s]
   nu  = 3.0000
  rho=4.95495 (13/20)
    fp=0.0031 tp=0.1667  [0.4s]
   nu  = 3.0000
  rho=4.38943 (14/20)
    fp=0.0060 tp=0.1875  [0.5s]
   nu  = 3.0000
  rho=3.88845 (15/20)
    fp=0.0113 tp=0.1979  [0.7s]
   nu  = 3.0000
  rho=3.44465 (16/20)
    fp=0.0157 tp=0.2500  [0.7s]
   nu  = 3.0000
  rho=3.05150 (17/20)
    fp=0.0243 tp=0.3021  [0.9s]
   nu  = 3.0000
  rho=2.70322 (18/20)
    fp=0.0391 tp=0.3750  [0.7s]
   nu  = 3.0000
  rho=2.39469 (19/20)
    fp=0.0620 tp=0.4896  [1.2s]
   nu  = 3.0000
  rho=2.12138 (20/20)
    fp=0.0956 tp=0.6562  [2.0s]
   nu  = 3.0000
  rho=1.87926 (21/21)  [extra 1/50]
    fp=0.1510 tp=0.7708  [3.0s]
   nu  = 3.0000
  rho=1.66477 (22/22)  [extra 2/50]
    fp=0.2122 tp=0.8125  [3.5s]
   nu  = 3.0000
  rho=1.47477 (23/23)  [extra 3/50]
    fp=0.2703 tp=0.8229  [4.1s]
   nu  = 3.0000
  rho=1.30645 (24/24)  [extra 4/50]
    fp=0.3090 tp=0.8646  [4.6s]
   nu  = 3.0000
  FPR 0.3090 >= fp_end=0.3; stopping after 24 fits
  grid extended by 4 points down to rho=1.30645, ending at FPR 0.3090
  pilot fit of run_tstar_varlasso at rho=0.30349
  -> rho_max = max|S_ij| (off-diag) = 0.62729
  rho grid: [0.62728846 0.55569401 0.49227087 0.43608642 0.38631447 0.34222316
 0.30316414 0.26856304 0.23791108 0.21075752 0.18670309 0.16539407
 0.14651711 0.12979464 0.11498076 0.10185764 0.0902323  0.0799338
 0.0708107  0.06272885]
Running run_tstar_varlasso over 20 rho values, extending until FPR >= 0.3...
  rho=0.62729 (1/20)
    fp=0.0000 tp=0.0312  [0.5s]
   nu  = 3.0000
  rho=0.55569 (2/20)
    fp=0.0000 tp=0.0312  [0.4s]
   nu  = 3.0000
  rho=0.49227 (3/20)
    fp=0.0000 tp=0.0521  [0.4s]
   nu  = 3.0000
  rho=0.43609 (4/20)
    fp=0.0002 tp=0.0938  [0.6s]
   nu  = 3.0000
  rho=0.38631 (5/20)
    fp=0.0004 tp=0.1146  [0.6s]
   nu  = 3.0000
  rho=0.34222 (6/20)
    fp=0.0023 tp=0.1667  [0.6s]
   nu  = 3.0000
  rho=0.30316 (7/20)
    fp=0.0035 tp=0.1875  [0.4s]
   nu  = 3.0000
  rho=0.26856 (8/20)
    fp=0.0093 tp=0.2083  [0.4s]
   nu  = 3.0000
  rho=0.23791 (9/20)
    fp=0.0181 tp=0.2500  [0.5s]
   nu  = 3.0000
  rho=0.21076 (10/20)
    fp=0.0266 tp=0.2917  [0.5s]
   nu  = 3.0000
  rho=0.18670 (11/20)
    fp=0.0404 tp=0.3854  [0.3s]
   nu  = 3.0000
  rho=0.16539 (12/20)
    fp=0.0536 tp=0.4167  [0.4s]
   nu  = 3.0000
  rho=0.14652 (13/20)
    fp=0.0746 tp=0.5833  [0.6s]
   nu  = 3.0000
  rho=0.12979 (14/20)
    fp=0.0939 tp=0.6250  [0.5s]
   nu  = 3.0000
  rho=0.11498 (15/20)
    fp=0.1174 tp=0.6562  [0.5s]
   nu  = 3.0000
  rho=0.10186 (16/20)
    fp=0.1417 tp=0.7083  [0.7s]
   nu  = 3.0000
  rho=0.09023 (17/20)
    fp=0.1642 tp=0.7604  [0.6s]
   nu  = 3.0000
  rho=0.07993 (18/20)
    fp=0.1871 tp=0.8021  [0.7s]
   nu  = 3.0000
  rho=0.07081 (19/20)
    fp=0.2095 tp=0.8542  [0.4s]
   nu  = 3.0000
  rho=0.06273 (20/20)
    fp=0.2303 tp=0.8646  [0.6s]
   nu  = 3.0000
  rho=0.05557 (21/21)  [extra 1/50]
    fp=0.2522 tp=0.8854  [0.5s]
   nu  = 3.0000
  rho=0.04923 (22/22)  [extra 2/50]
    fp=0.2763 tp=0.8958  [0.8s]
   nu  = 3.0000
  rho=0.04361 (23/23)  [extra 3/50]
    fp=0.2960 tp=0.8958  [1.0s]
   nu  = 3.0000
  rho=0.03863 (24/24)  [extra 4/50]
    fp=0.3201 tp=0.8958  [1.0s]
   nu  = 3.0000
  FPR 0.3201 >= fp_end=0.3; stopping after 24 fits
  grid extended by 4 points down to rho=0.03863, ending at FPR 0.3201
  pilot fit of run_em_diagonal at rho=0.30349
  -> rho_max = max|S_ij| (off-diag) = 0.76991
  rho grid: [0.76990714 0.68203517 0.60419231 0.5352339  0.47414594 0.42003014
 0.37209075 0.32962284 0.29200193 0.25867481 0.22915142 0.20299764
 0.17982886 0.15930442 0.14112249 0.12501573 0.11074728 0.09810734
 0.08691004 0.07699071]
Running run_em_diagonal over 20 rho values, extending until FPR >= 0.3...
  rho=0.76991 (1/20)
    fp=0.0002 tp=0.0729  [29.9s]
   median nu  = 0.044
   median |eta| = 4.5
  rho=0.68204 (2/20)
    fp=0.0004 tp=0.0833  [31.7s]
   median nu  = 0.047
   median |eta| = 4.088
  rho=0.60419 (3/20)
    fp=0.0010 tp=0.1146  [24.4s]
   median nu  = 0.052
   median |eta| = 3.794
  rho=0.53523 (4/20)
    fp=0.0025 tp=0.1562  [21.5s]
   median nu  = 0.058
   median |eta| = 3.548
  rho=0.47415 (5/20)
    fp=0.0064 tp=0.1771  [36.8s]
   median nu  = 0.065
   median |eta| = 3.282
  rho=0.42003 (6/20)
    fp=0.0128 tp=0.1979  [83.9s]
   median nu  = 0.078
   median |eta| = 2.913
  rho=0.37209 (7/20)
    fp=0.0204 tp=0.2292  [82.3s]
   median nu  = 0.093
   median |eta| = 2.764
  rho=0.32962 (8/20)
    fp=0.0293 tp=0.3229  [83.6s]
   median nu  = 0.115
   median |eta| = 2.648
  rho=0.29200 (9/20)
    fp=0.0414 tp=0.4062  [69.3s]
   median nu  = 0.149
   median |eta| = 2.387
  rho=0.25867 (10/20)
    fp=0.0550 tp=0.4479  [85.0s]
   median nu  = 0.182
   median |eta| = 2.023
  rho=0.22915 (11/20)
    fp=0.0670 tp=0.5000  [77.8s]
   median nu  = 0.222
   median |eta| = 1.774
  rho=0.20300 (12/20)
    fp=0.0816 tp=0.6354  [30.2s]
   median nu  = 0.275
   median |eta| = 1.704
  rho=0.17983 (13/20)
    fp=0.1014 tp=0.7083  [54.0s]
   median nu  = 0.309
   median |eta| = 1.469
  rho=0.15930 (14/20)
    fp=0.1199 tp=0.7396  [95.3s]
   median nu  = 0.375
   median |eta| = 1.161
  rho=0.14112 (15/20)
    fp=0.1364 tp=0.7500  [43.0s]
   median nu  = 0.399
   median |eta| = 0.836
  rho=0.12502 (16/20)
    fp=0.1475 tp=0.8021  [53.1s]
   median nu  = 0.447
   median |eta| = 0.687
  rho=0.11075 (17/20)
    fp=0.1634 tp=0.8021  [117.8s]
   median nu  = 0.515
   median |eta| = 0.458
  rho=0.09811 (18/20)
    fp=0.1819 tp=0.8438  [94.4s]
   median nu  = 0.609
   median |eta| = 0.307
  rho=0.08691 (19/20)
    fp=0.1932 tp=0.8438  [95.2s]
   median nu  = 0.725
   median |eta| = 0.196
  rho=0.07699 (20/20)
    fp=0.2037 tp=0.8438  [95.6s]
   median nu  = 0.84
   median |eta| = 0.147
  rho=0.06820 (21/21)  [extra 1/50]
    fp=0.2163 tp=0.8542  [91.7s]
   median nu  = 0.933
   median |eta| = 0.106
  rho=0.06042 (22/22)  [extra 2/50]
    fp=0.2303 tp=0.8646  [87.1s]
   median nu  = 1.021
   median |eta| = 0.076
  rho=0.05352 (23/23)  [extra 3/50]
    fp=0.2447 tp=0.8646  [31.8s]
   median nu  = 1.106
   median |eta| = 0.054
  rho=0.04741 (24/24)  [extra 4/50]
    fp=0.2528 tp=0.8750  [26.1s]
   median nu  = 1.213
   median |eta| = 0.04
  rho=0.04200 (25/25)  [extra 5/50]
    fp=0.2647 tp=0.8750  [28.9s]
   median nu  = 1.345
   median |eta| = 0.029
  rho=0.03721 (26/26)  [extra 6/50]
    fp=0.2744 tp=0.8958  [26.4s]
   median nu  = 1.428
   median |eta| = 0.024
  rho=0.03296 (27/27)  [extra 7/50]
    fp=0.2859 tp=0.8854  [25.4s]
   median nu  = 1.581
   median |eta| = 0.02
  rho=0.02920 (28/28)  [extra 8/50]
    fp=0.2993 tp=0.8958  [25.5s]
   median nu  = 1.672
   median |eta| = 0.017
  rho=0.02587 (29/29)  [extra 9/50]
    fp=0.3131 tp=0.8854  [25.5s]
   median nu  = 1.811
   median |eta| = 0.012
  FPR 0.3131 >= fp_end=0.3; stopping after 29 fits
  grid extended by 9 points down to rho=0.02587, ending at FPR 0.3131
  pilot fit of run_em_exact at rho=0.30349
  -> rho_max = max|S_ij| (off-diag) = 0.77308
  rho grid: [0.77307882 0.68484485 0.60668131 0.53743883 0.47609921 0.42176048
 0.3736236  0.33098074 0.29320485 0.25974044 0.23009543 0.2038339
 0.18056968 0.15996068 0.14170386 0.12553074 0.11120351 0.0985115
 0.08726807 0.07730788]
Running run_em_exact over 20 rho values, extending until FPR >= 0.3...
  rho=0.77308 (1/20)
    fp=0.0002 tp=0.0729  [88.3s]
   median nu  = 0.044
   median |eta| = 4.101
  rho=0.68484 (2/20)
    fp=0.0004 tp=0.0833  [94.4s]
   median nu  = 0.047
   median |eta| = 3.783
  rho=0.60668 (3/20)
    fp=0.0010 tp=0.1146  [88.4s]
   median nu  = 0.052
   median |eta| = 3.697
  rho=0.53744 (4/20)
    fp=0.0025 tp=0.1562  [84.1s]
   median nu  = 0.057
   median |eta| = 3.418
  rho=0.47610 (5/20)
    fp=0.0064 tp=0.1771  [83.2s]
   median nu  = 0.065
   median |eta| = 3.002
  rho=0.42176 (6/20)
    fp=0.0130 tp=0.1875  [88.1s]
   median nu  = 0.077
   median |eta| = 2.741
  rho=0.37362 (7/20)
    fp=0.0206 tp=0.2188  [81.6s]
   median nu  = 0.093
   median |eta| = 2.434
  rho=0.33098 (8/20)
    fp=0.0299 tp=0.3229  [76.8s]
   median nu  = 0.118
   median |eta| = 2.022
  rho=0.29320 (9/20)
    fp=0.0416 tp=0.4062  [30.5s]
   median nu  = 0.161
   median |eta| = 1.547
  rho=0.25974 (10/20)
    fp=0.0562 tp=0.4375  [26.3s]
   median nu  = 0.204
   median |eta| = 0.986
  rho=0.23010 (11/20)
    fp=0.0686 tp=0.5104  [24.8s]
   median nu  = 0.258
   median |eta| = 0.703
  rho=0.20383 (12/20)
    fp=0.0841 tp=0.6250  [22.6s]
   median nu  = 0.341
   median |eta| = 0.494
  rho=0.18057 (13/20)
    fp=0.1044 tp=0.6979  [27.3s]
   median nu  = 0.415
   median |eta| = 0.346
  rho=0.15996 (14/20)
    fp=0.1201 tp=0.7396  [25.5s]
   median nu  = 0.499
   median |eta| = 0.218
  rho=0.14170 (15/20)
    fp=0.1386 tp=0.7500  [21.6s]
   median nu  = 0.585
   median |eta| = 0.173
  rho=0.12553 (16/20)
    fp=0.1547 tp=0.8125  [18.7s]
   median nu  = 0.676
   median |eta| = 0.128
  rho=0.11120 (17/20)
    fp=0.1700 tp=0.8229  [45.6s]
   median nu  = 0.774
   median |eta| = 0.08
  rho=0.09851 (18/20)
    fp=0.1869 tp=0.8542  [88.8s]
   median nu  = 0.862
   median |eta| = 0.059
  rho=0.08727 (19/20)
    fp=0.2009 tp=0.8750  [88.6s]
   median nu  = 0.967
   median |eta| = 0.039
  rho=0.07731 (20/20)
    fp=0.2132 tp=0.8854  [74.1s]
   median nu  = 1.066
   median |eta| = 0.028
  rho=0.06848 (21/21)  [extra 1/50]
    fp=0.2256 tp=0.8958  [71.7s]
   median nu  = 1.165
   median |eta| = 0.023
  rho=0.06067 (22/22)  [extra 2/50]
    fp=0.2396 tp=0.8958  [61.2s]
   median nu  = 1.261
   median |eta| = 0.018
  rho=0.05374 (23/23)  [extra 3/50]
    fp=0.2511 tp=0.8958  [48.1s]
   median nu  = 1.364
   median |eta| = 0.016
  rho=0.04761 (24/24)  [extra 4/50]
    fp=0.2639 tp=0.9062  [35.4s]
   median nu  = 1.474
   median |eta| = 0.012
  rho=0.04218 (25/25)  [extra 5/50]
    fp=0.2789 tp=0.9062  [85.5s]
   median nu  = 1.58
   median |eta| = 0.01
  rho=0.03736 (26/26)  [extra 6/50]
    fp=0.2892 tp=0.9062  [29.7s]
   median nu  = 1.686
   median |eta| = 0.007
  rho=0.03310 (27/27)  [extra 7/50]
    fp=0.3016 tp=0.9167  [27.3s]
   median nu  = 1.791
   median |eta| = 0.006
  FPR 0.3016 >= fp_end=0.3; stopping after 27 fits
  grid extended by 7 points down to rho=0.03310, ending at FPR 0.3016
  graphical_lasso rho_max = max|S_ij| (off-diag) = 1.42115
  rho grid: [1.42115284 1.25895211 1.11526386 0.98797522 0.87521444 0.7753234
 0.68683326 0.60844277 0.53899925 0.47748153 0.42298503 0.37470839
 0.33194172 0.29405615 0.26049458 0.23076349 0.20442571 0.18109395
 0.16042512 0.14211528]
Running graphical_lasso over 20 rho values, extending until FPR >= 0.3...
  rho=1.42115 (1/20)
    fp=0.0000 tp=0.0000  [0.1s]
  rho=1.25895 (2/20)
    fp=0.0000 tp=0.0208  [0.2s]
  rho=1.11526 (3/20)
    fp=0.0000 tp=0.0208  [0.2s]
  rho=0.98798 (4/20)
    fp=0.0000 tp=0.0312  [0.1s]
  rho=0.87521 (5/20)
    fp=0.0002 tp=0.0417  [0.1s]
  rho=0.77532 (6/20)
    fp=0.0010 tp=0.0833  [135.6s]
  rho=0.68683 (7/20)
    fp=0.0043 tp=0.1250  [80.9s]
  rho=0.60844 (8/20)
    fp=0.0095 tp=0.1771  [37.3s]
  rho=0.53900 (9/20)
    fp=0.0183 tp=0.1979  [39.5s]
  rho=0.47748 (10/20)
    fp=0.0299 tp=0.1979  [34.3s]
  rho=0.42299 (11/20)
    fp=0.0453 tp=0.2500  [39.0s]
  rho=0.37471 (12/20)
    fp=0.0651 tp=0.3542  [0.1s]
  rho=0.33194 (13/20)
    fp=0.0863 tp=0.4375  [0.2s]
  rho=0.29406 (14/20)
    fp=0.1059 tp=0.4896  [0.1s]
  rho=0.26049 (15/20)
    fp=0.1286 tp=0.6042  [0.4s]
  rho=0.23076 (16/20)
    fp=0.1520 tp=0.6667  [0.1s]
  rho=0.20443 (17/20)
    fp=0.1735 tp=0.7500  [0.2s]
  rho=0.18109 (18/20)
    fp=0.1984 tp=0.7500  [0.2s]
  rho=0.16043 (19/20)
    fp=0.2184 tp=0.7708  [0.2s]
  rho=0.14212 (20/20)
    fp=0.2410 tp=0.8229  [2.5s]
  rho=0.12590 (21/21)  [extra 1/50]
    fp=0.2656 tp=0.8438  [0.2s]
  rho=0.11153 (22/22)  [extra 2/50]
    fp=0.2917 tp=0.8438  [0.3s]
  rho=0.09880 (23/23)  [extra 3/50]
    fp=0.3204 tp=0.8750  [0.1s]
  FPR 0.3204 >= fp_end=0.3; stopping after 23 fits
  [note] 6/23 fits hit a glasso ConvergenceWarning (suppressed)
  grid extended by 3 points down to rho=0.09880, ending at FPR 0.3204
  [warn] mean_roc averages out to FPR 0.300 but the shortest replicate only reached 0.011; its TPR is held flat above that
  [warn] mean_roc averages out to FPR 0.300 but the shortest replicate only reached 0.229; its TPR is held flat above that

(p=100, n=50) over 17 replicates
  t+lasso  (run_em_diagonal):    AUC = 0.195 (SE 0.004)
  ~t+lasso (run_em_exact):       AUC = 0.196 (SE 0.004)
  tlasso   (run_tlasso):         AUC = 0.194 (SE 0.004)
  t*lasso  (run_tstar_varlasso): AUC = 0.192 (SE 0.004)
  glasso   (graphical_lasso):    AUC = 0.144 (SE 0.010)
Replicate 18/50
  Theta: 97/4950 edges
  pilot fit of run_tlasso at rho=30.34854
  -> rho_max = max|S_ij| (off-diag) = 18.08434
  [warn] pilot rho 30.34854 > rho_max 18.08434: it falls off the top of this method's grid
  rho grid: [18.08433787 16.02031434 14.19186445 12.57210141 11.13720713  9.86608193
  8.74003433  7.74250616  6.85882908  6.07600891  5.38253451  4.76820857
  4.22399762  3.74189922  3.31482425  2.93649272  2.60134138  2.30444194
  2.04142858  1.80843379]
Running run_tlasso over 20 rho values, extending until FPR >= 0.3...
  rho=18.08434 (1/20)
    fp=0.0000 tp=0.0000  [0.4s]
   nu  = 3.0000
  rho=16.02031 (2/20)
    fp=0.0000 tp=0.0000  [0.2s]
   nu  = 3.0000
  rho=14.19186 (3/20)
    fp=0.0000 tp=0.0000  [0.2s]
   nu  = 3.0000
  rho=12.57210 (4/20)
    fp=0.0000 tp=0.0103  [0.6s]
   nu  = 3.0000
  rho=11.13721 (5/20)
    fp=0.0002 tp=0.0103  [0.6s]
   nu  = 3.0000
  rho=9.86608 (6/20)
    fp=0.0006 tp=0.0309  [0.6s]
   nu  = 3.0000
  rho=8.74003 (7/20)
    fp=0.0012 tp=0.0412  [0.6s]
   nu  = 3.0000
  rho=7.74251 (8/20)
    fp=0.0027 tp=0.0412  [0.7s]
   nu  = 3.0000
  rho=6.85883 (9/20)
    fp=0.0033 tp=0.0515  [0.6s]
   nu  = 3.0000
  rho=6.07601 (10/20)
    fp=0.0045 tp=0.0515  [0.5s]
   nu  = 3.0000
  rho=5.38253 (11/20)
    fp=0.0068 tp=0.0722  [0.7s]
   nu  = 3.0000
  rho=4.76821 (12/20)
    fp=0.0099 tp=0.1546  [0.9s]
   nu  = 3.0000
  rho=4.22400 (13/20)
    fp=0.0159 tp=0.1959  [0.8s]
   nu  = 3.0000
  rho=3.74190 (14/20)
    fp=0.0258 tp=0.3093  [0.7s]
   nu  = 3.0000
  rho=3.31482 (15/20)
    fp=0.0385 tp=0.4021  [0.8s]
   nu  = 3.0000
  rho=2.93649 (16/20)
    fp=0.0581 tp=0.4742  [1.7s]
   nu  = 3.0000
  rho=2.60134 (17/20)
    fp=0.0985 tp=0.5773  [4.3s]
   nu  = 3.0000
  rho=2.30444 (18/20)
    fp=0.1879 tp=0.7113  [9.7s]
   nu  = 3.0000
  rho=2.04143 (19/20)
    fp=0.2312 tp=0.7732  [8.7s]
   nu  = 3.0000
  rho=1.80843 (20/20)
    fp=0.2728 tp=0.7835  [5.4s]
   nu  = 3.0000
  rho=1.60203 (21/21)  [extra 1/50]
    fp=0.3081 tp=0.8247  [11.2s]
   nu  = 3.0000
  FPR 0.3081 >= fp_end=0.3; stopping after 21 fits
  grid extended by 1 points down to rho=1.60203, ending at FPR 0.3081
  pilot fit of run_tstar_varlasso at rho=0.30349
  -> rho_max = max|S_ij| (off-diag) = 0.74301
  rho grid: [0.74300604 0.65820437 0.5830814  0.51653244 0.45757894 0.40535399
 0.35908963 0.31810558 0.28179917 0.24963653 0.22114471 0.19590475
 0.17354552 0.15373821 0.13619157 0.12064759 0.1068777  0.0946794
 0.08387334 0.0743006 ]
Running run_tstar_varlasso over 20 rho values, extending until FPR >= 0.3...
  rho=0.74301 (1/20)
    fp=0.0000 tp=0.0103  [0.3s]
   nu  = 3.0000
  rho=0.65820 (2/20)
    fp=0.0002 tp=0.0309  [0.3s]
   nu  = 3.0000
  rho=0.58308 (3/20)
    fp=0.0004 tp=0.0309  [0.2s]
   nu  = 3.0000
  rho=0.51653 (4/20)
    fp=0.0012 tp=0.0412  [0.3s]
   nu  = 3.0000
  rho=0.45758 (5/20)
    fp=0.0023 tp=0.0515  [0.4s]
   nu  = 3.0000
  rho=0.40535 (6/20)
    fp=0.0076 tp=0.0825  [0.4s]
   nu  = 3.0000
  rho=0.35909 (7/20)
    fp=0.0128 tp=0.1443  [0.3s]
   nu  = 3.0000
  rho=0.31811 (8/20)
    fp=0.0196 tp=0.2062  [0.3s]
   nu  = 3.0000
  rho=0.28180 (9/20)
    fp=0.0286 tp=0.2680  [0.5s]
   nu  = 3.0000
  rho=0.24964 (10/20)
    fp=0.0398 tp=0.3196  [0.5s]
   nu  = 3.0000
  rho=0.22114 (11/20)
    fp=0.0528 tp=0.3711  [0.5s]
   nu  = 3.0000
  rho=0.19590 (12/20)
    fp=0.0694 tp=0.4433  [0.4s]
   nu  = 3.0000
  rho=0.17355 (13/20)
    fp=0.0896 tp=0.5258  [0.4s]
   nu  = 3.0000
  rho=0.15374 (14/20)
    fp=0.1125 tp=0.5567  [0.6s]
   nu  = 3.0000
  rho=0.13619 (15/20)
    fp=0.1339 tp=0.6289  [0.6s]
   nu  = 3.0000
  rho=0.12065 (16/20)
    fp=0.1531 tp=0.7010  [0.5s]
   nu  = 3.0000
  rho=0.10688 (17/20)
    fp=0.1758 tp=0.7423  [0.4s]
   nu  = 3.0000
  rho=0.09468 (18/20)
    fp=0.1929 tp=0.7732  [0.7s]
   nu  = 3.0000
  rho=0.08387 (19/20)
    fp=0.2159 tp=0.8041  [0.8s]
   nu  = 3.0000
  rho=0.07430 (20/20)
    fp=0.2388 tp=0.8041  [0.9s]
   nu  = 3.0000
  rho=0.06582 (21/21)  [extra 1/50]
    fp=0.2586 tp=0.8247  [1.2s]
   nu  = 3.0000
  rho=0.05831 (22/22)  [extra 2/50]
    fp=0.2796 tp=0.8454  [1.2s]
   nu  = 3.0000
  rho=0.05165 (23/23)  [extra 3/50]
    fp=0.3015 tp=0.8454  [1.0s]
   nu  = 3.0000
  FPR 0.3015 >= fp_end=0.3; stopping after 23 fits
  grid extended by 3 points down to rho=0.05165, ending at FPR 0.3015
  pilot fit of run_em_diagonal at rho=0.30349
  -> rho_max = max|S_ij| (off-diag) = 0.81984
  rho grid: [0.81984191 0.72627072 0.64337911 0.56994819 0.50489817 0.44727252
 0.39622387 0.35100157 0.31094064 0.27545198 0.24401376 0.21616369
 0.19149223 0.16963661 0.15027544 0.13312402 0.11793015 0.1044704
 0.09254686 0.08198419]
Running run_em_diagonal over 20 rho values, extending until FPR >= 0.3...
  rho=0.81984 (1/20)
    fp=0.0016 tp=0.0309  [25.6s]
   median nu  = 0.072
   median |eta| = 2.414
  rho=0.72627 (2/20)
    fp=0.0041 tp=0.0412  [22.2s]
   median nu  = 0.086
   median |eta| = 2.068
  rho=0.64338 (3/20)
    fp=0.0066 tp=0.0515  [22.5s]
   median nu  = 0.106
   median |eta| = 2.031
  rho=0.56995 (4/20)
    fp=0.0109 tp=0.1340  [24.1s]
   median nu  = 0.13
   median |eta| = 2.002
  rho=0.50490 (5/20)
    fp=0.0148 tp=0.1649  [73.0s]
   median nu  = 0.158
   median |eta| = 1.643
  rho=0.44727 (6/20)
    fp=0.0202 tp=0.2268  [81.6s]
   median nu  = 0.201
   median |eta| = 1.365
  rho=0.39622 (7/20)
    fp=0.0286 tp=0.2887  [79.8s]
   median nu  = 0.249
   median |eta| = 1.187
  rho=0.35100 (8/20)
    fp=0.0420 tp=0.3402  [81.4s]
   median nu  = 0.291
   median |eta| = 1.041
  rho=0.31094 (9/20)
    fp=0.0542 tp=0.3918  [62.7s]
   median nu  = 0.336
   median |eta| = 0.944
  rho=0.27545 (10/20)
    fp=0.0688 tp=0.4330  [87.9s]
   median nu  = 0.405
   median |eta| = 0.732
  rho=0.24401 (11/20)
    fp=0.0849 tp=0.4639  [55.4s]
   median nu  = 0.46
   median |eta| = 0.613
  rho=0.21616 (12/20)
    fp=0.0997 tp=0.5464  [31.7s]
   median nu  = 0.533
   median |eta| = 0.437
  rho=0.19149 (13/20)
    fp=0.1144 tp=0.5876  [101.3s]
   median nu  = 0.598
   median |eta| = 0.347
  rho=0.16964 (14/20)
    fp=0.1290 tp=0.6495  [74.4s]
   median nu  = 0.663
   median |eta| = 0.277
  rho=0.15028 (15/20)
    fp=0.1457 tp=0.6907  [49.2s]
   median nu  = 0.725
   median |eta| = 0.212
  rho=0.13312 (16/20)
    fp=0.1589 tp=0.7320  [115.2s]
   median nu  = 0.821
   median |eta| = 0.163
  rho=0.11793 (17/20)
    fp=0.1754 tp=0.7423  [95.5s]
   median nu  = 0.914
   median |eta| = 0.124
  rho=0.10447 (18/20)
    fp=0.1918 tp=0.7732  [93.9s]
   median nu  = 0.994
   median |eta| = 0.091
  rho=0.09255 (19/20)
    fp=0.2046 tp=0.7835  [94.6s]
   median nu  = 1.05
   median |eta| = 0.073
  rho=0.08198 (20/20)
    fp=0.2155 tp=0.8041  [92.6s]
   median nu  = 1.12
   median |eta| = 0.054
  rho=0.07263 (21/21)  [extra 1/50]
    fp=0.2281 tp=0.8041  [89.2s]
   median nu  = 1.213
   median |eta| = 0.044
  rho=0.06434 (22/22)  [extra 2/50]
    fp=0.2409 tp=0.8144  [41.0s]
   median nu  = 1.329
   median |eta| = 0.036
  rho=0.05699 (23/23)  [extra 3/50]
    fp=0.2559 tp=0.8041  [33.3s]
   median nu  = 1.448
   median |eta| = 0.028
  rho=0.05049 (24/24)  [extra 4/50]
    fp=0.2627 tp=0.8144  [26.4s]
   median nu  = 1.531
   median |eta| = 0.022
  rho=0.04473 (25/25)  [extra 5/50]
    fp=0.2771 tp=0.8144  [20.1s]
   median nu  = 1.663
   median |eta| = 0.017
  rho=0.03962 (26/26)  [extra 6/50]
    fp=0.2883 tp=0.8247  [24.6s]
   median nu  = 1.77
   median |eta| = 0.014
  rho=0.03510 (27/27)  [extra 7/50]
    fp=0.2994 tp=0.8144  [19.7s]
   median nu  = 1.875
   median |eta| = 0.011
  rho=0.03109 (28/28)  [extra 8/50]
    fp=0.3173 tp=0.8247  [18.5s]
   median nu  = 2.028
   median |eta| = 0.009
  FPR 0.3173 >= fp_end=0.3; stopping after 28 fits
  grid extended by 8 points down to rho=0.03109, ending at FPR 0.3173
  pilot fit of run_em_exact at rho=0.30349
  -> rho_max = max|S_ij| (off-diag) = 0.92831
  rho grid: [0.92831465 0.82236312 0.72850418 0.64535766 0.57170092 0.50645086
 0.44864799 0.39744236 0.35208099 0.31189685 0.27629906 0.24476417
 0.21682845 0.19208112 0.17015828 0.15073757 0.13353341 0.11829281
 0.10479168 0.09283147]
Running run_em_exact over 20 rho values, extending until FPR >= 0.3...
  rho=0.92831 (1/20)
    fp=0.0006 tp=0.0309  [83.8s]
   median nu  = 0.062
   median |eta| = 2.771
  rho=0.82236 (2/20)
    fp=0.0016 tp=0.0309  [92.1s]
   median nu  = 0.072
   median |eta| = 2.407
  rho=0.72850 (3/20)
    fp=0.0039 tp=0.0309  [87.7s]
   median nu  = 0.086
   median |eta| = 2.029
  rho=0.64536 (4/20)
    fp=0.0066 tp=0.0515  [82.0s]
   median nu  = 0.106
   median |eta| = 1.978
  rho=0.57170 (5/20)
    fp=0.0111 tp=0.1340  [82.9s]
   median nu  = 0.13
   median |eta| = 1.669
  rho=0.50645 (6/20)
    fp=0.0148 tp=0.1649  [81.4s]
   median nu  = 0.163
   median |eta| = 1.409
  rho=0.44865 (7/20)
    fp=0.0202 tp=0.2371  [82.9s]
   median nu  = 0.21
   median |eta| = 1.152
  rho=0.39744 (8/20)
    fp=0.0286 tp=0.2887  [78.1s]
   median nu  = 0.257
   median |eta| = 0.921
  rho=0.35208 (9/20)
    fp=0.0429 tp=0.3196  [45.6s]
   median nu  = 0.31
   median |eta| = 0.701
  rho=0.31190 (10/20)
    fp=0.0575 tp=0.4227  [20.5s]
   median nu  = 0.366
   median |eta| = 0.512
  rho=0.27630 (11/20)
    fp=0.0682 tp=0.4433  [28.8s]
   median nu  = 0.426
   median |eta| = 0.333
  rho=0.24476 (12/20)
    fp=0.0841 tp=0.4639  [26.0s]
   median nu  = 0.501
   median |eta| = 0.238
  rho=0.21683 (13/20)
    fp=0.1012 tp=0.5464  [26.2s]
   median nu  = 0.591
   median |eta| = 0.178
  rho=0.19208 (14/20)
    fp=0.1170 tp=0.5979  [26.1s]
   median nu  = 0.669
   median |eta| = 0.126
  rho=0.17016 (15/20)
    fp=0.1319 tp=0.6495  [25.3s]
   median nu  = 0.758
   median |eta| = 0.094
  rho=0.15074 (16/20)
    fp=0.1440 tp=0.7010  [25.7s]
   median nu  = 0.852
   median |eta| = 0.07
  rho=0.13353 (17/20)
    fp=0.1568 tp=0.7320  [27.5s]
   median nu  = 0.93
   median |eta| = 0.051
  rho=0.11829 (18/20)
    fp=0.1729 tp=0.7629  [83.4s]
   median nu  = 1.038
   median |eta| = 0.037
  rho=0.10479 (19/20)
    fp=0.1918 tp=0.7732  [86.7s]
   median nu  = 1.136
   median |eta| = 0.027
  rho=0.09283 (20/20)
    fp=0.2065 tp=0.7938  [82.4s]
   median nu  = 1.243
   median |eta| = 0.022
  rho=0.08224 (21/21)  [extra 1/50]
    fp=0.2188 tp=0.8144  [67.2s]
   median nu  = 1.337
   median |eta| = 0.017
  rho=0.07285 (22/22)  [extra 2/50]
    fp=0.2326 tp=0.8247  [53.4s]
   median nu  = 1.438
   median |eta| = 0.013
  rho=0.06454 (23/23)  [extra 3/50]
    fp=0.2452 tp=0.8247  [40.5s]
   median nu  = 1.534
   median |eta| = 0.01
  rho=0.05717 (24/24)  [extra 4/50]
    fp=0.2565 tp=0.8351  [31.7s]
   median nu  = 1.639
   median |eta| = 0.008
  rho=0.05065 (25/25)  [extra 5/50]
    fp=0.2683 tp=0.8351  [26.6s]
   median nu  = 1.753
   median |eta| = 0.007
  rho=0.04486 (26/26)  [extra 6/50]
    fp=0.2771 tp=0.8557  [25.6s]
   median nu  = 1.873
   median |eta| = 0.005
  rho=0.03974 (27/27)  [extra 7/50]
    fp=0.2899 tp=0.8557  [26.4s]
   median nu  = 1.997
   median |eta| = 0.004
  rho=0.03521 (28/28)  [extra 8/50]
    fp=0.3023 tp=0.8557  [26.2s]
   median nu  = 2.113
   median |eta| = 0.003
  FPR 0.3023 >= fp_end=0.3; stopping after 28 fits
  grid extended by 8 points down to rho=0.03521, ending at FPR 0.3023
  graphical_lasso rho_max = max|S_ij| (off-diag) = 3.70551
  rho grid: [3.70550888 3.28258726 2.90793504 2.57604308 2.28203101 2.02157549
 1.79084659 1.58645152 1.40538472 1.24498365 1.10288967 0.97701333
 0.86550366 0.76672095 0.67921263 0.60169191 0.53301888 0.47218373
 0.41829188 0.37055089]
Running graphical_lasso over 20 rho values, extending until FPR >= 0.3...
  rho=3.70551 (1/20)
    fp=0.0000 tp=0.0000  [0.1s]
  rho=3.28259 (2/20)
    fp=0.0004 tp=0.0000  [0.2s]
  rho=2.90794 (3/20)
    fp=0.0004 tp=0.0000  [140.0s]
  rho=2.57604 (4/20)
    fp=0.0012 tp=0.0000  [135.0s]
  rho=2.28203 (5/20)
    fp=0.0019 tp=0.0000  [0.4s]
  rho=2.02158 (6/20)
    fp=0.0041 tp=0.0000  [41.4s]
  rho=1.79085 (7/20)
    fp=0.0056 tp=0.0000  [41.3s]
  rho=1.58645 (8/20)
    fp=0.0082 tp=0.0000  [37.8s]
  rho=1.40538 (9/20)
    fp=0.0120 tp=0.0103  [38.7s]
  rho=1.24498 (10/20)
    fp=0.0163 tp=0.0309  [31.7s]
  rho=1.10289 (11/20)
    fp=0.0196 tp=0.0412  [23.6s]
  rho=0.97701 (12/20)
    fp=0.0270 tp=0.0619  [0.2s]
  rho=0.86550 (13/20)
    fp=0.0346 tp=0.0722  [1.8s]
  rho=0.76672 (14/20)
    fp=0.0414 tp=0.0928  [1.0s]
  rho=0.67921 (15/20)
    fp=0.0495 tp=0.1546  [2.6s]
  rho=0.60169 (16/20)
    fp=0.0608 tp=0.2680  [0.3s]
  rho=0.53302 (17/20)
    fp=0.0719 tp=0.2887  [1.6s]
  rho=0.47218 (18/20)
    fp=0.0859 tp=0.3814  [0.6s]
  rho=0.41829 (19/20)
    fp=0.1076 tp=0.4330  [9.1s]
  rho=0.37055 (20/20)
    fp=0.1280 tp=0.4948  [2.5s]
  rho=0.32826 (21/21)  [extra 1/50]
    fp=0.1504 tp=0.5670  [2.8s]
  rho=0.29079 (22/22)  [extra 2/50]
    fp=0.1696 tp=0.6082  [10.8s]
  rho=0.25760 (23/23)  [extra 3/50]
    fp=0.1885 tp=0.6598  [0.4s]
  rho=0.22820 (24/24)  [extra 4/50]
    fp=0.2091 tp=0.7010  [4.0s]
  rho=0.20216 (25/25)  [extra 5/50]
    fp=0.2320 tp=0.7216  [0.7s]
  rho=0.17908 (26/26)  [extra 6/50]
    fp=0.2545 tp=0.7526  [0.4s]
  rho=0.15865 (27/27)  [extra 7/50]
    fp=0.2753 tp=0.8041  [0.3s]
  rho=0.14054 (28/28)  [extra 8/50]
    fp=0.3011 tp=0.8144  [2.3s]
  FPR 0.3011 >= fp_end=0.3; stopping after 28 fits
  [note] 8/28 fits hit a glasso ConvergenceWarning (suppressed)
  grid extended by 8 points down to rho=0.14054, ending at FPR 0.3011
  [warn] mean_roc averages out to FPR 0.300 but the shortest replicate only reached 0.011; its TPR is held flat above that
  [warn] mean_roc averages out to FPR 0.300 but the shortest replicate only reached 0.229; its TPR is held flat above that

(p=100, n=50) over 18 replicates
  t+lasso  (run_em_diagonal):    AUC = 0.194 (SE 0.004)
  ~t+lasso (run_em_exact):       AUC = 0.195 (SE 0.003)
  tlasso   (run_tlasso):         AUC = 0.194 (SE 0.004)
  t*lasso  (run_tstar_varlasso): AUC = 0.192 (SE 0.004)
  glasso   (graphical_lasso):    AUC = 0.144 (SE 0.009)
Replicate 19/50
  Theta: 79/4950 edges
  pilot fit of run_tlasso at rho=30.34854
  -> rho_max = max|S_ij| (off-diag) = 23.81226
  [warn] pilot rho 30.34854 > rho_max 23.81226: it falls off the top of this method's grid
  rho grid: [23.81225685 21.09448755 18.68690598 16.55410943 14.66473578 12.99100242
 11.50829762 10.19481868  9.0312513   8.0004856   7.0873645   6.27846084
  5.56187996  4.92708475  4.36474075  3.86657888  3.42527382  3.03433633
  2.68801778  2.38122569]
Running run_tlasso over 20 rho values, extending until FPR >= 0.3...
  rho=23.81226 (1/20)
    fp=0.0000 tp=0.0000  [0.2s]
   nu  = 3.0000
  rho=21.09449 (2/20)
    fp=0.0000 tp=0.0000  [0.2s]
   nu  = 3.0000
  rho=18.68691 (3/20)
    fp=0.0000 tp=0.0127  [0.3s]
   nu  = 3.0000
  rho=16.55411 (4/20)
    fp=0.0000 tp=0.0127  [0.3s]
   nu  = 3.0000
  rho=14.66474 (5/20)
    fp=0.0000 tp=0.0127  [0.3s]
   nu  = 3.0000
  rho=12.99100 (6/20)
    fp=0.0000 tp=0.0127  [0.3s]
   nu  = 3.0000
  rho=11.50830 (7/20)
    fp=0.0000 tp=0.0380  [0.3s]
   nu  = 3.0000
  rho=10.19482 (8/20)
    fp=0.0000 tp=0.0380  [0.6s]
   nu  = 3.0000
  rho=9.03125 (9/20)
    fp=0.0000 tp=0.0506  [0.6s]
   nu  = 3.0000
  rho=8.00049 (10/20)
    fp=0.0002 tp=0.0759  [0.6s]
   nu  = 3.0000
  rho=7.08736 (11/20)
    fp=0.0008 tp=0.1266  [0.6s]
   nu  = 3.0000
  rho=6.27846 (12/20)
    fp=0.0016 tp=0.1266  [0.7s]
   nu  = 3.0000
  rho=5.56188 (13/20)
    fp=0.0033 tp=0.1646  [0.8s]
   nu  = 3.0000
  rho=4.92708 (14/20)
    fp=0.0047 tp=0.1899  [0.6s]
   nu  = 3.0000
  rho=4.36474 (15/20)
    fp=0.0072 tp=0.2405  [0.7s]
   nu  = 3.0000
  rho=3.86658 (16/20)
    fp=0.0125 tp=0.2785  [0.6s]
   nu  = 3.0000
  rho=3.42527 (17/20)
    fp=0.0177 tp=0.3671  [0.5s]
   nu  = 3.0000
  rho=3.03434 (18/20)
    fp=0.0318 tp=0.4177  [0.6s]
   nu  = 3.0000
  rho=2.68802 (19/20)
    fp=0.0595 tp=0.5316  [1.4s]
   nu  = 3.0000
  rho=2.38123 (20/20)
    fp=0.1092 tp=0.5949  [4.8s]
   nu  = 3.0000
  rho=2.10945 (21/21)  [extra 1/50]
    fp=0.2511 tp=0.7848  [13.3s]
   nu  = 3.0000
  rho=1.86869 (22/22)  [extra 2/50]
    fp=0.2874 tp=0.8101  [7.9s]
   nu  = 3.0000
  rho=1.65541 (23/23)  [extra 3/50]
    fp=0.3223 tp=0.8354  [8.3s]
   nu  = 3.0000
  FPR 0.3223 >= fp_end=0.3; stopping after 23 fits
  grid extended by 3 points down to rho=1.65541, ending at FPR 0.3223
  pilot fit of run_tstar_varlasso at rho=0.30349
  -> rho_max = max|S_ij| (off-diag) = 0.74432
  rho grid: [0.74431837 0.65936693 0.58411126 0.51744477 0.45838714 0.40606994
 0.35972388 0.31866744 0.2822969  0.25007745 0.22153531 0.19625077
 0.17385204 0.15400975 0.13643212 0.12086069 0.10706647 0.09484663
 0.08402148 0.07443184]
Running run_tstar_varlasso over 20 rho values, extending until FPR >= 0.3...
  rho=0.74432 (1/20)
    fp=0.0000 tp=0.0380  [0.4s]
   nu  = 3.0000
  rho=0.65937 (2/20)
    fp=0.0004 tp=0.0506  [0.4s]
   nu  = 3.0000
  rho=0.58411 (3/20)
    fp=0.0008 tp=0.0759  [0.4s]
   nu  = 3.0000
  rho=0.51744 (4/20)
    fp=0.0023 tp=0.1013  [0.3s]
   nu  = 3.0000
  rho=0.45839 (5/20)
    fp=0.0039 tp=0.1519  [0.3s]
   nu  = 3.0000
  rho=0.40607 (6/20)
    fp=0.0062 tp=0.2152  [0.5s]
   nu  = 3.0000
  rho=0.35972 (7/20)
    fp=0.0144 tp=0.2532  [0.5s]
   nu  = 3.0000
  rho=0.31867 (8/20)
    fp=0.0209 tp=0.2785  [0.5s]
   nu  = 3.0000
  rho=0.28230 (9/20)
    fp=0.0302 tp=0.3418  [0.4s]
   nu  = 3.0000
  rho=0.25008 (10/20)
    fp=0.0417 tp=0.4051  [0.4s]
   nu  = 3.0000
  rho=0.22154 (11/20)
    fp=0.0608 tp=0.4557  [0.5s]
   nu  = 3.0000
  rho=0.19625 (12/20)
    fp=0.0782 tp=0.5190  [0.8s]
   nu  = 3.0000
  rho=0.17385 (13/20)
    fp=0.0992 tp=0.5823  [0.7s]
   nu  = 3.0000
  rho=0.15401 (14/20)
    fp=0.1211 tp=0.6203  [0.8s]
   nu  = 3.0000
  rho=0.13643 (15/20)
    fp=0.1412 tp=0.6582  [0.5s]
   nu  = 3.0000
  rho=0.12086 (16/20)
    fp=0.1597 tp=0.7342  [0.4s]
   nu  = 3.0000
  rho=0.10707 (17/20)
    fp=0.1774 tp=0.7722  [0.4s]
   nu  = 3.0000
  rho=0.09485 (18/20)
    fp=0.1998 tp=0.7975  [0.3s]
   nu  = 3.0000
  rho=0.08402 (19/20)
    fp=0.2184 tp=0.8228  [0.5s]
   nu  = 3.0000
  rho=0.07443 (20/20)
    fp=0.2404 tp=0.8228  [0.3s]
   nu  = 3.0000
  rho=0.06594 (21/21)  [extra 1/50]
    fp=0.2593 tp=0.8228  [0.5s]
   nu  = 3.0000
  rho=0.05841 (22/22)  [extra 2/50]
    fp=0.2798 tp=0.8228  [0.5s]
   nu  = 3.0000
  rho=0.05174 (23/23)  [extra 3/50]
    fp=0.2985 tp=0.8354  [0.5s]
   nu  = 3.0000
  rho=0.04584 (24/24)  [extra 4/50]
    fp=0.3184 tp=0.8481  [0.7s]
   nu  = 3.0000
  FPR 0.3184 >= fp_end=0.3; stopping after 24 fits
  grid extended by 4 points down to rho=0.04584, ending at FPR 0.3184
  pilot fit of run_em_diagonal at rho=0.30349
  -> rho_max = max|S_ij| (off-diag) = 0.69008
  rho grid: [0.69008161 0.61132038 0.54154842 0.47973976 0.42498552 0.37648056
 0.33351163 0.29544687 0.26172657 0.23185488 0.20539254 0.18195043
 0.16118384 0.14278741 0.12649063 0.11205385 0.09926478 0.08793537
 0.07789903 0.06900816]
Running run_em_diagonal over 20 rho values, extending until FPR >= 0.3...
  rho=0.69008 (1/20)
    fp=0.0031 tp=0.1266  [22.3s]
   median nu  = 0.292
   median |eta| = 1.365
  rho=0.61132 (2/20)
    fp=0.0062 tp=0.1392  [22.4s]
   median nu  = 0.33
   median |eta| = 1.121
  rho=0.54155 (3/20)
    fp=0.0099 tp=0.2278  [22.8s]
   median nu  = 0.372
   median |eta| = 0.979
  rho=0.47974 (4/20)
    fp=0.0160 tp=0.2911  [20.4s]
   median nu  = 0.415
   median |eta| = 0.834
  rho=0.42499 (5/20)
    fp=0.0238 tp=0.3291  [27.0s]
   median nu  = 0.463
   median |eta| = 0.696
  rho=0.37648 (6/20)
    fp=0.0331 tp=0.3671  [80.0s]
   median nu  = 0.518
   median |eta| = 0.599
  rho=0.33351 (7/20)
    fp=0.0425 tp=0.3924  [78.5s]
   median nu  = 0.571
   median |eta| = 0.524
  rho=0.29545 (8/20)
    fp=0.0542 tp=0.4304  [78.4s]
   median nu  = 0.607
   median |eta| = 0.422
  rho=0.26173 (9/20)
    fp=0.0653 tp=0.4937  [87.7s]
   median nu  = 0.681
   median |eta| = 0.354
  rho=0.23185 (10/20)
    fp=0.0829 tp=0.5696  [81.1s]
   median nu  = 0.766
   median |eta| = 0.293
  rho=0.20539 (11/20)
    fp=0.0955 tp=0.5949  [89.8s]
   median nu  = 0.836
   median |eta| = 0.24
  rho=0.18195 (12/20)
    fp=0.1104 tp=0.6203  [26.2s]
   median nu  = 0.914
   median |eta| = 0.164
  rho=0.16118 (13/20)
    fp=0.1252 tp=0.6582  [47.4s]
   median nu  = 0.988
   median |eta| = 0.137
  rho=0.14279 (14/20)
    fp=0.1414 tp=0.7342  [106.1s]
   median nu  = 1.038
   median |eta| = 0.116
  rho=0.12649 (15/20)
    fp=0.1552 tp=0.7468  [45.0s]
   median nu  = 1.09
   median |eta| = 0.093
  rho=0.11205 (16/20)
    fp=0.1677 tp=0.7848  [54.7s]
   median nu  = 1.182
   median |eta| = 0.068
  rho=0.09926 (17/20)
    fp=0.1796 tp=0.7848  [112.3s]
   median nu  = 1.29
   median |eta| = 0.058
  rho=0.08794 (18/20)
    fp=0.1944 tp=0.7975  [88.3s]
   median nu  = 1.396
   median |eta| = 0.044
  rho=0.07790 (19/20)
    fp=0.2063 tp=0.7975  [90.1s]
   median nu  = 1.504
   median |eta| = 0.037
  rho=0.06901 (20/20)
    fp=0.2191 tp=0.8101  [91.1s]
   median nu  = 1.625
   median |eta| = 0.029
  rho=0.06113 (21/21)  [extra 1/50]
    fp=0.2305 tp=0.8101  [88.9s]
   median nu  = 1.729
   median |eta| = 0.024
  rho=0.05415 (22/22)  [extra 2/50]
    fp=0.2418 tp=0.8354  [85.2s]
   median nu  = 1.836
   median |eta| = 0.019
  rho=0.04797 (23/23)  [extra 3/50]
    fp=0.2515 tp=0.8354  [32.2s]
   median nu  = 1.927
   median |eta| = 0.016
  rho=0.04250 (24/24)  [extra 4/50]
    fp=0.2640 tp=0.8354  [23.0s]
   median nu  = 2.038
   median |eta| = 0.013
  rho=0.03765 (25/25)  [extra 5/50]
    fp=0.2759 tp=0.8481  [30.7s]
   median nu  = 2.175
   median |eta| = 0.01
  rho=0.03335 (26/26)  [extra 6/50]
    fp=0.2868 tp=0.8481  [24.2s]
   median nu  = 2.31
   median |eta| = 0.008
  rho=0.02954 (27/27)  [extra 7/50]
    fp=0.3010 tp=0.8608  [24.4s]
   median nu  = 2.437
   median |eta| = 0.007
  FPR 0.3010 >= fp_end=0.3; stopping after 27 fits
  grid extended by 7 points down to rho=0.02954, ending at FPR 0.3010
  pilot fit of run_em_exact at rho=0.30349
  -> rho_max = max|S_ij| (off-diag) = 0.68653
  rho grid: [0.68653154 0.60817549 0.53876247 0.47727178 0.42279922 0.37454379
 0.3317959  0.29392697 0.26038014 0.23066212 0.20433591 0.1810144
 0.16035464 0.14205285 0.12583991 0.11147739 0.09875412 0.087483
 0.07749828 0.06865315]
Running run_em_exact over 20 rho values, extending until FPR >= 0.3...
  rho=0.68653 (1/20)
    fp=0.0033 tp=0.1266  [22.7s]
   median nu  = 0.308
   median |eta| = 1.242
  rho=0.60818 (2/20)
    fp=0.0066 tp=0.1392  [27.0s]
   median nu  = 0.354
   median |eta| = 1.039
  rho=0.53876 (3/20)
    fp=0.0101 tp=0.2278  [57.5s]
   median nu  = 0.39
   median |eta| = 0.781
  rho=0.47727 (4/20)
    fp=0.0158 tp=0.2911  [82.0s]
   median nu  = 0.45
   median |eta| = 0.66
  rho=0.42280 (5/20)
    fp=0.0248 tp=0.3291  [88.3s]
   median nu  = 0.505
   median |eta| = 0.537
  rho=0.37454 (6/20)
    fp=0.0333 tp=0.3671  [82.5s]
   median nu  = 0.571
   median |eta| = 0.428
  rho=0.33180 (7/20)
    fp=0.0419 tp=0.3924  [77.9s]
   median nu  = 0.642
   median |eta| = 0.342
  rho=0.29393 (8/20)
    fp=0.0540 tp=0.4430  [85.9s]
   median nu  = 0.707
   median |eta| = 0.259
  rho=0.26038 (9/20)
    fp=0.0661 tp=0.5063  [92.2s]
   median nu  = 0.774
   median |eta| = 0.215
  rho=0.23066 (10/20)
    fp=0.0792 tp=0.5949  [88.7s]
   median nu  = 0.848
   median |eta| = 0.156
  rho=0.20434 (11/20)
    fp=0.0953 tp=0.6203  [85.4s]
   median nu  = 0.926
   median |eta| = 0.107
  rho=0.18101 (12/20)
    fp=0.1084 tp=0.6456  [35.5s]
   median nu  = 0.988
   median |eta| = 0.086
  rho=0.16035 (13/20)
    fp=0.1240 tp=0.7089  [23.2s]
   median nu  = 1.066
   median |eta| = 0.065
  rho=0.14205 (14/20)
    fp=0.1386 tp=0.7342  [19.1s]
   median nu  = 1.16
   median |eta| = 0.046
  rho=0.12584 (15/20)
    fp=0.1532 tp=0.7595  [21.3s]
   median nu  = 1.244
   median |eta| = 0.035
  rho=0.11148 (16/20)
    fp=0.1671 tp=0.7848  [20.0s]
   median nu  = 1.335
   median |eta| = 0.026
  rho=0.09875 (17/20)
    fp=0.1761 tp=0.7975  [17.4s]
   median nu  = 1.427
   median |eta| = 0.02
  rho=0.08748 (18/20)
    fp=0.1901 tp=0.8228  [21.0s]
   median nu  = 1.525
   median |eta| = 0.015
  rho=0.07750 (19/20)
    fp=0.2016 tp=0.8228  [15.3s]
   median nu  = 1.632
   median |eta| = 0.012
  rho=0.06865 (20/20)
    fp=0.2139 tp=0.8228  [12.2s]
   median nu  = 1.734
   median |eta| = 0.01
  rho=0.06082 (21/21)  [extra 1/50]
    fp=0.2279 tp=0.8228  [8.2s]
   median nu  = 1.839
   median |eta| = 0.008
  rho=0.05388 (22/22)  [extra 2/50]
    fp=0.2381 tp=0.8354  [7.0s]
   median nu  = 1.953
   median |eta| = 0.006
  rho=0.04773 (23/23)  [extra 3/50]
    fp=0.2464 tp=0.8481  [7.3s]
   median nu  = 2.061
   median |eta| = 0.005
  rho=0.04228 (24/24)  [extra 4/50]
    fp=0.2632 tp=0.8734  [5.8s]
   median nu  = 2.175
   median |eta| = 0.004
  rho=0.03745 (25/25)  [extra 5/50]
    fp=0.2749 tp=0.8734  [15.6s]
   median nu  = 2.281
   median |eta| = 0.003
  rho=0.03318 (26/26)  [extra 6/50]
    fp=0.2864 tp=0.8734  [22.0s]
   median nu  = 2.402
   median |eta| = 0.003
  rho=0.02939 (27/27)  [extra 7/50]
    fp=0.2987 tp=0.8734  [21.5s]
   median nu  = 2.526
   median |eta| = 0.002
  rho=0.02604 (28/28)  [extra 8/50]
    fp=0.3102 tp=0.8861  [19.8s]
   median nu  = 2.669
   median |eta| = 0.002
  FPR 0.3102 >= fp_end=0.3; stopping after 28 fits
  grid extended by 8 points down to rho=0.02604, ending at FPR 0.3102
  graphical_lasso rho_max = max|S_ij| (off-diag) = 3.78777
  rho grid: [3.78776606 3.35545617 2.97248718 2.63322768 2.33268895 2.06645168
 1.83060091 1.62166856 1.43658232 1.27262057 1.1273723  0.99870168
 0.88471665 0.7837411  0.69429021 0.61504864 0.54485117 0.48266555
 0.42757739 0.37877661]
Running graphical_lasso over 20 rho values, extending until FPR >= 0.3...
  rho=3.78777 (1/20)
    fp=0.0000 tp=0.0000  [0.1s]
  rho=3.35546 (2/20)
    fp=0.0004 tp=0.0127  [0.2s]
  rho=2.97249 (3/20)
    fp=0.0008 tp=0.0127  [134.6s]
  rho=2.63323 (4/20)
    fp=0.0023 tp=0.0253  [132.9s]
  rho=2.33269 (5/20)
    fp=0.0053 tp=0.0380  [133.7s]
  rho=2.06645 (6/20)
    fp=0.0099 tp=0.0380  [139.0s]
  rho=1.83060 (7/20)
    fp=0.0140 tp=0.0380  [135.7s]
  rho=1.62167 (8/20)
    fp=0.0201 tp=0.0633  [93.1s]
  rho=1.43658 (9/20)
    fp=0.0255 tp=0.0633  [44.2s]
  rho=1.27262 (10/20)
    fp=0.0320 tp=0.0759  [6.3s]
  rho=1.12737 (11/20)
    fp=0.0398 tp=0.0759  [4.0s]
  rho=0.99870 (12/20)
    fp=0.0476 tp=0.1139  [1.3s]
  rho=0.88472 (13/20)
    fp=0.0575 tp=0.1646  [1.8s]
  rho=0.78374 (14/20)
    fp=0.0700 tp=0.2152  [0.5s]
  rho=0.69429 (15/20)
    fp=0.0844 tp=0.2658  [0.9s]
  rho=0.61505 (16/20)
    fp=0.0981 tp=0.3291  [6.9s]
  rho=0.54485 (17/20)
    fp=0.1096 tp=0.3544  [6.6s]
  rho=0.48267 (18/20)
    fp=0.1281 tp=0.4177  [0.4s]
  rho=0.42758 (19/20)
    fp=0.1414 tp=0.4684  [29.0s]
  rho=0.37878 (20/20)
    fp=0.1581 tp=0.4810  [18.6s]
  rho=0.33555 (21/21)  [extra 1/50]
    fp=0.1745 tp=0.5063  [19.5s]
  rho=0.29725 (22/22)  [extra 2/50]
    fp=0.1917 tp=0.5949  [8.6s]
  rho=0.26332 (23/23)  [extra 3/50]
    fp=0.2104 tp=0.6456  [3.6s]
  rho=0.23327 (24/24)  [extra 4/50]
    fp=0.2312 tp=0.6709  [8.8s]
  rho=0.20665 (25/25)  [extra 5/50]
    fp=0.2527 tp=0.7342  [21.9s]
  rho=0.18306 (26/26)  [extra 6/50]
    fp=0.2700 tp=0.7722  [6.2s]
  rho=0.16217 (27/27)  [extra 7/50]
    fp=0.2913 tp=0.7975  [3.9s]
  rho=0.14366 (28/28)  [extra 8/50]
    fp=0.3151 tp=0.8101  [7.2s]
  FPR 0.3151 >= fp_end=0.3; stopping after 28 fits
  [note] 8/28 fits hit a glasso ConvergenceWarning (suppressed)
  grid extended by 8 points down to rho=0.14366, ending at FPR 0.3151
  [warn] mean_roc averages out to FPR 0.300 but the shortest replicate only reached 0.011; its TPR is held flat above that
  [warn] mean_roc averages out to FPR 0.300 but the shortest replicate only reached 0.229; its TPR is held flat above that

(p=100, n=50) over 19 replicates
  t+lasso  (run_em_diagonal):    AUC = 0.194 (SE 0.003)
  ~t+lasso (run_em_exact):       AUC = 0.196 (SE 0.003)
  tlasso   (run_tlasso):         AUC = 0.194 (SE 0.003)
  t*lasso  (run_tstar_varlasso): AUC = 0.192 (SE 0.003)
  glasso   (graphical_lasso):    AUC = 0.144 (SE 0.009)
Replicate 20/50
  Theta: 120/4950 edges
  pilot fit of run_tlasso at rho=30.34854
  -> rho_max = max|S_ij| (off-diag) = 20.85957
  [warn] pilot rho 30.34854 > rho_max 20.85957: it falls off the top of this method's grid
  rho grid: [20.85956574 18.47879656 16.3697522  14.50141984 12.84632625 11.3801338
 10.08128261  8.93067346  7.91138704  7.00843504  6.20853986  5.49993928
  4.87221355  4.31613218  3.82351816  3.38712776  3.000544    2.65808228
  2.35470682  2.08595657]
Running run_tlasso over 20 rho values, extending until FPR >= 0.3...
  rho=20.85957 (1/20)
    fp=0.0000 tp=0.0000  [0.4s]
   nu  = 3.0000
  rho=18.47880 (2/20)
    fp=0.0000 tp=0.0000  [0.2s]
   nu  = 3.0000
  rho=16.36975 (3/20)
    fp=0.0000 tp=0.0000  [0.3s]
   nu  = 3.0000
  rho=14.50142 (4/20)
    fp=0.0000 tp=0.0083  [0.5s]
   nu  = 3.0000
  rho=12.84633 (5/20)
    fp=0.0000 tp=0.0167  [0.6s]
   nu  = 3.0000
  rho=11.38013 (6/20)
    fp=0.0000 tp=0.0333  [0.7s]
   nu  = 3.0000
  rho=10.08128 (7/20)
    fp=0.0000 tp=0.0500  [0.6s]
   nu  = 3.0000
  rho=8.93067 (8/20)
    fp=0.0000 tp=0.0500  [0.5s]
   nu  = 3.0000
  rho=7.91139 (9/20)
    fp=0.0002 tp=0.0667  [0.5s]
   nu  = 3.0000
  rho=7.00844 (10/20)
    fp=0.0012 tp=0.0833  [0.4s]
   nu  = 3.0000
  rho=6.20854 (11/20)
    fp=0.0025 tp=0.1250  [0.7s]
   nu  = 3.0000
  rho=5.49994 (12/20)
    fp=0.0031 tp=0.1583  [0.5s]
   nu  = 3.0000
  rho=4.87221 (13/20)
    fp=0.0058 tp=0.2167  [0.5s]
   nu  = 3.0000
  rho=4.31613 (14/20)
    fp=0.0087 tp=0.2500  [0.5s]
   nu  = 3.0000
  rho=3.82352 (15/20)
    fp=0.0145 tp=0.3250  [0.6s]
   nu  = 3.0000
  rho=3.38713 (16/20)
    fp=0.0269 tp=0.4000  [0.7s]
   nu  = 3.0000
  rho=3.00054 (17/20)
    fp=0.0458 tp=0.4833  [0.9s]
   nu  = 3.0000
  rho=2.65808 (18/20)
    fp=0.0820 tp=0.6167  [2.4s]
   nu  = 3.0000
  rho=2.35471 (19/20)
    fp=0.1476 tp=0.7333  [3.4s]
   nu  = 3.0000
  rho=2.08596 (20/20)
    fp=0.2458 tp=0.7917  [8.5s]
   nu  = 3.0000
  rho=1.84788 (21/21)  [extra 1/50]
    fp=0.2828 tp=0.8083  [3.3s]
   nu  = 3.0000
  rho=1.63698 (22/22)  [extra 2/50]
    fp=0.3197 tp=0.8333  [5.9s]
   nu  = 3.0000
  FPR 0.3197 >= fp_end=0.3; stopping after 22 fits
  grid extended by 2 points down to rho=1.63698, ending at FPR 0.3197
  pilot fit of run_tstar_varlasso at rho=0.30349
  -> rho_max = max|S_ij| (off-diag) = 0.68447
  rho grid: [0.68447449 0.60635322 0.53714818 0.47584174 0.42153239 0.37342155
 0.33080175 0.29304628 0.25959997 0.22997099 0.20372366 0.18047203
 0.15987418 0.14162722 0.12546285 0.11114338 0.09845823 0.08722087
 0.07726607 0.06844745]
Running run_tstar_varlasso over 20 rho values, extending until FPR >= 0.3...
  rho=0.68447 (1/20)
    fp=0.0000 tp=0.0167  [0.3s]
   nu  = 3.0000
  rho=0.60635 (2/20)
    fp=0.0004 tp=0.0333  [0.2s]
   nu  = 3.0000
  rho=0.53715 (3/20)
    fp=0.0008 tp=0.0500  [0.2s]
   nu  = 3.0000
  rho=0.47584 (4/20)
    fp=0.0017 tp=0.0750  [0.3s]
   nu  = 3.0000
  rho=0.42153 (5/20)
    fp=0.0046 tp=0.1417  [0.3s]
   nu  = 3.0000
  rho=0.37342 (6/20)
    fp=0.0081 tp=0.2417  [0.3s]
   nu  = 3.0000
  rho=0.33080 (7/20)
    fp=0.0141 tp=0.2833  [0.3s]
   nu  = 3.0000
  rho=0.29305 (8/20)
    fp=0.0217 tp=0.3417  [0.3s]
   nu  = 3.0000
  rho=0.25960 (9/20)
    fp=0.0342 tp=0.3417  [0.3s]
   nu  = 3.0000
  rho=0.22997 (10/20)
    fp=0.0495 tp=0.4083  [0.3s]
   nu  = 3.0000
  rho=0.20372 (11/20)
    fp=0.0671 tp=0.5000  [0.3s]
   nu  = 3.0000
  rho=0.18047 (12/20)
    fp=0.0863 tp=0.5917  [0.5s]
   nu  = 3.0000
  rho=0.15987 (13/20)
    fp=0.1077 tp=0.6583  [0.4s]
   nu  = 3.0000
  rho=0.14163 (14/20)
    fp=0.1296 tp=0.7083  [0.4s]
   nu  = 3.0000
  rho=0.12546 (15/20)
    fp=0.1495 tp=0.7417  [0.5s]
   nu  = 3.0000
  rho=0.11114 (16/20)
    fp=0.1696 tp=0.7750  [0.4s]
   nu  = 3.0000
  rho=0.09846 (17/20)
    fp=0.1913 tp=0.8167  [0.8s]
   nu  = 3.0000
  rho=0.08722 (18/20)
    fp=0.2172 tp=0.8333  [0.7s]
   nu  = 3.0000
  rho=0.07727 (19/20)
    fp=0.2344 tp=0.8333  [0.8s]
   nu  = 3.0000
  rho=0.06845 (20/20)
    fp=0.2536 tp=0.8333  [1.2s]
   nu  = 3.0000
  rho=0.06064 (21/21)  [extra 1/50]
    fp=0.2733 tp=0.8333  [1.1s]
   nu  = 3.0000
  rho=0.05371 (22/22)  [extra 2/50]
    fp=0.2944 tp=0.8500  [1.1s]
   nu  = 3.0000
  rho=0.04758 (23/23)  [extra 3/50]
    fp=0.3122 tp=0.8500  [1.2s]
   nu  = 3.0000
  FPR 0.3122 >= fp_end=0.3; stopping after 23 fits
  grid extended by 3 points down to rho=0.04758, ending at FPR 0.3122
  pilot fit of run_em_diagonal at rho=0.30349
  -> rho_max = max|S_ij| (off-diag) = 0.72982
  rho grid: [0.72981755 0.64652113 0.5727316  0.5073639  0.44945683 0.39815888
 0.35271573 0.31245915 0.27679719 0.24520543 0.21721935 0.19242741
 0.17046505 0.15100933 0.13377415 0.11850608 0.1049806  0.09299882
 0.08238457 0.07298175]
Running run_em_diagonal over 20 rho values, extending until FPR >= 0.3...
  rho=0.72982 (1/20)
    fp=0.0039 tp=0.1000  [24.4s]
   median nu  = 0.061
   median |eta| = 4.219
  rho=0.64652 (2/20)
    fp=0.0079 tp=0.1667  [28.7s]
   median nu  = 0.07
   median |eta| = 4.197
  rho=0.57273 (3/20)
    fp=0.0133 tp=0.2250  [26.9s]
   median nu  = 0.084
   median |eta| = 4.065
  rho=0.50736 (4/20)
    fp=0.0219 tp=0.2917  [20.5s]
   median nu  = 0.102
   median |eta| = 3.845
  rho=0.44946 (5/20)
    fp=0.0296 tp=0.3417  [52.4s]
   median nu  = 0.129
   median |eta| = 3.404
  rho=0.39816 (6/20)
    fp=0.0391 tp=0.3667  [83.1s]
   median nu  = 0.164
   median |eta| = 2.988
  rho=0.35272 (7/20)
    fp=0.0503 tp=0.4083  [80.6s]
   median nu  = 0.198
   median |eta| = 2.291
  rho=0.31246 (8/20)
    fp=0.0629 tp=0.4750  [96.6s]
   median nu  = 0.236
   median |eta| = 1.6
  rho=0.27680 (9/20)
    fp=0.0768 tp=0.5333  [42.8s]
   median nu  = 0.308
   median |eta| = 1.201
  rho=0.24521 (10/20)
    fp=0.0936 tp=0.5667  [99.2s]
   median nu  = 0.386
   median |eta| = 0.969
  rho=0.21722 (11/20)
    fp=0.1081 tp=0.6500  [70.9s]
   median nu  = 0.435
   median |eta| = 0.777
  rho=0.19243 (12/20)
    fp=0.1240 tp=0.7083  [35.7s]
   median nu  = 0.509
   median |eta| = 0.569
  rho=0.17047 (13/20)
    fp=0.1402 tp=0.7417  [105.6s]
   median nu  = 0.596
   median |eta| = 0.457
  rho=0.15101 (14/20)
    fp=0.1530 tp=0.7583  [73.0s]
   median nu  = 0.682
   median |eta| = 0.377
  rho=0.13377 (15/20)
    fp=0.1636 tp=0.7667  [56.3s]
   median nu  = 0.77
   median |eta| = 0.278
  rho=0.11851 (16/20)
    fp=0.1789 tp=0.7750  [116.8s]
   median nu  = 0.877
   median |eta| = 0.171
  rho=0.10498 (17/20)
    fp=0.1930 tp=0.7917  [92.5s]
   median nu  = 0.972
   median |eta| = 0.134
  rho=0.09300 (18/20)
    fp=0.2079 tp=0.8083  [93.4s]
   median nu  = 1.07
   median |eta| = 0.096
  rho=0.08238 (19/20)
    fp=0.2172 tp=0.8083  [93.7s]
   median nu  = 1.171
   median |eta| = 0.072
  rho=0.07298 (20/20)
    fp=0.2269 tp=0.8083  [91.9s]
   median nu  = 1.285
   median |eta| = 0.05
  rho=0.06465 (21/21)  [extra 1/50]
    fp=0.2385 tp=0.8083  [85.6s]
   median nu  = 1.423
   median |eta| = 0.04
  rho=0.05727 (22/22)  [extra 2/50]
    fp=0.2499 tp=0.8000  [20.7s]
   median nu  = 1.54
   median |eta| = 0.033
  rho=0.05074 (23/23)  [extra 3/50]
    fp=0.2586 tp=0.8167  [35.5s]
   median nu  = 1.647
   median |eta| = 0.025
  rho=0.04495 (24/24)  [extra 4/50]
    fp=0.2698 tp=0.8250  [29.1s]
   median nu  = 1.756
   median |eta| = 0.019
  rho=0.03982 (25/25)  [extra 5/50]
    fp=0.2839 tp=0.8500  [25.6s]
   median nu  = 1.857
   median |eta| = 0.015
  rho=0.03527 (26/26)  [extra 6/50]
    fp=0.2948 tp=0.8417  [26.0s]
   median nu  = 1.997
   median |eta| = 0.012
  rho=0.03125 (27/27)  [extra 7/50]
    fp=0.3043 tp=0.8500  [25.9s]
   median nu  = 2.091
   median |eta| = 0.01
  FPR 0.3043 >= fp_end=0.3; stopping after 27 fits
  grid extended by 7 points down to rho=0.03125, ending at FPR 0.3043
  pilot fit of run_em_exact at rho=0.30349
  -> rho_max = max|S_ij| (off-diag) = 0.74452
  rho grid: [0.74451596 0.65954197 0.58426632 0.51758213 0.45850882 0.40617774
 0.35981937 0.31875203 0.28237184 0.25014383 0.22159412 0.19630287
 0.17389819 0.15405063 0.13646834 0.12089277 0.10709489 0.09487181
 0.08404378 0.0744516 ]
Running run_em_exact over 20 rho values, extending until FPR >= 0.3...
  rho=0.74452 (1/20)
    fp=0.0039 tp=0.0917  [64.0s]
   median nu  = 0.06
   median |eta| = 4.019
  rho=0.65954 (2/20)
    fp=0.0075 tp=0.1583  [87.1s]
   median nu  = 0.069
   median |eta| = 3.996
  rho=0.58427 (3/20)
    fp=0.0122 tp=0.2167  [93.2s]
   median nu  = 0.081
   median |eta| = 3.507
  rho=0.51758 (4/20)
    fp=0.0211 tp=0.2833  [86.2s]
   median nu  = 0.098
   median |eta| = 2.764
  rho=0.45851 (5/20)
    fp=0.0286 tp=0.3417  [82.0s]
   median nu  = 0.124
   median |eta| = 1.952
  rho=0.40618 (6/20)
    fp=0.0381 tp=0.3667  [82.3s]
   median nu  = 0.164
   median |eta| = 1.479
  rho=0.35982 (7/20)
    fp=0.0501 tp=0.4000  [76.8s]
   median nu  = 0.231
   median |eta| = 0.944
  rho=0.31875 (8/20)
    fp=0.0615 tp=0.4583  [92.6s]
   median nu  = 0.273
   median |eta| = 0.662
  rho=0.28237 (9/20)
    fp=0.0783 tp=0.5417  [84.9s]
   median nu  = 0.375
   median |eta| = 0.423
  rho=0.25014 (10/20)
    fp=0.0938 tp=0.5750  [28.6s]
   median nu  = 0.465
   median |eta| = 0.312
  rho=0.22159 (11/20)
    fp=0.1108 tp=0.6417  [21.4s]
   median nu  = 0.562
   median |eta| = 0.221
  rho=0.19630 (12/20)
    fp=0.1259 tp=0.7167  [26.4s]
   median nu  = 0.641
   median |eta| = 0.16
  rho=0.17390 (13/20)
    fp=0.1406 tp=0.7333  [26.6s]
   median nu  = 0.736
   median |eta| = 0.12
  rho=0.15405 (14/20)
    fp=0.1551 tp=0.7500  [23.9s]
   median nu  = 0.798
   median |eta| = 0.084
  rho=0.13647 (15/20)
    fp=0.1698 tp=0.7667  [23.9s]
   median nu  = 0.875
   median |eta| = 0.059
  rho=0.12089 (16/20)
    fp=0.1826 tp=0.7833  [20.7s]
   median nu  = 0.991
   median |eta| = 0.042
  rho=0.10709 (17/20)
    fp=0.1971 tp=0.7917  [19.9s]
   median nu  = 1.129
   median |eta| = 0.029
  rho=0.09487 (18/20)
    fp=0.2077 tp=0.8083  [31.9s]
   median nu  = 1.234
   median |eta| = 0.022
  rho=0.08404 (19/20)
    fp=0.2166 tp=0.8083  [84.1s]
   median nu  = 1.344
   median |eta| = 0.017
  rho=0.07445 (20/20)
    fp=0.2302 tp=0.8250  [68.0s]
   median nu  = 1.464
   median |eta| = 0.013
  rho=0.06595 (21/21)  [extra 1/50]
    fp=0.2406 tp=0.8250  [56.4s]
   median nu  = 1.58
   median |eta| = 0.01
  rho=0.05843 (22/22)  [extra 2/50]
    fp=0.2542 tp=0.8417  [51.8s]
   median nu  = 1.69
   median |eta| = 0.008
  rho=0.05176 (23/23)  [extra 3/50]
    fp=0.2640 tp=0.8417  [46.1s]
   median nu  = 1.799
   median |eta| = 0.006
  rho=0.04585 (24/24)  [extra 4/50]
    fp=0.2720 tp=0.8667  [37.6s]
   median nu  = 1.923
   median |eta| = 0.004
  rho=0.04062 (25/25)  [extra 5/50]
    fp=0.2830 tp=0.8667  [28.7s]
   median nu  = 2.049
   median |eta| = 0.003
  rho=0.03598 (26/26)  [extra 6/50]
    fp=0.2938 tp=0.8750  [27.1s]
   median nu  = 2.169
   median |eta| = 0.003
  rho=0.03188 (27/27)  [extra 7/50]
    fp=0.3046 tp=0.8917  [26.3s]
   median nu  = 2.283
   median |eta| = 0.002
  FPR 0.3046 >= fp_end=0.3; stopping after 27 fits
  grid extended by 7 points down to rho=0.03188, ending at FPR 0.3046
  graphical_lasso rho_max = max|S_ij| (off-diag) = 2.19683
  rho grid: [2.19682597 1.94609517 1.72398109 1.52721759 1.35291135 1.19849923
 1.06171067 0.94053422 0.83318803 0.73809361 0.65385262 0.57922632
 0.51311736 0.45455363 0.40267396 0.35671549 0.31600241 0.27993604
 0.24798604 0.2196826 ]
Running graphical_lasso over 20 rho values, extending until FPR >= 0.3...
  rho=2.19683 (1/20)
    fp=0.0000 tp=0.0000  [0.1s]
  rho=1.94610 (2/20)
    fp=0.0002 tp=0.0083  [0.2s]
  rho=1.72398 (3/20)
    fp=0.0006 tp=0.0167  [0.2s]
  rho=1.52722 (4/20)
    fp=0.0012 tp=0.0250  [136.5s]
  rho=1.35291 (5/20)
    fp=0.0025 tp=0.0250  [137.0s]
  rho=1.19850 (6/20)
    fp=0.0066 tp=0.0250  [0.1s]
  rho=1.06171 (7/20)
    fp=0.0089 tp=0.0417  [120.9s]
  rho=0.94053 (8/20)
    fp=0.0128 tp=0.0833  [42.8s]
  rho=0.83319 (9/20)
    fp=0.0168 tp=0.1250  [36.5s]
  rho=0.73809 (10/20)
    fp=0.0238 tp=0.2000  [34.1s]
  rho=0.65385 (11/20)
    fp=0.0364 tp=0.2667  [0.6s]
  rho=0.57923 (12/20)
    fp=0.0513 tp=0.3250  [0.9s]
  rho=0.51312 (13/20)
    fp=0.0654 tp=0.3833  [0.3s]
  rho=0.45455 (14/20)
    fp=0.0820 tp=0.4333  [1.4s]
  rho=0.40267 (15/20)
    fp=0.1058 tp=0.4833  [0.6s]
  rho=0.35672 (16/20)
    fp=0.1288 tp=0.5250  [0.5s]
  rho=0.31600 (17/20)
    fp=0.1516 tp=0.5583  [1.4s]
  rho=0.27994 (18/20)
    fp=0.1741 tp=0.6417  [0.2s]
  rho=0.24799 (19/20)
    fp=0.1994 tp=0.7167  [0.6s]
  rho=0.21968 (20/20)
    fp=0.2217 tp=0.7417  [12.0s]
  rho=0.19461 (21/21)  [extra 1/50]
    fp=0.2435 tp=0.7500  [2.4s]
  rho=0.17240 (22/22)  [extra 2/50]
    fp=0.2673 tp=0.7750  [8.4s]
  rho=0.15272 (23/23)  [extra 3/50]
    fp=0.2894 tp=0.7750  [0.3s]
  rho=0.13529 (24/24)  [extra 4/50]
    fp=0.3126 tp=0.7833  [2.7s]
  FPR 0.3126 >= fp_end=0.3; stopping after 24 fits
  [note] 6/24 fits hit a glasso ConvergenceWarning (suppressed)
  grid extended by 4 points down to rho=0.13529, ending at FPR 0.3126
  [warn] mean_roc averages out to FPR 0.300 but the shortest replicate only reached 0.011; its TPR is held flat above that
  [warn] mean_roc averages out to FPR 0.300 but the shortest replicate only reached 0.229; its TPR is held flat above that

(p=100, n=50) over 20 replicates
  t+lasso  (run_em_diagonal):    AUC = 0.194 (SE 0.003)
  ~t+lasso (run_em_exact):       AUC = 0.196 (SE 0.003)
  tlasso   (run_tlasso):         AUC = 0.194 (SE 0.003)
  t*lasso  (run_tstar_varlasso): AUC = 0.192 (SE 0.003)
  glasso   (graphical_lasso):    AUC = 0.145 (SE 0.008)
Replicate 21/50
  Theta: 113/4950 edges
  pilot fit of run_tlasso at rho=30.34854
  -> rho_max = max|S_ij| (off-diag) = 19.11456
  [warn] pilot rho 30.34854 > rho_max 19.11456: it falls off the top of this method's grid
  rho grid: [19.1145584  16.9329525  15.00034028 13.2883033  11.77166659 10.4281285
  9.23793273  8.18357782  7.24955981  6.42214428  5.68916434  5.03984176
  4.46462844  3.95506607  3.50366168  3.10377753  2.74953344  2.43572036
  2.15772378  1.91145584]
Running run_tlasso over 20 rho values, extending until FPR >= 0.3...
  rho=19.11456 (1/20)
    fp=0.0000 tp=0.0000  [0.9s]
   nu  = 3.0000
  rho=16.93295 (2/20)
    fp=0.0000 tp=0.0000  [0.6s]
   nu  = 3.0000
  rho=15.00034 (3/20)
    fp=0.0000 tp=0.0000  [0.8s]
   nu  = 3.0000
  rho=13.28830 (4/20)
    fp=0.0000 tp=0.0088  [1.2s]
   nu  = 3.0000
  rho=11.77167 (5/20)
    fp=0.0000 tp=0.0088  [1.4s]
   nu  = 3.0000
  rho=10.42813 (6/20)
    fp=0.0000 tp=0.0088  [1.3s]
   nu  = 3.0000
  rho=9.23793 (7/20)
    fp=0.0000 tp=0.0088  [1.3s]
   nu  = 3.0000
  rho=8.18358 (8/20)
    fp=0.0004 tp=0.0265  [1.7s]
   nu  = 3.0000
  rho=7.24956 (9/20)
    fp=0.0006 tp=0.0442  [1.8s]
   nu  = 3.0000
  rho=6.42214 (10/20)
    fp=0.0012 tp=0.0619  [1.8s]
   nu  = 3.0000
  rho=5.68916 (11/20)
    fp=0.0019 tp=0.0619  [1.6s]
   nu  = 3.0000
  rho=5.03984 (12/20)
    fp=0.0033 tp=0.0708  [1.8s]
   nu  = 3.0000
  rho=4.46463 (13/20)
    fp=0.0048 tp=0.1062  [2.0s]
   nu  = 3.0000
  rho=3.95507 (14/20)
    fp=0.0072 tp=0.1327  [2.1s]
   nu  = 3.0000
  rho=3.50366 (15/20)
    fp=0.0112 tp=0.1858  [2.3s]
   nu  = 3.0000
  rho=3.10378 (16/20)
    fp=0.0198 tp=0.2212  [2.5s]
   nu  = 3.0000
  rho=2.74953 (17/20)
    fp=0.0308 tp=0.2920  [2.9s]
   nu  = 3.0000
  rho=2.43572 (18/20)
    fp=0.0507 tp=0.3805  [4.3s]
   nu  = 3.0000
  rho=2.15772 (19/20)
    fp=0.0875 tp=0.4956  [7.7s]
   nu  = 3.0000
  rho=1.91146 (20/20)
    fp=0.2191 tp=0.6637  [33.2s]
   nu  = 3.0000
  rho=1.69330 (21/21)  [extra 1/50]
    fp=0.2514 tp=0.7080  [34.2s]
   nu  = 3.0000
  rho=1.50003 (22/22)  [extra 2/50]
    fp=0.2876 tp=0.7522  [21.8s]
   nu  = 3.0000
  rho=1.32883 (23/23)  [extra 3/50]
    fp=0.3244 tp=0.7788  [34.5s]
   nu  = 3.0000
  FPR 0.3244 >= fp_end=0.3; stopping after 23 fits
  grid extended by 3 points down to rho=1.32883, ending at FPR 0.3244
  pilot fit of run_tstar_varlasso at rho=0.30349
  -> rho_max = max|S_ij| (off-diag) = 0.51387
  rho grid: [0.51386789 0.4552185  0.40326295 0.35723726 0.31646462 0.2803455
 0.24834877 0.22000393 0.19489417 0.17265027 0.15294514 0.13548902
 0.12002523 0.10632636 0.09419099 0.08344067 0.07391732 0.0654809
 0.05800735 0.05138679]
Running run_tstar_varlasso over 20 rho values, extending until FPR >= 0.3...
  rho=0.51387 (1/20)
    fp=0.0002 tp=0.0088  [1.4s]
   nu  = 3.0000
  rho=0.45522 (2/20)
    fp=0.0010 tp=0.0088  [1.1s]
   nu  = 3.0000
  rho=0.40326 (3/20)
    fp=0.0014 tp=0.0354  [1.2s]
   nu  = 3.0000
  rho=0.35724 (4/20)
    fp=0.0048 tp=0.0796  [1.4s]
   nu  = 3.0000
  rho=0.31646 (5/20)
    fp=0.0089 tp=0.1593  [1.4s]
   nu  = 3.0000
  rho=0.28035 (6/20)
    fp=0.0155 tp=0.1858  [1.4s]
   nu  = 3.0000
  rho=0.24835 (7/20)
    fp=0.0263 tp=0.2301  [1.5s]
   nu  = 3.0000
  rho=0.22000 (8/20)
    fp=0.0368 tp=0.3097  [1.4s]
   nu  = 3.0000
  rho=0.19489 (9/20)
    fp=0.0525 tp=0.3894  [1.4s]
   nu  = 3.0000
  rho=0.17265 (10/20)
    fp=0.0701 tp=0.4425  [1.4s]
   nu  = 3.0000
  rho=0.15295 (11/20)
    fp=0.0856 tp=0.5044  [2.0s]
   nu  = 3.0000
  rho=0.13549 (12/20)
    fp=0.1052 tp=0.5575  [2.1s]
   nu  = 3.0000
  rho=0.12003 (13/20)
    fp=0.1257 tp=0.5752  [2.3s]
   nu  = 3.0000
  rho=0.10633 (14/20)
    fp=0.1458 tp=0.5929  [1.6s]
   nu  = 3.0000
  rho=0.09419 (15/20)
    fp=0.1652 tp=0.6460  [1.5s]
   nu  = 3.0000
  rho=0.08344 (16/20)
    fp=0.1892 tp=0.6549  [1.5s]
   nu  = 3.0000
  rho=0.07392 (17/20)
    fp=0.2134 tp=0.6903  [1.5s]
   nu  = 3.0000
  rho=0.06548 (18/20)
    fp=0.2311 tp=0.6903  [1.6s]
   nu  = 3.0000
  rho=0.05801 (19/20)
    fp=0.2528 tp=0.7345  [2.2s]
   nu  = 3.0000
  rho=0.05139 (20/20)
    fp=0.2748 tp=0.7434  [2.9s]
   nu  = 3.0000
  rho=0.04552 (21/21)  [extra 1/50]
    fp=0.2956 tp=0.7522  [2.8s]
   nu  = 3.0000
  rho=0.04033 (22/22)  [extra 2/50]
    fp=0.3173 tp=0.7522  [3.8s]
   nu  = 3.0000
  FPR 0.3173 >= fp_end=0.3; stopping after 22 fits
  grid extended by 2 points down to rho=0.04033, ending at FPR 0.3173
  pilot fit of run_em_diagonal at rho=0.30349
  -> rho_max = max|S_ij| (off-diag) = 0.72190
  rho grid: [0.72189955 0.63950684 0.56651787 0.50185937 0.44458055 0.39383914
 0.34888902 0.30906919 0.27379413 0.24254513 0.21486268 0.19033971
 0.16861563 0.14937098 0.1323228  0.11722037 0.10384163 0.09198985
 0.08149076 0.07218995]
Running run_em_diagonal over 20 rho values, extending until FPR >= 0.3...
  rho=0.72190 (1/20)
    fp=0.0006 tp=0.0177  [79.8s]
   median nu  = 0.091
   median |eta| = 2.621
  rho=0.63951 (2/20)
    fp=0.0021 tp=0.0177  [78.7s]
   median nu  = 0.11
   median |eta| = 2.461
  rho=0.56652 (3/20)
    fp=0.0041 tp=0.0531  [79.8s]
   median nu  = 0.133
   median |eta| = 2.133
  rho=0.50186 (4/20)
    fp=0.0058 tp=0.0708  [83.3s]
   median nu  = 0.159
   median |eta| = 1.891
  rho=0.44458 (5/20)
    fp=0.0120 tp=0.1327  [80.6s]
   median nu  = 0.19
   median |eta| = 1.634
  rho=0.39384 (6/20)
    fp=0.0184 tp=0.2301  [79.4s]
   median nu  = 0.235
   median |eta| = 1.441
  rho=0.34889 (7/20)
    fp=0.0258 tp=0.2655  [51.3s]
   median nu  = 0.273
   median |eta| = 1.371
  rho=0.30907 (8/20)
    fp=0.0389 tp=0.3274  [31.6s]
   median nu  = 0.312
   median |eta| = 1.247
  rho=0.27379 (9/20)
    fp=0.0546 tp=0.3717  [33.1s]
   median nu  = 0.379
   median |eta| = 1.154
  rho=0.24255 (10/20)
    fp=0.0691 tp=0.4867  [26.8s]
   median nu  = 0.458
   median |eta| = 0.91
  rho=0.21486 (11/20)
    fp=0.0827 tp=0.5221  [25.9s]
   median nu  = 0.481
   median |eta| = 0.743
  rho=0.19034 (12/20)
    fp=0.1005 tp=0.5752  [28.9s]
   median nu  = 0.54
   median |eta| = 0.578
  rho=0.16862 (13/20)
    fp=0.1137 tp=0.6106  [27.9s]
   median nu  = 0.591
   median |eta| = 0.49
  rho=0.14937 (14/20)
    fp=0.1292 tp=0.6283  [27.3s]
   median nu  = 0.662
   median |eta| = 0.396
  rho=0.13232 (15/20)
    fp=0.1420 tp=0.6283  [33.2s]
   median nu  = 0.748
   median |eta| = 0.288
  rho=0.11722 (16/20)
    fp=0.1555 tp=0.6372  [21.3s]
   median nu  = 0.807
   median |eta| = 0.206
  rho=0.10384 (17/20)
    fp=0.1706 tp=0.6460  [26.1s]
   median nu  = 0.884
   median |eta| = 0.157
  rho=0.09199 (18/20)
    fp=0.1832 tp=0.6549  [25.5s]
   median nu  = 0.99
   median |eta| = 0.121
  rho=0.08149 (19/20)
    fp=0.1985 tp=0.6814  [24.3s]
   median nu  = 1.087
   median |eta| = 0.087
  rho=0.07219 (20/20)
    fp=0.2125 tp=0.6903  [25.8s]
   median nu  = 1.185
   median |eta| = 0.066
  rho=0.06395 (21/21)  [extra 1/50]
    fp=0.2241 tp=0.7345  [22.0s]
   median nu  = 1.269
   median |eta| = 0.051
  rho=0.05665 (22/22)  [extra 2/50]
    fp=0.2373 tp=0.7522  [20.8s]
   median nu  = 1.357
   median |eta| = 0.041
  rho=0.05019 (23/23)  [extra 3/50]
    fp=0.2489 tp=0.7788  [23.9s]
   median nu  = 1.443
   median |eta| = 0.034
  rho=0.04446 (24/24)  [extra 4/50]
    fp=0.2617 tp=0.7876  [23.4s]
   median nu  = 1.526
   median |eta| = 0.027
  rho=0.03938 (25/25)  [extra 5/50]
    fp=0.2708 tp=0.7788  [19.7s]
   median nu  = 1.634
   median |eta| = 0.023
  rho=0.03489 (26/26)  [extra 6/50]
    fp=0.2845 tp=0.7788  [70.8s]
   median nu  = 1.756
   median |eta| = 0.018
  rho=0.03091 (27/27)  [extra 7/50]
    fp=0.2989 tp=0.7699  [82.5s]
   median nu  = 1.865
   median |eta| = 0.014
  rho=0.02738 (28/28)  [extra 8/50]
    fp=0.3130 tp=0.7611  [83.1s]
   median nu  = 1.982
   median |eta| = 0.011
  FPR 0.3130 >= fp_end=0.3; stopping after 28 fits
  grid extended by 8 points down to rho=0.02738, ending at FPR 0.3130
  pilot fit of run_em_exact at rho=0.30349
  -> rho_max = max|S_ij| (off-diag) = 0.72296
  rho grid: [0.72296039 0.6404466  0.56735038 0.50259686 0.44523387 0.3944179
 0.34940172 0.30952338 0.27419648 0.24290156 0.21517842 0.19061942
 0.16886341 0.14959049 0.13251725 0.11739263 0.10399423 0.09212503
 0.08161051 0.07229604]
Running run_em_exact over 20 rho values, extending until FPR >= 0.3...
  rho=0.72296 (1/20)
    fp=0.0006 tp=0.0177  [82.4s]
   median nu  = 0.091
   median |eta| = 2.623
  rho=0.64045 (2/20)
    fp=0.0021 tp=0.0177  [79.1s]
   median nu  = 0.11
   median |eta| = 2.408
  rho=0.56735 (3/20)
    fp=0.0041 tp=0.0531  [81.1s]
   median nu  = 0.133
   median |eta| = 2.097
  rho=0.50260 (4/20)
    fp=0.0056 tp=0.0619  [80.6s]
   median nu  = 0.161
   median |eta| = 1.849
  rho=0.44523 (5/20)
    fp=0.0120 tp=0.1327  [80.4s]
   median nu  = 0.198
   median |eta| = 1.495
  rho=0.39442 (6/20)
    fp=0.0186 tp=0.2301  [78.2s]
   median nu  = 0.246
   median |eta| = 1.29
  rho=0.34940 (7/20)
    fp=0.0267 tp=0.2655  [81.4s]
   median nu  = 0.284
   median |eta| = 1.018
  rho=0.30952 (8/20)
    fp=0.0395 tp=0.3274  [82.0s]
   median nu  = 0.346
   median |eta| = 0.645
  rho=0.27420 (9/20)
    fp=0.0556 tp=0.3717  [81.4s]
   median nu  = 0.437
   median |eta| = 0.48
  rho=0.24290 (10/20)
    fp=0.0697 tp=0.4690  [79.9s]
   median nu  = 0.506
   median |eta| = 0.36
  rho=0.21518 (11/20)
    fp=0.0850 tp=0.5221  [86.5s]
   median nu  = 0.592
   median |eta| = 0.252
  rho=0.19062 (12/20)
    fp=0.1015 tp=0.5841  [56.7s]
   median nu  = 0.664
   median |eta| = 0.189
  rho=0.16886 (13/20)
    fp=0.1152 tp=0.6106  [32.8s]
   median nu  = 0.742
   median |eta| = 0.134
  rho=0.14959 (14/20)
    fp=0.1274 tp=0.6195  [28.1s]
   median nu  = 0.819
   median |eta| = 0.103
  rho=0.13252 (15/20)
    fp=0.1424 tp=0.6460  [21.9s]
   median nu  = 0.897
   median |eta| = 0.066
  rho=0.11739 (16/20)
    fp=0.1548 tp=0.6460  [46.2s]
   median nu  = 0.985
   median |eta| = 0.048
  rho=0.10399 (17/20)
    fp=0.1679 tp=0.6549  [64.2s]
   median nu  = 1.084
   median |eta| = 0.036
  rho=0.09213 (18/20)
    fp=0.1803 tp=0.6726  [18.6s]
   median nu  = 1.162
   median |eta| = 0.029
  rho=0.08161 (19/20)
    fp=0.1952 tp=0.6903  [9.5s]
   median nu  = 1.254
   median |eta| = 0.023
  rho=0.07230 (20/20)
    fp=0.2105 tp=0.6991  [7.1s]
   median nu  = 1.354
   median |eta| = 0.019
  rho=0.06404 (21/21)  [extra 1/50]
    fp=0.2220 tp=0.7080  [7.1s]
   median nu  = 1.444
   median |eta| = 0.016
  rho=0.05674 (22/22)  [extra 2/50]
    fp=0.2322 tp=0.7345  [8.3s]
   median nu  = 1.535
   median |eta| = 0.013
  rho=0.05026 (23/23)  [extra 3/50]
    fp=0.2471 tp=0.7345  [26.2s]
   median nu  = 1.621
   median |eta| = 0.01
  rho=0.04452 (24/24)  [extra 4/50]
    fp=0.2593 tp=0.7345  [17.9s]
   median nu  = 1.712
   median |eta| = 0.008
  rho=0.03944 (25/25)  [extra 5/50]
    fp=0.2733 tp=0.7345  [6.6s]
   median nu  = 1.815
   median |eta| = 0.006
  rho=0.03494 (26/26)  [extra 6/50]
    fp=0.2861 tp=0.7345  [4.9s]
   median nu  = 1.927
   median |eta| = 0.005
  rho=0.03095 (27/27)  [extra 7/50]
    fp=0.2979 tp=0.7345  [4.6s]
   median nu  = 2.058
   median |eta| = 0.004
  rho=0.02742 (28/28)  [extra 8/50]
    fp=0.3118 tp=0.7434  [4.2s]
   median nu  = 2.172
   median |eta| = 0.003
  FPR 0.3118 >= fp_end=0.3; stopping after 28 fits
  grid extended by 8 points down to rho=0.02742, ending at FPR 0.3118
  graphical_lasso rho_max = max|S_ij| (off-diag) = 3.15634
  rho grid: [3.15634324 2.79609965 2.47697182 2.19426708 1.94382834 1.72197297
 1.52543867 1.35133546 1.1971032  1.06047397 0.93943867 0.83221752
 0.73723387 0.653091   0.57855163 0.51251967 0.45402416 0.40220492
 0.35629998 0.31563432]
Running graphical_lasso over 20 rho values, extending until FPR >= 0.3...
  rho=3.15634 (1/20)
    fp=0.0000 tp=0.0000  [0.0s]
  rho=2.79610 (2/20)
    fp=0.0006 tp=0.0000  [27.1s]
  rho=2.47697 (3/20)
    fp=0.0014 tp=0.0000  [0.0s]
  rho=2.19427 (4/20)
    fp=0.0019 tp=0.0000  [0.0s]
  rho=1.94383 (5/20)
    fp=0.0025 tp=0.0000  [0.0s]
  rho=1.72197 (6/20)
    fp=0.0035 tp=0.0000  [0.0s]
  rho=1.52544 (7/20)
    fp=0.0056 tp=0.0000  [32.4s]
  rho=1.35134 (8/20)
    fp=0.0081 tp=0.0000  [35.7s]
  rho=1.19710 (9/20)
    fp=0.0101 tp=0.0088  [24.5s]
  rho=1.06047 (10/20)
    fp=0.0139 tp=0.0177  [0.7s]
  rho=0.93944 (11/20)
    fp=0.0190 tp=0.0442  [0.1s]
  rho=0.83222 (12/20)
    fp=0.0273 tp=0.0619  [1.5s]
  rho=0.73723 (13/20)
    fp=0.0362 tp=0.0885  [0.2s]
  rho=0.65309 (14/20)
    fp=0.0480 tp=0.1239  [4.0s]
  rho=0.57855 (15/20)
    fp=0.0585 tp=0.1504  [2.3s]
  rho=0.51252 (16/20)
    fp=0.0699 tp=0.2212  [0.9s]
  rho=0.45402 (17/20)
    fp=0.0808 tp=0.2832  [4.3s]
  rho=0.40220 (18/20)
    fp=0.0972 tp=0.4071  [1.0s]
  rho=0.35630 (19/20)
    fp=0.1141 tp=0.4513  [9.4s]
  rho=0.31563 (20/20)
    fp=0.1294 tp=0.4956  [4.4s]
  rho=0.27961 (21/21)  [extra 1/50]
    fp=0.1478 tp=0.5664  [2.1s]
  rho=0.24770 (22/22)  [extra 2/50]
    fp=0.1668 tp=0.5929  [3.3s]
  rho=0.21943 (23/23)  [extra 3/50]
    fp=0.1910 tp=0.6283  [0.6s]
  rho=0.19438 (24/24)  [extra 4/50]
    fp=0.2100 tp=0.6549  [1.3s]
  rho=0.17220 (25/25)  [extra 5/50]
    fp=0.2313 tp=0.6549  [1.3s]
  rho=0.15254 (26/26)  [extra 6/50]
    fp=0.2520 tp=0.6726  [7.4s]
  rho=0.13513 (27/27)  [extra 7/50]
    fp=0.2739 tp=0.6991  [1.0s]
  rho=0.11971 (28/28)  [extra 8/50]
    fp=0.2969 tp=0.7168  [1.4s]
  rho=0.10605 (29/29)  [extra 9/50]
    fp=0.3153 tp=0.7345  [2.7s]
  FPR 0.3153 >= fp_end=0.3; stopping after 29 fits
  [note] 4/29 fits hit a glasso ConvergenceWarning (suppressed)
  grid extended by 9 points down to rho=0.10605, ending at FPR 0.3153
  [warn] mean_roc averages out to FPR 0.300 but the shortest replicate only reached 0.011; its TPR is held flat above that
  [warn] mean_roc averages out to FPR 0.300 but the shortest replicate only reached 0.229; its TPR is held flat above that

(p=100, n=50) over 21 replicates
  t+lasso  (run_em_diagonal):    AUC = 0.193 (SE 0.003)
  ~t+lasso (run_em_exact):       AUC = 0.195 (SE 0.003)
  tlasso   (run_tlasso):         AUC = 0.192 (SE 0.003)
  t*lasso  (run_tstar_varlasso): AUC = 0.191 (SE 0.003)
  glasso   (graphical_lasso):    AUC = 0.145 (SE 0.008)
Replicate 22/50
  Theta: 97/4950 edges
  pilot fit of run_tlasso at rho=30.34854
  -> rho_max = max|S_ij| (off-diag) = 25.19348
  [warn] pilot rho 30.34854 > rho_max 25.19348: it falls off the top of this method's grid
  rho grid: [25.19348077 22.31806795 19.77083522 17.51432634 15.51536006 13.74454222
 12.1758335  10.78616655  9.55510674  8.46455174  7.49846528  6.64264137
  5.88449539  5.21287905  4.61791643  4.09085881  3.62395596  3.21034223
  2.84393557  2.51934808]
Running run_tlasso over 20 rho values, extending until FPR >= 0.3...
  rho=25.19348 (1/20)
    fp=0.0000 tp=0.0000  [0.9s]
   nu  = 3.0000
  rho=22.31807 (2/20)
    fp=0.0000 tp=0.0103  [0.8s]
   nu  = 3.0000
  rho=19.77084 (3/20)
    fp=0.0000 tp=0.0103  [1.2s]
   nu  = 3.0000
  rho=17.51433 (4/20)
    fp=0.0000 tp=0.0103  [1.3s]
   nu  = 3.0000
  rho=15.51536 (5/20)
    fp=0.0000 tp=0.0103  [1.4s]
   nu  = 3.0000
  rho=13.74454 (6/20)
    fp=0.0000 tp=0.0206  [1.5s]
   nu  = 3.0000
  rho=12.17583 (7/20)
    fp=0.0002 tp=0.0309  [1.8s]
   nu  = 3.0000
  rho=10.78617 (8/20)
    fp=0.0004 tp=0.0309  [1.9s]
   nu  = 3.0000
  rho=9.55511 (9/20)
    fp=0.0008 tp=0.0515  [2.0s]
   nu  = 3.0000
  rho=8.46455 (10/20)
    fp=0.0008 tp=0.0722  [2.1s]
   nu  = 3.0000
  rho=7.49847 (11/20)
    fp=0.0014 tp=0.0722  [2.2s]
   nu  = 3.0000
  rho=6.64264 (12/20)
    fp=0.0031 tp=0.0928  [2.1s]
   nu  = 3.0000
  rho=5.88450 (13/20)
    fp=0.0049 tp=0.1340  [2.3s]
   nu  = 3.0000
  rho=5.21288 (14/20)
    fp=0.0089 tp=0.1753  [2.6s]
   nu  = 3.0000
  rho=4.61792 (15/20)
    fp=0.0138 tp=0.2371  [2.7s]
   nu  = 3.0000
  rho=4.09086 (16/20)
    fp=0.0241 tp=0.3299  [3.1s]
   nu  = 3.0000
  rho=3.62396 (17/20)
    fp=0.0410 tp=0.4227  [3.7s]
   nu  = 3.0000
  rho=3.21034 (18/20)
    fp=0.0711 tp=0.5567  [10.3s]
   nu  = 3.0000
  rho=2.84394 (19/20)
    fp=0.1230 tp=0.7113  [10.6s]
   nu  = 3.0000
  rho=2.51935 (20/20)
    fp=0.2477 tp=0.8557  [87.9s]
   nu  = 3.0000
  rho=2.23181 (21/21)  [extra 1/50]
    fp=0.2850 tp=0.8557  [167.2s]
   nu  = 3.0000
  rho=1.97708 (22/22)  [extra 2/50]
    fp=0.3163 tp=0.8660  [7.6s]
   nu  = 3.0000
  FPR 0.3163 >= fp_end=0.3; stopping after 22 fits
  grid extended by 2 points down to rho=1.97708, ending at FPR 0.3163
  pilot fit of run_tstar_varlasso at rho=0.30349
  -> rho_max = max|S_ij| (off-diag) = 0.79886
  rho grid: [0.79885535 0.70767942 0.6269097  0.55535848 0.49197364 0.43582311
 0.38608122 0.34201653 0.30298108 0.26840088 0.23776743 0.21063027
 0.18659036 0.1652942  0.14642864 0.12971627 0.11491134 0.10179614
 0.09017782 0.07988553]
Running run_tstar_varlasso over 20 rho values, extending until FPR >= 0.3...
  rho=0.79886 (1/20)
    fp=0.0002 tp=0.0309  [0.4s]
   nu  = 3.0000
  rho=0.70768 (2/20)
    fp=0.0006 tp=0.0515  [0.4s]
   nu  = 3.0000
  rho=0.62691 (3/20)
    fp=0.0014 tp=0.0515  [0.4s]
   nu  = 3.0000
  rho=0.55536 (4/20)
    fp=0.0033 tp=0.0722  [0.5s]
   nu  = 3.0000
  rho=0.49197 (5/20)
    fp=0.0060 tp=0.1031  [0.6s]
   nu  = 3.0000
  rho=0.43582 (6/20)
    fp=0.0097 tp=0.1546  [0.6s]
   nu  = 3.0000
  rho=0.38608 (7/20)
    fp=0.0165 tp=0.1856  [0.7s]
   nu  = 3.0000
  rho=0.34202 (8/20)
    fp=0.0258 tp=0.2887  [0.7s]
   nu  = 3.0000
  rho=0.30298 (9/20)
    fp=0.0387 tp=0.3505  [0.5s]
   nu  = 3.0000
  rho=0.26840 (10/20)
    fp=0.0567 tp=0.4227  [0.7s]
   nu  = 3.0000
  rho=0.23777 (11/20)
    fp=0.0750 tp=0.4433  [0.7s]
   nu  = 3.0000
  rho=0.21063 (12/20)
    fp=0.0917 tp=0.5567  [0.7s]
   nu  = 3.0000
  rho=0.18659 (13/20)
    fp=0.1123 tp=0.5876  [0.7s]
   nu  = 3.0000
  rho=0.16529 (14/20)
    fp=0.1356 tp=0.6392  [0.5s]
   nu  = 3.0000
  rho=0.14643 (15/20)
    fp=0.1543 tp=0.7216  [0.7s]
   nu  = 3.0000
  rho=0.12972 (16/20)
    fp=0.1768 tp=0.8041  [0.7s]
   nu  = 3.0000
  rho=0.11491 (17/20)
    fp=0.1980 tp=0.8454  [0.6s]
   nu  = 3.0000
  rho=0.10180 (18/20)
    fp=0.2186 tp=0.8660  [0.7s]
   nu  = 3.0000
  rho=0.09018 (19/20)
    fp=0.2368 tp=0.8866  [0.9s]
   nu  = 3.0000
  rho=0.07989 (20/20)
    fp=0.2594 tp=0.8969  [0.9s]
   nu  = 3.0000
  rho=0.07077 (21/21)  [extra 1/50]
    fp=0.2794 tp=0.8969  [0.8s]
   nu  = 3.0000
  rho=0.06269 (22/22)  [extra 2/50]
    fp=0.3013 tp=0.9072  [1.0s]
   nu  = 3.0000
  FPR 0.3013 >= fp_end=0.3; stopping after 22 fits
  grid extended by 2 points down to rho=0.06269, ending at FPR 0.3013
  pilot fit of run_em_diagonal at rho=0.30349
  -> rho_max = max|S_ij| (off-diag) = 0.87639
  rho grid: [0.8763859  0.77636116 0.68775257 0.60925716 0.53972069 0.47812063
 0.42355119 0.37520993 0.33238602 0.29444974 0.26084324 0.23107237
 0.20469934 0.18133634 0.16063984 0.1423055  0.12606372 0.11167566
 0.09892976 0.08763859]
Running run_em_diagonal over 20 rho values, extending until FPR >= 0.3...
  rho=0.87639 (1/20)
    fp=0.0039 tp=0.0722  [26.2s]
   median nu  = 0.105
   median |eta| = 3.079
  rho=0.77636 (2/20)
    fp=0.0060 tp=0.0722  [21.0s]
   median nu  = 0.13
   median |eta| = 2.576
  rho=0.68775 (3/20)
    fp=0.0097 tp=0.1031  [24.4s]
   median nu  = 0.159
   median |eta| = 2.342
  rho=0.60926 (4/20)
    fp=0.0161 tp=0.1649  [26.4s]
   median nu  = 0.198
   median |eta| = 2.105
  rho=0.53972 (5/20)
    fp=0.0225 tp=0.2268  [25.1s]
   median nu  = 0.262
   median |eta| = 1.842
  rho=0.47812 (6/20)
    fp=0.0326 tp=0.3093  [29.5s]
   median nu  = 0.314
   median |eta| = 1.561
  rho=0.42355 (7/20)
    fp=0.0429 tp=0.3814  [22.3s]
   median nu  = 0.378
   median |eta| = 1.278
  rho=0.37521 (8/20)
    fp=0.0544 tp=0.4330  [24.4s]
   median nu  = 0.421
   median |eta| = 1.133
  rho=0.33239 (9/20)
    fp=0.0670 tp=0.4845  [22.0s]
   median nu  = 0.492
   median |eta| = 0.919
  rho=0.29445 (10/20)
    fp=0.0822 tp=0.5361  [27.0s]
   median nu  = 0.533
   median |eta| = 0.745
  rho=0.26084 (11/20)
    fp=0.0985 tp=0.5876  [27.8s]
   median nu  = 0.597
   median |eta| = 0.599
  rho=0.23107 (12/20)
    fp=0.1156 tp=0.6392  [22.3s]
   median nu  = 0.68
   median |eta| = 0.443
  rho=0.20470 (13/20)
    fp=0.1315 tp=0.6495  [19.2s]
   median nu  = 0.759
   median |eta| = 0.313
  rho=0.18134 (14/20)
    fp=0.1463 tp=0.7010  [19.7s]
   median nu  = 0.823
   median |eta| = 0.243
  rho=0.16064 (15/20)
    fp=0.1599 tp=0.7526  [29.2s]
   median nu  = 0.895
   median |eta| = 0.192
  rho=0.14231 (16/20)
    fp=0.1760 tp=0.7732  [26.2s]
   median nu  = 0.992
   median |eta| = 0.143
  rho=0.12606 (17/20)
    fp=0.1877 tp=0.7938  [45.4s]
   median nu  = 1.071
   median |eta| = 0.107
  rho=0.11168 (18/20)
    fp=0.2040 tp=0.8041  [84.5s]
   median nu  = 1.159
   median |eta| = 0.081
  rho=0.09893 (19/20)
    fp=0.2197 tp=0.8247  [83.7s]
   median nu  = 1.283
   median |eta| = 0.06
  rho=0.08764 (20/20)
    fp=0.2341 tp=0.8454  [84.3s]
   median nu  = 1.389
   median |eta| = 0.045
  rho=0.07764 (21/21)  [extra 1/50]
    fp=0.2452 tp=0.8660  [85.2s]
   median nu  = 1.478
   median |eta| = 0.036
  rho=0.06878 (22/22)  [extra 2/50]
    fp=0.2563 tp=0.8763  [74.5s]
   median nu  = 1.59
   median |eta| = 0.026
  rho=0.06093 (23/23)  [extra 3/50]
    fp=0.2671 tp=0.8660  [71.4s]
   median nu  = 1.735
   median |eta| = 0.02
  rho=0.05397 (24/24)  [extra 4/50]
    fp=0.2798 tp=0.8763  [76.0s]
   median nu  = 1.849
   median |eta| = 0.015
  rho=0.04781 (25/25)  [extra 5/50]
    fp=0.2893 tp=0.8763  [77.5s]
   median nu  = 1.976
   median |eta| = 0.011
  rho=0.04236 (26/26)  [extra 6/50]
    fp=0.2980 tp=0.8763  [81.2s]
   median nu  = 2.094
   median |eta| = 0.009
  rho=0.03752 (27/27)  [extra 7/50]
    fp=0.3060 tp=0.8866  [76.1s]
   median nu  = 2.22
   median |eta| = 0.007
  FPR 0.3060 >= fp_end=0.3; stopping after 27 fits
  grid extended by 7 points down to rho=0.03752, ending at FPR 0.3060
  pilot fit of run_em_exact at rho=0.30349
  -> rho_max = max|S_ij| (off-diag) = 0.90086
  rho grid: [0.90085888 0.79804097 0.70695799 0.62627061 0.55479233 0.4914721
 0.43537881 0.38568763 0.34166787 0.30267222 0.26812726 0.23752504
 0.21041554 0.18640014 0.1651257  0.14627937 0.12958404 0.11479419
 0.10169236 0.09008589]
Running run_em_exact over 20 rho values, extending until FPR >= 0.3...
  rho=0.90086 (1/20)
    fp=0.0035 tp=0.0619  [83.1s]
   median nu  = 0.101
   median |eta| = 3.025
  rho=0.79804 (2/20)
    fp=0.0056 tp=0.0722  [82.7s]
   median nu  = 0.124
   median |eta| = 2.588
  rho=0.70696 (3/20)
    fp=0.0093 tp=0.1031  [66.9s]
   median nu  = 0.155
   median |eta| = 2.148
  rho=0.62627 (4/20)
    fp=0.0148 tp=0.1546  [78.2s]
   median nu  = 0.194
   median |eta| = 1.806
  rho=0.55479 (5/20)
    fp=0.0210 tp=0.2268  [20.5s]
   median nu  = 0.261
   median |eta| = 1.48
  rho=0.49147 (6/20)
    fp=0.0299 tp=0.2887  [26.1s]
   median nu  = 0.332
   median |eta| = 1.133
  rho=0.43538 (7/20)
    fp=0.0394 tp=0.3608  [26.4s]
   median nu  = 0.4
   median |eta| = 0.768
  rho=0.38569 (8/20)
    fp=0.0528 tp=0.4227  [25.0s]
   median nu  = 0.46
   median |eta| = 0.595
  rho=0.34167 (9/20)
    fp=0.0661 tp=0.4639  [31.7s]
   median nu  = 0.522
   median |eta| = 0.399
  rho=0.30267 (10/20)
    fp=0.0804 tp=0.5464  [81.6s]
   median nu  = 0.594
   median |eta| = 0.274
  rho=0.26813 (11/20)
    fp=0.0979 tp=0.5876  [21.7s]
   median nu  = 0.684
   median |eta| = 0.184
  rho=0.23753 (12/20)
    fp=0.1144 tp=0.6289  [21.6s]
   median nu  = 0.779
   median |eta| = 0.137
  rho=0.21042 (13/20)
    fp=0.1294 tp=0.6598  [47.4s]
   median nu  = 0.858
   median |eta| = 0.098
  rho=0.18640 (14/20)
    fp=0.1422 tp=0.6804  [32.6s]
   median nu  = 0.945
   median |eta| = 0.07
  rho=0.16513 (15/20)
    fp=0.1537 tp=0.7732  [17.9s]
   median nu  = 1.038
   median |eta| = 0.052
  rho=0.14628 (16/20)
    fp=0.1679 tp=0.8041  [26.3s]
   median nu  = 1.121
   median |eta| = 0.04
  rho=0.12958 (17/20)
    fp=0.1830 tp=0.8144  [25.7s]
   median nu  = 1.212
   median |eta| = 0.03
  rho=0.11479 (18/20)
    fp=0.1999 tp=0.8247  [23.1s]
   median nu  = 1.306
   median |eta| = 0.022
  rho=0.10169 (19/20)
    fp=0.2149 tp=0.8351  [20.2s]
   median nu  = 1.402
   median |eta| = 0.017
  rho=0.09009 (20/20)
    fp=0.2279 tp=0.8660  [16.8s]
   median nu  = 1.503
   median |eta| = 0.013
  rho=0.07980 (21/21)  [extra 1/50]
    fp=0.2421 tp=0.8763  [15.9s]
   median nu  = 1.61
   median |eta| = 0.01
  rho=0.07070 (22/22)  [extra 2/50]
    fp=0.2528 tp=0.8763  [14.3s]
   median nu  = 1.719
   median |eta| = 0.007
  rho=0.06263 (23/23)  [extra 3/50]
    fp=0.2662 tp=0.8763  [12.0s]
   median nu  = 1.824
   median |eta| = 0.006
  rho=0.05548 (24/24)  [extra 4/50]
    fp=0.2794 tp=0.8866  [9.3s]
   median nu  = 1.941
   median |eta| = 0.005
  rho=0.04915 (25/25)  [extra 5/50]
    fp=0.2932 tp=0.8969  [7.4s]
   median nu  = 2.068
   median |eta| = 0.004
  rho=0.04354 (26/26)  [extra 6/50]
    fp=0.3023 tp=0.8969  [6.9s]
   median nu  = 2.192
   median |eta| = 0.003
  FPR 0.3023 >= fp_end=0.3; stopping after 26 fits
  grid extended by 6 points down to rho=0.04354, ending at FPR 0.3023
  graphical_lasso rho_max = max|S_ij| (off-diag) = 3.97895
  rho grid: [3.97894856 3.52481839 3.12251955 2.76613637 2.45042835 2.1707531
 1.92299808 1.70352014 1.50909192 1.33685441 1.18427493 1.04910983
 0.92937156 0.8232994  0.7293336  0.64609241 0.57235181 0.50702746
 0.44915879 0.39789486]
Running graphical_lasso over 20 rho values, extending until FPR >= 0.3...
  rho=3.97895 (1/20)
    fp=0.0000 tp=0.0000  [0.0s]
  rho=3.52482 (2/20)
    fp=0.0002 tp=0.0000  [0.0s]
  rho=3.12252 (3/20)
    fp=0.0006 tp=0.0000  [83.7s]
  rho=2.76614 (4/20)
    fp=0.0016 tp=0.0000  [76.1s]
  rho=2.45043 (5/20)
    fp=0.0027 tp=0.0000  [35.0s]
  rho=2.17075 (6/20)
    fp=0.0049 tp=0.0000  [33.3s]
  rho=1.92300 (7/20)
    fp=0.0060 tp=0.0103  [39.4s]
  rho=1.70352 (8/20)
    fp=0.0089 tp=0.0309  [0.1s]
  rho=1.50909 (9/20)
    fp=0.0140 tp=0.0412  [0.1s]
  rho=1.33685 (10/20)
    fp=0.0206 tp=0.0619  [0.1s]
  rho=1.18427 (11/20)
    fp=0.0280 tp=0.0928  [0.2s]
  rho=1.04911 (12/20)
    fp=0.0375 tp=0.1134  [3.6s]
  rho=0.92937 (13/20)
    fp=0.0476 tp=0.1443  [2.7s]
  rho=0.82330 (14/20)
    fp=0.0610 tp=0.1856  [0.4s]
  rho=0.72933 (15/20)
    fp=0.0727 tp=0.2474  [0.3s]
  rho=0.64609 (16/20)
    fp=0.0894 tp=0.3402  [5.2s]
  rho=0.57235 (17/20)
    fp=0.1026 tp=0.4124  [37.1s]
  rho=0.50703 (18/20)
    fp=0.1195 tp=0.4639  [35.5s]
  rho=0.44916 (19/20)
    fp=0.1339 tp=0.5670  [10.5s]
  rho=0.39789 (20/20)
    fp=0.1523 tp=0.5979  [0.1s]
  rho=0.35248 (21/21)  [extra 1/50]
    fp=0.1725 tp=0.6289  [28.2s]
  rho=0.31225 (22/22)  [extra 2/50]
    fp=0.1974 tp=0.6804  [37.6s]
  rho=0.27661 (23/23)  [extra 3/50]
    fp=0.2162 tp=0.7320  [0.1s]
  rho=0.24504 (24/24)  [extra 4/50]
    fp=0.2386 tp=0.7423  [13.0s]
  rho=0.21708 (25/25)  [extra 5/50]
    fp=0.2596 tp=0.7835  [14.6s]
  rho=0.19230 (26/26)  [extra 6/50]
    fp=0.2798 tp=0.8144  [8.8s]
  rho=0.17035 (27/27)  [extra 7/50]
    fp=0.3013 tp=0.8247  [8.8s]
  FPR 0.3013 >= fp_end=0.3; stopping after 27 fits
  [note] 8/27 fits hit a glasso ConvergenceWarning (suppressed)
  grid extended by 7 points down to rho=0.17035, ending at FPR 0.3013
  [warn] mean_roc averages out to FPR 0.300 but the shortest replicate only reached 0.011; its TPR is held flat above that
  [warn] mean_roc averages out to FPR 0.300 but the shortest replicate only reached 0.229; its TPR is held flat above that

(p=100, n=50) over 22 replicates
  t+lasso  (run_em_diagonal):    AUC = 0.193 (SE 0.003)
  ~t+lasso (run_em_exact):       AUC = 0.195 (SE 0.003)
  tlasso   (run_tlasso):         AUC = 0.193 (SE 0.003)
  t*lasso  (run_tstar_varlasso): AUC = 0.191 (SE 0.003)
  glasso   (graphical_lasso):    AUC = 0.145 (SE 0.007)
Replicate 23/50
  Theta: 85/4950 edges
  pilot fit of run_tlasso at rho=30.34854
  -> rho_max = max|S_ij| (off-diag) = 15.56400
  [warn] pilot rho 30.34854 > rho_max 15.56400: it falls off the top of this method's grid
  rho grid: [15.5639994  13.7876302  12.21400371 10.81998027  9.58506119  8.49108739
  7.52197234  6.66346549  5.90294279  5.22922098  4.63239321  4.1036833
  3.63531676  3.22040639  2.85285107  2.52724602  2.23880332  1.98328151
  1.75692323  1.55639994]
Running run_tlasso over 20 rho values, extending until FPR >= 0.3...
  rho=15.56400 (1/20)
    fp=0.0000 tp=0.0000  [1.0s]
   nu  = 3.0000
  rho=13.78763 (2/20)
    fp=0.0000 tp=0.0000  [0.6s]
   nu  = 3.0000
  rho=12.21400 (3/20)
    fp=0.0000 tp=0.0000  [0.8s]
   nu  = 3.0000
  rho=10.81998 (4/20)
    fp=0.0000 tp=0.0118  [1.2s]
   nu  = 3.0000
  rho=9.58506 (5/20)
    fp=0.0000 tp=0.0235  [1.6s]
   nu  = 3.0000
  rho=8.49109 (6/20)
    fp=0.0000 tp=0.0353  [1.3s]
   nu  = 3.0000
  rho=7.52197 (7/20)
    fp=0.0004 tp=0.0471  [1.5s]
   nu  = 3.0000
  rho=6.66347 (8/20)
    fp=0.0012 tp=0.0706  [1.5s]
   nu  = 3.0000
  rho=5.90294 (9/20)
    fp=0.0014 tp=0.0824  [1.7s]
   nu  = 3.0000
  rho=5.22922 (10/20)
    fp=0.0023 tp=0.1059  [1.6s]
   nu  = 3.0000
  rho=4.63239 (11/20)
    fp=0.0039 tp=0.1529  [1.8s]
   nu  = 3.0000
  rho=4.10368 (12/20)
    fp=0.0064 tp=0.2000  [2.0s]
   nu  = 3.0000
  rho=3.63532 (13/20)
    fp=0.0092 tp=0.2471  [2.3s]
   nu  = 3.0000
  rho=3.22041 (14/20)
    fp=0.0136 tp=0.2941  [2.4s]
   nu  = 3.0000
  rho=2.85285 (15/20)
    fp=0.0245 tp=0.4235  [2.8s]
   nu  = 3.0000
  rho=2.52725 (16/20)
    fp=0.0415 tp=0.4941  [2.4s]
   nu  = 3.0000
  rho=2.23880 (17/20)
    fp=0.0717 tp=0.6471  [8.1s]
   nu  = 3.0000
  rho=1.98328 (18/20)
    fp=0.1223 tp=0.8118  [10.5s]
   nu  = 3.0000
  rho=1.75692 (19/20)
    fp=0.1794 tp=0.8824  [17.1s]
   nu  = 3.0000
  rho=1.55640 (20/20)
    fp=0.2288 tp=0.9294  [14.5s]
   nu  = 3.0000
  rho=1.37876 (21/21)  [extra 1/50]
    fp=0.2680 tp=0.9412  [12.8s]
   nu  = 3.0000
  rho=1.22140 (22/22)  [extra 2/50]
    fp=0.3067 tp=0.9647  [15.8s]
   nu  = 3.0000
  FPR 0.3067 >= fp_end=0.3; stopping after 22 fits
  grid extended by 2 points down to rho=1.22140, ending at FPR 0.3067
  pilot fit of run_tstar_varlasso at rho=0.30349
  -> rho_max = max|S_ij| (off-diag) = 0.56602
  rho grid: [0.5660175  0.5014161  0.44418787 0.39349129 0.34858086 0.30879621
 0.27355231 0.24233091 0.2146729  0.19017159 0.1684667  0.14923905
 0.13220592 0.11711684 0.10374992 0.0919086  0.08141878 0.07212619
 0.0638942  0.05660175]
Running run_tstar_varlasso over 20 rho values, extending until FPR >= 0.3...
  rho=0.56602 (1/20)
    fp=0.0000 tp=0.0235  [1.2s]
   nu  = 3.0000
  rho=0.50142 (2/20)
    fp=0.0002 tp=0.0471  [1.1s]
   nu  = 3.0000
  rho=0.44419 (3/20)
    fp=0.0004 tp=0.0588  [1.1s]
   nu  = 3.0000
  rho=0.39349 (4/20)
    fp=0.0012 tp=0.0588  [1.2s]
   nu  = 3.0000
  rho=0.34858 (5/20)
    fp=0.0018 tp=0.0706  [1.2s]
   nu  = 3.0000
  rho=0.30880 (6/20)
    fp=0.0035 tp=0.1294  [1.3s]
   nu  = 3.0000
  rho=0.27355 (7/20)
    fp=0.0062 tp=0.1765  [1.5s]
   nu  = 3.0000
  rho=0.24233 (8/20)
    fp=0.0103 tp=0.2000  [1.3s]
   nu  = 3.0000
  rho=0.21467 (9/20)
    fp=0.0179 tp=0.3176  [1.4s]
   nu  = 3.0000
  rho=0.19017 (10/20)
    fp=0.0275 tp=0.4118  [1.4s]
   nu  = 3.0000
  rho=0.16847 (11/20)
    fp=0.0442 tp=0.4941  [1.5s]
   nu  = 3.0000
  rho=0.14924 (12/20)
    fp=0.0625 tp=0.5529  [2.0s]
   nu  = 3.0000
  rho=0.13221 (13/20)
    fp=0.0832 tp=0.6706  [2.0s]
   nu  = 3.0000
  rho=0.11712 (14/20)
    fp=0.1069 tp=0.7176  [1.9s]
   nu  = 3.0000
  rho=0.10375 (15/20)
    fp=0.1272 tp=0.7765  [2.1s]
   nu  = 3.0000
  rho=0.09191 (16/20)
    fp=0.1505 tp=0.8118  [2.1s]
   nu  = 3.0000
  rho=0.08142 (17/20)
    fp=0.1718 tp=0.8588  [2.4s]
   nu  = 3.0000
  rho=0.07213 (18/20)
    fp=0.1889 tp=0.9059  [2.2s]
   nu  = 3.0000
  rho=0.06389 (19/20)
    fp=0.2146 tp=0.9176  [2.2s]
   nu  = 3.0000
  rho=0.05660 (20/20)
    fp=0.2384 tp=0.9176  [2.2s]
   nu  = 3.0000
  rho=0.05014 (21/21)  [extra 1/50]
    fp=0.2590 tp=0.9294  [2.3s]
   nu  = 3.0000
  rho=0.04442 (22/22)  [extra 2/50]
    fp=0.2820 tp=0.9294  [3.1s]
   nu  = 3.0000
  rho=0.03935 (23/23)  [extra 3/50]
    fp=0.3030 tp=0.9412  [3.3s]
   nu  = 3.0000
  FPR 0.3030 >= fp_end=0.3; stopping after 23 fits
  grid extended by 3 points down to rho=0.03935, ending at FPR 0.3030
  pilot fit of run_em_diagonal at rho=0.30349
  -> rho_max = max|S_ij| (off-diag) = 0.72862
  rho grid: [0.72861768 0.64545821 0.57178999 0.50652976 0.4487179  0.39750428
 0.35213584 0.31194545 0.27634211 0.2448023  0.21686223 0.19211105
 0.1701848  0.15076106 0.13355422 0.11831124 0.104808   0.09284593
 0.08224912 0.07286177]
Running run_em_diagonal over 20 rho values, extending until FPR >= 0.3...
  rho=0.72862 (1/20)
    fp=0.0004 tp=0.0471  [37.2s]
   median nu  = 0.04
   median |eta| = 3.71
  rho=0.64546 (2/20)
    fp=0.0006 tp=0.0588  [32.0s]
   median nu  = 0.043
   median |eta| = 3.631
  rho=0.57179 (3/20)
    fp=0.0018 tp=0.0824  [28.2s]
   median nu  = 0.047
   median |eta| = 3.786
  rho=0.50653 (4/20)
    fp=0.0033 tp=0.1059  [28.2s]
   median nu  = 0.052
   median |eta| = 3.62
  rho=0.44872 (5/20)
    fp=0.0064 tp=0.1529  [23.5s]
   median nu  = 0.058
   median |eta| = 3.573
  rho=0.39750 (6/20)
    fp=0.0103 tp=0.2118  [25.7s]
   median nu  = 0.067
   median |eta| = 3.185
  rho=0.35214 (7/20)
    fp=0.0171 tp=0.2588  [26.6s]
   median nu  = 0.079
   median |eta| = 3.133
  rho=0.31195 (8/20)
    fp=0.0263 tp=0.3176  [29.9s]
   median nu  = 0.095
   median |eta| = 3.231
  rho=0.27634 (9/20)
    fp=0.0368 tp=0.4353  [25.7s]
   median nu  = 0.114
   median |eta| = 2.969
  rho=0.24480 (10/20)
    fp=0.0479 tp=0.4824  [25.0s]
   median nu  = 0.139
   median |eta| = 2.523
  rho=0.21686 (11/20)
    fp=0.0652 tp=0.5765  [27.0s]
   median nu  = 0.168
   median |eta| = 2.133
  rho=0.19211 (12/20)
    fp=0.0806 tp=0.6000  [22.2s]
   median nu  = 0.211
   median |eta| = 1.839
  rho=0.17018 (13/20)
    fp=0.0983 tp=0.7059  [28.2s]
   median nu  = 0.24
   median |eta| = 1.633
  rho=0.15076 (14/20)
    fp=0.1170 tp=0.7765  [24.2s]
   median nu  = 0.287
   median |eta| = 1.551
  rho=0.13355 (15/20)
    fp=0.1332 tp=0.7882  [26.0s]
   median nu  = 0.335
   median |eta| = 1.213
  rho=0.11831 (16/20)
    fp=0.1484 tp=0.8353  [28.2s]
   median nu  = 0.366
   median |eta| = 1.033
  rho=0.10481 (17/20)
    fp=0.1618 tp=0.8588  [27.4s]
   median nu  = 0.446
   median |eta| = 0.668
  rho=0.09285 (18/20)
    fp=0.1782 tp=0.8824  [40.2s]
   median nu  = 0.453
   median |eta| = 0.57
  rho=0.08225 (19/20)
    fp=0.1914 tp=0.9059  [88.6s]
   median nu  = 0.537
   median |eta| = 0.405
  rho=0.07286 (20/20)
    fp=0.2049 tp=0.9294  [87.2s]
   median nu  = 0.606
   median |eta| = 0.33
  rho=0.06455 (21/21)  [extra 1/50]
    fp=0.2195 tp=0.9294  [88.4s]
   median nu  = 0.786
   median |eta| = 0.201
  rho=0.05718 (22/22)  [extra 2/50]
    fp=0.2314 tp=0.9412  [83.5s]
   median nu  = 0.901
   median |eta| = 0.146
  rho=0.05065 (23/23)  [extra 3/50]
    fp=0.2471 tp=0.9412  [85.8s]
   median nu  = 1.028
   median |eta| = 0.106
  rho=0.04487 (24/24)  [extra 4/50]
    fp=0.2573 tp=0.9529  [84.8s]
   median nu  = 1.116
   median |eta| = 0.086
  rho=0.03975 (25/25)  [extra 5/50]
    fp=0.2701 tp=0.9529  [81.4s]
   median nu  = 1.248
   median |eta| = 0.064
  rho=0.03521 (26/26)  [extra 6/50]
    fp=0.2845 tp=0.9529  [87.6s]
   median nu  = 1.344
   median |eta| = 0.052
  rho=0.03119 (27/27)  [extra 7/50]
    fp=0.2937 tp=0.9529  [83.7s]
   median nu  = 1.487
   median |eta| = 0.039
  rho=0.02763 (28/28)  [extra 8/50]
    fp=0.3048 tp=0.9529  [88.9s]
   median nu  = 1.582
   median |eta| = 0.033
  FPR 0.3048 >= fp_end=0.3; stopping after 28 fits
  grid extended by 8 points down to rho=0.02763, ending at FPR 0.3048
  pilot fit of run_em_exact at rho=0.30349
  -> rho_max = max|S_ij| (off-diag) = 0.72924
  rho grid: [0.72923664 0.64600652 0.57227572 0.50696006 0.44909908 0.39784196
 0.35243498 0.31221044 0.27657686 0.24501026 0.21704645 0.19227424
 0.17032937 0.15088913 0.13366767 0.11841175 0.10489704 0.0929248
 0.08231899 0.07292366]
Running run_em_exact over 20 rho values, extending until FPR >= 0.3...
  rho=0.72924 (1/20)
    fp=0.0004 tp=0.0471  [86.4s]
   median nu  = 0.04
   median |eta| = 3.713
  rho=0.64601 (2/20)
    fp=0.0006 tp=0.0588  [76.1s]
   median nu  = 0.043
   median |eta| = 3.631
  rho=0.57228 (3/20)
    fp=0.0018 tp=0.0824  [82.4s]
   median nu  = 0.047
   median |eta| = 3.733
  rho=0.50696 (4/20)
    fp=0.0033 tp=0.1059  [49.5s]
   median nu  = 0.052
   median |eta| = 3.495
  rho=0.44910 (5/20)
    fp=0.0066 tp=0.1412  [21.3s]
   median nu  = 0.058
   median |eta| = 3.296
  rho=0.39784 (6/20)
    fp=0.0111 tp=0.2118  [21.1s]
   median nu  = 0.068
   median |eta| = 2.999
  rho=0.35243 (7/20)
    fp=0.0179 tp=0.2588  [24.4s]
   median nu  = 0.08
   median |eta| = 2.726
  rho=0.31221 (8/20)
    fp=0.0275 tp=0.3176  [27.2s]
   median nu  = 0.097
   median |eta| = 2.38
  rho=0.27658 (9/20)
    fp=0.0380 tp=0.4353  [72.2s]
   median nu  = 0.126
   median |eta| = 1.83
  rho=0.24501 (10/20)
    fp=0.0518 tp=0.5059  [38.1s]
   median nu  = 0.161
   median |eta| = 1.351
  rho=0.21705 (11/20)
    fp=0.0678 tp=0.5765  [26.2s]
   median nu  = 0.205
   median |eta| = 0.947
  rho=0.19227 (12/20)
    fp=0.0855 tp=0.6353  [54.3s]
   median nu  = 0.252
   median |eta| = 0.744
  rho=0.17033 (13/20)
    fp=0.1028 tp=0.6941  [31.0s]
   median nu  = 0.329
   median |eta| = 0.463
  rho=0.15089 (14/20)
    fp=0.1209 tp=0.7647  [24.4s]
   median nu  = 0.407
   median |eta| = 0.309
  rho=0.13367 (15/20)
    fp=0.1398 tp=0.8000  [28.2s]
   median nu  = 0.493
   median |eta| = 0.216
  rho=0.11841 (16/20)
    fp=0.1544 tp=0.8471  [30.3s]
   median nu  = 0.58
   median |eta| = 0.16
  rho=0.10490 (17/20)
    fp=0.1712 tp=0.8824  [26.9s]
   median nu  = 0.677
   median |eta| = 0.114
  rho=0.09292 (18/20)
    fp=0.1854 tp=0.8824  [25.5s]
   median nu  = 0.778
   median |eta| = 0.081
  rho=0.08232 (19/20)
    fp=0.2008 tp=0.9059  [23.5s]
   median nu  = 0.87
   median |eta| = 0.056
  rho=0.07292 (20/20)
    fp=0.2132 tp=0.9176  [26.6s]
   median nu  = 0.975
   median |eta| = 0.044
  rho=0.06460 (21/21)  [extra 1/50]
    fp=0.2277 tp=0.9176  [29.3s]
   median nu  = 1.089
   median |eta| = 0.036
  rho=0.05723 (22/22)  [extra 2/50]
    fp=0.2411 tp=0.9294  [84.1s]
   median nu  = 1.217
   median |eta| = 0.027
  rho=0.05070 (23/23)  [extra 3/50]
    fp=0.2567 tp=0.9412  [41.9s]
   median nu  = 1.334
   median |eta| = 0.021
  rho=0.04491 (24/24)  [extra 4/50]
    fp=0.2693 tp=0.9529  [13.2s]
   median nu  = 1.453
   median |eta| = 0.015
  rho=0.03978 (25/25)  [extra 5/50]
    fp=0.2802 tp=0.9529  [11.9s]
   median nu  = 1.556
   median |eta| = 0.01
  rho=0.03524 (26/26)  [extra 6/50]
    fp=0.2915 tp=0.9529  [11.7s]
   median nu  = 1.66
   median |eta| = 0.008
  rho=0.03122 (27/27)  [extra 7/50]
    fp=0.3065 tp=0.9647  [10.1s]
   median nu  = 1.803
   median |eta| = 0.006
  FPR 0.3065 >= fp_end=0.3; stopping after 27 fits
  grid extended by 7 points down to rho=0.03122, ending at FPR 0.3065
  graphical_lasso rho_max = max|S_ij| (off-diag) = 1.16434
  rho grid: [1.16434182 1.03145175 0.91372885 0.80944205 0.71705783 0.63521772
 0.56271828 0.49849344 0.44159878 0.39119769 0.34654905 0.30699629
 0.27195782 0.2409184  0.21342161 0.18906312 0.16748474 0.14836917
 0.13143532 0.11643418]
Running graphical_lasso over 20 rho values, extending until FPR >= 0.3...
  rho=1.16434 (1/20)
    fp=0.0000 tp=0.0000  [0.0s]
  rho=1.03145 (2/20)
    fp=0.0004 tp=0.0000  [0.0s]
  rho=0.91373 (3/20)
    fp=0.0004 tp=0.0118  [34.2s]
  rho=0.80944 (4/20)
    fp=0.0014 tp=0.0471  [37.1s]
  rho=0.71706 (5/20)
    fp=0.0035 tp=0.0824  [37.5s]
  rho=0.63522 (6/20)
    fp=0.0066 tp=0.1059  [34.9s]
  rho=0.56272 (7/20)
    fp=0.0121 tp=0.1294  [25.5s]
  rho=0.49849 (8/20)
    fp=0.0185 tp=0.1765  [32.1s]
  rho=0.44160 (9/20)
    fp=0.0302 tp=0.2471  [28.8s]
  rho=0.39120 (10/20)
    fp=0.0425 tp=0.3294  [34.4s]
  rho=0.34655 (11/20)
    fp=0.0573 tp=0.4000  [41.1s]
  rho=0.30700 (12/20)
    fp=0.0732 tp=0.5059  [0.4s]
  rho=0.27196 (13/20)
    fp=0.0958 tp=0.5412  [0.1s]
  rho=0.24092 (14/20)
    fp=0.1165 tp=0.5882  [2.1s]
  rho=0.21342 (15/20)
    fp=0.1373 tp=0.6941  [0.1s]
  rho=0.18906 (16/20)
    fp=0.1624 tp=0.8000  [0.3s]
  rho=0.16748 (17/20)
    fp=0.1860 tp=0.8353  [2.2s]
  rho=0.14837 (18/20)
    fp=0.2103 tp=0.8706  [0.6s]
  rho=0.13144 (19/20)
    fp=0.2382 tp=0.9059  [0.8s]
  rho=0.11643 (20/20)
    fp=0.2676 tp=0.9176  [0.9s]
  rho=0.10315 (21/21)  [extra 1/50]
    fp=0.2966 tp=0.9412  [1.0s]
  rho=0.09137 (22/22)  [extra 2/50]
    fp=0.3196 tp=0.9412  [0.6s]
  FPR 0.3196 >= fp_end=0.3; stopping after 22 fits
  [note] 9/22 fits hit a glasso ConvergenceWarning (suppressed)
  grid extended by 2 points down to rho=0.09137, ending at FPR 0.3196
  [warn] mean_roc averages out to FPR 0.300 but the shortest replicate only reached 0.011; its TPR is held flat above that
  [warn] mean_roc averages out to FPR 0.300 but the shortest replicate only reached 0.229; its TPR is held flat above that

(p=100, n=50) over 23 replicates
  t+lasso  (run_em_diagonal):    AUC = 0.195 (SE 0.003)
  ~t+lasso (run_em_exact):       AUC = 0.196 (SE 0.003)
  tlasso   (run_tlasso):         AUC = 0.194 (SE 0.003)
  t*lasso  (run_tstar_varlasso): AUC = 0.192 (SE 0.003)
  glasso   (graphical_lasso):    AUC = 0.147 (SE 0.007)
Replicate 24/50
  Theta: 118/4950 edges
  pilot fit of run_tlasso at rho=30.34854
  -> rho_max = max|S_ij| (off-diag) = 18.76920
  [warn] pilot rho 30.34854 > rho_max 18.76920: it falls off the top of this method's grid
  rho grid: [18.769201   16.62701185 14.72931762 13.04821333 11.55897886 10.2397155
  9.07102391  8.03571883  7.11857645  6.30611047  5.58637385  4.94878307
  4.38396257  3.88360685  3.44035834  3.0476992   2.69985551  2.39171233
  2.11873853  1.8769201 ]
Running run_tlasso over 20 rho values, extending until FPR >= 0.3...
  rho=18.76920 (1/20)
    fp=0.0000 tp=0.0000  [0.5s]
   nu  = 3.0000
  rho=16.62701 (2/20)
    fp=0.0000 tp=0.0000  [0.2s]
   nu  = 3.0000
  rho=14.72932 (3/20)
    fp=0.0000 tp=0.0000  [0.3s]
   nu  = 3.0000
  rho=13.04821 (4/20)
    fp=0.0000 tp=0.0085  [0.5s]
   nu  = 3.0000
  rho=11.55898 (5/20)
    fp=0.0000 tp=0.0085  [0.5s]
   nu  = 3.0000
  rho=10.23972 (6/20)
    fp=0.0000 tp=0.0254  [0.4s]
   nu  = 3.0000
  rho=9.07102 (7/20)
    fp=0.0002 tp=0.0254  [0.4s]
   nu  = 3.0000
  rho=8.03572 (8/20)
    fp=0.0002 tp=0.0339  [0.5s]
   nu  = 3.0000
  rho=7.11858 (9/20)
    fp=0.0006 tp=0.0424  [0.5s]
   nu  = 3.0000
  rho=6.30611 (10/20)
    fp=0.0010 tp=0.0593  [0.5s]
   nu  = 3.0000
  rho=5.58637 (11/20)
    fp=0.0014 tp=0.1017  [0.7s]
   nu  = 3.0000
  rho=4.94878 (12/20)
    fp=0.0037 tp=0.1356  [0.6s]
   nu  = 3.0000
  rho=4.38396 (13/20)
    fp=0.0052 tp=0.1780  [0.7s]
   nu  = 3.0000
  rho=3.88361 (14/20)
    fp=0.0070 tp=0.2119  [0.7s]
   nu  = 3.0000
  rho=3.44036 (15/20)
    fp=0.0124 tp=0.2542  [0.8s]
   nu  = 3.0000
  rho=3.04770 (16/20)
    fp=0.0174 tp=0.2797  [1.1s]
   nu  = 3.0000
  rho=2.69986 (17/20)
    fp=0.0286 tp=0.3390  [1.4s]
   nu  = 3.0000
  rho=2.39171 (18/20)
    fp=0.0488 tp=0.4068  [1.2s]
   nu  = 3.0000
  rho=2.11874 (19/20)
    fp=0.0809 tp=0.4915  [3.2s]
   nu  = 3.0000
  rho=1.87692 (20/20)
    fp=0.1285 tp=0.5763  [2.9s]
   nu  = 3.0000
  rho=1.66270 (21/21)  [extra 1/50]
    fp=0.1865 tp=0.6695  [3.9s]
   nu  = 3.0000
  rho=1.47293 (22/22)  [extra 2/50]
    fp=0.2419 tp=0.7119  [3.4s]
   nu  = 3.0000
  rho=1.30482 (23/23)  [extra 3/50]
    fp=0.3009 tp=0.7373  [10.4s]
   nu  = 3.0000
  FPR 0.3009 >= fp_end=0.3; stopping after 23 fits
  grid extended by 3 points down to rho=1.30482, ending at FPR 0.3009
  pilot fit of run_tstar_varlasso at rho=0.30349
  -> rho_max = max|S_ij| (off-diag) = 0.57828
  rho grid: [0.57827968 0.51227876 0.45381074 0.40201586 0.3561325  0.31548596
 0.27947853 0.24758075 0.21932357 0.19429146 0.17211635 0.15247216
 0.13507003 0.11965405 0.10599755 0.09389971 0.08318263 0.07368873
 0.0652784  0.05782797]
Running run_tstar_varlasso over 20 rho values, extending until FPR >= 0.3...
  rho=0.57828 (1/20)
    fp=0.0000 tp=0.0085  [0.5s]
   nu  = 3.0000
  rho=0.51228 (2/20)
    fp=0.0000 tp=0.0085  [0.4s]
   nu  = 3.0000
  rho=0.45381 (3/20)
    fp=0.0002 tp=0.0169  [0.4s]
   nu  = 3.0000
  rho=0.40202 (4/20)
    fp=0.0004 tp=0.0339  [0.5s]
   nu  = 3.0000
  rho=0.35613 (5/20)
    fp=0.0014 tp=0.0678  [0.5s]
   nu  = 3.0000
  rho=0.31549 (6/20)
    fp=0.0027 tp=0.1271  [0.5s]
   nu  = 3.0000
  rho=0.27948 (7/20)
    fp=0.0048 tp=0.1695  [0.4s]
   nu  = 3.0000
  rho=0.24758 (8/20)
    fp=0.0101 tp=0.2373  [0.4s]
   nu  = 3.0000
  rho=0.21932 (9/20)
    fp=0.0172 tp=0.2881  [0.4s]
   nu  = 3.0000
  rho=0.19429 (10/20)
    fp=0.0286 tp=0.3475  [0.5s]
   nu  = 3.0000
  rho=0.17212 (11/20)
    fp=0.0426 tp=0.4068  [0.5s]
   nu  = 3.0000
  rho=0.15247 (12/20)
    fp=0.0631 tp=0.4661  [0.5s]
   nu  = 3.0000
  rho=0.13507 (13/20)
    fp=0.0867 tp=0.5000  [0.5s]
   nu  = 3.0000
  rho=0.11965 (14/20)
    fp=0.1078 tp=0.5424  [0.5s]
   nu  = 3.0000
  rho=0.10600 (15/20)
    fp=0.1285 tp=0.5678  [0.5s]
   nu  = 3.0000
  rho=0.09390 (16/20)
    fp=0.1544 tp=0.5847  [0.5s]
   nu  = 3.0000
  rho=0.08318 (17/20)
    fp=0.1790 tp=0.6186  [0.5s]
   nu  = 3.0000
  rho=0.07369 (18/20)
    fp=0.2005 tp=0.6610  [0.7s]
   nu  = 3.0000
  rho=0.06528 (19/20)
    fp=0.2219 tp=0.7034  [0.6s]
   nu  = 3.0000
  rho=0.05783 (20/20)
    fp=0.2446 tp=0.7288  [0.8s]
   nu  = 3.0000
  rho=0.05123 (21/21)  [extra 1/50]
    fp=0.2688 tp=0.7627  [0.8s]
   nu  = 3.0000
  rho=0.04538 (22/22)  [extra 2/50]
    fp=0.2906 tp=0.7712  [0.9s]
   nu  = 3.0000
  rho=0.04020 (23/23)  [extra 3/50]
    fp=0.3102 tp=0.7797  [1.0s]
   nu  = 3.0000
  FPR 0.3102 >= fp_end=0.3; stopping after 23 fits
  grid extended by 3 points down to rho=0.04020, ending at FPR 0.3102
  pilot fit of run_em_diagonal at rho=0.30349
  -> rho_max = max|S_ij| (off-diag) = 0.66595
  rho grid: [0.66594555 0.58993905 0.52260741 0.46296055 0.41012138 0.36331291
 0.32184684 0.28511343 0.25257252 0.22374561 0.1982088  0.17558659
 0.15554633 0.13779333 0.12206654 0.10813469 0.09579293 0.08485978
 0.07517446 0.06659456]
Running run_em_diagonal over 20 rho values, extending until FPR >= 0.3...
  rho=0.66595 (1/20)
    fp=0.0004 tp=0.0254  [25.3s]
   median nu  = 0.05
   median |eta| = 3.013
  rho=0.58994 (2/20)
    fp=0.0006 tp=0.0424  [27.6s]
   median nu  = 0.057
   median |eta| = 2.7
  rho=0.52261 (3/20)
    fp=0.0019 tp=0.0847  [24.1s]
   median nu  = 0.066
   median |eta| = 2.743
  rho=0.46296 (4/20)
    fp=0.0037 tp=0.1356  [25.5s]
   median nu  = 0.076
   median |eta| = 2.661
  rho=0.41012 (5/20)
    fp=0.0072 tp=0.1695  [33.2s]
   median nu  = 0.089
   median |eta| = 2.638
  rho=0.36331 (6/20)
    fp=0.0139 tp=0.2373  [25.5s]
   median nu  = 0.105
   median |eta| = 2.404
  rho=0.32185 (7/20)
    fp=0.0224 tp=0.3051  [23.8s]
   median nu  = 0.125
   median |eta| = 2.345
  rho=0.28511 (8/20)
    fp=0.0333 tp=0.3559  [23.7s]
   median nu  = 0.149
   median |eta| = 2.096
  rho=0.25257 (9/20)
    fp=0.0480 tp=0.4068  [24.2s]
   median nu  = 0.183
   median |eta| = 1.92
  rho=0.22375 (10/20)
    fp=0.0671 tp=0.4661  [25.4s]
   median nu  = 0.222
   median |eta| = 1.702
  rho=0.19821 (11/20)
    fp=0.0834 tp=0.5085  [23.8s]
   median nu  = 0.261
   median |eta| = 1.501
  rho=0.17559 (12/20)
    fp=0.1014 tp=0.5508  [19.2s]
   median nu  = 0.285
   median |eta| = 1.156
  rho=0.15555 (13/20)
    fp=0.1161 tp=0.5763  [23.7s]
   median nu  = 0.351
   median |eta| = 1.003
  rho=0.13779 (14/20)
    fp=0.1325 tp=0.6017  [26.0s]
   median nu  = 0.424
   median |eta| = 0.784
  rho=0.12207 (15/20)
    fp=0.1476 tp=0.6186  [31.4s]
   median nu  = 0.465
   median |eta| = 0.683
  rho=0.10813 (16/20)
    fp=0.1645 tp=0.6271  [89.1s]
   median nu  = 0.493
   median |eta| = 0.574
  rho=0.09579 (17/20)
    fp=0.1794 tp=0.6610  [87.4s]
   median nu  = 0.526
   median |eta| = 0.391
  rho=0.08486 (18/20)
    fp=0.1943 tp=0.6864  [88.8s]
   median nu  = 0.645
   median |eta| = 0.233
  rho=0.07517 (19/20)
    fp=0.2061 tp=0.6949  [89.1s]
   median nu  = 0.72
   median |eta| = 0.219
  rho=0.06659 (20/20)
    fp=0.2237 tp=0.7203  [87.9s]
   median nu  = 0.813
   median |eta| = 0.157
  rho=0.05899 (21/21)  [extra 1/50]
    fp=0.2345 tp=0.7797  [83.8s]
   median nu  = 0.947
   median |eta| = 0.118
  rho=0.05226 (22/22)  [extra 2/50]
    fp=0.2525 tp=0.7797  [81.8s]
   median nu  = 1.045
   median |eta| = 0.08
  rho=0.04630 (23/23)  [extra 3/50]
    fp=0.2649 tp=0.7797  [82.5s]
   median nu  = 1.134
   median |eta| = 0.054
  rho=0.04101 (24/24)  [extra 4/50]
    fp=0.2790 tp=0.7797  [86.6s]
   median nu  = 1.259
   median |eta| = 0.043
  rho=0.03633 (25/25)  [extra 5/50]
    fp=0.2920 tp=0.7881  [87.0s]
   median nu  = 1.357
   median |eta| = 0.035
  rho=0.03218 (26/26)  [extra 6/50]
    fp=0.3028 tp=0.7797  [90.2s]
   median nu  = 1.568
   median |eta| = 0.027
  FPR 0.3028 >= fp_end=0.3; stopping after 26 fits
  grid extended by 6 points down to rho=0.03218, ending at FPR 0.3028
  pilot fit of run_em_exact at rho=0.30349
  -> rho_max = max|S_ij| (off-diag) = 0.66934
  rho grid: [0.66934089 0.59294686 0.52527193 0.46532096 0.41221239 0.36516527
 0.32348778 0.28656708 0.25386026 0.22488638 0.19921937 0.17648183
 0.15633939 0.13849587 0.12268889 0.10868602 0.09628133 0.08529243
 0.07555774 0.06693409]
Running run_em_exact over 20 rho values, extending until FPR >= 0.3...
  rho=0.66934 (1/20)
    fp=0.0004 tp=0.0254  [80.9s]
   median nu  = 0.05
   median |eta| = 3.021
  rho=0.59295 (2/20)
    fp=0.0006 tp=0.0424  [83.9s]
   median nu  = 0.056
   median |eta| = 2.701
  rho=0.52527 (3/20)
    fp=0.0019 tp=0.0763  [47.6s]
   median nu  = 0.065
   median |eta| = 2.649
  rho=0.46532 (4/20)
    fp=0.0037 tp=0.1356  [23.6s]
   median nu  = 0.076
   median |eta| = 2.536
  rho=0.41221 (5/20)
    fp=0.0068 tp=0.1695  [24.3s]
   median nu  = 0.09
   median |eta| = 2.467
  rho=0.36517 (6/20)
    fp=0.0137 tp=0.2373  [26.7s]
   median nu  = 0.108
   median |eta| = 2.259
  rho=0.32349 (7/20)
    fp=0.0224 tp=0.3051  [35.4s]
   median nu  = 0.134
   median |eta| = 1.805
  rho=0.28657 (8/20)
    fp=0.0344 tp=0.3559  [74.4s]
   median nu  = 0.172
   median |eta| = 1.239
  rho=0.25386 (9/20)
    fp=0.0501 tp=0.4237  [24.8s]
   median nu  = 0.224
   median |eta| = 1.0
  rho=0.22489 (10/20)
    fp=0.0712 tp=0.4661  [23.0s]
   median nu  = 0.278
   median |eta| = 0.775
  rho=0.19922 (11/20)
    fp=0.0877 tp=0.5085  [41.1s]
   median nu  = 0.337
   median |eta| = 0.582
  rho=0.17648 (12/20)
    fp=0.1047 tp=0.5508  [36.6s]
   median nu  = 0.425
   median |eta| = 0.404
  rho=0.15634 (13/20)
    fp=0.1209 tp=0.5763  [23.7s]
   median nu  = 0.484
   median |eta| = 0.283
  rho=0.13850 (14/20)
    fp=0.1358 tp=0.5932  [24.7s]
   median nu  = 0.578
   median |eta| = 0.201
  rho=0.12269 (15/20)
    fp=0.1513 tp=0.6186  [21.4s]
   median nu  = 0.669
   median |eta| = 0.136
  rho=0.10869 (16/20)
    fp=0.1683 tp=0.6356  [22.1s]
   median nu  = 0.738
   median |eta| = 0.09
  rho=0.09628 (17/20)
    fp=0.1869 tp=0.6525  [19.4s]
   median nu  = 0.819
   median |eta| = 0.062
  rho=0.08529 (18/20)
    fp=0.2043 tp=0.6780  [19.2s]
   median nu  = 0.926
   median |eta| = 0.045
  rho=0.07556 (19/20)
    fp=0.2196 tp=0.7203  [22.4s]
   median nu  = 1.017
   median |eta| = 0.035
  rho=0.06693 (20/20)
    fp=0.2324 tp=0.7288  [23.6s]
   median nu  = 1.128
   median |eta| = 0.027
  rho=0.05929 (21/21)  [extra 1/50]
    fp=0.2450 tp=0.7542  [25.9s]
   median nu  = 1.236
   median |eta| = 0.021
  rho=0.05253 (22/22)  [extra 2/50]
    fp=0.2575 tp=0.7712  [67.7s]
   median nu  = 1.352
   median |eta| = 0.017
  rho=0.04653 (23/23)  [extra 3/50]
    fp=0.2717 tp=0.7797  [73.8s]
   median nu  = 1.468
   median |eta| = 0.013
  rho=0.04122 (24/24)  [extra 4/50]
    fp=0.2868 tp=0.7966  [21.5s]
   median nu  = 1.583
   median |eta| = 0.01
  rho=0.03652 (25/25)  [extra 5/50]
    fp=0.3007 tp=0.7966  [16.7s]
   median nu  = 1.708
   median |eta| = 0.008
  FPR 0.3007 >= fp_end=0.3; stopping after 25 fits
  grid extended by 5 points down to rho=0.03652, ending at FPR 0.3007
  graphical_lasso rho_max = max|S_ij| (off-diag) = 1.51564
  rho grid: [1.51563968 1.34265486 1.18941335 1.05366179 0.93340399 0.82687159
 0.73249809 0.64889573 0.57483518 0.50922739 0.45110764 0.39962127
 0.35401121 0.31360678 0.27781383 0.24610605 0.21801717 0.19313417
 0.17109115 0.15156397]
Running graphical_lasso over 20 rho values, extending until FPR >= 0.3...
  rho=1.51564 (1/20)
    fp=0.0000 tp=0.0000  [0.0s]
  rho=1.34265 (2/20)
    fp=0.0000 tp=0.0085  [0.0s]
  rho=1.18941 (3/20)
    fp=0.0002 tp=0.0085  [32.5s]
  rho=1.05366 (4/20)
    fp=0.0004 tp=0.0169  [30.1s]
  rho=0.93340 (5/20)
    fp=0.0017 tp=0.0254  [0.0s]
  rho=0.82687 (6/20)
    fp=0.0027 tp=0.0339  [37.1s]
  rho=0.73250 (7/20)
    fp=0.0050 tp=0.0424  [25.1s]
  rho=0.64890 (8/20)
    fp=0.0079 tp=0.1017  [0.1s]
  rho=0.57484 (9/20)
    fp=0.0159 tp=0.1356  [26.1s]
  rho=0.50923 (10/20)
    fp=0.0242 tp=0.2119  [29.3s]
  rho=0.45111 (11/20)
    fp=0.0373 tp=0.2542  [0.2s]
  rho=0.39962 (12/20)
    fp=0.0519 tp=0.3305  [33.7s]
  rho=0.35401 (13/20)
    fp=0.0710 tp=0.3814  [0.4s]
  rho=0.31361 (14/20)
    fp=0.0948 tp=0.4322  [0.2s]
  rho=0.27781 (15/20)
    fp=0.1175 tp=0.4915  [1.2s]
  rho=0.24611 (16/20)
    fp=0.1418 tp=0.5339  [0.1s]
  rho=0.21802 (17/20)
    fp=0.1658 tp=0.5508  [1.1s]
  rho=0.19313 (18/20)
    fp=0.1840 tp=0.5932  [0.8s]
  rho=0.17109 (19/20)
    fp=0.2045 tp=0.6102  [1.4s]
  rho=0.15156 (20/20)
    fp=0.2281 tp=0.6356  [2.6s]
  rho=0.13427 (21/21)  [extra 1/50]
    fp=0.2552 tp=0.6441  [0.1s]
  rho=0.11894 (22/22)  [extra 2/50]
    fp=0.2769 tp=0.6864  [0.1s]
  rho=0.10537 (23/23)  [extra 3/50]
    fp=0.2995 tp=0.7119  [0.2s]
  rho=0.09334 (24/24)  [extra 4/50]
    fp=0.3212 tp=0.7373  [0.5s]
  FPR 0.3212 >= fp_end=0.3; stopping after 24 fits
  [note] 7/24 fits hit a glasso ConvergenceWarning (suppressed)
  grid extended by 4 points down to rho=0.09334, ending at FPR 0.3212
  [warn] mean_roc averages out to FPR 0.300 but the shortest replicate only reached 0.011; its TPR is held flat above that
  [warn] mean_roc averages out to FPR 0.300 but the shortest replicate only reached 0.229; its TPR is held flat above that

(p=100, n=50) over 24 replicates
  t+lasso  (run_em_diagonal):    AUC = 0.194 (SE 0.003)
  ~t+lasso (run_em_exact):       AUC = 0.195 (SE 0.003)
  tlasso   (run_tlasso):         AUC = 0.193 (SE 0.003)
  t*lasso  (run_tstar_varlasso): AUC = 0.191 (SE 0.003)
  glasso   (graphical_lasso):    AUC = 0.147 (SE 0.007)
Replicate 25/50
  Theta: 89/4950 edges
  pilot fit of run_tlasso at rho=30.34854
  -> rho_max = max|S_ij| (off-diag) = 17.08898
  [warn] pilot rho 30.34854 > rho_max 17.08898: it falls off the top of this method's grid
  rho grid: [17.08897751 15.13855766 13.41074549 11.88013406 10.52421623  9.32305365
  8.25898362  7.31635931  6.48131974  5.74158591  5.08628029  4.50576679
  3.99150917  3.53594541  3.13237662  2.77486842  2.45816378  2.17760566
  1.92906853  1.70889775]
Running run_tlasso over 20 rho values, extending until FPR >= 0.3...
  rho=17.08898 (1/20)
    fp=0.0000 tp=0.0000  [0.3s]
   nu  = 3.0000
  rho=15.13856 (2/20)
    fp=0.0000 tp=0.0000  [0.1s]
   nu  = 3.0000
  rho=13.41075 (3/20)
    fp=0.0000 tp=0.0000  [0.1s]
   nu  = 3.0000
  rho=11.88013 (4/20)
    fp=0.0000 tp=0.0000  [0.2s]
   nu  = 3.0000
  rho=10.52422 (5/20)
    fp=0.0000 tp=0.0112  [0.3s]
   nu  = 3.0000
  rho=9.32305 (6/20)
    fp=0.0000 tp=0.0112  [0.3s]
   nu  = 3.0000
  rho=8.25898 (7/20)
    fp=0.0000 tp=0.0337  [0.3s]
   nu  = 3.0000
  rho=7.31636 (8/20)
    fp=0.0000 tp=0.0337  [0.3s]
   nu  = 3.0000
  rho=6.48132 (9/20)
    fp=0.0004 tp=0.0337  [0.3s]
   nu  = 3.0000
  rho=5.74159 (10/20)
    fp=0.0010 tp=0.0449  [0.4s]
   nu  = 3.0000
  rho=5.08628 (11/20)
    fp=0.0027 tp=0.0674  [0.5s]
   nu  = 3.0000
  rho=4.50577 (12/20)
    fp=0.0051 tp=0.0787  [0.7s]
   nu  = 3.0000
  rho=3.99151 (13/20)
    fp=0.0084 tp=0.1461  [1.0s]
   nu  = 3.0000
  rho=3.53595 (14/20)
    fp=0.0134 tp=0.2135  [1.1s]
   nu  = 3.0000
  rho=3.13238 (15/20)
    fp=0.0206 tp=0.3596  [1.2s]
   nu  = 3.0000
  rho=2.77487 (16/20)
    fp=0.0350 tp=0.4607  [0.9s]
   nu  = 3.0000
  rho=2.45816 (17/20)
    fp=0.0605 tp=0.5730  [2.8s]
   nu  = 3.0000
  rho=2.17761 (18/20)
    fp=0.1131 tp=0.7640  [3.4s]
   nu  = 3.0000
  rho=1.92907 (19/20)
    fp=0.1640 tp=0.8090  [4.0s]
   nu  = 3.0000
  rho=1.70890 (20/20)
    fp=0.2203 tp=0.8539  [10.4s]
   nu  = 3.0000
  rho=1.51386 (21/21)  [extra 1/50]
    fp=0.2792 tp=0.8539  [4.2s]
   nu  = 3.0000
  rho=1.34107 (22/22)  [extra 2/50]
    fp=0.3119 tp=0.8539  [2.8s]
   nu  = 3.0000
  FPR 0.3119 >= fp_end=0.3; stopping after 22 fits
  grid extended by 2 points down to rho=1.34107, ending at FPR 0.3119
  pilot fit of run_tstar_varlasso at rho=0.30349
  -> rho_max = max|S_ij| (off-diag) = 0.51154
  rho grid: [0.51154076 0.45315697 0.40143671 0.35561945 0.31503146 0.27907591
 0.24722408 0.2190076  0.19401156 0.1718684  0.15225251 0.13487544
 0.11948167 0.10584485 0.09376444 0.0830628  0.07358258 0.06518436
 0.05774466 0.05115408]
Running run_tstar_varlasso over 20 rho values, extending until FPR >= 0.3...
  rho=0.51154 (1/20)
    fp=0.0002 tp=0.0112  [0.3s]
   nu  = 3.0000
  rho=0.45316 (2/20)
    fp=0.0006 tp=0.0337  [0.3s]
   nu  = 3.0000
  rho=0.40144 (3/20)
    fp=0.0025 tp=0.0337  [0.3s]
   nu  = 3.0000
  rho=0.35562 (4/20)
    fp=0.0056 tp=0.0787  [0.3s]
   nu  = 3.0000
  rho=0.31503 (5/20)
    fp=0.0109 tp=0.1348  [0.2s]
   nu  = 3.0000
  rho=0.27908 (6/20)
    fp=0.0181 tp=0.2022  [0.3s]
   nu  = 3.0000
  rho=0.24722 (7/20)
    fp=0.0276 tp=0.2697  [0.3s]
   nu  = 3.0000
  rho=0.21901 (8/20)
    fp=0.0366 tp=0.3596  [0.3s]
   nu  = 3.0000
  rho=0.19401 (9/20)
    fp=0.0496 tp=0.4382  [0.3s]
   nu  = 3.0000
  rho=0.17187 (10/20)
    fp=0.0660 tp=0.5506  [0.4s]
   nu  = 3.0000
  rho=0.15225 (11/20)
    fp=0.0864 tp=0.6292  [0.4s]
   nu  = 3.0000
  rho=0.13488 (12/20)
    fp=0.1096 tp=0.6629  [0.5s]
   nu  = 3.0000
  rho=0.11948 (13/20)
    fp=0.1280 tp=0.6966  [0.4s]
   nu  = 3.0000
  rho=0.10584 (14/20)
    fp=0.1483 tp=0.7528  [0.4s]
   nu  = 3.0000
  rho=0.09376 (15/20)
    fp=0.1714 tp=0.7753  [0.4s]
   nu  = 3.0000
  rho=0.08306 (16/20)
    fp=0.1915 tp=0.8202  [0.4s]
   nu  = 3.0000
  rho=0.07358 (17/20)
    fp=0.2152 tp=0.8315  [0.5s]
   nu  = 3.0000
  rho=0.06518 (18/20)
    fp=0.2327 tp=0.8427  [0.6s]
   nu  = 3.0000
  rho=0.05774 (19/20)
    fp=0.2534 tp=0.8427  [0.7s]
   nu  = 3.0000
  rho=0.05115 (20/20)
    fp=0.2750 tp=0.8427  [0.6s]
   nu  = 3.0000
  rho=0.04532 (21/21)  [extra 1/50]
    fp=0.2925 tp=0.8539  [0.7s]
   nu  = 3.0000
  rho=0.04014 (22/22)  [extra 2/50]
    fp=0.3108 tp=0.8652  [0.9s]
   nu  = 3.0000
  FPR 0.3108 >= fp_end=0.3; stopping after 22 fits
  grid extended by 2 points down to rho=0.04014, ending at FPR 0.3108
  pilot fit of run_em_diagonal at rho=0.30349
  -> rho_max = max|S_ij| (off-diag) = 0.68699
  rho grid: [0.68698868 0.60858046 0.53912122 0.47758958 0.42308075 0.37479319
 0.33201684 0.29412269 0.26055352 0.23081571 0.20447198 0.18113493
 0.16046142 0.14214744 0.1259237  0.11155162 0.09881988 0.08754125
 0.07754989 0.06869887]
Running run_em_diagonal over 20 rho values, extending until FPR >= 0.3...
  rho=0.68699 (1/20)
    fp=0.0029 tp=0.0112  [22.8s]
   median nu  = 0.049
   median |eta| = 3.333
  rho=0.60858 (2/20)
    fp=0.0056 tp=0.0337  [21.7s]
   median nu  = 0.054
   median |eta| = 2.894
  rho=0.53912 (3/20)
    fp=0.0101 tp=0.0562  [25.9s]
   median nu  = 0.061
   median |eta| = 2.618
  rho=0.47759 (4/20)
    fp=0.0158 tp=0.1461  [25.7s]
   median nu  = 0.07
   median |eta| = 2.483
  rho=0.42308 (5/20)
    fp=0.0243 tp=0.1798  [29.7s]
   median nu  = 0.083
   median |eta| = 2.4
  rho=0.37479 (6/20)
    fp=0.0315 tp=0.2809  [22.6s]
   median nu  = 0.1
   median |eta| = 2.071
  rho=0.33202 (7/20)
    fp=0.0418 tp=0.3596  [28.0s]
   median nu  = 0.123
   median |eta| = 1.898
  rho=0.29412 (8/20)
    fp=0.0520 tp=0.4719  [25.7s]
   median nu  = 0.156
   median |eta| = 1.733
  rho=0.26055 (9/20)
    fp=0.0652 tp=0.5393  [28.0s]
   median nu  = 0.215
   median |eta| = 1.57
  rho=0.23082 (10/20)
    fp=0.0788 tp=0.6180  [27.9s]
   median nu  = 0.278
   median |eta| = 1.272
  rho=0.20447 (11/20)
    fp=0.0926 tp=0.6517  [27.9s]
   median nu  = 0.336
   median |eta| = 0.981
  rho=0.18113 (12/20)
    fp=0.1088 tp=0.6966  [26.3s]
   median nu  = 0.377
   median |eta| = 0.802
  rho=0.16046 (13/20)
    fp=0.1269 tp=0.7079  [28.8s]
   median nu  = 0.432
   median |eta| = 0.699
  rho=0.14215 (14/20)
    fp=0.1419 tp=0.7528  [23.8s]
   median nu  = 0.488
   median |eta| = 0.592
  rho=0.12592 (15/20)
    fp=0.1535 tp=0.7640  [75.1s]
   median nu  = 0.542
   median |eta| = 0.422
  rho=0.11155 (16/20)
    fp=0.1693 tp=0.7865  [88.6s]
   median nu  = 0.608
   median |eta| = 0.313
  rho=0.09882 (17/20)
    fp=0.1821 tp=0.8427  [89.3s]
   median nu  = 0.679
   median |eta| = 0.212
  rho=0.08754 (18/20)
    fp=0.1954 tp=0.8539  [90.5s]
   median nu  = 0.747
   median |eta| = 0.156
  rho=0.07755 (19/20)
    fp=0.2072 tp=0.8652  [89.0s]
   median nu  = 0.823
   median |eta| = 0.122
  rho=0.06870 (20/20)
    fp=0.2179 tp=0.8764  [86.9s]
   median nu  = 0.926
   median |eta| = 0.091
  rho=0.06086 (21/21)  [extra 1/50]
    fp=0.2292 tp=0.8764  [90.7s]
   median nu  = 1.04
   median |eta| = 0.071
  rho=0.05391 (22/22)  [extra 2/50]
    fp=0.2399 tp=0.8764  [87.1s]
   median nu  = 1.143
   median |eta| = 0.056
  rho=0.04776 (23/23)  [extra 3/50]
    fp=0.2524 tp=0.8764  [87.4s]
   median nu  = 1.276
   median |eta| = 0.042
  rho=0.04231 (24/24)  [extra 4/50]
    fp=0.2643 tp=0.8876  [89.8s]
   median nu  = 1.389
   median |eta| = 0.034
  rho=0.03748 (25/25)  [extra 5/50]
    fp=0.2730 tp=0.8876  [91.1s]
   median nu  = 1.482
   median |eta| = 0.028
  rho=0.03320 (26/26)  [extra 6/50]
    fp=0.2847 tp=0.8989  [90.0s]
   median nu  = 1.604
   median |eta| = 0.023
  rho=0.02941 (27/27)  [extra 7/50]
    fp=0.2964 tp=0.8989  [85.3s]
   median nu  = 1.733
   median |eta| = 0.017
  rho=0.02606 (28/28)  [extra 8/50]
    fp=0.3094 tp=0.8989  [87.7s]
   median nu  = 1.872
   median |eta| = 0.013
  FPR 0.3094 >= fp_end=0.3; stopping after 28 fits
  grid extended by 8 points down to rho=0.02606, ending at FPR 0.3094
  pilot fit of run_em_exact at rho=0.30349
  -> rho_max = max|S_ij| (off-diag) = 0.67999
  rho grid: [0.67998708 0.60237797 0.53362664 0.47272212 0.41876882 0.37097339
 0.32863301 0.29112507 0.25789803 0.2284633  0.20238805 0.17928885
 0.15882604 0.14069872 0.12464032 0.11041472 0.09781273 0.08664905
 0.07675952 0.06799871]
Running run_em_exact over 20 rho values, extending until FPR >= 0.3...
  rho=0.67999 (1/20)
    fp=0.0029 tp=0.0225  [34.3s]
   median nu  = 0.049
   median |eta| = 3.249
  rho=0.60238 (2/20)
    fp=0.0066 tp=0.0337  [24.5s]
   median nu  = 0.055
   median |eta| = 2.806
  rho=0.53363 (3/20)
    fp=0.0113 tp=0.0562  [26.4s]
   median nu  = 0.062
   median |eta| = 2.485
  rho=0.47272 (4/20)
    fp=0.0167 tp=0.1461  [77.3s]
   median nu  = 0.072
   median |eta| = 2.266
  rho=0.41877 (5/20)
    fp=0.0251 tp=0.1798  [30.3s]
   median nu  = 0.085
   median |eta| = 1.996
  rho=0.37097 (6/20)
    fp=0.0331 tp=0.2809  [23.6s]
   median nu  = 0.104
   median |eta| = 1.501
  rho=0.32863 (7/20)
    fp=0.0438 tp=0.3708  [21.6s]
   median nu  = 0.131
   median |eta| = 1.227
  rho=0.29113 (8/20)
    fp=0.0545 tp=0.4944  [56.2s]
   median nu  = 0.176
   median |eta| = 0.925
  rho=0.25790 (9/20)
    fp=0.0697 tp=0.5618  [28.8s]
   median nu  = 0.247
   median |eta| = 0.702
  rho=0.22846 (10/20)
    fp=0.0837 tp=0.6180  [22.4s]
   median nu  = 0.33
   median |eta| = 0.527
  rho=0.20239 (11/20)
    fp=0.0967 tp=0.6517  [30.7s]
   median nu  = 0.403
   median |eta| = 0.348
  rho=0.17929 (12/20)
    fp=0.1158 tp=0.7191  [29.5s]
   median nu  = 0.503
   median |eta| = 0.216
  rho=0.15883 (13/20)
    fp=0.1331 tp=0.7303  [25.6s]
   median nu  = 0.566
   median |eta| = 0.155
  rho=0.14070 (14/20)
    fp=0.1481 tp=0.7640  [24.9s]
   median nu  = 0.65
   median |eta| = 0.114
  rho=0.12464 (15/20)
    fp=0.1629 tp=0.7640  [25.6s]
   median nu  = 0.727
   median |eta| = 0.083
  rho=0.11041 (16/20)
    fp=0.1777 tp=0.8090  [26.7s]
   median nu  = 0.795
   median |eta| = 0.06
  rho=0.09781 (17/20)
    fp=0.1911 tp=0.8427  [73.3s]
   median nu  = 0.875
   median |eta| = 0.047
  rho=0.08665 (18/20)
    fp=0.2043 tp=0.8427  [69.2s]
   median nu  = 0.987
   median |eta| = 0.036
  rho=0.07676 (19/20)
    fp=0.2150 tp=0.8652  [27.2s]
   median nu  = 1.083
   median |eta| = 0.028
  rho=0.06800 (20/20)
    fp=0.2265 tp=0.8652  [22.4s]
   median nu  = 1.178
   median |eta| = 0.022
  rho=0.06024 (21/21)  [extra 1/50]
    fp=0.2403 tp=0.8652  [16.7s]
   median nu  = 1.307
   median |eta| = 0.018
  rho=0.05336 (22/22)  [extra 2/50]
    fp=0.2528 tp=0.8652  [12.1s]
   median nu  = 1.416
   median |eta| = 0.014
  rho=0.04727 (23/23)  [extra 3/50]
    fp=0.2650 tp=0.8764  [9.3s]
   median nu  = 1.511
   median |eta| = 0.012
  rho=0.04188 (24/24)  [extra 4/50]
    fp=0.2775 tp=0.8876  [9.3s]
   median nu  = 1.622
   median |eta| = 0.009
  rho=0.03710 (25/25)  [extra 5/50]
    fp=0.2915 tp=0.8989  [10.3s]
   median nu  = 1.733
   median |eta| = 0.007
  rho=0.03286 (26/26)  [extra 6/50]
    fp=0.3016 tp=0.9213  [7.0s]
   median nu  = 1.87
   median |eta| = 0.006
  FPR 0.3016 >= fp_end=0.3; stopping after 26 fits
  grid extended by 6 points down to rho=0.03286, ending at FPR 0.3016
  graphical_lasso rho_max = max|S_ij| (off-diag) = 1.12025
  rho grid: [1.12025475 0.99239648 0.87913108 0.77879303 0.68990688 0.6111656
 0.54141131 0.4796183  0.42487792 0.37638524 0.33342718 0.29537207
 0.26166031 0.23179618 0.20534053 0.18190436 0.16114303 0.14275126
 0.1264586  0.11202547]
Running graphical_lasso over 20 rho values, extending until FPR >= 0.3...
  rho=1.12025 (1/20)
    fp=0.0000 tp=0.0000  [0.0s]
  rho=0.99240 (2/20)
    fp=0.0019 tp=0.0112  [30.8s]
  rho=0.87913 (3/20)
    fp=0.0031 tp=0.0112  [36.1s]
  rho=0.77879 (4/20)
    fp=0.0056 tp=0.0112  [26.3s]
  rho=0.68991 (5/20)
    fp=0.0115 tp=0.0449  [33.2s]
  rho=0.61117 (6/20)
    fp=0.0210 tp=0.1011  [31.4s]
  rho=0.54141 (7/20)
    fp=0.0352 tp=0.1573  [36.1s]
  rho=0.47962 (8/20)
    fp=0.0490 tp=0.2135  [36.2s]
  rho=0.42488 (9/20)
    fp=0.0691 tp=0.2697  [26.5s]
  rho=0.37639 (10/20)
    fp=0.0864 tp=0.4157  [24.8s]
  rho=0.33343 (11/20)
    fp=0.1047 tp=0.4944  [27.6s]
  rho=0.29537 (12/20)
    fp=0.1261 tp=0.5843  [1.2s]
  rho=0.26166 (13/20)
    fp=0.1487 tp=0.6404  [0.6s]
  rho=0.23180 (14/20)
    fp=0.1705 tp=0.7079  [1.9s]
  rho=0.20534 (15/20)
    fp=0.1911 tp=0.7528  [0.4s]
  rho=0.18190 (16/20)
    fp=0.2107 tp=0.7753  [1.2s]
  rho=0.16114 (17/20)
    fp=0.2316 tp=0.7865  [2.0s]
  rho=0.14275 (18/20)
    fp=0.2547 tp=0.7978  [1.4s]
  rho=0.12646 (19/20)
    fp=0.2779 tp=0.8315  [0.7s]
  rho=0.11203 (20/20)
    fp=0.3055 tp=0.8427  [1.5s]
  FPR 0.3055 >= fp_end=0.3; stopping after 20 fits
  [note] 10/20 fits hit a glasso ConvergenceWarning (suppressed)
  [warn] mean_roc averages out to FPR 0.300 but the shortest replicate only reached 0.011; its TPR is held flat above that
  [warn] mean_roc averages out to FPR 0.300 but the shortest replicate only reached 0.229; its TPR is held flat above that

(p=100, n=50) over 25 replicates
  t+lasso  (run_em_diagonal):    AUC = 0.194 (SE 0.003)
  ~t+lasso (run_em_exact):       AUC = 0.195 (SE 0.003)
  tlasso   (run_tlasso):         AUC = 0.194 (SE 0.003)
  t*lasso  (run_tstar_varlasso): AUC = 0.192 (SE 0.003)
  glasso   (graphical_lasso):    AUC = 0.148 (SE 0.007)
Replicate 26/50
  Theta: 92/4950 edges
  pilot fit of run_tlasso at rho=30.34854
  -> rho_max = max|S_ij| (off-diag) = 18.59625
  [warn] pilot rho 30.34854 > rho_max 18.59625: it falls off the top of this method's grid
  rho grid: [18.59625063 16.47380086 14.59359309 12.92797947 11.45246768 10.14536079
  8.9874382   7.96167303  7.05298174  6.24800229  5.53489774  4.90318209
  4.34356618  3.84782103  3.40865687  3.01961592  2.67497746  2.3696737
  2.09921524  1.85962506]
Running run_tlasso over 20 rho values, extending until FPR >= 0.3...
  rho=18.59625 (1/20)
    fp=0.0000 tp=0.0000  [0.6s]
   nu  = 3.0000
  rho=16.47380 (2/20)
    fp=0.0000 tp=0.0000  [0.2s]
   nu  = 3.0000
  rho=14.59359 (3/20)
    fp=0.0000 tp=0.0000  [0.3s]
   nu  = 3.0000
  rho=12.92798 (4/20)
    fp=0.0000 tp=0.0000  [0.4s]
   nu  = 3.0000
  rho=11.45247 (5/20)
    fp=0.0002 tp=0.0000  [0.5s]
   nu  = 3.0000
  rho=10.14536 (6/20)
    fp=0.0002 tp=0.0000  [0.5s]
   nu  = 3.0000
  rho=8.98744 (7/20)
    fp=0.0002 tp=0.0109  [0.6s]
   nu  = 3.0000
  rho=7.96167 (8/20)
    fp=0.0002 tp=0.0217  [0.5s]
   nu  = 3.0000
  rho=7.05298 (9/20)
    fp=0.0008 tp=0.0326  [0.5s]
   nu  = 3.0000
  rho=6.24800 (10/20)
    fp=0.0016 tp=0.0543  [0.6s]
   nu  = 3.0000
  rho=5.53490 (11/20)
    fp=0.0027 tp=0.0652  [0.6s]
   nu  = 3.0000
  rho=4.90318 (12/20)
    fp=0.0039 tp=0.0761  [0.7s]
   nu  = 3.0000
  rho=4.34357 (13/20)
    fp=0.0062 tp=0.1196  [0.6s]
   nu  = 3.0000
  rho=3.84782 (14/20)
    fp=0.0099 tp=0.1848  [0.7s]
   nu  = 3.0000
  rho=3.40866 (15/20)
    fp=0.0161 tp=0.2609  [0.8s]
   nu  = 3.0000
  rho=3.01962 (16/20)
    fp=0.0245 tp=0.3261  [0.8s]
   nu  = 3.0000
  rho=2.67498 (17/20)
    fp=0.0424 tp=0.4348  [0.6s]
   nu  = 3.0000
  rho=2.36967 (18/20)
    fp=0.0675 tp=0.4891  [1.9s]
   nu  = 3.0000
  rho=2.09922 (19/20)
    fp=0.1093 tp=0.5652  [2.7s]
   nu  = 3.0000
  rho=1.85963 (20/20)
    fp=0.1647 tp=0.6739  [3.5s]
   nu  = 3.0000
  rho=1.64738 (21/21)  [extra 1/50]
    fp=0.2227 tp=0.7717  [3.4s]
   nu  = 3.0000
  rho=1.45936 (22/22)  [extra 2/50]
    fp=0.2666 tp=0.7717  [3.9s]
   nu  = 3.0000
  rho=1.29280 (23/23)  [extra 3/50]
    fp=0.3030 tp=0.8370  [3.4s]
   nu  = 3.0000
  FPR 0.3030 >= fp_end=0.3; stopping after 23 fits
  grid extended by 3 points down to rho=1.29280, ending at FPR 0.3030
  pilot fit of run_tstar_varlasso at rho=0.30349
  -> rho_max = max|S_ij| (off-diag) = 0.52754
  rho grid: [0.52754083 0.46733091 0.41399293 0.36674259 0.32488508 0.2878049
 0.25495681 0.22585777 0.20007989 0.17724413 0.15701469 0.1390941
 0.12321885 0.10915548 0.09669722 0.08566085 0.07588411 0.06722321
 0.05955081 0.05275408]
Running run_tstar_varlasso over 20 rho values, extending until FPR >= 0.3...
  rho=0.52754 (1/20)
    fp=0.0002 tp=0.0109  [0.4s]
   nu  = 3.0000
  rho=0.46733 (2/20)
    fp=0.0004 tp=0.0217  [0.3s]
   nu  = 3.0000
  rho=0.41399 (3/20)
    fp=0.0008 tp=0.0435  [0.3s]
   nu  = 3.0000
  rho=0.36674 (4/20)
    fp=0.0016 tp=0.0652  [0.3s]
   nu  = 3.0000
  rho=0.32489 (5/20)
    fp=0.0037 tp=0.0761  [0.3s]
   nu  = 3.0000
  rho=0.28780 (6/20)
    fp=0.0070 tp=0.1087  [0.3s]
   nu  = 3.0000
  rho=0.25496 (7/20)
    fp=0.0138 tp=0.2283  [0.4s]
   nu  = 3.0000
  rho=0.22586 (8/20)
    fp=0.0245 tp=0.2826  [0.4s]
   nu  = 3.0000
  rho=0.20008 (9/20)
    fp=0.0368 tp=0.3587  [0.4s]
   nu  = 3.0000
  rho=0.17724 (10/20)
    fp=0.0523 tp=0.4130  [0.4s]
   nu  = 3.0000
  rho=0.15701 (11/20)
    fp=0.0718 tp=0.5000  [0.7s]
   nu  = 3.0000
  rho=0.13909 (12/20)
    fp=0.0943 tp=0.5435  [0.6s]
   nu  = 3.0000
  rho=0.12322 (13/20)
    fp=0.1130 tp=0.5978  [0.5s]
   nu  = 3.0000
  rho=0.10916 (14/20)
    fp=0.1319 tp=0.6413  [0.8s]
   nu  = 3.0000
  rho=0.09670 (15/20)
    fp=0.1544 tp=0.6522  [0.6s]
   nu  = 3.0000
  rho=0.08566 (16/20)
    fp=0.1752 tp=0.6957  [0.6s]
   nu  = 3.0000
  rho=0.07588 (17/20)
    fp=0.1958 tp=0.7174  [0.6s]
   nu  = 3.0000
  rho=0.06722 (18/20)
    fp=0.2192 tp=0.7717  [0.5s]
   nu  = 3.0000
  rho=0.05955 (19/20)
    fp=0.2433 tp=0.8043  [0.5s]
   nu  = 3.0000
  rho=0.05275 (20/20)
    fp=0.2686 tp=0.8370  [0.7s]
   nu  = 3.0000
  rho=0.04673 (21/21)  [extra 1/50]
    fp=0.2898 tp=0.8370  [1.0s]
   nu  = 3.0000
  rho=0.04140 (22/22)  [extra 2/50]
    fp=0.3133 tp=0.8478  [1.0s]
   nu  = 3.0000
  FPR 0.3133 >= fp_end=0.3; stopping after 22 fits
  grid extended by 2 points down to rho=0.04140, ending at FPR 0.3133
  pilot fit of run_em_diagonal at rho=0.30349
  -> rho_max = max|S_ij| (off-diag) = 0.74914
  rho grid: [0.74913874 0.66363713 0.58789409 0.52079585 0.46135575 0.40869974
 0.36205353 0.3207312  0.28412511 0.251697   0.22297002 0.19752173
 0.17497794 0.15500715 0.13731569 0.12164341 0.10775985 0.09546088
 0.08456562 0.07491387]
Running run_em_diagonal over 20 rho values, extending until FPR >= 0.3...
  rho=0.74914 (1/20)
    fp=0.0004 tp=0.0217  [24.8s]
   median nu  = 0.037
   median |eta| = 4.406
  rho=0.66364 (2/20)
    fp=0.0006 tp=0.0326  [22.7s]
   median nu  = 0.04
   median |eta| = 4.508
  rho=0.58789 (3/20)
    fp=0.0025 tp=0.0543  [27.5s]
   median nu  = 0.043
   median |eta| = 4.598
  rho=0.52080 (4/20)
    fp=0.0045 tp=0.0761  [35.2s]
   median nu  = 0.048
   median |eta| = 4.663
  rho=0.46136 (5/20)
    fp=0.0082 tp=0.0978  [22.1s]
   median nu  = 0.054
   median |eta| = 4.622
  rho=0.40870 (6/20)
    fp=0.0161 tp=0.1739  [25.2s]
   median nu  = 0.06
   median |eta| = 4.483
  rho=0.36205 (7/20)
    fp=0.0247 tp=0.2174  [25.6s]
   median nu  = 0.07
   median |eta| = 4.168
  rho=0.32073 (8/20)
    fp=0.0340 tp=0.3370  [21.9s]
   median nu  = 0.08
   median |eta| = 3.835
  rho=0.28413 (9/20)
    fp=0.0463 tp=0.3478  [19.9s]
   median nu  = 0.098
   median |eta| = 3.752
  rho=0.25170 (10/20)
    fp=0.0605 tp=0.4348  [22.8s]
   median nu  = 0.124
   median |eta| = 3.215
  rho=0.22297 (11/20)
    fp=0.0758 tp=0.4891  [26.6s]
   median nu  = 0.149
   median |eta| = 2.616
  rho=0.19752 (12/20)
    fp=0.0959 tp=0.5652  [22.3s]
   median nu  = 0.183
   median |eta| = 2.267
  rho=0.17498 (13/20)
    fp=0.1114 tp=0.5761  [23.3s]
   median nu  = 0.213
   median |eta| = 1.791
  rho=0.15501 (14/20)
    fp=0.1274 tp=0.6087  [23.9s]
   median nu  = 0.25
   median |eta| = 1.618
  rho=0.13732 (15/20)
    fp=0.1418 tp=0.6848  [80.0s]
   median nu  = 0.324
   median |eta| = 1.22
  rho=0.12164 (16/20)
    fp=0.1534 tp=0.6957  [90.1s]
   median nu  = 0.402
   median |eta| = 0.896
  rho=0.10776 (17/20)
    fp=0.1698 tp=0.6957  [89.3s]
   median nu  = 0.475
   median |eta| = 0.593
  rho=0.09546 (18/20)
    fp=0.1816 tp=0.7717  [91.5s]
   median nu  = 0.553
   median |eta| = 0.349
  rho=0.08457 (19/20)
    fp=0.1962 tp=0.7717  [89.9s]
   median nu  = 0.632
   median |eta| = 0.223
  rho=0.07491 (20/20)
    fp=0.2087 tp=0.7717  [88.8s]
   median nu  = 0.735
   median |eta| = 0.158
  rho=0.06636 (21/21)  [extra 1/50]
    fp=0.2203 tp=0.7717  [90.9s]
   median nu  = 0.845
   median |eta| = 0.103
  rho=0.05879 (22/22)  [extra 2/50]
    fp=0.2353 tp=0.7826  [88.6s]
   median nu  = 0.955
   median |eta| = 0.077
  rho=0.05208 (23/23)  [extra 3/50]
    fp=0.2485 tp=0.7935  [87.0s]
   median nu  = 1.053
   median |eta| = 0.055
  rho=0.04614 (24/24)  [extra 4/50]
    fp=0.2641 tp=0.7935  [89.9s]
   median nu  = 1.179
   median |eta| = 0.039
  rho=0.04087 (25/25)  [extra 5/50]
    fp=0.2725 tp=0.7935  [92.6s]
   median nu  = 1.251
   median |eta| = 0.032
  rho=0.03621 (26/26)  [extra 6/50]
    fp=0.2851 tp=0.7935  [90.7s]
   median nu  = 1.419
   median |eta| = 0.026
  rho=0.03207 (27/27)  [extra 7/50]
    fp=0.2987 tp=0.7826  [81.3s]
   median nu  = 1.535
   median |eta| = 0.021
  rho=0.02841 (28/28)  [extra 8/50]
    fp=0.3073 tp=0.7935  [85.3s]
   median nu  = 1.641
   median |eta| = 0.017
  FPR 0.3073 >= fp_end=0.3; stopping after 28 fits
  grid extended by 8 points down to rho=0.02841, ending at FPR 0.3073
  pilot fit of run_em_exact at rho=0.30349
  -> rho_max = max|S_ij| (off-diag) = 0.83485
  rho grid: [0.8348538  0.73956925 0.65515984 0.58038435 0.51414322 0.4554624
 0.40347902 0.35742866 0.31663418 0.28049571 0.24848183 0.2201218
 0.19499859 0.17274278 0.15302709 0.13556162 0.12008954 0.10638333
 0.09424146 0.08348538]
Running run_em_exact over 20 rho values, extending until FPR >= 0.3...
  rho=0.83485 (1/20)
    fp=0.0004 tp=0.0109  [25.8s]
   median nu  = 0.036
   median |eta| = 4.178
  rho=0.73957 (2/20)
    fp=0.0004 tp=0.0217  [24.3s]
   median nu  = 0.038
   median |eta| = 4.441
  rho=0.65516 (3/20)
    fp=0.0008 tp=0.0326  [22.4s]
   median nu  = 0.04
   median |eta| = 4.501
  rho=0.58038 (4/20)
    fp=0.0025 tp=0.0543  [36.5s]
   median nu  = 0.044
   median |eta| = 4.431
  rho=0.51414 (5/20)
    fp=0.0045 tp=0.0761  [72.4s]
   median nu  = 0.049
   median |eta| = 4.27
  rho=0.45546 (6/20)
    fp=0.0095 tp=0.0978  [21.7s]
   median nu  = 0.054
   median |eta| = 3.967
  rho=0.40348 (7/20)
    fp=0.0173 tp=0.1739  [21.4s]
   median nu  = 0.062
   median |eta| = 3.476
  rho=0.35743 (8/20)
    fp=0.0276 tp=0.2283  [43.5s]
   median nu  = 0.071
   median |eta| = 3.054
  rho=0.31663 (9/20)
    fp=0.0383 tp=0.3370  [33.5s]
   median nu  = 0.083
   median |eta| = 2.32
  rho=0.28050 (10/20)
    fp=0.0504 tp=0.3478  [23.1s]
   median nu  = 0.108
   median |eta| = 1.832
  rho=0.24848 (11/20)
    fp=0.0638 tp=0.4674  [23.9s]
   median nu  = 0.144
   median |eta| = 1.24
  rho=0.22012 (12/20)
    fp=0.0842 tp=0.4891  [31.3s]
   median nu  = 0.191
   median |eta| = 0.848
  rho=0.19500 (13/20)
    fp=0.1054 tp=0.5652  [25.6s]
   median nu  = 0.256
   median |eta| = 0.559
  rho=0.17274 (14/20)
    fp=0.1208 tp=0.5870  [22.7s]
   median nu  = 0.322
   median |eta| = 0.393
  rho=0.15303 (15/20)
    fp=0.1365 tp=0.6196  [26.1s]
   median nu  = 0.399
   median |eta| = 0.251
  rho=0.13556 (16/20)
    fp=0.1525 tp=0.6957  [26.6s]
   median nu  = 0.493
   median |eta| = 0.16
  rho=0.12009 (17/20)
    fp=0.1663 tp=0.6957  [27.6s]
   median nu  = 0.612
   median |eta| = 0.112
  rho=0.10638 (18/20)
    fp=0.1811 tp=0.7391  [70.8s]
   median nu  = 0.713
   median |eta| = 0.074
  rho=0.09424 (19/20)
    fp=0.1958 tp=0.7826  [69.0s]
   median nu  = 0.81
   median |eta| = 0.056
  rho=0.08349 (20/20)
    fp=0.2102 tp=0.7935  [25.6s]
   median nu  = 0.91
   median |eta| = 0.038
  rho=0.07396 (21/21)  [extra 1/50]
    fp=0.2225 tp=0.7935  [22.2s]
   median nu  = 1.02
   median |eta| = 0.03
  rho=0.06552 (22/22)  [extra 2/50]
    fp=0.2390 tp=0.8370  [24.9s]
   median nu  = 1.131
   median |eta| = 0.021
  rho=0.05804 (23/23)  [extra 3/50]
    fp=0.2563 tp=0.8370  [27.1s]
   median nu  = 1.236
   median |eta| = 0.016
  rho=0.05141 (24/24)  [extra 4/50]
    fp=0.2723 tp=0.8696  [22.1s]
   median nu  = 1.344
   median |eta| = 0.012
  rho=0.04555 (25/25)  [extra 5/50]
    fp=0.2824 tp=0.8804  [26.2s]
   median nu  = 1.477
   median |eta| = 0.008
  rho=0.04035 (26/26)  [extra 6/50]
    fp=0.2950 tp=0.8913  [25.4s]
   median nu  = 1.603
   median |eta| = 0.006
  rho=0.03574 (27/27)  [extra 7/50]
    fp=0.3053 tp=0.9022  [22.9s]
   median nu  = 1.722
   median |eta| = 0.005
  FPR 0.3053 >= fp_end=0.3; stopping after 27 fits
  grid extended by 7 points down to rho=0.03574, ending at FPR 0.3053
  graphical_lasso rho_max = max|S_ij| (off-diag) = 1.31166
  rho grid: [1.31166366 1.16195927 1.02934113 0.91185912 0.80778572 0.71559054
 0.63391789 0.56156681 0.49747339 0.44069515 0.3903972  0.34583992
 0.3063681  0.27140132 0.24042542 0.21298489 0.18867624 0.16714202
 0.14806556 0.13116637]
Running graphical_lasso over 20 rho values, extending until FPR >= 0.3...
  rho=1.31166 (1/20)
    fp=0.0000 tp=0.0000  [0.0s]
  rho=1.16196 (2/20)
    fp=0.0002 tp=0.0000  [0.0s]
  rho=1.02934 (3/20)
    fp=0.0002 tp=0.0000  [37.8s]
  rho=0.91186 (4/20)
    fp=0.0002 tp=0.0109  [0.0s]
  rho=0.80779 (5/20)
    fp=0.0010 tp=0.0109  [36.6s]
  rho=0.71559 (6/20)
    fp=0.0021 tp=0.0326  [32.0s]
  rho=0.63392 (7/20)
    fp=0.0037 tp=0.0543  [25.3s]
  rho=0.56157 (8/20)
    fp=0.0084 tp=0.0652  [31.2s]
  rho=0.49747 (9/20)
    fp=0.0171 tp=0.0978  [31.5s]
  rho=0.44070 (10/20)
    fp=0.0278 tp=0.1848  [37.2s]
  rho=0.39040 (11/20)
    fp=0.0420 tp=0.2500  [34.6s]
  rho=0.34584 (12/20)
    fp=0.0566 tp=0.3587  [0.2s]
  rho=0.30637 (13/20)
    fp=0.0801 tp=0.4022  [26.7s]
  rho=0.27140 (14/20)
    fp=0.1056 tp=0.4674  [27.5s]
  rho=0.24043 (15/20)
    fp=0.1332 tp=0.5326  [0.1s]
  rho=0.21298 (16/20)
    fp=0.1581 tp=0.6087  [0.1s]
  rho=0.18868 (17/20)
    fp=0.1846 tp=0.6304  [0.1s]
  rho=0.16714 (18/20)
    fp=0.2083 tp=0.6739  [0.8s]
  rho=0.14807 (19/20)
    fp=0.2316 tp=0.7283  [0.4s]
  rho=0.13117 (20/20)
    fp=0.2540 tp=0.7609  [0.3s]
  rho=0.11620 (21/21)  [extra 1/50]
    fp=0.2826 tp=0.7935  [0.9s]
  rho=0.10293 (22/22)  [extra 2/50]
    fp=0.3055 tp=0.7935  [0.1s]
  FPR 0.3055 >= fp_end=0.3; stopping after 22 fits
  [note] 10/22 fits hit a glasso ConvergenceWarning (suppressed)
  grid extended by 2 points down to rho=0.10293, ending at FPR 0.3055
  [warn] mean_roc averages out to FPR 0.300 but the shortest replicate only reached 0.011; its TPR is held flat above that
  [warn] mean_roc averages out to FPR 0.300 but the shortest replicate only reached 0.229; its TPR is held flat above that

(p=100, n=50) over 26 replicates
  t+lasso  (run_em_diagonal):    AUC = 0.194 (SE 0.003)
  ~t+lasso (run_em_exact):       AUC = 0.195 (SE 0.003)
  tlasso   (run_tlasso):         AUC = 0.194 (SE 0.003)
  t*lasso  (run_tstar_varlasso): AUC = 0.192 (SE 0.003)
  glasso   (graphical_lasso):    AUC = 0.148 (SE 0.007)
Replicate 27/50
  Theta: 101/4950 edges
  pilot fit of run_tlasso at rho=30.34854
  -> rho_max = max|S_ij| (off-diag) = 19.71757
  [warn] pilot rho 30.34854 > rho_max 19.71757: it falls off the top of this method's grid
  rho grid: [19.71756844 17.46713906 15.47355842 13.70751153 12.14302925 10.75710635
  9.52936327  8.44174646  7.47826284  6.6247447   5.86864132  5.19883445
  4.60547479  4.07983717  3.61419226  3.2016929   2.83627341  2.51256042
  2.22579384  1.97175684]
Running run_tlasso over 20 rho values, extending until FPR >= 0.3...
  rho=19.71757 (1/20)
    fp=0.0000 tp=0.0000  [0.3s]
   nu  = 3.0000
  rho=17.46714 (2/20)
    fp=0.0000 tp=0.0000  [0.2s]
   nu  = 3.0000
  rho=15.47356 (3/20)
    fp=0.0000 tp=0.0099  [0.4s]
   nu  = 3.0000
  rho=13.70751 (4/20)
    fp=0.0000 tp=0.0099  [0.4s]
   nu  = 3.0000
  rho=12.14303 (5/20)
    fp=0.0002 tp=0.0099  [0.4s]
   nu  = 3.0000
  rho=10.75711 (6/20)
    fp=0.0002 tp=0.0198  [0.4s]
   nu  = 3.0000
  rho=9.52936 (7/20)
    fp=0.0002 tp=0.0198  [0.5s]
   nu  = 3.0000
  rho=8.44175 (8/20)
    fp=0.0004 tp=0.0297  [0.6s]
   nu  = 3.0000
  rho=7.47826 (9/20)
    fp=0.0010 tp=0.0297  [0.5s]
   nu  = 3.0000
  rho=6.62474 (10/20)
    fp=0.0012 tp=0.0396  [0.5s]
   nu  = 3.0000
  rho=5.86864 (11/20)
    fp=0.0023 tp=0.0495  [0.5s]
   nu  = 3.0000
  rho=5.19883 (12/20)
    fp=0.0037 tp=0.0990  [0.5s]
   nu  = 3.0000
  rho=4.60547 (13/20)
    fp=0.0066 tp=0.1188  [0.5s]
   nu  = 3.0000
  rho=4.07984 (14/20)
    fp=0.0115 tp=0.1485  [0.6s]
   nu  = 3.0000
  rho=3.61419 (15/20)
    fp=0.0184 tp=0.1584  [0.9s]
   nu  = 3.0000
  rho=3.20169 (16/20)
    fp=0.0252 tp=0.1782  [0.8s]
   nu  = 3.0000
  rho=2.83627 (17/20)
    fp=0.0400 tp=0.2871  [0.9s]
   nu  = 3.0000
  rho=2.51256 (18/20)
    fp=0.0637 tp=0.3960  [1.7s]
   nu  = 3.0000
  rho=2.22579 (19/20)
    fp=0.1101 tp=0.5743  [3.6s]
   nu  = 3.0000
  rho=1.97176 (20/20)
    fp=0.2328 tp=0.7426  [16.0s]
   nu  = 3.0000
  rho=1.74671 (21/21)  [extra 1/50]
    fp=0.2648 tp=0.7723  [7.5s]
   nu  = 3.0000
  rho=1.54736 (22/22)  [extra 2/50]
    fp=0.2922 tp=0.7921  [6.0s]
   nu  = 3.0000
  rho=1.37075 (23/23)  [extra 3/50]
    fp=0.3207 tp=0.8020  [4.3s]
   nu  = 3.0000
  FPR 0.3207 >= fp_end=0.3; stopping after 23 fits
  grid extended by 3 points down to rho=1.37075, ending at FPR 0.3207
  pilot fit of run_tstar_varlasso at rho=0.30349
  -> rho_max = max|S_ij| (off-diag) = 0.66700
  rho grid: [0.66700232 0.5908752  0.52343672 0.4636952  0.41077218 0.36388944
 0.32235757 0.28556586 0.25297331 0.22410066 0.19852333 0.17586523
 0.15579316 0.13801199 0.12226024 0.10830628 0.09594494 0.08499444
 0.07529375 0.06670023]
Running run_tstar_varlasso over 20 rho values, extending until FPR >= 0.3...
  rho=0.66700 (1/20)
    fp=0.0000 tp=0.0099  [0.3s]
   nu  = 3.0000
  rho=0.59088 (2/20)
    fp=0.0002 tp=0.0198  [0.4s]
   nu  = 3.0000
  rho=0.52344 (3/20)
    fp=0.0004 tp=0.0297  [0.4s]
   nu  = 3.0000
  rho=0.46370 (4/20)
    fp=0.0008 tp=0.0396  [0.4s]
   nu  = 3.0000
  rho=0.41077 (5/20)
    fp=0.0031 tp=0.0693  [0.4s]
   nu  = 3.0000
  rho=0.36389 (6/20)
    fp=0.0058 tp=0.0792  [0.5s]
   nu  = 3.0000
  rho=0.32236 (7/20)
    fp=0.0115 tp=0.1188  [0.4s]
   nu  = 3.0000
  rho=0.28557 (8/20)
    fp=0.0181 tp=0.1386  [0.4s]
   nu  = 3.0000
  rho=0.25297 (9/20)
    fp=0.0268 tp=0.1980  [0.5s]
   nu  = 3.0000
  rho=0.22410 (10/20)
    fp=0.0384 tp=0.2277  [0.5s]
   nu  = 3.0000
  rho=0.19852 (11/20)
    fp=0.0530 tp=0.2970  [0.3s]
   nu  = 3.0000
  rho=0.17587 (12/20)
    fp=0.0722 tp=0.3465  [0.4s]
   nu  = 3.0000
  rho=0.15579 (13/20)
    fp=0.0901 tp=0.4554  [0.4s]
   nu  = 3.0000
  rho=0.13801 (14/20)
    fp=0.1101 tp=0.5248  [0.3s]
   nu  = 3.0000
  rho=0.12226 (15/20)
    fp=0.1277 tp=0.6238  [0.3s]
   nu  = 3.0000
  rho=0.10831 (16/20)
    fp=0.1481 tp=0.6535  [0.5s]
   nu  = 3.0000
  rho=0.09594 (17/20)
    fp=0.1706 tp=0.6832  [0.4s]
   nu  = 3.0000
  rho=0.08499 (18/20)
    fp=0.1891 tp=0.7129  [0.5s]
   nu  = 3.0000
  rho=0.07529 (19/20)
    fp=0.2108 tp=0.7228  [0.4s]
   nu  = 3.0000
  rho=0.06670 (20/20)
    fp=0.2337 tp=0.7525  [0.5s]
   nu  = 3.0000
  rho=0.05909 (21/21)  [extra 1/50]
    fp=0.2559 tp=0.7822  [0.3s]
   nu  = 3.0000
  rho=0.05234 (22/22)  [extra 2/50]
    fp=0.2753 tp=0.7921  [0.5s]
   nu  = 3.0000
  rho=0.04637 (23/23)  [extra 3/50]
    fp=0.2984 tp=0.7921  [0.5s]
   nu  = 3.0000
  rho=0.04108 (24/24)  [extra 4/50]
    fp=0.3209 tp=0.8218  [0.5s]
   nu  = 3.0000
  FPR 0.3209 >= fp_end=0.3; stopping after 24 fits
  grid extended by 4 points down to rho=0.04108, ending at FPR 0.3209
  pilot fit of run_em_diagonal at rho=0.30349
  -> rho_max = max|S_ij| (off-diag) = 0.64553
  rho grid: [0.64552814 0.57185194 0.50658464 0.44876651 0.39754735 0.35217399
 0.31197925 0.27637205 0.24482882 0.21688572 0.19213186 0.17020323
 0.15077739 0.13356869 0.11832406 0.10481936 0.09285599 0.08225804
 0.07286966 0.06455281]
Running run_em_diagonal over 20 rho values, extending until FPR >= 0.3...
  rho=0.64553 (1/20)
    fp=0.0023 tp=0.0396  [25.2s]
   median nu  = 0.168
   median |eta| = 2.102
  rho=0.57185 (2/20)
    fp=0.0056 tp=0.0693  [19.7s]
   median nu  = 0.201
   median |eta| = 1.967
  rho=0.50658 (3/20)
    fp=0.0109 tp=0.0990  [29.1s]
   median nu  = 0.232
   median |eta| = 1.739
  rho=0.44877 (4/20)
    fp=0.0153 tp=0.1386  [21.3s]
   median nu  = 0.263
   median |eta| = 1.571
  rho=0.39755 (5/20)
    fp=0.0225 tp=0.1683  [23.8s]
   median nu  = 0.292
   median |eta| = 1.463
  rho=0.35217 (6/20)
    fp=0.0305 tp=0.1980  [24.7s]
   median nu  = 0.333
   median |eta| = 1.273
  rho=0.31198 (7/20)
    fp=0.0410 tp=0.2178  [24.5s]
   median nu  = 0.361
   median |eta| = 1.284
  rho=0.27637 (8/20)
    fp=0.0507 tp=0.2376  [19.0s]
   median nu  = 0.389
   median |eta| = 1.149
  rho=0.24483 (9/20)
    fp=0.0633 tp=0.3168  [19.4s]
   median nu  = 0.427
   median |eta| = 1.023
  rho=0.21689 (10/20)
    fp=0.0763 tp=0.4059  [20.7s]
   median nu  = 0.456
   median |eta| = 0.899
  rho=0.19213 (11/20)
    fp=0.0905 tp=0.5248  [24.1s]
   median nu  = 0.493
   median |eta| = 0.747
  rho=0.17020 (12/20)
    fp=0.1066 tp=0.5347  [28.1s]
   median nu  = 0.539
   median |eta| = 0.632
  rho=0.15078 (13/20)
    fp=0.1229 tp=0.5842  [22.7s]
   median nu  = 0.597
   median |eta| = 0.511
  rho=0.13357 (14/20)
    fp=0.1376 tp=0.6337  [30.6s]
   median nu  = 0.628
   median |eta| = 0.418
  rho=0.11832 (15/20)
    fp=0.1559 tp=0.6733  [88.2s]
   median nu  = 0.693
   median |eta| = 0.296
  rho=0.10482 (16/20)
    fp=0.1695 tp=0.7129  [76.0s]
   median nu  = 0.732
   median |eta| = 0.24
  rho=0.09286 (17/20)
    fp=0.1856 tp=0.7327  [74.2s]
   median nu  = 0.807
   median |eta| = 0.176
  rho=0.08226 (18/20)
    fp=0.2017 tp=0.7426  [74.5s]
   median nu  = 0.91
   median |eta| = 0.126
  rho=0.07287 (19/20)
    fp=0.2163 tp=0.7822  [75.1s]
   median nu  = 0.988
   median |eta| = 0.096
  rho=0.06455 (20/20)
    fp=0.2271 tp=0.7822  [72.5s]
   median nu  = 1.097
   median |eta| = 0.076
  rho=0.05719 (21/21)  [extra 1/50]
    fp=0.2456 tp=0.7723  [74.0s]
   median nu  = 1.232
   median |eta| = 0.059
  rho=0.05066 (22/22)  [extra 2/50]
    fp=0.2545 tp=0.7624  [79.1s]
   median nu  = 1.322
   median |eta| = 0.047
  rho=0.04488 (23/23)  [extra 3/50]
    fp=0.2710 tp=0.7624  [80.8s]
   median nu  = 1.464
   median |eta| = 0.036
  rho=0.03975 (24/24)  [extra 4/50]
    fp=0.2786 tp=0.7723  [83.0s]
   median nu  = 1.594
   median |eta| = 0.028
  rho=0.03522 (25/25)  [extra 5/50]
    fp=0.2895 tp=0.7822  [81.0s]
   median nu  = 1.701
   median |eta| = 0.021
  rho=0.03120 (26/26)  [extra 6/50]
    fp=0.3040 tp=0.8020  [85.0s]
   median nu  = 1.82
   median |eta| = 0.018
  FPR 0.3040 >= fp_end=0.3; stopping after 26 fits
  grid extended by 6 points down to rho=0.03120, ending at FPR 0.3040
  pilot fit of run_em_exact at rho=0.30349
  -> rho_max = max|S_ij| (off-diag) = 0.68481
  rho grid: [0.68481138 0.60665166 0.53741256 0.47607594 0.42173986 0.37360534
 0.33096456 0.29319051 0.25972774 0.23008418 0.20382393 0.18056085
 0.15995286 0.14169693 0.1255246  0.11119808 0.09850668 0.0872638
 0.0773041  0.06848114]
Running run_em_exact over 20 rho values, extending until FPR >= 0.3...
  rho=0.68481 (1/20)
    fp=0.0019 tp=0.0297  [83.2s]
   median nu  = 0.149
   median |eta| = 2.09
  rho=0.60665 (2/20)
    fp=0.0041 tp=0.0693  [80.0s]
   median nu  = 0.186
   median |eta| = 1.971
  rho=0.53741 (3/20)
    fp=0.0080 tp=0.0792  [49.3s]
   median nu  = 0.217
   median |eta| = 1.729
  rho=0.47608 (4/20)
    fp=0.0130 tp=0.1188  [20.6s]
   median nu  = 0.249
   median |eta| = 1.467
  rho=0.42174 (5/20)
    fp=0.0194 tp=0.1485  [31.7s]
   median nu  = 0.279
   median |eta| = 1.268
  rho=0.37361 (6/20)
    fp=0.0285 tp=0.1881  [25.0s]
   median nu  = 0.322
   median |eta| = 1.028
  rho=0.33096 (7/20)
    fp=0.0384 tp=0.2079  [21.9s]
   median nu  = 0.397
   median |eta| = 0.74
  rho=0.29319 (8/20)
    fp=0.0485 tp=0.2178  [32.7s]
   median nu  = 0.456
   median |eta| = 0.576
  rho=0.25973 (9/20)
    fp=0.0586 tp=0.2871  [73.1s]
   median nu  = 0.504
   median |eta| = 0.402
  rho=0.23008 (10/20)
    fp=0.0716 tp=0.3663  [27.9s]
   median nu  = 0.561
   median |eta| = 0.334
  rho=0.20382 (11/20)
    fp=0.0876 tp=0.4752  [26.8s]
   median nu  = 0.612
   median |eta| = 0.236
  rho=0.18056 (12/20)
    fp=0.1027 tp=0.5248  [52.7s]
   median nu  = 0.683
   median |eta| = 0.175
  rho=0.15995 (13/20)
    fp=0.1194 tp=0.5842  [20.9s]
   median nu  = 0.776
   median |eta| = 0.118
  rho=0.14170 (14/20)
    fp=0.1332 tp=0.6436  [20.5s]
   median nu  = 0.857
   median |eta| = 0.083
  rho=0.12552 (15/20)
    fp=0.1454 tp=0.6931  [22.9s]
   median nu  = 0.932
   median |eta| = 0.063
  rho=0.11120 (16/20)
    fp=0.1635 tp=0.7426  [23.6s]
   median nu  = 1.009
   median |eta| = 0.048
  rho=0.09851 (17/20)
    fp=0.1778 tp=0.7426  [20.8s]
   median nu  = 1.105
   median |eta| = 0.031
  rho=0.08726 (18/20)
    fp=0.1918 tp=0.7624  [21.7s]
   median nu  = 1.176
   median |eta| = 0.023
  rho=0.07730 (19/20)
    fp=0.2073 tp=0.7723  [25.6s]
   median nu  = 1.255
   median |eta| = 0.018
  rho=0.06848 (20/20)
    fp=0.2229 tp=0.7822  [22.8s]
   median nu  = 1.329
   median |eta| = 0.014
  rho=0.06067 (21/21)  [extra 1/50]
    fp=0.2353 tp=0.8020  [23.3s]
   median nu  = 1.436
   median |eta| = 0.012
  rho=0.05374 (22/22)  [extra 2/50]
    fp=0.2477 tp=0.8020  [19.3s]
   median nu  = 1.543
   median |eta| = 0.01
  rho=0.04761 (23/23)  [extra 3/50]
    fp=0.2607 tp=0.8020  [71.3s]
   median nu  = 1.651
   median |eta| = 0.007
  rho=0.04217 (24/24)  [extra 4/50]
    fp=0.2730 tp=0.8218  [59.5s]
   median nu  = 1.765
   median |eta| = 0.006
  rho=0.03736 (25/25)  [extra 5/50]
    fp=0.2869 tp=0.8119  [19.3s]
   median nu  = 1.894
   median |eta| = 0.005
  rho=0.03310 (26/26)  [extra 6/50]
    fp=0.2982 tp=0.8218  [10.1s]
   median nu  = 2.041
   median |eta| = 0.004
  rho=0.02932 (27/27)  [extra 7/50]
    fp=0.3104 tp=0.8218  [9.8s]
   median nu  = 2.161
   median |eta| = 0.003
  FPR 0.3104 >= fp_end=0.3; stopping after 27 fits
  grid extended by 7 points down to rho=0.02932, ending at FPR 0.3104
  graphical_lasso rho_max = max|S_ij| (off-diag) = 2.10704
  rho grid: [2.10703775 1.86655477 1.65351888 1.46479747 1.29761543 1.14951442
 1.01831665 0.9020929  0.79913414 0.7079264  0.62712848 0.5555523
 0.49214533 0.43597521 0.38621596 0.34213589 0.30308682 0.26849455
 0.23785041 0.21070378]
Running graphical_lasso over 20 rho values, extending until FPR >= 0.3...
  rho=2.10704 (1/20)
    fp=0.0000 tp=0.0000  [0.0s]
  rho=1.86655 (2/20)
    fp=0.0004 tp=0.0000  [0.1s]
  rho=1.65352 (3/20)
    fp=0.0010 tp=0.0099  [36.5s]
  rho=1.46480 (4/20)
    fp=0.0021 tp=0.0099  [36.5s]
  rho=1.29762 (5/20)
    fp=0.0039 tp=0.0198  [33.7s]
  rho=1.14951 (6/20)
    fp=0.0074 tp=0.0198  [38.6s]
  rho=1.01832 (7/20)
    fp=0.0128 tp=0.0297  [32.7s]
  rho=0.90209 (8/20)
    fp=0.0204 tp=0.0792  [0.1s]
  rho=0.79913 (9/20)
    fp=0.0320 tp=0.1089  [31.1s]
  rho=0.70793 (10/20)
    fp=0.0452 tp=0.1188  [36.3s]
  rho=0.62713 (11/20)
    fp=0.0615 tp=0.1782  [37.6s]
  rho=0.55555 (12/20)
    fp=0.0749 tp=0.2079  [1.5s]
  rho=0.49215 (13/20)
    fp=0.0907 tp=0.2574  [2.2s]
  rho=0.43598 (14/20)
    fp=0.1056 tp=0.2970  [0.1s]
  rho=0.38622 (15/20)
    fp=0.1237 tp=0.3168  [0.1s]
  rho=0.34214 (16/20)
    fp=0.1384 tp=0.3366  [0.4s]
  rho=0.30309 (17/20)
    fp=0.1547 tp=0.3960  [1.7s]
  rho=0.26849 (18/20)
    fp=0.1716 tp=0.5248  [3.8s]
  rho=0.23785 (19/20)
    fp=0.1887 tp=0.5743  [0.5s]
  rho=0.21070 (20/20)
    fp=0.2042 tp=0.6337  [0.3s]
  rho=0.18666 (21/21)  [extra 1/50]
    fp=0.2223 tp=0.6931  [0.7s]
  rho=0.16535 (22/22)  [extra 2/50]
    fp=0.2365 tp=0.7327  [0.2s]
  rho=0.14648 (23/23)  [extra 3/50]
    fp=0.2592 tp=0.7426  [2.8s]
  rho=0.12976 (24/24)  [extra 4/50]
    fp=0.2811 tp=0.7723  [2.7s]
  rho=0.11495 (25/25)  [extra 5/50]
    fp=0.3044 tp=0.7822  [0.5s]
  FPR 0.3044 >= fp_end=0.3; stopping after 25 fits
  [note] 8/25 fits hit a glasso ConvergenceWarning (suppressed)
  grid extended by 5 points down to rho=0.11495, ending at FPR 0.3044
  [warn] mean_roc averages out to FPR 0.300 but the shortest replicate only reached 0.011; its TPR is held flat above that
  [warn] mean_roc averages out to FPR 0.300 but the shortest replicate only reached 0.229; its TPR is held flat above that

(p=100, n=50) over 27 replicates
  t+lasso  (run_em_diagonal):    AUC = 0.193 (SE 0.003)
  ~t+lasso (run_em_exact):       AUC = 0.194 (SE 0.003)
  tlasso   (run_tlasso):         AUC = 0.193 (SE 0.003)
  t*lasso  (run_tstar_varlasso): AUC = 0.191 (SE 0.003)
  glasso   (graphical_lasso):    AUC = 0.148 (SE 0.006)
Replicate 28/50
  Theta: 92/4950 edges
  pilot fit of run_tlasso at rho=30.34854
  -> rho_max = max|S_ij| (off-diag) = 16.85128
  [warn] pilot rho 30.34854 > rho_max 16.85128: it falls off the top of this method's grid
  rho grid: [16.85127962 14.92798899 13.22420969 11.7148882  10.37783041  9.19337531
  8.14410588  7.21459294  6.39116829  5.66172374  5.01553304  4.44309415
  3.93598956  3.48676244  3.08880705  2.73627159  2.42397213  2.14731641
  1.9022363   1.68512796]
Running run_tlasso over 20 rho values, extending until FPR >= 0.3...
  rho=16.85128 (1/20)
    fp=0.0000 tp=0.0000  [0.3s]
   nu  = 3.0000
  rho=14.92799 (2/20)
    fp=0.0000 tp=0.0000  [0.3s]
   nu  = 3.0000
  rho=13.22421 (3/20)
    fp=0.0000 tp=0.0000  [0.2s]
   nu  = 3.0000
  rho=11.71489 (4/20)
    fp=0.0000 tp=0.0217  [0.4s]
   nu  = 3.0000
  rho=10.37783 (5/20)
    fp=0.0000 tp=0.0326  [0.3s]
   nu  = 3.0000
  rho=9.19338 (6/20)
    fp=0.0000 tp=0.0326  [0.4s]
   nu  = 3.0000
  rho=8.14411 (7/20)
    fp=0.0006 tp=0.0435  [0.5s]
   nu  = 3.0000
  rho=7.21459 (8/20)
    fp=0.0008 tp=0.0652  [0.4s]
   nu  = 3.0000
  rho=6.39117 (9/20)
    fp=0.0019 tp=0.1087  [0.4s]
   nu  = 3.0000
  rho=5.66172 (10/20)
    fp=0.0027 tp=0.1522  [0.6s]
   nu  = 3.0000
  rho=5.01553 (11/20)
    fp=0.0054 tp=0.1957  [0.7s]
   nu  = 3.0000
  rho=4.44309 (12/20)
    fp=0.0082 tp=0.2174  [0.8s]
   nu  = 3.0000
  rho=3.93599 (13/20)
    fp=0.0138 tp=0.2500  [0.8s]
   nu  = 3.0000
  rho=3.48676 (14/20)
    fp=0.0216 tp=0.3043  [0.8s]
   nu  = 3.0000
  rho=3.08881 (15/20)
    fp=0.0358 tp=0.3370  [0.8s]
   nu  = 3.0000
  rho=2.73627 (16/20)
    fp=0.0578 tp=0.4239  [1.7s]
   nu  = 3.0000
  rho=2.42397 (17/20)
    fp=0.0937 tp=0.5000  [2.5s]
   nu  = 3.0000
  rho=2.14732 (18/20)
    fp=0.1441 tp=0.5543  [3.4s]
   nu  = 3.0000
  rho=1.90224 (19/20)
    fp=0.2023 tp=0.6630  [4.4s]
   nu  = 3.0000
  rho=1.68513 (20/20)
    fp=0.2653 tp=0.7174  [5.6s]
   nu  = 3.0000
  rho=1.49280 (21/21)  [extra 1/50]
    fp=0.3137 tp=0.7609  [5.6s]
   nu  = 3.0000
  FPR 0.3137 >= fp_end=0.3; stopping after 21 fits
  grid extended by 1 points down to rho=1.49280, ending at FPR 0.3137
  pilot fit of run_tstar_varlasso at rho=0.30349
  -> rho_max = max|S_ij| (off-diag) = 0.58396
  rho grid: [0.58395719 0.51730828 0.45826623 0.40596283 0.35962899 0.31858338
 0.28222244 0.25001148 0.22147687 0.196199   0.17380618 0.15396913
 0.13639613 0.12082881 0.10703823 0.09482161 0.08399932 0.0744122
 0.0659193  0.05839572]
Running run_tstar_varlasso over 20 rho values, extending until FPR >= 0.3...
  rho=0.58396 (1/20)
    fp=0.0002 tp=0.0217  [0.5s]
   nu  = 3.0000
  rho=0.51731 (2/20)
    fp=0.0004 tp=0.0652  [0.4s]
   nu  = 3.0000
  rho=0.45827 (3/20)
    fp=0.0008 tp=0.0870  [0.5s]
   nu  = 3.0000
  rho=0.40596 (4/20)
    fp=0.0021 tp=0.1087  [0.5s]
   nu  = 3.0000
  rho=0.35963 (5/20)
    fp=0.0047 tp=0.1739  [0.4s]
   nu  = 3.0000
  rho=0.31858 (6/20)
    fp=0.0086 tp=0.2174  [0.4s]
   nu  = 3.0000
  rho=0.28222 (7/20)
    fp=0.0138 tp=0.2500  [0.4s]
   nu  = 3.0000
  rho=0.25001 (8/20)
    fp=0.0233 tp=0.3043  [0.5s]
   nu  = 3.0000
  rho=0.22148 (9/20)
    fp=0.0352 tp=0.3478  [0.4s]
   nu  = 3.0000
  rho=0.19620 (10/20)
    fp=0.0500 tp=0.3587  [0.5s]
   nu  = 3.0000
  rho=0.17381 (11/20)
    fp=0.0681 tp=0.4239  [0.6s]
   nu  = 3.0000
  rho=0.15397 (12/20)
    fp=0.0943 tp=0.4674  [0.6s]
   nu  = 3.0000
  rho=0.13640 (13/20)
    fp=0.1132 tp=0.5109  [0.8s]
   nu  = 3.0000
  rho=0.12083 (14/20)
    fp=0.1359 tp=0.5870  [0.5s]
   nu  = 3.0000
  rho=0.10704 (15/20)
    fp=0.1538 tp=0.6304  [0.7s]
   nu  = 3.0000
  rho=0.09482 (16/20)
    fp=0.1739 tp=0.7174  [0.6s]
   nu  = 3.0000
  rho=0.08400 (17/20)
    fp=0.1968 tp=0.7283  [0.5s]
   nu  = 3.0000
  rho=0.07441 (18/20)
    fp=0.2225 tp=0.7391  [0.4s]
   nu  = 3.0000
  rho=0.06592 (19/20)
    fp=0.2435 tp=0.7717  [0.4s]
   nu  = 3.0000
  rho=0.05840 (20/20)
    fp=0.2674 tp=0.7826  [0.5s]
   nu  = 3.0000
  rho=0.05173 (21/21)  [extra 1/50]
    fp=0.2931 tp=0.7935  [0.5s]
   nu  = 3.0000
  rho=0.04583 (22/22)  [extra 2/50]
    fp=0.3117 tp=0.8043  [0.5s]
   nu  = 3.0000
  FPR 0.3117 >= fp_end=0.3; stopping after 22 fits
  grid extended by 2 points down to rho=0.04583, ending at FPR 0.3117
  pilot fit of run_em_diagonal at rho=0.30349
  -> rho_max = max|S_ij| (off-diag) = 0.81966
  rho grid: [0.81965578 0.72610584 0.64323305 0.56981879 0.50478355 0.44717098
 0.39613392 0.35092188 0.31087004 0.27538945 0.24395837 0.21611461
 0.19144876 0.1695981  0.15024132 0.1330938  0.11790338 0.10444669
 0.09252585 0.08196558]
Running run_em_diagonal over 20 rho values, extending until FPR >= 0.3...
  rho=0.81966 (1/20)
    fp=0.0006 tp=0.0435  [26.7s]
   median nu  = 0.046
   median |eta| = 3.72
  rho=0.72611 (2/20)
    fp=0.0008 tp=0.0652  [30.4s]
   median nu  = 0.051
   median |eta| = 3.574
  rho=0.64323 (3/20)
    fp=0.0021 tp=0.1087  [25.2s]
   median nu  = 0.057
   median |eta| = 3.546
  rho=0.56982 (4/20)
    fp=0.0058 tp=0.1196  [25.3s]
   median nu  = 0.066
   median |eta| = 3.308
  rho=0.50478 (5/20)
    fp=0.0101 tp=0.1739  [20.0s]
   median nu  = 0.077
   median |eta| = 3.124
  rho=0.44717 (6/20)
    fp=0.0175 tp=0.2283  [21.6s]
   median nu  = 0.09
   median |eta| = 2.897
  rho=0.39613 (7/20)
    fp=0.0268 tp=0.2500  [21.0s]
   median nu  = 0.106
   median |eta| = 2.664
  rho=0.35092 (8/20)
    fp=0.0358 tp=0.3043  [19.8s]
   median nu  = 0.127
   median |eta| = 2.454
  rho=0.31087 (9/20)
    fp=0.0447 tp=0.3370  [24.0s]
   median nu  = 0.164
   median |eta| = 2.336
  rho=0.27539 (10/20)
    fp=0.0599 tp=0.3696  [26.1s]
   median nu  = 0.202
   median |eta| = 2.09
  rho=0.24396 (11/20)
    fp=0.0737 tp=0.4239  [29.6s]
   median nu  = 0.243
   median |eta| = 2.098
  rho=0.21611 (12/20)
    fp=0.0955 tp=0.5109  [29.3s]
   median nu  = 0.272
   median |eta| = 1.841
  rho=0.19145 (13/20)
    fp=0.1105 tp=0.5761  [83.0s]
   median nu  = 0.318
   median |eta| = 1.453
  rho=0.16960 (14/20)
    fp=0.1264 tp=0.6087  [76.9s]
   median nu  = 0.363
   median |eta| = 1.18
  rho=0.15024 (15/20)
    fp=0.1412 tp=0.6413  [90.3s]
   median nu  = 0.384
   median |eta| = 0.972
  rho=0.13309 (16/20)
    fp=0.1569 tp=0.6739  [91.5s]
   median nu  = 0.453
   median |eta| = 0.747
  rho=0.11790 (17/20)
    fp=0.1727 tp=0.6957  [90.1s]
   median nu  = 0.511
   median |eta| = 0.553
  rho=0.10445 (18/20)
    fp=0.1830 tp=0.7174  [89.3s]
   median nu  = 0.57
   median |eta| = 0.439
  rho=0.09253 (19/20)
    fp=0.1951 tp=0.7283  [91.3s]
   median nu  = 0.648
   median |eta| = 0.264
  rho=0.08197 (20/20)
    fp=0.2063 tp=0.7391  [88.3s]
   median nu  = 0.758
   median |eta| = 0.204
  rho=0.07261 (21/21)  [extra 1/50]
    fp=0.2207 tp=0.7609  [88.4s]
   median nu  = 0.847
   median |eta| = 0.149
  rho=0.06432 (22/22)  [extra 2/50]
    fp=0.2340 tp=0.7609  [90.4s]
   median nu  = 0.953
   median |eta| = 0.104
  rho=0.05698 (23/23)  [extra 3/50]
    fp=0.2435 tp=0.7717  [92.3s]
   median nu  = 1.036
   median |eta| = 0.083
  rho=0.05048 (24/24)  [extra 4/50]
    fp=0.2604 tp=0.7826  [90.5s]
   median nu  = 1.182
   median |eta| = 0.057
  rho=0.04472 (25/25)  [extra 5/50]
    fp=0.2744 tp=0.7826  [72.3s]
   median nu  = 1.323
   median |eta| = 0.043
  rho=0.03961 (26/26)  [extra 6/50]
    fp=0.2847 tp=0.7826  [88.2s]
   median nu  = 1.448
   median |eta| = 0.031
  rho=0.03509 (27/27)  [extra 7/50]
    fp=0.3014 tp=0.7935  [43.9s]
   median nu  = 1.594
   median |eta| = 0.025
  FPR 0.3014 >= fp_end=0.3; stopping after 27 fits
  grid extended by 7 points down to rho=0.03509, ending at FPR 0.3014
  pilot fit of run_em_exact at rho=0.30349
  -> rho_max = max|S_ij| (off-diag) = 0.87404
  rho grid: [0.87404261 0.77428532 0.68591365 0.60762812 0.53827758 0.47684223
 0.42241869 0.37420669 0.33149728 0.29366243 0.2601458  0.23045452
 0.20415201 0.18085148 0.16021032 0.14192501 0.12572665 0.11137706
 0.09866524 0.08740426]
Running run_em_exact over 20 rho values, extending until FPR >= 0.3...
  rho=0.87404 (1/20)
    fp=0.0002 tp=0.0326  [26.6s]
   median nu  = 0.044
   median |eta| = 3.911
  rho=0.77429 (2/20)
    fp=0.0006 tp=0.0435  [26.4s]
   median nu  = 0.048
   median |eta| = 3.67
  rho=0.68591 (3/20)
    fp=0.0016 tp=0.0978  [54.1s]
   median nu  = 0.054
   median |eta| = 3.388
  rho=0.60763 (4/20)
    fp=0.0037 tp=0.1087  [55.0s]
   median nu  = 0.061
   median |eta| = 3.185
  rho=0.53828 (5/20)
    fp=0.0074 tp=0.1522  [25.9s]
   median nu  = 0.071
   median |eta| = 2.862
  rho=0.47684 (6/20)
    fp=0.0134 tp=0.2065  [32.8s]
   median nu  = 0.084
   median |eta| = 2.552
  rho=0.42242 (7/20)
    fp=0.0220 tp=0.2500  [45.5s]
   median nu  = 0.102
   median |eta| = 2.076
  rho=0.37421 (8/20)
    fp=0.0327 tp=0.2826  [22.4s]
   median nu  = 0.127
   median |eta| = 1.687
  rho=0.33150 (9/20)
    fp=0.0422 tp=0.3261  [23.0s]
   median nu  = 0.16
   median |eta| = 1.284
  rho=0.29366 (10/20)
    fp=0.0550 tp=0.3478  [26.6s]
   median nu  = 0.207
   median |eta| = 1.084
  rho=0.26015 (11/20)
    fp=0.0696 tp=0.4022  [27.3s]
   median nu  = 0.268
   median |eta| = 0.784
  rho=0.23045 (12/20)
    fp=0.0854 tp=0.4891  [26.9s]
   median nu  = 0.346
   median |eta| = 0.563
  rho=0.20415 (13/20)
    fp=0.1060 tp=0.5326  [28.4s]
   median nu  = 0.43
   median |eta| = 0.377
  rho=0.18085 (14/20)
    fp=0.1202 tp=0.6087  [24.6s]
   median nu  = 0.48
   median |eta| = 0.278
  rho=0.16021 (15/20)
    fp=0.1373 tp=0.6304  [28.8s]
   median nu  = 0.587
   median |eta| = 0.188
  rho=0.14193 (16/20)
    fp=0.1531 tp=0.6848  [48.4s]
   median nu  = 0.702
   median |eta| = 0.126
  rho=0.12573 (17/20)
    fp=0.1686 tp=0.7065  [89.2s]
   median nu  = 0.793
   median |eta| = 0.08
  rho=0.11138 (18/20)
    fp=0.1818 tp=0.7391  [24.6s]
   median nu  = 0.886
   median |eta| = 0.06
  rho=0.09867 (19/20)
    fp=0.1956 tp=0.7500  [26.8s]
   median nu  = 0.959
   median |eta| = 0.049
  rho=0.08740 (20/20)
    fp=0.2116 tp=0.7500  [24.5s]
   median nu  = 1.05
   median |eta| = 0.037
  rho=0.07743 (21/21)  [extra 1/50]
    fp=0.2264 tp=0.7609  [23.3s]
   median nu  = 1.134
   median |eta| = 0.028
  rho=0.06859 (22/22)  [extra 2/50]
    fp=0.2382 tp=0.7826  [29.3s]
   median nu  = 1.217
   median |eta| = 0.023
  rho=0.06076 (23/23)  [extra 3/50]
    fp=0.2507 tp=0.7935  [25.0s]
   median nu  = 1.319
   median |eta| = 0.018
  rho=0.05383 (24/24)  [extra 4/50]
    fp=0.2651 tp=0.8152  [17.6s]
   median nu  = 1.43
   median |eta| = 0.013
  rho=0.04768 (25/25)  [extra 5/50]
    fp=0.2791 tp=0.8261  [11.1s]
   median nu  = 1.551
   median |eta| = 0.01
  rho=0.04224 (26/26)  [extra 6/50]
    fp=0.2927 tp=0.8261  [8.4s]
   median nu  = 1.672
   median |eta| = 0.008
  rho=0.03742 (27/27)  [extra 7/50]
    fp=0.3051 tp=0.8261  [8.9s]
   median nu  = 1.801
   median |eta| = 0.006
  FPR 0.3051 >= fp_end=0.3; stopping after 27 fits
  grid extended by 7 points down to rho=0.03742, ending at FPR 0.3051
  graphical_lasso rho_max = max|S_ij| (off-diag) = 1.19632
  rho grid: [1.19631847 1.0597788  0.93882284 0.83167198 0.73675059 0.65266288
 0.57817237 0.5121837  0.45372653 0.40194127 0.35606642 0.31542742
 0.27942667 0.24753481 0.21928287 0.19425541 0.17208442 0.15244387
 0.13504496 0.11963185]
Running graphical_lasso over 20 rho values, extending until FPR >= 0.3...
  rho=1.19632 (1/20)
    fp=0.0000 tp=0.0000  [0.0s]
  rho=1.05978 (2/20)
    fp=0.0004 tp=0.0109  [0.0s]
  rho=0.93882 (3/20)
    fp=0.0023 tp=0.0543  [39.3s]
  rho=0.83167 (4/20)
    fp=0.0058 tp=0.1087  [37.6s]
  rho=0.73675 (5/20)
    fp=0.0095 tp=0.1413  [27.8s]
  rho=0.65266 (6/20)
    fp=0.0154 tp=0.1739  [35.4s]
  rho=0.57817 (7/20)
    fp=0.0276 tp=0.2609  [44.3s]
  rho=0.51218 (8/20)
    fp=0.0428 tp=0.2826  [33.8s]
  rho=0.45373 (9/20)
    fp=0.0599 tp=0.3261  [33.4s]
  rho=0.40194 (10/20)
    fp=0.0780 tp=0.3587  [28.7s]
  rho=0.35607 (11/20)
    fp=0.0978 tp=0.4457  [1.2s]
  rho=0.31543 (12/20)
    fp=0.1198 tp=0.4783  [1.5s]
  rho=0.27943 (13/20)
    fp=0.1420 tp=0.4891  [0.3s]
  rho=0.24753 (14/20)
    fp=0.1632 tp=0.5435  [0.4s]
  rho=0.21928 (15/20)
    fp=0.1892 tp=0.5761  [3.4s]
  rho=0.19426 (16/20)
    fp=0.2116 tp=0.6087  [1.2s]
  rho=0.17208 (17/20)
    fp=0.2386 tp=0.6413  [1.9s]
  rho=0.15244 (18/20)
    fp=0.2627 tp=0.7174  [2.3s]
  rho=0.13504 (19/20)
    fp=0.2944 tp=0.7283  [0.8s]
  rho=0.11963 (20/20)
    fp=0.3209 tp=0.7283  [0.7s]
  FPR 0.3209 >= fp_end=0.3; stopping after 20 fits
  [note] 8/20 fits hit a glasso ConvergenceWarning (suppressed)
  [warn] mean_roc averages out to FPR 0.300 but the shortest replicate only reached 0.011; its TPR is held flat above that
  [warn] mean_roc averages out to FPR 0.300 but the shortest replicate only reached 0.229; its TPR is held flat above that

(p=100, n=50) over 28 replicates
  t+lasso  (run_em_diagonal):    AUC = 0.192 (SE 0.003)
  ~t+lasso (run_em_exact):       AUC = 0.194 (SE 0.003)
  tlasso   (run_tlasso):         AUC = 0.192 (SE 0.003)
  t*lasso  (run_tstar_varlasso): AUC = 0.190 (SE 0.003)
  glasso   (graphical_lasso):    AUC = 0.148 (SE 0.006)
Replicate 29/50
  Theta: 99/4950 edges
  pilot fit of run_tlasso at rho=30.34854
  -> rho_max = max|S_ij| (off-diag) = 19.42198
  [warn] pilot rho 30.34854 > rho_max 19.42198: it falls off the top of this method's grid
  rho grid: [19.42198489 17.20529141 15.24159628 13.50202398 11.96099465 10.59584794
  9.3865098   8.31519731  7.36615716  6.525434    5.78066527  5.12089939
  4.53643471  4.01867685  3.56001237  3.15369673  2.7937552   2.47489495
  2.19242725  1.94219849]
Running run_tlasso over 20 rho values, extending until FPR >= 0.3...
  rho=19.42198 (1/20)
    fp=0.0000 tp=0.0000  [0.2s]
   nu  = 3.0000
  rho=17.20529 (2/20)
    fp=0.0000 tp=0.0000  [0.2s]
   nu  = 3.0000
  rho=15.24160 (3/20)
    fp=0.0000 tp=0.0000  [0.2s]
   nu  = 3.0000
  rho=13.50202 (4/20)
    fp=0.0000 tp=0.0202  [0.4s]
   nu  = 3.0000
  rho=11.96099 (5/20)
    fp=0.0000 tp=0.0404  [0.4s]
   nu  = 3.0000
  rho=10.59585 (6/20)
    fp=0.0002 tp=0.0707  [0.4s]
   nu  = 3.0000
  rho=9.38651 (7/20)
    fp=0.0002 tp=0.0909  [0.4s]
   nu  = 3.0000
  rho=8.31520 (8/20)
    fp=0.0004 tp=0.1010  [0.4s]
   nu  = 3.0000
  rho=7.36616 (9/20)
    fp=0.0012 tp=0.1313  [0.5s]
   nu  = 3.0000
  rho=6.52543 (10/20)
    fp=0.0027 tp=0.1414  [0.7s]
   nu  = 3.0000
  rho=5.78067 (11/20)
    fp=0.0039 tp=0.2121  [0.7s]
   nu  = 3.0000
  rho=5.12090 (12/20)
    fp=0.0068 tp=0.2525  [0.8s]
   nu  = 3.0000
  rho=4.53643 (13/20)
    fp=0.0107 tp=0.3333  [0.9s]
   nu  = 3.0000
  rho=4.01868 (14/20)
    fp=0.0173 tp=0.4343  [1.0s]
   nu  = 3.0000
  rho=3.56001 (15/20)
    fp=0.0317 tp=0.5152  [0.9s]
   nu  = 3.0000
  rho=3.15370 (16/20)
    fp=0.0598 tp=0.6263  [2.5s]
   nu  = 3.0000
  rho=2.79376 (17/20)
    fp=0.1408 tp=0.8586  [7.8s]
   nu  = 3.0000
  rho=2.47489 (18/20)
    fp=0.2715 tp=0.8889  [10.2s]
   nu  = 3.0000
  rho=2.19243 (19/20)
    fp=0.3020 tp=0.9091  [6.4s]
   nu  = 3.0000
  FPR 0.3020 >= fp_end=0.3; stopping after 19 fits
  grid stopped 1 points early at rho=2.19243, ending at FPR 0.3020
  pilot fit of run_tstar_varlasso at rho=0.30349
  -> rho_max = max|S_ij| (off-diag) = 0.68219
  rho grid: [0.68218725 0.60432703 0.53535325 0.47425166 0.4201238  0.37217372
 0.32969634 0.29206704 0.25873249 0.22920252 0.2030429  0.17986896
 0.15933994 0.14115396 0.12504361 0.11077198 0.09812922 0.08692941
 0.07700788 0.06821873]
Running run_tstar_varlasso over 20 rho values, extending until FPR >= 0.3...
  rho=0.68219 (1/20)
    fp=0.0006 tp=0.1010  [0.3s]
   nu  = 3.0000
  rho=0.60433 (2/20)
    fp=0.0010 tp=0.1212  [0.2s]
   nu  = 3.0000
  rho=0.53535 (3/20)
    fp=0.0031 tp=0.1515  [0.2s]
   nu  = 3.0000
  rho=0.47425 (4/20)
    fp=0.0078 tp=0.2020  [0.3s]
   nu  = 3.0000
  rho=0.42012 (5/20)
    fp=0.0128 tp=0.2727  [0.3s]
   nu  = 3.0000
  rho=0.37217 (6/20)
    fp=0.0198 tp=0.2929  [0.3s]
   nu  = 3.0000
  rho=0.32970 (7/20)
    fp=0.0307 tp=0.3737  [0.3s]
   nu  = 3.0000
  rho=0.29207 (8/20)
    fp=0.0468 tp=0.5051  [0.3s]
   nu  = 3.0000
  rho=0.25873 (9/20)
    fp=0.0612 tp=0.5758  [0.4s]
   nu  = 3.0000
  rho=0.22920 (10/20)
    fp=0.0781 tp=0.6566  [0.4s]
   nu  = 3.0000
  rho=0.20304 (11/20)
    fp=0.0952 tp=0.7071  [0.4s]
   nu  = 3.0000
  rho=0.17987 (12/20)
    fp=0.1161 tp=0.7677  [0.4s]
   nu  = 3.0000
  rho=0.15934 (13/20)
    fp=0.1389 tp=0.7980  [0.4s]
   nu  = 3.0000
  rho=0.14115 (14/20)
    fp=0.1664 tp=0.8283  [0.4s]
   nu  = 3.0000
  rho=0.12504 (15/20)
    fp=0.1839 tp=0.8384  [0.4s]
   nu  = 3.0000
  rho=0.11077 (16/20)
    fp=0.2055 tp=0.8687  [0.4s]
   nu  = 3.0000
  rho=0.09813 (17/20)
    fp=0.2247 tp=0.8687  [0.4s]
   nu  = 3.0000
  rho=0.08693 (18/20)
    fp=0.2455 tp=0.8687  [0.4s]
   nu  = 3.0000
  rho=0.07701 (19/20)
    fp=0.2643 tp=0.8990  [0.4s]
   nu  = 3.0000
  rho=0.06822 (20/20)
    fp=0.2851 tp=0.9091  [0.4s]
   nu  = 3.0000
  rho=0.06043 (21/21)  [extra 1/50]
    fp=0.3043 tp=0.9192  [0.6s]
   nu  = 3.0000
  FPR 0.3043 >= fp_end=0.3; stopping after 21 fits
  grid extended by 1 points down to rho=0.06043, ending at FPR 0.3043
  pilot fit of run_em_diagonal at rho=0.30349
  -> rho_max = max|S_ij| (off-diag) = 0.78398
  rho grid: [0.78398274 0.69450428 0.61523827 0.54501916 0.48281437 0.42770922
 0.37889339 0.33564907 0.29734037 0.26340396 0.23334082 0.20670888
 0.18311653 0.16221686 0.14370252 0.12730129 0.11277199 0.09990096
 0.08849894 0.07839827]
Running run_em_diagonal over 20 rho values, extending until FPR >= 0.3...
  rho=0.78398 (1/20)
    fp=0.0072 tp=0.1717  [19.5s]
   median nu  = 0.193
   median |eta| = 2.113
  rho=0.69450 (2/20)
    fp=0.0122 tp=0.2121  [32.0s]
   median nu  = 0.229
   median |eta| = 1.889
  rho=0.61524 (3/20)
    fp=0.0171 tp=0.2424  [25.8s]
   median nu  = 0.271
   median |eta| = 1.653
  rho=0.54502 (4/20)
    fp=0.0258 tp=0.2929  [21.5s]
   median nu  = 0.315
   median |eta| = 1.438
  rho=0.48281 (5/20)
    fp=0.0348 tp=0.3535  [24.2s]
   median nu  = 0.356
   median |eta| = 1.211
  rho=0.42771 (6/20)
    fp=0.0466 tp=0.3939  [24.0s]
   median nu  = 0.419
   median |eta| = 1.005
  rho=0.37889 (7/20)
    fp=0.0583 tp=0.4747  [21.4s]
   median nu  = 0.479
   median |eta| = 0.769
  rho=0.33565 (8/20)
    fp=0.0705 tp=0.5455  [28.1s]
   median nu  = 0.549
   median |eta| = 0.625
  rho=0.29734 (9/20)
    fp=0.0804 tp=0.6364  [27.2s]
   median nu  = 0.588
   median |eta| = 0.504
  rho=0.26340 (10/20)
    fp=0.0965 tp=0.6970  [26.9s]
   median nu  = 0.633
   median |eta| = 0.373
  rho=0.23334 (11/20)
    fp=0.1097 tp=0.7273  [29.9s]
   median nu  = 0.668
   median |eta| = 0.286
  rho=0.20671 (12/20)
    fp=0.1241 tp=0.7576  [42.5s]
   median nu  = 0.711
   median |eta| = 0.238
  rho=0.18312 (13/20)
    fp=0.1404 tp=0.7879  [87.1s]
   median nu  = 0.807
   median |eta| = 0.204
  rho=0.16222 (14/20)
    fp=0.1569 tp=0.8081  [86.0s]
   median nu  = 0.923
   median |eta| = 0.163
  rho=0.14370 (15/20)
    fp=0.1697 tp=0.8182  [86.7s]
   median nu  = 1.005
   median |eta| = 0.126
  rho=0.12730 (16/20)
    fp=0.1837 tp=0.8283  [87.0s]
   median nu  = 1.077
   median |eta| = 0.1
  rho=0.11277 (17/20)
    fp=0.1977 tp=0.8384  [85.7s]
   median nu  = 1.166
   median |eta| = 0.074
  rho=0.09990 (18/20)
    fp=0.2109 tp=0.8485  [85.9s]
   median nu  = 1.269
   median |eta| = 0.051
  rho=0.08850 (19/20)
    fp=0.2226 tp=0.8586  [86.2s]
   median nu  = 1.386
   median |eta| = 0.038
  rho=0.07840 (20/20)
    fp=0.2346 tp=0.8788  [84.5s]
   median nu  = 1.506
   median |eta| = 0.027
  rho=0.06945 (21/21)  [extra 1/50]
    fp=0.2461 tp=0.8788  [79.4s]
   median nu  = 1.62
   median |eta| = 0.021
  rho=0.06152 (22/22)  [extra 2/50]
    fp=0.2564 tp=0.8788  [80.8s]
   median nu  = 1.735
   median |eta| = 0.018
  rho=0.05450 (23/23)  [extra 3/50]
    fp=0.2703 tp=0.8788  [76.4s]
   median nu  = 1.875
   median |eta| = 0.014
  rho=0.04828 (24/24)  [extra 4/50]
    fp=0.2787 tp=0.8889  [80.7s]
   median nu  = 1.985
   median |eta| = 0.011
  rho=0.04277 (25/25)  [extra 5/50]
    fp=0.2909 tp=0.8990  [82.5s]
   median nu  = 2.12
   median |eta| = 0.009
  rho=0.03789 (26/26)  [extra 6/50]
    fp=0.2983 tp=0.8889  [82.2s]
   median nu  = 2.245
   median |eta| = 0.007
  rho=0.03356 (27/27)  [extra 7/50]
    fp=0.3086 tp=0.8990  [60.5s]
   median nu  = 2.383
   median |eta| = 0.006
  FPR 0.3086 >= fp_end=0.3; stopping after 27 fits
  grid extended by 7 points down to rho=0.03356, ending at FPR 0.3086
  pilot fit of run_em_exact at rho=0.30349
  -> rho_max = max|S_ij| (off-diag) = 0.85349
  rho grid: [0.85349015 0.75607858 0.6697849  0.5933402  0.52562038 0.46562964
 0.41248583 0.3654075  0.32370237 0.28675718 0.25402866 0.22503556
 0.19935153 0.1765989  0.1564431  0.13858774 0.12277028 0.10875811
 0.0963452  0.08534901]
Running run_em_exact over 20 rho values, extending until FPR >= 0.3...
  rho=0.85349 (1/20)
    fp=0.0037 tp=0.1212  [24.3s]
   median nu  = 0.169
   median |eta| = 2.214
  rho=0.75608 (2/20)
    fp=0.0085 tp=0.1818  [23.3s]
   median nu  = 0.203
   median |eta| = 1.879
  rho=0.66978 (3/20)
    fp=0.0134 tp=0.2222  [22.6s]
   median nu  = 0.242
   median |eta| = 1.495
  rho=0.59334 (4/20)
    fp=0.0194 tp=0.2525  [64.4s]
   median nu  = 0.306
   median |eta| = 1.255
  rho=0.52562 (5/20)
    fp=0.0293 tp=0.3131  [43.6s]
   median nu  = 0.372
   median |eta| = 0.911
  rho=0.46563 (6/20)
    fp=0.0398 tp=0.3535  [23.6s]
   median nu  = 0.44
   median |eta| = 0.66
  rho=0.41249 (7/20)
    fp=0.0519 tp=0.4343  [21.3s]
   median nu  = 0.525
   median |eta| = 0.485
  rho=0.36541 (8/20)
    fp=0.0653 tp=0.5152  [53.6s]
   median nu  = 0.598
   median |eta| = 0.33
  rho=0.32370 (9/20)
    fp=0.0765 tp=0.5758  [26.1s]
   median nu  = 0.676
   median |eta| = 0.245
  rho=0.28676 (10/20)
    fp=0.0876 tp=0.6566  [20.9s]
   median nu  = 0.744
   median |eta| = 0.17
  rho=0.25403 (11/20)
    fp=0.1010 tp=0.7071  [24.1s]
   median nu  = 0.823
   median |eta| = 0.126
  rho=0.22504 (12/20)
    fp=0.1159 tp=0.7172  [22.6s]
   median nu  = 0.92
   median |eta| = 0.086
  rho=0.19935 (13/20)
    fp=0.1282 tp=0.7576  [26.4s]
   median nu  = 1.007
   median |eta| = 0.06
  rho=0.17660 (14/20)
    fp=0.1435 tp=0.8081  [25.5s]
   median nu  = 1.084
   median |eta| = 0.045
  rho=0.15644 (15/20)
    fp=0.1577 tp=0.8182  [22.9s]
   median nu  = 1.159
   median |eta| = 0.033
  rho=0.13859 (16/20)
    fp=0.1736 tp=0.8182  [20.6s]
   median nu  = 1.241
   median |eta| = 0.027
  rho=0.12277 (17/20)
    fp=0.1835 tp=0.8384  [24.9s]
   median nu  = 1.331
   median |eta| = 0.023
  rho=0.10876 (18/20)
    fp=0.1981 tp=0.8485  [50.9s]
   median nu  = 1.435
   median |eta| = 0.017
  rho=0.09635 (19/20)
    fp=0.2123 tp=0.8586  [53.5s]
   median nu  = 1.537
   median |eta| = 0.013
  rho=0.08535 (20/20)
    fp=0.2255 tp=0.8586  [37.4s]
   median nu  = 1.637
   median |eta| = 0.011
  rho=0.07561 (21/21)  [extra 1/50]
    fp=0.2377 tp=0.8586  [16.2s]
   median nu  = 1.753
   median |eta| = 0.009
  rho=0.06698 (22/22)  [extra 2/50]
    fp=0.2511 tp=0.8889  [11.7s]
   median nu  = 1.879
   median |eta| = 0.008
  rho=0.05933 (23/23)  [extra 3/50]
    fp=0.2606 tp=0.9091  [10.1s]
   median nu  = 2.009
   median |eta| = 0.006
  rho=0.05256 (24/24)  [extra 4/50]
    fp=0.2698 tp=0.9091  [8.3s]
   median nu  = 2.117
   median |eta| = 0.005
  rho=0.04656 (25/25)  [extra 5/50]
    fp=0.2822 tp=0.9091  [5.6s]
   median nu  = 2.225
   median |eta| = 0.004
  rho=0.04125 (26/26)  [extra 6/50]
    fp=0.2946 tp=0.9091  [5.8s]
   median nu  = 2.343
   median |eta| = 0.004
  rho=0.03654 (27/27)  [extra 7/50]
    fp=0.3055 tp=0.9091  [5.9s]
   median nu  = 2.463
   median |eta| = 0.003
  FPR 0.3055 >= fp_end=0.3; stopping after 27 fits
  grid extended by 7 points down to rho=0.03654, ending at FPR 0.3055
  graphical_lasso rho_max = max|S_ij| (off-diag) = 2.59602
  rho grid: [2.59602075 2.29972857 2.03725317 1.80473493 1.59875474 1.41628373
 1.25463872 1.11144278 0.98459024 0.8722158  0.77266701 0.68448005
 0.60635814 0.53715254 0.4758456  0.42153581 0.37342458 0.33080443
 0.29304866 0.25960208]
Running graphical_lasso over 20 rho values, extending until FPR >= 0.3...
  rho=2.59602 (1/20)
    fp=0.0000 tp=0.0000  [0.0s]
  rho=2.29973 (2/20)
    fp=0.0002 tp=0.0000  [0.1s]
  rho=2.03725 (3/20)
    fp=0.0008 tp=0.0000  [37.4s]
  rho=1.80473 (4/20)
    fp=0.0029 tp=0.0303  [38.6s]
  rho=1.59875 (5/20)
    fp=0.0060 tp=0.0707  [30.0s]
  rho=1.41628 (6/20)
    fp=0.0089 tp=0.1111  [34.7s]
  rho=1.25464 (7/20)
    fp=0.0159 tp=0.1414  [34.9s]
  rho=1.11144 (8/20)
    fp=0.0247 tp=0.1717  [28.0s]
  rho=0.98459 (9/20)
    fp=0.0396 tp=0.2424  [36.6s]
  rho=0.87222 (10/20)
    fp=0.0550 tp=0.2727  [37.9s]
  rho=0.77267 (11/20)
    fp=0.0715 tp=0.3636  [0.1s]
  rho=0.68448 (12/20)
    fp=0.0884 tp=0.4141  [0.8s]
  rho=0.60636 (13/20)
    fp=0.1043 tp=0.4545  [0.1s]
  rho=0.53715 (14/20)
    fp=0.1227 tp=0.5152  [1.4s]
  rho=0.47585 (15/20)
    fp=0.1420 tp=0.5758  [1.0s]
  rho=0.42154 (16/20)
    fp=0.1593 tp=0.6768  [1.0s]
  rho=0.37342 (17/20)
    fp=0.1804 tp=0.7475  [1.9s]
  rho=0.33080 (18/20)
    fp=0.2006 tp=0.7677  [1.2s]
  rho=0.29305 (19/20)
    fp=0.2195 tp=0.7980  [1.2s]
  rho=0.25960 (20/20)
    fp=0.2364 tp=0.8182  [2.4s]
  rho=0.22997 (21/21)  [extra 1/50]
    fp=0.2538 tp=0.8485  [3.9s]
  rho=0.20373 (22/22)  [extra 2/50]
    fp=0.2709 tp=0.8687  [8.1s]
  rho=0.18047 (23/23)  [extra 3/50]
    fp=0.2905 tp=0.8788  [0.9s]
  rho=0.15988 (24/24)  [extra 4/50]
    fp=0.3119 tp=0.8788  [5.2s]
  FPR 0.3119 >= fp_end=0.3; stopping after 24 fits
  [note] 8/24 fits hit a glasso ConvergenceWarning (suppressed)
  grid extended by 4 points down to rho=0.15988, ending at FPR 0.3119
  [warn] mean_roc averages out to FPR 0.300 but the shortest replicate only reached 0.011; its TPR is held flat above that
  [warn] mean_roc averages out to FPR 0.300 but the shortest replicate only reached 0.229; its TPR is held flat above that

(p=100, n=50) over 29 replicates
  t+lasso  (run_em_diagonal):    AUC = 0.193 (SE 0.003)
  ~t+lasso (run_em_exact):       AUC = 0.194 (SE 0.003)
  tlasso   (run_tlasso):         AUC = 0.193 (SE 0.003)
  t*lasso  (run_tstar_varlasso): AUC = 0.191 (SE 0.003)
  glasso   (graphical_lasso):    AUC = 0.148 (SE 0.006)
Replicate 30/50
  Theta: 101/4950 edges
  pilot fit of run_tlasso at rho=30.34854
  -> rho_max = max|S_ij| (off-diag) = 18.20036
  [warn] pilot rho 30.34854 > rho_max 18.20036: it falls off the top of this method's grid
  rho grid: [18.20035967 16.1230942  14.28291371 12.65275893 11.20865894  9.92937872
  8.79610686  7.79217895  6.90283256  6.11499012  5.41706667  4.79879947
  4.25109708  3.76590573  3.33609082  2.95533207  2.61803053  2.31922631
  2.05452556  1.82003597]
Running run_tlasso over 20 rho values, extending until FPR >= 0.3...
  rho=18.20036 (1/20)
    fp=0.0000 tp=0.0000  [0.3s]
   nu  = 3.0000
  rho=16.12309 (2/20)
    fp=0.0000 tp=0.0000  [0.2s]
   nu  = 3.0000
  rho=14.28291 (3/20)
    fp=0.0000 tp=0.0000  [0.2s]
   nu  = 3.0000
  rho=12.65276 (4/20)
    fp=0.0000 tp=0.0099  [0.4s]
   nu  = 3.0000
  rho=11.20866 (5/20)
    fp=0.0000 tp=0.0099  [0.4s]
   nu  = 3.0000
  rho=9.92938 (6/20)
    fp=0.0000 tp=0.0198  [0.6s]
   nu  = 3.0000
  rho=8.79611 (7/20)
    fp=0.0002 tp=0.0198  [0.5s]
   nu  = 3.0000
  rho=7.79218 (8/20)
    fp=0.0006 tp=0.0198  [0.5s]
   nu  = 3.0000
  rho=6.90283 (9/20)
    fp=0.0012 tp=0.0198  [0.6s]
   nu  = 3.0000
  rho=6.11499 (10/20)
    fp=0.0023 tp=0.0495  [0.4s]
   nu  = 3.0000
  rho=5.41707 (11/20)
    fp=0.0035 tp=0.0594  [0.5s]
   nu  = 3.0000
  rho=4.79880 (12/20)
    fp=0.0058 tp=0.0792  [0.6s]
   nu  = 3.0000
  rho=4.25110 (13/20)
    fp=0.0085 tp=0.0990  [0.7s]
   nu  = 3.0000
  rho=3.76591 (14/20)
    fp=0.0148 tp=0.2178  [0.7s]
   nu  = 3.0000
  rho=3.33609 (15/20)
    fp=0.0239 tp=0.2772  [0.9s]
   nu  = 3.0000
  rho=2.95533 (16/20)
    fp=0.0379 tp=0.3366  [1.0s]
   nu  = 3.0000
  rho=2.61803 (17/20)
    fp=0.0610 tp=0.4752  [1.5s]
   nu  = 3.0000
  rho=2.31923 (18/20)
    fp=0.1081 tp=0.5842  [1.9s]
   nu  = 3.0000
  rho=2.05453 (19/20)
    fp=0.2046 tp=0.7426  [4.7s]
   nu  = 3.0000
  rho=1.82004 (20/20)
    fp=0.2819 tp=0.8317  [7.1s]
   nu  = 3.0000
  rho=1.61231 (21/21)  [extra 1/50]
    fp=0.3209 tp=0.8416  [7.0s]
   nu  = 3.0000
  FPR 0.3209 >= fp_end=0.3; stopping after 21 fits
  grid extended by 1 points down to rho=1.61231, ending at FPR 0.3209
  pilot fit of run_tstar_varlasso at rho=0.30349
  -> rho_max = max|S_ij| (off-diag) = 0.61255
  rho grid: [0.6125539  0.54264116 0.48070778 0.42584306 0.37724023 0.33418459
 0.29604303 0.26225469 0.23232272 0.20580698 0.18231757 0.16150908
 0.14307553 0.12674586 0.11227995 0.09946508 0.08811281 0.07805621
 0.06914741 0.06125539]
Running run_tstar_varlasso over 20 rho values, extending until FPR >= 0.3...
  rho=0.61255 (1/20)
    fp=0.0000 tp=0.0198  [0.5s]
   nu  = 3.0000
  rho=0.54264 (2/20)
    fp=0.0006 tp=0.0198  [0.4s]
   nu  = 3.0000
  rho=0.48071 (3/20)
    fp=0.0010 tp=0.0396  [0.3s]
   nu  = 3.0000
  rho=0.42584 (4/20)
    fp=0.0029 tp=0.0594  [0.4s]
   nu  = 3.0000
  rho=0.37724 (5/20)
    fp=0.0060 tp=0.0594  [0.4s]
   nu  = 3.0000
  rho=0.33418 (6/20)
    fp=0.0111 tp=0.1188  [0.4s]
   nu  = 3.0000
  rho=0.29604 (7/20)
    fp=0.0186 tp=0.1584  [0.4s]
   nu  = 3.0000
  rho=0.26225 (8/20)
    fp=0.0278 tp=0.2574  [0.4s]
   nu  = 3.0000
  rho=0.23232 (9/20)
    fp=0.0402 tp=0.3267  [0.4s]
   nu  = 3.0000
  rho=0.20581 (10/20)
    fp=0.0563 tp=0.4059  [0.3s]
   nu  = 3.0000
  rho=0.18232 (11/20)
    fp=0.0755 tp=0.4554  [0.4s]
   nu  = 3.0000
  rho=0.16151 (12/20)
    fp=0.0959 tp=0.5446  [0.3s]
   nu  = 3.0000
  rho=0.14308 (13/20)
    fp=0.1169 tp=0.6040  [0.4s]
   nu  = 3.0000
  rho=0.12675 (14/20)
    fp=0.1409 tp=0.6436  [0.4s]
   nu  = 3.0000
  rho=0.11228 (15/20)
    fp=0.1644 tp=0.7030  [0.4s]
   nu  = 3.0000
  rho=0.09947 (16/20)
    fp=0.1842 tp=0.7426  [0.4s]
   nu  = 3.0000
  rho=0.08811 (17/20)
    fp=0.2050 tp=0.7426  [0.4s]
   nu  = 3.0000
  rho=0.07806 (18/20)
    fp=0.2254 tp=0.7822  [0.5s]
   nu  = 3.0000
  rho=0.06915 (19/20)
    fp=0.2499 tp=0.8119  [0.5s]
   nu  = 3.0000
  rho=0.06126 (20/20)
    fp=0.2718 tp=0.8317  [0.6s]
   nu  = 3.0000
  rho=0.05426 (21/21)  [extra 1/50]
    fp=0.2941 tp=0.8614  [0.6s]
   nu  = 3.0000
  rho=0.04807 (22/22)  [extra 2/50]
    fp=0.3124 tp=0.8614  [1.0s]
   nu  = 3.0000
  FPR 0.3124 >= fp_end=0.3; stopping after 22 fits
  grid extended by 2 points down to rho=0.04807, ending at FPR 0.3124
  pilot fit of run_em_diagonal at rho=0.30349
  -> rho_max = max|S_ij| (off-diag) = 0.68758
  rho grid: [0.68758281 0.60910678 0.53958747 0.47800262 0.42344664 0.37511732
 0.33230398 0.29437706 0.26077886 0.23101533 0.20464881 0.18129158
 0.16060019 0.14227038 0.1260326  0.1116481  0.09890534 0.08761696
 0.07761695 0.06875828]
Running run_em_diagonal over 20 rho values, extending until FPR >= 0.3...
  rho=0.68758 (1/20)
    fp=0.0041 tp=0.0396  [20.0s]
   median nu  = 0.076
   median |eta| = 3.303
  rho=0.60911 (2/20)
    fp=0.0066 tp=0.0495  [33.8s]
   median nu  = 0.091
   median |eta| = 2.977
  rho=0.53959 (3/20)
    fp=0.0105 tp=0.0891  [25.3s]
   median nu  = 0.111
   median |eta| = 2.906
  rho=0.47800 (4/20)
    fp=0.0177 tp=0.1386  [21.2s]
   median nu  = 0.136
   median |eta| = 2.739
  rho=0.42345 (5/20)
    fp=0.0247 tp=0.1980  [24.6s]
   median nu  = 0.163
   median |eta| = 2.458
  rho=0.37512 (6/20)
    fp=0.0332 tp=0.2772  [23.0s]
   median nu  = 0.196
   median |eta| = 2.139
  rho=0.33230 (7/20)
    fp=0.0468 tp=0.3861  [20.4s]
   median nu  = 0.223
   median |eta| = 1.682
  rho=0.29438 (8/20)
    fp=0.0606 tp=0.4356  [23.6s]
   median nu  = 0.27
   median |eta| = 1.36
  rho=0.26078 (9/20)
    fp=0.0784 tp=0.4653  [26.2s]
   median nu  = 0.319
   median |eta| = 1.134
  rho=0.23102 (10/20)
    fp=0.0949 tp=0.5644  [24.5s]
   median nu  = 0.373
   median |eta| = 0.878
  rho=0.20465 (11/20)
    fp=0.1099 tp=0.5941  [30.1s]
   median nu  = 0.441
   median |eta| = 0.742
  rho=0.18129 (12/20)
    fp=0.1268 tp=0.6832  [28.9s]
   median nu  = 0.509
   median |eta| = 0.582
  rho=0.16060 (13/20)
    fp=0.1427 tp=0.7228  [76.8s]
   median nu  = 0.573
   median |eta| = 0.452
  rho=0.14227 (14/20)
    fp=0.1588 tp=0.7426  [76.2s]
   median nu  = 0.625
   median |eta| = 0.306
  rho=0.12603 (15/20)
    fp=0.1734 tp=0.7723  [89.0s]
   median nu  = 0.685
   median |eta| = 0.241
  rho=0.11165 (16/20)
    fp=0.1870 tp=0.7822  [89.7s]
   median nu  = 0.757
   median |eta| = 0.197
  rho=0.09891 (17/20)
    fp=0.2005 tp=0.7822  [88.1s]
   median nu  = 0.842
   median |eta| = 0.15
  rho=0.08762 (18/20)
    fp=0.2122 tp=0.8020  [84.4s]
   median nu  = 0.93
   median |eta| = 0.112
  rho=0.07762 (19/20)
    fp=0.2209 tp=0.8119  [86.3s]
   median nu  = 1.044
   median |eta| = 0.083
  rho=0.06876 (20/20)
    fp=0.2351 tp=0.8218  [83.7s]
   median nu  = 1.139
   median |eta| = 0.064
  rho=0.06091 (21/21)  [extra 1/50]
    fp=0.2489 tp=0.8317  [79.1s]
   median nu  = 1.249
   median |eta| = 0.049
  rho=0.05396 (22/22)  [extra 2/50]
    fp=0.2619 tp=0.8317  [83.5s]
   median nu  = 1.336
   median |eta| = 0.038
  rho=0.04780 (23/23)  [extra 3/50]
    fp=0.2735 tp=0.8416  [91.4s]
   median nu  = 1.451
   median |eta| = 0.031
  rho=0.04234 (24/24)  [extra 4/50]
    fp=0.2790 tp=0.8416  [88.6s]
   median nu  = 1.535
   median |eta| = 0.024
  rho=0.03751 (25/25)  [extra 5/50]
    fp=0.2924 tp=0.8614  [88.9s]
   median nu  = 1.677
   median |eta| = 0.018
  rho=0.03323 (26/26)  [extra 6/50]
    fp=0.3085 tp=0.8614  [70.6s]
   median nu  = 1.843
   median |eta| = 0.014
  FPR 0.3085 >= fp_end=0.3; stopping after 26 fits
  grid extended by 6 points down to rho=0.03323, ending at FPR 0.3085
  pilot fit of run_em_exact at rho=0.30349
  -> rho_max = max|S_ij| (off-diag) = 0.69929
  rho grid: [0.69928632 0.61947453 0.54877191 0.48613881 0.43065423 0.38150228
 0.3379602  0.29938772 0.26521764 0.2349475  0.20813218 0.18437739
 0.16333381 0.144692   0.12817783 0.11354849 0.10058883 0.08910831
 0.07893809 0.06992863]
Running run_em_exact over 20 rho values, extending until FPR >= 0.3...
  rho=0.69929 (1/20)
    fp=0.0041 tp=0.0396  [32.7s]
   median nu  = 0.074
   median |eta| = 3.172
  rho=0.61947 (2/20)
    fp=0.0062 tp=0.0495  [29.6s]
   median nu  = 0.088
   median |eta| = 2.745
  rho=0.54877 (3/20)
    fp=0.0099 tp=0.0891  [26.8s]
   median nu  = 0.109
   median |eta| = 2.506
  rho=0.48614 (4/20)
    fp=0.0167 tp=0.1287  [30.8s]
   median nu  = 0.135
   median |eta| = 2.096
  rho=0.43065 (5/20)
    fp=0.0233 tp=0.1980  [78.7s]
   median nu  = 0.166
   median |eta| = 1.564
  rho=0.38150 (6/20)
    fp=0.0328 tp=0.2772  [24.9s]
   median nu  = 0.207
   median |eta| = 1.489
  rho=0.33796 (7/20)
    fp=0.0470 tp=0.3861  [23.9s]
   median nu  = 0.268
   median |eta| = 0.986
  rho=0.29939 (8/20)
    fp=0.0617 tp=0.4356  [36.4s]
   median nu  = 0.327
   median |eta| = 0.771
  rho=0.26522 (9/20)
    fp=0.0790 tp=0.4554  [39.5s]
   median nu  = 0.394
   median |eta| = 0.569
  rho=0.23495 (10/20)
    fp=0.0980 tp=0.5644  [24.8s]
   median nu  = 0.457
   median |eta| = 0.38
  rho=0.20813 (11/20)
    fp=0.1140 tp=0.6139  [24.4s]
   median nu  = 0.528
   median |eta| = 0.281
  rho=0.18438 (12/20)
    fp=0.1307 tp=0.6931  [23.6s]
   median nu  = 0.611
   median |eta| = 0.2
  rho=0.16333 (13/20)
    fp=0.1442 tp=0.7129  [20.1s]
   median nu  = 0.697
   median |eta| = 0.138
  rho=0.14469 (14/20)
    fp=0.1561 tp=0.7426  [23.5s]
   median nu  = 0.784
   median |eta| = 0.1
  rho=0.12818 (15/20)
    fp=0.1724 tp=0.7525  [26.5s]
   median nu  = 0.885
   median |eta| = 0.078
  rho=0.11355 (16/20)
    fp=0.1868 tp=0.7624  [24.9s]
   median nu  = 0.98
   median |eta| = 0.059
  rho=0.10059 (17/20)
    fp=0.1980 tp=0.7723  [14.2s]
   median nu  = 1.065
   median |eta| = 0.044
  rho=0.08911 (18/20)
    fp=0.2089 tp=0.8020  [7.8s]
   median nu  = 1.148
   median |eta| = 0.033
  rho=0.07894 (19/20)
    fp=0.2207 tp=0.8020  [8.0s]
   median nu  = 1.236
   median |eta| = 0.027
  rho=0.06993 (20/20)
    fp=0.2380 tp=0.8317  [10.3s]
   median nu  = 1.323
   median |eta| = 0.021
  rho=0.06195 (21/21)  [extra 1/50]
    fp=0.2512 tp=0.8416  [7.7s]
   median nu  = 1.434
   median |eta| = 0.017
  rho=0.05488 (22/22)  [extra 2/50]
    fp=0.2660 tp=0.8317  [21.1s]
   median nu  = 1.544
   median |eta| = 0.013
  rho=0.04861 (23/23)  [extra 3/50]
    fp=0.2788 tp=0.8416  [29.1s]
   median nu  = 1.652
   median |eta| = 0.01
  rho=0.04307 (24/24)  [extra 4/50]
    fp=0.2877 tp=0.8416  [24.8s]
   median nu  = 1.765
   median |eta| = 0.008
  rho=0.03815 (25/25)  [extra 5/50]
    fp=0.3023 tp=0.8416  [26.0s]
   median nu  = 1.872
   median |eta| = 0.006
  FPR 0.3023 >= fp_end=0.3; stopping after 25 fits
  grid extended by 5 points down to rho=0.03815, ending at FPR 0.3023
  graphical_lasso rho_max = max|S_ij| (off-diag) = 1.56832
  rho grid: [1.56831874 1.38932149 1.23075377 1.09028389 0.96584629 0.85561116
 0.75795751 0.67144939 0.59481471 0.5269266  0.46678678 0.4135109
 0.36631558 0.3245068  0.2874698  0.25465995 0.22559479 0.19984693
 0.17703776 0.15683187]
Running graphical_lasso over 20 rho values, extending until FPR >= 0.3...
  rho=1.56832 (1/20)
    fp=0.0000 tp=0.0000  [0.1s]
  rho=1.38932 (2/20)
    fp=0.0006 tp=0.0000  [0.1s]
  rho=1.23075 (3/20)
    fp=0.0014 tp=0.0198  [49.7s]
  rho=1.09028 (4/20)
    fp=0.0041 tp=0.0198  [34.7s]
  rho=0.96585 (5/20)
    fp=0.0064 tp=0.0297  [24.9s]
  rho=0.85561 (6/20)
    fp=0.0111 tp=0.0297  [29.5s]
  rho=0.75796 (7/20)
    fp=0.0196 tp=0.0891  [37.3s]
  rho=0.67145 (8/20)
    fp=0.0280 tp=0.0891  [0.1s]
  rho=0.59481 (9/20)
    fp=0.0390 tp=0.1386  [0.1s]
  rho=0.52693 (10/20)
    fp=0.0567 tp=0.2277  [0.1s]
  rho=0.46679 (11/20)
    fp=0.0749 tp=0.3168  [1.3s]
  rho=0.41351 (12/20)
    fp=0.0986 tp=0.4158  [3.1s]
  rho=0.36632 (13/20)
    fp=0.1202 tp=0.4752  [1.8s]
  rho=0.32451 (14/20)
    fp=0.1439 tp=0.5248  [2.1s]
  rho=0.28747 (15/20)
    fp=0.1629 tp=0.5842  [0.2s]
  rho=0.25466 (16/20)
    fp=0.1883 tp=0.6040  [0.1s]
  rho=0.22559 (17/20)
    fp=0.2145 tp=0.6634  [1.2s]
  rho=0.19985 (18/20)
    fp=0.2394 tp=0.7129  [0.4s]
  rho=0.17704 (19/20)
    fp=0.2590 tp=0.7525  [1.8s]
  rho=0.15683 (20/20)
    fp=0.2834 tp=0.8119  [2.1s]
  rho=0.13893 (21/21)  [extra 1/50]
    fp=0.3029 tp=0.8218  [0.2s]
  FPR 0.3029 >= fp_end=0.3; stopping after 21 fits
  [note] 5/21 fits hit a glasso ConvergenceWarning (suppressed)
  grid extended by 1 points down to rho=0.13893, ending at FPR 0.3029
  [warn] mean_roc averages out to FPR 0.300 but the shortest replicate only reached 0.011; its TPR is held flat above that
  [warn] mean_roc averages out to FPR 0.300 but the shortest replicate only reached 0.229; its TPR is held flat above that

(p=100, n=50) over 30 replicates
  t+lasso  (run_em_diagonal):    AUC = 0.193 (SE 0.003)
  ~t+lasso (run_em_exact):       AUC = 0.194 (SE 0.003)
  tlasso   (run_tlasso):         AUC = 0.193 (SE 0.003)
  t*lasso  (run_tstar_varlasso): AUC = 0.191 (SE 0.003)
  glasso   (graphical_lasso):    AUC = 0.148 (SE 0.006)
Replicate 31/50
  Theta: 100/4950 edges
  pilot fit of run_tlasso at rho=30.34854
  -> rho_max = max|S_ij| (off-diag) = 18.14143
  [warn] pilot rho 30.34854 > rho_max 18.14143: it falls off the top of this method's grid
  rho grid: [18.14143248 16.07089256 14.23667001 12.61179317 11.17236874  9.89723044
  8.76762776  7.76695026  6.8804833   6.09519166  5.39952787  4.78326242
  4.23733333  3.75371288  3.32528958  2.94576361  2.60955415  2.31171736
  2.04787364  1.81414325]
Running run_tlasso over 20 rho values, extending until FPR >= 0.3...
  rho=18.14143 (1/20)
    fp=0.0000 tp=0.0000  [0.4s]
   nu  = 3.0000
  rho=16.07089 (2/20)
    fp=0.0000 tp=0.0000  [0.4s]
   nu  = 3.0000
  rho=14.23667 (3/20)
    fp=0.0000 tp=0.0000  [0.3s]
   nu  = 3.0000
  rho=12.61179 (4/20)
    fp=0.0000 tp=0.0100  [0.4s]
   nu  = 3.0000
  rho=11.17237 (5/20)
    fp=0.0002 tp=0.0200  [0.5s]
   nu  = 3.0000
  rho=9.89723 (6/20)
    fp=0.0006 tp=0.0200  [0.6s]
   nu  = 3.0000
  rho=8.76763 (7/20)
    fp=0.0008 tp=0.0400  [0.3s]
   nu  = 3.0000
  rho=7.76695 (8/20)
    fp=0.0025 tp=0.0800  [0.4s]
   nu  = 3.0000
  rho=6.88048 (9/20)
    fp=0.0029 tp=0.0800  [0.4s]
   nu  = 3.0000
  rho=6.09519 (10/20)
    fp=0.0049 tp=0.0900  [0.6s]
   nu  = 3.0000
  rho=5.39953 (11/20)
    fp=0.0085 tp=0.1500  [0.7s]
   nu  = 3.0000
  rho=4.78326 (12/20)
    fp=0.0126 tp=0.1900  [0.8s]
   nu  = 3.0000
  rho=4.23733 (13/20)
    fp=0.0198 tp=0.2800  [0.9s]
   nu  = 3.0000
  rho=3.75371 (14/20)
    fp=0.0295 tp=0.3300  [0.9s]
   nu  = 3.0000
  rho=3.32529 (15/20)
    fp=0.0478 tp=0.4200  [0.9s]
   nu  = 3.0000
  rho=2.94576 (16/20)
    fp=0.0734 tp=0.5100  [1.6s]
   nu  = 3.0000
  rho=2.60955 (17/20)
    fp=0.1334 tp=0.6300  [5.6s]
   nu  = 3.0000
  rho=2.31172 (18/20)
    fp=0.2784 tp=0.7500  [117.2s]
   nu  = 3.0000
  rho=2.04787 (19/20)
    fp=0.3052 tp=0.7800  [78.2s]
   nu  = 3.0000
  FPR 0.3052 >= fp_end=0.3; stopping after 19 fits
  grid stopped 1 points early at rho=2.04787, ending at FPR 0.3052
  pilot fit of run_tstar_varlasso at rho=0.30349
  -> rho_max = max|S_ij| (off-diag) = 0.65101
  rho grid: [0.65100615 0.57670473 0.51088357 0.45257479 0.40092097 0.35516258
 0.31462673 0.27871737 0.24690646 0.21872624 0.19376231 0.1716476
 0.1520569  0.13470216 0.11932817 0.10570886 0.09364397 0.08295609
 0.07348804 0.06510062]
Running run_tstar_varlasso over 20 rho values, extending until FPR >= 0.3...
  rho=0.65101 (1/20)
    fp=0.0014 tp=0.0400  [0.4s]
   nu  = 3.0000
  rho=0.57670 (2/20)
    fp=0.0027 tp=0.0400  [0.4s]
   nu  = 3.0000
  rho=0.51088 (3/20)
    fp=0.0039 tp=0.0700  [0.4s]
   nu  = 3.0000
  rho=0.45257 (4/20)
    fp=0.0087 tp=0.1100  [0.4s]
   nu  = 3.0000
  rho=0.40092 (5/20)
    fp=0.0165 tp=0.2000  [0.4s]
   nu  = 3.0000
  rho=0.35516 (6/20)
    fp=0.0254 tp=0.2400  [0.3s]
   nu  = 3.0000
  rho=0.31463 (7/20)
    fp=0.0386 tp=0.3100  [0.4s]
   nu  = 3.0000
  rho=0.27872 (8/20)
    fp=0.0534 tp=0.3500  [0.4s]
   nu  = 3.0000
  rho=0.24691 (9/20)
    fp=0.0693 tp=0.4000  [0.5s]
   nu  = 3.0000
  rho=0.21873 (10/20)
    fp=0.0885 tp=0.5100  [0.5s]
   nu  = 3.0000
  rho=0.19376 (11/20)
    fp=0.1060 tp=0.5800  [0.5s]
   nu  = 3.0000
  rho=0.17165 (12/20)
    fp=0.1258 tp=0.6000  [0.5s]
   nu  = 3.0000
  rho=0.15206 (13/20)
    fp=0.1452 tp=0.6500  [0.4s]
   nu  = 3.0000
  rho=0.13470 (14/20)
    fp=0.1674 tp=0.6700  [0.6s]
   nu  = 3.0000
  rho=0.11933 (15/20)
    fp=0.1897 tp=0.6900  [0.6s]
   nu  = 3.0000
  rho=0.10571 (16/20)
    fp=0.2101 tp=0.7000  [0.5s]
   nu  = 3.0000
  rho=0.09364 (17/20)
    fp=0.2264 tp=0.7200  [0.5s]
   nu  = 3.0000
  rho=0.08296 (18/20)
    fp=0.2489 tp=0.7600  [0.4s]
   nu  = 3.0000
  rho=0.07349 (19/20)
    fp=0.2685 tp=0.7800  [0.8s]
   nu  = 3.0000
  rho=0.06510 (20/20)
    fp=0.2856 tp=0.7800  [1.0s]
   nu  = 3.0000
  rho=0.05767 (21/21)  [extra 1/50]
    fp=0.3091 tp=0.7800  [1.0s]
   nu  = 3.0000
  FPR 0.3091 >= fp_end=0.3; stopping after 21 fits
  grid extended by 1 points down to rho=0.05767, ending at FPR 0.3091
  pilot fit of run_em_diagonal at rho=0.30349
  -> rho_max = max|S_ij| (off-diag) = 0.75496
  rho grid: [0.75495976 0.66879378 0.5924622  0.52484259 0.46494062 0.41187545
 0.36486679 0.32322337 0.28633285 0.25365276 0.22470256 0.19905653
 0.17633757 0.1562116  0.13838267 0.12258861 0.10859718 0.09620263
 0.08522272 0.07549598]
Running run_em_diagonal over 20 rho values, extending until FPR >= 0.3...
  rho=0.75496 (1/20)
    fp=0.0031 tp=0.0500  [23.6s]
   median nu  = 0.397
   median |eta| = 0.78
  rho=0.66879 (2/20)
    fp=0.0056 tp=0.0800  [25.7s]
   median nu  = 0.43
   median |eta| = 0.703
  rho=0.59246 (3/20)
    fp=0.0103 tp=0.1200  [23.8s]
   median nu  = 0.473
   median |eta| = 0.609
  rho=0.52484 (4/20)
    fp=0.0155 tp=0.1600  [45.5s]
   median nu  = 0.507
   median |eta| = 0.499
  rho=0.46494 (5/20)
    fp=0.0223 tp=0.1900  [73.5s]
   median nu  = 0.554
   median |eta| = 0.439
  rho=0.41188 (6/20)
    fp=0.0336 tp=0.2200  [72.8s]
   median nu  = 0.599
   median |eta| = 0.386
  rho=0.36487 (7/20)
    fp=0.0439 tp=0.2500  [85.4s]
   median nu  = 0.645
   median |eta| = 0.32
  rho=0.32322 (8/20)
    fp=0.0528 tp=0.3300  [87.7s]
   median nu  = 0.719
   median |eta| = 0.266
  rho=0.28633 (9/20)
    fp=0.0664 tp=0.4200  [86.4s]
   median nu  = 0.78
   median |eta| = 0.224
  rho=0.25365 (10/20)
    fp=0.0806 tp=0.5000  [85.4s]
   median nu  = 0.85
   median |eta| = 0.191
  rho=0.22470 (11/20)
    fp=0.0942 tp=0.5700  [88.4s]
   median nu  = 0.91
   median |eta| = 0.163
  rho=0.19906 (12/20)
    fp=0.1091 tp=0.6000  [85.7s]
   median nu  = 1.0
   median |eta| = 0.137
  rho=0.17634 (13/20)
    fp=0.1254 tp=0.6300  [86.3s]
   median nu  = 1.066
   median |eta| = 0.117
  rho=0.15621 (14/20)
    fp=0.1416 tp=0.6300  [73.3s]
   median nu  = 1.136
   median |eta| = 0.101
  rho=0.13838 (15/20)
    fp=0.1581 tp=0.6600  [76.9s]
   median nu  = 1.217
   median |eta| = 0.084
  rho=0.12259 (16/20)
    fp=0.1777 tp=0.6800  [74.1s]
   median nu  = 1.302
   median |eta| = 0.068
  rho=0.10860 (17/20)
    fp=0.1922 tp=0.7100  [73.5s]
   median nu  = 1.385
   median |eta| = 0.054
  rho=0.09620 (18/20)
    fp=0.2074 tp=0.7400  [74.3s]
   median nu  = 1.457
   median |eta| = 0.044
  rho=0.08522 (19/20)
    fp=0.2200 tp=0.7500  [71.9s]
   median nu  = 1.538
   median |eta| = 0.032
  rho=0.07550 (20/20)
    fp=0.2293 tp=0.7500  [35.6s]
   median nu  = 1.619
   median |eta| = 0.025
  rho=0.06688 (21/21)  [extra 1/50]
    fp=0.2416 tp=0.7700  [26.1s]
   median nu  = 1.7
   median |eta| = 0.023
  rho=0.05925 (22/22)  [extra 2/50]
    fp=0.2565 tp=0.7700  [26.6s]
   median nu  = 1.811
   median |eta| = 0.019
  rho=0.05248 (23/23)  [extra 3/50]
    fp=0.2701 tp=0.7700  [20.5s]
   median nu  = 1.926
   median |eta| = 0.016
  rho=0.04649 (24/24)  [extra 4/50]
    fp=0.2839 tp=0.7800  [25.0s]
   median nu  = 2.037
   median |eta| = 0.014
  rho=0.04119 (25/25)  [extra 5/50]
    fp=0.2934 tp=0.7900  [82.4s]
   median nu  = 2.151
   median |eta| = 0.012
  rho=0.03649 (26/26)  [extra 6/50]
    fp=0.3066 tp=0.7900  [19.9s]
   median nu  = 2.262
   median |eta| = 0.01
  FPR 0.3066 >= fp_end=0.3; stopping after 26 fits
  grid extended by 6 points down to rho=0.03649, ending at FPR 0.3066
  pilot fit of run_em_exact at rho=0.30349
  -> rho_max = max|S_ij| (off-diag) = 0.75261
  rho grid: [0.75261143 0.66671347 0.59061932 0.52321004 0.4634944  0.4105943
 0.36373185 0.32221797 0.2854422  0.25286376 0.22400361 0.19843736
 0.17578907 0.1557257  0.13795222 0.12220729 0.10825938 0.09590339
 0.08495763 0.07526114]
Running run_em_exact over 20 rho values, extending until FPR >= 0.3...
  rho=0.75261 (1/20)
    fp=0.0031 tp=0.0500  [30.6s]
   median nu  = 0.398
   median |eta| = 0.812
  rho=0.66671 (2/20)
    fp=0.0058 tp=0.0800  [44.7s]
   median nu  = 0.435
   median |eta| = 0.73
  rho=0.59062 (3/20)
    fp=0.0105 tp=0.1200  [24.1s]
   median nu  = 0.49
   median |eta| = 0.593
  rho=0.52321 (4/20)
    fp=0.0157 tp=0.1600  [24.3s]
   median nu  = 0.516
   median |eta| = 0.483
  rho=0.46349 (5/20)
    fp=0.0231 tp=0.1900  [27.2s]
   median nu  = 0.57
   median |eta| = 0.382
  rho=0.41059 (6/20)
    fp=0.0346 tp=0.2200  [25.6s]
   median nu  = 0.64
   median |eta| = 0.303
  rho=0.36373 (7/20)
    fp=0.0435 tp=0.2600  [26.6s]
   median nu  = 0.714
   median |eta| = 0.222
  rho=0.32222 (8/20)
    fp=0.0546 tp=0.3400  [21.6s]
   median nu  = 0.774
   median |eta| = 0.164
  rho=0.28544 (9/20)
    fp=0.0705 tp=0.4300  [21.9s]
   median nu  = 0.859
   median |eta| = 0.118
  rho=0.25286 (10/20)
    fp=0.0829 tp=0.5200  [25.4s]
   median nu  = 0.927
   median |eta| = 0.098
  rho=0.22400 (11/20)
    fp=0.0965 tp=0.5900  [24.9s]
   median nu  = 0.987
   median |eta| = 0.074
  rho=0.19844 (12/20)
    fp=0.1132 tp=0.6000  [72.8s]
   median nu  = 1.059
   median |eta| = 0.06
  rho=0.17579 (13/20)
    fp=0.1289 tp=0.6300  [58.9s]
   median nu  = 1.151
   median |eta| = 0.05
  rho=0.15573 (14/20)
    fp=0.1410 tp=0.6300  [23.3s]
   median nu  = 1.245
   median |eta| = 0.04
  rho=0.13795 (15/20)
    fp=0.1584 tp=0.6800  [21.2s]
   median nu  = 1.315
   median |eta| = 0.032
  rho=0.12221 (16/20)
    fp=0.1767 tp=0.6900  [18.5s]
   median nu  = 1.385
   median |eta| = 0.027
  rho=0.10826 (17/20)
    fp=0.1913 tp=0.7300  [17.7s]
   median nu  = 1.453
   median |eta| = 0.022
  rho=0.09590 (18/20)
    fp=0.2043 tp=0.7500  [17.6s]
   median nu  = 1.561
   median |eta| = 0.018
  rho=0.08496 (19/20)
    fp=0.2161 tp=0.7500  [13.7s]
   median nu  = 1.643
   median |eta| = 0.015
  rho=0.07526 (20/20)
    fp=0.2318 tp=0.7500  [12.1s]
   median nu  = 1.738
   median |eta| = 0.012
  rho=0.06667 (21/21)  [extra 1/50]
    fp=0.2441 tp=0.7600  [11.0s]
   median nu  = 1.837
   median |eta| = 0.009
  rho=0.05906 (22/22)  [extra 2/50]
    fp=0.2575 tp=0.7700  [5.9s]
   median nu  = 1.937
   median |eta| = 0.007
  rho=0.05232 (23/23)  [extra 3/50]
    fp=0.2674 tp=0.7800  [5.5s]
   median nu  = 2.028
   median |eta| = 0.006
  rho=0.04635 (24/24)  [extra 4/50]
    fp=0.2823 tp=0.7900  [5.0s]
   median nu  = 2.144
   median |eta| = 0.004
  rho=0.04106 (25/25)  [extra 5/50]
    fp=0.2932 tp=0.8000  [5.3s]
   median nu  = 2.257
   median |eta| = 0.003
  rho=0.03637 (26/26)  [extra 6/50]
    fp=0.3068 tp=0.8100  [5.2s]
   median nu  = 2.388
   median |eta| = 0.002
  FPR 0.3068 >= fp_end=0.3; stopping after 26 fits
  grid extended by 6 points down to rho=0.03637, ending at FPR 0.3068
  graphical_lasso rho_max = max|S_ij| (off-diag) = 4.68119
  rho grid: [4.68119004 4.1469108  3.67361056 3.25432959 2.88290251 2.5538676
 2.26238649 2.00417306 1.77543035 1.57279479 1.39328667 1.23426639
 1.09339561 0.96860286 0.8580531  0.76012075 0.67336573 0.59651234
 0.52843047 0.468119  ]
Running graphical_lasso over 20 rho values, extending until FPR >= 0.3...
  rho=4.68119 (1/20)
    fp=0.0000 tp=0.0000  [0.0s]
  rho=4.14691 (2/20)
    fp=0.0006 tp=0.0000  [0.0s]
  rho=3.67361 (3/20)
    fp=0.0025 tp=0.0000  [32.1s]
  rho=3.25433 (4/20)
    fp=0.0052 tp=0.0000  [32.6s]
  rho=2.88290 (5/20)
    fp=0.0085 tp=0.0100  [32.0s]
  rho=2.55387 (6/20)
    fp=0.0157 tp=0.0200  [0.0s]
  rho=2.26239 (7/20)
    fp=0.0233 tp=0.0300  [36.5s]
  rho=2.00417 (8/20)
    fp=0.0336 tp=0.0400  [33.9s]
  rho=1.77543 (9/20)
    fp=0.0439 tp=0.0600  [33.2s]
  rho=1.57279 (10/20)
    fp=0.0555 tp=0.0900  [35.4s]
  rho=1.39329 (11/20)
    fp=0.0662 tp=0.1100  [2.0s]
  rho=1.23427 (12/20)
    fp=0.0775 tp=0.1300  [0.6s]
  rho=1.09340 (13/20)
    fp=0.0864 tp=0.1700  [1.3s]
  rho=0.96860 (14/20)
    fp=0.0963 tp=0.1900  [0.9s]
  rho=0.85805 (15/20)
    fp=0.1066 tp=0.2000  [22.3s]
  rho=0.76012 (16/20)
    fp=0.1134 tp=0.2500  [29.8s]
  rho=0.67337 (17/20)
    fp=0.1231 tp=0.2900  [5.2s]
  rho=0.59651 (18/20)
    fp=0.1342 tp=0.3400  [31.8s]
  rho=0.52843 (19/20)
    fp=0.1466 tp=0.3900  [27.4s]
  rho=0.46812 (20/20)
    fp=0.1569 tp=0.4500  [16.2s]
  rho=0.41469 (21/21)  [extra 1/50]
    fp=0.1672 tp=0.5100  [25.0s]
  rho=0.36736 (22/22)  [extra 2/50]
    fp=0.1800 tp=0.5500  [12.5s]
  rho=0.32543 (23/23)  [extra 3/50]
    fp=0.1965 tp=0.6100  [17.8s]
  rho=0.28829 (24/24)  [extra 4/50]
    fp=0.2132 tp=0.6500  [25.7s]
  rho=0.25539 (25/25)  [extra 5/50]
    fp=0.2297 tp=0.6800  [24.4s]
  rho=0.22624 (26/26)  [extra 6/50]
    fp=0.2470 tp=0.6900  [6.7s]
  rho=0.20042 (27/27)  [extra 7/50]
    fp=0.2674 tp=0.7100  [2.6s]
  rho=0.17754 (28/28)  [extra 8/50]
    fp=0.2843 tp=0.7300  [15.9s]
  rho=0.15728 (29/29)  [extra 9/50]
    fp=0.3037 tp=0.7800  [4.4s]
  FPR 0.3037 >= fp_end=0.3; stopping after 29 fits
  [note] 8/29 fits hit a glasso ConvergenceWarning (suppressed)
  grid extended by 9 points down to rho=0.15728, ending at FPR 0.3037
  [warn] mean_roc averages out to FPR 0.300 but the shortest replicate only reached 0.011; its TPR is held flat above that
  [warn] mean_roc averages out to FPR 0.300 but the shortest replicate only reached 0.229; its TPR is held flat above that

(p=100, n=50) over 31 replicates
  t+lasso  (run_em_diagonal):    AUC = 0.192 (SE 0.003)
  ~t+lasso (run_em_exact):       AUC = 0.193 (SE 0.003)
  tlasso   (run_tlasso):         AUC = 0.192 (SE 0.003)
  t*lasso  (run_tstar_varlasso): AUC = 0.190 (SE 0.003)
  glasso   (graphical_lasso):    AUC = 0.148 (SE 0.006)
Replicate 32/50
  Theta: 123/4950 edges
  pilot fit of run_tlasso at rho=30.34854
  -> rho_max = max|S_ij| (off-diag) = 26.94750
  [warn] pilot rho 30.34854 > rho_max 26.94750: it falls off the top of this method's grid
  rho grid: [26.94750424 23.8718991  21.14732263 18.73371083 16.59557228 14.70146635
 13.02354081 11.5371223  10.2203535   9.05387175  8.02052431  7.10511613
  6.29418642  5.57581072  4.93942555  4.37567306  3.87626345  3.43385306
  3.04193639  2.69475042]
Running run_tlasso over 20 rho values, extending until FPR >= 0.3...
  rho=26.94750 (1/20)
    fp=0.0000 tp=0.0000  [0.2s]
   nu  = 3.0000
  rho=23.87190 (2/20)
    fp=0.0000 tp=0.0081  [0.3s]
   nu  = 3.0000
  rho=21.14732 (3/20)
    fp=0.0000 tp=0.0081  [0.4s]
   nu  = 3.0000
  rho=18.73371 (4/20)
    fp=0.0000 tp=0.0081  [0.4s]
   nu  = 3.0000
  rho=16.59557 (5/20)
    fp=0.0000 tp=0.0081  [0.4s]
   nu  = 3.0000
  rho=14.70147 (6/20)
    fp=0.0000 tp=0.0163  [0.5s]
   nu  = 3.0000
  rho=13.02354 (7/20)
    fp=0.0000 tp=0.0163  [0.4s]
   nu  = 3.0000
  rho=11.53712 (8/20)
    fp=0.0000 tp=0.0244  [0.4s]
   nu  = 3.0000
  rho=10.22035 (9/20)
    fp=0.0000 tp=0.0244  [0.4s]
   nu  = 3.0000
  rho=9.05387 (10/20)
    fp=0.0002 tp=0.0407  [0.4s]
   nu  = 3.0000
  rho=8.02052 (11/20)
    fp=0.0004 tp=0.0488  [0.4s]
   nu  = 3.0000
  rho=7.10512 (12/20)
    fp=0.0008 tp=0.0650  [0.5s]
   nu  = 3.0000
  rho=6.29419 (13/20)
    fp=0.0010 tp=0.0813  [0.6s]
   nu  = 3.0000
  rho=5.57581 (14/20)
    fp=0.0025 tp=0.1057  [0.5s]
   nu  = 3.0000
  rho=4.93943 (15/20)
    fp=0.0037 tp=0.1220  [0.6s]
   nu  = 3.0000
  rho=4.37567 (16/20)
    fp=0.0064 tp=0.1301  [0.7s]
   nu  = 3.0000
  rho=3.87626 (17/20)
    fp=0.0099 tp=0.1626  [0.7s]
   nu  = 3.0000
  rho=3.43385 (18/20)
    fp=0.0149 tp=0.2114  [0.7s]
   nu  = 3.0000
  rho=3.04194 (19/20)
    fp=0.0271 tp=0.2602  [0.9s]
   nu  = 3.0000
  rho=2.69475 (20/20)
    fp=0.0392 tp=0.3577  [0.6s]
   nu  = 3.0000
  rho=2.38719 (21/21)  [extra 1/50]
    fp=0.0626 tp=0.4390  [1.4s]
   nu  = 3.0000
  rho=2.11473 (22/22)  [extra 2/50]
    fp=0.0961 tp=0.5122  [1.3s]
   nu  = 3.0000
  rho=1.87337 (23/23)  [extra 3/50]
    fp=0.1456 tp=0.6016  [2.8s]
   nu  = 3.0000
  rho=1.65956 (24/24)  [extra 4/50]
    fp=0.2252 tp=0.7642  [5.5s]
   nu  = 3.0000
  rho=1.47015 (25/25)  [extra 5/50]
    fp=0.2612 tp=0.7724  [20.4s]
   nu  = 3.0000
  rho=1.30235 (26/26)  [extra 6/50]
    fp=0.3039 tp=0.8049  [4.6s]
   nu  = 3.0000
  FPR 0.3039 >= fp_end=0.3; stopping after 26 fits
  grid extended by 6 points down to rho=1.30235, ending at FPR 0.3039
  pilot fit of run_tstar_varlasso at rho=0.30349
  -> rho_max = max|S_ij| (off-diag) = 0.80810
  rho grid: [0.8080959  0.71586532 0.63416131 0.56178245 0.49766441 0.44086438
 0.39054711 0.34597271 0.30648574 0.27150554 0.24051774 0.21306668
 0.18874869 0.1672062  0.14812242 0.13121673 0.11624055 0.10297364
 0.09122093 0.08080959]
Running run_tstar_varlasso over 20 rho values, extending until FPR >= 0.3...
  rho=0.80810 (1/20)
    fp=0.0000 tp=0.0081  [0.3s]
   nu  = 3.0000
  rho=0.71587 (2/20)
    fp=0.0000 tp=0.0081  [0.3s]
   nu  = 3.0000
  rho=0.63416 (3/20)
    fp=0.0000 tp=0.0163  [0.3s]
   nu  = 3.0000
  rho=0.56178 (4/20)
    fp=0.0000 tp=0.0163  [0.3s]
   nu  = 3.0000
  rho=0.49766 (5/20)
    fp=0.0000 tp=0.0325  [0.3s]
   nu  = 3.0000
  rho=0.44086 (6/20)
    fp=0.0002 tp=0.0569  [0.2s]
   nu  = 3.0000
  rho=0.39055 (7/20)
    fp=0.0021 tp=0.0813  [0.3s]
   nu  = 3.0000
  rho=0.34597 (8/20)
    fp=0.0031 tp=0.0894  [0.3s]
   nu  = 3.0000
  rho=0.30649 (9/20)
    fp=0.0048 tp=0.1138  [0.3s]
   nu  = 3.0000
  rho=0.27151 (10/20)
    fp=0.0102 tp=0.1463  [0.2s]
   nu  = 3.0000
  rho=0.24052 (11/20)
    fp=0.0162 tp=0.2439  [0.2s]
   nu  = 3.0000
  rho=0.21307 (12/20)
    fp=0.0276 tp=0.3171  [0.3s]
   nu  = 3.0000
  rho=0.18875 (13/20)
    fp=0.0402 tp=0.3821  [0.4s]
   nu  = 3.0000
  rho=0.16721 (14/20)
    fp=0.0549 tp=0.4065  [0.4s]
   nu  = 3.0000
  rho=0.14812 (15/20)
    fp=0.0715 tp=0.4553  [0.5s]
   nu  = 3.0000
  rho=0.13122 (16/20)
    fp=0.0895 tp=0.5285  [0.6s]
   nu  = 3.0000
  rho=0.11624 (17/20)
    fp=0.1115 tp=0.5854  [0.6s]
   nu  = 3.0000
  rho=0.10297 (18/20)
    fp=0.1359 tp=0.6667  [0.6s]
   nu  = 3.0000
  rho=0.09122 (19/20)
    fp=0.1564 tp=0.6992  [0.6s]
   nu  = 3.0000
  rho=0.08081 (20/20)
    fp=0.1815 tp=0.7317  [0.7s]
   nu  = 3.0000
  rho=0.07159 (21/21)  [extra 1/50]
    fp=0.2051 tp=0.7561  [0.7s]
   nu  = 3.0000
  rho=0.06342 (22/22)  [extra 2/50]
    fp=0.2264 tp=0.7805  [0.6s]
   nu  = 3.0000
  rho=0.05618 (23/23)  [extra 3/50]
    fp=0.2459 tp=0.7886  [0.8s]
   nu  = 3.0000
  rho=0.04977 (24/24)  [extra 4/50]
    fp=0.2656 tp=0.8130  [0.7s]
   nu  = 3.0000
  rho=0.04409 (25/25)  [extra 5/50]
    fp=0.2878 tp=0.8374  [0.7s]
   nu  = 3.0000
  rho=0.03905 (26/26)  [extra 6/50]
    fp=0.3091 tp=0.8374  [0.8s]
   nu  = 3.0000
  FPR 0.3091 >= fp_end=0.3; stopping after 26 fits
  grid extended by 6 points down to rho=0.03905, ending at FPR 0.3091
  pilot fit of run_em_diagonal at rho=0.30349
  -> rho_max = max|S_ij| (off-diag) = 0.89905
  rho grid: [0.89905221 0.79644049 0.70554018 0.62501462 0.55367969 0.49048645
 0.43450566 0.38491413 0.34098265 0.3020652  0.26758953 0.23704868
 0.20999355 0.18602632 0.16479454 0.14598601 0.12932415 0.11456397
 0.10148842 0.08990522]
Running run_em_diagonal over 20 rho values, extending until FPR >= 0.3...
  rho=0.89905 (1/20)
    fp=0.0000 tp=0.0163  [21.9s]
   median nu  = 0.042
   median |eta| = 3.499
  rho=0.79644 (2/20)
    fp=0.0000 tp=0.0244  [23.1s]
   median nu  = 0.046
   median |eta| = 3.531
  rho=0.70554 (3/20)
    fp=0.0002 tp=0.0407  [25.4s]
   median nu  = 0.05
   median |eta| = 3.308
  rho=0.62501 (4/20)
    fp=0.0017 tp=0.0569  [25.7s]
   median nu  = 0.055
   median |eta| = 3.241
  rho=0.55368 (5/20)
    fp=0.0029 tp=0.0894  [26.4s]
   median nu  = 0.064
   median |eta| = 3.013
  rho=0.49049 (6/20)
    fp=0.0056 tp=0.0976  [25.1s]
   median nu  = 0.076
   median |eta| = 2.679
  rho=0.43451 (7/20)
    fp=0.0089 tp=0.1220  [21.6s]
   median nu  = 0.091
   median |eta| = 2.418
  rho=0.38491 (8/20)
    fp=0.0164 tp=0.2358  [21.7s]
   median nu  = 0.111
   median |eta| = 2.367
  rho=0.34098 (9/20)
    fp=0.0236 tp=0.2846  [28.0s]
   median nu  = 0.139
   median |eta| = 2.337
  rho=0.30207 (10/20)
    fp=0.0358 tp=0.3333  [25.6s]
   median nu  = 0.177
   median |eta| = 2.195
  rho=0.26759 (11/20)
    fp=0.0466 tp=0.4065  [75.4s]
   median nu  = 0.211
   median |eta| = 1.881
  rho=0.23705 (12/20)
    fp=0.0601 tp=0.4553  [90.4s]
   median nu  = 0.248
   median |eta| = 1.503
  rho=0.20999 (13/20)
    fp=0.0738 tp=0.5285  [90.6s]
   median nu  = 0.288
   median |eta| = 1.239
  rho=0.18603 (14/20)
    fp=0.0883 tp=0.5610  [92.0s]
   median nu  = 0.333
   median |eta| = 1.005
  rho=0.16479 (15/20)
    fp=0.1069 tp=0.6179  [90.6s]
   median nu  = 0.394
   median |eta| = 0.694
  rho=0.14599 (16/20)
    fp=0.1239 tp=0.6504  [89.7s]
   median nu  = 0.448
   median |eta| = 0.491
  rho=0.12932 (17/20)
    fp=0.1376 tp=0.6992  [91.9s]
   median nu  = 0.521
   median |eta| = 0.36
  rho=0.11456 (18/20)
    fp=0.1545 tp=0.7154  [90.3s]
   median nu  = 0.6
   median |eta| = 0.289
  rho=0.10149 (19/20)
    fp=0.1672 tp=0.7480  [89.4s]
   median nu  = 0.672
   median |eta| = 0.211
  rho=0.08991 (20/20)
    fp=0.1829 tp=0.7480  [90.8s]
   median nu  = 0.769
   median |eta| = 0.154
  rho=0.07964 (21/21)  [extra 1/50]
    fp=0.1983 tp=0.7561  [93.7s]
   median nu  = 0.856
   median |eta| = 0.115
  rho=0.07055 (22/22)  [extra 2/50]
    fp=0.2148 tp=0.7805  [92.1s]
   median nu  = 0.94
   median |eta| = 0.087
  rho=0.06250 (23/23)  [extra 3/50]
    fp=0.2246 tp=0.8049  [86.5s]
   median nu  = 1.049
   median |eta| = 0.069
  rho=0.05537 (24/24)  [extra 4/50]
    fp=0.2382 tp=0.8211  [83.1s]
   median nu  = 1.178
   median |eta| = 0.051
  rho=0.04905 (25/25)  [extra 5/50]
    fp=0.2517 tp=0.8211  [32.6s]
   median nu  = 1.302
   median |eta| = 0.04
  rho=0.04345 (26/26)  [extra 6/50]
    fp=0.2639 tp=0.8211  [25.8s]
   median nu  = 1.41
   median |eta| = 0.032
  rho=0.03849 (27/27)  [extra 7/50]
    fp=0.2762 tp=0.8293  [20.0s]
   median nu  = 1.515
   median |eta| = 0.023
  rho=0.03410 (28/28)  [extra 8/50]
    fp=0.2861 tp=0.8293  [24.8s]
   median nu  = 1.634
   median |eta| = 0.02
  rho=0.03021 (29/29)  [extra 9/50]
    fp=0.2973 tp=0.8293  [73.3s]
   median nu  = 1.749
   median |eta| = 0.016
  rho=0.02676 (30/30)  [extra 10/50]
    fp=0.3076 tp=0.8293  [40.9s]
   median nu  = 1.87
   median |eta| = 0.014
  FPR 0.3076 >= fp_end=0.3; stopping after 30 fits
  grid extended by 10 points down to rho=0.02676, ending at FPR 0.3076
  pilot fit of run_em_exact at rho=0.30349
  -> rho_max = max|S_ij| (off-diag) = 0.91329
  rho grid: [0.91328671 0.80905037 0.71671085 0.63491034 0.56244599 0.49825222
 0.4413851  0.3910084  0.34638136 0.30684774 0.27182622 0.24080182
 0.21331834 0.18897163 0.16740369 0.14829737 0.13137172 0.11637784
 0.10309526 0.09132867]
Running run_em_exact over 20 rho values, extending until FPR >= 0.3...
  rho=0.91329 (1/20)
    fp=0.0000 tp=0.0163  [39.7s]
   median nu  = 0.042
   median |eta| = 3.472
  rho=0.80905 (2/20)
    fp=0.0000 tp=0.0163  [42.4s]
   median nu  = 0.045
   median |eta| = 3.515
  rho=0.71671 (3/20)
    fp=0.0002 tp=0.0407  [25.5s]
   median nu  = 0.049
   median |eta| = 3.315
  rho=0.63491 (4/20)
    fp=0.0012 tp=0.0569  [26.5s]
   median nu  = 0.054
   median |eta| = 3.177
  rho=0.56245 (5/20)
    fp=0.0029 tp=0.0894  [22.3s]
   median nu  = 0.063
   median |eta| = 2.879
  rho=0.49825 (6/20)
    fp=0.0052 tp=0.0976  [26.2s]
   median nu  = 0.075
   median |eta| = 2.358
  rho=0.44139 (7/20)
    fp=0.0085 tp=0.1220  [25.4s]
   median nu  = 0.09
   median |eta| = 2.185
  rho=0.39101 (8/20)
    fp=0.0155 tp=0.2195  [20.7s]
   median nu  = 0.113
   median |eta| = 1.971
  rho=0.34638 (9/20)
    fp=0.0232 tp=0.2846  [23.8s]
   median nu  = 0.145
   median |eta| = 1.698
  rho=0.30685 (10/20)
    fp=0.0350 tp=0.3171  [20.8s]
   median nu  = 0.189
   median |eta| = 1.359
  rho=0.27183 (11/20)
    fp=0.0458 tp=0.4065  [26.0s]
   median nu  = 0.239
   median |eta| = 0.924
  rho=0.24080 (12/20)
    fp=0.0603 tp=0.4634  [96.1s]
   median nu  = 0.302
   median |eta| = 0.6
  rho=0.21332 (13/20)
    fp=0.0752 tp=0.5122  [45.8s]
   median nu  = 0.371
   median |eta| = 0.424
  rho=0.18897 (14/20)
    fp=0.0901 tp=0.5610  [26.0s]
   median nu  = 0.435
   median |eta| = 0.295
  rho=0.16740 (15/20)
    fp=0.1088 tp=0.6016  [29.1s]
   median nu  = 0.524
   median |eta| = 0.197
  rho=0.14830 (16/20)
    fp=0.1255 tp=0.6423  [28.8s]
   median nu  = 0.613
   median |eta| = 0.155
  rho=0.13137 (17/20)
    fp=0.1405 tp=0.6911  [24.6s]
   median nu  = 0.687
   median |eta| = 0.108
  rho=0.11638 (18/20)
    fp=0.1558 tp=0.7073  [27.8s]
   median nu  = 0.774
   median |eta| = 0.072
  rho=0.10310 (19/20)
    fp=0.1719 tp=0.7236  [25.7s]
   median nu  = 0.847
   median |eta| = 0.049
  rho=0.09133 (20/20)
    fp=0.1871 tp=0.7480  [21.4s]
   median nu  = 0.934
   median |eta| = 0.033
  rho=0.08091 (21/21)  [extra 1/50]
    fp=0.2014 tp=0.7561  [22.6s]
   median nu  = 1.045
   median |eta| = 0.025
  rho=0.07167 (22/22)  [extra 2/50]
    fp=0.2150 tp=0.7805  [26.6s]
   median nu  = 1.142
   median |eta| = 0.019
  rho=0.06349 (23/23)  [extra 3/50]
    fp=0.2279 tp=0.8049  [19.0s]
   median nu  = 1.245
   median |eta| = 0.014
  rho=0.05624 (24/24)  [extra 4/50]
    fp=0.2422 tp=0.8130  [15.6s]
   median nu  = 1.358
   median |eta| = 0.012
  rho=0.04983 (25/25)  [extra 5/50]
    fp=0.2561 tp=0.8293  [12.6s]
   median nu  = 1.478
   median |eta| = 0.008
  rho=0.04414 (26/26)  [extra 6/50]
    fp=0.2683 tp=0.8211  [10.7s]
   median nu  = 1.592
   median |eta| = 0.007
  rho=0.03910 (27/27)  [extra 7/50]
    fp=0.2784 tp=0.8374  [11.1s]
   median nu  = 1.72
   median |eta| = 0.006
  rho=0.03464 (28/28)  [extra 8/50]
    fp=0.2859 tp=0.8374  [10.9s]
   median nu  = 1.841
   median |eta| = 0.005
  rho=0.03068 (29/29)  [extra 9/50]
    fp=0.2975 tp=0.8374  [14.5s]
   median nu  = 1.95
   median |eta| = 0.004
  rho=0.02718 (30/30)  [extra 10/50]
    fp=0.3068 tp=0.8374  [12.7s]
   median nu  = 2.066
   median |eta| = 0.003
  FPR 0.3068 >= fp_end=0.3; stopping after 30 fits
  grid extended by 10 points down to rho=0.02718, ending at FPR 0.3068
  graphical_lasso rho_max = max|S_ij| (off-diag) = 2.14035
  rho grid: [2.14035282 1.89606749 1.67966322 1.48795786 1.31813246 1.16768977
 1.03441759 0.91635619 0.81176952 0.71911966 0.63704422 0.56433632
 0.4999268  0.44286855 0.39232254 0.34754551 0.30787903 0.27273981
 0.24161114 0.21403528]
Running graphical_lasso over 20 rho values, extending until FPR >= 0.3...
  rho=2.14035 (1/20)
    fp=0.0000 tp=0.0000  [0.0s]
  rho=1.89607 (2/20)
    fp=0.0004 tp=0.0081  [0.1s]
  rho=1.67966 (3/20)
    fp=0.0006 tp=0.0163  [29.7s]
  rho=1.48796 (4/20)
    fp=0.0008 tp=0.0163  [0.0s]
  rho=1.31813 (5/20)
    fp=0.0010 tp=0.0163  [0.0s]
  rho=1.16769 (6/20)
    fp=0.0023 tp=0.0244  [30.1s]
  rho=1.03442 (7/20)
    fp=0.0041 tp=0.0488  [0.1s]
  rho=0.91636 (8/20)
    fp=0.0070 tp=0.0488  [31.0s]
  rho=0.81177 (9/20)
    fp=0.0114 tp=0.0488  [0.1s]
  rho=0.71912 (10/20)
    fp=0.0162 tp=0.0813  [28.9s]
  rho=0.63704 (11/20)
    fp=0.0226 tp=0.1220  [29.5s]
  rho=0.56434 (12/20)
    fp=0.0317 tp=0.1463  [0.1s]
  rho=0.49993 (13/20)
    fp=0.0437 tp=0.1789  [0.2s]
  rho=0.44287 (14/20)
    fp=0.0549 tp=0.2114  [0.1s]
  rho=0.39232 (15/20)
    fp=0.0688 tp=0.3089  [0.9s]
  rho=0.34755 (16/20)
    fp=0.0864 tp=0.3496  [3.0s]
  rho=0.30788 (17/20)
    fp=0.1013 tp=0.4390  [0.2s]
  rho=0.27274 (18/20)
    fp=0.1204 tp=0.4959  [1.2s]
  rho=0.24161 (19/20)
    fp=0.1376 tp=0.5528  [0.1s]
  rho=0.21404 (20/20)
    fp=0.1616 tp=0.5772  [0.5s]
  rho=0.18961 (21/21)  [extra 1/50]
    fp=0.1807 tp=0.6179  [2.4s]
  rho=0.16797 (22/22)  [extra 2/50]
    fp=0.2105 tp=0.6504  [0.5s]
  rho=0.14880 (23/23)  [extra 3/50]
    fp=0.2362 tp=0.6748  [1.9s]
  rho=0.13181 (24/24)  [extra 4/50]
    fp=0.2633 tp=0.7154  [1.0s]
  rho=0.11677 (25/25)  [extra 5/50]
    fp=0.2869 tp=0.7317  [0.4s]
  rho=0.10344 (26/26)  [extra 6/50]
    fp=0.3112 tp=0.7967  [1.1s]
  FPR 0.3112 >= fp_end=0.3; stopping after 26 fits
  [note] 5/26 fits hit a glasso ConvergenceWarning (suppressed)
  grid extended by 6 points down to rho=0.10344, ending at FPR 0.3112
  [warn] mean_roc averages out to FPR 0.300 but the shortest replicate only reached 0.011; its TPR is held flat above that
  [warn] mean_roc averages out to FPR 0.300 but the shortest replicate only reached 0.229; its TPR is held flat above that

(p=100, n=50) over 32 replicates
  t+lasso  (run_em_diagonal):    AUC = 0.192 (SE 0.003)
  ~t+lasso (run_em_exact):       AUC = 0.193 (SE 0.003)
  tlasso   (run_tlasso):         AUC = 0.192 (SE 0.003)
  t*lasso  (run_tstar_varlasso): AUC = 0.190 (SE 0.003)
  glasso   (graphical_lasso):    AUC = 0.147 (SE 0.006)
Replicate 33/50
  Theta: 95/4950 edges
  pilot fit of run_tlasso at rho=30.34854
  -> rho_max = max|S_ij| (off-diag) = 17.37677
  [warn] pilot rho 30.34854 > rho_max 17.37677: it falls off the top of this method's grid
  rho grid: [17.37676561 15.39349958 13.63659006 12.08020227 10.70145002  9.48005918
  8.3980696   7.43957096  6.59046885  5.83827749  5.17193614  4.58164647
  4.05872845  3.59549275  3.18512762  2.82159878  2.49956066  2.21427777
  1.96155515  1.73767656]
Running run_tlasso over 20 rho values, extending until FPR >= 0.3...
  rho=17.37677 (1/20)
    fp=0.0000 tp=0.0000  [0.3s]
   nu  = 3.0000
  rho=15.39350 (2/20)
    fp=0.0000 tp=0.0000  [0.3s]
   nu  = 3.0000
  rho=13.63659 (3/20)
    fp=0.0000 tp=0.0000  [0.3s]
   nu  = 3.0000
  rho=12.08020 (4/20)
    fp=0.0000 tp=0.0105  [0.4s]
   nu  = 3.0000
  rho=10.70145 (5/20)
    fp=0.0002 tp=0.0211  [0.5s]
   nu  = 3.0000
  rho=9.48006 (6/20)
    fp=0.0002 tp=0.0211  [0.4s]
   nu  = 3.0000
  rho=8.39807 (7/20)
    fp=0.0002 tp=0.0211  [0.5s]
   nu  = 3.0000
  rho=7.43957 (8/20)
    fp=0.0004 tp=0.0316  [0.6s]
   nu  = 3.0000
  rho=6.59047 (9/20)
    fp=0.0006 tp=0.0632  [0.5s]
   nu  = 3.0000
  rho=5.83828 (10/20)
    fp=0.0019 tp=0.0737  [0.5s]
   nu  = 3.0000
  rho=5.17194 (11/20)
    fp=0.0037 tp=0.1158  [0.6s]
   nu  = 3.0000
  rho=4.58165 (12/20)
    fp=0.0051 tp=0.1158  [0.6s]
   nu  = 3.0000
  rho=4.05873 (13/20)
    fp=0.0064 tp=0.1263  [0.6s]
   nu  = 3.0000
  rho=3.59549 (14/20)
    fp=0.0095 tp=0.1684  [0.6s]
   nu  = 3.0000
  rho=3.18513 (15/20)
    fp=0.0159 tp=0.2421  [0.6s]
   nu  = 3.0000
  rho=2.82160 (16/20)
    fp=0.0241 tp=0.2947  [0.8s]
   nu  = 3.0000
  rho=2.49956 (17/20)
    fp=0.0354 tp=0.3474  [0.7s]
   nu  = 3.0000
  rho=2.21428 (18/20)
    fp=0.0558 tp=0.4421  [0.8s]
   nu  = 3.0000
  rho=1.96156 (19/20)
    fp=0.0925 tp=0.5368  [2.7s]
   nu  = 3.0000
  rho=1.73768 (20/20)
    fp=0.2484 tp=0.7263  [20.6s]
   nu  = 3.0000
  rho=1.53935 (21/21)  [extra 1/50]
    fp=0.2824 tp=0.7579  [144.4s]
   nu  = 3.0000
  rho=1.36366 (22/22)  [extra 2/50]
    fp=0.3133 tp=0.7789  [18.3s]
   nu  = 3.0000
  FPR 0.3133 >= fp_end=0.3; stopping after 22 fits
  [note] 2/22 fits hit a glasso ConvergenceWarning (suppressed)
  grid extended by 2 points down to rho=1.36366, ending at FPR 0.3133
  pilot fit of run_tstar_varlasso at rho=0.30349
  -> rho_max = max|S_ij| (off-diag) = 0.56564
  rho grid: [0.56563867 0.50108052 0.44389059 0.39322793 0.34834756 0.30858954
 0.27336922 0.24216872 0.21452922 0.19004432 0.16835395 0.14913917
 0.13211744 0.11703845 0.10368048 0.09184709 0.08136429 0.07207792
 0.06385144 0.05656387]
Running run_tstar_varlasso over 20 rho values, extending until FPR >= 0.3...
  rho=0.56564 (1/20)
    fp=0.0002 tp=0.0105  [0.4s]
   nu  = 3.0000
  rho=0.50108 (2/20)
    fp=0.0006 tp=0.0316  [0.3s]
   nu  = 3.0000
  rho=0.44389 (3/20)
    fp=0.0014 tp=0.0526  [0.4s]
   nu  = 3.0000
  rho=0.39323 (4/20)
    fp=0.0047 tp=0.0842  [0.3s]
   nu  = 3.0000
  rho=0.34835 (5/20)
    fp=0.0093 tp=0.1579  [0.3s]
   nu  = 3.0000
  rho=0.30859 (6/20)
    fp=0.0136 tp=0.2000  [0.4s]
   nu  = 3.0000
  rho=0.27337 (7/20)
    fp=0.0194 tp=0.2632  [0.3s]
   nu  = 3.0000
  rho=0.24217 (8/20)
    fp=0.0280 tp=0.3158  [0.4s]
   nu  = 3.0000
  rho=0.21453 (9/20)
    fp=0.0408 tp=0.3474  [0.5s]
   nu  = 3.0000
  rho=0.19004 (10/20)
    fp=0.0554 tp=0.4105  [0.7s]
   nu  = 3.0000
  rho=0.16835 (11/20)
    fp=0.0721 tp=0.4421  [0.7s]
   nu  = 3.0000
  rho=0.14914 (12/20)
    fp=0.0898 tp=0.4947  [0.7s]
   nu  = 3.0000
  rho=0.13212 (13/20)
    fp=0.1075 tp=0.5474  [0.6s]
   nu  = 3.0000
  rho=0.11704 (14/20)
    fp=0.1271 tp=0.5789  [0.6s]
   nu  = 3.0000
  rho=0.10368 (15/20)
    fp=0.1477 tp=0.6105  [0.4s]
   nu  = 3.0000
  rho=0.09185 (16/20)
    fp=0.1689 tp=0.6737  [0.4s]
   nu  = 3.0000
  rho=0.08136 (17/20)
    fp=0.1944 tp=0.7158  [0.5s]
   nu  = 3.0000
  rho=0.07208 (18/20)
    fp=0.2161 tp=0.7474  [0.5s]
   nu  = 3.0000
  rho=0.06385 (19/20)
    fp=0.2393 tp=0.7789  [0.6s]
   nu  = 3.0000
  rho=0.05656 (20/20)
    fp=0.2597 tp=0.7789  [0.5s]
   nu  = 3.0000
  rho=0.05011 (21/21)  [extra 1/50]
    fp=0.2840 tp=0.8000  [0.6s]
   nu  = 3.0000
  rho=0.04439 (22/22)  [extra 2/50]
    fp=0.3065 tp=0.8000  [0.7s]
   nu  = 3.0000
  FPR 0.3065 >= fp_end=0.3; stopping after 22 fits
  grid extended by 2 points down to rho=0.04439, ending at FPR 0.3065
  pilot fit of run_em_diagonal at rho=0.30349
  -> rho_max = max|S_ij| (off-diag) = 0.62076
  rho grid: [0.62076016 0.54991081 0.48714773 0.43154799 0.38229404 0.33866159
 0.30000906 0.26576806 0.2354351  0.20856413 0.18476004 0.16367278
 0.14499228 0.12844385 0.11378414 0.10079759 0.08929324 0.07910191
 0.07007376 0.06207602]
Running run_em_diagonal over 20 rho values, extending until FPR >= 0.3...
  rho=0.62076 (1/20)
    fp=0.0010 tp=0.0421  [23.0s]
   median nu  = 0.448
   median |eta| = 0.77
  rho=0.54991 (2/20)
    fp=0.0012 tp=0.0737  [22.7s]
   median nu  = 0.484
   median |eta| = 0.715
  rho=0.48715 (3/20)
    fp=0.0021 tp=0.1053  [24.1s]
   median nu  = 0.519
   median |eta| = 0.633
  rho=0.43155 (4/20)
    fp=0.0047 tp=0.1368  [22.8s]
   median nu  = 0.557
   median |eta| = 0.555
  rho=0.38229 (5/20)
    fp=0.0082 tp=0.1684  [55.1s]
   median nu  = 0.599
   median |eta| = 0.493
  rho=0.33866 (6/20)
    fp=0.0142 tp=0.2316  [73.6s]
   median nu  = 0.641
   median |eta| = 0.461
  rho=0.30001 (7/20)
    fp=0.0196 tp=0.2526  [73.5s]
   median nu  = 0.67
   median |eta| = 0.409
  rho=0.26577 (8/20)
    fp=0.0309 tp=0.2842  [74.5s]
   median nu  = 0.707
   median |eta| = 0.371
  rho=0.23544 (9/20)
    fp=0.0420 tp=0.3053  [74.9s]
   median nu  = 0.76
   median |eta| = 0.335
  rho=0.20856 (10/20)
    fp=0.0519 tp=0.3895  [75.0s]
   median nu  = 0.808
   median |eta| = 0.284
  rho=0.18476 (11/20)
    fp=0.0630 tp=0.4316  [73.6s]
   median nu  = 0.854
   median |eta| = 0.256
  rho=0.16367 (12/20)
    fp=0.0789 tp=0.5263  [88.4s]
   median nu  = 0.903
   median |eta| = 0.231
  rho=0.14499 (13/20)
    fp=0.0954 tp=0.5789  [86.9s]
   median nu  = 0.955
   median |eta| = 0.191
  rho=0.12844 (14/20)
    fp=0.1104 tp=0.5789  [87.8s]
   median nu  = 1.013
   median |eta| = 0.157
  rho=0.11378 (15/20)
    fp=0.1300 tp=0.6211  [85.2s]
   median nu  = 1.072
   median |eta| = 0.128
  rho=0.10080 (16/20)
    fp=0.1467 tp=0.6526  [91.3s]
   median nu  = 1.135
   median |eta| = 0.108
  rho=0.08929 (17/20)
    fp=0.1648 tp=0.6632  [88.3s]
   median nu  = 1.192
   median |eta| = 0.082
  rho=0.07910 (18/20)
    fp=0.1808 tp=0.7053  [78.8s]
   median nu  = 1.26
   median |eta| = 0.068
  rho=0.07007 (19/20)
    fp=0.1971 tp=0.7789  [70.2s]
   median nu  = 1.33
   median |eta| = 0.056
  rho=0.06208 (20/20)
    fp=0.2087 tp=0.7789  [67.1s]
   median nu  = 1.391
   median |eta| = 0.046
  rho=0.05499 (21/21)  [extra 1/50]
    fp=0.2278 tp=0.7789  [21.1s]
   median nu  = 1.478
   median |eta| = 0.038
  rho=0.04871 (22/22)  [extra 2/50]
    fp=0.2416 tp=0.7895  [24.1s]
   median nu  = 1.59
   median |eta| = 0.032
  rho=0.04315 (23/23)  [extra 3/50]
    fp=0.2579 tp=0.7789  [24.9s]
   median nu  = 1.7
   median |eta| = 0.026
  rho=0.03823 (24/24)  [extra 4/50]
    fp=0.2723 tp=0.8105  [25.5s]
   median nu  = 1.811
   median |eta| = 0.02
  rho=0.03387 (25/25)  [extra 5/50]
    fp=0.2865 tp=0.8105  [30.5s]
   median nu  = 1.918
   median |eta| = 0.016
  rho=0.03000 (26/26)  [extra 6/50]
    fp=0.3030 tp=0.8316  [76.8s]
   median nu  = 2.023
   median |eta| = 0.013
  FPR 0.3030 >= fp_end=0.3; stopping after 26 fits
  grid extended by 6 points down to rho=0.03000, ending at FPR 0.3030
  pilot fit of run_em_exact at rho=0.30349
  -> rho_max = max|S_ij| (off-diag) = 0.63525
  rho grid: [0.63524568 0.56274305 0.49851538 0.44161822 0.39121492 0.3465643
 0.30700981 0.27196979 0.24092901 0.21343101 0.18907144 0.16749211
 0.1483757  0.1314411  0.11643931 0.10314972 0.09137691 0.08094777
 0.07170894 0.06352457]
Running run_em_exact over 20 rho values, extending until FPR >= 0.3...
  rho=0.63525 (1/20)
    fp=0.0006 tp=0.0421  [24.0s]
   median nu  = 0.44
   median |eta| = 0.774
  rho=0.56274 (2/20)
    fp=0.0012 tp=0.0737  [37.5s]
   median nu  = 0.479
   median |eta| = 0.722
  rho=0.49852 (3/20)
    fp=0.0019 tp=0.0842  [39.1s]
   median nu  = 0.518
   median |eta| = 0.643
  rho=0.44162 (4/20)
    fp=0.0043 tp=0.1158  [23.2s]
   median nu  = 0.559
   median |eta| = 0.548
  rho=0.39121 (5/20)
    fp=0.0078 tp=0.1789  [20.0s]
   median nu  = 0.602
   median |eta| = 0.465
  rho=0.34656 (6/20)
    fp=0.0128 tp=0.2316  [25.8s]
   median nu  = 0.651
   median |eta| = 0.412
  rho=0.30701 (7/20)
    fp=0.0189 tp=0.2526  [23.9s]
   median nu  = 0.693
   median |eta| = 0.336
  rho=0.27197 (8/20)
    fp=0.0274 tp=0.2842  [20.1s]
   median nu  = 0.75
   median |eta| = 0.268
  rho=0.24093 (9/20)
    fp=0.0389 tp=0.3158  [18.6s]
   median nu  = 0.807
   median |eta| = 0.213
  rho=0.21343 (10/20)
    fp=0.0501 tp=0.4000  [18.2s]
   median nu  = 0.871
   median |eta| = 0.166
  rho=0.18907 (11/20)
    fp=0.0628 tp=0.4421  [23.1s]
   median nu  = 0.936
   median |eta| = 0.123
  rho=0.16749 (12/20)
    fp=0.0756 tp=0.5368  [20.2s]
   median nu  = 0.996
   median |eta| = 0.087
  rho=0.14838 (13/20)
    fp=0.0929 tp=0.5684  [26.6s]
   median nu  = 1.061
   median |eta| = 0.063
  rho=0.13144 (14/20)
    fp=0.1071 tp=0.5895  [91.4s]
   median nu  = 1.134
   median |eta| = 0.05
  rho=0.11644 (15/20)
    fp=0.1228 tp=0.6316  [49.0s]
   median nu  = 1.2
   median |eta| = 0.04
  rho=0.10315 (16/20)
    fp=0.1392 tp=0.6737  [22.7s]
   median nu  = 1.29
   median |eta| = 0.028
  rho=0.09138 (17/20)
    fp=0.1561 tp=0.7053  [17.7s]
   median nu  = 1.367
   median |eta| = 0.02
  rho=0.08095 (18/20)
    fp=0.1712 tp=0.7158  [14.1s]
   median nu  = 1.464
   median |eta| = 0.015
  rho=0.07171 (19/20)
    fp=0.1856 tp=0.7579  [11.7s]
   median nu  = 1.556
   median |eta| = 0.012
  rho=0.06352 (20/20)
    fp=0.2062 tp=0.7684  [10.7s]
   median nu  = 1.649
   median |eta| = 0.01
  rho=0.05627 (21/21)  [extra 1/50]
    fp=0.2231 tp=0.7789  [8.4s]
   median nu  = 1.732
   median |eta| = 0.009
  rho=0.04985 (22/22)  [extra 2/50]
    fp=0.2377 tp=0.7789  [6.4s]
   median nu  = 1.807
   median |eta| = 0.007
  rho=0.04416 (23/23)  [extra 3/50]
    fp=0.2531 tp=0.7789  [6.0s]
   median nu  = 1.893
   median |eta| = 0.005
  rho=0.03912 (24/24)  [extra 4/50]
    fp=0.2655 tp=0.7789  [5.5s]
   median nu  = 1.998
   median |eta| = 0.004
  rho=0.03466 (25/25)  [extra 5/50]
    fp=0.2801 tp=0.8211  [6.4s]
   median nu  = 2.121
   median |eta| = 0.003
  rho=0.03070 (26/26)  [extra 6/50]
    fp=0.2954 tp=0.8211  [6.6s]
   median nu  = 2.242
   median |eta| = 0.002
  rho=0.02720 (27/27)  [extra 7/50]
    fp=0.3100 tp=0.8421  [6.7s]
   median nu  = 2.377
   median |eta| = 0.002
  FPR 0.3100 >= fp_end=0.3; stopping after 27 fits
  grid extended by 7 points down to rho=0.02720, ending at FPR 0.3100
  graphical_lasso rho_max = max|S_ij| (off-diag) = 8.05667
  rho grid: [8.05667096 7.13713725 6.32255287 5.60093961 4.9616864  4.39539321
 3.89373287 3.44932864 3.05564569 2.70689504 2.39794842 2.12426287
 1.88181393 1.66703647 1.47677225 1.30822349 1.15891174 1.02664143
 0.90946755 0.8056671 ]
Running graphical_lasso over 20 rho values, extending until FPR >= 0.3...
  rho=8.05667 (1/20)
    fp=0.0000 tp=0.0000  [0.0s]
  rho=7.13714 (2/20)
    fp=0.0002 tp=0.0000  [0.0s]
  rho=6.32255 (3/20)
    fp=0.0004 tp=0.0000  [36.2s]
  rho=5.60094 (4/20)
    fp=0.0004 tp=0.0000  [0.1s]
  rho=4.96169 (5/20)
    fp=0.0016 tp=0.0000  [30.8s]
  rho=4.39539 (6/20)
    fp=0.0029 tp=0.0000  [36.7s]
  rho=3.89373 (7/20)
    fp=0.0045 tp=0.0000  [35.9s]
  rho=3.44933 (8/20)
    fp=0.0068 tp=0.0000  [36.0s]
  rho=3.05565 (9/20)
    fp=0.0097 tp=0.0000  [36.1s]
  rho=2.70690 (10/20)
    fp=0.0134 tp=0.0000  [41.4s]
  rho=2.39795 (11/20)
    fp=0.0163 tp=0.0211  [3.1s]
  rho=2.12426 (12/20)
    fp=0.0235 tp=0.0211  [0.8s]
  rho=1.88181 (13/20)
    fp=0.0319 tp=0.0211  [2.2s]
  rho=1.66704 (14/20)
    fp=0.0410 tp=0.0421  [3.9s]
  rho=1.47677 (15/20)
    fp=0.0490 tp=0.0737  [11.3s]
  rho=1.30822 (16/20)
    fp=0.0564 tp=0.0947  [5.8s]
  rho=1.15891 (17/20)
    fp=0.0643 tp=0.1053  [8.2s]
  rho=1.02664 (18/20)
    fp=0.0721 tp=0.1263  [2.7s]
  rho=0.90947 (19/20)
    fp=0.0828 tp=0.1368  [8.1s]
  rho=0.80567 (20/20)
    fp=0.0894 tp=0.1789  [7.1s]
  rho=0.71371 (21/21)  [extra 1/50]
    fp=0.0972 tp=0.2316  [31.8s]
  rho=0.63226 (22/22)  [extra 2/50]
    fp=0.1050 tp=0.2632  [0.1s]
  rho=0.56009 (23/23)  [extra 3/50]
    fp=0.1125 tp=0.3053  [5.3s]
  rho=0.49617 (24/24)  [extra 4/50]
    fp=0.1195 tp=0.3579  [1.1s]
  rho=0.43954 (25/25)  [extra 5/50]
    fp=0.1277 tp=0.3789  [8.7s]
  rho=0.38937 (26/26)  [extra 6/50]
    fp=0.1366 tp=0.3895  [19.8s]
  rho=0.34493 (27/27)  [extra 7/50]
    fp=0.1467 tp=0.4316  [21.5s]
  rho=0.30556 (28/28)  [extra 8/50]
    fp=0.1590 tp=0.4632  [1.1s]
  rho=0.27069 (29/29)  [extra 9/50]
    fp=0.1708 tp=0.5158  [16.9s]
  rho=0.23979 (30/30)  [extra 10/50]
    fp=0.1858 tp=0.5474  [2.2s]
  rho=0.21243 (31/31)  [extra 11/50]
    fp=0.2021 tp=0.5789  [16.9s]
  rho=0.18818 (32/32)  [extra 12/50]
    fp=0.2247 tp=0.6105  [12.9s]
  rho=0.16670 (33/33)  [extra 13/50]
    fp=0.2422 tp=0.6737  [12.2s]
  rho=0.14768 (34/34)  [extra 14/50]
    fp=0.2587 tp=0.7053  [34.2s]
  rho=0.13082 (35/35)  [extra 15/50]
    fp=0.2805 tp=0.7579  [7.1s]
  rho=0.11589 (36/36)  [extra 16/50]
    fp=0.3079 tp=0.7895  [18.3s]
  FPR 0.3079 >= fp_end=0.3; stopping after 36 fits
  [note] 9/36 fits hit a glasso ConvergenceWarning (suppressed)
  grid extended by 16 points down to rho=0.11589, ending at FPR 0.3079
  [warn] mean_roc averages out to FPR 0.300 but the shortest replicate only reached 0.011; its TPR is held flat above that
  [warn] mean_roc averages out to FPR 0.300 but the shortest replicate only reached 0.229; its TPR is held flat above that

(p=100, n=50) over 33 replicates
  t+lasso  (run_em_diagonal):    AUC = 0.192 (SE 0.003)
  ~t+lasso (run_em_exact):       AUC = 0.193 (SE 0.003)
  tlasso   (run_tlasso):         AUC = 0.191 (SE 0.003)
  t*lasso  (run_tstar_varlasso): AUC = 0.189 (SE 0.003)
  glasso   (graphical_lasso):    AUC = 0.147 (SE 0.005)
Replicate 34/50
  Theta: 91/4950 edges
  pilot fit of run_tlasso at rho=30.34854
  -> rho_max = max|S_ij| (off-diag) = 17.38736
  [warn] pilot rho 30.34854 > rho_max 17.38736: it falls off the top of this method's grid
  rho grid: [17.38735985 15.40288466 13.644904   12.08756731 10.70797446  9.48583896
  8.40318972  7.4441067   6.59448691  5.84183696  5.17508935  4.5844398
  4.06120297  3.59768484  3.18706952  2.82331905  2.50108458  2.21562777
  1.96275106  1.73873598]
Running run_tlasso over 20 rho values, extending until FPR >= 0.3...
  rho=17.38736 (1/20)
    fp=0.0000 tp=0.0000  [0.3s]
   nu  = 3.0000
  rho=15.40288 (2/20)
    fp=0.0000 tp=0.0000  [0.2s]
   nu  = 3.0000
  rho=13.64490 (3/20)
    fp=0.0000 tp=0.0110  [0.4s]
   nu  = 3.0000
  rho=12.08757 (4/20)
    fp=0.0000 tp=0.0220  [0.4s]
   nu  = 3.0000
  rho=10.70797 (5/20)
    fp=0.0000 tp=0.0220  [0.3s]
   nu  = 3.0000
  rho=9.48584 (6/20)
    fp=0.0002 tp=0.0220  [0.4s]
   nu  = 3.0000
  rho=8.40319 (7/20)
    fp=0.0002 tp=0.0330  [0.4s]
   nu  = 3.0000
  rho=7.44411 (8/20)
    fp=0.0008 tp=0.0659  [0.5s]
   nu  = 3.0000
  rho=6.59449 (9/20)
    fp=0.0012 tp=0.1099  [0.5s]
   nu  = 3.0000
  rho=5.84184 (10/20)
    fp=0.0025 tp=0.1099  [0.5s]
   nu  = 3.0000
  rho=5.17509 (11/20)
    fp=0.0033 tp=0.1209  [0.5s]
   nu  = 3.0000
  rho=4.58444 (12/20)
    fp=0.0051 tp=0.1429  [0.6s]
   nu  = 3.0000
  rho=4.06120 (13/20)
    fp=0.0078 tp=0.1429  [0.6s]
   nu  = 3.0000
  rho=3.59768 (14/20)
    fp=0.0113 tp=0.2198  [0.7s]
   nu  = 3.0000
  rho=3.18707 (15/20)
    fp=0.0185 tp=0.2747  [0.8s]
   nu  = 3.0000
  rho=2.82332 (16/20)
    fp=0.0259 tp=0.3516  [0.7s]
   nu  = 3.0000
  rho=2.50108 (17/20)
    fp=0.0414 tp=0.4286  [0.7s]
   nu  = 3.0000
  rho=2.21563 (18/20)
    fp=0.0667 tp=0.5604  [2.2s]
   nu  = 3.0000
  rho=1.96275 (19/20)
    fp=0.1140 tp=0.6593  [3.5s]
   nu  = 3.0000
  rho=1.73874 (20/20)
    fp=0.1951 tp=0.7582  [11.8s]
   nu  = 3.0000
  rho=1.54029 (21/21)  [extra 1/50]
    fp=0.2807 tp=0.8242  [6.7s]
   nu  = 3.0000
  rho=1.36449 (22/22)  [extra 2/50]
    fp=0.3143 tp=0.8242  [13.6s]
   nu  = 3.0000
  FPR 0.3143 >= fp_end=0.3; stopping after 22 fits
  grid extended by 2 points down to rho=1.36449, ending at FPR 0.3143
  pilot fit of run_tstar_varlasso at rho=0.30349
  -> rho_max = max|S_ij| (off-diag) = 0.54390
  rho grid: [0.54389974 0.48182271 0.42683074 0.37811518 0.33495968 0.29672966
 0.26286295 0.23286156 0.20628432 0.18274043 0.16188368 0.14340737
 0.12703983 0.11254037 0.09969577 0.08831717 0.07823725 0.06930778
 0.06139746 0.05438997]
Running run_tstar_varlasso over 20 rho values, extending until FPR >= 0.3...
  rho=0.54390 (1/20)
    fp=0.0006 tp=0.0330  [0.4s]
   nu  = 3.0000
  rho=0.48182 (2/20)
    fp=0.0008 tp=0.0549  [0.3s]
   nu  = 3.0000
  rho=0.42683 (3/20)
    fp=0.0012 tp=0.0769  [0.3s]
   nu  = 3.0000
  rho=0.37812 (4/20)
    fp=0.0023 tp=0.1209  [0.3s]
   nu  = 3.0000
  rho=0.33496 (5/20)
    fp=0.0043 tp=0.1209  [0.4s]
   nu  = 3.0000
  rho=0.29673 (6/20)
    fp=0.0076 tp=0.1648  [0.4s]
   nu  = 3.0000
  rho=0.26286 (7/20)
    fp=0.0156 tp=0.2308  [0.4s]
   nu  = 3.0000
  rho=0.23286 (8/20)
    fp=0.0212 tp=0.2527  [0.4s]
   nu  = 3.0000
  rho=0.20628 (9/20)
    fp=0.0340 tp=0.3297  [0.4s]
   nu  = 3.0000
  rho=0.18274 (10/20)
    fp=0.0482 tp=0.4286  [0.4s]
   nu  = 3.0000
  rho=0.16188 (11/20)
    fp=0.0630 tp=0.5055  [0.4s]
   nu  = 3.0000
  rho=0.14341 (12/20)
    fp=0.0844 tp=0.5495  [0.6s]
   nu  = 3.0000
  rho=0.12704 (13/20)
    fp=0.1062 tp=0.5934  [0.6s]
   nu  = 3.0000
  rho=0.11254 (14/20)
    fp=0.1303 tp=0.6923  [0.4s]
   nu  = 3.0000
  rho=0.09970 (15/20)
    fp=0.1560 tp=0.6923  [0.5s]
   nu  = 3.0000
  rho=0.08832 (16/20)
    fp=0.1784 tp=0.7033  [0.5s]
   nu  = 3.0000
  rho=0.07824 (17/20)
    fp=0.2000 tp=0.7253  [0.5s]
   nu  = 3.0000
  rho=0.06931 (18/20)
    fp=0.2221 tp=0.7473  [0.7s]
   nu  = 3.0000
  rho=0.06140 (19/20)
    fp=0.2468 tp=0.7692  [0.6s]
   nu  = 3.0000
  rho=0.05439 (20/20)
    fp=0.2688 tp=0.7912  [0.9s]
   nu  = 3.0000
  rho=0.04818 (21/21)  [extra 1/50]
    fp=0.2879 tp=0.8022  [1.0s]
   nu  = 3.0000
  rho=0.04268 (22/22)  [extra 2/50]
    fp=0.3120 tp=0.8242  [1.0s]
   nu  = 3.0000
  FPR 0.3120 >= fp_end=0.3; stopping after 22 fits
  grid extended by 2 points down to rho=0.04268, ending at FPR 0.3120
  pilot fit of run_em_diagonal at rho=0.30349
  -> rho_max = max|S_ij| (off-diag) = 0.71775
  rho grid: [0.71775119 0.63583194 0.5632624  0.49897545 0.44202578 0.39157596
 0.34688414 0.30729314 0.27222079 0.24115136 0.21362798 0.18924593
 0.16764669 0.14851263 0.13156241 0.11654677 0.10324491 0.09146124
 0.08102247 0.07177512]
Running run_em_diagonal over 20 rho values, extending until FPR >= 0.3...
  rho=0.71775 (1/20)
    fp=0.0014 tp=0.0220  [20.6s]
   median nu  = 0.065
   median |eta| = 2.912
  rho=0.63583 (2/20)
    fp=0.0023 tp=0.0549  [19.9s]
   median nu  = 0.074
   median |eta| = 2.601
  rho=0.56326 (3/20)
    fp=0.0025 tp=0.0879  [19.7s]
   median nu  = 0.087
   median |eta| = 2.17
  rho=0.49898 (4/20)
    fp=0.0054 tp=0.0879  [22.4s]
   median nu  = 0.105
   median |eta| = 2.014
  rho=0.44203 (5/20)
    fp=0.0099 tp=0.1429  [26.1s]
   median nu  = 0.127
   median |eta| = 1.782
  rho=0.39158 (6/20)
    fp=0.0140 tp=0.2308  [22.2s]
   median nu  = 0.157
   median |eta| = 1.565
  rho=0.34688 (7/20)
    fp=0.0226 tp=0.2637  [19.3s]
   median nu  = 0.195
   median |eta| = 1.55
  rho=0.30729 (8/20)
    fp=0.0309 tp=0.3187  [19.5s]
   median nu  = 0.239
   median |eta| = 1.365
  rho=0.27222 (9/20)
    fp=0.0459 tp=0.3956  [20.7s]
   median nu  = 0.274
   median |eta| = 1.299
  rho=0.24115 (10/20)
    fp=0.0597 tp=0.4945  [19.5s]
   median nu  = 0.331
   median |eta| = 1.095
  rho=0.21363 (11/20)
    fp=0.0745 tp=0.5385  [60.9s]
   median nu  = 0.364
   median |eta| = 0.957
  rho=0.18925 (12/20)
    fp=0.0891 tp=0.5824  [88.8s]
   median nu  = 0.404
   median |eta| = 0.872
  rho=0.16765 (13/20)
    fp=0.1052 tp=0.6154  [88.8s]
   median nu  = 0.464
   median |eta| = 0.721
  rho=0.14851 (14/20)
    fp=0.1233 tp=0.6593  [89.9s]
   median nu  = 0.529
   median |eta| = 0.567
  rho=0.13156 (15/20)
    fp=0.1408 tp=0.6923  [77.3s]
   median nu  = 0.552
   median |eta| = 0.461
  rho=0.11655 (16/20)
    fp=0.1558 tp=0.7253  [74.1s]
   median nu  = 0.606
   median |eta| = 0.346
  rho=0.10324 (17/20)
    fp=0.1729 tp=0.7253  [81.0s]
   median nu  = 0.663
   median |eta| = 0.236
  rho=0.09146 (18/20)
    fp=0.1906 tp=0.7473  [81.4s]
   median nu  = 0.753
   median |eta| = 0.177
  rho=0.08102 (19/20)
    fp=0.2035 tp=0.7473  [79.7s]
   median nu  = 0.841
   median |eta| = 0.13
  rho=0.07178 (20/20)
    fp=0.2169 tp=0.7582  [76.1s]
   median nu  = 0.939
   median |eta| = 0.098
  rho=0.06358 (21/21)  [extra 1/50]
    fp=0.2313 tp=0.7692  [75.9s]
   median nu  = 1.07
   median |eta| = 0.064
  rho=0.05633 (22/22)  [extra 2/50]
    fp=0.2410 tp=0.7802  [80.9s]
   median nu  = 1.152
   median |eta| = 0.053
  rho=0.04990 (23/23)  [extra 3/50]
    fp=0.2531 tp=0.7912  [90.7s]
   median nu  = 1.294
   median |eta| = 0.038
  rho=0.04420 (24/24)  [extra 4/50]
    fp=0.2649 tp=0.7802  [88.1s]
   median nu  = 1.411
   median |eta| = 0.029
  rho=0.03916 (25/25)  [extra 5/50]
    fp=0.2754 tp=0.7912  [72.3s]
   median nu  = 1.553
   median |eta| = 0.024
  rho=0.03469 (26/26)  [extra 6/50]
    fp=0.2879 tp=0.7692  [59.5s]
   median nu  = 1.659
   median |eta| = 0.018
  rho=0.03073 (27/27)  [extra 7/50]
    fp=0.3029 tp=0.7802  [19.8s]
   median nu  = 1.751
   median |eta| = 0.015
  FPR 0.3029 >= fp_end=0.3; stopping after 27 fits
  grid extended by 7 points down to rho=0.03073, ending at FPR 0.3029
  pilot fit of run_em_exact at rho=0.30349
  -> rho_max = max|S_ij| (off-diag) = 0.72404
  rho grid: [0.72403731 0.6414006  0.5681955  0.50334552 0.44589708 0.39500542
 0.34992218 0.30998444 0.27460492 0.24326338 0.21549895 0.19090336
 0.16911495 0.14981332 0.13271464 0.11756749 0.10414914 0.09226226
 0.08173207 0.07240373]
Running run_em_exact over 20 rho values, extending until FPR >= 0.3...
  rho=0.72404 (1/20)
    fp=0.0014 tp=0.0220  [23.4s]
   median nu  = 0.064
   median |eta| = 2.929
  rho=0.64140 (2/20)
    fp=0.0023 tp=0.0549  [22.1s]
   median nu  = 0.073
   median |eta| = 2.535
  rho=0.56820 (3/20)
    fp=0.0025 tp=0.0769  [34.7s]
   median nu  = 0.086
   median |eta| = 2.158
  rho=0.50335 (4/20)
    fp=0.0056 tp=0.0879  [72.3s]
   median nu  = 0.103
   median |eta| = 1.784
  rho=0.44590 (5/20)
    fp=0.0097 tp=0.1319  [25.4s]
   median nu  = 0.126
   median |eta| = 1.568
  rho=0.39501 (6/20)
    fp=0.0136 tp=0.2308  [21.9s]
   median nu  = 0.157
   median |eta| = 1.374
  rho=0.34992 (7/20)
    fp=0.0218 tp=0.2637  [51.8s]
   median nu  = 0.204
   median |eta| = 1.169
  rho=0.30998 (8/20)
    fp=0.0300 tp=0.3297  [25.8s]
   median nu  = 0.249
   median |eta| = 0.949
  rho=0.27460 (9/20)
    fp=0.0467 tp=0.4066  [25.1s]
   median nu  = 0.304
   median |eta| = 0.773
  rho=0.24326 (10/20)
    fp=0.0595 tp=0.4835  [27.3s]
   median nu  = 0.363
   median |eta| = 0.587
  rho=0.21550 (11/20)
    fp=0.0799 tp=0.5385  [26.9s]
   median nu  = 0.442
   median |eta| = 0.39
  rho=0.19090 (12/20)
    fp=0.0934 tp=0.6044  [23.2s]
   median nu  = 0.513
   median |eta| = 0.244
  rho=0.16911 (13/20)
    fp=0.1093 tp=0.6264  [22.0s]
   median nu  = 0.584
   median |eta| = 0.166
  rho=0.14981 (14/20)
    fp=0.1253 tp=0.6593  [21.0s]
   median nu  = 0.671
   median |eta| = 0.115
  rho=0.13271 (15/20)
    fp=0.1439 tp=0.7033  [23.6s]
   median nu  = 0.769
   median |eta| = 0.083
  rho=0.11757 (16/20)
    fp=0.1589 tp=0.7253  [25.1s]
   median nu  = 0.869
   median |eta| = 0.059
  rho=0.10415 (17/20)
    fp=0.1747 tp=0.7473  [29.2s]
   median nu  = 0.958
   median |eta| = 0.046
  rho=0.09226 (18/20)
    fp=0.1926 tp=0.7473  [77.3s]
   median nu  = 1.048
   median |eta| = 0.032
  rho=0.08173 (19/20)
    fp=0.2064 tp=0.7802  [49.8s]
   median nu  = 1.132
   median |eta| = 0.024
  rho=0.07240 (20/20)
    fp=0.2210 tp=0.7802  [25.5s]
   median nu  = 1.241
   median |eta| = 0.019
  rho=0.06414 (21/21)  [extra 1/50]
    fp=0.2342 tp=0.7802  [17.8s]
   median nu  = 1.322
   median |eta| = 0.014
  rho=0.05682 (22/22)  [extra 2/50]
    fp=0.2490 tp=0.7802  [12.6s]
   median nu  = 1.438
   median |eta| = 0.011
  rho=0.05033 (23/23)  [extra 3/50]
    fp=0.2599 tp=0.8132  [8.2s]
   median nu  = 1.532
   median |eta| = 0.008
  rho=0.04459 (24/24)  [extra 4/50]
    fp=0.2710 tp=0.8132  [7.1s]
   median nu  = 1.617
   median |eta| = 0.006
  rho=0.03950 (25/25)  [extra 5/50]
    fp=0.2820 tp=0.8132  [6.5s]
   median nu  = 1.751
   median |eta| = 0.005
  rho=0.03499 (26/26)  [extra 6/50]
    fp=0.2968 tp=0.8352  [6.6s]
   median nu  = 1.853
   median |eta| = 0.004
  rho=0.03100 (27/27)  [extra 7/50]
    fp=0.3083 tp=0.8352  [8.2s]
   median nu  = 1.951
   median |eta| = 0.003
  FPR 0.3083 >= fp_end=0.3; stopping after 27 fits
  grid extended by 7 points down to rho=0.03100, ending at FPR 0.3083
  graphical_lasso rho_max = max|S_ij| (off-diag) = 1.49857
  rho grid: [1.4985732  1.32753623 1.17602026 1.04179729 0.92289362 0.81756081
 0.72424997 0.641589   0.56836239 0.50349336 0.44602805 0.39512144
 0.35002496 0.31007549 0.27468558 0.24333483 0.21556225 0.19095943
 0.16916462 0.14985732]
Running graphical_lasso over 20 rho values, extending until FPR >= 0.3...
  rho=1.49857 (1/20)
    fp=0.0000 tp=0.0000  [0.0s]
  rho=1.32754 (2/20)
    fp=0.0014 tp=0.0220  [0.1s]
  rho=1.17602 (3/20)
    fp=0.0031 tp=0.0440  [35.0s]
  rho=1.04180 (4/20)
    fp=0.0047 tp=0.0549  [35.2s]
  rho=0.92289 (5/20)
    fp=0.0080 tp=0.0549  [37.5s]
  rho=0.81756 (6/20)
    fp=0.0117 tp=0.0879  [33.3s]
  rho=0.72425 (7/20)
    fp=0.0179 tp=0.1209  [32.8s]
  rho=0.64159 (8/20)
    fp=0.0268 tp=0.1758  [27.6s]
  rho=0.56836 (9/20)
    fp=0.0377 tp=0.1978  [37.2s]
  rho=0.50349 (10/20)
    fp=0.0515 tp=0.2747  [1.5s]
  rho=0.44603 (11/20)
    fp=0.0661 tp=0.3297  [0.7s]
  rho=0.39512 (12/20)
    fp=0.0848 tp=0.3736  [3.5s]
  rho=0.35002 (13/20)
    fp=0.1103 tp=0.4396  [0.3s]
  rho=0.31008 (14/20)
    fp=0.1297 tp=0.5275  [1.1s]
  rho=0.27469 (15/20)
    fp=0.1476 tp=0.6044  [4.0s]
  rho=0.24333 (16/20)
    fp=0.1679 tp=0.6703  [0.2s]
  rho=0.21556 (17/20)
    fp=0.1904 tp=0.6923  [0.5s]
  rho=0.19096 (18/20)
    fp=0.2081 tp=0.7033  [0.4s]
  rho=0.16916 (19/20)
    fp=0.2280 tp=0.7143  [1.2s]
  rho=0.14986 (20/20)
    fp=0.2480 tp=0.7473  [2.9s]
  rho=0.13275 (21/21)  [extra 1/50]
    fp=0.2731 tp=0.7802  [4.4s]
  rho=0.11760 (22/22)  [extra 2/50]
    fp=0.2966 tp=0.7912  [0.6s]
  rho=0.10418 (23/23)  [extra 3/50]
    fp=0.3188 tp=0.8132  [0.9s]
  FPR 0.3188 >= fp_end=0.3; stopping after 23 fits
  [note] 7/23 fits hit a glasso ConvergenceWarning (suppressed)
  grid extended by 3 points down to rho=0.10418, ending at FPR 0.3188
  [warn] mean_roc averages out to FPR 0.300 but the shortest replicate only reached 0.011; its TPR is held flat above that
  [warn] mean_roc averages out to FPR 0.300 but the shortest replicate only reached 0.229; its TPR is held flat above that

(p=100, n=50) over 34 replicates
  t+lasso  (run_em_diagonal):    AUC = 0.192 (SE 0.003)
  ~t+lasso (run_em_exact):       AUC = 0.193 (SE 0.002)
  tlasso   (run_tlasso):         AUC = 0.191 (SE 0.003)
  t*lasso  (run_tstar_varlasso): AUC = 0.189 (SE 0.003)
  glasso   (graphical_lasso):    AUC = 0.147 (SE 0.005)
Replicate 35/50
  Theta: 99/4950 edges
  pilot fit of run_tlasso at rho=30.34854
  -> rho_max = max|S_ij| (off-diag) = 14.18566
  [warn] pilot rho 30.34854 > rho_max 14.18566: it falls off the top of this method's grid
  rho grid: [14.18565563 12.56660122 11.13233469  9.8617656   8.73621064  7.73911888
  6.85582841  6.0733507   5.3801797   4.76612252  4.22214966  3.74026217
  3.31337404  2.93520803  2.60020331  2.30343376  2.04053548  1.80764261
  1.60133056  1.41856556]
Running run_tlasso over 20 rho values, extending until FPR >= 0.3...
  rho=14.18566 (1/20)
    fp=0.0000 tp=0.0000  [0.2s]
   nu  = 3.0000
  rho=12.56660 (2/20)
    fp=0.0000 tp=0.0000  [0.1s]
   nu  = 3.0000
  rho=11.13233 (3/20)
    fp=0.0000 tp=0.0000  [0.1s]
   nu  = 3.0000
  rho=9.86177 (4/20)
    fp=0.0000 tp=0.0000  [0.2s]
   nu  = 3.0000
  rho=8.73621 (5/20)
    fp=0.0002 tp=0.0101  [0.3s]
   nu  = 3.0000
  rho=7.73912 (6/20)
    fp=0.0004 tp=0.0101  [0.3s]
   nu  = 3.0000
  rho=6.85583 (7/20)
    fp=0.0006 tp=0.0404  [0.3s]
   nu  = 3.0000
  rho=6.07335 (8/20)
    fp=0.0010 tp=0.0505  [0.4s]
   nu  = 3.0000
  rho=5.38018 (9/20)
    fp=0.0019 tp=0.1212  [0.3s]
   nu  = 3.0000
  rho=4.76612 (10/20)
    fp=0.0029 tp=0.1414  [0.4s]
   nu  = 3.0000
  rho=4.22215 (11/20)
    fp=0.0058 tp=0.1616  [0.5s]
   nu  = 3.0000
  rho=3.74026 (12/20)
    fp=0.0107 tp=0.2222  [0.7s]
   nu  = 3.0000
  rho=3.31337 (13/20)
    fp=0.0161 tp=0.2424  [1.7s]
   nu  = 3.0000
  rho=2.93521 (14/20)
    fp=0.0223 tp=0.2929  [2.9s]
   nu  = 3.0000
  rho=2.60020 (15/20)
    fp=0.0336 tp=0.3838  [3.0s]
   nu  = 3.0000
  rho=2.30343 (16/20)
    fp=0.0573 tp=0.4545  [3.7s]
   nu  = 3.0000
  rho=2.04054 (17/20)
    fp=0.0948 tp=0.6364  [2.6s]
   nu  = 3.0000
  rho=1.80764 (18/20)
    fp=0.2181 tp=0.7374  [6.8s]
   nu  = 3.0000
  rho=1.60133 (19/20)
    fp=0.2680 tp=0.7475  [10.0s]
   nu  = 3.0000
  rho=1.41857 (20/20)
    fp=0.3096 tp=0.7980  [34.8s]
   nu  = 3.0000
  FPR 0.3096 >= fp_end=0.3; stopping after 20 fits
  pilot fit of run_tstar_varlasso at rho=0.30349
  -> rho_max = max|S_ij| (off-diag) = 0.49491
  rho grid: [0.49491408 0.43842795 0.38838876 0.3440607  0.30479195 0.27000507
 0.23918852 0.21188917 0.18770558 0.16628214 0.14730382 0.13049157
 0.11559814 0.10240456 0.0907168  0.080363   0.07119091 0.06306566
 0.05586778 0.04949141]
Running run_tstar_varlasso over 20 rho values, extending until FPR >= 0.3...
  rho=0.49491 (1/20)
    fp=0.0002 tp=0.0101  [0.3s]
   nu  = 3.0000
  rho=0.43843 (2/20)
    fp=0.0004 tp=0.0202  [0.2s]
   nu  = 3.0000
  rho=0.38839 (3/20)
    fp=0.0010 tp=0.0909  [0.2s]
   nu  = 3.0000
  rho=0.34406 (4/20)
    fp=0.0035 tp=0.1010  [0.2s]
   nu  = 3.0000
  rho=0.30479 (5/20)
    fp=0.0058 tp=0.1414  [0.2s]
   nu  = 3.0000
  rho=0.27001 (6/20)
    fp=0.0101 tp=0.2222  [0.2s]
   nu  = 3.0000
  rho=0.23919 (7/20)
    fp=0.0171 tp=0.2828  [0.2s]
   nu  = 3.0000
  rho=0.21189 (8/20)
    fp=0.0293 tp=0.3131  [0.2s]
   nu  = 3.0000
  rho=0.18771 (9/20)
    fp=0.0435 tp=0.3838  [0.3s]
   nu  = 3.0000
  rho=0.16628 (10/20)
    fp=0.0635 tp=0.4545  [0.3s]
   nu  = 3.0000
  rho=0.14730 (11/20)
    fp=0.0771 tp=0.5051  [0.4s]
   nu  = 3.0000
  rho=0.13049 (12/20)
    fp=0.0977 tp=0.5556  [0.4s]
   nu  = 3.0000
  rho=0.11560 (13/20)
    fp=0.1189 tp=0.6061  [0.4s]
   nu  = 3.0000
  rho=0.10240 (14/20)
    fp=0.1435 tp=0.6667  [0.4s]
   nu  = 3.0000
  rho=0.09072 (15/20)
    fp=0.1686 tp=0.6970  [0.4s]
   nu  = 3.0000
  rho=0.08036 (16/20)
    fp=0.1929 tp=0.7172  [0.4s]
   nu  = 3.0000
  rho=0.07119 (17/20)
    fp=0.2134 tp=0.7374  [0.4s]
   nu  = 3.0000
  rho=0.06307 (18/20)
    fp=0.2346 tp=0.7576  [0.4s]
   nu  = 3.0000
  rho=0.05587 (19/20)
    fp=0.2544 tp=0.7879  [0.4s]
   nu  = 3.0000
  rho=0.04949 (20/20)
    fp=0.2760 tp=0.8081  [0.4s]
   nu  = 3.0000
  rho=0.04384 (21/21)  [extra 1/50]
    fp=0.2983 tp=0.8081  [0.4s]
   nu  = 3.0000
  rho=0.03884 (22/22)  [extra 2/50]
    fp=0.3193 tp=0.8081  [0.5s]
   nu  = 3.0000
  FPR 0.3193 >= fp_end=0.3; stopping after 22 fits
  grid extended by 2 points down to rho=0.03884, ending at FPR 0.3193
  pilot fit of run_em_diagonal at rho=0.30349
  -> rho_max = max|S_ij| (off-diag) = 0.67206
  rho grid: [0.67205718 0.59535313 0.52740357 0.46720931 0.41388521 0.36664716
 0.32480054 0.28773002 0.25489047 0.225799   0.20002783 0.17719802
 0.15697384 0.13905791 0.12318678 0.10912708 0.09667206 0.08563856
 0.07586436 0.06720572]
Running run_em_diagonal over 20 rho values, extending until FPR >= 0.3...
  rho=0.67206 (1/20)
    fp=0.0016 tp=0.0101  [20.1s]
   median nu  = 0.066
   median |eta| = 2.679
  rho=0.59535 (2/20)
    fp=0.0025 tp=0.0505  [23.7s]
   median nu  = 0.076
   median |eta| = 2.411
  rho=0.52740 (3/20)
    fp=0.0052 tp=0.0909  [25.7s]
   median nu  = 0.089
   median |eta| = 2.377
  rho=0.46721 (4/20)
    fp=0.0080 tp=0.1212  [21.3s]
   median nu  = 0.108
   median |eta| = 2.153
  rho=0.41389 (5/20)
    fp=0.0136 tp=0.2020  [23.7s]
   median nu  = 0.135
   median |eta| = 1.983
  rho=0.36665 (6/20)
    fp=0.0192 tp=0.2626  [26.2s]
   median nu  = 0.164
   median |eta| = 1.808
  rho=0.32480 (7/20)
    fp=0.0268 tp=0.3131  [23.5s]
   median nu  = 0.192
   median |eta| = 1.548
  rho=0.28773 (8/20)
    fp=0.0392 tp=0.3232  [46.5s]
   median nu  = 0.25
   median |eta| = 1.335
  rho=0.25489 (9/20)
    fp=0.0532 tp=0.4040  [88.1s]
   median nu  = 0.29
   median |eta| = 1.132
  rho=0.22580 (10/20)
    fp=0.0684 tp=0.4747  [90.2s]
   median nu  = 0.309
   median |eta| = 0.924
  rho=0.20003 (11/20)
    fp=0.0825 tp=0.5354  [90.6s]
   median nu  = 0.337
   median |eta| = 0.758
  rho=0.17720 (12/20)
    fp=0.0998 tp=0.5556  [92.4s]
   median nu  = 0.392
   median |eta| = 0.629
  rho=0.15697 (13/20)
    fp=0.1144 tp=0.6061  [89.6s]
   median nu  = 0.452
   median |eta| = 0.492
  rho=0.13906 (14/20)
    fp=0.1315 tp=0.6465  [92.0s]
   median nu  = 0.517
   median |eta| = 0.367
  rho=0.12319 (15/20)
    fp=0.1513 tp=0.6768  [90.3s]
   median nu  = 0.602
   median |eta| = 0.286
  rho=0.10913 (16/20)
    fp=0.1692 tp=0.6869  [91.7s]
   median nu  = 0.678
   median |eta| = 0.225
  rho=0.09667 (17/20)
    fp=0.1884 tp=0.7374  [80.1s]
   median nu  = 0.757
   median |eta| = 0.191
  rho=0.08564 (18/20)
    fp=0.2014 tp=0.7576  [81.4s]
   median nu  = 0.831
   median |eta| = 0.16
  rho=0.07586 (19/20)
    fp=0.2156 tp=0.7677  [78.7s]
   median nu  = 0.929
   median |eta| = 0.12
  rho=0.06721 (20/20)
    fp=0.2278 tp=0.7677  [77.7s]
   median nu  = 0.993
   median |eta| = 0.091
  rho=0.05954 (21/21)  [extra 1/50]
    fp=0.2402 tp=0.7778  [79.0s]
   median nu  = 1.076
   median |eta| = 0.063
  rho=0.05274 (22/22)  [extra 2/50]
    fp=0.2525 tp=0.7778  [76.2s]
   median nu  = 1.168
   median |eta| = 0.049
  rho=0.04672 (23/23)  [extra 3/50]
    fp=0.2657 tp=0.7879  [32.6s]
   median nu  = 1.27
   median |eta| = 0.038
  rho=0.04139 (24/24)  [extra 4/50]
    fp=0.2775 tp=0.7879  [30.2s]
   median nu  = 1.374
   median |eta| = 0.03
  rho=0.03666 (25/25)  [extra 5/50]
    fp=0.2867 tp=0.7778  [20.1s]
   median nu  = 1.477
   median |eta| = 0.024
  rho=0.03248 (26/26)  [extra 6/50]
    fp=0.3012 tp=0.7778  [22.7s]
   median nu  = 1.6
   median |eta| = 0.019
  FPR 0.3012 >= fp_end=0.3; stopping after 26 fits
  grid extended by 6 points down to rho=0.03248, ending at FPR 0.3012
  pilot fit of run_em_exact at rho=0.30349
  -> rho_max = max|S_ij| (off-diag) = 0.68271
  rho grid: [0.68270977 0.60478991 0.5357633  0.47461491 0.42044559 0.37245878
 0.32994887 0.29229074 0.25893066 0.22937808 0.20319842 0.18000673
 0.15946199 0.14126208 0.12513938 0.11085682 0.09820438 0.086996
 0.07706687 0.06827098]
Running run_em_exact over 20 rho values, extending until FPR >= 0.3...
  rho=0.68271 (1/20)
    fp=0.0012 tp=0.0101  [75.2s]
   median nu  = 0.065
   median |eta| = 2.696
  rho=0.60479 (2/20)
    fp=0.0025 tp=0.0505  [25.2s]
   median nu  = 0.075
   median |eta| = 2.348
  rho=0.53576 (3/20)
    fp=0.0047 tp=0.0909  [20.6s]
   median nu  = 0.087
   median |eta| = 2.333
  rho=0.47461 (4/20)
    fp=0.0072 tp=0.1111  [49.8s]
   median nu  = 0.107
   median |eta| = 1.943
  rho=0.42045 (5/20)
    fp=0.0134 tp=0.1717  [28.0s]
   median nu  = 0.136
   median |eta| = 1.736
  rho=0.37246 (6/20)
    fp=0.0186 tp=0.2626  [25.5s]
   median nu  = 0.172
   median |eta| = 1.459
  rho=0.32995 (7/20)
    fp=0.0264 tp=0.3131  [22.0s]
   median nu  = 0.231
   median |eta| = 1.113
  rho=0.29229 (8/20)
    fp=0.0379 tp=0.3131  [25.0s]
   median nu  = 0.268
   median |eta| = 0.799
  rho=0.25893 (9/20)
    fp=0.0557 tp=0.4040  [30.1s]
   median nu  = 0.319
   median |eta| = 0.593
  rho=0.22938 (10/20)
    fp=0.0691 tp=0.4747  [26.5s]
   median nu  = 0.391
   median |eta| = 0.44
  rho=0.20320 (11/20)
    fp=0.0841 tp=0.5354  [27.4s]
   median nu  = 0.456
   median |eta| = 0.291
  rho=0.18001 (12/20)
    fp=0.0994 tp=0.5657  [28.2s]
   median nu  = 0.529
   median |eta| = 0.202
  rho=0.15946 (13/20)
    fp=0.1138 tp=0.6162  [29.8s]
   median nu  = 0.605
   median |eta| = 0.155
  rho=0.14126 (14/20)
    fp=0.1323 tp=0.6364  [95.4s]
   median nu  = 0.683
   median |eta| = 0.1
  rho=0.12514 (15/20)
    fp=0.1513 tp=0.6667  [44.7s]
   median nu  = 0.769
   median |eta| = 0.071
  rho=0.11086 (16/20)
    fp=0.1705 tp=0.7071  [22.5s]
   median nu  = 0.855
   median |eta| = 0.053
  rho=0.09820 (17/20)
    fp=0.1872 tp=0.7273  [27.8s]
   median nu  = 0.947
   median |eta| = 0.044
  rho=0.08700 (18/20)
    fp=0.2037 tp=0.7778  [22.0s]
   median nu  = 1.055
   median |eta| = 0.031
  rho=0.07707 (19/20)
    fp=0.2177 tp=0.7778  [25.9s]
   median nu  = 1.158
   median |eta| = 0.025
  rho=0.06827 (20/20)
    fp=0.2309 tp=0.7778  [21.0s]
   median nu  = 1.257
   median |eta| = 0.02
  rho=0.06048 (21/21)  [extra 1/50]
    fp=0.2449 tp=0.7980  [20.1s]
   median nu  = 1.343
   median |eta| = 0.015
  rho=0.05358 (22/22)  [extra 2/50]
    fp=0.2583 tp=0.7980  [17.5s]
   median nu  = 1.446
   median |eta| = 0.013
  rho=0.04746 (23/23)  [extra 3/50]
    fp=0.2715 tp=0.8182  [14.6s]
   median nu  = 1.559
   median |eta| = 0.01
  rho=0.04204 (24/24)  [extra 4/50]
    fp=0.2820 tp=0.8182  [13.4s]
   median nu  = 1.663
   median |eta| = 0.008
  rho=0.03725 (25/25)  [extra 5/50]
    fp=0.2944 tp=0.8182  [13.2s]
   median nu  = 1.794
   median |eta| = 0.006
  rho=0.03299 (26/26)  [extra 6/50]
    fp=0.3063 tp=0.8182  [11.4s]
   median nu  = 1.917
   median |eta| = 0.005
  FPR 0.3063 >= fp_end=0.3; stopping after 26 fits
  grid extended by 6 points down to rho=0.03299, ending at FPR 0.3063
  graphical_lasso rho_max = max|S_ij| (off-diag) = 1.72341
  rho grid: [1.72340589 1.52670804 1.35245995 1.19809936 1.06135643 0.94022042
 0.83291004 0.73784735 0.65363446 0.57903306 0.51294616 0.45440197
 0.40253961 0.35659648 0.31589698 0.27984264 0.2479033  0.2196093
 0.19454459 0.17234059]
Running graphical_lasso over 20 rho values, extending until FPR >= 0.3...
  rho=1.72341 (1/20)
    fp=0.0000 tp=0.0000  [0.0s]
  rho=1.52671 (2/20)
    fp=0.0002 tp=0.0101  [0.0s]
  rho=1.35246 (3/20)
    fp=0.0010 tp=0.0101  [36.2s]
  rho=1.19810 (4/20)
    fp=0.0037 tp=0.0101  [32.7s]
  rho=1.06136 (5/20)
    fp=0.0066 tp=0.0303  [37.8s]
  rho=0.94022 (6/20)
    fp=0.0130 tp=0.0404  [44.4s]
  rho=0.83291 (7/20)
    fp=0.0229 tp=0.0505  [30.4s]
  rho=0.73785 (8/20)
    fp=0.0280 tp=0.1010  [0.1s]
  rho=0.65363 (9/20)
    fp=0.0392 tp=0.1616  [24.9s]
  rho=0.57903 (10/20)
    fp=0.0497 tp=0.2424  [0.1s]
  rho=0.51295 (11/20)
    fp=0.0610 tp=0.2727  [3.7s]
  rho=0.45440 (12/20)
    fp=0.0717 tp=0.2929  [3.6s]
  rho=0.40254 (13/20)
    fp=0.0841 tp=0.3737  [0.1s]
  rho=0.35660 (14/20)
    fp=0.0965 tp=0.3939  [1.5s]
  rho=0.31590 (15/20)
    fp=0.1115 tp=0.4040  [0.9s]
  rho=0.27984 (16/20)
    fp=0.1274 tp=0.5152  [4.4s]
  rho=0.24790 (17/20)
    fp=0.1470 tp=0.5758  [3.1s]
  rho=0.21961 (18/20)
    fp=0.1713 tp=0.6162  [1.3s]
  rho=0.19454 (19/20)
    fp=0.1936 tp=0.6566  [4.8s]
  rho=0.17234 (20/20)
    fp=0.2136 tp=0.6667  [0.1s]
  rho=0.15267 (21/21)  [extra 1/50]
    fp=0.2402 tp=0.6970  [6.1s]
  rho=0.13525 (22/22)  [extra 2/50]
    fp=0.2682 tp=0.7273  [1.3s]
  rho=0.11981 (23/23)  [extra 3/50]
    fp=0.2894 tp=0.7475  [2.8s]
  rho=0.10614 (24/24)  [extra 4/50]
    fp=0.3102 tp=0.7778  [2.7s]
  FPR 0.3102 >= fp_end=0.3; stopping after 24 fits
  [note] 6/24 fits hit a glasso ConvergenceWarning (suppressed)
  grid extended by 4 points down to rho=0.10614, ending at FPR 0.3102
  [warn] mean_roc averages out to FPR 0.300 but the shortest replicate only reached 0.011; its TPR is held flat above that
  [warn] mean_roc averages out to FPR 0.300 but the shortest replicate only reached 0.229; its TPR is held flat above that

(p=100, n=50) over 35 replicates
  t+lasso  (run_em_diagonal):    AUC = 0.191 (SE 0.002)
  ~t+lasso (run_em_exact):       AUC = 0.193 (SE 0.002)
  tlasso   (run_tlasso):         AUC = 0.191 (SE 0.003)
  t*lasso  (run_tstar_varlasso): AUC = 0.189 (SE 0.003)
  glasso   (graphical_lasso):    AUC = 0.147 (SE 0.005)
Replicate 36/50
  Theta: 90/4950 edges
  pilot fit of run_tlasso at rho=30.34854
  -> rho_max = max|S_ij| (off-diag) = 25.30539
  [warn] pilot rho 30.34854 > rho_max 25.30539: it falls off the top of this method's grid
  rho grid: [25.3053887  22.41720347 19.85865608 17.59212393 15.58427836 13.80559465
 12.22991782 10.83407805  9.59754995  8.50215077  7.53177301  6.67214759
  5.91063397  5.23603434  4.63842894  4.10903015  3.64005335  3.22460238
  2.85656816  2.53053887]
Running run_tlasso over 20 rho values, extending until FPR >= 0.3...
  rho=25.30539 (1/20)
    fp=0.0000 tp=0.0000  [0.2s]
   nu  = 3.0000
  rho=22.41720 (2/20)
    fp=0.0000 tp=0.0000  [0.2s]
   nu  = 3.0000
  rho=19.85866 (3/20)
    fp=0.0000 tp=0.0111  [0.4s]
   nu  = 3.0000
  rho=17.59212 (4/20)
    fp=0.0000 tp=0.0111  [0.3s]
   nu  = 3.0000
  rho=15.58428 (5/20)
    fp=0.0000 tp=0.0111  [0.4s]
   nu  = 3.0000
  rho=13.80559 (6/20)
    fp=0.0000 tp=0.0111  [0.5s]
   nu  = 3.0000
  rho=12.22992 (7/20)
    fp=0.0002 tp=0.0222  [0.4s]
   nu  = 3.0000
  rho=10.83408 (8/20)
    fp=0.0006 tp=0.0333  [0.4s]
   nu  = 3.0000
  rho=9.59755 (9/20)
    fp=0.0012 tp=0.0556  [0.4s]
   nu  = 3.0000
  rho=8.50215 (10/20)
    fp=0.0019 tp=0.0667  [0.4s]
   nu  = 3.0000
  rho=7.53177 (11/20)
    fp=0.0033 tp=0.1333  [0.6s]
   nu  = 3.0000
  rho=6.67215 (12/20)
    fp=0.0049 tp=0.1667  [0.5s]
   nu  = 3.0000
  rho=5.91063 (13/20)
    fp=0.0074 tp=0.2111  [0.6s]
   nu  = 3.0000
  rho=5.23603 (14/20)
    fp=0.0140 tp=0.2556  [0.7s]
   nu  = 3.0000
  rho=4.63843 (15/20)
    fp=0.0222 tp=0.3333  [0.7s]
   nu  = 3.0000
  rho=4.10903 (16/20)
    fp=0.0391 tp=0.4667  [0.6s]
   nu  = 3.0000
  rho=3.64005 (17/20)
    fp=0.0634 tp=0.5889  [1.5s]
   nu  = 3.0000
  rho=3.22460 (18/20)
    fp=0.1093 tp=0.6889  [4.3s]
   nu  = 3.0000
  rho=2.85657 (19/20)
    fp=0.1767 tp=0.8111  [4.7s]
   nu  = 3.0000
  rho=2.53054 (20/20)
    fp=0.2222 tp=0.8778  [3.2s]
   nu  = 3.0000
  rho=2.24172 (21/21)  [extra 1/50]
    fp=0.2642 tp=0.8778  [3.7s]
   nu  = 3.0000
  rho=1.98587 (22/22)  [extra 2/50]
    fp=0.2984 tp=0.8889  [3.3s]
   nu  = 3.0000
  rho=1.75921 (23/23)  [extra 3/50]
    fp=0.3358 tp=0.9000  [3.7s]
   nu  = 3.0000
  FPR 0.3358 >= fp_end=0.3; stopping after 23 fits
  grid extended by 3 points down to rho=1.75921, ending at FPR 0.3358
  pilot fit of run_tstar_varlasso at rho=0.30349
  -> rho_max = max|S_ij| (off-diag) = 0.74377
  rho grid: [0.74377139 0.65888238 0.58368202 0.51706451 0.45805028 0.40577153
 0.35945953 0.31843326 0.28208945 0.24989367 0.22137251 0.19610655
 0.17372428 0.15389657 0.13633186 0.12077187 0.10698779 0.09477693
 0.08395973 0.07437714]
Running run_tstar_varlasso over 20 rho values, extending until FPR >= 0.3...
  rho=0.74377 (1/20)
    fp=0.0000 tp=0.0111  [0.4s]
   nu  = 3.0000
  rho=0.65888 (2/20)
    fp=0.0002 tp=0.0444  [0.4s]
   nu  = 3.0000
  rho=0.58368 (3/20)
    fp=0.0014 tp=0.0667  [0.3s]
   nu  = 3.0000
  rho=0.51706 (4/20)
    fp=0.0031 tp=0.1222  [0.3s]
   nu  = 3.0000
  rho=0.45805 (5/20)
    fp=0.0070 tp=0.2111  [0.3s]
   nu  = 3.0000
  rho=0.40577 (6/20)
    fp=0.0121 tp=0.2778  [0.4s]
   nu  = 3.0000
  rho=0.35946 (7/20)
    fp=0.0191 tp=0.3111  [0.3s]
   nu  = 3.0000
  rho=0.31843 (8/20)
    fp=0.0305 tp=0.3889  [0.4s]
   nu  = 3.0000
  rho=0.28209 (9/20)
    fp=0.0451 tp=0.4889  [0.3s]
   nu  = 3.0000
  rho=0.24989 (10/20)
    fp=0.0601 tp=0.5889  [0.3s]
   nu  = 3.0000
  rho=0.22137 (11/20)
    fp=0.0776 tp=0.6556  [0.5s]
   nu  = 3.0000
  rho=0.19611 (12/20)
    fp=0.0949 tp=0.7000  [0.5s]
   nu  = 3.0000
  rho=0.17372 (13/20)
    fp=0.1134 tp=0.7444  [0.5s]
   nu  = 3.0000
  rho=0.15390 (14/20)
    fp=0.1354 tp=0.7889  [0.7s]
   nu  = 3.0000
  rho=0.13633 (15/20)
    fp=0.1595 tp=0.7889  [0.7s]
   nu  = 3.0000
  rho=0.12077 (16/20)
    fp=0.1821 tp=0.8111  [0.7s]
   nu  = 3.0000
  rho=0.10699 (17/20)
    fp=0.2006 tp=0.8444  [0.7s]
   nu  = 3.0000
  rho=0.09478 (18/20)
    fp=0.2222 tp=0.8556  [0.5s]
   nu  = 3.0000
  rho=0.08396 (19/20)
    fp=0.2467 tp=0.8778  [0.6s]
   nu  = 3.0000
  rho=0.07438 (20/20)
    fp=0.2675 tp=0.8889  [0.6s]
   nu  = 3.0000
  rho=0.06589 (21/21)  [extra 1/50]
    fp=0.2901 tp=0.9000  [0.9s]
   nu  = 3.0000
  rho=0.05837 (22/22)  [extra 2/50]
    fp=0.3072 tp=0.9111  [0.9s]
   nu  = 3.0000
  FPR 0.3072 >= fp_end=0.3; stopping after 22 fits
  grid extended by 2 points down to rho=0.05837, ending at FPR 0.3072
  pilot fit of run_em_diagonal at rho=0.30349
  -> rho_max = max|S_ij| (off-diag) = 0.78851
  rho grid: [0.78850909 0.69851401 0.61879037 0.54816584 0.48560191 0.43017861
 0.38108094 0.33758695 0.29905707 0.26492473 0.23468802 0.20790232
 0.18417376 0.16315342 0.14453219 0.12803627 0.11342308 0.10047774
 0.08900989 0.07885091]
Running run_em_diagonal over 20 rho values, extending until FPR >= 0.3...
  rho=0.78851 (1/20)
    fp=0.0039 tp=0.1222  [24.8s]
   median nu  = 0.06
   median |eta| = 4.052
  rho=0.69851 (2/20)
    fp=0.0082 tp=0.2000  [26.4s]
   median nu  = 0.07
   median |eta| = 3.925
  rho=0.61879 (3/20)
    fp=0.0148 tp=0.2444  [24.9s]
   median nu  = 0.084
   median |eta| = 3.825
  rho=0.54817 (4/20)
    fp=0.0218 tp=0.3000  [24.3s]
   median nu  = 0.106
   median |eta| = 3.487
  rho=0.48560 (5/20)
    fp=0.0309 tp=0.3778  [22.3s]
   median nu  = 0.139
   median |eta| = 3.055
  rho=0.43018 (6/20)
    fp=0.0420 tp=0.4444  [26.5s]
   median nu  = 0.177
   median |eta| = 2.459
  rho=0.38108 (7/20)
    fp=0.0529 tp=0.5333  [34.9s]
   median nu  = 0.215
   median |eta| = 2.293
  rho=0.33759 (8/20)
    fp=0.0660 tp=0.5889  [91.4s]
   median nu  = 0.254
   median |eta| = 2.068
  rho=0.29906 (9/20)
    fp=0.0807 tp=0.6444  [89.7s]
   median nu  = 0.288
   median |eta| = 1.782
  rho=0.26492 (10/20)
    fp=0.0957 tp=0.7111  [91.3s]
   median nu  = 0.335
   median |eta| = 1.518
  rho=0.23469 (11/20)
    fp=0.1103 tp=0.7889  [92.1s]
   median nu  = 0.362
   median |eta| = 1.242
  rho=0.20790 (12/20)
    fp=0.1261 tp=0.7889  [90.3s]
   median nu  = 0.412
   median |eta| = 0.993
  rho=0.18417 (13/20)
    fp=0.1418 tp=0.8000  [91.2s]
   median nu  = 0.458
   median |eta| = 0.746
  rho=0.16315 (14/20)
    fp=0.1586 tp=0.8111  [91.6s]
   median nu  = 0.516
   median |eta| = 0.516
  rho=0.14453 (15/20)
    fp=0.1730 tp=0.8333  [91.8s]
   median nu  = 0.573
   median |eta| = 0.389
  rho=0.12804 (16/20)
    fp=0.1889 tp=0.8444  [88.0s]
   median nu  = 0.677
   median |eta| = 0.304
  rho=0.11342 (17/20)
    fp=0.2031 tp=0.8444  [94.1s]
   median nu  = 0.763
   median |eta| = 0.247
  rho=0.10048 (18/20)
    fp=0.2144 tp=0.8556  [91.8s]
   median nu  = 0.879
   median |eta| = 0.183
  rho=0.08901 (19/20)
    fp=0.2261 tp=0.8667  [91.4s]
   median nu  = 0.986
   median |eta| = 0.135
  rho=0.07885 (20/20)
    fp=0.2420 tp=0.8667  [86.0s]
   median nu  = 1.093
   median |eta| = 0.099
  rho=0.06985 (21/21)  [extra 1/50]
    fp=0.2514 tp=0.8778  [65.1s]
   median nu  = 1.246
   median |eta| = 0.066
  rho=0.06188 (22/22)  [extra 2/50]
    fp=0.2652 tp=0.8889  [29.7s]
   median nu  = 1.32
   median |eta| = 0.048
  rho=0.05482 (23/23)  [extra 3/50]
    fp=0.2759 tp=0.8889  [20.1s]
   median nu  = 1.457
   median |eta| = 0.041
  rho=0.04856 (24/24)  [extra 4/50]
    fp=0.2936 tp=0.8778  [21.7s]
   median nu  = 1.588
   median |eta| = 0.03
  rho=0.04302 (25/25)  [extra 5/50]
    fp=0.2981 tp=0.8889  [26.1s]
   median nu  = 1.704
   median |eta| = 0.022
  rho=0.03811 (26/26)  [extra 6/50]
    fp=0.3189 tp=0.8889  [75.1s]
   median nu  = 1.85
   median |eta| = 0.018
  FPR 0.3189 >= fp_end=0.3; stopping after 26 fits
  grid extended by 6 points down to rho=0.03811, ending at FPR 0.3189
  pilot fit of run_em_exact at rho=0.30349
  -> rho_max = max|S_ij| (off-diag) = 0.83947
  rho grid: [0.83946852 0.74365728 0.65878129 0.58359247 0.51698519 0.45798001
 0.40570928 0.35940438 0.3183844  0.28204617 0.24985533 0.22133854
 0.19607646 0.17369763 0.15387296 0.13631095 0.12075334 0.10697137
 0.09476239 0.08394685]
Running run_em_exact over 20 rho values, extending until FPR >= 0.3...
  rho=0.83947 (1/20)
    fp=0.0029 tp=0.1111  [21.6s]
   median nu  = 0.056
   median |eta| = 3.967
  rho=0.74366 (2/20)
    fp=0.0058 tp=0.1667  [38.5s]
   median nu  = 0.065
   median |eta| = 3.808
  rho=0.65878 (3/20)
    fp=0.0128 tp=0.2333  [39.9s]
   median nu  = 0.077
   median |eta| = 3.289
  rho=0.58359 (4/20)
    fp=0.0183 tp=0.2778  [23.8s]
   median nu  = 0.097
   median |eta| = 2.903
  rho=0.51699 (5/20)
    fp=0.0263 tp=0.3333  [26.2s]
   median nu  = 0.13
   median |eta| = 2.284
  rho=0.45798 (6/20)
    fp=0.0360 tp=0.4111  [28.8s]
   median nu  = 0.183
   median |eta| = 1.719
  rho=0.40571 (7/20)
    fp=0.0481 tp=0.5222  [25.0s]
   median nu  = 0.243
   median |eta| = 1.235
  rho=0.35940 (8/20)
    fp=0.0617 tp=0.6000  [28.9s]
   median nu  = 0.3
   median |eta| = 0.919
  rho=0.31838 (9/20)
    fp=0.0763 tp=0.6111  [27.3s]
   median nu  = 0.355
   median |eta| = 0.584
  rho=0.28205 (10/20)
    fp=0.0916 tp=0.7111  [29.1s]
   median nu  = 0.408
   median |eta| = 0.402
  rho=0.24986 (11/20)
    fp=0.1062 tp=0.7889  [22.0s]
   median nu  = 0.485
   median |eta| = 0.276
  rho=0.22134 (12/20)
    fp=0.1212 tp=0.7889  [76.6s]
   median nu  = 0.565
   median |eta| = 0.189
  rho=0.19608 (13/20)
    fp=0.1414 tp=0.8111  [62.2s]
   median nu  = 0.637
   median |eta| = 0.122
  rho=0.17370 (14/20)
    fp=0.1560 tp=0.8222  [26.4s]
   median nu  = 0.719
   median |eta| = 0.077
  rho=0.15387 (15/20)
    fp=0.1724 tp=0.8333  [27.9s]
   median nu  = 0.838
   median |eta| = 0.056
  rho=0.13631 (16/20)
    fp=0.1901 tp=0.8556  [28.7s]
   median nu  = 0.938
   median |eta| = 0.048
  rho=0.12075 (17/20)
    fp=0.2047 tp=0.8889  [24.8s]
   median nu  = 1.032
   median |eta| = 0.038
  rho=0.10697 (18/20)
    fp=0.2144 tp=0.9000  [25.4s]
   median nu  = 1.137
   median |eta| = 0.028
  rho=0.09476 (19/20)
    fp=0.2288 tp=0.9000  [21.6s]
   median nu  = 1.224
   median |eta| = 0.023
  rho=0.08395 (20/20)
    fp=0.2422 tp=0.9111  [16.2s]
   median nu  = 1.318
   median |eta| = 0.018
  rho=0.07437 (21/21)  [extra 1/50]
    fp=0.2541 tp=0.9111  [9.9s]
   median nu  = 1.438
   median |eta| = 0.013
  rho=0.06588 (22/22)  [extra 2/50]
    fp=0.2689 tp=0.9111  [8.2s]
   median nu  = 1.557
   median |eta| = 0.011
  rho=0.05836 (23/23)  [extra 3/50]
    fp=0.2811 tp=0.9111  [6.6s]
   median nu  = 1.687
   median |eta| = 0.009
  rho=0.05170 (24/24)  [extra 4/50]
    fp=0.2909 tp=0.9222  [8.6s]
   median nu  = 1.8
   median |eta| = 0.007
  rho=0.04580 (25/25)  [extra 5/50]
    fp=0.3053 tp=0.9111  [8.0s]
   median nu  = 1.931
   median |eta| = 0.005
  FPR 0.3053 >= fp_end=0.3; stopping after 25 fits
  grid extended by 5 points down to rho=0.04580, ending at FPR 0.3053
  graphical_lasso rho_max = max|S_ij| (off-diag) = 2.82271
  rho grid: [2.8227134  2.50054806 2.21515248 1.96233002 1.738363   1.53995805
 1.36419769 1.20849743 1.07056774 0.94838041 0.84013871 0.74425098
 0.65930723 0.58405838 0.51739792 0.45834564 0.40603318 0.35969131
 0.31863858 0.28227134]
Running graphical_lasso over 20 rho values, extending until FPR >= 0.3...
  rho=2.82271 (1/20)
    fp=0.0000 tp=0.0000  [0.0s]
  rho=2.50055 (2/20)
    fp=0.0002 tp=0.0111  [0.0s]
  rho=2.21515 (3/20)
    fp=0.0006 tp=0.0111  [27.7s]
  rho=1.96233 (4/20)
    fp=0.0010 tp=0.0111  [26.1s]
  rho=1.73836 (5/20)
    fp=0.0023 tp=0.0111  [30.2s]
  rho=1.53996 (6/20)
    fp=0.0031 tp=0.0222  [0.1s]
  rho=1.36420 (7/20)
    fp=0.0056 tp=0.0222  [0.1s]
  rho=1.20850 (8/20)
    fp=0.0082 tp=0.0333  [0.1s]
  rho=1.07057 (9/20)
    fp=0.0119 tp=0.0889  [29.6s]
  rho=0.94838 (10/20)
    fp=0.0175 tp=0.1333  [0.1s]
  rho=0.84014 (11/20)
    fp=0.0259 tp=0.1889  [29.4s]
  rho=0.74425 (12/20)
    fp=0.0368 tp=0.2556  [1.2s]
  rho=0.65931 (13/20)
    fp=0.0514 tp=0.3111  [0.5s]
  rho=0.58406 (14/20)
    fp=0.0679 tp=0.3889  [0.5s]
  rho=0.51740 (15/20)
    fp=0.0807 tp=0.4778  [0.4s]
  rho=0.45835 (16/20)
    fp=0.0998 tp=0.5444  [0.2s]
  rho=0.40603 (17/20)
    fp=0.1177 tp=0.6111  [0.2s]
  rho=0.35969 (18/20)
    fp=0.1430 tp=0.6556  [0.3s]
  rho=0.31864 (19/20)
    fp=0.1654 tp=0.7111  [3.4s]
  rho=0.28227 (20/20)
    fp=0.1887 tp=0.7667  [2.3s]
  rho=0.25005 (21/21)  [extra 1/50]
    fp=0.2113 tp=0.8000  [0.5s]
  rho=0.22152 (22/22)  [extra 2/50]
    fp=0.2333 tp=0.8667  [2.9s]
  rho=0.19623 (23/23)  [extra 3/50]
    fp=0.2588 tp=0.8778  [0.8s]
  rho=0.17384 (24/24)  [extra 4/50]
    fp=0.2854 tp=0.8889  [7.3s]
  rho=0.15400 (25/25)  [extra 5/50]
    fp=0.3099 tp=0.9000  [0.6s]
  FPR 0.3099 >= fp_end=0.3; stopping after 25 fits
  [note] 5/25 fits hit a glasso ConvergenceWarning (suppressed)
  grid extended by 5 points down to rho=0.15400, ending at FPR 0.3099
  [warn] mean_roc averages out to FPR 0.300 but the shortest replicate only reached 0.011; its TPR is held flat above that
  [warn] mean_roc averages out to FPR 0.300 but the shortest replicate only reached 0.229; its TPR is held flat above that

(p=100, n=50) over 36 replicates
  t+lasso  (run_em_diagonal):    AUC = 0.192 (SE 0.002)
  ~t+lasso (run_em_exact):       AUC = 0.193 (SE 0.002)
  tlasso   (run_tlasso):         AUC = 0.191 (SE 0.003)
  t*lasso  (run_tstar_varlasso): AUC = 0.190 (SE 0.003)
  glasso   (graphical_lasso):    AUC = 0.148 (SE 0.005)
Replicate 37/50
  Theta: 84/4950 edges
  pilot fit of run_tlasso at rho=30.34854
  -> rho_max = max|S_ij| (off-diag) = 15.17747
  [warn] pilot rho 30.34854 > rho_max 15.17747: it falls off the top of this method's grid
  rho grid: [15.17747287 13.44521918 11.91067316 10.5512698   9.34701952  8.28021418
  7.33516676  6.49798063  5.75634525  5.09935509  4.51734933  4.00176975
  3.54503492  3.14042871  2.7820015   2.46448274  2.18320342  1.9340274
  1.71329065  1.51774729]
Running run_tlasso over 20 rho values, extending until FPR >= 0.3...
  rho=15.17747 (1/20)
    fp=0.0000 tp=0.0000  [0.3s]
   nu  = 3.0000
  rho=13.44522 (2/20)
    fp=0.0000 tp=0.0000  [0.2s]
   nu  = 3.0000
  rho=11.91067 (3/20)
    fp=0.0000 tp=0.0000  [0.2s]
   nu  = 3.0000
  rho=10.55127 (4/20)
    fp=0.0000 tp=0.0000  [0.2s]
   nu  = 3.0000
  rho=9.34702 (5/20)
    fp=0.0000 tp=0.0000  [0.2s]
   nu  = 3.0000
  rho=8.28021 (6/20)
    fp=0.0002 tp=0.0238  [0.5s]
   nu  = 3.0000
  rho=7.33517 (7/20)
    fp=0.0004 tp=0.0714  [0.5s]
   nu  = 3.0000
  rho=6.49798 (8/20)
    fp=0.0018 tp=0.1071  [0.6s]
   nu  = 3.0000
  rho=5.75635 (9/20)
    fp=0.0037 tp=0.1190  [0.6s]
   nu  = 3.0000
  rho=5.09936 (10/20)
    fp=0.0058 tp=0.1429  [0.6s]
   nu  = 3.0000
  rho=4.51735 (11/20)
    fp=0.0086 tp=0.1667  [0.6s]
   nu  = 3.0000
  rho=4.00177 (12/20)
    fp=0.0123 tp=0.2500  [0.7s]
   nu  = 3.0000
  rho=3.54503 (13/20)
    fp=0.0191 tp=0.3095  [0.8s]
   nu  = 3.0000
  rho=3.14043 (14/20)
    fp=0.0314 tp=0.3571  [0.9s]
   nu  = 3.0000
  rho=2.78200 (15/20)
    fp=0.0508 tp=0.4405  [1.2s]
   nu  = 3.0000
  rho=2.46448 (16/20)
    fp=0.0978 tp=0.5595  [2.6s]
   nu  = 3.0000
  rho=2.18320 (17/20)
    fp=0.1823 tp=0.7262  [5.8s]
   nu  = 3.0000
  rho=1.93403 (18/20)
    fp=0.2602 tp=0.7857  [10.2s]
   nu  = 3.0000
  rho=1.71329 (19/20)
    fp=0.3013 tp=0.8214  [5.2s]
   nu  = 3.0000
  FPR 0.3013 >= fp_end=0.3; stopping after 19 fits
  grid stopped 1 points early at rho=1.71329, ending at FPR 0.3013
  pilot fit of run_tstar_varlasso at rho=0.30349
  -> rho_max = max|S_ij| (off-diag) = 0.52909
  rho grid: [0.52909292 0.46870584 0.41521094 0.36782158 0.32584093 0.28865166
 0.25570692 0.22652227 0.20066855 0.17776561 0.15747665 0.13950333
 0.12358137 0.10947663 0.09698171 0.08591288 0.07610736 0.06742099
 0.05972601 0.05290929]
Running run_tstar_varlasso over 20 rho values, extending until FPR >= 0.3...
  rho=0.52909 (1/20)
    fp=0.0012 tp=0.0238  [0.5s]
   nu  = 3.0000
  rho=0.46871 (2/20)
    fp=0.0021 tp=0.0476  [0.4s]
   nu  = 3.0000
  rho=0.41521 (3/20)
    fp=0.0053 tp=0.1071  [0.4s]
   nu  = 3.0000
  rho=0.36782 (4/20)
    fp=0.0088 tp=0.1548  [0.3s]
   nu  = 3.0000
  rho=0.32584 (5/20)
    fp=0.0142 tp=0.2024  [0.4s]
   nu  = 3.0000
  rho=0.28865 (6/20)
    fp=0.0232 tp=0.2857  [0.4s]
   nu  = 3.0000
  rho=0.25571 (7/20)
    fp=0.0378 tp=0.3333  [0.4s]
   nu  = 3.0000
  rho=0.22652 (8/20)
    fp=0.0540 tp=0.4048  [0.5s]
   nu  = 3.0000
  rho=0.20067 (9/20)
    fp=0.0707 tp=0.5119  [0.5s]
   nu  = 3.0000
  rho=0.17777 (10/20)
    fp=0.0908 tp=0.5714  [0.7s]
   nu  = 3.0000
  rho=0.15748 (11/20)
    fp=0.1120 tp=0.6190  [0.6s]
   nu  = 3.0000
  rho=0.13950 (12/20)
    fp=0.1293 tp=0.6786  [0.6s]
   nu  = 3.0000
  rho=0.12358 (13/20)
    fp=0.1490 tp=0.7500  [0.7s]
   nu  = 3.0000
  rho=0.10948 (14/20)
    fp=0.1726 tp=0.7857  [0.5s]
   nu  = 3.0000
  rho=0.09698 (15/20)
    fp=0.1944 tp=0.7976  [0.7s]
   nu  = 3.0000
  rho=0.08591 (16/20)
    fp=0.2115 tp=0.8333  [0.5s]
   nu  = 3.0000
  rho=0.07611 (17/20)
    fp=0.2310 tp=0.8452  [0.5s]
   nu  = 3.0000
  rho=0.06742 (18/20)
    fp=0.2499 tp=0.8452  [0.5s]
   nu  = 3.0000
  rho=0.05973 (19/20)
    fp=0.2649 tp=0.8571  [0.7s]
   nu  = 3.0000
  rho=0.05291 (20/20)
    fp=0.2846 tp=0.8690  [1.0s]
   nu  = 3.0000
  rho=0.04687 (21/21)  [extra 1/50]
    fp=0.3052 tp=0.8810  [1.2s]
   nu  = 3.0000
  FPR 0.3052 >= fp_end=0.3; stopping after 21 fits
  grid extended by 1 points down to rho=0.04687, ending at FPR 0.3052
  pilot fit of run_em_diagonal at rho=0.30349
  -> rho_max = max|S_ij| (off-diag) = 0.70790
  rho grid: [0.70790307 0.62710782 0.55553399 0.49212912 0.43596084 0.38620323
 0.34212462 0.30307684 0.2684857  0.23784257 0.21069683 0.18664933
 0.16534644 0.14647492 0.12975727 0.11494765 0.10182831 0.09020632
 0.07991078 0.07079031]
Running run_em_diagonal over 20 rho values, extending until FPR >= 0.3...
  rho=0.70790 (1/20)
    fp=0.0041 tp=0.0714  [23.9s]
   median nu  = 0.086
   median |eta| = 3.208
  rho=0.62711 (2/20)
    fp=0.0062 tp=0.1190  [21.5s]
   median nu  = 0.104
   median |eta| = 2.959
  rho=0.55553 (3/20)
    fp=0.0132 tp=0.1905  [22.7s]
   median nu  = 0.13
   median |eta| = 2.564
  rho=0.49213 (4/20)
    fp=0.0191 tp=0.2143  [23.2s]
   median nu  = 0.158
   median |eta| = 2.229
  rho=0.43596 (5/20)
    fp=0.0277 tp=0.2857  [24.7s]
   median nu  = 0.187
   median |eta| = 1.912
  rho=0.38620 (6/20)
    fp=0.0419 tp=0.3810  [24.1s]
   median nu  = 0.219
   median |eta| = 1.672
  rho=0.34212 (7/20)
    fp=0.0571 tp=0.4048  [25.7s]
   median nu  = 0.263
   median |eta| = 1.417
  rho=0.30308 (8/20)
    fp=0.0684 tp=0.5000  [68.4s]
   median nu  = 0.329
   median |eta| = 1.165
  rho=0.26849 (9/20)
    fp=0.0804 tp=0.5238  [77.4s]
   median nu  = 0.394
   median |eta| = 0.963
  rho=0.23784 (10/20)
    fp=0.0943 tp=0.6071  [76.1s]
   median nu  = 0.445
   median |eta| = 0.734
  rho=0.21070 (11/20)
    fp=0.1091 tp=0.6429  [76.7s]
   median nu  = 0.499
   median |eta| = 0.564
  rho=0.18665 (12/20)
    fp=0.1233 tp=0.6667  [77.9s]
   median nu  = 0.577
   median |eta| = 0.42
  rho=0.16535 (13/20)
    fp=0.1377 tp=0.7024  [88.3s]
   median nu  = 0.658
   median |eta| = 0.319
  rho=0.14647 (14/20)
    fp=0.1510 tp=0.7500  [89.4s]
   median nu  = 0.749
   median |eta| = 0.233
  rho=0.12976 (15/20)
    fp=0.1687 tp=0.7619  [89.2s]
   median nu  = 0.856
   median |eta| = 0.169
  rho=0.11495 (16/20)
    fp=0.1808 tp=0.7738  [89.1s]
   median nu  = 0.942
   median |eta| = 0.126
  rho=0.10183 (17/20)
    fp=0.1930 tp=0.7857  [86.1s]
   median nu  = 1.056
   median |eta| = 0.096
  rho=0.09021 (18/20)
    fp=0.2039 tp=0.8214  [90.9s]
   median nu  = 1.161
   median |eta| = 0.071
  rho=0.07991 (19/20)
    fp=0.2129 tp=0.8333  [89.8s]
   median nu  = 1.264
   median |eta| = 0.055
  rho=0.07079 (20/20)
    fp=0.2244 tp=0.8452  [88.2s]
   median nu  = 1.365
   median |eta| = 0.046
  rho=0.06271 (21/21)  [extra 1/50]
    fp=0.2382 tp=0.8452  [83.3s]
   median nu  = 1.501
   median |eta| = 0.036
  rho=0.05555 (22/22)  [extra 2/50]
    fp=0.2478 tp=0.8452  [69.7s]
   median nu  = 1.619
   median |eta| = 0.03
  rho=0.04921 (23/23)  [extra 3/50]
    fp=0.2616 tp=0.8452  [29.5s]
   median nu  = 1.748
   median |eta| = 0.023
  rho=0.04360 (24/24)  [extra 4/50]
    fp=0.2719 tp=0.8452  [31.2s]
   median nu  = 1.885
   median |eta| = 0.018
  rho=0.03862 (25/25)  [extra 5/50]
    fp=0.2815 tp=0.8452  [21.9s]
   median nu  = 1.998
   median |eta| = 0.015
  rho=0.03421 (26/26)  [extra 6/50]
    fp=0.2945 tp=0.8690  [26.0s]
   median nu  = 2.133
   median |eta| = 0.012
  rho=0.03031 (27/27)  [extra 7/50]
    fp=0.3017 tp=0.8690  [59.7s]
   median nu  = 2.266
   median |eta| = 0.01
  FPR 0.3017 >= fp_end=0.3; stopping after 27 fits
  grid extended by 7 points down to rho=0.03031, ending at FPR 0.3017
  pilot fit of run_em_exact at rho=0.30349
  -> rho_max = max|S_ij| (off-diag) = 0.70731
  rho grid: [0.70731468 0.62658658 0.55507225 0.49172007 0.43559848 0.38588223
 0.34184025 0.30282492 0.26826254 0.23764488 0.21052171 0.18649419
 0.16520901 0.14635317 0.12964942 0.11485211 0.10174367 0.09013134
 0.07984436 0.07073147]
Running run_em_exact over 20 rho values, extending until FPR >= 0.3...
  rho=0.70731 (1/20)
    fp=0.0041 tp=0.0714  [25.9s]
   median nu  = 0.086
   median |eta| = 3.047
  rho=0.62659 (2/20)
    fp=0.0064 tp=0.1190  [37.3s]
   median nu  = 0.105
   median |eta| = 2.501
  rho=0.55507 (3/20)
    fp=0.0136 tp=0.1905  [42.7s]
   median nu  = 0.131
   median |eta| = 2.199
  rho=0.49172 (4/20)
    fp=0.0203 tp=0.2143  [21.5s]
   median nu  = 0.165
   median |eta| = 1.798
  rho=0.43560 (5/20)
    fp=0.0284 tp=0.2857  [25.1s]
   median nu  = 0.196
   median |eta| = 1.447
  rho=0.38588 (6/20)
    fp=0.0436 tp=0.3810  [27.5s]
   median nu  = 0.237
   median |eta| = 1.083
  rho=0.34184 (7/20)
    fp=0.0580 tp=0.4286  [24.7s]
   median nu  = 0.301
   median |eta| = 0.743
  rho=0.30282 (8/20)
    fp=0.0691 tp=0.5000  [24.0s]
   median nu  = 0.367
   median |eta| = 0.585
  rho=0.26826 (9/20)
    fp=0.0828 tp=0.5357  [23.5s]
   median nu  = 0.447
   median |eta| = 0.411
  rho=0.23764 (10/20)
    fp=0.0974 tp=0.6071  [23.6s]
   median nu  = 0.527
   median |eta| = 0.274
  rho=0.21052 (11/20)
    fp=0.1116 tp=0.6667  [22.7s]
   median nu  = 0.605
   median |eta| = 0.187
  rho=0.18649 (12/20)
    fp=0.1252 tp=0.6786  [18.7s]
   median nu  = 0.688
   median |eta| = 0.127
  rho=0.16521 (13/20)
    fp=0.1393 tp=0.7143  [75.4s]
   median nu  = 0.765
   median |eta| = 0.095
  rho=0.14635 (14/20)
    fp=0.1558 tp=0.7738  [65.3s]
   median nu  = 0.87
   median |eta| = 0.069
  rho=0.12965 (15/20)
    fp=0.1716 tp=0.7976  [22.2s]
   median nu  = 0.985
   median |eta| = 0.051
  rho=0.11485 (16/20)
    fp=0.1845 tp=0.7976  [26.7s]
   median nu  = 1.083
   median |eta| = 0.038
  rho=0.10174 (17/20)
    fp=0.1948 tp=0.8214  [25.8s]
   median nu  = 1.193
   median |eta| = 0.029
  rho=0.09013 (18/20)
    fp=0.2055 tp=0.8452  [21.3s]
   median nu  = 1.301
   median |eta| = 0.022
  rho=0.07984 (19/20)
    fp=0.2172 tp=0.8571  [19.4s]
   median nu  = 1.422
   median |eta| = 0.017
  rho=0.07073 (20/20)
    fp=0.2281 tp=0.8690  [18.0s]
   median nu  = 1.529
   median |eta| = 0.012
  rho=0.06266 (21/21)  [extra 1/50]
    fp=0.2413 tp=0.8690  [19.1s]
   median nu  = 1.65
   median |eta| = 0.01
  rho=0.05551 (22/22)  [extra 2/50]
    fp=0.2538 tp=0.8690  [12.9s]
   median nu  = 1.766
   median |eta| = 0.008
  rho=0.04917 (23/23)  [extra 3/50]
    fp=0.2635 tp=0.8690  [12.4s]
   median nu  = 1.886
   median |eta| = 0.006
  rho=0.04356 (24/24)  [extra 4/50]
    fp=0.2758 tp=0.8690  [10.3s]
   median nu  = 2.015
   median |eta| = 0.005
  rho=0.03859 (25/25)  [extra 5/50]
    fp=0.2883 tp=0.8810  [9.1s]
   median nu  = 2.136
   median |eta| = 0.004
  rho=0.03418 (26/26)  [extra 6/50]
    fp=0.3017 tp=0.8810  [7.3s]
   median nu  = 2.267
   median |eta| = 0.003
  FPR 0.3017 >= fp_end=0.3; stopping after 26 fits
  grid extended by 6 points down to rho=0.03418, ending at FPR 0.3017
  graphical_lasso rho_max = max|S_ij| (off-diag) = 1.67267
  rho grid: [1.67266718 1.4817603  1.31264224 1.16282617 1.03010909 0.91253943
 0.80838838 0.71612442 0.63439084 0.56198578 0.49784454 0.44102394
 0.39068846 0.34609794 0.30659667 0.27160381 0.24060479 0.21314379
 0.18881701 0.16726672]
Running graphical_lasso over 20 rho values, extending until FPR >= 0.3...
  rho=1.67267 (1/20)
    fp=0.0000 tp=0.0000  [0.0s]
  rho=1.48176 (2/20)
    fp=0.0000 tp=0.0119  [0.1s]
  rho=1.31264 (3/20)
    fp=0.0006 tp=0.0119  [36.0s]
  rho=1.16283 (4/20)
    fp=0.0012 tp=0.0119  [25.3s]
  rho=1.03011 (5/20)
    fp=0.0027 tp=0.0357  [0.0s]
  rho=0.91254 (6/20)
    fp=0.0082 tp=0.0714  [26.0s]
  rho=0.80839 (7/20)
    fp=0.0154 tp=0.1190  [33.6s]
  rho=0.71612 (8/20)
    fp=0.0242 tp=0.1548  [0.2s]
  rho=0.63439 (9/20)
    fp=0.0386 tp=0.2381  [29.9s]
  rho=0.56199 (10/20)
    fp=0.0565 tp=0.3810  [36.0s]
  rho=0.49784 (11/20)
    fp=0.0746 tp=0.3929  [32.4s]
  rho=0.44102 (12/20)
    fp=0.0968 tp=0.4524  [1.0s]
  rho=0.39069 (13/20)
    fp=0.1202 tp=0.5119  [0.1s]
  rho=0.34610 (14/20)
    fp=0.1430 tp=0.5714  [0.2s]
  rho=0.30660 (15/20)
    fp=0.1646 tp=0.6548  [2.4s]
  rho=0.27160 (16/20)
    fp=0.1878 tp=0.7024  [0.4s]
  rho=0.24060 (17/20)
    fp=0.2111 tp=0.7381  [1.1s]
  rho=0.21314 (18/20)
    fp=0.2316 tp=0.7500  [2.9s]
  rho=0.18882 (19/20)
    fp=0.2515 tp=0.7857  [3.5s]
  rho=0.16727 (20/20)
    fp=0.2717 tp=0.7976  [1.0s]
  rho=0.14818 (21/21)  [extra 1/50]
    fp=0.2968 tp=0.8333  [0.8s]
  rho=0.13126 (22/22)  [extra 2/50]
    fp=0.3206 tp=0.8333  [0.2s]
  FPR 0.3206 >= fp_end=0.3; stopping after 22 fits
  [note] 7/22 fits hit a glasso ConvergenceWarning (suppressed)
  grid extended by 2 points down to rho=0.13126, ending at FPR 0.3206
  [warn] mean_roc averages out to FPR 0.300 but the shortest replicate only reached 0.011; its TPR is held flat above that
  [warn] mean_roc averages out to FPR 0.300 but the shortest replicate only reached 0.229; its TPR is held flat above that

(p=100, n=50) over 37 replicates
  t+lasso  (run_em_diagonal):    AUC = 0.192 (SE 0.002)
  ~t+lasso (run_em_exact):       AUC = 0.194 (SE 0.002)
  tlasso   (run_tlasso):         AUC = 0.191 (SE 0.003)
  t*lasso  (run_tstar_varlasso): AUC = 0.190 (SE 0.003)
  glasso   (graphical_lasso):    AUC = 0.149 (SE 0.005)
Replicate 38/50
  Theta: 79/4950 edges
  pilot fit of run_tlasso at rho=30.34854
  -> rho_max = max|S_ij| (off-diag) = 21.21666
  [warn] pilot rho 30.34854 > rho_max 21.21666: it falls off the top of this method's grid
  rho grid: [21.21665794 18.79513267 16.64998386 14.74966776 13.06624084 11.57494883
 10.25386277  9.0835565   8.04682105  7.12841153  6.31482305  5.59409202
  4.95562035  4.39001949  3.88897248  3.44511156  3.05190992  2.70358565
  2.39501674  2.12166579]
Running run_tlasso over 20 rho values, extending until FPR >= 0.3...
  rho=21.21666 (1/20)
    fp=0.0000 tp=0.0000  [0.2s]
   nu  = 3.0000
  rho=18.79513 (2/20)
    fp=0.0000 tp=0.0000  [0.2s]
   nu  = 3.0000
  rho=16.64998 (3/20)
    fp=0.0000 tp=0.0000  [0.2s]
   nu  = 3.0000
  rho=14.74967 (4/20)
    fp=0.0002 tp=0.0000  [0.3s]
   nu  = 3.0000
  rho=13.06624 (5/20)
    fp=0.0002 tp=0.0000  [0.3s]
   nu  = 3.0000
  rho=11.57495 (6/20)
    fp=0.0002 tp=0.0000  [0.3s]
   nu  = 3.0000
  rho=10.25386 (7/20)
    fp=0.0004 tp=0.0127  [0.4s]
   nu  = 3.0000
  rho=9.08356 (8/20)
    fp=0.0006 tp=0.0380  [0.5s]
   nu  = 3.0000
  rho=8.04682 (9/20)
    fp=0.0006 tp=0.0506  [0.5s]
   nu  = 3.0000
  rho=7.12841 (10/20)
    fp=0.0012 tp=0.1013  [0.5s]
   nu  = 3.0000
  rho=6.31482 (11/20)
    fp=0.0027 tp=0.1646  [0.5s]
   nu  = 3.0000
  rho=5.59409 (12/20)
    fp=0.0035 tp=0.2405  [0.6s]
   nu  = 3.0000
  rho=4.95562 (13/20)
    fp=0.0076 tp=0.3418  [0.7s]
   nu  = 3.0000
  rho=4.39002 (14/20)
    fp=0.0129 tp=0.4051  [0.8s]
   nu  = 3.0000
  rho=3.88897 (15/20)
    fp=0.0240 tp=0.5316  [0.9s]
   nu  = 3.0000
  rho=3.44511 (16/20)
    fp=0.0382 tp=0.5823  [0.8s]
   nu  = 3.0000
  rho=3.05191 (17/20)
    fp=0.0739 tp=0.6329  [1.8s]
   nu  = 3.0000
  rho=2.70359 (18/20)
    fp=0.1193 tp=0.7595  [3.3s]
   nu  = 3.0000
  rho=2.39502 (19/20)
    fp=0.2535 tp=0.9114  [22.7s]
   nu  = 3.0000
  rho=2.12167 (20/20)
    fp=0.2956 tp=0.9114  [9.2s]
   nu  = 3.0000
  rho=1.87951 (21/21)  [extra 1/50]
    fp=0.3272 tp=0.9241  [5.1s]
   nu  = 3.0000
  FPR 0.3272 >= fp_end=0.3; stopping after 21 fits
  grid extended by 1 points down to rho=1.87951, ending at FPR 0.3272
  pilot fit of run_tstar_varlasso at rho=0.30349
  -> rho_max = max|S_ij| (off-diag) = 0.61728
  rho grid: [0.61728103 0.54682877 0.48441745 0.42912933 0.38015142 0.33676352
 0.29832762 0.26427853 0.23411557 0.20739521 0.18372453 0.16275546
 0.14417966 0.12772397 0.11314642 0.10023266 0.08879278 0.07865858
 0.06968102 0.0617281 ]
Running run_tstar_varlasso over 20 rho values, extending until FPR >= 0.3...
  rho=0.61728 (1/20)
    fp=0.0006 tp=0.0253  [0.4s]
   nu  = 3.0000
  rho=0.54683 (2/20)
    fp=0.0023 tp=0.1139  [0.3s]
   nu  = 3.0000
  rho=0.48442 (3/20)
    fp=0.0060 tp=0.1899  [0.3s]
   nu  = 3.0000
  rho=0.42913 (4/20)
    fp=0.0096 tp=0.3038  [0.3s]
   nu  = 3.0000
  rho=0.38015 (5/20)
    fp=0.0179 tp=0.3797  [0.4s]
   nu  = 3.0000
  rho=0.33676 (6/20)
    fp=0.0273 tp=0.4177  [0.5s]
   nu  = 3.0000
  rho=0.29833 (7/20)
    fp=0.0409 tp=0.4937  [0.6s]
   nu  = 3.0000
  rho=0.26428 (8/20)
    fp=0.0577 tp=0.5696  [0.4s]
   nu  = 3.0000
  rho=0.23412 (9/20)
    fp=0.0743 tp=0.6329  [0.4s]
   nu  = 3.0000
  rho=0.20740 (10/20)
    fp=0.0930 tp=0.6582  [0.6s]
   nu  = 3.0000
  rho=0.18372 (11/20)
    fp=0.1117 tp=0.7089  [0.6s]
   nu  = 3.0000
  rho=0.16276 (12/20)
    fp=0.1326 tp=0.7215  [0.7s]
   nu  = 3.0000
  rho=0.14418 (13/20)
    fp=0.1517 tp=0.7342  [0.5s]
   nu  = 3.0000
  rho=0.12772 (14/20)
    fp=0.1708 tp=0.8228  [0.5s]
   nu  = 3.0000
  rho=0.11315 (15/20)
    fp=0.1924 tp=0.8354  [0.5s]
   nu  = 3.0000
  rho=0.10023 (16/20)
    fp=0.2154 tp=0.8734  [0.4s]
   nu  = 3.0000
  rho=0.08879 (17/20)
    fp=0.2377 tp=0.9114  [0.5s]
   nu  = 3.0000
  rho=0.07866 (18/20)
    fp=0.2591 tp=0.9241  [0.7s]
   nu  = 3.0000
  rho=0.06968 (19/20)
    fp=0.2778 tp=0.9494  [0.7s]
   nu  = 3.0000
  rho=0.06173 (20/20)
    fp=0.2969 tp=0.9620  [1.0s]
   nu  = 3.0000
  rho=0.05468 (21/21)  [extra 1/50]
    fp=0.3172 tp=0.9620  [1.1s]
   nu  = 3.0000
  FPR 0.3172 >= fp_end=0.3; stopping after 21 fits
  grid extended by 1 points down to rho=0.05468, ending at FPR 0.3172
  pilot fit of run_em_diagonal at rho=0.30349
  -> rho_max = max|S_ij| (off-diag) = 0.71296
  rho grid: [0.71295913 0.63158682 0.55950179 0.49564405 0.43907461 0.38896161
 0.34456817 0.3052415  0.27040331 0.23954131 0.21220169 0.18798243
 0.1665274  0.14752109 0.13068403 0.11576865 0.1025556  0.0908506
 0.08048153 0.07129591]
Running run_em_diagonal over 20 rho values, extending until FPR >= 0.3...
  rho=0.71296 (1/20)
    fp=0.0092 tp=0.1646  [25.0s]
   median nu  = 0.21
   median |eta| = 1.92
  rho=0.63159 (2/20)
    fp=0.0142 tp=0.2532  [22.5s]
   median nu  = 0.256
   median |eta| = 1.816
  rho=0.55950 (3/20)
    fp=0.0230 tp=0.3165  [23.2s]
   median nu  = 0.31
   median |eta| = 1.681
  rho=0.49564 (4/20)
    fp=0.0316 tp=0.3418  [19.8s]
   median nu  = 0.36
   median |eta| = 1.444
  rho=0.43907 (5/20)
    fp=0.0415 tp=0.4051  [24.2s]
   median nu  = 0.407
   median |eta| = 1.282
  rho=0.38896 (6/20)
    fp=0.0505 tp=0.4937  [45.0s]
   median nu  = 0.439
   median |eta| = 1.145
  rho=0.34457 (7/20)
    fp=0.0620 tp=0.5696  [89.0s]
   median nu  = 0.488
   median |eta| = 0.941
  rho=0.30524 (8/20)
    fp=0.0753 tp=0.6076  [88.3s]
   median nu  = 0.532
   median |eta| = 0.717
  rho=0.27040 (9/20)
    fp=0.0897 tp=0.6962  [90.0s]
   median nu  = 0.569
   median |eta| = 0.64
  rho=0.23954 (10/20)
    fp=0.1072 tp=0.7215  [90.8s]
   median nu  = 0.645
   median |eta| = 0.528
  rho=0.21220 (11/20)
    fp=0.1205 tp=0.7342  [88.3s]
   median nu  = 0.741
   median |eta| = 0.382
  rho=0.18798 (12/20)
    fp=0.1355 tp=0.7975  [77.4s]
   median nu  = 0.818
   median |eta| = 0.276
  rho=0.16653 (13/20)
    fp=0.1476 tp=0.8101  [75.9s]
   median nu  = 0.887
   median |eta| = 0.218
  rho=0.14752 (14/20)
    fp=0.1607 tp=0.8228  [75.9s]
   median nu  = 0.982
   median |eta| = 0.165
  rho=0.13068 (15/20)
    fp=0.1759 tp=0.8354  [73.8s]
   median nu  = 1.069
   median |eta| = 0.129
  rho=0.11577 (16/20)
    fp=0.1868 tp=0.8608  [74.9s]
   median nu  = 1.154
   median |eta| = 0.106
  rho=0.10256 (17/20)
    fp=0.2004 tp=0.8861  [84.2s]
   median nu  = 1.213
   median |eta| = 0.086
  rho=0.09085 (18/20)
    fp=0.2162 tp=0.8987  [78.9s]
   median nu  = 1.298
   median |eta| = 0.065
  rho=0.08048 (19/20)
    fp=0.2281 tp=0.8987  [79.5s]
   median nu  = 1.4
   median |eta| = 0.052
  rho=0.07130 (20/20)
    fp=0.2410 tp=0.9114  [63.2s]
   median nu  = 1.501
   median |eta| = 0.042
  rho=0.06316 (21/21)  [extra 1/50]
    fp=0.2562 tp=0.9367  [77.9s]
   median nu  = 1.586
   median |eta| = 0.032
  rho=0.05595 (22/22)  [extra 2/50]
    fp=0.2704 tp=0.9241  [34.6s]
   median nu  = 1.7
   median |eta| = 0.025
  rho=0.04956 (23/23)  [extra 3/50]
    fp=0.2868 tp=0.9241  [32.9s]
   median nu  = 1.849
   median |eta| = 0.02
  rho=0.04391 (24/24)  [extra 4/50]
    fp=0.2979 tp=0.9367  [25.4s]
   median nu  = 1.989
   median |eta| = 0.016
  rho=0.03890 (25/25)  [extra 5/50]
    fp=0.3114 tp=0.9241  [40.0s]
   median nu  = 2.074
   median |eta| = 0.013
  FPR 0.3114 >= fp_end=0.3; stopping after 25 fits
  grid extended by 5 points down to rho=0.03890, ending at FPR 0.3114
  pilot fit of run_em_exact at rho=0.30349
  -> rho_max = max|S_ij| (off-diag) = 0.75960
  rho grid: [0.75959786 0.67290252 0.596102   0.52806696 0.46779699 0.41440581
 0.36710835 0.32520909 0.28809194 0.25521108 0.22608302 0.20027944
 0.1774209  0.15717129 0.13923282 0.12334173 0.10926435 0.09679366
 0.08574629 0.07595979]
Running run_em_exact over 20 rho values, extending until FPR >= 0.3...
  rho=0.75960 (1/20)
    fp=0.0074 tp=0.1266  [20.8s]
   median nu  = 0.193
   median |eta| = 1.875
  rho=0.67290 (2/20)
    fp=0.0113 tp=0.2025  [22.2s]
   median nu  = 0.239
   median |eta| = 1.788
  rho=0.59610 (3/20)
    fp=0.0189 tp=0.2785  [39.5s]
   median nu  = 0.295
   median |eta| = 1.512
  rho=0.52807 (4/20)
    fp=0.0273 tp=0.3291  [36.8s]
   median nu  = 0.358
   median |eta| = 1.297
  rho=0.46780 (5/20)
    fp=0.0365 tp=0.3671  [24.8s]
   median nu  = 0.407
   median |eta| = 1.038
  rho=0.41441 (6/20)
    fp=0.0456 tp=0.4430  [24.7s]
   median nu  = 0.456
   median |eta| = 0.648
  rho=0.36711 (7/20)
    fp=0.0569 tp=0.5443  [27.7s]
   median nu  = 0.494
   median |eta| = 0.466
  rho=0.32521 (8/20)
    fp=0.0712 tp=0.6076  [29.1s]
   median nu  = 0.565
   median |eta| = 0.297
  rho=0.28809 (9/20)
    fp=0.0846 tp=0.6203  [23.7s]
   median nu  = 0.658
   median |eta| = 0.275
  rho=0.25521 (10/20)
    fp=0.1029 tp=0.6835  [19.2s]
   median nu  = 0.74
   median |eta| = 0.193
  rho=0.22608 (11/20)
    fp=0.1154 tp=0.7089  [19.0s]
   median nu  = 0.827
   median |eta| = 0.135
  rho=0.20028 (12/20)
    fp=0.1300 tp=0.7722  [19.0s]
   median nu  = 0.913
   median |eta| = 0.098
  rho=0.17742 (13/20)
    fp=0.1423 tp=0.7975  [18.1s]
   median nu  = 0.997
   median |eta| = 0.075
  rho=0.15717 (14/20)
    fp=0.1562 tp=0.7975  [25.6s]
   median nu  = 1.078
   median |eta| = 0.057
  rho=0.13923 (15/20)
    fp=0.1683 tp=0.8228  [69.6s]
   median nu  = 1.167
   median |eta| = 0.045
  rho=0.12334 (16/20)
    fp=0.1842 tp=0.8354  [56.0s]
   median nu  = 1.274
   median |eta| = 0.033
  rho=0.10926 (17/20)
    fp=0.1979 tp=0.8608  [24.4s]
   median nu  = 1.365
   median |eta| = 0.026
  rho=0.09679 (18/20)
    fp=0.2115 tp=0.8861  [17.4s]
   median nu  = 1.461
   median |eta| = 0.021
  rho=0.08575 (19/20)
    fp=0.2240 tp=0.9114  [13.8s]
   median nu  = 1.56
   median |eta| = 0.016
  rho=0.07596 (20/20)
    fp=0.2379 tp=0.9241  [8.8s]
   median nu  = 1.655
   median |eta| = 0.012
  rho=0.06729 (21/21)  [extra 1/50]
    fp=0.2503 tp=0.9241  [7.8s]
   median nu  = 1.754
   median |eta| = 0.009
  rho=0.05961 (22/22)  [extra 2/50]
    fp=0.2663 tp=0.9241  [6.8s]
   median nu  = 1.896
   median |eta| = 0.007
  rho=0.05281 (23/23)  [extra 3/50]
    fp=0.2802 tp=0.9241  [5.8s]
   median nu  = 2.022
   median |eta| = 0.006
  rho=0.04678 (24/24)  [extra 4/50]
    fp=0.2930 tp=0.9241  [7.0s]
   median nu  = 2.146
   median |eta| = 0.005
  rho=0.04144 (25/25)  [extra 5/50]
    fp=0.3001 tp=0.9367  [8.4s]
   median nu  = 2.26
   median |eta| = 0.004
  FPR 0.3001 >= fp_end=0.3; stopping after 25 fits
  grid extended by 5 points down to rho=0.04144, ending at FPR 0.3001
  graphical_lasso rho_max = max|S_ij| (off-diag) = 2.64078
  rho grid: [2.64077952 2.33937888 2.07237806 1.8358509  1.62631935 1.4407023
 1.27627032 1.13060549 1.00156586 0.88725393 0.78598879 0.69628137
 0.61681254 0.54641375 0.48404979 0.42880364 0.3798629  0.33650793
 0.2981012  0.26407795]
Running graphical_lasso over 20 rho values, extending until FPR >= 0.3...
  rho=2.64078 (1/20)
    fp=0.0000 tp=0.0000  [0.0s]
  rho=2.33938 (2/20)
    fp=0.0006 tp=0.0000  [0.0s]
  rho=2.07238 (3/20)
    fp=0.0008 tp=0.0000  [33.5s]
  rho=1.83585 (4/20)
    fp=0.0021 tp=0.0000  [0.0s]
  rho=1.62632 (5/20)
    fp=0.0043 tp=0.0127  [36.1s]
  rho=1.44070 (6/20)
    fp=0.0105 tp=0.0380  [35.8s]
  rho=1.27627 (7/20)
    fp=0.0179 tp=0.1139  [30.1s]
  rho=1.13061 (8/20)
    fp=0.0294 tp=0.1519  [31.3s]
  rho=1.00157 (9/20)
    fp=0.0464 tp=0.1772  [29.2s]
  rho=0.88725 (10/20)
    fp=0.0599 tp=0.2405  [31.6s]
  rho=0.78599 (11/20)
    fp=0.0803 tp=0.3291  [2.5s]
  rho=0.69628 (12/20)
    fp=0.0934 tp=0.4430  [0.1s]
  rho=0.61681 (13/20)
    fp=0.1057 tp=0.4937  [0.7s]
  rho=0.54641 (14/20)
    fp=0.1228 tp=0.5190  [2.1s]
  rho=0.48405 (15/20)
    fp=0.1357 tp=0.5823  [1.5s]
  rho=0.42880 (16/20)
    fp=0.1538 tp=0.6203  [0.6s]
  rho=0.37986 (17/20)
    fp=0.1663 tp=0.7342  [1.1s]
  rho=0.33651 (18/20)
    fp=0.1811 tp=0.7595  [2.8s]
  rho=0.29810 (19/20)
    fp=0.1993 tp=0.7975  [42.1s]
  rho=0.26408 (20/20)
    fp=0.2152 tp=0.8101  [25.3s]
  rho=0.23394 (21/21)  [extra 1/50]
    fp=0.2357 tp=0.8354  [14.2s]
  rho=0.20724 (22/22)  [extra 2/50]
    fp=0.2581 tp=0.8481  [1.8s]
  rho=0.18359 (23/23)  [extra 3/50]
    fp=0.2800 tp=0.8734  [0.3s]
  rho=0.16263 (24/24)  [extra 4/50]
    fp=0.3059 tp=0.8987  [0.9s]
  FPR 0.3059 >= fp_end=0.3; stopping after 24 fits
  [note] 8/24 fits hit a glasso ConvergenceWarning (suppressed)
  grid extended by 4 points down to rho=0.16263, ending at FPR 0.3059
  [warn] mean_roc averages out to FPR 0.300 but the shortest replicate only reached 0.011; its TPR is held flat above that
  [warn] mean_roc averages out to FPR 0.300 but the shortest replicate only reached 0.229; its TPR is held flat above that

(p=100, n=50) over 38 replicates
  t+lasso  (run_em_diagonal):    AUC = 0.193 (SE 0.002)
  ~t+lasso (run_em_exact):       AUC = 0.194 (SE 0.002)
  tlasso   (run_tlasso):         AUC = 0.192 (SE 0.003)
  t*lasso  (run_tstar_varlasso): AUC = 0.191 (SE 0.003)
  glasso   (graphical_lasso):    AUC = 0.149 (SE 0.005)
Replicate 39/50
  Theta: 100/4950 edges
  pilot fit of run_tlasso at rho=30.34854
  -> rho_max = max|S_ij| (off-diag) = 30.16191
  [warn] pilot rho 30.34854 > rho_max 30.16191: it falls off the top of this method's grid
  rho grid: [30.16190703 26.71943178 23.66985727 20.96834049 18.57515649 16.45511426
 14.57703926 12.91331498 11.43947689 10.13385268  8.97724355  7.95264193
  7.04498138  6.24091504  5.52861938  4.8976203   4.33863918  3.84345637
  3.40479035  3.0161907 ]
Running run_tlasso over 20 rho values, extending until FPR >= 0.3...
  rho=30.16191 (1/20)
    fp=0.0000 tp=0.0000  [0.7s]
   nu  = 3.0000
  rho=26.71943 (2/20)
    fp=0.0000 tp=0.0100  [1.0s]
   nu  = 3.0000
  rho=23.66986 (3/20)
    fp=0.0000 tp=0.0100  [1.0s]
   nu  = 3.0000
  rho=20.96834 (4/20)
    fp=0.0000 tp=0.0100  [1.2s]
   nu  = 3.0000
  rho=18.57516 (5/20)
    fp=0.0000 tp=0.0100  [1.2s]
   nu  = 3.0000
  rho=16.45511 (6/20)
    fp=0.0000 tp=0.0100  [1.2s]
   nu  = 3.0000
  rho=14.57704 (7/20)
    fp=0.0000 tp=0.0100  [1.1s]
   nu  = 3.0000
  rho=12.91331 (8/20)
    fp=0.0000 tp=0.0100  [1.2s]
   nu  = 3.0000
  rho=11.43948 (9/20)
    fp=0.0000 tp=0.0100  [1.4s]
   nu  = 3.0000
  rho=10.13385 (10/20)
    fp=0.0000 tp=0.0200  [1.3s]
   nu  = 3.0000
  rho=8.97724 (11/20)
    fp=0.0000 tp=0.0400  [1.3s]
   nu  = 3.0000
  rho=7.95264 (12/20)
    fp=0.0004 tp=0.0500  [1.5s]
   nu  = 3.0000
  rho=7.04498 (13/20)
    fp=0.0014 tp=0.0500  [1.8s]
   nu  = 3.0000
  rho=6.24092 (14/20)
    fp=0.0016 tp=0.0900  [1.8s]
   nu  = 3.0000
  rho=5.52862 (15/20)
    fp=0.0037 tp=0.1200  [1.9s]
   nu  = 3.0000
  rho=4.89762 (16/20)
    fp=0.0049 tp=0.1500  [2.1s]
   nu  = 3.0000
  rho=4.33864 (17/20)
    fp=0.0074 tp=0.1700  [2.1s]
   nu  = 3.0000
  rho=3.84346 (18/20)
    fp=0.0111 tp=0.2400  [2.4s]
   nu  = 3.0000
  rho=3.40479 (19/20)
    fp=0.0192 tp=0.3200  [2.6s]
   nu  = 3.0000
  rho=3.01619 (20/20)
    fp=0.0268 tp=0.3700  [2.6s]
   nu  = 3.0000
  rho=2.67194 (21/21)  [extra 1/50]
    fp=0.0427 tp=0.4500  [1.9s]
   nu  = 3.0000
  rho=2.36699 (22/22)  [extra 2/50]
    fp=0.0713 tp=0.5400  [5.9s]
   nu  = 3.0000
  rho=2.09683 (23/23)  [extra 3/50]
    fp=0.1315 tp=0.6800  [15.3s]
   nu  = 3.0000
  rho=1.85752 (24/24)  [extra 4/50]
    fp=0.2569 tp=0.8100  [50.2s]
   nu  = 3.0000
  rho=1.64551 (25/25)  [extra 5/50]
    fp=0.2854 tp=0.8300  [38.4s]
   nu  = 3.0000
  rho=1.45770 (26/26)  [extra 6/50]
    fp=0.3153 tp=0.8500  [274.4s]
   nu  = 3.0000
  FPR 0.3153 >= fp_end=0.3; stopping after 26 fits
  grid extended by 6 points down to rho=1.45770, ending at FPR 0.3153
  pilot fit of run_tstar_varlasso at rho=0.30349
  -> rho_max = max|S_ij| (off-diag) = 0.89760
  rho grid: [0.89760457 0.79515808 0.70440413 0.62400823 0.55278817 0.48969668
 0.43380603 0.38429435 0.3404336  0.30157882 0.26715866 0.23666699
 0.20965543 0.18572678 0.16452919 0.14575094 0.12911592 0.1143795
 0.101325   0.08976046]
Running run_tstar_varlasso over 20 rho values, extending until FPR >= 0.3...
  rho=0.89760 (1/20)
    fp=0.0000 tp=0.0100  [1.2s]
   nu  = 3.0000
  rho=0.79516 (2/20)
    fp=0.0000 tp=0.0100  [1.1s]
   nu  = 3.0000
  rho=0.70440 (3/20)
    fp=0.0000 tp=0.0100  [1.0s]
   nu  = 3.0000
  rho=0.62401 (4/20)
    fp=0.0000 tp=0.0100  [1.2s]
   nu  = 3.0000
  rho=0.55279 (5/20)
    fp=0.0000 tp=0.0600  [1.1s]
   nu  = 3.0000
  rho=0.48970 (6/20)
    fp=0.0008 tp=0.0700  [1.2s]
   nu  = 3.0000
  rho=0.43381 (7/20)
    fp=0.0035 tp=0.0700  [1.2s]
   nu  = 3.0000
  rho=0.38429 (8/20)
    fp=0.0060 tp=0.1200  [1.3s]
   nu  = 3.0000
  rho=0.34043 (9/20)
    fp=0.0085 tp=0.1700  [1.3s]
   nu  = 3.0000
  rho=0.30158 (10/20)
    fp=0.0138 tp=0.2200  [1.5s]
   nu  = 3.0000
  rho=0.26716 (11/20)
    fp=0.0229 tp=0.2800  [1.8s]
   nu  = 3.0000
  rho=0.23667 (12/20)
    fp=0.0348 tp=0.3300  [1.6s]
   nu  = 3.0000
  rho=0.20966 (13/20)
    fp=0.0480 tp=0.3800  [1.4s]
   nu  = 3.0000
  rho=0.18573 (14/20)
    fp=0.0674 tp=0.4300  [2.0s]
   nu  = 3.0000
  rho=0.16453 (15/20)
    fp=0.0907 tp=0.4800  [2.5s]
   nu  = 3.0000
  rho=0.14575 (16/20)
    fp=0.1089 tp=0.5700  [2.2s]
   nu  = 3.0000
  rho=0.12912 (17/20)
    fp=0.1303 tp=0.6100  [1.9s]
   nu  = 3.0000
  rho=0.11438 (18/20)
    fp=0.1528 tp=0.6900  [1.6s]
   nu  = 3.0000
  rho=0.10133 (19/20)
    fp=0.1736 tp=0.7200  [2.2s]
   nu  = 3.0000
  rho=0.08976 (20/20)
    fp=0.1936 tp=0.7600  [1.5s]
   nu  = 3.0000
  rho=0.07952 (21/21)  [extra 1/50]
    fp=0.2144 tp=0.7900  [2.2s]
   nu  = 3.0000
  rho=0.07044 (22/22)  [extra 2/50]
    fp=0.2377 tp=0.8100  [2.3s]
   nu  = 3.0000
  rho=0.06240 (23/23)  [extra 3/50]
    fp=0.2557 tp=0.8200  [2.3s]
   nu  = 3.0000
  rho=0.05528 (24/24)  [extra 4/50]
    fp=0.2740 tp=0.8400  [3.1s]
   nu  = 3.0000
  rho=0.04897 (25/25)  [extra 5/50]
    fp=0.2953 tp=0.8500  [2.3s]
   nu  = 3.0000
  rho=0.04338 (26/26)  [extra 6/50]
    fp=0.3190 tp=0.8400  [3.8s]
   nu  = 3.0000
  FPR 0.3190 >= fp_end=0.3; stopping after 26 fits
  grid extended by 6 points down to rho=0.04338, ending at FPR 0.3190
  pilot fit of run_em_diagonal at rho=0.30349
  -> rho_max = max|S_ij| (off-diag) = 0.82729
  rho grid: [0.82728781 0.7328668  0.64922236 0.57512453 0.50948372 0.45133471
 0.39982243 0.35418941 0.31376464 0.27795367 0.24622993 0.21812691
 0.19323139 0.17117727 0.15164026 0.13433307 0.11900121 0.10541922
 0.09338738 0.08272878]
Running run_em_diagonal over 20 rho values, extending until FPR >= 0.3...
  rho=0.82729 (1/20)
    fp=0.0002 tp=0.0300  [48.8s]
   median nu  = 0.219
   median |eta| = 1.251
  rho=0.73287 (2/20)
    fp=0.0002 tp=0.0500  [28.4s]
   median nu  = 0.269
   median |eta| = 1.136
  rho=0.64922 (3/20)
    fp=0.0014 tp=0.0700  [30.5s]
   median nu  = 0.304
   median |eta| = 1.062
  rho=0.57512 (4/20)
    fp=0.0043 tp=0.0700  [20.6s]
   median nu  = 0.341
   median |eta| = 0.982
  rho=0.50948 (5/20)
    fp=0.0072 tp=0.1100  [19.5s]
   median nu  = 0.378
   median |eta| = 0.878
  rho=0.45133 (6/20)
    fp=0.0128 tp=0.1800  [38.9s]
   median nu  = 0.411
   median |eta| = 0.771
  rho=0.39982 (7/20)
    fp=0.0181 tp=0.2200  [67.8s]
   median nu  = 0.449
   median |eta| = 0.689
  rho=0.35419 (8/20)
    fp=0.0266 tp=0.2800  [24.0s]
   median nu  = 0.495
   median |eta| = 0.608
  rho=0.31376 (9/20)
    fp=0.0365 tp=0.3200  [23.2s]
   median nu  = 0.543
   median |eta| = 0.523
  rho=0.27795 (10/20)
    fp=0.0495 tp=0.3700  [51.9s]
   median nu  = 0.597
   median |eta| = 0.476
  rho=0.24623 (11/20)
    fp=0.0614 tp=0.4400  [24.2s]
   median nu  = 0.636
   median |eta| = 0.41
  rho=0.21813 (12/20)
    fp=0.0775 tp=0.5000  [27.6s]
   median nu  = 0.658
   median |eta| = 0.35
  rho=0.19323 (13/20)
    fp=0.0946 tp=0.5700  [20.4s]
   median nu  = 0.739
   median |eta| = 0.317
  rho=0.17118 (14/20)
    fp=0.1132 tp=0.5900  [25.3s]
   median nu  = 0.785
   median |eta| = 0.267
  rho=0.15164 (15/20)
    fp=0.1313 tp=0.6100  [24.2s]
   median nu  = 0.814
   median |eta| = 0.213
  rho=0.13433 (16/20)
    fp=0.1449 tp=0.6700  [26.6s]
   median nu  = 0.867
   median |eta| = 0.159
  rho=0.11900 (17/20)
    fp=0.1614 tp=0.6900  [26.5s]
   median nu  = 0.953
   median |eta| = 0.122
  rho=0.10542 (18/20)
    fp=0.1775 tp=0.7000  [25.7s]
   median nu  = 1.013
   median |eta| = 0.092
  rho=0.09339 (19/20)
    fp=0.1936 tp=0.7200  [25.2s]
   median nu  = 1.094
   median |eta| = 0.075
  rho=0.08273 (20/20)
    fp=0.2064 tp=0.7400  [46.3s]
   median nu  = 1.188
   median |eta| = 0.061
  rho=0.07329 (21/21)  [extra 1/50]
    fp=0.2179 tp=0.7800  [81.7s]
   median nu  = 1.254
   median |eta| = 0.05
  rho=0.06492 (22/22)  [extra 2/50]
    fp=0.2299 tp=0.7800  [31.6s]
   median nu  = 1.361
   median |eta| = 0.041
  rho=0.05751 (23/23)  [extra 3/50]
    fp=0.2398 tp=0.8000  [24.0s]
   median nu  = 1.459
   median |eta| = 0.034
  rho=0.05095 (24/24)  [extra 4/50]
    fp=0.2551 tp=0.8000  [21.6s]
   median nu  = 1.574
   median |eta| = 0.027
  rho=0.04513 (25/25)  [extra 5/50]
    fp=0.2722 tp=0.8100  [24.6s]
   median nu  = 1.696
   median |eta| = 0.02
  rho=0.03998 (26/26)  [extra 6/50]
    fp=0.2794 tp=0.8200  [26.8s]
   median nu  = 1.812
   median |eta| = 0.017
  rho=0.03542 (27/27)  [extra 7/50]
    fp=0.2942 tp=0.8200  [23.2s]
   median nu  = 1.923
   median |eta| = 0.013
  rho=0.03138 (28/28)  [extra 8/50]
    fp=0.3008 tp=0.8200  [19.7s]
   median nu  = 2.029
   median |eta| = 0.011
  FPR 0.3008 >= fp_end=0.3; stopping after 28 fits
  grid extended by 8 points down to rho=0.03138, ending at FPR 0.3008
  pilot fit of run_em_exact at rho=0.30349
  -> rho_max = max|S_ij| (off-diag) = 0.82037
  rho grid: [0.82037473 0.72674273 0.64379725 0.5703186  0.50522631 0.44756321
 0.39648138 0.35122969 0.31114272 0.275631   0.24417235 0.21630418
 0.19161669 0.16974686 0.15037311 0.13321054 0.11800679 0.1045383
 0.09260701 0.08203747]
Running run_em_exact over 20 rho values, extending until FPR >= 0.3...
  rho=0.82037 (1/20)
    fp=0.0002 tp=0.0300  [26.5s]
   median nu  = 0.221
   median |eta| = 1.207
  rho=0.72674 (2/20)
    fp=0.0002 tp=0.0500  [23.4s]
   median nu  = 0.273
   median |eta| = 1.138
  rho=0.64380 (3/20)
    fp=0.0019 tp=0.0700  [24.1s]
   median nu  = 0.312
   median |eta| = 1.0
  rho=0.57032 (4/20)
    fp=0.0043 tp=0.0700  [20.9s]
   median nu  = 0.353
   median |eta| = 0.976
  rho=0.50523 (5/20)
    fp=0.0080 tp=0.1200  [24.3s]
   median nu  = 0.396
   median |eta| = 0.836
  rho=0.44756 (6/20)
    fp=0.0138 tp=0.1800  [23.9s]
   median nu  = 0.433
   median |eta| = 0.701
  rho=0.39648 (7/20)
    fp=0.0198 tp=0.2300  [31.1s]
   median nu  = 0.48
   median |eta| = 0.575
  rho=0.35123 (8/20)
    fp=0.0280 tp=0.2900  [27.5s]
   median nu  = 0.543
   median |eta| = 0.502
  rho=0.31114 (9/20)
    fp=0.0381 tp=0.3300  [25.5s]
   median nu  = 0.595
   median |eta| = 0.399
  rho=0.27563 (10/20)
    fp=0.0503 tp=0.3600  [27.1s]
   median nu  = 0.643
   median |eta| = 0.314
  rho=0.24417 (11/20)
    fp=0.0637 tp=0.4400  [23.7s]
   median nu  = 0.695
   median |eta| = 0.255
  rho=0.21630 (12/20)
    fp=0.0804 tp=0.5000  [23.5s]
   median nu  = 0.737
   median |eta| = 0.185
  rho=0.19162 (13/20)
    fp=0.0971 tp=0.5600  [21.2s]
   median nu  = 0.791
   median |eta| = 0.139
  rho=0.16975 (14/20)
    fp=0.1163 tp=0.6000  [18.5s]
   median nu  = 0.848
   median |eta| = 0.102
  rho=0.15037 (15/20)
    fp=0.1303 tp=0.6400  [17.6s]
   median nu  = 0.93
   median |eta| = 0.08
  rho=0.13321 (16/20)
    fp=0.1437 tp=0.6800  [20.2s]
   median nu  = 0.995
   median |eta| = 0.053
  rho=0.11801 (17/20)
    fp=0.1563 tp=0.7100  [19.7s]
   median nu  = 1.086
   median |eta| = 0.042
  rho=0.10454 (18/20)
    fp=0.1722 tp=0.7500  [19.9s]
   median nu  = 1.181
   median |eta| = 0.031
  rho=0.09261 (19/20)
    fp=0.1864 tp=0.7500  [19.6s]
   median nu  = 1.271
   median |eta| = 0.025
  rho=0.08204 (20/20)
    fp=0.2006 tp=0.7800  [18.8s]
   median nu  = 1.343
   median |eta| = 0.022
  rho=0.07267 (21/21)  [extra 1/50]
    fp=0.2155 tp=0.8000  [12.5s]
   median nu  = 1.433
   median |eta| = 0.019
  rho=0.06438 (22/22)  [extra 2/50]
    fp=0.2272 tp=0.8100  [9.6s]
   median nu  = 1.543
   median |eta| = 0.015
  rho=0.05703 (23/23)  [extra 3/50]
    fp=0.2410 tp=0.8300  [6.7s]
   median nu  = 1.626
   median |eta| = 0.011
  rho=0.05052 (24/24)  [extra 4/50]
    fp=0.2528 tp=0.8300  [7.2s]
   median nu  = 1.729
   median |eta| = 0.009
  rho=0.04476 (25/25)  [extra 5/50]
    fp=0.2687 tp=0.8400  [6.1s]
   median nu  = 1.841
   median |eta| = 0.007
  rho=0.03965 (26/26)  [extra 6/50]
    fp=0.2829 tp=0.8500  [5.5s]
   median nu  = 1.947
   median |eta| = 0.006
  rho=0.03512 (27/27)  [extra 7/50]
    fp=0.2934 tp=0.8500  [5.2s]
   median nu  = 2.062
   median |eta| = 0.004
  rho=0.03111 (28/28)  [extra 8/50]
    fp=0.3056 tp=0.8500  [4.8s]
   median nu  = 2.202
   median |eta| = 0.003
  FPR 0.3056 >= fp_end=0.3; stopping after 28 fits
  grid extended by 8 points down to rho=0.03111, ending at FPR 0.3056
  graphical_lasso rho_max = max|S_ij| (off-diag) = 4.39452
  rho grid: [4.39451817 3.89295771 3.44864195 3.05503738 2.70635616 2.39747104
 2.12383998 1.8814393  1.6667046  1.47647825 1.30796305 1.15868103
 1.02643704 0.90928649 0.8055067  0.71357164 0.63212942 0.55998246
 0.49606986 0.43945182]
Running graphical_lasso over 20 rho values, extending until FPR >= 0.3...
  rho=4.39452 (1/20)
    fp=0.0000 tp=0.0000  [0.0s]
  rho=3.89296 (2/20)
    fp=0.0006 tp=0.0000  [0.0s]
  rho=3.44864 (3/20)
    fp=0.0010 tp=0.0000  [23.1s]
  rho=3.05504 (4/20)
    fp=0.0019 tp=0.0100  [0.0s]
  rho=2.70636 (5/20)
    fp=0.0031 tp=0.0100  [23.5s]
  rho=2.39747 (6/20)
    fp=0.0056 tp=0.0100  [23.8s]
  rho=2.12384 (7/20)
    fp=0.0091 tp=0.0100  [23.3s]
  rho=1.88144 (8/20)
    fp=0.0136 tp=0.0400  [0.4s]
  rho=1.66670 (9/20)
    fp=0.0184 tp=0.0400  [23.8s]
  rho=1.47648 (10/20)
    fp=0.0268 tp=0.0500  [2.8s]
  rho=1.30796 (11/20)
    fp=0.0351 tp=0.0800  [2.4s]
  rho=1.15868 (12/20)
    fp=0.0443 tp=0.0900  [0.7s]
  rho=1.02644 (13/20)
    fp=0.0532 tp=0.1300  [4.8s]
  rho=0.90929 (14/20)
    fp=0.0592 tp=0.1700  [16.7s]
  rho=0.80551 (15/20)
    fp=0.0670 tp=0.1900  [16.4s]
  rho=0.71357 (16/20)
    fp=0.0751 tp=0.2200  [13.5s]
  rho=0.63213 (17/20)
    fp=0.0849 tp=0.2300  [9.3s]
  rho=0.55998 (18/20)
    fp=0.0953 tp=0.2500  [1.7s]
  rho=0.49607 (19/20)
    fp=0.1045 tp=0.3300  [3.3s]
  rho=0.43945 (20/20)
    fp=0.1186 tp=0.3600  [7.6s]
  rho=0.38930 (21/21)  [extra 1/50]
    fp=0.1311 tp=0.4400  [0.5s]
  rho=0.34486 (22/22)  [extra 2/50]
    fp=0.1460 tp=0.4900  [2.5s]
  rho=0.30550 (23/23)  [extra 3/50]
    fp=0.1581 tp=0.5300  [3.8s]
  rho=0.27064 (24/24)  [extra 4/50]
    fp=0.1769 tp=0.5600  [23.1s]
  rho=0.23975 (25/25)  [extra 5/50]
    fp=0.1944 tp=0.6500  [26.1s]
  rho=0.21238 (26/26)  [extra 6/50]
    fp=0.2153 tp=0.6800  [13.4s]
  rho=0.18814 (27/27)  [extra 7/50]
    fp=0.2355 tp=0.7600  [1.0s]
  rho=0.16667 (28/28)  [extra 8/50]
    fp=0.2548 tp=0.7900  [6.0s]
  rho=0.14765 (29/29)  [extra 9/50]
    fp=0.2755 tp=0.8300  [7.8s]
  rho=0.13080 (30/30)  [extra 10/50]
    fp=0.2998 tp=0.8400  [10.7s]
  rho=0.11587 (31/31)  [extra 11/50]
    fp=0.3221 tp=0.8400  [0.5s]
  FPR 0.3221 >= fp_end=0.3; stopping after 31 fits
  [note] 5/31 fits hit a glasso ConvergenceWarning (suppressed)
  grid extended by 11 points down to rho=0.11587, ending at FPR 0.3221
  [warn] mean_roc averages out to FPR 0.300 but the shortest replicate only reached 0.011; its TPR is held flat above that
  [warn] mean_roc averages out to FPR 0.300 but the shortest replicate only reached 0.229; its TPR is held flat above that

(p=100, n=50) over 39 replicates
  t+lasso  (run_em_diagonal):    AUC = 0.192 (SE 0.002)
  ~t+lasso (run_em_exact):       AUC = 0.194 (SE 0.002)
  tlasso   (run_tlasso):         AUC = 0.192 (SE 0.003)
  t*lasso  (run_tstar_varlasso): AUC = 0.191 (SE 0.003)
  glasso   (graphical_lasso):    AUC = 0.149 (SE 0.005)
Replicate 40/50
  Theta: 103/4950 edges
  pilot fit of run_tlasso at rho=30.34854
  -> rho_max = max|S_ij| (off-diag) = 39.35173
  rho grid: [39.35173022 34.86039094 30.88166264 27.35703936 24.23469266 21.4687094
 19.01841669 16.84778375 14.92489212 13.22146628 11.7124579  10.37567748
  9.19146811  8.14241635  7.21309624  6.38984242  5.66054919  5.01449255
  4.44217242  3.93517302]
Running run_tlasso over 20 rho values, extending until FPR >= 0.3...
  rho=39.35173 (1/20)
    fp=0.0000 tp=0.0097  [0.3s]
   nu  = 3.0000
  rho=34.86039 (2/20)
    fp=0.0000 tp=0.0097  [0.2s]
   nu  = 3.0000
  rho=30.88166 (3/20)
    fp=0.0000 tp=0.0097  [0.3s]
   nu  = 3.0000
  rho=27.35704 (4/20)
    fp=0.0000 tp=0.0194  [0.2s]
   nu  = 3.0000
  rho=24.23469 (5/20)
    fp=0.0000 tp=0.0194  [0.2s]
   nu  = 3.0000
  rho=21.46871 (6/20)
    fp=0.0000 tp=0.0194  [0.2s]
   nu  = 3.0000
  rho=19.01842 (7/20)
    fp=0.0000 tp=0.0194  [0.2s]
   nu  = 3.0000
  rho=16.84778 (8/20)
    fp=0.0000 tp=0.0194  [0.3s]
   nu  = 3.0000
  rho=14.92489 (9/20)
    fp=0.0000 tp=0.0291  [0.3s]
   nu  = 3.0000
  rho=13.22147 (10/20)
    fp=0.0000 tp=0.0388  [0.3s]
   nu  = 3.0000
  rho=11.71246 (11/20)
    fp=0.0002 tp=0.0485  [0.4s]
   nu  = 3.0000
  rho=10.37568 (12/20)
    fp=0.0006 tp=0.0583  [0.4s]
   nu  = 3.0000
  rho=9.19147 (13/20)
    fp=0.0008 tp=0.0680  [0.4s]
   nu  = 3.0000
  rho=8.14242 (14/20)
    fp=0.0010 tp=0.0971  [0.4s]
   nu  = 3.0000
  rho=7.21310 (15/20)
    fp=0.0012 tp=0.1068  [0.4s]
   nu  = 3.0000
  rho=6.38984 (16/20)
    fp=0.0031 tp=0.1456  [0.4s]
   nu  = 3.0000
  rho=5.66055 (17/20)
    fp=0.0066 tp=0.1845  [0.5s]
   nu  = 3.0000
  rho=5.01449 (18/20)
    fp=0.0105 tp=0.2136  [0.5s]
   nu  = 3.0000
  rho=4.44217 (19/20)
    fp=0.0163 tp=0.2524  [0.5s]
   nu  = 3.0000
  rho=3.93517 (20/20)
    fp=0.0239 tp=0.3398  [0.6s]
   nu  = 3.0000
  rho=3.48604 (21/21)  [extra 1/50]
    fp=0.0332 tp=0.3981  [0.8s]
   nu  = 3.0000
  rho=3.08817 (22/22)  [extra 2/50]
    fp=0.0565 tp=0.4951  [1.6s]
   nu  = 3.0000
  rho=2.73570 (23/23)  [extra 3/50]
    fp=0.1013 tp=0.6019  [3.9s]
   nu  = 3.0000
  rho=2.42347 (24/24)  [extra 4/50]
    fp=0.2560 tp=0.7573  [28.3s]
   nu  = 3.0000
  rho=2.14687 (25/25)  [extra 5/50]
    fp=0.2915 tp=0.8350  [14.4s]
   nu  = 3.0000
  rho=1.90184 (26/26)  [extra 6/50]
    fp=0.3223 tp=0.8544  [65.6s]
   nu  = 3.0000
  FPR 0.3223 >= fp_end=0.3; stopping after 26 fits
  grid extended by 6 points down to rho=1.90184, ending at FPR 0.3223
  pilot fit of run_tstar_varlasso at rho=0.30349
  -> rho_max = max|S_ij| (off-diag) = 0.90121
  rho grid: [0.90120818 0.7983504  0.70723211 0.62651344 0.55500745 0.49166267
 0.43554763 0.38583718 0.34180034 0.30278957 0.26823123 0.23761714
 0.21049713 0.18647242 0.16518972 0.14633609 0.12963428 0.1148387
 0.10173179 0.09012082]
Running run_tstar_varlasso over 20 rho values, extending until FPR >= 0.3...
  rho=0.90121 (1/20)
    fp=0.0000 tp=0.0291  [1.4s]
   nu  = 3.0000
  rho=0.79835 (2/20)
    fp=0.0000 tp=0.0291  [1.3s]
   nu  = 3.0000
  rho=0.70723 (3/20)
    fp=0.0008 tp=0.0583  [1.2s]
   nu  = 3.0000
  rho=0.62651 (4/20)
    fp=0.0012 tp=0.0874  [1.3s]
   nu  = 3.0000
  rho=0.55501 (5/20)
    fp=0.0033 tp=0.0971  [1.2s]
   nu  = 3.0000
  rho=0.49166 (6/20)
    fp=0.0056 tp=0.1165  [1.5s]
   nu  = 3.0000
  rho=0.43555 (7/20)
    fp=0.0085 tp=0.1650  [1.6s]
   nu  = 3.0000
  rho=0.38584 (8/20)
    fp=0.0132 tp=0.2718  [1.5s]
   nu  = 3.0000
  rho=0.34180 (9/20)
    fp=0.0217 tp=0.3495  [1.5s]
   nu  = 3.0000
  rho=0.30279 (10/20)
    fp=0.0340 tp=0.4078  [1.5s]
   nu  = 3.0000
  rho=0.26823 (11/20)
    fp=0.0493 tp=0.4660  [1.6s]
   nu  = 3.0000
  rho=0.23762 (12/20)
    fp=0.0666 tp=0.5049  [2.3s]
   nu  = 3.0000
  rho=0.21050 (13/20)
    fp=0.0848 tp=0.5437  [2.2s]
   nu  = 3.0000
  rho=0.18647 (14/20)
    fp=0.1069 tp=0.5534  [2.3s]
   nu  = 3.0000
  rho=0.16519 (15/20)
    fp=0.1289 tp=0.5922  [2.2s]
   nu  = 3.0000
  rho=0.14634 (16/20)
    fp=0.1467 tp=0.6408  [2.2s]
   nu  = 3.0000
  rho=0.12963 (17/20)
    fp=0.1667 tp=0.6796  [1.6s]
   nu  = 3.0000
  rho=0.11484 (18/20)
    fp=0.1840 tp=0.6990  [1.6s]
   nu  = 3.0000
  rho=0.10173 (19/20)
    fp=0.2018 tp=0.7379  [1.9s]
   nu  = 3.0000
  rho=0.09012 (20/20)
    fp=0.2234 tp=0.7476  [2.6s]
   nu  = 3.0000
  rho=0.07984 (21/21)  [extra 1/50]
    fp=0.2430 tp=0.7670  [2.7s]
   nu  = 3.0000
  rho=0.07072 (22/22)  [extra 2/50]
    fp=0.2618 tp=0.8058  [2.4s]
   nu  = 3.0000
  rho=0.06265 (23/23)  [extra 3/50]
    fp=0.2798 tp=0.8350  [0.8s]
   nu  = 3.0000
  rho=0.05550 (24/24)  [extra 4/50]
    fp=0.3020 tp=0.8447  [0.7s]
   nu  = 3.0000
  FPR 0.3020 >= fp_end=0.3; stopping after 24 fits
  grid extended by 4 points down to rho=0.05550, ending at FPR 0.3020
  pilot fit of run_em_diagonal at rho=0.30349
  -> rho_max = max|S_ij| (off-diag) = 0.81585
  rho grid: [0.81585191 0.72273611 0.64024792 0.56717437 0.50244094 0.44509574
 0.39429553 0.34929332 0.30942735 0.27411142 0.2428262  0.21511167
 0.19056028 0.16881102 0.14954408 0.13247613 0.11735621 0.10396197
 0.09209645 0.08158519]
Running run_em_diagonal over 20 rho values, extending until FPR >= 0.3...
  rho=0.81585 (1/20)
    fp=0.0031 tp=0.0777  [20.6s]
   median nu  = 0.251
   median |eta| = 1.576
  rho=0.72274 (2/20)
    fp=0.0052 tp=0.1068  [22.9s]
   median nu  = 0.303
   median |eta| = 1.27
  rho=0.64025 (3/20)
    fp=0.0072 tp=0.1650  [25.6s]
   median nu  = 0.36
   median |eta| = 1.059
  rho=0.56717 (4/20)
    fp=0.0128 tp=0.2039  [26.5s]
   median nu  = 0.404
   median |eta| = 0.902
  rho=0.50244 (5/20)
    fp=0.0171 tp=0.2816  [20.6s]
   median nu  = 0.447
   median |eta| = 0.796
  rho=0.44510 (6/20)
    fp=0.0260 tp=0.3398  [25.3s]
   median nu  = 0.497
   median |eta| = 0.71
  rho=0.39430 (7/20)
    fp=0.0320 tp=0.4175  [25.3s]
   median nu  = 0.55
   median |eta| = 0.608
  rho=0.34929 (8/20)
    fp=0.0431 tp=0.4563  [20.0s]
   median nu  = 0.609
   median |eta| = 0.51
  rho=0.30943 (9/20)
    fp=0.0567 tp=0.5049  [21.1s]
   median nu  = 0.663
   median |eta| = 0.425
  rho=0.27411 (10/20)
    fp=0.0695 tp=0.5340  [28.8s]
   median nu  = 0.718
   median |eta| = 0.333
  rho=0.24283 (11/20)
    fp=0.0891 tp=0.5534  [28.2s]
   median nu  = 0.773
   median |eta| = 0.27
  rho=0.21511 (12/20)
    fp=0.1027 tp=0.5825  [22.1s]
   median nu  = 0.836
   median |eta| = 0.222
  rho=0.19056 (13/20)
    fp=0.1184 tp=0.6117  [19.0s]
   median nu  = 0.878
   median |eta| = 0.171
  rho=0.16881 (14/20)
    fp=0.1322 tp=0.6408  [24.4s]
   median nu  = 0.941
   median |eta| = 0.143
  rho=0.14954 (15/20)
    fp=0.1463 tp=0.6893  [31.0s]
   median nu  = 1.026
   median |eta| = 0.124
  rho=0.13248 (16/20)
    fp=0.1651 tp=0.7184  [23.6s]
   median nu  = 1.117
   median |eta| = 0.101
  rho=0.11736 (17/20)
    fp=0.1789 tp=0.7184  [26.2s]
   median nu  = 1.191
   median |eta| = 0.084
  rho=0.10396 (18/20)
    fp=0.1910 tp=0.7282  [25.7s]
   median nu  = 1.272
   median |eta| = 0.072
  rho=0.09210 (19/20)
    fp=0.2053 tp=0.7670  [21.6s]
   median nu  = 1.369
   median |eta| = 0.059
  rho=0.08159 (20/20)
    fp=0.2208 tp=0.7670  [21.0s]
   median nu  = 1.455
   median |eta| = 0.047
  rho=0.07227 (21/21)  [extra 1/50]
    fp=0.2333 tp=0.7864  [20.4s]
   median nu  = 1.577
   median |eta| = 0.034
  rho=0.06402 (22/22)  [extra 2/50]
    fp=0.2470 tp=0.8252  [19.7s]
   median nu  = 1.679
   median |eta| = 0.025
  rho=0.05672 (23/23)  [extra 3/50]
    fp=0.2595 tp=0.8350  [18.6s]
   median nu  = 1.793
   median |eta| = 0.02
  rho=0.05024 (24/24)  [extra 4/50]
    fp=0.2730 tp=0.8350  [18.8s]
   median nu  = 1.901
   median |eta| = 0.016
  rho=0.04451 (25/25)  [extra 5/50]
    fp=0.2841 tp=0.8350  [18.8s]
   median nu  = 2.02
   median |eta| = 0.013
  rho=0.03943 (26/26)  [extra 6/50]
    fp=0.2973 tp=0.8447  [18.4s]
   median nu  = 2.153
   median |eta| = 0.012
  rho=0.03493 (27/27)  [extra 7/50]
    fp=0.3068 tp=0.8544  [18.7s]
   median nu  = 2.263
   median |eta| = 0.009
  FPR 0.3068 >= fp_end=0.3; stopping after 27 fits
  grid extended by 7 points down to rho=0.03493, ending at FPR 0.3068
  pilot fit of run_em_exact at rho=0.30349
  -> rho_max = max|S_ij| (off-diag) = 0.83294
  rho grid: [0.83294088 0.73787467 0.65365866 0.5790545  0.51296515 0.45441879
 0.40255452 0.35660968 0.31590867 0.279853   0.24791248 0.21961743
 0.19455179 0.17234697 0.15267646 0.135251   0.11981437 0.10613957
 0.09402552 0.08329409]
Running run_em_exact over 20 rho values, extending until FPR >= 0.3...
  rho=0.83294 (1/20)
    fp=0.0029 tp=0.0777  [18.9s]
   median nu  = 0.253
   median |eta| = 1.516
  rho=0.73787 (2/20)
    fp=0.0047 tp=0.1068  [18.1s]
   median nu  = 0.312
   median |eta| = 1.217
  rho=0.65366 (3/20)
    fp=0.0070 tp=0.1456  [17.4s]
   median nu  = 0.374
   median |eta| = 1.012
  rho=0.57905 (4/20)
    fp=0.0113 tp=0.1845  [17.4s]
   median nu  = 0.41
   median |eta| = 0.902
  rho=0.51297 (5/20)
    fp=0.0167 tp=0.2621  [17.2s]
   median nu  = 0.456
   median |eta| = 0.762
  rho=0.45442 (6/20)
    fp=0.0241 tp=0.3495  [17.2s]
   median nu  = 0.527
   median |eta| = 0.575
  rho=0.40255 (7/20)
    fp=0.0326 tp=0.4175  [17.2s]
   median nu  = 0.57
   median |eta| = 0.462
  rho=0.35661 (8/20)
    fp=0.0439 tp=0.4466  [16.6s]
   median nu  = 0.636
   median |eta| = 0.35
  rho=0.31591 (9/20)
    fp=0.0551 tp=0.5049  [17.0s]
   median nu  = 0.705
   median |eta| = 0.269
  rho=0.27985 (10/20)
    fp=0.0675 tp=0.5340  [18.8s]
   median nu  = 0.77
   median |eta| = 0.184
  rho=0.24791 (11/20)
    fp=0.0850 tp=0.5631  [18.9s]
   median nu  = 0.839
   median |eta| = 0.138
  rho=0.21962 (12/20)
    fp=0.1038 tp=0.5825  [18.6s]
   median nu  = 0.911
   median |eta| = 0.104
  rho=0.19455 (13/20)
    fp=0.1209 tp=0.6214  [18.2s]
   median nu  = 0.985
   median |eta| = 0.075
  rho=0.17235 (14/20)
    fp=0.1329 tp=0.6408  [15.2s]
   median nu  = 1.059
   median |eta| = 0.057
  rho=0.15268 (15/20)
    fp=0.1446 tp=0.6796  [13.1s]
   median nu  = 1.14
   median |eta| = 0.04
  rho=0.13525 (16/20)
    fp=0.1578 tp=0.6990  [12.9s]
   median nu  = 1.227
   median |eta| = 0.028
  rho=0.11981 (17/20)
    fp=0.1735 tp=0.7184  [13.7s]
   median nu  = 1.317
   median |eta| = 0.023
  rho=0.10614 (18/20)
    fp=0.1859 tp=0.7476  [10.4s]
   median nu  = 1.408
   median |eta| = 0.018
  rho=0.09403 (19/20)
    fp=0.1962 tp=0.7670  [7.8s]
   median nu  = 1.502
   median |eta| = 0.014
  rho=0.08329 (20/20)
    fp=0.2129 tp=0.7767  [5.5s]
   median nu  = 1.603
   median |eta| = 0.011
  rho=0.07379 (21/21)  [extra 1/50]
    fp=0.2255 tp=0.8058  [5.6s]
   median nu  = 1.704
   median |eta| = 0.009
  rho=0.06537 (22/22)  [extra 2/50]
    fp=0.2366 tp=0.8350  [5.9s]
   median nu  = 1.805
   median |eta| = 0.008
  rho=0.05791 (23/23)  [extra 3/50]
    fp=0.2484 tp=0.8350  [5.4s]
   median nu  = 1.913
   median |eta| = 0.006
  rho=0.05130 (24/24)  [extra 4/50]
    fp=0.2618 tp=0.8350  [5.1s]
   median nu  = 2.022
   median |eta| = 0.005
  rho=0.04544 (25/25)  [extra 5/50]
    fp=0.2754 tp=0.8447  [4.5s]
   median nu  = 2.14
   median |eta| = 0.004
  rho=0.04026 (26/26)  [extra 6/50]
    fp=0.2884 tp=0.8447  [4.3s]
   median nu  = 2.261
   median |eta| = 0.003
  rho=0.03566 (27/27)  [extra 7/50]
    fp=0.2998 tp=0.8447  [3.8s]
   median nu  = 2.394
   median |eta| = 0.002
  rho=0.03159 (28/28)  [extra 8/50]
    fp=0.3105 tp=0.8350  [3.5s]
   median nu  = 2.529
   median |eta| = 0.002
  FPR 0.3105 >= fp_end=0.3; stopping after 28 fits
  grid extended by 8 points down to rho=0.03159, ending at FPR 0.3105
  graphical_lasso rho_max = max|S_ij| (off-diag) = 5.58134
  rho grid: [5.58133653 4.94432068 4.38000949 3.88010495 3.43725612 3.04495105
 2.69742101 2.38955569 2.11682803 1.87522765 1.6612019  1.4716036
 1.30364476 1.1548556  1.02304822 0.90628444 0.80284729 0.71121575
 0.63004242 0.55813365]
Running graphical_lasso over 20 rho values, extending until FPR >= 0.3...
  rho=5.58134 (1/20)
    fp=0.0000 tp=0.0000  [0.0s]
  rho=4.94432 (2/20)
    fp=0.0000 tp=0.0097  [0.0s]
  rho=4.38001 (3/20)
    fp=0.0000 tp=0.0097  [22.5s]
  rho=3.88010 (4/20)
    fp=0.0002 tp=0.0194  [0.0s]
  rho=3.43726 (5/20)
    fp=0.0006 tp=0.0194  [0.0s]
  rho=3.04495 (6/20)
    fp=0.0008 tp=0.0291  [22.4s]
  rho=2.69742 (7/20)
    fp=0.0019 tp=0.0291  [22.4s]
  rho=2.38956 (8/20)
    fp=0.0037 tp=0.0388  [22.7s]
  rho=2.11683 (9/20)
    fp=0.0052 tp=0.0388  [22.2s]
  rho=1.87523 (10/20)
    fp=0.0078 tp=0.0583  [23.0s]
  rho=1.66120 (11/20)
    fp=0.0144 tp=0.0874  [22.0s]
  rho=1.47160 (12/20)
    fp=0.0231 tp=0.1262  [0.6s]
  rho=1.30364 (13/20)
    fp=0.0355 tp=0.1553  [0.5s]
  rho=1.15486 (14/20)
    fp=0.0437 tp=0.1553  [0.4s]
  rho=1.02305 (15/20)
    fp=0.0571 tp=0.1650  [0.4s]
  rho=0.90628 (16/20)
    fp=0.0681 tp=0.2039  [2.3s]
  rho=0.80285 (17/20)
    fp=0.0825 tp=0.2621  [0.2s]
  rho=0.71122 (18/20)
    fp=0.0982 tp=0.3204  [0.5s]
  rho=0.63004 (19/20)
    fp=0.1131 tp=0.3592  [2.5s]
  rho=0.55813 (20/20)
    fp=0.1267 tp=0.4175  [2.1s]
  rho=0.49443 (21/21)  [extra 1/50]
    fp=0.1463 tp=0.4757  [1.7s]
  rho=0.43800 (22/22)  [extra 2/50]
    fp=0.1617 tp=0.4951  [1.2s]
  rho=0.38801 (23/23)  [extra 3/50]
    fp=0.1805 tp=0.5243  [2.9s]
  rho=0.34373 (24/24)  [extra 4/50]
    fp=0.1970 tp=0.5922  [2.3s]
  rho=0.30450 (25/25)  [extra 5/50]
    fp=0.2125 tp=0.6214  [5.7s]
  rho=0.26974 (26/26)  [extra 6/50]
    fp=0.2327 tp=0.6602  [3.7s]
  rho=0.23896 (27/27)  [extra 7/50]
    fp=0.2503 tp=0.6796  [17.7s]
  rho=0.21168 (28/28)  [extra 8/50]
    fp=0.2680 tp=0.7087  [0.6s]
  rho=0.18752 (29/29)  [extra 9/50]
    fp=0.2864 tp=0.7476  [4.4s]
  rho=0.16612 (30/30)  [extra 10/50]
    fp=0.3022 tp=0.7864  [2.8s]
  FPR 0.3022 >= fp_end=0.3; stopping after 30 fits
  [note] 7/30 fits hit a glasso ConvergenceWarning (suppressed)
  grid extended by 10 points down to rho=0.16612, ending at FPR 0.3022
  [warn] mean_roc averages out to FPR 0.300 but the shortest replicate only reached 0.011; its TPR is held flat above that
  [warn] mean_roc averages out to FPR 0.300 but the shortest replicate only reached 0.229; its TPR is held flat above that

(p=100, n=50) over 40 replicates
  t+lasso  (run_em_diagonal):    AUC = 0.192 (SE 0.002)
  ~t+lasso (run_em_exact):       AUC = 0.194 (SE 0.002)
  tlasso   (run_tlasso):         AUC = 0.192 (SE 0.003)
  t*lasso  (run_tstar_varlasso): AUC = 0.190 (SE 0.002)
  glasso   (graphical_lasso):    AUC = 0.148 (SE 0.005)
Replicate 41/50
  Theta: 101/4950 edges
  pilot fit of run_tlasso at rho=30.34854
  -> rho_max = max|S_ij| (off-diag) = 26.62617
  [warn] pilot rho 30.34854 > rho_max 26.62617: it falls off the top of this method's grid
  rho grid: [26.62617168 23.58724124 20.89515369 18.51032274 16.39768019 14.52616032
 12.86824302 11.39954914 10.09848201  8.94590985  7.92488445  7.02039195
  6.21913208  5.50932258  4.88052591  4.32349582  3.83004137  3.39290645
  3.00566315  2.66261717]
Running run_tlasso over 20 rho values, extending until FPR >= 0.3...
  rho=26.62617 (1/20)
    fp=0.0000 tp=0.0000  [0.3s]
   nu  = 3.0000
  rho=23.58724 (2/20)
    fp=0.0000 tp=0.0099  [0.4s]
   nu  = 3.0000
  rho=20.89515 (3/20)
    fp=0.0000 tp=0.0099  [0.4s]
   nu  = 3.0000
  rho=18.51032 (4/20)
    fp=0.0000 tp=0.0099  [0.4s]
   nu  = 3.0000
  rho=16.39768 (5/20)
    fp=0.0000 tp=0.0099  [0.4s]
   nu  = 3.0000
  rho=14.52616 (6/20)
    fp=0.0000 tp=0.0099  [0.4s]
   nu  = 3.0000
  rho=12.86824 (7/20)
    fp=0.0000 tp=0.0099  [0.4s]
   nu  = 3.0000
  rho=11.39955 (8/20)
    fp=0.0000 tp=0.0198  [0.4s]
   nu  = 3.0000
  rho=10.09848 (9/20)
    fp=0.0000 tp=0.0198  [0.4s]
   nu  = 3.0000
  rho=8.94591 (10/20)
    fp=0.0000 tp=0.0297  [0.5s]
   nu  = 3.0000
  rho=7.92488 (11/20)
    fp=0.0000 tp=0.0495  [0.4s]
   nu  = 3.0000
  rho=7.02039 (12/20)
    fp=0.0004 tp=0.0693  [0.5s]
   nu  = 3.0000
  rho=6.21913 (13/20)
    fp=0.0004 tp=0.0792  [0.5s]
   nu  = 3.0000
  rho=5.50932 (14/20)
    fp=0.0006 tp=0.1089  [0.6s]
   nu  = 3.0000
  rho=4.88053 (15/20)
    fp=0.0016 tp=0.1683  [0.6s]
   nu  = 3.0000
  rho=4.32350 (16/20)
    fp=0.0027 tp=0.1782  [0.6s]
   nu  = 3.0000
  rho=3.83004 (17/20)
    fp=0.0054 tp=0.1980  [0.6s]
   nu  = 3.0000
  rho=3.39291 (18/20)
    fp=0.0078 tp=0.2574  [0.7s]
   nu  = 3.0000
  rho=3.00566 (19/20)
    fp=0.0136 tp=0.3366  [0.6s]
   nu  = 3.0000
  rho=2.66262 (20/20)
    fp=0.0229 tp=0.3960  [0.7s]
   nu  = 3.0000
  rho=2.35872 (21/21)  [extra 1/50]
    fp=0.0415 tp=0.4653  [0.7s]
   nu  = 3.0000
  rho=2.08952 (22/22)  [extra 2/50]
    fp=0.0691 tp=0.5941  [1.3s]
   nu  = 3.0000
  rho=1.85103 (23/23)  [extra 3/50]
    fp=0.1171 tp=0.7030  [2.3s]
   nu  = 3.0000
  rho=1.63977 (24/24)  [extra 4/50]
    fp=0.2332 tp=0.8416  [8.7s]
   nu  = 3.0000
  rho=1.45262 (25/25)  [extra 5/50]
    fp=0.2625 tp=0.8911  [3.7s]
   nu  = 3.0000
  rho=1.28682 (26/26)  [extra 6/50]
    fp=0.2986 tp=0.9109  [4.5s]
   nu  = 3.0000
  rho=1.13995 (27/27)  [extra 7/50]
    fp=0.3285 tp=0.9406  [3.9s]
   nu  = 3.0000
  FPR 0.3285 >= fp_end=0.3; stopping after 27 fits
  grid extended by 7 points down to rho=1.13995, ending at FPR 0.3285
  pilot fit of run_tstar_varlasso at rho=0.30349
  -> rho_max = max|S_ij| (off-diag) = 0.79624
  rho grid: [0.79623912 0.70536179 0.62485658 0.5535397  0.49036243 0.4343958
 0.38481681 0.34089643 0.30198883 0.26752187 0.23698874 0.20994046
 0.18597928 0.16475287 0.14594909 0.12929146 0.11453501 0.10146276
 0.08988249 0.07962391]
Running run_tstar_varlasso over 20 rho values, extending until FPR >= 0.3...
  rho=0.79624 (1/20)
    fp=0.0000 tp=0.0099  [0.2s]
   nu  = 3.0000
  rho=0.70536 (2/20)
    fp=0.0000 tp=0.0099  [0.3s]
   nu  = 3.0000
  rho=0.62486 (3/20)
    fp=0.0000 tp=0.0099  [0.4s]
   nu  = 3.0000
  rho=0.55354 (4/20)
    fp=0.0000 tp=0.0099  [0.4s]
   nu  = 3.0000
  rho=0.49036 (5/20)
    fp=0.0000 tp=0.0495  [0.4s]
   nu  = 3.0000
  rho=0.43440 (6/20)
    fp=0.0002 tp=0.0792  [0.4s]
   nu  = 3.0000
  rho=0.38482 (7/20)
    fp=0.0004 tp=0.0990  [0.9s]
   nu  = 3.0000
  rho=0.34090 (8/20)
    fp=0.0016 tp=0.1386  [1.6s]
   nu  = 3.0000
  rho=0.30199 (9/20)
    fp=0.0031 tp=0.1782  [1.5s]
   nu  = 3.0000
  rho=0.26752 (10/20)
    fp=0.0072 tp=0.2178  [1.4s]
   nu  = 3.0000
  rho=0.23699 (11/20)
    fp=0.0151 tp=0.2772  [1.7s]
   nu  = 3.0000
  rho=0.20994 (12/20)
    fp=0.0250 tp=0.3663  [1.6s]
   nu  = 3.0000
  rho=0.18598 (13/20)
    fp=0.0373 tp=0.4356  [1.6s]
   nu  = 3.0000
  rho=0.16475 (14/20)
    fp=0.0532 tp=0.5248  [1.5s]
   nu  = 3.0000
  rho=0.14595 (15/20)
    fp=0.0730 tp=0.5842  [1.7s]
   nu  = 3.0000
  rho=0.12929 (16/20)
    fp=0.0914 tp=0.6337  [2.7s]
   nu  = 3.0000
  rho=0.11454 (17/20)
    fp=0.1116 tp=0.6535  [2.7s]
   nu  = 3.0000
  rho=0.10146 (18/20)
    fp=0.1326 tp=0.6733  [2.3s]
   nu  = 3.0000
  rho=0.08988 (19/20)
    fp=0.1559 tp=0.7228  [2.2s]
   nu  = 3.0000
  rho=0.07962 (20/20)
    fp=0.1815 tp=0.7921  [2.1s]
   nu  = 3.0000
  rho=0.07054 (21/21)  [extra 1/50]
    fp=0.2019 tp=0.8317  [2.6s]
   nu  = 3.0000
  rho=0.06249 (22/22)  [extra 2/50]
    fp=0.2242 tp=0.8614  [2.7s]
   nu  = 3.0000
  rho=0.05535 (23/23)  [extra 3/50]
    fp=0.2446 tp=0.8713  [2.3s]
   nu  = 3.0000
  rho=0.04904 (24/24)  [extra 4/50]
    fp=0.2652 tp=0.8911  [2.3s]
   nu  = 3.0000
  rho=0.04344 (25/25)  [extra 5/50]
    fp=0.2850 tp=0.9109  [1.9s]
   nu  = 3.0000
  rho=0.03848 (26/26)  [extra 6/50]
    fp=0.3065 tp=0.9208  [1.9s]
   nu  = 3.0000
  FPR 0.3065 >= fp_end=0.3; stopping after 26 fits
  grid extended by 6 points down to rho=0.03848, ending at FPR 0.3065
  pilot fit of run_em_diagonal at rho=0.30349
  -> rho_max = max|S_ij| (off-diag) = 0.91762
  rho grid: [0.91762441 0.81289299 0.7201149  0.63792588 0.56511735 0.50061869
 0.44348147 0.39286551 0.34802651 0.30830513 0.27311727 0.24194552
 0.2143315  0.18986916 0.16819878 0.14900172 0.13199567 0.11693058
 0.10358492 0.09176244]
Running run_em_diagonal over 20 rho values, extending until FPR >= 0.3...
  rho=0.91762 (1/20)
    fp=0.0000 tp=0.0198  [27.7s]
   median nu  = 0.047
   median |eta| = 3.088
  rho=0.81289 (2/20)
    fp=0.0000 tp=0.0297  [26.5s]
   median nu  = 0.053
   median |eta| = 2.867
  rho=0.72011 (3/20)
    fp=0.0002 tp=0.0495  [25.7s]
   median nu  = 0.061
   median |eta| = 2.841
  rho=0.63793 (4/20)
    fp=0.0008 tp=0.0594  [26.4s]
   median nu  = 0.072
   median |eta| = 2.929
  rho=0.56512 (5/20)
    fp=0.0012 tp=0.0891  [24.1s]
   median nu  = 0.087
   median |eta| = 2.583
  rho=0.50062 (6/20)
    fp=0.0035 tp=0.1188  [21.2s]
   median nu  = 0.107
   median |eta| = 2.534
  rho=0.44348 (7/20)
    fp=0.0060 tp=0.1782  [21.2s]
   median nu  = 0.133
   median |eta| = 2.393
  rho=0.39287 (8/20)
    fp=0.0109 tp=0.1980  [24.1s]
   median nu  = 0.158
   median |eta| = 2.039
  rho=0.34803 (9/20)
    fp=0.0169 tp=0.2574  [25.1s]
   median nu  = 0.186
   median |eta| = 1.697
  rho=0.30831 (10/20)
    fp=0.0258 tp=0.3168  [26.0s]
   median nu  = 0.227
   median |eta| = 1.393
  rho=0.27312 (11/20)
    fp=0.0349 tp=0.3663  [23.3s]
   median nu  = 0.266
   median |eta| = 1.173
  rho=0.24195 (12/20)
    fp=0.0507 tp=0.4158  [25.0s]
   median nu  = 0.299
   median |eta| = 0.985
  rho=0.21433 (13/20)
    fp=0.0662 tp=0.5149  [22.5s]
   median nu  = 0.359
   median |eta| = 0.842
  rho=0.18987 (14/20)
    fp=0.0821 tp=0.5644  [27.9s]
   median nu  = 0.412
   median |eta| = 0.664
  rho=0.16820 (15/20)
    fp=0.0978 tp=0.6436  [28.5s]
   median nu  = 0.464
   median |eta| = 0.611
  rho=0.14900 (16/20)
    fp=0.1101 tp=0.6733  [21.7s]
   median nu  = 0.506
   median |eta| = 0.464
  rho=0.13200 (17/20)
    fp=0.1248 tp=0.6832  [27.0s]
   median nu  = 0.592
   median |eta| = 0.396
  rho=0.11693 (18/20)
    fp=0.1406 tp=0.6931  [27.9s]
   median nu  = 0.652
   median |eta| = 0.319
  rho=0.10358 (19/20)
    fp=0.1553 tp=0.7228  [23.9s]
   median nu  = 0.747
   median |eta| = 0.264
  rho=0.09176 (20/20)
    fp=0.1640 tp=0.7525  [19.2s]
   median nu  = 0.822
   median |eta| = 0.199
  rho=0.08129 (21/21)  [extra 1/50]
    fp=0.1792 tp=0.7624  [19.3s]
   median nu  = 0.919
   median |eta| = 0.15
  rho=0.07201 (22/22)  [extra 2/50]
    fp=0.1951 tp=0.7624  [19.8s]
   median nu  = 1.03
   median |eta| = 0.116
  rho=0.06379 (23/23)  [extra 3/50]
    fp=0.2104 tp=0.8020  [19.0s]
   median nu  = 1.109
   median |eta| = 0.096
  rho=0.05651 (24/24)  [extra 4/50]
    fp=0.2207 tp=0.8218  [19.9s]
   median nu  = 1.202
   median |eta| = 0.08
  rho=0.05006 (25/25)  [extra 5/50]
    fp=0.2337 tp=0.8614  [18.7s]
   median nu  = 1.307
   median |eta| = 0.063
  rho=0.04435 (26/26)  [extra 6/50]
    fp=0.2396 tp=0.8614  [18.9s]
   median nu  = 1.395
   median |eta| = 0.051
  rho=0.03929 (27/27)  [extra 7/50]
    fp=0.2547 tp=0.8812  [18.6s]
   median nu  = 1.501
   median |eta| = 0.039
  rho=0.03480 (28/28)  [extra 8/50]
    fp=0.2656 tp=0.8812  [18.4s]
   median nu  = 1.595
   median |eta| = 0.034
  rho=0.03083 (29/29)  [extra 9/50]
    fp=0.2815 tp=0.8911  [18.7s]
   median nu  = 1.699
   median |eta| = 0.029
  rho=0.02731 (30/30)  [extra 10/50]
    fp=0.2926 tp=0.8911  [18.2s]
   median nu  = 1.81
   median |eta| = 0.022
  rho=0.02419 (31/31)  [extra 11/50]
    fp=0.3081 tp=0.8812  [17.8s]
   median nu  = 1.931
   median |eta| = 0.019
  FPR 0.3081 >= fp_end=0.3; stopping after 31 fits
  grid extended by 11 points down to rho=0.02419, ending at FPR 0.3081
  pilot fit of run_em_exact at rho=0.30349
  -> rho_max = max|S_ij| (off-diag) = 0.96659
  rho grid: [0.96659268 0.85627236 0.75854325 0.67196827 0.59527438 0.5273338
 0.4671475  0.41383046 0.36659866 0.32475758 0.28769195 0.25485675
 0.22576913 0.20000137 0.17717457 0.15695307 0.13903951 0.12317049
 0.10911264 0.09665927]
Running run_em_exact over 20 rho values, extending until FPR >= 0.3...
  rho=0.96659 (1/20)
    fp=0.0000 tp=0.0099  [18.5s]
   median nu  = 0.045
   median |eta| = 3.197
  rho=0.85627 (2/20)
    fp=0.0000 tp=0.0297  [18.7s]
   median nu  = 0.051
   median |eta| = 2.902
  rho=0.75854 (3/20)
    fp=0.0000 tp=0.0396  [18.6s]
   median nu  = 0.057
   median |eta| = 2.844
  rho=0.67197 (4/20)
    fp=0.0006 tp=0.0594  [18.7s]
   median nu  = 0.067
   median |eta| = 2.878
  rho=0.59527 (5/20)
    fp=0.0012 tp=0.0693  [18.5s]
   median nu  = 0.08
   median |eta| = 2.658
  rho=0.52733 (6/20)
    fp=0.0025 tp=0.1188  [18.0s]
   median nu  = 0.097
   median |eta| = 2.376
  rho=0.46715 (7/20)
    fp=0.0039 tp=0.1386  [18.0s]
   median nu  = 0.121
   median |eta| = 1.943
  rho=0.41383 (8/20)
    fp=0.0085 tp=0.1980  [17.8s]
   median nu  = 0.153
   median |eta| = 1.713
  rho=0.36660 (9/20)
    fp=0.0151 tp=0.2376  [17.5s]
   median nu  = 0.195
   median |eta| = 1.383
  rho=0.32476 (10/20)
    fp=0.0233 tp=0.2970  [17.9s]
   median nu  = 0.239
   median |eta| = 1.124
  rho=0.28769 (11/20)
    fp=0.0322 tp=0.3564  [17.5s]
   median nu  = 0.286
   median |eta| = 0.898
  rho=0.25486 (12/20)
    fp=0.0460 tp=0.3861  [18.1s]
   median nu  = 0.336
   median |eta| = 0.725
  rho=0.22577 (13/20)
    fp=0.0604 tp=0.4950  [19.5s]
   median nu  = 0.406
   median |eta| = 0.489
  rho=0.20000 (14/20)
    fp=0.0780 tp=0.5545  [19.4s]
   median nu  = 0.465
   median |eta| = 0.324
  rho=0.17717 (15/20)
    fp=0.0938 tp=0.6337  [19.4s]
   median nu  = 0.533
   median |eta| = 0.237
  rho=0.15695 (16/20)
    fp=0.1091 tp=0.6733  [18.8s]
   median nu  = 0.607
   median |eta| = 0.171
  rho=0.13904 (17/20)
    fp=0.1231 tp=0.6931  [18.6s]
   median nu  = 0.693
   median |eta| = 0.116
  rho=0.12317 (18/20)
    fp=0.1380 tp=0.7030  [18.4s]
   median nu  = 0.759
   median |eta| = 0.079
  rho=0.10911 (19/20)
    fp=0.1538 tp=0.7327  [18.0s]
   median nu  = 0.837
   median |eta| = 0.055
  rho=0.09666 (20/20)
    fp=0.1685 tp=0.7723  [18.0s]
   median nu  = 0.93
   median |eta| = 0.04
  rho=0.08563 (21/21)  [extra 1/50]
    fp=0.1837 tp=0.7822  [18.0s]
   median nu  = 1.018
   median |eta| = 0.031
  rho=0.07585 (22/22)  [extra 2/50]
    fp=0.1996 tp=0.8119  [16.9s]
   median nu  = 1.101
   median |eta| = 0.023
  rho=0.06720 (23/23)  [extra 3/50]
    fp=0.2132 tp=0.8317  [11.2s]
   median nu  = 1.216
   median |eta| = 0.019
  rho=0.05953 (24/24)  [extra 4/50]
    fp=0.2246 tp=0.8416  [7.2s]
   median nu  = 1.313
   median |eta| = 0.015
  rho=0.05273 (25/25)  [extra 5/50]
    fp=0.2386 tp=0.8614  [6.4s]
   median nu  = 1.397
   median |eta| = 0.013
  rho=0.04671 (26/26)  [extra 6/50]
    fp=0.2520 tp=0.8713  [6.0s]
   median nu  = 1.484
   median |eta| = 0.01
  rho=0.04138 (27/27)  [extra 7/50]
    fp=0.2669 tp=0.8911  [5.5s]
   median nu  = 1.597
   median |eta| = 0.008
  rho=0.03666 (28/28)  [extra 8/50]
    fp=0.2817 tp=0.9010  [5.0s]
   median nu  = 1.713
   median |eta| = 0.007
  rho=0.03248 (29/29)  [extra 9/50]
    fp=0.2918 tp=0.9010  [4.6s]
   median nu  = 1.823
   median |eta| = 0.005
  rho=0.02877 (30/30)  [extra 10/50]
    fp=0.3052 tp=0.9109  [4.9s]
   median nu  = 1.956
   median |eta| = 0.004
  FPR 0.3052 >= fp_end=0.3; stopping after 30 fits
  grid extended by 10 points down to rho=0.02877, ending at FPR 0.3052
  graphical_lasso rho_max = max|S_ij| (off-diag) = 1.61132
  rho grid: [1.61132259 1.42741717 1.26450147 1.12017986 0.99233014 0.87907231
 0.77874097 0.68986076 0.61112474 0.54137511 0.47958623 0.42484952
 0.37636008 0.33340489 0.29535232 0.26164281 0.23178068 0.20532681
 0.1818922  0.16113226]
Running graphical_lasso over 20 rho values, extending until FPR >= 0.3...
  rho=1.61132 (1/20)
    fp=0.0000 tp=0.0000  [0.0s]
  rho=1.42742 (2/20)
    fp=0.0010 tp=0.0099  [0.0s]
  rho=1.26450 (3/20)
    fp=0.0021 tp=0.0099  [21.9s]
  rho=1.12018 (4/20)
    fp=0.0027 tp=0.0396  [21.4s]
  rho=0.99233 (5/20)
    fp=0.0054 tp=0.0594  [0.1s]
  rho=0.87907 (6/20)
    fp=0.0101 tp=0.0990  [21.5s]
  rho=0.77874 (7/20)
    fp=0.0153 tp=0.1386  [0.0s]
  rho=0.68986 (8/20)
    fp=0.0212 tp=0.1584  [21.0s]
  rho=0.61112 (9/20)
    fp=0.0330 tp=0.2475  [0.5s]
  rho=0.54138 (10/20)
    fp=0.0450 tp=0.2772  [0.5s]
  rho=0.47959 (11/20)
    fp=0.0598 tp=0.3366  [0.1s]
  rho=0.42485 (12/20)
    fp=0.0767 tp=0.3465  [0.5s]
  rho=0.37636 (13/20)
    fp=0.0942 tp=0.3762  [0.8s]
  rho=0.33340 (14/20)
    fp=0.1105 tp=0.4653  [0.3s]
  rho=0.29535 (15/20)
    fp=0.1248 tp=0.5149  [2.1s]
  rho=0.26164 (16/20)
    fp=0.1450 tp=0.5644  [0.1s]
  rho=0.23178 (17/20)
    fp=0.1644 tp=0.6139  [3.0s]
  rho=0.20533 (18/20)
    fp=0.1844 tp=0.6832  [0.1s]
  rho=0.18189 (19/20)
    fp=0.2029 tp=0.7228  [3.1s]
  rho=0.16113 (20/20)
    fp=0.2238 tp=0.7426  [1.0s]
  rho=0.14274 (21/21)  [extra 1/50]
    fp=0.2440 tp=0.7723  [1.4s]
  rho=0.12645 (22/22)  [extra 2/50]
    fp=0.2636 tp=0.8218  [1.0s]
  rho=0.11202 (23/23)  [extra 3/50]
    fp=0.2900 tp=0.8416  [1.7s]
  rho=0.09923 (24/24)  [extra 4/50]
    fp=0.3110 tp=0.8416  [0.8s]
  FPR 0.3110 >= fp_end=0.3; stopping after 24 fits
  [note] 4/24 fits hit a glasso ConvergenceWarning (suppressed)
  grid extended by 4 points down to rho=0.09923, ending at FPR 0.3110
  [warn] mean_roc averages out to FPR 0.300 but the shortest replicate only reached 0.011; its TPR is held flat above that
  [warn] mean_roc averages out to FPR 0.300 but the shortest replicate only reached 0.229; its TPR is held flat above that

(p=100, n=50) over 41 replicates
  t+lasso  (run_em_diagonal):    AUC = 0.193 (SE 0.002)
  ~t+lasso (run_em_exact):       AUC = 0.194 (SE 0.002)
  tlasso   (run_tlasso):         AUC = 0.192 (SE 0.003)
  t*lasso  (run_tstar_varlasso): AUC = 0.191 (SE 0.002)
  glasso   (graphical_lasso):    AUC = 0.149 (SE 0.005)
Replicate 42/50
  Theta: 101/4950 edges
  pilot fit of run_tlasso at rho=30.34854
  -> rho_max = max|S_ij| (off-diag) = 18.44061
  [warn] pilot rho 30.34854 > rho_max 18.44061: it falls off the top of this method's grid
  rho grid: [18.44061006 16.33592405 14.47145261 12.81977927 11.35661672 10.0604496
  8.9122182   7.89503813  6.99395209  6.19570989  5.48857364  4.86214511
  4.30721288  3.81561685  3.38012825  2.99434337  2.65258935  2.34984081
  2.08164594  1.84406101]
Running run_tlasso over 20 rho values, extending until FPR >= 0.3...
  rho=18.44061 (1/20)
    fp=0.0000 tp=0.0000  [0.2s]
   nu  = 3.0000
  rho=16.33592 (2/20)
    fp=0.0000 tp=0.0000  [0.1s]
   nu  = 3.0000
  rho=14.47145 (3/20)
    fp=0.0000 tp=0.0000  [0.1s]
   nu  = 3.0000
  rho=12.81978 (4/20)
    fp=0.0000 tp=0.0000  [0.2s]
   nu  = 3.0000
  rho=11.35662 (5/20)
    fp=0.0002 tp=0.0099  [0.4s]
   nu  = 3.0000
  rho=10.06045 (6/20)
    fp=0.0004 tp=0.0198  [0.4s]
   nu  = 3.0000
  rho=8.91222 (7/20)
    fp=0.0006 tp=0.0198  [0.4s]
   nu  = 3.0000
  rho=7.89504 (8/20)
    fp=0.0008 tp=0.0198  [0.5s]
   nu  = 3.0000
  rho=6.99395 (9/20)
    fp=0.0014 tp=0.0198  [0.6s]
   nu  = 3.0000
  rho=6.19571 (10/20)
    fp=0.0021 tp=0.0396  [0.6s]
   nu  = 3.0000
  rho=5.48857 (11/20)
    fp=0.0027 tp=0.0990  [0.6s]
   nu  = 3.0000
  rho=4.86215 (12/20)
    fp=0.0054 tp=0.1287  [0.6s]
   nu  = 3.0000
  rho=4.30721 (13/20)
    fp=0.0074 tp=0.1584  [0.6s]
   nu  = 3.0000
  rho=3.81562 (14/20)
    fp=0.0103 tp=0.2277  [0.5s]
   nu  = 3.0000
  rho=3.38013 (15/20)
    fp=0.0175 tp=0.2772  [0.5s]
   nu  = 3.0000
  rho=2.99434 (16/20)
    fp=0.0268 tp=0.3267  [0.6s]
   nu  = 3.0000
  rho=2.65259 (17/20)
    fp=0.0382 tp=0.3663  [0.6s]
   nu  = 3.0000
  rho=2.34984 (18/20)
    fp=0.0625 tp=0.4554  [1.2s]
   nu  = 3.0000
  rho=2.08165 (19/20)
    fp=0.0918 tp=0.5248  [1.2s]
   nu  = 3.0000
  rho=1.84406 (20/20)
    fp=0.1371 tp=0.6634  [2.2s]
   nu  = 3.0000
  rho=1.63359 (21/21)  [extra 1/50]
    fp=0.1881 tp=0.7327  [2.8s]
   nu  = 3.0000
  rho=1.44715 (22/22)  [extra 2/50]
    fp=0.2479 tp=0.7822  [4.1s]
   nu  = 3.0000
  rho=1.28198 (23/23)  [extra 3/50]
    fp=0.3013 tp=0.8020  [6.1s]
   nu  = 3.0000
  FPR 0.3013 >= fp_end=0.3; stopping after 23 fits
  grid extended by 3 points down to rho=1.28198, ending at FPR 0.3013
  pilot fit of run_tstar_varlasso at rho=0.30349
  -> rho_max = max|S_ij| (off-diag) = 0.52371
  rho grid: [0.5237067  0.46393437 0.41098405 0.36407712 0.32252383 0.28571315
 0.25310379 0.22421624 0.19862573 0.17595593 0.15587352 0.13808317
 0.1223233  0.10836215 0.09599443 0.08503828 0.07533258 0.06673463
 0.059118   0.05237067]
Running run_tstar_varlasso over 20 rho values, extending until FPR >= 0.3...
  rho=0.52371 (1/20)
    fp=0.0002 tp=0.0099  [0.2s]
   nu  = 3.0000
  rho=0.46393 (2/20)
    fp=0.0006 tp=0.0198  [0.2s]
   nu  = 3.0000
  rho=0.41098 (3/20)
    fp=0.0010 tp=0.0297  [0.3s]
   nu  = 3.0000
  rho=0.36408 (4/20)
    fp=0.0021 tp=0.0396  [0.3s]
   nu  = 3.0000
  rho=0.32252 (5/20)
    fp=0.0043 tp=0.0990  [0.3s]
   nu  = 3.0000
  rho=0.28571 (6/20)
    fp=0.0070 tp=0.1683  [0.3s]
   nu  = 3.0000
  rho=0.25310 (7/20)
    fp=0.0136 tp=0.2475  [0.3s]
   nu  = 3.0000
  rho=0.22422 (8/20)
    fp=0.0227 tp=0.2772  [0.3s]
   nu  = 3.0000
  rho=0.19863 (9/20)
    fp=0.0324 tp=0.3168  [0.3s]
   nu  = 3.0000
  rho=0.17596 (10/20)
    fp=0.0456 tp=0.3861  [0.4s]
   nu  = 3.0000
  rho=0.15587 (11/20)
    fp=0.0608 tp=0.4554  [0.4s]
   nu  = 3.0000
  rho=0.13808 (12/20)
    fp=0.0771 tp=0.5050  [0.5s]
   nu  = 3.0000
  rho=0.12232 (13/20)
    fp=0.0978 tp=0.6139  [0.5s]
   nu  = 3.0000
  rho=0.10836 (14/20)
    fp=0.1204 tp=0.6436  [0.4s]
   nu  = 3.0000
  rho=0.09599 (15/20)
    fp=0.1417 tp=0.6832  [0.3s]
   nu  = 3.0000
  rho=0.08504 (16/20)
    fp=0.1673 tp=0.7228  [0.4s]
   nu  = 3.0000
  rho=0.07533 (17/20)
    fp=0.1901 tp=0.7426  [0.5s]
   nu  = 3.0000
  rho=0.06673 (18/20)
    fp=0.2137 tp=0.7525  [0.6s]
   nu  = 3.0000
  rho=0.05912 (19/20)
    fp=0.2335 tp=0.7921  [0.5s]
   nu  = 3.0000
  rho=0.05237 (20/20)
    fp=0.2551 tp=0.8218  [0.3s]
   nu  = 3.0000
  rho=0.04639 (21/21)  [extra 1/50]
    fp=0.2821 tp=0.8416  [0.6s]
   nu  = 3.0000
  rho=0.04110 (22/22)  [extra 2/50]
    fp=0.3011 tp=0.8416  [0.6s]
   nu  = 3.0000
  FPR 0.3011 >= fp_end=0.3; stopping after 22 fits
  grid extended by 2 points down to rho=0.04110, ending at FPR 0.3011
  pilot fit of run_em_diagonal at rho=0.30349
  -> rho_max = max|S_ij| (off-diag) = 0.66472
  rho grid: [0.66472471 0.58885754 0.52164934 0.46211183 0.40936952 0.36264686
 0.32125681 0.28459074 0.25210949 0.22333542 0.19784543 0.1752647
 0.15526118 0.13754072 0.12184276 0.10793645 0.09561732 0.08470421
 0.07503664 0.06647247]
Running run_em_diagonal over 20 rho values, extending until FPR >= 0.3...
  rho=0.66472 (1/20)
    fp=0.0016 tp=0.0198  [24.4s]
   median nu  = 0.045
   median |eta| = 2.985
  rho=0.58886 (2/20)
    fp=0.0023 tp=0.0297  [27.4s]
   median nu  = 0.048
   median |eta| = 2.999
  rho=0.52165 (3/20)
    fp=0.0047 tp=0.0495  [25.2s]
   median nu  = 0.053
   median |eta| = 3.012
  rho=0.46211 (4/20)
    fp=0.0070 tp=0.1089  [24.9s]
   median nu  = 0.059
   median |eta| = 2.925
  rho=0.40937 (5/20)
    fp=0.0132 tp=0.1881  [25.1s]
   median nu  = 0.065
   median |eta| = 2.674
  rho=0.36265 (6/20)
    fp=0.0192 tp=0.2475  [28.3s]
   median nu  = 0.075
   median |eta| = 2.404
  rho=0.32126 (7/20)
    fp=0.0287 tp=0.2871  [26.7s]
   median nu  = 0.089
   median |eta| = 2.362
  rho=0.28459 (8/20)
    fp=0.0412 tp=0.3564  [27.0s]
   median nu  = 0.109
   median |eta| = 2.079
  rho=0.25211 (9/20)
    fp=0.0538 tp=0.3861  [23.2s]
   median nu  = 0.134
   median |eta| = 1.914
  rho=0.22334 (10/20)
    fp=0.0683 tp=0.4752  [23.8s]
   median nu  = 0.169
   median |eta| = 1.592
  rho=0.19785 (11/20)
    fp=0.0856 tp=0.5545  [23.1s]
   median nu  = 0.214
   median |eta| = 1.31
  rho=0.17526 (12/20)
    fp=0.1008 tp=0.6436  [22.4s]
   median nu  = 0.262
   median |eta| = 1.066
  rho=0.15526 (13/20)
    fp=0.1151 tp=0.6832  [18.9s]
   median nu  = 0.317
   median |eta| = 0.93
  rho=0.13754 (14/20)
    fp=0.1314 tp=0.7030  [18.4s]
   median nu  = 0.392
   median |eta| = 0.738
  rho=0.12184 (15/20)
    fp=0.1458 tp=0.7228  [21.0s]
   median nu  = 0.448
   median |eta| = 0.565
  rho=0.10794 (16/20)
    fp=0.1596 tp=0.7525  [20.6s]
   median nu  = 0.511
   median |eta| = 0.347
  rho=0.09562 (17/20)
    fp=0.1743 tp=0.7624  [19.7s]
   median nu  = 0.588
   median |eta| = 0.228
  rho=0.08470 (18/20)
    fp=0.1879 tp=0.7723  [20.3s]
   median nu  = 0.717
   median |eta| = 0.175
  rho=0.07504 (19/20)
    fp=0.2013 tp=0.7822  [20.7s]
   median nu  = 0.792
   median |eta| = 0.136
  rho=0.06647 (20/20)
    fp=0.2163 tp=0.7921  [19.9s]
   median nu  = 0.874
   median |eta| = 0.105
  rho=0.05889 (21/21)  [extra 1/50]
    fp=0.2281 tp=0.7921  [18.2s]
   median nu  = 0.94
   median |eta| = 0.08
  rho=0.05216 (22/22)  [extra 2/50]
    fp=0.2409 tp=0.7822  [18.2s]
   median nu  = 1.015
   median |eta| = 0.065
  rho=0.04621 (23/23)  [extra 3/50]
    fp=0.2551 tp=0.7921  [17.8s]
   median nu  = 1.113
   median |eta| = 0.05
  rho=0.04094 (24/24)  [extra 4/50]
    fp=0.2631 tp=0.8119  [17.8s]
   median nu  = 1.208
   median |eta| = 0.041
  rho=0.03626 (25/25)  [extra 5/50]
    fp=0.2848 tp=0.8218  [18.7s]
   median nu  = 1.329
   median |eta| = 0.034
  rho=0.03213 (26/26)  [extra 6/50]
    fp=0.2904 tp=0.8218  [18.0s]
   median nu  = 1.431
   median |eta| = 0.025
  rho=0.02846 (27/27)  [extra 7/50]
    fp=0.3075 tp=0.8218  [17.9s]
   median nu  = 1.558
   median |eta| = 0.019
  FPR 0.3075 >= fp_end=0.3; stopping after 27 fits
  grid extended by 7 points down to rho=0.02846, ending at FPR 0.3075
  pilot fit of run_em_exact at rho=0.30349
  -> rho_max = max|S_ij| (off-diag) = 0.69446
  rho grid: [0.69446363 0.61520227 0.54498726 0.48278611 0.42768419 0.37887122
 0.33562943 0.29732297 0.26338854 0.23332716 0.20669678 0.18310582
 0.16220736 0.14369411 0.12729384 0.11276539 0.09989511 0.08849376
 0.07839369 0.06944636]
Running run_em_exact over 20 rho values, extending until FPR >= 0.3...
  rho=0.69446 (1/20)
    fp=0.0010 tp=0.0198  [18.5s]
   median nu  = 0.044
   median |eta| = 3.062
  rho=0.61520 (2/20)
    fp=0.0021 tp=0.0297  [18.9s]
   median nu  = 0.047
   median |eta| = 2.986
  rho=0.54499 (3/20)
    fp=0.0037 tp=0.0396  [17.9s]
   median nu  = 0.051
   median |eta| = 2.969
  rho=0.48279 (4/20)
    fp=0.0062 tp=0.0792  [18.8s]
   median nu  = 0.056
   median |eta| = 2.875
  rho=0.42768 (5/20)
    fp=0.0109 tp=0.1683  [18.6s]
   median nu  = 0.063
   median |eta| = 2.502
  rho=0.37887 (6/20)
    fp=0.0175 tp=0.2376  [18.9s]
   median nu  = 0.072
   median |eta| = 2.081
  rho=0.33563 (7/20)
    fp=0.0270 tp=0.2574  [18.6s]
   median nu  = 0.083
   median |eta| = 1.894
  rho=0.29732 (8/20)
    fp=0.0373 tp=0.3366  [17.8s]
   median nu  = 0.102
   median |eta| = 1.557
  rho=0.26339 (9/20)
    fp=0.0507 tp=0.3762  [17.7s]
   median nu  = 0.138
   median |eta| = 1.072
  rho=0.23333 (10/20)
    fp=0.0656 tp=0.4455  [19.1s]
   median nu  = 0.186
   median |eta| = 0.728
  rho=0.20670 (11/20)
    fp=0.0796 tp=0.5347  [19.2s]
   median nu  = 0.233
   median |eta| = 0.537
  rho=0.18311 (12/20)
    fp=0.0971 tp=0.6040  [19.3s]
   median nu  = 0.321
   median |eta| = 0.288
  rho=0.16221 (13/20)
    fp=0.1132 tp=0.6733  [19.1s]
   median nu  = 0.405
   median |eta| = 0.199
  rho=0.14369 (14/20)
    fp=0.1307 tp=0.6931  [18.5s]
   median nu  = 0.491
   median |eta| = 0.154
  rho=0.12729 (15/20)
    fp=0.1470 tp=0.7129  [16.8s]
   median nu  = 0.566
   median |eta| = 0.115
  rho=0.11277 (16/20)
    fp=0.1615 tp=0.7327  [17.6s]
   median nu  = 0.664
   median |eta| = 0.084
  rho=0.09990 (17/20)
    fp=0.1763 tp=0.7525  [18.7s]
   median nu  = 0.762
   median |eta| = 0.064
  rho=0.08849 (18/20)
    fp=0.1893 tp=0.7624  [16.2s]
   median nu  = 0.858
   median |eta| = 0.047
  rho=0.07839 (19/20)
    fp=0.2050 tp=0.7822  [17.4s]
   median nu  = 0.957
   median |eta| = 0.038
  rho=0.06945 (20/20)
    fp=0.2205 tp=0.7921  [18.1s]
   median nu  = 1.085
   median |eta| = 0.031
  rho=0.06152 (21/21)  [extra 1/50]
    fp=0.2312 tp=0.8020  [14.8s]
   median nu  = 1.194
   median |eta| = 0.025
  rho=0.05450 (22/22)  [extra 2/50]
    fp=0.2458 tp=0.8119  [12.4s]
   median nu  = 1.289
   median |eta| = 0.019
  rho=0.04828 (23/23)  [extra 3/50]
    fp=0.2590 tp=0.8416  [10.3s]
   median nu  = 1.372
   median |eta| = 0.015
  rho=0.04277 (24/24)  [extra 4/50]
    fp=0.2741 tp=0.8515  [8.0s]
   median nu  = 1.473
   median |eta| = 0.011
  rho=0.03789 (25/25)  [extra 5/50]
    fp=0.2858 tp=0.8614  [6.4s]
   median nu  = 1.594
   median |eta| = 0.008
  rho=0.03356 (26/26)  [extra 6/50]
    fp=0.2990 tp=0.8713  [5.5s]
   median nu  = 1.718
   median |eta| = 0.006
  rho=0.02973 (27/27)  [extra 7/50]
    fp=0.3120 tp=0.8713  [5.2s]
   median nu  = 1.848
   median |eta| = 0.005
  FPR 0.3120 >= fp_end=0.3; stopping after 27 fits
  grid extended by 7 points down to rho=0.02973, ending at FPR 0.3120
  graphical_lasso rho_max = max|S_ij| (off-diag) = 1.54147
  rho grid: [1.54146632 1.36553382 1.20968106 1.07161628 0.94930927 0.84096156
 0.74497992 0.65995297 0.58463042 0.51790467 0.45879455 0.40643085
 0.3600436  0.31895067 0.2825478  0.25029971 0.2217322  0.1964252
 0.17400656 0.15414663]
Running graphical_lasso over 20 rho values, extending until FPR >= 0.3...
  rho=1.54147 (1/20)
    fp=0.0000 tp=0.0000  [0.0s]
  rho=1.36553 (2/20)
    fp=0.0002 tp=0.0000  [0.0s]
  rho=1.20968 (3/20)
    fp=0.0006 tp=0.0000  [20.7s]
  rho=1.07162 (4/20)
    fp=0.0008 tp=0.0000  [0.0s]
  rho=0.94931 (5/20)
    fp=0.0012 tp=0.0099  [0.0s]
  rho=0.84096 (6/20)
    fp=0.0033 tp=0.0198  [0.0s]
  rho=0.74498 (7/20)
    fp=0.0052 tp=0.0396  [19.1s]
  rho=0.65995 (8/20)
    fp=0.0074 tp=0.0594  [19.7s]
  rho=0.58463 (9/20)
    fp=0.0134 tp=0.1089  [19.1s]
  rho=0.51790 (10/20)
    fp=0.0198 tp=0.1386  [18.9s]
  rho=0.45879 (11/20)
    fp=0.0305 tp=0.2079  [0.1s]
  rho=0.40643 (12/20)
    fp=0.0435 tp=0.3069  [19.6s]
  rho=0.36004 (13/20)
    fp=0.0600 tp=0.3267  [0.4s]
  rho=0.31895 (14/20)
    fp=0.0784 tp=0.3663  [9.8s]
  rho=0.28255 (15/20)
    fp=0.0996 tp=0.4257  [0.5s]
  rho=0.25030 (16/20)
    fp=0.1254 tp=0.4653  [0.3s]
  rho=0.22173 (17/20)
    fp=0.1493 tp=0.5743  [0.4s]
  rho=0.19643 (18/20)
    fp=0.1759 tp=0.6436  [0.8s]
  rho=0.17401 (19/20)
    fp=0.2021 tp=0.6733  [0.7s]
  rho=0.15415 (20/20)
    fp=0.2302 tp=0.7030  [0.2s]
  rho=0.13655 (21/21)  [extra 1/50]
    fp=0.2557 tp=0.7525  [0.6s]
  rho=0.12097 (22/22)  [extra 2/50]
    fp=0.2819 tp=0.7921  [0.5s]
  rho=0.10716 (23/23)  [extra 3/50]
    fp=0.3069 tp=0.8119  [0.1s]
  FPR 0.3069 >= fp_end=0.3; stopping after 23 fits
  [note] 6/23 fits hit a glasso ConvergenceWarning (suppressed)
  grid extended by 3 points down to rho=0.10716, ending at FPR 0.3069
  [warn] mean_roc averages out to FPR 0.300 but the shortest replicate only reached 0.011; its TPR is held flat above that
  [warn] mean_roc averages out to FPR 0.300 but the shortest replicate only reached 0.229; its TPR is held flat above that

(p=100, n=50) over 42 replicates
  t+lasso  (run_em_diagonal):    AUC = 0.193 (SE 0.002)
  ~t+lasso (run_em_exact):       AUC = 0.194 (SE 0.002)
  tlasso   (run_tlasso):         AUC = 0.192 (SE 0.003)
  t*lasso  (run_tstar_varlasso): AUC = 0.191 (SE 0.002)
  glasso   (graphical_lasso):    AUC = 0.149 (SE 0.004)
Replicate 43/50
  Theta: 101/4950 edges
  pilot fit of run_tlasso at rho=30.34854
  -> rho_max = max|S_ij| (off-diag) = 20.30241
  [warn] pilot rho 30.34854 > rho_max 20.30241: it falls off the top of this method's grid
  rho grid: [20.30240518 17.98522651 15.93251488 14.11408582 12.50319991 11.07616957
  9.81201079  8.69213451  7.7000733   6.82123922  6.04270929  5.35303549
  4.74207636  4.20084797  3.72139171  3.29665733  2.92039925  2.58708471
  2.29181243  2.03024052]
Running run_tlasso over 20 rho values, extending until FPR >= 0.3...
  rho=20.30241 (1/20)
    fp=0.0000 tp=0.0000  [0.2s]
   nu  = 3.0000
  rho=17.98523 (2/20)
    fp=0.0000 tp=0.0000  [0.2s]
   nu  = 3.0000
  rho=15.93251 (3/20)
    fp=0.0000 tp=0.0000  [0.2s]
   nu  = 3.0000
  rho=14.11409 (4/20)
    fp=0.0000 tp=0.0000  [0.2s]
   nu  = 3.0000
  rho=12.50320 (5/20)
    fp=0.0002 tp=0.0099  [0.4s]
   nu  = 3.0000
  rho=11.07617 (6/20)
    fp=0.0002 tp=0.0099  [0.4s]
   nu  = 3.0000
  rho=9.81201 (7/20)
    fp=0.0002 tp=0.0297  [0.5s]
   nu  = 3.0000
  rho=8.69213 (8/20)
    fp=0.0004 tp=0.0396  [0.5s]
   nu  = 3.0000
  rho=7.70007 (9/20)
    fp=0.0004 tp=0.0594  [0.5s]
   nu  = 3.0000
  rho=6.82124 (10/20)
    fp=0.0004 tp=0.0792  [0.5s]
   nu  = 3.0000
  rho=6.04271 (11/20)
    fp=0.0019 tp=0.0891  [0.6s]
   nu  = 3.0000
  rho=5.35304 (12/20)
    fp=0.0035 tp=0.0990  [0.6s]
   nu  = 3.0000
  rho=4.74208 (13/20)
    fp=0.0060 tp=0.1287  [0.6s]
   nu  = 3.0000
  rho=4.20085 (14/20)
    fp=0.0091 tp=0.1782  [0.7s]
   nu  = 3.0000
  rho=3.72139 (15/20)
    fp=0.0136 tp=0.2079  [0.8s]
   nu  = 3.0000
  rho=3.29666 (16/20)
    fp=0.0196 tp=0.2871  [1.0s]
   nu  = 3.0000
  rho=2.92040 (17/20)
    fp=0.0293 tp=0.3366  [0.7s]
   nu  = 3.0000
  rho=2.58708 (18/20)
    fp=0.0466 tp=0.4257  [1.6s]
   nu  = 3.0000
  rho=2.29181 (19/20)
    fp=0.0934 tp=0.5545  [5.1s]
   nu  = 3.0000
  rho=2.03024 (20/20)
    fp=0.2805 tp=0.8020  [154.6s]
   nu  = 3.0000
  rho=1.79852 (21/21)  [extra 1/50]
    fp=0.3112 tp=0.8119  [160.5s]
   nu  = 3.0000
  FPR 0.3112 >= fp_end=0.3; stopping after 21 fits
  [note] 2/21 fits hit a glasso ConvergenceWarning (suppressed)
  grid extended by 1 points down to rho=1.79852, ending at FPR 0.3112
  pilot fit of run_tstar_varlasso at rho=0.30349
  -> rho_max = max|S_ij| (off-diag) = 0.60774
  rho grid: [0.60774493 0.53838105 0.4769339  0.4224999  0.37427863 0.33156101
 0.29371889 0.26019581 0.23049882 0.20419125 0.18088625 0.16024112
 0.14195229 0.12575082 0.11139847 0.09868421 0.08742106 0.07744342
 0.06860455 0.06077449]
Running run_tstar_varlasso over 20 rho values, extending until FPR >= 0.3...
  rho=0.60774 (1/20)
    fp=0.0016 tp=0.0792  [0.3s]
   nu  = 3.0000
  rho=0.53838 (2/20)
    fp=0.0033 tp=0.0990  [0.3s]
   nu  = 3.0000
  rho=0.47693 (3/20)
    fp=0.0052 tp=0.1386  [0.3s]
   nu  = 3.0000
  rho=0.42250 (4/20)
    fp=0.0097 tp=0.1683  [0.3s]
   nu  = 3.0000
  rho=0.37428 (5/20)
    fp=0.0163 tp=0.2178  [0.3s]
   nu  = 3.0000
  rho=0.33156 (6/20)
    fp=0.0241 tp=0.3069  [0.3s]
   nu  = 3.0000
  rho=0.29372 (7/20)
    fp=0.0349 tp=0.3762  [0.3s]
   nu  = 3.0000
  rho=0.26020 (8/20)
    fp=0.0472 tp=0.4059  [0.4s]
   nu  = 3.0000
  rho=0.23050 (9/20)
    fp=0.0648 tp=0.4554  [0.4s]
   nu  = 3.0000
  rho=0.20419 (10/20)
    fp=0.0827 tp=0.5347  [0.4s]
   nu  = 3.0000
  rho=0.18089 (11/20)
    fp=0.1019 tp=0.5842  [0.4s]
   nu  = 3.0000
  rho=0.16024 (12/20)
    fp=0.1223 tp=0.5941  [0.4s]
   nu  = 3.0000
  rho=0.14195 (13/20)
    fp=0.1388 tp=0.6337  [0.4s]
   nu  = 3.0000
  rho=0.12575 (14/20)
    fp=0.1553 tp=0.6634  [0.4s]
   nu  = 3.0000
  rho=0.11140 (15/20)
    fp=0.1728 tp=0.7129  [0.4s]
   nu  = 3.0000
  rho=0.09868 (16/20)
    fp=0.1885 tp=0.7327  [0.5s]
   nu  = 3.0000
  rho=0.08742 (17/20)
    fp=0.2031 tp=0.7426  [0.4s]
   nu  = 3.0000
  rho=0.07744 (18/20)
    fp=0.2240 tp=0.7624  [0.4s]
   nu  = 3.0000
  rho=0.06860 (19/20)
    fp=0.2442 tp=0.7723  [0.4s]
   nu  = 3.0000
  rho=0.06077 (20/20)
    fp=0.2615 tp=0.7921  [0.6s]
   nu  = 3.0000
  rho=0.05384 (21/21)  [extra 1/50]
    fp=0.2792 tp=0.8020  [0.6s]
   nu  = 3.0000
  rho=0.04769 (22/22)  [extra 2/50]
    fp=0.2999 tp=0.8317  [0.7s]
   nu  = 3.0000
  rho=0.04225 (23/23)  [extra 3/50]
    fp=0.3178 tp=0.8515  [0.6s]
   nu  = 3.0000
  FPR 0.3178 >= fp_end=0.3; stopping after 23 fits
  grid extended by 3 points down to rho=0.04225, ending at FPR 0.3178
  pilot fit of run_em_diagonal at rho=0.30349
  -> rho_max = max|S_ij| (off-diag) = 0.66024
  rho grid: [0.66023993 0.58488463 0.51812987 0.45899404 0.40660758 0.36020015
 0.31908935 0.28267066 0.25040855 0.22182862 0.19651061 0.17408222
 0.15421366 0.13661276 0.12102071 0.10720822 0.09497221 0.08413272
 0.07453038 0.06602399]
Running run_em_diagonal over 20 rho values, extending until FPR >= 0.3...
  rho=0.66024 (1/20)
    fp=0.0035 tp=0.1485  [17.6s]
   median nu  = 0.618
   median |eta| = 0.503
  rho=0.58488 (2/20)
    fp=0.0052 tp=0.1881  [17.5s]
   median nu  = 0.65
   median |eta| = 0.473
  rho=0.51813 (3/20)
    fp=0.0091 tp=0.2376  [17.3s]
   median nu  = 0.718
   median |eta| = 0.425
  rho=0.45899 (4/20)
    fp=0.0134 tp=0.2772  [16.3s]
   median nu  = 0.746
   median |eta| = 0.397
  rho=0.40661 (5/20)
    fp=0.0179 tp=0.3069  [16.2s]
   median nu  = 0.784
   median |eta| = 0.318
  rho=0.36020 (6/20)
    fp=0.0270 tp=0.3366  [16.1s]
   median nu  = 0.832
   median |eta| = 0.251
  rho=0.31909 (7/20)
    fp=0.0357 tp=0.3762  [15.9s]
   median nu  = 0.868
   median |eta| = 0.206
  rho=0.28267 (8/20)
    fp=0.0483 tp=0.4059  [16.1s]
   median nu  = 0.944
   median |eta| = 0.173
  rho=0.25041 (9/20)
    fp=0.0602 tp=0.4950  [18.2s]
   median nu  = 1.007
   median |eta| = 0.151
  rho=0.22183 (10/20)
    fp=0.0720 tp=0.5347  [17.8s]
   median nu  = 1.059
   median |eta| = 0.114
  rho=0.19651 (11/20)
    fp=0.0870 tp=0.5644  [16.2s]
   median nu  = 1.12
   median |eta| = 0.095
  rho=0.17408 (12/20)
    fp=0.0984 tp=0.5941  [14.3s]
   median nu  = 1.175
   median |eta| = 0.082
  rho=0.15421 (13/20)
    fp=0.1124 tp=0.6238  [14.0s]
   median nu  = 1.24
   median |eta| = 0.068
  rho=0.13661 (14/20)
    fp=0.1262 tp=0.6535  [12.9s]
   median nu  = 1.348
   median |eta| = 0.058
  rho=0.12102 (15/20)
    fp=0.1400 tp=0.6931  [12.3s]
   median nu  = 1.441
   median |eta| = 0.05
  rho=0.10721 (16/20)
    fp=0.1536 tp=0.7129  [13.4s]
   median nu  = 1.528
   median |eta| = 0.041
  rho=0.09497 (17/20)
    fp=0.1716 tp=0.7228  [13.4s]
   median nu  = 1.63
   median |eta| = 0.033
  rho=0.08413 (18/20)
    fp=0.1854 tp=0.7327  [11.8s]
   median nu  = 1.713
   median |eta| = 0.027
  rho=0.07453 (19/20)
    fp=0.1986 tp=0.7426  [13.2s]
   median nu  = 1.792
   median |eta| = 0.022
  rho=0.06602 (20/20)
    fp=0.2099 tp=0.7525  [17.7s]
   median nu  = 1.876
   median |eta| = 0.02
  rho=0.05849 (21/21)  [extra 1/50]
    fp=0.2213 tp=0.7921  [16.5s]
   median nu  = 1.969
   median |eta| = 0.016
  rho=0.05181 (22/22)  [extra 2/50]
    fp=0.2347 tp=0.8218  [17.0s]
   median nu  = 2.074
   median |eta| = 0.013
  rho=0.04590 (23/23)  [extra 3/50]
    fp=0.2497 tp=0.8317  [12.4s]
   median nu  = 2.163
   median |eta| = 0.012
  rho=0.04066 (24/24)  [extra 4/50]
    fp=0.2638 tp=0.8317  [17.0s]
   median nu  = 2.265
   median |eta| = 0.01
  rho=0.03602 (25/25)  [extra 5/50]
    fp=0.2757 tp=0.8416  [16.6s]
   median nu  = 2.365
   median |eta| = 0.008
  rho=0.03191 (26/26)  [extra 6/50]
    fp=0.2889 tp=0.8614  [14.1s]
   median nu  = 2.477
   median |eta| = 0.007
  rho=0.02827 (27/27)  [extra 7/50]
    fp=0.3042 tp=0.8812  [14.9s]
   median nu  = 2.575
   median |eta| = 0.005
  FPR 0.3042 >= fp_end=0.3; stopping after 27 fits
  grid extended by 7 points down to rho=0.02827, ending at FPR 0.3042
  pilot fit of run_em_exact at rho=0.30349
  -> rho_max = max|S_ij| (off-diag) = 0.70163
  rho grid: [0.70162716 0.6215482  0.55060891 0.48776615 0.43209583 0.38277935
 0.33909151 0.30038991 0.26610544 0.23573398 0.2088289  0.18499459
 0.16388056 0.14517635 0.1286069  0.11392859 0.10092555 0.08940659
 0.07920233 0.07016272]
Running run_em_exact over 20 rho values, extending until FPR >= 0.3...
  rho=0.70163 (1/20)
    fp=0.0027 tp=0.1485  [16.1s]
   median nu  = 0.6
   median |eta| = 0.549
  rho=0.62155 (2/20)
    fp=0.0049 tp=0.1485  [15.8s]
   median nu  = 0.633
   median |eta| = 0.481
  rho=0.55061 (3/20)
    fp=0.0074 tp=0.1980  [16.0s]
   median nu  = 0.689
   median |eta| = 0.432
  rho=0.48777 (4/20)
    fp=0.0113 tp=0.2475  [16.0s]
   median nu  = 0.749
   median |eta| = 0.364
  rho=0.43210 (5/20)
    fp=0.0153 tp=0.2871  [15.7s]
   median nu  = 0.782
   median |eta| = 0.286
  rho=0.38278 (6/20)
    fp=0.0229 tp=0.3168  [15.6s]
   median nu  = 0.827
   median |eta| = 0.205
  rho=0.33909 (7/20)
    fp=0.0320 tp=0.3663  [15.5s]
   median nu  = 0.874
   median |eta| = 0.153
  rho=0.30039 (8/20)
    fp=0.0417 tp=0.3861  [15.0s]
   median nu  = 0.943
   median |eta| = 0.127
  rho=0.26611 (9/20)
    fp=0.0520 tp=0.4257  [18.1s]
   median nu  = 1.003
   median |eta| = 0.098
  rho=0.23573 (10/20)
    fp=0.0639 tp=0.5050  [16.8s]
   median nu  = 1.069
   median |eta| = 0.083
  rho=0.20883 (11/20)
    fp=0.0788 tp=0.5545  [13.9s]
   median nu  = 1.137
   median |eta| = 0.06
  rho=0.18499 (12/20)
    fp=0.0903 tp=0.5941  [10.6s]
   median nu  = 1.243
   median |eta| = 0.043
  rho=0.16388 (13/20)
    fp=0.1052 tp=0.6238  [8.0s]
   median nu  = 1.335
   median |eta| = 0.033
  rho=0.14518 (14/20)
    fp=0.1208 tp=0.6436  [6.5s]
   median nu  = 1.423
   median |eta| = 0.024
  rho=0.12861 (15/20)
    fp=0.1320 tp=0.6634  [5.3s]
   median nu  = 1.498
   median |eta| = 0.018
  rho=0.11393 (16/20)
    fp=0.1423 tp=0.6832  [4.8s]
   median nu  = 1.6
   median |eta| = 0.015
  rho=0.10093 (17/20)
    fp=0.1543 tp=0.7228  [3.8s]
   median nu  = 1.698
   median |eta| = 0.011
  rho=0.08941 (18/20)
    fp=0.1666 tp=0.7327  [3.7s]
   median nu  = 1.79
   median |eta| = 0.009
  rho=0.07920 (19/20)
    fp=0.1798 tp=0.7426  [4.1s]
   median nu  = 1.894
   median |eta| = 0.008
  rho=0.07016 (20/20)
    fp=0.1887 tp=0.7525  [3.9s]
   median nu  = 1.999
   median |eta| = 0.007
  rho=0.06215 (21/21)  [extra 1/50]
    fp=0.2033 tp=0.7525  [3.6s]
   median nu  = 2.079
   median |eta| = 0.005
  rho=0.05506 (22/22)  [extra 2/50]
    fp=0.2170 tp=0.7723  [3.4s]
   median nu  = 2.154
   median |eta| = 0.004
  rho=0.04878 (23/23)  [extra 3/50]
    fp=0.2283 tp=0.8020  [3.4s]
   median nu  = 2.23
   median |eta| = 0.004
  rho=0.04321 (24/24)  [extra 4/50]
    fp=0.2409 tp=0.8218  [3.1s]
   median nu  = 2.331
   median |eta| = 0.003
  rho=0.03828 (25/25)  [extra 5/50]
    fp=0.2572 tp=0.8317  [2.7s]
   median nu  = 2.433
   median |eta| = 0.003
  rho=0.03391 (26/26)  [extra 6/50]
    fp=0.2681 tp=0.8416  [2.8s]
   median nu  = 2.535
   median |eta| = 0.002
  rho=0.03004 (27/27)  [extra 7/50]
    fp=0.2815 tp=0.8713  [2.8s]
   median nu  = 2.652
   median |eta| = 0.002
  rho=0.02661 (28/28)  [extra 8/50]
    fp=0.2957 tp=0.8713  [2.8s]
   median nu  = 2.766
   median |eta| = 0.001
  rho=0.02357 (29/29)  [extra 9/50]
    fp=0.3058 tp=0.8614  [3.0s]
   median nu  = 2.907
   median |eta| = 0.001
  FPR 0.3058 >= fp_end=0.3; stopping after 29 fits
  grid extended by 9 points down to rho=0.02357, ending at FPR 0.3058
  graphical_lasso rho_max = max|S_ij| (off-diag) = 8.67150
  rho grid: [8.67149682 7.68179105 6.80504359 6.02836212 5.3403258  4.73081728
 4.19087392 3.71255603 3.28883009 2.91346536 2.58094221 2.28637099
 2.02542013 1.79425243 1.58946864 1.40805748 1.24735136 1.10498715
 0.97887142 0.86714968]
Running graphical_lasso over 20 rho values, extending until FPR >= 0.3...
  rho=8.67150 (1/20)
    fp=0.0000 tp=0.0000  [0.0s]
  rho=7.68179 (2/20)
    fp=0.0002 tp=0.0000  [0.0s]
  rho=6.80504 (3/20)
    fp=0.0006 tp=0.0000  [18.7s]
  rho=6.02836 (4/20)
    fp=0.0008 tp=0.0000  [19.7s]
  rho=5.34033 (5/20)
    fp=0.0019 tp=0.0000  [0.0s]
  rho=4.73082 (6/20)
    fp=0.0037 tp=0.0000  [0.0s]
  rho=4.19087 (7/20)
    fp=0.0064 tp=0.0000  [19.2s]
  rho=3.71256 (8/20)
    fp=0.0103 tp=0.0000  [19.3s]
  rho=3.28883 (9/20)
    fp=0.0159 tp=0.0000  [18.4s]
  rho=2.91347 (10/20)
    fp=0.0210 tp=0.0000  [0.2s]
  rho=2.58094 (11/20)
    fp=0.0272 tp=0.0099  [2.8s]
  rho=2.28637 (12/20)
    fp=0.0340 tp=0.0198  [0.4s]
  rho=2.02542 (13/20)
    fp=0.0410 tp=0.0693  [1.0s]
  rho=1.79425 (14/20)
    fp=0.0489 tp=0.0990  [4.2s]
  rho=1.58947 (15/20)
    fp=0.0569 tp=0.1287  [9.4s]
  rho=1.40806 (16/20)
    fp=0.0674 tp=0.1485  [1.8s]
  rho=1.24735 (17/20)
    fp=0.0759 tp=0.2178  [5.2s]
  rho=1.10499 (18/20)
    fp=0.0841 tp=0.2376  [18.2s]
  rho=0.97887 (19/20)
    fp=0.0934 tp=0.2970  [6.4s]
  rho=0.86715 (20/20)
    fp=0.0988 tp=0.3267  [18.3s]
  rho=0.76818 (21/21)  [extra 1/50]
    fp=0.1103 tp=0.3762  [18.4s]
  rho=0.68050 (22/22)  [extra 2/50]
    fp=0.1188 tp=0.3861  [18.9s]
  rho=0.60284 (23/23)  [extra 3/50]
    fp=0.1293 tp=0.4059  [16.7s]
  rho=0.53403 (24/24)  [extra 4/50]
    fp=0.1429 tp=0.4257  [17.0s]
  rho=0.47308 (25/25)  [extra 5/50]
    fp=0.1600 tp=0.4653  [17.7s]
  rho=0.41909 (26/26)  [extra 6/50]
    fp=0.1703 tp=0.5149  [17.8s]
  rho=0.37126 (27/27)  [extra 7/50]
    fp=0.1899 tp=0.5545  [13.3s]
  rho=0.32888 (28/28)  [extra 8/50]
    fp=0.2056 tp=0.5941  [8.1s]
  rho=0.29135 (29/29)  [extra 9/50]
    fp=0.2190 tp=0.6337  [4.1s]
  rho=0.25809 (30/30)  [extra 10/50]
    fp=0.2308 tp=0.6535  [19.9s]
  rho=0.22864 (31/31)  [extra 11/50]
    fp=0.2450 tp=0.7030  [20.3s]
  rho=0.20254 (32/32)  [extra 12/50]
    fp=0.2586 tp=0.7228  [19.1s]
  rho=0.17943 (33/33)  [extra 13/50]
    fp=0.2753 tp=0.7228  [20.6s]
  rho=0.15895 (34/34)  [extra 14/50]
    fp=0.2941 tp=0.7624  [17.0s]
  rho=0.14081 (35/35)  [extra 15/50]
    fp=0.3147 tp=0.7723  [10.9s]
  FPR 0.3147 >= fp_end=0.3; stopping after 35 fits
  [note] 16/35 fits hit a glasso ConvergenceWarning (suppressed)
  grid extended by 15 points down to rho=0.14081, ending at FPR 0.3147
  [warn] mean_roc averages out to FPR 0.300 but the shortest replicate only reached 0.011; its TPR is held flat above that
  [warn] mean_roc averages out to FPR 0.300 but the shortest replicate only reached 0.229; its TPR is held flat above that

(p=100, n=50) over 43 replicates
  t+lasso  (run_em_diagonal):    AUC = 0.193 (SE 0.002)
  ~t+lasso (run_em_exact):       AUC = 0.194 (SE 0.002)
  tlasso   (run_tlasso):         AUC = 0.192 (SE 0.003)
  t*lasso  (run_tstar_varlasso): AUC = 0.191 (SE 0.002)
  glasso   (graphical_lasso):    AUC = 0.148 (SE 0.004)
Replicate 44/50
  Theta: 99/4950 edges
  pilot fit of run_tlasso at rho=30.34854
  -> rho_max = max|S_ij| (off-diag) = 20.36966
  [warn] pilot rho 30.34854 > rho_max 20.36966: it falls off the top of this method's grid
  rho grid: [20.36966234 18.0448074  15.98529561 14.16084252 12.54462011 11.11286235
  9.84451571  8.72092953  7.72558185  6.8438364   6.06272739  5.37076885
  4.75778576  4.2147644   3.73371982  3.30757839  2.93007385  2.59565512
  2.29940467  2.03696623]
Running run_tlasso over 20 rho values, extending until FPR >= 0.3...
  rho=20.36966 (1/20)
    fp=0.0000 tp=0.0000  [0.2s]
   nu  = 3.0000
  rho=18.04481 (2/20)
    fp=0.0000 tp=0.0000  [0.2s]
   nu  = 3.0000
  rho=15.98530 (3/20)
    fp=0.0000 tp=0.0101  [0.3s]
   nu  = 3.0000
  rho=14.16084 (4/20)
    fp=0.0000 tp=0.0101  [0.3s]
   nu  = 3.0000
  rho=12.54462 (5/20)
    fp=0.0000 tp=0.0101  [0.5s]
   nu  = 3.0000
  rho=11.11286 (6/20)
    fp=0.0000 tp=0.0101  [0.4s]
   nu  = 3.0000
  rho=9.84452 (7/20)
    fp=0.0000 tp=0.0202  [0.4s]
   nu  = 3.0000
  rho=8.72093 (8/20)
    fp=0.0000 tp=0.0303  [0.5s]
   nu  = 3.0000
  rho=7.72558 (9/20)
    fp=0.0002 tp=0.0303  [0.5s]
   nu  = 3.0000
  rho=6.84384 (10/20)
    fp=0.0004 tp=0.0505  [0.6s]
   nu  = 3.0000
  rho=6.06273 (11/20)
    fp=0.0006 tp=0.0505  [0.8s]
   nu  = 3.0000
  rho=5.37077 (12/20)
    fp=0.0016 tp=0.1010  [0.8s]
   nu  = 3.0000
  rho=4.75779 (13/20)
    fp=0.0037 tp=0.1414  [0.8s]
   nu  = 3.0000
  rho=4.21476 (14/20)
    fp=0.0045 tp=0.1818  [0.8s]
   nu  = 3.0000
  rho=3.73372 (15/20)
    fp=0.0076 tp=0.2222  [1.1s]
   nu  = 3.0000
  rho=3.30758 (16/20)
    fp=0.0142 tp=0.2828  [1.2s]
   nu  = 3.0000
  rho=2.93007 (17/20)
    fp=0.0204 tp=0.3535  [1.3s]
   nu  = 3.0000
  rho=2.59566 (18/20)
    fp=0.0342 tp=0.4141  [2.0s]
   nu  = 3.0000
  rho=2.29940 (19/20)
    fp=0.0569 tp=0.5253  [2.2s]
   nu  = 3.0000
  rho=2.03697 (20/20)
    fp=0.1004 tp=0.6364  [3.7s]
   nu  = 3.0000
  rho=1.80448 (21/21)  [extra 1/50]
    fp=0.1593 tp=0.7374  [5.2s]
   nu  = 3.0000
  rho=1.59853 (22/22)  [extra 2/50]
    fp=0.2700 tp=0.7879  [7.9s]
   nu  = 3.0000
  rho=1.41608 (23/23)  [extra 3/50]
    fp=0.3022 tp=0.8081  [3.4s]
   nu  = 3.0000
  FPR 0.3022 >= fp_end=0.3; stopping after 23 fits
  grid extended by 3 points down to rho=1.41608, ending at FPR 0.3022
  pilot fit of run_tstar_varlasso at rho=0.30349
  -> rho_max = max|S_ij| (off-diag) = 0.54564
  rho grid: [0.54563762 0.48336225 0.42819456 0.37932334 0.33602995 0.29767778
 0.26370286 0.2336056  0.20694345 0.18332433 0.16240093 0.14386559
 0.12744575 0.11289996 0.10001432 0.08859937 0.07848724 0.06952924
 0.06159364 0.05456376]
Running run_tstar_varlasso over 20 rho values, extending until FPR >= 0.3...
  rho=0.54564 (1/20)
    fp=0.0000 tp=0.0101  [0.3s]
   nu  = 3.0000
  rho=0.48336 (2/20)
    fp=0.0000 tp=0.0101  [0.3s]
   nu  = 3.0000
  rho=0.42819 (3/20)
    fp=0.0002 tp=0.0303  [0.3s]
   nu  = 3.0000
  rho=0.37932 (4/20)
    fp=0.0012 tp=0.0606  [0.3s]
   nu  = 3.0000
  rho=0.33603 (5/20)
    fp=0.0039 tp=0.1010  [0.2s]
   nu  = 3.0000
  rho=0.29768 (6/20)
    fp=0.0082 tp=0.1313  [0.2s]
   nu  = 3.0000
  rho=0.26370 (7/20)
    fp=0.0132 tp=0.2222  [0.2s]
   nu  = 3.0000
  rho=0.23361 (8/20)
    fp=0.0225 tp=0.3030  [0.3s]
   nu  = 3.0000
  rho=0.20694 (9/20)
    fp=0.0320 tp=0.3838  [0.3s]
   nu  = 3.0000
  rho=0.18332 (10/20)
    fp=0.0464 tp=0.4343  [0.4s]
   nu  = 3.0000
  rho=0.16240 (11/20)
    fp=0.0637 tp=0.4545  [0.4s]
   nu  = 3.0000
  rho=0.14387 (12/20)
    fp=0.0810 tp=0.5253  [0.4s]
   nu  = 3.0000
  rho=0.12745 (13/20)
    fp=0.0996 tp=0.6263  [0.4s]
   nu  = 3.0000
  rho=0.11290 (14/20)
    fp=0.1233 tp=0.6667  [0.4s]
   nu  = 3.0000
  rho=0.10001 (15/20)
    fp=0.1466 tp=0.6970  [0.4s]
   nu  = 3.0000
  rho=0.08860 (16/20)
    fp=0.1651 tp=0.7273  [0.4s]
   nu  = 3.0000
  rho=0.07849 (17/20)
    fp=0.1880 tp=0.7475  [0.4s]
   nu  = 3.0000
  rho=0.06953 (18/20)
    fp=0.2121 tp=0.7677  [0.4s]
   nu  = 3.0000
  rho=0.06159 (19/20)
    fp=0.2358 tp=0.7879  [0.5s]
   nu  = 3.0000
  rho=0.05456 (20/20)
    fp=0.2602 tp=0.8081  [0.5s]
   nu  = 3.0000
  rho=0.04834 (21/21)  [extra 1/50]
    fp=0.2804 tp=0.8182  [0.5s]
   nu  = 3.0000
  rho=0.04282 (22/22)  [extra 2/50]
    fp=0.3030 tp=0.8182  [0.5s]
   nu  = 3.0000
  FPR 0.3030 >= fp_end=0.3; stopping after 22 fits
  grid extended by 2 points down to rho=0.04282, ending at FPR 0.3030
  pilot fit of run_em_diagonal at rho=0.30349
  -> rho_max = max|S_ij| (off-diag) = 0.63408
  rho grid: [0.63407802 0.56170866 0.49759905 0.44080647 0.39049581 0.34592727
 0.30644548 0.27146988 0.24048615 0.21303869 0.1887239  0.16718424
 0.14810296 0.1311995  0.11622528 0.10296011 0.09120895 0.08079898
 0.07157713 0.0634078 ]
Running run_em_diagonal over 20 rho values, extending until FPR >= 0.3...
  rho=0.63408 (1/20)
    fp=0.0016 tp=0.0707  [26.2s]
   median nu  = 0.091
   median |eta| = 2.838
  rho=0.56171 (2/20)
    fp=0.0031 tp=0.0808  [25.1s]
   median nu  = 0.11
   median |eta| = 2.765
  rho=0.49760 (3/20)
    fp=0.0068 tp=0.1111  [23.3s]
   median nu  = 0.139
   median |eta| = 2.479
  rho=0.44081 (4/20)
    fp=0.0101 tp=0.1414  [22.3s]
   median nu  = 0.179
   median |eta| = 2.217
  rho=0.39050 (5/20)
    fp=0.0161 tp=0.2121  [20.9s]
   median nu  = 0.215
   median |eta| = 2.052
  rho=0.34593 (6/20)
    fp=0.0231 tp=0.2828  [20.3s]
   median nu  = 0.254
   median |eta| = 1.833
  rho=0.30645 (7/20)
    fp=0.0328 tp=0.3131  [18.9s]
   median nu  = 0.295
   median |eta| = 1.609
  rho=0.27147 (8/20)
    fp=0.0439 tp=0.4141  [18.8s]
   median nu  = 0.335
   median |eta| = 1.424
  rho=0.24049 (9/20)
    fp=0.0573 tp=0.4444  [18.6s]
   median nu  = 0.376
   median |eta| = 1.267
  rho=0.21304 (10/20)
    fp=0.0686 tp=0.4949  [21.1s]
   median nu  = 0.41
   median |eta| = 1.037
  rho=0.18872 (11/20)
    fp=0.0829 tp=0.5657  [21.3s]
   median nu  = 0.44
   median |eta| = 0.796
  rho=0.16718 (12/20)
    fp=0.0957 tp=0.6162  [21.2s]
   median nu  = 0.485
   median |eta| = 0.634
  rho=0.14810 (13/20)
    fp=0.1138 tp=0.6667  [20.6s]
   median nu  = 0.545
   median |eta| = 0.465
  rho=0.13120 (14/20)
    fp=0.1276 tp=0.7071  [18.6s]
   median nu  = 0.588
   median |eta| = 0.37
  rho=0.11623 (15/20)
    fp=0.1441 tp=0.7475  [16.9s]
   median nu  = 0.649
   median |eta| = 0.264
  rho=0.10296 (16/20)
    fp=0.1612 tp=0.7576  [19.6s]
   median nu  = 0.713
   median |eta| = 0.225
  rho=0.09121 (17/20)
    fp=0.1773 tp=0.7778  [19.5s]
   median nu  = 0.793
   median |eta| = 0.184
  rho=0.08080 (18/20)
    fp=0.1917 tp=0.7980  [18.9s]
   median nu  = 0.875
   median |eta| = 0.121
  rho=0.07158 (19/20)
    fp=0.2063 tp=0.7980  [18.7s]
   median nu  = 0.956
   median |eta| = 0.092
  rho=0.06341 (20/20)
    fp=0.2218 tp=0.8182  [18.5s]
   median nu  = 1.07
   median |eta| = 0.079
  rho=0.05617 (21/21)  [extra 1/50]
    fp=0.2356 tp=0.8182  [18.7s]
   median nu  = 1.195
   median |eta| = 0.066
  rho=0.04976 (22/22)  [extra 2/50]
    fp=0.2430 tp=0.8384  [18.5s]
   median nu  = 1.295
   median |eta| = 0.05
  rho=0.04408 (23/23)  [extra 3/50]
    fp=0.2546 tp=0.8283  [18.0s]
   median nu  = 1.389
   median |eta| = 0.039
  rho=0.03905 (24/24)  [extra 4/50]
    fp=0.2672 tp=0.8384  [18.2s]
   median nu  = 1.507
   median |eta| = 0.031
  rho=0.03459 (25/25)  [extra 5/50]
    fp=0.2814 tp=0.8384  [18.0s]
   median nu  = 1.589
   median |eta| = 0.025
  rho=0.03064 (26/26)  [extra 6/50]
    fp=0.2923 tp=0.8485  [17.7s]
   median nu  = 1.69
   median |eta| = 0.02
  rho=0.02715 (27/27)  [extra 7/50]
    fp=0.3098 tp=0.8586  [18.3s]
   median nu  = 1.857
   median |eta| = 0.015
  FPR 0.3098 >= fp_end=0.3; stopping after 27 fits
  grid extended by 7 points down to rho=0.02715, ending at FPR 0.3098
  pilot fit of run_em_exact at rho=0.30349
  -> rho_max = max|S_ij| (off-diag) = 0.66829
  rho grid: [0.66829243 0.59201807 0.52444915 0.46459209 0.4115667  0.36459327
 0.32298107 0.28611821 0.25346262 0.22453411 0.19890732 0.17620538
 0.1560945  0.13827893 0.12249671 0.10851577 0.09613052 0.08515883
 0.07543938 0.06682924]
Running run_em_exact over 20 rho values, extending until FPR >= 0.3...
  rho=0.66829 (1/20)
    fp=0.0010 tp=0.0606  [18.2s]
   median nu  = 0.086
   median |eta| = 2.858
  rho=0.59202 (2/20)
    fp=0.0021 tp=0.0808  [18.3s]
   median nu  = 0.104
   median |eta| = 2.781
  rho=0.52445 (3/20)
    fp=0.0054 tp=0.0909  [18.0s]
   median nu  = 0.13
   median |eta| = 2.566
  rho=0.46459 (4/20)
    fp=0.0087 tp=0.1212  [17.3s]
   median nu  = 0.167
   median |eta| = 2.13
  rho=0.41157 (5/20)
    fp=0.0136 tp=0.2020  [17.1s]
   median nu  = 0.204
   median |eta| = 1.96
  rho=0.36459 (6/20)
    fp=0.0204 tp=0.2626  [17.0s]
   median nu  = 0.246
   median |eta| = 1.479
  rho=0.32298 (7/20)
    fp=0.0303 tp=0.2929  [17.2s]
   median nu  = 0.3
   median |eta| = 1.118
  rho=0.28612 (8/20)
    fp=0.0427 tp=0.3838  [17.1s]
   median nu  = 0.352
   median |eta| = 0.879
  rho=0.25346 (9/20)
    fp=0.0561 tp=0.4343  [19.5s]
   median nu  = 0.404
   median |eta| = 0.655
  rho=0.22453 (10/20)
    fp=0.0693 tp=0.4747  [18.8s]
   median nu  = 0.453
   median |eta| = 0.461
  rho=0.19891 (11/20)
    fp=0.0849 tp=0.5354  [19.1s]
   median nu  = 0.538
   median |eta| = 0.339
  rho=0.17621 (12/20)
    fp=0.0998 tp=0.5960  [19.0s]
   median nu  = 0.613
   median |eta| = 0.232
  rho=0.15609 (13/20)
    fp=0.1167 tp=0.6465  [16.6s]
   median nu  = 0.684
   median |eta| = 0.164
  rho=0.13828 (14/20)
    fp=0.1319 tp=0.6970  [16.0s]
   median nu  = 0.775
   median |eta| = 0.117
  rho=0.12250 (15/20)
    fp=0.1455 tp=0.7374  [17.8s]
   median nu  = 0.865
   median |eta| = 0.089
  rho=0.10852 (16/20)
    fp=0.1598 tp=0.7475  [17.8s]
   median nu  = 0.935
   median |eta| = 0.066
  rho=0.09613 (17/20)
    fp=0.1750 tp=0.7576  [17.4s]
   median nu  = 1.009
   median |eta| = 0.05
  rho=0.08516 (18/20)
    fp=0.1913 tp=0.7677  [17.3s]
   median nu  = 1.091
   median |eta| = 0.037
  rho=0.07544 (19/20)
    fp=0.2047 tp=0.7879  [16.9s]
   median nu  = 1.2
   median |eta| = 0.03
  rho=0.06683 (20/20)
    fp=0.2191 tp=0.7980  [13.3s]
   median nu  = 1.282
   median |eta| = 0.023
  rho=0.05920 (21/21)  [extra 1/50]
    fp=0.2340 tp=0.7980  [9.9s]
   median nu  = 1.356
   median |eta| = 0.017
  rho=0.05244 (22/22)  [extra 2/50]
    fp=0.2503 tp=0.8182  [7.5s]
   median nu  = 1.444
   median |eta| = 0.015
  rho=0.04646 (23/23)  [extra 3/50]
    fp=0.2651 tp=0.8283  [5.8s]
   median nu  = 1.551
   median |eta| = 0.012
  rho=0.04116 (24/24)  [extra 4/50]
    fp=0.2775 tp=0.8283  [5.2s]
   median nu  = 1.65
   median |eta| = 0.009
  rho=0.03646 (25/25)  [extra 5/50]
    fp=0.2915 tp=0.8384  [4.7s]
   median nu  = 1.747
   median |eta| = 0.007
  rho=0.03230 (26/26)  [extra 6/50]
    fp=0.3030 tp=0.8485  [5.0s]
   median nu  = 1.86
   median |eta| = 0.006
  FPR 0.3030 >= fp_end=0.3; stopping after 26 fits
  grid extended by 6 points down to rho=0.03230, ending at FPR 0.3030
  graphical_lasso rho_max = max|S_ij| (off-diag) = 1.93847
  rho grid: [1.93847201 1.71722798 1.52123524 1.34761178 1.19380452 1.05755178
 0.93685    0.8299243  0.73520238 0.65129137 0.5769574  0.5111074
 0.45277307 0.40109663 0.35531818 0.31476458 0.27883949 0.24701464
 0.21882207 0.1938472 ]
Running graphical_lasso over 20 rho values, extending until FPR >= 0.3...
  rho=1.93847 (1/20)
    fp=0.0000 tp=0.0000  [0.0s]
  rho=1.71723 (2/20)
    fp=0.0000 tp=0.0101  [0.0s]
  rho=1.52124 (3/20)
    fp=0.0006 tp=0.0202  [19.1s]
  rho=1.34761 (4/20)
    fp=0.0010 tp=0.0202  [0.0s]
  rho=1.19380 (5/20)
    fp=0.0016 tp=0.0202  [0.0s]
  rho=1.05755 (6/20)
    fp=0.0035 tp=0.0202  [0.0s]
  rho=0.93685 (7/20)
    fp=0.0060 tp=0.0404  [19.1s]
  rho=0.82992 (8/20)
    fp=0.0101 tp=0.0808  [18.8s]
  rho=0.73520 (9/20)
    fp=0.0167 tp=0.1212  [18.2s]
  rho=0.65129 (10/20)
    fp=0.0278 tp=0.1515  [0.1s]
  rho=0.57696 (11/20)
    fp=0.0398 tp=0.2020  [2.1s]
  rho=0.51111 (12/20)
    fp=0.0546 tp=0.2727  [0.2s]
  rho=0.45277 (13/20)
    fp=0.0707 tp=0.3636  [1.2s]
  rho=0.40110 (14/20)
    fp=0.0868 tp=0.4444  [0.1s]
  rho=0.35532 (15/20)
    fp=0.1014 tp=0.5152  [0.1s]
  rho=0.31476 (16/20)
    fp=0.1187 tp=0.5556  [0.5s]
  rho=0.27884 (17/20)
    fp=0.1361 tp=0.5859  [0.0s]
  rho=0.24701 (18/20)
    fp=0.1540 tp=0.6061  [1.1s]
  rho=0.21882 (19/20)
    fp=0.1721 tp=0.6465  [0.5s]
  rho=0.19385 (20/20)
    fp=0.1967 tp=0.6667  [0.6s]
  rho=0.17172 (21/21)  [extra 1/50]
    fp=0.2206 tp=0.7273  [1.0s]
  rho=0.15212 (22/22)  [extra 2/50]
    fp=0.2420 tp=0.7475  [0.6s]
  rho=0.13476 (23/23)  [extra 3/50]
    fp=0.2680 tp=0.7879  [0.5s]
  rho=0.11938 (24/24)  [extra 4/50]
    fp=0.2878 tp=0.7980  [3.9s]
  rho=0.10576 (25/25)  [extra 5/50]
    fp=0.3133 tp=0.8182  [0.4s]
  FPR 0.3133 >= fp_end=0.3; stopping after 25 fits
  [note] 4/25 fits hit a glasso ConvergenceWarning (suppressed)
  grid extended by 5 points down to rho=0.10576, ending at FPR 0.3133
  [warn] mean_roc averages out to FPR 0.300 but the shortest replicate only reached 0.011; its TPR is held flat above that
  [warn] mean_roc averages out to FPR 0.300 but the shortest replicate only reached 0.229; its TPR is held flat above that

(p=100, n=50) over 44 replicates
  t+lasso  (run_em_diagonal):    AUC = 0.193 (SE 0.002)
  ~t+lasso (run_em_exact):       AUC = 0.194 (SE 0.002)
  tlasso   (run_tlasso):         AUC = 0.192 (SE 0.003)
  t*lasso  (run_tstar_varlasso): AUC = 0.191 (SE 0.002)
  glasso   (graphical_lasso):    AUC = 0.149 (SE 0.004)
Replicate 45/50
  Theta: 110/4950 edges
  pilot fit of run_tlasso at rho=30.34854
  -> rho_max = max|S_ij| (off-diag) = 28.40760
  [warn] pilot rho 30.34854 > rho_max 28.40760: it falls off the top of this method's grid
  rho grid: [28.40760343 25.16535247 22.29315002 19.74876126 17.49477175 15.4980373
 13.72919656 12.16223929 10.77412389  9.54443855  8.45510114  7.49009331
  6.63522492  5.8779254   5.20705891  4.61276057  4.0862914   3.61990985
  3.20675792  2.84076034]
Running run_tlasso over 20 rho values, extending until FPR >= 0.3...
  rho=28.40760 (1/20)
    fp=0.0000 tp=0.0000  [0.5s]
   nu  = 3.0000
  rho=25.16535 (2/20)
    fp=0.0000 tp=0.0091  [0.5s]
   nu  = 3.0000
  rho=22.29315 (3/20)
    fp=0.0000 tp=0.0091  [0.7s]
   nu  = 3.0000
  rho=19.74876 (4/20)
    fp=0.0000 tp=0.0091  [0.6s]
   nu  = 3.0000
  rho=17.49477 (5/20)
    fp=0.0000 tp=0.0182  [0.4s]
   nu  = 3.0000
  rho=15.49804 (6/20)
    fp=0.0000 tp=0.0273  [0.3s]
   nu  = 3.0000
  rho=13.72920 (7/20)
    fp=0.0002 tp=0.0273  [0.5s]
   nu  = 3.0000
  rho=12.16224 (8/20)
    fp=0.0004 tp=0.0636  [0.6s]
   nu  = 3.0000
  rho=10.77412 (9/20)
    fp=0.0004 tp=0.0818  [0.6s]
   nu  = 3.0000
  rho=9.54444 (10/20)
    fp=0.0010 tp=0.0909  [0.7s]
   nu  = 3.0000
  rho=8.45510 (11/20)
    fp=0.0010 tp=0.1091  [0.6s]
   nu  = 3.0000
  rho=7.49009 (12/20)
    fp=0.0023 tp=0.1455  [0.7s]
   nu  = 3.0000
  rho=6.63522 (13/20)
    fp=0.0031 tp=0.1727  [0.8s]
   nu  = 3.0000
  rho=5.87793 (14/20)
    fp=0.0066 tp=0.1909  [0.8s]
   nu  = 3.0000
  rho=5.20706 (15/20)
    fp=0.0103 tp=0.2364  [0.9s]
   nu  = 3.0000
  rho=4.61276 (16/20)
    fp=0.0155 tp=0.3000  [0.9s]
   nu  = 3.0000
  rho=4.08629 (17/20)
    fp=0.0246 tp=0.3364  [0.9s]
   nu  = 3.0000
  rho=3.61991 (18/20)
    fp=0.0380 tp=0.4273  [1.3s]
   nu  = 3.0000
  rho=3.20676 (19/20)
    fp=0.0682 tp=0.5909  [2.5s]
   nu  = 3.0000
  rho=2.84076 (20/20)
    fp=0.1388 tp=0.7000  [8.2s]
   nu  = 3.0000
  rho=2.51654 (21/21)  [extra 1/50]
    fp=0.2860 tp=0.7909  [22.9s]
   nu  = 3.0000
  rho=2.22932 (22/22)  [extra 2/50]
    fp=0.3097 tp=0.8000  [9.2s]
   nu  = 3.0000
  FPR 0.3097 >= fp_end=0.3; stopping after 22 fits
  grid extended by 2 points down to rho=2.22932, ending at FPR 0.3097
  pilot fit of run_tstar_varlasso at rho=0.30349
  -> rho_max = max|S_ij| (off-diag) = 0.83436
  rho grid: [0.83435992 0.73913174 0.65477226 0.580041   0.51383906 0.45519296
 0.40324033 0.35721721 0.31644687 0.28032977 0.24833483 0.21999158
 0.19488324 0.17264059 0.15293656 0.13548142 0.12001849 0.1063204
 0.09418571 0.08343599]
Running run_tstar_varlasso over 20 rho values, extending until FPR >= 0.3...
  rho=0.83436 (1/20)
    fp=0.0004 tp=0.0545  [0.4s]
   nu  = 3.0000
  rho=0.73913 (2/20)
    fp=0.0004 tp=0.0909  [0.3s]
   nu  = 3.0000
  rho=0.65477 (3/20)
    fp=0.0012 tp=0.1091  [0.3s]
   nu  = 3.0000
  rho=0.58004 (4/20)
    fp=0.0023 tp=0.1364  [0.3s]
   nu  = 3.0000
  rho=0.51384 (5/20)
    fp=0.0068 tp=0.1636  [0.3s]
   nu  = 3.0000
  rho=0.45519 (6/20)
    fp=0.0107 tp=0.2182  [0.3s]
   nu  = 3.0000
  rho=0.40324 (7/20)
    fp=0.0165 tp=0.2636  [0.4s]
   nu  = 3.0000
  rho=0.35722 (8/20)
    fp=0.0281 tp=0.3182  [0.3s]
   nu  = 3.0000
  rho=0.31645 (9/20)
    fp=0.0395 tp=0.3455  [0.4s]
   nu  = 3.0000
  rho=0.28033 (10/20)
    fp=0.0597 tp=0.4091  [0.5s]
   nu  = 3.0000
  rho=0.24833 (11/20)
    fp=0.0756 tp=0.5182  [0.4s]
   nu  = 3.0000
  rho=0.21999 (12/20)
    fp=0.0924 tp=0.6000  [0.5s]
   nu  = 3.0000
  rho=0.19488 (13/20)
    fp=0.1072 tp=0.6636  [0.5s]
   nu  = 3.0000
  rho=0.17264 (14/20)
    fp=0.1260 tp=0.6727  [0.5s]
   nu  = 3.0000
  rho=0.15294 (15/20)
    fp=0.1450 tp=0.7091  [0.7s]
   nu  = 3.0000
  rho=0.13548 (16/20)
    fp=0.1626 tp=0.7455  [0.7s]
   nu  = 3.0000
  rho=0.12002 (17/20)
    fp=0.1787 tp=0.7636  [0.7s]
   nu  = 3.0000
  rho=0.10632 (18/20)
    fp=0.1990 tp=0.7909  [0.7s]
   nu  = 3.0000
  rho=0.09419 (19/20)
    fp=0.2169 tp=0.8091  [0.7s]
   nu  = 3.0000
  rho=0.08344 (20/20)
    fp=0.2403 tp=0.8364  [0.7s]
   nu  = 3.0000
  rho=0.07391 (21/21)  [extra 1/50]
    fp=0.2622 tp=0.8545  [0.7s]
   nu  = 3.0000
  rho=0.06548 (22/22)  [extra 2/50]
    fp=0.2837 tp=0.8636  [0.7s]
   nu  = 3.0000
  rho=0.05800 (23/23)  [extra 3/50]
    fp=0.3056 tp=0.8636  [0.9s]
   nu  = 3.0000
  FPR 0.3056 >= fp_end=0.3; stopping after 23 fits
  grid extended by 3 points down to rho=0.05800, ending at FPR 0.3056
  pilot fit of run_em_diagonal at rho=0.30349
  -> rho_max = max|S_ij| (off-diag) = 0.83739
  rho grid: [0.83739077 0.74181667 0.65715075 0.58214803 0.5157056  0.45684647
 0.40470511 0.35851482 0.31759637 0.28134808 0.24923692 0.22079071
 0.19559116 0.17326771 0.15349211 0.13597356 0.12045447 0.10670661
 0.09452784 0.08373908]
Running run_em_diagonal over 20 rho values, extending until FPR >= 0.3...
  rho=0.83739 (1/20)
    fp=0.0035 tp=0.1273  [22.8s]
   median nu  = 0.405
   median |eta| = 1.025
  rho=0.74182 (2/20)
    fp=0.0064 tp=0.1545  [21.9s]
   median nu  = 0.455
   median |eta| = 0.935
  rho=0.65715 (3/20)
    fp=0.0103 tp=0.1818  [20.3s]
   median nu  = 0.491
   median |eta| = 0.844
  rho=0.58215 (4/20)
    fp=0.0157 tp=0.2273  [20.2s]
   median nu  = 0.525
   median |eta| = 0.787
  rho=0.51571 (5/20)
    fp=0.0211 tp=0.2364  [19.1s]
   median nu  = 0.577
   median |eta| = 0.713
  rho=0.45685 (6/20)
    fp=0.0291 tp=0.2818  [17.8s]
   median nu  = 0.618
   median |eta| = 0.597
  rho=0.40471 (7/20)
    fp=0.0421 tp=0.3455  [17.9s]
   median nu  = 0.655
   median |eta| = 0.514
  rho=0.35851 (8/20)
    fp=0.0502 tp=0.4091  [17.8s]
   median nu  = 0.689
   median |eta| = 0.459
  rho=0.31760 (9/20)
    fp=0.0616 tp=0.4364  [17.9s]
   median nu  = 0.714
   median |eta| = 0.382
  rho=0.28135 (10/20)
    fp=0.0764 tp=0.5273  [17.9s]
   median nu  = 0.77
   median |eta| = 0.312
  rho=0.24924 (11/20)
    fp=0.0899 tp=0.5727  [17.8s]
   median nu  = 0.85
   median |eta| = 0.25
  rho=0.22079 (12/20)
    fp=0.1021 tp=0.6091  [17.6s]
   median nu  = 0.929
   median |eta| = 0.187
  rho=0.19559 (13/20)
    fp=0.1161 tp=0.6364  [17.1s]
   median nu  = 1.008
   median |eta| = 0.158
  rho=0.17327 (14/20)
    fp=0.1312 tp=0.6909  [18.9s]
   median nu  = 1.077
   median |eta| = 0.128
  rho=0.15349 (15/20)
    fp=0.1415 tp=0.7182  [18.1s]
   median nu  = 1.167
   median |eta| = 0.103
  rho=0.13597 (16/20)
    fp=0.1554 tp=0.7273  [17.8s]
   median nu  = 1.25
   median |eta| = 0.085
  rho=0.12045 (17/20)
    fp=0.1715 tp=0.7909  [18.7s]
   median nu  = 1.355
   median |eta| = 0.067
  rho=0.10671 (18/20)
    fp=0.1866 tp=0.8000  [18.0s]
   median nu  = 1.432
   median |eta| = 0.059
  rho=0.09453 (19/20)
    fp=0.1996 tp=0.8091  [18.0s]
   median nu  = 1.524
   median |eta| = 0.05
  rho=0.08374 (20/20)
    fp=0.2145 tp=0.8364  [18.0s]
   median nu  = 1.604
   median |eta| = 0.042
  rho=0.07418 (21/21)  [extra 1/50]
    fp=0.2318 tp=0.8455  [15.9s]
   median nu  = 1.689
   median |eta| = 0.033
  rho=0.06572 (22/22)  [extra 2/50]
    fp=0.2440 tp=0.8455  [17.8s]
   median nu  = 1.78
   median |eta| = 0.028
  rho=0.05821 (23/23)  [extra 3/50]
    fp=0.2585 tp=0.8727  [17.4s]
   median nu  = 1.888
   median |eta| = 0.023
  rho=0.05157 (24/24)  [extra 4/50]
    fp=0.2729 tp=0.8727  [17.8s]
   median nu  = 1.978
   median |eta| = 0.019
  rho=0.04568 (25/25)  [extra 5/50]
    fp=0.2841 tp=0.8636  [17.7s]
   median nu  = 2.079
   median |eta| = 0.016
  rho=0.04047 (26/26)  [extra 6/50]
    fp=0.2965 tp=0.8636  [18.0s]
   median nu  = 2.187
   median |eta| = 0.013
  rho=0.03585 (27/27)  [extra 7/50]
    fp=0.3097 tp=0.8636  [17.8s]
   median nu  = 2.31
   median |eta| = 0.011
  FPR 0.3097 >= fp_end=0.3; stopping after 27 fits
  grid extended by 7 points down to rho=0.03585, ending at FPR 0.3097
  pilot fit of run_em_exact at rho=0.30349
  -> rho_max = max|S_ij| (off-diag) = 0.91318
  rho grid: [0.91317583 0.80895214 0.71662384 0.63483326 0.5623777  0.49819173
 0.44133151 0.39096093 0.3463393  0.30681049 0.27179322 0.24077259
 0.21329244 0.18894869 0.16738337 0.14827937 0.13135577 0.11636371
 0.10308275 0.09131758]
Running run_em_exact over 20 rho values, extending until FPR >= 0.3...
  rho=0.91318 (1/20)
    fp=0.0025 tp=0.1000  [17.5s]
   median nu  = 0.381
   median |eta| = 1.023
  rho=0.80895 (2/20)
    fp=0.0043 tp=0.1455  [17.2s]
   median nu  = 0.435
   median |eta| = 0.927
  rho=0.71662 (3/20)
    fp=0.0074 tp=0.1636  [17.3s]
   median nu  = 0.479
   median |eta| = 0.855
  rho=0.63483 (4/20)
    fp=0.0120 tp=0.1818  [16.8s]
   median nu  = 0.519
   median |eta| = 0.787
  rho=0.56238 (5/20)
    fp=0.0171 tp=0.2273  [16.4s]
   median nu  = 0.559
   median |eta| = 0.618
  rho=0.49819 (6/20)
    fp=0.0240 tp=0.2455  [16.6s]
   median nu  = 0.603
   median |eta| = 0.479
  rho=0.44133 (7/20)
    fp=0.0333 tp=0.3182  [16.2s]
   median nu  = 0.648
   median |eta| = 0.39
  rho=0.39096 (8/20)
    fp=0.0434 tp=0.3727  [16.4s]
   median nu  = 0.713
   median |eta| = 0.296
  rho=0.34634 (9/20)
    fp=0.0527 tp=0.4273  [16.1s]
   median nu  = 0.784
   median |eta| = 0.232
  rho=0.30681 (10/20)
    fp=0.0678 tp=0.4636  [16.0s]
   median nu  = 0.856
   median |eta| = 0.18
  rho=0.27179 (11/20)
    fp=0.0829 tp=0.5455  [15.8s]
   median nu  = 0.901
   median |eta| = 0.129
  rho=0.24077 (12/20)
    fp=0.0957 tp=0.5909  [18.2s]
   median nu  = 1.0
   median |eta| = 0.105
  rho=0.21329 (13/20)
    fp=0.1072 tp=0.6455  [17.6s]
   median nu  = 1.068
   median |eta| = 0.085
  rho=0.18895 (14/20)
    fp=0.1211 tp=0.6818  [15.4s]
   median nu  = 1.16
   median |eta| = 0.056
  rho=0.16738 (15/20)
    fp=0.1326 tp=0.7364  [14.6s]
   median nu  = 1.236
   median |eta| = 0.044
  rho=0.14828 (16/20)
    fp=0.1432 tp=0.7545  [10.8s]
   median nu  = 1.32
   median |eta| = 0.032
  rho=0.13136 (17/20)
    fp=0.1570 tp=0.7636  [6.6s]
   median nu  = 1.408
   median |eta| = 0.025
  rho=0.11636 (18/20)
    fp=0.1692 tp=0.7727  [6.1s]
   median nu  = 1.502
   median |eta| = 0.021
  rho=0.10308 (19/20)
    fp=0.1822 tp=0.8182  [5.9s]
   median nu  = 1.608
   median |eta| = 0.017
  rho=0.09132 (20/20)
    fp=0.1981 tp=0.8455  [5.8s]
   median nu  = 1.679
   median |eta| = 0.014
  rho=0.08090 (21/21)  [extra 1/50]
    fp=0.2124 tp=0.8455  [5.1s]
   median nu  = 1.772
   median |eta| = 0.01
  rho=0.07166 (22/22)  [extra 2/50]
    fp=0.2271 tp=0.8545  [4.7s]
   median nu  = 1.881
   median |eta| = 0.008
  rho=0.06348 (23/23)  [extra 3/50]
    fp=0.2413 tp=0.8545  [4.3s]
   median nu  = 1.975
   median |eta| = 0.007
  rho=0.05624 (24/24)  [extra 4/50]
    fp=0.2537 tp=0.8727  [4.2s]
   median nu  = 2.062
   median |eta| = 0.005
  rho=0.04982 (25/25)  [extra 5/50]
    fp=0.2690 tp=0.8636  [4.0s]
   median nu  = 2.156
   median |eta| = 0.004
  rho=0.04413 (26/26)  [extra 6/50]
    fp=0.2824 tp=0.8636  [3.5s]
   median nu  = 2.273
   median |eta| = 0.004
  rho=0.03910 (27/27)  [extra 7/50]
    fp=0.2952 tp=0.8636  [3.8s]
   median nu  = 2.377
   median |eta| = 0.003
  rho=0.03463 (28/28)  [extra 8/50]
    fp=0.3074 tp=0.8636  [3.7s]
   median nu  = 2.496
   median |eta| = 0.002
  FPR 0.3074 >= fp_end=0.3; stopping after 28 fits
  grid extended by 8 points down to rho=0.03463, ending at FPR 0.3074
  graphical_lasso rho_max = max|S_ij| (off-diag) = 3.58666
  rho grid: [3.58665894 3.17730205 2.81466637 2.49341946 2.20883749 1.95673578
 1.73340725 1.53556791 1.36030862 1.20505223 1.06751575 0.94567675
 0.83774363 0.74212926 0.65742767 0.58239334 0.51592292 0.45703898
 0.40487565 0.35866589]
Running graphical_lasso over 20 rho values, extending until FPR >= 0.3...
  rho=3.58666 (1/20)
    fp=0.0000 tp=0.0000  [0.0s]
  rho=3.17730 (2/20)
    fp=0.0000 tp=0.0091  [0.0s]
  rho=2.81467 (3/20)
    fp=0.0006 tp=0.0091  [20.2s]
  rho=2.49342 (4/20)
    fp=0.0025 tp=0.0182  [20.0s]
  rho=2.20884 (5/20)
    fp=0.0060 tp=0.0273  [19.6s]
  rho=1.95674 (6/20)
    fp=0.0107 tp=0.0455  [18.7s]
  rho=1.73341 (7/20)
    fp=0.0188 tp=0.0636  [19.5s]
  rho=1.53557 (8/20)
    fp=0.0287 tp=0.1273  [19.1s]
  rho=1.36031 (9/20)
    fp=0.0442 tp=0.2000  [19.3s]
  rho=1.20505 (10/20)
    fp=0.0601 tp=0.2455  [0.4s]
  rho=1.06752 (11/20)
    fp=0.0731 tp=0.3000  [0.3s]
  rho=0.94568 (12/20)
    fp=0.0882 tp=0.3273  [2.1s]
  rho=0.83774 (13/20)
    fp=0.1048 tp=0.3727  [0.0s]
  rho=0.74213 (14/20)
    fp=0.1157 tp=0.4091  [3.5s]
  rho=0.65743 (15/20)
    fp=0.1285 tp=0.4273  [0.7s]
  rho=0.58239 (16/20)
    fp=0.1430 tp=0.4818  [0.8s]
  rho=0.51592 (17/20)
    fp=0.1610 tp=0.5000  [13.6s]
  rho=0.45704 (18/20)
    fp=0.1740 tp=0.5455  [18.2s]
  rho=0.40488 (19/20)
    fp=0.1911 tp=0.6000  [7.4s]
  rho=0.35867 (20/20)
    fp=0.2058 tp=0.6455  [11.5s]
  rho=0.31773 (21/21)  [extra 1/50]
    fp=0.2188 tp=0.6818  [18.6s]
  rho=0.28147 (22/22)  [extra 2/50]
    fp=0.2343 tp=0.7091  [16.8s]
  rho=0.24934 (23/23)  [extra 3/50]
    fp=0.2483 tp=0.7455  [10.0s]
  rho=0.22088 (24/24)  [extra 4/50]
    fp=0.2643 tp=0.7455  [1.0s]
  rho=0.19567 (25/25)  [extra 5/50]
    fp=0.2822 tp=0.7727  [1.4s]
  rho=0.17334 (26/26)  [extra 6/50]
    fp=0.3035 tp=0.7818  [3.4s]
  FPR 0.3035 >= fp_end=0.3; stopping after 26 fits
  [note] 9/26 fits hit a glasso ConvergenceWarning (suppressed)
  grid extended by 6 points down to rho=0.17334, ending at FPR 0.3035
  [warn] mean_roc averages out to FPR 0.300 but the shortest replicate only reached 0.011; its TPR is held flat above that
  [warn] mean_roc averages out to FPR 0.300 but the shortest replicate only reached 0.229; its TPR is held flat above that

(p=100, n=50) over 45 replicates
  t+lasso  (run_em_diagonal):    AUC = 0.193 (SE 0.002)
  ~t+lasso (run_em_exact):       AUC = 0.194 (SE 0.002)
  tlasso   (run_tlasso):         AUC = 0.192 (SE 0.003)
  t*lasso  (run_tstar_varlasso): AUC = 0.191 (SE 0.002)
  glasso   (graphical_lasso):    AUC = 0.149 (SE 0.004)
Replicate 46/50
  Theta: 98/4950 edges
  pilot fit of run_tlasso at rho=30.34854
  -> rho_max = max|S_ij| (off-diag) = 19.38918
  [warn] pilot rho 30.34854 > rho_max 19.38918: it falls off the top of this method's grid
  rho grid: [19.38918232 17.17623271 15.21585414 13.47921987 11.94079325 10.57795219
  9.37065655  8.30115345  7.35371616  6.51441293  5.77090208  5.1122505
  4.52877294  4.01188955  3.55399972  3.14837032  2.78903671  2.470715
  2.18872437  1.93891823]
Running run_tlasso over 20 rho values, extending until FPR >= 0.3...
  rho=19.38918 (1/20)
    fp=0.0000 tp=0.0000  [0.3s]
   nu  = 3.0000
  rho=17.17623 (2/20)
    fp=0.0000 tp=0.0000  [0.2s]
   nu  = 3.0000
  rho=15.21585 (3/20)
    fp=0.0000 tp=0.0000  [0.3s]
   nu  = 3.0000
  rho=13.47922 (4/20)
    fp=0.0000 tp=0.0000  [0.3s]
   nu  = 3.0000
  rho=11.94079 (5/20)
    fp=0.0002 tp=0.0204  [0.5s]
   nu  = 3.0000
  rho=10.57795 (6/20)
    fp=0.0016 tp=0.0306  [0.5s]
   nu  = 3.0000
  rho=9.37066 (7/20)
    fp=0.0025 tp=0.0408  [0.5s]
   nu  = 3.0000
  rho=8.30115 (8/20)
    fp=0.0031 tp=0.0612  [0.5s]
   nu  = 3.0000
  rho=7.35372 (9/20)
    fp=0.0052 tp=0.1020  [0.6s]
   nu  = 3.0000
  rho=6.51441 (10/20)
    fp=0.0080 tp=0.1020  [0.7s]
   nu  = 3.0000
  rho=5.77090 (11/20)
    fp=0.0109 tp=0.1122  [0.8s]
   nu  = 3.0000
  rho=5.11225 (12/20)
    fp=0.0146 tp=0.1327  [0.8s]
   nu  = 3.0000
  rho=4.52877 (13/20)
    fp=0.0210 tp=0.1633  [0.9s]
   nu  = 3.0000
  rho=4.01189 (14/20)
    fp=0.0297 tp=0.1939  [0.8s]
   nu  = 3.0000
  rho=3.55400 (15/20)
    fp=0.0412 tp=0.2551  [0.9s]
   nu  = 3.0000
  rho=3.14837 (16/20)
    fp=0.0608 tp=0.3061  [1.0s]
   nu  = 3.0000
  rho=2.78904 (17/20)
    fp=0.0934 tp=0.4490  [2.7s]
   nu  = 3.0000
  rho=2.47072 (18/20)
    fp=0.2288 tp=0.6020  [117.3s]
   nu  = 3.0000
  rho=2.18872 (19/20)
    fp=0.2613 tp=0.6531  [12.0s]
   nu  = 3.0000
  rho=1.93892 (20/20)
    fp=0.2923 tp=0.7143  [29.5s]
   nu  = 3.0000
  rho=1.71762 (21/21)  [extra 1/50]
    fp=0.3242 tp=0.7653  [9.8s]
   nu  = 3.0000
  FPR 0.3242 >= fp_end=0.3; stopping after 21 fits
  [note] 2/21 fits hit a glasso ConvergenceWarning (suppressed)
  grid extended by 1 points down to rho=1.71762, ending at FPR 0.3242
  pilot fit of run_tstar_varlasso at rho=0.30349
  -> rho_max = max|S_ij| (off-diag) = 0.66814
  rho grid: [0.66813906 0.5918822  0.52432879 0.46448546 0.41147224 0.3645096
 0.32290695 0.28605254 0.25340445 0.22448258 0.19886167 0.17616495
 0.15605867 0.1382472  0.1224686  0.10849087 0.09610846 0.08513929
 0.07542207 0.06681391]
Running run_tstar_varlasso over 20 rho values, extending until FPR >= 0.3...
  rho=0.66814 (1/20)
    fp=0.0025 tp=0.0408  [0.3s]
   nu  = 3.0000
  rho=0.59188 (2/20)
    fp=0.0045 tp=0.0510  [0.3s]
   nu  = 3.0000
  rho=0.52433 (3/20)
    fp=0.0080 tp=0.0612  [0.2s]
   nu  = 3.0000
  rho=0.46449 (4/20)
    fp=0.0120 tp=0.1020  [0.3s]
   nu  = 3.0000
  rho=0.41147 (5/20)
    fp=0.0185 tp=0.1122  [0.3s]
   nu  = 3.0000
  rho=0.36451 (6/20)
    fp=0.0245 tp=0.1531  [0.3s]
   nu  = 3.0000
  rho=0.32291 (7/20)
    fp=0.0344 tp=0.1939  [0.3s]
   nu  = 3.0000
  rho=0.28605 (8/20)
    fp=0.0476 tp=0.2653  [0.3s]
   nu  = 3.0000
  rho=0.25340 (9/20)
    fp=0.0606 tp=0.3776  [0.4s]
   nu  = 3.0000
  rho=0.22448 (10/20)
    fp=0.0775 tp=0.4286  [0.4s]
   nu  = 3.0000
  rho=0.19886 (11/20)
    fp=0.0950 tp=0.4490  [0.4s]
   nu  = 3.0000
  rho=0.17616 (12/20)
    fp=0.1134 tp=0.4898  [0.3s]
   nu  = 3.0000
  rho=0.15606 (13/20)
    fp=0.1300 tp=0.5306  [0.3s]
   nu  = 3.0000
  rho=0.13825 (14/20)
    fp=0.1544 tp=0.5510  [0.4s]
   nu  = 3.0000
  rho=0.12247 (15/20)
    fp=0.1768 tp=0.5714  [0.4s]
   nu  = 3.0000
  rho=0.10849 (16/20)
    fp=0.1958 tp=0.6429  [0.4s]
   nu  = 3.0000
  rho=0.09611 (17/20)
    fp=0.2131 tp=0.6735  [0.4s]
   nu  = 3.0000
  rho=0.08514 (18/20)
    fp=0.2380 tp=0.7041  [0.5s]
   nu  = 3.0000
  rho=0.07542 (19/20)
    fp=0.2644 tp=0.7347  [0.4s]
   nu  = 3.0000
  rho=0.06681 (20/20)
    fp=0.2813 tp=0.8163  [0.4s]
   nu  = 3.0000
  rho=0.05919 (21/21)  [extra 1/50]
    fp=0.2980 tp=0.8265  [0.5s]
   nu  = 3.0000
  rho=0.05243 (22/22)  [extra 2/50]
    fp=0.3174 tp=0.8469  [0.7s]
   nu  = 3.0000
  FPR 0.3174 >= fp_end=0.3; stopping after 22 fits
  grid extended by 2 points down to rho=0.05243, ending at FPR 0.3174
  pilot fit of run_em_diagonal at rho=0.30349
  -> rho_max = max|S_ij| (off-diag) = 0.73022
  rho grid: [0.73022339 0.64688065 0.57305009 0.50764604 0.44970677 0.39838029
 0.35291187 0.31263291 0.27695111 0.24534179 0.21734014 0.19253442
 0.17055985 0.1510933  0.13384854 0.11857198 0.10503898 0.09305054
 0.08243038 0.07302234]
Running run_em_diagonal over 20 rho values, extending until FPR >= 0.3...
  rho=0.73022 (1/20)
    fp=0.0074 tp=0.0816  [18.5s]
   median nu  = 0.338
   median |eta| = 1.059
  rho=0.64688 (2/20)
    fp=0.0089 tp=0.1020  [18.3s]
   median nu  = 0.369
   median |eta| = 0.959
  rho=0.57305 (3/20)
    fp=0.0144 tp=0.1122  [18.4s]
   median nu  = 0.399
   median |eta| = 0.848
  rho=0.50765 (4/20)
    fp=0.0202 tp=0.1224  [17.9s]
   median nu  = 0.426
   median |eta| = 0.751
  rho=0.44971 (5/20)
    fp=0.0280 tp=0.1939  [18.2s]
   median nu  = 0.456
   median |eta| = 0.722
  rho=0.39838 (6/20)
    fp=0.0369 tp=0.2551  [17.9s]
   median nu  = 0.505
   median |eta| = 0.672
  rho=0.35291 (7/20)
    fp=0.0488 tp=0.3061  [17.2s]
   median nu  = 0.552
   median |eta| = 0.542
  rho=0.31263 (8/20)
    fp=0.0631 tp=0.3367  [17.0s]
   median nu  = 0.598
   median |eta| = 0.482
  rho=0.27695 (9/20)
    fp=0.0756 tp=0.4694  [16.8s]
   median nu  = 0.664
   median |eta| = 0.404
  rho=0.24534 (10/20)
    fp=0.0907 tp=0.4694  [16.7s]
   median nu  = 0.731
   median |eta| = 0.343
  rho=0.21734 (11/20)
    fp=0.1070 tp=0.4796  [16.3s]
   median nu  = 0.782
   median |eta| = 0.29
  rho=0.19253 (12/20)
    fp=0.1220 tp=0.5000  [16.9s]
   median nu  = 0.847
   median |eta| = 0.252
  rho=0.17056 (13/20)
    fp=0.1362 tp=0.5612  [18.8s]
   median nu  = 0.936
   median |eta| = 0.214
  rho=0.15109 (14/20)
    fp=0.1515 tp=0.5816  [18.4s]
   median nu  = 1.013
   median |eta| = 0.171
  rho=0.13385 (15/20)
    fp=0.1676 tp=0.6122  [18.1s]
   median nu  = 1.086
   median |eta| = 0.132
  rho=0.11857 (16/20)
    fp=0.1838 tp=0.6327  [18.3s]
   median nu  = 1.173
   median |eta| = 0.104
  rho=0.10504 (17/20)
    fp=0.1989 tp=0.6837  [18.5s]
   median nu  = 1.249
   median |eta| = 0.085
  rho=0.09305 (18/20)
    fp=0.2150 tp=0.7143  [18.4s]
   median nu  = 1.319
   median |eta| = 0.072
  rho=0.08243 (19/20)
    fp=0.2304 tp=0.7449  [18.0s]
   median nu  = 1.421
   median |eta| = 0.061
  rho=0.07302 (20/20)
    fp=0.2448 tp=0.7755  [18.9s]
   median nu  = 1.538
   median |eta| = 0.05
  rho=0.06469 (21/21)  [extra 1/50]
    fp=0.2576 tp=0.8061  [17.7s]
   median nu  = 1.628
   median |eta| = 0.041
  rho=0.05731 (22/22)  [extra 2/50]
    fp=0.2712 tp=0.8367  [18.2s]
   median nu  = 1.714
   median |eta| = 0.035
  rho=0.05076 (23/23)  [extra 3/50]
    fp=0.2863 tp=0.8469  [18.0s]
   median nu  = 1.839
   median |eta| = 0.027
  rho=0.04497 (24/24)  [extra 4/50]
    fp=0.2962 tp=0.8571  [17.4s]
   median nu  = 1.947
   median |eta| = 0.024
  rho=0.03984 (25/25)  [extra 5/50]
    fp=0.3067 tp=0.8571  [17.0s]
   median nu  = 2.092
   median |eta| = 0.018
  FPR 0.3067 >= fp_end=0.3; stopping after 25 fits
  grid extended by 5 points down to rho=0.03984, ending at FPR 0.3067
  pilot fit of run_em_exact at rho=0.30349
  -> rho_max = max|S_ij| (off-diag) = 0.75384
  rho grid: [0.75384407 0.66780542 0.59158665 0.52406697 0.46425352 0.41126678
 0.36432758 0.3227457  0.2859097  0.25327791 0.22437049 0.19876236
 0.17607698 0.15598075 0.13817816 0.12240745 0.10843669 0.09606046
 0.08509677 0.07538441]
Running run_em_exact over 20 rho values, extending until FPR >= 0.3...
  rho=0.75384 (1/20)
    fp=0.0068 tp=0.0816  [17.0s]
   median nu  = 0.331
   median |eta| = 1.013
  rho=0.66781 (2/20)
    fp=0.0087 tp=0.0918  [16.8s]
   median nu  = 0.363
   median |eta| = 0.907
  rho=0.59159 (3/20)
    fp=0.0128 tp=0.1122  [16.5s]
   median nu  = 0.393
   median |eta| = 0.805
  rho=0.52407 (4/20)
    fp=0.0192 tp=0.1224  [17.1s]
   median nu  = 0.425
   median |eta| = 0.71
  rho=0.46425 (5/20)
    fp=0.0268 tp=0.1837  [16.1s]
   median nu  = 0.476
   median |eta| = 0.583
  rho=0.41127 (6/20)
    fp=0.0352 tp=0.2347  [16.4s]
   median nu  = 0.54
   median |eta| = 0.478
  rho=0.36433 (7/20)
    fp=0.0447 tp=0.3061  [16.3s]
   median nu  = 0.61
   median |eta| = 0.385
  rho=0.32275 (8/20)
    fp=0.0596 tp=0.3265  [18.0s]
   median nu  = 0.671
   median |eta| = 0.296
  rho=0.28591 (9/20)
    fp=0.0717 tp=0.4184  [18.2s]
   median nu  = 0.748
   median |eta| = 0.236
  rho=0.25328 (10/20)
    fp=0.0870 tp=0.4694  [17.4s]
   median nu  = 0.823
   median |eta| = 0.165
  rho=0.22437 (11/20)
    fp=0.1035 tp=0.4796  [16.0s]
   median nu  = 0.895
   median |eta| = 0.119
  rho=0.19876 (12/20)
    fp=0.1177 tp=0.4898  [14.5s]
   median nu  = 0.97
   median |eta| = 0.083
  rho=0.17608 (13/20)
    fp=0.1319 tp=0.5204  [16.9s]
   median nu  = 1.043
   median |eta| = 0.065
  rho=0.15598 (14/20)
    fp=0.1453 tp=0.5612  [16.6s]
   median nu  = 1.111
   median |eta| = 0.047
  rho=0.13818 (15/20)
    fp=0.1616 tp=0.5816  [16.0s]
   median nu  = 1.192
   median |eta| = 0.033
  rho=0.12241 (16/20)
    fp=0.1772 tp=0.6327  [15.8s]
   median nu  = 1.277
   median |eta| = 0.026
  rho=0.10844 (17/20)
    fp=0.1960 tp=0.6939  [15.2s]
   median nu  = 1.367
   median |eta| = 0.019
  rho=0.09606 (18/20)
    fp=0.2075 tp=0.7143  [15.8s]
   median nu  = 1.455
   median |eta| = 0.014
  rho=0.08510 (19/20)
    fp=0.2228 tp=0.7347  [15.4s]
   median nu  = 1.545
   median |eta| = 0.011
  rho=0.07538 (20/20)
    fp=0.2368 tp=0.8061  [15.0s]
   median nu  = 1.647
   median |eta| = 0.009
  rho=0.06678 (21/21)  [extra 1/50]
    fp=0.2504 tp=0.8061  [15.1s]
   median nu  = 1.766
   median |eta| = 0.008
  rho=0.05916 (22/22)  [extra 2/50]
    fp=0.2655 tp=0.8367  [12.2s]
   median nu  = 1.892
   median |eta| = 0.006
  rho=0.05241 (23/23)  [extra 3/50]
    fp=0.2780 tp=0.8367  [10.1s]
   median nu  = 1.996
   median |eta| = 0.005
  rho=0.04643 (24/24)  [extra 4/50]
    fp=0.2900 tp=0.8469  [7.6s]
   median nu  = 2.102
   median |eta| = 0.004
  rho=0.04113 (25/25)  [extra 5/50]
    fp=0.3034 tp=0.8469  [4.9s]
   median nu  = 2.228
   median |eta| = 0.003
  FPR 0.3034 >= fp_end=0.3; stopping after 25 fits
  grid extended by 5 points down to rho=0.04113, ending at FPR 0.3034
  graphical_lasso rho_max = max|S_ij| (off-diag) = 7.75419
  rho grid: [7.75418894 6.86917847 6.08517709 5.39065629 4.77540339 4.23037127
 3.74754542 3.31982604 2.94092363 2.60526658 2.30791914 2.04450892
 1.81116256 1.60444876 1.42132788 1.25910716 1.11540122 0.9880969
 0.87532223 0.77541889]
Running graphical_lasso over 20 rho values, extending until FPR >= 0.3...
  rho=7.75419 (1/20)
    fp=0.0000 tp=0.0000  [0.0s]
  rho=6.86918 (2/20)
    fp=0.0002 tp=0.0000  [0.0s]
  rho=6.08518 (3/20)
    fp=0.0008 tp=0.0000  [17.2s]
  rho=5.39066 (4/20)
    fp=0.0021 tp=0.0000  [0.0s]
  rho=4.77540 (5/20)
    fp=0.0045 tp=0.0000  [0.0s]
  rho=4.23037 (6/20)
    fp=0.0064 tp=0.0000  [16.1s]
  rho=3.74755 (7/20)
    fp=0.0093 tp=0.0000  [16.9s]
  rho=3.31983 (8/20)
    fp=0.0126 tp=0.0000  [16.6s]
  rho=2.94092 (9/20)
    fp=0.0159 tp=0.0102  [16.3s]
  rho=2.60527 (10/20)
    fp=0.0204 tp=0.0102  [0.3s]
  rho=2.30792 (11/20)
    fp=0.0254 tp=0.0204  [0.2s]
  rho=2.04451 (12/20)
    fp=0.0307 tp=0.0204  [3.0s]
  rho=1.81116 (13/20)
    fp=0.0381 tp=0.0408  [0.2s]
  rho=1.60445 (14/20)
    fp=0.0435 tp=0.0714  [0.2s]
  rho=1.42133 (15/20)
    fp=0.0484 tp=0.0816  [3.8s]
  rho=1.25911 (16/20)
    fp=0.0556 tp=0.1020  [3.3s]
  rho=1.11540 (17/20)
    fp=0.0639 tp=0.1020  [3.6s]
  rho=0.98810 (18/20)
    fp=0.0725 tp=0.1224  [3.5s]
  rho=0.87532 (19/20)
    fp=0.0787 tp=0.1735  [1.5s]
  rho=0.77542 (20/20)
    fp=0.0897 tp=0.1939  [2.9s]
  rho=0.68692 (21/21)  [extra 1/50]
    fp=0.0977 tp=0.2449  [0.2s]
  rho=0.60852 (22/22)  [extra 2/50]
    fp=0.1096 tp=0.2551  [15.7s]
  rho=0.53907 (23/23)  [extra 3/50]
    fp=0.1218 tp=0.3163  [3.9s]
  rho=0.47754 (24/24)  [extra 4/50]
    fp=0.1323 tp=0.3673  [14.3s]
  rho=0.42304 (25/25)  [extra 5/50]
    fp=0.1472 tp=0.3980  [16.7s]
  rho=0.37475 (26/26)  [extra 6/50]
    fp=0.1630 tp=0.4286  [17.2s]
  rho=0.33198 (27/27)  [extra 7/50]
    fp=0.1772 tp=0.4796  [2.7s]
  rho=0.29409 (28/28)  [extra 8/50]
    fp=0.1956 tp=0.5000  [0.9s]
  rho=0.26053 (29/29)  [extra 9/50]
    fp=0.2127 tp=0.5204  [17.5s]
  rho=0.23079 (30/30)  [extra 10/50]
    fp=0.2317 tp=0.5612  [10.3s]
  rho=0.20445 (31/31)  [extra 11/50]
    fp=0.2477 tp=0.5816  [4.6s]
  rho=0.18112 (32/32)  [extra 12/50]
    fp=0.2673 tp=0.6224  [7.6s]
  rho=0.16044 (33/33)  [extra 13/50]
    fp=0.2914 tp=0.6531  [18.4s]
  rho=0.14213 (34/34)  [extra 14/50]
    fp=0.3145 tp=0.7143  [0.8s]
  FPR 0.3145 >= fp_end=0.3; stopping after 34 fits
  [note] 10/34 fits hit a glasso ConvergenceWarning (suppressed)
  grid extended by 14 points down to rho=0.14213, ending at FPR 0.3145
  [warn] mean_roc averages out to FPR 0.300 but the shortest replicate only reached 0.011; its TPR is held flat above that
  [warn] mean_roc averages out to FPR 0.300 but the shortest replicate only reached 0.229; its TPR is held flat above that

(p=100, n=50) over 46 replicates
  t+lasso  (run_em_diagonal):    AUC = 0.192 (SE 0.002)
  ~t+lasso (run_em_exact):       AUC = 0.193 (SE 0.002)
  tlasso   (run_tlasso):         AUC = 0.191 (SE 0.003)
  t*lasso  (run_tstar_varlasso): AUC = 0.190 (SE 0.002)
  glasso   (graphical_lasso):    AUC = 0.148 (SE 0.004)
Replicate 47/50
  Theta: 114/4950 edges
  pilot fit of run_tlasso at rho=30.34854
  -> rho_max = max|S_ij| (off-diag) = 20.96713
  [warn] pilot rho 30.34854 > rho_max 20.96713: it falls off the top of this method's grid
  rho grid: [20.96713112 18.57408515 16.45416519 14.57619851 12.91257019 11.43881711
 10.1332682   8.97672578  7.95218325  7.04457505  6.24055509  5.52830051
  4.89733783  4.33838894  3.84323469  3.40459398  3.01601674  2.67178907
  2.36684921  2.09671311]
Running run_tlasso over 20 rho values, extending until FPR >= 0.3...
  rho=20.96713 (1/20)
    fp=0.0000 tp=0.0000  [0.3s]
   nu  = 3.0000
  rho=18.57409 (2/20)
    fp=0.0000 tp=0.0000  [0.2s]
   nu  = 3.0000
  rho=16.45417 (3/20)
    fp=0.0000 tp=0.0000  [0.3s]
   nu  = 3.0000
  rho=14.57620 (4/20)
    fp=0.0000 tp=0.0088  [0.4s]
   nu  = 3.0000
  rho=12.91257 (5/20)
    fp=0.0000 tp=0.0088  [0.4s]
   nu  = 3.0000
  rho=11.43882 (6/20)
    fp=0.0000 tp=0.0088  [0.5s]
   nu  = 3.0000
  rho=10.13327 (7/20)
    fp=0.0000 tp=0.0088  [0.4s]
   nu  = 3.0000
  rho=8.97673 (8/20)
    fp=0.0000 tp=0.0088  [0.4s]
   nu  = 3.0000
  rho=7.95218 (9/20)
    fp=0.0002 tp=0.0263  [0.5s]
   nu  = 3.0000
  rho=7.04458 (10/20)
    fp=0.0002 tp=0.0526  [0.5s]
   nu  = 3.0000
  rho=6.24056 (11/20)
    fp=0.0002 tp=0.0614  [0.7s]
   nu  = 3.0000
  rho=5.52830 (12/20)
    fp=0.0004 tp=0.0877  [0.5s]
   nu  = 3.0000
  rho=4.89734 (13/20)
    fp=0.0017 tp=0.1140  [0.6s]
   nu  = 3.0000
  rho=4.33839 (14/20)
    fp=0.0027 tp=0.1316  [0.6s]
   nu  = 3.0000
  rho=3.84323 (15/20)
    fp=0.0045 tp=0.1842  [0.8s]
   nu  = 3.0000
  rho=3.40459 (16/20)
    fp=0.0093 tp=0.2193  [0.6s]
   nu  = 3.0000
  rho=3.01602 (17/20)
    fp=0.0147 tp=0.2807  [0.6s]
   nu  = 3.0000
  rho=2.67179 (18/20)
    fp=0.0217 tp=0.3772  [0.5s]
   nu  = 3.0000
  rho=2.36685 (19/20)
    fp=0.0418 tp=0.4649  [0.7s]
   nu  = 3.0000
  rho=2.09671 (20/20)
    fp=0.0775 tp=0.5789  [1.5s]
   nu  = 3.0000
  rho=1.85741 (21/21)  [extra 1/50]
    fp=0.2126 tp=0.7368  [12.4s]
   nu  = 3.0000
  rho=1.64542 (22/22)  [extra 2/50]
    fp=0.2657 tp=0.7719  [26.5s]
   nu  = 3.0000
  rho=1.45762 (23/23)  [extra 3/50]
    fp=0.2930 tp=0.7807  [5.2s]
   nu  = 3.0000
  rho=1.29126 (24/24)  [extra 4/50]
    fp=0.3215 tp=0.7982  [6.1s]
   nu  = 3.0000
  FPR 0.3215 >= fp_end=0.3; stopping after 24 fits
  grid extended by 4 points down to rho=1.29126, ending at FPR 0.3215
  pilot fit of run_tstar_varlasso at rho=0.30349
  -> rho_max = max|S_ij| (off-diag) = 0.66306
  rho grid: [0.66305534 0.58737871 0.52033929 0.4609513  0.40834145 0.36173613
 0.32045002 0.28387603 0.25147635 0.22277455 0.19734857 0.17482455
 0.15487126 0.13719531 0.12153677 0.10766538 0.09537719 0.08449148
 0.0748482  0.06630553]
Running run_tstar_varlasso over 20 rho values, extending until FPR >= 0.3...
  rho=0.66306 (1/20)
    fp=0.0000 tp=0.0088  [0.2s]
   nu  = 3.0000
  rho=0.58738 (2/20)
    fp=0.0000 tp=0.0175  [0.2s]
   nu  = 3.0000
  rho=0.52034 (3/20)
    fp=0.0000 tp=0.0263  [0.2s]
   nu  = 3.0000
  rho=0.46095 (4/20)
    fp=0.0006 tp=0.0351  [0.2s]
   nu  = 3.0000
  rho=0.40834 (5/20)
    fp=0.0019 tp=0.0614  [0.3s]
   nu  = 3.0000
  rho=0.36174 (6/20)
    fp=0.0041 tp=0.0965  [0.3s]
   nu  = 3.0000
  rho=0.32045 (7/20)
    fp=0.0074 tp=0.1579  [0.3s]
   nu  = 3.0000
  rho=0.28388 (8/20)
    fp=0.0112 tp=0.2018  [0.3s]
   nu  = 3.0000
  rho=0.25148 (9/20)
    fp=0.0199 tp=0.2719  [0.3s]
   nu  = 3.0000
  rho=0.22277 (10/20)
    fp=0.0325 tp=0.3596  [0.3s]
   nu  = 3.0000
  rho=0.19735 (11/20)
    fp=0.0449 tp=0.4211  [0.3s]
   nu  = 3.0000
  rho=0.17482 (12/20)
    fp=0.0616 tp=0.4561  [0.3s]
   nu  = 3.0000
  rho=0.15487 (13/20)
    fp=0.0815 tp=0.5263  [0.4s]
   nu  = 3.0000
  rho=0.13720 (14/20)
    fp=0.1015 tp=0.5789  [0.5s]
   nu  = 3.0000
  rho=0.12154 (15/20)
    fp=0.1249 tp=0.6491  [0.7s]
   nu  = 3.0000
  rho=0.10767 (16/20)
    fp=0.1412 tp=0.6667  [0.6s]
   nu  = 3.0000
  rho=0.09538 (17/20)
    fp=0.1625 tp=0.6842  [0.7s]
   nu  = 3.0000
  rho=0.08449 (18/20)
    fp=0.1770 tp=0.7018  [0.7s]
   nu  = 3.0000
  rho=0.07485 (19/20)
    fp=0.1973 tp=0.7368  [0.7s]
   nu  = 3.0000
  rho=0.06631 (20/20)
    fp=0.2177 tp=0.7456  [0.7s]
   nu  = 3.0000
  rho=0.05874 (21/21)  [extra 1/50]
    fp=0.2401 tp=0.7456  [0.9s]
   nu  = 3.0000
  rho=0.05203 (22/22)  [extra 2/50]
    fp=0.2608 tp=0.7807  [0.9s]
   nu  = 3.0000
  rho=0.04610 (23/23)  [extra 3/50]
    fp=0.2756 tp=0.7982  [0.7s]
   nu  = 3.0000
  rho=0.04083 (24/24)  [extra 4/50]
    fp=0.2930 tp=0.8158  [1.1s]
   nu  = 3.0000
  rho=0.03617 (25/25)  [extra 5/50]
    fp=0.3127 tp=0.8333  [1.0s]
   nu  = 3.0000
  FPR 0.3127 >= fp_end=0.3; stopping after 25 fits
  grid extended by 5 points down to rho=0.03617, ending at FPR 0.3127
  pilot fit of run_em_diagonal at rho=0.30349
  -> rho_max = max|S_ij| (off-diag) = 0.69801
  rho grid: [0.69800813 0.61834222 0.54776884 0.48525023 0.42986706 0.38080495
 0.33734246 0.29884048 0.26473286 0.23451805 0.20775175 0.18404038
 0.16303526 0.14442752 0.12794354 0.11334094 0.10040497 0.08894543
 0.0787938  0.06980081]
Running run_em_diagonal over 20 rho values, extending until FPR >= 0.3...
  rho=0.69801 (1/20)
    fp=0.0023 tp=0.0439  [22.4s]
   median nu  = 0.109
   median |eta| = 1.475
  rho=0.61834 (2/20)
    fp=0.0035 tp=0.0614  [20.7s]
   median nu  = 0.135
   median |eta| = 1.388
  rho=0.54777 (3/20)
    fp=0.0068 tp=0.0877  [19.6s]
   median nu  = 0.167
   median |eta| = 1.237
  rho=0.48525 (4/20)
    fp=0.0108 tp=0.1404  [18.9s]
   median nu  = 0.207
   median |eta| = 1.06
  rho=0.42987 (5/20)
    fp=0.0134 tp=0.2018  [18.3s]
   median nu  = 0.251
   median |eta| = 0.884
  rho=0.38080 (6/20)
    fp=0.0199 tp=0.2719  [18.2s]
   median nu  = 0.299
   median |eta| = 0.709
  rho=0.33734 (7/20)
    fp=0.0300 tp=0.2895  [18.6s]
   median nu  = 0.357
   median |eta| = 0.642
  rho=0.29884 (8/20)
    fp=0.0416 tp=0.3421  [18.4s]
   median nu  = 0.415
   median |eta| = 0.575
  rho=0.26473 (9/20)
    fp=0.0513 tp=0.3860  [18.3s]
   median nu  = 0.489
   median |eta| = 0.525
  rho=0.23452 (10/20)
    fp=0.0631 tp=0.4386  [18.2s]
   median nu  = 0.553
   median |eta| = 0.395
  rho=0.20775 (11/20)
    fp=0.0763 tp=0.5000  [17.6s]
   median nu  = 0.615
   median |eta| = 0.322
  rho=0.18404 (12/20)
    fp=0.0908 tp=0.5789  [19.5s]
   median nu  = 0.686
   median |eta| = 0.239
  rho=0.16304 (13/20)
    fp=0.1024 tp=0.5965  [18.9s]
   median nu  = 0.745
   median |eta| = 0.193
  rho=0.14443 (14/20)
    fp=0.1164 tp=0.5965  [18.9s]
   median nu  = 0.827
   median |eta| = 0.163
  rho=0.12794 (15/20)
    fp=0.1325 tp=0.6228  [19.0s]
   median nu  = 0.897
   median |eta| = 0.128
  rho=0.11334 (16/20)
    fp=0.1435 tp=0.6579  [18.3s]
   median nu  = 0.964
   median |eta| = 0.095
  rho=0.10040 (17/20)
    fp=0.1534 tp=0.7018  [18.9s]
   median nu  = 1.026
   median |eta| = 0.076
  rho=0.08895 (18/20)
    fp=0.1654 tp=0.7193  [18.6s]
   median nu  = 1.107
   median |eta| = 0.063
  rho=0.07879 (19/20)
    fp=0.1764 tp=0.7281  [18.2s]
   median nu  = 1.207
   median |eta| = 0.051
  rho=0.06980 (20/20)
    fp=0.1904 tp=0.7281  [18.3s]
   median nu  = 1.312
   median |eta| = 0.044
  rho=0.06183 (21/21)  [extra 1/50]
    fp=0.2033 tp=0.7456  [17.8s]
   median nu  = 1.385
   median |eta| = 0.037
  rho=0.05478 (22/22)  [extra 2/50]
    fp=0.2157 tp=0.7632  [18.3s]
   median nu  = 1.466
   median |eta| = 0.028
  rho=0.04853 (23/23)  [extra 3/50]
    fp=0.2306 tp=0.7719  [18.0s]
   median nu  = 1.579
   median |eta| = 0.021
  rho=0.04299 (24/24)  [extra 4/50]
    fp=0.2457 tp=0.7632  [17.6s]
   median nu  = 1.69
   median |eta| = 0.017
  rho=0.03808 (25/25)  [extra 5/50]
    fp=0.2591 tp=0.7807  [19.2s]
   median nu  = 1.809
   median |eta| = 0.014
  rho=0.03373 (26/26)  [extra 6/50]
    fp=0.2680 tp=0.8158  [17.1s]
   median nu  = 1.958
   median |eta| = 0.011
  rho=0.02988 (27/27)  [extra 7/50]
    fp=0.2792 tp=0.8246  [17.1s]
   median nu  = 2.09
   median |eta| = 0.01
  rho=0.02647 (28/28)  [extra 8/50]
    fp=0.2897 tp=0.8421  [17.7s]
   median nu  = 2.191
   median |eta| = 0.008
  rho=0.02345 (29/29)  [extra 9/50]
    fp=0.2988 tp=0.8596  [16.7s]
   median nu  = 2.294
   median |eta| = 0.006
  rho=0.02078 (30/30)  [extra 10/50]
    fp=0.3085 tp=0.8509  [15.6s]
   median nu  = 2.398
   median |eta| = 0.005
  FPR 0.3085 >= fp_end=0.3; stopping after 30 fits
  grid extended by 10 points down to rho=0.02078, ending at FPR 0.3085
  pilot fit of run_em_exact at rho=0.30349
  -> rho_max = max|S_ij| (off-diag) = 0.69783
  rho grid: [0.69783043 0.6181848  0.54762939 0.48512669 0.42975762 0.38070801
 0.33725658 0.2987644  0.26466546 0.23445834 0.20769886 0.18399352
 0.16299375 0.14439075 0.12791097 0.11331208 0.10037941 0.08892279
 0.07877374 0.06978304]
Running run_em_exact over 20 rho values, extending until FPR >= 0.3...
  rho=0.69783 (1/20)
    fp=0.0023 tp=0.0439  [17.5s]
   median nu  = 0.11
   median |eta| = 1.475
  rho=0.61818 (2/20)
    fp=0.0037 tp=0.0614  [17.0s]
   median nu  = 0.138
   median |eta| = 1.392
  rho=0.54763 (3/20)
    fp=0.0068 tp=0.0877  [17.2s]
   median nu  = 0.173
   median |eta| = 1.066
  rho=0.48513 (4/20)
    fp=0.0108 tp=0.1491  [17.1s]
   median nu  = 0.217
   median |eta| = 0.917
  rho=0.42976 (5/20)
    fp=0.0136 tp=0.2105  [16.7s]
   median nu  = 0.259
   median |eta| = 0.815
  rho=0.38071 (6/20)
    fp=0.0199 tp=0.2719  [16.8s]
   median nu  = 0.309
   median |eta| = 0.662
  rho=0.33726 (7/20)
    fp=0.0298 tp=0.2895  [16.5s]
   median nu  = 0.378
   median |eta| = 0.543
  rho=0.29876 (8/20)
    fp=0.0418 tp=0.3509  [16.7s]
   median nu  = 0.449
   median |eta| = 0.449
  rho=0.26467 (9/20)
    fp=0.0521 tp=0.3860  [16.3s]
   median nu  = 0.538
   median |eta| = 0.309
  rho=0.23446 (10/20)
    fp=0.0635 tp=0.4474  [16.6s]
   median nu  = 0.633
   median |eta| = 0.208
  rho=0.20770 (11/20)
    fp=0.0767 tp=0.5000  [15.8s]
   median nu  = 0.704
   median |eta| = 0.142
  rho=0.18399 (12/20)
    fp=0.0916 tp=0.5614  [17.2s]
   median nu  = 0.78
   median |eta| = 0.116
  rho=0.16299 (13/20)
    fp=0.1038 tp=0.5965  [17.4s]
   median nu  = 0.852
   median |eta| = 0.088
  rho=0.14439 (14/20)
    fp=0.1201 tp=0.6228  [17.0s]
   median nu  = 0.932
   median |eta| = 0.068
  rho=0.12791 (15/20)
    fp=0.1344 tp=0.6491  [16.9s]
   median nu  = 1.005
   median |eta| = 0.055
  rho=0.11331 (16/20)
    fp=0.1470 tp=0.6667  [16.0s]
   median nu  = 1.09
   median |eta| = 0.042
  rho=0.10038 (17/20)
    fp=0.1565 tp=0.7018  [15.1s]
   median nu  = 1.17
   median |eta| = 0.031
  rho=0.08892 (18/20)
    fp=0.1685 tp=0.7105  [13.1s]
   median nu  = 1.269
   median |eta| = 0.023
  rho=0.07877 (19/20)
    fp=0.1820 tp=0.7193  [10.7s]
   median nu  = 1.372
   median |eta| = 0.019
  rho=0.06978 (20/20)
    fp=0.1952 tp=0.7281  [8.3s]
   median nu  = 1.461
   median |eta| = 0.014
  rho=0.06182 (21/21)  [extra 1/50]
    fp=0.2097 tp=0.7456  [5.8s]
   median nu  = 1.563
   median |eta| = 0.01
  rho=0.05476 (22/22)  [extra 2/50]
    fp=0.2246 tp=0.7719  [5.0s]
   median nu  = 1.675
   median |eta| = 0.008
  rho=0.04851 (23/23)  [extra 3/50]
    fp=0.2370 tp=0.7719  [5.1s]
   median nu  = 1.783
   median |eta| = 0.006
  rho=0.04298 (24/24)  [extra 4/50]
    fp=0.2477 tp=0.7719  [5.0s]
   median nu  = 1.898
   median |eta| = 0.004
  rho=0.03807 (25/25)  [extra 5/50]
    fp=0.2608 tp=0.7895  [4.7s]
   median nu  = 2.011
   median |eta| = 0.003
  rho=0.03373 (26/26)  [extra 6/50]
    fp=0.2721 tp=0.7982  [4.4s]
   median nu  = 2.139
   median |eta| = 0.002
  rho=0.02988 (27/27)  [extra 7/50]
    fp=0.2806 tp=0.8246  [4.1s]
   median nu  = 2.261
   median |eta| = 0.002
  rho=0.02647 (28/28)  [extra 8/50]
    fp=0.2907 tp=0.8333  [3.8s]
   median nu  = 2.371
   median |eta| = 0.002
  rho=0.02345 (29/29)  [extra 9/50]
    fp=0.3015 tp=0.8421  [3.7s]
   median nu  = 2.517
   median |eta| = 0.001
  FPR 0.3015 >= fp_end=0.3; stopping after 29 fits
  grid extended by 9 points down to rho=0.02345, ending at FPR 0.3015
  graphical_lasso rho_max = max|S_ij| (off-diag) = 2.65333
  rho grid: [2.65333227 2.35049895 2.08222896 1.84457748 1.63404993 1.44755057
 1.28233698 1.13597974 1.00632673 0.89147143 0.78972493 0.69959109
 0.61974452 0.54901109 0.48635069 0.43084192 0.38166855 0.33810749
 0.2995182  0.26533323]
Running graphical_lasso over 20 rho values, extending until FPR >= 0.3...
  rho=2.65333 (1/20)
    fp=0.0002 tp=0.0000  [17.9s]
  rho=2.35050 (2/20)
    fp=0.0002 tp=0.0000  [0.0s]
  rho=2.08223 (3/20)
    fp=0.0010 tp=0.0000  [17.4s]
  rho=1.84458 (4/20)
    fp=0.0029 tp=0.0175  [16.4s]
  rho=1.63405 (5/20)
    fp=0.0048 tp=0.0263  [15.5s]
  rho=1.44755 (6/20)
    fp=0.0068 tp=0.0351  [16.3s]
  rho=1.28234 (7/20)
    fp=0.0101 tp=0.0526  [16.9s]
  rho=1.13598 (8/20)
    fp=0.0174 tp=0.0789  [16.0s]
  rho=1.00633 (9/20)
    fp=0.0242 tp=0.1053  [14.4s]
  rho=0.89147 (10/20)
    fp=0.0321 tp=0.1228  [0.3s]
  rho=0.78972 (11/20)
    fp=0.0405 tp=0.1667  [0.0s]
  rho=0.69959 (12/20)
    fp=0.0513 tp=0.2105  [1.2s]
  rho=0.61974 (13/20)
    fp=0.0631 tp=0.2281  [0.6s]
  rho=0.54901 (14/20)
    fp=0.0749 tp=0.2632  [0.1s]
  rho=0.48635 (15/20)
    fp=0.0858 tp=0.3158  [0.6s]
  rho=0.43084 (16/20)
    fp=0.1055 tp=0.4035  [0.5s]
  rho=0.38167 (17/20)
    fp=0.1239 tp=0.4474  [2.5s]
  rho=0.33811 (18/20)
    fp=0.1406 tp=0.5175  [3.6s]
  rho=0.29952 (19/20)
    fp=0.1567 tp=0.5965  [1.9s]
  rho=0.26533 (20/20)
    fp=0.1706 tp=0.6228  [1.2s]
  rho=0.23505 (21/21)  [extra 1/50]
    fp=0.1898 tp=0.6579  [1.7s]
  rho=0.20822 (22/22)  [extra 2/50]
    fp=0.2035 tp=0.6754  [0.3s]
  rho=0.18446 (23/23)  [extra 3/50]
    fp=0.2200 tp=0.7018  [0.7s]
  rho=0.16340 (24/24)  [extra 4/50]
    fp=0.2399 tp=0.7105  [5.7s]
  rho=0.14476 (25/25)  [extra 5/50]
    fp=0.2560 tp=0.7456  [0.7s]
  rho=0.12823 (26/26)  [extra 6/50]
    fp=0.2779 tp=0.7632  [4.8s]
  rho=0.11360 (27/27)  [extra 7/50]
    fp=0.2961 tp=0.7719  [1.4s]
  rho=0.10063 (28/28)  [extra 8/50]
    fp=0.3187 tp=0.8158  [2.0s]
  FPR 0.3187 >= fp_end=0.3; stopping after 28 fits
  [note] 8/28 fits hit a glasso ConvergenceWarning (suppressed)
  grid extended by 8 points down to rho=0.10063, ending at FPR 0.3187
  [warn] mean_roc averages out to FPR 0.300 but the shortest replicate only reached 0.011; its TPR is held flat above that
  [warn] mean_roc averages out to FPR 0.300 but the shortest replicate only reached 0.229; its TPR is held flat above that

(p=100, n=50) over 47 replicates
  t+lasso  (run_em_diagonal):    AUC = 0.192 (SE 0.002)
  ~t+lasso (run_em_exact):       AUC = 0.193 (SE 0.002)
  tlasso   (run_tlasso):         AUC = 0.191 (SE 0.003)
  t*lasso  (run_tstar_varlasso): AUC = 0.190 (SE 0.002)
  glasso   (graphical_lasso):    AUC = 0.148 (SE 0.004)
Replicate 48/50
  Theta: 106/4950 edges
  pilot fit of run_tlasso at rho=30.34854
  -> rho_max = max|S_ij| (off-diag) = 21.27440
  [warn] pilot rho 30.34854 > rho_max 21.27440: it falls off the top of this method's grid
  rho grid: [21.27440361 18.84628765 16.69530035 14.78981214 13.10180341 11.60645253
 10.28177085  9.10827935  8.06872219  7.14781303  6.33201019  5.60931754
  4.96910813  4.40196787  3.89955715  3.45448817  3.06021635  2.71094404
  2.40153529  2.12744036]
Running run_tlasso over 20 rho values, extending until FPR >= 0.3...
  rho=21.27440 (1/20)
    fp=0.0000 tp=0.0000  [0.2s]
   nu  = 3.0000
  rho=18.84629 (2/20)
    fp=0.0000 tp=0.0000  [0.2s]
   nu  = 3.0000
  rho=16.69530 (3/20)
    fp=0.0000 tp=0.0000  [0.2s]
   nu  = 3.0000
  rho=14.78981 (4/20)
    fp=0.0000 tp=0.0000  [0.2s]
   nu  = 3.0000
  rho=13.10180 (5/20)
    fp=0.0004 tp=0.0094  [0.4s]
   nu  = 3.0000
  rho=11.60645 (6/20)
    fp=0.0006 tp=0.0094  [0.3s]
   nu  = 3.0000
  rho=10.28177 (7/20)
    fp=0.0010 tp=0.0094  [0.4s]
   nu  = 3.0000
  rho=9.10828 (8/20)
    fp=0.0017 tp=0.0283  [0.4s]
   nu  = 3.0000
  rho=8.06872 (9/20)
    fp=0.0029 tp=0.0283  [0.4s]
   nu  = 3.0000
  rho=7.14781 (10/20)
    fp=0.0039 tp=0.0377  [0.4s]
   nu  = 3.0000
  rho=6.33201 (11/20)
    fp=0.0056 tp=0.0755  [0.6s]
   nu  = 3.0000
  rho=5.60932 (12/20)
    fp=0.0099 tp=0.1415  [0.7s]
   nu  = 3.0000
  rho=4.96911 (13/20)
    fp=0.0130 tp=0.2170  [0.7s]
   nu  = 3.0000
  rho=4.40197 (14/20)
    fp=0.0186 tp=0.2736  [0.9s]
   nu  = 3.0000
  rho=3.89956 (15/20)
    fp=0.0256 tp=0.3302  [1.0s]
   nu  = 3.0000
  rho=3.45449 (16/20)
    fp=0.0419 tp=0.4057  [0.4s]
   nu  = 3.0000
  rho=3.06022 (17/20)
    fp=0.0791 tp=0.5283  [2.8s]
   nu  = 3.0000
  rho=2.71094 (18/20)
    fp=0.2108 tp=0.7358  [34.7s]
   nu  = 3.0000
  rho=2.40154 (19/20)
    fp=0.2671 tp=0.7736  [17.8s]
   nu  = 3.0000
  rho=2.12744 (20/20)
    fp=0.2975 tp=0.8019  [7.3s]
   nu  = 3.0000
  rho=1.88463 (21/21)  [extra 1/50]
    fp=0.3227 tp=0.8208  [6.2s]
   nu  = 3.0000
  FPR 0.3227 >= fp_end=0.3; stopping after 21 fits
  grid extended by 1 points down to rho=1.88463, ending at FPR 0.3227
  pilot fit of run_tstar_varlasso at rho=0.30349
  -> rho_max = max|S_ij| (off-diag) = 0.73395
  rho grid: [0.73394852 0.65018062 0.57597342 0.51023573 0.45200088 0.40041257
 0.3547122  0.31422776 0.27836394 0.24659337 0.21844887 0.1935166
 0.17142993 0.15186408 0.13453135 0.11917685 0.10557482 0.09352522
 0.08285089 0.07339485]
Running run_tstar_varlasso over 20 rho values, extending until FPR >= 0.3...
  rho=0.73395 (1/20)
    fp=0.0008 tp=0.0189  [0.4s]
   nu  = 3.0000
  rho=0.65018 (2/20)
    fp=0.0021 tp=0.0283  [0.3s]
   nu  = 3.0000
  rho=0.57597 (3/20)
    fp=0.0047 tp=0.0377  [0.3s]
   nu  = 3.0000
  rho=0.51024 (4/20)
    fp=0.0091 tp=0.0849  [0.3s]
   nu  = 3.0000
  rho=0.45200 (5/20)
    fp=0.0142 tp=0.1509  [0.3s]
   nu  = 3.0000
  rho=0.40041 (6/20)
    fp=0.0200 tp=0.2264  [0.3s]
   nu  = 3.0000
  rho=0.35471 (7/20)
    fp=0.0273 tp=0.3019  [0.3s]
   nu  = 3.0000
  rho=0.31423 (8/20)
    fp=0.0386 tp=0.3774  [0.3s]
   nu  = 3.0000
  rho=0.27836 (9/20)
    fp=0.0547 tp=0.4340  [0.4s]
   nu  = 3.0000
  rho=0.24659 (10/20)
    fp=0.0698 tp=0.4623  [0.6s]
   nu  = 3.0000
  rho=0.21845 (11/20)
    fp=0.0855 tp=0.5283  [0.3s]
   nu  = 3.0000
  rho=0.19352 (12/20)
    fp=0.1026 tp=0.5472  [0.3s]
   nu  = 3.0000
  rho=0.17143 (13/20)
    fp=0.1224 tp=0.6132  [0.4s]
   nu  = 3.0000
  rho=0.15186 (14/20)
    fp=0.1429 tp=0.6698  [0.4s]
   nu  = 3.0000
  rho=0.13453 (15/20)
    fp=0.1616 tp=0.7170  [0.5s]
   nu  = 3.0000
  rho=0.11918 (16/20)
    fp=0.1796 tp=0.7547  [0.5s]
   nu  = 3.0000
  rho=0.10557 (17/20)
    fp=0.1982 tp=0.7830  [0.5s]
   nu  = 3.0000
  rho=0.09353 (18/20)
    fp=0.2180 tp=0.7830  [0.5s]
   nu  = 3.0000
  rho=0.08285 (19/20)
    fp=0.2397 tp=0.8019  [0.4s]
   nu  = 3.0000
  rho=0.07339 (20/20)
    fp=0.2607 tp=0.8019  [0.4s]
   nu  = 3.0000
  rho=0.06502 (21/21)  [extra 1/50]
    fp=0.2824 tp=0.8113  [0.6s]
   nu  = 3.0000
  rho=0.05760 (22/22)  [extra 2/50]
    fp=0.3010 tp=0.8208  [0.7s]
   nu  = 3.0000
  FPR 0.3010 >= fp_end=0.3; stopping after 22 fits
  grid extended by 2 points down to rho=0.05760, ending at FPR 0.3010
  pilot fit of run_em_diagonal at rho=0.30349
  -> rho_max = max|S_ij| (off-diag) = 0.88728
  rho grid: [0.88728326 0.78601478 0.69630439 0.61683293 0.54643181 0.48406579
 0.42881781 0.37987546 0.33651905 0.29811105 0.26408668 0.23394562
 0.20724466 0.18359116 0.16263731 0.14407499 0.12763125 0.11306429
 0.1001599  0.08872833]
Running run_em_diagonal over 20 rho values, extending until FPR >= 0.3...
  rho=0.88728 (1/20)
    fp=0.0035 tp=0.0189  [21.4s]
   median nu  = 0.249
   median |eta| = 1.765
  rho=0.78601 (2/20)
    fp=0.0072 tp=0.0660  [19.7s]
   median nu  = 0.302
   median |eta| = 1.543
  rho=0.69630 (3/20)
    fp=0.0109 tp=0.1226  [18.8s]
   median nu  = 0.341
   median |eta| = 1.373
  rho=0.61683 (4/20)
    fp=0.0138 tp=0.1604  [18.6s]
   median nu  = 0.373
   median |eta| = 1.177
  rho=0.54643 (5/20)
    fp=0.0198 tp=0.1887  [18.4s]
   median nu  = 0.401
   median |eta| = 0.989
  rho=0.48407 (6/20)
    fp=0.0287 tp=0.2830  [18.7s]
   median nu  = 0.429
   median |eta| = 0.86
  rho=0.42882 (7/20)
    fp=0.0363 tp=0.3491  [18.1s]
   median nu  = 0.456
   median |eta| = 0.755
  rho=0.37988 (8/20)
    fp=0.0460 tp=0.3962  [18.5s]
   median nu  = 0.483
   median |eta| = 0.666
  rho=0.33652 (9/20)
    fp=0.0566 tp=0.4434  [20.7s]
   median nu  = 0.525
   median |eta| = 0.521
  rho=0.29811 (10/20)
    fp=0.0692 tp=0.4623  [20.0s]
   median nu  = 0.599
   median |eta| = 0.412
  rho=0.26409 (11/20)
    fp=0.0815 tp=0.5189  [19.5s]
   median nu  = 0.679
   median |eta| = 0.355
  rho=0.23395 (12/20)
    fp=0.0945 tp=0.5849  [19.1s]
   median nu  = 0.732
   median |eta| = 0.287
  rho=0.20724 (13/20)
    fp=0.1131 tp=0.6038  [18.6s]
   median nu  = 0.811
   median |eta| = 0.221
  rho=0.18359 (14/20)
    fp=0.1272 tp=0.6415  [19.3s]
   median nu  = 0.909
   median |eta| = 0.167
  rho=0.16264 (15/20)
    fp=0.1402 tp=0.6698  [18.6s]
   median nu  = 0.966
   median |eta| = 0.126
  rho=0.14407 (16/20)
    fp=0.1557 tp=0.7170  [18.2s]
   median nu  = 1.058
   median |eta| = 0.098
  rho=0.12763 (17/20)
    fp=0.1705 tp=0.7453  [18.7s]
   median nu  = 1.153
   median |eta| = 0.077
  rho=0.11306 (18/20)
    fp=0.1823 tp=0.7830  [18.4s]
   median nu  = 1.243
   median |eta| = 0.066
  rho=0.10016 (19/20)
    fp=0.1984 tp=0.7925  [18.3s]
   median nu  = 1.342
   median |eta| = 0.056
  rho=0.08873 (20/20)
    fp=0.2089 tp=0.7925  [18.0s]
   median nu  = 1.433
   median |eta| = 0.044
  rho=0.07860 (21/21)  [extra 1/50]
    fp=0.2217 tp=0.8019  [18.0s]
   median nu  = 1.549
   median |eta| = 0.036
  rho=0.06963 (22/22)  [extra 2/50]
    fp=0.2322 tp=0.8019  [18.1s]
   median nu  = 1.682
   median |eta| = 0.028
  rho=0.06168 (23/23)  [extra 3/50]
    fp=0.2475 tp=0.8302  [17.5s]
   median nu  = 1.806
   median |eta| = 0.022
  rho=0.05464 (24/24)  [extra 4/50]
    fp=0.2574 tp=0.8396  [18.5s]
   median nu  = 1.936
   median |eta| = 0.018
  rho=0.04841 (25/25)  [extra 5/50]
    fp=0.2717 tp=0.8585  [17.8s]
   median nu  = 2.062
   median |eta| = 0.014
  rho=0.04288 (26/26)  [extra 6/50]
    fp=0.2841 tp=0.8679  [17.6s]
   median nu  = 2.177
   median |eta| = 0.011
  rho=0.03799 (27/27)  [extra 7/50]
    fp=0.2929 tp=0.8679  [17.7s]
   median nu  = 2.299
   median |eta| = 0.009
  rho=0.03365 (28/28)  [extra 8/50]
    fp=0.3097 tp=0.8679  [17.4s]
   median nu  = 2.42
   median |eta| = 0.007
  FPR 0.3097 >= fp_end=0.3; stopping after 28 fits
  grid extended by 8 points down to rho=0.03365, ending at FPR 0.3097
  pilot fit of run_em_exact at rho=0.30349
  -> rho_max = max|S_ij| (off-diag) = 0.88229
  rho grid: [0.88229307 0.78159413 0.69238828 0.61336378 0.54335861 0.48134334
 0.42640608 0.37773899 0.33462643 0.29643444 0.26260142 0.23262988
 0.20607909 0.18255862 0.16172262 0.1432647  0.12691344 0.1124284
 0.09959658 0.08822931]
Running run_em_exact over 20 rho values, extending until FPR >= 0.3...
  rho=0.88229 (1/20)
    fp=0.0035 tp=0.0189  [16.8s]
   median nu  = 0.253
   median |eta| = 1.702
  rho=0.78159 (2/20)
    fp=0.0072 tp=0.0660  [17.2s]
   median nu  = 0.307
   median |eta| = 1.513
  rho=0.69239 (3/20)
    fp=0.0111 tp=0.1226  [17.1s]
   median nu  = 0.344
   median |eta| = 1.299
  rho=0.61336 (4/20)
    fp=0.0142 tp=0.1604  [16.9s]
   median nu  = 0.38
   median |eta| = 1.104
  rho=0.54336 (5/20)
    fp=0.0211 tp=0.1981  [16.7s]
   median nu  = 0.421
   median |eta| = 0.917
  rho=0.48134 (6/20)
    fp=0.0299 tp=0.2925  [16.2s]
   median nu  = 0.464
   median |eta| = 0.702
  rho=0.42641 (7/20)
    fp=0.0370 tp=0.3491  [16.7s]
   median nu  = 0.511
   median |eta| = 0.536
  rho=0.37774 (8/20)
    fp=0.0477 tp=0.4151  [16.5s]
   median nu  = 0.579
   median |eta| = 0.387
  rho=0.33463 (9/20)
    fp=0.0580 tp=0.4528  [18.6s]
   median nu  = 0.654
   median |eta| = 0.279
  rho=0.29643 (10/20)
    fp=0.0706 tp=0.4717  [18.3s]
   median nu  = 0.741
   median |eta| = 0.203
  rho=0.26260 (11/20)
    fp=0.0842 tp=0.5283  [17.8s]
   median nu  = 0.823
   median |eta| = 0.147
  rho=0.23263 (12/20)
    fp=0.0976 tp=0.5755  [17.5s]
   median nu  = 0.904
   median |eta| = 0.123
  rho=0.20608 (13/20)
    fp=0.1146 tp=0.6226  [16.7s]
   median nu  = 0.97
   median |eta| = 0.096
  rho=0.18256 (14/20)
    fp=0.1301 tp=0.6604  [14.0s]
   median nu  = 1.055
   median |eta| = 0.071
  rho=0.16172 (15/20)
    fp=0.1460 tp=0.6887  [10.4s]
   median nu  = 1.154
   median |eta| = 0.051
  rho=0.14326 (16/20)
    fp=0.1602 tp=0.7358  [7.6s]
   median nu  = 1.24
   median |eta| = 0.035
  rho=0.12691 (17/20)
    fp=0.1713 tp=0.7453  [6.6s]
   median nu  = 1.336
   median |eta| = 0.028
  rho=0.11243 (18/20)
    fp=0.1835 tp=0.7642  [7.2s]
   median nu  = 1.445
   median |eta| = 0.023
  rho=0.09960 (19/20)
    fp=0.1965 tp=0.7925  [7.2s]
   median nu  = 1.557
   median |eta| = 0.018
  rho=0.08823 (20/20)
    fp=0.2108 tp=0.8019  [7.6s]
   median nu  = 1.662
   median |eta| = 0.014
  rho=0.07816 (21/21)  [extra 1/50]
    fp=0.2223 tp=0.8113  [7.1s]
   median nu  = 1.764
   median |eta| = 0.011
  rho=0.06924 (22/22)  [extra 2/50]
    fp=0.2399 tp=0.8113  [8.4s]
   median nu  = 1.882
   median |eta| = 0.007
  rho=0.06134 (23/23)  [extra 3/50]
    fp=0.2533 tp=0.8208  [6.9s]
   median nu  = 2.006
   median |eta| = 0.007
  rho=0.05434 (24/24)  [extra 4/50]
    fp=0.2632 tp=0.8491  [5.8s]
   median nu  = 2.109
   median |eta| = 0.005
  rho=0.04813 (25/25)  [extra 5/50]
    fp=0.2770 tp=0.8491  [4.6s]
   median nu  = 2.236
   median |eta| = 0.004
  rho=0.04264 (26/26)  [extra 6/50]
    fp=0.2915 tp=0.8585  [4.2s]
   median nu  = 2.341
   median |eta| = 0.003
  rho=0.03777 (27/27)  [extra 7/50]
    fp=0.3053 tp=0.8585  [3.5s]
   median nu  = 2.465
   median |eta| = 0.003
  FPR 0.3053 >= fp_end=0.3; stopping after 27 fits
  grid extended by 7 points down to rho=0.03777, ending at FPR 0.3053
  graphical_lasso rho_max = max|S_ij| (off-diag) = 3.64181
  rho grid: [3.64181144 3.22615982 2.85794784 2.53176108 2.24280306 1.98682475
 1.76006207 1.55918053 1.38122625 1.22358247 1.08393107 0.96021854
 0.85062572 0.75354107 0.66753701 0.59134887 0.52385633 0.46406692
 0.41110148 0.36418114]
Running graphical_lasso over 20 rho values, extending until FPR >= 0.3...
  rho=3.64181 (1/20)
    fp=0.0000 tp=0.0000  [0.0s]
  rho=3.22616 (2/20)
    fp=0.0004 tp=0.0000  [0.0s]
  rho=2.85795 (3/20)
    fp=0.0010 tp=0.0000  [19.6s]
  rho=2.53176 (4/20)
    fp=0.0025 tp=0.0000  [20.1s]
  rho=2.24280 (5/20)
    fp=0.0045 tp=0.0377  [18.7s]
  rho=1.98682 (6/20)
    fp=0.0078 tp=0.0472  [17.2s]
  rho=1.76006 (7/20)
    fp=0.0147 tp=0.0755  [16.2s]
  rho=1.55918 (8/20)
    fp=0.0223 tp=0.0849  [0.0s]
  rho=1.38123 (9/20)
    fp=0.0328 tp=0.1226  [16.1s]
  rho=1.22358 (10/20)
    fp=0.0440 tp=0.1604  [2.1s]
  rho=1.08393 (11/20)
    fp=0.0537 tp=0.1698  [1.2s]
  rho=0.96022 (12/20)
    fp=0.0687 tp=0.1981  [0.3s]
  rho=0.85063 (13/20)
    fp=0.0815 tp=0.2642  [3.5s]
  rho=0.75354 (14/20)
    fp=0.0927 tp=0.3491  [0.8s]
  rho=0.66754 (15/20)
    fp=0.1053 tp=0.4057  [1.5s]
  rho=0.59135 (16/20)
    fp=0.1173 tp=0.4811  [2.1s]
  rho=0.52386 (17/20)
    fp=0.1338 tp=0.5189  [0.9s]
  rho=0.46407 (18/20)
    fp=0.1486 tp=0.5566  [3.8s]
  rho=0.41110 (19/20)
    fp=0.1647 tp=0.5755  [3.1s]
  rho=0.36418 (20/20)
    fp=0.1786 tp=0.6321  [2.0s]
  rho=0.32262 (21/21)  [extra 1/50]
    fp=0.1938 tp=0.6321  [1.3s]
  rho=0.28579 (22/22)  [extra 2/50]
    fp=0.2085 tp=0.6887  [4.6s]
  rho=0.25318 (23/23)  [extra 3/50]
    fp=0.2248 tp=0.7075  [10.5s]
  rho=0.22428 (24/24)  [extra 4/50]
    fp=0.2411 tp=0.7075  [3.8s]
  rho=0.19868 (25/25)  [extra 5/50]
    fp=0.2599 tp=0.7358  [0.3s]
  rho=0.17601 (26/26)  [extra 6/50]
    fp=0.2836 tp=0.7547  [8.8s]
  rho=0.15592 (27/27)  [extra 7/50]
    fp=0.3043 tp=0.7736  [3.4s]
  FPR 0.3043 >= fp_end=0.3; stopping after 27 fits
  [note] 6/27 fits hit a glasso ConvergenceWarning (suppressed)
  grid extended by 7 points down to rho=0.15592, ending at FPR 0.3043
  [warn] mean_roc averages out to FPR 0.300 but the shortest replicate only reached 0.011; its TPR is held flat above that
  [warn] mean_roc averages out to FPR 0.300 but the shortest replicate only reached 0.229; its TPR is held flat above that

(p=100, n=50) over 48 replicates
  t+lasso  (run_em_diagonal):    AUC = 0.192 (SE 0.002)
  ~t+lasso (run_em_exact):       AUC = 0.193 (SE 0.002)
  tlasso   (run_tlasso):         AUC = 0.191 (SE 0.003)
  t*lasso  (run_tstar_varlasso): AUC = 0.190 (SE 0.002)
  glasso   (graphical_lasso):    AUC = 0.148 (SE 0.004)
Replicate 49/50
  Theta: 99/4950 edges
  pilot fit of run_tlasso at rho=30.34854
  -> rho_max = max|S_ij| (off-diag) = 22.25051
  [warn] pilot rho 30.34854 > rho_max 22.25051: it falls off the top of this method's grid
  rho grid: [22.25050967 19.71098759 17.46130931 15.46839403 13.70293658 12.13897644
 10.7535161   9.52618279  8.43892898  7.47576693  6.62253365  5.86668263
  5.19709931  4.60393769  4.0784755   3.612986    3.20062432  2.83532679
  2.51172184  2.22505097]
Running run_tlasso over 20 rho values, extending until FPR >= 0.3...
  rho=22.25051 (1/20)
    fp=0.0000 tp=0.0000  [0.2s]
   nu  = 3.0000
  rho=19.71099 (2/20)
    fp=0.0000 tp=0.0000  [0.2s]
   nu  = 3.0000
  rho=17.46131 (3/20)
    fp=0.0002 tp=0.0000  [0.3s]
   nu  = 3.0000
  rho=15.46839 (4/20)
    fp=0.0004 tp=0.0000  [0.4s]
   nu  = 3.0000
  rho=13.70294 (5/20)
    fp=0.0004 tp=0.0000  [0.4s]
   nu  = 3.0000
  rho=12.13898 (6/20)
    fp=0.0004 tp=0.0000  [0.4s]
   nu  = 3.0000
  rho=10.75352 (7/20)
    fp=0.0004 tp=0.0202  [0.5s]
   nu  = 3.0000
  rho=9.52618 (8/20)
    fp=0.0008 tp=0.0404  [0.5s]
   nu  = 3.0000
  rho=8.43893 (9/20)
    fp=0.0010 tp=0.0404  [0.5s]
   nu  = 3.0000
  rho=7.47577 (10/20)
    fp=0.0025 tp=0.0606  [0.5s]
   nu  = 3.0000
  rho=6.62253 (11/20)
    fp=0.0043 tp=0.0707  [0.4s]
   nu  = 3.0000
  rho=5.86668 (12/20)
    fp=0.0049 tp=0.1414  [0.4s]
   nu  = 3.0000
  rho=5.19710 (13/20)
    fp=0.0064 tp=0.1919  [0.5s]
   nu  = 3.0000
  rho=4.60394 (14/20)
    fp=0.0095 tp=0.2222  [0.7s]
   nu  = 3.0000
  rho=4.07848 (15/20)
    fp=0.0153 tp=0.2525  [0.8s]
   nu  = 3.0000
  rho=3.61299 (16/20)
    fp=0.0225 tp=0.3333  [0.8s]
   nu  = 3.0000
  rho=3.20062 (17/20)
    fp=0.0359 tp=0.3939  [0.7s]
   nu  = 3.0000
  rho=2.83533 (18/20)
    fp=0.0546 tp=0.4343  [0.9s]
   nu  = 3.0000
  rho=2.51172 (19/20)
    fp=0.0996 tp=0.5758  [3.5s]
   nu  = 3.0000
  rho=2.22505 (20/20)
    fp=0.2288 tp=0.8081  [12.5s]
   nu  = 3.0000
  rho=1.97110 (21/21)  [extra 1/50]
    fp=0.2886 tp=0.8182  [8.8s]
   nu  = 3.0000
  rho=1.74613 (22/22)  [extra 2/50]
    fp=0.3216 tp=0.8384  [5.6s]
   nu  = 3.0000
  FPR 0.3216 >= fp_end=0.3; stopping after 22 fits
  grid extended by 2 points down to rho=1.74613, ending at FPR 0.3216
  pilot fit of run_tstar_varlasso at rho=0.30349
  -> rho_max = max|S_ij| (off-diag) = 0.76095
  rho grid: [0.76094875 0.67409923 0.59716212 0.52900609 0.46862893 0.4151428
 0.36776122 0.32578745 0.28860429 0.25566495 0.22648509 0.20063562
 0.17773643 0.1574508  0.13948044 0.12356109 0.10945866 0.0969658
 0.08589878 0.07609488]
Running run_tstar_varlasso over 20 rho values, extending until FPR >= 0.3...
  rho=0.76095 (1/20)
    fp=0.0006 tp=0.0000  [0.4s]
   nu  = 3.0000
  rho=0.67410 (2/20)
    fp=0.0006 tp=0.0303  [0.4s]
   nu  = 3.0000
  rho=0.59716 (3/20)
    fp=0.0010 tp=0.0606  [0.5s]
   nu  = 3.0000
  rho=0.52901 (4/20)
    fp=0.0025 tp=0.0707  [0.4s]
   nu  = 3.0000
  rho=0.46863 (5/20)
    fp=0.0045 tp=0.1212  [0.4s]
   nu  = 3.0000
  rho=0.41514 (6/20)
    fp=0.0082 tp=0.2020  [0.4s]
   nu  = 3.0000
  rho=0.36776 (7/20)
    fp=0.0128 tp=0.2929  [0.4s]
   nu  = 3.0000
  rho=0.32579 (8/20)
    fp=0.0198 tp=0.3232  [0.4s]
   nu  = 3.0000
  rho=0.28860 (9/20)
    fp=0.0313 tp=0.3838  [0.4s]
   nu  = 3.0000
  rho=0.25566 (10/20)
    fp=0.0435 tp=0.4343  [0.4s]
   nu  = 3.0000
  rho=0.22649 (11/20)
    fp=0.0579 tp=0.5051  [0.6s]
   nu  = 3.0000
  rho=0.20064 (12/20)
    fp=0.0781 tp=0.5657  [0.6s]
   nu  = 3.0000
  rho=0.17774 (13/20)
    fp=0.0996 tp=0.5859  [0.7s]
   nu  = 3.0000
  rho=0.15745 (14/20)
    fp=0.1210 tp=0.6263  [0.8s]
   nu  = 3.0000
  rho=0.13948 (15/20)
    fp=0.1433 tp=0.6364  [0.7s]
   nu  = 3.0000
  rho=0.12356 (16/20)
    fp=0.1659 tp=0.6869  [0.5s]
   nu  = 3.0000
  rho=0.10946 (17/20)
    fp=0.1892 tp=0.7172  [0.5s]
   nu  = 3.0000
  rho=0.09697 (18/20)
    fp=0.2084 tp=0.7475  [0.5s]
   nu  = 3.0000
  rho=0.08590 (19/20)
    fp=0.2292 tp=0.7879  [0.7s]
   nu  = 3.0000
  rho=0.07609 (20/20)
    fp=0.2494 tp=0.7980  [0.7s]
   nu  = 3.0000
  rho=0.06741 (21/21)  [extra 1/50]
    fp=0.2705 tp=0.8081  [0.5s]
   nu  = 3.0000
  rho=0.05972 (22/22)  [extra 2/50]
    fp=0.2886 tp=0.8182  [0.6s]
   nu  = 3.0000
  rho=0.05290 (23/23)  [extra 3/50]
    fp=0.3074 tp=0.8586  [0.6s]
   nu  = 3.0000
  FPR 0.3074 >= fp_end=0.3; stopping after 23 fits
  grid extended by 3 points down to rho=0.05290, ending at FPR 0.3074
  pilot fit of run_em_diagonal at rho=0.30349
  -> rho_max = max|S_ij| (off-diag) = 0.82274
  rho grid: [0.82274214 0.72883994 0.6456551  0.57196441 0.50668427 0.44885477
 0.39762554 0.35224326 0.3120406  0.27642641 0.24487698 0.21692838
 0.19216965 0.17023671 0.15080705 0.13359495 0.11834733 0.10483997
 0.09287425 0.08227421]
Running run_em_diagonal over 20 rho values, extending until FPR >= 0.3...
  rho=0.82274 (1/20)
    fp=0.0037 tp=0.0909  [21.3s]
   median nu  = 0.108
   median |eta| = 2.743
  rho=0.72884 (2/20)
    fp=0.0047 tp=0.1515  [20.9s]
   median nu  = 0.135
   median |eta| = 2.444
  rho=0.64566 (3/20)
    fp=0.0076 tp=0.2020  [20.6s]
   median nu  = 0.169
   median |eta| = 2.278
  rho=0.57196 (4/20)
    fp=0.0118 tp=0.2626  [19.5s]
   median nu  = 0.206
   median |eta| = 1.934
  rho=0.50668 (5/20)
    fp=0.0196 tp=0.3131  [18.8s]
   median nu  = 0.242
   median |eta| = 1.694
  rho=0.44885 (6/20)
    fp=0.0284 tp=0.3838  [18.7s]
   median nu  = 0.284
   median |eta| = 1.481
  rho=0.39763 (7/20)
    fp=0.0421 tp=0.4444  [19.0s]
   median nu  = 0.334
   median |eta| = 1.306
  rho=0.35224 (8/20)
    fp=0.0542 tp=0.4747  [21.1s]
   median nu  = 0.388
   median |eta| = 1.182
  rho=0.31204 (9/20)
    fp=0.0664 tp=0.5253  [21.1s]
   median nu  = 0.424
   median |eta| = 1.084
  rho=0.27643 (10/20)
    fp=0.0794 tp=0.5556  [21.2s]
   median nu  = 0.456
   median |eta| = 0.895
  rho=0.24488 (11/20)
    fp=0.0926 tp=0.6061  [20.5s]
   median nu  = 0.51
   median |eta| = 0.681
  rho=0.21693 (12/20)
    fp=0.1099 tp=0.6162  [19.5s]
   median nu  = 0.557
   median |eta| = 0.535
  rho=0.19217 (13/20)
    fp=0.1260 tp=0.6263  [19.2s]
   median nu  = 0.622
   median |eta| = 0.326
  rho=0.17024 (14/20)
    fp=0.1400 tp=0.6566  [19.0s]
   median nu  = 0.685
   median |eta| = 0.237
  rho=0.15081 (15/20)
    fp=0.1554 tp=0.6667  [19.6s]
   median nu  = 0.757
   median |eta| = 0.166
  rho=0.13359 (16/20)
    fp=0.1690 tp=0.7172  [19.2s]
   median nu  = 0.841
   median |eta| = 0.13
  rho=0.11835 (17/20)
    fp=0.1837 tp=0.7576  [18.7s]
   median nu  = 0.961
   median |eta| = 0.117
  rho=0.10484 (18/20)
    fp=0.1969 tp=0.7677  [18.7s]
   median nu  = 1.075
   median |eta| = 0.091
  rho=0.09287 (19/20)
    fp=0.2076 tp=0.7778  [18.4s]
   median nu  = 1.188
   median |eta| = 0.075
  rho=0.08227 (20/20)
    fp=0.2181 tp=0.8081  [18.1s]
   median nu  = 1.309
   median |eta| = 0.058
  rho=0.07288 (21/21)  [extra 1/50]
    fp=0.2303 tp=0.8081  [18.3s]
   median nu  = 1.416
   median |eta| = 0.045
  rho=0.06457 (22/22)  [extra 2/50]
    fp=0.2418 tp=0.8081  [15.3s]
   median nu  = 1.551
   median |eta| = 0.035
  rho=0.05720 (23/23)  [extra 3/50]
    fp=0.2536 tp=0.8081  [16.1s]
   median nu  = 1.667
   median |eta| = 0.027
  rho=0.05067 (24/24)  [extra 4/50]
    fp=0.2637 tp=0.8182  [15.2s]
   median nu  = 1.805
   median |eta| = 0.021
  rho=0.04489 (25/25)  [extra 5/50]
    fp=0.2766 tp=0.8182  [17.9s]
   median nu  = 1.924
   median |eta| = 0.017
  rho=0.03976 (26/26)  [extra 6/50]
    fp=0.2907 tp=0.8384  [17.0s]
   median nu  = 2.039
   median |eta| = 0.014
  rho=0.03522 (27/27)  [extra 7/50]
    fp=0.3010 tp=0.8485  [16.7s]
   median nu  = 2.15
   median |eta| = 0.012
  FPR 0.3010 >= fp_end=0.3; stopping after 27 fits
  grid extended by 7 points down to rho=0.03522, ending at FPR 0.3010
  pilot fit of run_em_exact at rho=0.30349
  -> rho_max = max|S_ij| (off-diag) = 0.82325
  rho grid: [0.82325413 0.7292935  0.64605689 0.57232034 0.50699958 0.44913409
 0.39787298 0.35246246 0.31223479 0.27659843 0.24502936 0.21706337
 0.19228924 0.17034265 0.15090089 0.13367809 0.11842098 0.10490521
 0.09293205 0.08232541]
Running run_em_exact over 20 rho values, extending until FPR >= 0.3...
  rho=0.82325 (1/20)
    fp=0.0037 tp=0.0909  [17.9s]
   median nu  = 0.108
   median |eta| = 2.487
  rho=0.72929 (2/20)
    fp=0.0045 tp=0.1515  [17.5s]
   median nu  = 0.135
   median |eta| = 2.289
  rho=0.64606 (3/20)
    fp=0.0072 tp=0.2020  [17.5s]
   median nu  = 0.173
   median |eta| = 2.016
  rho=0.57232 (4/20)
    fp=0.0113 tp=0.2626  [17.1s]
   median nu  = 0.225
   median |eta| = 1.755
  rho=0.50700 (5/20)
    fp=0.0200 tp=0.3131  [17.2s]
   median nu  = 0.269
   median |eta| = 1.409
  rho=0.44913 (6/20)
    fp=0.0284 tp=0.3939  [16.6s]
   median nu  = 0.314
   median |eta| = 1.048
  rho=0.39787 (7/20)
    fp=0.0437 tp=0.4444  [17.4s]
   median nu  = 0.364
   median |eta| = 0.905
  rho=0.35246 (8/20)
    fp=0.0544 tp=0.4848  [18.9s]
   median nu  = 0.423
   median |eta| = 0.662
  rho=0.31223 (9/20)
    fp=0.0680 tp=0.5253  [19.1s]
   median nu  = 0.503
   median |eta| = 0.396
  rho=0.27660 (10/20)
    fp=0.0814 tp=0.5455  [18.4s]
   median nu  = 0.59
   median |eta| = 0.276
  rho=0.24503 (11/20)
    fp=0.0957 tp=0.6061  [18.3s]
   median nu  = 0.698
   median |eta| = 0.206
  rho=0.21706 (12/20)
    fp=0.1138 tp=0.6162  [18.3s]
   median nu  = 0.776
   median |eta| = 0.138
  rho=0.19229 (13/20)
    fp=0.1262 tp=0.6465  [17.9s]
   median nu  = 0.841
   median |eta| = 0.1
  rho=0.17034 (14/20)
    fp=0.1406 tp=0.6768  [17.6s]
   median nu  = 0.907
   median |eta| = 0.076
  rho=0.15090 (15/20)
    fp=0.1542 tp=0.6970  [17.3s]
   median nu  = 0.991
   median |eta| = 0.058
  rho=0.13368 (16/20)
    fp=0.1692 tp=0.7273  [16.7s]
   median nu  = 1.084
   median |eta| = 0.049
  rho=0.11842 (17/20)
    fp=0.1826 tp=0.7576  [16.2s]
   median nu  = 1.187
   median |eta| = 0.041
  rho=0.10491 (18/20)
    fp=0.1938 tp=0.7778  [14.6s]
   median nu  = 1.295
   median |eta| = 0.03
  rho=0.09293 (19/20)
    fp=0.2082 tp=0.7879  [15.8s]
   median nu  = 1.391
   median |eta| = 0.022
  rho=0.08233 (20/20)
    fp=0.2233 tp=0.8081  [14.3s]
   median nu  = 1.496
   median |eta| = 0.018
  rho=0.07293 (21/21)  [extra 1/50]
    fp=0.2323 tp=0.8283  [13.3s]
   median nu  = 1.61
   median |eta| = 0.013
  rho=0.06461 (22/22)  [extra 2/50]
    fp=0.2453 tp=0.8384  [12.2s]
   median nu  = 1.735
   median |eta| = 0.01
  rho=0.05723 (23/23)  [extra 3/50]
    fp=0.2558 tp=0.8586  [10.1s]
   median nu  = 1.865
   median |eta| = 0.008
  rho=0.05070 (24/24)  [extra 4/50]
    fp=0.2686 tp=0.8586  [10.0s]
   median nu  = 1.957
   median |eta| = 0.006
  rho=0.04491 (25/25)  [extra 5/50]
    fp=0.2830 tp=0.8687  [8.3s]
   median nu  = 2.072
   median |eta| = 0.005
  rho=0.03979 (26/26)  [extra 6/50]
    fp=0.2933 tp=0.8788  [6.3s]
   median nu  = 2.198
   median |eta| = 0.004
  rho=0.03525 (27/27)  [extra 7/50]
    fp=0.3039 tp=0.8788  [4.6s]
   median nu  = 2.313
   median |eta| = 0.003
  FPR 0.3039 >= fp_end=0.3; stopping after 27 fits
  grid extended by 7 points down to rho=0.03525, ending at FPR 0.3039
  graphical_lasso rho_max = max|S_ij| (off-diag) = 2.23443
  rho grid: [2.23442913 1.97940656 1.75349053 1.55335903 1.37606918 1.21901399
 1.07988401 0.95663338 0.84744974 0.75072758 0.66504463 0.58914096
 0.52190041 0.46233424 0.40956655 0.3628214  0.32141143 0.28472771
 0.25223083 0.22344291]
Running graphical_lasso over 20 rho values, extending until FPR >= 0.3...
  rho=2.23443 (1/20)
    fp=0.0000 tp=0.0000  [0.0s]
  rho=1.97941 (2/20)
    fp=0.0002 tp=0.0101  [0.0s]
  rho=1.75349 (3/20)
    fp=0.0014 tp=0.0202  [18.1s]
  rho=1.55336 (4/20)
    fp=0.0023 tp=0.0303  [17.2s]
  rho=1.37607 (5/20)
    fp=0.0033 tp=0.0404  [16.3s]
  rho=1.21901 (6/20)
    fp=0.0080 tp=0.0505  [16.8s]
  rho=1.07988 (7/20)
    fp=0.0122 tp=0.0808  [16.4s]
  rho=0.95663 (8/20)
    fp=0.0208 tp=0.1010  [16.5s]
  rho=0.84745 (9/20)
    fp=0.0297 tp=0.2020  [15.3s]
  rho=0.75073 (10/20)
    fp=0.0402 tp=0.2929  [14.3s]
  rho=0.66504 (11/20)
    fp=0.0550 tp=0.3333  [0.3s]
  rho=0.58914 (12/20)
    fp=0.0734 tp=0.3939  [0.1s]
  rho=0.52190 (13/20)
    fp=0.0911 tp=0.4242  [0.8s]
  rho=0.46233 (14/20)
    fp=0.1113 tp=0.4747  [1.3s]
  rho=0.40957 (15/20)
    fp=0.1371 tp=0.5253  [1.3s]
  rho=0.36282 (16/20)
    fp=0.1620 tp=0.5859  [0.6s]
  rho=0.32141 (17/20)
    fp=0.1853 tp=0.6263  [0.1s]
  rho=0.28473 (18/20)
    fp=0.2068 tp=0.6465  [1.4s]
  rho=0.25223 (19/20)
    fp=0.2286 tp=0.6869  [1.3s]
  rho=0.22344 (20/20)
    fp=0.2486 tp=0.6970  [0.2s]
  rho=0.19794 (21/21)  [extra 1/50]
    fp=0.2692 tp=0.7475  [2.3s]
  rho=0.17535 (22/22)  [extra 2/50]
    fp=0.2919 tp=0.7576  [2.7s]
  rho=0.15534 (23/23)  [extra 3/50]
    fp=0.3133 tp=0.7778  [1.3s]
  FPR 0.3133 >= fp_end=0.3; stopping after 23 fits
  [note] 8/23 fits hit a glasso ConvergenceWarning (suppressed)
  grid extended by 3 points down to rho=0.15534, ending at FPR 0.3133
  [warn] mean_roc averages out to FPR 0.300 but the shortest replicate only reached 0.011; its TPR is held flat above that
  [warn] mean_roc averages out to FPR 0.300 but the shortest replicate only reached 0.229; its TPR is held flat above that

(p=100, n=50) over 49 replicates
  t+lasso  (run_em_diagonal):    AUC = 0.192 (SE 0.002)
  ~t+lasso (run_em_exact):       AUC = 0.193 (SE 0.002)
  tlasso   (run_tlasso):         AUC = 0.190 (SE 0.003)
  t*lasso  (run_tstar_varlasso): AUC = 0.190 (SE 0.002)
  glasso   (graphical_lasso):    AUC = 0.148 (SE 0.004)
Replicate 50/50
  Theta: 101/4950 edges
  pilot fit of run_tlasso at rho=30.34854
  -> rho_max = max|S_ij| (off-diag) = 16.74853
  [warn] pilot rho 30.34854 > rho_max 16.74853: it falls off the top of this method's grid
  rho grid: [16.74853281 14.836969   13.14357811 11.64345935 10.31455397  9.13732082
  8.09444906  7.17060361  6.35219961  5.62720268  4.98495198  4.41600341
  3.91199076  3.4655027   3.06997376  2.7195878   2.40919251  2.13422364
  1.89063785  1.67485328]
Running run_tlasso over 20 rho values, extending until FPR >= 0.3...
  rho=16.74853 (1/20)
    fp=0.0000 tp=0.0000  [0.2s]
   nu  = 3.0000
  rho=14.83697 (2/20)
    fp=0.0000 tp=0.0000  [0.2s]
   nu  = 3.0000
  rho=13.14358 (3/20)
    fp=0.0000 tp=0.0000  [0.2s]
   nu  = 3.0000
  rho=11.64346 (4/20)
    fp=0.0000 tp=0.0099  [0.4s]
   nu  = 3.0000
  rho=10.31455 (5/20)
    fp=0.0000 tp=0.0099  [0.4s]
   nu  = 3.0000
  rho=9.13732 (6/20)
    fp=0.0000 tp=0.0297  [0.4s]
   nu  = 3.0000
  rho=8.09445 (7/20)
    fp=0.0002 tp=0.0297  [0.3s]
   nu  = 3.0000
  rho=7.17060 (8/20)
    fp=0.0006 tp=0.0495  [0.3s]
   nu  = 3.0000
  rho=6.35220 (9/20)
    fp=0.0010 tp=0.0693  [0.3s]
   nu  = 3.0000
  rho=5.62720 (10/20)
    fp=0.0014 tp=0.0792  [0.4s]
   nu  = 3.0000
  rho=4.98495 (11/20)
    fp=0.0021 tp=0.0990  [0.4s]
   nu  = 3.0000
  rho=4.41600 (12/20)
    fp=0.0037 tp=0.1584  [0.5s]
   nu  = 3.0000
  rho=3.91199 (13/20)
    fp=0.0062 tp=0.2079  [0.7s]
   nu  = 3.0000
  rho=3.46550 (14/20)
    fp=0.0097 tp=0.2277  [0.7s]
   nu  = 3.0000
  rho=3.06997 (15/20)
    fp=0.0159 tp=0.3069  [0.8s]
   nu  = 3.0000
  rho=2.71959 (16/20)
    fp=0.0237 tp=0.3861  [0.9s]
   nu  = 3.0000
  rho=2.40919 (17/20)
    fp=0.0396 tp=0.4455  [0.8s]
   nu  = 3.0000
  rho=2.13422 (18/20)
    fp=0.0720 tp=0.5050  [1.5s]
   nu  = 3.0000
  rho=1.89064 (19/20)
    fp=0.1171 tp=0.6238  [2.5s]
   nu  = 3.0000
  rho=1.67485 (20/20)
    fp=0.2260 tp=0.7525  [22.7s]
   nu  = 3.0000
  rho=1.48370 (21/21)  [extra 1/50]
    fp=0.2697 tp=0.7723  [7.0s]
   nu  = 3.0000
  rho=1.31436 (22/22)  [extra 2/50]
    fp=0.3050 tp=0.8218  [4.6s]
   nu  = 3.0000
  FPR 0.3050 >= fp_end=0.3; stopping after 22 fits
  grid extended by 2 points down to rho=1.31436, ending at FPR 0.3050
  pilot fit of run_tstar_varlasso at rho=0.30349
  -> rho_max = max|S_ij| (off-diag) = 0.56474
  rho grid: [0.5647394  0.50028388 0.44318487 0.39260276 0.34779375 0.30809893
 0.27293461 0.24178371 0.21418816 0.18974218 0.16808629 0.14890206
 0.13190739 0.11685238 0.10351564 0.09170107 0.08123493 0.07196333
 0.06374992 0.05647394]
Running run_tstar_varlasso over 20 rho values, extending until FPR >= 0.3...
  rho=0.56474 (1/20)
    fp=0.0000 tp=0.0198  [0.3s]
   nu  = 3.0000
  rho=0.50028 (2/20)
    fp=0.0000 tp=0.0297  [0.2s]
   nu  = 3.0000
  rho=0.44318 (3/20)
    fp=0.0002 tp=0.0297  [0.3s]
   nu  = 3.0000
  rho=0.39260 (4/20)
    fp=0.0006 tp=0.0792  [0.3s]
   nu  = 3.0000
  rho=0.34779 (5/20)
    fp=0.0016 tp=0.0990  [0.2s]
   nu  = 3.0000
  rho=0.30810 (6/20)
    fp=0.0041 tp=0.1683  [0.3s]
   nu  = 3.0000
  rho=0.27293 (7/20)
    fp=0.0070 tp=0.2178  [0.3s]
   nu  = 3.0000
  rho=0.24178 (8/20)
    fp=0.0142 tp=0.2772  [0.4s]
   nu  = 3.0000
  rho=0.21419 (9/20)
    fp=0.0252 tp=0.3861  [0.3s]
   nu  = 3.0000
  rho=0.18974 (10/20)
    fp=0.0373 tp=0.4059  [0.3s]
   nu  = 3.0000
  rho=0.16809 (11/20)
    fp=0.0528 tp=0.4752  [0.3s]
   nu  = 3.0000
  rho=0.14890 (12/20)
    fp=0.0714 tp=0.5149  [0.3s]
   nu  = 3.0000
  rho=0.13191 (13/20)
    fp=0.0891 tp=0.5644  [0.3s]
   nu  = 3.0000
  rho=0.11685 (14/20)
    fp=0.1116 tp=0.6040  [0.4s]
   nu  = 3.0000
  rho=0.10352 (15/20)
    fp=0.1320 tp=0.6337  [0.3s]
   nu  = 3.0000
  rho=0.09170 (16/20)
    fp=0.1532 tp=0.6535  [0.3s]
   nu  = 3.0000
  rho=0.08123 (17/20)
    fp=0.1780 tp=0.6832  [0.4s]
   nu  = 3.0000
  rho=0.07196 (18/20)
    fp=0.1992 tp=0.7129  [0.3s]
   nu  = 3.0000
  rho=0.06375 (19/20)
    fp=0.2250 tp=0.7525  [0.3s]
   nu  = 3.0000
  rho=0.05647 (20/20)
    fp=0.2506 tp=0.7822  [9.5s]
   nu  = 3.0000
  rho=0.05003 (21/21)  [extra 1/50]
    fp=0.2728 tp=0.8020  [0.5s]
   nu  = 3.0000
  rho=0.04432 (22/22)  [extra 2/50]
    fp=0.2924 tp=0.8119  [0.7s]
   nu  = 3.0000
  rho=0.03926 (23/23)  [extra 3/50]
    fp=0.3168 tp=0.8218  [0.8s]
   nu  = 3.0000
  FPR 0.3168 >= fp_end=0.3; stopping after 23 fits
  grid extended by 3 points down to rho=0.03926, ending at FPR 0.3168
  pilot fit of run_em_diagonal at rho=0.30349
  -> rho_max = max|S_ij| (off-diag) = 0.70456
  rho grid: [0.70456245 0.62414847 0.5529124  0.48980674 0.43390352 0.38438072
 0.34051012 0.3016466  0.26721871 0.23672018 0.20970255 0.18576852
 0.16456616 0.1457837  0.12914494 0.11440521 0.10134778 0.08978063
 0.07953368 0.07045624]
Running run_em_diagonal over 20 rho values, extending until FPR >= 0.3...
  rho=0.70456 (1/20)
    fp=0.0004 tp=0.0297  [19.9s]
   median nu  = 0.061
   median |eta| = 2.932
  rho=0.62415 (2/20)
    fp=0.0004 tp=0.0693  [18.6s]
   median nu  = 0.071
   median |eta| = 2.63
  rho=0.55291 (3/20)
    fp=0.0010 tp=0.0792  [19.6s]
   median nu  = 0.084
   median |eta| = 2.514
  rho=0.48981 (4/20)
    fp=0.0041 tp=0.1089  [19.5s]
   median nu  = 0.101
   median |eta| = 2.26
  rho=0.43390 (5/20)
    fp=0.0091 tp=0.1584  [18.9s]
   median nu  = 0.122
   median |eta| = 2.127
  rho=0.38438 (6/20)
    fp=0.0153 tp=0.2178  [19.2s]
   median nu  = 0.15
   median |eta| = 1.827
  rho=0.34051 (7/20)
    fp=0.0223 tp=0.2772  [19.1s]
   median nu  = 0.187
   median |eta| = 1.577
  rho=0.30165 (8/20)
    fp=0.0340 tp=0.3267  [18.4s]
   median nu  = 0.217
   median |eta| = 1.332
  rho=0.26722 (9/20)
    fp=0.0452 tp=0.3861  [18.2s]
   median nu  = 0.253
   median |eta| = 1.115
  rho=0.23672 (10/20)
    fp=0.0575 tp=0.4455  [18.6s]
   median nu  = 0.302
   median |eta| = 1.028
  rho=0.20970 (11/20)
    fp=0.0697 tp=0.4950  [20.1s]
   median nu  = 0.362
   median |eta| = 0.74
  rho=0.18577 (12/20)
    fp=0.0887 tp=0.5248  [19.9s]
   median nu  = 0.414
   median |eta| = 0.576
  rho=0.16457 (13/20)
    fp=0.1050 tp=0.5941  [19.5s]
   median nu  = 0.509
   median |eta| = 0.49
  rho=0.14578 (14/20)
    fp=0.1198 tp=0.6238  [19.7s]
   median nu  = 0.551
   median |eta| = 0.403
  rho=0.12914 (15/20)
    fp=0.1351 tp=0.6535  [17.1s]
   median nu  = 0.605
   median |eta| = 0.343
  rho=0.11441 (16/20)
    fp=0.1493 tp=0.6733  [17.0s]
   median nu  = 0.67
   median |eta| = 0.258
  rho=0.10135 (17/20)
    fp=0.1670 tp=0.7129  [18.5s]
   median nu  = 0.752
   median |eta| = 0.203
  rho=0.08978 (18/20)
    fp=0.1817 tp=0.7030  [19.0s]
   median nu  = 0.859
   median |eta| = 0.16
  rho=0.07953 (19/20)
    fp=0.1986 tp=0.7228  [18.9s]
   median nu  = 0.906
   median |eta| = 0.12
  rho=0.07046 (20/20)
    fp=0.2145 tp=0.7327  [19.0s]
   median nu  = 0.998
   median |eta| = 0.087
  rho=0.06241 (21/21)  [extra 1/50]
    fp=0.2304 tp=0.7525  [18.7s]
   median nu  = 1.1
   median |eta| = 0.071
  rho=0.05529 (22/22)  [extra 2/50]
    fp=0.2462 tp=0.7822  [19.5s]
   median nu  = 1.19
   median |eta| = 0.056
  rho=0.04898 (23/23)  [extra 3/50]
    fp=0.2570 tp=0.8119  [18.4s]
   median nu  = 1.276
   median |eta| = 0.045
  rho=0.04339 (24/24)  [extra 4/50]
    fp=0.2706 tp=0.8218  [18.5s]
   median nu  = 1.368
   median |eta| = 0.037
  rho=0.03844 (25/25)  [extra 5/50]
    fp=0.2848 tp=0.8218  [17.9s]
   median nu  = 1.473
   median |eta| = 0.027
  rho=0.03405 (26/26)  [extra 6/50]
    fp=0.2974 tp=0.8317  [17.1s]
   median nu  = 1.592
   median |eta| = 0.021
  rho=0.03016 (27/27)  [extra 7/50]
    fp=0.3112 tp=0.8416  [16.8s]
   median nu  = 1.735
   median |eta| = 0.017
  FPR 0.3112 >= fp_end=0.3; stopping after 27 fits
  grid extended by 7 points down to rho=0.03016, ending at FPR 0.3112
  pilot fit of run_em_exact at rho=0.30349
  -> rho_max = max|S_ij| (off-diag) = 0.70831
  rho grid: [0.70831382 0.62747169 0.55585633 0.49241467 0.4362138  0.38642732
 0.34232313 0.30325269 0.26864149 0.23798057 0.21081909 0.18675763
 0.16544238 0.14655991 0.12983256 0.11501435 0.10188739 0.09025866
 0.07995715 0.07083138]
Running run_em_exact over 20 rho values, extending until FPR >= 0.3...
  rho=0.70831 (1/20)
    fp=0.0004 tp=0.0198  [17.7s]
   median nu  = 0.061
   median |eta| = 2.921
  rho=0.62747 (2/20)
    fp=0.0004 tp=0.0693  [18.1s]
   median nu  = 0.071
   median |eta| = 2.636
  rho=0.55586 (3/20)
    fp=0.0010 tp=0.0792  [17.4s]
   median nu  = 0.084
   median |eta| = 2.508
  rho=0.49241 (4/20)
    fp=0.0037 tp=0.1089  [17.8s]
   median nu  = 0.101
   median |eta| = 2.266
  rho=0.43621 (5/20)
    fp=0.0091 tp=0.1584  [17.5s]
   median nu  = 0.122
   median |eta| = 1.96
  rho=0.38643 (6/20)
    fp=0.0157 tp=0.2079  [17.1s]
   median nu  = 0.157
   median |eta| = 1.43
  rho=0.34232 (7/20)
    fp=0.0227 tp=0.2772  [17.4s]
   median nu  = 0.199
   median |eta| = 1.139
  rho=0.30325 (8/20)
    fp=0.0342 tp=0.3267  [17.0s]
   median nu  = 0.241
   median |eta| = 0.738
  rho=0.26864 (9/20)
    fp=0.0460 tp=0.3861  [17.6s]
   median nu  = 0.301
   median |eta| = 0.541
  rho=0.23798 (10/20)
    fp=0.0575 tp=0.4455  [16.6s]
   median nu  = 0.346
   median |eta| = 0.461
  rho=0.21082 (11/20)
    fp=0.0720 tp=0.4950  [18.2s]
   median nu  = 0.411
   median |eta| = 0.326
  rho=0.18676 (12/20)
    fp=0.0922 tp=0.5347  [17.9s]
   median nu  = 0.504
   median |eta| = 0.234
  rho=0.16544 (13/20)
    fp=0.1097 tp=0.5941  [17.5s]
   median nu  = 0.582
   median |eta| = 0.172
  rho=0.14656 (14/20)
    fp=0.1233 tp=0.6139  [17.2s]
   median nu  = 0.662
   median |eta| = 0.126
  rho=0.12983 (15/20)
    fp=0.1384 tp=0.6436  [14.5s]
   median nu  = 0.732
   median |eta| = 0.09
  rho=0.11501 (16/20)
    fp=0.1555 tp=0.6634  [16.9s]
   median nu  = 0.812
   median |eta| = 0.062
  rho=0.10189 (17/20)
    fp=0.1699 tp=0.7129  [16.4s]
   median nu  = 0.891
   median |eta| = 0.045
  rho=0.09026 (18/20)
    fp=0.1821 tp=0.7228  [16.8s]
   median nu  = 0.98
   median |eta| = 0.036
  rho=0.07996 (19/20)
    fp=0.1992 tp=0.7525  [15.9s]
   median nu  = 1.083
   median |eta| = 0.028
  rho=0.07083 (20/20)
    fp=0.2163 tp=0.7624  [14.9s]
   median nu  = 1.178
   median |eta| = 0.02
  rho=0.06275 (21/21)  [extra 1/50]
    fp=0.2283 tp=0.7921  [10.8s]
   median nu  = 1.278
   median |eta| = 0.015
  rho=0.05559 (22/22)  [extra 2/50]
    fp=0.2479 tp=0.8218  [6.7s]
   median nu  = 1.379
   median |eta| = 0.011
  rho=0.04924 (23/23)  [extra 3/50]
    fp=0.2603 tp=0.8317  [5.9s]
   median nu  = 1.485
   median |eta| = 0.008
  rho=0.04362 (24/24)  [extra 4/50]
    fp=0.2737 tp=0.8317  [5.3s]
   median nu  = 1.591
   median |eta| = 0.008
  rho=0.03864 (25/25)  [extra 5/50]
    fp=0.2873 tp=0.8317  [4.6s]
   median nu  = 1.697
   median |eta| = 0.006
  rho=0.03423 (26/26)  [extra 6/50]
    fp=0.3019 tp=0.8416  [4.3s]
   median nu  = 1.808
   median |eta| = 0.005
  FPR 0.3019 >= fp_end=0.3; stopping after 26 fits
  grid extended by 6 points down to rho=0.03423, ending at FPR 0.3019
  graphical_lasso rho_max = max|S_ij| (off-diag) = 1.80002
  rho grid: [1.80001914 1.59457718 1.41258297 1.25136034 1.10853857 0.9820175
 0.86993669 0.77064803 0.68269149 0.60477372 0.53574896 0.47460221
 0.42043433 0.37244881 0.32994004 0.29228292 0.25892373 0.22937194
 0.20319298 0.18000191]
Running graphical_lasso over 20 rho values, extending until FPR >= 0.3...
  rho=1.80002 (1/20)
    fp=0.0000 tp=0.0000  [0.0s]
  rho=1.59458 (2/20)
    fp=0.0004 tp=0.0099  [0.0s]
  rho=1.41258 (3/20)
    fp=0.0014 tp=0.0198  [0.0s]
  rho=1.25136 (4/20)
    fp=0.0037 tp=0.0396  [16.6s]
  rho=1.10854 (5/20)
    fp=0.0072 tp=0.0792  [16.3s]
  rho=0.98202 (6/20)
    fp=0.0118 tp=0.1089  [16.4s]
  rho=0.86994 (7/20)
    fp=0.0184 tp=0.1188  [16.2s]
  rho=0.77065 (8/20)
    fp=0.0260 tp=0.1386  [16.5s]
  rho=0.68269 (9/20)
    fp=0.0361 tp=0.1683  [0.1s]
  rho=0.60477 (10/20)
    fp=0.0454 tp=0.2079  [0.2s]
  rho=0.53575 (11/20)
    fp=0.0584 tp=0.2574  [0.4s]
  rho=0.47460 (12/20)
    fp=0.0703 tp=0.3069  [1.3s]
  rho=0.42043 (13/20)
    fp=0.0839 tp=0.3366  [1.8s]
  rho=0.37245 (14/20)
    fp=0.0988 tp=0.3960  [0.4s]
  rho=0.32994 (15/20)
    fp=0.1099 tp=0.4257  [0.6s]
  rho=0.29228 (16/20)
    fp=0.1289 tp=0.5050  [0.5s]
  rho=0.25892 (17/20)
    fp=0.1450 tp=0.5842  [0.1s]
  rho=0.22937 (18/20)
    fp=0.1617 tp=0.6436  [1.7s]
  rho=0.20319 (19/20)
    fp=0.1819 tp=0.6634  [1.2s]
  rho=0.18000 (20/20)
    fp=0.2000 tp=0.6634  [1.5s]
  rho=0.15946 (21/21)  [extra 1/50]
    fp=0.2227 tp=0.6931  [0.9s]
  rho=0.14126 (22/22)  [extra 2/50]
    fp=0.2506 tp=0.7228  [0.3s]
  rho=0.12514 (23/23)  [extra 3/50]
    fp=0.2737 tp=0.7624  [0.4s]
  rho=0.11085 (24/24)  [extra 4/50]
    fp=0.3007 tp=0.7822  [0.9s]
  FPR 0.3007 >= fp_end=0.3; stopping after 24 fits
  [note] 5/24 fits hit a glasso ConvergenceWarning (suppressed)
  grid extended by 4 points down to rho=0.11085, ending at FPR 0.3007
  [warn] mean_roc averages out to FPR 0.300 but the shortest replicate only reached 0.011; its TPR is held flat above that
  [warn] mean_roc averages out to FPR 0.300 but the shortest replicate only reached 0.229; its TPR is held flat above that

(p=100, n=50) over 50 replicates
  t+lasso  (run_em_diagonal):    AUC = 0.192 (SE 0.002)
  ~t+lasso (run_em_exact):       AUC = 0.193 (SE 0.002)
  tlasso   (run_tlasso):         AUC = 0.190 (SE 0.003)
  t*lasso  (run_tstar_varlasso): AUC = 0.190 (SE 0.002)
  glasso   (graphical_lasso):    AUC = 0.148 (SE 0.004)
