==============================================================================
ROC run: final_plot_aat
==============================================================================
  started : 2026-08-14 16:47:17
  outputs : results/simulations/roc/final_plot_aat/   (per-replicate figures, JSON, this log)
  commit  : c895aa5 (dirty working tree)

[design]
  replicates       : 50
  p, n             : 100, 50
  rho grid         : 20 points, min_ratio 0.01, rebuilt per method and replicate off that method's own converged S_tau
  theoretical rho  : sqrt(log p / n) = 0.30349  (pilot only; not a point on the curve)
  FP_end, max_extra: 0.5, 50

[true parameters]  simulate_aat_data
  mu_true : all 0   (length 100)
  eta_true: min -2.3   median 1.05   max 2.3   (length 100)
            [-2.3000,  1.7000,  1.3000, -1.0500, -2.3000,  1.7000, -1.3000,
             -1.0500,  2.3000,  1.7000,  1.3000, -1.0500,  2.3000, -1.7000,
              1.3000,  1.0500,  2.3000, -1.7000, -1.3000,  1.0500,  2.3000,
             -1.7000, -1.3000,  1.0500, -2.3000, -1.7000, -1.3000,  1.0500,
             -2.3000,  1.7000,  1.3000,  1.0500,  2.3000, -1.7000,  1.3000,
             -1.0500,  2.3000, -1.7000,  1.3000, -1.0500, -2.3000,  1.7000,
             -1.3000,  1.0500,  2.3000, -1.7000, -1.3000,  1.0500,  2.3000,
             -1.7000,  1.3000,  1.0500, -2.3000, -1.7000,  1.3000, -1.0500,
             -2.3000,  1.7000,  1.3000,  1.0500, -2.3000,  1.7000,  1.3000,
              1.0500,  2.3000, -1.7000, -1.3000,  1.0500, -2.3000, -1.7000,
             -1.3000,  1.0500,  2.3000,  1.7000, -1.3000,  1.0500,  2.3000,
             -1.7000, -1.3000,  1.0500,  2.3000,  1.7000,  1.3000,  1.0500,
             -2.3000, -1.7000,  1.3000,  1.0500, -2.3000, -1.7000,  1.3000,
             -1.0500,  2.3000,  1.7000, -1.3000,  1.0500, -2.3000,  1.7000,
              1.3000, -1.0500]
  nu_true : min 0.3   median 0.45   max 0.6   (length 100)
            [0.3000, 0.4000, 0.5000, 0.6000, 0.3000, 0.4000, 0.5000, 0.6000,
             0.3000, 0.4000, 0.5000, 0.6000, 0.3000, 0.4000, 0.5000, 0.6000,
             0.3000, 0.4000, 0.5000, 0.6000, 0.3000, 0.4000, 0.5000, 0.6000,
             0.3000, 0.4000, 0.5000, 0.6000, 0.3000, 0.4000, 0.5000, 0.6000,
             0.3000, 0.4000, 0.5000, 0.6000, 0.3000, 0.4000, 0.5000, 0.6000,
             0.3000, 0.4000, 0.5000, 0.6000, 0.3000, 0.4000, 0.5000, 0.6000,
             0.3000, 0.4000, 0.5000, 0.6000, 0.3000, 0.4000, 0.5000, 0.6000,
             0.3000, 0.4000, 0.5000, 0.6000, 0.3000, 0.4000, 0.5000, 0.6000,
             0.3000, 0.4000, 0.5000, 0.6000, 0.3000, 0.4000, 0.5000, 0.6000,
             0.3000, 0.4000, 0.5000, 0.6000, 0.3000, 0.4000, 0.5000, 0.6000,
             0.3000, 0.4000, 0.5000, 0.6000, 0.3000, 0.4000, 0.5000, 0.6000,
             0.3000, 0.4000, 0.5000, 0.6000, 0.3000, 0.4000, 0.5000, 0.6000,
             0.3000, 0.4000, 0.5000, 0.6000]
  Theta   : REDRAWN EVERY REPLICATE -- make_true_theta(p=100), prob=0.01, min_eig=0.6
            (~1% of the 4950 pairs are edges; the exact count is logged per replicate)
            NOTE: this is the SUPPORT of Theta, which is the target of the ROC curves;
            it is not the conditional independence graph of Y in this model.
  rng     : entropy 20260814
            (np.random.default_rng(20260814) replays the same draws)

[methods]  nu treatment for this run
  Classical t         (run_tlasso)
      nu   : ESTIMATED by the ECM step, bracket [0.1, 100.0]; restarted from 3.0 at every rho, since the warm start carries only mu and Theta
      args : n_iter=200, verbose=False, tol=1e-05
  Alternative t*      (run_tstar_varlasso)
      nu   : ESTIMATED by the ECM step, bracket [0.1, 100.0]; restarted from 3.0 at every rho, since the warm start carries only mu and Theta
      args : n_iter=200, verbose=False, tol=1e-05
  Asymmetric alt-t    (run_em_diagonal)
      nu   : ESTIMATED per coordinate (nu_j), bracket [0.0001, 10], nu_j = 0 meaning that coordinate went Gaussian
      args : n_iter=200, verbose=False, tol=1e-05
  Asymmetric alt-t    (run_em_exact)
      nu   : ESTIMATED per coordinate (nu_j), bracket [0.0001, 10], nu_j = 0 meaning that coordinate went Gaussian
      args : n_iter=200, verbose=False, tol=1e-05
  Naive Gaussian      (graphical_lasso)
      nu   : not a parameter of this model
      args : max_iter=2000, verbose=False
  Reading the per-rho nu lines below: tlasso and t*var-lasso print a scalar `nu`,
  run_em_diagonal a `median nu`/`median eta` over coordinates. The two nu's are NOT
  comparable -- tau ~ Gamma(nu/2, nu/2) for the t models, so small nu is the heavy
  tail, while EM_algorithm's tau_j ~ Inv-Gamma(2/nu_j, 2/nu_j) puts the heavy tail at
  large nu_j.
==============================================================================

Replicate 1/50
  Theta: 84/4950 edges
  pilot fit of run_tlasso at rho=0.30349
  [warn] glasso failed at iter 9: Non SPD result: the system is too ill-conditioned for this solver. The system is too ill-conditioned for this solver; keeping previous Theta
  [warn] glasso failed at iter 10: Non SPD result: the system is too ill-conditioned for this solver. The system is too ill-conditioned for this solver; keeping previous Theta
  [warn] glasso failed at iter 11: Non SPD result: the system is too ill-conditioned for this solver. The system is too ill-conditioned for this solver; keeping previous Theta
  -> rho_max = max|S_ij| (off-diag) = 135.37050
  [note] pilot fit hit a glasso ConvergenceWarning (suppressed)
  rho grid: [135.37050062 106.23335005  83.36768064  65.42361859  51.34183698
  40.29101847  31.61877846  24.81315165  19.47236815  15.28113505
  11.99202309   9.41085968   7.38526597   5.7956611    4.54820283
   3.56924752   2.80100258   2.1981147    1.72499243   1.35370501]
Running run_tlasso over 20 rho values, extending until FPR >= 0.5...
  rho=135.37050 (1/20)
    fp=0.0251 tp=0.1190  [0.1s]
   nu  = 0.1000
  rho=106.23335 (2/20)
    fp=0.0503 tp=0.2976  [0.2s]
   nu  = 0.1000
  rho=83.36768 (3/20)
    fp=0.0997 tp=0.4762  [0.2s]
   nu  = 0.1000
  rho=65.42362 (4/20)
    fp=0.1753 tp=0.5833  [0.5s]
   nu  = 0.1000
  rho=51.34184 (5/20)
    fp=0.2692 tp=0.6905  [0.3s]
   nu  = 0.1000
  rho=40.29102 (6/20)
    fp=0.3619 tp=0.7857  [0.3s]
   nu  = 0.1000
  rho=31.61878 (7/20)
    fp=0.4386 tp=0.8214  [0.5s]
   nu  = 0.1000
  rho=24.81315 (8/20)
    fp=0.5078 tp=0.8571  [0.6s]
   nu  = 0.1000
  FPR 0.5078 >= fp_end=0.5; stopping after 8 fits
  grid stopped 12 points early at rho=24.81315, ending at FPR 0.5078
  pilot fit of run_tstar_varlasso at rho=0.30349
  -> rho_max = max|S_ij| (off-diag) = 0.77884
  rho grid: [0.77883947 0.61120204 0.47964689 0.37640768 0.29538968 0.23181
 0.18191521 0.14275977 0.11203215 0.08791835 0.0689948  0.05414436
 0.04249033 0.03334471 0.02616759 0.02053528 0.01611526 0.01264661
 0.00992456 0.00778839]
Running run_tstar_varlasso over 20 rho values, extending until FPR >= 0.5...
  rho=0.77884 (1/20)
    fp=0.0016 tp=0.0119  [1.3s]
   nu  = 48.1800
  rho=0.61120 (2/20)
    fp=0.0047 tp=0.0238  [1.4s]
   nu  = 36.7314
  rho=0.47965 (3/20)
    fp=0.0113 tp=0.0476  [1.3s]
   nu  = 27.0758
  rho=0.37641 (4/20)
    fp=0.0247 tp=0.1667  [1.3s]
   nu  = 19.7556
  rho=0.29539 (5/20)
    fp=0.0450 tp=0.3333  [1.2s]
   nu  = 14.5690
  rho=0.23181 (6/20)
    fp=0.0762 tp=0.4643  [1.0s]
   nu  = 10.9799
  rho=0.18192 (7/20)
    fp=0.1178 tp=0.5476  [0.8s]
   nu  = 8.4458
  rho=0.14276 (8/20)
    fp=0.1558 tp=0.5952  [0.8s]
   nu  = 6.6082
  rho=0.11203 (9/20)
    fp=0.1940 tp=0.6667  [0.7s]
   nu  = 5.2677
  rho=0.08792 (10/20)
    fp=0.2296 tp=0.7381  [0.5s]
   nu  = 4.2795
  rho=0.06899 (11/20)
    fp=0.2653 tp=0.7500  [0.4s]
   nu  = 3.5389
  rho=0.05414 (12/20)
    fp=0.2988 tp=0.7619  [0.4s]
   nu  = 2.9737
  rho=0.04249 (13/20)
    fp=0.3315 tp=0.7619  [0.4s]
   nu  = 2.5318
  rho=0.03334 (14/20)
    fp=0.3557 tp=0.7738  [0.4s]
   nu  = 2.1810
  rho=0.02617 (15/20)
    fp=0.3810 tp=0.8333  [0.4s]
   nu  = 1.8974
  rho=0.02054 (16/20)
    fp=0.4005 tp=0.8333  [0.5s]
   nu  = 1.6648
  rho=0.01612 (17/20)
    fp=0.4194 tp=0.8333  [0.5s]
   nu  = 1.4718
  rho=0.01265 (18/20)
    fp=0.4365 tp=0.8333  [0.5s]
   nu  = 1.3099
  rho=0.00992 (19/20)
    fp=0.4521 tp=0.8214  [0.7s]
   nu  = 1.1723
  rho=0.00779 (20/20)
    fp=0.4618 tp=0.8095  [0.9s]
   nu  = 1.0542
  rho=0.00611 (21/21)  [extra 1/50]
  [warn] glasso failed at iter 1: Non SPD result: the system is too ill-conditioned for this solver. The system is too ill-conditioned for this solver; keeping previous Theta
  [warn] glasso failed at iter 4: Non SPD result: the system is too ill-conditioned for this solver. The system is too ill-conditioned for this solver; keeping previous Theta
    fp=0.4663 tp=0.8214  [1.1s]  [STALE: glasso failed on 2 EM iters]
   nu  = 0.9524
  rho=0.00480 (22/22)  [extra 2/50]
    fp=0.4725 tp=0.8452  [1.3s]
   nu  = 0.8644
  rho=0.00376 (23/23)  [extra 3/50]
  [warn] glasso failed at iter 1: Non SPD result: the system is too ill-conditioned for this solver. The system is too ill-conditioned for this solver; keeping previous Theta
    fp=0.4805 tp=0.8452  [1.0s]  [STALE: glasso failed on 1 EM iters]
   nu  = 0.7887
  rho=0.00295 (24/24)  [extra 4/50]
    fp=0.4862 tp=0.8214  [0.9s]
   nu  = 0.7233
  rho=0.00232 (25/25)  [extra 5/50]
    fp=0.4908 tp=0.8214  [1.0s]
   nu  = 0.6666
  rho=0.00182 (26/26)  [extra 6/50]
    fp=0.4934 tp=0.8452  [2.1s]
   nu  = 0.6170
  rho=0.00143 (27/27)  [extra 7/50]
    fp=0.4916 tp=0.8333  [2.0s]
   nu  = 0.5735
  rho=0.00112 (28/28)  [extra 8/50]
  [warn] glasso failed at iter 3: Non SPD result: the system is too ill-conditioned for this solver. The system is too ill-conditioned for this solver; keeping previous Theta
    fp=0.4926 tp=0.8571  [3.4s]  [STALE: glasso failed on 1 EM iters]
   nu  = 0.5351
  rho=0.00088 (29/29)  [extra 9/50]
    fp=0.4934 tp=0.8571  [1.8s]
   nu  = 0.5010
  rho=0.00069 (30/30)  [extra 10/50]
  [warn] glasso failed at iter 0: Non SPD result: the system is too ill-conditioned for this solver. The system is too ill-conditioned for this solver; keeping previous Theta
    fp=0.4924 tp=0.8333  [1.4s]  [STALE: glasso failed on 1 EM iters]
   nu  = 0.4705
  rho=0.00054 (31/31)  [extra 11/50]
    fp=0.4891 tp=0.8452  [1.1s]
   nu  = 0.4431
  rho=0.00042 (32/32)  [extra 12/50]
    fp=0.4864 tp=0.8452  [0.9s]
   nu  = 0.4185
  rho=0.00033 (33/33)  [extra 13/50]
    fp=0.4834 tp=0.8452  [1.0s]
   nu  = 0.3963
  rho=0.00026 (34/34)  [extra 14/50]
    fp=0.4774 tp=0.8452  [1.4s]
   nu  = 0.3762
  rho=0.00021 (35/35)  [extra 15/50]
    fp=0.4751 tp=0.8452  [3.6s]
   nu  = 0.3581
  rho=0.00016 (36/36)  [extra 16/50]
    fp=0.4741 tp=0.8452  [0.8s]
   nu  = 0.3415
  rho=0.00013 (37/37)  [extra 17/50]
    fp=0.4688 tp=0.8452  [0.8s]
   nu  = 0.3264
  rho=0.00010 (38/38)  [extra 18/50]
    fp=0.4675 tp=0.8452  [0.9s]
   nu  = 0.3126
  rho=0.00008 (39/39)  [extra 19/50]
    fp=0.4647 tp=0.8333  [0.8s]
   nu  = 0.2999
  rho=0.00006 (40/40)  [extra 20/50]
    fp=0.4612 tp=0.8333  [0.7s]
   nu  = 0.2882
  rho=0.00005 (41/41)  [extra 21/50]
    fp=0.4575 tp=0.8214  [1.9s]
   nu  = 0.2774
  rho=0.00004 (42/42)  [extra 22/50]
    fp=0.4527 tp=0.8214  [0.9s]
   nu  = 0.2673
  rho=0.00003 (43/43)  [extra 23/50]
    fp=0.4525 tp=0.8095  [0.7s]
   nu  = 0.2580
  rho=0.00002 (44/44)  [extra 24/50]
    fp=0.4488 tp=0.8095  [1.1s]
   nu  = 0.2493
  rho=0.00002 (45/45)  [extra 25/50]
  [warn] glasso failed at iter 0: Non SPD result: the system is too ill-conditioned for this solver. The system is too ill-conditioned for this solver; keeping previous Theta
    fp=0.4488 tp=0.8095  [0.0s]  [STALE: glasso failed on 1 EM iters]
   nu  = 0.3366
  rho=0.00001 (46/46)  [extra 26/50]
    fp=0.4447 tp=0.7976  [0.9s]
   nu  = 0.2335
  rho=0.00001 (47/47)  [extra 27/50]
    fp=0.4412 tp=0.7857  [0.7s]
   nu  = 0.2264
  rho=0.00001 (48/48)  [extra 28/50]
    fp=0.4392 tp=0.7857  [0.7s]
   nu  = 0.2197
  rho=0.00001 (49/49)  [extra 29/50]
    fp=0.4379 tp=0.7738  [0.8s]
   nu  = 0.2134
  rho=0.00001 (50/50)  [extra 30/50]
    fp=0.4377 tp=0.7738  [0.8s]
   nu  = 0.2075
  rho=0.00000 (51/51)  [extra 31/50]
    fp=0.4353 tp=0.7738  [0.8s]
   nu  = 0.2019
  rho=0.00000 (52/52)  [extra 32/50]
    fp=0.4316 tp=0.7738  [0.8s]
   nu  = 0.1965
  rho=0.00000 (53/53)  [extra 33/50]
    fp=0.4293 tp=0.7619  [0.7s]
   nu  = 0.1915
  rho=0.00000 (54/54)  [extra 34/50]
    fp=0.4260 tp=0.7500  [0.9s]
   nu  = 0.1867
  rho=0.00000 (55/55)  [extra 35/50]
    fp=0.4223 tp=0.7500  [0.9s]
   nu  = 0.1822
  rho=0.00000 (56/56)  [extra 36/50]
    fp=0.4176 tp=0.7381  [0.9s]
   nu  = 0.1779
  rho=0.00000 (57/57)  [extra 37/50]
    fp=0.4155 tp=0.7262  [1.0s]
   nu  = 0.1738
  rho=0.00000 (58/58)  [extra 38/50]
    fp=0.4127 tp=0.7262  [0.8s]
   nu  = 0.1698
  rho=0.00000 (59/59)  [extra 39/50]
    fp=0.4092 tp=0.7262  [0.8s]
   nu  = 0.1661
  rho=0.00000 (60/60)  [extra 40/50]
    fp=0.4085 tp=0.7262  [0.9s]
   nu  = 0.1625
  rho=0.00000 (61/61)  [extra 41/50]
    fp=0.4069 tp=0.7262  [0.8s]
   nu  = 0.1591
  rho=0.00000 (62/62)  [extra 42/50]
    fp=0.4053 tp=0.7143  [0.8s]
   nu  = 0.1558
  rho=0.00000 (63/63)  [extra 43/50]
    fp=0.4030 tp=0.7143  [0.9s]
   nu  = 0.1526
  rho=0.00000 (64/64)  [extra 44/50]
    fp=0.4003 tp=0.7143  [0.7s]
   nu  = 0.1496
  rho=0.00000 (65/65)  [extra 45/50]
  [warn] glasso failed at iter 0: Non SPD result: the system is too ill-conditioned for this solver. The system is too ill-conditioned for this solver; keeping previous Theta
    fp=0.4003 tp=0.7143  [0.0s]  [STALE: glasso failed on 1 EM iters]
   nu  = 0.1803
  rho=0.00000 (66/66)  [extra 46/50]
    fp=0.3938 tp=0.7143  [1.0s]
   nu  = 0.1439
  rho=0.00000 (67/67)  [extra 47/50]
    fp=0.3911 tp=0.7143  [0.8s]
   nu  = 0.1412
  rho=0.00000 (68/68)  [extra 48/50]
    fp=0.3892 tp=0.7024  [0.8s]
   nu  = 0.1386
  rho=0.00000 (69/69)  [extra 49/50]
    fp=0.3876 tp=0.7024  [0.7s]
   nu  = 0.1361
  rho=0.00000 (70/70)  [extra 50/50]
    fp=0.3868 tp=0.7024  [0.7s]
   nu  = 0.1337
  [note] 49/70 fits hit a glasso ConvergenceWarning (suppressed)
  [WARN] 6/70 points came from a fit whose glasso failed; those Thetas are stale, not estimates
  [warn] FPR stalled at 0.3868 < fp_end=0.5 after 50 extra fits (cap max_extra=50); the curve stops short of fp_end
  grid extended by 50 points down to rho=0.00000, ending at FPR 0.3868
  [warn] AUC integrates to fp_end=0.5 but the curve stops at FPR 0.4934; TPR held flat above that
  pilot fit of run_em_diagonal at rho=0.30349
  -> rho_max = max|S_ij| (off-diag) = 0.52959
  rho grid: [0.52959294 0.41560334 0.32614886 0.25594857 0.20085819 0.15762547
 0.12369816 0.09707336 0.07617929 0.05978246 0.04691488 0.03681692
 0.02889244 0.02267363 0.01779336 0.01396352 0.01095801 0.00859941
 0.00674847 0.00529593]
Running run_em_diagonal over 20 rho values, extending until FPR >= 0.5...
  rho=0.52959 (1/20)
    fp=0.0010 tp=0.0238  [7.6s]
   median nu  = 0.06
   median |eta| = 4.792
  rho=0.41560 (2/20)
    fp=0.0062 tp=0.0357  [7.7s]
   median nu  = 0.075
   median |eta| = 4.582
  rho=0.32615 (3/20)
    fp=0.0185 tp=0.1786  [7.6s]
   median nu  = 0.098
   median |eta| = 4.117
  rho=0.25595 (4/20)
    fp=0.0358 tp=0.3571  [7.4s]
   median nu  = 0.139
   median |eta| = 4.035
  rho=0.20086 (5/20)
    fp=0.0672 tp=0.4762  [7.6s]
   median nu  = 0.194
   median |eta| = 3.774
  rho=0.15763 (6/20)
    fp=0.1017 tp=0.5714  [7.5s]
   median nu  = 0.242
   median |eta| = 3.097
  rho=0.12370 (7/20)
    fp=0.1397 tp=0.6310  [7.4s]
   median nu  = 0.28
   median |eta| = 2.667
  rho=0.09707 (8/20)
    fp=0.1771 tp=0.7143  [7.5s]
   median nu  = 0.297
   median |eta| = 2.622
  rho=0.07618 (9/20)
    fp=0.2057 tp=0.7262  [7.3s]
   median nu  = 0.298
   median |eta| = 2.596
  rho=0.05978 (10/20)
    fp=0.2283 tp=0.7857  [7.0s]
   median nu  = 0.33
   median |eta| = 2.579
  rho=0.04691 (11/20)
    fp=0.2606 tp=0.8095  [7.1s]
   median nu  = 0.393
   median |eta| = 2.665
  rho=0.03682 (12/20)
    fp=0.2741 tp=0.8214  [6.4s]
   median nu  = 0.379
   median |eta| = 3.169
  rho=0.02889 (13/20)
    fp=0.2996 tp=0.8452  [6.4s]
   median nu  = 0.428
   median |eta| = 3.285
  rho=0.02267 (14/20)
    fp=0.3189 tp=0.8214  [5.8s]
   median nu  = 0.432
   median |eta| = 3.414
  rho=0.01779 (15/20)
    fp=0.3416 tp=0.8333  [5.9s]
   median nu  = 0.418
   median |eta| = 3.689
  rho=0.01396 (16/20)
    fp=0.3524 tp=0.8095  [6.3s]
   median nu  = 0.395
   median |eta| = 4.385
  rho=0.01096 (17/20)
    fp=0.3695 tp=0.8214  [5.9s]
   median nu  = 0.502
   median |eta| = 2.073
  rho=0.00860 (18/20)
    fp=0.3824 tp=0.7976  [6.2s]
   median nu  = 0.445
   median |eta| = 3.016
  rho=0.00675 (19/20)
    fp=0.4034 tp=0.8214  [6.1s]
   median nu  = 0.651
   median |eta| = 1.555
  rho=0.00530 (20/20)
    fp=0.4155 tp=0.8333  [6.1s]
   median nu  = 1.648
   median |eta| = 0.045
  rho=0.00416 (21/21)  [extra 1/50]
    fp=0.4273 tp=0.8214  [6.4s]
   median nu  = 1.742
   median |eta| = 0.108
  rho=0.00326 (22/22)  [extra 2/50]
    fp=0.4342 tp=0.8333  [6.1s]
   median nu  = 2.547
   median |eta| = 0.024
  rho=0.00256 (23/23)  [extra 3/50]
  [warn] glasso failed at iter 27: Non SPD result: the system is too ill-conditioned for this solver. The system is too ill-conditioned for this solver; keeping previous Theta
    fp=0.4474 tp=0.8095  [6.3s]  [STALE: glasso failed on 1 EM iters]
   median nu  = 2.815
   median |eta| = 0.013
  rho=0.00201 (24/24)  [extra 4/50]
    fp=0.4540 tp=0.8214  [6.3s]
   median nu  = 3.164
   median |eta| = 0.007
  rho=0.00158 (25/25)  [extra 5/50]
  [warn] glasso failed at iter 0: Non SPD result: the system is too ill-conditioned for this solver. The system is too ill-conditioned for this solver; keeping previous Theta
    fp=0.4661 tp=0.7976  [6.2s]  [STALE: glasso failed on 1 EM iters]
   median nu  = 3.869
   median |eta| = 0.003
  rho=0.00124 (26/26)  [extra 6/50]
    fp=0.4780 tp=0.8214  [6.2s]  [nu->NU_MAX x30]
   median nu  = 4.194
   median |eta| = 0.001
  rho=0.00097 (27/27)  [extra 7/50]
    fp=0.4889 tp=0.8333  [6.3s]  [nu->NU_MAX x188]
   median nu  = 4.432
   median |eta| = 0.002
  rho=0.00076 (28/28)  [extra 8/50]
    fp=0.4916 tp=0.8333  [6.3s]  [nu->NU_MAX x224]
   median nu  = 4.92
   median |eta| = 0.001
  rho=0.00060 (29/29)  [extra 9/50]
    fp=0.5115 tp=0.8333  [6.5s]  [nu->NU_MAX x570]
   median nu  = 5.059
   median |eta| = 0.001
  FPR 0.5115 >= fp_end=0.5; stopping after 29 fits
  [note] 14/29 fits hit a glasso ConvergenceWarning (suppressed)
  [WARN] 2/29 points came from a fit whose glasso failed; those Thetas are stale, not estimates
  grid extended by 9 points down to rho=0.00060, ending at FPR 0.5115
  pilot fit of run_em_exact at rho=0.30349
  -> rho_max = max|S_ij| (off-diag) = 0.61153
  rho grid: [0.6115292  0.47990363 0.37660916 0.29554779 0.23193408 0.18201258
 0.14283619 0.11209212 0.08796541 0.06903173 0.05417334 0.04251307
 0.03336255 0.0261816  0.02054627 0.01612389 0.01265338 0.00992987
 0.00779256 0.00611529]
Running run_em_exact over 20 rho values, extending until FPR >= 0.5...
  rho=0.61153 (1/20)
    fp=0.0004 tp=0.0119  [7.6s]
   median nu  = 0.054
   median |eta| = 4.863
  rho=0.47990 (2/20)
    fp=0.0021 tp=0.0238  [7.6s]
   median nu  = 0.066
   median |eta| = 4.805
  rho=0.37661 (3/20)
    fp=0.0119 tp=0.0952  [7.6s]
   median nu  = 0.084
   median |eta| = 3.87
  rho=0.29555 (4/20)
    fp=0.0257 tp=0.2619  [7.4s]
   median nu  = 0.121
   median |eta| = 2.833
  rho=0.23193 (5/20)
    fp=0.0540 tp=0.4048  [7.1s]
   median nu  = 0.2
   median |eta| = 1.897
  rho=0.18201 (6/20)
    fp=0.0941 tp=0.5238  [6.5s]
   median nu  = 0.319
   median |eta| = 1.193
  rho=0.14284 (7/20)
    fp=0.1371 tp=0.5952  [5.8s]
   median nu  = 0.451
   median |eta| = 0.661
  rho=0.11209 (8/20)
    fp=0.1825 tp=0.6667  [6.0s]
   median nu  = 0.599
   median |eta| = 0.336
  rho=0.08797 (9/20)
    fp=0.2205 tp=0.7143  [5.6s]
   median nu  = 0.78
   median |eta| = 0.191
  rho=0.06903 (10/20)
    fp=0.2612 tp=0.7619  [5.4s]
   median nu  = 0.975
   median |eta| = 0.098
  rho=0.05417 (11/20)
    fp=0.2943 tp=0.7619  [4.9s]
   median nu  = 1.203
   median |eta| = 0.05
  rho=0.04251 (12/20)
    fp=0.3239 tp=0.7738  [3.5s]
   median nu  = 1.462
   median |eta| = 0.028
  rho=0.03336 (13/20)
    fp=0.3485 tp=0.7976  [2.0s]
   median nu  = 1.735
   median |eta| = 0.015
  rho=0.02618 (14/20)
    fp=0.3711 tp=0.7976  [1.6s]
   median nu  = 2.018
   median |eta| = 0.009
  rho=0.02055 (15/20)
    fp=0.3915 tp=0.8095  [1.6s]
   median nu  = 2.309
   median |eta| = 0.004
  rho=0.01612 (16/20)
    fp=0.4120 tp=0.8214  [2.2s]
   median nu  = 2.584
   median |eta| = 0.003
  rho=0.01265 (17/20)
    fp=0.4094 tp=0.8452  [5.4s]
   median nu  = 2.972
   median |eta| = 0.001
  rho=0.00993 (18/20)
  [warn] glasso failed at iter 92: Non SPD result: the system is too ill-conditioned for this solver. The system is too ill-conditioned for this solver; keeping previous Theta
  [warn] glasso failed at iter 93: Non SPD result: the system is too ill-conditioned for this solver. The system is too ill-conditioned for this solver; keeping previous Theta
  [warn] glasso failed at iter 94: Non SPD result: the system is too ill-conditioned for this solver. The system is too ill-conditioned for this solver; keeping previous Theta
  [warn] glasso failed at iter 102: Non SPD result: the system is too ill-conditioned for this solver. The system is too ill-conditioned for this solver; keeping previous Theta
  [warn] glasso failed at iter 104: Non SPD result: the system is too ill-conditioned for this solver. The system is too ill-conditioned for this solver; keeping previous Theta
  [warn] glasso failed at iter 105: Non SPD result: the system is too ill-conditioned for this solver. The system is too ill-conditioned for this solver; keeping previous Theta
  [warn] glasso failed at iter 106: Non SPD result: the system is too ill-conditioned for this solver. The system is too ill-conditioned for this solver; keeping previous Theta
  [warn] glasso failed at iter 107: Non SPD result: the system is too ill-conditioned for this solver. The system is too ill-conditioned for this solver; keeping previous Theta
  [warn] glasso failed at iter 108: Non SPD result: the system is too ill-conditioned for this solver. The system is too ill-conditioned for this solver; keeping previous Theta
  [warn] glasso failed at iter 109: Non SPD result: the system is too ill-conditioned for this solver. The system is too ill-conditioned for this solver; keeping previous Theta
  [warn] glasso failed at iter 110: Non SPD result: the system is too ill-conditioned for this solver. The system is too ill-conditioned for this solver; keeping previous Theta
  [warn] glasso failed at iter 111: Non SPD result: the system is too ill-conditioned for this solver. The system is too ill-conditioned for this solver; keeping previous Theta
  [warn] glasso failed at iter 112: Non SPD result: the system is too ill-conditioned for this solver. The system is too ill-conditioned for this solver; keeping previous Theta
  [warn] glasso failed at iter 113: Non SPD result: the system is too ill-conditioned for this solver. The system is too ill-conditioned for this solver; keeping previous Theta
  [warn] glasso failed at iter 114: Non SPD result: the system is too ill-conditioned for this solver. The system is too ill-conditioned for this solver; keeping previous Theta
  [warn] glasso failed at iter 115: Non SPD result: the system is too ill-conditioned for this solver. The system is too ill-conditioned for this solver; keeping previous Theta
  [warn] glasso failed at iter 116: Non SPD result: the system is too ill-conditioned for this solver. The system is too ill-conditioned for this solver; keeping previous Theta
  [warn] glasso failed at iter 117: Non SPD result: the system is too ill-conditioned for this solver. The system is too ill-conditioned for this solver; keeping previous Theta
  [warn] glasso failed at iter 118: Non SPD result: the system is too ill-conditioned for this solver. The system is too ill-conditioned for this solver; keeping previous Theta
  [warn] glasso failed at iter 119: Non SPD result: the system is too ill-conditioned for this solver. The system is too ill-conditioned for this solver; keeping previous Theta
  [warn] glasso failed at iter 120: Non SPD result: the system is too ill-conditioned for this solver. The system is too ill-conditioned for this solver; keeping previous Theta
  [warn] glasso failed at iter 121: Non SPD result: the system is too ill-conditioned for this solver. The system is too ill-conditioned for this solver; keeping previous Theta
  [warn] glasso failed at iter 122: Non SPD result: the system is too ill-conditioned for this solver. The system is too ill-conditioned for this solver; keeping previous Theta
  [warn] glasso failed at iter 123: Non SPD result: the system is too ill-conditioned for this solver. The system is too ill-conditioned for this solver; keeping previous Theta
  [warn] glasso failed at iter 124: Non SPD result: the system is too ill-conditioned for this solver. The system is too ill-conditioned for this solver; keeping previous Theta
  [warn] glasso failed at iter 125: Non SPD result: the system is too ill-conditioned for this solver. The system is too ill-conditioned for this solver; keeping previous Theta
  [warn] glasso failed at iter 126: Non SPD result: the system is too ill-conditioned for this solver. The system is too ill-conditioned for this solver; keeping previous Theta
  [warn] glasso failed at iter 127: Non SPD result: the system is too ill-conditioned for this solver. The system is too ill-conditioned for this solver; keeping previous Theta
  [warn] glasso failed at iter 128: Non SPD result: the system is too ill-conditioned for this solver. The system is too ill-conditioned for this solver; keeping previous Theta
  [warn] glasso failed at iter 129: Non SPD result: the system is too ill-conditioned for this solver. The system is too ill-conditioned for this solver; keeping previous Theta
  [warn] glasso failed at iter 130: Non SPD result: the system is too ill-conditioned for this solver. The system is too ill-conditioned for this solver; keeping previous Theta
  [warn] glasso failed at iter 131: Non SPD result: the system is too ill-conditioned for this solver. The system is too ill-conditioned for this solver; keeping previous Theta
  [warn] glasso failed at iter 132: Non SPD result: the system is too ill-conditioned for this solver. The system is too ill-conditioned for this solver; keeping previous Theta
  [warn] glasso failed at iter 133: Non SPD result: the system is too ill-conditioned for this solver. The system is too ill-conditioned for this solver; keeping previous Theta
  [warn] glasso failed at iter 134: Non SPD result: the system is too ill-conditioned for this solver. The system is too ill-conditioned for this solver; keeping previous Theta
  [warn] glasso failed at iter 135: Non SPD result: the system is too ill-conditioned for this solver. The system is too ill-conditioned for this solver; keeping previous Theta
  [warn] glasso failed at iter 136: Non SPD result: the system is too ill-conditioned for this solver. The system is too ill-conditioned for this solver; keeping previous Theta
  [warn] glasso failed at iter 137: Non SPD result: the system is too ill-conditioned for this solver. The system is too ill-conditioned for this solver; keeping previous Theta
  [warn] glasso failed at iter 138: Non SPD result: the system is too ill-conditioned for this solver. The system is too ill-conditioned for this solver; keeping previous Theta
  [warn] glasso failed at iter 139: Non SPD result: the system is too ill-conditioned for this solver. The system is too ill-conditioned for this solver; keeping previous Theta
  [warn] glasso failed at iter 140: Non SPD result: the system is too ill-conditioned for this solver. The system is too ill-conditioned for this solver; keeping previous Theta
  [warn] glasso failed at iter 141: Non SPD result: the system is too ill-conditioned for this solver. The system is too ill-conditioned for this solver; keeping previous Theta
  [warn] glasso failed at iter 142: Non SPD result: the system is too ill-conditioned for this solver. The system is too ill-conditioned for this solver; keeping previous Theta
  [warn] glasso failed at iter 143: Non SPD result: the system is too ill-conditioned for this solver. The system is too ill-conditioned for this solver; keeping previous Theta
  [warn] glasso failed at iter 144: Non SPD result: the system is too ill-conditioned for this solver. The system is too ill-conditioned for this solver; keeping previous Theta
  [warn] glasso failed at iter 145: Non SPD result: the system is too ill-conditioned for this solver. The system is too ill-conditioned for this solver; keeping previous Theta
  [warn] glasso failed at iter 146: Non SPD result: the system is too ill-conditioned for this solver. The system is too ill-conditioned for this solver; keeping previous Theta
  [warn] glasso failed at iter 147: Non SPD result: the system is too ill-conditioned for this solver. The system is too ill-conditioned for this solver; keeping previous Theta
  [warn] glasso failed at iter 148: Non SPD result: the system is too ill-conditioned for this solver. The system is too ill-conditioned for this solver; keeping previous Theta
  [warn] glasso failed at iter 149: Non SPD result: the system is too ill-conditioned for this solver. The system is too ill-conditioned for this solver; keeping previous Theta
  [warn] glasso failed at iter 150: Non SPD result: the system is too ill-conditioned for this solver. The system is too ill-conditioned for this solver; keeping previous Theta
  [warn] glasso failed at iter 151: Non SPD result: the system is too ill-conditioned for this solver. The system is too ill-conditioned for this solver; keeping previous Theta
  [warn] glasso failed at iter 152: Non SPD result: the system is too ill-conditioned for this solver. The system is too ill-conditioned for this solver; keeping previous Theta
  [warn] glasso failed at iter 153: Non SPD result: the system is too ill-conditioned for this solver. The system is too ill-conditioned for this solver; keeping previous Theta
  [warn] glasso failed at iter 154: Non SPD result: the system is too ill-conditioned for this solver. The system is too ill-conditioned for this solver; keeping previous Theta
  [warn] glasso failed at iter 155: Non SPD result: the system is too ill-conditioned for this solver. The system is too ill-conditioned for this solver; keeping previous Theta
  [warn] glasso failed at iter 156: Non SPD result: the system is too ill-conditioned for this solver. The system is too ill-conditioned for this solver; keeping previous Theta
  [warn] glasso failed at iter 157: Non SPD result: the system is too ill-conditioned for this solver. The system is too ill-conditioned for this solver; keeping previous Theta
  [warn] glasso failed at iter 158: Non SPD result: the system is too ill-conditioned for this solver. The system is too ill-conditioned for this solver; keeping previous Theta
  [warn] glasso failed at iter 159: Non SPD result: the system is too ill-conditioned for this solver. The system is too ill-conditioned for this solver; keeping previous Theta
  [warn] glasso failed at iter 160: Non SPD result: the system is too ill-conditioned for this solver. The system is too ill-conditioned for this solver; keeping previous Theta
  [warn] glasso failed at iter 161: Non SPD result: the system is too ill-conditioned for this solver. The system is too ill-conditioned for this solver; keeping previous Theta
  [warn] glasso failed at iter 162: Non SPD result: the system is too ill-conditioned for this solver. The system is too ill-conditioned for this solver; keeping previous Theta
  [warn] glasso failed at iter 163: Non SPD result: the system is too ill-conditioned for this solver. The system is too ill-conditioned for this solver; keeping previous Theta
  [warn] glasso failed at iter 164: Non SPD result: the system is too ill-conditioned for this solver. The system is too ill-conditioned for this solver; keeping previous Theta
  [warn] glasso failed at iter 165: Non SPD result: the system is too ill-conditioned for this solver. The system is too ill-conditioned for this solver; keeping previous Theta
  [warn] glasso failed at iter 166: Non SPD result: the system is too ill-conditioned for this solver. The system is too ill-conditioned for this solver; keeping previous Theta
    fp=0.1432 tp=0.4167  [8.4s]  [STALE: glasso failed on 67 EM iters]  [nu->NU_MAX x2078]
   median nu  = 8.638
   median |eta| = 0.001
  rho=0.00779 (19/20)
  [warn] glasso failed at iter 0: Non SPD result: the system is too ill-conditioned for this solver. The system is too ill-conditioned for this solver; keeping previous Theta
  [warn] glasso failed at iter 1: Non SPD result: the system is too ill-conditioned for this solver. The system is too ill-conditioned for this solver; keeping previous Theta
  [warn] glasso failed at iter 3: Non SPD result: the system is too ill-conditioned for this solver. The system is too ill-conditioned for this solver; keeping previous Theta
  [warn] glasso failed at iter 4: Non SPD result: the system is too ill-conditioned for this solver. The system is too ill-conditioned for this solver; keeping previous Theta
  [warn] glasso failed at iter 5: Non SPD result: the system is too ill-conditioned for this solver. The system is too ill-conditioned for this solver; keeping previous Theta
  [warn] glasso failed at iter 6: Non SPD result: the system is too ill-conditioned for this solver. The system is too ill-conditioned for this solver; keeping previous Theta
  [warn] glasso failed at iter 7: Non SPD result: the system is too ill-conditioned for this solver. The system is too ill-conditioned for this solver; keeping previous Theta
  [warn] glasso failed at iter 8: Non SPD result: the system is too ill-conditioned for this solver. The system is too ill-conditioned for this solver; keeping previous Theta
  [warn] glasso failed at iter 9: Non SPD result: the system is too ill-conditioned for this solver. The system is too ill-conditioned for this solver; keeping previous Theta
  [warn] glasso failed at iter 10: Non SPD result: the system is too ill-conditioned for this solver. The system is too ill-conditioned for this solver; keeping previous Theta
  [warn] glasso failed at iter 11: Non SPD result: the system is too ill-conditioned for this solver. The system is too ill-conditioned for this solver; keeping previous Theta
  [warn] glasso failed at iter 12: Non SPD result: the system is too ill-conditioned for this solver. The system is too ill-conditioned for this solver; keeping previous Theta
  [warn] glasso failed at iter 13: Non SPD result: the system is too ill-conditioned for this solver. The system is too ill-conditioned for this solver; keeping previous Theta
  [warn] glasso failed at iter 14: Non SPD result: the system is too ill-conditioned for this solver. The system is too ill-conditioned for this solver; keeping previous Theta
  [warn] glasso failed at iter 15: Non SPD result: the system is too ill-conditioned for this solver. The system is too ill-conditioned for this solver; keeping previous Theta
  [warn] glasso failed at iter 16: Non SPD result: the system is too ill-conditioned for this solver. The system is too ill-conditioned for this solver; keeping previous Theta
  [warn] glasso failed at iter 17: Non SPD result: the system is too ill-conditioned for this solver. The system is too ill-conditioned for this solver; keeping previous Theta
  [warn] glasso failed at iter 18: Non SPD result: the system is too ill-conditioned for this solver. The system is too ill-conditioned for this solver; keeping previous Theta
  [warn] glasso failed at iter 19: Non SPD result: the system is too ill-conditioned for this solver. The system is too ill-conditioned for this solver; keeping previous Theta
  [warn] glasso failed at iter 20: Non SPD result: the system is too ill-conditioned for this solver. The system is too ill-conditioned for this solver; keeping previous Theta
  [warn] glasso failed at iter 21: Non SPD result: the system is too ill-conditioned for this solver. The system is too ill-conditioned for this solver; keeping previous Theta
  [warn] glasso failed at iter 22: Non SPD result: the system is too ill-conditioned for this solver. The system is too ill-conditioned for this solver; keeping previous Theta
  [warn] glasso failed at iter 23: Non SPD result: the system is too ill-conditioned for this solver. The system is too ill-conditioned for this solver; keeping previous Theta
  [warn] glasso failed at iter 24: Non SPD result: the system is too ill-conditioned for this solver. The system is too ill-conditioned for this solver; keeping previous Theta
  [warn] glasso failed at iter 25: Non SPD result: the system is too ill-conditioned for this solver. The system is too ill-conditioned for this solver; keeping previous Theta
  [warn] glasso failed at iter 26: Non SPD result: the system is too ill-conditioned for this solver. The system is too ill-conditioned for this solver; keeping previous Theta
  [warn] glasso failed at iter 27: Non SPD result: the system is too ill-conditioned for this solver. The system is too ill-conditioned for this solver; keeping previous Theta
  [warn] glasso failed at iter 28: Non SPD result: the system is too ill-conditioned for this solver. The system is too ill-conditioned for this solver; keeping previous Theta
  [warn] glasso failed at iter 29: Non SPD result: the system is too ill-conditioned for this solver. The system is too ill-conditioned for this solver; keeping previous Theta
  [warn] glasso failed at iter 30: Non SPD result: the system is too ill-conditioned for this solver. The system is too ill-conditioned for this solver; keeping previous Theta
  [warn] glasso failed at iter 31: Non SPD result: the system is too ill-conditioned for this solver. The system is too ill-conditioned for this solver; keeping previous Theta
  [warn] glasso failed at iter 32: Non SPD result: the system is too ill-conditioned for this solver. The system is too ill-conditioned for this solver; keeping previous Theta
  [warn] glasso failed at iter 33: Non SPD result: the system is too ill-conditioned for this solver. The system is too ill-conditioned for this solver; keeping previous Theta
  [warn] glasso failed at iter 34: Non SPD result: the system is too ill-conditioned for this solver. The system is too ill-conditioned for this solver; keeping previous Theta
  [warn] glasso failed at iter 35: Non SPD result: the system is too ill-conditioned for this solver. The system is too ill-conditioned for this solver; keeping previous Theta
  [warn] glasso failed at iter 36: Non SPD result: the system is too ill-conditioned for this solver. The system is too ill-conditioned for this solver; keeping previous Theta
  [warn] glasso failed at iter 37: Non SPD result: the system is too ill-conditioned for this solver. The system is too ill-conditioned for this solver; keeping previous Theta
  [warn] glasso failed at iter 38: Non SPD result: the system is too ill-conditioned for this solver. The system is too ill-conditioned for this solver; keeping previous Theta
  [warn] glasso failed at iter 39: Non SPD result: the system is too ill-conditioned for this solver. The system is too ill-conditioned for this solver; keeping previous Theta
  [warn] glasso failed at iter 40: Non SPD result: the system is too ill-conditioned for this solver. The system is too ill-conditioned for this solver; keeping previous Theta
  [warn] glasso failed at iter 41: Non SPD result: the system is too ill-conditioned for this solver. The system is too ill-conditioned for this solver; keeping previous Theta
  [warn] glasso failed at iter 42: Non SPD result: the system is too ill-conditioned for this solver. The system is too ill-conditioned for this solver; keeping previous Theta
  [warn] glasso failed at iter 43: Non SPD result: the system is too ill-conditioned for this solver. The system is too ill-conditioned for this solver; keeping previous Theta
  [warn] glasso failed at iter 44: Non SPD result: the system is too ill-conditioned for this solver. The system is too ill-conditioned for this solver; keeping previous Theta
  [warn] glasso failed at iter 45: Non SPD result: the system is too ill-conditioned for this solver. The system is too ill-conditioned for this solver; keeping previous Theta
  [warn] glasso failed at iter 46: Non SPD result: the system is too ill-conditioned for this solver. The system is too ill-conditioned for this solver; keeping previous Theta
  [warn] glasso failed at iter 47: Non SPD result: the system is too ill-conditioned for this solver. The system is too ill-conditioned for this solver; keeping previous Theta
  [warn] glasso failed at iter 48: Non SPD result: the system is too ill-conditioned for this solver. The system is too ill-conditioned for this solver; keeping previous Theta
  [warn] glasso failed at iter 49: Non SPD result: the system is too ill-conditioned for this solver. The system is too ill-conditioned for this solver; keeping previous Theta
  [warn] glasso failed at iter 50: Non SPD result: the system is too ill-conditioned for this solver. The system is too ill-conditioned for this solver; keeping previous Theta
  [warn] glasso failed at iter 51: Non SPD result: the system is too ill-conditioned for this solver. The system is too ill-conditioned for this solver; keeping previous Theta
  [warn] glasso failed at iter 52: Non SPD result: the system is too ill-conditioned for this solver. The system is too ill-conditioned for this solver; keeping previous Theta
  [warn] glasso failed at iter 53: Non SPD result: the system is too ill-conditioned for this solver. The system is too ill-conditioned for this solver; keeping previous Theta
  [warn] glasso failed at iter 54: Non SPD result: the system is too ill-conditioned for this solver. The system is too ill-conditioned for this solver; keeping previous Theta
  [warn] glasso failed at iter 55: Non SPD result: the system is too ill-conditioned for this solver. The system is too ill-conditioned for this solver; keeping previous Theta
  [warn] glasso failed at iter 56: Non SPD result: the system is too ill-conditioned for this solver. The system is too ill-conditioned for this solver; keeping previous Theta
  [warn] glasso failed at iter 57: Non SPD result: the system is too ill-conditioned for this solver. The system is too ill-conditioned for this solver; keeping previous Theta
  [warn] glasso failed at iter 58: Non SPD result: the system is too ill-conditioned for this solver. The system is too ill-conditioned for this solver; keeping previous Theta
  [warn] glasso failed at iter 59: Non SPD result: the system is too ill-conditioned for this solver. The system is too ill-conditioned for this solver; keeping previous Theta
  [warn] glasso failed at iter 60: Non SPD result: the system is too ill-conditioned for this solver. The system is too ill-conditioned for this solver; keeping previous Theta
  [warn] glasso failed at iter 61: Non SPD result: the system is too ill-conditioned for this solver. The system is too ill-conditioned for this solver; keeping previous Theta
  [warn] glasso failed at iter 62: Non SPD result: the system is too ill-conditioned for this solver. The system is too ill-conditioned for this solver; keeping previous Theta
  [warn] glasso failed at iter 63: Non SPD result: the system is too ill-conditioned for this solver. The system is too ill-conditioned for this solver; keeping previous Theta
  [warn] glasso failed at iter 64: Non SPD result: the system is too ill-conditioned for this solver. The system is too ill-conditioned for this solver; keeping previous Theta
  [warn] glasso failed at iter 65: Non SPD result: the system is too ill-conditioned for this solver. The system is too ill-conditioned for this solver; keeping previous Theta
  [warn] glasso failed at iter 66: Non SPD result: the system is too ill-conditioned for this solver. The system is too ill-conditioned for this solver; keeping previous Theta
  [warn] glasso failed at iter 67: Non SPD result: the system is too ill-conditioned for this solver. The system is too ill-conditioned for this solver; keeping previous Theta
  [warn] glasso failed at iter 68: Non SPD result: the system is too ill-conditioned for this solver. The system is too ill-conditioned for this solver; keeping previous Theta
    fp=0.2053 tp=0.4643  [5.6s]  [STALE: glasso failed on 68 EM iters]  [nu->NU_MAX x1497]
   median nu  = 7.816
   median |eta| = 0.001
  rho=0.00612 (20/20)
  [warn] glasso failed at iter 2: Non SPD result: the system is too ill-conditioned for this solver. The system is too ill-conditioned for this solver; keeping previous Theta
  [warn] glasso failed at iter 3: Non SPD result: the system is too ill-conditioned for this solver. The system is too ill-conditioned for this solver; keeping previous Theta
  [warn] glasso failed at iter 4: Non SPD result: the system is too ill-conditioned for this solver. The system is too ill-conditioned for this solver; keeping previous Theta
  [warn] glasso failed at iter 5: Non SPD result: the system is too ill-conditioned for this solver. The system is too ill-conditioned for this solver; keeping previous Theta
  [warn] glasso failed at iter 6: Non SPD result: the system is too ill-conditioned for this solver. The system is too ill-conditioned for this solver; keeping previous Theta
  [warn] glasso failed at iter 7: Non SPD result: the system is too ill-conditioned for this solver. The system is too ill-conditioned for this solver; keeping previous Theta
  [warn] glasso failed at iter 8: Non SPD result: the system is too ill-conditioned for this solver. The system is too ill-conditioned for this solver; keeping previous Theta
  [warn] glasso failed at iter 9: Non SPD result: the system is too ill-conditioned for this solver. The system is too ill-conditioned for this solver; keeping previous Theta
  [warn] glasso failed at iter 10: Non SPD result: the system is too ill-conditioned for this solver. The system is too ill-conditioned for this solver; keeping previous Theta
  [warn] glasso failed at iter 11: Non SPD result: the system is too ill-conditioned for this solver. The system is too ill-conditioned for this solver; keeping previous Theta
  [warn] glasso failed at iter 12: Non SPD result: the system is too ill-conditioned for this solver. The system is too ill-conditioned for this solver; keeping previous Theta
  [warn] glasso failed at iter 13: Non SPD result: the system is too ill-conditioned for this solver. The system is too ill-conditioned for this solver; keeping previous Theta
  [warn] glasso failed at iter 14: Non SPD result: the system is too ill-conditioned for this solver. The system is too ill-conditioned for this solver; keeping previous Theta
  [warn] glasso failed at iter 15: Non SPD result: the system is too ill-conditioned for this solver. The system is too ill-conditioned for this solver; keeping previous Theta
  [warn] glasso failed at iter 16: Non SPD result: the system is too ill-conditioned for this solver. The system is too ill-conditioned for this solver; keeping previous Theta
  [warn] glasso failed at iter 17: Non SPD result: the system is too ill-conditioned for this solver. The system is too ill-conditioned for this solver; keeping previous Theta
  [warn] glasso failed at iter 18: Non SPD result: the system is too ill-conditioned for this solver. The system is too ill-conditioned for this solver; keeping previous Theta
  [warn] glasso failed at iter 19: Non SPD result: the system is too ill-conditioned for this solver. The system is too ill-conditioned for this solver; keeping previous Theta
  [warn] glasso failed at iter 20: Non SPD result: the system is too ill-conditioned for this solver. The system is too ill-conditioned for this solver; keeping previous Theta
  [warn] glasso failed at iter 21: Non SPD result: the system is too ill-conditioned for this solver. The system is too ill-conditioned for this solver; keeping previous Theta
  [warn] glasso failed at iter 22: Non SPD result: the system is too ill-conditioned for this solver. The system is too ill-conditioned for this solver; keeping previous Theta
  [warn] glasso failed at iter 23: Non SPD result: the system is too ill-conditioned for this solver. The system is too ill-conditioned for this solver; keeping previous Theta
  [warn] glasso failed at iter 24: Non SPD result: the system is too ill-conditioned for this solver. The system is too ill-conditioned for this solver; keeping previous Theta
  [warn] glasso failed at iter 25: Non SPD result: the system is too ill-conditioned for this solver. The system is too ill-conditioned for this solver; keeping previous Theta
  [warn] glasso failed at iter 26: Non SPD result: the system is too ill-conditioned for this solver. The system is too ill-conditioned for this solver; keeping previous Theta
  [warn] glasso failed at iter 27: Non SPD result: the system is too ill-conditioned for this solver. The system is too ill-conditioned for this solver; keeping previous Theta
  [warn] glasso failed at iter 28: Non SPD result: the system is too ill-conditioned for this solver. The system is too ill-conditioned for this solver; keeping previous Theta
  [warn] glasso failed at iter 29: Non SPD result: the system is too ill-conditioned for this solver. The system is too ill-conditioned for this solver; keeping previous Theta
  [warn] glasso failed at iter 30: Non SPD result: the system is too ill-conditioned for this solver. The system is too ill-conditioned for this solver; keeping previous Theta
  [warn] glasso failed at iter 31: Non SPD result: the system is too ill-conditioned for this solver. The system is too ill-conditioned for this solver; keeping previous Theta
  [warn] glasso failed at iter 32: Non SPD result: the system is too ill-conditioned for this solver. The system is too ill-conditioned for this solver; keeping previous Theta
  [warn] glasso failed at iter 33: Non SPD result: the system is too ill-conditioned for this solver. The system is too ill-conditioned for this solver; keeping previous Theta
  [warn] glasso failed at iter 34: Non SPD result: the system is too ill-conditioned for this solver. The system is too ill-conditioned for this solver; keeping previous Theta
  [warn] glasso failed at iter 35: Non SPD result: the system is too ill-conditioned for this solver. The system is too ill-conditioned for this solver; keeping previous Theta
  [warn] glasso failed at iter 36: Non SPD result: the system is too ill-conditioned for this solver. The system is too ill-conditioned for this solver; keeping previous Theta
  [warn] glasso failed at iter 37: Non SPD result: the system is too ill-conditioned for this solver. The system is too ill-conditioned for this solver; keeping previous Theta
  [warn] glasso failed at iter 38: Non SPD result: the system is too ill-conditioned for this solver. The system is too ill-conditioned for this solver; keeping previous Theta
  [warn] glasso failed at iter 39: Non SPD result: the system is too ill-conditioned for this solver. The system is too ill-conditioned for this solver; keeping previous Theta
  [warn] glasso failed at iter 40: Non SPD result: the system is too ill-conditioned for this solver. The system is too ill-conditioned for this solver; keeping previous Theta
  [warn] glasso failed at iter 41: Non SPD result: the system is too ill-conditioned for this solver. The system is too ill-conditioned for this solver; keeping previous Theta
  [warn] glasso failed at iter 42: Non SPD result: the system is too ill-conditioned for this solver. The system is too ill-conditioned for this solver; keeping previous Theta
  [warn] glasso failed at iter 43: Non SPD result: the system is too ill-conditioned for this solver. The system is too ill-conditioned for this solver; keeping previous Theta
  [warn] glasso failed at iter 44: Non SPD result: the system is too ill-conditioned for this solver. The system is too ill-conditioned for this solver; keeping previous Theta
  [warn] glasso failed at iter 45: Non SPD result: the system is too ill-conditioned for this solver. The system is too ill-conditioned for this solver; keeping previous Theta
  [warn] glasso failed at iter 46: Non SPD result: the system is too ill-conditioned for this solver. The system is too ill-conditioned for this solver; keeping previous Theta
  [warn] glasso failed at iter 47: Non SPD result: the system is too ill-conditioned for this solver. The system is too ill-conditioned for this solver; keeping previous Theta
  [warn] glasso failed at iter 48: Non SPD result: the system is too ill-conditioned for this solver. The system is too ill-conditioned for this solver; keeping previous Theta
  [warn] glasso failed at iter 49: Non SPD result: the system is too ill-conditioned for this solver. The system is too ill-conditioned for this solver; keeping previous Theta
  [warn] glasso failed at iter 50: Non SPD result: the system is too ill-conditioned for this solver. The system is too ill-conditioned for this solver; keeping previous Theta
  [warn] glasso failed at iter 51: Non SPD result: the system is too ill-conditioned for this solver. The system is too ill-conditioned for this solver; keeping previous Theta
  [warn] glasso failed at iter 52: Non SPD result: the system is too ill-conditioned for this solver. The system is too ill-conditioned for this solver; keeping previous Theta
    fp=0.3494 tp=0.6190  [3.6s]  [STALE: glasso failed on 51 EM iters]  [nu->NU_MAX x904]
   median nu  = 6.446
   median |eta| = 0.002
  rho=0.00480 (21/21)  [extra 1/50]
  [warn] glasso failed at iter 5: Non SPD result: the system is too ill-conditioned for this solver. The system is too ill-conditioned for this solver; keeping previous Theta
  [warn] glasso failed at iter 6: Non SPD result: the system is too ill-conditioned for this solver. The system is too ill-conditioned for this solver; keeping previous Theta
  [warn] glasso failed at iter 9: Non SPD result: the system is too ill-conditioned for this solver. The system is too ill-conditioned for this solver; keeping previous Theta
  [warn] glasso failed at iter 17: Non SPD result: the system is too ill-conditioned for this solver. The system is too ill-conditioned for this solver; keeping previous Theta
  [warn] glasso failed at iter 18: Non SPD result: the system is too ill-conditioned for this solver. The system is too ill-conditioned for this solver; keeping previous Theta
  [warn] glasso failed at iter 19: Non SPD result: the system is too ill-conditioned for this solver. The system is too ill-conditioned for this solver; keeping previous Theta
  [warn] glasso failed at iter 20: Non SPD result: the system is too ill-conditioned for this solver. The system is too ill-conditioned for this solver; keeping previous Theta
  [warn] glasso failed at iter 21: Non SPD result: the system is too ill-conditioned for this solver. The system is too ill-conditioned for this solver; keeping previous Theta
  [warn] glasso failed at iter 22: Non SPD result: the system is too ill-conditioned for this solver. The system is too ill-conditioned for this solver; keeping previous Theta
  [warn] glasso failed at iter 23: Non SPD result: the system is too ill-conditioned for this solver. The system is too ill-conditioned for this solver; keeping previous Theta
  [warn] glasso failed at iter 24: Non SPD result: the system is too ill-conditioned for this solver. The system is too ill-conditioned for this solver; keeping previous Theta
  [warn] glasso failed at iter 25: Non SPD result: the system is too ill-conditioned for this solver. The system is too ill-conditioned for this solver; keeping previous Theta
  [warn] glasso failed at iter 26: Non SPD result: the system is too ill-conditioned for this solver. The system is too ill-conditioned for this solver; keeping previous Theta
  [warn] glasso failed at iter 27: Non SPD result: the system is too ill-conditioned for this solver. The system is too ill-conditioned for this solver; keeping previous Theta
  [warn] glasso failed at iter 28: Non SPD result: the system is too ill-conditioned for this solver. The system is too ill-conditioned for this solver; keeping previous Theta
  [warn] glasso failed at iter 29: Non SPD result: the system is too ill-conditioned for this solver. The system is too ill-conditioned for this solver; keeping previous Theta
  [warn] glasso failed at iter 30: Non SPD result: the system is too ill-conditioned for this solver. The system is too ill-conditioned for this solver; keeping previous Theta
  [warn] glasso failed at iter 31: Non SPD result: the system is too ill-conditioned for this solver. The system is too ill-conditioned for this solver; keeping previous Theta
  [warn] glasso failed at iter 32: Non SPD result: the system is too ill-conditioned for this solver. The system is too ill-conditioned for this solver; keeping previous Theta
  [warn] glasso failed at iter 33: Non SPD result: the system is too ill-conditioned for this solver. The system is too ill-conditioned for this solver; keeping previous Theta
  [warn] glasso failed at iter 34: Non SPD result: the system is too ill-conditioned for this solver. The system is too ill-conditioned for this solver; keeping previous Theta
  [warn] glasso failed at iter 35: Non SPD result: the system is too ill-conditioned for this solver. The system is too ill-conditioned for this solver; keeping previous Theta
  [warn] glasso failed at iter 36: Non SPD result: the system is too ill-conditioned for this solver. The system is too ill-conditioned for this solver; keeping previous Theta
  [warn] glasso failed at iter 37: Non SPD result: the system is too ill-conditioned for this solver. The system is too ill-conditioned for this solver; keeping previous Theta
  [warn] glasso failed at iter 38: Non SPD result: the system is too ill-conditioned for this solver. The system is too ill-conditioned for this solver; keeping previous Theta
  [warn] glasso failed at iter 39: Non SPD result: the system is too ill-conditioned for this solver. The system is too ill-conditioned for this solver; keeping previous Theta
  [warn] glasso failed at iter 40: Non SPD result: the system is too ill-conditioned for this solver. The system is too ill-conditioned for this solver; keeping previous Theta
  [warn] glasso failed at iter 41: Non SPD result: the system is too ill-conditioned for this solver. The system is too ill-conditioned for this solver; keeping previous Theta
  [warn] glasso failed at iter 42: Non SPD result: the system is too ill-conditioned for this solver. The system is too ill-conditioned for this solver; keeping previous Theta
  [warn] glasso failed at iter 43: Non SPD result: the system is too ill-conditioned for this solver. The system is too ill-conditioned for this solver; keeping previous Theta
  [warn] glasso failed at iter 44: Non SPD result: the system is too ill-conditioned for this solver. The system is too ill-conditioned for this solver; keeping previous Theta
  [warn] glasso failed at iter 45: Non SPD result: the system is too ill-conditioned for this solver. The system is too ill-conditioned for this solver; keeping previous Theta
  [warn] glasso failed at iter 46: Non SPD result: the system is too ill-conditioned for this solver. The system is too ill-conditioned for this solver; keeping previous Theta
  [warn] glasso failed at iter 47: Non SPD result: the system is too ill-conditioned for this solver. The system is too ill-conditioned for this solver; keeping previous Theta
  [warn] glasso failed at iter 48: Non SPD result: the system is too ill-conditioned for this solver. The system is too ill-conditioned for this solver; keeping previous Theta
  [warn] glasso failed at iter 49: Non SPD result: the system is too ill-conditioned for this solver. The system is too ill-conditioned for this solver; keeping previous Theta
  [warn] glasso failed at iter 50: Non SPD result: the system is too ill-conditioned for this solver. The system is too ill-conditioned for this solver; keeping previous Theta
  [warn] glasso failed at iter 51: Non SPD result: the system is too ill-conditioned for this solver. The system is too ill-conditioned for this solver; keeping previous Theta
  [warn] glasso failed at iter 52: Non SPD result: the system is too ill-conditioned for this solver. The system is too ill-conditioned for this solver; keeping previous Theta
  [warn] glasso failed at iter 53: Non SPD result: the system is too ill-conditioned for this solver. The system is too ill-conditioned for this solver; keeping previous Theta
  [warn] glasso failed at iter 54: Non SPD result: the system is too ill-conditioned for this solver. The system is too ill-conditioned for this solver; keeping previous Theta
  [warn] glasso failed at iter 55: Non SPD result: the system is too ill-conditioned for this solver. The system is too ill-conditioned for this solver; keeping previous Theta
  [warn] glasso failed at iter 56: Non SPD result: the system is too ill-conditioned for this solver. The system is too ill-conditioned for this solver; keeping previous Theta
  [warn] glasso failed at iter 57: Non SPD result: the system is too ill-conditioned for this solver. The system is too ill-conditioned for this solver; keeping previous Theta
  [warn] glasso failed at iter 58: Non SPD result: the system is too ill-conditioned for this solver. The system is too ill-conditioned for this solver; keeping previous Theta
  [warn] glasso failed at iter 59: Non SPD result: the system is too ill-conditioned for this solver. The system is too ill-conditioned for this solver; keeping previous Theta
  [warn] glasso failed at iter 60: Non SPD result: the system is too ill-conditioned for this solver. The system is too ill-conditioned for this solver; keeping previous Theta
  [warn] glasso failed at iter 61: Non SPD result: the system is too ill-conditioned for this solver. The system is too ill-conditioned for this solver; keeping previous Theta
  [warn] glasso failed at iter 62: Non SPD result: the system is too ill-conditioned for this solver. The system is too ill-conditioned for this solver; keeping previous Theta
  [warn] glasso failed at iter 63: Non SPD result: the system is too ill-conditioned for this solver. The system is too ill-conditioned for this solver; keeping previous Theta
  [warn] glasso failed at iter 64: Non SPD result: the system is too ill-conditioned for this solver. The system is too ill-conditioned for this solver; keeping previous Theta
  [warn] glasso failed at iter 65: Non SPD result: the system is too ill-conditioned for this solver. The system is too ill-conditioned for this solver; keeping previous Theta
  [warn] glasso failed at iter 66: Non SPD result: the system is too ill-conditioned for this solver. The system is too ill-conditioned for this solver; keeping previous Theta
  [warn] glasso failed at iter 67: Non SPD result: the system is too ill-conditioned for this solver. The system is too ill-conditioned for this solver; keeping previous Theta
  [warn] glasso failed at iter 68: Non SPD result: the system is too ill-conditioned for this solver. The system is too ill-conditioned for this solver; keeping previous Theta
    fp=0.1601 tp=0.3571  [5.2s]  [STALE: glasso failed on 55 EM iters]  [nu->NU_MAX x3439]
   median nu  = 10.0
   median |eta| = 0.0
  rho=0.00377 (22/22)  [extra 2/50]
  [warn] glasso failed at iter 2: Non SPD result: the system is too ill-conditioned for this solver. The system is too ill-conditioned for this solver; keeping previous Theta
  [warn] glasso failed at iter 4: Non SPD result: the system is too ill-conditioned for this solver. The system is too ill-conditioned for this solver; keeping previous Theta
  [warn] glasso failed at iter 5: Non SPD result: the system is too ill-conditioned for this solver. The system is too ill-conditioned for this solver; keeping previous Theta
  [warn] glasso failed at iter 6: Non SPD result: the system is too ill-conditioned for this solver. The system is too ill-conditioned for this solver; keeping previous Theta
  [warn] glasso failed at iter 7: Non SPD result: the system is too ill-conditioned for this solver. The system is too ill-conditioned for this solver; keeping previous Theta
  [warn] glasso failed at iter 8: Non SPD result: the system is too ill-conditioned for this solver. The system is too ill-conditioned for this solver; keeping previous Theta
  [warn] glasso failed at iter 9: Non SPD result: the system is too ill-conditioned for this solver. The system is too ill-conditioned for this solver; keeping previous Theta
  [warn] glasso failed at iter 10: Non SPD result: the system is too ill-conditioned for this solver. The system is too ill-conditioned for this solver; keeping previous Theta
  [warn] glasso failed at iter 11: Non SPD result: the system is too ill-conditioned for this solver. The system is too ill-conditioned for this solver; keeping previous Theta
  [warn] glasso failed at iter 12: Non SPD result: the system is too ill-conditioned for this solver. The system is too ill-conditioned for this solver; keeping previous Theta
  [warn] glasso failed at iter 13: Non SPD result: the system is too ill-conditioned for this solver. The system is too ill-conditioned for this solver; keeping previous Theta
  [warn] glasso failed at iter 14: Non SPD result: the system is too ill-conditioned for this solver. The system is too ill-conditioned for this solver; keeping previous Theta
  [warn] glasso failed at iter 15: Non SPD result: the system is too ill-conditioned for this solver. The system is too ill-conditioned for this solver; keeping previous Theta
  [warn] glasso failed at iter 16: Non SPD result: the system is too ill-conditioned for this solver. The system is too ill-conditioned for this solver; keeping previous Theta
  [warn] glasso failed at iter 17: Non SPD result: the system is too ill-conditioned for this solver. The system is too ill-conditioned for this solver; keeping previous Theta
  [warn] glasso failed at iter 18: Non SPD result: the system is too ill-conditioned for this solver. The system is too ill-conditioned for this solver; keeping previous Theta
  [warn] glasso failed at iter 19: Non SPD result: the system is too ill-conditioned for this solver. The system is too ill-conditioned for this solver; keeping previous Theta
  [warn] glasso failed at iter 20: Non SPD result: the system is too ill-conditioned for this solver. The system is too ill-conditioned for this solver; keeping previous Theta
  [warn] glasso failed at iter 21: Non SPD result: the system is too ill-conditioned for this solver. The system is too ill-conditioned for this solver; keeping previous Theta
  [warn] glasso failed at iter 22: Non SPD result: the system is too ill-conditioned for this solver. The system is too ill-conditioned for this solver; keeping previous Theta
  [warn] glasso failed at iter 23: Non SPD result: the system is too ill-conditioned for this solver. The system is too ill-conditioned for this solver; keeping previous Theta
  [warn] glasso failed at iter 24: Non SPD result: the system is too ill-conditioned for this solver. The system is too ill-conditioned for this solver; keeping previous Theta
  [warn] glasso failed at iter 25: Non SPD result: the system is too ill-conditioned for this solver. The system is too ill-conditioned for this solver; keeping previous Theta
  [warn] glasso failed at iter 26: Non SPD result: the system is too ill-conditioned for this solver. The system is too ill-conditioned for this solver; keeping previous Theta
  [warn] glasso failed at iter 27: Non SPD result: the system is too ill-conditioned for this solver. The system is too ill-conditioned for this solver; keeping previous Theta
  [warn] glasso failed at iter 28: Non SPD result: the system is too ill-conditioned for this solver. The system is too ill-conditioned for this solver; keeping previous Theta
  [warn] glasso failed at iter 29: Non SPD result: the system is too ill-conditioned for this solver. The system is too ill-conditioned for this solver; keeping previous Theta
  [warn] glasso failed at iter 30: Non SPD result: the system is too ill-conditioned for this solver. The system is too ill-conditioned for this solver; keeping previous Theta
  [warn] glasso failed at iter 31: Non SPD result: the system is too ill-conditioned for this solver. The system is too ill-conditioned for this solver; keeping previous Theta
  [warn] glasso failed at iter 32: Non SPD result: the system is too ill-conditioned for this solver. The system is too ill-conditioned for this solver; keeping previous Theta
  [warn] glasso failed at iter 33: Non SPD result: the system is too ill-conditioned for this solver. The system is too ill-conditioned for this solver; keeping previous Theta
  [warn] glasso failed at iter 34: Non SPD result: the system is too ill-conditioned for this solver. The system is too ill-conditioned for this solver; keeping previous Theta
  [warn] glasso failed at iter 35: Non SPD result: the system is too ill-conditioned for this solver. The system is too ill-conditioned for this solver; keeping previous Theta
  [warn] glasso failed at iter 36: Non SPD result: the system is too ill-conditioned for this solver. The system is too ill-conditioned for this solver; keeping previous Theta
  [warn] glasso failed at iter 37: Non SPD result: the system is too ill-conditioned for this solver. The system is too ill-conditioned for this solver; keeping previous Theta
  [warn] glasso failed at iter 38: Non SPD result: the system is too ill-conditioned for this solver. The system is too ill-conditioned for this solver; keeping previous Theta
  [warn] glasso failed at iter 39: Non SPD result: the system is too ill-conditioned for this solver. The system is too ill-conditioned for this solver; keeping previous Theta
  [warn] glasso failed at iter 40: Non SPD result: the system is too ill-conditioned for this solver. The system is too ill-conditioned for this solver; keeping previous Theta
  [warn] glasso failed at iter 41: Non SPD result: the system is too ill-conditioned for this solver. The system is too ill-conditioned for this solver; keeping previous Theta
  [warn] glasso failed at iter 42: Non SPD result: the system is too ill-conditioned for this solver. The system is too ill-conditioned for this solver; keeping previous Theta
  [warn] glasso failed at iter 43: Non SPD result: the system is too ill-conditioned for this solver. The system is too ill-conditioned for this solver; keeping previous Theta
  [warn] glasso failed at iter 44: Non SPD result: the system is too ill-conditioned for this solver. The system is too ill-conditioned for this solver; keeping previous Theta
  [warn] glasso failed at iter 45: Non SPD result: the system is too ill-conditioned for this solver. The system is too ill-conditioned for this solver; keeping previous Theta
  [warn] glasso failed at iter 46: Non SPD result: the system is too ill-conditioned for this solver. The system is too ill-conditioned for this solver; keeping previous Theta
  [warn] glasso failed at iter 47: Non SPD result: the system is too ill-conditioned for this solver. The system is too ill-conditioned for this solver; keeping previous Theta
  [warn] glasso failed at iter 48: Non SPD result: the system is too ill-conditioned for this solver. The system is too ill-conditioned for this solver; keeping previous Theta
  [warn] glasso failed at iter 49: Non SPD result: the system is too ill-conditioned for this solver. The system is too ill-conditioned for this solver; keeping previous Theta
  [warn] glasso failed at iter 50: Non SPD result: the system is too ill-conditioned for this solver. The system is too ill-conditioned for this solver; keeping previous Theta
  [warn] glasso failed at iter 51: Non SPD result: the system is too ill-conditioned for this solver. The system is too ill-conditioned for this solver; keeping previous Theta
  [warn] glasso failed at iter 52: Non SPD result: the system is too ill-conditioned for this solver. The system is too ill-conditioned for this solver; keeping previous Theta
  [warn] glasso failed at iter 53: Non SPD result: the system is too ill-conditioned for this solver. The system is too ill-conditioned for this solver; keeping previous Theta
  [warn] glasso failed at iter 54: Non SPD result: the system is too ill-conditioned for this solver. The system is too ill-conditioned for this solver; keeping previous Theta
  [warn] glasso failed at iter 55: Non SPD result: the system is too ill-conditioned for this solver. The system is too ill-conditioned for this solver; keeping previous Theta
  [warn] glasso failed at iter 56: Non SPD result: the system is too ill-conditioned for this solver. The system is too ill-conditioned for this solver; keeping previous Theta
    fp=0.2965 tp=0.5000  [5.8s]  [STALE: glasso failed on 54 EM iters]  [nu->NU_MAX x1686]
   median nu  = 8.991
   median |eta| = 0.001
  rho=0.00296 (23/23)  [extra 3/50]
  [warn] glasso failed at iter 0: Non SPD result: the system is too ill-conditioned for this solver. The system is too ill-conditioned for this solver; keeping previous Theta
  [warn] glasso failed at iter 1: Non SPD result: the system is too ill-conditioned for this solver. The system is too ill-conditioned for this solver; keeping previous Theta
  [warn] glasso failed at iter 2: Non SPD result: the system is too ill-conditioned for this solver. The system is too ill-conditioned for this solver; keeping previous Theta
  [warn] glasso failed at iter 3: Non SPD result: the system is too ill-conditioned for this solver. The system is too ill-conditioned for this solver; keeping previous Theta
  [warn] glasso failed at iter 4: Non SPD result: the system is too ill-conditioned for this solver. The system is too ill-conditioned for this solver; keeping previous Theta
  [warn] glasso failed at iter 5: Non SPD result: the system is too ill-conditioned for this solver. The system is too ill-conditioned for this solver; keeping previous Theta
  [warn] glasso failed at iter 6: Non SPD result: the system is too ill-conditioned for this solver. The system is too ill-conditioned for this solver; keeping previous Theta
  [warn] glasso failed at iter 7: Non SPD result: the system is too ill-conditioned for this solver. The system is too ill-conditioned for this solver; keeping previous Theta
  [warn] glasso failed at iter 8: Non SPD result: the system is too ill-conditioned for this solver. The system is too ill-conditioned for this solver; keeping previous Theta
  [warn] glasso failed at iter 9: Non SPD result: the system is too ill-conditioned for this solver. The system is too ill-conditioned for this solver; keeping previous Theta
  [warn] glasso failed at iter 10: Non SPD result: the system is too ill-conditioned for this solver. The system is too ill-conditioned for this solver; keeping previous Theta
  [warn] glasso failed at iter 11: Non SPD result: the system is too ill-conditioned for this solver. The system is too ill-conditioned for this solver; keeping previous Theta
  [warn] glasso failed at iter 12: Non SPD result: the system is too ill-conditioned for this solver. The system is too ill-conditioned for this solver; keeping previous Theta
  [warn] glasso failed at iter 13: Non SPD result: the system is too ill-conditioned for this solver. The system is too ill-conditioned for this solver; keeping previous Theta
  [warn] glasso failed at iter 14: Non SPD result: the system is too ill-conditioned for this solver. The system is too ill-conditioned for this solver; keeping previous Theta
  [warn] glasso failed at iter 15: Non SPD result: the system is too ill-conditioned for this solver. The system is too ill-conditioned for this solver; keeping previous Theta
  [warn] glasso failed at iter 16: Non SPD result: the system is too ill-conditioned for this solver. The system is too ill-conditioned for this solver; keeping previous Theta
  [warn] glasso failed at iter 17: Non SPD result: the system is too ill-conditioned for this solver. The system is too ill-conditioned for this solver; keeping previous Theta
  [warn] glasso failed at iter 18: Non SPD result: the system is too ill-conditioned for this solver. The system is too ill-conditioned for this solver; keeping previous Theta
  [warn] glasso failed at iter 19: Non SPD result: the system is too ill-conditioned for this solver. The system is too ill-conditioned for this solver; keeping previous Theta
  [warn] glasso failed at iter 20: Non SPD result: the system is too ill-conditioned for this solver. The system is too ill-conditioned for this solver; keeping previous Theta
  [warn] glasso failed at iter 21: Non SPD result: the system is too ill-conditioned for this solver. The system is too ill-conditioned for this solver; keeping previous Theta
  [warn] glasso failed at iter 22: Non SPD result: the system is too ill-conditioned for this solver. The system is too ill-conditioned for this solver; keeping previous Theta
  [warn] glasso failed at iter 23: Non SPD result: the system is too ill-conditioned for this solver. The system is too ill-conditioned for this solver; keeping previous Theta
  [warn] glasso failed at iter 24: Non SPD result: the system is too ill-conditioned for this solver. The system is too ill-conditioned for this solver; keeping previous Theta
  [warn] glasso failed at iter 25: Non SPD result: the system is too ill-conditioned for this solver. The system is too ill-conditioned for this solver; keeping previous Theta
  [warn] glasso failed at iter 26: Non SPD result: the system is too ill-conditioned for this solver. The system is too ill-conditioned for this solver; keeping previous Theta
  [warn] glasso failed at iter 27: Non SPD result: the system is too ill-conditioned for this solver. The system is too ill-conditioned for this solver; keeping previous Theta
  [warn] glasso failed at iter 28: Non SPD result: the system is too ill-conditioned for this solver. The system is too ill-conditioned for this solver; keeping previous Theta
  [warn] glasso failed at iter 29: Non SPD result: the system is too ill-conditioned for this solver. The system is too ill-conditioned for this solver; keeping previous Theta
  [warn] glasso failed at iter 30: Non SPD result: the system is too ill-conditioned for this solver. The system is too ill-conditioned for this solver; keeping previous Theta
  [warn] glasso failed at iter 31: Non SPD result: the system is too ill-conditioned for this solver. The system is too ill-conditioned for this solver; keeping previous Theta
  [warn] glasso failed at iter 32: Non SPD result: the system is too ill-conditioned for this solver. The system is too ill-conditioned for this solver; keeping previous Theta
  [warn] glasso failed at iter 33: Non SPD result: the system is too ill-conditioned for this solver. The system is too ill-conditioned for this solver; keeping previous Theta
  [warn] glasso failed at iter 34: Non SPD result: the system is too ill-conditioned for this solver. The system is too ill-conditioned for this solver; keeping previous Theta
  [warn] glasso failed at iter 35: Non SPD result: the system is too ill-conditioned for this solver. The system is too ill-conditioned for this solver; keeping previous Theta
  [warn] glasso failed at iter 36: Non SPD result: the system is too ill-conditioned for this solver. The system is too ill-conditioned for this solver; keeping previous Theta
  [warn] glasso failed at iter 37: Non SPD result: the system is too ill-conditioned for this solver. The system is too ill-conditioned for this solver; keeping previous Theta
  [warn] glasso failed at iter 38: Non SPD result: the system is too ill-conditioned for this solver. The system is too ill-conditioned for this solver; keeping previous Theta
  [warn] glasso failed at iter 39: Non SPD result: the system is too ill-conditioned for this solver. The system is too ill-conditioned for this solver; keeping previous Theta
  [warn] glasso failed at iter 40: Non SPD result: the system is too ill-conditioned for this solver. The system is too ill-conditioned for this solver; keeping previous Theta
  [warn] glasso failed at iter 41: Non SPD result: the system is too ill-conditioned for this solver. The system is too ill-conditioned for this solver; keeping previous Theta
  [warn] glasso failed at iter 42: Non SPD result: the system is too ill-conditioned for this solver. The system is too ill-conditioned for this solver; keeping previous Theta
  [warn] glasso failed at iter 43: Non SPD result: the system is too ill-conditioned for this solver. The system is too ill-conditioned for this solver; keeping previous Theta
  [warn] glasso failed at iter 44: Non SPD result: the system is too ill-conditioned for this solver. The system is too ill-conditioned for this solver; keeping previous Theta
  [warn] glasso failed at iter 45: Non SPD result: the system is too ill-conditioned for this solver. The system is too ill-conditioned for this solver; keeping previous Theta
  [warn] glasso failed at iter 46: Non SPD result: the system is too ill-conditioned for this solver. The system is too ill-conditioned for this solver; keeping previous Theta
  [warn] glasso failed at iter 47: Non SPD result: the system is too ill-conditioned for this solver. The system is too ill-conditioned for this solver; keeping previous Theta
  [warn] glasso failed at iter 48: Non SPD result: the system is too ill-conditioned for this solver. The system is too ill-conditioned for this solver; keeping previous Theta
  [warn] glasso failed at iter 49: Non SPD result: the system is too ill-conditioned for this solver. The system is too ill-conditioned for this solver; keeping previous Theta
  [warn] glasso failed at iter 50: Non SPD result: the system is too ill-conditioned for this solver. The system is too ill-conditioned for this solver; keeping previous Theta
  [warn] glasso failed at iter 51: Non SPD result: the system is too ill-conditioned for this solver. The system is too ill-conditioned for this solver; keeping previous Theta
  [warn] glasso failed at iter 52: Non SPD result: the system is too ill-conditioned for this solver. The system is too ill-conditioned for this solver; keeping previous Theta
  [warn] glasso failed at iter 53: Non SPD result: the system is too ill-conditioned for this solver. The system is too ill-conditioned for this solver; keeping previous Theta
  [warn] glasso failed at iter 54: Non SPD result: the system is too ill-conditioned for this solver. The system is too ill-conditioned for this solver; keeping previous Theta
    fp=0.2965 tp=0.5000  [4.2s]  [STALE: glasso failed on 55 EM iters]  [nu->NU_MAX x1644]
   median nu  = 8.991
   median |eta| = 0.001
  rho=0.00232 (24/24)  [extra 4/50]
  [warn] glasso failed at iter 0: Non SPD result: the system is too ill-conditioned for this solver. The system is too ill-conditioned for this solver; keeping previous Theta
  [warn] glasso failed at iter 1: Non SPD result: the system is too ill-conditioned for this solver. The system is too ill-conditioned for this solver; keeping previous Theta
  [warn] glasso failed at iter 2: Non SPD result: the system is too ill-conditioned for this solver. The system is too ill-conditioned for this solver; keeping previous Theta
  [warn] glasso failed at iter 3: Non SPD result: the system is too ill-conditioned for this solver. The system is too ill-conditioned for this solver; keeping previous Theta
  [warn] glasso failed at iter 4: Non SPD result: the system is too ill-conditioned for this solver. The system is too ill-conditioned for this solver; keeping previous Theta
  [warn] glasso failed at iter 5: Non SPD result: the system is too ill-conditioned for this solver. The system is too ill-conditioned for this solver; keeping previous Theta
  [warn] glasso failed at iter 6: Non SPD result: the system is too ill-conditioned for this solver. The system is too ill-conditioned for this solver; keeping previous Theta
  [warn] glasso failed at iter 7: Non SPD result: the system is too ill-conditioned for this solver. The system is too ill-conditioned for this solver; keeping previous Theta
  [warn] glasso failed at iter 8: Non SPD result: the system is too ill-conditioned for this solver. The system is too ill-conditioned for this solver; keeping previous Theta
  [warn] glasso failed at iter 9: Non SPD result: the system is too ill-conditioned for this solver. The system is too ill-conditioned for this solver; keeping previous Theta
  [warn] glasso failed at iter 10: Non SPD result: the system is too ill-conditioned for this solver. The system is too ill-conditioned for this solver; keeping previous Theta
  [warn] glasso failed at iter 11: Non SPD result: the system is too ill-conditioned for this solver. The system is too ill-conditioned for this solver; keeping previous Theta
  [warn] glasso failed at iter 12: Non SPD result: the system is too ill-conditioned for this solver. The system is too ill-conditioned for this solver; keeping previous Theta
  [warn] glasso failed at iter 13: Non SPD result: the system is too ill-conditioned for this solver. The system is too ill-conditioned for this solver; keeping previous Theta
  [warn] glasso failed at iter 14: Non SPD result: the system is too ill-conditioned for this solver. The system is too ill-conditioned for this solver; keeping previous Theta
  [warn] glasso failed at iter 15: Non SPD result: the system is too ill-conditioned for this solver. The system is too ill-conditioned for this solver; keeping previous Theta
  [warn] glasso failed at iter 16: Non SPD result: the system is too ill-conditioned for this solver. The system is too ill-conditioned for this solver; keeping previous Theta
  [warn] glasso failed at iter 17: Non SPD result: the system is too ill-conditioned for this solver. The system is too ill-conditioned for this solver; keeping previous Theta
  [warn] glasso failed at iter 18: Non SPD result: the system is too ill-conditioned for this solver. The system is too ill-conditioned for this solver; keeping previous Theta
  [warn] glasso failed at iter 19: Non SPD result: the system is too ill-conditioned for this solver. The system is too ill-conditioned for this solver; keeping previous Theta
  [warn] glasso failed at iter 20: Non SPD result: the system is too ill-conditioned for this solver. The system is too ill-conditioned for this solver; keeping previous Theta
  [warn] glasso failed at iter 21: Non SPD result: the system is too ill-conditioned for this solver. The system is too ill-conditioned for this solver; keeping previous Theta
  [warn] glasso failed at iter 22: Non SPD result: the system is too ill-conditioned for this solver. The system is too ill-conditioned for this solver; keeping previous Theta
  [warn] glasso failed at iter 23: Non SPD result: the system is too ill-conditioned for this solver. The system is too ill-conditioned for this solver; keeping previous Theta
  [warn] glasso failed at iter 24: Non SPD result: the system is too ill-conditioned for this solver. The system is too ill-conditioned for this solver; keeping previous Theta
  [warn] glasso failed at iter 25: Non SPD result: the system is too ill-conditioned for this solver. The system is too ill-conditioned for this solver; keeping previous Theta
  [warn] glasso failed at iter 26: Non SPD result: the system is too ill-conditioned for this solver. The system is too ill-conditioned for this solver; keeping previous Theta
  [warn] glasso failed at iter 27: Non SPD result: the system is too ill-conditioned for this solver. The system is too ill-conditioned for this solver; keeping previous Theta
  [warn] glasso failed at iter 28: Non SPD result: the system is too ill-conditioned for this solver. The system is too ill-conditioned for this solver; keeping previous Theta
  [warn] glasso failed at iter 29: Non SPD result: the system is too ill-conditioned for this solver. The system is too ill-conditioned for this solver; keeping previous Theta
  [warn] glasso failed at iter 30: Non SPD result: the system is too ill-conditioned for this solver. The system is too ill-conditioned for this solver; keeping previous Theta
  [warn] glasso failed at iter 31: Non SPD result: the system is too ill-conditioned for this solver. The system is too ill-conditioned for this solver; keeping previous Theta
  [warn] glasso failed at iter 32: Non SPD result: the system is too ill-conditioned for this solver. The system is too ill-conditioned for this solver; keeping previous Theta
  [warn] glasso failed at iter 33: Non SPD result: the system is too ill-conditioned for this solver. The system is too ill-conditioned for this solver; keeping previous Theta
  [warn] glasso failed at iter 34: Non SPD result: the system is too ill-conditioned for this solver. The system is too ill-conditioned for this solver; keeping previous Theta
  [warn] glasso failed at iter 35: Non SPD result: the system is too ill-conditioned for this solver. The system is too ill-conditioned for this solver; keeping previous Theta
  [warn] glasso failed at iter 36: Non SPD result: the system is too ill-conditioned for this solver. The system is too ill-conditioned for this solver; keeping previous Theta
  [warn] glasso failed at iter 37: Non SPD result: the system is too ill-conditioned for this solver. The system is too ill-conditioned for this solver; keeping previous Theta
  [warn] glasso failed at iter 38: Non SPD result: the system is too ill-conditioned for this solver. The system is too ill-conditioned for this solver; keeping previous Theta
  [warn] glasso failed at iter 39: Non SPD result: the system is too ill-conditioned for this solver. The system is too ill-conditioned for this solver; keeping previous Theta
  [warn] glasso failed at iter 40: Non SPD result: the system is too ill-conditioned for this solver. The system is too ill-conditioned for this solver; keeping previous Theta
  [warn] glasso failed at iter 41: Non SPD result: the system is too ill-conditioned for this solver. The system is too ill-conditioned for this solver; keeping previous Theta
  [warn] glasso failed at iter 42: Non SPD result: the system is too ill-conditioned for this solver. The system is too ill-conditioned for this solver; keeping previous Theta
  [warn] glasso failed at iter 43: Non SPD result: the system is too ill-conditioned for this solver. The system is too ill-conditioned for this solver; keeping previous Theta
  [warn] glasso failed at iter 44: Non SPD result: the system is too ill-conditioned for this solver. The system is too ill-conditioned for this solver; keeping previous Theta
  [warn] glasso failed at iter 45: Non SPD result: the system is too ill-conditioned for this solver. The system is too ill-conditioned for this solver; keeping previous Theta
  [warn] glasso failed at iter 46: Non SPD result: the system is too ill-conditioned for this solver. The system is too ill-conditioned for this solver; keeping previous Theta
  [warn] glasso failed at iter 47: Non SPD result: the system is too ill-conditioned for this solver. The system is too ill-conditioned for this solver; keeping previous Theta
  [warn] glasso failed at iter 48: Non SPD result: the system is too ill-conditioned for this solver. The system is too ill-conditioned for this solver; keeping previous Theta
  [warn] glasso failed at iter 49: Non SPD result: the system is too ill-conditioned for this solver. The system is too ill-conditioned for this solver; keeping previous Theta
  [warn] glasso failed at iter 50: Non SPD result: the system is too ill-conditioned for this solver. The system is too ill-conditioned for this solver; keeping previous Theta
  [warn] glasso failed at iter 51: Non SPD result: the system is too ill-conditioned for this solver. The system is too ill-conditioned for this solver; keeping previous Theta
  [warn] glasso failed at iter 52: Non SPD result: the system is too ill-conditioned for this solver. The system is too ill-conditioned for this solver; keeping previous Theta
  [warn] glasso failed at iter 53: Non SPD result: the system is too ill-conditioned for this solver. The system is too ill-conditioned for this solver; keeping previous Theta
  [warn] glasso failed at iter 54: Non SPD result: the system is too ill-conditioned for this solver. The system is too ill-conditioned for this solver; keeping previous Theta
  [warn] glasso failed at iter 55: Non SPD result: the system is too ill-conditioned for this solver. The system is too ill-conditioned for this solver; keeping previous Theta
    fp=0.2965 tp=0.5000  [2.8s]  [STALE: glasso failed on 56 EM iters]  [nu->NU_MAX x1679]
   median nu  = 8.991
   median |eta| = 0.001
  rho=0.00182 (25/25)  [extra 5/50]
  [warn] glasso failed at iter 0: Non SPD result: the system is too ill-conditioned for this solver. The system is too ill-conditioned for this solver; keeping previous Theta
  [warn] glasso failed at iter 1: Non SPD result: the system is too ill-conditioned for this solver. The system is too ill-conditioned for this solver; keeping previous Theta
  [warn] glasso failed at iter 2: Non SPD result: the system is too ill-conditioned for this solver. The system is too ill-conditioned for this solver; keeping previous Theta
  [warn] glasso failed at iter 3: Non SPD result: the system is too ill-conditioned for this solver. The system is too ill-conditioned for this solver; keeping previous Theta
  [warn] glasso failed at iter 4: Non SPD result: the system is too ill-conditioned for this solver. The system is too ill-conditioned for this solver; keeping previous Theta
  [warn] glasso failed at iter 5: Non SPD result: the system is too ill-conditioned for this solver. The system is too ill-conditioned for this solver; keeping previous Theta
  [warn] glasso failed at iter 6: Non SPD result: the system is too ill-conditioned for this solver. The system is too ill-conditioned for this solver; keeping previous Theta
  [warn] glasso failed at iter 7: Non SPD result: the system is too ill-conditioned for this solver. The system is too ill-conditioned for this solver; keeping previous Theta
  [warn] glasso failed at iter 8: Non SPD result: the system is too ill-conditioned for this solver. The system is too ill-conditioned for this solver; keeping previous Theta
  [warn] glasso failed at iter 9: Non SPD result: the system is too ill-conditioned for this solver. The system is too ill-conditioned for this solver; keeping previous Theta
  [warn] glasso failed at iter 10: Non SPD result: the system is too ill-conditioned for this solver. The system is too ill-conditioned for this solver; keeping previous Theta
  [warn] glasso failed at iter 11: Non SPD result: the system is too ill-conditioned for this solver. The system is too ill-conditioned for this solver; keeping previous Theta
  [warn] glasso failed at iter 12: Non SPD result: the system is too ill-conditioned for this solver. The system is too ill-conditioned for this solver; keeping previous Theta
  [warn] glasso failed at iter 13: Non SPD result: the system is too ill-conditioned for this solver. The system is too ill-conditioned for this solver; keeping previous Theta
  [warn] glasso failed at iter 14: Non SPD result: the system is too ill-conditioned for this solver. The system is too ill-conditioned for this solver; keeping previous Theta
  [warn] glasso failed at iter 15: Non SPD result: the system is too ill-conditioned for this solver. The system is too ill-conditioned for this solver; keeping previous Theta
  [warn] glasso failed at iter 16: Non SPD result: the system is too ill-conditioned for this solver. The system is too ill-conditioned for this solver; keeping previous Theta
  [warn] glasso failed at iter 17: Non SPD result: the system is too ill-conditioned for this solver. The system is too ill-conditioned for this solver; keeping previous Theta
  [warn] glasso failed at iter 18: Non SPD result: the system is too ill-conditioned for this solver. The system is too ill-conditioned for this solver; keeping previous Theta
  [warn] glasso failed at iter 19: Non SPD result: the system is too ill-conditioned for this solver. The system is too ill-conditioned for this solver; keeping previous Theta
  [warn] glasso failed at iter 20: Non SPD result: the system is too ill-conditioned for this solver. The system is too ill-conditioned for this solver; keeping previous Theta
  [warn] glasso failed at iter 21: Non SPD result: the system is too ill-conditioned for this solver. The system is too ill-conditioned for this solver; keeping previous Theta
  [warn] glasso failed at iter 22: Non SPD result: the system is too ill-conditioned for this solver. The system is too ill-conditioned for this solver; keeping previous Theta
  [warn] glasso failed at iter 23: Non SPD result: the system is too ill-conditioned for this solver. The system is too ill-conditioned for this solver; keeping previous Theta
  [warn] glasso failed at iter 24: Non SPD result: the system is too ill-conditioned for this solver. The system is too ill-conditioned for this solver; keeping previous Theta
  [warn] glasso failed at iter 25: Non SPD result: the system is too ill-conditioned for this solver. The system is too ill-conditioned for this solver; keeping previous Theta
  [warn] glasso failed at iter 26: Non SPD result: the system is too ill-conditioned for this solver. The system is too ill-conditioned for this solver; keeping previous Theta
  [warn] glasso failed at iter 27: Non SPD result: the system is too ill-conditioned for this solver. The system is too ill-conditioned for this solver; keeping previous Theta
  [warn] glasso failed at iter 28: Non SPD result: the system is too ill-conditioned for this solver. The system is too ill-conditioned for this solver; keeping previous Theta
  [warn] glasso failed at iter 29: Non SPD result: the system is too ill-conditioned for this solver. The system is too ill-conditioned for this solver; keeping previous Theta
  [warn] glasso failed at iter 30: Non SPD result: the system is too ill-conditioned for this solver. The system is too ill-conditioned for this solver; keeping previous Theta
  [warn] glasso failed at iter 31: Non SPD result: the system is too ill-conditioned for this solver. The system is too ill-conditioned for this solver; keeping previous Theta
  [warn] glasso failed at iter 32: Non SPD result: the system is too ill-conditioned for this solver. The system is too ill-conditioned for this solver; keeping previous Theta
  [warn] glasso failed at iter 33: Non SPD result: the system is too ill-conditioned for this solver. The system is too ill-conditioned for this solver; keeping previous Theta
  [warn] glasso failed at iter 34: Non SPD result: the system is too ill-conditioned for this solver. The system is too ill-conditioned for this solver; keeping previous Theta
  [warn] glasso failed at iter 35: Non SPD result: the system is too ill-conditioned for this solver. The system is too ill-conditioned for this solver; keeping previous Theta
  [warn] glasso failed at iter 36: Non SPD result: the system is too ill-conditioned for this solver. The system is too ill-conditioned for this solver; keeping previous Theta
  [warn] glasso failed at iter 37: Non SPD result: the system is too ill-conditioned for this solver. The system is too ill-conditioned for this solver; keeping previous Theta
  [warn] glasso failed at iter 38: Non SPD result: the system is too ill-conditioned for this solver. The system is too ill-conditioned for this solver; keeping previous Theta
  [warn] glasso failed at iter 39: Non SPD result: the system is too ill-conditioned for this solver. The system is too ill-conditioned for this solver; keeping previous Theta
  [warn] glasso failed at iter 40: Non SPD result: the system is too ill-conditioned for this solver. The system is too ill-conditioned for this solver; keeping previous Theta
  [warn] glasso failed at iter 41: Non SPD result: the system is too ill-conditioned for this solver. The system is too ill-conditioned for this solver; keeping previous Theta
  [warn] glasso failed at iter 42: Non SPD result: the system is too ill-conditioned for this solver. The system is too ill-conditioned for this solver; keeping previous Theta
  [warn] glasso failed at iter 43: Non SPD result: the system is too ill-conditioned for this solver. The system is too ill-conditioned for this solver; keeping previous Theta
  [warn] glasso failed at iter 44: Non SPD result: the system is too ill-conditioned for this solver. The system is too ill-conditioned for this solver; keeping previous Theta
  [warn] glasso failed at iter 45: Non SPD result: the system is too ill-conditioned for this solver. The system is too ill-conditioned for this solver; keeping previous Theta
  [warn] glasso failed at iter 46: Non SPD result: the system is too ill-conditioned for this solver. The system is too ill-conditioned for this solver; keeping previous Theta
  [warn] glasso failed at iter 47: Non SPD result: the system is too ill-conditioned for this solver. The system is too ill-conditioned for this solver; keeping previous Theta
  [warn] glasso failed at iter 48: Non SPD result: the system is too ill-conditioned for this solver. The system is too ill-conditioned for this solver; keeping previous Theta
  [warn] glasso failed at iter 49: Non SPD result: the system is too ill-conditioned for this solver. The system is too ill-conditioned for this solver; keeping previous Theta
  [warn] glasso failed at iter 50: Non SPD result: the system is too ill-conditioned for this solver. The system is too ill-conditioned for this solver; keeping previous Theta
  [warn] glasso failed at iter 51: Non SPD result: the system is too ill-conditioned for this solver. The system is too ill-conditioned for this solver; keeping previous Theta
  [warn] glasso failed at iter 52: Non SPD result: the system is too ill-conditioned for this solver. The system is too ill-conditioned for this solver; keeping previous Theta
  [warn] glasso failed at iter 53: Non SPD result: the system is too ill-conditioned for this solver. The system is too ill-conditioned for this solver; keeping previous Theta
  [warn] glasso failed at iter 54: Non SPD result: the system is too ill-conditioned for this solver. The system is too ill-conditioned for this solver; keeping previous Theta
    fp=0.2965 tp=0.5000  [3.6s]  [STALE: glasso failed on 55 EM iters]  [nu->NU_MAX x1644]
   median nu  = 8.991
   median |eta| = 0.001
  rho=0.00143 (26/26)  [extra 6/50]
  [warn] glasso failed at iter 0: Non SPD result: the system is too ill-conditioned for this solver. The system is too ill-conditioned for this solver; keeping previous Theta
  [warn] glasso failed at iter 1: Non SPD result: the system is too ill-conditioned for this solver. The system is too ill-conditioned for this solver; keeping previous Theta
  [warn] glasso failed at iter 2: Non SPD result: the system is too ill-conditioned for this solver. The system is too ill-conditioned for this solver; keeping previous Theta
  [warn] glasso failed at iter 4: Non SPD result: the system is too ill-conditioned for this solver. The system is too ill-conditioned for this solver; keeping previous Theta
  [warn] glasso failed at iter 5: Non SPD result: the system is too ill-conditioned for this solver. The system is too ill-conditioned for this solver; keeping previous Theta
  [warn] glasso failed at iter 6: Non SPD result: the system is too ill-conditioned for this solver. The system is too ill-conditioned for this solver; keeping previous Theta
  [warn] glasso failed at iter 7: Non SPD result: the system is too ill-conditioned for this solver. The system is too ill-conditioned for this solver; keeping previous Theta
  [warn] glasso failed at iter 8: Non SPD result: the system is too ill-conditioned for this solver. The system is too ill-conditioned for this solver; keeping previous Theta
  [warn] glasso failed at iter 9: Non SPD result: the system is too ill-conditioned for this solver. The system is too ill-conditioned for this solver; keeping previous Theta
  [warn] glasso failed at iter 10: Non SPD result: the system is too ill-conditioned for this solver. The system is too ill-conditioned for this solver; keeping previous Theta
  [warn] glasso failed at iter 11: Non SPD result: the system is too ill-conditioned for this solver. The system is too ill-conditioned for this solver; keeping previous Theta
  [warn] glasso failed at iter 12: Non SPD result: the system is too ill-conditioned for this solver. The system is too ill-conditioned for this solver; keeping previous Theta
  [warn] glasso failed at iter 13: Non SPD result: the system is too ill-conditioned for this solver. The system is too ill-conditioned for this solver; keeping previous Theta
  [warn] glasso failed at iter 14: Non SPD result: the system is too ill-conditioned for this solver. The system is too ill-conditioned for this solver; keeping previous Theta
  [warn] glasso failed at iter 15: Non SPD result: the system is too ill-conditioned for this solver. The system is too ill-conditioned for this solver; keeping previous Theta
  [warn] glasso failed at iter 16: Non SPD result: the system is too ill-conditioned for this solver. The system is too ill-conditioned for this solver; keeping previous Theta
  [warn] glasso failed at iter 17: Non SPD result: the system is too ill-conditioned for this solver. The system is too ill-conditioned for this solver; keeping previous Theta
  [warn] glasso failed at iter 18: Non SPD result: the system is too ill-conditioned for this solver. The system is too ill-conditioned for this solver; keeping previous Theta
  [warn] glasso failed at iter 19: Non SPD result: the system is too ill-conditioned for this solver. The system is too ill-conditioned for this solver; keeping previous Theta
  [warn] glasso failed at iter 20: Non SPD result: the system is too ill-conditioned for this solver. The system is too ill-conditioned for this solver; keeping previous Theta
  [warn] glasso failed at iter 21: Non SPD result: the system is too ill-conditioned for this solver. The system is too ill-conditioned for this solver; keeping previous Theta
  [warn] glasso failed at iter 22: Non SPD result: the system is too ill-conditioned for this solver. The system is too ill-conditioned for this solver; keeping previous Theta
  [warn] glasso failed at iter 23: Non SPD result: the system is too ill-conditioned for this solver. The system is too ill-conditioned for this solver; keeping previous Theta
  [warn] glasso failed at iter 24: Non SPD result: the system is too ill-conditioned for this solver. The system is too ill-conditioned for this solver; keeping previous Theta
  [warn] glasso failed at iter 25: Non SPD result: the system is too ill-conditioned for this solver. The system is too ill-conditioned for this solver; keeping previous Theta
  [warn] glasso failed at iter 26: Non SPD result: the system is too ill-conditioned for this solver. The system is too ill-conditioned for this solver; keeping previous Theta
  [warn] glasso failed at iter 27: Non SPD result: the system is too ill-conditioned for this solver. The system is too ill-conditioned for this solver; keeping previous Theta
  [warn] glasso failed at iter 28: Non SPD result: the system is too ill-conditioned for this solver. The system is too ill-conditioned for this solver; keeping previous Theta
  [warn] glasso failed at iter 29: Non SPD result: the system is too ill-conditioned for this solver. The system is too ill-conditioned for this solver; keeping previous Theta
  [warn] glasso failed at iter 30: Non SPD result: the system is too ill-conditioned for this solver. The system is too ill-conditioned for this solver; keeping previous Theta
  [warn] glasso failed at iter 31: Non SPD result: the system is too ill-conditioned for this solver. The system is too ill-conditioned for this solver; keeping previous Theta
  [warn] glasso failed at iter 32: Non SPD result: the system is too ill-conditioned for this solver. The system is too ill-conditioned for this solver; keeping previous Theta
  [warn] glasso failed at iter 33: Non SPD result: the system is too ill-conditioned for this solver. The system is too ill-conditioned for this solver; keeping previous Theta
  [warn] glasso failed at iter 34: Non SPD result: the system is too ill-conditioned for this solver. The system is too ill-conditioned for this solver; keeping previous Theta
  [warn] glasso failed at iter 35: Non SPD result: the system is too ill-conditioned for this solver. The system is too ill-conditioned for this solver; keeping previous Theta
  [warn] glasso failed at iter 36: Non SPD result: the system is too ill-conditioned for this solver. The system is too ill-conditioned for this solver; keeping previous Theta
  [warn] glasso failed at iter 37: Non SPD result: the system is too ill-conditioned for this solver. The system is too ill-conditioned for this solver; keeping previous Theta
  [warn] glasso failed at iter 38: Non SPD result: the system is too ill-conditioned for this solver. The system is too ill-conditioned for this solver; keeping previous Theta
  [warn] glasso failed at iter 39: Non SPD result: the system is too ill-conditioned for this solver. The system is too ill-conditioned for this solver; keeping previous Theta
  [warn] glasso failed at iter 40: Non SPD result: the system is too ill-conditioned for this solver. The system is too ill-conditioned for this solver; keeping previous Theta
  [warn] glasso failed at iter 41: Non SPD result: the system is too ill-conditioned for this solver. The system is too ill-conditioned for this solver; keeping previous Theta
  [warn] glasso failed at iter 42: Non SPD result: the system is too ill-conditioned for this solver. The system is too ill-conditioned for this solver; keeping previous Theta
  [warn] glasso failed at iter 43: Non SPD result: the system is too ill-conditioned for this solver. The system is too ill-conditioned for this solver; keeping previous Theta
  [warn] glasso failed at iter 44: Non SPD result: the system is too ill-conditioned for this solver. The system is too ill-conditioned for this solver; keeping previous Theta
  [warn] glasso failed at iter 45: Non SPD result: the system is too ill-conditioned for this solver. The system is too ill-conditioned for this solver; keeping previous Theta
  [warn] glasso failed at iter 46: Non SPD result: the system is too ill-conditioned for this solver. The system is too ill-conditioned for this solver; keeping previous Theta
  [warn] glasso failed at iter 47: Non SPD result: the system is too ill-conditioned for this solver. The system is too ill-conditioned for this solver; keeping previous Theta
  [warn] glasso failed at iter 48: Non SPD result: the system is too ill-conditioned for this solver. The system is too ill-conditioned for this solver; keeping previous Theta
  [warn] glasso failed at iter 49: Non SPD result: the system is too ill-conditioned for this solver. The system is too ill-conditioned for this solver; keeping previous Theta
  [warn] glasso failed at iter 50: Non SPD result: the system is too ill-conditioned for this solver. The system is too ill-conditioned for this solver; keeping previous Theta
  [warn] glasso failed at iter 51: Non SPD result: the system is too ill-conditioned for this solver. The system is too ill-conditioned for this solver; keeping previous Theta
  [warn] glasso failed at iter 52: Non SPD result: the system is too ill-conditioned for this solver. The system is too ill-conditioned for this solver; keeping previous Theta
  [warn] glasso failed at iter 53: Non SPD result: the system is too ill-conditioned for this solver. The system is too ill-conditioned for this solver; keeping previous Theta
  [warn] glasso failed at iter 54: Non SPD result: the system is too ill-conditioned for this solver. The system is too ill-conditioned for this solver; keeping previous Theta
  [warn] glasso failed at iter 55: Non SPD result: the system is too ill-conditioned for this solver. The system is too ill-conditioned for this solver; keeping previous Theta
  [warn] glasso failed at iter 56: Non SPD result: the system is too ill-conditioned for this solver. The system is too ill-conditioned for this solver; keeping previous Theta
  [warn] glasso failed at iter 57: Non SPD result: the system is too ill-conditioned for this solver. The system is too ill-conditioned for this solver; keeping previous Theta
  [warn] glasso failed at iter 58: Non SPD result: the system is too ill-conditioned for this solver. The system is too ill-conditioned for this solver; keeping previous Theta
  [warn] glasso failed at iter 59: Non SPD result: the system is too ill-conditioned for this solver. The system is too ill-conditioned for this solver; keeping previous Theta
  [warn] glasso failed at iter 60: Non SPD result: the system is too ill-conditioned for this solver. The system is too ill-conditioned for this solver; keeping previous Theta
  [warn] glasso failed at iter 61: Non SPD result: the system is too ill-conditioned for this solver. The system is too ill-conditioned for this solver; keeping previous Theta
  [warn] glasso failed at iter 62: Non SPD result: the system is too ill-conditioned for this solver. The system is too ill-conditioned for this solver; keeping previous Theta
  [warn] glasso failed at iter 63: Non SPD result: the system is too ill-conditioned for this solver. The system is too ill-conditioned for this solver; keeping previous Theta
  [warn] glasso failed at iter 64: Non SPD result: the system is too ill-conditioned for this solver. The system is too ill-conditioned for this solver; keeping previous Theta
  [warn] glasso failed at iter 65: Non SPD result: the system is too ill-conditioned for this solver. The system is too ill-conditioned for this solver; keeping previous Theta
  [warn] glasso failed at iter 66: Non SPD result: the system is too ill-conditioned for this solver. The system is too ill-conditioned for this solver; keeping previous Theta
  [warn] glasso failed at iter 67: Non SPD result: the system is too ill-conditioned for this solver. The system is too ill-conditioned for this solver; keeping previous Theta
    fp=0.4455 tp=0.6667  [4.9s]  [STALE: glasso failed on 67 EM iters]  [nu->NU_MAX x2533]
   median nu  = 9.447
   median |eta| = 0.001
  rho=0.00112 (27/27)  [extra 7/50]
  [warn] glasso failed at iter 0: Non SPD result: the system is too ill-conditioned for this solver. The system is too ill-conditioned for this solver; keeping previous Theta
  [warn] glasso failed at iter 1: Non SPD result: the system is too ill-conditioned for this solver. The system is too ill-conditioned for this solver; keeping previous Theta
  [warn] glasso failed at iter 2: Non SPD result: the system is too ill-conditioned for this solver. The system is too ill-conditioned for this solver; keeping previous Theta
  [warn] glasso failed at iter 3: Non SPD result: the system is too ill-conditioned for this solver. The system is too ill-conditioned for this solver; keeping previous Theta
  [warn] glasso failed at iter 4: Non SPD result: the system is too ill-conditioned for this solver. The system is too ill-conditioned for this solver; keeping previous Theta
  [warn] glasso failed at iter 5: Non SPD result: the system is too ill-conditioned for this solver. The system is too ill-conditioned for this solver; keeping previous Theta
  [warn] glasso failed at iter 6: Non SPD result: the system is too ill-conditioned for this solver. The system is too ill-conditioned for this solver; keeping previous Theta
  [warn] glasso failed at iter 7: Non SPD result: the system is too ill-conditioned for this solver. The system is too ill-conditioned for this solver; keeping previous Theta
  [warn] glasso failed at iter 8: Non SPD result: the system is too ill-conditioned for this solver. The system is too ill-conditioned for this solver; keeping previous Theta
  [warn] glasso failed at iter 9: Non SPD result: the system is too ill-conditioned for this solver. The system is too ill-conditioned for this solver; keeping previous Theta
  [warn] glasso failed at iter 10: Non SPD result: the system is too ill-conditioned for this solver. The system is too ill-conditioned for this solver; keeping previous Theta
  [warn] glasso failed at iter 11: Non SPD result: the system is too ill-conditioned for this solver. The system is too ill-conditioned for this solver; keeping previous Theta
  [warn] glasso failed at iter 12: Non SPD result: the system is too ill-conditioned for this solver. The system is too ill-conditioned for this solver; keeping previous Theta
  [warn] glasso failed at iter 13: Non SPD result: the system is too ill-conditioned for this solver. The system is too ill-conditioned for this solver; keeping previous Theta
  [warn] glasso failed at iter 14: Non SPD result: the system is too ill-conditioned for this solver. The system is too ill-conditioned for this solver; keeping previous Theta
  [warn] glasso failed at iter 15: Non SPD result: the system is too ill-conditioned for this solver. The system is too ill-conditioned for this solver; keeping previous Theta
  [warn] glasso failed at iter 16: Non SPD result: the system is too ill-conditioned for this solver. The system is too ill-conditioned for this solver; keeping previous Theta
  [warn] glasso failed at iter 17: Non SPD result: the system is too ill-conditioned for this solver. The system is too ill-conditioned for this solver; keeping previous Theta
  [warn] glasso failed at iter 18: Non SPD result: the system is too ill-conditioned for this solver. The system is too ill-conditioned for this solver; keeping previous Theta
  [warn] glasso failed at iter 19: Non SPD result: the system is too ill-conditioned for this solver. The system is too ill-conditioned for this solver; keeping previous Theta
  [warn] glasso failed at iter 20: Non SPD result: the system is too ill-conditioned for this solver. The system is too ill-conditioned for this solver; keeping previous Theta
  [warn] glasso failed at iter 21: Non SPD result: the system is too ill-conditioned for this solver. The system is too ill-conditioned for this solver; keeping previous Theta
  [warn] glasso failed at iter 22: Non SPD result: the system is too ill-conditioned for this solver. The system is too ill-conditioned for this solver; keeping previous Theta
  [warn] glasso failed at iter 23: Non SPD result: the system is too ill-conditioned for this solver. The system is too ill-conditioned for this solver; keeping previous Theta
  [warn] glasso failed at iter 24: Non SPD result: the system is too ill-conditioned for this solver. The system is too ill-conditioned for this solver; keeping previous Theta
  [warn] glasso failed at iter 25: Non SPD result: the system is too ill-conditioned for this solver. The system is too ill-conditioned for this solver; keeping previous Theta
  [warn] glasso failed at iter 26: Non SPD result: the system is too ill-conditioned for this solver. The system is too ill-conditioned for this solver; keeping previous Theta
  [warn] glasso failed at iter 27: Non SPD result: the system is too ill-conditioned for this solver. The system is too ill-conditioned for this solver; keeping previous Theta
  [warn] glasso failed at iter 28: Non SPD result: the system is too ill-conditioned for this solver. The system is too ill-conditioned for this solver; keeping previous Theta
  [warn] glasso failed at iter 29: Non SPD result: the system is too ill-conditioned for this solver. The system is too ill-conditioned for this solver; keeping previous Theta
  [warn] glasso failed at iter 30: Non SPD result: the system is too ill-conditioned for this solver. The system is too ill-conditioned for this solver; keeping previous Theta
  [warn] glasso failed at iter 31: Non SPD result: the system is too ill-conditioned for this solver. The system is too ill-conditioned for this solver; keeping previous Theta
  [warn] glasso failed at iter 32: Non SPD result: the system is too ill-conditioned for this solver. The system is too ill-conditioned for this solver; keeping previous Theta
  [warn] glasso failed at iter 33: Non SPD result: the system is too ill-conditioned for this solver. The system is too ill-conditioned for this solver; keeping previous Theta
  [warn] glasso failed at iter 34: Non SPD result: the system is too ill-conditioned for this solver. The system is too ill-conditioned for this solver; keeping previous Theta
  [warn] glasso failed at iter 35: Non SPD result: the system is too ill-conditioned for this solver. The system is too ill-conditioned for this solver; keeping previous Theta
  [warn] glasso failed at iter 36: Non SPD result: the system is too ill-conditioned for this solver. The system is too ill-conditioned for this solver; keeping previous Theta
  [warn] glasso failed at iter 37: Non SPD result: the system is too ill-conditioned for this solver. The system is too ill-conditioned for this solver; keeping previous Theta
  [warn] glasso failed at iter 38: Non SPD result: the system is too ill-conditioned for this solver. The system is too ill-conditioned for this solver; keeping previous Theta
  [warn] glasso failed at iter 39: Non SPD result: the system is too ill-conditioned for this solver. The system is too ill-conditioned for this solver; keeping previous Theta
  [warn] glasso failed at iter 40: Non SPD result: the system is too ill-conditioned for this solver. The system is too ill-conditioned for this solver; keeping previous Theta
  [warn] glasso failed at iter 41: Non SPD result: the system is too ill-conditioned for this solver. The system is too ill-conditioned for this solver; keeping previous Theta
  [warn] glasso failed at iter 42: Non SPD result: the system is too ill-conditioned for this solver. The system is too ill-conditioned for this solver; keeping previous Theta
  [warn] glasso failed at iter 43: Non SPD result: the system is too ill-conditioned for this solver. The system is too ill-conditioned for this solver; keeping previous Theta
  [warn] glasso failed at iter 44: Non SPD result: the system is too ill-conditioned for this solver. The system is too ill-conditioned for this solver; keeping previous Theta
  [warn] glasso failed at iter 45: Non SPD result: the system is too ill-conditioned for this solver. The system is too ill-conditioned for this solver; keeping previous Theta
    fp=0.4455 tp=0.6667  [2.5s]  [STALE: glasso failed on 46 EM iters]  [nu->NU_MAX x1604]
   median nu  = 9.445
   median |eta| = 0.001
  rho=0.00088 (28/28)  [extra 8/50]
  [warn] glasso failed at iter 0: Non SPD result: the system is too ill-conditioned for this solver. The system is too ill-conditioned for this solver; keeping previous Theta
  [warn] glasso failed at iter 1: Non SPD result: the system is too ill-conditioned for this solver. The system is too ill-conditioned for this solver; keeping previous Theta
  [warn] glasso failed at iter 2: Non SPD result: the system is too ill-conditioned for this solver. The system is too ill-conditioned for this solver; keeping previous Theta
  [warn] glasso failed at iter 3: Non SPD result: the system is too ill-conditioned for this solver. The system is too ill-conditioned for this solver; keeping previous Theta
  [warn] glasso failed at iter 4: Non SPD result: the system is too ill-conditioned for this solver. The system is too ill-conditioned for this solver; keeping previous Theta
  [warn] glasso failed at iter 5: Non SPD result: the system is too ill-conditioned for this solver. The system is too ill-conditioned for this solver; keeping previous Theta
  [warn] glasso failed at iter 6: Non SPD result: the system is too ill-conditioned for this solver. The system is too ill-conditioned for this solver; keeping previous Theta
  [warn] glasso failed at iter 7: Non SPD result: the system is too ill-conditioned for this solver. The system is too ill-conditioned for this solver; keeping previous Theta
  [warn] glasso failed at iter 8: Non SPD result: the system is too ill-conditioned for this solver. The system is too ill-conditioned for this solver; keeping previous Theta
  [warn] glasso failed at iter 9: Non SPD result: the system is too ill-conditioned for this solver. The system is too ill-conditioned for this solver; keeping previous Theta
  [warn] glasso failed at iter 10: Non SPD result: the system is too ill-conditioned for this solver. The system is too ill-conditioned for this solver; keeping previous Theta
  [warn] glasso failed at iter 11: Non SPD result: the system is too ill-conditioned for this solver. The system is too ill-conditioned for this solver; keeping previous Theta
  [warn] glasso failed at iter 12: Non SPD result: the system is too ill-conditioned for this solver. The system is too ill-conditioned for this solver; keeping previous Theta
  [warn] glasso failed at iter 13: Non SPD result: the system is too ill-conditioned for this solver. The system is too ill-conditioned for this solver; keeping previous Theta
  [warn] glasso failed at iter 14: Non SPD result: the system is too ill-conditioned for this solver. The system is too ill-conditioned for this solver; keeping previous Theta
  [warn] glasso failed at iter 15: Non SPD result: the system is too ill-conditioned for this solver. The system is too ill-conditioned for this solver; keeping previous Theta
  [warn] glasso failed at iter 16: Non SPD result: the system is too ill-conditioned for this solver. The system is too ill-conditioned for this solver; keeping previous Theta
  [warn] glasso failed at iter 17: Non SPD result: the system is too ill-conditioned for this solver. The system is too ill-conditioned for this solver; keeping previous Theta
  [warn] glasso failed at iter 18: Non SPD result: the system is too ill-conditioned for this solver. The system is too ill-conditioned for this solver; keeping previous Theta
  [warn] glasso failed at iter 19: Non SPD result: the system is too ill-conditioned for this solver. The system is too ill-conditioned for this solver; keeping previous Theta
  [warn] glasso failed at iter 20: Non SPD result: the system is too ill-conditioned for this solver. The system is too ill-conditioned for this solver; keeping previous Theta
  [warn] glasso failed at iter 21: Non SPD result: the system is too ill-conditioned for this solver. The system is too ill-conditioned for this solver; keeping previous Theta
  [warn] glasso failed at iter 22: Non SPD result: the system is too ill-conditioned for this solver. The system is too ill-conditioned for this solver; keeping previous Theta
  [warn] glasso failed at iter 23: Non SPD result: the system is too ill-conditioned for this solver. The system is too ill-conditioned for this solver; keeping previous Theta
  [warn] glasso failed at iter 24: Non SPD result: the system is too ill-conditioned for this solver. The system is too ill-conditioned for this solver; keeping previous Theta
  [warn] glasso failed at iter 25: Non SPD result: the system is too ill-conditioned for this solver. The system is too ill-conditioned for this solver; keeping previous Theta
  [warn] glasso failed at iter 26: Non SPD result: the system is too ill-conditioned for this solver. The system is too ill-conditioned for this solver; keeping previous Theta
  [warn] glasso failed at iter 27: Non SPD result: the system is too ill-conditioned for this solver. The system is too ill-conditioned for this solver; keeping previous Theta
  [warn] glasso failed at iter 28: Non SPD result: the system is too ill-conditioned for this solver. The system is too ill-conditioned for this solver; keeping previous Theta
  [warn] glasso failed at iter 29: Non SPD result: the system is too ill-conditioned for this solver. The system is too ill-conditioned for this solver; keeping previous Theta
  [warn] glasso failed at iter 30: Non SPD result: the system is too ill-conditioned for this solver. The system is too ill-conditioned for this solver; keeping previous Theta
  [warn] glasso failed at iter 31: Non SPD result: the system is too ill-conditioned for this solver. The system is too ill-conditioned for this solver; keeping previous Theta
  [warn] glasso failed at iter 32: Non SPD result: the system is too ill-conditioned for this solver. The system is too ill-conditioned for this solver; keeping previous Theta
  [warn] glasso failed at iter 33: Non SPD result: the system is too ill-conditioned for this solver. The system is too ill-conditioned for this solver; keeping previous Theta
  [warn] glasso failed at iter 34: Non SPD result: the system is too ill-conditioned for this solver. The system is too ill-conditioned for this solver; keeping previous Theta
  [warn] glasso failed at iter 35: Non SPD result: the system is too ill-conditioned for this solver. The system is too ill-conditioned for this solver; keeping previous Theta
  [warn] glasso failed at iter 36: Non SPD result: the system is too ill-conditioned for this solver. The system is too ill-conditioned for this solver; keeping previous Theta
  [warn] glasso failed at iter 37: Non SPD result: the system is too ill-conditioned for this solver. The system is too ill-conditioned for this solver; keeping previous Theta
  [warn] glasso failed at iter 38: Non SPD result: the system is too ill-conditioned for this solver. The system is too ill-conditioned for this solver; keeping previous Theta
  [warn] glasso failed at iter 39: Non SPD result: the system is too ill-conditioned for this solver. The system is too ill-conditioned for this solver; keeping previous Theta
  [warn] glasso failed at iter 40: Non SPD result: the system is too ill-conditioned for this solver. The system is too ill-conditioned for this solver; keeping previous Theta
  [warn] glasso failed at iter 41: Non SPD result: the system is too ill-conditioned for this solver. The system is too ill-conditioned for this solver; keeping previous Theta
  [warn] glasso failed at iter 42: Non SPD result: the system is too ill-conditioned for this solver. The system is too ill-conditioned for this solver; keeping previous Theta
  [warn] glasso failed at iter 43: Non SPD result: the system is too ill-conditioned for this solver. The system is too ill-conditioned for this solver; keeping previous Theta
  [warn] glasso failed at iter 44: Non SPD result: the system is too ill-conditioned for this solver. The system is too ill-conditioned for this solver; keeping previous Theta
  [warn] glasso failed at iter 45: Non SPD result: the system is too ill-conditioned for this solver. The system is too ill-conditioned for this solver; keeping previous Theta
    fp=0.4455 tp=0.6667  [2.5s]  [STALE: glasso failed on 46 EM iters]  [nu->NU_MAX x1605]
   median nu  = 9.445
   median |eta| = 0.001
  rho=0.00069 (29/29)  [extra 9/50]
  [warn] glasso failed at iter 0: Non SPD result: the system is too ill-conditioned for this solver. The system is too ill-conditioned for this solver; keeping previous Theta
  [warn] glasso failed at iter 1: Non SPD result: the system is too ill-conditioned for this solver. The system is too ill-conditioned for this solver; keeping previous Theta
  [warn] glasso failed at iter 2: Non SPD result: the system is too ill-conditioned for this solver. The system is too ill-conditioned for this solver; keeping previous Theta
  [warn] glasso failed at iter 3: Non SPD result: the system is too ill-conditioned for this solver. The system is too ill-conditioned for this solver; keeping previous Theta
  [warn] glasso failed at iter 4: Non SPD result: the system is too ill-conditioned for this solver. The system is too ill-conditioned for this solver; keeping previous Theta
  [warn] glasso failed at iter 5: Non SPD result: the system is too ill-conditioned for this solver. The system is too ill-conditioned for this solver; keeping previous Theta
  [warn] glasso failed at iter 6: Non SPD result: the system is too ill-conditioned for this solver. The system is too ill-conditioned for this solver; keeping previous Theta
  [warn] glasso failed at iter 7: Non SPD result: the system is too ill-conditioned for this solver. The system is too ill-conditioned for this solver; keeping previous Theta
  [warn] glasso failed at iter 8: Non SPD result: the system is too ill-conditioned for this solver. The system is too ill-conditioned for this solver; keeping previous Theta
  [warn] glasso failed at iter 9: Non SPD result: the system is too ill-conditioned for this solver. The system is too ill-conditioned for this solver; keeping previous Theta
  [warn] glasso failed at iter 10: Non SPD result: the system is too ill-conditioned for this solver. The system is too ill-conditioned for this solver; keeping previous Theta
  [warn] glasso failed at iter 11: Non SPD result: the system is too ill-conditioned for this solver. The system is too ill-conditioned for this solver; keeping previous Theta
  [warn] glasso failed at iter 12: Non SPD result: the system is too ill-conditioned for this solver. The system is too ill-conditioned for this solver; keeping previous Theta
  [warn] glasso failed at iter 13: Non SPD result: the system is too ill-conditioned for this solver. The system is too ill-conditioned for this solver; keeping previous Theta
  [warn] glasso failed at iter 14: Non SPD result: the system is too ill-conditioned for this solver. The system is too ill-conditioned for this solver; keeping previous Theta
  [warn] glasso failed at iter 15: Non SPD result: the system is too ill-conditioned for this solver. The system is too ill-conditioned for this solver; keeping previous Theta
  [warn] glasso failed at iter 16: Non SPD result: the system is too ill-conditioned for this solver. The system is too ill-conditioned for this solver; keeping previous Theta
  [warn] glasso failed at iter 17: Non SPD result: the system is too ill-conditioned for this solver. The system is too ill-conditioned for this solver; keeping previous Theta
  [warn] glasso failed at iter 18: Non SPD result: the system is too ill-conditioned for this solver. The system is too ill-conditioned for this solver; keeping previous Theta
  [warn] glasso failed at iter 19: Non SPD result: the system is too ill-conditioned for this solver. The system is too ill-conditioned for this solver; keeping previous Theta
  [warn] glasso failed at iter 20: Non SPD result: the system is too ill-conditioned for this solver. The system is too ill-conditioned for this solver; keeping previous Theta
  [warn] glasso failed at iter 21: Non SPD result: the system is too ill-conditioned for this solver. The system is too ill-conditioned for this solver; keeping previous Theta
  [warn] glasso failed at iter 22: Non SPD result: the system is too ill-conditioned for this solver. The system is too ill-conditioned for this solver; keeping previous Theta
  [warn] glasso failed at iter 23: Non SPD result: the system is too ill-conditioned for this solver. The system is too ill-conditioned for this solver; keeping previous Theta
  [warn] glasso failed at iter 24: Non SPD result: the system is too ill-conditioned for this solver. The system is too ill-conditioned for this solver; keeping previous Theta
  [warn] glasso failed at iter 25: Non SPD result: the system is too ill-conditioned for this solver. The system is too ill-conditioned for this solver; keeping previous Theta
  [warn] glasso failed at iter 26: Non SPD result: the system is too ill-conditioned for this solver. The system is too ill-conditioned for this solver; keeping previous Theta
  [warn] glasso failed at iter 27: Non SPD result: the system is too ill-conditioned for this solver. The system is too ill-conditioned for this solver; keeping previous Theta
  [warn] glasso failed at iter 28: Non SPD result: the system is too ill-conditioned for this solver. The system is too ill-conditioned for this solver; keeping previous Theta
  [warn] glasso failed at iter 29: Non SPD result: the system is too ill-conditioned for this solver. The system is too ill-conditioned for this solver; keeping previous Theta
  [warn] glasso failed at iter 30: Non SPD result: the system is too ill-conditioned for this solver. The system is too ill-conditioned for this solver; keeping previous Theta
  [warn] glasso failed at iter 31: Non SPD result: the system is too ill-conditioned for this solver. The system is too ill-conditioned for this solver; keeping previous Theta
  [warn] glasso failed at iter 32: Non SPD result: the system is too ill-conditioned for this solver. The system is too ill-conditioned for this solver; keeping previous Theta
  [warn] glasso failed at iter 33: Non SPD result: the system is too ill-conditioned for this solver. The system is too ill-conditioned for this solver; keeping previous Theta
  [warn] glasso failed at iter 34: Non SPD result: the system is too ill-conditioned for this solver. The system is too ill-conditioned for this solver; keeping previous Theta
  [warn] glasso failed at iter 35: Non SPD result: the system is too ill-conditioned for this solver. The system is too ill-conditioned for this solver; keeping previous Theta
  [warn] glasso failed at iter 36: Non SPD result: the system is too ill-conditioned for this solver. The system is too ill-conditioned for this solver; keeping previous Theta
  [warn] glasso failed at iter 37: Non SPD result: the system is too ill-conditioned for this solver. The system is too ill-conditioned for this solver; keeping previous Theta
  [warn] glasso failed at iter 38: Non SPD result: the system is too ill-conditioned for this solver. The system is too ill-conditioned for this solver; keeping previous Theta
  [warn] glasso failed at iter 39: Non SPD result: the system is too ill-conditioned for this solver. The system is too ill-conditioned for this solver; keeping previous Theta
  [warn] glasso failed at iter 40: Non SPD result: the system is too ill-conditioned for this solver. The system is too ill-conditioned for this solver; keeping previous Theta
  [warn] glasso failed at iter 41: Non SPD result: the system is too ill-conditioned for this solver. The system is too ill-conditioned for this solver; keeping previous Theta
  [warn] glasso failed at iter 42: Non SPD result: the system is too ill-conditioned for this solver. The system is too ill-conditioned for this solver; keeping previous Theta
  [warn] glasso failed at iter 43: Non SPD result: the system is too ill-conditioned for this solver. The system is too ill-conditioned for this solver; keeping previous Theta
  [warn] glasso failed at iter 44: Non SPD result: the system is too ill-conditioned for this solver. The system is too ill-conditioned for this solver; keeping previous Theta
  [warn] glasso failed at iter 45: Non SPD result: the system is too ill-conditioned for this solver. The system is too ill-conditioned for this solver; keeping previous Theta
    fp=0.4455 tp=0.6667  [2.4s]  [STALE: glasso failed on 46 EM iters]  [nu->NU_MAX x1605]
   median nu  = 9.445
   median |eta| = 0.001
  rho=0.00054 (30/30)  [extra 10/50]
  [warn] glasso failed at iter 0: Non SPD result: the system is too ill-conditioned for this solver. The system is too ill-conditioned for this solver; keeping previous Theta
  [warn] glasso failed at iter 1: Non SPD result: the system is too ill-conditioned for this solver. The system is too ill-conditioned for this solver; keeping previous Theta
  [warn] glasso failed at iter 2: Non SPD result: the system is too ill-conditioned for this solver. The system is too ill-conditioned for this solver; keeping previous Theta
  [warn] glasso failed at iter 3: Non SPD result: the system is too ill-conditioned for this solver. The system is too ill-conditioned for this solver; keeping previous Theta
  [warn] glasso failed at iter 4: Non SPD result: the system is too ill-conditioned for this solver. The system is too ill-conditioned for this solver; keeping previous Theta
  [warn] glasso failed at iter 5: Non SPD result: the system is too ill-conditioned for this solver. The system is too ill-conditioned for this solver; keeping previous Theta
  [warn] glasso failed at iter 6: Non SPD result: the system is too ill-conditioned for this solver. The system is too ill-conditioned for this solver; keeping previous Theta
  [warn] glasso failed at iter 7: Non SPD result: the system is too ill-conditioned for this solver. The system is too ill-conditioned for this solver; keeping previous Theta
  [warn] glasso failed at iter 8: Non SPD result: the system is too ill-conditioned for this solver. The system is too ill-conditioned for this solver; keeping previous Theta
  [warn] glasso failed at iter 9: Non SPD result: the system is too ill-conditioned for this solver. The system is too ill-conditioned for this solver; keeping previous Theta
  [warn] glasso failed at iter 10: Non SPD result: the system is too ill-conditioned for this solver. The system is too ill-conditioned for this solver; keeping previous Theta
  [warn] glasso failed at iter 11: Non SPD result: the system is too ill-conditioned for this solver. The system is too ill-conditioned for this solver; keeping previous Theta
  [warn] glasso failed at iter 12: Non SPD result: the system is too ill-conditioned for this solver. The system is too ill-conditioned for this solver; keeping previous Theta
  [warn] glasso failed at iter 13: Non SPD result: the system is too ill-conditioned for this solver. The system is too ill-conditioned for this solver; keeping previous Theta
  [warn] glasso failed at iter 14: Non SPD result: the system is too ill-conditioned for this solver. The system is too ill-conditioned for this solver; keeping previous Theta
  [warn] glasso failed at iter 15: Non SPD result: the system is too ill-conditioned for this solver. The system is too ill-conditioned for this solver; keeping previous Theta
  [warn] glasso failed at iter 16: Non SPD result: the system is too ill-conditioned for this solver. The system is too ill-conditioned for this solver; keeping previous Theta
  [warn] glasso failed at iter 17: Non SPD result: the system is too ill-conditioned for this solver. The system is too ill-conditioned for this solver; keeping previous Theta
  [warn] glasso failed at iter 18: Non SPD result: the system is too ill-conditioned for this solver. The system is too ill-conditioned for this solver; keeping previous Theta
  [warn] glasso failed at iter 19: Non SPD result: the system is too ill-conditioned for this solver. The system is too ill-conditioned for this solver; keeping previous Theta
  [warn] glasso failed at iter 20: Non SPD result: the system is too ill-conditioned for this solver. The system is too ill-conditioned for this solver; keeping previous Theta
  [warn] glasso failed at iter 21: Non SPD result: the system is too ill-conditioned for this solver. The system is too ill-conditioned for this solver; keeping previous Theta
  [warn] glasso failed at iter 22: Non SPD result: the system is too ill-conditioned for this solver. The system is too ill-conditioned for this solver; keeping previous Theta
  [warn] glasso failed at iter 23: Non SPD result: the system is too ill-conditioned for this solver. The system is too ill-conditioned for this solver; keeping previous Theta
  [warn] glasso failed at iter 24: Non SPD result: the system is too ill-conditioned for this solver. The system is too ill-conditioned for this solver; keeping previous Theta
  [warn] glasso failed at iter 25: Non SPD result: the system is too ill-conditioned for this solver. The system is too ill-conditioned for this solver; keeping previous Theta
  [warn] glasso failed at iter 26: Non SPD result: the system is too ill-conditioned for this solver. The system is too ill-conditioned for this solver; keeping previous Theta
  [warn] glasso failed at iter 27: Non SPD result: the system is too ill-conditioned for this solver. The system is too ill-conditioned for this solver; keeping previous Theta
  [warn] glasso failed at iter 28: Non SPD result: the system is too ill-conditioned for this solver. The system is too ill-conditioned for this solver; keeping previous Theta
  [warn] glasso failed at iter 29: Non SPD result: the system is too ill-conditioned for this solver. The system is too ill-conditioned for this solver; keeping previous Theta
  [warn] glasso failed at iter 30: Non SPD result: the system is too ill-conditioned for this solver. The system is too ill-conditioned for this solver; keeping previous Theta
  [warn] glasso failed at iter 31: Non SPD result: the system is too ill-conditioned for this solver. The system is too ill-conditioned for this solver; keeping previous Theta
  [warn] glasso failed at iter 32: Non SPD result: the system is too ill-conditioned for this solver. The system is too ill-conditioned for this solver; keeping previous Theta
  [warn] glasso failed at iter 33: Non SPD result: the system is too ill-conditioned for this solver. The system is too ill-conditioned for this solver; keeping previous Theta
  [warn] glasso failed at iter 34: Non SPD result: the system is too ill-conditioned for this solver. The system is too ill-conditioned for this solver; keeping previous Theta
  [warn] glasso failed at iter 35: Non SPD result: the system is too ill-conditioned for this solver. The system is too ill-conditioned for this solver; keeping previous Theta
  [warn] glasso failed at iter 36: Non SPD result: the system is too ill-conditioned for this solver. The system is too ill-conditioned for this solver; keeping previous Theta
  [warn] glasso failed at iter 37: Non SPD result: the system is too ill-conditioned for this solver. The system is too ill-conditioned for this solver; keeping previous Theta
  [warn] glasso failed at iter 38: Non SPD result: the system is too ill-conditioned for this solver. The system is too ill-conditioned for this solver; keeping previous Theta
  [warn] glasso failed at iter 39: Non SPD result: the system is too ill-conditioned for this solver. The system is too ill-conditioned for this solver; keeping previous Theta
  [warn] glasso failed at iter 40: Non SPD result: the system is too ill-conditioned for this solver. The system is too ill-conditioned for this solver; keeping previous Theta
  [warn] glasso failed at iter 41: Non SPD result: the system is too ill-conditioned for this solver. The system is too ill-conditioned for this solver; keeping previous Theta
  [warn] glasso failed at iter 42: Non SPD result: the system is too ill-conditioned for this solver. The system is too ill-conditioned for this solver; keeping previous Theta
  [warn] glasso failed at iter 43: Non SPD result: the system is too ill-conditioned for this solver. The system is too ill-conditioned for this solver; keeping previous Theta
  [warn] glasso failed at iter 44: Non SPD result: the system is too ill-conditioned for this solver. The system is too ill-conditioned for this solver; keeping previous Theta
  [warn] glasso failed at iter 45: Non SPD result: the system is too ill-conditioned for this solver. The system is too ill-conditioned for this solver; keeping previous Theta
    fp=0.4455 tp=0.6667  [2.4s]  [STALE: glasso failed on 46 EM iters]  [nu->NU_MAX x1605]
   median nu  = 9.445
   median |eta| = 0.001
  rho=0.00043 (31/31)  [extra 11/50]
  [warn] glasso failed at iter 0: Non SPD result: the system is too ill-conditioned for this solver. The system is too ill-conditioned for this solver; keeping previous Theta
  [warn] glasso failed at iter 1: Non SPD result: the system is too ill-conditioned for this solver. The system is too ill-conditioned for this solver; keeping previous Theta
  [warn] glasso failed at iter 2: Non SPD result: the system is too ill-conditioned for this solver. The system is too ill-conditioned for this solver; keeping previous Theta
  [warn] glasso failed at iter 3: Non SPD result: the system is too ill-conditioned for this solver. The system is too ill-conditioned for this solver; keeping previous Theta
  [warn] glasso failed at iter 4: Non SPD result: the system is too ill-conditioned for this solver. The system is too ill-conditioned for this solver; keeping previous Theta
  [warn] glasso failed at iter 5: Non SPD result: the system is too ill-conditioned for this solver. The system is too ill-conditioned for this solver; keeping previous Theta
  [warn] glasso failed at iter 6: Non SPD result: the system is too ill-conditioned for this solver. The system is too ill-conditioned for this solver; keeping previous Theta
  [warn] glasso failed at iter 7: Non SPD result: the system is too ill-conditioned for this solver. The system is too ill-conditioned for this solver; keeping previous Theta
  [warn] glasso failed at iter 8: Non SPD result: the system is too ill-conditioned for this solver. The system is too ill-conditioned for this solver; keeping previous Theta
  [warn] glasso failed at iter 9: Non SPD result: the system is too ill-conditioned for this solver. The system is too ill-conditioned for this solver; keeping previous Theta
  [warn] glasso failed at iter 10: Non SPD result: the system is too ill-conditioned for this solver. The system is too ill-conditioned for this solver; keeping previous Theta
  [warn] glasso failed at iter 11: Non SPD result: the system is too ill-conditioned for this solver. The system is too ill-conditioned for this solver; keeping previous Theta
  [warn] glasso failed at iter 12: Non SPD result: the system is too ill-conditioned for this solver. The system is too ill-conditioned for this solver; keeping previous Theta
  [warn] glasso failed at iter 13: Non SPD result: the system is too ill-conditioned for this solver. The system is too ill-conditioned for this solver; keeping previous Theta
  [warn] glasso failed at iter 14: Non SPD result: the system is too ill-conditioned for this solver. The system is too ill-conditioned for this solver; keeping previous Theta
  [warn] glasso failed at iter 15: Non SPD result: the system is too ill-conditioned for this solver. The system is too ill-conditioned for this solver; keeping previous Theta
  [warn] glasso failed at iter 16: Non SPD result: the system is too ill-conditioned for this solver. The system is too ill-conditioned for this solver; keeping previous Theta
  [warn] glasso failed at iter 17: Non SPD result: the system is too ill-conditioned for this solver. The system is too ill-conditioned for this solver; keeping previous Theta
  [warn] glasso failed at iter 18: Non SPD result: the system is too ill-conditioned for this solver. The system is too ill-conditioned for this solver; keeping previous Theta
  [warn] glasso failed at iter 19: Non SPD result: the system is too ill-conditioned for this solver. The system is too ill-conditioned for this solver; keeping previous Theta
  [warn] glasso failed at iter 20: Non SPD result: the system is too ill-conditioned for this solver. The system is too ill-conditioned for this solver; keeping previous Theta
  [warn] glasso failed at iter 21: Non SPD result: the system is too ill-conditioned for this solver. The system is too ill-conditioned for this solver; keeping previous Theta
  [warn] glasso failed at iter 22: Non SPD result: the system is too ill-conditioned for this solver. The system is too ill-conditioned for this solver; keeping previous Theta
  [warn] glasso failed at iter 23: Non SPD result: the system is too ill-conditioned for this solver. The system is too ill-conditioned for this solver; keeping previous Theta
  [warn] glasso failed at iter 24: Non SPD result: the system is too ill-conditioned for this solver. The system is too ill-conditioned for this solver; keeping previous Theta
  [warn] glasso failed at iter 25: Non SPD result: the system is too ill-conditioned for this solver. The system is too ill-conditioned for this solver; keeping previous Theta
  [warn] glasso failed at iter 26: Non SPD result: the system is too ill-conditioned for this solver. The system is too ill-conditioned for this solver; keeping previous Theta
  [warn] glasso failed at iter 27: Non SPD result: the system is too ill-conditioned for this solver. The system is too ill-conditioned for this solver; keeping previous Theta
  [warn] glasso failed at iter 28: Non SPD result: the system is too ill-conditioned for this solver. The system is too ill-conditioned for this solver; keeping previous Theta
  [warn] glasso failed at iter 29: Non SPD result: the system is too ill-conditioned for this solver. The system is too ill-conditioned for this solver; keeping previous Theta
  [warn] glasso failed at iter 30: Non SPD result: the system is too ill-conditioned for this solver. The system is too ill-conditioned for this solver; keeping previous Theta
  [warn] glasso failed at iter 31: Non SPD result: the system is too ill-conditioned for this solver. The system is too ill-conditioned for this solver; keeping previous Theta
  [warn] glasso failed at iter 32: Non SPD result: the system is too ill-conditioned for this solver. The system is too ill-conditioned for this solver; keeping previous Theta
  [warn] glasso failed at iter 33: Non SPD result: the system is too ill-conditioned for this solver. The system is too ill-conditioned for this solver; keeping previous Theta
  [warn] glasso failed at iter 34: Non SPD result: the system is too ill-conditioned for this solver. The system is too ill-conditioned for this solver; keeping previous Theta
  [warn] glasso failed at iter 35: Non SPD result: the system is too ill-conditioned for this solver. The system is too ill-conditioned for this solver; keeping previous Theta
  [warn] glasso failed at iter 36: Non SPD result: the system is too ill-conditioned for this solver. The system is too ill-conditioned for this solver; keeping previous Theta
  [warn] glasso failed at iter 37: Non SPD result: the system is too ill-conditioned for this solver. The system is too ill-conditioned for this solver; keeping previous Theta
  [warn] glasso failed at iter 38: Non SPD result: the system is too ill-conditioned for this solver. The system is too ill-conditioned for this solver; keeping previous Theta
  [warn] glasso failed at iter 39: Non SPD result: the system is too ill-conditioned for this solver. The system is too ill-conditioned for this solver; keeping previous Theta
  [warn] glasso failed at iter 40: Non SPD result: the system is too ill-conditioned for this solver. The system is too ill-conditioned for this solver; keeping previous Theta
  [warn] glasso failed at iter 41: Non SPD result: the system is too ill-conditioned for this solver. The system is too ill-conditioned for this solver; keeping previous Theta
  [warn] glasso failed at iter 42: Non SPD result: the system is too ill-conditioned for this solver. The system is too ill-conditioned for this solver; keeping previous Theta
  [warn] glasso failed at iter 43: Non SPD result: the system is too ill-conditioned for this solver. The system is too ill-conditioned for this solver; keeping previous Theta
  [warn] glasso failed at iter 44: Non SPD result: the system is too ill-conditioned for this solver. The system is too ill-conditioned for this solver; keeping previous Theta
  [warn] glasso failed at iter 45: Non SPD result: the system is too ill-conditioned for this solver. The system is too ill-conditioned for this solver; keeping previous Theta
    fp=0.4455 tp=0.6667  [4.3s]  [STALE: glasso failed on 46 EM iters]  [nu->NU_MAX x1605]
   median nu  = 9.445
   median |eta| = 0.001
  rho=0.00033 (32/32)  [extra 12/50]
  [warn] glasso failed at iter 0: Non SPD result: the system is too ill-conditioned for this solver. The system is too ill-conditioned for this solver; keeping previous Theta
  [warn] glasso failed at iter 1: Non SPD result: the system is too ill-conditioned for this solver. The system is too ill-conditioned for this solver; keeping previous Theta
  [warn] glasso failed at iter 2: Non SPD result: the system is too ill-conditioned for this solver. The system is too ill-conditioned for this solver; keeping previous Theta
  [warn] glasso failed at iter 3: Non SPD result: the system is too ill-conditioned for this solver. The system is too ill-conditioned for this solver; keeping previous Theta
  [warn] glasso failed at iter 4: Non SPD result: the system is too ill-conditioned for this solver. The system is too ill-conditioned for this solver; keeping previous Theta
  [warn] glasso failed at iter 5: Non SPD result: the system is too ill-conditioned for this solver. The system is too ill-conditioned for this solver; keeping previous Theta
  [warn] glasso failed at iter 6: Non SPD result: the system is too ill-conditioned for this solver. The system is too ill-conditioned for this solver; keeping previous Theta
  [warn] glasso failed at iter 7: Non SPD result: the system is too ill-conditioned for this solver. The system is too ill-conditioned for this solver; keeping previous Theta
  [warn] glasso failed at iter 8: Non SPD result: the system is too ill-conditioned for this solver. The system is too ill-conditioned for this solver; keeping previous Theta
  [warn] glasso failed at iter 9: Non SPD result: the system is too ill-conditioned for this solver. The system is too ill-conditioned for this solver; keeping previous Theta
  [warn] glasso failed at iter 10: Non SPD result: the system is too ill-conditioned for this solver. The system is too ill-conditioned for this solver; keeping previous Theta
  [warn] glasso failed at iter 11: Non SPD result: the system is too ill-conditioned for this solver. The system is too ill-conditioned for this solver; keeping previous Theta
  [warn] glasso failed at iter 12: Non SPD result: the system is too ill-conditioned for this solver. The system is too ill-conditioned for this solver; keeping previous Theta
  [warn] glasso failed at iter 13: Non SPD result: the system is too ill-conditioned for this solver. The system is too ill-conditioned for this solver; keeping previous Theta
  [warn] glasso failed at iter 14: Non SPD result: the system is too ill-conditioned for this solver. The system is too ill-conditioned for this solver; keeping previous Theta
  [warn] glasso failed at iter 15: Non SPD result: the system is too ill-conditioned for this solver. The system is too ill-conditioned for this solver; keeping previous Theta
  [warn] glasso failed at iter 16: Non SPD result: the system is too ill-conditioned for this solver. The system is too ill-conditioned for this solver; keeping previous Theta
  [warn] glasso failed at iter 17: Non SPD result: the system is too ill-conditioned for this solver. The system is too ill-conditioned for this solver; keeping previous Theta
  [warn] glasso failed at iter 18: Non SPD result: the system is too ill-conditioned for this solver. The system is too ill-conditioned for this solver; keeping previous Theta
  [warn] glasso failed at iter 19: Non SPD result: the system is too ill-conditioned for this solver. The system is too ill-conditioned for this solver; keeping previous Theta
  [warn] glasso failed at iter 20: Non SPD result: the system is too ill-conditioned for this solver. The system is too ill-conditioned for this solver; keeping previous Theta
  [warn] glasso failed at iter 21: Non SPD result: the system is too ill-conditioned for this solver. The system is too ill-conditioned for this solver; keeping previous Theta
  [warn] glasso failed at iter 22: Non SPD result: the system is too ill-conditioned for this solver. The system is too ill-conditioned for this solver; keeping previous Theta
  [warn] glasso failed at iter 23: Non SPD result: the system is too ill-conditioned for this solver. The system is too ill-conditioned for this solver; keeping previous Theta
  [warn] glasso failed at iter 24: Non SPD result: the system is too ill-conditioned for this solver. The system is too ill-conditioned for this solver; keeping previous Theta
  [warn] glasso failed at iter 25: Non SPD result: the system is too ill-conditioned for this solver. The system is too ill-conditioned for this solver; keeping previous Theta
  [warn] glasso failed at iter 26: Non SPD result: the system is too ill-conditioned for this solver. The system is too ill-conditioned for this solver; keeping previous Theta
  [warn] glasso failed at iter 27: Non SPD result: the system is too ill-conditioned for this solver. The system is too ill-conditioned for this solver; keeping previous Theta
  [warn] glasso failed at iter 28: Non SPD result: the system is too ill-conditioned for this solver. The system is too ill-conditioned for this solver; keeping previous Theta
  [warn] glasso failed at iter 29: Non SPD result: the system is too ill-conditioned for this solver. The system is too ill-conditioned for this solver; keeping previous Theta
  [warn] glasso failed at iter 30: Non SPD result: the system is too ill-conditioned for this solver. The system is too ill-conditioned for this solver; keeping previous Theta
  [warn] glasso failed at iter 31: Non SPD result: the system is too ill-conditioned for this solver. The system is too ill-conditioned for this solver; keeping previous Theta
  [warn] glasso failed at iter 32: Non SPD result: the system is too ill-conditioned for this solver. The system is too ill-conditioned for this solver; keeping previous Theta
  [warn] glasso failed at iter 33: Non SPD result: the system is too ill-conditioned for this solver. The system is too ill-conditioned for this solver; keeping previous Theta
  [warn] glasso failed at iter 34: Non SPD result: the system is too ill-conditioned for this solver. The system is too ill-conditioned for this solver; keeping previous Theta
  [warn] glasso failed at iter 35: Non SPD result: the system is too ill-conditioned for this solver. The system is too ill-conditioned for this solver; keeping previous Theta
  [warn] glasso failed at iter 36: Non SPD result: the system is too ill-conditioned for this solver. The system is too ill-conditioned for this solver; keeping previous Theta
  [warn] glasso failed at iter 37: Non SPD result: the system is too ill-conditioned for this solver. The system is too ill-conditioned for this solver; keeping previous Theta
  [warn] glasso failed at iter 38: Non SPD result: the system is too ill-conditioned for this solver. The system is too ill-conditioned for this solver; keeping previous Theta
  [warn] glasso failed at iter 39: Non SPD result: the system is too ill-conditioned for this solver. The system is too ill-conditioned for this solver; keeping previous Theta
  [warn] glasso failed at iter 40: Non SPD result: the system is too ill-conditioned for this solver. The system is too ill-conditioned for this solver; keeping previous Theta
  [warn] glasso failed at iter 41: Non SPD result: the system is too ill-conditioned for this solver. The system is too ill-conditioned for this solver; keeping previous Theta
  [warn] glasso failed at iter 42: Non SPD result: the system is too ill-conditioned for this solver. The system is too ill-conditioned for this solver; keeping previous Theta
  [warn] glasso failed at iter 43: Non SPD result: the system is too ill-conditioned for this solver. The system is too ill-conditioned for this solver; keeping previous Theta
  [warn] glasso failed at iter 44: Non SPD result: the system is too ill-conditioned for this solver. The system is too ill-conditioned for this solver; keeping previous Theta
  [warn] glasso failed at iter 45: Non SPD result: the system is too ill-conditioned for this solver. The system is too ill-conditioned for this solver; keeping previous Theta
    fp=0.4455 tp=0.6667  [3.1s]  [STALE: glasso failed on 46 EM iters]  [nu->NU_MAX x1605]
   median nu  = 9.445
   median |eta| = 0.001
  rho=0.00026 (33/33)  [extra 13/50]
  [warn] glasso failed at iter 0: Non SPD result: the system is too ill-conditioned for this solver. The system is too ill-conditioned for this solver; keeping previous Theta
  [warn] glasso failed at iter 1: Non SPD result: the system is too ill-conditioned for this solver. The system is too ill-conditioned for this solver; keeping previous Theta
  [warn] glasso failed at iter 2: Non SPD result: the system is too ill-conditioned for this solver. The system is too ill-conditioned for this solver; keeping previous Theta
  [warn] glasso failed at iter 3: Non SPD result: the system is too ill-conditioned for this solver. The system is too ill-conditioned for this solver; keeping previous Theta
  [warn] glasso failed at iter 4: Non SPD result: the system is too ill-conditioned for this solver. The system is too ill-conditioned for this solver; keeping previous Theta
  [warn] glasso failed at iter 5: Non SPD result: the system is too ill-conditioned for this solver. The system is too ill-conditioned for this solver; keeping previous Theta
  [warn] glasso failed at iter 6: Non SPD result: the system is too ill-conditioned for this solver. The system is too ill-conditioned for this solver; keeping previous Theta
  [warn] glasso failed at iter 7: Non SPD result: the system is too ill-conditioned for this solver. The system is too ill-conditioned for this solver; keeping previous Theta
  [warn] glasso failed at iter 8: Non SPD result: the system is too ill-conditioned for this solver. The system is too ill-conditioned for this solver; keeping previous Theta
  [warn] glasso failed at iter 9: Non SPD result: the system is too ill-conditioned for this solver. The system is too ill-conditioned for this solver; keeping previous Theta
  [warn] glasso failed at iter 10: Non SPD result: the system is too ill-conditioned for this solver. The system is too ill-conditioned for this solver; keeping previous Theta
  [warn] glasso failed at iter 11: Non SPD result: the system is too ill-conditioned for this solver. The system is too ill-conditioned for this solver; keeping previous Theta
  [warn] glasso failed at iter 12: Non SPD result: the system is too ill-conditioned for this solver. The system is too ill-conditioned for this solver; keeping previous Theta
  [warn] glasso failed at iter 13: Non SPD result: the system is too ill-conditioned for this solver. The system is too ill-conditioned for this solver; keeping previous Theta
  [warn] glasso failed at iter 14: Non SPD result: the system is too ill-conditioned for this solver. The system is too ill-conditioned for this solver; keeping previous Theta
  [warn] glasso failed at iter 15: Non SPD result: the system is too ill-conditioned for this solver. The system is too ill-conditioned for this solver; keeping previous Theta
  [warn] glasso failed at iter 16: Non SPD result: the system is too ill-conditioned for this solver. The system is too ill-conditioned for this solver; keeping previous Theta
  [warn] glasso failed at iter 17: Non SPD result: the system is too ill-conditioned for this solver. The system is too ill-conditioned for this solver; keeping previous Theta
  [warn] glasso failed at iter 18: Non SPD result: the system is too ill-conditioned for this solver. The system is too ill-conditioned for this solver; keeping previous Theta
  [warn] glasso failed at iter 19: Non SPD result: the system is too ill-conditioned for this solver. The system is too ill-conditioned for this solver; keeping previous Theta
  [warn] glasso failed at iter 20: Non SPD result: the system is too ill-conditioned for this solver. The system is too ill-conditioned for this solver; keeping previous Theta
  [warn] glasso failed at iter 21: Non SPD result: the system is too ill-conditioned for this solver. The system is too ill-conditioned for this solver; keeping previous Theta
  [warn] glasso failed at iter 22: Non SPD result: the system is too ill-conditioned for this solver. The system is too ill-conditioned for this solver; keeping previous Theta
  [warn] glasso failed at iter 23: Non SPD result: the system is too ill-conditioned for this solver. The system is too ill-conditioned for this solver; keeping previous Theta
  [warn] glasso failed at iter 24: Non SPD result: the system is too ill-conditioned for this solver. The system is too ill-conditioned for this solver; keeping previous Theta
  [warn] glasso failed at iter 25: Non SPD result: the system is too ill-conditioned for this solver. The system is too ill-conditioned for this solver; keeping previous Theta
  [warn] glasso failed at iter 26: Non SPD result: the system is too ill-conditioned for this solver. The system is too ill-conditioned for this solver; keeping previous Theta
  [warn] glasso failed at iter 27: Non SPD result: the system is too ill-conditioned for this solver. The system is too ill-conditioned for this solver; keeping previous Theta
  [warn] glasso failed at iter 28: Non SPD result: the system is too ill-conditioned for this solver. The system is too ill-conditioned for this solver; keeping previous Theta
  [warn] glasso failed at iter 29: Non SPD result: the system is too ill-conditioned for this solver. The system is too ill-conditioned for this solver; keeping previous Theta
  [warn] glasso failed at iter 30: Non SPD result: the system is too ill-conditioned for this solver. The system is too ill-conditioned for this solver; keeping previous Theta
  [warn] glasso failed at iter 31: Non SPD result: the system is too ill-conditioned for this solver. The system is too ill-conditioned for this solver; keeping previous Theta
  [warn] glasso failed at iter 32: Non SPD result: the system is too ill-conditioned for this solver. The system is too ill-conditioned for this solver; keeping previous Theta
  [warn] glasso failed at iter 33: Non SPD result: the system is too ill-conditioned for this solver. The system is too ill-conditioned for this solver; keeping previous Theta
  [warn] glasso failed at iter 34: Non SPD result: the system is too ill-conditioned for this solver. The system is too ill-conditioned for this solver; keeping previous Theta
  [warn] glasso failed at iter 35: Non SPD result: the system is too ill-conditioned for this solver. The system is too ill-conditioned for this solver; keeping previous Theta
  [warn] glasso failed at iter 36: Non SPD result: the system is too ill-conditioned for this solver. The system is too ill-conditioned for this solver; keeping previous Theta
  [warn] glasso failed at iter 37: Non SPD result: the system is too ill-conditioned for this solver. The system is too ill-conditioned for this solver; keeping previous Theta
  [warn] glasso failed at iter 38: Non SPD result: the system is too ill-conditioned for this solver. The system is too ill-conditioned for this solver; keeping previous Theta
  [warn] glasso failed at iter 39: Non SPD result: the system is too ill-conditioned for this solver. The system is too ill-conditioned for this solver; keeping previous Theta
  [warn] glasso failed at iter 40: Non SPD result: the system is too ill-conditioned for this solver. The system is too ill-conditioned for this solver; keeping previous Theta
  [warn] glasso failed at iter 41: Non SPD result: the system is too ill-conditioned for this solver. The system is too ill-conditioned for this solver; keeping previous Theta
  [warn] glasso failed at iter 42: Non SPD result: the system is too ill-conditioned for this solver. The system is too ill-conditioned for this solver; keeping previous Theta
  [warn] glasso failed at iter 43: Non SPD result: the system is too ill-conditioned for this solver. The system is too ill-conditioned for this solver; keeping previous Theta
  [warn] glasso failed at iter 44: Non SPD result: the system is too ill-conditioned for this solver. The system is too ill-conditioned for this solver; keeping previous Theta
  [warn] glasso failed at iter 45: Non SPD result: the system is too ill-conditioned for this solver. The system is too ill-conditioned for this solver; keeping previous Theta
    fp=0.4455 tp=0.6667  [3.3s]  [STALE: glasso failed on 46 EM iters]  [nu->NU_MAX x1605]
   median nu  = 9.445
   median |eta| = 0.001
  rho=0.00021 (34/34)  [extra 14/50]
  [warn] glasso failed at iter 0: Non SPD result: the system is too ill-conditioned for this solver. The system is too ill-conditioned for this solver; keeping previous Theta
  [warn] glasso failed at iter 1: Non SPD result: the system is too ill-conditioned for this solver. The system is too ill-conditioned for this solver; keeping previous Theta
  [warn] glasso failed at iter 2: Non SPD result: the system is too ill-conditioned for this solver. The system is too ill-conditioned for this solver; keeping previous Theta
  [warn] glasso failed at iter 3: Non SPD result: the system is too ill-conditioned for this solver. The system is too ill-conditioned for this solver; keeping previous Theta
  [warn] glasso failed at iter 4: Non SPD result: the system is too ill-conditioned for this solver. The system is too ill-conditioned for this solver; keeping previous Theta
  [warn] glasso failed at iter 5: Non SPD result: the system is too ill-conditioned for this solver. The system is too ill-conditioned for this solver; keeping previous Theta
  [warn] glasso failed at iter 6: Non SPD result: the system is too ill-conditioned for this solver. The system is too ill-conditioned for this solver; keeping previous Theta
  [warn] glasso failed at iter 7: Non SPD result: the system is too ill-conditioned for this solver. The system is too ill-conditioned for this solver; keeping previous Theta
  [warn] glasso failed at iter 8: Non SPD result: the system is too ill-conditioned for this solver. The system is too ill-conditioned for this solver; keeping previous Theta
  [warn] glasso failed at iter 9: Non SPD result: the system is too ill-conditioned for this solver. The system is too ill-conditioned for this solver; keeping previous Theta
  [warn] glasso failed at iter 10: Non SPD result: the system is too ill-conditioned for this solver. The system is too ill-conditioned for this solver; keeping previous Theta
  [warn] glasso failed at iter 11: Non SPD result: the system is too ill-conditioned for this solver. The system is too ill-conditioned for this solver; keeping previous Theta
  [warn] glasso failed at iter 12: Non SPD result: the system is too ill-conditioned for this solver. The system is too ill-conditioned for this solver; keeping previous Theta
  [warn] glasso failed at iter 13: Non SPD result: the system is too ill-conditioned for this solver. The system is too ill-conditioned for this solver; keeping previous Theta
  [warn] glasso failed at iter 14: Non SPD result: the system is too ill-conditioned for this solver. The system is too ill-conditioned for this solver; keeping previous Theta
  [warn] glasso failed at iter 15: Non SPD result: the system is too ill-conditioned for this solver. The system is too ill-conditioned for this solver; keeping previous Theta
  [warn] glasso failed at iter 16: Non SPD result: the system is too ill-conditioned for this solver. The system is too ill-conditioned for this solver; keeping previous Theta
  [warn] glasso failed at iter 17: Non SPD result: the system is too ill-conditioned for this solver. The system is too ill-conditioned for this solver; keeping previous Theta
  [warn] glasso failed at iter 18: Non SPD result: the system is too ill-conditioned for this solver. The system is too ill-conditioned for this solver; keeping previous Theta
  [warn] glasso failed at iter 19: Non SPD result: the system is too ill-conditioned for this solver. The system is too ill-conditioned for this solver; keeping previous Theta
  [warn] glasso failed at iter 20: Non SPD result: the system is too ill-conditioned for this solver. The system is too ill-conditioned for this solver; keeping previous Theta
  [warn] glasso failed at iter 21: Non SPD result: the system is too ill-conditioned for this solver. The system is too ill-conditioned for this solver; keeping previous Theta
  [warn] glasso failed at iter 22: Non SPD result: the system is too ill-conditioned for this solver. The system is too ill-conditioned for this solver; keeping previous Theta
  [warn] glasso failed at iter 23: Non SPD result: the system is too ill-conditioned for this solver. The system is too ill-conditioned for this solver; keeping previous Theta
  [warn] glasso failed at iter 24: Non SPD result: the system is too ill-conditioned for this solver. The system is too ill-conditioned for this solver; keeping previous Theta
  [warn] glasso failed at iter 25: Non SPD result: the system is too ill-conditioned for this solver. The system is too ill-conditioned for this solver; keeping previous Theta
  [warn] glasso failed at iter 26: Non SPD result: the system is too ill-conditioned for this solver. The system is too ill-conditioned for this solver; keeping previous Theta
  [warn] glasso failed at iter 27: Non SPD result: the system is too ill-conditioned for this solver. The system is too ill-conditioned for this solver; keeping previous Theta
  [warn] glasso failed at iter 28: Non SPD result: the system is too ill-conditioned for this solver. The system is too ill-conditioned for this solver; keeping previous Theta
  [warn] glasso failed at iter 29: Non SPD result: the system is too ill-conditioned for this solver. The system is too ill-conditioned for this solver; keeping previous Theta
  [warn] glasso failed at iter 30: Non SPD result: the system is too ill-conditioned for this solver. The system is too ill-conditioned for this solver; keeping previous Theta
  [warn] glasso failed at iter 31: Non SPD result: the system is too ill-conditioned for this solver. The system is too ill-conditioned for this solver; keeping previous Theta
  [warn] glasso failed at iter 32: Non SPD result: the system is too ill-conditioned for this solver. The system is too ill-conditioned for this solver; keeping previous Theta
  [warn] glasso failed at iter 33: Non SPD result: the system is too ill-conditioned for this solver. The system is too ill-conditioned for this solver; keeping previous Theta
  [warn] glasso failed at iter 34: Non SPD result: the system is too ill-conditioned for this solver. The system is too ill-conditioned for this solver; keeping previous Theta
  [warn] glasso failed at iter 35: Non SPD result: the system is too ill-conditioned for this solver. The system is too ill-conditioned for this solver; keeping previous Theta
  [warn] glasso failed at iter 36: Non SPD result: the system is too ill-conditioned for this solver. The system is too ill-conditioned for this solver; keeping previous Theta
  [warn] glasso failed at iter 37: Non SPD result: the system is too ill-conditioned for this solver. The system is too ill-conditioned for this solver; keeping previous Theta
  [warn] glasso failed at iter 38: Non SPD result: the system is too ill-conditioned for this solver. The system is too ill-conditioned for this solver; keeping previous Theta
  [warn] glasso failed at iter 39: Non SPD result: the system is too ill-conditioned for this solver. The system is too ill-conditioned for this solver; keeping previous Theta
  [warn] glasso failed at iter 40: Non SPD result: the system is too ill-conditioned for this solver. The system is too ill-conditioned for this solver; keeping previous Theta
  [warn] glasso failed at iter 41: Non SPD result: the system is too ill-conditioned for this solver. The system is too ill-conditioned for this solver; keeping previous Theta
  [warn] glasso failed at iter 42: Non SPD result: the system is too ill-conditioned for this solver. The system is too ill-conditioned for this solver; keeping previous Theta
  [warn] glasso failed at iter 43: Non SPD result: the system is too ill-conditioned for this solver. The system is too ill-conditioned for this solver; keeping previous Theta
  [warn] glasso failed at iter 44: Non SPD result: the system is too ill-conditioned for this solver. The system is too ill-conditioned for this solver; keeping previous Theta
  [warn] glasso failed at iter 45: Non SPD result: the system is too ill-conditioned for this solver. The system is too ill-conditioned for this solver; keeping previous Theta
    fp=0.4455 tp=0.6667  [3.0s]  [STALE: glasso failed on 46 EM iters]  [nu->NU_MAX x1605]
   median nu  = 9.445
   median |eta| = 0.001
  rho=0.00016 (35/35)  [extra 15/50]
  [warn] glasso failed at iter 0: Non SPD result: the system is too ill-conditioned for this solver. The system is too ill-conditioned for this solver; keeping previous Theta
  [warn] glasso failed at iter 1: Non SPD result: the system is too ill-conditioned for this solver. The system is too ill-conditioned for this solver; keeping previous Theta
  [warn] glasso failed at iter 2: Non SPD result: the system is too ill-conditioned for this solver. The system is too ill-conditioned for this solver; keeping previous Theta
  [warn] glasso failed at iter 3: Non SPD result: the system is too ill-conditioned for this solver. The system is too ill-conditioned for this solver; keeping previous Theta
  [warn] glasso failed at iter 4: Non SPD result: the system is too ill-conditioned for this solver. The system is too ill-conditioned for this solver; keeping previous Theta
  [warn] glasso failed at iter 5: Non SPD result: the system is too ill-conditioned for this solver. The system is too ill-conditioned for this solver; keeping previous Theta
  [warn] glasso failed at iter 6: Non SPD result: the system is too ill-conditioned for this solver. The system is too ill-conditioned for this solver; keeping previous Theta
  [warn] glasso failed at iter 7: Non SPD result: the system is too ill-conditioned for this solver. The system is too ill-conditioned for this solver; keeping previous Theta
  [warn] glasso failed at iter 8: Non SPD result: the system is too ill-conditioned for this solver. The system is too ill-conditioned for this solver; keeping previous Theta
  [warn] glasso failed at iter 9: Non SPD result: the system is too ill-conditioned for this solver. The system is too ill-conditioned for this solver; keeping previous Theta
  [warn] glasso failed at iter 10: Non SPD result: the system is too ill-conditioned for this solver. The system is too ill-conditioned for this solver; keeping previous Theta
  [warn] glasso failed at iter 11: Non SPD result: the system is too ill-conditioned for this solver. The system is too ill-conditioned for this solver; keeping previous Theta
  [warn] glasso failed at iter 12: Non SPD result: the system is too ill-conditioned for this solver. The system is too ill-conditioned for this solver; keeping previous Theta
  [warn] glasso failed at iter 13: Non SPD result: the system is too ill-conditioned for this solver. The system is too ill-conditioned for this solver; keeping previous Theta
  [warn] glasso failed at iter 14: Non SPD result: the system is too ill-conditioned for this solver. The system is too ill-conditioned for this solver; keeping previous Theta
  [warn] glasso failed at iter 15: Non SPD result: the system is too ill-conditioned for this solver. The system is too ill-conditioned for this solver; keeping previous Theta
  [warn] glasso failed at iter 16: Non SPD result: the system is too ill-conditioned for this solver. The system is too ill-conditioned for this solver; keeping previous Theta
  [warn] glasso failed at iter 17: Non SPD result: the system is too ill-conditioned for this solver. The system is too ill-conditioned for this solver; keeping previous Theta
  [warn] glasso failed at iter 18: Non SPD result: the system is too ill-conditioned for this solver. The system is too ill-conditioned for this solver; keeping previous Theta
  [warn] glasso failed at iter 19: Non SPD result: the system is too ill-conditioned for this solver. The system is too ill-conditioned for this solver; keeping previous Theta
  [warn] glasso failed at iter 20: Non SPD result: the system is too ill-conditioned for this solver. The system is too ill-conditioned for this solver; keeping previous Theta
  [warn] glasso failed at iter 21: Non SPD result: the system is too ill-conditioned for this solver. The system is too ill-conditioned for this solver; keeping previous Theta
  [warn] glasso failed at iter 22: Non SPD result: the system is too ill-conditioned for this solver. The system is too ill-conditioned for this solver; keeping previous Theta
  [warn] glasso failed at iter 23: Non SPD result: the system is too ill-conditioned for this solver. The system is too ill-conditioned for this solver; keeping previous Theta
  [warn] glasso failed at iter 24: Non SPD result: the system is too ill-conditioned for this solver. The system is too ill-conditioned for this solver; keeping previous Theta
  [warn] glasso failed at iter 25: Non SPD result: the system is too ill-conditioned for this solver. The system is too ill-conditioned for this solver; keeping previous Theta
  [warn] glasso failed at iter 26: Non SPD result: the system is too ill-conditioned for this solver. The system is too ill-conditioned for this solver; keeping previous Theta
  [warn] glasso failed at iter 27: Non SPD result: the system is too ill-conditioned for this solver. The system is too ill-conditioned for this solver; keeping previous Theta
  [warn] glasso failed at iter 28: Non SPD result: the system is too ill-conditioned for this solver. The system is too ill-conditioned for this solver; keeping previous Theta
  [warn] glasso failed at iter 29: Non SPD result: the system is too ill-conditioned for this solver. The system is too ill-conditioned for this solver; keeping previous Theta
  [warn] glasso failed at iter 30: Non SPD result: the system is too ill-conditioned for this solver. The system is too ill-conditioned for this solver; keeping previous Theta
  [warn] glasso failed at iter 31: Non SPD result: the system is too ill-conditioned for this solver. The system is too ill-conditioned for this solver; keeping previous Theta
  [warn] glasso failed at iter 32: Non SPD result: the system is too ill-conditioned for this solver. The system is too ill-conditioned for this solver; keeping previous Theta
  [warn] glasso failed at iter 33: Non SPD result: the system is too ill-conditioned for this solver. The system is too ill-conditioned for this solver; keeping previous Theta
  [warn] glasso failed at iter 34: Non SPD result: the system is too ill-conditioned for this solver. The system is too ill-conditioned for this solver; keeping previous Theta
  [warn] glasso failed at iter 35: Non SPD result: the system is too ill-conditioned for this solver. The system is too ill-conditioned for this solver; keeping previous Theta
  [warn] glasso failed at iter 36: Non SPD result: the system is too ill-conditioned for this solver. The system is too ill-conditioned for this solver; keeping previous Theta
  [warn] glasso failed at iter 37: Non SPD result: the system is too ill-conditioned for this solver. The system is too ill-conditioned for this solver; keeping previous Theta
  [warn] glasso failed at iter 38: Non SPD result: the system is too ill-conditioned for this solver. The system is too ill-conditioned for this solver; keeping previous Theta
  [warn] glasso failed at iter 39: Non SPD result: the system is too ill-conditioned for this solver. The system is too ill-conditioned for this solver; keeping previous Theta
  [warn] glasso failed at iter 40: Non SPD result: the system is too ill-conditioned for this solver. The system is too ill-conditioned for this solver; keeping previous Theta
  [warn] glasso failed at iter 41: Non SPD result: the system is too ill-conditioned for this solver. The system is too ill-conditioned for this solver; keeping previous Theta
  [warn] glasso failed at iter 42: Non SPD result: the system is too ill-conditioned for this solver. The system is too ill-conditioned for this solver; keeping previous Theta
  [warn] glasso failed at iter 43: Non SPD result: the system is too ill-conditioned for this solver. The system is too ill-conditioned for this solver; keeping previous Theta
  [warn] glasso failed at iter 44: Non SPD result: the system is too ill-conditioned for this solver. The system is too ill-conditioned for this solver; keeping previous Theta
  [warn] glasso failed at iter 45: Non SPD result: the system is too ill-conditioned for this solver. The system is too ill-conditioned for this solver; keeping previous Theta
    fp=0.4455 tp=0.6667  [2.9s]  [STALE: glasso failed on 46 EM iters]  [nu->NU_MAX x1605]
   median nu  = 9.445
   median |eta| = 0.001
  rho=0.00013 (36/36)  [extra 16/50]
  [warn] glasso failed at iter 0: Non SPD result: the system is too ill-conditioned for this solver. The system is too ill-conditioned for this solver; keeping previous Theta
  [warn] glasso failed at iter 1: Non SPD result: the system is too ill-conditioned for this solver. The system is too ill-conditioned for this solver; keeping previous Theta
  [warn] glasso failed at iter 2: Non SPD result: the system is too ill-conditioned for this solver. The system is too ill-conditioned for this solver; keeping previous Theta
  [warn] glasso failed at iter 3: Non SPD result: the system is too ill-conditioned for this solver. The system is too ill-conditioned for this solver; keeping previous Theta
  [warn] glasso failed at iter 4: Non SPD result: the system is too ill-conditioned for this solver. The system is too ill-conditioned for this solver; keeping previous Theta
  [warn] glasso failed at iter 5: Non SPD result: the system is too ill-conditioned for this solver. The system is too ill-conditioned for this solver; keeping previous Theta
  [warn] glasso failed at iter 6: Non SPD result: the system is too ill-conditioned for this solver. The system is too ill-conditioned for this solver; keeping previous Theta
  [warn] glasso failed at iter 7: Non SPD result: the system is too ill-conditioned for this solver. The system is too ill-conditioned for this solver; keeping previous Theta
  [warn] glasso failed at iter 8: Non SPD result: the system is too ill-conditioned for this solver. The system is too ill-conditioned for this solver; keeping previous Theta
  [warn] glasso failed at iter 9: Non SPD result: the system is too ill-conditioned for this solver. The system is too ill-conditioned for this solver; keeping previous Theta
  [warn] glasso failed at iter 10: Non SPD result: the system is too ill-conditioned for this solver. The system is too ill-conditioned for this solver; keeping previous Theta
  [warn] glasso failed at iter 11: Non SPD result: the system is too ill-conditioned for this solver. The system is too ill-conditioned for this solver; keeping previous Theta
  [warn] glasso failed at iter 12: Non SPD result: the system is too ill-conditioned for this solver. The system is too ill-conditioned for this solver; keeping previous Theta
  [warn] glasso failed at iter 13: Non SPD result: the system is too ill-conditioned for this solver. The system is too ill-conditioned for this solver; keeping previous Theta
  [warn] glasso failed at iter 14: Non SPD result: the system is too ill-conditioned for this solver. The system is too ill-conditioned for this solver; keeping previous Theta
  [warn] glasso failed at iter 15: Non SPD result: the system is too ill-conditioned for this solver. The system is too ill-conditioned for this solver; keeping previous Theta
  [warn] glasso failed at iter 16: Non SPD result: the system is too ill-conditioned for this solver. The system is too ill-conditioned for this solver; keeping previous Theta
  [warn] glasso failed at iter 17: Non SPD result: the system is too ill-conditioned for this solver. The system is too ill-conditioned for this solver; keeping previous Theta
  [warn] glasso failed at iter 18: Non SPD result: the system is too ill-conditioned for this solver. The system is too ill-conditioned for this solver; keeping previous Theta
  [warn] glasso failed at iter 19: Non SPD result: the system is too ill-conditioned for this solver. The system is too ill-conditioned for this solver; keeping previous Theta
  [warn] glasso failed at iter 20: Non SPD result: the system is too ill-conditioned for this solver. The system is too ill-conditioned for this solver; keeping previous Theta
  [warn] glasso failed at iter 21: Non SPD result: the system is too ill-conditioned for this solver. The system is too ill-conditioned for this solver; keeping previous Theta
  [warn] glasso failed at iter 22: Non SPD result: the system is too ill-conditioned for this solver. The system is too ill-conditioned for this solver; keeping previous Theta
  [warn] glasso failed at iter 23: Non SPD result: the system is too ill-conditioned for this solver. The system is too ill-conditioned for this solver; keeping previous Theta
  [warn] glasso failed at iter 24: Non SPD result: the system is too ill-conditioned for this solver. The system is too ill-conditioned for this solver; keeping previous Theta
  [warn] glasso failed at iter 25: Non SPD result: the system is too ill-conditioned for this solver. The system is too ill-conditioned for this solver; keeping previous Theta
  [warn] glasso failed at iter 26: Non SPD result: the system is too ill-conditioned for this solver. The system is too ill-conditioned for this solver; keeping previous Theta
  [warn] glasso failed at iter 27: Non SPD result: the system is too ill-conditioned for this solver. The system is too ill-conditioned for this solver; keeping previous Theta
  [warn] glasso failed at iter 28: Non SPD result: the system is too ill-conditioned for this solver. The system is too ill-conditioned for this solver; keeping previous Theta
  [warn] glasso failed at iter 29: Non SPD result: the system is too ill-conditioned for this solver. The system is too ill-conditioned for this solver; keeping previous Theta
  [warn] glasso failed at iter 30: Non SPD result: the system is too ill-conditioned for this solver. The system is too ill-conditioned for this solver; keeping previous Theta
  [warn] glasso failed at iter 31: Non SPD result: the system is too ill-conditioned for this solver. The system is too ill-conditioned for this solver; keeping previous Theta
  [warn] glasso failed at iter 32: Non SPD result: the system is too ill-conditioned for this solver. The system is too ill-conditioned for this solver; keeping previous Theta
  [warn] glasso failed at iter 33: Non SPD result: the system is too ill-conditioned for this solver. The system is too ill-conditioned for this solver; keeping previous Theta
  [warn] glasso failed at iter 34: Non SPD result: the system is too ill-conditioned for this solver. The system is too ill-conditioned for this solver; keeping previous Theta
  [warn] glasso failed at iter 35: Non SPD result: the system is too ill-conditioned for this solver. The system is too ill-conditioned for this solver; keeping previous Theta
  [warn] glasso failed at iter 36: Non SPD result: the system is too ill-conditioned for this solver. The system is too ill-conditioned for this solver; keeping previous Theta
  [warn] glasso failed at iter 37: Non SPD result: the system is too ill-conditioned for this solver. The system is too ill-conditioned for this solver; keeping previous Theta
  [warn] glasso failed at iter 38: Non SPD result: the system is too ill-conditioned for this solver. The system is too ill-conditioned for this solver; keeping previous Theta
  [warn] glasso failed at iter 39: Non SPD result: the system is too ill-conditioned for this solver. The system is too ill-conditioned for this solver; keeping previous Theta
  [warn] glasso failed at iter 40: Non SPD result: the system is too ill-conditioned for this solver. The system is too ill-conditioned for this solver; keeping previous Theta
  [warn] glasso failed at iter 41: Non SPD result: the system is too ill-conditioned for this solver. The system is too ill-conditioned for this solver; keeping previous Theta
  [warn] glasso failed at iter 42: Non SPD result: the system is too ill-conditioned for this solver. The system is too ill-conditioned for this solver; keeping previous Theta
  [warn] glasso failed at iter 43: Non SPD result: the system is too ill-conditioned for this solver. The system is too ill-conditioned for this solver; keeping previous Theta
  [warn] glasso failed at iter 44: Non SPD result: the system is too ill-conditioned for this solver. The system is too ill-conditioned for this solver; keeping previous Theta
  [warn] glasso failed at iter 45: Non SPD result: the system is too ill-conditioned for this solver. The system is too ill-conditioned for this solver; keeping previous Theta
    fp=0.4455 tp=0.6667  [3.0s]  [STALE: glasso failed on 46 EM iters]  [nu->NU_MAX x1605]
   median nu  = 9.445
   median |eta| = 0.001
  rho=0.00010 (37/37)  [extra 17/50]
  [warn] glasso failed at iter 0: Non SPD result: the system is too ill-conditioned for this solver. The system is too ill-conditioned for this solver; keeping previous Theta
  [warn] glasso failed at iter 1: Non SPD result: the system is too ill-conditioned for this solver. The system is too ill-conditioned for this solver; keeping previous Theta
  [warn] glasso failed at iter 2: Non SPD result: the system is too ill-conditioned for this solver. The system is too ill-conditioned for this solver; keeping previous Theta
  [warn] glasso failed at iter 3: Non SPD result: the system is too ill-conditioned for this solver. The system is too ill-conditioned for this solver; keeping previous Theta
  [warn] glasso failed at iter 4: Non SPD result: the system is too ill-conditioned for this solver. The system is too ill-conditioned for this solver; keeping previous Theta
  [warn] glasso failed at iter 5: Non SPD result: the system is too ill-conditioned for this solver. The system is too ill-conditioned for this solver; keeping previous Theta
  [warn] glasso failed at iter 6: Non SPD result: the system is too ill-conditioned for this solver. The system is too ill-conditioned for this solver; keeping previous Theta
  [warn] glasso failed at iter 7: Non SPD result: the system is too ill-conditioned for this solver. The system is too ill-conditioned for this solver; keeping previous Theta
  [warn] glasso failed at iter 8: Non SPD result: the system is too ill-conditioned for this solver. The system is too ill-conditioned for this solver; keeping previous Theta
  [warn] glasso failed at iter 9: Non SPD result: the system is too ill-conditioned for this solver. The system is too ill-conditioned for this solver; keeping previous Theta
  [warn] glasso failed at iter 10: Non SPD result: the system is too ill-conditioned for this solver. The system is too ill-conditioned for this solver; keeping previous Theta
  [warn] glasso failed at iter 11: Non SPD result: the system is too ill-conditioned for this solver. The system is too ill-conditioned for this solver; keeping previous Theta
  [warn] glasso failed at iter 12: Non SPD result: the system is too ill-conditioned for this solver. The system is too ill-conditioned for this solver; keeping previous Theta
  [warn] glasso failed at iter 13: Non SPD result: the system is too ill-conditioned for this solver. The system is too ill-conditioned for this solver; keeping previous Theta
  [warn] glasso failed at iter 14: Non SPD result: the system is too ill-conditioned for this solver. The system is too ill-conditioned for this solver; keeping previous Theta
  [warn] glasso failed at iter 15: Non SPD result: the system is too ill-conditioned for this solver. The system is too ill-conditioned for this solver; keeping previous Theta
  [warn] glasso failed at iter 16: Non SPD result: the system is too ill-conditioned for this solver. The system is too ill-conditioned for this solver; keeping previous Theta
  [warn] glasso failed at iter 17: Non SPD result: the system is too ill-conditioned for this solver. The system is too ill-conditioned for this solver; keeping previous Theta
  [warn] glasso failed at iter 18: Non SPD result: the system is too ill-conditioned for this solver. The system is too ill-conditioned for this solver; keeping previous Theta
  [warn] glasso failed at iter 19: Non SPD result: the system is too ill-conditioned for this solver. The system is too ill-conditioned for this solver; keeping previous Theta
  [warn] glasso failed at iter 20: Non SPD result: the system is too ill-conditioned for this solver. The system is too ill-conditioned for this solver; keeping previous Theta
  [warn] glasso failed at iter 21: Non SPD result: the system is too ill-conditioned for this solver. The system is too ill-conditioned for this solver; keeping previous Theta
  [warn] glasso failed at iter 22: Non SPD result: the system is too ill-conditioned for this solver. The system is too ill-conditioned for this solver; keeping previous Theta
  [warn] glasso failed at iter 23: Non SPD result: the system is too ill-conditioned for this solver. The system is too ill-conditioned for this solver; keeping previous Theta
  [warn] glasso failed at iter 24: Non SPD result: the system is too ill-conditioned for this solver. The system is too ill-conditioned for this solver; keeping previous Theta
  [warn] glasso failed at iter 25: Non SPD result: the system is too ill-conditioned for this solver. The system is too ill-conditioned for this solver; keeping previous Theta
  [warn] glasso failed at iter 26: Non SPD result: the system is too ill-conditioned for this solver. The system is too ill-conditioned for this solver; keeping previous Theta
  [warn] glasso failed at iter 27: Non SPD result: the system is too ill-conditioned for this solver. The system is too ill-conditioned for this solver; keeping previous Theta
  [warn] glasso failed at iter 28: Non SPD result: the system is too ill-conditioned for this solver. The system is too ill-conditioned for this solver; keeping previous Theta
  [warn] glasso failed at iter 29: Non SPD result: the system is too ill-conditioned for this solver. The system is too ill-conditioned for this solver; keeping previous Theta
  [warn] glasso failed at iter 30: Non SPD result: the system is too ill-conditioned for this solver. The system is too ill-conditioned for this solver; keeping previous Theta
  [warn] glasso failed at iter 31: Non SPD result: the system is too ill-conditioned for this solver. The system is too ill-conditioned for this solver; keeping previous Theta
  [warn] glasso failed at iter 32: Non SPD result: the system is too ill-conditioned for this solver. The system is too ill-conditioned for this solver; keeping previous Theta
  [warn] glasso failed at iter 33: Non SPD result: the system is too ill-conditioned for this solver. The system is too ill-conditioned for this solver; keeping previous Theta
  [warn] glasso failed at iter 34: Non SPD result: the system is too ill-conditioned for this solver. The system is too ill-conditioned for this solver; keeping previous Theta
  [warn] glasso failed at iter 35: Non SPD result: the system is too ill-conditioned for this solver. The system is too ill-conditioned for this solver; keeping previous Theta
  [warn] glasso failed at iter 36: Non SPD result: the system is too ill-conditioned for this solver. The system is too ill-conditioned for this solver; keeping previous Theta
  [warn] glasso failed at iter 37: Non SPD result: the system is too ill-conditioned for this solver. The system is too ill-conditioned for this solver; keeping previous Theta
  [warn] glasso failed at iter 38: Non SPD result: the system is too ill-conditioned for this solver. The system is too ill-conditioned for this solver; keeping previous Theta
  [warn] glasso failed at iter 39: Non SPD result: the system is too ill-conditioned for this solver. The system is too ill-conditioned for this solver; keeping previous Theta
  [warn] glasso failed at iter 40: Non SPD result: the system is too ill-conditioned for this solver. The system is too ill-conditioned for this solver; keeping previous Theta
  [warn] glasso failed at iter 41: Non SPD result: the system is too ill-conditioned for this solver. The system is too ill-conditioned for this solver; keeping previous Theta
  [warn] glasso failed at iter 42: Non SPD result: the system is too ill-conditioned for this solver. The system is too ill-conditioned for this solver; keeping previous Theta
  [warn] glasso failed at iter 43: Non SPD result: the system is too ill-conditioned for this solver. The system is too ill-conditioned for this solver; keeping previous Theta
  [warn] glasso failed at iter 44: Non SPD result: the system is too ill-conditioned for this solver. The system is too ill-conditioned for this solver; keeping previous Theta
  [warn] glasso failed at iter 45: Non SPD result: the system is too ill-conditioned for this solver. The system is too ill-conditioned for this solver; keeping previous Theta
    fp=0.4455 tp=0.6667  [2.9s]  [STALE: glasso failed on 46 EM iters]  [nu->NU_MAX x1605]
   median nu  = 9.445
   median |eta| = 0.001
  rho=0.00008 (38/38)  [extra 18/50]
  [warn] glasso failed at iter 0: Non SPD result: the system is too ill-conditioned for this solver. The system is too ill-conditioned for this solver; keeping previous Theta
  [warn] glasso failed at iter 1: Non SPD result: the system is too ill-conditioned for this solver. The system is too ill-conditioned for this solver; keeping previous Theta
  [warn] glasso failed at iter 2: Non SPD result: the system is too ill-conditioned for this solver. The system is too ill-conditioned for this solver; keeping previous Theta
  [warn] glasso failed at iter 3: Non SPD result: the system is too ill-conditioned for this solver. The system is too ill-conditioned for this solver; keeping previous Theta
  [warn] glasso failed at iter 4: Non SPD result: the system is too ill-conditioned for this solver. The system is too ill-conditioned for this solver; keeping previous Theta
  [warn] glasso failed at iter 5: Non SPD result: the system is too ill-conditioned for this solver. The system is too ill-conditioned for this solver; keeping previous Theta
  [warn] glasso failed at iter 6: Non SPD result: the system is too ill-conditioned for this solver. The system is too ill-conditioned for this solver; keeping previous Theta
  [warn] glasso failed at iter 7: Non SPD result: the system is too ill-conditioned for this solver. The system is too ill-conditioned for this solver; keeping previous Theta
  [warn] glasso failed at iter 8: Non SPD result: the system is too ill-conditioned for this solver. The system is too ill-conditioned for this solver; keeping previous Theta
  [warn] glasso failed at iter 9: Non SPD result: the system is too ill-conditioned for this solver. The system is too ill-conditioned for this solver; keeping previous Theta
  [warn] glasso failed at iter 10: Non SPD result: the system is too ill-conditioned for this solver. The system is too ill-conditioned for this solver; keeping previous Theta
  [warn] glasso failed at iter 11: Non SPD result: the system is too ill-conditioned for this solver. The system is too ill-conditioned for this solver; keeping previous Theta
  [warn] glasso failed at iter 12: Non SPD result: the system is too ill-conditioned for this solver. The system is too ill-conditioned for this solver; keeping previous Theta
  [warn] glasso failed at iter 13: Non SPD result: the system is too ill-conditioned for this solver. The system is too ill-conditioned for this solver; keeping previous Theta
  [warn] glasso failed at iter 14: Non SPD result: the system is too ill-conditioned for this solver. The system is too ill-conditioned for this solver; keeping previous Theta
  [warn] glasso failed at iter 15: Non SPD result: the system is too ill-conditioned for this solver. The system is too ill-conditioned for this solver; keeping previous Theta
  [warn] glasso failed at iter 16: Non SPD result: the system is too ill-conditioned for this solver. The system is too ill-conditioned for this solver; keeping previous Theta
  [warn] glasso failed at iter 17: Non SPD result: the system is too ill-conditioned for this solver. The system is too ill-conditioned for this solver; keeping previous Theta
  [warn] glasso failed at iter 18: Non SPD result: the system is too ill-conditioned for this solver. The system is too ill-conditioned for this solver; keeping previous Theta
  [warn] glasso failed at iter 19: Non SPD result: the system is too ill-conditioned for this solver. The system is too ill-conditioned for this solver; keeping previous Theta
  [warn] glasso failed at iter 20: Non SPD result: the system is too ill-conditioned for this solver. The system is too ill-conditioned for this solver; keeping previous Theta
  [warn] glasso failed at iter 21: Non SPD result: the system is too ill-conditioned for this solver. The system is too ill-conditioned for this solver; keeping previous Theta
  [warn] glasso failed at iter 22: Non SPD result: the system is too ill-conditioned for this solver. The system is too ill-conditioned for this solver; keeping previous Theta
  [warn] glasso failed at iter 23: Non SPD result: the system is too ill-conditioned for this solver. The system is too ill-conditioned for this solver; keeping previous Theta
  [warn] glasso failed at iter 24: Non SPD result: the system is too ill-conditioned for this solver. The system is too ill-conditioned for this solver; keeping previous Theta
  [warn] glasso failed at iter 25: Non SPD result: the system is too ill-conditioned for this solver. The system is too ill-conditioned for this solver; keeping previous Theta
  [warn] glasso failed at iter 26: Non SPD result: the system is too ill-conditioned for this solver. The system is too ill-conditioned for this solver; keeping previous Theta
  [warn] glasso failed at iter 27: Non SPD result: the system is too ill-conditioned for this solver. The system is too ill-conditioned for this solver; keeping previous Theta
  [warn] glasso failed at iter 28: Non SPD result: the system is too ill-conditioned for this solver. The system is too ill-conditioned for this solver; keeping previous Theta
  [warn] glasso failed at iter 29: Non SPD result: the system is too ill-conditioned for this solver. The system is too ill-conditioned for this solver; keeping previous Theta
  [warn] glasso failed at iter 30: Non SPD result: the system is too ill-conditioned for this solver. The system is too ill-conditioned for this solver; keeping previous Theta
  [warn] glasso failed at iter 31: Non SPD result: the system is too ill-conditioned for this solver. The system is too ill-conditioned for this solver; keeping previous Theta
  [warn] glasso failed at iter 32: Non SPD result: the system is too ill-conditioned for this solver. The system is too ill-conditioned for this solver; keeping previous Theta
  [warn] glasso failed at iter 33: Non SPD result: the system is too ill-conditioned for this solver. The system is too ill-conditioned for this solver; keeping previous Theta
  [warn] glasso failed at iter 34: Non SPD result: the system is too ill-conditioned for this solver. The system is too ill-conditioned for this solver; keeping previous Theta
  [warn] glasso failed at iter 35: Non SPD result: the system is too ill-conditioned for this solver. The system is too ill-conditioned for this solver; keeping previous Theta
  [warn] glasso failed at iter 36: Non SPD result: the system is too ill-conditioned for this solver. The system is too ill-conditioned for this solver; keeping previous Theta
  [warn] glasso failed at iter 37: Non SPD result: the system is too ill-conditioned for this solver. The system is too ill-conditioned for this solver; keeping previous Theta
  [warn] glasso failed at iter 38: Non SPD result: the system is too ill-conditioned for this solver. The system is too ill-conditioned for this solver; keeping previous Theta
  [warn] glasso failed at iter 39: Non SPD result: the system is too ill-conditioned for this solver. The system is too ill-conditioned for this solver; keeping previous Theta
  [warn] glasso failed at iter 40: Non SPD result: the system is too ill-conditioned for this solver. The system is too ill-conditioned for this solver; keeping previous Theta
  [warn] glasso failed at iter 41: Non SPD result: the system is too ill-conditioned for this solver. The system is too ill-conditioned for this solver; keeping previous Theta
  [warn] glasso failed at iter 42: Non SPD result: the system is too ill-conditioned for this solver. The system is too ill-conditioned for this solver; keeping previous Theta
  [warn] glasso failed at iter 43: Non SPD result: the system is too ill-conditioned for this solver. The system is too ill-conditioned for this solver; keeping previous Theta
  [warn] glasso failed at iter 44: Non SPD result: the system is too ill-conditioned for this solver. The system is too ill-conditioned for this solver; keeping previous Theta
  [warn] glasso failed at iter 45: Non SPD result: the system is too ill-conditioned for this solver. The system is too ill-conditioned for this solver; keeping previous Theta
    fp=0.4455 tp=0.6667  [2.8s]  [STALE: glasso failed on 46 EM iters]  [nu->NU_MAX x1605]
   median nu  = 9.445
   median |eta| = 0.001
  rho=0.00006 (39/39)  [extra 19/50]
  [warn] glasso failed at iter 0: Non SPD result: the system is too ill-conditioned for this solver. The system is too ill-conditioned for this solver; keeping previous Theta
  [warn] glasso failed at iter 1: Non SPD result: the system is too ill-conditioned for this solver. The system is too ill-conditioned for this solver; keeping previous Theta
  [warn] glasso failed at iter 2: Non SPD result: the system is too ill-conditioned for this solver. The system is too ill-conditioned for this solver; keeping previous Theta
  [warn] glasso failed at iter 3: Non SPD result: the system is too ill-conditioned for this solver. The system is too ill-conditioned for this solver; keeping previous Theta
  [warn] glasso failed at iter 4: Non SPD result: the system is too ill-conditioned for this solver. The system is too ill-conditioned for this solver; keeping previous Theta
  [warn] glasso failed at iter 5: Non SPD result: the system is too ill-conditioned for this solver. The system is too ill-conditioned for this solver; keeping previous Theta
  [warn] glasso failed at iter 6: Non SPD result: the system is too ill-conditioned for this solver. The system is too ill-conditioned for this solver; keeping previous Theta
  [warn] glasso failed at iter 7: Non SPD result: the system is too ill-conditioned for this solver. The system is too ill-conditioned for this solver; keeping previous Theta
  [warn] glasso failed at iter 8: Non SPD result: the system is too ill-conditioned for this solver. The system is too ill-conditioned for this solver; keeping previous Theta
  [warn] glasso failed at iter 9: Non SPD result: the system is too ill-conditioned for this solver. The system is too ill-conditioned for this solver; keeping previous Theta
  [warn] glasso failed at iter 10: Non SPD result: the system is too ill-conditioned for this solver. The system is too ill-conditioned for this solver; keeping previous Theta
  [warn] glasso failed at iter 11: Non SPD result: the system is too ill-conditioned for this solver. The system is too ill-conditioned for this solver; keeping previous Theta
  [warn] glasso failed at iter 12: Non SPD result: the system is too ill-conditioned for this solver. The system is too ill-conditioned for this solver; keeping previous Theta
  [warn] glasso failed at iter 13: Non SPD result: the system is too ill-conditioned for this solver. The system is too ill-conditioned for this solver; keeping previous Theta
  [warn] glasso failed at iter 14: Non SPD result: the system is too ill-conditioned for this solver. The system is too ill-conditioned for this solver; keeping previous Theta
  [warn] glasso failed at iter 15: Non SPD result: the system is too ill-conditioned for this solver. The system is too ill-conditioned for this solver; keeping previous Theta
  [warn] glasso failed at iter 16: Non SPD result: the system is too ill-conditioned for this solver. The system is too ill-conditioned for this solver; keeping previous Theta
  [warn] glasso failed at iter 17: Non SPD result: the system is too ill-conditioned for this solver. The system is too ill-conditioned for this solver; keeping previous Theta
  [warn] glasso failed at iter 18: Non SPD result: the system is too ill-conditioned for this solver. The system is too ill-conditioned for this solver; keeping previous Theta
  [warn] glasso failed at iter 19: Non SPD result: the system is too ill-conditioned for this solver. The system is too ill-conditioned for this solver; keeping previous Theta
  [warn] glasso failed at iter 20: Non SPD result: the system is too ill-conditioned for this solver. The system is too ill-conditioned for this solver; keeping previous Theta
  [warn] glasso failed at iter 21: Non SPD result: the system is too ill-conditioned for this solver. The system is too ill-conditioned for this solver; keeping previous Theta
  [warn] glasso failed at iter 22: Non SPD result: the system is too ill-conditioned for this solver. The system is too ill-conditioned for this solver; keeping previous Theta
  [warn] glasso failed at iter 23: Non SPD result: the system is too ill-conditioned for this solver. The system is too ill-conditioned for this solver; keeping previous Theta
  [warn] glasso failed at iter 24: Non SPD result: the system is too ill-conditioned for this solver. The system is too ill-conditioned for this solver; keeping previous Theta
  [warn] glasso failed at iter 25: Non SPD result: the system is too ill-conditioned for this solver. The system is too ill-conditioned for this solver; keeping previous Theta
  [warn] glasso failed at iter 26: Non SPD result: the system is too ill-conditioned for this solver. The system is too ill-conditioned for this solver; keeping previous Theta
  [warn] glasso failed at iter 27: Non SPD result: the system is too ill-conditioned for this solver. The system is too ill-conditioned for this solver; keeping previous Theta
  [warn] glasso failed at iter 28: Non SPD result: the system is too ill-conditioned for this solver. The system is too ill-conditioned for this solver; keeping previous Theta
  [warn] glasso failed at iter 29: Non SPD result: the system is too ill-conditioned for this solver. The system is too ill-conditioned for this solver; keeping previous Theta
  [warn] glasso failed at iter 30: Non SPD result: the system is too ill-conditioned for this solver. The system is too ill-conditioned for this solver; keeping previous Theta
  [warn] glasso failed at iter 31: Non SPD result: the system is too ill-conditioned for this solver. The system is too ill-conditioned for this solver; keeping previous Theta
  [warn] glasso failed at iter 32: Non SPD result: the system is too ill-conditioned for this solver. The system is too ill-conditioned for this solver; keeping previous Theta
  [warn] glasso failed at iter 33: Non SPD result: the system is too ill-conditioned for this solver. The system is too ill-conditioned for this solver; keeping previous Theta
  [warn] glasso failed at iter 34: Non SPD result: the system is too ill-conditioned for this solver. The system is too ill-conditioned for this solver; keeping previous Theta
  [warn] glasso failed at iter 35: Non SPD result: the system is too ill-conditioned for this solver. The system is too ill-conditioned for this solver; keeping previous Theta
  [warn] glasso failed at iter 36: Non SPD result: the system is too ill-conditioned for this solver. The system is too ill-conditioned for this solver; keeping previous Theta
  [warn] glasso failed at iter 37: Non SPD result: the system is too ill-conditioned for this solver. The system is too ill-conditioned for this solver; keeping previous Theta
  [warn] glasso failed at iter 38: Non SPD result: the system is too ill-conditioned for this solver. The system is too ill-conditioned for this solver; keeping previous Theta
  [warn] glasso failed at iter 39: Non SPD result: the system is too ill-conditioned for this solver. The system is too ill-conditioned for this solver; keeping previous Theta
  [warn] glasso failed at iter 40: Non SPD result: the system is too ill-conditioned for this solver. The system is too ill-conditioned for this solver; keeping previous Theta
  [warn] glasso failed at iter 41: Non SPD result: the system is too ill-conditioned for this solver. The system is too ill-conditioned for this solver; keeping previous Theta
  [warn] glasso failed at iter 42: Non SPD result: the system is too ill-conditioned for this solver. The system is too ill-conditioned for this solver; keeping previous Theta
  [warn] glasso failed at iter 43: Non SPD result: the system is too ill-conditioned for this solver. The system is too ill-conditioned for this solver; keeping previous Theta
  [warn] glasso failed at iter 44: Non SPD result: the system is too ill-conditioned for this solver. The system is too ill-conditioned for this solver; keeping previous Theta
  [warn] glasso failed at iter 45: Non SPD result: the system is too ill-conditioned for this solver. The system is too ill-conditioned for this solver; keeping previous Theta
    fp=0.4455 tp=0.6667  [2.8s]  [STALE: glasso failed on 46 EM iters]  [nu->NU_MAX x1605]
   median nu  = 9.445
   median |eta| = 0.001
  rho=0.00005 (40/40)  [extra 20/50]
  [warn] glasso failed at iter 0: Non SPD result: the system is too ill-conditioned for this solver. The system is too ill-conditioned for this solver; keeping previous Theta
  [warn] glasso failed at iter 1: Non SPD result: the system is too ill-conditioned for this solver. The system is too ill-conditioned for this solver; keeping previous Theta
  [warn] glasso failed at iter 2: Non SPD result: the system is too ill-conditioned for this solver. The system is too ill-conditioned for this solver; keeping previous Theta
  [warn] glasso failed at iter 3: Non SPD result: the system is too ill-conditioned for this solver. The system is too ill-conditioned for this solver; keeping previous Theta
  [warn] glasso failed at iter 4: Non SPD result: the system is too ill-conditioned for this solver. The system is too ill-conditioned for this solver; keeping previous Theta
  [warn] glasso failed at iter 5: Non SPD result: the system is too ill-conditioned for this solver. The system is too ill-conditioned for this solver; keeping previous Theta
  [warn] glasso failed at iter 6: Non SPD result: the system is too ill-conditioned for this solver. The system is too ill-conditioned for this solver; keeping previous Theta
  [warn] glasso failed at iter 7: Non SPD result: the system is too ill-conditioned for this solver. The system is too ill-conditioned for this solver; keeping previous Theta
  [warn] glasso failed at iter 8: Non SPD result: the system is too ill-conditioned for this solver. The system is too ill-conditioned for this solver; keeping previous Theta
  [warn] glasso failed at iter 9: Non SPD result: the system is too ill-conditioned for this solver. The system is too ill-conditioned for this solver; keeping previous Theta
  [warn] glasso failed at iter 10: Non SPD result: the system is too ill-conditioned for this solver. The system is too ill-conditioned for this solver; keeping previous Theta
  [warn] glasso failed at iter 11: Non SPD result: the system is too ill-conditioned for this solver. The system is too ill-conditioned for this solver; keeping previous Theta
  [warn] glasso failed at iter 12: Non SPD result: the system is too ill-conditioned for this solver. The system is too ill-conditioned for this solver; keeping previous Theta
  [warn] glasso failed at iter 13: Non SPD result: the system is too ill-conditioned for this solver. The system is too ill-conditioned for this solver; keeping previous Theta
  [warn] glasso failed at iter 14: Non SPD result: the system is too ill-conditioned for this solver. The system is too ill-conditioned for this solver; keeping previous Theta
  [warn] glasso failed at iter 15: Non SPD result: the system is too ill-conditioned for this solver. The system is too ill-conditioned for this solver; keeping previous Theta
  [warn] glasso failed at iter 16: Non SPD result: the system is too ill-conditioned for this solver. The system is too ill-conditioned for this solver; keeping previous Theta
  [warn] glasso failed at iter 17: Non SPD result: the system is too ill-conditioned for this solver. The system is too ill-conditioned for this solver; keeping previous Theta
  [warn] glasso failed at iter 18: Non SPD result: the system is too ill-conditioned for this solver. The system is too ill-conditioned for this solver; keeping previous Theta
  [warn] glasso failed at iter 19: Non SPD result: the system is too ill-conditioned for this solver. The system is too ill-conditioned for this solver; keeping previous Theta
  [warn] glasso failed at iter 20: Non SPD result: the system is too ill-conditioned for this solver. The system is too ill-conditioned for this solver; keeping previous Theta
  [warn] glasso failed at iter 21: Non SPD result: the system is too ill-conditioned for this solver. The system is too ill-conditioned for this solver; keeping previous Theta
  [warn] glasso failed at iter 22: Non SPD result: the system is too ill-conditioned for this solver. The system is too ill-conditioned for this solver; keeping previous Theta
  [warn] glasso failed at iter 23: Non SPD result: the system is too ill-conditioned for this solver. The system is too ill-conditioned for this solver; keeping previous Theta
  [warn] glasso failed at iter 24: Non SPD result: the system is too ill-conditioned for this solver. The system is too ill-conditioned for this solver; keeping previous Theta
  [warn] glasso failed at iter 25: Non SPD result: the system is too ill-conditioned for this solver. The system is too ill-conditioned for this solver; keeping previous Theta
  [warn] glasso failed at iter 26: Non SPD result: the system is too ill-conditioned for this solver. The system is too ill-conditioned for this solver; keeping previous Theta
  [warn] glasso failed at iter 27: Non SPD result: the system is too ill-conditioned for this solver. The system is too ill-conditioned for this solver; keeping previous Theta
  [warn] glasso failed at iter 28: Non SPD result: the system is too ill-conditioned for this solver. The system is too ill-conditioned for this solver; keeping previous Theta
  [warn] glasso failed at iter 29: Non SPD result: the system is too ill-conditioned for this solver. The system is too ill-conditioned for this solver; keeping previous Theta
  [warn] glasso failed at iter 30: Non SPD result: the system is too ill-conditioned for this solver. The system is too ill-conditioned for this solver; keeping previous Theta
  [warn] glasso failed at iter 31: Non SPD result: the system is too ill-conditioned for this solver. The system is too ill-conditioned for this solver; keeping previous Theta
  [warn] glasso failed at iter 32: Non SPD result: the system is too ill-conditioned for this solver. The system is too ill-conditioned for this solver; keeping previous Theta
  [warn] glasso failed at iter 33: Non SPD result: the system is too ill-conditioned for this solver. The system is too ill-conditioned for this solver; keeping previous Theta
  [warn] glasso failed at iter 34: Non SPD result: the system is too ill-conditioned for this solver. The system is too ill-conditioned for this solver; keeping previous Theta
  [warn] glasso failed at iter 35: Non SPD result: the system is too ill-conditioned for this solver. The system is too ill-conditioned for this solver; keeping previous Theta
  [warn] glasso failed at iter 36: Non SPD result: the system is too ill-conditioned for this solver. The system is too ill-conditioned for this solver; keeping previous Theta
  [warn] glasso failed at iter 37: Non SPD result: the system is too ill-conditioned for this solver. The system is too ill-conditioned for this solver; keeping previous Theta
  [warn] glasso failed at iter 38: Non SPD result: the system is too ill-conditioned for this solver. The system is too ill-conditioned for this solver; keeping previous Theta
  [warn] glasso failed at iter 39: Non SPD result: the system is too ill-conditioned for this solver. The system is too ill-conditioned for this solver; keeping previous Theta
  [warn] glasso failed at iter 40: Non SPD result: the system is too ill-conditioned for this solver. The system is too ill-conditioned for this solver; keeping previous Theta
  [warn] glasso failed at iter 41: Non SPD result: the system is too ill-conditioned for this solver. The system is too ill-conditioned for this solver; keeping previous Theta
  [warn] glasso failed at iter 42: Non SPD result: the system is too ill-conditioned for this solver. The system is too ill-conditioned for this solver; keeping previous Theta
  [warn] glasso failed at iter 43: Non SPD result: the system is too ill-conditioned for this solver. The system is too ill-conditioned for this solver; keeping previous Theta
  [warn] glasso failed at iter 44: Non SPD result: the system is too ill-conditioned for this solver. The system is too ill-conditioned for this solver; keeping previous Theta
  [warn] glasso failed at iter 45: Non SPD result: the system is too ill-conditioned for this solver. The system is too ill-conditioned for this solver; keeping previous Theta
    fp=0.4455 tp=0.6667  [2.9s]  [STALE: glasso failed on 46 EM iters]  [nu->NU_MAX x1605]
   median nu  = 9.445
   median |eta| = 0.001
  rho=0.00004 (41/41)  [extra 21/50]
  [warn] glasso failed at iter 0: Non SPD result: the system is too ill-conditioned for this solver. The system is too ill-conditioned for this solver; keeping previous Theta
  [warn] glasso failed at iter 1: Non SPD result: the system is too ill-conditioned for this solver. The system is too ill-conditioned for this solver; keeping previous Theta
  [warn] glasso failed at iter 2: Non SPD result: the system is too ill-conditioned for this solver. The system is too ill-conditioned for this solver; keeping previous Theta
  [warn] glasso failed at iter 3: Non SPD result: the system is too ill-conditioned for this solver. The system is too ill-conditioned for this solver; keeping previous Theta
  [warn] glasso failed at iter 4: Non SPD result: the system is too ill-conditioned for this solver. The system is too ill-conditioned for this solver; keeping previous Theta
  [warn] glasso failed at iter 5: Non SPD result: the system is too ill-conditioned for this solver. The system is too ill-conditioned for this solver; keeping previous Theta
  [warn] glasso failed at iter 6: Non SPD result: the system is too ill-conditioned for this solver. The system is too ill-conditioned for this solver; keeping previous Theta
  [warn] glasso failed at iter 7: Non SPD result: the system is too ill-conditioned for this solver. The system is too ill-conditioned for this solver; keeping previous Theta
  [warn] glasso failed at iter 8: Non SPD result: the system is too ill-conditioned for this solver. The system is too ill-conditioned for this solver; keeping previous Theta
  [warn] glasso failed at iter 9: Non SPD result: the system is too ill-conditioned for this solver. The system is too ill-conditioned for this solver; keeping previous Theta
  [warn] glasso failed at iter 10: Non SPD result: the system is too ill-conditioned for this solver. The system is too ill-conditioned for this solver; keeping previous Theta
  [warn] glasso failed at iter 11: Non SPD result: the system is too ill-conditioned for this solver. The system is too ill-conditioned for this solver; keeping previous Theta
  [warn] glasso failed at iter 12: Non SPD result: the system is too ill-conditioned for this solver. The system is too ill-conditioned for this solver; keeping previous Theta
  [warn] glasso failed at iter 13: Non SPD result: the system is too ill-conditioned for this solver. The system is too ill-conditioned for this solver; keeping previous Theta
  [warn] glasso failed at iter 14: Non SPD result: the system is too ill-conditioned for this solver. The system is too ill-conditioned for this solver; keeping previous Theta
  [warn] glasso failed at iter 15: Non SPD result: the system is too ill-conditioned for this solver. The system is too ill-conditioned for this solver; keeping previous Theta
  [warn] glasso failed at iter 16: Non SPD result: the system is too ill-conditioned for this solver. The system is too ill-conditioned for this solver; keeping previous Theta
  [warn] glasso failed at iter 17: Non SPD result: the system is too ill-conditioned for this solver. The system is too ill-conditioned for this solver; keeping previous Theta
  [warn] glasso failed at iter 18: Non SPD result: the system is too ill-conditioned for this solver. The system is too ill-conditioned for this solver; keeping previous Theta
  [warn] glasso failed at iter 19: Non SPD result: the system is too ill-conditioned for this solver. The system is too ill-conditioned for this solver; keeping previous Theta
  [warn] glasso failed at iter 20: Non SPD result: the system is too ill-conditioned for this solver. The system is too ill-conditioned for this solver; keeping previous Theta
  [warn] glasso failed at iter 21: Non SPD result: the system is too ill-conditioned for this solver. The system is too ill-conditioned for this solver; keeping previous Theta
  [warn] glasso failed at iter 22: Non SPD result: the system is too ill-conditioned for this solver. The system is too ill-conditioned for this solver; keeping previous Theta
  [warn] glasso failed at iter 23: Non SPD result: the system is too ill-conditioned for this solver. The system is too ill-conditioned for this solver; keeping previous Theta
  [warn] glasso failed at iter 24: Non SPD result: the system is too ill-conditioned for this solver. The system is too ill-conditioned for this solver; keeping previous Theta
  [warn] glasso failed at iter 25: Non SPD result: the system is too ill-conditioned for this solver. The system is too ill-conditioned for this solver; keeping previous Theta
  [warn] glasso failed at iter 26: Non SPD result: the system is too ill-conditioned for this solver. The system is too ill-conditioned for this solver; keeping previous Theta
  [warn] glasso failed at iter 27: Non SPD result: the system is too ill-conditioned for this solver. The system is too ill-conditioned for this solver; keeping previous Theta
  [warn] glasso failed at iter 28: Non SPD result: the system is too ill-conditioned for this solver. The system is too ill-conditioned for this solver; keeping previous Theta
  [warn] glasso failed at iter 29: Non SPD result: the system is too ill-conditioned for this solver. The system is too ill-conditioned for this solver; keeping previous Theta
  [warn] glasso failed at iter 30: Non SPD result: the system is too ill-conditioned for this solver. The system is too ill-conditioned for this solver; keeping previous Theta
  [warn] glasso failed at iter 31: Non SPD result: the system is too ill-conditioned for this solver. The system is too ill-conditioned for this solver; keeping previous Theta
  [warn] glasso failed at iter 32: Non SPD result: the system is too ill-conditioned for this solver. The system is too ill-conditioned for this solver; keeping previous Theta
  [warn] glasso failed at iter 33: Non SPD result: the system is too ill-conditioned for this solver. The system is too ill-conditioned for this solver; keeping previous Theta
  [warn] glasso failed at iter 34: Non SPD result: the system is too ill-conditioned for this solver. The system is too ill-conditioned for this solver; keeping previous Theta
  [warn] glasso failed at iter 35: Non SPD result: the system is too ill-conditioned for this solver. The system is too ill-conditioned for this solver; keeping previous Theta
  [warn] glasso failed at iter 36: Non SPD result: the system is too ill-conditioned for this solver. The system is too ill-conditioned for this solver; keeping previous Theta
  [warn] glasso failed at iter 37: Non SPD result: the system is too ill-conditioned for this solver. The system is too ill-conditioned for this solver; keeping previous Theta
  [warn] glasso failed at iter 38: Non SPD result: the system is too ill-conditioned for this solver. The system is too ill-conditioned for this solver; keeping previous Theta
  [warn] glasso failed at iter 39: Non SPD result: the system is too ill-conditioned for this solver. The system is too ill-conditioned for this solver; keeping previous Theta
  [warn] glasso failed at iter 40: Non SPD result: the system is too ill-conditioned for this solver. The system is too ill-conditioned for this solver; keeping previous Theta
  [warn] glasso failed at iter 41: Non SPD result: the system is too ill-conditioned for this solver. The system is too ill-conditioned for this solver; keeping previous Theta
  [warn] glasso failed at iter 42: Non SPD result: the system is too ill-conditioned for this solver. The system is too ill-conditioned for this solver; keeping previous Theta
  [warn] glasso failed at iter 43: Non SPD result: the system is too ill-conditioned for this solver. The system is too ill-conditioned for this solver; keeping previous Theta
  [warn] glasso failed at iter 44: Non SPD result: the system is too ill-conditioned for this solver. The system is too ill-conditioned for this solver; keeping previous Theta
  [warn] glasso failed at iter 45: Non SPD result: the system is too ill-conditioned for this solver. The system is too ill-conditioned for this solver; keeping previous Theta
    fp=0.4455 tp=0.6667  [3.0s]  [STALE: glasso failed on 46 EM iters]  [nu->NU_MAX x1605]
   median nu  = 9.445
   median |eta| = 0.001
  rho=0.00003 (42/42)  [extra 22/50]
  [warn] glasso failed at iter 0: Non SPD result: the system is too ill-conditioned for this solver. The system is too ill-conditioned for this solver; keeping previous Theta
  [warn] glasso failed at iter 1: Non SPD result: the system is too ill-conditioned for this solver. The system is too ill-conditioned for this solver; keeping previous Theta
  [warn] glasso failed at iter 2: Non SPD result: the system is too ill-conditioned for this solver. The system is too ill-conditioned for this solver; keeping previous Theta
  [warn] glasso failed at iter 3: Non SPD result: the system is too ill-conditioned for this solver. The system is too ill-conditioned for this solver; keeping previous Theta
  [warn] glasso failed at iter 4: Non SPD result: the system is too ill-conditioned for this solver. The system is too ill-conditioned for this solver; keeping previous Theta
  [warn] glasso failed at iter 5: Non SPD result: the system is too ill-conditioned for this solver. The system is too ill-conditioned for this solver; keeping previous Theta
  [warn] glasso failed at iter 6: Non SPD result: the system is too ill-conditioned for this solver. The system is too ill-conditioned for this solver; keeping previous Theta
  [warn] glasso failed at iter 7: Non SPD result: the system is too ill-conditioned for this solver. The system is too ill-conditioned for this solver; keeping previous Theta
  [warn] glasso failed at iter 8: Non SPD result: the system is too ill-conditioned for this solver. The system is too ill-conditioned for this solver; keeping previous Theta
  [warn] glasso failed at iter 9: Non SPD result: the system is too ill-conditioned for this solver. The system is too ill-conditioned for this solver; keeping previous Theta
  [warn] glasso failed at iter 10: Non SPD result: the system is too ill-conditioned for this solver. The system is too ill-conditioned for this solver; keeping previous Theta
  [warn] glasso failed at iter 11: Non SPD result: the system is too ill-conditioned for this solver. The system is too ill-conditioned for this solver; keeping previous Theta
  [warn] glasso failed at iter 12: Non SPD result: the system is too ill-conditioned for this solver. The system is too ill-conditioned for this solver; keeping previous Theta
  [warn] glasso failed at iter 13: Non SPD result: the system is too ill-conditioned for this solver. The system is too ill-conditioned for this solver; keeping previous Theta
  [warn] glasso failed at iter 14: Non SPD result: the system is too ill-conditioned for this solver. The system is too ill-conditioned for this solver; keeping previous Theta
  [warn] glasso failed at iter 15: Non SPD result: the system is too ill-conditioned for this solver. The system is too ill-conditioned for this solver; keeping previous Theta
  [warn] glasso failed at iter 16: Non SPD result: the system is too ill-conditioned for this solver. The system is too ill-conditioned for this solver; keeping previous Theta
  [warn] glasso failed at iter 17: Non SPD result: the system is too ill-conditioned for this solver. The system is too ill-conditioned for this solver; keeping previous Theta
  [warn] glasso failed at iter 18: Non SPD result: the system is too ill-conditioned for this solver. The system is too ill-conditioned for this solver; keeping previous Theta
  [warn] glasso failed at iter 19: Non SPD result: the system is too ill-conditioned for this solver. The system is too ill-conditioned for this solver; keeping previous Theta
  [warn] glasso failed at iter 20: Non SPD result: the system is too ill-conditioned for this solver. The system is too ill-conditioned for this solver; keeping previous Theta
  [warn] glasso failed at iter 21: Non SPD result: the system is too ill-conditioned for this solver. The system is too ill-conditioned for this solver; keeping previous Theta
  [warn] glasso failed at iter 22: Non SPD result: the system is too ill-conditioned for this solver. The system is too ill-conditioned for this solver; keeping previous Theta
  [warn] glasso failed at iter 23: Non SPD result: the system is too ill-conditioned for this solver. The system is too ill-conditioned for this solver; keeping previous Theta
  [warn] glasso failed at iter 24: Non SPD result: the system is too ill-conditioned for this solver. The system is too ill-conditioned for this solver; keeping previous Theta
  [warn] glasso failed at iter 25: Non SPD result: the system is too ill-conditioned for this solver. The system is too ill-conditioned for this solver; keeping previous Theta
  [warn] glasso failed at iter 26: Non SPD result: the system is too ill-conditioned for this solver. The system is too ill-conditioned for this solver; keeping previous Theta
  [warn] glasso failed at iter 27: Non SPD result: the system is too ill-conditioned for this solver. The system is too ill-conditioned for this solver; keeping previous Theta
  [warn] glasso failed at iter 28: Non SPD result: the system is too ill-conditioned for this solver. The system is too ill-conditioned for this solver; keeping previous Theta
  [warn] glasso failed at iter 29: Non SPD result: the system is too ill-conditioned for this solver. The system is too ill-conditioned for this solver; keeping previous Theta
  [warn] glasso failed at iter 30: Non SPD result: the system is too ill-conditioned for this solver. The system is too ill-conditioned for this solver; keeping previous Theta
  [warn] glasso failed at iter 31: Non SPD result: the system is too ill-conditioned for this solver. The system is too ill-conditioned for this solver; keeping previous Theta
  [warn] glasso failed at iter 32: Non SPD result: the system is too ill-conditioned for this solver. The system is too ill-conditioned for this solver; keeping previous Theta
  [warn] glasso failed at iter 33: Non SPD result: the system is too ill-conditioned for this solver. The system is too ill-conditioned for this solver; keeping previous Theta
  [warn] glasso failed at iter 34: Non SPD result: the system is too ill-conditioned for this solver. The system is too ill-conditioned for this solver; keeping previous Theta
  [warn] glasso failed at iter 35: Non SPD result: the system is too ill-conditioned for this solver. The system is too ill-conditioned for this solver; keeping previous Theta
  [warn] glasso failed at iter 36: Non SPD result: the system is too ill-conditioned for this solver. The system is too ill-conditioned for this solver; keeping previous Theta
  [warn] glasso failed at iter 37: Non SPD result: the system is too ill-conditioned for this solver. The system is too ill-conditioned for this solver; keeping previous Theta
  [warn] glasso failed at iter 38: Non SPD result: the system is too ill-conditioned for this solver. The system is too ill-conditioned for this solver; keeping previous Theta
  [warn] glasso failed at iter 39: Non SPD result: the system is too ill-conditioned for this solver. The system is too ill-conditioned for this solver; keeping previous Theta
  [warn] glasso failed at iter 40: Non SPD result: the system is too ill-conditioned for this solver. The system is too ill-conditioned for this solver; keeping previous Theta
  [warn] glasso failed at iter 41: Non SPD result: the system is too ill-conditioned for this solver. The system is too ill-conditioned for this solver; keeping previous Theta
  [warn] glasso failed at iter 42: Non SPD result: the system is too ill-conditioned for this solver. The system is too ill-conditioned for this solver; keeping previous Theta
  [warn] glasso failed at iter 43: Non SPD result: the system is too ill-conditioned for this solver. The system is too ill-conditioned for this solver; keeping previous Theta
  [warn] glasso failed at iter 44: Non SPD result: the system is too ill-conditioned for this solver. The system is too ill-conditioned for this solver; keeping previous Theta
  [warn] glasso failed at iter 45: Non SPD result: the system is too ill-conditioned for this solver. The system is too ill-conditioned for this solver; keeping previous Theta
    fp=0.4455 tp=0.6667  [2.8s]  [STALE: glasso failed on 46 EM iters]  [nu->NU_MAX x1605]
   median nu  = 9.445
   median |eta| = 0.001
  rho=0.00002 (43/43)  [extra 23/50]
  [warn] glasso failed at iter 0: Non SPD result: the system is too ill-conditioned for this solver. The system is too ill-conditioned for this solver; keeping previous Theta
  [warn] glasso failed at iter 1: Non SPD result: the system is too ill-conditioned for this solver. The system is too ill-conditioned for this solver; keeping previous Theta
  [warn] glasso failed at iter 2: Non SPD result: the system is too ill-conditioned for this solver. The system is too ill-conditioned for this solver; keeping previous Theta
  [warn] glasso failed at iter 3: Non SPD result: the system is too ill-conditioned for this solver. The system is too ill-conditioned for this solver; keeping previous Theta
  [warn] glasso failed at iter 4: Non SPD result: the system is too ill-conditioned for this solver. The system is too ill-conditioned for this solver; keeping previous Theta
  [warn] glasso failed at iter 5: Non SPD result: the system is too ill-conditioned for this solver. The system is too ill-conditioned for this solver; keeping previous Theta
  [warn] glasso failed at iter 6: Non SPD result: the system is too ill-conditioned for this solver. The system is too ill-conditioned for this solver; keeping previous Theta
  [warn] glasso failed at iter 7: Non SPD result: the system is too ill-conditioned for this solver. The system is too ill-conditioned for this solver; keeping previous Theta
  [warn] glasso failed at iter 8: Non SPD result: the system is too ill-conditioned for this solver. The system is too ill-conditioned for this solver; keeping previous Theta
  [warn] glasso failed at iter 9: Non SPD result: the system is too ill-conditioned for this solver. The system is too ill-conditioned for this solver; keeping previous Theta
  [warn] glasso failed at iter 10: Non SPD result: the system is too ill-conditioned for this solver. The system is too ill-conditioned for this solver; keeping previous Theta
  [warn] glasso failed at iter 11: Non SPD result: the system is too ill-conditioned for this solver. The system is too ill-conditioned for this solver; keeping previous Theta
  [warn] glasso failed at iter 12: Non SPD result: the system is too ill-conditioned for this solver. The system is too ill-conditioned for this solver; keeping previous Theta
  [warn] glasso failed at iter 13: Non SPD result: the system is too ill-conditioned for this solver. The system is too ill-conditioned for this solver; keeping previous Theta
  [warn] glasso failed at iter 14: Non SPD result: the system is too ill-conditioned for this solver. The system is too ill-conditioned for this solver; keeping previous Theta
  [warn] glasso failed at iter 15: Non SPD result: the system is too ill-conditioned for this solver. The system is too ill-conditioned for this solver; keeping previous Theta
  [warn] glasso failed at iter 16: Non SPD result: the system is too ill-conditioned for this solver. The system is too ill-conditioned for this solver; keeping previous Theta
  [warn] glasso failed at iter 17: Non SPD result: the system is too ill-conditioned for this solver. The system is too ill-conditioned for this solver; keeping previous Theta
  [warn] glasso failed at iter 18: Non SPD result: the system is too ill-conditioned for this solver. The system is too ill-conditioned for this solver; keeping previous Theta
  [warn] glasso failed at iter 19: Non SPD result: the system is too ill-conditioned for this solver. The system is too ill-conditioned for this solver; keeping previous Theta
  [warn] glasso failed at iter 20: Non SPD result: the system is too ill-conditioned for this solver. The system is too ill-conditioned for this solver; keeping previous Theta
  [warn] glasso failed at iter 21: Non SPD result: the system is too ill-conditioned for this solver. The system is too ill-conditioned for this solver; keeping previous Theta
  [warn] glasso failed at iter 22: Non SPD result: the system is too ill-conditioned for this solver. The system is too ill-conditioned for this solver; keeping previous Theta
  [warn] glasso failed at iter 23: Non SPD result: the system is too ill-conditioned for this solver. The system is too ill-conditioned for this solver; keeping previous Theta
  [warn] glasso failed at iter 24: Non SPD result: the system is too ill-conditioned for this solver. The system is too ill-conditioned for this solver; keeping previous Theta
  [warn] glasso failed at iter 25: Non SPD result: the system is too ill-conditioned for this solver. The system is too ill-conditioned for this solver; keeping previous Theta
  [warn] glasso failed at iter 26: Non SPD result: the system is too ill-conditioned for this solver. The system is too ill-conditioned for this solver; keeping previous Theta
  [warn] glasso failed at iter 27: Non SPD result: the system is too ill-conditioned for this solver. The system is too ill-conditioned for this solver; keeping previous Theta
  [warn] glasso failed at iter 28: Non SPD result: the system is too ill-conditioned for this solver. The system is too ill-conditioned for this solver; keeping previous Theta
  [warn] glasso failed at iter 29: Non SPD result: the system is too ill-conditioned for this solver. The system is too ill-conditioned for this solver; keeping previous Theta
  [warn] glasso failed at iter 30: Non SPD result: the system is too ill-conditioned for this solver. The system is too ill-conditioned for this solver; keeping previous Theta
  [warn] glasso failed at iter 31: Non SPD result: the system is too ill-conditioned for this solver. The system is too ill-conditioned for this solver; keeping previous Theta
  [warn] glasso failed at iter 32: Non SPD result: the system is too ill-conditioned for this solver. The system is too ill-conditioned for this solver; keeping previous Theta
  [warn] glasso failed at iter 33: Non SPD result: the system is too ill-conditioned for this solver. The system is too ill-conditioned for this solver; keeping previous Theta
  [warn] glasso failed at iter 34: Non SPD result: the system is too ill-conditioned for this solver. The system is too ill-conditioned for this solver; keeping previous Theta
  [warn] glasso failed at iter 35: Non SPD result: the system is too ill-conditioned for this solver. The system is too ill-conditioned for this solver; keeping previous Theta
  [warn] glasso failed at iter 36: Non SPD result: the system is too ill-conditioned for this solver. The system is too ill-conditioned for this solver; keeping previous Theta
  [warn] glasso failed at iter 37: Non SPD result: the system is too ill-conditioned for this solver. The system is too ill-conditioned for this solver; keeping previous Theta
  [warn] glasso failed at iter 38: Non SPD result: the system is too ill-conditioned for this solver. The system is too ill-conditioned for this solver; keeping previous Theta
  [warn] glasso failed at iter 39: Non SPD result: the system is too ill-conditioned for this solver. The system is too ill-conditioned for this solver; keeping previous Theta
  [warn] glasso failed at iter 40: Non SPD result: the system is too ill-conditioned for this solver. The system is too ill-conditioned for this solver; keeping previous Theta
  [warn] glasso failed at iter 41: Non SPD result: the system is too ill-conditioned for this solver. The system is too ill-conditioned for this solver; keeping previous Theta
  [warn] glasso failed at iter 42: Non SPD result: the system is too ill-conditioned for this solver. The system is too ill-conditioned for this solver; keeping previous Theta
  [warn] glasso failed at iter 43: Non SPD result: the system is too ill-conditioned for this solver. The system is too ill-conditioned for this solver; keeping previous Theta
  [warn] glasso failed at iter 44: Non SPD result: the system is too ill-conditioned for this solver. The system is too ill-conditioned for this solver; keeping previous Theta
  [warn] glasso failed at iter 45: Non SPD result: the system is too ill-conditioned for this solver. The system is too ill-conditioned for this solver; keeping previous Theta
    fp=0.4455 tp=0.6667  [2.8s]  [STALE: glasso failed on 46 EM iters]  [nu->NU_MAX x1605]
   median nu  = 9.445
   median |eta| = 0.001
  rho=0.00002 (44/44)  [extra 24/50]
  [warn] glasso failed at iter 0: Non SPD result: the system is too ill-conditioned for this solver. The system is too ill-conditioned for this solver; keeping previous Theta
  [warn] glasso failed at iter 1: Non SPD result: the system is too ill-conditioned for this solver. The system is too ill-conditioned for this solver; keeping previous Theta
  [warn] glasso failed at iter 2: Non SPD result: the system is too ill-conditioned for this solver. The system is too ill-conditioned for this solver; keeping previous Theta
  [warn] glasso failed at iter 3: Non SPD result: the system is too ill-conditioned for this solver. The system is too ill-conditioned for this solver; keeping previous Theta
  [warn] glasso failed at iter 4: Non SPD result: the system is too ill-conditioned for this solver. The system is too ill-conditioned for this solver; keeping previous Theta
  [warn] glasso failed at iter 5: Non SPD result: the system is too ill-conditioned for this solver. The system is too ill-conditioned for this solver; keeping previous Theta
  [warn] glasso failed at iter 6: Non SPD result: the system is too ill-conditioned for this solver. The system is too ill-conditioned for this solver; keeping previous Theta
  [warn] glasso failed at iter 7: Non SPD result: the system is too ill-conditioned for this solver. The system is too ill-conditioned for this solver; keeping previous Theta
  [warn] glasso failed at iter 8: Non SPD result: the system is too ill-conditioned for this solver. The system is too ill-conditioned for this solver; keeping previous Theta
  [warn] glasso failed at iter 9: Non SPD result: the system is too ill-conditioned for this solver. The system is too ill-conditioned for this solver; keeping previous Theta
  [warn] glasso failed at iter 10: Non SPD result: the system is too ill-conditioned for this solver. The system is too ill-conditioned for this solver; keeping previous Theta
  [warn] glasso failed at iter 11: Non SPD result: the system is too ill-conditioned for this solver. The system is too ill-conditioned for this solver; keeping previous Theta
  [warn] glasso failed at iter 12: Non SPD result: the system is too ill-conditioned for this solver. The system is too ill-conditioned for this solver; keeping previous Theta
  [warn] glasso failed at iter 13: Non SPD result: the system is too ill-conditioned for this solver. The system is too ill-conditioned for this solver; keeping previous Theta
  [warn] glasso failed at iter 14: Non SPD result: the system is too ill-conditioned for this solver. The system is too ill-conditioned for this solver; keeping previous Theta
  [warn] glasso failed at iter 15: Non SPD result: the system is too ill-conditioned for this solver. The system is too ill-conditioned for this solver; keeping previous Theta
  [warn] glasso failed at iter 16: Non SPD result: the system is too ill-conditioned for this solver. The system is too ill-conditioned for this solver; keeping previous Theta
  [warn] glasso failed at iter 17: Non SPD result: the system is too ill-conditioned for this solver. The system is too ill-conditioned for this solver; keeping previous Theta
  [warn] glasso failed at iter 18: Non SPD result: the system is too ill-conditioned for this solver. The system is too ill-conditioned for this solver; keeping previous Theta
  [warn] glasso failed at iter 19: Non SPD result: the system is too ill-conditioned for this solver. The system is too ill-conditioned for this solver; keeping previous Theta
  [warn] glasso failed at iter 20: Non SPD result: the system is too ill-conditioned for this solver. The system is too ill-conditioned for this solver; keeping previous Theta
  [warn] glasso failed at iter 21: Non SPD result: the system is too ill-conditioned for this solver. The system is too ill-conditioned for this solver; keeping previous Theta
  [warn] glasso failed at iter 22: Non SPD result: the system is too ill-conditioned for this solver. The system is too ill-conditioned for this solver; keeping previous Theta
  [warn] glasso failed at iter 23: Non SPD result: the system is too ill-conditioned for this solver. The system is too ill-conditioned for this solver; keeping previous Theta
  [warn] glasso failed at iter 24: Non SPD result: the system is too ill-conditioned for this solver. The system is too ill-conditioned for this solver; keeping previous Theta
  [warn] glasso failed at iter 25: Non SPD result: the system is too ill-conditioned for this solver. The system is too ill-conditioned for this solver; keeping previous Theta
  [warn] glasso failed at iter 26: Non SPD result: the system is too ill-conditioned for this solver. The system is too ill-conditioned for this solver; keeping previous Theta
  [warn] glasso failed at iter 27: Non SPD result: the system is too ill-conditioned for this solver. The system is too ill-conditioned for this solver; keeping previous Theta
  [warn] glasso failed at iter 28: Non SPD result: the system is too ill-conditioned for this solver. The system is too ill-conditioned for this solver; keeping previous Theta
  [warn] glasso failed at iter 29: Non SPD result: the system is too ill-conditioned for this solver. The system is too ill-conditioned for this solver; keeping previous Theta
  [warn] glasso failed at iter 30: Non SPD result: the system is too ill-conditioned for this solver. The system is too ill-conditioned for this solver; keeping previous Theta
  [warn] glasso failed at iter 31: Non SPD result: the system is too ill-conditioned for this solver. The system is too ill-conditioned for this solver; keeping previous Theta
  [warn] glasso failed at iter 32: Non SPD result: the system is too ill-conditioned for this solver. The system is too ill-conditioned for this solver; keeping previous Theta
  [warn] glasso failed at iter 33: Non SPD result: the system is too ill-conditioned for this solver. The system is too ill-conditioned for this solver; keeping previous Theta
  [warn] glasso failed at iter 34: Non SPD result: the system is too ill-conditioned for this solver. The system is too ill-conditioned for this solver; keeping previous Theta
  [warn] glasso failed at iter 35: Non SPD result: the system is too ill-conditioned for this solver. The system is too ill-conditioned for this solver; keeping previous Theta
  [warn] glasso failed at iter 36: Non SPD result: the system is too ill-conditioned for this solver. The system is too ill-conditioned for this solver; keeping previous Theta
  [warn] glasso failed at iter 37: Non SPD result: the system is too ill-conditioned for this solver. The system is too ill-conditioned for this solver; keeping previous Theta
  [warn] glasso failed at iter 38: Non SPD result: the system is too ill-conditioned for this solver. The system is too ill-conditioned for this solver; keeping previous Theta
  [warn] glasso failed at iter 39: Non SPD result: the system is too ill-conditioned for this solver. The system is too ill-conditioned for this solver; keeping previous Theta
  [warn] glasso failed at iter 40: Non SPD result: the system is too ill-conditioned for this solver. The system is too ill-conditioned for this solver; keeping previous Theta
  [warn] glasso failed at iter 41: Non SPD result: the system is too ill-conditioned for this solver. The system is too ill-conditioned for this solver; keeping previous Theta
  [warn] glasso failed at iter 42: Non SPD result: the system is too ill-conditioned for this solver. The system is too ill-conditioned for this solver; keeping previous Theta
  [warn] glasso failed at iter 43: Non SPD result: the system is too ill-conditioned for this solver. The system is too ill-conditioned for this solver; keeping previous Theta
  [warn] glasso failed at iter 44: Non SPD result: the system is too ill-conditioned for this solver. The system is too ill-conditioned for this solver; keeping previous Theta
  [warn] glasso failed at iter 45: Non SPD result: the system is too ill-conditioned for this solver. The system is too ill-conditioned for this solver; keeping previous Theta
    fp=0.4455 tp=0.6667  [2.9s]  [STALE: glasso failed on 46 EM iters]  [nu->NU_MAX x1605]
   median nu  = 9.445
   median |eta| = 0.001
  rho=0.00001 (45/45)  [extra 25/50]
  [warn] glasso failed at iter 0: Non SPD result: the system is too ill-conditioned for this solver. The system is too ill-conditioned for this solver; keeping previous Theta
  [warn] glasso failed at iter 1: Non SPD result: the system is too ill-conditioned for this solver. The system is too ill-conditioned for this solver; keeping previous Theta
  [warn] glasso failed at iter 2: Non SPD result: the system is too ill-conditioned for this solver. The system is too ill-conditioned for this solver; keeping previous Theta
  [warn] glasso failed at iter 3: Non SPD result: the system is too ill-conditioned for this solver. The system is too ill-conditioned for this solver; keeping previous Theta
  [warn] glasso failed at iter 4: Non SPD result: the system is too ill-conditioned for this solver. The system is too ill-conditioned for this solver; keeping previous Theta
  [warn] glasso failed at iter 5: Non SPD result: the system is too ill-conditioned for this solver. The system is too ill-conditioned for this solver; keeping previous Theta
  [warn] glasso failed at iter 6: Non SPD result: the system is too ill-conditioned for this solver. The system is too ill-conditioned for this solver; keeping previous Theta
  [warn] glasso failed at iter 7: Non SPD result: the system is too ill-conditioned for this solver. The system is too ill-conditioned for this solver; keeping previous Theta
  [warn] glasso failed at iter 8: Non SPD result: the system is too ill-conditioned for this solver. The system is too ill-conditioned for this solver; keeping previous Theta
  [warn] glasso failed at iter 9: Non SPD result: the system is too ill-conditioned for this solver. The system is too ill-conditioned for this solver; keeping previous Theta
  [warn] glasso failed at iter 10: Non SPD result: the system is too ill-conditioned for this solver. The system is too ill-conditioned for this solver; keeping previous Theta
  [warn] glasso failed at iter 11: Non SPD result: the system is too ill-conditioned for this solver. The system is too ill-conditioned for this solver; keeping previous Theta
  [warn] glasso failed at iter 12: Non SPD result: the system is too ill-conditioned for this solver. The system is too ill-conditioned for this solver; keeping previous Theta
  [warn] glasso failed at iter 13: Non SPD result: the system is too ill-conditioned for this solver. The system is too ill-conditioned for this solver; keeping previous Theta
  [warn] glasso failed at iter 14: Non SPD result: the system is too ill-conditioned for this solver. The system is too ill-conditioned for this solver; keeping previous Theta
  [warn] glasso failed at iter 15: Non SPD result: the system is too ill-conditioned for this solver. The system is too ill-conditioned for this solver; keeping previous Theta
  [warn] glasso failed at iter 16: Non SPD result: the system is too ill-conditioned for this solver. The system is too ill-conditioned for this solver; keeping previous Theta
  [warn] glasso failed at iter 17: Non SPD result: the system is too ill-conditioned for this solver. The system is too ill-conditioned for this solver; keeping previous Theta
  [warn] glasso failed at iter 18: Non SPD result: the system is too ill-conditioned for this solver. The system is too ill-conditioned for this solver; keeping previous Theta
  [warn] glasso failed at iter 19: Non SPD result: the system is too ill-conditioned for this solver. The system is too ill-conditioned for this solver; keeping previous Theta
  [warn] glasso failed at iter 20: Non SPD result: the system is too ill-conditioned for this solver. The system is too ill-conditioned for this solver; keeping previous Theta
  [warn] glasso failed at iter 21: Non SPD result: the system is too ill-conditioned for this solver. The system is too ill-conditioned for this solver; keeping previous Theta
  [warn] glasso failed at iter 22: Non SPD result: the system is too ill-conditioned for this solver. The system is too ill-conditioned for this solver; keeping previous Theta
  [warn] glasso failed at iter 23: Non SPD result: the system is too ill-conditioned for this solver. The system is too ill-conditioned for this solver; keeping previous Theta
  [warn] glasso failed at iter 24: Non SPD result: the system is too ill-conditioned for this solver. The system is too ill-conditioned for this solver; keeping previous Theta
  [warn] glasso failed at iter 25: Non SPD result: the system is too ill-conditioned for this solver. The system is too ill-conditioned for this solver; keeping previous Theta
  [warn] glasso failed at iter 26: Non SPD result: the system is too ill-conditioned for this solver. The system is too ill-conditioned for this solver; keeping previous Theta
  [warn] glasso failed at iter 27: Non SPD result: the system is too ill-conditioned for this solver. The system is too ill-conditioned for this solver; keeping previous Theta
  [warn] glasso failed at iter 28: Non SPD result: the system is too ill-conditioned for this solver. The system is too ill-conditioned for this solver; keeping previous Theta
  [warn] glasso failed at iter 29: Non SPD result: the system is too ill-conditioned for this solver. The system is too ill-conditioned for this solver; keeping previous Theta
  [warn] glasso failed at iter 30: Non SPD result: the system is too ill-conditioned for this solver. The system is too ill-conditioned for this solver; keeping previous Theta
  [warn] glasso failed at iter 31: Non SPD result: the system is too ill-conditioned for this solver. The system is too ill-conditioned for this solver; keeping previous Theta
  [warn] glasso failed at iter 32: Non SPD result: the system is too ill-conditioned for this solver. The system is too ill-conditioned for this solver; keeping previous Theta
  [warn] glasso failed at iter 33: Non SPD result: the system is too ill-conditioned for this solver. The system is too ill-conditioned for this solver; keeping previous Theta
  [warn] glasso failed at iter 34: Non SPD result: the system is too ill-conditioned for this solver. The system is too ill-conditioned for this solver; keeping previous Theta
  [warn] glasso failed at iter 35: Non SPD result: the system is too ill-conditioned for this solver. The system is too ill-conditioned for this solver; keeping previous Theta
  [warn] glasso failed at iter 36: Non SPD result: the system is too ill-conditioned for this solver. The system is too ill-conditioned for this solver; keeping previous Theta
  [warn] glasso failed at iter 37: Non SPD result: the system is too ill-conditioned for this solver. The system is too ill-conditioned for this solver; keeping previous Theta
  [warn] glasso failed at iter 38: Non SPD result: the system is too ill-conditioned for this solver. The system is too ill-conditioned for this solver; keeping previous Theta
  [warn] glasso failed at iter 39: Non SPD result: the system is too ill-conditioned for this solver. The system is too ill-conditioned for this solver; keeping previous Theta
  [warn] glasso failed at iter 40: Non SPD result: the system is too ill-conditioned for this solver. The system is too ill-conditioned for this solver; keeping previous Theta
  [warn] glasso failed at iter 41: Non SPD result: the system is too ill-conditioned for this solver. The system is too ill-conditioned for this solver; keeping previous Theta
  [warn] glasso failed at iter 42: Non SPD result: the system is too ill-conditioned for this solver. The system is too ill-conditioned for this solver; keeping previous Theta
  [warn] glasso failed at iter 43: Non SPD result: the system is too ill-conditioned for this solver. The system is too ill-conditioned for this solver; keeping previous Theta
  [warn] glasso failed at iter 44: Non SPD result: the system is too ill-conditioned for this solver. The system is too ill-conditioned for this solver; keeping previous Theta
  [warn] glasso failed at iter 45: Non SPD result: the system is too ill-conditioned for this solver. The system is too ill-conditioned for this solver; keeping previous Theta
    fp=0.4455 tp=0.6667  [2.8s]  [STALE: glasso failed on 46 EM iters]  [nu->NU_MAX x1605]
   median nu  = 9.445
   median |eta| = 0.001
  rho=0.00001 (46/46)  [extra 26/50]
  [warn] glasso failed at iter 0: Non SPD result: the system is too ill-conditioned for this solver. The system is too ill-conditioned for this solver; keeping previous Theta
  [warn] glasso failed at iter 1: Non SPD result: the system is too ill-conditioned for this solver. The system is too ill-conditioned for this solver; keeping previous Theta
  [warn] glasso failed at iter 2: Non SPD result: the system is too ill-conditioned for this solver. The system is too ill-conditioned for this solver; keeping previous Theta
  [warn] glasso failed at iter 3: Non SPD result: the system is too ill-conditioned for this solver. The system is too ill-conditioned for this solver; keeping previous Theta
  [warn] glasso failed at iter 4: Non SPD result: the system is too ill-conditioned for this solver. The system is too ill-conditioned for this solver; keeping previous Theta
  [warn] glasso failed at iter 5: Non SPD result: the system is too ill-conditioned for this solver. The system is too ill-conditioned for this solver; keeping previous Theta
  [warn] glasso failed at iter 6: Non SPD result: the system is too ill-conditioned for this solver. The system is too ill-conditioned for this solver; keeping previous Theta
  [warn] glasso failed at iter 7: Non SPD result: the system is too ill-conditioned for this solver. The system is too ill-conditioned for this solver; keeping previous Theta
  [warn] glasso failed at iter 8: Non SPD result: the system is too ill-conditioned for this solver. The system is too ill-conditioned for this solver; keeping previous Theta
  [warn] glasso failed at iter 9: Non SPD result: the system is too ill-conditioned for this solver. The system is too ill-conditioned for this solver; keeping previous Theta
  [warn] glasso failed at iter 10: Non SPD result: the system is too ill-conditioned for this solver. The system is too ill-conditioned for this solver; keeping previous Theta
  [warn] glasso failed at iter 11: Non SPD result: the system is too ill-conditioned for this solver. The system is too ill-conditioned for this solver; keeping previous Theta
  [warn] glasso failed at iter 12: Non SPD result: the system is too ill-conditioned for this solver. The system is too ill-conditioned for this solver; keeping previous Theta
  [warn] glasso failed at iter 13: Non SPD result: the system is too ill-conditioned for this solver. The system is too ill-conditioned for this solver; keeping previous Theta
  [warn] glasso failed at iter 14: Non SPD result: the system is too ill-conditioned for this solver. The system is too ill-conditioned for this solver; keeping previous Theta
  [warn] glasso failed at iter 15: Non SPD result: the system is too ill-conditioned for this solver. The system is too ill-conditioned for this solver; keeping previous Theta
  [warn] glasso failed at iter 16: Non SPD result: the system is too ill-conditioned for this solver. The system is too ill-conditioned for this solver; keeping previous Theta
  [warn] glasso failed at iter 17: Non SPD result: the system is too ill-conditioned for this solver. The system is too ill-conditioned for this solver; keeping previous Theta
  [warn] glasso failed at iter 18: Non SPD result: the system is too ill-conditioned for this solver. The system is too ill-conditioned for this solver; keeping previous Theta
  [warn] glasso failed at iter 19: Non SPD result: the system is too ill-conditioned for this solver. The system is too ill-conditioned for this solver; keeping previous Theta
  [warn] glasso failed at iter 20: Non SPD result: the system is too ill-conditioned for this solver. The system is too ill-conditioned for this solver; keeping previous Theta
  [warn] glasso failed at iter 21: Non SPD result: the system is too ill-conditioned for this solver. The system is too ill-conditioned for this solver; keeping previous Theta
  [warn] glasso failed at iter 22: Non SPD result: the system is too ill-conditioned for this solver. The system is too ill-conditioned for this solver; keeping previous Theta
  [warn] glasso failed at iter 23: Non SPD result: the system is too ill-conditioned for this solver. The system is too ill-conditioned for this solver; keeping previous Theta
  [warn] glasso failed at iter 24: Non SPD result: the system is too ill-conditioned for this solver. The system is too ill-conditioned for this solver; keeping previous Theta
  [warn] glasso failed at iter 25: Non SPD result: the system is too ill-conditioned for this solver. The system is too ill-conditioned for this solver; keeping previous Theta
  [warn] glasso failed at iter 26: Non SPD result: the system is too ill-conditioned for this solver. The system is too ill-conditioned for this solver; keeping previous Theta
  [warn] glasso failed at iter 27: Non SPD result: the system is too ill-conditioned for this solver. The system is too ill-conditioned for this solver; keeping previous Theta
  [warn] glasso failed at iter 28: Non SPD result: the system is too ill-conditioned for this solver. The system is too ill-conditioned for this solver; keeping previous Theta
  [warn] glasso failed at iter 29: Non SPD result: the system is too ill-conditioned for this solver. The system is too ill-conditioned for this solver; keeping previous Theta
  [warn] glasso failed at iter 30: Non SPD result: the system is too ill-conditioned for this solver. The system is too ill-conditioned for this solver; keeping previous Theta
  [warn] glasso failed at iter 31: Non SPD result: the system is too ill-conditioned for this solver. The system is too ill-conditioned for this solver; keeping previous Theta
  [warn] glasso failed at iter 32: Non SPD result: the system is too ill-conditioned for this solver. The system is too ill-conditioned for this solver; keeping previous Theta
  [warn] glasso failed at iter 33: Non SPD result: the system is too ill-conditioned for this solver. The system is too ill-conditioned for this solver; keeping previous Theta
  [warn] glasso failed at iter 34: Non SPD result: the system is too ill-conditioned for this solver. The system is too ill-conditioned for this solver; keeping previous Theta
  [warn] glasso failed at iter 35: Non SPD result: the system is too ill-conditioned for this solver. The system is too ill-conditioned for this solver; keeping previous Theta
  [warn] glasso failed at iter 36: Non SPD result: the system is too ill-conditioned for this solver. The system is too ill-conditioned for this solver; keeping previous Theta
  [warn] glasso failed at iter 37: Non SPD result: the system is too ill-conditioned for this solver. The system is too ill-conditioned for this solver; keeping previous Theta
  [warn] glasso failed at iter 38: Non SPD result: the system is too ill-conditioned for this solver. The system is too ill-conditioned for this solver; keeping previous Theta
  [warn] glasso failed at iter 39: Non SPD result: the system is too ill-conditioned for this solver. The system is too ill-conditioned for this solver; keeping previous Theta
  [warn] glasso failed at iter 40: Non SPD result: the system is too ill-conditioned for this solver. The system is too ill-conditioned for this solver; keeping previous Theta
  [warn] glasso failed at iter 41: Non SPD result: the system is too ill-conditioned for this solver. The system is too ill-conditioned for this solver; keeping previous Theta
  [warn] glasso failed at iter 42: Non SPD result: the system is too ill-conditioned for this solver. The system is too ill-conditioned for this solver; keeping previous Theta
  [warn] glasso failed at iter 43: Non SPD result: the system is too ill-conditioned for this solver. The system is too ill-conditioned for this solver; keeping previous Theta
  [warn] glasso failed at iter 44: Non SPD result: the system is too ill-conditioned for this solver. The system is too ill-conditioned for this solver; keeping previous Theta
  [warn] glasso failed at iter 45: Non SPD result: the system is too ill-conditioned for this solver. The system is too ill-conditioned for this solver; keeping previous Theta
    fp=0.4455 tp=0.6667  [2.8s]  [STALE: glasso failed on 46 EM iters]  [nu->NU_MAX x1605]
   median nu  = 9.445
   median |eta| = 0.001
  rho=0.00001 (47/47)  [extra 27/50]
  [warn] glasso failed at iter 0: Non SPD result: the system is too ill-conditioned for this solver. The system is too ill-conditioned for this solver; keeping previous Theta
  [warn] glasso failed at iter 1: Non SPD result: the system is too ill-conditioned for this solver. The system is too ill-conditioned for this solver; keeping previous Theta
  [warn] glasso failed at iter 2: Non SPD result: the system is too ill-conditioned for this solver. The system is too ill-conditioned for this solver; keeping previous Theta
  [warn] glasso failed at iter 3: Non SPD result: the system is too ill-conditioned for this solver. The system is too ill-conditioned for this solver; keeping previous Theta
  [warn] glasso failed at iter 4: Non SPD result: the system is too ill-conditioned for this solver. The system is too ill-conditioned for this solver; keeping previous Theta
  [warn] glasso failed at iter 5: Non SPD result: the system is too ill-conditioned for this solver. The system is too ill-conditioned for this solver; keeping previous Theta
  [warn] glasso failed at iter 6: Non SPD result: the system is too ill-conditioned for this solver. The system is too ill-conditioned for this solver; keeping previous Theta
  [warn] glasso failed at iter 7: Non SPD result: the system is too ill-conditioned for this solver. The system is too ill-conditioned for this solver; keeping previous Theta
  [warn] glasso failed at iter 8: Non SPD result: the system is too ill-conditioned for this solver. The system is too ill-conditioned for this solver; keeping previous Theta
  [warn] glasso failed at iter 9: Non SPD result: the system is too ill-conditioned for this solver. The system is too ill-conditioned for this solver; keeping previous Theta
  [warn] glasso failed at iter 10: Non SPD result: the system is too ill-conditioned for this solver. The system is too ill-conditioned for this solver; keeping previous Theta
  [warn] glasso failed at iter 11: Non SPD result: the system is too ill-conditioned for this solver. The system is too ill-conditioned for this solver; keeping previous Theta
  [warn] glasso failed at iter 12: Non SPD result: the system is too ill-conditioned for this solver. The system is too ill-conditioned for this solver; keeping previous Theta
  [warn] glasso failed at iter 13: Non SPD result: the system is too ill-conditioned for this solver. The system is too ill-conditioned for this solver; keeping previous Theta
  [warn] glasso failed at iter 14: Non SPD result: the system is too ill-conditioned for this solver. The system is too ill-conditioned for this solver; keeping previous Theta
  [warn] glasso failed at iter 15: Non SPD result: the system is too ill-conditioned for this solver. The system is too ill-conditioned for this solver; keeping previous Theta
  [warn] glasso failed at iter 16: Non SPD result: the system is too ill-conditioned for this solver. The system is too ill-conditioned for this solver; keeping previous Theta
  [warn] glasso failed at iter 17: Non SPD result: the system is too ill-conditioned for this solver. The system is too ill-conditioned for this solver; keeping previous Theta
  [warn] glasso failed at iter 18: Non SPD result: the system is too ill-conditioned for this solver. The system is too ill-conditioned for this solver; keeping previous Theta
  [warn] glasso failed at iter 19: Non SPD result: the system is too ill-conditioned for this solver. The system is too ill-conditioned for this solver; keeping previous Theta
  [warn] glasso failed at iter 20: Non SPD result: the system is too ill-conditioned for this solver. The system is too ill-conditioned for this solver; keeping previous Theta
  [warn] glasso failed at iter 21: Non SPD result: the system is too ill-conditioned for this solver. The system is too ill-conditioned for this solver; keeping previous Theta
  [warn] glasso failed at iter 22: Non SPD result: the system is too ill-conditioned for this solver. The system is too ill-conditioned for this solver; keeping previous Theta
  [warn] glasso failed at iter 23: Non SPD result: the system is too ill-conditioned for this solver. The system is too ill-conditioned for this solver; keeping previous Theta
  [warn] glasso failed at iter 24: Non SPD result: the system is too ill-conditioned for this solver. The system is too ill-conditioned for this solver; keeping previous Theta
  [warn] glasso failed at iter 25: Non SPD result: the system is too ill-conditioned for this solver. The system is too ill-conditioned for this solver; keeping previous Theta
  [warn] glasso failed at iter 26: Non SPD result: the system is too ill-conditioned for this solver. The system is too ill-conditioned for this solver; keeping previous Theta
  [warn] glasso failed at iter 27: Non SPD result: the system is too ill-conditioned for this solver. The system is too ill-conditioned for this solver; keeping previous Theta
  [warn] glasso failed at iter 28: Non SPD result: the system is too ill-conditioned for this solver. The system is too ill-conditioned for this solver; keeping previous Theta
  [warn] glasso failed at iter 29: Non SPD result: the system is too ill-conditioned for this solver. The system is too ill-conditioned for this solver; keeping previous Theta
  [warn] glasso failed at iter 30: Non SPD result: the system is too ill-conditioned for this solver. The system is too ill-conditioned for this solver; keeping previous Theta
  [warn] glasso failed at iter 31: Non SPD result: the system is too ill-conditioned for this solver. The system is too ill-conditioned for this solver; keeping previous Theta
  [warn] glasso failed at iter 32: Non SPD result: the system is too ill-conditioned for this solver. The system is too ill-conditioned for this solver; keeping previous Theta
  [warn] glasso failed at iter 33: Non SPD result: the system is too ill-conditioned for this solver. The system is too ill-conditioned for this solver; keeping previous Theta
  [warn] glasso failed at iter 34: Non SPD result: the system is too ill-conditioned for this solver. The system is too ill-conditioned for this solver; keeping previous Theta
  [warn] glasso failed at iter 35: Non SPD result: the system is too ill-conditioned for this solver. The system is too ill-conditioned for this solver; keeping previous Theta
  [warn] glasso failed at iter 36: Non SPD result: the system is too ill-conditioned for this solver. The system is too ill-conditioned for this solver; keeping previous Theta
  [warn] glasso failed at iter 37: Non SPD result: the system is too ill-conditioned for this solver. The system is too ill-conditioned for this solver; keeping previous Theta
  [warn] glasso failed at iter 38: Non SPD result: the system is too ill-conditioned for this solver. The system is too ill-conditioned for this solver; keeping previous Theta
  [warn] glasso failed at iter 39: Non SPD result: the system is too ill-conditioned for this solver. The system is too ill-conditioned for this solver; keeping previous Theta
  [warn] glasso failed at iter 40: Non SPD result: the system is too ill-conditioned for this solver. The system is too ill-conditioned for this solver; keeping previous Theta
  [warn] glasso failed at iter 41: Non SPD result: the system is too ill-conditioned for this solver. The system is too ill-conditioned for this solver; keeping previous Theta
  [warn] glasso failed at iter 42: Non SPD result: the system is too ill-conditioned for this solver. The system is too ill-conditioned for this solver; keeping previous Theta
  [warn] glasso failed at iter 43: Non SPD result: the system is too ill-conditioned for this solver. The system is too ill-conditioned for this solver; keeping previous Theta
  [warn] glasso failed at iter 44: Non SPD result: the system is too ill-conditioned for this solver. The system is too ill-conditioned for this solver; keeping previous Theta
  [warn] glasso failed at iter 45: Non SPD result: the system is too ill-conditioned for this solver. The system is too ill-conditioned for this solver; keeping previous Theta
    fp=0.4455 tp=0.6667  [2.8s]  [STALE: glasso failed on 46 EM iters]  [nu->NU_MAX x1605]
   median nu  = 9.445
   median |eta| = 0.001
  rho=0.00001 (48/48)  [extra 28/50]
  [warn] glasso failed at iter 0: Non SPD result: the system is too ill-conditioned for this solver. The system is too ill-conditioned for this solver; keeping previous Theta
  [warn] glasso failed at iter 1: Non SPD result: the system is too ill-conditioned for this solver. The system is too ill-conditioned for this solver; keeping previous Theta
  [warn] glasso failed at iter 2: Non SPD result: the system is too ill-conditioned for this solver. The system is too ill-conditioned for this solver; keeping previous Theta
  [warn] glasso failed at iter 3: Non SPD result: the system is too ill-conditioned for this solver. The system is too ill-conditioned for this solver; keeping previous Theta
  [warn] glasso failed at iter 4: Non SPD result: the system is too ill-conditioned for this solver. The system is too ill-conditioned for this solver; keeping previous Theta
  [warn] glasso failed at iter 5: Non SPD result: the system is too ill-conditioned for this solver. The system is too ill-conditioned for this solver; keeping previous Theta
  [warn] glasso failed at iter 6: Non SPD result: the system is too ill-conditioned for this solver. The system is too ill-conditioned for this solver; keeping previous Theta
  [warn] glasso failed at iter 7: Non SPD result: the system is too ill-conditioned for this solver. The system is too ill-conditioned for this solver; keeping previous Theta
  [warn] glasso failed at iter 8: Non SPD result: the system is too ill-conditioned for this solver. The system is too ill-conditioned for this solver; keeping previous Theta
  [warn] glasso failed at iter 9: Non SPD result: the system is too ill-conditioned for this solver. The system is too ill-conditioned for this solver; keeping previous Theta
  [warn] glasso failed at iter 10: Non SPD result: the system is too ill-conditioned for this solver. The system is too ill-conditioned for this solver; keeping previous Theta
  [warn] glasso failed at iter 11: Non SPD result: the system is too ill-conditioned for this solver. The system is too ill-conditioned for this solver; keeping previous Theta
  [warn] glasso failed at iter 12: Non SPD result: the system is too ill-conditioned for this solver. The system is too ill-conditioned for this solver; keeping previous Theta
  [warn] glasso failed at iter 13: Non SPD result: the system is too ill-conditioned for this solver. The system is too ill-conditioned for this solver; keeping previous Theta
  [warn] glasso failed at iter 14: Non SPD result: the system is too ill-conditioned for this solver. The system is too ill-conditioned for this solver; keeping previous Theta
  [warn] glasso failed at iter 15: Non SPD result: the system is too ill-conditioned for this solver. The system is too ill-conditioned for this solver; keeping previous Theta
  [warn] glasso failed at iter 16: Non SPD result: the system is too ill-conditioned for this solver. The system is too ill-conditioned for this solver; keeping previous Theta
  [warn] glasso failed at iter 17: Non SPD result: the system is too ill-conditioned for this solver. The system is too ill-conditioned for this solver; keeping previous Theta
  [warn] glasso failed at iter 18: Non SPD result: the system is too ill-conditioned for this solver. The system is too ill-conditioned for this solver; keeping previous Theta
  [warn] glasso failed at iter 19: Non SPD result: the system is too ill-conditioned for this solver. The system is too ill-conditioned for this solver; keeping previous Theta
  [warn] glasso failed at iter 20: Non SPD result: the system is too ill-conditioned for this solver. The system is too ill-conditioned for this solver; keeping previous Theta
  [warn] glasso failed at iter 21: Non SPD result: the system is too ill-conditioned for this solver. The system is too ill-conditioned for this solver; keeping previous Theta
  [warn] glasso failed at iter 22: Non SPD result: the system is too ill-conditioned for this solver. The system is too ill-conditioned for this solver; keeping previous Theta
  [warn] glasso failed at iter 23: Non SPD result: the system is too ill-conditioned for this solver. The system is too ill-conditioned for this solver; keeping previous Theta
  [warn] glasso failed at iter 24: Non SPD result: the system is too ill-conditioned for this solver. The system is too ill-conditioned for this solver; keeping previous Theta
  [warn] glasso failed at iter 25: Non SPD result: the system is too ill-conditioned for this solver. The system is too ill-conditioned for this solver; keeping previous Theta
  [warn] glasso failed at iter 26: Non SPD result: the system is too ill-conditioned for this solver. The system is too ill-conditioned for this solver; keeping previous Theta
  [warn] glasso failed at iter 27: Non SPD result: the system is too ill-conditioned for this solver. The system is too ill-conditioned for this solver; keeping previous Theta
  [warn] glasso failed at iter 28: Non SPD result: the system is too ill-conditioned for this solver. The system is too ill-conditioned for this solver; keeping previous Theta
  [warn] glasso failed at iter 29: Non SPD result: the system is too ill-conditioned for this solver. The system is too ill-conditioned for this solver; keeping previous Theta
  [warn] glasso failed at iter 30: Non SPD result: the system is too ill-conditioned for this solver. The system is too ill-conditioned for this solver; keeping previous Theta
  [warn] glasso failed at iter 31: Non SPD result: the system is too ill-conditioned for this solver. The system is too ill-conditioned for this solver; keeping previous Theta
  [warn] glasso failed at iter 32: Non SPD result: the system is too ill-conditioned for this solver. The system is too ill-conditioned for this solver; keeping previous Theta
  [warn] glasso failed at iter 33: Non SPD result: the system is too ill-conditioned for this solver. The system is too ill-conditioned for this solver; keeping previous Theta
  [warn] glasso failed at iter 34: Non SPD result: the system is too ill-conditioned for this solver. The system is too ill-conditioned for this solver; keeping previous Theta
  [warn] glasso failed at iter 35: Non SPD result: the system is too ill-conditioned for this solver. The system is too ill-conditioned for this solver; keeping previous Theta
  [warn] glasso failed at iter 36: Non SPD result: the system is too ill-conditioned for this solver. The system is too ill-conditioned for this solver; keeping previous Theta
  [warn] glasso failed at iter 37: Non SPD result: the system is too ill-conditioned for this solver. The system is too ill-conditioned for this solver; keeping previous Theta
  [warn] glasso failed at iter 38: Non SPD result: the system is too ill-conditioned for this solver. The system is too ill-conditioned for this solver; keeping previous Theta
  [warn] glasso failed at iter 39: Non SPD result: the system is too ill-conditioned for this solver. The system is too ill-conditioned for this solver; keeping previous Theta
  [warn] glasso failed at iter 40: Non SPD result: the system is too ill-conditioned for this solver. The system is too ill-conditioned for this solver; keeping previous Theta
  [warn] glasso failed at iter 41: Non SPD result: the system is too ill-conditioned for this solver. The system is too ill-conditioned for this solver; keeping previous Theta
  [warn] glasso failed at iter 42: Non SPD result: the system is too ill-conditioned for this solver. The system is too ill-conditioned for this solver; keeping previous Theta
  [warn] glasso failed at iter 43: Non SPD result: the system is too ill-conditioned for this solver. The system is too ill-conditioned for this solver; keeping previous Theta
  [warn] glasso failed at iter 44: Non SPD result: the system is too ill-conditioned for this solver. The system is too ill-conditioned for this solver; keeping previous Theta
  [warn] glasso failed at iter 45: Non SPD result: the system is too ill-conditioned for this solver. The system is too ill-conditioned for this solver; keeping previous Theta
    fp=0.4455 tp=0.6667  [2.8s]  [STALE: glasso failed on 46 EM iters]  [nu->NU_MAX x1605]
   median nu  = 9.445
   median |eta| = 0.001
  rho=0.00001 (49/49)  [extra 29/50]
  [warn] glasso failed at iter 0: Non SPD result: the system is too ill-conditioned for this solver. The system is too ill-conditioned for this solver; keeping previous Theta
  [warn] glasso failed at iter 1: Non SPD result: the system is too ill-conditioned for this solver. The system is too ill-conditioned for this solver; keeping previous Theta
  [warn] glasso failed at iter 2: Non SPD result: the system is too ill-conditioned for this solver. The system is too ill-conditioned for this solver; keeping previous Theta
  [warn] glasso failed at iter 3: Non SPD result: the system is too ill-conditioned for this solver. The system is too ill-conditioned for this solver; keeping previous Theta
  [warn] glasso failed at iter 4: Non SPD result: the system is too ill-conditioned for this solver. The system is too ill-conditioned for this solver; keeping previous Theta
  [warn] glasso failed at iter 5: Non SPD result: the system is too ill-conditioned for this solver. The system is too ill-conditioned for this solver; keeping previous Theta
  [warn] glasso failed at iter 6: Non SPD result: the system is too ill-conditioned for this solver. The system is too ill-conditioned for this solver; keeping previous Theta
  [warn] glasso failed at iter 7: Non SPD result: the system is too ill-conditioned for this solver. The system is too ill-conditioned for this solver; keeping previous Theta
  [warn] glasso failed at iter 8: Non SPD result: the system is too ill-conditioned for this solver. The system is too ill-conditioned for this solver; keeping previous Theta
  [warn] glasso failed at iter 9: Non SPD result: the system is too ill-conditioned for this solver. The system is too ill-conditioned for this solver; keeping previous Theta
  [warn] glasso failed at iter 10: Non SPD result: the system is too ill-conditioned for this solver. The system is too ill-conditioned for this solver; keeping previous Theta
  [warn] glasso failed at iter 11: Non SPD result: the system is too ill-conditioned for this solver. The system is too ill-conditioned for this solver; keeping previous Theta
  [warn] glasso failed at iter 12: Non SPD result: the system is too ill-conditioned for this solver. The system is too ill-conditioned for this solver; keeping previous Theta
  [warn] glasso failed at iter 13: Non SPD result: the system is too ill-conditioned for this solver. The system is too ill-conditioned for this solver; keeping previous Theta
  [warn] glasso failed at iter 14: Non SPD result: the system is too ill-conditioned for this solver. The system is too ill-conditioned for this solver; keeping previous Theta
  [warn] glasso failed at iter 15: Non SPD result: the system is too ill-conditioned for this solver. The system is too ill-conditioned for this solver; keeping previous Theta
  [warn] glasso failed at iter 16: Non SPD result: the system is too ill-conditioned for this solver. The system is too ill-conditioned for this solver; keeping previous Theta
  [warn] glasso failed at iter 17: Non SPD result: the system is too ill-conditioned for this solver. The system is too ill-conditioned for this solver; keeping previous Theta
  [warn] glasso failed at iter 18: Non SPD result: the system is too ill-conditioned for this solver. The system is too ill-conditioned for this solver; keeping previous Theta
  [warn] glasso failed at iter 19: Non SPD result: the system is too ill-conditioned for this solver. The system is too ill-conditioned for this solver; keeping previous Theta
  [warn] glasso failed at iter 20: Non SPD result: the system is too ill-conditioned for this solver. The system is too ill-conditioned for this solver; keeping previous Theta
  [warn] glasso failed at iter 21: Non SPD result: the system is too ill-conditioned for this solver. The system is too ill-conditioned for this solver; keeping previous Theta
  [warn] glasso failed at iter 22: Non SPD result: the system is too ill-conditioned for this solver. The system is too ill-conditioned for this solver; keeping previous Theta
  [warn] glasso failed at iter 23: Non SPD result: the system is too ill-conditioned for this solver. The system is too ill-conditioned for this solver; keeping previous Theta
  [warn] glasso failed at iter 24: Non SPD result: the system is too ill-conditioned for this solver. The system is too ill-conditioned for this solver; keeping previous Theta
  [warn] glasso failed at iter 25: Non SPD result: the system is too ill-conditioned for this solver. The system is too ill-conditioned for this solver; keeping previous Theta
  [warn] glasso failed at iter 26: Non SPD result: the system is too ill-conditioned for this solver. The system is too ill-conditioned for this solver; keeping previous Theta
  [warn] glasso failed at iter 27: Non SPD result: the system is too ill-conditioned for this solver. The system is too ill-conditioned for this solver; keeping previous Theta
  [warn] glasso failed at iter 28: Non SPD result: the system is too ill-conditioned for this solver. The system is too ill-conditioned for this solver; keeping previous Theta
  [warn] glasso failed at iter 29: Non SPD result: the system is too ill-conditioned for this solver. The system is too ill-conditioned for this solver; keeping previous Theta
  [warn] glasso failed at iter 30: Non SPD result: the system is too ill-conditioned for this solver. The system is too ill-conditioned for this solver; keeping previous Theta
  [warn] glasso failed at iter 31: Non SPD result: the system is too ill-conditioned for this solver. The system is too ill-conditioned for this solver; keeping previous Theta
  [warn] glasso failed at iter 32: Non SPD result: the system is too ill-conditioned for this solver. The system is too ill-conditioned for this solver; keeping previous Theta
  [warn] glasso failed at iter 33: Non SPD result: the system is too ill-conditioned for this solver. The system is too ill-conditioned for this solver; keeping previous Theta
  [warn] glasso failed at iter 34: Non SPD result: the system is too ill-conditioned for this solver. The system is too ill-conditioned for this solver; keeping previous Theta
  [warn] glasso failed at iter 35: Non SPD result: the system is too ill-conditioned for this solver. The system is too ill-conditioned for this solver; keeping previous Theta
  [warn] glasso failed at iter 36: Non SPD result: the system is too ill-conditioned for this solver. The system is too ill-conditioned for this solver; keeping previous Theta
  [warn] glasso failed at iter 37: Non SPD result: the system is too ill-conditioned for this solver. The system is too ill-conditioned for this solver; keeping previous Theta
  [warn] glasso failed at iter 38: Non SPD result: the system is too ill-conditioned for this solver. The system is too ill-conditioned for this solver; keeping previous Theta
  [warn] glasso failed at iter 39: Non SPD result: the system is too ill-conditioned for this solver. The system is too ill-conditioned for this solver; keeping previous Theta
  [warn] glasso failed at iter 40: Non SPD result: the system is too ill-conditioned for this solver. The system is too ill-conditioned for this solver; keeping previous Theta
  [warn] glasso failed at iter 41: Non SPD result: the system is too ill-conditioned for this solver. The system is too ill-conditioned for this solver; keeping previous Theta
  [warn] glasso failed at iter 42: Non SPD result: the system is too ill-conditioned for this solver. The system is too ill-conditioned for this solver; keeping previous Theta
  [warn] glasso failed at iter 43: Non SPD result: the system is too ill-conditioned for this solver. The system is too ill-conditioned for this solver; keeping previous Theta
  [warn] glasso failed at iter 44: Non SPD result: the system is too ill-conditioned for this solver. The system is too ill-conditioned for this solver; keeping previous Theta
  [warn] glasso failed at iter 45: Non SPD result: the system is too ill-conditioned for this solver. The system is too ill-conditioned for this solver; keeping previous Theta
    fp=0.4455 tp=0.6667  [2.8s]  [STALE: glasso failed on 46 EM iters]  [nu->NU_MAX x1605]
   median nu  = 9.445
   median |eta| = 0.001
  rho=0.00000 (50/50)  [extra 30/50]
  [warn] glasso failed at iter 0: Non SPD result: the system is too ill-conditioned for this solver. The system is too ill-conditioned for this solver; keeping previous Theta
  [warn] glasso failed at iter 1: Non SPD result: the system is too ill-conditioned for this solver. The system is too ill-conditioned for this solver; keeping previous Theta
  [warn] glasso failed at iter 2: Non SPD result: the system is too ill-conditioned for this solver. The system is too ill-conditioned for this solver; keeping previous Theta
  [warn] glasso failed at iter 3: Non SPD result: the system is too ill-conditioned for this solver. The system is too ill-conditioned for this solver; keeping previous Theta
  [warn] glasso failed at iter 4: Non SPD result: the system is too ill-conditioned for this solver. The system is too ill-conditioned for this solver; keeping previous Theta
  [warn] glasso failed at iter 5: Non SPD result: the system is too ill-conditioned for this solver. The system is too ill-conditioned for this solver; keeping previous Theta
  [warn] glasso failed at iter 6: Non SPD result: the system is too ill-conditioned for this solver. The system is too ill-conditioned for this solver; keeping previous Theta
  [warn] glasso failed at iter 7: Non SPD result: the system is too ill-conditioned for this solver. The system is too ill-conditioned for this solver; keeping previous Theta
  [warn] glasso failed at iter 8: Non SPD result: the system is too ill-conditioned for this solver. The system is too ill-conditioned for this solver; keeping previous Theta
  [warn] glasso failed at iter 9: Non SPD result: the system is too ill-conditioned for this solver. The system is too ill-conditioned for this solver; keeping previous Theta
  [warn] glasso failed at iter 10: Non SPD result: the system is too ill-conditioned for this solver. The system is too ill-conditioned for this solver; keeping previous Theta
  [warn] glasso failed at iter 11: Non SPD result: the system is too ill-conditioned for this solver. The system is too ill-conditioned for this solver; keeping previous Theta
  [warn] glasso failed at iter 12: Non SPD result: the system is too ill-conditioned for this solver. The system is too ill-conditioned for this solver; keeping previous Theta
  [warn] glasso failed at iter 13: Non SPD result: the system is too ill-conditioned for this solver. The system is too ill-conditioned for this solver; keeping previous Theta
  [warn] glasso failed at iter 14: Non SPD result: the system is too ill-conditioned for this solver. The system is too ill-conditioned for this solver; keeping previous Theta
  [warn] glasso failed at iter 15: Non SPD result: the system is too ill-conditioned for this solver. The system is too ill-conditioned for this solver; keeping previous Theta
  [warn] glasso failed at iter 16: Non SPD result: the system is too ill-conditioned for this solver. The system is too ill-conditioned for this solver; keeping previous Theta
  [warn] glasso failed at iter 17: Non SPD result: the system is too ill-conditioned for this solver. The system is too ill-conditioned for this solver; keeping previous Theta
  [warn] glasso failed at iter 18: Non SPD result: the system is too ill-conditioned for this solver. The system is too ill-conditioned for this solver; keeping previous Theta
  [warn] glasso failed at iter 19: Non SPD result: the system is too ill-conditioned for this solver. The system is too ill-conditioned for this solver; keeping previous Theta
  [warn] glasso failed at iter 20: Non SPD result: the system is too ill-conditioned for this solver. The system is too ill-conditioned for this solver; keeping previous Theta
  [warn] glasso failed at iter 21: Non SPD result: the system is too ill-conditioned for this solver. The system is too ill-conditioned for this solver; keeping previous Theta
  [warn] glasso failed at iter 22: Non SPD result: the system is too ill-conditioned for this solver. The system is too ill-conditioned for this solver; keeping previous Theta
  [warn] glasso failed at iter 23: Non SPD result: the system is too ill-conditioned for this solver. The system is too ill-conditioned for this solver; keeping previous Theta
  [warn] glasso failed at iter 24: Non SPD result: the system is too ill-conditioned for this solver. The system is too ill-conditioned for this solver; keeping previous Theta
  [warn] glasso failed at iter 25: Non SPD result: the system is too ill-conditioned for this solver. The system is too ill-conditioned for this solver; keeping previous Theta
  [warn] glasso failed at iter 26: Non SPD result: the system is too ill-conditioned for this solver. The system is too ill-conditioned for this solver; keeping previous Theta
  [warn] glasso failed at iter 27: Non SPD result: the system is too ill-conditioned for this solver. The system is too ill-conditioned for this solver; keeping previous Theta
  [warn] glasso failed at iter 28: Non SPD result: the system is too ill-conditioned for this solver. The system is too ill-conditioned for this solver; keeping previous Theta
  [warn] glasso failed at iter 29: Non SPD result: the system is too ill-conditioned for this solver. The system is too ill-conditioned for this solver; keeping previous Theta
  [warn] glasso failed at iter 30: Non SPD result: the system is too ill-conditioned for this solver. The system is too ill-conditioned for this solver; keeping previous Theta
  [warn] glasso failed at iter 31: Non SPD result: the system is too ill-conditioned for this solver. The system is too ill-conditioned for this solver; keeping previous Theta
  [warn] glasso failed at iter 32: Non SPD result: the system is too ill-conditioned for this solver. The system is too ill-conditioned for this solver; keeping previous Theta
  [warn] glasso failed at iter 33: Non SPD result: the system is too ill-conditioned for this solver. The system is too ill-conditioned for this solver; keeping previous Theta
  [warn] glasso failed at iter 34: Non SPD result: the system is too ill-conditioned for this solver. The system is too ill-conditioned for this solver; keeping previous Theta
  [warn] glasso failed at iter 35: Non SPD result: the system is too ill-conditioned for this solver. The system is too ill-conditioned for this solver; keeping previous Theta
  [warn] glasso failed at iter 36: Non SPD result: the system is too ill-conditioned for this solver. The system is too ill-conditioned for this solver; keeping previous Theta
  [warn] glasso failed at iter 37: Non SPD result: the system is too ill-conditioned for this solver. The system is too ill-conditioned for this solver; keeping previous Theta
  [warn] glasso failed at iter 38: Non SPD result: the system is too ill-conditioned for this solver. The system is too ill-conditioned for this solver; keeping previous Theta
  [warn] glasso failed at iter 39: Non SPD result: the system is too ill-conditioned for this solver. The system is too ill-conditioned for this solver; keeping previous Theta
  [warn] glasso failed at iter 40: Non SPD result: the system is too ill-conditioned for this solver. The system is too ill-conditioned for this solver; keeping previous Theta
  [warn] glasso failed at iter 41: Non SPD result: the system is too ill-conditioned for this solver. The system is too ill-conditioned for this solver; keeping previous Theta
  [warn] glasso failed at iter 42: Non SPD result: the system is too ill-conditioned for this solver. The system is too ill-conditioned for this solver; keeping previous Theta
  [warn] glasso failed at iter 43: Non SPD result: the system is too ill-conditioned for this solver. The system is too ill-conditioned for this solver; keeping previous Theta
  [warn] glasso failed at iter 44: Non SPD result: the system is too ill-conditioned for this solver. The system is too ill-conditioned for this solver; keeping previous Theta
  [warn] glasso failed at iter 45: Non SPD result: the system is too ill-conditioned for this solver. The system is too ill-conditioned for this solver; keeping previous Theta
    fp=0.4455 tp=0.6667  [2.8s]  [STALE: glasso failed on 46 EM iters]  [nu->NU_MAX x1605]
   median nu  = 9.445
   median |eta| = 0.001
  rho=0.00000 (51/51)  [extra 31/50]
  [warn] glasso failed at iter 0: Non SPD result: the system is too ill-conditioned for this solver. The system is too ill-conditioned for this solver; keeping previous Theta
  [warn] glasso failed at iter 1: Non SPD result: the system is too ill-conditioned for this solver. The system is too ill-conditioned for this solver; keeping previous Theta
  [warn] glasso failed at iter 2: Non SPD result: the system is too ill-conditioned for this solver. The system is too ill-conditioned for this solver; keeping previous Theta
  [warn] glasso failed at iter 3: Non SPD result: the system is too ill-conditioned for this solver. The system is too ill-conditioned for this solver; keeping previous Theta
  [warn] glasso failed at iter 4: Non SPD result: the system is too ill-conditioned for this solver. The system is too ill-conditioned for this solver; keeping previous Theta
  [warn] glasso failed at iter 5: Non SPD result: the system is too ill-conditioned for this solver. The system is too ill-conditioned for this solver; keeping previous Theta
  [warn] glasso failed at iter 6: Non SPD result: the system is too ill-conditioned for this solver. The system is too ill-conditioned for this solver; keeping previous Theta
  [warn] glasso failed at iter 7: Non SPD result: the system is too ill-conditioned for this solver. The system is too ill-conditioned for this solver; keeping previous Theta
  [warn] glasso failed at iter 8: Non SPD result: the system is too ill-conditioned for this solver. The system is too ill-conditioned for this solver; keeping previous Theta
  [warn] glasso failed at iter 9: Non SPD result: the system is too ill-conditioned for this solver. The system is too ill-conditioned for this solver; keeping previous Theta
  [warn] glasso failed at iter 10: Non SPD result: the system is too ill-conditioned for this solver. The system is too ill-conditioned for this solver; keeping previous Theta
  [warn] glasso failed at iter 11: Non SPD result: the system is too ill-conditioned for this solver. The system is too ill-conditioned for this solver; keeping previous Theta
  [warn] glasso failed at iter 12: Non SPD result: the system is too ill-conditioned for this solver. The system is too ill-conditioned for this solver; keeping previous Theta
  [warn] glasso failed at iter 13: Non SPD result: the system is too ill-conditioned for this solver. The system is too ill-conditioned for this solver; keeping previous Theta
  [warn] glasso failed at iter 14: Non SPD result: the system is too ill-conditioned for this solver. The system is too ill-conditioned for this solver; keeping previous Theta
  [warn] glasso failed at iter 15: Non SPD result: the system is too ill-conditioned for this solver. The system is too ill-conditioned for this solver; keeping previous Theta
  [warn] glasso failed at iter 16: Non SPD result: the system is too ill-conditioned for this solver. The system is too ill-conditioned for this solver; keeping previous Theta
  [warn] glasso failed at iter 17: Non SPD result: the system is too ill-conditioned for this solver. The system is too ill-conditioned for this solver; keeping previous Theta
  [warn] glasso failed at iter 18: Non SPD result: the system is too ill-conditioned for this solver. The system is too ill-conditioned for this solver; keeping previous Theta
  [warn] glasso failed at iter 19: Non SPD result: the system is too ill-conditioned for this solver. The system is too ill-conditioned for this solver; keeping previous Theta
  [warn] glasso failed at iter 20: Non SPD result: the system is too ill-conditioned for this solver. The system is too ill-conditioned for this solver; keeping previous Theta
  [warn] glasso failed at iter 21: Non SPD result: the system is too ill-conditioned for this solver. The system is too ill-conditioned for this solver; keeping previous Theta
  [warn] glasso failed at iter 22: Non SPD result: the system is too ill-conditioned for this solver. The system is too ill-conditioned for this solver; keeping previous Theta
  [warn] glasso failed at iter 23: Non SPD result: the system is too ill-conditioned for this solver. The system is too ill-conditioned for this solver; keeping previous Theta
  [warn] glasso failed at iter 24: Non SPD result: the system is too ill-conditioned for this solver. The system is too ill-conditioned for this solver; keeping previous Theta
  [warn] glasso failed at iter 25: Non SPD result: the system is too ill-conditioned for this solver. The system is too ill-conditioned for this solver; keeping previous Theta
  [warn] glasso failed at iter 26: Non SPD result: the system is too ill-conditioned for this solver. The system is too ill-conditioned for this solver; keeping previous Theta
  [warn] glasso failed at iter 27: Non SPD result: the system is too ill-conditioned for this solver. The system is too ill-conditioned for this solver; keeping previous Theta
  [warn] glasso failed at iter 28: Non SPD result: the system is too ill-conditioned for this solver. The system is too ill-conditioned for this solver; keeping previous Theta
  [warn] glasso failed at iter 29: Non SPD result: the system is too ill-conditioned for this solver. The system is too ill-conditioned for this solver; keeping previous Theta
  [warn] glasso failed at iter 30: Non SPD result: the system is too ill-conditioned for this solver. The system is too ill-conditioned for this solver; keeping previous Theta
  [warn] glasso failed at iter 31: Non SPD result: the system is too ill-conditioned for this solver. The system is too ill-conditioned for this solver; keeping previous Theta
  [warn] glasso failed at iter 32: Non SPD result: the system is too ill-conditioned for this solver. The system is too ill-conditioned for this solver; keeping previous Theta
  [warn] glasso failed at iter 33: Non SPD result: the system is too ill-conditioned for this solver. The system is too ill-conditioned for this solver; keeping previous Theta
  [warn] glasso failed at iter 34: Non SPD result: the system is too ill-conditioned for this solver. The system is too ill-conditioned for this solver; keeping previous Theta
  [warn] glasso failed at iter 35: Non SPD result: the system is too ill-conditioned for this solver. The system is too ill-conditioned for this solver; keeping previous Theta
  [warn] glasso failed at iter 36: Non SPD result: the system is too ill-conditioned for this solver. The system is too ill-conditioned for this solver; keeping previous Theta
  [warn] glasso failed at iter 37: Non SPD result: the system is too ill-conditioned for this solver. The system is too ill-conditioned for this solver; keeping previous Theta
  [warn] glasso failed at iter 38: Non SPD result: the system is too ill-conditioned for this solver. The system is too ill-conditioned for this solver; keeping previous Theta
  [warn] glasso failed at iter 39: Non SPD result: the system is too ill-conditioned for this solver. The system is too ill-conditioned for this solver; keeping previous Theta
  [warn] glasso failed at iter 40: Non SPD result: the system is too ill-conditioned for this solver. The system is too ill-conditioned for this solver; keeping previous Theta
  [warn] glasso failed at iter 41: Non SPD result: the system is too ill-conditioned for this solver. The system is too ill-conditioned for this solver; keeping previous Theta
  [warn] glasso failed at iter 42: Non SPD result: the system is too ill-conditioned for this solver. The system is too ill-conditioned for this solver; keeping previous Theta
  [warn] glasso failed at iter 43: Non SPD result: the system is too ill-conditioned for this solver. The system is too ill-conditioned for this solver; keeping previous Theta
  [warn] glasso failed at iter 44: Non SPD result: the system is too ill-conditioned for this solver. The system is too ill-conditioned for this solver; keeping previous Theta
  [warn] glasso failed at iter 45: Non SPD result: the system is too ill-conditioned for this solver. The system is too ill-conditioned for this solver; keeping previous Theta
    fp=0.4455 tp=0.6667  [2.7s]  [STALE: glasso failed on 46 EM iters]  [nu->NU_MAX x1605]
   median nu  = 9.445
   median |eta| = 0.001
  rho=0.00000 (52/52)  [extra 32/50]
  [warn] glasso failed at iter 0: Non SPD result: the system is too ill-conditioned for this solver. The system is too ill-conditioned for this solver; keeping previous Theta
  [warn] glasso failed at iter 1: Non SPD result: the system is too ill-conditioned for this solver. The system is too ill-conditioned for this solver; keeping previous Theta
  [warn] glasso failed at iter 2: Non SPD result: the system is too ill-conditioned for this solver. The system is too ill-conditioned for this solver; keeping previous Theta
  [warn] glasso failed at iter 3: Non SPD result: the system is too ill-conditioned for this solver. The system is too ill-conditioned for this solver; keeping previous Theta
  [warn] glasso failed at iter 4: Non SPD result: the system is too ill-conditioned for this solver. The system is too ill-conditioned for this solver; keeping previous Theta
  [warn] glasso failed at iter 5: Non SPD result: the system is too ill-conditioned for this solver. The system is too ill-conditioned for this solver; keeping previous Theta
  [warn] glasso failed at iter 6: Non SPD result: the system is too ill-conditioned for this solver. The system is too ill-conditioned for this solver; keeping previous Theta
  [warn] glasso failed at iter 7: Non SPD result: the system is too ill-conditioned for this solver. The system is too ill-conditioned for this solver; keeping previous Theta
  [warn] glasso failed at iter 8: Non SPD result: the system is too ill-conditioned for this solver. The system is too ill-conditioned for this solver; keeping previous Theta
  [warn] glasso failed at iter 9: Non SPD result: the system is too ill-conditioned for this solver. The system is too ill-conditioned for this solver; keeping previous Theta
  [warn] glasso failed at iter 10: Non SPD result: the system is too ill-conditioned for this solver. The system is too ill-conditioned for this solver; keeping previous Theta
  [warn] glasso failed at iter 11: Non SPD result: the system is too ill-conditioned for this solver. The system is too ill-conditioned for this solver; keeping previous Theta
  [warn] glasso failed at iter 12: Non SPD result: the system is too ill-conditioned for this solver. The system is too ill-conditioned for this solver; keeping previous Theta
  [warn] glasso failed at iter 13: Non SPD result: the system is too ill-conditioned for this solver. The system is too ill-conditioned for this solver; keeping previous Theta
  [warn] glasso failed at iter 14: Non SPD result: the system is too ill-conditioned for this solver. The system is too ill-conditioned for this solver; keeping previous Theta
  [warn] glasso failed at iter 15: Non SPD result: the system is too ill-conditioned for this solver. The system is too ill-conditioned for this solver; keeping previous Theta
  [warn] glasso failed at iter 16: Non SPD result: the system is too ill-conditioned for this solver. The system is too ill-conditioned for this solver; keeping previous Theta
  [warn] glasso failed at iter 17: Non SPD result: the system is too ill-conditioned for this solver. The system is too ill-conditioned for this solver; keeping previous Theta
  [warn] glasso failed at iter 18: Non SPD result: the system is too ill-conditioned for this solver. The system is too ill-conditioned for this solver; keeping previous Theta
  [warn] glasso failed at iter 19: Non SPD result: the system is too ill-conditioned for this solver. The system is too ill-conditioned for this solver; keeping previous Theta
  [warn] glasso failed at iter 20: Non SPD result: the system is too ill-conditioned for this solver. The system is too ill-conditioned for this solver; keeping previous Theta
  [warn] glasso failed at iter 21: Non SPD result: the system is too ill-conditioned for this solver. The system is too ill-conditioned for this solver; keeping previous Theta
  [warn] glasso failed at iter 22: Non SPD result: the system is too ill-conditioned for this solver. The system is too ill-conditioned for this solver; keeping previous Theta
  [warn] glasso failed at iter 23: Non SPD result: the system is too ill-conditioned for this solver. The system is too ill-conditioned for this solver; keeping previous Theta
  [warn] glasso failed at iter 24: Non SPD result: the system is too ill-conditioned for this solver. The system is too ill-conditioned for this solver; keeping previous Theta
  [warn] glasso failed at iter 25: Non SPD result: the system is too ill-conditioned for this solver. The system is too ill-conditioned for this solver; keeping previous Theta
  [warn] glasso failed at iter 26: Non SPD result: the system is too ill-conditioned for this solver. The system is too ill-conditioned for this solver; keeping previous Theta
  [warn] glasso failed at iter 27: Non SPD result: the system is too ill-conditioned for this solver. The system is too ill-conditioned for this solver; keeping previous Theta
  [warn] glasso failed at iter 28: Non SPD result: the system is too ill-conditioned for this solver. The system is too ill-conditioned for this solver; keeping previous Theta
  [warn] glasso failed at iter 29: Non SPD result: the system is too ill-conditioned for this solver. The system is too ill-conditioned for this solver; keeping previous Theta
  [warn] glasso failed at iter 30: Non SPD result: the system is too ill-conditioned for this solver. The system is too ill-conditioned for this solver; keeping previous Theta
  [warn] glasso failed at iter 31: Non SPD result: the system is too ill-conditioned for this solver. The system is too ill-conditioned for this solver; keeping previous Theta
  [warn] glasso failed at iter 32: Non SPD result: the system is too ill-conditioned for this solver. The system is too ill-conditioned for this solver; keeping previous Theta
  [warn] glasso failed at iter 33: Non SPD result: the system is too ill-conditioned for this solver. The system is too ill-conditioned for this solver; keeping previous Theta
  [warn] glasso failed at iter 34: Non SPD result: the system is too ill-conditioned for this solver. The system is too ill-conditioned for this solver; keeping previous Theta
  [warn] glasso failed at iter 35: Non SPD result: the system is too ill-conditioned for this solver. The system is too ill-conditioned for this solver; keeping previous Theta
  [warn] glasso failed at iter 36: Non SPD result: the system is too ill-conditioned for this solver. The system is too ill-conditioned for this solver; keeping previous Theta
  [warn] glasso failed at iter 37: Non SPD result: the system is too ill-conditioned for this solver. The system is too ill-conditioned for this solver; keeping previous Theta
  [warn] glasso failed at iter 38: Non SPD result: the system is too ill-conditioned for this solver. The system is too ill-conditioned for this solver; keeping previous Theta
  [warn] glasso failed at iter 39: Non SPD result: the system is too ill-conditioned for this solver. The system is too ill-conditioned for this solver; keeping previous Theta
  [warn] glasso failed at iter 40: Non SPD result: the system is too ill-conditioned for this solver. The system is too ill-conditioned for this solver; keeping previous Theta
  [warn] glasso failed at iter 41: Non SPD result: the system is too ill-conditioned for this solver. The system is too ill-conditioned for this solver; keeping previous Theta
  [warn] glasso failed at iter 42: Non SPD result: the system is too ill-conditioned for this solver. The system is too ill-conditioned for this solver; keeping previous Theta
  [warn] glasso failed at iter 43: Non SPD result: the system is too ill-conditioned for this solver. The system is too ill-conditioned for this solver; keeping previous Theta
  [warn] glasso failed at iter 44: Non SPD result: the system is too ill-conditioned for this solver. The system is too ill-conditioned for this solver; keeping previous Theta
  [warn] glasso failed at iter 45: Non SPD result: the system is too ill-conditioned for this solver. The system is too ill-conditioned for this solver; keeping previous Theta
    fp=0.4455 tp=0.6667  [2.7s]  [STALE: glasso failed on 46 EM iters]  [nu->NU_MAX x1605]
   median nu  = 9.445
   median |eta| = 0.001
  rho=0.00000 (53/53)  [extra 33/50]
  [warn] glasso failed at iter 0: Non SPD result: the system is too ill-conditioned for this solver. The system is too ill-conditioned for this solver; keeping previous Theta
  [warn] glasso failed at iter 1: Non SPD result: the system is too ill-conditioned for this solver. The system is too ill-conditioned for this solver; keeping previous Theta
  [warn] glasso failed at iter 2: Non SPD result: the system is too ill-conditioned for this solver. The system is too ill-conditioned for this solver; keeping previous Theta
  [warn] glasso failed at iter 3: Non SPD result: the system is too ill-conditioned for this solver. The system is too ill-conditioned for this solver; keeping previous Theta
  [warn] glasso failed at iter 4: Non SPD result: the system is too ill-conditioned for this solver. The system is too ill-conditioned for this solver; keeping previous Theta
  [warn] glasso failed at iter 5: Non SPD result: the system is too ill-conditioned for this solver. The system is too ill-conditioned for this solver; keeping previous Theta
  [warn] glasso failed at iter 6: Non SPD result: the system is too ill-conditioned for this solver. The system is too ill-conditioned for this solver; keeping previous Theta
  [warn] glasso failed at iter 7: Non SPD result: the system is too ill-conditioned for this solver. The system is too ill-conditioned for this solver; keeping previous Theta
  [warn] glasso failed at iter 8: Non SPD result: the system is too ill-conditioned for this solver. The system is too ill-conditioned for this solver; keeping previous Theta
  [warn] glasso failed at iter 9: Non SPD result: the system is too ill-conditioned for this solver. The system is too ill-conditioned for this solver; keeping previous Theta
  [warn] glasso failed at iter 10: Non SPD result: the system is too ill-conditioned for this solver. The system is too ill-conditioned for this solver; keeping previous Theta
  [warn] glasso failed at iter 11: Non SPD result: the system is too ill-conditioned for this solver. The system is too ill-conditioned for this solver; keeping previous Theta
  [warn] glasso failed at iter 12: Non SPD result: the system is too ill-conditioned for this solver. The system is too ill-conditioned for this solver; keeping previous Theta
  [warn] glasso failed at iter 13: Non SPD result: the system is too ill-conditioned for this solver. The system is too ill-conditioned for this solver; keeping previous Theta
  [warn] glasso failed at iter 14: Non SPD result: the system is too ill-conditioned for this solver. The system is too ill-conditioned for this solver; keeping previous Theta
  [warn] glasso failed at iter 15: Non SPD result: the system is too ill-conditioned for this solver. The system is too ill-conditioned for this solver; keeping previous Theta
  [warn] glasso failed at iter 16: Non SPD result: the system is too ill-conditioned for this solver. The system is too ill-conditioned for this solver; keeping previous Theta
  [warn] glasso failed at iter 17: Non SPD result: the system is too ill-conditioned for this solver. The system is too ill-conditioned for this solver; keeping previous Theta
  [warn] glasso failed at iter 18: Non SPD result: the system is too ill-conditioned for this solver. The system is too ill-conditioned for this solver; keeping previous Theta
  [warn] glasso failed at iter 19: Non SPD result: the system is too ill-conditioned for this solver. The system is too ill-conditioned for this solver; keeping previous Theta
  [warn] glasso failed at iter 20: Non SPD result: the system is too ill-conditioned for this solver. The system is too ill-conditioned for this solver; keeping previous Theta
  [warn] glasso failed at iter 21: Non SPD result: the system is too ill-conditioned for this solver. The system is too ill-conditioned for this solver; keeping previous Theta
  [warn] glasso failed at iter 22: Non SPD result: the system is too ill-conditioned for this solver. The system is too ill-conditioned for this solver; keeping previous Theta
  [warn] glasso failed at iter 23: Non SPD result: the system is too ill-conditioned for this solver. The system is too ill-conditioned for this solver; keeping previous Theta
  [warn] glasso failed at iter 24: Non SPD result: the system is too ill-conditioned for this solver. The system is too ill-conditioned for this solver; keeping previous Theta
  [warn] glasso failed at iter 25: Non SPD result: the system is too ill-conditioned for this solver. The system is too ill-conditioned for this solver; keeping previous Theta
  [warn] glasso failed at iter 26: Non SPD result: the system is too ill-conditioned for this solver. The system is too ill-conditioned for this solver; keeping previous Theta
  [warn] glasso failed at iter 27: Non SPD result: the system is too ill-conditioned for this solver. The system is too ill-conditioned for this solver; keeping previous Theta
  [warn] glasso failed at iter 28: Non SPD result: the system is too ill-conditioned for this solver. The system is too ill-conditioned for this solver; keeping previous Theta
  [warn] glasso failed at iter 29: Non SPD result: the system is too ill-conditioned for this solver. The system is too ill-conditioned for this solver; keeping previous Theta
  [warn] glasso failed at iter 30: Non SPD result: the system is too ill-conditioned for this solver. The system is too ill-conditioned for this solver; keeping previous Theta
  [warn] glasso failed at iter 31: Non SPD result: the system is too ill-conditioned for this solver. The system is too ill-conditioned for this solver; keeping previous Theta
  [warn] glasso failed at iter 32: Non SPD result: the system is too ill-conditioned for this solver. The system is too ill-conditioned for this solver; keeping previous Theta
  [warn] glasso failed at iter 33: Non SPD result: the system is too ill-conditioned for this solver. The system is too ill-conditioned for this solver; keeping previous Theta
  [warn] glasso failed at iter 34: Non SPD result: the system is too ill-conditioned for this solver. The system is too ill-conditioned for this solver; keeping previous Theta
  [warn] glasso failed at iter 35: Non SPD result: the system is too ill-conditioned for this solver. The system is too ill-conditioned for this solver; keeping previous Theta
  [warn] glasso failed at iter 36: Non SPD result: the system is too ill-conditioned for this solver. The system is too ill-conditioned for this solver; keeping previous Theta
  [warn] glasso failed at iter 37: Non SPD result: the system is too ill-conditioned for this solver. The system is too ill-conditioned for this solver; keeping previous Theta
  [warn] glasso failed at iter 38: Non SPD result: the system is too ill-conditioned for this solver. The system is too ill-conditioned for this solver; keeping previous Theta
  [warn] glasso failed at iter 39: Non SPD result: the system is too ill-conditioned for this solver. The system is too ill-conditioned for this solver; keeping previous Theta
  [warn] glasso failed at iter 40: Non SPD result: the system is too ill-conditioned for this solver. The system is too ill-conditioned for this solver; keeping previous Theta
  [warn] glasso failed at iter 41: Non SPD result: the system is too ill-conditioned for this solver. The system is too ill-conditioned for this solver; keeping previous Theta
  [warn] glasso failed at iter 42: Non SPD result: the system is too ill-conditioned for this solver. The system is too ill-conditioned for this solver; keeping previous Theta
  [warn] glasso failed at iter 43: Non SPD result: the system is too ill-conditioned for this solver. The system is too ill-conditioned for this solver; keeping previous Theta
  [warn] glasso failed at iter 44: Non SPD result: the system is too ill-conditioned for this solver. The system is too ill-conditioned for this solver; keeping previous Theta
  [warn] glasso failed at iter 45: Non SPD result: the system is too ill-conditioned for this solver. The system is too ill-conditioned for this solver; keeping previous Theta
    fp=0.4455 tp=0.6667  [2.8s]  [STALE: glasso failed on 46 EM iters]  [nu->NU_MAX x1605]
   median nu  = 9.445
   median |eta| = 0.001
  rho=0.00000 (54/54)  [extra 34/50]
  [warn] glasso failed at iter 0: Non SPD result: the system is too ill-conditioned for this solver. The system is too ill-conditioned for this solver; keeping previous Theta
  [warn] glasso failed at iter 1: Non SPD result: the system is too ill-conditioned for this solver. The system is too ill-conditioned for this solver; keeping previous Theta
  [warn] glasso failed at iter 2: Non SPD result: the system is too ill-conditioned for this solver. The system is too ill-conditioned for this solver; keeping previous Theta
  [warn] glasso failed at iter 3: Non SPD result: the system is too ill-conditioned for this solver. The system is too ill-conditioned for this solver; keeping previous Theta
  [warn] glasso failed at iter 4: Non SPD result: the system is too ill-conditioned for this solver. The system is too ill-conditioned for this solver; keeping previous Theta
  [warn] glasso failed at iter 5: Non SPD result: the system is too ill-conditioned for this solver. The system is too ill-conditioned for this solver; keeping previous Theta
  [warn] glasso failed at iter 6: Non SPD result: the system is too ill-conditioned for this solver. The system is too ill-conditioned for this solver; keeping previous Theta
  [warn] glasso failed at iter 7: Non SPD result: the system is too ill-conditioned for this solver. The system is too ill-conditioned for this solver; keeping previous Theta
  [warn] glasso failed at iter 8: Non SPD result: the system is too ill-conditioned for this solver. The system is too ill-conditioned for this solver; keeping previous Theta
  [warn] glasso failed at iter 9: Non SPD result: the system is too ill-conditioned for this solver. The system is too ill-conditioned for this solver; keeping previous Theta
  [warn] glasso failed at iter 10: Non SPD result: the system is too ill-conditioned for this solver. The system is too ill-conditioned for this solver; keeping previous Theta
  [warn] glasso failed at iter 11: Non SPD result: the system is too ill-conditioned for this solver. The system is too ill-conditioned for this solver; keeping previous Theta
  [warn] glasso failed at iter 12: Non SPD result: the system is too ill-conditioned for this solver. The system is too ill-conditioned for this solver; keeping previous Theta
  [warn] glasso failed at iter 13: Non SPD result: the system is too ill-conditioned for this solver. The system is too ill-conditioned for this solver; keeping previous Theta
  [warn] glasso failed at iter 14: Non SPD result: the system is too ill-conditioned for this solver. The system is too ill-conditioned for this solver; keeping previous Theta
  [warn] glasso failed at iter 15: Non SPD result: the system is too ill-conditioned for this solver. The system is too ill-conditioned for this solver; keeping previous Theta
  [warn] glasso failed at iter 16: Non SPD result: the system is too ill-conditioned for this solver. The system is too ill-conditioned for this solver; keeping previous Theta
  [warn] glasso failed at iter 17: Non SPD result: the system is too ill-conditioned for this solver. The system is too ill-conditioned for this solver; keeping previous Theta
  [warn] glasso failed at iter 18: Non SPD result: the system is too ill-conditioned for this solver. The system is too ill-conditioned for this solver; keeping previous Theta
  [warn] glasso failed at iter 19: Non SPD result: the system is too ill-conditioned for this solver. The system is too ill-conditioned for this solver; keeping previous Theta
  [warn] glasso failed at iter 20: Non SPD result: the system is too ill-conditioned for this solver. The system is too ill-conditioned for this solver; keeping previous Theta
  [warn] glasso failed at iter 21: Non SPD result: the system is too ill-conditioned for this solver. The system is too ill-conditioned for this solver; keeping previous Theta
  [warn] glasso failed at iter 22: Non SPD result: the system is too ill-conditioned for this solver. The system is too ill-conditioned for this solver; keeping previous Theta
  [warn] glasso failed at iter 23: Non SPD result: the system is too ill-conditioned for this solver. The system is too ill-conditioned for this solver; keeping previous Theta
  [warn] glasso failed at iter 24: Non SPD result: the system is too ill-conditioned for this solver. The system is too ill-conditioned for this solver; keeping previous Theta
  [warn] glasso failed at iter 25: Non SPD result: the system is too ill-conditioned for this solver. The system is too ill-conditioned for this solver; keeping previous Theta
  [warn] glasso failed at iter 26: Non SPD result: the system is too ill-conditioned for this solver. The system is too ill-conditioned for this solver; keeping previous Theta
  [warn] glasso failed at iter 27: Non SPD result: the system is too ill-conditioned for this solver. The system is too ill-conditioned for this solver; keeping previous Theta
  [warn] glasso failed at iter 28: Non SPD result: the system is too ill-conditioned for this solver. The system is too ill-conditioned for this solver; keeping previous Theta
  [warn] glasso failed at iter 29: Non SPD result: the system is too ill-conditioned for this solver. The system is too ill-conditioned for this solver; keeping previous Theta
  [warn] glasso failed at iter 30: Non SPD result: the system is too ill-conditioned for this solver. The system is too ill-conditioned for this solver; keeping previous Theta
  [warn] glasso failed at iter 31: Non SPD result: the system is too ill-conditioned for this solver. The system is too ill-conditioned for this solver; keeping previous Theta
  [warn] glasso failed at iter 32: Non SPD result: the system is too ill-conditioned for this solver. The system is too ill-conditioned for this solver; keeping previous Theta
  [warn] glasso failed at iter 33: Non SPD result: the system is too ill-conditioned for this solver. The system is too ill-conditioned for this solver; keeping previous Theta
  [warn] glasso failed at iter 34: Non SPD result: the system is too ill-conditioned for this solver. The system is too ill-conditioned for this solver; keeping previous Theta
  [warn] glasso failed at iter 35: Non SPD result: the system is too ill-conditioned for this solver. The system is too ill-conditioned for this solver; keeping previous Theta
  [warn] glasso failed at iter 36: Non SPD result: the system is too ill-conditioned for this solver. The system is too ill-conditioned for this solver; keeping previous Theta
  [warn] glasso failed at iter 37: Non SPD result: the system is too ill-conditioned for this solver. The system is too ill-conditioned for this solver; keeping previous Theta
  [warn] glasso failed at iter 38: Non SPD result: the system is too ill-conditioned for this solver. The system is too ill-conditioned for this solver; keeping previous Theta
  [warn] glasso failed at iter 39: Non SPD result: the system is too ill-conditioned for this solver. The system is too ill-conditioned for this solver; keeping previous Theta
  [warn] glasso failed at iter 40: Non SPD result: the system is too ill-conditioned for this solver. The system is too ill-conditioned for this solver; keeping previous Theta
  [warn] glasso failed at iter 41: Non SPD result: the system is too ill-conditioned for this solver. The system is too ill-conditioned for this solver; keeping previous Theta
  [warn] glasso failed at iter 42: Non SPD result: the system is too ill-conditioned for this solver. The system is too ill-conditioned for this solver; keeping previous Theta
  [warn] glasso failed at iter 43: Non SPD result: the system is too ill-conditioned for this solver. The system is too ill-conditioned for this solver; keeping previous Theta
  [warn] glasso failed at iter 44: Non SPD result: the system is too ill-conditioned for this solver. The system is too ill-conditioned for this solver; keeping previous Theta
  [warn] glasso failed at iter 45: Non SPD result: the system is too ill-conditioned for this solver. The system is too ill-conditioned for this solver; keeping previous Theta
    fp=0.4455 tp=0.6667  [2.8s]  [STALE: glasso failed on 46 EM iters]  [nu->NU_MAX x1605]
   median nu  = 9.445
   median |eta| = 0.001
  rho=0.00000 (55/55)  [extra 35/50]
  [warn] glasso failed at iter 0: Non SPD result: the system is too ill-conditioned for this solver. The system is too ill-conditioned for this solver; keeping previous Theta
  [warn] glasso failed at iter 1: Non SPD result: the system is too ill-conditioned for this solver. The system is too ill-conditioned for this solver; keeping previous Theta
  [warn] glasso failed at iter 2: Non SPD result: the system is too ill-conditioned for this solver. The system is too ill-conditioned for this solver; keeping previous Theta
  [warn] glasso failed at iter 3: Non SPD result: the system is too ill-conditioned for this solver. The system is too ill-conditioned for this solver; keeping previous Theta
  [warn] glasso failed at iter 4: Non SPD result: the system is too ill-conditioned for this solver. The system is too ill-conditioned for this solver; keeping previous Theta
  [warn] glasso failed at iter 5: Non SPD result: the system is too ill-conditioned for this solver. The system is too ill-conditioned for this solver; keeping previous Theta
  [warn] glasso failed at iter 6: Non SPD result: the system is too ill-conditioned for this solver. The system is too ill-conditioned for this solver; keeping previous Theta
  [warn] glasso failed at iter 7: Non SPD result: the system is too ill-conditioned for this solver. The system is too ill-conditioned for this solver; keeping previous Theta
  [warn] glasso failed at iter 8: Non SPD result: the system is too ill-conditioned for this solver. The system is too ill-conditioned for this solver; keeping previous Theta
  [warn] glasso failed at iter 9: Non SPD result: the system is too ill-conditioned for this solver. The system is too ill-conditioned for this solver; keeping previous Theta
  [warn] glasso failed at iter 10: Non SPD result: the system is too ill-conditioned for this solver. The system is too ill-conditioned for this solver; keeping previous Theta
  [warn] glasso failed at iter 11: Non SPD result: the system is too ill-conditioned for this solver. The system is too ill-conditioned for this solver; keeping previous Theta
  [warn] glasso failed at iter 12: Non SPD result: the system is too ill-conditioned for this solver. The system is too ill-conditioned for this solver; keeping previous Theta
  [warn] glasso failed at iter 13: Non SPD result: the system is too ill-conditioned for this solver. The system is too ill-conditioned for this solver; keeping previous Theta
  [warn] glasso failed at iter 14: Non SPD result: the system is too ill-conditioned for this solver. The system is too ill-conditioned for this solver; keeping previous Theta
  [warn] glasso failed at iter 15: Non SPD result: the system is too ill-conditioned for this solver. The system is too ill-conditioned for this solver; keeping previous Theta
  [warn] glasso failed at iter 16: Non SPD result: the system is too ill-conditioned for this solver. The system is too ill-conditioned for this solver; keeping previous Theta
  [warn] glasso failed at iter 17: Non SPD result: the system is too ill-conditioned for this solver. The system is too ill-conditioned for this solver; keeping previous Theta
  [warn] glasso failed at iter 18: Non SPD result: the system is too ill-conditioned for this solver. The system is too ill-conditioned for this solver; keeping previous Theta
  [warn] glasso failed at iter 19: Non SPD result: the system is too ill-conditioned for this solver. The system is too ill-conditioned for this solver; keeping previous Theta
  [warn] glasso failed at iter 20: Non SPD result: the system is too ill-conditioned for this solver. The system is too ill-conditioned for this solver; keeping previous Theta
  [warn] glasso failed at iter 21: Non SPD result: the system is too ill-conditioned for this solver. The system is too ill-conditioned for this solver; keeping previous Theta
  [warn] glasso failed at iter 22: Non SPD result: the system is too ill-conditioned for this solver. The system is too ill-conditioned for this solver; keeping previous Theta
  [warn] glasso failed at iter 23: Non SPD result: the system is too ill-conditioned for this solver. The system is too ill-conditioned for this solver; keeping previous Theta
  [warn] glasso failed at iter 24: Non SPD result: the system is too ill-conditioned for this solver. The system is too ill-conditioned for this solver; keeping previous Theta
  [warn] glasso failed at iter 25: Non SPD result: the system is too ill-conditioned for this solver. The system is too ill-conditioned for this solver; keeping previous Theta
  [warn] glasso failed at iter 26: Non SPD result: the system is too ill-conditioned for this solver. The system is too ill-conditioned for this solver; keeping previous Theta
  [warn] glasso failed at iter 27: Non SPD result: the system is too ill-conditioned for this solver. The system is too ill-conditioned for this solver; keeping previous Theta
  [warn] glasso failed at iter 28: Non SPD result: the system is too ill-conditioned for this solver. The system is too ill-conditioned for this solver; keeping previous Theta
  [warn] glasso failed at iter 29: Non SPD result: the system is too ill-conditioned for this solver. The system is too ill-conditioned for this solver; keeping previous Theta
  [warn] glasso failed at iter 30: Non SPD result: the system is too ill-conditioned for this solver. The system is too ill-conditioned for this solver; keeping previous Theta
  [warn] glasso failed at iter 31: Non SPD result: the system is too ill-conditioned for this solver. The system is too ill-conditioned for this solver; keeping previous Theta
  [warn] glasso failed at iter 32: Non SPD result: the system is too ill-conditioned for this solver. The system is too ill-conditioned for this solver; keeping previous Theta
  [warn] glasso failed at iter 33: Non SPD result: the system is too ill-conditioned for this solver. The system is too ill-conditioned for this solver; keeping previous Theta
  [warn] glasso failed at iter 34: Non SPD result: the system is too ill-conditioned for this solver. The system is too ill-conditioned for this solver; keeping previous Theta
  [warn] glasso failed at iter 35: Non SPD result: the system is too ill-conditioned for this solver. The system is too ill-conditioned for this solver; keeping previous Theta
  [warn] glasso failed at iter 36: Non SPD result: the system is too ill-conditioned for this solver. The system is too ill-conditioned for this solver; keeping previous Theta
  [warn] glasso failed at iter 37: Non SPD result: the system is too ill-conditioned for this solver. The system is too ill-conditioned for this solver; keeping previous Theta
  [warn] glasso failed at iter 38: Non SPD result: the system is too ill-conditioned for this solver. The system is too ill-conditioned for this solver; keeping previous Theta
  [warn] glasso failed at iter 39: Non SPD result: the system is too ill-conditioned for this solver. The system is too ill-conditioned for this solver; keeping previous Theta
  [warn] glasso failed at iter 40: Non SPD result: the system is too ill-conditioned for this solver. The system is too ill-conditioned for this solver; keeping previous Theta
  [warn] glasso failed at iter 41: Non SPD result: the system is too ill-conditioned for this solver. The system is too ill-conditioned for this solver; keeping previous Theta
  [warn] glasso failed at iter 42: Non SPD result: the system is too ill-conditioned for this solver. The system is too ill-conditioned for this solver; keeping previous Theta
  [warn] glasso failed at iter 43: Non SPD result: the system is too ill-conditioned for this solver. The system is too ill-conditioned for this solver; keeping previous Theta
  [warn] glasso failed at iter 44: Non SPD result: the system is too ill-conditioned for this solver. The system is too ill-conditioned for this solver; keeping previous Theta
  [warn] glasso failed at iter 45: Non SPD result: the system is too ill-conditioned for this solver. The system is too ill-conditioned for this solver; keeping previous Theta
    fp=0.4455 tp=0.6667  [2.7s]  [STALE: glasso failed on 46 EM iters]  [nu->NU_MAX x1605]
   median nu  = 9.445
   median |eta| = 0.001
  rho=0.00000 (56/56)  [extra 36/50]
  [warn] glasso failed at iter 0: Non SPD result: the system is too ill-conditioned for this solver. The system is too ill-conditioned for this solver; keeping previous Theta
  [warn] glasso failed at iter 1: Non SPD result: the system is too ill-conditioned for this solver. The system is too ill-conditioned for this solver; keeping previous Theta
  [warn] glasso failed at iter 2: Non SPD result: the system is too ill-conditioned for this solver. The system is too ill-conditioned for this solver; keeping previous Theta
  [warn] glasso failed at iter 3: Non SPD result: the system is too ill-conditioned for this solver. The system is too ill-conditioned for this solver; keeping previous Theta
  [warn] glasso failed at iter 4: Non SPD result: the system is too ill-conditioned for this solver. The system is too ill-conditioned for this solver; keeping previous Theta
  [warn] glasso failed at iter 5: Non SPD result: the system is too ill-conditioned for this solver. The system is too ill-conditioned for this solver; keeping previous Theta
  [warn] glasso failed at iter 6: Non SPD result: the system is too ill-conditioned for this solver. The system is too ill-conditioned for this solver; keeping previous Theta
  [warn] glasso failed at iter 7: Non SPD result: the system is too ill-conditioned for this solver. The system is too ill-conditioned for this solver; keeping previous Theta
  [warn] glasso failed at iter 8: Non SPD result: the system is too ill-conditioned for this solver. The system is too ill-conditioned for this solver; keeping previous Theta
  [warn] glasso failed at iter 9: Non SPD result: the system is too ill-conditioned for this solver. The system is too ill-conditioned for this solver; keeping previous Theta
  [warn] glasso failed at iter 10: Non SPD result: the system is too ill-conditioned for this solver. The system is too ill-conditioned for this solver; keeping previous Theta
  [warn] glasso failed at iter 11: Non SPD result: the system is too ill-conditioned for this solver. The system is too ill-conditioned for this solver; keeping previous Theta
  [warn] glasso failed at iter 12: Non SPD result: the system is too ill-conditioned for this solver. The system is too ill-conditioned for this solver; keeping previous Theta
  [warn] glasso failed at iter 13: Non SPD result: the system is too ill-conditioned for this solver. The system is too ill-conditioned for this solver; keeping previous Theta
  [warn] glasso failed at iter 14: Non SPD result: the system is too ill-conditioned for this solver. The system is too ill-conditioned for this solver; keeping previous Theta
  [warn] glasso failed at iter 15: Non SPD result: the system is too ill-conditioned for this solver. The system is too ill-conditioned for this solver; keeping previous Theta
  [warn] glasso failed at iter 16: Non SPD result: the system is too ill-conditioned for this solver. The system is too ill-conditioned for this solver; keeping previous Theta
  [warn] glasso failed at iter 17: Non SPD result: the system is too ill-conditioned for this solver. The system is too ill-conditioned for this solver; keeping previous Theta
  [warn] glasso failed at iter 18: Non SPD result: the system is too ill-conditioned for this solver. The system is too ill-conditioned for this solver; keeping previous Theta
  [warn] glasso failed at iter 19: Non SPD result: the system is too ill-conditioned for this solver. The system is too ill-conditioned for this solver; keeping previous Theta
  [warn] glasso failed at iter 20: Non SPD result: the system is too ill-conditioned for this solver. The system is too ill-conditioned for this solver; keeping previous Theta
  [warn] glasso failed at iter 21: Non SPD result: the system is too ill-conditioned for this solver. The system is too ill-conditioned for this solver; keeping previous Theta
  [warn] glasso failed at iter 22: Non SPD result: the system is too ill-conditioned for this solver. The system is too ill-conditioned for this solver; keeping previous Theta
  [warn] glasso failed at iter 23: Non SPD result: the system is too ill-conditioned for this solver. The system is too ill-conditioned for this solver; keeping previous Theta
  [warn] glasso failed at iter 24: Non SPD result: the system is too ill-conditioned for this solver. The system is too ill-conditioned for this solver; keeping previous Theta
  [warn] glasso failed at iter 25: Non SPD result: the system is too ill-conditioned for this solver. The system is too ill-conditioned for this solver; keeping previous Theta
  [warn] glasso failed at iter 26: Non SPD result: the system is too ill-conditioned for this solver. The system is too ill-conditioned for this solver; keeping previous Theta
  [warn] glasso failed at iter 27: Non SPD result: the system is too ill-conditioned for this solver. The system is too ill-conditioned for this solver; keeping previous Theta
  [warn] glasso failed at iter 28: Non SPD result: the system is too ill-conditioned for this solver. The system is too ill-conditioned for this solver; keeping previous Theta
  [warn] glasso failed at iter 29: Non SPD result: the system is too ill-conditioned for this solver. The system is too ill-conditioned for this solver; keeping previous Theta
  [warn] glasso failed at iter 30: Non SPD result: the system is too ill-conditioned for this solver. The system is too ill-conditioned for this solver; keeping previous Theta
  [warn] glasso failed at iter 31: Non SPD result: the system is too ill-conditioned for this solver. The system is too ill-conditioned for this solver; keeping previous Theta
  [warn] glasso failed at iter 32: Non SPD result: the system is too ill-conditioned for this solver. The system is too ill-conditioned for this solver; keeping previous Theta
  [warn] glasso failed at iter 33: Non SPD result: the system is too ill-conditioned for this solver. The system is too ill-conditioned for this solver; keeping previous Theta
  [warn] glasso failed at iter 34: Non SPD result: the system is too ill-conditioned for this solver. The system is too ill-conditioned for this solver; keeping previous Theta
  [warn] glasso failed at iter 35: Non SPD result: the system is too ill-conditioned for this solver. The system is too ill-conditioned for this solver; keeping previous Theta
  [warn] glasso failed at iter 36: Non SPD result: the system is too ill-conditioned for this solver. The system is too ill-conditioned for this solver; keeping previous Theta
  [warn] glasso failed at iter 37: Non SPD result: the system is too ill-conditioned for this solver. The system is too ill-conditioned for this solver; keeping previous Theta
  [warn] glasso failed at iter 38: Non SPD result: the system is too ill-conditioned for this solver. The system is too ill-conditioned for this solver; keeping previous Theta
  [warn] glasso failed at iter 39: Non SPD result: the system is too ill-conditioned for this solver. The system is too ill-conditioned for this solver; keeping previous Theta
  [warn] glasso failed at iter 40: Non SPD result: the system is too ill-conditioned for this solver. The system is too ill-conditioned for this solver; keeping previous Theta
  [warn] glasso failed at iter 41: Non SPD result: the system is too ill-conditioned for this solver. The system is too ill-conditioned for this solver; keeping previous Theta
  [warn] glasso failed at iter 42: Non SPD result: the system is too ill-conditioned for this solver. The system is too ill-conditioned for this solver; keeping previous Theta
  [warn] glasso failed at iter 43: Non SPD result: the system is too ill-conditioned for this solver. The system is too ill-conditioned for this solver; keeping previous Theta
  [warn] glasso failed at iter 44: Non SPD result: the system is too ill-conditioned for this solver. The system is too ill-conditioned for this solver; keeping previous Theta
  [warn] glasso failed at iter 45: Non SPD result: the system is too ill-conditioned for this solver. The system is too ill-conditioned for this solver; keeping previous Theta
    fp=0.4455 tp=0.6667  [2.7s]  [STALE: glasso failed on 46 EM iters]  [nu->NU_MAX x1605]
   median nu  = 9.445
   median |eta| = 0.001
  rho=0.00000 (57/57)  [extra 37/50]
  [warn] glasso failed at iter 0: Non SPD result: the system is too ill-conditioned for this solver. The system is too ill-conditioned for this solver; keeping previous Theta
  [warn] glasso failed at iter 1: Non SPD result: the system is too ill-conditioned for this solver. The system is too ill-conditioned for this solver; keeping previous Theta
  [warn] glasso failed at iter 2: Non SPD result: the system is too ill-conditioned for this solver. The system is too ill-conditioned for this solver; keeping previous Theta
  [warn] glasso failed at iter 3: Non SPD result: the system is too ill-conditioned for this solver. The system is too ill-conditioned for this solver; keeping previous Theta
  [warn] glasso failed at iter 4: Non SPD result: the system is too ill-conditioned for this solver. The system is too ill-conditioned for this solver; keeping previous Theta
  [warn] glasso failed at iter 5: Non SPD result: the system is too ill-conditioned for this solver. The system is too ill-conditioned for this solver; keeping previous Theta
  [warn] glasso failed at iter 6: Non SPD result: the system is too ill-conditioned for this solver. The system is too ill-conditioned for this solver; keeping previous Theta
  [warn] glasso failed at iter 7: Non SPD result: the system is too ill-conditioned for this solver. The system is too ill-conditioned for this solver; keeping previous Theta
  [warn] glasso failed at iter 8: Non SPD result: the system is too ill-conditioned for this solver. The system is too ill-conditioned for this solver; keeping previous Theta
  [warn] glasso failed at iter 9: Non SPD result: the system is too ill-conditioned for this solver. The system is too ill-conditioned for this solver; keeping previous Theta
  [warn] glasso failed at iter 10: Non SPD result: the system is too ill-conditioned for this solver. The system is too ill-conditioned for this solver; keeping previous Theta
  [warn] glasso failed at iter 11: Non SPD result: the system is too ill-conditioned for this solver. The system is too ill-conditioned for this solver; keeping previous Theta
  [warn] glasso failed at iter 12: Non SPD result: the system is too ill-conditioned for this solver. The system is too ill-conditioned for this solver; keeping previous Theta
  [warn] glasso failed at iter 13: Non SPD result: the system is too ill-conditioned for this solver. The system is too ill-conditioned for this solver; keeping previous Theta
  [warn] glasso failed at iter 14: Non SPD result: the system is too ill-conditioned for this solver. The system is too ill-conditioned for this solver; keeping previous Theta
  [warn] glasso failed at iter 15: Non SPD result: the system is too ill-conditioned for this solver. The system is too ill-conditioned for this solver; keeping previous Theta
  [warn] glasso failed at iter 16: Non SPD result: the system is too ill-conditioned for this solver. The system is too ill-conditioned for this solver; keeping previous Theta
  [warn] glasso failed at iter 17: Non SPD result: the system is too ill-conditioned for this solver. The system is too ill-conditioned for this solver; keeping previous Theta
  [warn] glasso failed at iter 18: Non SPD result: the system is too ill-conditioned for this solver. The system is too ill-conditioned for this solver; keeping previous Theta
  [warn] glasso failed at iter 19: Non SPD result: the system is too ill-conditioned for this solver. The system is too ill-conditioned for this solver; keeping previous Theta
  [warn] glasso failed at iter 20: Non SPD result: the system is too ill-conditioned for this solver. The system is too ill-conditioned for this solver; keeping previous Theta
  [warn] glasso failed at iter 21: Non SPD result: the system is too ill-conditioned for this solver. The system is too ill-conditioned for this solver; keeping previous Theta
  [warn] glasso failed at iter 22: Non SPD result: the system is too ill-conditioned for this solver. The system is too ill-conditioned for this solver; keeping previous Theta
  [warn] glasso failed at iter 23: Non SPD result: the system is too ill-conditioned for this solver. The system is too ill-conditioned for this solver; keeping previous Theta
  [warn] glasso failed at iter 24: Non SPD result: the system is too ill-conditioned for this solver. The system is too ill-conditioned for this solver; keeping previous Theta
  [warn] glasso failed at iter 25: Non SPD result: the system is too ill-conditioned for this solver. The system is too ill-conditioned for this solver; keeping previous Theta
  [warn] glasso failed at iter 26: Non SPD result: the system is too ill-conditioned for this solver. The system is too ill-conditioned for this solver; keeping previous Theta
  [warn] glasso failed at iter 27: Non SPD result: the system is too ill-conditioned for this solver. The system is too ill-conditioned for this solver; keeping previous Theta
  [warn] glasso failed at iter 28: Non SPD result: the system is too ill-conditioned for this solver. The system is too ill-conditioned for this solver; keeping previous Theta
  [warn] glasso failed at iter 29: Non SPD result: the system is too ill-conditioned for this solver. The system is too ill-conditioned for this solver; keeping previous Theta
  [warn] glasso failed at iter 30: Non SPD result: the system is too ill-conditioned for this solver. The system is too ill-conditioned for this solver; keeping previous Theta
  [warn] glasso failed at iter 31: Non SPD result: the system is too ill-conditioned for this solver. The system is too ill-conditioned for this solver; keeping previous Theta
  [warn] glasso failed at iter 32: Non SPD result: the system is too ill-conditioned for this solver. The system is too ill-conditioned for this solver; keeping previous Theta
  [warn] glasso failed at iter 33: Non SPD result: the system is too ill-conditioned for this solver. The system is too ill-conditioned for this solver; keeping previous Theta
  [warn] glasso failed at iter 34: Non SPD result: the system is too ill-conditioned for this solver. The system is too ill-conditioned for this solver; keeping previous Theta
  [warn] glasso failed at iter 35: Non SPD result: the system is too ill-conditioned for this solver. The system is too ill-conditioned for this solver; keeping previous Theta
  [warn] glasso failed at iter 36: Non SPD result: the system is too ill-conditioned for this solver. The system is too ill-conditioned for this solver; keeping previous Theta
  [warn] glasso failed at iter 37: Non SPD result: the system is too ill-conditioned for this solver. The system is too ill-conditioned for this solver; keeping previous Theta
  [warn] glasso failed at iter 38: Non SPD result: the system is too ill-conditioned for this solver. The system is too ill-conditioned for this solver; keeping previous Theta
  [warn] glasso failed at iter 39: Non SPD result: the system is too ill-conditioned for this solver. The system is too ill-conditioned for this solver; keeping previous Theta
  [warn] glasso failed at iter 40: Non SPD result: the system is too ill-conditioned for this solver. The system is too ill-conditioned for this solver; keeping previous Theta
  [warn] glasso failed at iter 41: Non SPD result: the system is too ill-conditioned for this solver. The system is too ill-conditioned for this solver; keeping previous Theta
  [warn] glasso failed at iter 42: Non SPD result: the system is too ill-conditioned for this solver. The system is too ill-conditioned for this solver; keeping previous Theta
  [warn] glasso failed at iter 43: Non SPD result: the system is too ill-conditioned for this solver. The system is too ill-conditioned for this solver; keeping previous Theta
  [warn] glasso failed at iter 44: Non SPD result: the system is too ill-conditioned for this solver. The system is too ill-conditioned for this solver; keeping previous Theta
  [warn] glasso failed at iter 45: Non SPD result: the system is too ill-conditioned for this solver. The system is too ill-conditioned for this solver; keeping previous Theta
    fp=0.4455 tp=0.6667  [2.7s]  [STALE: glasso failed on 46 EM iters]  [nu->NU_MAX x1605]
   median nu  = 9.445
   median |eta| = 0.001
  rho=0.00000 (58/58)  [extra 38/50]
  [warn] glasso failed at iter 0: Non SPD result: the system is too ill-conditioned for this solver. The system is too ill-conditioned for this solver; keeping previous Theta
  [warn] glasso failed at iter 1: Non SPD result: the system is too ill-conditioned for this solver. The system is too ill-conditioned for this solver; keeping previous Theta
  [warn] glasso failed at iter 2: Non SPD result: the system is too ill-conditioned for this solver. The system is too ill-conditioned for this solver; keeping previous Theta
  [warn] glasso failed at iter 3: Non SPD result: the system is too ill-conditioned for this solver. The system is too ill-conditioned for this solver; keeping previous Theta
  [warn] glasso failed at iter 4: Non SPD result: the system is too ill-conditioned for this solver. The system is too ill-conditioned for this solver; keeping previous Theta
  [warn] glasso failed at iter 5: Non SPD result: the system is too ill-conditioned for this solver. The system is too ill-conditioned for this solver; keeping previous Theta
  [warn] glasso failed at iter 6: Non SPD result: the system is too ill-conditioned for this solver. The system is too ill-conditioned for this solver; keeping previous Theta
  [warn] glasso failed at iter 7: Non SPD result: the system is too ill-conditioned for this solver. The system is too ill-conditioned for this solver; keeping previous Theta
  [warn] glasso failed at iter 8: Non SPD result: the system is too ill-conditioned for this solver. The system is too ill-conditioned for this solver; keeping previous Theta
  [warn] glasso failed at iter 9: Non SPD result: the system is too ill-conditioned for this solver. The system is too ill-conditioned for this solver; keeping previous Theta
  [warn] glasso failed at iter 10: Non SPD result: the system is too ill-conditioned for this solver. The system is too ill-conditioned for this solver; keeping previous Theta
  [warn] glasso failed at iter 11: Non SPD result: the system is too ill-conditioned for this solver. The system is too ill-conditioned for this solver; keeping previous Theta
  [warn] glasso failed at iter 12: Non SPD result: the system is too ill-conditioned for this solver. The system is too ill-conditioned for this solver; keeping previous Theta
  [warn] glasso failed at iter 13: Non SPD result: the system is too ill-conditioned for this solver. The system is too ill-conditioned for this solver; keeping previous Theta
  [warn] glasso failed at iter 14: Non SPD result: the system is too ill-conditioned for this solver. The system is too ill-conditioned for this solver; keeping previous Theta
  [warn] glasso failed at iter 15: Non SPD result: the system is too ill-conditioned for this solver. The system is too ill-conditioned for this solver; keeping previous Theta
  [warn] glasso failed at iter 16: Non SPD result: the system is too ill-conditioned for this solver. The system is too ill-conditioned for this solver; keeping previous Theta
  [warn] glasso failed at iter 17: Non SPD result: the system is too ill-conditioned for this solver. The system is too ill-conditioned for this solver; keeping previous Theta
  [warn] glasso failed at iter 18: Non SPD result: the system is too ill-conditioned for this solver. The system is too ill-conditioned for this solver; keeping previous Theta
  [warn] glasso failed at iter 19: Non SPD result: the system is too ill-conditioned for this solver. The system is too ill-conditioned for this solver; keeping previous Theta
  [warn] glasso failed at iter 20: Non SPD result: the system is too ill-conditioned for this solver. The system is too ill-conditioned for this solver; keeping previous Theta
  [warn] glasso failed at iter 21: Non SPD result: the system is too ill-conditioned for this solver. The system is too ill-conditioned for this solver; keeping previous Theta
  [warn] glasso failed at iter 22: Non SPD result: the system is too ill-conditioned for this solver. The system is too ill-conditioned for this solver; keeping previous Theta
  [warn] glasso failed at iter 23: Non SPD result: the system is too ill-conditioned for this solver. The system is too ill-conditioned for this solver; keeping previous Theta
  [warn] glasso failed at iter 24: Non SPD result: the system is too ill-conditioned for this solver. The system is too ill-conditioned for this solver; keeping previous Theta
  [warn] glasso failed at iter 25: Non SPD result: the system is too ill-conditioned for this solver. The system is too ill-conditioned for this solver; keeping previous Theta
  [warn] glasso failed at iter 26: Non SPD result: the system is too ill-conditioned for this solver. The system is too ill-conditioned for this solver; keeping previous Theta
  [warn] glasso failed at iter 27: Non SPD result: the system is too ill-conditioned for this solver. The system is too ill-conditioned for this solver; keeping previous Theta
  [warn] glasso failed at iter 28: Non SPD result: the system is too ill-conditioned for this solver. The system is too ill-conditioned for this solver; keeping previous Theta
  [warn] glasso failed at iter 29: Non SPD result: the system is too ill-conditioned for this solver. The system is too ill-conditioned for this solver; keeping previous Theta
  [warn] glasso failed at iter 30: Non SPD result: the system is too ill-conditioned for this solver. The system is too ill-conditioned for this solver; keeping previous Theta
  [warn] glasso failed at iter 31: Non SPD result: the system is too ill-conditioned for this solver. The system is too ill-conditioned for this solver; keeping previous Theta
  [warn] glasso failed at iter 32: Non SPD result: the system is too ill-conditioned for this solver. The system is too ill-conditioned for this solver; keeping previous Theta
  [warn] glasso failed at iter 33: Non SPD result: the system is too ill-conditioned for this solver. The system is too ill-conditioned for this solver; keeping previous Theta
  [warn] glasso failed at iter 34: Non SPD result: the system is too ill-conditioned for this solver. The system is too ill-conditioned for this solver; keeping previous Theta
  [warn] glasso failed at iter 35: Non SPD result: the system is too ill-conditioned for this solver. The system is too ill-conditioned for this solver; keeping previous Theta
  [warn] glasso failed at iter 36: Non SPD result: the system is too ill-conditioned for this solver. The system is too ill-conditioned for this solver; keeping previous Theta
  [warn] glasso failed at iter 37: Non SPD result: the system is too ill-conditioned for this solver. The system is too ill-conditioned for this solver; keeping previous Theta
  [warn] glasso failed at iter 38: Non SPD result: the system is too ill-conditioned for this solver. The system is too ill-conditioned for this solver; keeping previous Theta
  [warn] glasso failed at iter 39: Non SPD result: the system is too ill-conditioned for this solver. The system is too ill-conditioned for this solver; keeping previous Theta
  [warn] glasso failed at iter 40: Non SPD result: the system is too ill-conditioned for this solver. The system is too ill-conditioned for this solver; keeping previous Theta
  [warn] glasso failed at iter 41: Non SPD result: the system is too ill-conditioned for this solver. The system is too ill-conditioned for this solver; keeping previous Theta
  [warn] glasso failed at iter 42: Non SPD result: the system is too ill-conditioned for this solver. The system is too ill-conditioned for this solver; keeping previous Theta
  [warn] glasso failed at iter 43: Non SPD result: the system is too ill-conditioned for this solver. The system is too ill-conditioned for this solver; keeping previous Theta
  [warn] glasso failed at iter 44: Non SPD result: the system is too ill-conditioned for this solver. The system is too ill-conditioned for this solver; keeping previous Theta
  [warn] glasso failed at iter 45: Non SPD result: the system is too ill-conditioned for this solver. The system is too ill-conditioned for this solver; keeping previous Theta
    fp=0.4455 tp=0.6667  [2.8s]  [STALE: glasso failed on 46 EM iters]  [nu->NU_MAX x1605]
   median nu  = 9.445
   median |eta| = 0.001
  rho=0.00000 (59/59)  [extra 39/50]
  [warn] glasso failed at iter 0: Non SPD result: the system is too ill-conditioned for this solver. The system is too ill-conditioned for this solver; keeping previous Theta
  [warn] glasso failed at iter 1: Non SPD result: the system is too ill-conditioned for this solver. The system is too ill-conditioned for this solver; keeping previous Theta
  [warn] glasso failed at iter 2: Non SPD result: the system is too ill-conditioned for this solver. The system is too ill-conditioned for this solver; keeping previous Theta
  [warn] glasso failed at iter 3: Non SPD result: the system is too ill-conditioned for this solver. The system is too ill-conditioned for this solver; keeping previous Theta
  [warn] glasso failed at iter 4: Non SPD result: the system is too ill-conditioned for this solver. The system is too ill-conditioned for this solver; keeping previous Theta
  [warn] glasso failed at iter 5: Non SPD result: the system is too ill-conditioned for this solver. The system is too ill-conditioned for this solver; keeping previous Theta
  [warn] glasso failed at iter 6: Non SPD result: the system is too ill-conditioned for this solver. The system is too ill-conditioned for this solver; keeping previous Theta
  [warn] glasso failed at iter 7: Non SPD result: the system is too ill-conditioned for this solver. The system is too ill-conditioned for this solver; keeping previous Theta
  [warn] glasso failed at iter 8: Non SPD result: the system is too ill-conditioned for this solver. The system is too ill-conditioned for this solver; keeping previous Theta
  [warn] glasso failed at iter 9: Non SPD result: the system is too ill-conditioned for this solver. The system is too ill-conditioned for this solver; keeping previous Theta
  [warn] glasso failed at iter 10: Non SPD result: the system is too ill-conditioned for this solver. The system is too ill-conditioned for this solver; keeping previous Theta
  [warn] glasso failed at iter 11: Non SPD result: the system is too ill-conditioned for this solver. The system is too ill-conditioned for this solver; keeping previous Theta
  [warn] glasso failed at iter 12: Non SPD result: the system is too ill-conditioned for this solver. The system is too ill-conditioned for this solver; keeping previous Theta
  [warn] glasso failed at iter 13: Non SPD result: the system is too ill-conditioned for this solver. The system is too ill-conditioned for this solver; keeping previous Theta
  [warn] glasso failed at iter 14: Non SPD result: the system is too ill-conditioned for this solver. The system is too ill-conditioned for this solver; keeping previous Theta
  [warn] glasso failed at iter 15: Non SPD result: the system is too ill-conditioned for this solver. The system is too ill-conditioned for this solver; keeping previous Theta
  [warn] glasso failed at iter 16: Non SPD result: the system is too ill-conditioned for this solver. The system is too ill-conditioned for this solver; keeping previous Theta
  [warn] glasso failed at iter 17: Non SPD result: the system is too ill-conditioned for this solver. The system is too ill-conditioned for this solver; keeping previous Theta
  [warn] glasso failed at iter 18: Non SPD result: the system is too ill-conditioned for this solver. The system is too ill-conditioned for this solver; keeping previous Theta
  [warn] glasso failed at iter 19: Non SPD result: the system is too ill-conditioned for this solver. The system is too ill-conditioned for this solver; keeping previous Theta
  [warn] glasso failed at iter 20: Non SPD result: the system is too ill-conditioned for this solver. The system is too ill-conditioned for this solver; keeping previous Theta
  [warn] glasso failed at iter 21: Non SPD result: the system is too ill-conditioned for this solver. The system is too ill-conditioned for this solver; keeping previous Theta
  [warn] glasso failed at iter 22: Non SPD result: the system is too ill-conditioned for this solver. The system is too ill-conditioned for this solver; keeping previous Theta
  [warn] glasso failed at iter 23: Non SPD result: the system is too ill-conditioned for this solver. The system is too ill-conditioned for this solver; keeping previous Theta
  [warn] glasso failed at iter 24: Non SPD result: the system is too ill-conditioned for this solver. The system is too ill-conditioned for this solver; keeping previous Theta
  [warn] glasso failed at iter 25: Non SPD result: the system is too ill-conditioned for this solver. The system is too ill-conditioned for this solver; keeping previous Theta
  [warn] glasso failed at iter 26: Non SPD result: the system is too ill-conditioned for this solver. The system is too ill-conditioned for this solver; keeping previous Theta
  [warn] glasso failed at iter 27: Non SPD result: the system is too ill-conditioned for this solver. The system is too ill-conditioned for this solver; keeping previous Theta
  [warn] glasso failed at iter 28: Non SPD result: the system is too ill-conditioned for this solver. The system is too ill-conditioned for this solver; keeping previous Theta
  [warn] glasso failed at iter 29: Non SPD result: the system is too ill-conditioned for this solver. The system is too ill-conditioned for this solver; keeping previous Theta
  [warn] glasso failed at iter 30: Non SPD result: the system is too ill-conditioned for this solver. The system is too ill-conditioned for this solver; keeping previous Theta
  [warn] glasso failed at iter 31: Non SPD result: the system is too ill-conditioned for this solver. The system is too ill-conditioned for this solver; keeping previous Theta
  [warn] glasso failed at iter 32: Non SPD result: the system is too ill-conditioned for this solver. The system is too ill-conditioned for this solver; keeping previous Theta
  [warn] glasso failed at iter 33: Non SPD result: the system is too ill-conditioned for this solver. The system is too ill-conditioned for this solver; keeping previous Theta
  [warn] glasso failed at iter 34: Non SPD result: the system is too ill-conditioned for this solver. The system is too ill-conditioned for this solver; keeping previous Theta
  [warn] glasso failed at iter 35: Non SPD result: the system is too ill-conditioned for this solver. The system is too ill-conditioned for this solver; keeping previous Theta
  [warn] glasso failed at iter 36: Non SPD result: the system is too ill-conditioned for this solver. The system is too ill-conditioned for this solver; keeping previous Theta
  [warn] glasso failed at iter 37: Non SPD result: the system is too ill-conditioned for this solver. The system is too ill-conditioned for this solver; keeping previous Theta
  [warn] glasso failed at iter 38: Non SPD result: the system is too ill-conditioned for this solver. The system is too ill-conditioned for this solver; keeping previous Theta
  [warn] glasso failed at iter 39: Non SPD result: the system is too ill-conditioned for this solver. The system is too ill-conditioned for this solver; keeping previous Theta
  [warn] glasso failed at iter 40: Non SPD result: the system is too ill-conditioned for this solver. The system is too ill-conditioned for this solver; keeping previous Theta
  [warn] glasso failed at iter 41: Non SPD result: the system is too ill-conditioned for this solver. The system is too ill-conditioned for this solver; keeping previous Theta
  [warn] glasso failed at iter 42: Non SPD result: the system is too ill-conditioned for this solver. The system is too ill-conditioned for this solver; keeping previous Theta
  [warn] glasso failed at iter 43: Non SPD result: the system is too ill-conditioned for this solver. The system is too ill-conditioned for this solver; keeping previous Theta
  [warn] glasso failed at iter 44: Non SPD result: the system is too ill-conditioned for this solver. The system is too ill-conditioned for this solver; keeping previous Theta
  [warn] glasso failed at iter 45: Non SPD result: the system is too ill-conditioned for this solver. The system is too ill-conditioned for this solver; keeping previous Theta
    fp=0.4455 tp=0.6667  [2.7s]  [STALE: glasso failed on 46 EM iters]  [nu->NU_MAX x1605]
   median nu  = 9.445
   median |eta| = 0.001
  rho=0.00000 (60/60)  [extra 40/50]
  [warn] glasso failed at iter 0: Non SPD result: the system is too ill-conditioned for this solver. The system is too ill-conditioned for this solver; keeping previous Theta
  [warn] glasso failed at iter 1: Non SPD result: the system is too ill-conditioned for this solver. The system is too ill-conditioned for this solver; keeping previous Theta
  [warn] glasso failed at iter 2: Non SPD result: the system is too ill-conditioned for this solver. The system is too ill-conditioned for this solver; keeping previous Theta
  [warn] glasso failed at iter 3: Non SPD result: the system is too ill-conditioned for this solver. The system is too ill-conditioned for this solver; keeping previous Theta
  [warn] glasso failed at iter 4: Non SPD result: the system is too ill-conditioned for this solver. The system is too ill-conditioned for this solver; keeping previous Theta
  [warn] glasso failed at iter 5: Non SPD result: the system is too ill-conditioned for this solver. The system is too ill-conditioned for this solver; keeping previous Theta
  [warn] glasso failed at iter 6: Non SPD result: the system is too ill-conditioned for this solver. The system is too ill-conditioned for this solver; keeping previous Theta
  [warn] glasso failed at iter 7: Non SPD result: the system is too ill-conditioned for this solver. The system is too ill-conditioned for this solver; keeping previous Theta
  [warn] glasso failed at iter 8: Non SPD result: the system is too ill-conditioned for this solver. The system is too ill-conditioned for this solver; keeping previous Theta
  [warn] glasso failed at iter 9: Non SPD result: the system is too ill-conditioned for this solver. The system is too ill-conditioned for this solver; keeping previous Theta
  [warn] glasso failed at iter 10: Non SPD result: the system is too ill-conditioned for this solver. The system is too ill-conditioned for this solver; keeping previous Theta
  [warn] glasso failed at iter 11: Non SPD result: the system is too ill-conditioned for this solver. The system is too ill-conditioned for this solver; keeping previous Theta
  [warn] glasso failed at iter 12: Non SPD result: the system is too ill-conditioned for this solver. The system is too ill-conditioned for this solver; keeping previous Theta
  [warn] glasso failed at iter 13: Non SPD result: the system is too ill-conditioned for this solver. The system is too ill-conditioned for this solver; keeping previous Theta
  [warn] glasso failed at iter 14: Non SPD result: the system is too ill-conditioned for this solver. The system is too ill-conditioned for this solver; keeping previous Theta
  [warn] glasso failed at iter 15: Non SPD result: the system is too ill-conditioned for this solver. The system is too ill-conditioned for this solver; keeping previous Theta
  [warn] glasso failed at iter 16: Non SPD result: the system is too ill-conditioned for this solver. The system is too ill-conditioned for this solver; keeping previous Theta
  [warn] glasso failed at iter 17: Non SPD result: the system is too ill-conditioned for this solver. The system is too ill-conditioned for this solver; keeping previous Theta
  [warn] glasso failed at iter 18: Non SPD result: the system is too ill-conditioned for this solver. The system is too ill-conditioned for this solver; keeping previous Theta
  [warn] glasso failed at iter 19: Non SPD result: the system is too ill-conditioned for this solver. The system is too ill-conditioned for this solver; keeping previous Theta
  [warn] glasso failed at iter 20: Non SPD result: the system is too ill-conditioned for this solver. The system is too ill-conditioned for this solver; keeping previous Theta
  [warn] glasso failed at iter 21: Non SPD result: the system is too ill-conditioned for this solver. The system is too ill-conditioned for this solver; keeping previous Theta
  [warn] glasso failed at iter 22: Non SPD result: the system is too ill-conditioned for this solver. The system is too ill-conditioned for this solver; keeping previous Theta
  [warn] glasso failed at iter 23: Non SPD result: the system is too ill-conditioned for this solver. The system is too ill-conditioned for this solver; keeping previous Theta
  [warn] glasso failed at iter 24: Non SPD result: the system is too ill-conditioned for this solver. The system is too ill-conditioned for this solver; keeping previous Theta
  [warn] glasso failed at iter 25: Non SPD result: the system is too ill-conditioned for this solver. The system is too ill-conditioned for this solver; keeping previous Theta
  [warn] glasso failed at iter 26: Non SPD result: the system is too ill-conditioned for this solver. The system is too ill-conditioned for this solver; keeping previous Theta
  [warn] glasso failed at iter 27: Non SPD result: the system is too ill-conditioned for this solver. The system is too ill-conditioned for this solver; keeping previous Theta
  [warn] glasso failed at iter 28: Non SPD result: the system is too ill-conditioned for this solver. The system is too ill-conditioned for this solver; keeping previous Theta
  [warn] glasso failed at iter 29: Non SPD result: the system is too ill-conditioned for this solver. The system is too ill-conditioned for this solver; keeping previous Theta
  [warn] glasso failed at iter 30: Non SPD result: the system is too ill-conditioned for this solver. The system is too ill-conditioned for this solver; keeping previous Theta
  [warn] glasso failed at iter 31: Non SPD result: the system is too ill-conditioned for this solver. The system is too ill-conditioned for this solver; keeping previous Theta
  [warn] glasso failed at iter 32: Non SPD result: the system is too ill-conditioned for this solver. The system is too ill-conditioned for this solver; keeping previous Theta
  [warn] glasso failed at iter 33: Non SPD result: the system is too ill-conditioned for this solver. The system is too ill-conditioned for this solver; keeping previous Theta
  [warn] glasso failed at iter 34: Non SPD result: the system is too ill-conditioned for this solver. The system is too ill-conditioned for this solver; keeping previous Theta
  [warn] glasso failed at iter 35: Non SPD result: the system is too ill-conditioned for this solver. The system is too ill-conditioned for this solver; keeping previous Theta
  [warn] glasso failed at iter 36: Non SPD result: the system is too ill-conditioned for this solver. The system is too ill-conditioned for this solver; keeping previous Theta
  [warn] glasso failed at iter 37: Non SPD result: the system is too ill-conditioned for this solver. The system is too ill-conditioned for this solver; keeping previous Theta
  [warn] glasso failed at iter 38: Non SPD result: the system is too ill-conditioned for this solver. The system is too ill-conditioned for this solver; keeping previous Theta
  [warn] glasso failed at iter 39: Non SPD result: the system is too ill-conditioned for this solver. The system is too ill-conditioned for this solver; keeping previous Theta
  [warn] glasso failed at iter 40: Non SPD result: the system is too ill-conditioned for this solver. The system is too ill-conditioned for this solver; keeping previous Theta
  [warn] glasso failed at iter 41: Non SPD result: the system is too ill-conditioned for this solver. The system is too ill-conditioned for this solver; keeping previous Theta
  [warn] glasso failed at iter 42: Non SPD result: the system is too ill-conditioned for this solver. The system is too ill-conditioned for this solver; keeping previous Theta
  [warn] glasso failed at iter 43: Non SPD result: the system is too ill-conditioned for this solver. The system is too ill-conditioned for this solver; keeping previous Theta
  [warn] glasso failed at iter 44: Non SPD result: the system is too ill-conditioned for this solver. The system is too ill-conditioned for this solver; keeping previous Theta
  [warn] glasso failed at iter 45: Non SPD result: the system is too ill-conditioned for this solver. The system is too ill-conditioned for this solver; keeping previous Theta
    fp=0.4455 tp=0.6667  [2.8s]  [STALE: glasso failed on 46 EM iters]  [nu->NU_MAX x1605]
   median nu  = 9.445
   median |eta| = 0.001
  rho=0.00000 (61/61)  [extra 41/50]
  [warn] glasso failed at iter 0: Non SPD result: the system is too ill-conditioned for this solver. The system is too ill-conditioned for this solver; keeping previous Theta
  [warn] glasso failed at iter 1: Non SPD result: the system is too ill-conditioned for this solver. The system is too ill-conditioned for this solver; keeping previous Theta
  [warn] glasso failed at iter 2: Non SPD result: the system is too ill-conditioned for this solver. The system is too ill-conditioned for this solver; keeping previous Theta
  [warn] glasso failed at iter 3: Non SPD result: the system is too ill-conditioned for this solver. The system is too ill-conditioned for this solver; keeping previous Theta
  [warn] glasso failed at iter 4: Non SPD result: the system is too ill-conditioned for this solver. The system is too ill-conditioned for this solver; keeping previous Theta
  [warn] glasso failed at iter 5: Non SPD result: the system is too ill-conditioned for this solver. The system is too ill-conditioned for this solver; keeping previous Theta
  [warn] glasso failed at iter 6: Non SPD result: the system is too ill-conditioned for this solver. The system is too ill-conditioned for this solver; keeping previous Theta
  [warn] glasso failed at iter 7: Non SPD result: the system is too ill-conditioned for this solver. The system is too ill-conditioned for this solver; keeping previous Theta
  [warn] glasso failed at iter 8: Non SPD result: the system is too ill-conditioned for this solver. The system is too ill-conditioned for this solver; keeping previous Theta
  [warn] glasso failed at iter 9: Non SPD result: the system is too ill-conditioned for this solver. The system is too ill-conditioned for this solver; keeping previous Theta
  [warn] glasso failed at iter 10: Non SPD result: the system is too ill-conditioned for this solver. The system is too ill-conditioned for this solver; keeping previous Theta
  [warn] glasso failed at iter 11: Non SPD result: the system is too ill-conditioned for this solver. The system is too ill-conditioned for this solver; keeping previous Theta
  [warn] glasso failed at iter 12: Non SPD result: the system is too ill-conditioned for this solver. The system is too ill-conditioned for this solver; keeping previous Theta
  [warn] glasso failed at iter 13: Non SPD result: the system is too ill-conditioned for this solver. The system is too ill-conditioned for this solver; keeping previous Theta
  [warn] glasso failed at iter 14: Non SPD result: the system is too ill-conditioned for this solver. The system is too ill-conditioned for this solver; keeping previous Theta
  [warn] glasso failed at iter 15: Non SPD result: the system is too ill-conditioned for this solver. The system is too ill-conditioned for this solver; keeping previous Theta
  [warn] glasso failed at iter 16: Non SPD result: the system is too ill-conditioned for this solver. The system is too ill-conditioned for this solver; keeping previous Theta
  [warn] glasso failed at iter 17: Non SPD result: the system is too ill-conditioned for this solver. The system is too ill-conditioned for this solver; keeping previous Theta
  [warn] glasso failed at iter 18: Non SPD result: the system is too ill-conditioned for this solver. The system is too ill-conditioned for this solver; keeping previous Theta
  [warn] glasso failed at iter 19: Non SPD result: the system is too ill-conditioned for this solver. The system is too ill-conditioned for this solver; keeping previous Theta
  [warn] glasso failed at iter 20: Non SPD result: the system is too ill-conditioned for this solver. The system is too ill-conditioned for this solver; keeping previous Theta
  [warn] glasso failed at iter 21: Non SPD result: the system is too ill-conditioned for this solver. The system is too ill-conditioned for this solver; keeping previous Theta
  [warn] glasso failed at iter 22: Non SPD result: the system is too ill-conditioned for this solver. The system is too ill-conditioned for this solver; keeping previous Theta
  [warn] glasso failed at iter 23: Non SPD result: the system is too ill-conditioned for this solver. The system is too ill-conditioned for this solver; keeping previous Theta
  [warn] glasso failed at iter 24: Non SPD result: the system is too ill-conditioned for this solver. The system is too ill-conditioned for this solver; keeping previous Theta
  [warn] glasso failed at iter 25: Non SPD result: the system is too ill-conditioned for this solver. The system is too ill-conditioned for this solver; keeping previous Theta
  [warn] glasso failed at iter 26: Non SPD result: the system is too ill-conditioned for this solver. The system is too ill-conditioned for this solver; keeping previous Theta
  [warn] glasso failed at iter 27: Non SPD result: the system is too ill-conditioned for this solver. The system is too ill-conditioned for this solver; keeping previous Theta
  [warn] glasso failed at iter 28: Non SPD result: the system is too ill-conditioned for this solver. The system is too ill-conditioned for this solver; keeping previous Theta
  [warn] glasso failed at iter 29: Non SPD result: the system is too ill-conditioned for this solver. The system is too ill-conditioned for this solver; keeping previous Theta
  [warn] glasso failed at iter 30: Non SPD result: the system is too ill-conditioned for this solver. The system is too ill-conditioned for this solver; keeping previous Theta
  [warn] glasso failed at iter 31: Non SPD result: the system is too ill-conditioned for this solver. The system is too ill-conditioned for this solver; keeping previous Theta
  [warn] glasso failed at iter 32: Non SPD result: the system is too ill-conditioned for this solver. The system is too ill-conditioned for this solver; keeping previous Theta
  [warn] glasso failed at iter 33: Non SPD result: the system is too ill-conditioned for this solver. The system is too ill-conditioned for this solver; keeping previous Theta
  [warn] glasso failed at iter 34: Non SPD result: the system is too ill-conditioned for this solver. The system is too ill-conditioned for this solver; keeping previous Theta
  [warn] glasso failed at iter 35: Non SPD result: the system is too ill-conditioned for this solver. The system is too ill-conditioned for this solver; keeping previous Theta
  [warn] glasso failed at iter 36: Non SPD result: the system is too ill-conditioned for this solver. The system is too ill-conditioned for this solver; keeping previous Theta
  [warn] glasso failed at iter 37: Non SPD result: the system is too ill-conditioned for this solver. The system is too ill-conditioned for this solver; keeping previous Theta
  [warn] glasso failed at iter 38: Non SPD result: the system is too ill-conditioned for this solver. The system is too ill-conditioned for this solver; keeping previous Theta
  [warn] glasso failed at iter 39: Non SPD result: the system is too ill-conditioned for this solver. The system is too ill-conditioned for this solver; keeping previous Theta
  [warn] glasso failed at iter 40: Non SPD result: the system is too ill-conditioned for this solver. The system is too ill-conditioned for this solver; keeping previous Theta
  [warn] glasso failed at iter 41: Non SPD result: the system is too ill-conditioned for this solver. The system is too ill-conditioned for this solver; keeping previous Theta
  [warn] glasso failed at iter 42: Non SPD result: the system is too ill-conditioned for this solver. The system is too ill-conditioned for this solver; keeping previous Theta
  [warn] glasso failed at iter 43: Non SPD result: the system is too ill-conditioned for this solver. The system is too ill-conditioned for this solver; keeping previous Theta
  [warn] glasso failed at iter 44: Non SPD result: the system is too ill-conditioned for this solver. The system is too ill-conditioned for this solver; keeping previous Theta
  [warn] glasso failed at iter 45: Non SPD result: the system is too ill-conditioned for this solver. The system is too ill-conditioned for this solver; keeping previous Theta
    fp=0.4455 tp=0.6667  [2.7s]  [STALE: glasso failed on 46 EM iters]  [nu->NU_MAX x1605]
   median nu  = 9.445
   median |eta| = 0.001
  rho=0.00000 (62/62)  [extra 42/50]
  [warn] glasso failed at iter 0: Non SPD result: the system is too ill-conditioned for this solver. The system is too ill-conditioned for this solver; keeping previous Theta
  [warn] glasso failed at iter 1: Non SPD result: the system is too ill-conditioned for this solver. The system is too ill-conditioned for this solver; keeping previous Theta
  [warn] glasso failed at iter 2: Non SPD result: the system is too ill-conditioned for this solver. The system is too ill-conditioned for this solver; keeping previous Theta
  [warn] glasso failed at iter 3: Non SPD result: the system is too ill-conditioned for this solver. The system is too ill-conditioned for this solver; keeping previous Theta
  [warn] glasso failed at iter 4: Non SPD result: the system is too ill-conditioned for this solver. The system is too ill-conditioned for this solver; keeping previous Theta
  [warn] glasso failed at iter 5: Non SPD result: the system is too ill-conditioned for this solver. The system is too ill-conditioned for this solver; keeping previous Theta
  [warn] glasso failed at iter 6: Non SPD result: the system is too ill-conditioned for this solver. The system is too ill-conditioned for this solver; keeping previous Theta
  [warn] glasso failed at iter 7: Non SPD result: the system is too ill-conditioned for this solver. The system is too ill-conditioned for this solver; keeping previous Theta
  [warn] glasso failed at iter 8: Non SPD result: the system is too ill-conditioned for this solver. The system is too ill-conditioned for this solver; keeping previous Theta
  [warn] glasso failed at iter 9: Non SPD result: the system is too ill-conditioned for this solver. The system is too ill-conditioned for this solver; keeping previous Theta
  [warn] glasso failed at iter 10: Non SPD result: the system is too ill-conditioned for this solver. The system is too ill-conditioned for this solver; keeping previous Theta
  [warn] glasso failed at iter 11: Non SPD result: the system is too ill-conditioned for this solver. The system is too ill-conditioned for this solver; keeping previous Theta
  [warn] glasso failed at iter 12: Non SPD result: the system is too ill-conditioned for this solver. The system is too ill-conditioned for this solver; keeping previous Theta
  [warn] glasso failed at iter 13: Non SPD result: the system is too ill-conditioned for this solver. The system is too ill-conditioned for this solver; keeping previous Theta
  [warn] glasso failed at iter 14: Non SPD result: the system is too ill-conditioned for this solver. The system is too ill-conditioned for this solver; keeping previous Theta
  [warn] glasso failed at iter 15: Non SPD result: the system is too ill-conditioned for this solver. The system is too ill-conditioned for this solver; keeping previous Theta
  [warn] glasso failed at iter 16: Non SPD result: the system is too ill-conditioned for this solver. The system is too ill-conditioned for this solver; keeping previous Theta
  [warn] glasso failed at iter 17: Non SPD result: the system is too ill-conditioned for this solver. The system is too ill-conditioned for this solver; keeping previous Theta
  [warn] glasso failed at iter 18: Non SPD result: the system is too ill-conditioned for this solver. The system is too ill-conditioned for this solver; keeping previous Theta
  [warn] glasso failed at iter 19: Non SPD result: the system is too ill-conditioned for this solver. The system is too ill-conditioned for this solver; keeping previous Theta
  [warn] glasso failed at iter 20: Non SPD result: the system is too ill-conditioned for this solver. The system is too ill-conditioned for this solver; keeping previous Theta
  [warn] glasso failed at iter 21: Non SPD result: the system is too ill-conditioned for this solver. The system is too ill-conditioned for this solver; keeping previous Theta
  [warn] glasso failed at iter 22: Non SPD result: the system is too ill-conditioned for this solver. The system is too ill-conditioned for this solver; keeping previous Theta
  [warn] glasso failed at iter 23: Non SPD result: the system is too ill-conditioned for this solver. The system is too ill-conditioned for this solver; keeping previous Theta
  [warn] glasso failed at iter 24: Non SPD result: the system is too ill-conditioned for this solver. The system is too ill-conditioned for this solver; keeping previous Theta
  [warn] glasso failed at iter 25: Non SPD result: the system is too ill-conditioned for this solver. The system is too ill-conditioned for this solver; keeping previous Theta
  [warn] glasso failed at iter 26: Non SPD result: the system is too ill-conditioned for this solver. The system is too ill-conditioned for this solver; keeping previous Theta
  [warn] glasso failed at iter 27: Non SPD result: the system is too ill-conditioned for this solver. The system is too ill-conditioned for this solver; keeping previous Theta
  [warn] glasso failed at iter 28: Non SPD result: the system is too ill-conditioned for this solver. The system is too ill-conditioned for this solver; keeping previous Theta
  [warn] glasso failed at iter 29: Non SPD result: the system is too ill-conditioned for this solver. The system is too ill-conditioned for this solver; keeping previous Theta
  [warn] glasso failed at iter 30: Non SPD result: the system is too ill-conditioned for this solver. The system is too ill-conditioned for this solver; keeping previous Theta
  [warn] glasso failed at iter 31: Non SPD result: the system is too ill-conditioned for this solver. The system is too ill-conditioned for this solver; keeping previous Theta
  [warn] glasso failed at iter 32: Non SPD result: the system is too ill-conditioned for this solver. The system is too ill-conditioned for this solver; keeping previous Theta
  [warn] glasso failed at iter 33: Non SPD result: the system is too ill-conditioned for this solver. The system is too ill-conditioned for this solver; keeping previous Theta
  [warn] glasso failed at iter 34: Non SPD result: the system is too ill-conditioned for this solver. The system is too ill-conditioned for this solver; keeping previous Theta
  [warn] glasso failed at iter 35: Non SPD result: the system is too ill-conditioned for this solver. The system is too ill-conditioned for this solver; keeping previous Theta
  [warn] glasso failed at iter 36: Non SPD result: the system is too ill-conditioned for this solver. The system is too ill-conditioned for this solver; keeping previous Theta
  [warn] glasso failed at iter 37: Non SPD result: the system is too ill-conditioned for this solver. The system is too ill-conditioned for this solver; keeping previous Theta
  [warn] glasso failed at iter 38: Non SPD result: the system is too ill-conditioned for this solver. The system is too ill-conditioned for this solver; keeping previous Theta
  [warn] glasso failed at iter 39: Non SPD result: the system is too ill-conditioned for this solver. The system is too ill-conditioned for this solver; keeping previous Theta
  [warn] glasso failed at iter 40: Non SPD result: the system is too ill-conditioned for this solver. The system is too ill-conditioned for this solver; keeping previous Theta
  [warn] glasso failed at iter 41: Non SPD result: the system is too ill-conditioned for this solver. The system is too ill-conditioned for this solver; keeping previous Theta
  [warn] glasso failed at iter 42: Non SPD result: the system is too ill-conditioned for this solver. The system is too ill-conditioned for this solver; keeping previous Theta
  [warn] glasso failed at iter 43: Non SPD result: the system is too ill-conditioned for this solver. The system is too ill-conditioned for this solver; keeping previous Theta
  [warn] glasso failed at iter 44: Non SPD result: the system is too ill-conditioned for this solver. The system is too ill-conditioned for this solver; keeping previous Theta
  [warn] glasso failed at iter 45: Non SPD result: the system is too ill-conditioned for this solver. The system is too ill-conditioned for this solver; keeping previous Theta
    fp=0.4455 tp=0.6667  [2.8s]  [STALE: glasso failed on 46 EM iters]  [nu->NU_MAX x1605]
   median nu  = 9.445
   median |eta| = 0.001
  rho=0.00000 (63/63)  [extra 43/50]
  [warn] glasso failed at iter 0: Non SPD result: the system is too ill-conditioned for this solver. The system is too ill-conditioned for this solver; keeping previous Theta
  [warn] glasso failed at iter 1: Non SPD result: the system is too ill-conditioned for this solver. The system is too ill-conditioned for this solver; keeping previous Theta
  [warn] glasso failed at iter 2: Non SPD result: the system is too ill-conditioned for this solver. The system is too ill-conditioned for this solver; keeping previous Theta
  [warn] glasso failed at iter 3: Non SPD result: the system is too ill-conditioned for this solver. The system is too ill-conditioned for this solver; keeping previous Theta
  [warn] glasso failed at iter 4: Non SPD result: the system is too ill-conditioned for this solver. The system is too ill-conditioned for this solver; keeping previous Theta
  [warn] glasso failed at iter 5: Non SPD result: the system is too ill-conditioned for this solver. The system is too ill-conditioned for this solver; keeping previous Theta
  [warn] glasso failed at iter 6: Non SPD result: the system is too ill-conditioned for this solver. The system is too ill-conditioned for this solver; keeping previous Theta
  [warn] glasso failed at iter 7: Non SPD result: the system is too ill-conditioned for this solver. The system is too ill-conditioned for this solver; keeping previous Theta
  [warn] glasso failed at iter 8: Non SPD result: the system is too ill-conditioned for this solver. The system is too ill-conditioned for this solver; keeping previous Theta
  [warn] glasso failed at iter 9: Non SPD result: the system is too ill-conditioned for this solver. The system is too ill-conditioned for this solver; keeping previous Theta
  [warn] glasso failed at iter 10: Non SPD result: the system is too ill-conditioned for this solver. The system is too ill-conditioned for this solver; keeping previous Theta
  [warn] glasso failed at iter 11: Non SPD result: the system is too ill-conditioned for this solver. The system is too ill-conditioned for this solver; keeping previous Theta
  [warn] glasso failed at iter 12: Non SPD result: the system is too ill-conditioned for this solver. The system is too ill-conditioned for this solver; keeping previous Theta
  [warn] glasso failed at iter 13: Non SPD result: the system is too ill-conditioned for this solver. The system is too ill-conditioned for this solver; keeping previous Theta
  [warn] glasso failed at iter 14: Non SPD result: the system is too ill-conditioned for this solver. The system is too ill-conditioned for this solver; keeping previous Theta
  [warn] glasso failed at iter 15: Non SPD result: the system is too ill-conditioned for this solver. The system is too ill-conditioned for this solver; keeping previous Theta
  [warn] glasso failed at iter 16: Non SPD result: the system is too ill-conditioned for this solver. The system is too ill-conditioned for this solver; keeping previous Theta
  [warn] glasso failed at iter 17: Non SPD result: the system is too ill-conditioned for this solver. The system is too ill-conditioned for this solver; keeping previous Theta
  [warn] glasso failed at iter 18: Non SPD result: the system is too ill-conditioned for this solver. The system is too ill-conditioned for this solver; keeping previous Theta
  [warn] glasso failed at iter 19: Non SPD result: the system is too ill-conditioned for this solver. The system is too ill-conditioned for this solver; keeping previous Theta
  [warn] glasso failed at iter 20: Non SPD result: the system is too ill-conditioned for this solver. The system is too ill-conditioned for this solver; keeping previous Theta
  [warn] glasso failed at iter 21: Non SPD result: the system is too ill-conditioned for this solver. The system is too ill-conditioned for this solver; keeping previous Theta
  [warn] glasso failed at iter 22: Non SPD result: the system is too ill-conditioned for this solver. The system is too ill-conditioned for this solver; keeping previous Theta
  [warn] glasso failed at iter 23: Non SPD result: the system is too ill-conditioned for this solver. The system is too ill-conditioned for this solver; keeping previous Theta
  [warn] glasso failed at iter 24: Non SPD result: the system is too ill-conditioned for this solver. The system is too ill-conditioned for this solver; keeping previous Theta
  [warn] glasso failed at iter 25: Non SPD result: the system is too ill-conditioned for this solver. The system is too ill-conditioned for this solver; keeping previous Theta
  [warn] glasso failed at iter 26: Non SPD result: the system is too ill-conditioned for this solver. The system is too ill-conditioned for this solver; keeping previous Theta
  [warn] glasso failed at iter 27: Non SPD result: the system is too ill-conditioned for this solver. The system is too ill-conditioned for this solver; keeping previous Theta
  [warn] glasso failed at iter 28: Non SPD result: the system is too ill-conditioned for this solver. The system is too ill-conditioned for this solver; keeping previous Theta
  [warn] glasso failed at iter 29: Non SPD result: the system is too ill-conditioned for this solver. The system is too ill-conditioned for this solver; keeping previous Theta
  [warn] glasso failed at iter 30: Non SPD result: the system is too ill-conditioned for this solver. The system is too ill-conditioned for this solver; keeping previous Theta
  [warn] glasso failed at iter 31: Non SPD result: the system is too ill-conditioned for this solver. The system is too ill-conditioned for this solver; keeping previous Theta
  [warn] glasso failed at iter 32: Non SPD result: the system is too ill-conditioned for this solver. The system is too ill-conditioned for this solver; keeping previous Theta
  [warn] glasso failed at iter 33: Non SPD result: the system is too ill-conditioned for this solver. The system is too ill-conditioned for this solver; keeping previous Theta
  [warn] glasso failed at iter 34: Non SPD result: the system is too ill-conditioned for this solver. The system is too ill-conditioned for this solver; keeping previous Theta
  [warn] glasso failed at iter 35: Non SPD result: the system is too ill-conditioned for this solver. The system is too ill-conditioned for this solver; keeping previous Theta
  [warn] glasso failed at iter 36: Non SPD result: the system is too ill-conditioned for this solver. The system is too ill-conditioned for this solver; keeping previous Theta
  [warn] glasso failed at iter 37: Non SPD result: the system is too ill-conditioned for this solver. The system is too ill-conditioned for this solver; keeping previous Theta
  [warn] glasso failed at iter 38: Non SPD result: the system is too ill-conditioned for this solver. The system is too ill-conditioned for this solver; keeping previous Theta
  [warn] glasso failed at iter 39: Non SPD result: the system is too ill-conditioned for this solver. The system is too ill-conditioned for this solver; keeping previous Theta
  [warn] glasso failed at iter 40: Non SPD result: the system is too ill-conditioned for this solver. The system is too ill-conditioned for this solver; keeping previous Theta
  [warn] glasso failed at iter 41: Non SPD result: the system is too ill-conditioned for this solver. The system is too ill-conditioned for this solver; keeping previous Theta
  [warn] glasso failed at iter 42: Non SPD result: the system is too ill-conditioned for this solver. The system is too ill-conditioned for this solver; keeping previous Theta
  [warn] glasso failed at iter 43: Non SPD result: the system is too ill-conditioned for this solver. The system is too ill-conditioned for this solver; keeping previous Theta
  [warn] glasso failed at iter 44: Non SPD result: the system is too ill-conditioned for this solver. The system is too ill-conditioned for this solver; keeping previous Theta
  [warn] glasso failed at iter 45: Non SPD result: the system is too ill-conditioned for this solver. The system is too ill-conditioned for this solver; keeping previous Theta
    fp=0.4455 tp=0.6667  [2.7s]  [STALE: glasso failed on 46 EM iters]  [nu->NU_MAX x1605]
   median nu  = 9.445
   median |eta| = 0.001
  rho=0.00000 (64/64)  [extra 44/50]
  [warn] glasso failed at iter 0: Non SPD result: the system is too ill-conditioned for this solver. The system is too ill-conditioned for this solver; keeping previous Theta
  [warn] glasso failed at iter 1: Non SPD result: the system is too ill-conditioned for this solver. The system is too ill-conditioned for this solver; keeping previous Theta
  [warn] glasso failed at iter 2: Non SPD result: the system is too ill-conditioned for this solver. The system is too ill-conditioned for this solver; keeping previous Theta
  [warn] glasso failed at iter 3: Non SPD result: the system is too ill-conditioned for this solver. The system is too ill-conditioned for this solver; keeping previous Theta
  [warn] glasso failed at iter 4: Non SPD result: the system is too ill-conditioned for this solver. The system is too ill-conditioned for this solver; keeping previous Theta
  [warn] glasso failed at iter 5: Non SPD result: the system is too ill-conditioned for this solver. The system is too ill-conditioned for this solver; keeping previous Theta
  [warn] glasso failed at iter 6: Non SPD result: the system is too ill-conditioned for this solver. The system is too ill-conditioned for this solver; keeping previous Theta
  [warn] glasso failed at iter 7: Non SPD result: the system is too ill-conditioned for this solver. The system is too ill-conditioned for this solver; keeping previous Theta
  [warn] glasso failed at iter 8: Non SPD result: the system is too ill-conditioned for this solver. The system is too ill-conditioned for this solver; keeping previous Theta
  [warn] glasso failed at iter 9: Non SPD result: the system is too ill-conditioned for this solver. The system is too ill-conditioned for this solver; keeping previous Theta
  [warn] glasso failed at iter 10: Non SPD result: the system is too ill-conditioned for this solver. The system is too ill-conditioned for this solver; keeping previous Theta
  [warn] glasso failed at iter 11: Non SPD result: the system is too ill-conditioned for this solver. The system is too ill-conditioned for this solver; keeping previous Theta
  [warn] glasso failed at iter 12: Non SPD result: the system is too ill-conditioned for this solver. The system is too ill-conditioned for this solver; keeping previous Theta
  [warn] glasso failed at iter 13: Non SPD result: the system is too ill-conditioned for this solver. The system is too ill-conditioned for this solver; keeping previous Theta
  [warn] glasso failed at iter 14: Non SPD result: the system is too ill-conditioned for this solver. The system is too ill-conditioned for this solver; keeping previous Theta
  [warn] glasso failed at iter 15: Non SPD result: the system is too ill-conditioned for this solver. The system is too ill-conditioned for this solver; keeping previous Theta
  [warn] glasso failed at iter 16: Non SPD result: the system is too ill-conditioned for this solver. The system is too ill-conditioned for this solver; keeping previous Theta
  [warn] glasso failed at iter 17: Non SPD result: the system is too ill-conditioned for this solver. The system is too ill-conditioned for this solver; keeping previous Theta
  [warn] glasso failed at iter 18: Non SPD result: the system is too ill-conditioned for this solver. The system is too ill-conditioned for this solver; keeping previous Theta
  [warn] glasso failed at iter 19: Non SPD result: the system is too ill-conditioned for this solver. The system is too ill-conditioned for this solver; keeping previous Theta
  [warn] glasso failed at iter 20: Non SPD result: the system is too ill-conditioned for this solver. The system is too ill-conditioned for this solver; keeping previous Theta
  [warn] glasso failed at iter 21: Non SPD result: the system is too ill-conditioned for this solver. The system is too ill-conditioned for this solver; keeping previous Theta
  [warn] glasso failed at iter 22: Non SPD result: the system is too ill-conditioned for this solver. The system is too ill-conditioned for this solver; keeping previous Theta
  [warn] glasso failed at iter 23: Non SPD result: the system is too ill-conditioned for this solver. The system is too ill-conditioned for this solver; keeping previous Theta
  [warn] glasso failed at iter 24: Non SPD result: the system is too ill-conditioned for this solver. The system is too ill-conditioned for this solver; keeping previous Theta
  [warn] glasso failed at iter 25: Non SPD result: the system is too ill-conditioned for this solver. The system is too ill-conditioned for this solver; keeping previous Theta
  [warn] glasso failed at iter 26: Non SPD result: the system is too ill-conditioned for this solver. The system is too ill-conditioned for this solver; keeping previous Theta
  [warn] glasso failed at iter 27: Non SPD result: the system is too ill-conditioned for this solver. The system is too ill-conditioned for this solver; keeping previous Theta
  [warn] glasso failed at iter 28: Non SPD result: the system is too ill-conditioned for this solver. The system is too ill-conditioned for this solver; keeping previous Theta
  [warn] glasso failed at iter 29: Non SPD result: the system is too ill-conditioned for this solver. The system is too ill-conditioned for this solver; keeping previous Theta
  [warn] glasso failed at iter 30: Non SPD result: the system is too ill-conditioned for this solver. The system is too ill-conditioned for this solver; keeping previous Theta
  [warn] glasso failed at iter 31: Non SPD result: the system is too ill-conditioned for this solver. The system is too ill-conditioned for this solver; keeping previous Theta
  [warn] glasso failed at iter 32: Non SPD result: the system is too ill-conditioned for this solver. The system is too ill-conditioned for this solver; keeping previous Theta
  [warn] glasso failed at iter 33: Non SPD result: the system is too ill-conditioned for this solver. The system is too ill-conditioned for this solver; keeping previous Theta
  [warn] glasso failed at iter 34: Non SPD result: the system is too ill-conditioned for this solver. The system is too ill-conditioned for this solver; keeping previous Theta
  [warn] glasso failed at iter 35: Non SPD result: the system is too ill-conditioned for this solver. The system is too ill-conditioned for this solver; keeping previous Theta
  [warn] glasso failed at iter 36: Non SPD result: the system is too ill-conditioned for this solver. The system is too ill-conditioned for this solver; keeping previous Theta
  [warn] glasso failed at iter 37: Non SPD result: the system is too ill-conditioned for this solver. The system is too ill-conditioned for this solver; keeping previous Theta
  [warn] glasso failed at iter 38: Non SPD result: the system is too ill-conditioned for this solver. The system is too ill-conditioned for this solver; keeping previous Theta
  [warn] glasso failed at iter 39: Non SPD result: the system is too ill-conditioned for this solver. The system is too ill-conditioned for this solver; keeping previous Theta
  [warn] glasso failed at iter 40: Non SPD result: the system is too ill-conditioned for this solver. The system is too ill-conditioned for this solver; keeping previous Theta
  [warn] glasso failed at iter 41: Non SPD result: the system is too ill-conditioned for this solver. The system is too ill-conditioned for this solver; keeping previous Theta
  [warn] glasso failed at iter 42: Non SPD result: the system is too ill-conditioned for this solver. The system is too ill-conditioned for this solver; keeping previous Theta
  [warn] glasso failed at iter 43: Non SPD result: the system is too ill-conditioned for this solver. The system is too ill-conditioned for this solver; keeping previous Theta
  [warn] glasso failed at iter 44: Non SPD result: the system is too ill-conditioned for this solver. The system is too ill-conditioned for this solver; keeping previous Theta
  [warn] glasso failed at iter 45: Non SPD result: the system is too ill-conditioned for this solver. The system is too ill-conditioned for this solver; keeping previous Theta
    fp=0.4455 tp=0.6667  [2.7s]  [STALE: glasso failed on 46 EM iters]  [nu->NU_MAX x1605]
   median nu  = 9.445
   median |eta| = 0.001
  rho=0.00000 (65/65)  [extra 45/50]
  [warn] glasso failed at iter 0: Non SPD result: the system is too ill-conditioned for this solver. The system is too ill-conditioned for this solver; keeping previous Theta
  [warn] glasso failed at iter 1: Non SPD result: the system is too ill-conditioned for this solver. The system is too ill-conditioned for this solver; keeping previous Theta
  [warn] glasso failed at iter 2: Non SPD result: the system is too ill-conditioned for this solver. The system is too ill-conditioned for this solver; keeping previous Theta
  [warn] glasso failed at iter 3: Non SPD result: the system is too ill-conditioned for this solver. The system is too ill-conditioned for this solver; keeping previous Theta
  [warn] glasso failed at iter 4: Non SPD result: the system is too ill-conditioned for this solver. The system is too ill-conditioned for this solver; keeping previous Theta
  [warn] glasso failed at iter 5: Non SPD result: the system is too ill-conditioned for this solver. The system is too ill-conditioned for this solver; keeping previous Theta
  [warn] glasso failed at iter 6: Non SPD result: the system is too ill-conditioned for this solver. The system is too ill-conditioned for this solver; keeping previous Theta
  [warn] glasso failed at iter 7: Non SPD result: the system is too ill-conditioned for this solver. The system is too ill-conditioned for this solver; keeping previous Theta
  [warn] glasso failed at iter 8: Non SPD result: the system is too ill-conditioned for this solver. The system is too ill-conditioned for this solver; keeping previous Theta
  [warn] glasso failed at iter 9: Non SPD result: the system is too ill-conditioned for this solver. The system is too ill-conditioned for this solver; keeping previous Theta
  [warn] glasso failed at iter 10: Non SPD result: the system is too ill-conditioned for this solver. The system is too ill-conditioned for this solver; keeping previous Theta
  [warn] glasso failed at iter 11: Non SPD result: the system is too ill-conditioned for this solver. The system is too ill-conditioned for this solver; keeping previous Theta
  [warn] glasso failed at iter 12: Non SPD result: the system is too ill-conditioned for this solver. The system is too ill-conditioned for this solver; keeping previous Theta
  [warn] glasso failed at iter 13: Non SPD result: the system is too ill-conditioned for this solver. The system is too ill-conditioned for this solver; keeping previous Theta
  [warn] glasso failed at iter 14: Non SPD result: the system is too ill-conditioned for this solver. The system is too ill-conditioned for this solver; keeping previous Theta
  [warn] glasso failed at iter 15: Non SPD result: the system is too ill-conditioned for this solver. The system is too ill-conditioned for this solver; keeping previous Theta
  [warn] glasso failed at iter 16: Non SPD result: the system is too ill-conditioned for this solver. The system is too ill-conditioned for this solver; keeping previous Theta
  [warn] glasso failed at iter 17: Non SPD result: the system is too ill-conditioned for this solver. The system is too ill-conditioned for this solver; keeping previous Theta
  [warn] glasso failed at iter 18: Non SPD result: the system is too ill-conditioned for this solver. The system is too ill-conditioned for this solver; keeping previous Theta
  [warn] glasso failed at iter 19: Non SPD result: the system is too ill-conditioned for this solver. The system is too ill-conditioned for this solver; keeping previous Theta
  [warn] glasso failed at iter 20: Non SPD result: the system is too ill-conditioned for this solver. The system is too ill-conditioned for this solver; keeping previous Theta
  [warn] glasso failed at iter 21: Non SPD result: the system is too ill-conditioned for this solver. The system is too ill-conditioned for this solver; keeping previous Theta
  [warn] glasso failed at iter 22: Non SPD result: the system is too ill-conditioned for this solver. The system is too ill-conditioned for this solver; keeping previous Theta
  [warn] glasso failed at iter 23: Non SPD result: the system is too ill-conditioned for this solver. The system is too ill-conditioned for this solver; keeping previous Theta
  [warn] glasso failed at iter 24: Non SPD result: the system is too ill-conditioned for this solver. The system is too ill-conditioned for this solver; keeping previous Theta
  [warn] glasso failed at iter 25: Non SPD result: the system is too ill-conditioned for this solver. The system is too ill-conditioned for this solver; keeping previous Theta
  [warn] glasso failed at iter 26: Non SPD result: the system is too ill-conditioned for this solver. The system is too ill-conditioned for this solver; keeping previous Theta
  [warn] glasso failed at iter 27: Non SPD result: the system is too ill-conditioned for this solver. The system is too ill-conditioned for this solver; keeping previous Theta
  [warn] glasso failed at iter 28: Non SPD result: the system is too ill-conditioned for this solver. The system is too ill-conditioned for this solver; keeping previous Theta
  [warn] glasso failed at iter 29: Non SPD result: the system is too ill-conditioned for this solver. The system is too ill-conditioned for this solver; keeping previous Theta
  [warn] glasso failed at iter 30: Non SPD result: the system is too ill-conditioned for this solver. The system is too ill-conditioned for this solver; keeping previous Theta
  [warn] glasso failed at iter 31: Non SPD result: the system is too ill-conditioned for this solver. The system is too ill-conditioned for this solver; keeping previous Theta
  [warn] glasso failed at iter 32: Non SPD result: the system is too ill-conditioned for this solver. The system is too ill-conditioned for this solver; keeping previous Theta
  [warn] glasso failed at iter 33: Non SPD result: the system is too ill-conditioned for this solver. The system is too ill-conditioned for this solver; keeping previous Theta
  [warn] glasso failed at iter 34: Non SPD result: the system is too ill-conditioned for this solver. The system is too ill-conditioned for this solver; keeping previous Theta
  [warn] glasso failed at iter 35: Non SPD result: the system is too ill-conditioned for this solver. The system is too ill-conditioned for this solver; keeping previous Theta
  [warn] glasso failed at iter 36: Non SPD result: the system is too ill-conditioned for this solver. The system is too ill-conditioned for this solver; keeping previous Theta
  [warn] glasso failed at iter 37: Non SPD result: the system is too ill-conditioned for this solver. The system is too ill-conditioned for this solver; keeping previous Theta
  [warn] glasso failed at iter 38: Non SPD result: the system is too ill-conditioned for this solver. The system is too ill-conditioned for this solver; keeping previous Theta
  [warn] glasso failed at iter 39: Non SPD result: the system is too ill-conditioned for this solver. The system is too ill-conditioned for this solver; keeping previous Theta
  [warn] glasso failed at iter 40: Non SPD result: the system is too ill-conditioned for this solver. The system is too ill-conditioned for this solver; keeping previous Theta
  [warn] glasso failed at iter 41: Non SPD result: the system is too ill-conditioned for this solver. The system is too ill-conditioned for this solver; keeping previous Theta
  [warn] glasso failed at iter 42: Non SPD result: the system is too ill-conditioned for this solver. The system is too ill-conditioned for this solver; keeping previous Theta
  [warn] glasso failed at iter 43: Non SPD result: the system is too ill-conditioned for this solver. The system is too ill-conditioned for this solver; keeping previous Theta
  [warn] glasso failed at iter 44: Non SPD result: the system is too ill-conditioned for this solver. The system is too ill-conditioned for this solver; keeping previous Theta
  [warn] glasso failed at iter 45: Non SPD result: the system is too ill-conditioned for this solver. The system is too ill-conditioned for this solver; keeping previous Theta
    fp=0.4455 tp=0.6667  [2.7s]  [STALE: glasso failed on 46 EM iters]  [nu->NU_MAX x1605]
   median nu  = 9.445
   median |eta| = 0.001
  rho=0.00000 (66/66)  [extra 46/50]
  [warn] glasso failed at iter 0: Non SPD result: the system is too ill-conditioned for this solver. The system is too ill-conditioned for this solver; keeping previous Theta
  [warn] glasso failed at iter 1: Non SPD result: the system is too ill-conditioned for this solver. The system is too ill-conditioned for this solver; keeping previous Theta
  [warn] glasso failed at iter 2: Non SPD result: the system is too ill-conditioned for this solver. The system is too ill-conditioned for this solver; keeping previous Theta
  [warn] glasso failed at iter 3: Non SPD result: the system is too ill-conditioned for this solver. The system is too ill-conditioned for this solver; keeping previous Theta
  [warn] glasso failed at iter 4: Non SPD result: the system is too ill-conditioned for this solver. The system is too ill-conditioned for this solver; keeping previous Theta
  [warn] glasso failed at iter 5: Non SPD result: the system is too ill-conditioned for this solver. The system is too ill-conditioned for this solver; keeping previous Theta
  [warn] glasso failed at iter 6: Non SPD result: the system is too ill-conditioned for this solver. The system is too ill-conditioned for this solver; keeping previous Theta
  [warn] glasso failed at iter 7: Non SPD result: the system is too ill-conditioned for this solver. The system is too ill-conditioned for this solver; keeping previous Theta
  [warn] glasso failed at iter 8: Non SPD result: the system is too ill-conditioned for this solver. The system is too ill-conditioned for this solver; keeping previous Theta
  [warn] glasso failed at iter 9: Non SPD result: the system is too ill-conditioned for this solver. The system is too ill-conditioned for this solver; keeping previous Theta
  [warn] glasso failed at iter 10: Non SPD result: the system is too ill-conditioned for this solver. The system is too ill-conditioned for this solver; keeping previous Theta
  [warn] glasso failed at iter 11: Non SPD result: the system is too ill-conditioned for this solver. The system is too ill-conditioned for this solver; keeping previous Theta
  [warn] glasso failed at iter 12: Non SPD result: the system is too ill-conditioned for this solver. The system is too ill-conditioned for this solver; keeping previous Theta
  [warn] glasso failed at iter 13: Non SPD result: the system is too ill-conditioned for this solver. The system is too ill-conditioned for this solver; keeping previous Theta
  [warn] glasso failed at iter 14: Non SPD result: the system is too ill-conditioned for this solver. The system is too ill-conditioned for this solver; keeping previous Theta
  [warn] glasso failed at iter 15: Non SPD result: the system is too ill-conditioned for this solver. The system is too ill-conditioned for this solver; keeping previous Theta
  [warn] glasso failed at iter 16: Non SPD result: the system is too ill-conditioned for this solver. The system is too ill-conditioned for this solver; keeping previous Theta
  [warn] glasso failed at iter 17: Non SPD result: the system is too ill-conditioned for this solver. The system is too ill-conditioned for this solver; keeping previous Theta
  [warn] glasso failed at iter 18: Non SPD result: the system is too ill-conditioned for this solver. The system is too ill-conditioned for this solver; keeping previous Theta
  [warn] glasso failed at iter 19: Non SPD result: the system is too ill-conditioned for this solver. The system is too ill-conditioned for this solver; keeping previous Theta
  [warn] glasso failed at iter 20: Non SPD result: the system is too ill-conditioned for this solver. The system is too ill-conditioned for this solver; keeping previous Theta
  [warn] glasso failed at iter 21: Non SPD result: the system is too ill-conditioned for this solver. The system is too ill-conditioned for this solver; keeping previous Theta
  [warn] glasso failed at iter 22: Non SPD result: the system is too ill-conditioned for this solver. The system is too ill-conditioned for this solver; keeping previous Theta
  [warn] glasso failed at iter 23: Non SPD result: the system is too ill-conditioned for this solver. The system is too ill-conditioned for this solver; keeping previous Theta
  [warn] glasso failed at iter 24: Non SPD result: the system is too ill-conditioned for this solver. The system is too ill-conditioned for this solver; keeping previous Theta
  [warn] glasso failed at iter 25: Non SPD result: the system is too ill-conditioned for this solver. The system is too ill-conditioned for this solver; keeping previous Theta
  [warn] glasso failed at iter 26: Non SPD result: the system is too ill-conditioned for this solver. The system is too ill-conditioned for this solver; keeping previous Theta
  [warn] glasso failed at iter 27: Non SPD result: the system is too ill-conditioned for this solver. The system is too ill-conditioned for this solver; keeping previous Theta
  [warn] glasso failed at iter 28: Non SPD result: the system is too ill-conditioned for this solver. The system is too ill-conditioned for this solver; keeping previous Theta
  [warn] glasso failed at iter 29: Non SPD result: the system is too ill-conditioned for this solver. The system is too ill-conditioned for this solver; keeping previous Theta
  [warn] glasso failed at iter 30: Non SPD result: the system is too ill-conditioned for this solver. The system is too ill-conditioned for this solver; keeping previous Theta
  [warn] glasso failed at iter 31: Non SPD result: the system is too ill-conditioned for this solver. The system is too ill-conditioned for this solver; keeping previous Theta
  [warn] glasso failed at iter 32: Non SPD result: the system is too ill-conditioned for this solver. The system is too ill-conditioned for this solver; keeping previous Theta
  [warn] glasso failed at iter 33: Non SPD result: the system is too ill-conditioned for this solver. The system is too ill-conditioned for this solver; keeping previous Theta
  [warn] glasso failed at iter 34: Non SPD result: the system is too ill-conditioned for this solver. The system is too ill-conditioned for this solver; keeping previous Theta
  [warn] glasso failed at iter 35: Non SPD result: the system is too ill-conditioned for this solver. The system is too ill-conditioned for this solver; keeping previous Theta
  [warn] glasso failed at iter 36: Non SPD result: the system is too ill-conditioned for this solver. The system is too ill-conditioned for this solver; keeping previous Theta
  [warn] glasso failed at iter 37: Non SPD result: the system is too ill-conditioned for this solver. The system is too ill-conditioned for this solver; keeping previous Theta
  [warn] glasso failed at iter 38: Non SPD result: the system is too ill-conditioned for this solver. The system is too ill-conditioned for this solver; keeping previous Theta
  [warn] glasso failed at iter 39: Non SPD result: the system is too ill-conditioned for this solver. The system is too ill-conditioned for this solver; keeping previous Theta
  [warn] glasso failed at iter 40: Non SPD result: the system is too ill-conditioned for this solver. The system is too ill-conditioned for this solver; keeping previous Theta
  [warn] glasso failed at iter 41: Non SPD result: the system is too ill-conditioned for this solver. The system is too ill-conditioned for this solver; keeping previous Theta
  [warn] glasso failed at iter 42: Non SPD result: the system is too ill-conditioned for this solver. The system is too ill-conditioned for this solver; keeping previous Theta
  [warn] glasso failed at iter 43: Non SPD result: the system is too ill-conditioned for this solver. The system is too ill-conditioned for this solver; keeping previous Theta
  [warn] glasso failed at iter 44: Non SPD result: the system is too ill-conditioned for this solver. The system is too ill-conditioned for this solver; keeping previous Theta
  [warn] glasso failed at iter 45: Non SPD result: the system is too ill-conditioned for this solver. The system is too ill-conditioned for this solver; keeping previous Theta
    fp=0.4455 tp=0.6667  [2.7s]  [STALE: glasso failed on 46 EM iters]  [nu->NU_MAX x1605]
   median nu  = 9.445
   median |eta| = 0.001
  rho=0.00000 (67/67)  [extra 47/50]
  [warn] glasso failed at iter 0: Non SPD result: the system is too ill-conditioned for this solver. The system is too ill-conditioned for this solver; keeping previous Theta
  [warn] glasso failed at iter 1: Non SPD result: the system is too ill-conditioned for this solver. The system is too ill-conditioned for this solver; keeping previous Theta
  [warn] glasso failed at iter 2: Non SPD result: the system is too ill-conditioned for this solver. The system is too ill-conditioned for this solver; keeping previous Theta
  [warn] glasso failed at iter 3: Non SPD result: the system is too ill-conditioned for this solver. The system is too ill-conditioned for this solver; keeping previous Theta
  [warn] glasso failed at iter 4: Non SPD result: the system is too ill-conditioned for this solver. The system is too ill-conditioned for this solver; keeping previous Theta
  [warn] glasso failed at iter 5: Non SPD result: the system is too ill-conditioned for this solver. The system is too ill-conditioned for this solver; keeping previous Theta
  [warn] glasso failed at iter 6: Non SPD result: the system is too ill-conditioned for this solver. The system is too ill-conditioned for this solver; keeping previous Theta
  [warn] glasso failed at iter 7: Non SPD result: the system is too ill-conditioned for this solver. The system is too ill-conditioned for this solver; keeping previous Theta
  [warn] glasso failed at iter 8: Non SPD result: the system is too ill-conditioned for this solver. The system is too ill-conditioned for this solver; keeping previous Theta
  [warn] glasso failed at iter 9: Non SPD result: the system is too ill-conditioned for this solver. The system is too ill-conditioned for this solver; keeping previous Theta
  [warn] glasso failed at iter 10: Non SPD result: the system is too ill-conditioned for this solver. The system is too ill-conditioned for this solver; keeping previous Theta
  [warn] glasso failed at iter 11: Non SPD result: the system is too ill-conditioned for this solver. The system is too ill-conditioned for this solver; keeping previous Theta
  [warn] glasso failed at iter 12: Non SPD result: the system is too ill-conditioned for this solver. The system is too ill-conditioned for this solver; keeping previous Theta
  [warn] glasso failed at iter 13: Non SPD result: the system is too ill-conditioned for this solver. The system is too ill-conditioned for this solver; keeping previous Theta
  [warn] glasso failed at iter 14: Non SPD result: the system is too ill-conditioned for this solver. The system is too ill-conditioned for this solver; keeping previous Theta
  [warn] glasso failed at iter 15: Non SPD result: the system is too ill-conditioned for this solver. The system is too ill-conditioned for this solver; keeping previous Theta
  [warn] glasso failed at iter 16: Non SPD result: the system is too ill-conditioned for this solver. The system is too ill-conditioned for this solver; keeping previous Theta
  [warn] glasso failed at iter 17: Non SPD result: the system is too ill-conditioned for this solver. The system is too ill-conditioned for this solver; keeping previous Theta
  [warn] glasso failed at iter 18: Non SPD result: the system is too ill-conditioned for this solver. The system is too ill-conditioned for this solver; keeping previous Theta
  [warn] glasso failed at iter 19: Non SPD result: the system is too ill-conditioned for this solver. The system is too ill-conditioned for this solver; keeping previous Theta
  [warn] glasso failed at iter 20: Non SPD result: the system is too ill-conditioned for this solver. The system is too ill-conditioned for this solver; keeping previous Theta
  [warn] glasso failed at iter 21: Non SPD result: the system is too ill-conditioned for this solver. The system is too ill-conditioned for this solver; keeping previous Theta
  [warn] glasso failed at iter 22: Non SPD result: the system is too ill-conditioned for this solver. The system is too ill-conditioned for this solver; keeping previous Theta
  [warn] glasso failed at iter 23: Non SPD result: the system is too ill-conditioned for this solver. The system is too ill-conditioned for this solver; keeping previous Theta
  [warn] glasso failed at iter 24: Non SPD result: the system is too ill-conditioned for this solver. The system is too ill-conditioned for this solver; keeping previous Theta
  [warn] glasso failed at iter 25: Non SPD result: the system is too ill-conditioned for this solver. The system is too ill-conditioned for this solver; keeping previous Theta
  [warn] glasso failed at iter 26: Non SPD result: the system is too ill-conditioned for this solver. The system is too ill-conditioned for this solver; keeping previous Theta
  [warn] glasso failed at iter 27: Non SPD result: the system is too ill-conditioned for this solver. The system is too ill-conditioned for this solver; keeping previous Theta
  [warn] glasso failed at iter 28: Non SPD result: the system is too ill-conditioned for this solver. The system is too ill-conditioned for this solver; keeping previous Theta
  [warn] glasso failed at iter 29: Non SPD result: the system is too ill-conditioned for this solver. The system is too ill-conditioned for this solver; keeping previous Theta
  [warn] glasso failed at iter 30: Non SPD result: the system is too ill-conditioned for this solver. The system is too ill-conditioned for this solver; keeping previous Theta
  [warn] glasso failed at iter 31: Non SPD result: the system is too ill-conditioned for this solver. The system is too ill-conditioned for this solver; keeping previous Theta
  [warn] glasso failed at iter 32: Non SPD result: the system is too ill-conditioned for this solver. The system is too ill-conditioned for this solver; keeping previous Theta
  [warn] glasso failed at iter 33: Non SPD result: the system is too ill-conditioned for this solver. The system is too ill-conditioned for this solver; keeping previous Theta
  [warn] glasso failed at iter 34: Non SPD result: the system is too ill-conditioned for this solver. The system is too ill-conditioned for this solver; keeping previous Theta
  [warn] glasso failed at iter 35: Non SPD result: the system is too ill-conditioned for this solver. The system is too ill-conditioned for this solver; keeping previous Theta
  [warn] glasso failed at iter 36: Non SPD result: the system is too ill-conditioned for this solver. The system is too ill-conditioned for this solver; keeping previous Theta
  [warn] glasso failed at iter 37: Non SPD result: the system is too ill-conditioned for this solver. The system is too ill-conditioned for this solver; keeping previous Theta
  [warn] glasso failed at iter 38: Non SPD result: the system is too ill-conditioned for this solver. The system is too ill-conditioned for this solver; keeping previous Theta
  [warn] glasso failed at iter 39: Non SPD result: the system is too ill-conditioned for this solver. The system is too ill-conditioned for this solver; keeping previous Theta
  [warn] glasso failed at iter 40: Non SPD result: the system is too ill-conditioned for this solver. The system is too ill-conditioned for this solver; keeping previous Theta
  [warn] glasso failed at iter 41: Non SPD result: the system is too ill-conditioned for this solver. The system is too ill-conditioned for this solver; keeping previous Theta
  [warn] glasso failed at iter 42: Non SPD result: the system is too ill-conditioned for this solver. The system is too ill-conditioned for this solver; keeping previous Theta
  [warn] glasso failed at iter 43: Non SPD result: the system is too ill-conditioned for this solver. The system is too ill-conditioned for this solver; keeping previous Theta
  [warn] glasso failed at iter 44: Non SPD result: the system is too ill-conditioned for this solver. The system is too ill-conditioned for this solver; keeping previous Theta
  [warn] glasso failed at iter 45: Non SPD result: the system is too ill-conditioned for this solver. The system is too ill-conditioned for this solver; keeping previous Theta
    fp=0.4455 tp=0.6667  [2.7s]  [STALE: glasso failed on 46 EM iters]  [nu->NU_MAX x1605]
   median nu  = 9.445
   median |eta| = 0.001
  rho=0.00000 (68/68)  [extra 48/50]
  [warn] glasso failed at iter 0: Non SPD result: the system is too ill-conditioned for this solver. The system is too ill-conditioned for this solver; keeping previous Theta
  [warn] glasso failed at iter 1: Non SPD result: the system is too ill-conditioned for this solver. The system is too ill-conditioned for this solver; keeping previous Theta
  [warn] glasso failed at iter 2: Non SPD result: the system is too ill-conditioned for this solver. The system is too ill-conditioned for this solver; keeping previous Theta
  [warn] glasso failed at iter 3: Non SPD result: the system is too ill-conditioned for this solver. The system is too ill-conditioned for this solver; keeping previous Theta
  [warn] glasso failed at iter 4: Non SPD result: the system is too ill-conditioned for this solver. The system is too ill-conditioned for this solver; keeping previous Theta
  [warn] glasso failed at iter 5: Non SPD result: the system is too ill-conditioned for this solver. The system is too ill-conditioned for this solver; keeping previous Theta
  [warn] glasso failed at iter 6: Non SPD result: the system is too ill-conditioned for this solver. The system is too ill-conditioned for this solver; keeping previous Theta
  [warn] glasso failed at iter 7: Non SPD result: the system is too ill-conditioned for this solver. The system is too ill-conditioned for this solver; keeping previous Theta
  [warn] glasso failed at iter 8: Non SPD result: the system is too ill-conditioned for this solver. The system is too ill-conditioned for this solver; keeping previous Theta
  [warn] glasso failed at iter 9: Non SPD result: the system is too ill-conditioned for this solver. The system is too ill-conditioned for this solver; keeping previous Theta
  [warn] glasso failed at iter 10: Non SPD result: the system is too ill-conditioned for this solver. The system is too ill-conditioned for this solver; keeping previous Theta
  [warn] glasso failed at iter 11: Non SPD result: the system is too ill-conditioned for this solver. The system is too ill-conditioned for this solver; keeping previous Theta
  [warn] glasso failed at iter 12: Non SPD result: the system is too ill-conditioned for this solver. The system is too ill-conditioned for this solver; keeping previous Theta
  [warn] glasso failed at iter 13: Non SPD result: the system is too ill-conditioned for this solver. The system is too ill-conditioned for this solver; keeping previous Theta
  [warn] glasso failed at iter 14: Non SPD result: the system is too ill-conditioned for this solver. The system is too ill-conditioned for this solver; keeping previous Theta
  [warn] glasso failed at iter 15: Non SPD result: the system is too ill-conditioned for this solver. The system is too ill-conditioned for this solver; keeping previous Theta
  [warn] glasso failed at iter 16: Non SPD result: the system is too ill-conditioned for this solver. The system is too ill-conditioned for this solver; keeping previous Theta
  [warn] glasso failed at iter 17: Non SPD result: the system is too ill-conditioned for this solver. The system is too ill-conditioned for this solver; keeping previous Theta
  [warn] glasso failed at iter 18: Non SPD result: the system is too ill-conditioned for this solver. The system is too ill-conditioned for this solver; keeping previous Theta
  [warn] glasso failed at iter 19: Non SPD result: the system is too ill-conditioned for this solver. The system is too ill-conditioned for this solver; keeping previous Theta
  [warn] glasso failed at iter 20: Non SPD result: the system is too ill-conditioned for this solver. The system is too ill-conditioned for this solver; keeping previous Theta
  [warn] glasso failed at iter 21: Non SPD result: the system is too ill-conditioned for this solver. The system is too ill-conditioned for this solver; keeping previous Theta
  [warn] glasso failed at iter 22: Non SPD result: the system is too ill-conditioned for this solver. The system is too ill-conditioned for this solver; keeping previous Theta
  [warn] glasso failed at iter 23: Non SPD result: the system is too ill-conditioned for this solver. The system is too ill-conditioned for this solver; keeping previous Theta
  [warn] glasso failed at iter 24: Non SPD result: the system is too ill-conditioned for this solver. The system is too ill-conditioned for this solver; keeping previous Theta
  [warn] glasso failed at iter 25: Non SPD result: the system is too ill-conditioned for this solver. The system is too ill-conditioned for this solver; keeping previous Theta
  [warn] glasso failed at iter 26: Non SPD result: the system is too ill-conditioned for this solver. The system is too ill-conditioned for this solver; keeping previous Theta
  [warn] glasso failed at iter 27: Non SPD result: the system is too ill-conditioned for this solver. The system is too ill-conditioned for this solver; keeping previous Theta
  [warn] glasso failed at iter 28: Non SPD result: the system is too ill-conditioned for this solver. The system is too ill-conditioned for this solver; keeping previous Theta
  [warn] glasso failed at iter 29: Non SPD result: the system is too ill-conditioned for this solver. The system is too ill-conditioned for this solver; keeping previous Theta
  [warn] glasso failed at iter 30: Non SPD result: the system is too ill-conditioned for this solver. The system is too ill-conditioned for this solver; keeping previous Theta
  [warn] glasso failed at iter 31: Non SPD result: the system is too ill-conditioned for this solver. The system is too ill-conditioned for this solver; keeping previous Theta
  [warn] glasso failed at iter 32: Non SPD result: the system is too ill-conditioned for this solver. The system is too ill-conditioned for this solver; keeping previous Theta
  [warn] glasso failed at iter 33: Non SPD result: the system is too ill-conditioned for this solver. The system is too ill-conditioned for this solver; keeping previous Theta
  [warn] glasso failed at iter 34: Non SPD result: the system is too ill-conditioned for this solver. The system is too ill-conditioned for this solver; keeping previous Theta
  [warn] glasso failed at iter 35: Non SPD result: the system is too ill-conditioned for this solver. The system is too ill-conditioned for this solver; keeping previous Theta
  [warn] glasso failed at iter 36: Non SPD result: the system is too ill-conditioned for this solver. The system is too ill-conditioned for this solver; keeping previous Theta
  [warn] glasso failed at iter 37: Non SPD result: the system is too ill-conditioned for this solver. The system is too ill-conditioned for this solver; keeping previous Theta
  [warn] glasso failed at iter 38: Non SPD result: the system is too ill-conditioned for this solver. The system is too ill-conditioned for this solver; keeping previous Theta
  [warn] glasso failed at iter 39: Non SPD result: the system is too ill-conditioned for this solver. The system is too ill-conditioned for this solver; keeping previous Theta
  [warn] glasso failed at iter 40: Non SPD result: the system is too ill-conditioned for this solver. The system is too ill-conditioned for this solver; keeping previous Theta
  [warn] glasso failed at iter 41: Non SPD result: the system is too ill-conditioned for this solver. The system is too ill-conditioned for this solver; keeping previous Theta
  [warn] glasso failed at iter 42: Non SPD result: the system is too ill-conditioned for this solver. The system is too ill-conditioned for this solver; keeping previous Theta
  [warn] glasso failed at iter 43: Non SPD result: the system is too ill-conditioned for this solver. The system is too ill-conditioned for this solver; keeping previous Theta
  [warn] glasso failed at iter 44: Non SPD result: the system is too ill-conditioned for this solver. The system is too ill-conditioned for this solver; keeping previous Theta
  [warn] glasso failed at iter 45: Non SPD result: the system is too ill-conditioned for this solver. The system is too ill-conditioned for this solver; keeping previous Theta
    fp=0.4455 tp=0.6667  [2.7s]  [STALE: glasso failed on 46 EM iters]  [nu->NU_MAX x1605]
   median nu  = 9.445
   median |eta| = 0.001
  rho=0.00000 (69/69)  [extra 49/50]
  [warn] glasso failed at iter 0: Non SPD result: the system is too ill-conditioned for this solver. The system is too ill-conditioned for this solver; keeping previous Theta
  [warn] glasso failed at iter 1: Non SPD result: the system is too ill-conditioned for this solver. The system is too ill-conditioned for this solver; keeping previous Theta
  [warn] glasso failed at iter 2: Non SPD result: the system is too ill-conditioned for this solver. The system is too ill-conditioned for this solver; keeping previous Theta
  [warn] glasso failed at iter 3: Non SPD result: the system is too ill-conditioned for this solver. The system is too ill-conditioned for this solver; keeping previous Theta
  [warn] glasso failed at iter 4: Non SPD result: the system is too ill-conditioned for this solver. The system is too ill-conditioned for this solver; keeping previous Theta
  [warn] glasso failed at iter 5: Non SPD result: the system is too ill-conditioned for this solver. The system is too ill-conditioned for this solver; keeping previous Theta
  [warn] glasso failed at iter 6: Non SPD result: the system is too ill-conditioned for this solver. The system is too ill-conditioned for this solver; keeping previous Theta
  [warn] glasso failed at iter 7: Non SPD result: the system is too ill-conditioned for this solver. The system is too ill-conditioned for this solver; keeping previous Theta
  [warn] glasso failed at iter 8: Non SPD result: the system is too ill-conditioned for this solver. The system is too ill-conditioned for this solver; keeping previous Theta
  [warn] glasso failed at iter 9: Non SPD result: the system is too ill-conditioned for this solver. The system is too ill-conditioned for this solver; keeping previous Theta
  [warn] glasso failed at iter 10: Non SPD result: the system is too ill-conditioned for this solver. The system is too ill-conditioned for this solver; keeping previous Theta
  [warn] glasso failed at iter 11: Non SPD result: the system is too ill-conditioned for this solver. The system is too ill-conditioned for this solver; keeping previous Theta
  [warn] glasso failed at iter 12: Non SPD result: the system is too ill-conditioned for this solver. The system is too ill-conditioned for this solver; keeping previous Theta
  [warn] glasso failed at iter 13: Non SPD result: the system is too ill-conditioned for this solver. The system is too ill-conditioned for this solver; keeping previous Theta
  [warn] glasso failed at iter 14: Non SPD result: the system is too ill-conditioned for this solver. The system is too ill-conditioned for this solver; keeping previous Theta
  [warn] glasso failed at iter 15: Non SPD result: the system is too ill-conditioned for this solver. The system is too ill-conditioned for this solver; keeping previous Theta
  [warn] glasso failed at iter 16: Non SPD result: the system is too ill-conditioned for this solver. The system is too ill-conditioned for this solver; keeping previous Theta
  [warn] glasso failed at iter 17: Non SPD result: the system is too ill-conditioned for this solver. The system is too ill-conditioned for this solver; keeping previous Theta
  [warn] glasso failed at iter 18: Non SPD result: the system is too ill-conditioned for this solver. The system is too ill-conditioned for this solver; keeping previous Theta
  [warn] glasso failed at iter 19: Non SPD result: the system is too ill-conditioned for this solver. The system is too ill-conditioned for this solver; keeping previous Theta
  [warn] glasso failed at iter 20: Non SPD result: the system is too ill-conditioned for this solver. The system is too ill-conditioned for this solver; keeping previous Theta
  [warn] glasso failed at iter 21: Non SPD result: the system is too ill-conditioned for this solver. The system is too ill-conditioned for this solver; keeping previous Theta
  [warn] glasso failed at iter 22: Non SPD result: the system is too ill-conditioned for this solver. The system is too ill-conditioned for this solver; keeping previous Theta
  [warn] glasso failed at iter 23: Non SPD result: the system is too ill-conditioned for this solver. The system is too ill-conditioned for this solver; keeping previous Theta
  [warn] glasso failed at iter 24: Non SPD result: the system is too ill-conditioned for this solver. The system is too ill-conditioned for this solver; keeping previous Theta
  [warn] glasso failed at iter 25: Non SPD result: the system is too ill-conditioned for this solver. The system is too ill-conditioned for this solver; keeping previous Theta
  [warn] glasso failed at iter 26: Non SPD result: the system is too ill-conditioned for this solver. The system is too ill-conditioned for this solver; keeping previous Theta
  [warn] glasso failed at iter 27: Non SPD result: the system is too ill-conditioned for this solver. The system is too ill-conditioned for this solver; keeping previous Theta
  [warn] glasso failed at iter 28: Non SPD result: the system is too ill-conditioned for this solver. The system is too ill-conditioned for this solver; keeping previous Theta
  [warn] glasso failed at iter 29: Non SPD result: the system is too ill-conditioned for this solver. The system is too ill-conditioned for this solver; keeping previous Theta
  [warn] glasso failed at iter 30: Non SPD result: the system is too ill-conditioned for this solver. The system is too ill-conditioned for this solver; keeping previous Theta
  [warn] glasso failed at iter 31: Non SPD result: the system is too ill-conditioned for this solver. The system is too ill-conditioned for this solver; keeping previous Theta
  [warn] glasso failed at iter 32: Non SPD result: the system is too ill-conditioned for this solver. The system is too ill-conditioned for this solver; keeping previous Theta
  [warn] glasso failed at iter 33: Non SPD result: the system is too ill-conditioned for this solver. The system is too ill-conditioned for this solver; keeping previous Theta
  [warn] glasso failed at iter 34: Non SPD result: the system is too ill-conditioned for this solver. The system is too ill-conditioned for this solver; keeping previous Theta
  [warn] glasso failed at iter 35: Non SPD result: the system is too ill-conditioned for this solver. The system is too ill-conditioned for this solver; keeping previous Theta
  [warn] glasso failed at iter 36: Non SPD result: the system is too ill-conditioned for this solver. The system is too ill-conditioned for this solver; keeping previous Theta
  [warn] glasso failed at iter 37: Non SPD result: the system is too ill-conditioned for this solver. The system is too ill-conditioned for this solver; keeping previous Theta
  [warn] glasso failed at iter 38: Non SPD result: the system is too ill-conditioned for this solver. The system is too ill-conditioned for this solver; keeping previous Theta
  [warn] glasso failed at iter 39: Non SPD result: the system is too ill-conditioned for this solver. The system is too ill-conditioned for this solver; keeping previous Theta
  [warn] glasso failed at iter 40: Non SPD result: the system is too ill-conditioned for this solver. The system is too ill-conditioned for this solver; keeping previous Theta
  [warn] glasso failed at iter 41: Non SPD result: the system is too ill-conditioned for this solver. The system is too ill-conditioned for this solver; keeping previous Theta
  [warn] glasso failed at iter 42: Non SPD result: the system is too ill-conditioned for this solver. The system is too ill-conditioned for this solver; keeping previous Theta
  [warn] glasso failed at iter 43: Non SPD result: the system is too ill-conditioned for this solver. The system is too ill-conditioned for this solver; keeping previous Theta
  [warn] glasso failed at iter 44: Non SPD result: the system is too ill-conditioned for this solver. The system is too ill-conditioned for this solver; keeping previous Theta
  [warn] glasso failed at iter 45: Non SPD result: the system is too ill-conditioned for this solver. The system is too ill-conditioned for this solver; keeping previous Theta
    fp=0.4455 tp=0.6667  [2.8s]  [STALE: glasso failed on 46 EM iters]  [nu->NU_MAX x1605]
   median nu  = 9.445
   median |eta| = 0.001
  rho=0.00000 (70/70)  [extra 50/50]
  [warn] glasso failed at iter 0: Non SPD result: the system is too ill-conditioned for this solver. The system is too ill-conditioned for this solver; keeping previous Theta
  [warn] glasso failed at iter 1: Non SPD result: the system is too ill-conditioned for this solver. The system is too ill-conditioned for this solver; keeping previous Theta
  [warn] glasso failed at iter 2: Non SPD result: the system is too ill-conditioned for this solver. The system is too ill-conditioned for this solver; keeping previous Theta
  [warn] glasso failed at iter 3: Non SPD result: the system is too ill-conditioned for this solver. The system is too ill-conditioned for this solver; keeping previous Theta
  [warn] glasso failed at iter 4: Non SPD result: the system is too ill-conditioned for this solver. The system is too ill-conditioned for this solver; keeping previous Theta
  [warn] glasso failed at iter 5: Non SPD result: the system is too ill-conditioned for this solver. The system is too ill-conditioned for this solver; keeping previous Theta
  [warn] glasso failed at iter 6: Non SPD result: the system is too ill-conditioned for this solver. The system is too ill-conditioned for this solver; keeping previous Theta
  [warn] glasso failed at iter 7: Non SPD result: the system is too ill-conditioned for this solver. The system is too ill-conditioned for this solver; keeping previous Theta
  [warn] glasso failed at iter 8: Non SPD result: the system is too ill-conditioned for this solver. The system is too ill-conditioned for this solver; keeping previous Theta
  [warn] glasso failed at iter 9: Non SPD result: the system is too ill-conditioned for this solver. The system is too ill-conditioned for this solver; keeping previous Theta
  [warn] glasso failed at iter 10: Non SPD result: the system is too ill-conditioned for this solver. The system is too ill-conditioned for this solver; keeping previous Theta
  [warn] glasso failed at iter 11: Non SPD result: the system is too ill-conditioned for this solver. The system is too ill-conditioned for this solver; keeping previous Theta
  [warn] glasso failed at iter 12: Non SPD result: the system is too ill-conditioned for this solver. The system is too ill-conditioned for this solver; keeping previous Theta
  [warn] glasso failed at iter 13: Non SPD result: the system is too ill-conditioned for this solver. The system is too ill-conditioned for this solver; keeping previous Theta
  [warn] glasso failed at iter 14: Non SPD result: the system is too ill-conditioned for this solver. The system is too ill-conditioned for this solver; keeping previous Theta
  [warn] glasso failed at iter 15: Non SPD result: the system is too ill-conditioned for this solver. The system is too ill-conditioned for this solver; keeping previous Theta
  [warn] glasso failed at iter 16: Non SPD result: the system is too ill-conditioned for this solver. The system is too ill-conditioned for this solver; keeping previous Theta
  [warn] glasso failed at iter 17: Non SPD result: the system is too ill-conditioned for this solver. The system is too ill-conditioned for this solver; keeping previous Theta
  [warn] glasso failed at iter 18: Non SPD result: the system is too ill-conditioned for this solver. The system is too ill-conditioned for this solver; keeping previous Theta
  [warn] glasso failed at iter 19: Non SPD result: the system is too ill-conditioned for this solver. The system is too ill-conditioned for this solver; keeping previous Theta
  [warn] glasso failed at iter 20: Non SPD result: the system is too ill-conditioned for this solver. The system is too ill-conditioned for this solver; keeping previous Theta
  [warn] glasso failed at iter 21: Non SPD result: the system is too ill-conditioned for this solver. The system is too ill-conditioned for this solver; keeping previous Theta
  [warn] glasso failed at iter 22: Non SPD result: the system is too ill-conditioned for this solver. The system is too ill-conditioned for this solver; keeping previous Theta
  [warn] glasso failed at iter 23: Non SPD result: the system is too ill-conditioned for this solver. The system is too ill-conditioned for this solver; keeping previous Theta
  [warn] glasso failed at iter 24: Non SPD result: the system is too ill-conditioned for this solver. The system is too ill-conditioned for this solver; keeping previous Theta
  [warn] glasso failed at iter 25: Non SPD result: the system is too ill-conditioned for this solver. The system is too ill-conditioned for this solver; keeping previous Theta
  [warn] glasso failed at iter 26: Non SPD result: the system is too ill-conditioned for this solver. The system is too ill-conditioned for this solver; keeping previous Theta
  [warn] glasso failed at iter 27: Non SPD result: the system is too ill-conditioned for this solver. The system is too ill-conditioned for this solver; keeping previous Theta
  [warn] glasso failed at iter 28: Non SPD result: the system is too ill-conditioned for this solver. The system is too ill-conditioned for this solver; keeping previous Theta
  [warn] glasso failed at iter 29: Non SPD result: the system is too ill-conditioned for this solver. The system is too ill-conditioned for this solver; keeping previous Theta
  [warn] glasso failed at iter 30: Non SPD result: the system is too ill-conditioned for this solver. The system is too ill-conditioned for this solver; keeping previous Theta
  [warn] glasso failed at iter 31: Non SPD result: the system is too ill-conditioned for this solver. The system is too ill-conditioned for this solver; keeping previous Theta
  [warn] glasso failed at iter 32: Non SPD result: the system is too ill-conditioned for this solver. The system is too ill-conditioned for this solver; keeping previous Theta
  [warn] glasso failed at iter 33: Non SPD result: the system is too ill-conditioned for this solver. The system is too ill-conditioned for this solver; keeping previous Theta
  [warn] glasso failed at iter 34: Non SPD result: the system is too ill-conditioned for this solver. The system is too ill-conditioned for this solver; keeping previous Theta
  [warn] glasso failed at iter 35: Non SPD result: the system is too ill-conditioned for this solver. The system is too ill-conditioned for this solver; keeping previous Theta
  [warn] glasso failed at iter 36: Non SPD result: the system is too ill-conditioned for this solver. The system is too ill-conditioned for this solver; keeping previous Theta
  [warn] glasso failed at iter 37: Non SPD result: the system is too ill-conditioned for this solver. The system is too ill-conditioned for this solver; keeping previous Theta
  [warn] glasso failed at iter 38: Non SPD result: the system is too ill-conditioned for this solver. The system is too ill-conditioned for this solver; keeping previous Theta
  [warn] glasso failed at iter 39: Non SPD result: the system is too ill-conditioned for this solver. The system is too ill-conditioned for this solver; keeping previous Theta
  [warn] glasso failed at iter 40: Non SPD result: the system is too ill-conditioned for this solver. The system is too ill-conditioned for this solver; keeping previous Theta
  [warn] glasso failed at iter 41: Non SPD result: the system is too ill-conditioned for this solver. The system is too ill-conditioned for this solver; keeping previous Theta
  [warn] glasso failed at iter 42: Non SPD result: the system is too ill-conditioned for this solver. The system is too ill-conditioned for this solver; keeping previous Theta
  [warn] glasso failed at iter 43: Non SPD result: the system is too ill-conditioned for this solver. The system is too ill-conditioned for this solver; keeping previous Theta
  [warn] glasso failed at iter 44: Non SPD result: the system is too ill-conditioned for this solver. The system is too ill-conditioned for this solver; keeping previous Theta
  [warn] glasso failed at iter 45: Non SPD result: the system is too ill-conditioned for this solver. The system is too ill-conditioned for this solver; keeping previous Theta
    fp=0.4455 tp=0.6667  [2.8s]  [STALE: glasso failed on 46 EM iters]  [nu->NU_MAX x1605]
   median nu  = 9.445
   median |eta| = 0.001
  [note] 54/70 fits hit a glasso ConvergenceWarning (suppressed)
  [WARN] 53/70 points came from a fit whose glasso failed; those Thetas are stale, not estimates
  [warn] FPR stalled at 0.4455 < fp_end=0.5 after 50 extra fits (cap max_extra=50); the curve stops short of fp_end
  grid extended by 50 points down to rho=0.00000, ending at FPR 0.4455
  [warn] AUC integrates to fp_end=0.5 but the curve stops at FPR 0.4455; TPR held flat above that
  graphical_lasso rho_max = max|S_ij| (off-diag) = 2.36976
  rho grid: [2.36975796 1.85969119 1.4594112  1.14528749 0.89877578 0.70532325
 0.55350945 0.43437206 0.34087781 0.26750726 0.20992899 0.16474387
 0.12928439 0.10145722 0.07961956 0.06248224 0.04903356 0.03847958
 0.03019723 0.02369758]
Running graphical_lasso over 20 rho values, extending until FPR >= 0.5...
  rho=2.36976 (1/20)
    fp=0.0000 tp=0.0000  [0.0s]
  rho=1.85969 (2/20)
    fp=0.0002 tp=0.0000  [5.0s]
  rho=1.45941 (3/20)
    fp=0.0002 tp=0.0000  [0.0s]
  rho=1.14529 (4/20)
    fp=0.0008 tp=0.0000  [0.0s]
  rho=0.89878 (5/20)
    fp=0.0016 tp=0.0000  [0.0s]
  rho=0.70532 (6/20)
    fp=0.0053 tp=0.0238  [5.0s]
  rho=0.55351 (7/20)
    fp=0.0144 tp=0.0476  [0.0s]
  rho=0.43437 (8/20)
    fp=0.0327 tp=0.1310  [5.1s]
  rho=0.34088 (9/20)
    fp=0.0631 tp=0.3571  [0.0s]
  rho=0.26751 (10/20)
    fp=0.1108 tp=0.4881  [0.0s]
  rho=0.20993 (11/20)
    fp=0.1697 tp=0.5833  [0.0s]
  rho=0.16474 (12/20)
    fp=0.2376 tp=0.6667  [0.0s]
  rho=0.12928 (13/20)
    fp=0.3111 tp=0.7738  [0.1s]
  rho=0.10146 (14/20)
    fp=0.3857 tp=0.8095  [0.1s]
  rho=0.07962 (15/20)
    fp=0.4464 tp=0.8095  [0.1s]
  rho=0.06248 (16/20)
    fp=0.5037 tp=0.8452  [0.1s]
  FPR 0.5037 >= fp_end=0.5; stopping after 16 fits
  [note] 3/16 fits hit a glasso ConvergenceWarning (suppressed)
  grid stopped 4 points early at rho=0.06248, ending at FPR 0.5037
  [warn] mean_roc averages out to FPR 0.500 but the shortest replicate only reached 0.446; its TPR is held flat above that
  [warn] mean_roc averages out to FPR 0.500 but the shortest replicate only reached 0.493; its TPR is held flat above that

(p=100, n=50) over 1 replicates
  Asymmetric model (Diagonal): AUC = 0.346 (SE 0.000)
  Asymmetric model (Exact):    AUC = 0.302 (SE 0.000)
  Classical t-model (TLASSO): AUC = 0.307 (SE 0.000)
  Alternative t-model (TSTAR_VARLASSO): AUC = 0.321 (SE 0.000)
  Naive Gaussian glasso (GGM): AUC = 0.309 (SE 0.000)
Replicate 2/50
  Theta: 108/4950 edges
  pilot fit of run_tlasso at rho=0.30349
  [warn] glasso failed at iter 10: Non SPD result: the system is too ill-conditioned for this solver. The system is too ill-conditioned for this solver; keeping previous Theta
  [warn] glasso failed at iter 11: Non SPD result: the system is too ill-conditioned for this solver. The system is too ill-conditioned for this solver; keeping previous Theta
  [warn] glasso failed at iter 12: Non SPD result: the system is too ill-conditioned for this solver. The system is too ill-conditioned for this solver; keeping previous Theta
  -> rho_max = max|S_ij| (off-diag) = 140.16329
  [note] pilot fit hit a glasso ConvergenceWarning (suppressed)
  rho grid: [140.16328868 109.99453827  86.31931059  67.73993962  53.15959301
  41.71752063  32.73824025  25.69166045  20.16178669  15.82216313
  12.41660027   9.74405086   7.64674106   6.00085629   4.7092318
   3.69561661   2.90017198   2.27593888   1.78606573   1.40163289]
Running run_tlasso over 20 rho values, extending until FPR >= 0.5...
  rho=140.16329 (1/20)
    fp=0.0165 tp=0.1296  [0.1s]
   nu  = 0.1000
  rho=109.99454 (2/20)
    fp=0.0370 tp=0.2500  [0.1s]
   nu  = 0.1000
  rho=86.31931 (3/20)
    fp=0.0735 tp=0.3796  [0.2s]
   nu  = 0.1000
  rho=67.73994 (4/20)
    fp=0.1270 tp=0.4907  [0.3s]
   nu  = 0.1000
  rho=53.15959 (5/20)
    fp=0.2233 tp=0.6296  [0.3s]
   nu  = 0.1000
  rho=41.71752 (6/20)
    fp=0.3141 tp=0.7130  [0.4s]
   nu  = 0.1000
  rho=32.73824 (7/20)
    fp=0.3926 tp=0.7778  [0.4s]
   nu  = 0.1000
  rho=25.69166 (8/20)
    fp=0.4661 tp=0.7870  [0.5s]
   nu  = 0.1000
  rho=20.16179 (9/20)
    fp=0.5246 tp=0.7963  [0.6s]
   nu  = 0.1000
  FPR 0.5246 >= fp_end=0.5; stopping after 9 fits
  grid stopped 11 points early at rho=20.16179, ending at FPR 0.5246
  pilot fit of run_tstar_varlasso at rho=0.30349
  -> rho_max = max|S_ij| (off-diag) = 0.75486
  rho grid: [0.75486278 0.59238609 0.46488089 0.36481992 0.28629607 0.22467369
 0.17631492 0.13836489 0.10858323 0.08521177 0.06687079 0.05247752
 0.04118225 0.03231818 0.02536202 0.0199031  0.01561915 0.01225729
 0.00961903 0.00754863]
Running run_tstar_varlasso over 20 rho values, extending until FPR >= 0.5...
  rho=0.75486 (1/20)
    fp=0.0008 tp=0.0093  [1.2s]
   nu  = 46.4395
  rho=0.59239 (2/20)
    fp=0.0019 tp=0.0463  [1.3s]
   nu  = 35.9507
  rho=0.46488 (3/20)
    fp=0.0066 tp=0.0833  [1.2s]
   nu  = 27.2431
  rho=0.36482 (4/20)
    fp=0.0157 tp=0.1852  [1.3s]
   nu  = 20.5776
  rho=0.28630 (5/20)
    fp=0.0349 tp=0.3148  [1.3s]
   nu  = 15.6290
  rho=0.22467 (6/20)
    fp=0.0628 tp=0.4444  [1.0s]
   nu  = 11.9168
  rho=0.17631 (7/20)
    fp=0.0948 tp=0.4907  [0.8s]
   nu  = 9.1851
  rho=0.13836 (8/20)
    fp=0.1369 tp=0.5833  [0.9s]
   nu  = 7.1747
  rho=0.10858 (9/20)
    fp=0.1764 tp=0.6759  [0.7s]
   nu  = 5.6937
  rho=0.08521 (10/20)
    fp=0.2181 tp=0.7130  [0.6s]
   nu  = 4.6000
  rho=0.06687 (11/20)
    fp=0.2489 tp=0.7315  [0.5s]
   nu  = 3.7826
  rho=0.05248 (12/20)
    fp=0.2807 tp=0.7500  [0.3s]
   nu  = 3.1618
  rho=0.04118 (13/20)
    fp=0.3086 tp=0.7685  [0.4s]
   nu  = 2.6806
  rho=0.03232 (14/20)
    fp=0.3352 tp=0.7870  [0.4s]
   nu  = 2.3007
  rho=0.02536 (15/20)
    fp=0.3622 tp=0.8056  [0.4s]
   nu  = 1.9954
  rho=0.01990 (16/20)
    fp=0.3905 tp=0.8148  [0.4s]
   nu  = 1.7463
  rho=0.01562 (17/20)
    fp=0.4141 tp=0.8333  [0.6s]
   nu  = 1.5404
  rho=0.01226 (18/20)
    fp=0.4360 tp=0.8333  [0.7s]
   nu  = 1.3686
  rho=0.00962 (19/20)
    fp=0.4506 tp=0.8056  [0.8s]
   nu  = 1.2238
  rho=0.00755 (20/20)
  [warn] glasso failed at iter 1: Non SPD result: the system is too ill-conditioned for this solver. The system is too ill-conditioned for this solver; keeping previous Theta
  [warn] glasso failed at iter 2: Non SPD result: the system is too ill-conditioned for this solver. The system is too ill-conditioned for this solver; keeping previous Theta
  [warn] glasso failed at iter 3: Non SPD result: the system is too ill-conditioned for this solver. The system is too ill-conditioned for this solver; keeping previous Theta
    fp=0.4647 tp=0.8056  [1.1s]  [STALE: glasso failed on 3 EM iters]
   nu  = 1.1005
  rho=0.00592 (21/21)  [extra 1/50]
  [warn] glasso failed at iter 0: Non SPD result: the system is too ill-conditioned for this solver. The system is too ill-conditioned for this solver; keeping previous Theta
  [warn] glasso failed at iter 7: Non SPD result: the system is too ill-conditioned for this solver. The system is too ill-conditioned for this solver; keeping previous Theta
    fp=0.4740 tp=0.8148  [1.7s]  [STALE: glasso failed on 2 EM iters]
   nu  = 0.9942
  rho=0.00465 (22/22)  [extra 2/50]
    fp=0.4831 tp=0.8148  [1.5s]
   nu  = 0.9020
  rho=0.00365 (23/23)  [extra 3/50]
  [warn] glasso failed at iter 5: Non SPD result: the system is too ill-conditioned for this solver. The system is too ill-conditioned for this solver; keeping previous Theta
    fp=0.4903 tp=0.8426  [1.0s]  [STALE: glasso failed on 1 EM iters]
   nu  = 0.8218
  rho=0.00286 (24/24)  [extra 4/50]
  [warn] glasso failed at iter 2: Non SPD result: the system is too ill-conditioned for this solver. The system is too ill-conditioned for this solver; keeping previous Theta
  [warn] glasso failed at iter 25: Non SPD result: the system is too ill-conditioned for this solver. The system is too ill-conditioned for this solver; keeping previous Theta
    fp=0.4957 tp=0.8426  [0.5s]  [STALE: glasso failed on 2 EM iters]
   nu  = 0.7525
  rho=0.00225 (25/25)  [extra 5/50]
  [warn] glasso failed at iter 7: Non SPD result: the system is too ill-conditioned for this solver. The system is too ill-conditioned for this solver; keeping previous Theta
    fp=0.4994 tp=0.8426  [1.6s]  [STALE: glasso failed on 1 EM iters]
   nu  = 0.6911
  rho=0.00176 (26/26)  [extra 6/50]
    fp=0.5012 tp=0.8333  [3.3s]
   nu  = 0.6373
  FPR 0.5012 >= fp_end=0.5; stopping after 26 fits
  [note] 8/26 fits hit a glasso ConvergenceWarning (suppressed)
  [WARN] 5/26 points came from a fit whose glasso failed; those Thetas are stale, not estimates
  grid extended by 6 points down to rho=0.00176, ending at FPR 0.5012
  pilot fit of run_em_diagonal at rho=0.30349
  -> rho_max = max|S_ij| (off-diag) = 0.56505
  rho grid: [0.5650458  0.44342533 0.34798245 0.2730827  0.21430437 0.16817749
 0.13197896 0.10357181 0.08127901 0.06378451 0.05005553 0.03928158
 0.03082661 0.02419149 0.01898451 0.01489829 0.01169158 0.00917508
 0.00720024 0.00565046]
Running run_em_diagonal over 20 rho values, extending until FPR >= 0.5...
  rho=0.56505 (1/20)
    fp=0.0002 tp=0.0278  [7.6s]
   median nu  = 0.055
   median |eta| = 4.762
  rho=0.44343 (2/20)
    fp=0.0017 tp=0.0648  [7.6s]
   median nu  = 0.073
   median |eta| = 4.511
  rho=0.34798 (3/20)
    fp=0.0050 tp=0.2037  [7.6s]
   median nu  = 0.099
   median |eta| = 4.575
  rho=0.27308 (4/20)
    fp=0.0157 tp=0.3148  [7.6s]
   median nu  = 0.138
   median |eta| = 3.683
  rho=0.21430 (5/20)
    fp=0.0394 tp=0.4167  [7.9s]
   median nu  = 0.187
   median |eta| = 2.954
  rho=0.16818 (6/20)
    fp=0.0698 tp=0.5185  [7.5s]
   median nu  = 0.241
   median |eta| = 2.291
  rho=0.13198 (7/20)
    fp=0.1016 tp=0.5926  [8.1s]
   median nu  = 0.285
   median |eta| = 2.024
  rho=0.10357 (8/20)
    fp=0.1318 tp=0.6389  [7.8s]
   median nu  = 0.324
   median |eta| = 1.888
  rho=0.08128 (9/20)
    fp=0.1683 tp=0.6944  [7.5s]
   median nu  = 0.358
   median |eta| = 1.982
  rho=0.06378 (10/20)
    fp=0.2012 tp=0.7593  [6.8s]
   median nu  = 0.366
   median |eta| = 2.454
  rho=0.05006 (11/20)
    fp=0.2346 tp=0.7870  [6.9s]
   median nu  = 0.391
   median |eta| = 2.346
  rho=0.03928 (12/20)
    fp=0.2557 tp=0.7870  [6.8s]
   median nu  = 0.393
   median |eta| = 2.458
  rho=0.03083 (13/20)
    fp=0.2827 tp=0.8148  [6.6s]
   median nu  = 0.465
   median |eta| = 2.46
  rho=0.02419 (14/20)
    fp=0.3011 tp=0.7870  [6.0s]
   median nu  = 0.426
   median |eta| = 2.547
  rho=0.01898 (15/20)
    fp=0.3232 tp=0.7963  [6.2s]
   median nu  = 0.391
   median |eta| = 3.089
  rho=0.01490 (16/20)
    fp=0.3420 tp=0.8056  [5.8s]
   median nu  = 0.474
   median |eta| = 2.78
  rho=0.01169 (17/20)
    fp=0.3651 tp=0.8148  [6.2s]
   median nu  = 0.382
   median |eta| = 3.323
  rho=0.00918 (18/20)
    fp=0.3709 tp=0.8056  [5.9s]
   median nu  = 0.417
   median |eta| = 3.085
  rho=0.00720 (19/20)
    fp=0.3959 tp=0.8148  [6.3s]
   median nu  = 0.621
   median |eta| = 1.51
  rho=0.00565 (20/20)
    fp=0.4062 tp=0.7778  [6.1s]
   median nu  = 0.604
   median |eta| = 1.628
  rho=0.00443 (21/21)  [extra 1/50]
    fp=0.4203 tp=0.8056  [6.3s]
   median nu  = 1.252
   median |eta| = 0.34
  rho=0.00348 (22/22)  [extra 2/50]
    fp=0.4300 tp=0.8148  [6.2s]
   median nu  = 0.58
   median |eta| = 1.878
  rho=0.00273 (23/23)  [extra 3/50]
    fp=0.4370 tp=0.7870  [6.6s]
   median nu  = 1.979
   median |eta| = 0.029
  rho=0.00214 (24/24)  [extra 4/50]
    fp=0.4511 tp=0.8148  [6.4s]
   median nu  = 0.567
   median |eta| = 2.1
  rho=0.00168 (25/25)  [extra 5/50]
    fp=0.4585 tp=0.7963  [6.7s]
   median nu  = 2.782
   median |eta| = 0.01
  rho=0.00132 (26/26)  [extra 6/50]
    fp=0.4682 tp=0.8148  [6.7s]  [nu->NU_MAX x3]
   median nu  = 0.672
   median |eta| = 1.827
  rho=0.00104 (27/27)  [extra 7/50]
    fp=0.4783 tp=0.7870  [6.5s]  [nu->NU_MAX x31]
   median nu  = 3.047
   median |eta| = 0.008
  rho=0.00081 (28/28)  [extra 8/50]
    fp=0.4913 tp=0.8241  [6.7s]  [nu->NU_MAX x184]
   median nu  = 2.156
   median |eta| = 0.823
  rho=0.00064 (29/29)  [extra 9/50]
    fp=0.5002 tp=0.8056  [6.1s]  [nu->NU_MAX x354]
   median nu  = 3.567
   median |eta| = 0.004
  FPR 0.5002 >= fp_end=0.5; stopping after 29 fits
  [note] 13/29 fits hit a glasso ConvergenceWarning (suppressed)
  grid extended by 9 points down to rho=0.00064, ending at FPR 0.5002
  pilot fit of run_em_exact at rho=0.30349
  -> rho_max = max|S_ij| (off-diag) = 0.58667
  rho grid: [0.58666819 0.46039371 0.36129856 0.28353265 0.22250507 0.17461307
 0.13702935 0.10753515 0.08438928 0.06622533 0.05197099 0.04078475
 0.03200624 0.02511722 0.01971099 0.01546839 0.01213898 0.00952618
 0.00747577 0.00586668]
Running run_em_exact over 20 rho values, extending until FPR >= 0.5...
  rho=0.58667 (1/20)
    fp=0.0000 tp=0.0185  [7.6s]
   median nu  = 0.053
   median |eta| = 4.77
  rho=0.46039 (2/20)
    fp=0.0012 tp=0.0648  [8.0s]
   median nu  = 0.069
   median |eta| = 4.212
  rho=0.36130 (3/20)
    fp=0.0045 tp=0.1667  [8.3s]
   median nu  = 0.094
   median |eta| = 3.892
  rho=0.28353 (4/20)
    fp=0.0132 tp=0.2870  [8.0s]
   median nu  = 0.145
   median |eta| = 2.569
  rho=0.22251 (5/20)
    fp=0.0401 tp=0.4167  [7.7s]
   median nu  = 0.226
   median |eta| = 1.555
  rho=0.17461 (6/20)
    fp=0.0770 tp=0.4907  [7.0s]
   median nu  = 0.33
   median |eta| = 1.01
  rho=0.13703 (7/20)
    fp=0.1150 tp=0.5926  [6.4s]
   median nu  = 0.45
   median |eta| = 0.595
  rho=0.10754 (8/20)
    fp=0.1578 tp=0.6296  [5.9s]
   median nu  = 0.593
   median |eta| = 0.318
  rho=0.08439 (9/20)
    fp=0.1999 tp=0.6944  [5.7s]
   median nu  = 0.745
   median |eta| = 0.192
  rho=0.06623 (10/20)
    fp=0.2381 tp=0.7222  [5.8s]
   median nu  = 0.939
   median |eta| = 0.109
  rho=0.05197 (11/20)
    fp=0.2747 tp=0.7778  [5.3s]
   median nu  = 1.144
   median |eta| = 0.061
  rho=0.04078 (12/20)
    fp=0.3067 tp=0.7963  [4.1s]
   median nu  = 1.39
   median |eta| = 0.035
  rho=0.03201 (13/20)
    fp=0.3358 tp=0.8056  [2.8s]
   median nu  = 1.649
   median |eta| = 0.019
  rho=0.02512 (14/20)
    fp=0.3658 tp=0.8056  [1.8s]
   median nu  = 1.943
   median |eta| = 0.01
  rho=0.01971 (15/20)
    fp=0.3856 tp=0.8148  [1.7s]
   median nu  = 2.252
   median |eta| = 0.005
  rho=0.01547 (16/20)
    fp=0.4031 tp=0.8241  [4.3s]
   median nu  = 2.596
   median |eta| = 0.003
  rho=0.01214 (17/20)
    fp=0.4071 tp=0.8148  [6.1s]
   median nu  = 2.964
   median |eta| = 0.001
  rho=0.00953 (18/20)
  [warn] glasso failed at iter 91: Non SPD result: the system is too ill-conditioned for this solver. The system is too ill-conditioned for this solver; keeping previous Theta
  [warn] glasso failed at iter 92: Non SPD result: the system is too ill-conditioned for this solver. The system is too ill-conditioned for this solver; keeping previous Theta
  [warn] glasso failed at iter 93: Non SPD result: the system is too ill-conditioned for this solver. The system is too ill-conditioned for this solver; keeping previous Theta
  [warn] glasso failed at iter 94: Non SPD result: the system is too ill-conditioned for this solver. The system is too ill-conditioned for this solver; keeping previous Theta
  [warn] glasso failed at iter 95: Non SPD result: the system is too ill-conditioned for this solver. The system is too ill-conditioned for this solver; keeping previous Theta
  [warn] glasso failed at iter 96: Non SPD result: the system is too ill-conditioned for this solver. The system is too ill-conditioned for this solver; keeping previous Theta
  [warn] glasso failed at iter 97: Non SPD result: the system is too ill-conditioned for this solver. The system is too ill-conditioned for this solver; keeping previous Theta
  [warn] glasso failed at iter 98: Non SPD result: the system is too ill-conditioned for this solver. The system is too ill-conditioned for this solver; keeping previous Theta
  [warn] glasso failed at iter 99: Non SPD result: the system is too ill-conditioned for this solver. The system is too ill-conditioned for this solver; keeping previous Theta
  [warn] glasso failed at iter 100: Non SPD result: the system is too ill-conditioned for this solver. The system is too ill-conditioned for this solver; keeping previous Theta
  [warn] glasso failed at iter 101: Non SPD result: the system is too ill-conditioned for this solver. The system is too ill-conditioned for this solver; keeping previous Theta
  [warn] glasso failed at iter 102: Non SPD result: the system is too ill-conditioned for this solver. The system is too ill-conditioned for this solver; keeping previous Theta
  [warn] glasso failed at iter 103: Non SPD result: the system is too ill-conditioned for this solver. The system is too ill-conditioned for this solver; keeping previous Theta
  [warn] glasso failed at iter 104: Non SPD result: the system is too ill-conditioned for this solver. The system is too ill-conditioned for this solver; keeping previous Theta
  [warn] glasso failed at iter 105: Non SPD result: the system is too ill-conditioned for this solver. The system is too ill-conditioned for this solver; keeping previous Theta
  [warn] glasso failed at iter 106: Non SPD result: the system is too ill-conditioned for this solver. The system is too ill-conditioned for this solver; keeping previous Theta
  [warn] glasso failed at iter 107: Non SPD result: the system is too ill-conditioned for this solver. The system is too ill-conditioned for this solver; keeping previous Theta
  [warn] glasso failed at iter 108: Non SPD result: the system is too ill-conditioned for this solver. The system is too ill-conditioned for this solver; keeping previous Theta
  [warn] glasso failed at iter 109: Non SPD result: the system is too ill-conditioned for this solver. The system is too ill-conditioned for this solver; keeping previous Theta
  [warn] glasso failed at iter 110: Non SPD result: the system is too ill-conditioned for this solver. The system is too ill-conditioned for this solver; keeping previous Theta
  [warn] glasso failed at iter 111: Non SPD result: the system is too ill-conditioned for this solver. The system is too ill-conditioned for this solver; keeping previous Theta
  [warn] glasso failed at iter 112: Non SPD result: the system is too ill-conditioned for this solver. The system is too ill-conditioned for this solver; keeping previous Theta
  [warn] glasso failed at iter 113: Non SPD result: the system is too ill-conditioned for this solver. The system is too ill-conditioned for this solver; keeping previous Theta
  [warn] glasso failed at iter 114: Non SPD result: the system is too ill-conditioned for this solver. The system is too ill-conditioned for this solver; keeping previous Theta
  [warn] glasso failed at iter 115: Non SPD result: the system is too ill-conditioned for this solver. The system is too ill-conditioned for this solver; keeping previous Theta
  [warn] glasso failed at iter 116: Non SPD result: the system is too ill-conditioned for this solver. The system is too ill-conditioned for this solver; keeping previous Theta
  [warn] glasso failed at iter 117: Non SPD result: the system is too ill-conditioned for this solver. The system is too ill-conditioned for this solver; keeping previous Theta
  [warn] glasso failed at iter 118: Non SPD result: the system is too ill-conditioned for this solver. The system is too ill-conditioned for this solver; keeping previous Theta
  [warn] glasso failed at iter 119: Non SPD result: the system is too ill-conditioned for this solver. The system is too ill-conditioned for this solver; keeping previous Theta
  [warn] glasso failed at iter 120: Non SPD result: the system is too ill-conditioned for this solver. The system is too ill-conditioned for this solver; keeping previous Theta
  [warn] glasso failed at iter 121: Non SPD result: the system is too ill-conditioned for this solver. The system is too ill-conditioned for this solver; keeping previous Theta
  [warn] glasso failed at iter 122: Non SPD result: the system is too ill-conditioned for this solver. The system is too ill-conditioned for this solver; keeping previous Theta
  [warn] glasso failed at iter 123: Non SPD result: the system is too ill-conditioned for this solver. The system is too ill-conditioned for this solver; keeping previous Theta
  [warn] glasso failed at iter 124: Non SPD result: the system is too ill-conditioned for this solver. The system is too ill-conditioned for this solver; keeping previous Theta
  [warn] glasso failed at iter 125: Non SPD result: the system is too ill-conditioned for this solver. The system is too ill-conditioned for this solver; keeping previous Theta
  [warn] glasso failed at iter 126: Non SPD result: the system is too ill-conditioned for this solver. The system is too ill-conditioned for this solver; keeping previous Theta
  [warn] glasso failed at iter 127: Non SPD result: the system is too ill-conditioned for this solver. The system is too ill-conditioned for this solver; keeping previous Theta
  [warn] glasso failed at iter 128: Non SPD result: the system is too ill-conditioned for this solver. The system is too ill-conditioned for this solver; keeping previous Theta
  [warn] glasso failed at iter 129: Non SPD result: the system is too ill-conditioned for this solver. The system is too ill-conditioned for this solver; keeping previous Theta
  [warn] glasso failed at iter 130: Non SPD result: the system is too ill-conditioned for this solver. The system is too ill-conditioned for this solver; keeping previous Theta
  [warn] glasso failed at iter 131: Non SPD result: the system is too ill-conditioned for this solver. The system is too ill-conditioned for this solver; keeping previous Theta
  [warn] glasso failed at iter 132: Non SPD result: the system is too ill-conditioned for this solver. The system is too ill-conditioned for this solver; keeping previous Theta
  [warn] glasso failed at iter 133: Non SPD result: the system is too ill-conditioned for this solver. The system is too ill-conditioned for this solver; keeping previous Theta
  [warn] glasso failed at iter 134: Non SPD result: the system is too ill-conditioned for this solver. The system is too ill-conditioned for this solver; keeping previous Theta
    fp=0.1704 tp=0.3426  [8.0s]  [STALE: glasso failed on 44 EM iters]  [nu->NU_MAX x1200]
   median nu  = 8.425
   median |eta| = 0.001
  rho=0.00748 (19/20)
  [warn] glasso failed at iter 0: Non SPD result: the system is too ill-conditioned for this solver. The system is too ill-conditioned for this solver; keeping previous Theta
  [warn] glasso failed at iter 1: Non SPD result: the system is too ill-conditioned for this solver. The system is too ill-conditioned for this solver; keeping previous Theta
  [warn] glasso failed at iter 2: Non SPD result: the system is too ill-conditioned for this solver. The system is too ill-conditioned for this solver; keeping previous Theta
  [warn] glasso failed at iter 3: Non SPD result: the system is too ill-conditioned for this solver. The system is too ill-conditioned for this solver; keeping previous Theta
  [warn] glasso failed at iter 4: Non SPD result: the system is too ill-conditioned for this solver. The system is too ill-conditioned for this solver; keeping previous Theta
  [warn] glasso failed at iter 5: Non SPD result: the system is too ill-conditioned for this solver. The system is too ill-conditioned for this solver; keeping previous Theta
  [warn] glasso failed at iter 6: Non SPD result: the system is too ill-conditioned for this solver. The system is too ill-conditioned for this solver; keeping previous Theta
  [warn] glasso failed at iter 7: Non SPD result: the system is too ill-conditioned for this solver. The system is too ill-conditioned for this solver; keeping previous Theta
  [warn] glasso failed at iter 8: Non SPD result: the system is too ill-conditioned for this solver. The system is too ill-conditioned for this solver; keeping previous Theta
  [warn] glasso failed at iter 9: Non SPD result: the system is too ill-conditioned for this solver. The system is too ill-conditioned for this solver; keeping previous Theta
  [warn] glasso failed at iter 10: Non SPD result: the system is too ill-conditioned for this solver. The system is too ill-conditioned for this solver; keeping previous Theta
  [warn] glasso failed at iter 11: Non SPD result: the system is too ill-conditioned for this solver. The system is too ill-conditioned for this solver; keeping previous Theta
  [warn] glasso failed at iter 12: Non SPD result: the system is too ill-conditioned for this solver. The system is too ill-conditioned for this solver; keeping previous Theta
  [warn] glasso failed at iter 13: Non SPD result: the system is too ill-conditioned for this solver. The system is too ill-conditioned for this solver; keeping previous Theta
  [warn] glasso failed at iter 14: Non SPD result: the system is too ill-conditioned for this solver. The system is too ill-conditioned for this solver; keeping previous Theta
  [warn] glasso failed at iter 15: Non SPD result: the system is too ill-conditioned for this solver. The system is too ill-conditioned for this solver; keeping previous Theta
  [warn] glasso failed at iter 16: Non SPD result: the system is too ill-conditioned for this solver. The system is too ill-conditioned for this solver; keeping previous Theta
  [warn] glasso failed at iter 17: Non SPD result: the system is too ill-conditioned for this solver. The system is too ill-conditioned for this solver; keeping previous Theta
  [warn] glasso failed at iter 18: Non SPD result: the system is too ill-conditioned for this solver. The system is too ill-conditioned for this solver; keeping previous Theta
  [warn] glasso failed at iter 19: Non SPD result: the system is too ill-conditioned for this solver. The system is too ill-conditioned for this solver; keeping previous Theta
  [warn] glasso failed at iter 20: Non SPD result: the system is too ill-conditioned for this solver. The system is too ill-conditioned for this solver; keeping previous Theta
  [warn] glasso failed at iter 21: Non SPD result: the system is too ill-conditioned for this solver. The system is too ill-conditioned for this solver; keeping previous Theta
  [warn] glasso failed at iter 22: Non SPD result: the system is too ill-conditioned for this solver. The system is too ill-conditioned for this solver; keeping previous Theta
  [warn] glasso failed at iter 23: Non SPD result: the system is too ill-conditioned for this solver. The system is too ill-conditioned for this solver; keeping previous Theta
  [warn] glasso failed at iter 24: Non SPD result: the system is too ill-conditioned for this solver. The system is too ill-conditioned for this solver; keeping previous Theta
  [warn] glasso failed at iter 25: Non SPD result: the system is too ill-conditioned for this solver. The system is too ill-conditioned for this solver; keeping previous Theta
  [warn] glasso failed at iter 26: Non SPD result: the system is too ill-conditioned for this solver. The system is too ill-conditioned for this solver; keeping previous Theta
  [warn] glasso failed at iter 27: Non SPD result: the system is too ill-conditioned for this solver. The system is too ill-conditioned for this solver; keeping previous Theta
  [warn] glasso failed at iter 28: Non SPD result: the system is too ill-conditioned for this solver. The system is too ill-conditioned for this solver; keeping previous Theta
  [warn] glasso failed at iter 29: Non SPD result: the system is too ill-conditioned for this solver. The system is too ill-conditioned for this solver; keeping previous Theta
  [warn] glasso failed at iter 30: Non SPD result: the system is too ill-conditioned for this solver. The system is too ill-conditioned for this solver; keeping previous Theta
  [warn] glasso failed at iter 31: Non SPD result: the system is too ill-conditioned for this solver. The system is too ill-conditioned for this solver; keeping previous Theta
  [warn] glasso failed at iter 32: Non SPD result: the system is too ill-conditioned for this solver. The system is too ill-conditioned for this solver; keeping previous Theta
  [warn] glasso failed at iter 33: Non SPD result: the system is too ill-conditioned for this solver. The system is too ill-conditioned for this solver; keeping previous Theta
  [warn] glasso failed at iter 34: Non SPD result: the system is too ill-conditioned for this solver. The system is too ill-conditioned for this solver; keeping previous Theta
  [warn] glasso failed at iter 35: Non SPD result: the system is too ill-conditioned for this solver. The system is too ill-conditioned for this solver; keeping previous Theta
  [warn] glasso failed at iter 36: Non SPD result: the system is too ill-conditioned for this solver. The system is too ill-conditioned for this solver; keeping previous Theta
  [warn] glasso failed at iter 37: Non SPD result: the system is too ill-conditioned for this solver. The system is too ill-conditioned for this solver; keeping previous Theta
  [warn] glasso failed at iter 38: Non SPD result: the system is too ill-conditioned for this solver. The system is too ill-conditioned for this solver; keeping previous Theta
  [warn] glasso failed at iter 39: Non SPD result: the system is too ill-conditioned for this solver. The system is too ill-conditioned for this solver; keeping previous Theta
  [warn] glasso failed at iter 40: Non SPD result: the system is too ill-conditioned for this solver. The system is too ill-conditioned for this solver; keeping previous Theta
  [warn] glasso failed at iter 41: Non SPD result: the system is too ill-conditioned for this solver. The system is too ill-conditioned for this solver; keeping previous Theta
  [warn] glasso failed at iter 42: Non SPD result: the system is too ill-conditioned for this solver. The system is too ill-conditioned for this solver; keeping previous Theta
  [warn] glasso failed at iter 43: Non SPD result: the system is too ill-conditioned for this solver. The system is too ill-conditioned for this solver; keeping previous Theta
  [warn] glasso failed at iter 44: Non SPD result: the system is too ill-conditioned for this solver. The system is too ill-conditioned for this solver; keeping previous Theta
  [warn] glasso failed at iter 45: Non SPD result: the system is too ill-conditioned for this solver. The system is too ill-conditioned for this solver; keeping previous Theta
  [warn] glasso failed at iter 46: Non SPD result: the system is too ill-conditioned for this solver. The system is too ill-conditioned for this solver; keeping previous Theta
  [warn] glasso failed at iter 47: Non SPD result: the system is too ill-conditioned for this solver. The system is too ill-conditioned for this solver; keeping previous Theta
  [warn] glasso failed at iter 48: Non SPD result: the system is too ill-conditioned for this solver. The system is too ill-conditioned for this solver; keeping previous Theta
  [warn] glasso failed at iter 49: Non SPD result: the system is too ill-conditioned for this solver. The system is too ill-conditioned for this solver; keeping previous Theta
  [warn] glasso failed at iter 50: Non SPD result: the system is too ill-conditioned for this solver. The system is too ill-conditioned for this solver; keeping previous Theta
  [warn] glasso failed at iter 51: Non SPD result: the system is too ill-conditioned for this solver. The system is too ill-conditioned for this solver; keeping previous Theta
  [warn] glasso failed at iter 52: Non SPD result: the system is too ill-conditioned for this solver. The system is too ill-conditioned for this solver; keeping previous Theta
  [warn] glasso failed at iter 53: Non SPD result: the system is too ill-conditioned for this solver. The system is too ill-conditioned for this solver; keeping previous Theta
  [warn] glasso failed at iter 54: Non SPD result: the system is too ill-conditioned for this solver. The system is too ill-conditioned for this solver; keeping previous Theta
  [warn] glasso failed at iter 55: Non SPD result: the system is too ill-conditioned for this solver. The system is too ill-conditioned for this solver; keeping previous Theta
  [warn] glasso failed at iter 56: Non SPD result: the system is too ill-conditioned for this solver. The system is too ill-conditioned for this solver; keeping previous Theta
  [warn] glasso failed at iter 57: Non SPD result: the system is too ill-conditioned for this solver. The system is too ill-conditioned for this solver; keeping previous Theta
  [warn] glasso failed at iter 58: Non SPD result: the system is too ill-conditioned for this solver. The system is too ill-conditioned for this solver; keeping previous Theta
  [warn] glasso failed at iter 59: Non SPD result: the system is too ill-conditioned for this solver. The system is too ill-conditioned for this solver; keeping previous Theta
    fp=0.1704 tp=0.3426  [2.9s]  [STALE: glasso failed on 60 EM iters]  [nu->NU_MAX x1737]
   median nu  = 8.656
   median |eta| = 0.001
  rho=0.00587 (20/20)
  [warn] glasso failed at iter 2: Non SPD result: the system is too ill-conditioned for this solver. The system is too ill-conditioned for this solver; keeping previous Theta
  [warn] glasso failed at iter 3: Non SPD result: the system is too ill-conditioned for this solver. The system is too ill-conditioned for this solver; keeping previous Theta
  [warn] glasso failed at iter 4: Non SPD result: the system is too ill-conditioned for this solver. The system is too ill-conditioned for this solver; keeping previous Theta
  [warn] glasso failed at iter 5: Non SPD result: the system is too ill-conditioned for this solver. The system is too ill-conditioned for this solver; keeping previous Theta
  [warn] glasso failed at iter 6: Non SPD result: the system is too ill-conditioned for this solver. The system is too ill-conditioned for this solver; keeping previous Theta
  [warn] glasso failed at iter 7: Non SPD result: the system is too ill-conditioned for this solver. The system is too ill-conditioned for this solver; keeping previous Theta
  [warn] glasso failed at iter 8: Non SPD result: the system is too ill-conditioned for this solver. The system is too ill-conditioned for this solver; keeping previous Theta
  [warn] glasso failed at iter 9: Non SPD result: the system is too ill-conditioned for this solver. The system is too ill-conditioned for this solver; keeping previous Theta
  [warn] glasso failed at iter 10: Non SPD result: the system is too ill-conditioned for this solver. The system is too ill-conditioned for this solver; keeping previous Theta
  [warn] glasso failed at iter 11: Non SPD result: the system is too ill-conditioned for this solver. The system is too ill-conditioned for this solver; keeping previous Theta
  [warn] glasso failed at iter 12: Non SPD result: the system is too ill-conditioned for this solver. The system is too ill-conditioned for this solver; keeping previous Theta
  [warn] glasso failed at iter 13: Non SPD result: the system is too ill-conditioned for this solver. The system is too ill-conditioned for this solver; keeping previous Theta
  [warn] glasso failed at iter 14: Non SPD result: the system is too ill-conditioned for this solver. The system is too ill-conditioned for this solver; keeping previous Theta
  [warn] glasso failed at iter 15: Non SPD result: the system is too ill-conditioned for this solver. The system is too ill-conditioned for this solver; keeping previous Theta
  [warn] glasso failed at iter 16: Non SPD result: the system is too ill-conditioned for this solver. The system is too ill-conditioned for this solver; keeping previous Theta
  [warn] glasso failed at iter 17: Non SPD result: the system is too ill-conditioned for this solver. The system is too ill-conditioned for this solver; keeping previous Theta
  [warn] glasso failed at iter 18: Non SPD result: the system is too ill-conditioned for this solver. The system is too ill-conditioned for this solver; keeping previous Theta
  [warn] glasso failed at iter 19: Non SPD result: the system is too ill-conditioned for this solver. The system is too ill-conditioned for this solver; keeping previous Theta
  [warn] glasso failed at iter 20: Non SPD result: the system is too ill-conditioned for this solver. The system is too ill-conditioned for this solver; keeping previous Theta
  [warn] glasso failed at iter 21: Non SPD result: the system is too ill-conditioned for this solver. The system is too ill-conditioned for this solver; keeping previous Theta
  [warn] glasso failed at iter 22: Non SPD result: the system is too ill-conditioned for this solver. The system is too ill-conditioned for this solver; keeping previous Theta
  [warn] glasso failed at iter 23: Non SPD result: the system is too ill-conditioned for this solver. The system is too ill-conditioned for this solver; keeping previous Theta
  [warn] glasso failed at iter 24: Non SPD result: the system is too ill-conditioned for this solver. The system is too ill-conditioned for this solver; keeping previous Theta
  [warn] glasso failed at iter 25: Non SPD result: the system is too ill-conditioned for this solver. The system is too ill-conditioned for this solver; keeping previous Theta
  [warn] glasso failed at iter 26: Non SPD result: the system is too ill-conditioned for this solver. The system is too ill-conditioned for this solver; keeping previous Theta
  [warn] glasso failed at iter 27: Non SPD result: the system is too ill-conditioned for this solver. The system is too ill-conditioned for this solver; keeping previous Theta
  [warn] glasso failed at iter 28: Non SPD result: the system is too ill-conditioned for this solver. The system is too ill-conditioned for this solver; keeping previous Theta
  [warn] glasso failed at iter 29: Non SPD result: the system is too ill-conditioned for this solver. The system is too ill-conditioned for this solver; keeping previous Theta
  [warn] glasso failed at iter 30: Non SPD result: the system is too ill-conditioned for this solver. The system is too ill-conditioned for this solver; keeping previous Theta
  [warn] glasso failed at iter 31: Non SPD result: the system is too ill-conditioned for this solver. The system is too ill-conditioned for this solver; keeping previous Theta
  [warn] glasso failed at iter 32: Non SPD result: the system is too ill-conditioned for this solver. The system is too ill-conditioned for this solver; keeping previous Theta
  [warn] glasso failed at iter 33: Non SPD result: the system is too ill-conditioned for this solver. The system is too ill-conditioned for this solver; keeping previous Theta
  [warn] glasso failed at iter 34: Non SPD result: the system is too ill-conditioned for this solver. The system is too ill-conditioned for this solver; keeping previous Theta
  [warn] glasso failed at iter 35: Non SPD result: the system is too ill-conditioned for this solver. The system is too ill-conditioned for this solver; keeping previous Theta
  [warn] glasso failed at iter 36: Non SPD result: the system is too ill-conditioned for this solver. The system is too ill-conditioned for this solver; keeping previous Theta
  [warn] glasso failed at iter 37: Non SPD result: the system is too ill-conditioned for this solver. The system is too ill-conditioned for this solver; keeping previous Theta
  [warn] glasso failed at iter 38: Non SPD result: the system is too ill-conditioned for this solver. The system is too ill-conditioned for this solver; keeping previous Theta
  [warn] glasso failed at iter 39: Non SPD result: the system is too ill-conditioned for this solver. The system is too ill-conditioned for this solver; keeping previous Theta
  [warn] glasso failed at iter 40: Non SPD result: the system is too ill-conditioned for this solver. The system is too ill-conditioned for this solver; keeping previous Theta
  [warn] glasso failed at iter 41: Non SPD result: the system is too ill-conditioned for this solver. The system is too ill-conditioned for this solver; keeping previous Theta
  [warn] glasso failed at iter 42: Non SPD result: the system is too ill-conditioned for this solver. The system is too ill-conditioned for this solver; keeping previous Theta
  [warn] glasso failed at iter 43: Non SPD result: the system is too ill-conditioned for this solver. The system is too ill-conditioned for this solver; keeping previous Theta
  [warn] glasso failed at iter 44: Non SPD result: the system is too ill-conditioned for this solver. The system is too ill-conditioned for this solver; keeping previous Theta
  [warn] glasso failed at iter 45: Non SPD result: the system is too ill-conditioned for this solver. The system is too ill-conditioned for this solver; keeping previous Theta
  [warn] glasso failed at iter 46: Non SPD result: the system is too ill-conditioned for this solver. The system is too ill-conditioned for this solver; keeping previous Theta
  [warn] glasso failed at iter 47: Non SPD result: the system is too ill-conditioned for this solver. The system is too ill-conditioned for this solver; keeping previous Theta
  [warn] glasso failed at iter 48: Non SPD result: the system is too ill-conditioned for this solver. The system is too ill-conditioned for this solver; keeping previous Theta
    fp=0.3141 tp=0.5648  [4.4s]  [STALE: glasso failed on 47 EM iters]  [nu->NU_MAX x647]
   median nu  = 7.097
   median |eta| = 0.002
  rho=0.00460 (21/21)  [extra 1/50]
  [warn] glasso failed at iter 5: Non SPD result: the system is too ill-conditioned for this solver. The system is too ill-conditioned for this solver; keeping previous Theta
  [warn] glasso failed at iter 6: Non SPD result: the system is too ill-conditioned for this solver. The system is too ill-conditioned for this solver; keeping previous Theta
  [warn] glasso failed at iter 7: Non SPD result: the system is too ill-conditioned for this solver. The system is too ill-conditioned for this solver; keeping previous Theta
  [warn] glasso failed at iter 8: Non SPD result: the system is too ill-conditioned for this solver. The system is too ill-conditioned for this solver; keeping previous Theta
  [warn] glasso failed at iter 9: Non SPD result: the system is too ill-conditioned for this solver. The system is too ill-conditioned for this solver; keeping previous Theta
  [warn] glasso failed at iter 10: Non SPD result: the system is too ill-conditioned for this solver. The system is too ill-conditioned for this solver; keeping previous Theta
  [warn] glasso failed at iter 11: Non SPD result: the system is too ill-conditioned for this solver. The system is too ill-conditioned for this solver; keeping previous Theta
  [warn] glasso failed at iter 12: Non SPD result: the system is too ill-conditioned for this solver. The system is too ill-conditioned for this solver; keeping previous Theta
  [warn] glasso failed at iter 13: Non SPD result: the system is too ill-conditioned for this solver. The system is too ill-conditioned for this solver; keeping previous Theta
  [warn] glasso failed at iter 14: Non SPD result: the system is too ill-conditioned for this solver. The system is too ill-conditioned for this solver; keeping previous Theta
  [warn] glasso failed at iter 15: Non SPD result: the system is too ill-conditioned for this solver. The system is too ill-conditioned for this solver; keeping previous Theta
  [warn] glasso failed at iter 16: Non SPD result: the system is too ill-conditioned for this solver. The system is too ill-conditioned for this solver; keeping previous Theta
  [warn] glasso failed at iter 17: Non SPD result: the system is too ill-conditioned for this solver. The system is too ill-conditioned for this solver; keeping previous Theta
  [warn] glasso failed at iter 18: Non SPD result: the system is too ill-conditioned for this solver. The system is too ill-conditioned for this solver; keeping previous Theta
  [warn] glasso failed at iter 19: Non SPD result: the system is too ill-conditioned for this solver. The system is too ill-conditioned for this solver; keeping previous Theta
  [warn] glasso failed at iter 20: Non SPD result: the system is too ill-conditioned for this solver. The system is too ill-conditioned for this solver; keeping previous Theta
  [warn] glasso failed at iter 21: Non SPD result: the system is too ill-conditioned for this solver. The system is too ill-conditioned for this solver; keeping previous Theta
  [warn] glasso failed at iter 22: Non SPD result: the system is too ill-conditioned for this solver. The system is too ill-conditioned for this solver; keeping previous Theta
  [warn] glasso failed at iter 23: Non SPD result: the system is too ill-conditioned for this solver. The system is too ill-conditioned for this solver; keeping previous Theta
  [warn] glasso failed at iter 24: Non SPD result: the system is too ill-conditioned for this solver. The system is too ill-conditioned for this solver; keeping previous Theta
  [warn] glasso failed at iter 25: Non SPD result: the system is too ill-conditioned for this solver. The system is too ill-conditioned for this solver; keeping previous Theta
  [warn] glasso failed at iter 26: Non SPD result: the system is too ill-conditioned for this solver. The system is too ill-conditioned for this solver; keeping previous Theta
  [warn] glasso failed at iter 27: Non SPD result: the system is too ill-conditioned for this solver. The system is too ill-conditioned for this solver; keeping previous Theta
  [warn] glasso failed at iter 28: Non SPD result: the system is too ill-conditioned for this solver. The system is too ill-conditioned for this solver; keeping previous Theta
  [warn] glasso failed at iter 29: Non SPD result: the system is too ill-conditioned for this solver. The system is too ill-conditioned for this solver; keeping previous Theta
  [warn] glasso failed at iter 30: Non SPD result: the system is too ill-conditioned for this solver. The system is too ill-conditioned for this solver; keeping previous Theta
  [warn] glasso failed at iter 31: Non SPD result: the system is too ill-conditioned for this solver. The system is too ill-conditioned for this solver; keeping previous Theta
  [warn] glasso failed at iter 32: Non SPD result: the system is too ill-conditioned for this solver. The system is too ill-conditioned for this solver; keeping previous Theta
  [warn] glasso failed at iter 33: Non SPD result: the system is too ill-conditioned for this solver. The system is too ill-conditioned for this solver; keeping previous Theta
  [warn] glasso failed at iter 34: Non SPD result: the system is too ill-conditioned for this solver. The system is too ill-conditioned for this solver; keeping previous Theta
  [warn] glasso failed at iter 35: Non SPD result: the system is too ill-conditioned for this solver. The system is too ill-conditioned for this solver; keeping previous Theta
  [warn] glasso failed at iter 36: Non SPD result: the system is too ill-conditioned for this solver. The system is too ill-conditioned for this solver; keeping previous Theta
  [warn] glasso failed at iter 37: Non SPD result: the system is too ill-conditioned for this solver. The system is too ill-conditioned for this solver; keeping previous Theta
  [warn] glasso failed at iter 38: Non SPD result: the system is too ill-conditioned for this solver. The system is too ill-conditioned for this solver; keeping previous Theta
  [warn] glasso failed at iter 39: Non SPD result: the system is too ill-conditioned for this solver. The system is too ill-conditioned for this solver; keeping previous Theta
  [warn] glasso failed at iter 40: Non SPD result: the system is too ill-conditioned for this solver. The system is too ill-conditioned for this solver; keeping previous Theta
  [warn] glasso failed at iter 41: Non SPD result: the system is too ill-conditioned for this solver. The system is too ill-conditioned for this solver; keeping previous Theta
  [warn] glasso failed at iter 42: Non SPD result: the system is too ill-conditioned for this solver. The system is too ill-conditioned for this solver; keeping previous Theta
  [warn] glasso failed at iter 43: Non SPD result: the system is too ill-conditioned for this solver. The system is too ill-conditioned for this solver; keeping previous Theta
  [warn] glasso failed at iter 44: Non SPD result: the system is too ill-conditioned for this solver. The system is too ill-conditioned for this solver; keeping previous Theta
  [warn] glasso failed at iter 45: Non SPD result: the system is too ill-conditioned for this solver. The system is too ill-conditioned for this solver; keeping previous Theta
  [warn] glasso failed at iter 46: Non SPD result: the system is too ill-conditioned for this solver. The system is too ill-conditioned for this solver; keeping previous Theta
  [warn] glasso failed at iter 47: Non SPD result: the system is too ill-conditioned for this solver. The system is too ill-conditioned for this solver; keeping previous Theta
  [warn] glasso failed at iter 48: Non SPD result: the system is too ill-conditioned for this solver. The system is too ill-conditioned for this solver; keeping previous Theta
  [warn] glasso failed at iter 49: Non SPD result: the system is too ill-conditioned for this solver. The system is too ill-conditioned for this solver; keeping previous Theta
  [warn] glasso failed at iter 50: Non SPD result: the system is too ill-conditioned for this solver. The system is too ill-conditioned for this solver; keeping previous Theta
  [warn] glasso failed at iter 51: Non SPD result: the system is too ill-conditioned for this solver. The system is too ill-conditioned for this solver; keeping previous Theta
  [warn] glasso failed at iter 52: Non SPD result: the system is too ill-conditioned for this solver. The system is too ill-conditioned for this solver; keeping previous Theta
  [warn] glasso failed at iter 53: Non SPD result: the system is too ill-conditioned for this solver. The system is too ill-conditioned for this solver; keeping previous Theta
  [warn] glasso failed at iter 54: Non SPD result: the system is too ill-conditioned for this solver. The system is too ill-conditioned for this solver; keeping previous Theta
  [warn] glasso failed at iter 55: Non SPD result: the system is too ill-conditioned for this solver. The system is too ill-conditioned for this solver; keeping previous Theta
  [warn] glasso failed at iter 56: Non SPD result: the system is too ill-conditioned for this solver. The system is too ill-conditioned for this solver; keeping previous Theta
  [warn] glasso failed at iter 57: Non SPD result: the system is too ill-conditioned for this solver. The system is too ill-conditioned for this solver; keeping previous Theta
  [warn] glasso failed at iter 58: Non SPD result: the system is too ill-conditioned for this solver. The system is too ill-conditioned for this solver; keeping previous Theta
  [warn] glasso failed at iter 59: Non SPD result: the system is too ill-conditioned for this solver. The system is too ill-conditioned for this solver; keeping previous Theta
  [warn] glasso failed at iter 60: Non SPD result: the system is too ill-conditioned for this solver. The system is too ill-conditioned for this solver; keeping previous Theta
    fp=0.3856 tp=0.7222  [9.9s]  [STALE: glasso failed on 56 EM iters]  [nu->NU_MAX x1018]
   median nu  = 6.155
   median |eta| = 0.001
  rho=0.00361 (22/22)  [extra 2/50]
  [warn] glasso failed at iter 3: Non SPD result: the system is too ill-conditioned for this solver. The system is too ill-conditioned for this solver; keeping previous Theta
  [warn] glasso failed at iter 4: Non SPD result: the system is too ill-conditioned for this solver. The system is too ill-conditioned for this solver; keeping previous Theta
  [warn] glasso failed at iter 5: Non SPD result: the system is too ill-conditioned for this solver. The system is too ill-conditioned for this solver; keeping previous Theta
  [warn] glasso failed at iter 6: Non SPD result: the system is too ill-conditioned for this solver. The system is too ill-conditioned for this solver; keeping previous Theta
  [warn] glasso failed at iter 7: Non SPD result: the system is too ill-conditioned for this solver. The system is too ill-conditioned for this solver; keeping previous Theta
  [warn] glasso failed at iter 8: Non SPD result: the system is too ill-conditioned for this solver. The system is too ill-conditioned for this solver; keeping previous Theta
  [warn] glasso failed at iter 9: Non SPD result: the system is too ill-conditioned for this solver. The system is too ill-conditioned for this solver; keeping previous Theta
  [warn] glasso failed at iter 10: Non SPD result: the system is too ill-conditioned for this solver. The system is too ill-conditioned for this solver; keeping previous Theta
  [warn] glasso failed at iter 11: Non SPD result: the system is too ill-conditioned for this solver. The system is too ill-conditioned for this solver; keeping previous Theta
  [warn] glasso failed at iter 12: Non SPD result: the system is too ill-conditioned for this solver. The system is too ill-conditioned for this solver; keeping previous Theta
  [warn] glasso failed at iter 13: Non SPD result: the system is too ill-conditioned for this solver. The system is too ill-conditioned for this solver; keeping previous Theta
  [warn] glasso failed at iter 14: Non SPD result: the system is too ill-conditioned for this solver. The system is too ill-conditioned for this solver; keeping previous Theta
  [warn] glasso failed at iter 15: Non SPD result: the system is too ill-conditioned for this solver. The system is too ill-conditioned for this solver; keeping previous Theta
  [warn] glasso failed at iter 16: Non SPD result: the system is too ill-conditioned for this solver. The system is too ill-conditioned for this solver; keeping previous Theta
  [warn] glasso failed at iter 17: Non SPD result: the system is too ill-conditioned for this solver. The system is too ill-conditioned for this solver; keeping previous Theta
  [warn] glasso failed at iter 18: Non SPD result: the system is too ill-conditioned for this solver. The system is too ill-conditioned for this solver; keeping previous Theta
  [warn] glasso failed at iter 19: Non SPD result: the system is too ill-conditioned for this solver. The system is too ill-conditioned for this solver; keeping previous Theta
  [warn] glasso failed at iter 20: Non SPD result: the system is too ill-conditioned for this solver. The system is too ill-conditioned for this solver; keeping previous Theta
  [warn] glasso failed at iter 21: Non SPD result: the system is too ill-conditioned for this solver. The system is too ill-conditioned for this solver; keeping previous Theta
  [warn] glasso failed at iter 22: Non SPD result: the system is too ill-conditioned for this solver. The system is too ill-conditioned for this solver; keeping previous Theta
  [warn] glasso failed at iter 23: Non SPD result: the system is too ill-conditioned for this solver. The system is too ill-conditioned for this solver; keeping previous Theta
  [warn] glasso failed at iter 24: Non SPD result: the system is too ill-conditioned for this solver. The system is too ill-conditioned for this solver; keeping previous Theta
  [warn] glasso failed at iter 25: Non SPD result: the system is too ill-conditioned for this solver. The system is too ill-conditioned for this solver; keeping previous Theta
  [warn] glasso failed at iter 26: Non SPD result: the system is too ill-conditioned for this solver. The system is too ill-conditioned for this solver; keeping previous Theta
  [warn] glasso failed at iter 27: Non SPD result: the system is too ill-conditioned for this solver. The system is too ill-conditioned for this solver; keeping previous Theta
  [warn] glasso failed at iter 28: Non SPD result: the system is too ill-conditioned for this solver. The system is too ill-conditioned for this solver; keeping previous Theta
  [warn] glasso failed at iter 29: Non SPD result: the system is too ill-conditioned for this solver. The system is too ill-conditioned for this solver; keeping previous Theta
  [warn] glasso failed at iter 30: Non SPD result: the system is too ill-conditioned for this solver. The system is too ill-conditioned for this solver; keeping previous Theta
  [warn] glasso failed at iter 31: Non SPD result: the system is too ill-conditioned for this solver. The system is too ill-conditioned for this solver; keeping previous Theta
  [warn] glasso failed at iter 32: Non SPD result: the system is too ill-conditioned for this solver. The system is too ill-conditioned for this solver; keeping previous Theta
    fp=0.5118 tp=0.8241  [3.4s]  [STALE: glasso failed on 30 EM iters]  [nu->NU_MAX x410]
   median nu  = 5.439
   median |eta| = 0.001
  FPR 0.5118 >= fp_end=0.5; stopping after 22 fits
  [note] 6/22 fits hit a glasso ConvergenceWarning (suppressed)
  [WARN] 5/22 points came from a fit whose glasso failed; those Thetas are stale, not estimates
  grid extended by 2 points down to rho=0.00361, ending at FPR 0.5118
  graphical_lasso rho_max = max|S_ij| (off-diag) = 1.20727
  rho grid: [1.20726683 0.94741468 0.74349312 0.58346364 0.45787891 0.35932504
 0.2819839  0.22128968 0.17365928 0.13628085 0.10694776 0.08392832
 0.06586359 0.05168711 0.04056197 0.03183141 0.02498002 0.01960332
 0.0153839  0.01207267]
Running graphical_lasso over 20 rho values, extending until FPR >= 0.5...
  rho=1.20727 (1/20)
    fp=0.0000 tp=0.0000  [0.0s]
  rho=0.94741 (2/20)
    fp=0.0010 tp=0.0000  [0.0s]
  rho=0.74349 (3/20)
    fp=0.0023 tp=0.0185  [5.4s]
  rho=0.58346 (4/20)
    fp=0.0060 tp=0.0648  [5.5s]
  rho=0.45788 (5/20)
    fp=0.0184 tp=0.1204  [0.0s]
  rho=0.35933 (6/20)
    fp=0.0432 tp=0.2778  [5.5s]
  rho=0.28198 (7/20)
    fp=0.0787 tp=0.4167  [0.0s]
  rho=0.22129 (8/20)
    fp=0.1270 tp=0.5000  [5.4s]
  rho=0.17366 (9/20)
    fp=0.1987 tp=0.5926  [0.0s]
  rho=0.13628 (10/20)
    fp=0.2699 tp=0.7130  [0.0s]
  rho=0.10695 (11/20)
    fp=0.3346 tp=0.7315  [0.2s]
  rho=0.08393 (12/20)
    fp=0.3959 tp=0.7685  [0.0s]
  rho=0.06586 (13/20)
    fp=0.4610 tp=0.7870  [0.1s]
  rho=0.05169 (14/20)
    fp=0.5130 tp=0.7870  [0.0s]
  FPR 0.5130 >= fp_end=0.5; stopping after 14 fits
  [note] 4/14 fits hit a glasso ConvergenceWarning (suppressed)
  grid stopped 6 points early at rho=0.05169, ending at FPR 0.5130
  [warn] mean_roc averages out to FPR 0.500 but the shortest replicate only reached 0.446; its TPR is held flat above that
  [warn] mean_roc averages out to FPR 0.500 but the shortest replicate only reached 0.493; its TPR is held flat above that

(p=100, n=50) over 2 replicates
  Asymmetric model (Diagonal): AUC = 0.347 (SE 0.002)
  Asymmetric model (Exact):    AUC = 0.316 (SE 0.014)
  Classical t-model (TLASSO): AUC = 0.302 (SE 0.005)
  Alternative t-model (TSTAR_VARLASSO): AUC = 0.326 (SE 0.005)
  Naive Gaussian glasso (GGM): AUC = 0.305 (SE 0.004)
Replicate 3/50
  Theta: 91/4950 edges
  pilot fit of run_tlasso at rho=0.30349
  [warn] glasso failed at iter 10: Non SPD result: the system is too ill-conditioned for this solver. The system is too ill-conditioned for this solver; keeping previous Theta
  [warn] glasso failed at iter 11: Non SPD result: the system is too ill-conditioned for this solver. The system is too ill-conditioned for this solver; keeping previous Theta
  [warn] glasso failed at iter 12: Non SPD result: the system is too ill-conditioned for this solver. The system is too ill-conditioned for this solver; keeping previous Theta
  -> rho_max = max|S_ij| (off-diag) = 121.13550
  [note] pilot fit hit a glasso ConvergenceWarning (suppressed)
  rho grid: [121.13549967  95.06229113  74.60108077  58.54394193  45.94294213
  36.05418191  28.29387872  22.20390343  17.4247346   13.67423421
  10.73099163   8.42125267   6.608662     5.18621339   4.06993267
   3.19392024   2.50646075   1.96697007   1.54359937   1.211355  ]
Running run_tlasso over 20 rho values, extending until FPR >= 0.5...
  rho=121.13550 (1/20)
    fp=0.0224 tp=0.2088  [0.1s]
   nu  = 0.1000
  rho=95.06229 (2/20)
    fp=0.0457 tp=0.2967  [0.2s]
   nu  = 0.1000
  rho=74.60108 (3/20)
    fp=0.0967 tp=0.4505  [0.2s]
   nu  = 0.1000
  rho=58.54394 (4/20)
    fp=0.1865 tp=0.6264  [0.3s]
   nu  = 0.1000
  rho=45.94294 (5/20)
    fp=0.2803 tp=0.7253  [0.4s]
   nu  = 0.1000
  rho=36.05418 (6/20)
    fp=0.3612 tp=0.7473  [0.5s]
   nu  = 0.1000
  rho=28.29388 (7/20)
    fp=0.4375 tp=0.7912  [0.5s]
   nu  = 0.1000
  rho=22.20390 (8/20)
    fp=0.5069 tp=0.8242  [0.7s]
   nu  = 0.1000
  FPR 0.5069 >= fp_end=0.5; stopping after 8 fits
  grid stopped 12 points early at rho=22.20390, ending at FPR 0.5069
  pilot fit of run_tstar_varlasso at rho=0.30349
  -> rho_max = max|S_ij| (off-diag) = 0.82977
  rho grid: [0.82977461 0.6511739  0.51101521 0.40102428 0.3147078  0.24697009
 0.19381224 0.15209609 0.11935892 0.0936681  0.07350698 0.05768533
 0.04526914 0.03552541 0.02787892 0.02187826 0.01716918 0.01347369
 0.01057361 0.00829775]
Running run_tstar_varlasso over 20 rho values, extending until FPR >= 0.5...
  rho=0.82977 (1/20)
    fp=0.0006 tp=0.0110  [1.2s]
   nu  = 74.1812
  rho=0.65117 (2/20)
    fp=0.0012 tp=0.0110  [1.3s]
   nu  = 62.2954
  rho=0.51102 (3/20)
    fp=0.0051 tp=0.0989  [1.4s]
   nu  = 50.1463
  rho=0.40102 (4/20)
    fp=0.0152 tp=0.2088  [1.4s]
   nu  = 38.1927
  rho=0.31471 (5/20)
    fp=0.0335 tp=0.2857  [1.4s]
   nu  = 27.1509
  rho=0.24697 (6/20)
    fp=0.0640 tp=0.4176  [1.5s]
   nu  = 18.3597
  rho=0.19381 (7/20)
    fp=0.1019 tp=0.5495  [1.7s]
   nu  = 12.4889
  rho=0.15210 (8/20)
    fp=0.1453 tp=0.6264  [1.3s]
   nu  = 8.9169
  rho=0.11936 (9/20)
    fp=0.1873 tp=0.6923  [1.0s]
   nu  = 6.6753
  rho=0.09367 (10/20)
    fp=0.2249 tp=0.7253  [0.7s]
   nu  = 5.1820
  rho=0.07351 (11/20)
    fp=0.2618 tp=0.7473  [0.6s]
   nu  = 4.1435
  rho=0.05769 (12/20)
    fp=0.2939 tp=0.7582  [0.4s]
   nu  = 3.3931
  rho=0.04527 (13/20)
    fp=0.3221 tp=0.7802  [0.4s]
   nu  = 2.8341
  rho=0.03553 (14/20)
    fp=0.3530 tp=0.8022  [0.4s]
   nu  = 2.4044
  rho=0.02788 (15/20)
    fp=0.3795 tp=0.8132  [0.4s]
   nu  = 2.0667
  rho=0.02188 (16/20)
    fp=0.4019 tp=0.8132  [0.5s]
   nu  = 1.7959
  rho=0.01717 (17/20)
    fp=0.4192 tp=0.8022  [0.5s]
   nu  = 1.5751
  rho=0.01347 (18/20)
    fp=0.4353 tp=0.8132  [0.6s]
   nu  = 1.3926
  rho=0.01057 (19/20)
    fp=0.4517 tp=0.8352  [0.6s]
   nu  = 1.2396
  rho=0.00830 (20/20)
  [warn] glasso failed at iter 0: Non SPD result: the system is too ill-conditioned for this solver. The system is too ill-conditioned for this solver; keeping previous Theta
    fp=0.4610 tp=0.8462  [3.0s]  [STALE: glasso failed on 1 EM iters]
   nu  = 1.1105
  rho=0.00651 (21/21)  [extra 1/50]
  [warn] glasso failed at iter 0: Non SPD result: the system is too ill-conditioned for this solver. The system is too ill-conditioned for this solver; keeping previous Theta
  [warn] glasso failed at iter 1: Non SPD result: the system is too ill-conditioned for this solver. The system is too ill-conditioned for this solver; keeping previous Theta
    fp=0.4723 tp=0.8462  [0.8s]  [STALE: glasso failed on 2 EM iters]
   nu  = 1.0005
  rho=0.00511 (22/22)  [extra 2/50]
    fp=0.4814 tp=0.8352  [0.9s]
   nu  = 0.9064
  rho=0.00401 (23/23)  [extra 3/50]
    fp=0.4929 tp=0.8352  [1.8s]
   nu  = 0.8257
  rho=0.00315 (24/24)  [extra 4/50]
    fp=0.4989 tp=0.8462  [3.0s]
   nu  = 0.7559
  rho=0.00247 (25/25)  [extra 5/50]
    fp=0.5046 tp=0.8462  [3.6s]
   nu  = 0.6946
  FPR 0.5046 >= fp_end=0.5; stopping after 25 fits
  [note] 7/25 fits hit a glasso ConvergenceWarning (suppressed)
  [WARN] 2/25 points came from a fit whose glasso failed; those Thetas are stale, not estimates
  grid extended by 5 points down to rho=0.00247, ending at FPR 0.5046
  pilot fit of run_em_diagonal at rho=0.30349
  -> rho_max = max|S_ij| (off-diag) = 0.59986
  rho grid: [0.59986367 0.47074899 0.36942497 0.28990993 0.2275097  0.17854051
 0.14011144 0.10995385 0.08628738 0.06771488 0.05313993 0.04170209
 0.03272613 0.02568216 0.02015433 0.01581631 0.01241201 0.00974045
 0.00764391 0.00599864]
Running run_em_diagonal over 20 rho values, extending until FPR >= 0.5...
  rho=0.59986 (1/20)
    fp=0.0002 tp=0.0110  [8.2s]
   median nu  = 0.041
   median |eta| = 4.521
  rho=0.47075 (2/20)
    fp=0.0014 tp=0.0769  [8.3s]
   median nu  = 0.048
   median |eta| = 4.56
  rho=0.36942 (3/20)
    fp=0.0066 tp=0.1429  [8.2s]
   median nu  = 0.058
   median |eta| = 4.655
  rho=0.28991 (4/20)
    fp=0.0183 tp=0.2418  [8.1s]
   median nu  = 0.073
   median |eta| = 4.492
  rho=0.22751 (5/20)
    fp=0.0397 tp=0.4066  [8.2s]
   median nu  = 0.104
   median |eta| = 4.256
  rho=0.17854 (6/20)
    fp=0.0749 tp=0.5385  [8.1s]
   median nu  = 0.158
   median |eta| = 3.197
  rho=0.14011 (7/20)
    fp=0.1138 tp=0.6154  [8.0s]
   median nu  = 0.216
   median |eta| = 2.994
  rho=0.10995 (8/20)
    fp=0.1509 tp=0.6813  [8.2s]
   median nu  = 0.243
   median |eta| = 2.911
  rho=0.08629 (9/20)
    fp=0.1828 tp=0.7033  [8.1s]
   median nu  = 0.272
   median |eta| = 3.304
  rho=0.06771 (10/20)
    fp=0.2081 tp=0.7582  [8.0s]
   median nu  = 0.281
   median |eta| = 3.307
  rho=0.05314 (11/20)
    fp=0.2408 tp=0.7692  [7.6s]
   median nu  = 0.308
   median |eta| = 3.578
  rho=0.04170 (12/20)
    fp=0.2671 tp=0.7912  [7.3s]
   median nu  = 0.297
   median |eta| = 3.591
  rho=0.03273 (13/20)
    fp=0.2875 tp=0.7912  [6.6s]
   median nu  = 0.356
   median |eta| = 3.686
  rho=0.02568 (14/20)
    fp=0.3001 tp=0.8022  [6.2s]
   median nu  = 0.327
   median |eta| = 4.648
  rho=0.02015 (15/20)
    fp=0.3192 tp=0.8352  [6.3s]
   median nu  = 0.351
   median |eta| = 4.873
  rho=0.01582 (16/20)
    fp=0.3326 tp=0.8352  [6.2s]
   median nu  = 0.33
   median |eta| = 5.474
  rho=0.01241 (17/20)
    fp=0.3499 tp=0.8462  [6.1s]
   median nu  = 0.334
   median |eta| = 5.911
  rho=0.00974 (18/20)
    fp=0.3587 tp=0.8352  [6.2s]
   median nu  = 0.314
   median |eta| = 6.605
  rho=0.00764 (19/20)
    fp=0.3818 tp=0.8462  [5.9s]
   median nu  = 0.377
   median |eta| = 4.593
  rho=0.00600 (20/20)
    fp=0.3861 tp=0.8022  [5.8s]
   median nu  = 0.361
   median |eta| = 5.044
  rho=0.00471 (21/21)  [extra 1/50]
    fp=0.4155 tp=0.8571  [6.3s]
   median nu  = 1.495
   median |eta| = 0.045
  rho=0.00369 (22/22)  [extra 2/50]
    fp=0.4040 tp=0.8352  [5.8s]
   median nu  = 0.534
   median |eta| = 2.554
  rho=0.00290 (23/23)  [extra 3/50]
    fp=0.4375 tp=0.8901  [5.9s]
   median nu  = 2.31
   median |eta| = 0.016
  rho=0.00228 (24/24)  [extra 4/50]
    fp=0.4217 tp=0.8571  [6.1s]
   median nu  = 0.512
   median |eta| = 2.625
  rho=0.00179 (25/25)  [extra 5/50]
    fp=0.4554 tp=0.8571  [6.5s]
   median nu  = 3.165
   median |eta| = 0.005
  rho=0.00140 (26/26)  [extra 6/50]
    fp=0.4336 tp=0.8901  [6.3s]
   median nu  = 0.337
   median |eta| = 5.838
  rho=0.00110 (27/27)  [extra 7/50]
    fp=0.4672 tp=0.8901  [6.1s]
   median nu  = 3.557
   median |eta| = 0.003
  rho=0.00086 (28/28)  [extra 8/50]
    fp=0.4608 tp=0.8791  [6.0s]  [nu->NU_MAX x17]
   median nu  = 0.403
   median |eta| = 3.855
  rho=0.00068 (29/29)  [extra 9/50]
    fp=0.4890 tp=0.9011  [6.3s]  [nu->NU_MAX x349]
   median nu  = 3.409
   median |eta| = 0.009
  rho=0.00053 (30/30)  [extra 10/50]
    fp=0.4863 tp=0.8901  [6.3s]  [nu->NU_MAX x494]
   median nu  = 0.444
   median |eta| = 3.585
  rho=0.00042 (31/31)  [extra 11/50]
    fp=0.5125 tp=0.8901  [6.8s]  [nu->NU_MAX x1377]
   median nu  = 4.012
   median |eta| = 0.005
  FPR 0.5125 >= fp_end=0.5; stopping after 31 fits
  [note] 15/31 fits hit a glasso ConvergenceWarning (suppressed)
  grid extended by 11 points down to rho=0.00042, ending at FPR 0.5125
  pilot fit of run_em_exact at rho=0.30349
  -> rho_max = max|S_ij| (off-diag) = 0.60411
  rho grid: [0.60410916 0.47408069 0.37203955 0.29196174 0.22911989 0.17980412
 0.14110307 0.11073204 0.08689808 0.06819413 0.05351602 0.04199723
 0.03295775 0.02586392 0.02029697 0.01592825 0.01249985 0.00980938
 0.00769801 0.00604109]
Running run_em_exact over 20 rho values, extending until FPR >= 0.5...
  rho=0.60411 (1/20)
    fp=0.0002 tp=0.0110  [7.6s]
   median nu  = 0.041
   median |eta| = 4.502
  rho=0.47408 (2/20)
    fp=0.0012 tp=0.0659  [7.6s]
   median nu  = 0.048
   median |eta| = 4.576
  rho=0.37204 (3/20)
    fp=0.0066 tp=0.1429  [7.5s]
   median nu  = 0.058
   median |eta| = 4.52
  rho=0.29196 (4/20)
    fp=0.0185 tp=0.2308  [7.5s]
   median nu  = 0.074
   median |eta| = 3.308
  rho=0.22912 (5/20)
    fp=0.0432 tp=0.3956  [7.1s]
   median nu  = 0.106
   median |eta| = 1.997
  rho=0.17980 (6/20)
    fp=0.0856 tp=0.5495  [6.5s]
   median nu  = 0.195
   median |eta| = 1.247
  rho=0.14110 (7/20)
    fp=0.1336 tp=0.6264  [6.5s]
   median nu  = 0.352
   median |eta| = 0.66
  rho=0.11073 (8/20)
    fp=0.1803 tp=0.6923  [6.0s]
   median nu  = 0.516
   median |eta| = 0.352
  rho=0.08690 (9/20)
    fp=0.2202 tp=0.7143  [5.7s]
   median nu  = 0.705
   median |eta| = 0.186
  rho=0.06819 (10/20)
    fp=0.2618 tp=0.7582  [5.6s]
   median nu  = 0.919
   median |eta| = 0.102
  rho=0.05352 (11/20)
    fp=0.2964 tp=0.7912  [4.8s]
   median nu  = 1.145
   median |eta| = 0.054
  rho=0.04200 (12/20)
    fp=0.3246 tp=0.8242  [3.3s]
   median nu  = 1.387
   median |eta| = 0.03
  rho=0.03296 (13/20)
    fp=0.3503 tp=0.8462  [2.3s]
   median nu  = 1.629
   median |eta| = 0.016
  rho=0.02586 (14/20)
    fp=0.3795 tp=0.8571  [1.9s]
   median nu  = 1.902
   median |eta| = 0.009
  rho=0.02030 (15/20)
    fp=0.4034 tp=0.8462  [1.6s]
   median nu  = 2.215
   median |eta| = 0.005
  rho=0.01593 (16/20)
    fp=0.4219 tp=0.8462  [1.6s]
   median nu  = 2.554
   median |eta| = 0.003
  rho=0.01250 (17/20)
    fp=0.4361 tp=0.8571  [1.7s]
   median nu  = 2.903
   median |eta| = 0.001
  rho=0.00981 (18/20)
  [warn] glasso failed at iter 3: Non SPD result: the system is too ill-conditioned for this solver. The system is too ill-conditioned for this solver; keeping previous Theta
    fp=0.4487 tp=0.8571  [2.0s]  [STALE: glasso failed on 1 EM iters]
   median nu  = 3.309
   median |eta| = 0.001
  rho=0.00770 (19/20)
  [warn] glasso failed at iter 2: Non SPD result: the system is too ill-conditioned for this solver. The system is too ill-conditioned for this solver; keeping previous Theta
  [warn] glasso failed at iter 4: Non SPD result: the system is too ill-conditioned for this solver. The system is too ill-conditioned for this solver; keeping previous Theta
  [warn] glasso failed at iter 68: Non SPD result: the system is too ill-conditioned for this solver. The system is too ill-conditioned for this solver; keeping previous Theta
    fp=0.4563 tp=0.8571  [2.2s]  [STALE: glasso failed on 3 EM iters]
   median nu  = 3.759
   median |eta| = 0.0
  rho=0.00604 (20/20)
  [warn] glasso failed at iter 2: Non SPD result: the system is too ill-conditioned for this solver. The system is too ill-conditioned for this solver; keeping previous Theta
  [warn] glasso failed at iter 3: Non SPD result: the system is too ill-conditioned for this solver. The system is too ill-conditioned for this solver; keeping previous Theta
  [warn] glasso failed at iter 69: Non SPD result: the system is too ill-conditioned for this solver. The system is too ill-conditioned for this solver; keeping previous Theta
  [warn] glasso failed at iter 71: Non SPD result: the system is too ill-conditioned for this solver. The system is too ill-conditioned for this solver; keeping previous Theta
  [warn] glasso failed at iter 86: Non SPD result: the system is too ill-conditioned for this solver. The system is too ill-conditioned for this solver; keeping previous Theta
  [warn] glasso failed at iter 87: Non SPD result: the system is too ill-conditioned for this solver. The system is too ill-conditioned for this solver; keeping previous Theta
  [warn] glasso failed at iter 88: Non SPD result: the system is too ill-conditioned for this solver. The system is too ill-conditioned for this solver; keeping previous Theta
  [warn] glasso failed at iter 89: Non SPD result: the system is too ill-conditioned for this solver. The system is too ill-conditioned for this solver; keeping previous Theta
  [warn] glasso failed at iter 90: Non SPD result: the system is too ill-conditioned for this solver. The system is too ill-conditioned for this solver; keeping previous Theta
  [warn] glasso failed at iter 91: Non SPD result: the system is too ill-conditioned for this solver. The system is too ill-conditioned for this solver; keeping previous Theta
  [warn] glasso failed at iter 92: Non SPD result: the system is too ill-conditioned for this solver. The system is too ill-conditioned for this solver; keeping previous Theta
  [warn] glasso failed at iter 93: Non SPD result: the system is too ill-conditioned for this solver. The system is too ill-conditioned for this solver; keeping previous Theta
  [warn] glasso failed at iter 94: Non SPD result: the system is too ill-conditioned for this solver. The system is too ill-conditioned for this solver; keeping previous Theta
  [warn] glasso failed at iter 95: Non SPD result: the system is too ill-conditioned for this solver. The system is too ill-conditioned for this solver; keeping previous Theta
  [warn] glasso failed at iter 96: Non SPD result: the system is too ill-conditioned for this solver. The system is too ill-conditioned for this solver; keeping previous Theta
  [warn] glasso failed at iter 97: Non SPD result: the system is too ill-conditioned for this solver. The system is too ill-conditioned for this solver; keeping previous Theta
  [warn] glasso failed at iter 98: Non SPD result: the system is too ill-conditioned for this solver. The system is too ill-conditioned for this solver; keeping previous Theta
  [warn] glasso failed at iter 113: Non SPD result: the system is too ill-conditioned for this solver. The system is too ill-conditioned for this solver; keeping previous Theta
  [warn] glasso failed at iter 114: Non SPD result: the system is too ill-conditioned for this solver. The system is too ill-conditioned for this solver; keeping previous Theta
  [warn] glasso failed at iter 115: Non SPD result: the system is too ill-conditioned for this solver. The system is too ill-conditioned for this solver; keeping previous Theta
  [warn] glasso failed at iter 116: Non SPD result: the system is too ill-conditioned for this solver. The system is too ill-conditioned for this solver; keeping previous Theta
  [warn] glasso failed at iter 117: Non SPD result: the system is too ill-conditioned for this solver. The system is too ill-conditioned for this solver; keeping previous Theta
  [warn] glasso failed at iter 118: Non SPD result: the system is too ill-conditioned for this solver. The system is too ill-conditioned for this solver; keeping previous Theta
  [warn] glasso failed at iter 119: Non SPD result: the system is too ill-conditioned for this solver. The system is too ill-conditioned for this solver; keeping previous Theta
  [warn] glasso failed at iter 120: Non SPD result: the system is too ill-conditioned for this solver. The system is too ill-conditioned for this solver; keeping previous Theta
  [warn] glasso failed at iter 121: Non SPD result: the system is too ill-conditioned for this solver. The system is too ill-conditioned for this solver; keeping previous Theta
  [warn] glasso failed at iter 122: Non SPD result: the system is too ill-conditioned for this solver. The system is too ill-conditioned for this solver; keeping previous Theta
  [warn] glasso failed at iter 123: Non SPD result: the system is too ill-conditioned for this solver. The system is too ill-conditioned for this solver; keeping previous Theta
  [warn] glasso failed at iter 124: Non SPD result: the system is too ill-conditioned for this solver. The system is too ill-conditioned for this solver; keeping previous Theta
  [warn] glasso failed at iter 125: Non SPD result: the system is too ill-conditioned for this solver. The system is too ill-conditioned for this solver; keeping previous Theta
  [warn] glasso failed at iter 126: Non SPD result: the system is too ill-conditioned for this solver. The system is too ill-conditioned for this solver; keeping previous Theta
  [warn] glasso failed at iter 127: Non SPD result: the system is too ill-conditioned for this solver. The system is too ill-conditioned for this solver; keeping previous Theta
  [warn] glasso failed at iter 128: Non SPD result: the system is too ill-conditioned for this solver. The system is too ill-conditioned for this solver; keeping previous Theta
  [warn] glasso failed at iter 129: Non SPD result: the system is too ill-conditioned for this solver. The system is too ill-conditioned for this solver; keeping previous Theta
  [warn] glasso failed at iter 130: Non SPD result: the system is too ill-conditioned for this solver. The system is too ill-conditioned for this solver; keeping previous Theta
  [warn] glasso failed at iter 131: Non SPD result: the system is too ill-conditioned for this solver. The system is too ill-conditioned for this solver; keeping previous Theta
  [warn] glasso failed at iter 132: Non SPD result: the system is too ill-conditioned for this solver. The system is too ill-conditioned for this solver; keeping previous Theta
  [warn] glasso failed at iter 133: Non SPD result: the system is too ill-conditioned for this solver. The system is too ill-conditioned for this solver; keeping previous Theta
  [warn] glasso failed at iter 134: Non SPD result: the system is too ill-conditioned for this solver. The system is too ill-conditioned for this solver; keeping previous Theta
  [warn] glasso failed at iter 135: Non SPD result: the system is too ill-conditioned for this solver. The system is too ill-conditioned for this solver; keeping previous Theta
  [warn] glasso failed at iter 136: Non SPD result: the system is too ill-conditioned for this solver. The system is too ill-conditioned for this solver; keeping previous Theta
  [warn] glasso failed at iter 137: Non SPD result: the system is too ill-conditioned for this solver. The system is too ill-conditioned for this solver; keeping previous Theta
  [warn] glasso failed at iter 138: Non SPD result: the system is too ill-conditioned for this solver. The system is too ill-conditioned for this solver; keeping previous Theta
  [warn] glasso failed at iter 139: Non SPD result: the system is too ill-conditioned for this solver. The system is too ill-conditioned for this solver; keeping previous Theta
  [warn] glasso failed at iter 140: Non SPD result: the system is too ill-conditioned for this solver. The system is too ill-conditioned for this solver; keeping previous Theta
  [warn] glasso failed at iter 141: Non SPD result: the system is too ill-conditioned for this solver. The system is too ill-conditioned for this solver; keeping previous Theta
  [warn] glasso failed at iter 142: Non SPD result: the system is too ill-conditioned for this solver. The system is too ill-conditioned for this solver; keeping previous Theta
  [warn] glasso failed at iter 143: Non SPD result: the system is too ill-conditioned for this solver. The system is too ill-conditioned for this solver; keeping previous Theta
  [warn] glasso failed at iter 144: Non SPD result: the system is too ill-conditioned for this solver. The system is too ill-conditioned for this solver; keeping previous Theta
  [warn] glasso failed at iter 145: Non SPD result: the system is too ill-conditioned for this solver. The system is too ill-conditioned for this solver; keeping previous Theta
  [warn] glasso failed at iter 146: Non SPD result: the system is too ill-conditioned for this solver. The system is too ill-conditioned for this solver; keeping previous Theta
  [warn] glasso failed at iter 147: Non SPD result: the system is too ill-conditioned for this solver. The system is too ill-conditioned for this solver; keeping previous Theta
  [warn] glasso failed at iter 148: Non SPD result: the system is too ill-conditioned for this solver. The system is too ill-conditioned for this solver; keeping previous Theta
  [warn] glasso failed at iter 149: Non SPD result: the system is too ill-conditioned for this solver. The system is too ill-conditioned for this solver; keeping previous Theta
  [warn] glasso failed at iter 150: Non SPD result: the system is too ill-conditioned for this solver. The system is too ill-conditioned for this solver; keeping previous Theta
  [warn] glasso failed at iter 151: Non SPD result: the system is too ill-conditioned for this solver. The system is too ill-conditioned for this solver; keeping previous Theta
  [warn] glasso failed at iter 152: Non SPD result: the system is too ill-conditioned for this solver. The system is too ill-conditioned for this solver; keeping previous Theta
  [warn] glasso failed at iter 153: Non SPD result: the system is too ill-conditioned for this solver. The system is too ill-conditioned for this solver; keeping previous Theta
  [warn] glasso failed at iter 154: Non SPD result: the system is too ill-conditioned for this solver. The system is too ill-conditioned for this solver; keeping previous Theta
  [warn] glasso failed at iter 155: Non SPD result: the system is too ill-conditioned for this solver. The system is too ill-conditioned for this solver; keeping previous Theta
  [warn] glasso failed at iter 156: Non SPD result: the system is too ill-conditioned for this solver. The system is too ill-conditioned for this solver; keeping previous Theta
  [warn] glasso failed at iter 157: Non SPD result: the system is too ill-conditioned for this solver. The system is too ill-conditioned for this solver; keeping previous Theta
  [warn] glasso failed at iter 158: Non SPD result: the system is too ill-conditioned for this solver. The system is too ill-conditioned for this solver; keeping previous Theta
  [warn] glasso failed at iter 159: Non SPD result: the system is too ill-conditioned for this solver. The system is too ill-conditioned for this solver; keeping previous Theta
  [warn] glasso failed at iter 160: Non SPD result: the system is too ill-conditioned for this solver. The system is too ill-conditioned for this solver; keeping previous Theta
  [warn] glasso failed at iter 161: Non SPD result: the system is too ill-conditioned for this solver. The system is too ill-conditioned for this solver; keeping previous Theta
  [warn] glasso failed at iter 162: Non SPD result: the system is too ill-conditioned for this solver. The system is too ill-conditioned for this solver; keeping previous Theta
  [warn] glasso failed at iter 163: Non SPD result: the system is too ill-conditioned for this solver. The system is too ill-conditioned for this solver; keeping previous Theta
  [warn] glasso failed at iter 164: Non SPD result: the system is too ill-conditioned for this solver. The system is too ill-conditioned for this solver; keeping previous Theta
  [warn] glasso failed at iter 165: Non SPD result: the system is too ill-conditioned for this solver. The system is too ill-conditioned for this solver; keeping previous Theta
  [warn] glasso failed at iter 166: Non SPD result: the system is too ill-conditioned for this solver. The system is too ill-conditioned for this solver; keeping previous Theta
  [warn] glasso failed at iter 167: Non SPD result: the system is too ill-conditioned for this solver. The system is too ill-conditioned for this solver; keeping previous Theta
  [warn] glasso failed at iter 168: Non SPD result: the system is too ill-conditioned for this solver. The system is too ill-conditioned for this solver; keeping previous Theta
  [warn] glasso failed at iter 169: Non SPD result: the system is too ill-conditioned for this solver. The system is too ill-conditioned for this solver; keeping previous Theta
  [warn] glasso failed at iter 170: Non SPD result: the system is too ill-conditioned for this solver. The system is too ill-conditioned for this solver; keeping previous Theta
  [warn] glasso failed at iter 171: Non SPD result: the system is too ill-conditioned for this solver. The system is too ill-conditioned for this solver; keeping previous Theta
  [warn] glasso failed at iter 172: Non SPD result: the system is too ill-conditioned for this solver. The system is too ill-conditioned for this solver; keeping previous Theta
  [warn] glasso failed at iter 173: Non SPD result: the system is too ill-conditioned for this solver. The system is too ill-conditioned for this solver; keeping previous Theta
  [warn] glasso failed at iter 174: Non SPD result: the system is too ill-conditioned for this solver. The system is too ill-conditioned for this solver; keeping previous Theta
  [warn] glasso failed at iter 175: Non SPD result: the system is too ill-conditioned for this solver. The system is too ill-conditioned for this solver; keeping previous Theta
  [warn] glasso failed at iter 176: Non SPD result: the system is too ill-conditioned for this solver. The system is too ill-conditioned for this solver; keeping previous Theta
  [warn] glasso failed at iter 177: Non SPD result: the system is too ill-conditioned for this solver. The system is too ill-conditioned for this solver; keeping previous Theta
  [warn] glasso failed at iter 178: Non SPD result: the system is too ill-conditioned for this solver. The system is too ill-conditioned for this solver; keeping previous Theta
  [warn] glasso failed at iter 179: Non SPD result: the system is too ill-conditioned for this solver. The system is too ill-conditioned for this solver; keeping previous Theta
  [warn] glasso failed at iter 180: Non SPD result: the system is too ill-conditioned for this solver. The system is too ill-conditioned for this solver; keeping previous Theta
  [warn] glasso failed at iter 181: Non SPD result: the system is too ill-conditioned for this solver. The system is too ill-conditioned for this solver; keeping previous Theta
  [warn] glasso failed at iter 182: Non SPD result: the system is too ill-conditioned for this solver. The system is too ill-conditioned for this solver; keeping previous Theta
  [warn] glasso failed at iter 183: Non SPD result: the system is too ill-conditioned for this solver. The system is too ill-conditioned for this solver; keeping previous Theta
  [warn] glasso failed at iter 184: Non SPD result: the system is too ill-conditioned for this solver. The system is too ill-conditioned for this solver; keeping previous Theta
  [warn] glasso failed at iter 185: Non SPD result: the system is too ill-conditioned for this solver. The system is too ill-conditioned for this solver; keeping previous Theta
    fp=0.1181 tp=0.2967  [8.2s]  [STALE: glasso failed on 90 EM iters]  [nu->NU_MAX x3878]
   median nu  = 9.36
   median |eta| = 0.0
  rho=0.00474 (21/21)  [extra 1/50]
  [warn] glasso failed at iter 19: Non SPD result: the system is too ill-conditioned for this solver. The system is too ill-conditioned for this solver; keeping previous Theta
  [warn] glasso failed at iter 20: Non SPD result: the system is too ill-conditioned for this solver. The system is too ill-conditioned for this solver; keeping previous Theta
  [warn] glasso failed at iter 44: Non SPD result: the system is too ill-conditioned for this solver. The system is too ill-conditioned for this solver; keeping previous Theta
  [warn] glasso failed at iter 54: Non SPD result: the system is too ill-conditioned for this solver. The system is too ill-conditioned for this solver; keeping previous Theta
  [warn] glasso failed at iter 55: Non SPD result: the system is too ill-conditioned for this solver. The system is too ill-conditioned for this solver; keeping previous Theta
  [warn] glasso failed at iter 56: Non SPD result: the system is too ill-conditioned for this solver. The system is too ill-conditioned for this solver; keeping previous Theta
  [warn] glasso failed at iter 57: Non SPD result: the system is too ill-conditioned for this solver. The system is too ill-conditioned for this solver; keeping previous Theta
  [warn] glasso failed at iter 58: Non SPD result: the system is too ill-conditioned for this solver. The system is too ill-conditioned for this solver; keeping previous Theta
  [warn] glasso failed at iter 59: Non SPD result: the system is too ill-conditioned for this solver. The system is too ill-conditioned for this solver; keeping previous Theta
  [warn] glasso failed at iter 60: Non SPD result: the system is too ill-conditioned for this solver. The system is too ill-conditioned for this solver; keeping previous Theta
  [warn] glasso failed at iter 61: Non SPD result: the system is too ill-conditioned for this solver. The system is too ill-conditioned for this solver; keeping previous Theta
  [warn] glasso failed at iter 62: Non SPD result: the system is too ill-conditioned for this solver. The system is too ill-conditioned for this solver; keeping previous Theta
  [warn] glasso failed at iter 63: Non SPD result: the system is too ill-conditioned for this solver. The system is too ill-conditioned for this solver; keeping previous Theta
  [warn] glasso failed at iter 64: Non SPD result: the system is too ill-conditioned for this solver. The system is too ill-conditioned for this solver; keeping previous Theta
  [warn] glasso failed at iter 65: Non SPD result: the system is too ill-conditioned for this solver. The system is too ill-conditioned for this solver; keeping previous Theta
  [warn] glasso failed at iter 66: Non SPD result: the system is too ill-conditioned for this solver. The system is too ill-conditioned for this solver; keeping previous Theta
  [warn] glasso failed at iter 67: Non SPD result: the system is too ill-conditioned for this solver. The system is too ill-conditioned for this solver; keeping previous Theta
  [warn] glasso failed at iter 68: Non SPD result: the system is too ill-conditioned for this solver. The system is too ill-conditioned for this solver; keeping previous Theta
  [warn] glasso failed at iter 69: Non SPD result: the system is too ill-conditioned for this solver. The system is too ill-conditioned for this solver; keeping previous Theta
  [warn] glasso failed at iter 70: Non SPD result: the system is too ill-conditioned for this solver. The system is too ill-conditioned for this solver; keeping previous Theta
  [warn] glasso failed at iter 71: Non SPD result: the system is too ill-conditioned for this solver. The system is too ill-conditioned for this solver; keeping previous Theta
  [warn] glasso failed at iter 72: Non SPD result: the system is too ill-conditioned for this solver. The system is too ill-conditioned for this solver; keeping previous Theta
  [warn] glasso failed at iter 73: Non SPD result: the system is too ill-conditioned for this solver. The system is too ill-conditioned for this solver; keeping previous Theta
  [warn] glasso failed at iter 74: Non SPD result: the system is too ill-conditioned for this solver. The system is too ill-conditioned for this solver; keeping previous Theta
  [warn] glasso failed at iter 75: Non SPD result: the system is too ill-conditioned for this solver. The system is too ill-conditioned for this solver; keeping previous Theta
  [warn] glasso failed at iter 76: Non SPD result: the system is too ill-conditioned for this solver. The system is too ill-conditioned for this solver; keeping previous Theta
  [warn] glasso failed at iter 77: Non SPD result: the system is too ill-conditioned for this solver. The system is too ill-conditioned for this solver; keeping previous Theta
  [warn] glasso failed at iter 78: Non SPD result: the system is too ill-conditioned for this solver. The system is too ill-conditioned for this solver; keeping previous Theta
  [warn] glasso failed at iter 79: Non SPD result: the system is too ill-conditioned for this solver. The system is too ill-conditioned for this solver; keeping previous Theta
  [warn] glasso failed at iter 80: Non SPD result: the system is too ill-conditioned for this solver. The system is too ill-conditioned for this solver; keeping previous Theta
  [warn] glasso failed at iter 81: Non SPD result: the system is too ill-conditioned for this solver. The system is too ill-conditioned for this solver; keeping previous Theta
  [warn] glasso failed at iter 82: Non SPD result: the system is too ill-conditioned for this solver. The system is too ill-conditioned for this solver; keeping previous Theta
  [warn] glasso failed at iter 83: Non SPD result: the system is too ill-conditioned for this solver. The system is too ill-conditioned for this solver; keeping previous Theta
  [warn] glasso failed at iter 84: Non SPD result: the system is too ill-conditioned for this solver. The system is too ill-conditioned for this solver; keeping previous Theta
  [warn] glasso failed at iter 85: Non SPD result: the system is too ill-conditioned for this solver. The system is too ill-conditioned for this solver; keeping previous Theta
  [warn] glasso failed at iter 86: Non SPD result: the system is too ill-conditioned for this solver. The system is too ill-conditioned for this solver; keeping previous Theta
  [warn] glasso failed at iter 87: Non SPD result: the system is too ill-conditioned for this solver. The system is too ill-conditioned for this solver; keeping previous Theta
  [warn] glasso failed at iter 88: Non SPD result: the system is too ill-conditioned for this solver. The system is too ill-conditioned for this solver; keeping previous Theta
  [warn] glasso failed at iter 89: Non SPD result: the system is too ill-conditioned for this solver. The system is too ill-conditioned for this solver; keeping previous Theta
  [warn] glasso failed at iter 90: Non SPD result: the system is too ill-conditioned for this solver. The system is too ill-conditioned for this solver; keeping previous Theta
  [warn] glasso failed at iter 91: Non SPD result: the system is too ill-conditioned for this solver. The system is too ill-conditioned for this solver; keeping previous Theta
  [warn] glasso failed at iter 92: Non SPD result: the system is too ill-conditioned for this solver. The system is too ill-conditioned for this solver; keeping previous Theta
  [warn] glasso failed at iter 93: Non SPD result: the system is too ill-conditioned for this solver. The system is too ill-conditioned for this solver; keeping previous Theta
  [warn] glasso failed at iter 105: Non SPD result: the system is too ill-conditioned for this solver. The system is too ill-conditioned for this solver; keeping previous Theta
  [warn] glasso failed at iter 106: Non SPD result: the system is too ill-conditioned for this solver. The system is too ill-conditioned for this solver; keeping previous Theta
  [warn] glasso failed at iter 107: Non SPD result: the system is too ill-conditioned for this solver. The system is too ill-conditioned for this solver; keeping previous Theta
  [warn] glasso failed at iter 108: Non SPD result: the system is too ill-conditioned for this solver. The system is too ill-conditioned for this solver; keeping previous Theta
  [warn] glasso failed at iter 109: Non SPD result: the system is too ill-conditioned for this solver. The system is too ill-conditioned for this solver; keeping previous Theta
  [warn] glasso failed at iter 110: Non SPD result: the system is too ill-conditioned for this solver. The system is too ill-conditioned for this solver; keeping previous Theta
  [warn] glasso failed at iter 111: Non SPD result: the system is too ill-conditioned for this solver. The system is too ill-conditioned for this solver; keeping previous Theta
  [warn] glasso failed at iter 112: Non SPD result: the system is too ill-conditioned for this solver. The system is too ill-conditioned for this solver; keeping previous Theta
  [warn] glasso failed at iter 113: Non SPD result: the system is too ill-conditioned for this solver. The system is too ill-conditioned for this solver; keeping previous Theta
  [warn] glasso failed at iter 114: Non SPD result: the system is too ill-conditioned for this solver. The system is too ill-conditioned for this solver; keeping previous Theta
  [warn] glasso failed at iter 115: Non SPD result: the system is too ill-conditioned for this solver. The system is too ill-conditioned for this solver; keeping previous Theta
  [warn] glasso failed at iter 116: Non SPD result: the system is too ill-conditioned for this solver. The system is too ill-conditioned for this solver; keeping previous Theta
  [warn] glasso failed at iter 117: Non SPD result: the system is too ill-conditioned for this solver. The system is too ill-conditioned for this solver; keeping previous Theta
  [warn] glasso failed at iter 118: Non SPD result: the system is too ill-conditioned for this solver. The system is too ill-conditioned for this solver; keeping previous Theta
  [warn] glasso failed at iter 119: Non SPD result: the system is too ill-conditioned for this solver. The system is too ill-conditioned for this solver; keeping previous Theta
  [warn] glasso failed at iter 120: Non SPD result: the system is too ill-conditioned for this solver. The system is too ill-conditioned for this solver; keeping previous Theta
  [warn] glasso failed at iter 121: Non SPD result: the system is too ill-conditioned for this solver. The system is too ill-conditioned for this solver; keeping previous Theta
  [warn] glasso failed at iter 122: Non SPD result: the system is too ill-conditioned for this solver. The system is too ill-conditioned for this solver; keeping previous Theta
  [warn] glasso failed at iter 123: Non SPD result: the system is too ill-conditioned for this solver. The system is too ill-conditioned for this solver; keeping previous Theta
  [warn] glasso failed at iter 124: Non SPD result: the system is too ill-conditioned for this solver. The system is too ill-conditioned for this solver; keeping previous Theta
  [warn] glasso failed at iter 125: Non SPD result: the system is too ill-conditioned for this solver. The system is too ill-conditioned for this solver; keeping previous Theta
  [warn] glasso failed at iter 126: Non SPD result: the system is too ill-conditioned for this solver. The system is too ill-conditioned for this solver; keeping previous Theta
  [warn] glasso failed at iter 127: Non SPD result: the system is too ill-conditioned for this solver. The system is too ill-conditioned for this solver; keeping previous Theta
  [warn] glasso failed at iter 128: Non SPD result: the system is too ill-conditioned for this solver. The system is too ill-conditioned for this solver; keeping previous Theta
  [warn] glasso failed at iter 129: Non SPD result: the system is too ill-conditioned for this solver. The system is too ill-conditioned for this solver; keeping previous Theta
  [warn] glasso failed at iter 130: Non SPD result: the system is too ill-conditioned for this solver. The system is too ill-conditioned for this solver; keeping previous Theta
  [warn] glasso failed at iter 131: Non SPD result: the system is too ill-conditioned for this solver. The system is too ill-conditioned for this solver; keeping previous Theta
  [warn] glasso failed at iter 132: Non SPD result: the system is too ill-conditioned for this solver. The system is too ill-conditioned for this solver; keeping previous Theta
  [warn] glasso failed at iter 133: Non SPD result: the system is too ill-conditioned for this solver. The system is too ill-conditioned for this solver; keeping previous Theta
  [warn] glasso failed at iter 134: Non SPD result: the system is too ill-conditioned for this solver. The system is too ill-conditioned for this solver; keeping previous Theta
  [warn] glasso failed at iter 135: Non SPD result: the system is too ill-conditioned for this solver. The system is too ill-conditioned for this solver; keeping previous Theta
  [warn] glasso failed at iter 136: Non SPD result: the system is too ill-conditioned for this solver. The system is too ill-conditioned for this solver; keeping previous Theta
  [warn] glasso failed at iter 137: Non SPD result: the system is too ill-conditioned for this solver. The system is too ill-conditioned for this solver; keeping previous Theta
  [warn] glasso failed at iter 138: Non SPD result: the system is too ill-conditioned for this solver. The system is too ill-conditioned for this solver; keeping previous Theta
  [warn] glasso failed at iter 139: Non SPD result: the system is too ill-conditioned for this solver. The system is too ill-conditioned for this solver; keeping previous Theta
  [warn] glasso failed at iter 140: Non SPD result: the system is too ill-conditioned for this solver. The system is too ill-conditioned for this solver; keeping previous Theta
  [warn] glasso failed at iter 141: Non SPD result: the system is too ill-conditioned for this solver. The system is too ill-conditioned for this solver; keeping previous Theta
  [warn] glasso failed at iter 142: Non SPD result: the system is too ill-conditioned for this solver. The system is too ill-conditioned for this solver; keeping previous Theta
    fp=0.1292 tp=0.3187  [9.6s]  [STALE: glasso failed on 81 EM iters]  [nu->NU_MAX x3443]
   median nu  = 9.982
   median |eta| = 0.0
  rho=0.00372 (22/22)  [extra 2/50]
  [warn] glasso failed at iter 0: Non SPD result: the system is too ill-conditioned for this solver. The system is too ill-conditioned for this solver; keeping previous Theta
  [warn] glasso failed at iter 16: Non SPD result: the system is too ill-conditioned for this solver. The system is too ill-conditioned for this solver; keeping previous Theta
  [warn] glasso failed at iter 22: Non SPD result: the system is too ill-conditioned for this solver. The system is too ill-conditioned for this solver; keeping previous Theta
  [warn] glasso failed at iter 34: Non SPD result: the system is too ill-conditioned for this solver. The system is too ill-conditioned for this solver; keeping previous Theta
  [warn] glasso failed at iter 36: Non SPD result: the system is too ill-conditioned for this solver. The system is too ill-conditioned for this solver; keeping previous Theta
  [warn] glasso failed at iter 46: Non SPD result: the system is too ill-conditioned for this solver. The system is too ill-conditioned for this solver; keeping previous Theta
  [warn] glasso failed at iter 47: Non SPD result: the system is too ill-conditioned for this solver. The system is too ill-conditioned for this solver; keeping previous Theta
  [warn] glasso failed at iter 49: Non SPD result: the system is too ill-conditioned for this solver. The system is too ill-conditioned for this solver; keeping previous Theta
  [warn] glasso failed at iter 50: Non SPD result: the system is too ill-conditioned for this solver. The system is too ill-conditioned for this solver; keeping previous Theta
  [warn] glasso failed at iter 51: Non SPD result: the system is too ill-conditioned for this solver. The system is too ill-conditioned for this solver; keeping previous Theta
  [warn] glasso failed at iter 52: Non SPD result: the system is too ill-conditioned for this solver. The system is too ill-conditioned for this solver; keeping previous Theta
  [warn] glasso failed at iter 53: Non SPD result: the system is too ill-conditioned for this solver. The system is too ill-conditioned for this solver; keeping previous Theta
  [warn] glasso failed at iter 54: Non SPD result: the system is too ill-conditioned for this solver. The system is too ill-conditioned for this solver; keeping previous Theta
  [warn] glasso failed at iter 55: Non SPD result: the system is too ill-conditioned for this solver. The system is too ill-conditioned for this solver; keeping previous Theta
  [warn] glasso failed at iter 56: Non SPD result: the system is too ill-conditioned for this solver. The system is too ill-conditioned for this solver; keeping previous Theta
  [warn] glasso failed at iter 57: Non SPD result: the system is too ill-conditioned for this solver. The system is too ill-conditioned for this solver; keeping previous Theta
  [warn] glasso failed at iter 58: Non SPD result: the system is too ill-conditioned for this solver. The system is too ill-conditioned for this solver; keeping previous Theta
  [warn] glasso failed at iter 59: Non SPD result: the system is too ill-conditioned for this solver. The system is too ill-conditioned for this solver; keeping previous Theta
  [warn] glasso failed at iter 60: Non SPD result: the system is too ill-conditioned for this solver. The system is too ill-conditioned for this solver; keeping previous Theta
  [warn] glasso failed at iter 61: Non SPD result: the system is too ill-conditioned for this solver. The system is too ill-conditioned for this solver; keeping previous Theta
  [warn] glasso failed at iter 62: Non SPD result: the system is too ill-conditioned for this solver. The system is too ill-conditioned for this solver; keeping previous Theta
  [warn] glasso failed at iter 63: Non SPD result: the system is too ill-conditioned for this solver. The system is too ill-conditioned for this solver; keeping previous Theta
  [warn] glasso failed at iter 64: Non SPD result: the system is too ill-conditioned for this solver. The system is too ill-conditioned for this solver; keeping previous Theta
  [warn] glasso failed at iter 65: Non SPD result: the system is too ill-conditioned for this solver. The system is too ill-conditioned for this solver; keeping previous Theta
  [warn] glasso failed at iter 66: Non SPD result: the system is too ill-conditioned for this solver. The system is too ill-conditioned for this solver; keeping previous Theta
  [warn] glasso failed at iter 67: Non SPD result: the system is too ill-conditioned for this solver. The system is too ill-conditioned for this solver; keeping previous Theta
  [warn] glasso failed at iter 68: Non SPD result: the system is too ill-conditioned for this solver. The system is too ill-conditioned for this solver; keeping previous Theta
  [warn] glasso failed at iter 69: Non SPD result: the system is too ill-conditioned for this solver. The system is too ill-conditioned for this solver; keeping previous Theta
  [warn] glasso failed at iter 70: Non SPD result: the system is too ill-conditioned for this solver. The system is too ill-conditioned for this solver; keeping previous Theta
  [warn] glasso failed at iter 71: Non SPD result: the system is too ill-conditioned for this solver. The system is too ill-conditioned for this solver; keeping previous Theta
  [warn] glasso failed at iter 72: Non SPD result: the system is too ill-conditioned for this solver. The system is too ill-conditioned for this solver; keeping previous Theta
  [warn] glasso failed at iter 73: Non SPD result: the system is too ill-conditioned for this solver. The system is too ill-conditioned for this solver; keeping previous Theta
  [warn] glasso failed at iter 74: Non SPD result: the system is too ill-conditioned for this solver. The system is too ill-conditioned for this solver; keeping previous Theta
  [warn] glasso failed at iter 75: Non SPD result: the system is too ill-conditioned for this solver. The system is too ill-conditioned for this solver; keeping previous Theta
  [warn] glasso failed at iter 76: Non SPD result: the system is too ill-conditioned for this solver. The system is too ill-conditioned for this solver; keeping previous Theta
    fp=0.2702 tp=0.5714  [4.0s]  [STALE: glasso failed on 35 EM iters]  [nu->NU_MAX x965]
   median nu  = 8.058
   median |eta| = 0.0
  rho=0.00292 (23/23)  [extra 3/50]
  [warn] glasso failed at iter 0: Non SPD result: the system is too ill-conditioned for this solver. The system is too ill-conditioned for this solver; keeping previous Theta
  [warn] glasso failed at iter 20: Non SPD result: the system is too ill-conditioned for this solver. The system is too ill-conditioned for this solver; keeping previous Theta
  [warn] glasso failed at iter 23: Non SPD result: the system is too ill-conditioned for this solver. The system is too ill-conditioned for this solver; keeping previous Theta
  [warn] glasso failed at iter 40: Non SPD result: the system is too ill-conditioned for this solver. The system is too ill-conditioned for this solver; keeping previous Theta
  [warn] glasso failed at iter 43: Non SPD result: the system is too ill-conditioned for this solver. The system is too ill-conditioned for this solver; keeping previous Theta
  [warn] glasso failed at iter 44: Non SPD result: the system is too ill-conditioned for this solver. The system is too ill-conditioned for this solver; keeping previous Theta
  [warn] glasso failed at iter 52: Non SPD result: the system is too ill-conditioned for this solver. The system is too ill-conditioned for this solver; keeping previous Theta
  [warn] glasso failed at iter 61: Non SPD result: the system is too ill-conditioned for this solver. The system is too ill-conditioned for this solver; keeping previous Theta
  [warn] glasso failed at iter 62: Non SPD result: the system is too ill-conditioned for this solver. The system is too ill-conditioned for this solver; keeping previous Theta
  [warn] glasso failed at iter 63: Non SPD result: the system is too ill-conditioned for this solver. The system is too ill-conditioned for this solver; keeping previous Theta
  [warn] glasso failed at iter 64: Non SPD result: the system is too ill-conditioned for this solver. The system is too ill-conditioned for this solver; keeping previous Theta
  [warn] glasso failed at iter 65: Non SPD result: the system is too ill-conditioned for this solver. The system is too ill-conditioned for this solver; keeping previous Theta
  [warn] glasso failed at iter 66: Non SPD result: the system is too ill-conditioned for this solver. The system is too ill-conditioned for this solver; keeping previous Theta
  [warn] glasso failed at iter 67: Non SPD result: the system is too ill-conditioned for this solver. The system is too ill-conditioned for this solver; keeping previous Theta
  [warn] glasso failed at iter 68: Non SPD result: the system is too ill-conditioned for this solver. The system is too ill-conditioned for this solver; keeping previous Theta
  [warn] glasso failed at iter 69: Non SPD result: the system is too ill-conditioned for this solver. The system is too ill-conditioned for this solver; keeping previous Theta
  [warn] glasso failed at iter 70: Non SPD result: the system is too ill-conditioned for this solver. The system is too ill-conditioned for this solver; keeping previous Theta
  [warn] glasso failed at iter 71: Non SPD result: the system is too ill-conditioned for this solver. The system is too ill-conditioned for this solver; keeping previous Theta
  [warn] glasso failed at iter 72: Non SPD result: the system is too ill-conditioned for this solver. The system is too ill-conditioned for this solver; keeping previous Theta
  [warn] glasso failed at iter 73: Non SPD result: the system is too ill-conditioned for this solver. The system is too ill-conditioned for this solver; keeping previous Theta
  [warn] glasso failed at iter 74: Non SPD result: the system is too ill-conditioned for this solver. The system is too ill-conditioned for this solver; keeping previous Theta
  [warn] glasso failed at iter 75: Non SPD result: the system is too ill-conditioned for this solver. The system is too ill-conditioned for this solver; keeping previous Theta
  [warn] glasso failed at iter 76: Non SPD result: the system is too ill-conditioned for this solver. The system is too ill-conditioned for this solver; keeping previous Theta
  [warn] glasso failed at iter 77: Non SPD result: the system is too ill-conditioned for this solver. The system is too ill-conditioned for this solver; keeping previous Theta
  [warn] glasso failed at iter 78: Non SPD result: the system is too ill-conditioned for this solver. The system is too ill-conditioned for this solver; keeping previous Theta
  [warn] glasso failed at iter 79: Non SPD result: the system is too ill-conditioned for this solver. The system is too ill-conditioned for this solver; keeping previous Theta
  [warn] glasso failed at iter 80: Non SPD result: the system is too ill-conditioned for this solver. The system is too ill-conditioned for this solver; keeping previous Theta
  [warn] glasso failed at iter 81: Non SPD result: the system is too ill-conditioned for this solver. The system is too ill-conditioned for this solver; keeping previous Theta
  [warn] glasso failed at iter 82: Non SPD result: the system is too ill-conditioned for this solver. The system is too ill-conditioned for this solver; keeping previous Theta
  [warn] glasso failed at iter 83: Non SPD result: the system is too ill-conditioned for this solver. The system is too ill-conditioned for this solver; keeping previous Theta
  [warn] glasso failed at iter 84: Non SPD result: the system is too ill-conditioned for this solver. The system is too ill-conditioned for this solver; keeping previous Theta
  [warn] glasso failed at iter 85: Non SPD result: the system is too ill-conditioned for this solver. The system is too ill-conditioned for this solver; keeping previous Theta
  [warn] glasso failed at iter 86: Non SPD result: the system is too ill-conditioned for this solver. The system is too ill-conditioned for this solver; keeping previous Theta
  [warn] glasso failed at iter 87: Non SPD result: the system is too ill-conditioned for this solver. The system is too ill-conditioned for this solver; keeping previous Theta
  [warn] glasso failed at iter 88: Non SPD result: the system is too ill-conditioned for this solver. The system is too ill-conditioned for this solver; keeping previous Theta
  [warn] glasso failed at iter 89: Non SPD result: the system is too ill-conditioned for this solver. The system is too ill-conditioned for this solver; keeping previous Theta
  [warn] glasso failed at iter 90: Non SPD result: the system is too ill-conditioned for this solver. The system is too ill-conditioned for this solver; keeping previous Theta
  [warn] glasso failed at iter 91: Non SPD result: the system is too ill-conditioned for this solver. The system is too ill-conditioned for this solver; keeping previous Theta
  [warn] glasso failed at iter 92: Non SPD result: the system is too ill-conditioned for this solver. The system is too ill-conditioned for this solver; keeping previous Theta
    fp=0.2048 tp=0.4176  [5.5s]  [STALE: glasso failed on 39 EM iters]  [nu->NU_MAX x1934]
   median nu  = 9.09
   median |eta| = 0.0
  rho=0.00229 (24/24)  [extra 4/50]
  [warn] glasso failed at iter 12: Non SPD result: the system is too ill-conditioned for this solver. The system is too ill-conditioned for this solver; keeping previous Theta
  [warn] glasso failed at iter 21: Non SPD result: the system is too ill-conditioned for this solver. The system is too ill-conditioned for this solver; keeping previous Theta
  [warn] glasso failed at iter 25: Non SPD result: the system is too ill-conditioned for this solver. The system is too ill-conditioned for this solver; keeping previous Theta
  [warn] glasso failed at iter 26: Non SPD result: the system is too ill-conditioned for this solver. The system is too ill-conditioned for this solver; keeping previous Theta
  [warn] glasso failed at iter 28: Non SPD result: the system is too ill-conditioned for this solver. The system is too ill-conditioned for this solver; keeping previous Theta
  [warn] glasso failed at iter 33: Non SPD result: the system is too ill-conditioned for this solver. The system is too ill-conditioned for this solver; keeping previous Theta
  [warn] glasso failed at iter 42: Non SPD result: the system is too ill-conditioned for this solver. The system is too ill-conditioned for this solver; keeping previous Theta
  [warn] glasso failed at iter 44: Non SPD result: the system is too ill-conditioned for this solver. The system is too ill-conditioned for this solver; keeping previous Theta
  [warn] glasso failed at iter 45: Non SPD result: the system is too ill-conditioned for this solver. The system is too ill-conditioned for this solver; keeping previous Theta
  [warn] glasso failed at iter 50: Non SPD result: the system is too ill-conditioned for this solver. The system is too ill-conditioned for this solver; keeping previous Theta
  [warn] glasso failed at iter 61: Non SPD result: the system is too ill-conditioned for this solver. The system is too ill-conditioned for this solver; keeping previous Theta
  [warn] glasso failed at iter 62: Non SPD result: the system is too ill-conditioned for this solver. The system is too ill-conditioned for this solver; keeping previous Theta
  [warn] glasso failed at iter 63: Non SPD result: the system is too ill-conditioned for this solver. The system is too ill-conditioned for this solver; keeping previous Theta
  [warn] glasso failed at iter 64: Non SPD result: the system is too ill-conditioned for this solver. The system is too ill-conditioned for this solver; keeping previous Theta
  [warn] glasso failed at iter 65: Non SPD result: the system is too ill-conditioned for this solver. The system is too ill-conditioned for this solver; keeping previous Theta
  [warn] glasso failed at iter 66: Non SPD result: the system is too ill-conditioned for this solver. The system is too ill-conditioned for this solver; keeping previous Theta
  [warn] glasso failed at iter 67: Non SPD result: the system is too ill-conditioned for this solver. The system is too ill-conditioned for this solver; keeping previous Theta
  [warn] glasso failed at iter 68: Non SPD result: the system is too ill-conditioned for this solver. The system is too ill-conditioned for this solver; keeping previous Theta
  [warn] glasso failed at iter 69: Non SPD result: the system is too ill-conditioned for this solver. The system is too ill-conditioned for this solver; keeping previous Theta
  [warn] glasso failed at iter 70: Non SPD result: the system is too ill-conditioned for this solver. The system is too ill-conditioned for this solver; keeping previous Theta
  [warn] glasso failed at iter 71: Non SPD result: the system is too ill-conditioned for this solver. The system is too ill-conditioned for this solver; keeping previous Theta
  [warn] glasso failed at iter 72: Non SPD result: the system is too ill-conditioned for this solver. The system is too ill-conditioned for this solver; keeping previous Theta
  [warn] glasso failed at iter 73: Non SPD result: the system is too ill-conditioned for this solver. The system is too ill-conditioned for this solver; keeping previous Theta
  [warn] glasso failed at iter 74: Non SPD result: the system is too ill-conditioned for this solver. The system is too ill-conditioned for this solver; keeping previous Theta
  [warn] glasso failed at iter 75: Non SPD result: the system is too ill-conditioned for this solver. The system is too ill-conditioned for this solver; keeping previous Theta
  [warn] glasso failed at iter 76: Non SPD result: the system is too ill-conditioned for this solver. The system is too ill-conditioned for this solver; keeping previous Theta
  [warn] glasso failed at iter 77: Non SPD result: the system is too ill-conditioned for this solver. The system is too ill-conditioned for this solver; keeping previous Theta
  [warn] glasso failed at iter 78: Non SPD result: the system is too ill-conditioned for this solver. The system is too ill-conditioned for this solver; keeping previous Theta
  [warn] glasso failed at iter 79: Non SPD result: the system is too ill-conditioned for this solver. The system is too ill-conditioned for this solver; keeping previous Theta
  [warn] glasso failed at iter 80: Non SPD result: the system is too ill-conditioned for this solver. The system is too ill-conditioned for this solver; keeping previous Theta
    fp=0.2188 tp=0.4286  [4.4s]  [STALE: glasso failed on 30 EM iters]  [nu->NU_MAX x1491]
   median nu  = 9.193
   median |eta| = 0.0
  rho=0.00180 (25/25)  [extra 5/50]
  [warn] glasso failed at iter 0: Non SPD result: the system is too ill-conditioned for this solver. The system is too ill-conditioned for this solver; keeping previous Theta
  [warn] glasso failed at iter 27: Non SPD result: the system is too ill-conditioned for this solver. The system is too ill-conditioned for this solver; keeping previous Theta
  [warn] glasso failed at iter 29: Non SPD result: the system is too ill-conditioned for this solver. The system is too ill-conditioned for this solver; keeping previous Theta
  [warn] glasso failed at iter 34: Non SPD result: the system is too ill-conditioned for this solver. The system is too ill-conditioned for this solver; keeping previous Theta
  [warn] glasso failed at iter 35: Non SPD result: the system is too ill-conditioned for this solver. The system is too ill-conditioned for this solver; keeping previous Theta
  [warn] glasso failed at iter 41: Non SPD result: the system is too ill-conditioned for this solver. The system is too ill-conditioned for this solver; keeping previous Theta
  [warn] glasso failed at iter 42: Non SPD result: the system is too ill-conditioned for this solver. The system is too ill-conditioned for this solver; keeping previous Theta
  [warn] glasso failed at iter 47: Non SPD result: the system is too ill-conditioned for this solver. The system is too ill-conditioned for this solver; keeping previous Theta
  [warn] glasso failed at iter 56: Non SPD result: the system is too ill-conditioned for this solver. The system is too ill-conditioned for this solver; keeping previous Theta
  [warn] glasso failed at iter 58: Non SPD result: the system is too ill-conditioned for this solver. The system is too ill-conditioned for this solver; keeping previous Theta
  [warn] glasso failed at iter 59: Non SPD result: the system is too ill-conditioned for this solver. The system is too ill-conditioned for this solver; keeping previous Theta
  [warn] glasso failed at iter 60: Non SPD result: the system is too ill-conditioned for this solver. The system is too ill-conditioned for this solver; keeping previous Theta
  [warn] glasso failed at iter 61: Non SPD result: the system is too ill-conditioned for this solver. The system is too ill-conditioned for this solver; keeping previous Theta
  [warn] glasso failed at iter 62: Non SPD result: the system is too ill-conditioned for this solver. The system is too ill-conditioned for this solver; keeping previous Theta
  [warn] glasso failed at iter 63: Non SPD result: the system is too ill-conditioned for this solver. The system is too ill-conditioned for this solver; keeping previous Theta
  [warn] glasso failed at iter 64: Non SPD result: the system is too ill-conditioned for this solver. The system is too ill-conditioned for this solver; keeping previous Theta
  [warn] glasso failed at iter 65: Non SPD result: the system is too ill-conditioned for this solver. The system is too ill-conditioned for this solver; keeping previous Theta
  [warn] glasso failed at iter 66: Non SPD result: the system is too ill-conditioned for this solver. The system is too ill-conditioned for this solver; keeping previous Theta
  [warn] glasso failed at iter 67: Non SPD result: the system is too ill-conditioned for this solver. The system is too ill-conditioned for this solver; keeping previous Theta
  [warn] glasso failed at iter 68: Non SPD result: the system is too ill-conditioned for this solver. The system is too ill-conditioned for this solver; keeping previous Theta
  [warn] glasso failed at iter 69: Non SPD result: the system is too ill-conditioned for this solver. The system is too ill-conditioned for this solver; keeping previous Theta
  [warn] glasso failed at iter 70: Non SPD result: the system is too ill-conditioned for this solver. The system is too ill-conditioned for this solver; keeping previous Theta
    fp=0.2791 tp=0.4835  [3.6s]  [STALE: glasso failed on 22 EM iters]  [nu->NU_MAX x1070]
   median nu  = 8.395
   median |eta| = 0.0
  rho=0.00141 (26/26)  [extra 6/50]
  [warn] glasso failed at iter 21: Non SPD result: the system is too ill-conditioned for this solver. The system is too ill-conditioned for this solver; keeping previous Theta
  [warn] glasso failed at iter 25: Non SPD result: the system is too ill-conditioned for this solver. The system is too ill-conditioned for this solver; keeping previous Theta
  [warn] glasso failed at iter 31: Non SPD result: the system is too ill-conditioned for this solver. The system is too ill-conditioned for this solver; keeping previous Theta
  [warn] glasso failed at iter 32: Non SPD result: the system is too ill-conditioned for this solver. The system is too ill-conditioned for this solver; keeping previous Theta
  [warn] glasso failed at iter 34: Non SPD result: the system is too ill-conditioned for this solver. The system is too ill-conditioned for this solver; keeping previous Theta
  [warn] glasso failed at iter 35: Non SPD result: the system is too ill-conditioned for this solver. The system is too ill-conditioned for this solver; keeping previous Theta
  [warn] glasso failed at iter 40: Non SPD result: the system is too ill-conditioned for this solver. The system is too ill-conditioned for this solver; keeping previous Theta
  [warn] glasso failed at iter 41: Non SPD result: the system is too ill-conditioned for this solver. The system is too ill-conditioned for this solver; keeping previous Theta
  [warn] glasso failed at iter 42: Non SPD result: the system is too ill-conditioned for this solver. The system is too ill-conditioned for this solver; keeping previous Theta
  [warn] glasso failed at iter 48: Non SPD result: the system is too ill-conditioned for this solver. The system is too ill-conditioned for this solver; keeping previous Theta
  [warn] glasso failed at iter 49: Non SPD result: the system is too ill-conditioned for this solver. The system is too ill-conditioned for this solver; keeping previous Theta
  [warn] glasso failed at iter 50: Non SPD result: the system is too ill-conditioned for this solver. The system is too ill-conditioned for this solver; keeping previous Theta
  [warn] glasso failed at iter 54: Non SPD result: the system is too ill-conditioned for this solver. The system is too ill-conditioned for this solver; keeping previous Theta
  [warn] glasso failed at iter 55: Non SPD result: the system is too ill-conditioned for this solver. The system is too ill-conditioned for this solver; keeping previous Theta
  [warn] glasso failed at iter 56: Non SPD result: the system is too ill-conditioned for this solver. The system is too ill-conditioned for this solver; keeping previous Theta
  [warn] glasso failed at iter 57: Non SPD result: the system is too ill-conditioned for this solver. The system is too ill-conditioned for this solver; keeping previous Theta
  [warn] glasso failed at iter 58: Non SPD result: the system is too ill-conditioned for this solver. The system is too ill-conditioned for this solver; keeping previous Theta
  [warn] glasso failed at iter 59: Non SPD result: the system is too ill-conditioned for this solver. The system is too ill-conditioned for this solver; keeping previous Theta
  [warn] glasso failed at iter 60: Non SPD result: the system is too ill-conditioned for this solver. The system is too ill-conditioned for this solver; keeping previous Theta
  [warn] glasso failed at iter 61: Non SPD result: the system is too ill-conditioned for this solver. The system is too ill-conditioned for this solver; keeping previous Theta
  [warn] glasso failed at iter 62: Non SPD result: the system is too ill-conditioned for this solver. The system is too ill-conditioned for this solver; keeping previous Theta
  [warn] glasso failed at iter 63: Non SPD result: the system is too ill-conditioned for this solver. The system is too ill-conditioned for this solver; keeping previous Theta
  [warn] glasso failed at iter 64: Non SPD result: the system is too ill-conditioned for this solver. The system is too ill-conditioned for this solver; keeping previous Theta
  [warn] glasso failed at iter 66: Non SPD result: the system is too ill-conditioned for this solver. The system is too ill-conditioned for this solver; keeping previous Theta
  [warn] glasso failed at iter 67: Non SPD result: the system is too ill-conditioned for this solver. The system is too ill-conditioned for this solver; keeping previous Theta
  [warn] glasso failed at iter 68: Non SPD result: the system is too ill-conditioned for this solver. The system is too ill-conditioned for this solver; keeping previous Theta
  [warn] glasso failed at iter 69: Non SPD result: the system is too ill-conditioned for this solver. The system is too ill-conditioned for this solver; keeping previous Theta
  [warn] glasso failed at iter 70: Non SPD result: the system is too ill-conditioned for this solver. The system is too ill-conditioned for this solver; keeping previous Theta
  [warn] glasso failed at iter 71: Non SPD result: the system is too ill-conditioned for this solver. The system is too ill-conditioned for this solver; keeping previous Theta
  [warn] glasso failed at iter 72: Non SPD result: the system is too ill-conditioned for this solver. The system is too ill-conditioned for this solver; keeping previous Theta
  [warn] glasso failed at iter 73: Non SPD result: the system is too ill-conditioned for this solver. The system is too ill-conditioned for this solver; keeping previous Theta
    fp=0.2809 tp=0.4945  [3.6s]  [STALE: glasso failed on 31 EM iters]  [nu->NU_MAX x1312]
   median nu  = 8.258
   median |eta| = 0.0
  rho=0.00111 (27/27)  [extra 7/50]
  [warn] glasso failed at iter 12: Non SPD result: the system is too ill-conditioned for this solver. The system is too ill-conditioned for this solver; keeping previous Theta
  [warn] glasso failed at iter 22: Non SPD result: the system is too ill-conditioned for this solver. The system is too ill-conditioned for this solver; keeping previous Theta
  [warn] glasso failed at iter 28: Non SPD result: the system is too ill-conditioned for this solver. The system is too ill-conditioned for this solver; keeping previous Theta
  [warn] glasso failed at iter 30: Non SPD result: the system is too ill-conditioned for this solver. The system is too ill-conditioned for this solver; keeping previous Theta
  [warn] glasso failed at iter 31: Non SPD result: the system is too ill-conditioned for this solver. The system is too ill-conditioned for this solver; keeping previous Theta
  [warn] glasso failed at iter 32: Non SPD result: the system is too ill-conditioned for this solver. The system is too ill-conditioned for this solver; keeping previous Theta
  [warn] glasso failed at iter 38: Non SPD result: the system is too ill-conditioned for this solver. The system is too ill-conditioned for this solver; keeping previous Theta
  [warn] glasso failed at iter 40: Non SPD result: the system is too ill-conditioned for this solver. The system is too ill-conditioned for this solver; keeping previous Theta
  [warn] glasso failed at iter 41: Non SPD result: the system is too ill-conditioned for this solver. The system is too ill-conditioned for this solver; keeping previous Theta
  [warn] glasso failed at iter 43: Non SPD result: the system is too ill-conditioned for this solver. The system is too ill-conditioned for this solver; keeping previous Theta
  [warn] glasso failed at iter 44: Non SPD result: the system is too ill-conditioned for this solver. The system is too ill-conditioned for this solver; keeping previous Theta
  [warn] glasso failed at iter 45: Non SPD result: the system is too ill-conditioned for this solver. The system is too ill-conditioned for this solver; keeping previous Theta
  [warn] glasso failed at iter 47: Non SPD result: the system is too ill-conditioned for this solver. The system is too ill-conditioned for this solver; keeping previous Theta
  [warn] glasso failed at iter 50: Non SPD result: the system is too ill-conditioned for this solver. The system is too ill-conditioned for this solver; keeping previous Theta
  [warn] glasso failed at iter 52: Non SPD result: the system is too ill-conditioned for this solver. The system is too ill-conditioned for this solver; keeping previous Theta
  [warn] glasso failed at iter 54: Non SPD result: the system is too ill-conditioned for this solver. The system is too ill-conditioned for this solver; keeping previous Theta
  [warn] glasso failed at iter 55: Non SPD result: the system is too ill-conditioned for this solver. The system is too ill-conditioned for this solver; keeping previous Theta
  [warn] glasso failed at iter 56: Non SPD result: the system is too ill-conditioned for this solver. The system is too ill-conditioned for this solver; keeping previous Theta
  [warn] glasso failed at iter 57: Non SPD result: the system is too ill-conditioned for this solver. The system is too ill-conditioned for this solver; keeping previous Theta
  [warn] glasso failed at iter 58: Non SPD result: the system is too ill-conditioned for this solver. The system is too ill-conditioned for this solver; keeping previous Theta
  [warn] glasso failed at iter 59: Non SPD result: the system is too ill-conditioned for this solver. The system is too ill-conditioned for this solver; keeping previous Theta
  [warn] glasso failed at iter 60: Non SPD result: the system is too ill-conditioned for this solver. The system is too ill-conditioned for this solver; keeping previous Theta
  [warn] glasso failed at iter 61: Non SPD result: the system is too ill-conditioned for this solver. The system is too ill-conditioned for this solver; keeping previous Theta
  [warn] glasso failed at iter 63: Non SPD result: the system is too ill-conditioned for this solver. The system is too ill-conditioned for this solver; keeping previous Theta
  [warn] glasso failed at iter 64: Non SPD result: the system is too ill-conditioned for this solver. The system is too ill-conditioned for this solver; keeping previous Theta
  [warn] glasso failed at iter 68: Non SPD result: the system is too ill-conditioned for this solver. The system is too ill-conditioned for this solver; keeping previous Theta
  [warn] glasso failed at iter 71: Non SPD result: the system is too ill-conditioned for this solver. The system is too ill-conditioned for this solver; keeping previous Theta
  [warn] glasso failed at iter 73: Non SPD result: the system is too ill-conditioned for this solver. The system is too ill-conditioned for this solver; keeping previous Theta
  [warn] glasso failed at iter 74: Non SPD result: the system is too ill-conditioned for this solver. The system is too ill-conditioned for this solver; keeping previous Theta
  [warn] glasso failed at iter 75: Non SPD result: the system is too ill-conditioned for this solver. The system is too ill-conditioned for this solver; keeping previous Theta
  [warn] glasso failed at iter 76: Non SPD result: the system is too ill-conditioned for this solver. The system is too ill-conditioned for this solver; keeping previous Theta
  [warn] glasso failed at iter 77: Non SPD result: the system is too ill-conditioned for this solver. The system is too ill-conditioned for this solver; keeping previous Theta
  [warn] glasso failed at iter 78: Non SPD result: the system is too ill-conditioned for this solver. The system is too ill-conditioned for this solver; keeping previous Theta
  [warn] glasso failed at iter 79: Non SPD result: the system is too ill-conditioned for this solver. The system is too ill-conditioned for this solver; keeping previous Theta
  [warn] glasso failed at iter 80: Non SPD result: the system is too ill-conditioned for this solver. The system is too ill-conditioned for this solver; keeping previous Theta
  [warn] glasso failed at iter 81: Non SPD result: the system is too ill-conditioned for this solver. The system is too ill-conditioned for this solver; keeping previous Theta
  [warn] glasso failed at iter 82: Non SPD result: the system is too ill-conditioned for this solver. The system is too ill-conditioned for this solver; keeping previous Theta
  [warn] glasso failed at iter 83: Non SPD result: the system is too ill-conditioned for this solver. The system is too ill-conditioned for this solver; keeping previous Theta
    fp=0.2591 tp=0.4835  [4.1s]  [STALE: glasso failed on 38 EM iters]  [nu->NU_MAX x1754]
   median nu  = 8.884
   median |eta| = 0.0
  rho=0.00087 (28/28)  [extra 8/50]
  [warn] glasso failed at iter 28: Non SPD result: the system is too ill-conditioned for this solver. The system is too ill-conditioned for this solver; keeping previous Theta
  [warn] glasso failed at iter 29: Non SPD result: the system is too ill-conditioned for this solver. The system is too ill-conditioned for this solver; keeping previous Theta
  [warn] glasso failed at iter 30: Non SPD result: the system is too ill-conditioned for this solver. The system is too ill-conditioned for this solver; keeping previous Theta
  [warn] glasso failed at iter 31: Non SPD result: the system is too ill-conditioned for this solver. The system is too ill-conditioned for this solver; keeping previous Theta
  [warn] glasso failed at iter 36: Non SPD result: the system is too ill-conditioned for this solver. The system is too ill-conditioned for this solver; keeping previous Theta
  [warn] glasso failed at iter 38: Non SPD result: the system is too ill-conditioned for this solver. The system is too ill-conditioned for this solver; keeping previous Theta
  [warn] glasso failed at iter 39: Non SPD result: the system is too ill-conditioned for this solver. The system is too ill-conditioned for this solver; keeping previous Theta
  [warn] glasso failed at iter 40: Non SPD result: the system is too ill-conditioned for this solver. The system is too ill-conditioned for this solver; keeping previous Theta
  [warn] glasso failed at iter 41: Non SPD result: the system is too ill-conditioned for this solver. The system is too ill-conditioned for this solver; keeping previous Theta
  [warn] glasso failed at iter 42: Non SPD result: the system is too ill-conditioned for this solver. The system is too ill-conditioned for this solver; keeping previous Theta
  [warn] glasso failed at iter 44: Non SPD result: the system is too ill-conditioned for this solver. The system is too ill-conditioned for this solver; keeping previous Theta
  [warn] glasso failed at iter 45: Non SPD result: the system is too ill-conditioned for this solver. The system is too ill-conditioned for this solver; keeping previous Theta
  [warn] glasso failed at iter 47: Non SPD result: the system is too ill-conditioned for this solver. The system is too ill-conditioned for this solver; keeping previous Theta
  [warn] glasso failed at iter 48: Non SPD result: the system is too ill-conditioned for this solver. The system is too ill-conditioned for this solver; keeping previous Theta
  [warn] glasso failed at iter 49: Non SPD result: the system is too ill-conditioned for this solver. The system is too ill-conditioned for this solver; keeping previous Theta
  [warn] glasso failed at iter 52: Non SPD result: the system is too ill-conditioned for this solver. The system is too ill-conditioned for this solver; keeping previous Theta
  [warn] glasso failed at iter 54: Non SPD result: the system is too ill-conditioned for this solver. The system is too ill-conditioned for this solver; keeping previous Theta
  [warn] glasso failed at iter 57: Non SPD result: the system is too ill-conditioned for this solver. The system is too ill-conditioned for this solver; keeping previous Theta
  [warn] glasso failed at iter 58: Non SPD result: the system is too ill-conditioned for this solver. The system is too ill-conditioned for this solver; keeping previous Theta
  [warn] glasso failed at iter 64: Non SPD result: the system is too ill-conditioned for this solver. The system is too ill-conditioned for this solver; keeping previous Theta
  [warn] glasso failed at iter 65: Non SPD result: the system is too ill-conditioned for this solver. The system is too ill-conditioned for this solver; keeping previous Theta
  [warn] glasso failed at iter 66: Non SPD result: the system is too ill-conditioned for this solver. The system is too ill-conditioned for this solver; keeping previous Theta
  [warn] glasso failed at iter 67: Non SPD result: the system is too ill-conditioned for this solver. The system is too ill-conditioned for this solver; keeping previous Theta
  [warn] glasso failed at iter 69: Non SPD result: the system is too ill-conditioned for this solver. The system is too ill-conditioned for this solver; keeping previous Theta
  [warn] glasso failed at iter 72: Non SPD result: the system is too ill-conditioned for this solver. The system is too ill-conditioned for this solver; keeping previous Theta
  [warn] glasso failed at iter 73: Non SPD result: the system is too ill-conditioned for this solver. The system is too ill-conditioned for this solver; keeping previous Theta
  [warn] glasso failed at iter 103: Non SPD result: the system is too ill-conditioned for this solver. The system is too ill-conditioned for this solver; keeping previous Theta
  [warn] glasso failed at iter 104: Non SPD result: the system is too ill-conditioned for this solver. The system is too ill-conditioned for this solver; keeping previous Theta
    fp=0.2005 tp=0.3516  [5.2s]  [STALE: glasso failed on 28 EM iters]  [nu->NU_MAX x2816]
   median nu  = 10.0
   median |eta| = 0.0
  rho=0.00068 (29/29)  [extra 9/50]
  [warn] glasso failed at iter 19: Non SPD result: the system is too ill-conditioned for this solver. The system is too ill-conditioned for this solver; keeping previous Theta
  [warn] glasso failed at iter 25: Non SPD result: the system is too ill-conditioned for this solver. The system is too ill-conditioned for this solver; keeping previous Theta
  [warn] glasso failed at iter 31: Non SPD result: the system is too ill-conditioned for this solver. The system is too ill-conditioned for this solver; keeping previous Theta
  [warn] glasso failed at iter 33: Non SPD result: the system is too ill-conditioned for this solver. The system is too ill-conditioned for this solver; keeping previous Theta
  [warn] glasso failed at iter 41: Non SPD result: the system is too ill-conditioned for this solver. The system is too ill-conditioned for this solver; keeping previous Theta
  [warn] glasso failed at iter 42: Non SPD result: the system is too ill-conditioned for this solver. The system is too ill-conditioned for this solver; keeping previous Theta
  [warn] glasso failed at iter 43: Non SPD result: the system is too ill-conditioned for this solver. The system is too ill-conditioned for this solver; keeping previous Theta
  [warn] glasso failed at iter 44: Non SPD result: the system is too ill-conditioned for this solver. The system is too ill-conditioned for this solver; keeping previous Theta
  [warn] glasso failed at iter 45: Non SPD result: the system is too ill-conditioned for this solver. The system is too ill-conditioned for this solver; keeping previous Theta
  [warn] glasso failed at iter 47: Non SPD result: the system is too ill-conditioned for this solver. The system is too ill-conditioned for this solver; keeping previous Theta
  [warn] glasso failed at iter 48: Non SPD result: the system is too ill-conditioned for this solver. The system is too ill-conditioned for this solver; keeping previous Theta
  [warn] glasso failed at iter 49: Non SPD result: the system is too ill-conditioned for this solver. The system is too ill-conditioned for this solver; keeping previous Theta
  [warn] glasso failed at iter 50: Non SPD result: the system is too ill-conditioned for this solver. The system is too ill-conditioned for this solver; keeping previous Theta
    fp=0.3686 tp=0.6813  [2.4s]  [STALE: glasso failed on 13 EM iters]  [nu->NU_MAX x690]
   median nu  = 9.286
   median |eta| = 0.0
  rho=0.00054 (30/30)  [extra 10/50]
  [warn] glasso failed at iter 12: Non SPD result: the system is too ill-conditioned for this solver. The system is too ill-conditioned for this solver; keeping previous Theta
  [warn] glasso failed at iter 20: Non SPD result: the system is too ill-conditioned for this solver. The system is too ill-conditioned for this solver; keeping previous Theta
  [warn] glasso failed at iter 24: Non SPD result: the system is too ill-conditioned for this solver. The system is too ill-conditioned for this solver; keeping previous Theta
  [warn] glasso failed at iter 28: Non SPD result: the system is too ill-conditioned for this solver. The system is too ill-conditioned for this solver; keeping previous Theta
  [warn] glasso failed at iter 29: Non SPD result: the system is too ill-conditioned for this solver. The system is too ill-conditioned for this solver; keeping previous Theta
  [warn] glasso failed at iter 30: Non SPD result: the system is too ill-conditioned for this solver. The system is too ill-conditioned for this solver; keeping previous Theta
  [warn] glasso failed at iter 31: Non SPD result: the system is too ill-conditioned for this solver. The system is too ill-conditioned for this solver; keeping previous Theta
    fp=0.3779 tp=0.7363  [1.8s]  [STALE: glasso failed on 7 EM iters]  [nu->NU_MAX x647]
   median nu  = 9.676
   median |eta| = 0.0
  rho=0.00042 (31/31)  [extra 11/50]
  [warn] glasso failed at iter 18: Non SPD result: the system is too ill-conditioned for this solver. The system is too ill-conditioned for this solver; keeping previous Theta
  [warn] glasso failed at iter 20: Non SPD result: the system is too ill-conditioned for this solver. The system is too ill-conditioned for this solver; keeping previous Theta
  [warn] glasso failed at iter 21: Non SPD result: the system is too ill-conditioned for this solver. The system is too ill-conditioned for this solver; keeping previous Theta
  [warn] glasso failed at iter 22: Non SPD result: the system is too ill-conditioned for this solver. The system is too ill-conditioned for this solver; keeping previous Theta
    fp=0.4583 tp=0.7802  [1.6s]  [STALE: glasso failed on 4 EM iters]  [nu->NU_MAX x548]
   median nu  = 9.988
   median |eta| = 0.0
  rho=0.00033 (32/32)  [extra 12/50]
  [warn] glasso failed at iter 18: Non SPD result: the system is too ill-conditioned for this solver. The system is too ill-conditioned for this solver; keeping previous Theta
    fp=0.4493 tp=0.7582  [1.7s]  [STALE: glasso failed on 1 EM iters]  [nu->NU_MAX x582]
   median nu  = 10.0
   median |eta| = 0.0
  rho=0.00026 (33/33)  [extra 13/50]
  [warn] glasso failed at iter 0: Non SPD result: the system is too ill-conditioned for this solver. The system is too ill-conditioned for this solver; keeping previous Theta
  [warn] glasso failed at iter 1: Non SPD result: the system is too ill-conditioned for this solver. The system is too ill-conditioned for this solver; keeping previous Theta
  [warn] glasso failed at iter 13: Non SPD result: the system is too ill-conditioned for this solver. The system is too ill-conditioned for this solver; keeping previous Theta
  [warn] glasso failed at iter 14: Non SPD result: the system is too ill-conditioned for this solver. The system is too ill-conditioned for this solver; keeping previous Theta
    fp=0.5645 tp=0.8242  [1.2s]  [STALE: glasso failed on 4 EM iters]  [nu->NU_MAX x404]
   median nu  = 10.0
   median |eta| = 0.0
  FPR 0.5645 >= fp_end=0.5; stopping after 33 fits
  [note] 18/33 fits hit a glasso ConvergenceWarning (suppressed)
  [WARN] 16/33 points came from a fit whose glasso failed; those Thetas are stale, not estimates
  grid extended by 13 points down to rho=0.00026, ending at FPR 0.5645
  graphical_lasso rho_max = max|S_ij| (off-diag) = 1.35928
  rho grid: [1.35927571 1.06670517 0.83710751 0.65692847 0.51553117 0.40456822
 0.31748895 0.24915262 0.195525   0.15344019 0.12041372 0.09449587
 0.07415657 0.05819511 0.04566919 0.03583936 0.02812529 0.0220716
 0.01732091 0.01359276]
Running graphical_lasso over 20 rho values, extending until FPR >= 0.5...
  rho=1.35928 (1/20)
    fp=0.0000 tp=0.0000  [0.0s]
  rho=1.06671 (2/20)
    fp=0.0002 tp=0.0000  [0.0s]
  rho=0.83711 (3/20)
    fp=0.0006 tp=0.0110  [0.0s]
  rho=0.65693 (4/20)
    fp=0.0021 tp=0.0220  [5.4s]
  rho=0.51553 (5/20)
    fp=0.0091 tp=0.1209  [5.1s]
  rho=0.40457 (6/20)
    fp=0.0228 tp=0.2198  [5.1s]
  rho=0.31749 (7/20)
    fp=0.0523 tp=0.3407  [5.3s]
  rho=0.24915 (8/20)
    fp=0.1006 tp=0.4835  [0.0s]
  rho=0.19552 (9/20)
