{"mu": {"true": [0.2352754717355683, -0.7961142028066923, 0.652717734106196, 0.7147934431712761, 0.44919543935821005], "estimated": [0.2312211844779276, -0.8015932869077615, 0.5865722638304308, 0.6939387066381854, 0.4296029022152287], "mse": [1.6437245167467557e-05, 3.002036258658963e-05, 0.0043752232380021416, 0.0004349200358646312, 0.00038386751169910456]}, "eta": {"true": [0.03225962023871398, -0.9647567801149257, 0.3199525388300146, -0.406461247549901, -0.2943584117711544], "estimated": [0.033331690819191614, -0.972852412051281, 0.43896112997211034, -0.3646488435844431, -0.24023449004942196], "mse": [1.1493353295256482e-06, 6.553925644893617e-05, 0.014163044765626505, 0.0017482771253706376, 0.002929398902540221]}, "nu": {"true": [0.7587018489400352, 0.423819218919093, 0.5789525679080926, 0.7113000256304444, 0.3722761954136192], "estimated": [0.8590634305283532, 0.4166150454952661, 0.5513647465332695, 0.7059278472954101, 0.41758742861051595], "mse": [0.010072447058908607, 5.1900114720573774e-05, 0.0007610878882091448, 2.8860300063411128e-05, 0.002053107853823556]}, "Theta": {"true": [[2.0, 0.5, 0.0, 0.0, 0.0], [0.5, 2.0, 0.5, 0.0, 0.0], [0.0, 0.5, 2.0, 0.5, 0.0], [0.0, 0.0, 0.5, 2.0, 0.5], [0.0, 0.0, 0.0, 0.5, 2.0]], "estimated": [[2.0150822812985085, 0.5046701965848924, -0.012270928640557682, 0.0, 0.007515690486604065], [0.5046701965848924, 1.9780502289979063, 0.5271007230295874, 0.0, 0.014621528251886121], [-0.012270928640557682, 0.5271007230295874, 2.0600406296478257, 0.4752636884877667, 0.0], [0.0, 0.0, 0.4752636884877667, 2.0201459555263153, 0.4987884366040142], [0.007515690486604065, 0.014621528251886121, 0.0, 0.4987884366040142, 2.0983004485532373]], "mse": 0.13402950859307797}}