{"mu": {"true": [-0.34972327788666924, 0.7415297532763887, 0.037917706129260376, -0.9391366810602408, -0.3071449661119712], "estimated": [-0.31055335885150287, 0.8488137839247256, 0.03111243678860155, -0.8973574768192726, -0.29617327993723574], "mse": [0.0015342825572214884, 0.011509863232153294, 4.6311690798911025e-05, 0.00174550190700854, 0.00012037789751688055]}, "eta": {"true": [0.19086218151906764, 0.6179932779669657, -0.961396351295648, -0.7883143505128187, 0.5733760490653954], "estimated": [0.0517449834390997, 0.11381399935538032, -0.9792267917258057, -0.7672480411033955, 0.34204662280991716], "mse": [0.01935359480162104, 0.2541967449812987, 0.00031792460593340195, 0.00044378939213355343, 0.053513303451688754]}, "nu": {"true": [0.27947739562269586, 0.2069516125590754, 0.20648582064655663, 0.7779005041042167, 0.179805300920187], "estimated": [0.2793227578952155, 0.2887011263590598, 0.20895242776298364, 0.81311339942061, 0.24217952796955394], "mse": [2.3912826760292172e-08, 0.006682983006533841, 6.084150666808401e-06, 0.0012399479965632708, 0.003890544200005977]}, "Theta": {"true": [[2.0, 0.5, 0.0, 0.0, 0.0], [0.5, 2.0, 0.5, 0.0, 0.0], [0.0, 0.5, 2.0, 0.5, 0.0], [0.0, 0.0, 0.5, 2.0, 0.5], [0.0, 0.0, 0.0, 0.5, 2.0]], "estimated": [[1.9511999270477758, 0.5375560403549551, 0.0, 0.04067451401135655, 0.014426006031317695], [0.5375560403549551, 2.075460959922769, 0.5175958530506596, -0.06550382331551997, 0.003259280482601072], [0.0, 0.5175958530506596, 1.967562723683965, 0.4055824793917519, 0.015061231713423634], [0.04067451401135655, -0.06550382331551997, 0.4055824793917519, 2.010308024386356, 0.4354482472455754], [0.014426006031317695, 0.003259280482601072, 0.015061231713423634, 0.4354482472455754, 1.9949803145169789]], "mse": 0.22725370826664854}}