{"mu": {"true": [1.0, -2.0, 0.5, 0.3, 3.0], "estimated": [1.018427058723906, -2.105671756240433, 0.5313725179698618, 0.4536971627068266, 2.869725549420198], "mse": [0.0003395564932142777, 0.011166520066937493, 0.0009842348837693045, 0.023622817824128728, 0.01697143247386925]}, "eta": {"true": [1.5, -1.0, 0.3, 2.0, -1.5], "estimated": [1.547107624596881, -0.7086287885214481, 0.23795213654779024, 1.211537886075332, -1.1314101300246016], "mse": [0.0022191282951606575, 0.08489718287847904, 0.0038499373589840663, 0.621672505094556, 0.13585849224848112]}, "nu": {"true": [0.3924164552282289, 0.6096119953793921, 0.7647487382149362, 0.2649041797215391, 0.21322805155573388], "estimated": [0.377098915225932, 0.7031387468453344, 0.8559101142456964, 0.3203329108210265, 0.19848232333750793], "mse": [0.00023462703172196582, 0.008747253239772131, 0.008310396479821668, 0.0030723442312992786, 0.00021743650068578506]}, "Theta": {"true": [[2.0, 0.5, 0.0, 0.0, 0.0], [0.5, 2.0, 0.5, 0.0, 0.0], [0.0, 0.5, 2.0, 0.5, 0.0], [0.0, 0.0, 0.5, 2.0, 0.5], [0.0, 0.0, 0.0, 0.5, 2.0]], "estimated": [[1.865638701715628, 0.4777001148239989, -0.007312861110874538, 0.0019531637599892538, -0.01698220988148776], [0.4777001148239989, 2.0114020055772603, 0.506312140549631, 0.0, 0.017109797328048834], [-0.007312861110874538, 0.506312140549631, 2.0987999070367658, 0.4549614639575946, 0.0], [0.0019531637599892538, 0.0, 0.4549614639575946, 1.9775176163177706, 0.5088773967112574], [-0.01698220988148776, 0.017109797328048834, 0.0, 0.5088773967112574, 2.00888093986641]], "mse": 0.18733497567401505}}