{"mu": {"true": [-0.28583937585889485, -0.6186635344303388, -0.27219160080059646, 0.38923451725286085, 0.8353056073487024], "estimated": [-0.20915067687758168, -0.6263673154266786, -0.25096795846669007, 0.3445777366040071, 0.6817819955442367], "mse": [0.005881156551446463, 5.934824163956511e-05, 0.00045044299391758344, 0.0019942280579198393, 0.023569499381488286]}, "eta": {"true": [0.08317585300877472, 0.48650828160539605, -0.33579149965304245, 0.26668160072287916, -0.21007217628291563], "estimated": [-0.1033387868248874, 0.5022930509782585, -0.43364772347261676, 0.3360213906851532, 0.5506886889907082], "mse": [0.0347877108722807, 0.0002491589441544561, 0.009575840540226624, 0.0048080064720122774, 0.5787570941318728]}, "nu": {"true": [0.34508642567912096, 0.6473186408091225, 0.4574834270596597, 0.8359802421210193, 0.16958929196954858], "estimated": [0.3538580573327479, 0.6549944067290524, 0.39673645559629034, 0.7919166226686438, 0.18990517279674646], "mse": [7.694152186690995e-05, 5.891738245755747e-05, 0.003690194541971414, 0.0019416025592437617, 0.00041273501378490617]}, "Theta": {"true": [[2.0, 0.5, 0.0, 0.0, 0.0], [0.5, 2.0, 0.5, 0.0, 0.0], [0.0, 0.5, 2.0, 0.5, 0.0], [0.0, 0.0, 0.5, 2.0, 0.5], [0.0, 0.0, 0.0, 0.5, 2.0]], "estimated": [[2.0516285280671536, 0.47378077345507286, 0.0, 0.0, 0.0], [0.47378077345507286, 2.0057298222345046, 0.504906044782326, 0.0, 0.04225553613854515], [0.0, 0.504906044782326, 2.0155149535321444, 0.49667841156395165, -0.01479135542077837], [0.0, 0.0, 0.49667841156395165, 2.0222739020427807, 0.5023337264243549], [0.0, 0.04225553613854515, -0.01479135542077837, 0.5023337264243549, 2.020879391923045]], "mse": 0.09662166953772124}}