{
    "mu": {
        "true": [1.0, -2.0, 0.5, 0.3, 3.0],
        "estimated": [
            1.2852532,
            -2.18795185,
            0.4801332,
            0.39762721,
            2.86616884
        ],
        "mse": [
            0.08136939,
            0.0353259,
            0.00039469,
            0.00953107,
            0.01791078
        ]
    },
    "eta": {
        "true": [1.5, -1.0, 0.3, 2.0, -1.5],
        "estimated": [
            1.02818869,
            -0.27847717,
            0.3392192,
            0.77832937,
            -1.28950675
        ],
        "mse": [
            0.22260592,
            0.52059519,
            0.00153815,
            1.49247912,
            0.04430741
        ]
    },
    "nu": {
        "true": [
            0.88701573,
            0.22206065,
            0.347401,
            0.11719775,
            0.70067899
        ],
        "estimated": [
            1.00399472,
            0.20655868,
            0.36405716,
            0.15863189,
            0.73517186
        ],
        "mse": [
            0.01368408,
            0.00024031,
            0.00027743,
            0.00171679,
            0.00118976
        ]
    },
    "Theta": {
        "true": [
            [2.0, 0.5, 0.0, 0.0, 0.0],
            [0.5, 2.0, 0.5, 0.0, 0.0],
            [0.0, 0.5, 2.0, 0.5, 0.0],
            [0.0, 0.0, 0.5, 2.0, 0.5],
            [0.0, 0.0, 0.0, 0.5, 2.0]
        ],
        "estimated": [
            [1.62134826, 0.35061657, 0.00173954053, -0.00521983249, 0.00224236307],
            [0.35061657, 1.89685996, 0.502330101, 0.0389893731, -0.00302504959],
            [0.00173954053, 0.502330101, 1.96300824, 0.528258801, -0.0119284799],
            [-0.00521983249, 0.0389893731, 0.528258801, 2.04383208, 0.424163495],
            [0.00224236307, -0.00302504959, -0.0119284799, 0.424163495, 1.83712809]
        ],
        "mse": 0.49496149202764783
    }
}