{
    "mu": {
        "true": [1.0, -2.0, 0.5, 0.3, 3.0],
        "estimated": [
            1.31944119,
            -2.1871611,
            0.65028418,
            0.55229942,
            2.72575924
        ],
        "mse": [
            0.10204267,
            0.03502928,
            0.02258534,
            0.063655,
            0.075208
        ]
    },
    "eta": {
        "true": [1.5, -1.0, 0.3, 2.0, -1.5],
        "estimated": [
            0.76889909,
            -0.10987008,
            0.03524486,
            0.08092207,
            -0.8063999
        ],
        "mse": [
            0.53450855,
            0.79233128,
            0.07009528,
            3.68286009,
            0.48108109
        ]
    },
    "nu": {
        "true": [
            0.69262466,
            0.24748848,
            0.54364528,
            0.13394776,
            0.61799857
        ],
        "estimated": [
            0.90776176,
            0.57799113,
            1.06372393,
            0.42598675,
            0.79934964
        ],
        "mse": [
            0.04628397,
            0.109232,
            0.27048181,
            0.08528678,
            0.03288821
        ]
    },
    "Theta": {
        "true": [
            [2.0, 0.5, 0.0, 0.0, 0.0],
            [0.5, 2.0, 0.5, 0.0, 0.0],
            [0.0, 0.5, 2.0, 0.5, 0.0],
            [0.0, 0.0, 0.5, 2.0, 0.5],
            [0.0, 0.0, 0.0, 0.5, 2.0]
        ],
        "estimated": [
            [1.84474671, 0.27862651, -0.02449147, 0.00735008, 0.02385649],
            [0.27862651, 2.22326158, 0.51020094, 0.00962186, 0.0],
            [-0.02449147, 0.51020094, 2.46787326, 0.51098085, -0.03233916],
            [0.00735008, 0.00962186, 0.51098085, 2.14848513, 0.31428532],
            [0.02385649, 0.0, -0.03233916, 0.31428532, 1.90125428]
        ],
        "mse": 0.7048529195254412
    }
}