{
    "mu": {
        "true": [1.0, -2.0, 0.5, 0.3, 3.0],
        "estimated": [
            0.85554534,
            -2.06025506,
            0.53768214,
            -1.48928779,
            3.04883526
        ],
        "mse": [
            0.02086715,
            0.00363067245,
            0.00141994376,
            3.20155078,
            0.00238488218
        ]
    },
    "eta": {
        "true": [1.5, -1.0, 0.3, 2.0, -1.5],
        "estimated": [
            1.77038507,
            -0.64998796,
            0.19287568,
            14.51841274,
            -1.98204358
        ],
        "mse": [
            0.0731080839,
            0.122508426,
            0.01147562,
            156.710657,
            0.232366013
        ]
    },
    "nu": {
        "true": [
            0.34301927,
            0.44862361,
            0.53320648,
            0.47344735,
            0.24154261
        ],
        "estimated": [
            0.35673749,
            0.56976659,
            0.68108637,
            0.18776704,
            0.21148456
        ],
        "mse": [
            0.00018819,
            0.01467562,
            0.02186846,
            0.08161324,
            0.00090349
        ]
    },
    "Theta": {
        "true": [
            [2.0, 0.5, 0.0, 0.0, 0.0],
            [0.5, 2.0, 0.5, 0.0, 0.0],
            [0.0, 0.5, 2.0, 0.5, 0.0],
            [0.0, 0.0, 0.5, 2.0, 0.5],
            [0.0, 0.0, 0.0, 0.5, 2.0]
        ],
        "estimated": [
            [2.14222713, 0.33912436, 0.0, 0.0, 0.0],
            [0.33912436, 2.13758742, 0.43881317, 0.0, 0.0],
            [0.0, 0.43881317, 1.97918191, 0.25567193, -0.11964298],
            [0.0, 0.0, 0.25567193, 4.16938137, 0.25195282],
            [0.0, 0.0, -0.11964298, 0.25195282, 1.93533666]
        ],
        "mse": 2.253955372014865
    }
}