{"mu": {"true": [1.0, -2.0, 0.5, 0.3, 3.0], "estimated": [1.1547378440960416, -1.9795524567534792, 0.4573635412115527, 0.41695554525162554, 3.0155220318483322], "mse": [0.023943800395490888, 0.0004181020248183368, 0.0018178676180189647, 0.013678599565105032, 0.00024093347270064006]}, "eta": {"true": [1.5, -1.0, 0.3, 2.0, -1.5], "estimated": [0.93235301237444, -1.13166994442302, 0.3471824041052276, 1.7558987317923165, -0.5425235268805376], "mse": [0.3222231025603727, 0.017336974264361187, 0.0022261792571489996, 0.059585429140599444, 0.9167611965772846]}, "nu": {"true": [0.29159132304144253, 0.3393853057335497, 0.5423363746613279, 0.817872902287675, 0.08173727965396922], "estimated": [0.3182832916825864, 0.3235460498710539, 0.5231267666594364, 0.8566896518529631, 0.21326809321911824], "mse": [0.0007124611899398078, 0.0002508820262776074, 0.00036900903958633514, 0.0015067400468142965, 0.017300354917109986]}, "Theta": {"true": [[2.0, 0.5, 0.0, 0.0, 0.0], [0.5, 2.0, 0.5, 0.0, 0.0], [0.0, 0.5, 2.0, 0.5, 0.0], [0.0, 0.0, 0.5, 2.0, 0.5], [0.0, 0.0, 0.0, 0.5, 2.0]], "estimated": [[1.9788397843759817, 0.4672231623971149, 0.0, 0.03511412990758473, 0.0], [0.4672231623971149, 1.9243181884894902, 0.43301409473914493, 0.014360177664030707, 0.002374556167946009], [0.0, 0.43301409473914493, 1.931625009275017, 0.46061512939744725, -0.018961127479896995], [0.03511412990758473, 0.014360177664030707, 0.46061512939744725, 1.832788113311731, 0.4302146111520368], [0.0, 0.002374556167946009, -0.018961127479896995, 0.4302146111520368, 2.1288077324894235]], "mse": 0.28805527124869423}}