{"mu": {"true": [0.20167463286909304, -0.7564956876785474, 0.7583435312245834, -0.8403180051921428, -0.6818219830354084], "estimated": [0.19197595552490454, -0.7509992713073279, 0.7727445819838421, -0.9278062529373778, -0.7808530949539199], "mse": [9.406434222667529e-05, 3.0210592925809166e-05, 0.00020739026297074507, 0.007654193493531618, 0.009807161127816738]}, "eta": {"true": [-0.4127881986550177, 0.3930347624632995, 0.05457803301629971, 0.8194225402553359, -0.2723493848297176], "estimated": [-0.41197267927790776, 0.35656065863910574, 0.046875739102252074, 1.067441097276467, 0.08017030436095104], "mse": [6.650718544417864e-07, 0.001330360249778065, 5.9325331538375236e-05, 0.061513204626844044, 0.12427013126708564]}, "nu": {"true": [0.6281251256515022, 0.7274823700832608, 0.475873817731857, 0.5778291881836295, 0.24468622124042783], "estimated": [0.6197493273062766, 0.7674565393526291, 0.4453469204022692, 0.5176014082885767, 0.2911996459518298], "mse": [7.015399791988417e-05, 0.001597934208776114, 0.0009318914605711947, 0.003627385471086925, 0.0021634986783832587]}, "Theta": {"true": [[2.0, 0.5, 0.0, 0.0, 0.0], [0.5, 2.0, 0.5, 0.0, 0.0], [0.0, 0.5, 2.0, 0.5, 0.0], [0.0, 0.0, 0.5, 2.0, 0.5], [0.0, 0.0, 0.0, 0.5, 2.0]], "estimated": [[2.0325531720491954, 0.5418213875180025, 0.0, -0.010482577519495493, 0.018280027933494182], [0.5418213875180025, 2.0510838440651993, 0.5470080990940227, 0.006058525487468392, -0.014820445938277265], [0.0, 0.5470080990940227, 1.9485433889976544, 0.5337003087311426, -0.016592017462526684], [-0.010482577519495493, 0.006058525487468392, 0.5337003087311426, 1.9724181461454477, 0.4624881760948008], [0.018280027933494182, -0.014820445938277265, -0.016592017462526684, 0.4624881760948008, 2.016831523161198]], "mse": 0.14938462245551093}}