{"mu": {"true": [8.659548134025536, 9.128476592117956, 7.823041855226452, 7.555088367532807, 5.45190573907689], "estimated": [8.741685381725885, 9.184420904965673, 7.8573499343520945, 7.620657831059602, 5.522964930924401], "mse": [0.006746527459788419, 0.0031297661400033145, 0.0011770442932913306, 0.004299354547191662, 0.005049408746021275]}, "eta": {"true": [0.594902881250641, 0.403367962976392, 0.0008885154797204642, 0.4055195032597245, 0.9044693450422459], "estimated": [0.4681097590183639, 0.32892779736334926, -0.12480124266664024, 0.30821775929763884, 0.4965870633115293], "mse": [0.016076495845409152, 0.0055413382564972295, 0.015797915302890642, 0.009467629378063279, 0.16636795574985563]}, "nu": {"true": [0.4918724877233389, 0.7715041574704694, 0.2545462064156149, 0.7065514965990378, 0.20837649135297268], "estimated": [0.49618650064401365, 0.8100965762652139, 0.3365275339083665, 0.7822020310167842, 0.23213693795610993], "mse": [1.8610707479748572e-05, 0.0014893747884289492, 0.006720938057473791, 0.0057230033576906305, 0.0005645588227805366]}, "Theta": {"true": [[2.0, 0.5, 0.0, 0.0, 0.0], [0.5, 2.0, 0.5, 0.0, 0.0], [0.0, 0.5, 2.0, 0.5, 0.0], [0.0, 0.0, 0.5, 2.0, 0.5], [0.0, 0.0, 0.0, 0.5, 2.0]], "estimated": [[1.9537728254356248, 0.46736393477059385, -0.0030410549344356873, -0.02745862510103542, 0.0006795099946966793], [0.46736393477059385, 1.9424555848223393, 0.4670356553397436, 0.018384877805114976, 0.0], [-0.0030410549344356873, 0.4670356553397436, 2.036794621519707, 0.5300960157604313, -0.0066937080255063345], [-0.02745862510103542, 0.018384877805114976, 0.5300960157604313, 2.007967029894298, 0.48701414924027486], [0.0006795099946966793, 0.0, -0.0066937080255063345, 0.48701414924027486, 1.9908540167073896]], "mse": 0.12527807170446326}}